Date,Symbol,Company,Open,High,Low,Close,PrevClose,DailyReturnPct,DailyRange,RangePct,GapPct,Volume,TradedValue,Trades
2026-03-08 00:00:00,PCJEWELLER,PC JEWELLER LTD,9.32,9.77,9.23,9.64,9.26,4.10,0.54,5.79,0.65,252990519,2429392555.05,90985
2026-03-08 00:00:00,IDEA,VODAFONE IDEA LIMITED,13.01,13.11,12.82,12.86,13.01,-1.15,0.29,2.23,0.00,235409728,3055463550.66,247868
2026-03-08 00:00:00,JPPOWER,JAIPRAKASH POWER VEN. LTD,18.59,19.28,18.31,18.76,18.29,2.57,0.97,5.22,1.64,197024299,3734467003.36,113139
2026-03-08 00:00:00,JINDWORLD,JINDAL WORLDWIDE LTD,37.91,42.40,37.63,40.41,38.34,5.40,4.77,12.58,-1.12,123958484,5085617362.03,226240
2026-03-08 00:00:00,ZEEL,ZEE ENTERTAINMENT ENT LTD,103.00,106.70,95.55,98.14,114.55,-14.33,11.15,10.83,-10.08,107649848,10920888070.34,307206
2026-03-08 00:00:00,CCAVENUE,AVENUESAI LIMITED,16.04,18.05,15.92,17.43,15.85,9.97,2.13,13.28,1.20,95564917,1641509170.14,100946
2026-03-08 00:00:00,URBANCO,URBAN COMPANY LIMITED,136.33,152.21,136.30,146.19,129.39,12.98,15.91,11.67,5.36,92834272,13675257140.71,437214
2026-03-08 00:00:00,PINELABS,PINE LABS LIMITED,141.24,153.40,139.61,152.17,138.97,9.50,13.79,9.76,1.63,71026387,10650171595.98,287732
2026-03-08 00:00:00,GTLINFRA,GTL INFRA.LTD,1.24,1.34,1.23,1.31,1.23,6.50,0.11,8.87,0.81,69477266,90251868.54,16218
2026-03-08 00:00:00,REDINGTON,REDINGTON LIMITED,320.50,357.80,319.50,347.85,321.65,8.15,38.30,11.95,-0.36,69118282,23852283269.60,492929
2026-03-08 00:00:00,SUZLON,SUZLON ENERGY LIMITED,48.20,49.30,48.08,48.10,48.01,0.19,1.22,2.53,0.40,55317614,2700832468.38,108273
2026-03-08 00:00:00,ASHOKLEY,ASHOK LEYLAND LTD,169.28,175.00,169.13,174.55,166.18,5.04,5.87,3.47,1.87,47817945,8277104966.59,211720
2026-03-08 00:00:00,VISL,VEDANTA IRON AND STEEL L,32.80,33.89,31.88,33.89,32.28,4.99,2.01,6.13,1.61,46832885,1542218432.62,54002
2026-03-08 00:00:00,ITC,ITC LTD,284.45,292.55,283.00,287.00,281.00,2.14,9.55,3.36,1.23,45392755,13120068403.80,397056
2026-03-08 00:00:00,GATECH,GACM TECHNOLOGIES LIMITED,0.75,0.75,0.74,0.75,0.69,8.70,0.01,1.33,8.70,43550740,32634734.92,2137
2026-03-08 00:00:00,RATNAVEER,RATNAVEER PRECISION ENG L,184.99,212.20,184.43,205.79,181.38,13.46,27.77,15.01,1.99,39358650,8080659731.63,245834
2026-03-08 00:00:00,HFCL,HFCL LIMITED,196.95,203.61,195.70,202.52,193.92,4.43,7.91,4.02,1.56,39140552,7889481523.90,116664
2026-03-08 00:00:00,GAIL,GAIL (INDIA) LTD,182.10,182.38,172.15,174.30,181.44,-3.94,10.23,5.62,0.36,37607447,6556486054.00,166524
2026-03-08 00:00:00,JIOFIN,JIO FIN SERVICES LTD,260.00,266.95,256.30,263.00,256.46,2.55,10.65,4.10,1.38,36582683,9571818101.80,177781
2026-03-08 00:00:00,YESBANK,YES BANK LIMITED,22.80,23.00,22.75,23.00,22.77,1.01,0.25,1.10,0.13,35072952,802110673.51,58792
2026-03-08 00:00:00,GROWW,BILLIONBRAINS GARAGE VN L,195.35,195.35,190.60,192.60,194.37,-0.91,4.75,2.43,0.50,33125267,6373248450.38,181065
2026-03-08 00:00:00,RPOWER,RELIANCE POWER LTD.,23.56,24.57,23.56,23.87,23.41,1.96,1.01,4.29,0.64,31020819,750106831.06,47397
2026-03-08 00:00:00,SHADOWFAX,SHADOWFAX TECHNOLOGIES L,253.09,261.50,237.15,240.78,242.90,-0.87,24.35,9.62,4.20,29699377,7290826909.89,261719
2026-03-08 00:00:00,TATSILV,TATAAML-TATSILV,20.99,21.17,20.83,20.98,20.99,-0.05,0.34,1.62,0.00,29146967,613279255.98,64965
2026-03-08 00:00:00,TATASTEEL,TATA STEEL LIMITED,192.94,193.50,188.49,191.00,189.69,0.69,5.01,2.60,1.71,27563681,5247880994.50,196348
2026-03-08 00:00:00,ETERNAL,ETERNAL LIMITED,303.50,310.90,300.05,310.50,302.45,2.66,10.85,3.57,0.35,26906290,8253870643.10,138259
2026-03-08 00:00:00,VOGL,VEDANTA OIL AND GAS LTD,35.90,35.96,35.10,35.24,35.54,-0.84,0.86,2.40,1.01,25163239,893260071.62,47806
2026-03-08 00:00:00,EASEMYTRIP,EASY TRIP PLANNERS LTD,6.66,6.74,6.59,6.60,6.61,-0.15,0.15,2.25,0.76,21818045,144992938.25,12443
2026-03-08 00:00:00,NHPC,NHPC LTD,78.50,80.70,78.50,79.25,78.73,0.66,2.20,2.80,-0.29,21147708,1690130507.69,38170
2026-03-08 00:00:00,OLAELEC,OLA ELECTRIC MOBILITY LTD,38.66,39.18,38.50,38.74,38.66,0.21,0.68,1.76,0.00,20929717,814352114.54,52344
2026-03-08 00:00:00,SWIGGY,SWIGGY LIMITED,284.80,288.90,277.10,288.00,284.86,1.10,11.80,4.14,-0.02,20781750,5901513946.10,103419
2026-03-08 00:00:00,IFCI,IFCI LTD,77.30,79.20,76.92,77.31,76.54,1.01,2.28,2.95,0.99,20352925,1584218740.93,51969
2026-03-08 00:00:00,VEDPOWER,VEDANTA POWER LIMITED,34.90,35.64,34.45,35.20,34.52,1.97,1.19,3.41,1.10,18829447,660376428.35,45201
2026-03-08 00:00:00,SAGILITY,SAGILITY LIMITED,43.50,44.58,43.11,43.88,43.40,1.11,1.47,3.38,0.23,18555073,815619948.10,38192
2026-03-08 00:00:00,NMDC,NMDC LTD.,85.60,85.84,83.05,83.80,85.04,-1.46,2.79,3.26,0.66,18494856,1554834278.41,65761
2026-03-08 00:00:00,IEX,INDIAN ENERGY EXC LTD,133.00,133.80,126.01,128.00,132.24,-3.21,7.79,5.86,0.57,18350173,2353078630.78,105970
2026-03-08 00:00:00,CANBK,CANARA BANK,125.95,127.59,125.50,127.10,124.98,1.70,2.09,1.66,0.78,18180646,2307424542.68,84292
2026-03-08 00:00:00,RTNPOWER,RATTANINDIA POWER LIMITED,8.75,8.95,8.67,8.80,8.71,1.03,0.28,3.20,0.46,18178783,160209829.23,15015
2026-03-08 00:00:00,IOC,INDIAN OIL CORP LTD,142.52,145.20,142.38,143.70,140.17,2.52,2.82,1.98,1.68,17986947,2581441355.91,81731
2026-03-08 00:00:00,MOTHERSON,SAMVRDHNA MTHRSN INTL LTD,152.90,155.01,152.03,155.01,150.75,2.83,2.98,1.95,1.43,17765051,2730734320.85,89090
2026-03-08 00:00:00,MANAPPURAM,MANAPPURAM FINANCE LTD,364.00,371.00,357.30,365.00,371.85,-1.84,13.70,3.76,-2.11,17549652,6385774007.30,184606
2026-03-08 00:00:00,KWIL,KWALITY WALL'S (INDIA) L,31.19,33.42,30.94,33.16,30.91,7.28,2.48,7.95,0.91,17265472,565398227.82,34930
2026-03-08 00:00:00,MOBIKWIK,ONE MOBIKWIK SYSTEMS LTD,207.95,222.80,206.10,214.77,205.21,4.66,16.70,8.03,1.34,17160792,3703651872.65,172794
2026-03-08 00:00:00,TMCV,TATA MOTORS LIMITED,440.00,455.15,434.55,452.50,436.80,3.59,20.60,4.68,0.73,17112543,7693425670.40,249132
2026-03-08 00:00:00,WIPRO,WIPRO LTD,184.02,189.81,184.02,188.66,183.65,2.73,5.79,3.15,0.20,15840516,2955709890.07,89377
2026-03-08 00:00:00,KALYANKJIL,KALYAN JEWELLERS IND LTD,616.35,623.40,602.55,608.00,612.60,-0.75,20.85,3.38,0.61,15638729,9560273125.65,129745
2026-03-08 00:00:00,HDFCBANK,HDFC BANK LTD,753.05,756.85,750.05,753.00,748.15,0.65,6.80,0.90,0.65,14827841,11164788358.50,392396
2026-03-08 00:00:00,UTKARSHBNK,UTKARSH SMALL FIN BANK L,15.00,15.14,14.30,14.56,14.62,-0.41,0.84,5.60,2.60,14520349,212498663.08,29183
2026-03-08 00:00:00,ABCAPITAL,ADITYA BIRLA CAPITAL LTD.,410.00,430.70,410.00,424.35,404.30,4.96,20.70,5.05,1.41,14133770,5989442724.55,136186
2026-03-08 00:00:00,HCC,HINDUSTAN CONSTRUCTION CO,21.60,22.00,21.51,21.81,21.44,1.73,0.49,2.27,0.75,13986818,305348163.76,16684
2026-03-08 00:00:00,FILATEX,FILATEX INDIA LTD,74.13,79.00,72.69,76.70,73.52,4.33,6.31,8.51,0.83,13952850,1072656683.38,57096
2026-03-08 00:00:00,ADANIPOWER,ADANI POWER LTD,211.80,215.11,211.15,213.65,211.31,1.11,3.96,1.87,0.23,13859607,2952130842.31,81285
2026-03-08 00:00:00,BAJFINANCE,BAJAJ FINANCE LIMITED,1176.30,1176.40,1140.20,1153.00,1141.20,1.03,36.20,3.08,3.08,13758012,15941654317.20,222678
2026-03-08 00:00:00,UJJIVANSFB,UJJIVAN SMALL FINANC BANK,72.89,73.10,71.00,71.14,71.75,-0.85,2.10,2.88,1.59,13435710,969924693.71,44012
2026-03-08 00:00:00,TFCILTD,TOURISM FINANCE CORP. OF,103.10,107.25,103.10,105.62,101.87,3.68,4.15,4.03,1.21,13190800,1398052377.53,28817
2026-03-08 00:00:00,IDFCFIRSTB,IDFC FIRST BANK LIMITED,85.31,86.50,84.69,86.00,84.68,1.56,1.81,2.12,0.74,12814087,1094696303.85,53877
2026-03-08 00:00:00,SPORTKING,SPORTKING INDIA LIMITED,225.99,241.51,220.10,229.63,201.26,14.10,21.41,9.47,12.29,12667361,2963962935.52,101871
2026-03-08 00:00:00,NATIONALUM,NATIONAL ALUMINIUM CO LTD,357.95,369.00,353.50,369.00,350.05,5.41,15.50,4.33,2.26,12541474,4519335456.35,86960
2026-03-08 00:00:00,VMM,VISHAL MEGA MART LIMITED,107.65,111.39,107.11,111.20,107.10,3.83,4.28,3.98,0.51,12521867,1381341997.70,45565
2026-03-08 00:00:00,NOCIL,NOCIL LIMITED,165.25,184.00,165.25,174.05,164.17,6.02,18.75,11.35,0.66,12374720,2196493977.31,107642
2026-03-08 00:00:00,SAIL,STEEL AUTHORITY OF INDIA,170.60,172.70,165.00,165.00,169.03,-2.38,7.70,4.51,0.93,12154369,2069858141.44,72850
2026-03-08 00:00:00,PNB,PUNJAB NATIONAL BANK,113.01,114.47,112.66,113.00,112.71,0.26,1.81,1.60,0.27,12088257,1373386638.40,47490
2026-03-08 00:00:00,TMPV,TATA MOTORS PASS VEH LTD,344.50,350.45,343.50,349.30,339.75,2.81,6.95,2.02,1.40,12027810,4181654056.95,112136
2026-03-08 00:00:00,INOXWIND,INOX WIND LIMITED,78.90,81.14,78.54,78.90,78.14,0.97,2.60,3.30,0.97,11919807,951504259.44,39978
2026-03-08 00:00:00,MEESHO,MEESHO LIMITED,182.19,192.77,180.26,191.57,182.19,5.15,12.51,6.87,0.00,11827508,2242087128.93,60108
2026-03-08 00:00:00,IRFC,INDIAN RAILWAY FIN CORP L,89.50,90.85,89.42,90.25,89.15,1.23,1.43,1.60,0.39,11813006,1066691375.98,51917
2026-03-08 00:00:00,MAHABANK,BANK OF MAHARASHTRA,80.00,80.76,78.97,79.57,79.33,0.30,1.79,2.24,0.84,11500933,917888499.23,69474
2026-03-08 00:00:00,CUPID,CUPID LIMITED,231.50,234.38,229.00,230.95,230.62,0.14,5.38,2.32,0.38,11488664,2667878991.36,67980
2026-03-08 00:00:00,KOTAKBANK,KOTAK MAHINDRA BANK LTD,392.00,397.50,391.05,397.50,390.30,1.84,6.45,1.65,0.44,11247062,4422396675.35,198837
2026-03-08 00:00:00,ABFRL,ADITYA BIRLA FASHION & RT,60.69,62.95,60.15,62.41,60.24,3.60,2.80,4.61,0.75,10947431,678829564.93,49225
2026-03-08 00:00:00,LLOYDSENGG,LLOYDS ENGG WORK LIMITED,89.20,92.50,88.72,91.84,88.66,3.59,3.78,4.24,0.61,10908467,995736961.47,37178
2026-03-08 00:00:00,MOSMALL250,MOTILALAMC - MOSMALL250,18.13,18.27,16.20,17.89,18.05,-0.89,2.07,11.42,0.44,10512377,191181736.54,3773
2026-03-08 00:00:00,SBIN,STATE BANK OF INDIA,1035.00,1051.50,1031.60,1045.00,1027.40,1.71,19.90,1.92,0.74,10507450,10948508376.10,167075
2026-03-08 00:00:00,AQYLON,AQYLON NEXUS LIMITED,25.81,26.76,24.22,26.75,25.49,4.94,2.54,9.84,1.26,10374623,273058764.94,12963
2026-03-08 00:00:00,DALMIASUG,DALMIA BHARAT SUG IN LTD,351.00,421.05,351.00,411.85,350.90,17.37,70.05,19.96,0.03,10294952,4114467129.90,123948
2026-03-08 00:00:00,FSL,FIRSTSOURCE SOLU. LTD.,304.00,330.95,304.00,324.35,302.12,7.36,26.95,8.87,0.62,10047629,3238627010.65,108197
2026-03-08 00:00:00,LOTUSDEV,SRI LOTUS DEVLPRS N RTY L,207.50,207.50,196.65,197.66,200.12,-1.23,10.85,5.23,3.69,9820738,1986697645.73,44510
2026-03-08 00:00:00,ESAFSFB,ESAF SMALL FINANCE BANK L,41.00,42.49,40.00,40.92,42.05,-2.69,2.49,6.07,-2.50,9790624,404709927.26,34998
2026-03-08 00:00:00,JYOTISTRUC,JYOTI STRUCTURES LTD,10.88,11.74,10.88,11.60,10.80,7.41,0.86,7.90,0.74,9771430,111470146.41,10661
2026-03-08 00:00:00,BEL,BHARAT ELECTRONICS LTD,390.00,392.25,388.00,392.15,387.85,1.11,4.25,1.09,0.55,9389415,3660928507.10,206783
2026-03-08 00:00:00,PAISALO,PAISALO DIGITAL LIMITED,71.79,73.25,70.91,72.29,71.20,1.53,2.34,3.26,0.83,9209200,661482552.48,14375
2026-03-08 00:00:00,BESTAGRO,BEST AGROLIFE LIMITED,19.71,19.80,18.50,18.89,19.12,-1.20,1.30,6.60,3.09,9001014,170571790.27,18572
2026-03-08 00:00:00,LTF,L&T FINANCE LIMITED,314.55,324.10,314.10,318.00,311.25,2.17,10.00,3.18,1.06,8873490,2837287001.00,69342
2026-03-08 00:00:00,MRPL,MRPL,170.32,176.30,170.32,174.06,169.94,2.42,5.98,3.51,0.22,8770678,1532654734.42,43913
2026-03-08 00:00:00,POWERGRID,POWER GRID CORP. LTD.,285.00,287.00,283.90,287.00,284.25,0.97,3.10,1.09,0.26,8749092,2493760035.45,48862
2026-03-08 00:00:00,BAJAJHIND,BAJAJ HINDUSTHAN SUGAR LT,16.90,17.65,16.90,17.52,16.75,4.60,0.75,4.44,0.90,8736035,152025511.02,11642
2026-03-08 00:00:00,GAEL,GUJARAT AMBUJA EXPORTS LT,178.00,182.00,171.52,180.68,172.11,4.98,10.48,5.89,3.42,8639340,1532679001.02,71059
2026-03-08 00:00:00,INFY,INFOSYS LIMITED,1145.10,1180.00,1138.10,1180.00,1130.10,4.42,41.90,3.66,1.33,8582270,9962989189.50,157993
2026-03-08 00:00:00,MUTHOOTFIN,MUTHOOT FINANCE LIMITED,2876.00,2928.00,2671.00,2890.90,3119.60,-7.33,257.00,8.94,-7.81,8573629,24325878875.30,568272
2026-03-08 00:00:00,ATALREAL,ATAL REALTECH LIMITED,33.25,33.90,33.25,33.54,33.17,1.12,0.65,1.95,0.24,8515476,285848335.57,6129
2026-03-08 00:00:00,BANKBARODA,BANK OF BARODA,244.05,248.48,244.00,247.25,242.60,1.92,4.48,1.84,0.60,8511143,2100328333.47,72513
2026-03-08 00:00:00,BANKINDIA,BANK OF INDIA,139.01,141.66,139.01,140.50,137.95,1.85,2.65,1.91,0.77,8509334,1194083288.20,38866
2026-03-08 00:00:00,VAML,VEDANTA ALUMINIUM METAL L,457.00,461.90,451.10,459.95,454.20,1.27,10.80,2.36,0.62,8502145,3895734361.00,101247
2026-03-08 00:00:00,RVNL,RAIL VIKAS NIGAM LIMITED,225.70,234.70,225.70,232.90,225.48,3.29,9.00,3.99,0.10,8366055,1934825625.55,55175
2026-03-08 00:00:00,UNIONBANK,UNION BANK OF INDIA,171.40,175.74,171.40,174.00,171.24,1.61,4.34,2.53,0.09,8353185,1455903760.57,42709
2026-03-08 00:00:00,ONGC,OIL AND NATURAL GAS CORP.,241.45,242.62,240.06,242.00,242.53,-0.22,2.56,1.06,-0.45,8277525,1997203449.34,73374
2026-03-08 00:00:00,SOUTHBANK,THE SOUTH INDIAN BANK LTD,47.00,47.87,46.93,47.07,46.70,0.79,0.94,2.00,0.64,8220206,389597765.64,25215
2026-03-08 00:00:00,JMFINANCIL,JM FINANCIAL LIMITED,123.69,125.25,117.70,120.89,122.16,-1.04,7.55,6.10,1.25,8194497,991022536.54,58434
2026-03-08 00:00:00,RENUKA,SHREE RENUKA SUGARS LTD,21.77,22.69,21.75,22.33,21.87,2.10,0.94,4.32,-0.46,8155897,182398885.34,12480
2026-03-08 00:00:00,MOTISONS,MOTISONS JEWELLERS LTD,14.30,14.55,14.10,14.25,14.22,0.21,0.45,3.15,0.56,7971960,114230580.60,7866
2026-03-08 00:00:00,PAYTM,ONE 97 COMMUNICATIONS LTD,1348.00,1437.60,1344.40,1410.00,1343.00,4.99,93.20,6.91,0.37,7964165,11180573468.00,167761
2026-03-08 00:00:00,IREDA,INDIAN RENEWABLE ENERGY,120.38,123.90,120.19,123.00,119.59,2.85,3.71,3.08,0.66,7823276,959955189.17,38873
2026-03-08 00:00:00,ICICIBANK,ICICI BANK LTD.,1442.00,1460.00,1433.00,1460.00,1435.40,1.71,27.00,1.87,0.46,7706747,11142959295.90,185170
2026-03-08 00:00:00,RELIANCE,RELIANCE INDUSTRIES LTD,1315.20,1319.00,1306.00,1319.00,1307.80,0.86,13.00,0.99,0.57,7508023,9843685449.40,158782
2026-03-08 00:00:00,MSUMI,MOTHERSON SUMI WRNG IND L,41.25,42.22,40.75,41.48,40.61,2.14,1.47,3.56,1.58,7432396,309348745.57,27752
2026-03-08 00:00:00,BHARATCOAL,BHARAT COKING COAL LTD,34.25,34.59,33.90,34.09,33.97,0.35,0.69,2.01,0.82,7406978,253473712.54,16713
2026-03-08 00:00:00,PARADEEP,PARADEEP PHOSPHATES LTD,148.80,150.20,144.00,144.92,147.33,-1.64,6.20,4.17,1.00,7384190,1089538137.62,59078
2026-03-08 00:00:00,SBC,SBC EXPORTS LIMITED,42.26,42.40,40.61,41.99,42.01,-0.05,1.79,4.24,0.60,7304193,307847086.12,3749
2026-03-08 00:00:00,INDOMIM,INDO-MIM LIMITED,776.00,802.70,765.00,770.15,776.15,-0.77,37.70,4.86,-0.02,7110886,5568660157.40,243747
2026-03-08 00:00:00,PPLPHARMA,PIRAMAL PHARMA LIMITED,196.36,202.95,193.03,199.28,195.61,1.88,9.92,5.05,0.38,7051612,1407073942.19,63794
2026-03-08 00:00:00,SHRIRAMFIN,SHRIRAM FINANCE LIMITED,1058.00,1095.00,1051.60,1090.20,1046.70,4.16,43.40,4.10,1.08,7047761,7614213410.50,126499
2026-03-08 00:00:00,NYKAA,FSN E COMMERCE VENTURES,335.00,344.90,332.80,344.90,333.40,3.45,12.10,3.61,0.48,6931047,2357549794.65,82097
2026-03-08 00:00:00,SAMMAANCAP,SAMMAAN CAPITAL LIMITED,163.00,166.10,160.63,161.08,162.43,-0.83,5.47,3.36,0.35,6896585,1128981973.56,29544
2026-03-08 00:00:00,VEDL,VEDANTA LIMITED,267.90,268.80,264.50,267.25,264.25,1.14,4.30,1.61,1.38,6725800,1792474157.40,68130
2026-03-08 00:00:00,AXISBANK,AXIS BANK LIMITED,1236.90,1272.00,1230.50,1272.00,1229.50,3.46,41.50,3.36,0.60,6713421,8381120870.50,121530
2026-03-08 00:00:00,PATELENG,PATEL ENGINEERING LTD.,27.51,28.97,27.50,28.85,27.33,5.56,1.47,5.34,0.66,6702672,191156454.69,15033
2026-03-08 00:00:00,SONATSOFTW,SONATA SOFTWARE LTD,324.00,348.45,319.00,345.85,322.45,7.26,29.45,9.09,0.48,6562997,2220170352.75,95127
2026-03-08 00:00:00,BLUEJET,BLUE JET HEALTHCARE LTD,633.00,647.80,577.05,589.50,626.25,-5.87,70.75,11.18,1.08,6512064,3931615080.00,140606
2026-03-08 00:00:00,JAINREC,JAIN RESOURCE RECYCLING L,353.90,363.00,321.20,350.20,348.20,0.57,41.80,11.81,1.64,6506503,2258715416.10,119306
2026-03-08 00:00:00,RHETAN,RHETAN TMT LIMITED,31.22,31.50,31.10,31.12,30.67,1.47,0.40,1.28,1.79,6489222,203072724.87,2881
2026-03-08 00:00:00,CENTRALBK,CENTRAL BANK OF INDIA,31.11,31.60,31.09,31.46,30.97,1.58,0.51,1.64,0.45,6387087,200608494.18,14922
2026-03-08 00:00:00,UGROCAP,UGRO CAPITAL LIMITED,96.40,106.38,96.07,97.63,95.45,2.28,10.31,10.70,1.00,6281719,631332799.39,45137
2026-03-08 00:00:00,IRB,IRB INFRA DEV LTD.,20.17,20.38,20.06,20.18,20.00,0.90,0.32,1.59,0.85,6221967,125773373.84,16333
2026-03-08 00:00:00,J&KBANK,J & K BANK LTD.,155.00,158.70,152.55,156.12,156.00,0.08,6.15,3.97,-0.64,6169987,968746094.98,53526
2026-03-08 00:00:00,NARMADA,NARMADA AGROBASE LIMITED,17.40,17.50,16.05,16.26,17.02,-4.47,1.45,8.33,2.23,6126667,102439718.26,10250
2026-03-08 00:00:00,JAMNAAUTO,JAMNA AUTO IND LTD,132.99,141.60,132.49,140.86,131.18,7.38,9.11,6.85,1.38,6125287,849918269.68,51207
2026-03-08 00:00:00,JUBLFOOD,JUBILANT FOODWORKS LTD,439.95,470.80,439.95,470.00,438.25,7.24,30.85,7.01,0.39,6073943,2807939971.05,78614
2026-03-08 00:00:00,JSWINFRA,JSW INFRASTRUCTURE LTD,317.70,330.95,314.40,329.00,312.40,5.31,16.55,5.21,1.70,6061606,1969194088.55,105860
2026-03-08 00:00:00,SEPC,SEPC LIMITED,6.00,6.04,5.96,6.02,5.92,1.69,0.08,1.33,1.35,6046035,36348457.46,3544
2026-03-08 00:00:00,VBL,VARUN BEVERAGES LIMITED,444.00,450.00,442.60,445.00,442.30,0.61,7.40,1.67,0.38,6028529,2691637877.65,56721
2026-03-08 00:00:00,PFC,POWER FIN CORP LTD.,425.50,429.25,417.30,421.50,424.35,-0.67,11.95,2.81,0.27,5985708,2522821353.65,43334
2026-03-08 00:00:00,MOREPENLAB,MOREPEN LAB. LTD,58.00,58.90,57.25,57.65,57.04,1.07,1.65,2.84,1.68,5950210,346058972.18,15630
2026-03-08 00:00:00,URJA,URJA GLOBAL LIMITED,9.18,10.37,9.15,10.06,9.09,10.67,1.22,13.29,0.99,5881622,58473306.56,11468
2026-03-08 00:00:00,LEMONTREE,LEMON TREE HOTELS LTD,110.13,114.58,110.00,114.03,109.30,4.33,4.58,4.16,0.76,5869426,661124745.12,40508
2026-03-08 00:00:00,BPCL,BHARAT PETROLEUM CORP  LT,324.75,329.95,322.00,329.95,319.75,3.19,7.95,2.45,1.56,5844038,1897168659.65,45871
2026-03-08 00:00:00,GMRAIRPORT,GMR AIRPORTS LIMITED,106.87,106.87,104.88,105.55,105.26,0.28,1.99,1.86,1.53,5825312,615532476.08,26331
2026-03-08 00:00:00,BELRISE,BELRISE INDUSTRIES LTD,239.90,244.90,238.40,241.86,236.73,2.17,6.50,2.71,1.34,5748763,1392809271.67,61334
2026-03-08 00:00:00,BANDHANBNK,BANDHAN BANK LIMITED,175.14,176.25,172.59,173.65,174.13,-0.28,3.66,2.09,0.58,5621918,983683837.98,58612
2026-03-08 00:00:00,HINDALCO,HINDALCO  INDUSTRIES  LTD,990.00,994.90,981.35,994.90,974.45,2.10,13.55,1.37,1.60,5617219,5552403552.20,161480
2026-03-08 00:00:00,RAIN,RAIN INDUSTRIES LIMITED,224.10,233.37,224.10,229.53,222.95,2.95,9.27,4.14,0.52,5596995,1285818309.93,48839
2026-03-08 00:00:00,BHEL,BHEL,409.00,414.35,406.45,411.15,407.00,1.02,7.90,1.93,0.49,5593016,2296286699.20,51573
2026-03-08 00:00:00,BLUESTONE,BLUESTONE JEWEL LFSTL LTD,823.40,831.00,791.05,802.70,816.20,-1.65,39.95,4.85,0.88,5474663,4426430819.70,108887
2026-03-08 00:00:00,NTPC,NTPC LTD,347.25,350.90,345.30,350.90,347.25,1.05,5.60,1.61,0.00,5460220,1895835113.85,66213
2026-03-08 00:00:00,DAVANGERE,DAVANGERE SUGAR COMPANY L,3.25,3.29,3.17,3.18,3.19,-0.31,0.12,3.69,1.88,5404905,17308914.92,2075
2026-03-08 00:00:00,M&MFIN,M&M FIN. SERVICES LTD,390.05,409.75,388.05,405.50,385.75,5.12,21.70,5.56,1.11,5394649,2161184926.05,65862
2026-03-08 00:00:00,RBA,RESTAURANT BRAND ASIA LTD,67.00,71.40,67.00,70.76,66.64,6.18,4.40,6.57,0.54,5382951,375102300.52,20708
2026-03-08 00:00:00,COALINDIA,COAL INDIA LTD,415.95,416.00,412.60,416.00,414.15,0.45,3.40,0.82,0.43,5371911,2226313720.75,110579
2026-03-08 00:00:00,CONFIPET,CONFIDENCE PETRO IND LTD.,80.03,84.40,80.00,83.77,79.66,5.16,4.40,5.50,0.46,5300850,440278583.99,27634
2026-03-08 00:00:00,ASIANTILES,ASIAN GRANITO IND. LTD.,54.97,55.18,53.07,53.83,54.68,-1.55,2.11,3.84,0.53,5168198,278929934.86,13953
2026-03-08 00:00:00,NBCC,NBCC (INDIA) LIMITED,95.20,96.60,95.00,95.50,94.80,0.74,1.60,1.68,0.42,5156861,494488999.29,23254
2026-03-08 00:00:00,PATANJALI,PATANJALI FOODS LIMITED,358.00,365.50,352.50,364.00,354.60,2.65,13.00,3.63,0.96,5089623,1829291224.05,39408
2026-03-08 00:00:00,FCL,FINEOTEX CHEMICAL LIMITED,39.74,40.29,39.11,39.27,39.32,-0.13,1.18,2.97,1.07,4962550,196669717.97,10141
2026-03-08 00:00:00,JISLJALEQS,JAIN IRRIGATION SYSTEMS,30.07,32.40,30.05,31.33,29.94,4.64,2.35,7.82,0.43,4959953,155574409.69,16232
2026-03-08 00:00:00,HINDPETRO,HINDUSTAN PETROLEUM CORP,396.90,398.85,392.10,395.00,389.75,1.35,6.75,1.70,1.83,4909326,1940845881.35,38676
2026-03-08 00:00:00,APOLLO,APOLLO MICRO SYSTEMS LTD,393.95,400.10,391.05,397.35,389.90,1.91,9.05,2.30,1.04,4826053,1913908370.25,38945
2026-03-08 00:00:00,NTPCGREEN,NTPC GREEN ENERGY LIMITED,90.85,91.60,90.02,90.70,90.03,0.74,1.58,1.74,0.91,4694420,426853888.46,27332
2026-03-08 00:00:00,KPITTECH,KPIT TECHNOLOGIES LIMITED,602.15,622.50,598.45,619.25,598.40,3.48,24.05,3.99,0.63,4526739,2780014673.90,63094
2026-03-08 00:00:00,SHALPAINTS,SHALIM PAINTS LTD,67.68,80.01,67.68,80.01,66.68,19.99,12.33,18.22,1.50,4518150,347436993.73,21119
2026-03-08 00:00:00,ANGELONE,ANGEL ONE LIMITED,299.90,302.50,296.30,302.00,297.95,1.36,6.20,2.07,0.65,4487008,1345595580.20,40137
2026-03-08 00:00:00,STALLION,STALLION IND FLUOROCHEM L,264.90,278.10,261.45,265.45,260.12,2.05,16.65,6.29,1.84,4439437,1207615959.70,46373
2026-03-08 00:00:00,SALASAR,SALASAR TECHNO ENGG. LTD.,5.88,6.03,5.86,5.90,5.84,1.03,0.17,2.89,0.68,4405746,26141715.84,3136
2026-03-08 00:00:00,FEDERALBNK,FEDERAL BANK LTD,359.45,371.70,357.30,371.70,358.85,3.58,14.40,4.01,0.17,4384044,1579727402.30,65646
2026-03-08 00:00:00,BHARTIARTL,BHARTI AIRTEL LIMITED,1987.40,1987.40,1943.00,1970.50,1972.00,-0.08,44.40,2.23,0.78,4361200,8535939553.80,132115
2026-03-08 00:00:00,PTC,PTC INDIA LIMITED,176.21,182.20,175.90,180.11,175.52,2.62,6.30,3.58,0.39,4283556,767215498.69,44071
2026-03-08 00:00:00,APLAPOLLO,APL APOLLO TUBES LTD,1820.30,1958.00,1820.30,1941.50,1819.50,6.71,137.70,7.56,0.04,4251591,8099294787.50,129957
2026-03-08 00:00:00,IDBI,IDBI BANK LIMITED,84.80,86.23,84.51,84.71,83.75,1.15,1.72,2.03,1.25,4244574,362027769.44,16692
2026-03-08 00:00:00,AEQUS,AEQUS LIMITED,229.70,240.68,228.20,233.66,229.16,1.96,12.48,5.43,0.24,4222534,995768435.62,39143
2026-03-08 00:00:00,PWL,PHYSICSWALLAH LIMITED,125.20,129.09,123.85,126.03,124.89,0.91,5.24,4.19,0.25,4198871,531385103.20,39003
2026-03-08 00:00:00,TECHM,TECH MAHINDRA LIMITED,1663.40,1670.00,1634.30,1649.00,1651.30,-0.14,35.70,2.15,0.73,4154154,6835606375.90,69410
2026-03-08 00:00:00,CGPOWER,CG POWER AND IND SOL LTD,865.55,867.95,826.10,826.10,863.40,-4.32,41.85,4.84,0.25,4042469,3466028713.65,76778
2026-03-08 00:00:00,SUNPHARMA,SUN PHARMACEUTICAL IND L,1983.20,1988.00,1935.20,1963.50,1990.50,-1.36,52.80,2.66,-0.37,3972351,7766580397.20,339336
2026-03-08 00:00:00,GANDHAR,GANDHAR OIL REFINE IND L,224.78,238.27,223.52,231.64,223.25,3.76,14.75,6.56,0.69,3962749,926123331.15,39416
2026-03-08 00:00:00,LLOYDSENT,LLOYDS ENTERPRISES LTD,81.88,84.16,80.76,81.57,79.96,2.01,3.40,4.15,2.40,3960227,326791828.56,16632
2026-03-08 00:00:00,ATHERENERG,ATHER ENERGY LIMITED,1269.00,1289.90,1242.00,1272.70,1260.30,0.98,47.90,3.77,0.69,3918512,4948437772.20,112841
2026-03-08 00:00:00,OIL,OIL INDIA LTD,454.00,457.65,450.00,452.00,458.60,-1.44,7.65,1.69,-1.00,3770840,1705386210.25,32377
2026-03-08 00:00:00,BSE,BSE LIMITED,3660.00,3671.40,3560.00,3575.00,3646.20,-1.95,111.40,3.04,0.38,3750195,13556092530.90,185434
2026-03-08 00:00:00,AMBUJACEM,AMBUJA CEMENTS LTD,434.20,444.50,434.20,444.00,432.20,2.73,10.30,2.37,0.46,3648798,1611866316.25,40362
2026-03-08 00:00:00,DEEPINDS,DEEP INDUSTRIES LIMITED,613.00,655.00,608.90,649.30,596.90,8.78,46.10,7.52,2.70,3599984,2293232259.75,77808
2026-03-08 00:00:00,EXIDEIND,EXIDE INDUSTRIES LTD,449.95,460.00,440.00,444.70,449.80,-1.13,20.00,4.44,0.03,3583632,1615934263.70,56403
2026-03-08 00:00:00,UNITECH,UNITECH LTD,4.38,4.39,4.23,4.26,4.28,-0.47,0.16,3.65,2.34,3574683,15365022.35,2720
2026-03-08 00:00:00,CLEAN,CLEAN SCIENCE & TECH LTD,757.55,799.80,735.00,764.15,734.05,4.10,64.80,8.55,3.20,3558094,2712798000.35,153295
2026-03-08 00:00:00,RECLTD,REC LIMITED,374.00,376.70,367.05,368.10,372.95,-1.30,9.65,2.58,0.28,3512873,1304560789.10,30924
2026-03-08 00:00:00,IRCON,IRCON INTERNATIONAL LTD,126.12,132.38,126.10,131.88,125.99,4.67,6.28,4.98,0.10,3483133,455353440.91,29317
2026-03-08 00:00:00,3IINFOLTD,3I INFOTECH LIMITED,23.41,25.05,23.40,24.39,23.21,5.08,1.65,7.05,0.86,3449586,84002459.61,8011
2026-03-08 00:00:00,EPACKPEB,EPACK PREFAB TECHN LTD,248.35,254.45,239.05,243.95,267.31,-8.74,15.40,6.20,-7.09,3446835,847051100.90,44935
2026-03-08 00:00:00,LATENTVIEW,LATENT VIEW ANALYTICS LTD,300.00,308.70,292.60,297.85,316.20,-5.80,16.10,5.37,-5.12,3420336,1023250994.20,51252
2026-03-08 00:00:00,RBLBANK,RBL BANK LIMITED,379.50,382.40,376.35,379.95,375.50,1.19,6.05,1.59,1.07,3413992,1293031674.40,43289
2026-03-08 00:00:00,AWL,AWL AGRI BUSINESS LIMITED,190.25,193.90,189.36,190.30,189.44,0.45,4.54,2.39,0.43,3413191,651280322.07,31138
2026-03-08 00:00:00,UCOBANK,UCO BANK,26.40,26.58,26.28,26.31,26.17,0.53,0.30,1.14,0.88,3408343,90042406.81,10111
2026-03-08 00:00:00,KARURVYSYA,KARUR VYSYA BANK LTD,343.50,351.80,342.50,348.10,342.45,1.65,9.30,2.71,0.31,3406254,1185565641.80,57118
2026-03-08 00:00:00,BIOCON,BIOCON LIMITED.,429.00,429.50,423.30,427.00,425.70,0.31,6.20,1.45,0.78,3389704,1444587815.55,30908
2026-03-08 00:00:00,BSOFT,BIRLASOFT LIMITED,303.95,323.00,303.10,321.50,302.40,6.32,19.90,6.55,0.51,3371518,1069457734.00,52782
2026-03-08 00:00:00,KTKBANK,KARNATAKA BANK LIMITED,288.00,294.00,286.00,289.45,284.75,1.65,8.00,2.78,1.14,3342740,974885923.35,32818
2026-03-08 00:00:00,EQUITASBNK,EQUITAS SMALL FIN BNK LTD,75.00,77.00,75.00,76.26,75.21,1.40,2.00,2.67,-0.28,3338159,255199366.46,30133
2026-03-08 00:00:00,DELHIVERY,DELHIVERY LIMITED,487.95,487.95,468.85,470.00,481.95,-2.48,19.10,3.91,1.24,3336754,1589651381.45,50893
2026-03-08 00:00:00,EMIL,ELECTRONICS MART IND LTD,130.50,135.38,130.50,131.35,130.16,0.91,4.88,3.74,0.26,3324272,439959325.20,24466
2026-03-08 00:00:00,ZEEMEDIA,ZEE MEDIA CORPORATION LTD,7.75,7.75,7.05,7.19,7.50,-4.13,0.70,9.03,3.33,3278479,24105680.91,3683
2026-03-08 00:00:00,HSCL,HIMADRI SPECIALITY CHEM L,750.00,756.85,735.20,750.65,750.65,0.00,21.65,2.89,-0.09,3225995,2415731373.65,47263
2026-03-08 00:00:00,BAJAJHFL,BAJAJ HOUSING FINANCE LTD,86.85,87.29,86.31,86.85,86.02,0.96,0.98,1.13,0.96,3208217,278626755.21,28966
2026-03-08 00:00:00,PCBL,PCBL CHEMICAL LIMITED,322.05,334.80,322.05,326.80,317.90,2.80,12.75,3.96,1.31,3202738,1053293854.35,41763
2026-03-08 00:00:00,RKFORGE,RAMKRISHNA FORGINGS LTD,659.70,684.70,642.35,681.15,651.15,4.61,42.35,6.42,1.31,3196714,2127633155.25,68718
2026-03-08 00:00:00,BALRAMCHIN,BALRAMPUR CHINI MILLS LTD,595.05,665.50,594.00,646.80,586.20,10.34,71.50,12.02,1.51,3161974,1994973304.55,62714
2026-03-08 00:00:00,DIACABS,DIAMOND POWER INFRA LTD,322.00,329.00,316.50,322.85,323.97,-0.35,12.50,3.88,-0.61,3140560,1014906004.80,28910
2026-03-08 00:00:00,EXCELSOFT,EXCELSOFT TECHNOLOGIES L,78.00,85.38,77.90,82.99,77.41,7.21,7.48,9.59,0.76,3128940,260399902.10,17563
2026-03-08 00:00:00,NSLNISP,NMDC STEEL LIMITED,43.50,43.80,43.15,43.37,43.02,0.81,0.65,1.49,1.12,3092634,134449481.06,9724
2026-03-08 00:00:00,METAL,MIRAEAMC - METAL,13.16,13.16,12.87,13.00,12.84,1.25,0.29,2.20,2.49,3066601,39821723.25,6882
2026-03-08 00:00:00,ACMESOLAR,ACME SOLAR HOLDINGS LTD,364.70,376.35,362.60,371.10,362.60,2.34,13.75,3.77,0.58,3058650,1133673083.65,58098
2026-03-08 00:00:00,JAYNECOIND,JAYASWAL NECO INDUSTR LTD,86.48,89.26,86.20,88.18,86.03,2.50,3.06,3.54,0.52,3042725,266544205.57,18128
2026-03-08 00:00:00,ADANIGREEN,ADANI GREEN ENERGY LTD,1390.00,1427.00,1386.60,1395.00,1383.00,0.87,40.40,2.91,0.51,3037528,4276693005.20,62114
2026-03-08 00:00:00,TCS,TATA CONSULTANCY SERV LT,2383.90,2473.70,2383.00,2473.70,2365.60,4.57,90.70,3.80,0.77,3036839,7377769245.80,130409
2026-03-08 00:00:00,NAZARA,NAZARA TECHNOLOGIES LTD,344.95,345.80,335.95,339.55,339.00,0.16,9.85,2.86,1.76,3028157,1029026036.95,35528
2026-03-08 00:00:00,CHENNPETRO,CHENNAI PETROLEUM CORP LT,1266.70,1343.00,1266.00,1325.50,1260.60,5.15,77.00,6.08,0.48,3024039,3989182570.30,78483
2026-03-08 00:00:00,TIMETECHNO,TIME TECHNOPLAST LTD.,211.00,213.40,203.92,210.15,208.56,0.76,9.48,4.49,1.17,3019188,633478573.74,27878
2026-03-08 00:00:00,GRMOVER,GRM OVERSEAS LIMITED,89.73,96.49,89.10,94.88,89.73,5.74,7.39,8.24,0.00,2999165,280125970.24,91407
2026-03-08 00:00:00,VIYASH,VIYASH SCIENTIFIC LIMITED,256.05,266.15,252.80,263.70,252.00,4.64,13.35,5.21,1.61,2970032,777114764.50,34630
2026-03-08 00:00:00,TRIDENT,TRIDENT LIMITED,24.83,25.23,24.83,24.94,24.71,0.93,0.40,1.61,0.49,2924262,73207544.60,11462
2026-03-08 00:00:00,INDOTHAI,INDO THAI SEC LTD,214.90,215.00,170.75,170.75,213.43,-20.00,44.25,20.59,0.69,2912295,533334986.71,27445
2026-03-08 00:00:00,MWL,MANGALAM WORLDWIDE LTD,37.40,40.19,36.36,37.90,36.00,5.28,3.83,10.24,3.89,2911152,112295389.96,13316
2026-03-08 00:00:00,MOMENTUM50,MOTILALAMC - MOMENTUM50,52.63,53.19,52.63,53.01,52.63,0.72,0.56,1.06,0.00,2888975,152949960.71,1846
2026-03-08 00:00:00,ALLCARGO,ALLCARGO LOGISTICS LTD,8.08,8.25,8.05,8.20,8.03,2.12,0.20,2.48,0.62,2879970,23572923.61,3539
2026-03-08 00:00:00,63MOONS,63 MOONS TECHNOLOGIES LTD,941.25,957.95,882.00,897.05,931.40,-3.69,75.95,8.07,1.06,2873773,2665856600.55,73300
2026-03-08 00:00:00,BAJAJFINSV,BAJAJ FINSERV LTD.,2050.50,2096.00,2040.40,2096.00,2029.10,3.30,55.60,2.71,1.05,2850085,5922649717.10,107806
2026-03-08 00:00:00,KIOCL,KIOCL LIMITED,371.00,410.70,369.55,394.90,365.55,8.03,41.15,11.09,1.49,2831917,1124691981.95,57530
2026-03-08 00:00:00,JSWENERGY,JSW ENERGY LIMITED,559.00,569.00,557.35,569.00,554.65,2.59,11.65,2.08,0.78,2824425,1591047841.20,56499
2026-03-08 00:00:00,ELITECON,ELITECON INTERNATIONAL L,15.80,17.20,15.68,17.19,15.64,9.91,1.52,9.62,1.02,2801719,46989687.31,6637
2026-03-08 00:00:00,IRCTC,INDIAN RAIL TOUR CORP LTD,494.35,517.50,493.00,513.50,489.80,4.84,24.50,4.96,0.93,2801518,1426127913.95,54823
2026-03-08 00:00:00,CDSL,CENTRAL DEPO SER (I) LTD,1341.90,1354.00,1318.00,1322.20,1333.00,-0.81,36.00,2.68,0.67,2784297,3727584788.90,56772
2026-03-08 00:00:00,ANANTRAJ,ANANT RAJ LIMITED,626.00,641.70,621.15,626.15,624.50,0.26,20.55,3.28,0.24,2760905,1743448203.45,48613
2026-03-08 00:00:00,HINDCOPPER,HINDUSTAN COPPER LTD,495.00,498.50,491.00,495.05,491.60,0.70,7.50,1.52,0.69,2755226,1363147565.75,45229
2026-03-08 00:00:00,LENSKART,LENSKART SOLUTIONS LTD,566.00,574.55,559.30,568.35,561.40,1.24,15.25,2.69,0.82,2729162,1546602975.10,51414
2026-03-08 00:00:00,SJVN,SJVN LTD,69.20,70.43,69.01,69.42,68.62,1.17,1.42,2.05,0.85,2713188,189073887.01,19539
2026-03-08 00:00:00,IIFL,IIFL FINANCE LIMITED,610.80,622.00,602.40,617.85,608.65,1.51,19.60,3.21,0.35,2681421,1640889011.80,47163
2026-03-08 00:00:00,HARDWYN,HARDWYN INDIA LIMITED,11.30,11.55,11.16,11.23,11.27,-0.35,0.39,3.45,0.27,2675789,30125436.23,1971
2026-03-08 00:00:00,HINDZINC,HINDUSTAN ZINC LIMITED,543.60,550.45,541.45,547.00,539.20,1.45,9.00,1.66,0.82,2640411,1444607116.00,41138
2026-03-08 00:00:00,RTNINDIA,RATTANINDIA ENT LIMITED,31.34,33.35,31.34,33.11,31.34,5.65,2.01,6.41,0.00,2634603,86198349.33,7146
2026-03-08 00:00:00,SBIFUNDS,SBI FUNDS MANAGEMENT LTD,591.00,592.90,583.20,588.05,589.15,-0.19,9.70,1.64,0.31,2624696,1541503850.85,49498
2026-03-08 00:00:00,MOLOWVOL,MOTILALAMC - MOLOWVOL,37.81,39.64,37.05,39.01,37.26,4.70,2.59,6.85,1.48,2596147,97930759.35,92
2026-03-08 00:00:00,JSWSTEEL,JSW STEEL LIMITED,1278.90,1294.80,1268.70,1292.30,1270.00,1.76,26.10,2.04,0.70,2577735,3293740965.60,57931
2026-03-08 00:00:00,VIKASLIFE,VIKAS LIFECARE LIMITED,1.28,1.31,1.28,1.28,1.28,0.00,0.03,2.34,0.00,2566730,3314696.67,7760
2026-03-08 00:00:00,AGIIL,AGI INFRA LIMITED,315.95,324.50,307.70,309.15,312.10,-0.95,16.80,5.32,1.23,2549469,806936868.00,18354
2026-03-08 00:00:00,INDORAMA,INDO RAMA SYNTHETICS LTD,56.55,64.85,56.55,63.49,56.25,12.87,8.30,14.68,0.53,2539412,156580447.02,18808
2026-03-08 00:00:00,HDFCNEXT50,HDFCAMC - HDFCNEXT50,76.09,76.09,74.63,75.30,75.19,0.15,1.46,1.92,1.20,2537116,192224341.47,1585
2026-03-08 00:00:00,BCG,BRIGHTCOM GROUP LIMITED,9.38,9.50,9.30,9.35,9.33,0.21,0.20,2.13,0.54,2536384,23849299.15,2956
2026-03-08 00:00:00,SONACOMS,SONA BLW PRECISION FRGS L,775.00,785.00,768.05,785.00,769.40,2.03,16.95,2.19,0.73,2517947,1965233464.35,44810
2026-03-08 00:00:00,HDFCLIFE,HDFC LIFE INS CO LTD,553.70,554.00,549.10,553.10,548.50,0.84,4.90,0.88,0.95,2516331,1386270122.90,50997
2026-03-08 00:00:00,DEVYANI,DEVYANI INTERNATIONAL LTD,114.50,117.14,112.55,116.76,114.18,2.26,4.59,4.01,0.28,2504773,289591291.88,41491
2026-03-08 00:00:00,LASERPOWER,LASER POWER & INFRA LTD,303.00,307.80,288.00,295.10,299.37,-1.43,19.80,6.53,1.21,2496781,740769415.25,26043
2026-03-08 00:00:00,CGCL,CAPRI GLOBAL CAPITAL LTD,232.38,234.83,225.10,227.47,232.38,-2.11,9.73,4.19,0.00,2461491,567865672.84,21724
2026-03-08 00:00:00,AEGISLOG,AEGIS LOGISTICS LIMITED,1286.50,1400.00,1282.10,1388.30,1280.80,8.39,117.90,9.16,0.45,2444861,3330357385.80,85673
2026-03-08 00:00:00,KNACK,KNACK PACKAGING LIMITED,192.50,202.90,192.49,197.28,190.15,3.75,10.41,5.41,1.24,2439087,483286814.53,21695
2026-03-08 00:00:00,FISCHER,FISCHER MEDICAL VENTURE L,38.13,39.14,38.07,38.67,39.13,-1.18,1.07,2.81,-2.56,2436237,93615118.73,4507
2026-03-08 00:00:00,IOB,INDIAN OVERSEAS BANK,34.29,34.60,34.01,34.10,33.90,0.59,0.59,1.72,1.15,2431701,83443767.63,11008
2026-03-08 00:00:00,LCL,LOHIA CORP LIMITED,534.00,547.70,517.30,525.70,535.15,-1.77,30.40,5.69,-0.21,2411586,1286281954.70,58749
2026-03-08 00:00:00,MARICO,MARICO LIMITED,870.00,881.35,865.30,880.95,870.65,1.18,16.05,1.84,-0.07,2383722,2085857687.00,92199
2026-03-08 00:00:00,INVENTURE,INVENTURE GRO & SEC LTD,0.91,0.95,0.90,0.91,0.90,1.11,0.05,5.49,1.11,2382685,2198685.14,489
2026-03-08 00:00:00,COFORGE,COFORGE LIMITED,1739.00,1771.00,1719.00,1768.00,1721.00,2.73,52.00,2.99,1.05,2365023,4129402307.10,65382
2026-03-08 00:00:00,CUB,CITY UNION BANK LTD,208.50,210.48,202.60,204.65,206.50,-0.90,7.88,3.78,0.97,2349845,485277758.59,34009
2026-03-08 00:00:00,DWARKESH,DWARIKESH SUGAR IND LTD,37.28,39.49,37.28,39.00,37.04,5.29,2.21,5.93,0.65,2345093,90936055.06,11952
2026-03-08 00:00:00,ARFIN,ARFIN INDIA LIMITED,89.00,90.44,84.00,85.49,89.77,-4.77,6.44,7.24,-0.86,2342321,206093284.73,7970
2026-03-08 00:00:00,NETWEB,NETWEB TECH INDIA LTD,4560.40,4740.00,4540.00,4586.00,4524.00,1.37,200.00,4.39,0.80,2334958,10818693948.90,178283
2026-03-08 00:00:00,BEPL,BHANSALI ENG. POLYMERS LT,117.89,121.70,116.93,120.72,116.02,4.05,4.77,4.05,1.61,2334789,278723516.10,16191
2026-03-08 00:00:00,HDFCSML250,HDFCAMC - HDFCSML250,180.67,183.50,180.67,183.38,180.67,1.50,2.83,1.57,0.00,2334249,426848520.78,13856
2026-03-08 00:00:00,CRIZAC,CRIZAC LIMITED,198.40,205.00,188.22,195.88,195.13,0.38,16.78,8.46,1.68,2333300,456234846.41,41637
2026-03-08 00:00:00,MARSONS,MARSONS LIMITED,111.15,113.49,109.35,110.45,110.04,0.37,4.14,3.72,1.01,2317039,258453217.26,8991
2026-03-08 00:00:00,HCLTECH,HCL TECHNOLOGIES LTD,1352.00,1377.00,1343.50,1377.00,1346.90,2.23,33.50,2.48,0.38,2314332,3137412666.60,101947
2026-03-08 00:00:00,GATECHDVR,GACM TECHNOLOGIES LIMITED,0.54,0.59,0.53,0.53,0.53,0.00,0.06,11.11,1.89,2299277,1249657.84,529
2026-03-08 00:00:00,HUDCO,HSG & URBAN DEV CORPN LTD,195.90,200.39,195.90,199.38,195.10,2.19,4.49,2.29,0.41,2281853,453018647.87,27349
2026-03-08 00:00:00,KISSHT,ONEMI TECHNOLOGY SOL LTD,320.00,321.65,307.00,313.60,317.80,-1.32,14.65,4.58,0.69,2279384,716940922.95,62620
2026-03-08 00:00:00,CHOLAFIN,CHOLAMANDALAM IN & FIN CO,1870.40,1913.00,1861.10,1888.20,1849.90,2.07,51.90,2.77,1.11,2277492,4300551577.90,86522
2026-03-08 00:00:00,ZENSARTECH,ZENSAR TECHNOLOGIES  LTD,510.15,521.00,500.60,518.00,507.95,1.98,20.40,4.00,0.43,2261287,1158604303.95,34075
2026-03-08 00:00:00,INDUSTOWER,INDUS TOWERS LIMITED,394.00,398.30,390.10,395.30,391.10,1.07,8.20,2.08,0.74,2253714,889535407.70,34763
2026-03-08 00:00:00,UPL,UPL LIMITED,606.45,622.60,598.00,620.00,604.30,2.60,24.60,4.06,0.36,2234338,1382016064.70,34705
2026-03-08 00:00:00,THOMASCOOK,THOMAS COOK (INDIA) LTD,106.00,109.90,105.90,107.15,104.27,2.76,4.00,3.77,1.66,2230082,241300603.55,14105
2026-03-08 00:00:00,VIKASECO,VIKAS ECOTECH LIMITED,1.09,1.14,1.09,1.11,1.09,1.83,0.05,4.59,0.00,2204741,2462699.23,1186
2026-03-08 00:00:00,THELEELA,LEELA PALACES HOTEL LTD,505.00,517.95,498.00,501.80,494.60,1.46,19.95,3.95,2.10,2192952,1115242397.10,61550
2026-03-08 00:00:00,LICHSGFIN,LIC HOUSING FINANCE LTD,525.50,527.00,515.10,519.00,523.10,-0.78,11.90,2.26,0.46,2191300,1138793308.45,43372
2026-03-08 00:00:00,KUSUMGAR,KUSUMGAR LIMITED,587.95,633.00,583.60,615.80,582.85,5.65,49.40,8.40,0.88,2180851,1348817606.15,61801
2026-03-08 00:00:00,M&M,MAHINDRA & MAHINDRA LTD,3465.00,3465.00,3386.20,3428.60,3398.50,0.89,78.80,2.27,1.96,2169303,7392129687.80,128713
2026-03-08 00:00:00,FORTIS,FORTIS HEALTHCARE LTD,953.80,979.60,938.00,940.00,945.00,-0.53,41.60,4.36,0.93,2160190,2067684316.10,46646
2026-03-08 00:00:00,ICICIPRULI,ICICI PRU LIFE INS CO LTD,515.40,522.35,513.80,522.35,515.40,1.35,8.55,1.66,0.00,2151448,1115847805.95,39510
2026-03-08 00:00:00,DRREDDY,DR. REDDY S LABORATORIES,1166.20,1182.00,1160.30,1180.00,1148.10,2.78,21.70,1.86,1.58,2150927,2509924768.90,89061
2026-03-08 00:00:00,ITCHOTELS,ITC HOTELS LIMITED,163.59,167.35,162.80,165.22,162.37,1.76,4.55,2.78,0.75,2135051,353497678.95,33860
2026-03-08 00:00:00,SANSTAR,SANSTAR LIMITED,115.00,123.99,115.00,116.85,111.75,4.56,8.99,7.82,2.91,2123607,255287949.25,18223
2026-03-08 00:00:00,MCX,MULTI COMMODITY EXCHANGE,2700.00,2710.00,2630.10,2642.10,2692.20,-1.86,79.90,2.96,0.29,2108978,5588961714.80,120127
2026-03-08 00:00:00,NILASPACES,NILA SPACES LIMITED,12.00,13.30,11.94,12.74,11.89,7.15,1.36,11.33,0.93,2101294,26944187.45,3189
2026-03-08 00:00:00,VINCOFE,VINTAGE COFFEE N BVRGS L,151.89,156.00,151.05,152.39,149.48,1.95,4.95,3.26,1.61,2097019,322803730.31,16602
2026-03-08 00:00:00,AEGISVOPAK,AEGIS VOPAK TERMINALS LTD,293.00,306.40,292.60,301.80,290.16,4.01,13.80,4.71,0.98,2083398,629136057.10,38458
2026-03-08 00:00:00,GREENPOWER,ORIENT GREEN POWER CO LTD,10.00,10.29,10.00,10.08,9.95,1.31,0.29,2.90,0.50,2062868,20925635.47,4081
2026-03-08 00:00:00,FCSSOFT,FCS SOFTWARE SOLN. LTD.,1.52,1.53,1.49,1.49,1.50,-0.67,0.04,2.63,1.33,2060375,3094982.92,1227
2026-03-08 00:00:00,ALOKINDS,ALOK INDUSTRIES LIMITED,12.01,12.13,12.01,12.04,11.92,1.01,0.12,1.00,0.76,2054221,24786228.38,4049
2026-03-08 00:00:00,TATAPOWER,TATA POWER CO LTD,382.00,382.90,378.05,382.00,380.70,0.34,4.85,1.27,0.34,2051770,782463937.90,39777
2026-03-08 00:00:00,LICI,LIFE INSURA CORP OF INDIA,426.05,431.30,422.95,428.50,424.70,0.89,8.35,1.96,0.32,2043005,874694304.85,23297
2026-03-08 00:00:00,PARACABLES,PARAMOUNT COMM LTD,65.06,67.35,64.16,66.39,64.88,2.33,3.19,4.90,0.28,2042931,134800470.07,11542
2026-03-08 00:00:00,MCLOUD,MAGELLANIC CLOUD LIMITED,29.30,29.64,29.01,29.23,29.29,-0.20,0.63,2.15,0.03,2037635,59765456.21,4183
2026-03-08 00:00:00,NETWORK18,NETWORK18 MEDIA & INV LTD,29.56,29.87,29.25,29.38,29.45,-0.24,0.62,2.10,0.37,2035411,60208919.15,6635
2026-03-08 00:00:00,ATULAUTO,ATUL AUTO LIMITED,521.50,573.75,520.00,563.35,515.45,9.29,53.75,10.31,1.17,1998434,1102988363.00,44570
2026-03-08 00:00:00,QUESS,QUESS CORP LIMITED,335.95,349.50,331.85,345.05,332.55,3.76,17.65,5.25,1.02,1991991,685217548.80,30562
2026-03-08 00:00:00,SCI,SHIPPING CORP OF INDIA LT,294.00,295.75,290.70,292.65,291.45,0.41,5.05,1.72,0.87,1989074,583092177.70,25131
2026-03-08 00:00:00,BSLNIFTY,ADITYBIRLA SL NIF ETF-GR,28.60,29.31,28.20,28.84,28.60,0.84,1.11,3.88,0.00,1988887,57349426.25,8848
2026-03-08 00:00:00,INDHOTEL,THE INDIAN HOTELS CO. LTD,740.00,752.00,739.50,752.00,738.55,1.82,12.50,1.69,0.20,1980772,1475435372.95,29586
2026-03-08 00:00:00,TBZ,TRIB BHIMJI ZAVERI LTD,277.50,292.00,275.00,287.70,276.34,4.11,17.00,6.13,0.42,1976511,566308349.50,30087
2026-03-08 00:00:00,HATHWAY,HATHWAY CABLE & DATACOM,10.77,11.13,10.77,11.05,10.77,2.60,0.36,3.34,0.00,1971674,21635064.06,2723
2026-03-08 00:00:00,DABUR,DABUR INDIA LTD,423.80,426.20,421.40,425.80,421.45,1.03,4.80,1.13,0.56,1969475,835361126.25,30847
2026-03-08 00:00:00,MOM100,MOTILAL OS MIDCAP100 ETF,67.07,68.97,66.51,68.22,67.87,0.52,2.46,3.67,-1.18,1932452,132121353.93,3787
2026-03-08 00:00:00,CONCOR,CONTAINER CORP OF IND LTD,527.00,531.70,522.50,525.00,525.50,-0.10,9.20,1.75,0.29,1928428,1013775979.15,39186
2026-03-08 00:00:00,CAMS,COMPUTER AGE MNGT SER LTD,810.00,815.00,789.80,791.00,796.15,-0.65,25.20,3.11,1.74,1922245,1544732267.25,49977
2026-03-08 00:00:00,LAURUSLABS,LAURUS LABS LIMITED,1821.00,1838.30,1789.10,1811.40,1816.20,-0.26,49.20,2.70,0.26,1919384,3490014250.70,56463
2026-03-08 00:00:00,TIL,TIL LTD,255.05,267.85,248.55,259.90,252.38,2.98,19.30,7.57,1.06,1915163,499417575.55,27956
2026-03-08 00:00:00,CMPDI,CENTRAL MINE P N D INST L,243.80,249.70,243.51,247.49,239.83,3.19,6.19,2.54,1.66,1911924,472170645.13,46264
2026-03-08 00:00:00,IOLCP,IOL CHEM AND PHARMA LTD,147.10,153.90,146.48,151.70,146.33,3.67,7.42,5.04,0.53,1909350,288225319.60,15664
2026-03-08 00:00:00,NCC,NCC LIMITED,143.00,145.81,143.00,144.42,141.08,2.37,2.81,1.97,1.36,1905604,275419820.92,19365
2026-03-08 00:00:00,LTM,LTM LIMITED,4399.00,4720.40,4386.10,4690.00,4362.10,7.52,334.30,7.60,0.85,1900137,8786462034.90,104072
2026-03-08 00:00:00,MUFIN,MUFIN GREEN FINANCE LTD,132.50,135.80,131.50,133.10,131.74,1.03,4.30,3.25,0.58,1896535,254460569.96,8119
2026-03-08 00:00:00,JWL,JUPITER WAGONS LIMITED,259.25,269.55,259.25,264.95,259.20,2.22,10.30,3.97,0.02,1890451,502019896.15,25367
2026-03-08 00:00:00,LT,LARSEN & TOUBRO LTD.,3974.00,4025.00,3962.50,4025.00,3938.90,2.19,62.50,1.57,0.89,1890377,7548984805.70,92604
2026-03-08 00:00:00,INDGN,INDEGENE LIMITED,523.45,554.85,512.30,545.25,515.15,5.84,42.55,8.13,1.61,1886714,1018753073.25,61663
2026-03-08 00:00:00,ARIS,ARISINFRA SOLUTIONS LTD,129.95,133.50,129.00,129.94,128.65,1.00,4.50,3.46,1.01,1878707,246937378.21,12978
2026-03-08 00:00:00,EMBDL,EMBASSY DEVELOPMENTS LTD,62.00,62.30,60.25,60.79,61.14,-0.57,2.05,3.31,1.41,1877185,115176708.64,11737
2026-03-08 00:00:00,CROMPTON,CROMPT GREA CON ELEC LTD,261.50,268.80,260.80,266.30,260.20,2.34,8.00,3.06,0.50,1873396,498157124.25,27339
2026-03-08 00:00:00,FEDFINA,FEDBANK FINANCIAL SER L,156.80,156.80,149.80,150.37,153.83,-2.25,7.00,4.46,1.93,1857400,281115181.27,26324
2026-03-08 00:00:00,NACLIND,NACL INDUSTRIES LIMITED,190.00,193.74,175.00,178.59,188.93,-5.47,18.74,9.86,0.57,1856983,337683965.94,26109
2026-03-08 00:00:00,SHAH,SHAH METACORP LIMITED,3.96,4.08,3.92,4.01,3.84,4.43,0.16,4.04,3.13,1845572,7375458.40,1857
2026-03-08 00:00:00,LODHA,LODHA DEVELOPERS LIMITED,1248.00,1257.80,1226.40,1239.80,1243.95,-0.33,31.40,2.52,0.33,1834226,2273104991.40,25660
2026-03-08 00:00:00,CMRGREEN,CMR GREEN TECHNOLOGIES L,219.00,227.80,217.30,222.58,216.70,2.71,10.50,4.79,1.06,1805490,403058222.33,25610
2026-03-08 00:00:00,SANGHVIMOV,SANGHVI MOVERS LTD,414.95,457.00,412.55,437.50,409.80,6.76,44.45,10.71,1.26,1799166,803719925.00,43130
2026-03-08 00:00:00,DIVISLAB,DIVI S LABORATORIES LTD,8380.00,8585.00,8105.00,8585.00,8056.00,6.57,480.00,5.73,4.02,1798150,15008398635.50,150785
2026-03-08 00:00:00,ADVENZYMES,ADVANCED ENZYME TECH LTD,334.00,343.00,318.60,323.75,315.10,2.75,24.40,7.31,6.00,1793899,590433897.05,33909
2026-03-08 00:00:00,HEMIPROP,HEMISPHERE PROP IND LTD,135.38,141.95,135.10,140.00,134.32,4.23,6.85,5.06,0.79,1780008,248508750.15,9593
2026-03-08 00:00:00,HYUNDAI,HYUNDAI MOTOR INDIA LTD,2212.10,2247.60,2200.00,2207.00,2180.70,1.21,47.60,2.15,1.44,1774484,3937356931.20,72254
2026-03-08 00:00:00,AHCL,ANLON HEALTHCARE LIMITED,14.45,14.85,14.45,14.71,14.61,0.68,0.40,2.77,-1.10,1760550,25958108.08,2692
2026-03-08 00:00:00,KELLTONTEC,KELLTON TECH SOL LTD,14.27,14.40,14.15,14.27,14.18,0.63,0.25,1.75,0.63,1738942,24828873.91,3153
2026-03-08 00:00:00,TATACAP,TATA CAPITAL LIMITED,365.40,370.45,359.90,364.75,365.40,-0.18,10.55,2.89,0.00,1730931,636386288.45,34305
2026-03-08 00:00:00,IGL,INDRAPRASTHA GAS LTD,152.05,156.52,152.05,156.17,151.98,2.76,4.47,2.94,0.05,1720749,267127997.47,34078
2026-03-08 00:00:00,LUPIN,LUPIN LIMITED,2435.00,2440.00,2362.60,2393.00,2415.00,-0.91,77.40,3.18,0.83,1717110,4094970329.50,96482
2026-03-08 00:00:00,ARE&M,AMARA RAJA ENERGY MOB LTD,916.20,939.40,912.00,932.30,910.45,2.40,27.40,2.99,0.63,1710264,1592978394.05,68911
2026-03-08 00:00:00,SSWL,STEEL STRIPS WHEELS LTD.,328.40,328.40,313.05,317.85,310.36,2.41,15.35,4.67,5.81,1702280,544958251.85,24729
2026-03-08 00:00:00,BLS,BLS INTL SERVS LTD,240.00,251.50,239.42,250.75,239.40,4.74,12.08,5.03,0.25,1694645,419361724.77,29051
2026-03-08 00:00:00,PARKHOSPS,PARK MEDI WORLD LIMITED,299.00,302.80,280.00,288.60,292.65,-1.38,22.80,7.63,2.17,1692327,500006993.80,37719
2026-03-08 00:00:00,LXCHEM,LAXMI ORGANIC INDUS LTD,180.45,184.80,178.77,180.46,178.48,1.11,6.03,3.34,1.10,1691485,307870828.64,13902
2026-03-08 00:00:00,MOMMIDCAP,MIRAEAMC - MOMMIDCAP,12.90,12.90,12.52,12.72,12.65,0.55,0.38,2.95,1.98,1688150,21500467.89,823
2026-03-08 00:00:00,SMALLCAP,MIRAEAMC - SMALLCAP,46.83,47.68,46.30,47.40,46.83,1.22,1.38,2.95,0.00,1681432,79835194.55,3990
2026-03-08 00:00:00,SYNGENE,SYNGENE INTERNATIONAL LTD,386.50,403.70,384.00,402.20,385.90,4.22,19.70,5.10,0.16,1674593,667918011.70,41204
2026-03-08 00:00:00,EDELWEISS,EDELWEISS FIN SERV LTD,116.60,118.45,116.04,116.33,115.47,0.74,2.41,2.07,0.98,1669628,195602869.19,17235
2026-03-08 00:00:00,JKTYRE,JK TYRE & INDUSTRIES LTD,405.00,418.25,403.15,410.30,399.75,2.64,15.10,3.73,1.31,1668484,686631844.80,37784
2026-03-08 00:00:00,MMTC,MMTC LIMITED,62.93,64.57,62.55,63.65,62.66,1.58,2.02,3.21,0.43,1667788,106311749.07,9039
2026-03-08 00:00:00,ADANIPORTS,ADANI PORT & SEZ LTD,1713.40,1715.90,1692.80,1701.00,1696.50,0.27,23.10,1.35,1.00,1664693,2837168507.80,72450
2026-03-08 00:00:00,SAMBHV,SAMBHV STEEL TUBES LTD,122.07,123.55,119.00,119.96,120.06,-0.08,4.55,3.73,1.67,1664182,202230035.51,9169
2026-03-08 00:00:00,DLF,DLF LIMITED,668.25,670.90,660.60,668.55,659.30,1.40,10.30,1.54,1.36,1660676,1105863770.05,32490
2026-03-08 00:00:00,PRICOLLTD,PRICOL LIMITED,715.00,740.00,709.45,732.85,696.65,5.20,30.55,4.27,2.63,1638587,1193913486.55,57056
2026-03-08 00:00:00,INTELLECT,INTELLECT DESIGN ARENA,727.70,764.40,722.15,748.85,719.90,4.02,42.25,5.81,1.08,1625516,1220233953.20,50251
2026-03-08 00:00:00,TVSMOTOR,TVS MOTOR COMPANY  LTD,4336.50,4389.00,4281.90,4389.00,4313.10,1.76,107.10,2.47,0.54,1612965,6985415936.90,79715
2026-03-08 00:00:00,A2ZINFRA,A2Z INFRA ENGINEERING LTD,15.76,17.10,15.76,17.10,15.55,9.97,1.34,8.50,1.35,1605294,26905322.77,1930
2026-03-08 00:00:00,ETHOSLTD,ETHOS LIMITED,2556.00,3090.40,2555.90,2962.70,2575.40,15.04,534.50,20.91,-0.75,1592283,4654612422.70,119912
2026-03-08 00:00:00,PSB,PUNJAB & SIND BANK,23.40,23.90,23.40,23.76,23.19,2.46,0.50,2.14,0.91,1577094,37414826.28,4628
2026-03-08 00:00:00,GROWWRAIL,GROWWAMC - GROWWRAIL,29.25,30.00,29.04,29.78,29.02,2.62,0.96,3.28,0.79,1569075,46366888.81,4445
2026-03-08 00:00:00,AASTHA,AASTHA SPINTEX LIMITED,76.60,77.40,76.00,76.12,76.25,-0.17,1.40,1.83,0.46,1564318,119209662.49,3331
2026-03-08 00:00:00,PARAS,PARAS DEF AND SPCE TECH L,1262.80,1323.00,1255.00,1292.30,1256.50,2.85,68.00,5.38,0.50,1553761,2020256514.30,58816
2026-03-08 00:00:00,MARINE,MARINE ELECTRICAL (I) LTD,270.35,290.00,268.00,287.75,266.00,8.18,22.00,8.14,1.64,1548816,435867526.45,20112
2026-03-08 00:00:00,GODFRYPHLP,GODFREY PHILLIPS INDIA LT,2144.80,2269.90,2134.20,2247.00,2133.40,5.32,135.70,6.33,0.53,1547162,3460225455.70,78754
2026-03-08 00:00:00,ENGINERSIN,ENGINEERS INDIA LTD,222.38,228.68,222.38,226.80,222.38,1.99,6.30,2.83,0.00,1543983,350540987.51,26342
2026-03-08 00:00:00,NIVABUPA,NIVA BUPA HEALTH INS CO L,87.21,88.70,86.00,86.56,87.01,-0.52,2.70,3.10,0.23,1535003,134658289.20,16845
2026-03-08 00:00:00,WELSPUNLIV,WELSPUN LIVING LIMITED,156.00,159.37,152.98,154.63,155.94,-0.84,6.39,4.10,0.04,1531380,239561656.23,19873
2026-03-08 00:00:00,ALGOQUANT,ALGOQUANT FINTECH LIMITED,69.00,70.97,67.60,69.34,68.41,1.36,3.37,4.88,0.86,1528105,105238033.89,6412
2026-03-08 00:00:00,VGUARD,V-GUARD IND LTD.,315.00,318.60,311.80,314.70,314.50,0.06,6.80,2.16,0.16,1522820,479623321.60,39587
2026-03-08 00:00:00,GMRP&UI,GMR POW AND URBAN INFRA L,100.00,100.60,96.46,97.18,99.16,-2.00,4.14,4.14,0.85,1512131,147997774.43,12382
2026-03-08 00:00:00,PETRONET,PETRONET LNG LIMITED,280.75,284.85,279.05,284.85,280.75,1.46,5.80,2.07,0.00,1506784,425402815.65,25735
2026-03-08 00:00:00,INDIANB,INDIAN BANK,841.95,853.80,838.00,845.00,836.50,1.02,15.80,1.88,0.65,1497239,1268306727.85,44304
2026-03-08 00:00:00,AUROPHARMA,AUROBINDO PHARMA LTD,1586.90,1591.80,1541.60,1554.70,1580.20,-1.61,50.20,3.16,0.42,1496353,2341846690.80,96457
2026-03-08 00:00:00,LANDSMILL,LANDSMILL GREEN LIMITED,0.82,0.82,0.80,0.80,0.81,-1.23,0.02,2.44,1.23,1487699,1201701.74,883
2026-03-08 00:00:00,PROSTARM,PROSTARM INFO SYSTEMS LTD,127.00,138.00,126.25,135.87,127.04,6.95,11.75,9.25,-0.03,1483618,197234783.05,12719
2026-03-08 00:00:00,JYOTICNC,JYOTI CNC AUTOMATION LTD,814.80,864.20,812.05,858.30,808.65,6.14,52.15,6.40,0.76,1473324,1247635152.55,39134
2026-03-08 00:00:00,BCLIND,BCL INDUSTRIES LIMITED,37.75,38.25,37.00,37.89,36.74,3.13,1.25,3.31,2.75,1467506,55594991.12,7343
2026-03-08 00:00:00,MOGSEC,MOTILALAMC - G5,65.52,67.33,65.00,66.02,65.56,0.70,2.33,3.56,-0.06,1466559,95859954.87,207
2026-03-08 00:00:00,AGL,ALLCARGO GLOBAL LIMITED,12.10,12.55,12.10,12.46,12.23,1.88,0.45,3.72,-1.06,1465955,18099611.65,3101
2026-03-08 00:00:00,TEXRAIL,TEXMACO RAIL & ENG. LTD.,112.49,114.10,112.26,112.91,111.39,1.36,1.84,1.64,0.99,1465480,165855066.69,8709
2026-03-08 00:00:00,RELIGARE,RELIGARE ENTER. LTD.,255.95,262.00,253.80,261.10,253.15,3.14,8.20,3.20,1.11,1464485,377674659.70,12818
2026-03-08 00:00:00,RICOAUTO,RICO AUTO INDUSTRIES LTD,142.50,146.73,141.45,142.07,141.77,0.21,5.28,3.71,0.51,1456704,209605968.76,11951
2026-03-08 00:00:00,RSL,RAJPUTANA STAINLESS LTD,143.00,143.99,140.90,142.89,141.03,1.32,3.09,2.16,1.40,1421684,202086457.79,4619
2026-03-08 00:00:00,ZYDUSLIFE,ZYDUS LIFESCIENCES LTD,1135.00,1135.90,1108.10,1121.00,1126.80,-0.51,27.80,2.45,0.73,1420266,1589405563.20,34923
2026-03-08 00:00:00,SENCO,SENCO GOLD LIMITED,408.90,408.90,366.50,388.10,403.20,-3.75,42.40,10.37,1.41,1410396,555149909.25,31088
2026-03-08 00:00:00,MOSCHIP,MOSCHIP TECHNOLOGIES LTD,209.60,212.90,208.30,210.23,207.80,1.17,4.60,2.19,0.87,1394138,294047747.32,13090
2026-03-08 00:00:00,NLCINDIA,NLC INDIA LIMITED,299.80,301.30,296.60,298.05,297.90,0.05,4.70,1.57,0.64,1390048,416054195.25,28068
2026-03-08 00:00:00,AUBANK,AU SMALL FINANCE BANK LTD,1054.10,1060.00,1038.40,1060.00,1047.30,1.21,21.60,2.05,0.65,1367532,1431275890.10,33222
2026-03-08 00:00:00,VERANDA,VERANDA LEARNING SOL LTD,261.00,265.50,248.00,254.45,259.09,-1.79,17.50,6.70,0.74,1362459,346388990.75,21665
2026-03-08 00:00:00,SIGMA,SIGMA SOLVE LIMITED,53.00,53.98,49.75,50.24,54.98,-8.62,4.23,7.98,-3.60,1362441,69915732.81,7068
2026-03-08 00:00:00,VIKRAMSOLR,VIKRAM SOLAR LIMITED,180.00,181.80,177.30,177.80,177.65,0.08,4.50,2.50,1.32,1360118,244215537.88,15345
2026-03-08 00:00:00,IGIL,INTL GEMOLOGICAL INST LTD,355.00,371.40,354.60,364.95,353.45,3.25,16.80,4.73,0.44,1356968,495572205.90,34386
2026-03-08 00:00:00,AKSHAR,AKSHAR SPINTEX LIMITED,0.39,0.41,0.39,0.40,0.39,2.56,0.02,5.13,0.00,1354682,551265.40,271
2026-03-08 00:00:00,GROWWNIFTY,GROWWAMC - GROWWNIFTY,9.85,10.00,9.71,9.89,9.85,0.41,0.29,2.94,0.00,1349589,13416504.01,12426
2026-03-08 00:00:00,PERSISTENT,PERSISTENT SYSTEMS LTD,5533.50,5575.00,5319.50,5575.00,5549.00,0.47,255.50,4.62,-0.28,1344826,7335282852.00,86493
2026-03-08 00:00:00,MONIFTY500,MOTILALAMC - MONIFTY500,24.67,24.67,24.11,24.19,24.07,0.50,0.56,2.27,2.49,1339302,32399838.76,2032
2026-03-08 00:00:00,DBL,DILIP BUILDCON LIMITED,426.90,464.70,425.90,444.35,429.20,3.53,38.80,9.09,-0.54,1336317,603752738.15,32626
2026-03-08 00:00:00,ROSSTECH,ROSSELL TECHSYS LIMITED,975.95,1086.75,966.00,1067.10,954.10,11.84,120.75,12.37,2.29,1333256,1407500177.25,64988
2026-03-08 00:00:00,ABLBL,ADITYA BIRLA LIFES BRAN L,95.40,96.17,93.85,95.91,94.67,1.31,2.32,2.43,0.77,1330639,126993700.00,11672
2026-03-08 00:00:00,MTNL,MAHANAGAR TELEPHONE NIGAM,27.16,28.60,27.16,28.11,27.03,4.00,1.44,5.30,0.48,1325102,37170522.21,4635
2026-03-08 00:00:00,TATACONSUM,TATA CONSUMER PRODUCT LTD,1085.00,1110.00,1083.10,1110.00,1083.10,2.48,26.90,2.48,0.18,1322017,1447039847.50,45529
2026-03-08 00:00:00,SBFC,SBFC FINANCE LIMITED,90.40,92.35,90.26,92.08,90.40,1.86,2.09,2.31,0.00,1319954,121057016.38,9787
2026-03-08 00:00:00,APTUS,APTUS VALUE HSG FIN I LTD,263.95,265.20,258.50,263.60,261.20,0.92,6.70,2.54,1.05,1314539,344920742.10,28464
2026-03-08 00:00:00,CMSINFO,CMS INFO SYSTEMS LIMITED,267.70,278.60,267.50,275.40,263.70,4.44,11.10,4.15,1.52,1312567,360515398.80,21640
2026-03-08 00:00:00,WEBELSOLAR,WEBSOL ENERGY SYSTEM LTD,98.07,98.70,97.36,97.58,96.69,0.92,1.34,1.37,1.43,1309761,128482513.54,7055
2026-03-08 00:00:00,AFCONS,AFCONS INFRASTRUCTURE LTD,271.15,282.05,271.15,275.95,271.15,1.77,10.90,4.02,0.00,1309257,362036878.95,24059
2026-03-08 00:00:00,GLENMARK,GLENMARK PHARMACEUTICALS,2256.40,2256.40,2162.00,2230.00,2233.90,-0.17,94.40,4.18,1.01,1307223,2894954710.10,63779
2026-03-08 00:00:00,SWSOLAR,STRLNG & WIL REN ENE LTD,205.29,212.47,205.29,208.41,203.96,2.18,7.18,3.50,0.65,1303946,272696269.39,15015
2026-03-08 00:00:00,BHAGCHEM,BHAGIRADHA CHEM & INDS L,291.95,316.90,289.05,298.35,290.75,2.61,27.85,9.54,0.41,1299490,398895217.10,27206
2026-03-08 00:00:00,DHANBANK,DHANLAXMI BANK LIMITED,32.60,33.66,32.27,32.73,32.07,2.06,1.39,4.26,1.65,1294688,42553846.49,5156
2026-03-08 00:00:00,TANLA,TANLA PLATFORMS LIMITED,591.90,618.55,591.00,614.15,586.55,4.71,27.55,4.65,0.91,1281918,782154279.25,29258
2026-03-08 00:00:00,MANINFRA,MAN INFRA LTD,98.99,102.25,98.60,99.82,98.08,1.77,3.65,3.69,0.93,1280728,128685678.26,5456
2026-03-08 00:00:00,TTML,TATA TELESERV(MAHARASTRA),40.75,40.87,40.11,40.21,39.95,0.65,0.76,1.87,2.00,1280580,51687538.51,7046
2026-03-08 00:00:00,RHIM,RHI MAGNESITA INDIA LTD,390.00,419.35,390.00,412.25,388.55,6.10,29.35,7.53,0.37,1273074,523401557.60,30763
2026-03-08 00:00:00,CMLL,CALIBER MINING AND LOG L,566.90,571.65,542.00,566.85,556.10,1.93,29.65,5.23,1.94,1270104,710707879.55,24194
2026-03-08 00:00:00,BAJAJCON,BAJAJ CONSUMER CARE LTD,524.10,534.45,518.45,523.80,524.10,-0.06,16.00,3.05,0.00,1264747,663577262.30,47269
2026-03-08 00:00:00,CASTROLIND,CASTROL INDIA LIMITED,185.54,186.90,184.98,185.84,185.21,0.34,1.92,1.03,0.18,1264598,235296743.03,14505
2026-03-08 00:00:00,GATEWAY,GATEWAY DISTRIPARKS LTD,58.30,59.48,58.00,58.14,57.97,0.29,1.48,2.54,0.57,1261361,73923693.46,8105
2026-03-08 00:00:00,WAKEFIT,WAKEFIT INNOVATIONS LTD,126.20,132.00,125.00,130.05,125.14,3.92,7.00,5.55,0.85,1247319,161061355.48,9580
2026-03-08 00:00:00,DHAMPURSUG,DHAMPUR SUGAR MILLS LTD.,139.50,146.25,138.46,143.84,135.48,6.17,7.79,5.58,2.97,1242280,177976668.64,18192
2026-03-08 00:00:00,PGEL,PG ELECTROPLAST LTD,616.00,629.00,612.20,618.00,613.35,0.76,16.80,2.73,0.43,1239700,769525806.35,20556
2026-03-08 00:00:00,ATGL,ADANI TOTAL GAS LIMITED,655.90,677.85,654.00,667.60,651.45,2.48,23.85,3.64,0.68,1235916,827960967.55,32775
2026-03-08 00:00:00,NESTLEIND,NESTLE INDIA LIMITED,1509.50,1530.00,1505.40,1530.00,1509.60,1.35,24.60,1.63,-0.01,1232625,1868260379.40,50032
2026-03-08 00:00:00,GROWWPOWER,GROWWAMC - GROWWPOWER,11.69,11.69,11.52,11.62,11.56,0.52,0.17,1.45,1.12,1228437,14277556.77,2893
2026-03-08 00:00:00,ALPHA,KOTAKMAMC - KOTAKALPHA,52.32,52.43,51.93,52.24,51.93,0.60,0.50,0.96,0.75,1226216,64091072.69,2850
2026-03-08 00:00:00,HAVELLS,HAVELLS INDIA LIMITED,1261.90,1287.30,1259.10,1285.00,1260.70,1.93,28.20,2.23,0.10,1214090,1548265998.00,29693
2026-03-08 00:00:00,RPTECH,RASHI PERIPHERALS LIMITED,840.00,889.00,822.05,883.65,833.55,6.01,66.95,7.97,0.77,1212672,1051038697.05,44857
2026-03-08 00:00:00,ABB,ABB INDIA LIMITED,7243.50,7657.00,7243.00,7601.00,7284.50,4.34,414.00,5.72,-0.56,1207164,9001932245.00,97429
2026-03-08 00:00:00,TBOTEK,TBO TEK LIMITED,1542.90,1677.60,1540.40,1615.90,1531.20,5.53,137.20,8.89,0.76,1205579,1964931246.00,69102
2026-03-08 00:00:00,MOCAPITAL,MOTILALAMC - MOCAPITAL,53.67,53.67,52.55,52.76,53.38,-1.16,1.12,2.09,0.54,1203129,63850691.47,5676
2026-03-08 00:00:00,PNBHOUSING,PNB HOUSING FIN LTD.,1057.00,1094.50,1049.70,1090.00,1053.10,3.50,44.80,4.24,0.37,1194896,1294498484.80,47694
2026-03-08 00:00:00,EXICOM,EXICOM TELE SYSTEMS LTD,160.70,165.92,159.96,163.95,158.37,3.52,5.96,3.71,1.47,1190577,193956080.55,10228
2026-03-08 00:00:00,NH,NARAYANA HRUDAYALAYA LTD.,1999.00,1999.00,1914.00,1919.70,2029.20,-5.40,85.00,4.25,-1.49,1188916,2297406833.20,64370
2026-03-08 00:00:00,MAXHEALTH,MAX HEALTHCARE INS LTD,1109.80,1113.90,1089.00,1100.40,1098.50,0.17,24.90,2.24,1.03,1187048,1310267642.70,36521
2026-03-08 00:00:00,WOCKPHARMA,WOCKHARDT LIMITED,1967.00,2035.00,1941.00,2028.40,1959.70,3.51,94.00,4.78,0.37,1182004,2362370148.90,58478
2026-03-08 00:00:00,GREAVESCOT,GREAVES COTTON LTD.,240.00,241.85,231.20,232.67,238.05,-2.26,10.65,4.44,0.82,1179564,278826185.17,19485
2026-03-08 00:00:00,KAYNES,KAYNES TECHNOLOGY IND LTD,3830.00,3866.80,3760.00,3805.00,3804.60,0.01,106.80,2.79,0.67,1176113,4477279665.00,70307
2026-03-08 00:00:00,GROWWSLVR,GROWWAMC - GROWWSLVR,21.23,21.36,21.12,21.15,21.16,-0.05,0.24,1.13,0.33,1175641,24930633.33,3183
2026-03-08 00:00:00,JINDALSTEL,JINDAL STEEL LIMITED,1114.00,1128.30,1105.10,1105.10,1102.40,0.24,23.20,2.08,1.05,1173261,1305568774.50,32751
2026-03-08 00:00:00,JTLIND,JTL INDUSTRIES LIMITED,77.40,77.40,75.30,75.73,75.39,0.45,2.10,2.71,2.67,1165467,89020046.88,8357
2026-03-08 00:00:00,NIACL,THE NEW INDIA ASSU CO LTD,178.49,178.49,174.72,175.46,173.62,1.06,3.77,2.11,2.80,1164311,205101085.52,16237
2026-03-08 00:00:00,VIKRAN,VIKRAN ENGINEERING LTD,72.70,73.84,72.10,72.54,72.19,0.48,1.74,2.39,0.71,1164030,85004412.60,5361
2026-03-08 00:00:00,GHCLTEXTIL,GHCL TEXTILES LIMITED,113.01,118.30,113.01,114.36,113.62,0.65,5.29,4.68,-0.54,1159893,133831682.64,12272
2026-03-08 00:00:00,TENNIND,TENNECO CLEAN AIR INDIA L,543.00,553.90,540.65,544.60,537.95,1.24,13.25,2.44,0.94,1154720,631552595.80,46338
2026-03-08 00:00:00,CSM,CSM TECHNOLOGIES LIMITED,102.52,108.20,101.10,104.88,104.78,0.10,7.10,6.93,-2.16,1147334,122170519.65,9290
2026-03-08 00:00:00,CANHLIFE,CANARA HSBC LIFE INS CO L,148.00,154.80,147.15,150.92,146.45,3.05,7.65,5.17,1.06,1146685,172490394.22,11486
2026-03-08 00:00:00,ADANIENSOL,ADANI ENERGY SOLUTION LTD,1654.30,1676.00,1635.80,1647.00,1645.40,0.10,40.20,2.43,0.54,1135101,1876009583.20,38730
2026-03-08 00:00:00,SAKSOFT,SAKSOFT LIMITED,171.80,177.39,170.00,176.57,169.30,4.29,7.39,4.30,1.48,1129208,198169739.36,13837
2026-03-08 00:00:00,TPHQ,TEAMO PRODUCTIONS HQ LTD,0.42,0.44,0.42,0.42,0.42,0.00,0.02,4.76,0.00,1122867,479960.22,325
2026-03-08 00:00:00,MOL,MEGHMANI ORGANICS LIMITED,54.33,55.70,53.90,54.36,53.88,0.89,1.80,3.31,0.84,1111172,60815130.06,4767
2026-03-08 00:00:00,RAILTEL,RAILTEL CORP OF IND LTD,284.30,293.70,283.15,292.25,284.50,2.72,10.55,3.71,-0.07,1106898,320886888.65,22178
2026-03-08 00:00:00,GPIL,GODAWARI POW & ISP LTD,244.05,248.95,240.00,244.37,242.40,0.81,8.95,3.67,0.68,1106208,273114134.80,18018
2026-03-08 00:00:00,SYRMA,SYRMA SGS TECHNOLOGY LTD,1380.00,1397.50,1351.60,1360.60,1366.80,-0.45,45.90,3.33,0.97,1098353,1505681397.70,44937
2026-03-08 00:00:00,PVTBANKADD,DSPAMC - DSPPVBKETF,28.02,28.37,27.43,27.76,27.90,-0.50,0.94,3.35,0.43,1098199,30873787.37,439
2026-03-08 00:00:00,MODEFENCE,MOTILALAMC - MODEFENCE,101.01,103.44,100.75,102.98,102.34,0.63,2.69,2.66,-1.30,1090925,112471296.52,8523
2026-03-08 00:00:00,IMAGICAA,IMAGICAAWORLD ENT LTD,47.24,49.85,47.18,49.09,46.99,4.47,2.67,5.65,0.53,1090738,53038629.98,4524
2026-03-08 00:00:00,ASKAUTOLTD,ASK AUTOMOTIVE LIMITED,535.00,577.95,529.00,569.65,528.05,7.88,48.95,9.15,1.32,1082723,600182776.85,39691
2026-03-08 00:00:00,SARVESHWAR,SARVESHWAR FOODS LIMITED,3.46,3.50,3.36,3.38,3.38,0.00,0.14,4.05,2.37,1074130,3657559.48,1824
2026-03-08 00:00:00,NEWGEN,NEWGEN SOFTWARE TECH LTD,559.00,569.75,553.55,562.75,555.70,1.27,16.20,2.90,0.59,1071891,603503896.55,28094
2026-03-08 00:00:00,JINDALSAW,JINDAL SAW LIMITED,256.75,260.80,253.25,259.30,256.95,0.91,7.55,2.94,-0.08,1071375,275153747.10,23315
2026-03-08 00:00:00,TI,TILAKNAGAR INDUSTRIES LTD,465.90,481.00,464.20,465.80,465.15,0.14,16.80,3.61,0.16,1070931,506186456.15,23489
2026-03-08 00:00:00,MSCIINDIA,KOTAKMAMC - MSCIINDIA,29.30,30.54,29.30,30.50,30.15,1.16,1.24,4.23,-2.82,1069823,32640313.85,232
2026-03-08 00:00:00,HAPPSTMNDS,HAPPIEST MINDS TECHNO LTD,377.20,387.00,371.35,384.00,377.20,1.80,15.65,4.15,0.00,1063697,405332893.20,32628
2026-03-08 00:00:00,EMMVEE,EMMVEE PHOTOVOLTAIC PWR L,319.75,323.50,314.40,319.55,317.60,0.61,9.10,2.85,0.68,1059943,339539179.95,26346
2026-03-08 00:00:00,SYNCOMF,SYNCOM FORMU (I) LTD,13.30,13.48,13.00,13.19,13.12,0.53,0.48,3.61,1.37,1054189,14024942.36,2853
2026-03-08 00:00:00,BECTORFOOD,MRS BECTORS FOOD SPE LTD,207.34,213.20,207.13,211.27,206.46,2.33,6.07,2.93,0.43,1052608,222189540.43,13624
2026-03-08 00:00:00,DATAPATTNS,DATA PATTERNS INDIA LTD,4300.70,4455.00,4236.10,4428.80,4281.00,3.45,218.90,5.09,0.46,1046196,4557166740.00,78504
2026-03-08 00:00:00,PFOCUS,PRIME FOCUS LIMITED,287.50,304.50,285.00,298.75,287.11,4.05,19.50,6.78,0.14,1045783,313001981.60,21691
2026-03-08 00:00:00,ASIANPAINT,ASIAN PAINTS LIMITED,2770.90,2810.00,2762.10,2810.00,2747.30,2.28,47.90,1.73,0.86,1040453,2890424435.50,54451
2026-03-08 00:00:00,SATIN,SATIN CREDIT NET LTD,239.00,240.00,230.20,230.70,239.81,-3.80,9.80,4.10,-0.34,1031247,241270205.16,15942
2026-03-08 00:00:00,EICHERMOT,EICHER MOTORS LTD,7900.00,8056.00,7852.00,8050.00,7833.50,2.76,204.00,2.58,0.85,1009396,8070998222.00,83688
2026-03-08 00:00:00,ELECTCAST,ELECTROSTEEL CASTINGS LTD,70.98,72.99,70.98,71.80,70.65,1.63,2.01,2.83,0.47,1007842,72837853.48,9385
2026-03-08 00:00:00,IPL,INDIA PESTICIDES LIMITED,144.01,152.48,142.40,148.57,154.15,-3.62,10.08,7.00,-6.58,1006156,147418009.75,11778
2026-03-08 00:00:00,INDIGO,INTERGLOBE AVIATION LTD,5300.00,5402.00,5276.00,5400.00,5171.00,4.43,126.00,2.38,2.49,990927,5307860572.00,70011
2026-03-08 00:00:00,TARIL,TRANS & RECTI. LTD,299.05,302.50,295.00,295.50,296.50,-0.34,7.50,2.51,0.86,989409,294585853.80,17715
2026-03-08 00:00:00,KNRCON,KNR CONSTRU LTD.,121.85,127.70,121.85,126.53,121.85,3.84,5.85,4.80,0.00,983664,123196906.73,9333
2026-03-08 00:00:00,KRISHANA,KRISHANA PHOSCHEM LIMITED,183.70,186.00,178.50,180.38,182.95,-1.40,7.50,4.08,0.41,980090,178736711.44,13813
2026-03-08 00:00:00,V2RETAIL,V2 RETAIL LIMITED,218.50,223.36,216.00,218.64,219.33,-0.31,7.36,3.37,-0.38,976692,214093577.35,16319
2026-03-08 00:00:00,ROLEXRINGS,ROLEX RINGS LIMITED,139.06,141.70,137.65,139.10,136.95,1.57,4.05,2.91,1.54,975005,136783378.36,14255
2026-03-08 00:00:00,RADHIKAJWE,RADHIKA JEWELTECH LIMITED,72.45,73.49,70.85,71.22,71.75,-0.74,2.64,3.64,0.98,974269,70540724.01,7741
2026-03-08 00:00:00,HBLENGINE,HBL ENGINEERING LTD,724.00,741.70,721.65,739.20,718.70,2.85,20.05,2.77,0.74,967783,711993258.60,27827
2026-03-08 00:00:00,MOREALTY,MOTILALAMC - MOREALTY,91.30,91.31,89.63,90.41,90.31,0.11,1.68,1.84,1.10,963160,87317385.92,2409
2026-03-08 00:00:00,MARUTI,MARUTI SUZUKI INDIA LTD.,14300.00,14440.00,13901.00,14150.00,14234.00,-0.59,539.00,3.77,0.46,961183,13566817027.00,133296
2026-03-08 00:00:00,ASHOKA,ASHOKA BUILDCON LTD,121.92,122.68,120.80,121.12,121.09,0.02,1.88,1.54,0.69,960055,116557484.73,6122
2026-03-08 00:00:00,ANTHEM,ANTHEM BIOSCIENCES LTD,819.00,832.95,802.20,829.85,809.20,2.55,30.75,3.75,1.21,960047,790584073.25,44115
2026-03-08 00:00:00,GRANULES,GRANULES INDIA LIMITED,827.80,848.65,814.20,843.20,824.65,2.25,34.45,4.16,0.38,957769,803895487.75,40900
2026-03-08 00:00:00,JYOTHYLAB,JYOTHY LABS LIMITED,200.83,207.40,199.84,206.06,198.85,3.63,7.56,3.76,1.00,941754,193549290.76,22751
2026-03-08 00:00:00,NAUKRI,INFO EDGE (I) LTD,1231.80,1268.80,1231.80,1268.80,1226.25,3.47,37.00,3.00,0.45,937278,1175387214.90,43753
2026-03-08 00:00:00,TITAGARH,TITAGARH RAIL SYSTEMS LTD,825.40,869.90,825.40,859.05,825.20,4.10,44.50,5.39,0.02,929203,794766891.50,35752
2026-03-08 00:00:00,OMNI,OMNITECH ENGINEERING LTD,588.00,638.50,583.85,602.30,580.95,3.68,54.65,9.29,1.21,920924,566266921.30,33197
2026-03-08 00:00:00,COCHINSHIP,COCHIN SHIPYARD LIMITED,1430.00,1448.60,1423.50,1441.90,1423.00,1.33,25.10,1.76,0.49,919243,1324522140.50,35482
2026-03-08 00:00:00,GENUSPOWER,GENUS POWER INFRASTRU LTD,314.75,319.95,314.00,316.00,312.70,1.06,5.95,1.89,0.66,918619,291423776.10,14337
2026-03-08 00:00:00,ICICIGI,ICICI LOMBARD GIC LIMITED,1632.70,1675.00,1632.70,1675.00,1623.70,3.16,42.30,2.59,0.55,908054,1501649001.50,25599
2026-03-08 00:00:00,ASHAPURMIN,ASHAPURA MINECHEM LTD,709.65,731.00,708.00,717.85,702.55,2.18,23.00,3.24,1.01,903568,652871032.95,22721
2026-03-08 00:00:00,CESC,CESC LTD,166.00,169.10,164.58,165.98,165.57,0.25,4.52,2.72,0.26,901195,149841914.75,18409
2026-03-08 00:00:00,ASHIKAG,ASHIKA GLOBAL SEC LTD,509.90,520.95,471.10,477.50,498.55,-4.22,49.85,9.78,2.28,900303,441814422.90,14523
2026-03-08 00:00:00,ADANIENT,ADANI ENTERPRISES LIMITED,3025.00,3077.00,3024.50,3068.00,3009.50,1.94,52.50,1.74,0.52,891429,2726738681.50,43917
2026-03-08 00:00:00,KCP,KCP LTD,161.60,165.39,148.98,152.97,161.57,-5.32,16.41,10.15,0.02,890397,139015442.59,18639
2026-03-08 00:00:00,INDOBORAX,INDO BORAX & CHEMICAL LTD,378.15,422.35,373.00,418.70,374.90,11.68,49.35,13.05,0.87,889883,365970097.50,27670
2026-03-08 00:00:00,INDUSINDBK,INDUSIND BANK LIMITED,1019.00,1028.90,1013.30,1028.90,1012.45,1.62,15.60,1.53,0.65,887652,905090675.40,30372
2026-03-08 00:00:00,GABRIEL,GABRIEL INDIA LTD,1465.30,1542.00,1461.00,1527.40,1441.80,5.94,81.00,5.53,1.63,886748,1336417066.60,44089
2026-03-08 00:00:00,SBILIFE,SBI LIFE INSURANCE CO LTD,1899.00,1915.00,1882.80,1915.00,1882.00,1.75,32.20,1.70,0.90,885610,1685216079.10,38971
2026-03-08 00:00:00,TRENT,TRENT LTD,3035.00,3050.00,3002.90,3050.00,3005.90,1.47,47.10,1.55,0.97,883208,2669856689.90,53186
2026-03-08 00:00:00,CHAMBLFERT,CHAMBAL FERTILIZERS LTD,440.00,455.70,439.75,455.00,438.90,3.67,15.95,3.62,0.25,882614,398919318.95,16512
2026-03-08 00:00:00,RCF,RASHTRIYA CHEMICALS & FER,127.40,129.59,127.11,127.62,127.40,0.17,2.48,1.95,0.00,881041,113022284.69,7226
2026-03-08 00:00:00,GPPL,GUJARAT PIPAVAV PORT LTD,151.45,152.79,150.50,151.37,150.27,0.73,2.29,1.51,0.79,879659,133316476.89,12843
2026-03-08 00:00:00,GRAPHITE,GRAPHITE INDIA LTD,657.00,672.00,654.35,657.95,656.40,0.24,17.65,2.69,0.09,878541,581838281.65,19853
2026-03-08 00:00:00,COASTCORP,COASTAL CORPORATION LTD,49.01,56.68,49.01,51.04,48.84,4.50,7.67,15.65,0.35,876777,46289350.54,4271
2026-03-08 00:00:00,KABRAEXTRU,KABRA EXTRUSION TECHNIK L,401.00,447.95,395.00,418.60,394.95,5.99,52.95,13.20,1.53,873684,371602394.60,27866
2026-03-08 00:00:00,RALLIS,RALLIS INDIA LTD,218.50,220.96,216.61,217.82,217.14,0.31,4.35,1.99,0.63,863483,188504506.60,22714
2026-03-08 00:00:00,MSPL,MSP STEEL & POWER LTD.,34.47,35.51,34.25,35.07,34.31,2.22,1.26,3.66,0.47,857318,30128109.17,3913
2026-03-08 00:00:00,POONAWALLA,POONAWALLA FINCORP LTD,468.00,474.40,464.70,471.90,463.55,1.80,9.70,2.07,0.96,855124,402411574.90,21035
2026-03-08 00:00:00,SERVOTECH,SERVOTECH REN POW SYS LTD,87.10,87.96,84.81,85.75,85.88,-0.15,3.15,3.62,1.42,853663,73318365.28,7665
2026-03-08 00:00:00,ACE,ACTION CONST EQUIP LTD,1072.00,1114.80,1071.40,1105.40,1070.30,3.28,43.40,4.05,0.16,853582,936519294.10,34111
2026-03-08 00:00:00,AYE,AYE FINANCE LIMITED,167.97,175.49,166.41,172.60,166.52,3.65,9.08,5.41,0.87,852884,147624198.98,13902
2026-03-08 00:00:00,GROWWNET,GROWWAMC - GROWWNET,10.00,10.35,10.00,10.31,10.04,2.69,0.35,3.50,-0.40,844267,8658922.73,2071
2026-03-08 00:00:00,VRLLOG,VRL LOGISTICS LIMITED,265.65,273.30,260.75,272.10,265.65,2.43,12.55,4.72,0.00,842000,225579566.40,12441
2026-03-08 00:00:00,TORNTPHARM,TORRENT PHARMACEUTICALS L,5250.00,5250.00,5007.50,5050.00,5122.80,-1.42,242.50,4.62,2.48,841750,4273155047.50,74887
2026-03-08 00:00:00,TEJASNET,TEJAS NETWORKS LIMITED,517.95,527.35,516.15,519.60,513.00,1.29,11.20,2.16,0.96,835876,436118229.85,17336
2026-03-08 00:00:00,STEELXIND,STEEL EXCHANGE INDIA LTD,11.26,11.49,11.22,11.40,11.23,1.51,0.27,2.40,0.27,835801,9483163.30,1882
2026-03-08 00:00:00,ASIANENE,ASIAN ENERGY SERVICES LTD,408.90,418.00,402.05,410.65,398.55,3.04,15.95,3.90,2.60,835789,344629336.05,16969
2026-03-08 00:00:00,BLSE,BLS E-SERVICES LIMITED,306.10,307.65,298.10,299.80,300.66,-0.29,9.55,3.12,1.81,824838,249793490.05,12933
2026-03-08 00:00:00,KIMS,KRISHNA INST OF MED SCI L,805.95,826.65,804.20,820.60,804.70,1.98,22.45,2.79,0.16,818769,668109717.10,24514
2026-03-08 00:00:00,UNOMINDA,UNO MINDA LIMITED,1195.00,1219.60,1185.00,1210.00,1180.50,2.50,34.60,2.90,1.23,818368,988267259.20,39246
2026-03-08 00:00:00,SBICARD,SBI CARDS & PAY SER LTD,661.00,674.20,658.45,665.05,660.15,0.74,15.75,2.38,0.13,816319,545388220.90,25820
2026-03-08 00:00:00,TATATECH,TATA TECHNOLOGIES LIMITED,748.55,768.90,748.00,763.80,747.65,2.16,20.90,2.79,0.12,814680,620516067.55,29830
2026-03-08 00:00:00,OSWALPUMPS,OSWAL PUMPS LIMITED,332.90,339.15,329.60,331.25,329.15,0.64,9.55,2.87,1.14,812409,271332836.90,19291
2026-03-08 00:00:00,CIPLA,CIPLA LTD,1475.00,1480.60,1454.30,1474.40,1473.20,0.08,26.30,1.78,0.12,811745,1190560929.20,31756
2026-03-08 00:00:00,KEC,KEC INTL. LIMITED,473.75,482.85,472.35,478.75,468.95,2.09,10.50,2.22,1.02,806688,386109605.55,21616
2026-03-08 00:00:00,AARTIIND,AARTI INDUSTRIES LTD,486.35,492.55,482.00,486.80,489.10,-0.47,10.55,2.17,-0.56,805775,393378465.55,18506
2026-03-08 00:00:00,DCBBANK,DCB BANK LIMITED,189.00,191.89,187.16,191.09,186.09,2.69,4.73,2.50,1.56,801482,153016010.70,9628
2026-03-08 00:00:00,KRBL,KRBL LIMITED,350.00,381.00,350.00,373.70,351.10,6.44,31.00,8.86,-0.31,798295,294502486.40,17457
2026-03-08 00:00:00,SPARC,SUN PHARMA ADV.RES.CO.LTD,207.11,213.29,207.02,207.93,206.21,0.83,6.27,3.03,0.44,793057,166386459.54,11158
2026-03-08 00:00:00,WEL,WONDER ELECTRICALS LTD,122.90,128.50,120.11,123.02,119.55,2.90,8.39,6.83,2.80,791935,98891488.69,6533
2026-03-08 00:00:00,ORIENTPPR,ORIENT PAPER AND INDS LTD,18.20,19.35,18.05,19.05,18.37,3.70,1.30,7.14,-0.93,790848,14841998.89,1635
2026-03-08 00:00:00,SHRINGARMS,SHRINGAR HOU OF MANGALS L,225.01,232.40,225.01,229.85,222.84,3.15,7.39,3.28,0.97,786356,180267952.81,5765
2026-03-08 00:00:00,RITES,RITES LIMITED,214.90,221.32,214.90,219.31,214.09,2.44,6.42,2.99,0.38,785441,172250332.14,13629
2026-03-08 00:00:00,EXXARO,EXXARO TILES LIMITED,6.10,6.36,5.99,6.11,6.06,0.83,0.37,6.07,0.66,783552,4776223.53,770
2026-03-08 00:00:00,SAMHI,SAMHI HOTELS LIMITED,179.90,184.75,178.32,181.68,179.84,1.02,6.43,3.57,0.03,777492,141274495.32,11332
2026-03-08 00:00:00,ONEPOINT,ONE POINT ONE SOL LTD,58.00,58.38,56.25,56.90,57.46,-0.97,2.13,3.67,0.94,776161,44352577.53,6023
2026-03-08 00:00:00,PACEDIGITK,PACE DIGITEK LIMITED,206.35,207.67,201.01,201.59,205.38,-1.85,6.66,3.23,0.47,775987,158347703.24,8123
2026-03-08 00:00:00,NELCO,NELCO LTD,1024.10,1026.00,995.50,1000.80,1015.65,-1.46,30.50,2.98,0.83,772071,777362029.40,22831
2026-03-08 00:00:00,GMDCLTD,GUJARAT MINERAL DEV CORP,562.00,569.00,558.25,561.00,564.25,-0.58,10.75,1.91,-0.40,769090,433362771.40,19481
2026-03-08 00:00:00,WABAG,VA TECH WABAG LTD,1987.30,2027.00,1971.00,2012.00,1977.20,1.76,56.00,2.82,0.51,760477,1516776756.20,38957
2026-03-08 00:00:00,RATEGAIN,RATEGAIN TRAVEL TECHN LTD,929.00,978.90,927.00,965.40,918.40,5.12,51.90,5.59,1.15,757521,727769358.25,27442
2026-03-08 00:00:00,NRBBEARING,NRB BEARING LIMITED,418.40,440.25,416.50,433.80,409.90,5.83,23.75,5.68,2.07,756420,327214293.75,15597
2026-03-08 00:00:00,SKIPPER,SKIPPER LIMITED,533.90,555.00,531.60,549.15,527.75,4.05,23.40,4.38,1.17,755981,412060211.95,18497
2026-03-08 00:00:00,ELLEN,ELLENBARRIE INDUS GASES L,267.95,280.50,265.10,273.05,263.45,3.64,15.40,5.75,1.71,751725,206382540.30,11603
2026-03-08 00:00:00,SWANCORP,SWAN CORP LIMITED,308.05,312.30,308.05,310.20,307.80,0.78,4.25,1.38,0.08,751667,233014535.70,14201
2026-03-08 00:00:00,MINDACORP,MINDA CORPORATION LTD,703.05,735.90,699.50,727.60,700.95,3.80,36.40,5.18,0.30,749804,544513608.00,32658
2026-03-08 00:00:00,PREMIERPOL,PREMIER POLYFILM LTD,67.60,75.80,67.60,73.56,69.78,5.42,8.20,12.13,-3.12,748386,54512186.01,8198
2026-03-08 00:00:00,LTFOODS,LT FOODS LIMITED,414.50,417.00,408.70,415.30,410.35,1.21,8.30,2.00,1.01,748298,309815378.75,22032
2026-03-08 00:00:00,TIRUMALCHM,THIRUMALAI CHEMICALS LTD,175.25,183.74,175.00,183.12,174.25,5.09,8.74,4.99,0.57,747837,135706163.34,9944
2026-03-08 00:00:00,DELTACORP,DELTA CORP LIMITED,63.29,63.94,63.12,63.40,62.97,0.68,0.82,1.30,0.51,744582,47323925.56,3902
2026-03-08 00:00:00,HINDUNILVR,HINDUSTAN UNILEVER LTD.,2107.00,2138.00,2105.30,2138.00,2101.30,1.75,32.70,1.55,0.27,740649,1568908252.00,47718
2026-03-08 00:00:00,JNKINDIA,JNK INDIA LIMITED,430.00,430.00,405.20,410.85,437.55,-6.10,24.80,5.77,-1.73,732715,305883236.25,17851
2026-03-08 00:00:00,DIXON,DIXON TECHNO (INDIA) LTD,13875.00,14085.00,13579.00,13892.00,14049.00,-1.12,506.00,3.65,-1.24,728101,10096518927.00,94021
2026-03-08 00:00:00,HONASA,HONASA CONSUMER LIMITED,447.25,461.80,437.30,458.20,449.55,1.92,24.50,5.48,-0.51,725342,329084776.25,27046
2026-03-08 00:00:00,HEG,HEG LTD,661.00,671.80,652.40,665.25,657.25,1.22,19.40,2.93,0.57,722406,480718929.30,15889
2026-03-08 00:00:00,LALPATHLAB,DR. LAL PATH LABS LTD.,1920.00,1941.70,1880.60,1900.40,1905.20,-0.25,61.10,3.18,0.78,718505,1365244434.30,55770
2026-03-08 00:00:00,TDPOWERSYS,TD POWER SYSTEMS LTD.,1145.00,1152.70,1106.10,1112.40,1131.00,-1.64,46.60,4.07,1.24,711212,799713306.20,37887
2026-03-08 00:00:00,COMFINTE,COMFORT INTECH LTD.,6.99,7.05,6.89,6.89,6.91,-0.29,0.16,2.29,1.16,710523,4933314.11,731
2026-03-08 00:00:00,SUNDARAM,SUNDARAM MULTI PAP LTD,1.27,1.29,1.24,1.25,1.23,1.63,0.05,3.94,3.25,707839,898586.89,330
2026-03-08 00:00:00,MOIL,MOIL LIMITED,283.45,286.75,280.55,282.05,281.05,0.36,6.20,2.19,0.85,707805,200513039.05,11047
2026-03-08 00:00:00,THERMAX,THERMAX LTD,4302.50,4319.00,4070.80,4122.20,4306.00,-4.27,248.20,5.77,-0.08,707697,2930442573.20,81689
2026-03-08 00:00:00,VAKRANGEE,VAKRANGEE LIMITED,5.97,6.05,5.95,5.99,5.97,0.34,0.10,1.68,0.00,706924,4246131.06,1552
2026-03-08 00:00:00,GOKULAGRO,GOKUL AGRO RESOURCES LTD,225.00,236.90,224.99,231.58,225.11,2.87,11.91,5.29,-0.05,704955,163348321.42,12395
2026-03-08 00:00:00,SIKKO,SIKKO INDUSTRIES LIMITED,5.41,5.45,5.33,5.37,5.30,1.32,0.12,2.22,2.08,701908,3780213.66,909
2026-03-08 00:00:00,WELCORP,WELSPUN CORP LIMITED,1672.00,1721.90,1659.20,1715.30,1650.60,3.92,62.70,3.75,1.30,698272,1186943059.30,30970
2026-03-08 00:00:00,PARAGMILK,PARAG MILK FOODS LTD.,218.00,227.00,216.19,225.47,214.31,5.21,10.81,4.96,1.72,695232,154876898.25,9926
2026-03-08 00:00:00,JSWCEMENT,JSW CEMENT LIMITED,134.00,134.75,132.15,132.90,133.10,-0.15,2.60,1.94,0.68,692633,92647893.03,10380
2026-03-08 00:00:00,NEXT50BETA,UTIAMC-NEXT50BETA,80.12,80.25,78.83,79.39,79.32,0.09,1.42,1.77,1.01,692464,55356726.63,1229
2026-03-08 00:00:00,MOTILALOFS,MOTILAL OSWAL FIN LTD,861.00,873.75,852.70,867.95,851.95,1.88,21.05,2.44,1.06,688125,596434385.50,25315
2026-03-08 00:00:00,MBAPL,MADHYA BHARAT AGRO P. LTD,161.80,164.00,158.50,160.01,160.20,-0.12,5.50,3.40,1.00,686146,110896319.04,10289
2026-03-08 00:00:00,IT,KOTAKMAMC - KOTAKIT,34.83,35.14,33.75,34.95,34.15,2.34,1.39,3.99,1.99,685778,23750848.13,1573
2026-03-08 00:00:00,SMALL250,MIRAEAMC - SMALL250,18.04,18.50,18.02,18.28,17.97,1.73,0.48,2.66,0.39,678931,12378355.18,1296
2026-03-08 00:00:00,ESCORTS,ESCORTS KUBOTA LIMITED,3110.00,3150.00,3043.40,3135.50,3086.00,1.60,106.60,3.43,0.78,678771,2111942301.40,55083
2026-03-08 00:00:00,HEXT,HEXAWARE TECHNOLOGIES LTD,567.40,569.85,549.10,559.85,561.65,-0.32,20.75,3.66,1.02,676648,376300092.20,23743
2026-03-08 00:00:00,JSFB,JANA SMALL FIN BANK LTD,579.00,593.00,573.60,584.85,575.00,1.71,19.40,3.35,0.70,673070,393308022.15,24389
2026-03-08 00:00:00,WAAREEENER,WAAREE ENERGIES LIMITED,2705.00,2719.00,2670.20,2676.00,2680.20,-0.16,48.80,1.80,0.93,671684,1807426501.60,37056
2026-03-08 00:00:00,GUJENERGY,GUJARAT ENERGY LIMITED,277.30,281.90,274.80,277.55,274.50,1.11,7.10,2.56,1.02,670676,186446683.50,28482
2026-03-08 00:00:00,MUTHOOTMF,MUTHOOT MICROFIN LIMITED,246.78,249.40,230.10,235.66,245.46,-3.99,19.30,7.82,0.54,670040,161486623.21,10967
2026-03-08 00:00:00,RAYMOND,RAYMOND LTD,589.40,609.30,584.05,602.00,580.10,3.78,25.25,4.28,1.60,668558,401914737.55,15953
2026-03-08 00:00:00,KAJARIACER,KAJARIA CERAMICS LTD,1220.30,1223.00,1188.20,1214.70,1198.30,1.37,34.80,2.85,1.84,664373,802908604.10,45153
2026-03-08 00:00:00,RAYMONDLSL,RAYMOND LIFESTYLE LIMITED,699.60,754.00,677.00,727.30,710.50,2.36,77.00,11.01,-1.53,659709,484452754.95,26114
2026-03-08 00:00:00,SURYODAY,SURYODAY SMALL FIN BK LTD,163.10,166.75,162.30,163.73,161.92,1.12,4.45,2.73,0.73,659356,108536896.56,7440
2026-03-08 00:00:00,AADHARHFC,AADHAR HOUSING FINANCE L,502.05,515.95,490.40,504.15,496.70,1.50,25.55,5.09,1.08,656790,329242569.90,25125
2026-03-08 00:00:00,MUNJALSHOW,MUNJAL SHOWA LTD,138.11,147.10,138.11,143.47,137.35,4.46,8.99,6.51,0.55,653918,93909468.14,6484
2026-03-08 00:00:00,MARKSANS,MARKSANS PHARMA LIMITED,259.00,264.00,258.85,262.25,258.35,1.51,5.15,1.99,0.25,653691,171470970.00,18207
2026-03-08 00:00:00,PIDILITIND,PIDILITE INDUSTRIES LTD,1623.00,1642.50,1622.00,1642.50,1611.40,1.93,20.50,1.26,0.72,653565,1065002264.70,19289
2026-03-08 00:00:00,ASTRAL,ASTRAL LIMITED,1465.00,1465.70,1425.20,1435.60,1448.60,-0.90,40.50,2.76,1.13,652477,941540138.50,33076
2026-03-08 00:00:00,AVANTIFEED,AVANTI FEEDS LIMITED,907.35,931.90,901.00,907.30,899.60,0.86,30.90,3.41,0.86,650344,593202429.20,21901
2026-03-08 00:00:00,MEDICO,MEDICO REMEDIES LIMITED,49.70,51.49,47.00,49.66,48.87,1.62,4.49,9.03,1.70,649441,31797413.01,2118
2026-03-08 00:00:00,POLICYBZR,PB FINTECH LIMITED,1607.00,1650.00,1600.60,1650.00,1601.50,3.03,49.40,3.07,0.34,648291,1054701031.90,44383
2026-03-08 00:00:00,BLUSPRING,BLUSPRING ENTERPRISES LTD,115.85,120.99,112.05,114.78,115.85,-0.92,8.94,7.72,0.00,643179,75295485.41,6226
2026-03-08 00:00:00,THYROCARE,THYROCARE TECH LTD,583.00,608.00,582.50,592.55,579.00,2.34,25.50,4.37,0.69,642124,383447266.90,22371
2026-03-08 00:00:00,EIEL,ENVIRO INFRA ENGINEERS L,223.00,224.40,221.10,222.64,220.06,1.17,3.30,1.48,1.34,641485,142884281.05,10811
2026-03-08 00:00:00,MANKIND,MANKIND PHARMA LIMITED,2458.00,2497.90,2442.20,2483.00,2469.60,0.54,55.70,2.27,-0.47,639674,1584447378.50,29159
2026-03-08 00:00:00,GROWWEV,GROWWAMC - GROWWEV,32.66,33.32,32.45,33.15,32.66,1.50,0.87,2.66,0.00,637915,21076070.56,3565
2026-03-08 00:00:00,SKMEGGPROD,SKM EGG PROD EXPORT(I) LT,249.85,249.85,241.00,242.33,249.85,-3.01,8.85,3.54,0.00,636187,155487209.21,10459
2026-03-08 00:00:00,AVANTEL,AVANTEL LIMITED,162.00,164.79,162.00,162.99,161.89,0.68,2.79,1.72,0.07,634730,103782794.46,6984
2026-03-08 00:00:00,TEGA,TEGA INDUSTRIES LIMITED,1485.50,1613.00,1485.50,1587.70,1485.50,6.88,127.50,8.58,0.00,631620,988568718.60,45272
2026-03-08 00:00:00,SAKUMA,SAKUMA EXPORTS LIMITED,1.63,1.67,1.63,1.64,1.64,0.00,0.04,2.45,-0.61,629153,1037026.84,1024
2026-03-08 00:00:00,APOLLOTYRE,APOLLO TYRES LTD,432.25,438.35,430.95,436.60,428.15,1.97,7.40,1.71,0.96,623690,271692584.05,19506
2026-03-08 00:00:00,ARVIND,ARVIND LIMITED,517.80,537.40,516.50,528.95,513.20,3.07,20.90,4.04,0.90,623621,330610444.95,25417
2026-03-08 00:00:00,ASTERDM,ASTER DM QUALITY CARE LTD,825.05,836.50,808.00,815.15,822.15,-0.85,28.50,3.45,0.35,623483,510437261.50,36482
2026-03-08 00:00:00,APCOTEXIND,APCOTEX INDUSTRIES LIMITE,614.00,636.00,605.10,617.60,611.35,1.02,30.90,5.03,0.43,621211,385490371.00,18927
2026-03-08 00:00:00,GLOBE,GLOBE ENTERPRISE (I) LTD,2.05,2.18,2.01,2.10,2.09,0.48,0.17,8.29,-1.91,620321,1303007.06,351
2026-03-08 00:00:00,PREMIERENE,PREMIER ENERGIES LIMITED,1027.30,1040.10,1020.70,1020.70,1022.20,-0.15,19.40,1.89,0.50,617990,636506053.00,17129
2026-03-08 00:00:00,GODREJCP,GODREJ CONSUMER PRODUCTS,1072.10,1100.00,1071.10,1085.90,1070.40,1.45,28.90,2.70,0.16,615866,667832001.60,25517
2026-03-08 00:00:00,GODIGIT,GO DIGIT GENERAL INS LTD,255.00,264.00,252.80,262.75,254.30,3.32,11.20,4.39,0.28,611681,159695824.65,13522
2026-03-08 00:00:00,CENTRUM,CENTRUM CAPITAL LIMITED,23.81,24.76,23.52,24.09,23.73,1.52,1.24,5.21,0.34,611346,14730636.58,2087
2026-03-08 00:00:00,SIEMENS,SIEMENS LTD,3741.70,3905.00,3694.20,3900.00,3760.00,3.72,210.80,5.63,-0.49,609663,2357216695.30,40750
2026-03-08 00:00:00,SHANKARA,SHANKARA BLDG PRODUCT LTD,143.30,144.90,141.10,141.92,141.87,0.04,3.80,2.65,1.01,608991,86509089.48,1411
2026-03-08 00:00:00,LLOYDSME,LLOYDS METALS N ENERGY L,2050.90,2068.00,2035.10,2050.60,2047.00,0.18,32.90,1.60,0.19,607387,1246443217.50,41936
2026-03-08 00:00:00,JLHL,JUPITER LIFE LINE HOSP L,325.00,325.00,310.30,319.00,331.50,-3.77,14.70,4.52,-1.96,607371,192810072.10,32790
2026-03-08 00:00:00,AEROFLEX,AEROFLEX INDUSTRIES LTD,435.70,439.75,428.10,431.40,435.45,-0.93,11.65,2.67,0.06,607121,263534452.70,12783
2026-03-08 00:00:00,SMCGLOBAL,SMC GLOBAL SECURITIES LTD,81.90,81.90,79.40,79.94,80.83,-1.10,2.50,3.05,1.32,606571,48522843.78,2388
2026-03-08 00:00:00,VINDHYATEL,VINDHYA TELELINKS LTD,2185.90,2383.00,2073.60,2383.00,1985.90,20.00,309.40,14.15,10.07,605417,1368915020.30,48758
2026-03-08 00:00:00,LOWVOL1,KOTAKMAMC - KOTAKLOVOL,21.53,21.98,21.53,21.86,21.67,0.88,0.45,2.09,-0.65,603966,13182955.51,277
2026-03-08 00:00:00,HEROMOTOCO,HERO MOTOCORP LIMITED,5425.00,5460.50,5388.00,5460.00,5386.00,1.37,72.50,1.34,0.72,602971,3275218274.50,49858
2026-03-08 00:00:00,MIDCAP,KOTAKMAMC - KOTAKMID50,18.01,18.98,18.01,18.61,18.48,0.70,0.97,5.39,-2.54,602905,11238867.92,1157
2026-03-08 00:00:00,GROWWCAPM,GROWWAMC - GROWWCAPM,11.27,11.31,11.07,11.12,11.22,-0.89,0.24,2.13,0.45,601299,6707730.65,1335
2026-03-08 00:00:00,BLUEDART,BLUE DART EXPRESS LTD,5560.00,5745.00,5326.00,5427.00,5160.30,5.17,419.00,7.54,7.75,601176,3320243691.50,88033
2026-03-08 00:00:00,BATAINDIA,BATA INDIA LTD,693.10,716.00,693.10,709.65,696.15,1.94,22.90,3.30,-0.44,600705,425863816.75,20094
2026-03-08 00:00:00,GICRE,GENERAL INS CORP OF INDIA,359.50,363.75,357.05,358.05,356.60,0.41,6.70,1.86,0.81,600417,216075950.95,17445
2026-03-08 00:00:00,BFSI,MIRAEAMC - MAFSETF,27.78,28.20,27.43,27.90,27.61,1.05,0.77,2.77,0.62,599668,16726057.42,1194
2026-03-08 00:00:00,SANDHAR,SANDHAR TECHNOLOGIES LTD,632.80,658.00,620.60,647.95,626.80,3.37,37.40,5.91,0.96,597937,385704813.05,19749
2026-03-08 00:00:00,NORTHARC,NORTHERN ARC CAPITAL LTD,290.00,295.60,282.00,284.65,287.00,-0.82,13.60,4.69,1.05,597266,172934931.30,8573
2026-03-08 00:00:00,TAKE,TAKE SOLUTIONS LTD,21.99,22.45,21.00,22.36,21.42,4.39,1.45,6.59,2.66,596965,13170006.33,1220
2026-03-08 00:00:00,BHARATFORG,BHARAT FORGE LTD,2218.00,2232.50,2192.00,2211.00,2199.80,0.51,40.50,1.83,0.83,596791,1317534048.40,33516
2026-03-08 00:00:00,GCSL,GRETEX CORPORATE SERVICES,528.95,528.95,506.00,508.75,520.55,-2.27,22.95,4.34,1.61,596679,305739022.55,5707
2026-03-08 00:00:00,GESHIP,THE GE SHPG.LTD,1358.00,1412.20,1358.00,1398.40,1350.40,3.55,54.20,3.99,0.56,595738,835058715.20,46564
2026-03-08 00:00:00,FINOPB,FINO PAYMENTS BANK LTD,160.05,166.16,160.05,162.25,159.09,1.99,6.11,3.82,0.60,594852,97087658.56,7669
2026-03-08 00:00:00,ALEMBICLTD,ALEMBIC LIMITED,91.35,92.17,91.07,91.67,91.13,0.59,1.10,1.20,0.24,594583,54467510.23,3829
2026-03-08 00:00:00,IXIGO,LE TRAVENUES TECHNOLOGY L,199.85,204.58,198.13,199.60,197.62,1.00,6.45,3.23,1.13,591507,118523553.44,14413
2026-03-08 00:00:00,RANASUG,RANA SUGARS LTD.,11.81,12.82,11.81,12.52,11.81,6.01,1.01,8.55,0.00,589199,7357436.96,2045
2026-03-08 00:00:00,AEROPLANE,AMIR CHAND JAG KUM (E) L,204.90,206.90,198.00,198.62,200.34,-0.86,8.90,4.34,2.28,587646,119322850.52,6248
2026-03-08 00:00:00,STARHEALTH,STAR HEALTH & AL INS CO L,598.65,600.85,586.50,592.60,601.00,-1.40,14.35,2.40,-0.39,586750,347640141.20,32109
2026-03-08 00:00:00,GAYAHWS,GAYATRI HIGHWAYS LIMITED,2.11,2.11,1.92,2.00,2.02,-0.99,0.19,9.00,4.46,584877,1167076.12,419
2026-03-08 00:00:00,DCW,DCW LTD,46.46,47.30,46.28,46.73,46.19,1.17,1.02,2.20,0.58,584703,27432918.02,2625
2026-03-08 00:00:00,PVRINOX,PVR INOX LIMITED,1142.90,1153.00,1131.50,1141.40,1130.60,0.96,21.50,1.88,1.09,583974,666628048.40,58630
2026-03-08 00:00:00,AVADHSUGAR,AVADH SUG & ENERGY LTD,510.00,575.00,510.00,558.70,504.00,10.85,65.00,12.75,1.19,578282,314572828.80,19065
2026-03-08 00:00:00,HIKAL,HIKAL LIMITED,222.20,234.80,222.20,229.90,221.31,3.88,12.60,5.67,0.40,575992,132580167.01,9340
2026-03-08 00:00:00,MIDSMALL,MIRAEAMC - MIDSMALL,51.21,51.57,51.10,51.42,51.17,0.49,0.47,0.92,0.08,572832,29453690.11,988
2026-03-08 00:00:00,COMSYN,COMMERCIAL SYN BAGS LTD,215.00,218.80,208.00,208.72,214.81,-2.84,10.80,5.02,0.09,565652,118597418.32,3932
2026-03-08 00:00:00,WALCHANNAG,WALCHANDNAGAR INDUSTRIES,234.58,239.50,227.41,229.33,232.00,-1.15,12.09,5.15,1.11,564388,132086809.05,8047
2026-03-08 00:00:00,PNCINFRA,PNC INFRATECH LTD.,249.09,251.60,245.01,247.58,246.12,0.59,6.59,2.65,1.21,562424,139854835.32,17034
2026-03-08 00:00:00,EBGNG,GNG ELECTRONICS LIMITED,539.15,547.00,516.85,535.20,528.65,1.24,30.15,5.59,1.99,561641,299579167.60,21505
2026-03-08 00:00:00,AETHER,AETHER INDUSTRIES LIMITED,1561.00,1574.90,1492.70,1509.50,1539.60,-1.96,82.20,5.27,1.39,557752,849303294.00,37869
2026-03-08 00:00:00,USHAMART,USHA MARTIN LTD.,503.00,513.00,500.00,504.05,495.95,1.63,13.00,2.58,1.42,557146,283287167.40,16664
2026-03-08 00:00:00,GROWWHOSPI,GROWWAMC - GROWWHOSPI,54.37,55.22,54.00,54.08,54.37,-0.53,1.22,2.24,0.00,555963,30230102.84,1609
2026-03-08 00:00:00,CAMPUS,CAMPUS ACTIVEWEAR LIMITED,223.90,225.00,222.38,223.20,222.35,0.38,2.62,1.17,0.70,553988,123884648.56,12924
2026-03-08 00:00:00,HEALTHY,BIRLASLAMC - HEALTHY,17.51,17.51,17.09,17.12,17.20,-0.47,0.42,2.40,1.80,552949,9519044.49,1753
2026-03-08 00:00:00,HITECH,HI-TECH PIPES LIMITED,84.99,86.90,84.99,85.49,84.65,0.99,1.91,2.25,0.40,552712,47611201.83,3505
2026-03-08 00:00:00,CHOICEIN,CHOICE INTERNATIONAL LTD,828.00,835.80,821.00,828.10,822.95,0.63,14.80,1.79,0.61,550388,456955305.45,8558
2026-03-08 00:00:00,FEDDERSHOL,FEDDERS HOLDING LTD.,42.00,43.00,41.93,42.40,42.17,0.55,1.07,2.55,-0.40,546391,23126334.69,2677
2026-03-08 00:00:00,NDL,NANDAN DENIM LIMITED,2.38,2.40,2.36,2.37,2.36,0.42,0.04,1.68,0.85,545178,1297512.28,954
2026-03-08 00:00:00,SARDAEN,SARDA ENERGY & MIN LTD,523.00,538.00,515.20,516.20,516.60,-0.08,22.80,4.36,1.24,542580,282335955.65,16187
2026-03-08 00:00:00,BALKRISIND,BALKRISHNA IND. LTD,2478.50,2521.90,2442.10,2492.20,2473.50,0.76,79.80,3.22,0.20,541456,1346996572.10,41221
2026-03-08 00:00:00,MANALIPETC,MANALI PETROCHEMICALS LT,64.89,68.50,64.25,66.64,64.89,2.70,4.25,6.55,0.00,541344,36019278.75,4528
2026-03-08 00:00:00,SHAKTIPUMP,SHAKTI PUMPS (I) LTD,525.50,526.95,517.05,518.80,520.40,-0.31,9.90,1.88,0.98,540773,282374681.45,19131
2026-03-08 00:00:00,ZYDUSWELL,ZYDUS WELLNESS LIMITED,570.00,578.45,557.00,559.85,577.55,-3.06,21.45,3.76,-1.31,540492,306625868.05,33412
2026-03-08 00:00:00,GROWWMETAL,GROWWAMC - GROWWMETAL,12.14,12.40,12.14,12.24,12.14,0.82,0.26,2.14,0.00,540113,6613515.03,2310
2026-03-08 00:00:00,MONEXT50,MOTILALAMC - MONEXT50,73.86,74.44,73.86,73.97,73.07,1.23,0.58,0.79,1.08,539926,39969079.54,158
2026-03-08 00:00:00,E2E,E2E NETWORKS LIMITED,536.35,543.00,526.90,543.00,517.15,5.00,16.10,3.00,3.71,539520,290375584.10,4742
2026-03-08 00:00:00,ADVANCE,ADVANCE AGROLIFE LIMITED,126.26,129.00,122.30,124.56,125.01,-0.36,6.70,5.31,1.00,539029,68416076.81,4261
2026-03-08 00:00:00,RUSHIL,RUSHIL DECOR LIMITED,17.84,17.84,16.81,16.99,17.23,-1.39,1.03,5.77,3.54,538624,9295564.63,1409
2026-03-08 00:00:00,ZAGGLE,ZAGGLE PREPA OCEAN SER L,206.01,208.31,203.10,205.85,204.60,0.61,5.21,2.53,0.69,537714,110657148.02,9375
2026-03-08 00:00:00,KCPSUGIND,KCP SUGAR IND CORP LTD.,32.27,33.00,30.80,32.59,31.95,2.00,2.20,6.82,1.00,537049,17368575.30,1855
2026-03-08 00:00:00,VISAKAIND,VISAKA INDUSTRIES LIMITED,86.75,88.66,86.00,86.99,85.34,1.93,2.66,3.07,1.65,535341,46878972.80,4165
2026-03-08 00:00:00,HDFCAMC,HDFC AMC LIMITED,2640.00,2644.80,2562.20,2600.60,2615.80,-0.58,82.60,3.13,0.93,534990,1384511957.80,49789
2026-03-08 00:00:00,EVINDIA,MIRAEAMC - EVINDIA,33.65,33.65,32.87,33.12,32.83,0.88,0.78,2.32,2.50,534370,17694556.02,3168
2026-03-08 00:00:00,BANKBETA,UTIAMC-BANKBETA,59.23,60.02,58.82,59.75,59.12,1.07,1.20,2.03,0.19,531315,31828764.84,1453
2026-03-08 00:00:00,NAVA,NAVA LIMITED,561.80,589.40,556.20,579.90,553.45,4.78,33.20,5.91,1.51,527726,306305289.80,23033
2026-03-08 00:00:00,SHREEJISPG,SHREEJI SHIPPING GLOBAL L,648.95,673.00,648.95,666.55,645.35,3.29,24.05,3.71,0.56,525755,347349245.90,9206
2026-03-08 00:00:00,VIDYAWIRES,VIDYA WIRES LIMITED,92.40,93.50,92.06,93.23,91.64,1.74,1.44,1.56,0.83,524651,48740819.09,4059
2026-03-08 00:00:00,VSTIND,VST INDUSTRIES LTD,221.50,223.56,217.00,219.29,221.50,-1.00,6.56,2.96,0.00,522416,114875833.57,9646
2026-03-08 00:00:00,LGEINDIA,LG ELECTRONICS INDIA LTD,1510.90,1574.00,1499.00,1569.80,1490.50,5.32,75.00,4.96,1.37,520588,808177651.30,27881
2026-03-08 00:00:00,FINPIPE,FINOLEX INDUSTRIES LTD,163.48,166.60,163.16,165.79,162.37,2.11,3.44,2.10,0.68,520336,86013007.97,16203
2026-03-08 00:00:00,SUDEEPPHRM,SUDEEP PHARMA LIMITED,893.50,913.95,862.35,867.60,881.05,-1.53,51.60,5.78,1.41,516361,456507222.50,23238
2026-03-08 00:00:00,NAM-INDIA,NIPPON L I A M LTD,1171.10,1178.40,1161.00,1165.00,1161.40,0.31,17.40,1.49,0.84,515538,601841977.20,26640
2026-03-08 00:00:00,COLPAL,COLGATE PALMOLIVE LTD.,2076.10,2116.60,2050.10,2077.00,2076.10,0.04,66.50,3.20,0.00,515125,1069332406.20,32295
2026-03-08 00:00:00,CLEANMAX,CLEAN MAX ENVIRO EN SOL L,1373.00,1417.50,1338.00,1349.50,1335.60,1.04,79.50,5.79,2.80,514965,705297441.60,42465
2026-03-08 00:00:00,KANSAINER,KANSAI NEROLAC PAINTS LTD,197.19,205.26,197.19,204.18,196.74,3.78,8.07,4.09,0.23,514487,104765884.11,17125
2026-03-08 00:00:00,KFINTECH,KFIN TECHNOLOGIES LIMITED,943.70,953.55,934.25,945.00,937.90,0.76,19.30,2.05,0.62,514392,485676845.00,17955
2026-03-08 00:00:00,SULA,SULA VINEYARDS LIMITED,172.24,172.25,164.05,165.32,170.71,-3.16,8.20,4.76,0.90,512289,85901683.08,8224
2026-03-08 00:00:00,GENESYS,GENESYS INTL CORPN LTD,275.00,298.75,274.95,298.75,271.60,10.00,23.80,8.65,1.25,511803,148698405.70,10538
2026-03-08 00:00:00,GPTHEALTH,GPT HEALTHCARE LIMITED,169.64,170.00,163.00,163.94,170.49,-3.84,7.00,4.13,-0.50,509164,84672998.04,7818
2026-03-08 00:00:00,BBOX,BLACK BOX LIMITED,769.00,796.00,742.20,753.70,755.50,-0.24,53.80,7.00,1.79,509040,391550096.20,27422
2026-03-08 00:00:00,CHEMICAL,KOTAKMAMC - CHEMICAL,29.75,30.87,29.75,30.69,30.17,1.72,1.12,3.76,-1.39,507603,15519847.96,1226
2026-03-08 00:00:00,SANDUMA,SANDUR MANG & IRON ORES L,214.00,215.86,210.50,212.05,212.84,-0.37,5.36,2.50,0.55,507588,107924517.62,7283
2026-03-08 00:00:00,FUSION,FUSION FINANCE LIMITED,208.86,218.09,207.50,210.78,207.83,1.42,10.59,5.07,0.50,505834,107016626.42,11073
2026-03-08 00:00:00,TITAN,TITAN COMPANY LIMITED,4875.20,5000.00,4851.80,5000.00,4875.20,2.56,148.20,3.04,0.00,505420,2475265143.60,48696
2026-03-08 00:00:00,GLAND,GLAND PHARMA LIMITED,2505.60,2585.00,2494.10,2579.20,2502.90,3.05,90.90,3.63,0.11,502554,1286519330.40,33396
2026-03-08 00:00:00,MFSL,MAX FINANCIAL SERV LTD,1519.10,1542.50,1510.00,1542.50,1499.00,2.90,32.50,2.14,1.34,500008,763672786.20,34250
2026-03-08 00:00:00,MAZDOCK,MAZAGON DOCK SHIPBUIL LTD,2387.40,2412.00,2375.50,2390.00,2381.80,0.34,36.50,1.53,0.24,498319,1190787057.00,23023
2026-03-08 00:00:00,DMART,AVENUE SUPERMARTS LIMITED,3945.10,4017.00,3912.10,4015.00,3921.00,2.40,104.90,2.66,0.61,497304,1979749552.60,32754
2026-03-08 00:00:00,YATRA,YATRA ONLINE LIMITED,108.99,109.58,106.68,107.63,106.48,1.08,2.90,2.66,2.36,494101,53422004.17,5978
2026-03-08 00:00:00,PVP,PVP VENTURES LIMITED,27.05,27.39,26.65,27.10,26.83,1.01,0.74,2.74,0.82,493615,13335328.09,1355
2026-03-08 00:00:00,MOQUALITY,MOTILALAMC - MOQUALITY,204.56,219.90,204.30,206.55,204.09,1.21,15.60,7.63,0.23,491673,100952128.51,105
2026-03-08 00:00:00,PARASPETRO,PARAS PETROFILS LTD.,2.53,2.59,2.43,2.44,2.47,-1.21,0.16,6.32,2.43,491460,1240483.29,540
2026-03-08 00:00:00,HMAAGRO,HMA AGRO INDUSTRIES LTD,20.51,21.50,20.51,20.89,20.52,1.80,0.99,4.83,-0.05,491190,10332577.26,1898
2026-03-08 00:00:00,POCL,PONDY OXIDES & CHEM LTD,529.00,552.90,529.00,550.45,525.10,4.83,23.90,4.52,0.74,490666,267326482.90,13446
2026-03-08 00:00:00,ROUTE,ROUTE MOBILE LIMITED,540.00,549.50,531.10,537.05,540.00,-0.55,18.40,3.41,0.00,488967,264854566.15,15246
2026-03-08 00:00:00,ICIL,INDO COUNT INDUSTRIES LTD,401.25,415.85,401.25,409.70,401.25,2.11,14.60,3.64,0.00,487006,199142232.10,15247
2026-03-08 00:00:00,VTL,VARDHMAN TEXTILES LIMITED,585.80,592.00,576.00,588.35,585.80,0.44,16.00,2.73,0.00,480679,280150989.30,19708
2026-03-08 00:00:00,SEIL,SHANTI EDU INITIATIVES L,207.62,209.78,204.50,205.00,205.09,-0.04,5.28,2.54,1.23,480068,99131895.59,5619
2026-03-08 00:00:00,NITCO,NITCO LIMITED,107.84,109.90,107.20,108.09,107.60,0.46,2.70,2.50,0.22,479633,51904105.43,3850
2026-03-08 00:00:00,ACUTAAS,ACUTAAS CHEMICALS LIMITED,3100.00,3150.70,3025.00,3116.40,3104.90,0.37,125.70,4.05,-0.16,479397,1488216960.30,60422
2026-03-08 00:00:00,GVT&D,GE VERNOVA T&D INDIA LTD,4323.00,4370.00,4267.90,4370.00,4323.30,1.08,102.10,2.36,-0.01,478516,2069887915.30,42815
2026-03-08 00:00:00,SHILPAMED,SHILPA MEDICARE LTD,616.10,629.75,614.10,623.55,611.25,2.01,15.65,2.54,0.79,477775,297084842.80,16867
2026-03-08 00:00:00,SHYAMMETL,SHYAM METALICS AND ENGY L,1041.80,1044.80,1017.50,1025.10,1031.30,-0.60,27.30,2.62,1.02,477723,491211791.80,13036
2026-03-08 00:00:00,RSYSTEMS,R SYS INTERNATIONAL LTD,264.20,275.40,262.15,273.80,262.46,4.32,13.25,5.02,0.66,477441,128988541.75,16613
2026-03-08 00:00:00,STAR,STRIDES PHARMA SCI LTD,1034.00,1043.30,1000.00,1028.50,1025.00,0.34,43.30,4.19,0.88,472242,481764442.20,24875
2026-03-08 00:00:00,JAYBARMARU,JAY BHARAT MARUTI LTD,165.00,165.12,160.00,162.17,160.59,0.98,5.12,3.10,2.75,471198,76827567.70,5777
2026-03-08 00:00:00,CIEINDIA,CIE AUTOMOTIVE INDIA LTD,409.45,422.00,409.45,419.65,408.60,2.70,12.55,3.07,0.21,467187,195394874.65,19585
2026-03-08 00:00:00,HAL,HINDUSTAN AERONAUTICS LTD,4660.40,4699.00,4647.50,4690.00,4646.50,0.94,51.50,1.11,0.30,466729,2180869526.80,36570
2026-03-08 00:00:00,GUJALKALI,GUJARAT ALKALIES & CHEM,689.00,719.00,680.05,697.25,670.80,3.94,38.95,5.65,2.71,465124,328927918.55,18113
2026-03-08 00:00:00,SAPPHIRE,SAPPHIRE FOODS INDIA LTD,184.75,188.50,182.06,187.48,185.11,1.28,6.44,3.49,-0.19,464853,86482314.79,11065
2026-03-08 00:00:00,FDC,FDC LIMITED,409.80,425.05,399.05,404.65,409.80,-1.26,26.00,6.34,0.00,464734,190598357.90,20542
2026-03-08 00:00:00,DENTA,DENTA WATER N INFRA SOL L,358.75,366.00,352.25,364.05,354.25,2.77,13.75,3.83,1.27,460266,165820420.65,12535
2026-03-08 00:00:00,IRISDOREME,IRIS CLOTHINGS LIMITED,53.26,54.50,52.81,53.52,52.96,1.06,1.69,3.17,0.57,459911,24535351.61,2782
2026-03-08 00:00:00,UTTAMSUGAR,UTTAM SUGAR MILLS LTD.,223.40,243.00,223.00,240.45,222.33,8.15,20.00,8.95,0.48,459755,109430291.74,10757
2026-03-08 00:00:00,HUHTAMAKI,HUHTAMAKI INDIA LIMITED,298.00,310.70,295.50,300.00,298.14,0.62,15.20,5.10,-0.05,459416,139268004.05,9008
2026-03-08 00:00:00,SIRCA,SIRCA PAINT INDIA LIMITED,425.00,436.00,422.45,430.70,420.45,2.44,13.55,3.19,1.08,458544,197399626.90,5890
2026-03-08 00:00:00,HDFCMID150,HDFCAMC - HDFCMID150,24.00,24.00,23.43,23.67,23.38,1.24,0.57,2.38,2.65,458400,10844460.15,1941
2026-03-08 00:00:00,BLACKBUCK,BLACKBUCK LIMITED,545.20,555.00,541.00,551.00,542.50,1.57,14.00,2.57,0.50,455290,249924836.45,19008
2026-03-08 00:00:00,VIVIDHA,VISAGAR POLYTEX LTD,0.55,0.55,0.51,0.52,0.52,0.00,0.04,7.27,5.77,449682,239735.94,221
2026-03-08 00:00:00,PSUBANK,KOTAK PSU BANK,83.95,85.50,83.33,84.54,83.65,1.06,2.17,2.58,0.36,448463,38153198.09,1187
2026-03-08 00:00:00,AFFLE,AFFLE 3I LIMITED,1608.70,1668.20,1580.00,1663.00,1586.00,4.85,88.20,5.48,1.43,447915,735310141.60,40703
2026-03-08 00:00:00,IVALUE,IVALUE INFOSOLUTIONS LTD,272.55,282.00,271.35,274.70,274.05,0.24,10.65,3.91,-0.55,446702,123205651.40,6970
2026-03-08 00:00:00,AONETOTAL,AONEAMC - AONETOTAL,11.94,12.10,11.91,12.02,11.94,0.67,0.19,1.59,0.00,444230,5353079.76,2084
2026-03-08 00:00:00,GULPOLY,GULSHAN POLYOLS LIMITED,199.00,206.99,196.61,198.50,197.32,0.60,10.38,5.22,0.85,442709,89573819.76,7264
2026-03-08 00:00:00,CEMPRO,CEMINDIA PROJECTS LIMITED,1375.00,1375.00,1326.10,1363.30,1367.80,-0.33,48.90,3.56,0.53,439717,595217819.60,20005
2026-03-08 00:00:00,YASHO,YASHO INDUSTRIES LIMITED,4120.00,4223.30,3701.10,3884.80,3858.70,0.68,522.20,12.67,6.77,438114,1749925052.20,61781
2026-03-08 00:00:00,PFS,PTC INDIA FIN SERV LTD,27.84,28.77,27.82,28.41,27.73,2.45,0.95,3.41,0.40,433258,12277203.91,3004
2026-03-08 00:00:00,SURYAROSNI,SURYA ROSHNI LTD,241.50,243.89,236.11,237.32,239.40,-0.87,7.78,3.22,0.88,432577,103048726.81,6489
2026-03-08 00:00:00,MUKKA,MUKKA PROTEINS LIMITED,22.70,23.37,22.70,23.29,22.54,3.33,0.67,2.95,0.71,432151,9987857.85,1157
2026-03-08 00:00:00,VIPIND,VIP INDUSTRIES LTD,301.95,315.30,299.10,310.40,298.95,3.83,16.20,5.37,1.00,431915,133388706.05,9612
2026-03-08 00:00:00,TARC,TARC LIMITED,136.70,137.93,135.40,135.70,137.25,-1.13,2.53,1.85,-0.40,431816,58931514.02,4991
2026-03-08 00:00:00,BRIGADE,BRIGADE ENTER. LTD,581.95,587.55,575.00,583.65,580.20,0.59,12.55,2.16,0.30,430693,251185030.45,19297
2026-03-08 00:00:00,SHK,S H KELKAR AND CO. LTD.,166.40,167.99,165.03,166.54,164.59,1.18,2.96,1.78,1.10,429687,71478330.40,5538
2026-03-08 00:00:00,ACC,ACC LIMITED,1374.00,1400.90,1360.00,1398.00,1357.40,2.99,40.90,2.98,1.22,427582,594046221.50,23775
2026-03-08 00:00:00,INFOBEAN,INFOBEANS TECHNO. LTD.,170.44,175.88,167.69,171.95,166.86,3.05,8.19,4.81,2.15,424632,73334776.26,7092
2026-03-08 00:00:00,BHARATSE,BHARAT SEATS LIMITED,223.90,230.99,222.10,223.36,221.65,0.77,8.89,3.97,1.02,423854,96082947.79,10553
2026-03-08 00:00:00,MPHASIS,MPHASIS LIMITED,2361.00,2429.00,2339.90,2429.00,2342.30,3.70,89.10,3.77,0.80,423329,1011931433.60,27330
2026-03-08 00:00:00,SUNFLAG,SUNFLAG IRON AND STEEL CO,370.05,379.30,363.10,366.85,365.30,0.42,16.20,4.38,1.30,422640,156037525.75,8122
2026-03-08 00:00:00,KROSS,KROSS LIMITED,196.20,204.99,196.20,203.39,196.20,3.66,8.79,4.48,0.00,421877,85167276.65,7721
2026-03-08 00:00:00,SUDARSCHEM,SUDARSHAN CHEMICAL INDS L,1039.00,1096.00,1034.20,1068.30,1013.90,5.37,61.80,5.95,2.48,421749,452546231.40,24733
2026-03-08 00:00:00,CONSUMER,MIRAEAMC - CONSUMER,12.11,12.25,12.10,12.18,12.08,0.83,0.15,1.24,0.25,421073,5121252.73,502
2026-03-08 00:00:00,VISHWARAJ,VISHWARAJ SUGAR IND LTD,5.17,5.38,5.12,5.24,5.12,2.34,0.26,5.03,0.98,416008,2173923.79,653
2026-03-08 00:00:00,JSLL,JEENA SIKHO LIFECARE LTD,595.60,602.05,573.20,582.50,586.15,-0.62,28.85,4.84,1.61,415999,245375257.05,12549
2026-03-08 00:00:00,KRITIKA,KRITIKA WIRES LIMITED,6.39,6.39,5.98,6.01,6.14,-2.12,0.41,6.42,4.07,415349,2532352.42,1032
2026-03-08 00:00:00,AXITA,AXITA COTTON LIMITED,7.35,7.42,7.30,7.30,7.32,-0.27,0.12,1.63,0.41,414015,3041298.98,824
2026-03-08 00:00:00,EMAMILTD,EMAMI LIMITED,399.50,407.95,398.70,406.00,398.05,2.00,9.25,2.32,0.36,413488,167685052.35,12380
2026-03-08 00:00:00,SOLARWORLD,SOLARWORLD ENERGY SOL LTD,190.65,192.60,184.01,184.62,188.30,-1.95,8.59,4.51,1.25,412946,76818384.15,8407
2026-03-08 00:00:00,DIAMONDYD,PRATAAP SNACKS LIMITED,1199.00,1199.00,1102.10,1163.80,1159.50,0.37,96.90,8.08,3.41,412833,469711587.80,9613
2026-03-08 00:00:00,GHCL,GHCL LIMITED,445.00,451.95,434.20,444.10,438.10,1.37,17.75,3.99,1.57,411921,182581358.40,9903
2026-03-08 00:00:00,ENRIN,SIEMENS ENERGY INDIA LTD,3236.00,3298.30,3181.00,3256.00,3230.80,0.78,117.30,3.62,0.16,411370,1336730848.80,45839
2026-03-08 00:00:00,UNITDSPR,UNITED SPIRITS LIMITED,1515.00,1530.00,1512.70,1530.00,1515.90,0.93,17.30,1.14,-0.06,410981,625505566.60,30170
2026-03-08 00:00:00,BANKNIFTY1,KOTAKMAMC-KOTAKBKETF,60.25,60.25,58.90,59.87,59.46,0.69,1.35,2.24,1.33,410042,24600432.91,1548
2026-03-08 00:00:00,BORORENEW,BOROSIL RENEWABLES LTD,564.00,564.00,552.05,553.95,555.70,-0.31,11.95,2.12,1.49,409223,228006352.95,11819
2026-03-08 00:00:00,ACI,ARCHEAN CHEMICAL IND LTD,528.00,543.10,522.60,535.60,525.65,1.89,20.50,3.88,0.45,407906,218248963.10,16755
2026-03-08 00:00:00,SHAREINDIA,SHARE IND. SECURITIES LTD,178.70,182.07,177.07,180.74,178.48,1.27,5.00,2.80,0.12,406589,72953450.14,4564
2026-03-08 00:00:00,BTML,BODHI TREE MULTIMEDIA LTD,6.95,6.98,6.58,6.84,7.09,-3.53,0.40,5.76,-1.97,403947,2739395.39,760
2026-03-08 00:00:00,AMBALALSA,AMBALAL SARABHAI ENT L,35.49,37.70,34.07,36.83,34.84,5.71,3.63,10.23,1.87,403707,14874981.81,2094
2026-03-08 00:00:00,TRITURBINE,TRIVENI TURBINE LIMITED,602.65,616.00,602.65,611.60,601.70,1.65,13.35,2.22,0.16,403135,246096648.20,29478
2026-03-08 00:00:00,CONCORDBIO,CONCORD BIOTECH LIMITED,1444.40,1456.30,1389.00,1414.60,1420.80,-0.44,67.30,4.66,1.66,402980,571505006.50,27971
2026-03-08 00:00:00,JUSTDIAL,JUSTDIAL LTD.,719.90,729.35,705.80,710.65,716.70,-0.84,23.55,3.27,0.45,399720,286039612.70,10336
2026-03-08 00:00:00,ANDHRSUGAR,ANDHRA SUGARS LTD,82.99,86.20,82.95,85.48,82.13,4.08,3.25,3.92,1.05,398288,33977665.69,3956
2026-03-08 00:00:00,SUVEN,SUVEN LIFE SCIENCES LTD,307.25,313.40,304.00,307.20,307.10,0.03,9.40,3.06,0.05,394700,121828998.35,9059
2026-03-08 00:00:00,WELSPLSOL,WELSPUN SPECIALTY SOL L,51.07,51.89,49.70,50.73,51.07,-0.67,2.19,4.29,0.00,394589,19887231.57,1952
2026-03-08 00:00:00,OPTIEMUS,OPTIEMUS INFRACOM LTD,641.20,661.00,635.85,657.80,637.65,3.16,25.15,3.92,0.56,394268,257430834.75,16495
2026-03-08 00:00:00,GRASIM,GRASIM INDUSTRIES LTD,3120.00,3260.00,3103.10,3260.00,3100.80,5.13,156.90,5.03,0.62,393816,1240290032.30,27419
2026-03-08 00:00:00,ICICIB22,ICICIPRAMC - BHARATIWIN,116.00,117.15,115.00,116.60,115.79,0.70,2.15,1.85,0.18,391983,45794351.92,5118
2026-03-08 00:00:00,BERGEPAINT,BERGER PAINTS (I) LTD,522.30,536.55,522.00,526.55,520.45,1.17,14.55,2.79,0.36,389074,205403610.05,16813
2026-03-08 00:00:00,GENCON,GENERIC ENG CONS PROJ LTD,40.73,41.04,39.25,39.62,40.33,-1.76,1.79,4.39,0.99,388963,15675366.54,954
2026-03-08 00:00:00,VAIBHAVGBL,VAIBHAV GLOBAL LIMITED,267.00,272.90,264.00,265.70,266.36,-0.25,8.90,3.33,0.24,388078,104040156.15,7594
2026-03-08 00:00:00,BALUFORGE,BALU FORGE INDUSTRIES LTD,440.45,451.95,440.45,444.85,440.35,1.02,11.50,2.61,0.02,387655,172838264.10,9665
2026-03-08 00:00:00,NAVKARCORP,NAVKAR CORPORATION LTD.,103.00,104.36,102.50,103.26,102.72,0.53,1.86,1.81,0.27,387137,40129034.16,2926
2026-03-08 00:00:00,AARTIDRUGS,AARTI DRUGS LTD.,424.00,424.00,405.00,407.25,422.75,-3.67,19.00,4.48,0.30,383239,158565868.45,12168
2026-03-08 00:00:00,MEDANTA,GLOBAL HEALTH LIMITED,1412.60,1475.80,1405.00,1444.90,1405.60,2.80,70.80,5.01,0.50,382840,553438983.60,37378
2026-03-08 00:00:00,SDBL,SOM DIST & BREW LTD,72.15,72.69,71.01,71.41,71.91,-0.70,1.68,2.33,0.33,382704,27533394.96,3911
2026-03-08 00:00:00,JSL,JINDAL STAINLESS LIMITED,734.80,740.00,719.95,731.70,734.80,-0.42,20.05,2.73,0.00,382465,280838188.05,20907
2026-03-08 00:00:00,PRAJIND,PRAJ INDUSTRIES LTD,314.95,317.95,313.45,315.05,311.90,1.01,4.50,1.43,0.98,381592,120204025.80,12430
2026-03-08 00:00:00,PHOENIXLTD,THE PHOENIX MILLS LTD,1893.70,1955.00,1883.90,1955.00,1893.30,3.26,71.10,3.75,0.02,380365,728991567.60,21498
2026-03-08 00:00:00,GNFC,GUJ NAR VAL FER & CHEM L,514.95,529.85,512.10,516.10,510.30,1.14,17.75,3.45,0.91,378921,196693755.70,14264
2026-03-08 00:00:00,AMAGI,AMAGI MEDIA LABS LIMITED,659.00,690.00,652.35,669.70,650.70,2.92,37.65,5.71,1.28,376284,253751849.90,28658
2026-03-08 00:00:00,HDBFS,HDB FINANCIAL SERVICES L,690.00,697.00,681.40,684.85,686.35,-0.22,15.60,2.26,0.53,375358,258953554.90,20127
2026-03-08 00:00:00,HLVLTD,HLV LIMITED,7.12,7.54,7.00,7.21,7.12,1.26,0.54,7.58,0.00,374443,2689000.31,900
2026-03-08 00:00:00,INA,INSOLATION ENERGY LIMITED,111.31,113.98,111.11,112.75,111.78,0.87,2.87,2.58,-0.42,374327,42207669.91,4696
2026-03-08 00:00:00,BLUESTARCO,BLUE STAR LIMITED,1683.40,1730.00,1678.60,1729.20,1681.20,2.86,51.40,3.05,0.13,374036,640184785.40,22891
2026-03-08 00:00:00,ASTRAMICRO,ASTRA MICROWAVE LTD,1878.00,1893.50,1831.00,1848.80,1861.60,-0.69,62.50,3.33,0.88,372847,694610925.70,21944
2026-03-08 00:00:00,KPIGREEN,KPI GREEN ENERGY LIMITED,375.40,383.00,375.40,380.85,373.75,1.90,7.60,2.02,0.44,369696,140557210.50,12660
2026-03-08 00:00:00,KOTHARIPET,KOTHARI PETROCHEM LTD,139.99,148.77,139.09,147.14,139.86,5.21,9.68,6.91,0.09,369243,54055524.75,4354
2026-03-08 00:00:00,TATACHEM,TATA CHEMICALS LTD,673.60,679.90,672.80,674.65,673.55,0.16,7.10,1.05,0.01,369029,249503541.95,11066
2026-03-08 00:00:00,BALAMINES,BALAJI AMINES LIMITED,2148.00,2165.00,2010.40,2025.20,2133.30,-5.07,154.60,7.20,0.69,368391,763425898.70,33051
2026-03-08 00:00:00,ELECON,ELECON ENG. CO. LTD,425.20,434.90,422.45,428.30,419.05,2.21,12.45,2.93,1.47,367171,157843071.15,18457
2026-03-08 00:00:00,SGFIN,SG FINSERVE LIMITED,686.00,713.85,680.70,702.60,682.25,2.98,33.15,4.83,0.55,367008,257423862.80,11792
2026-03-08 00:00:00,GODREJPROP,GODREJ PROPERTIES LTD,2125.00,2126.60,2060.00,2089.70,2105.70,-0.76,66.60,3.13,0.92,366499,764637713.00,20476
2026-03-08 00:00:00,360ONE,360 ONE WAM LIMITED,1153.60,1158.50,1136.60,1147.80,1135.30,1.10,21.90,1.90,1.61,366010,420902973.10,18019
2026-03-08 00:00:00,HDFCPVTBAN,HDFCAMC - HDFCPVTBAN,28.34,28.50,28.10,28.39,28.09,1.07,0.40,1.41,0.89,365678,10352276.45,744
2026-03-08 00:00:00,VARROC,VARROC ENGINEERING LTD.,687.65,706.95,681.25,686.90,679.20,1.13,25.70,3.74,1.24,365591,253805441.45,19886
2026-03-08 00:00:00,SAREGAMA,SAREGAMA INDIA LIMITED,522.85,532.90,508.10,514.20,522.85,-1.65,24.80,4.74,0.00,363206,189866341.40,14161
2026-03-08 00:00:00,CAPACITE,CAPACITE INFRAPROJECT LTD,216.01,218.70,213.05,213.61,214.70,-0.51,5.65,2.62,0.61,362818,77976105.92,5859
2026-03-08 00:00:00,JAGRAN,JAGRAN PRAKASHAN LIMITED,64.20,64.50,62.80,62.88,63.81,-1.46,1.70,2.65,0.61,361401,22847801.81,2836
2026-03-08 00:00:00,BDL,BHARAT DYNAMICS LIMITED,1254.90,1272.00,1254.90,1265.00,1253.10,0.95,17.10,1.36,0.14,361236,456833258.20,16475
2026-03-08 00:00:00,REFEX,REFEX INDUSTRIES LIMITED,309.00,311.00,304.00,306.80,302.80,1.32,7.00,2.27,2.05,360544,110721391.55,6252
2026-03-08 00:00:00,CENTURYPLY,CENTURY PLYBOARDS (I) LTD,802.00,827.90,767.10,772.80,799.50,-3.34,60.80,7.58,0.31,358636,286124177.70,15510
2026-03-08 00:00:00,CRAMC,CANARA ROBECO AMC LIMITED,262.00,265.00,258.90,261.20,261.27,-0.03,6.10,2.33,0.28,358624,94177804.00,9976
2026-03-08 00:00:00,EPACK,EPACK DURABLE LIMITED,230.73,232.85,229.00,229.94,229.59,0.15,3.85,1.67,0.50,358583,82775701.13,5145
2026-03-08 00:00:00,THANGAMAYL,THANGAMAYIL JEWELLERY LTD,5175.00,5175.00,4965.50,4965.50,5226.50,-4.99,209.50,4.05,-0.99,358583,1798858173.50,27142
2026-03-08 00:00:00,GALLANTT,GALLANTT ISPAT LIMITED,644.00,644.00,614.00,627.60,614.60,2.12,30.00,4.66,4.78,358473,224547900.10,15520
2026-03-08 00:00:00,SPCENET,SPACENET ENTERS IND LTD,3.50,3.55,3.36,3.43,3.42,0.29,0.19,5.43,2.34,358350,1229348.73,607
2026-03-08 00:00:00,PNGJL,P N GADGIL JEWELLERS LTD,670.30,679.50,655.00,658.05,670.30,-1.83,24.50,3.66,0.00,356967,238597626.50,12376
2026-03-08 00:00:00,NFL,NATIONAL FERT. LTD,71.70,72.54,71.70,71.84,71.47,0.52,0.84,1.17,0.32,356485,25689171.04,2653
2026-03-08 00:00:00,RGL,RENAISSANCE GLOBAL LTD,118.00,119.38,115.00,115.50,117.27,-1.51,4.38,3.71,0.62,354917,41651757.39,2772
2026-03-08 00:00:00,SHARDACROP,SHARDA CROPCHEM LTD.,825.00,849.00,817.10,826.15,819.75,0.78,31.90,3.87,0.64,354204,295736474.80,16208
2026-03-08 00:00:00,SEDEMAC,SEDEMAC MECHATRONICS LTD,2749.30,2900.00,2697.80,2752.10,2684.40,2.52,202.20,7.35,2.42,353233,992021468.50,38374
2026-03-08 00:00:00,RADICO,RADICO KHAITAN LTD,4350.80,4459.10,4349.90,4459.10,4340.80,2.73,109.20,2.51,0.23,352530,1559850846.00,40646
2026-03-08 00:00:00,ITBETA,UTIAMC-ITBETA,320.69,333.99,319.91,324.40,323.35,0.32,14.08,4.39,-0.82,352251,114069808.01,233
2026-03-08 00:00:00,CARTRADE,CARTRADE TECH LIMITED,2746.00,2827.90,2727.70,2803.30,2719.60,3.08,100.20,3.65,0.97,352049,986160394.20,28171
2026-03-08 00:00:00,SADBHAV,SADBHAV ENGINEERING LTD,9.08,9.08,8.63,8.64,9.08,-4.85,0.45,4.96,0.00,351653,3072508.87,1068
2026-03-08 00:00:00,HUBTOWN,HUBTOWN LIMITED,190.88,194.00,188.00,190.51,190.58,-0.04,6.00,3.14,0.16,350784,67058431.04,4171
2026-03-08 00:00:00,PRESTIGE,PRESTIGE ESTATE LTD,1620.00,1670.00,1610.50,1670.00,1616.20,3.33,59.50,3.67,0.24,349987,569456693.30,18474
2026-03-08 00:00:00,XPROINDIA,XPRO INDIA LIMITED,1400.00,1401.40,1278.50,1302.80,1500.40,-13.17,122.90,8.78,-6.69,349840,464090404.60,24438
2026-03-08 00:00:00,KIRIINDUS,KIRI INDUSTRIES LIMITED,415.95,429.95,415.95,425.60,414.65,2.64,14.00,3.37,0.31,346596,147143571.45,7685
2026-03-08 00:00:00,KITEX,KITEX GARMENTS LTD,146.45,149.19,145.00,146.34,145.81,0.36,4.19,2.86,0.44,346394,51064805.15,3631
2026-03-08 00:00:00,DYCL,DYNAMIC CABLES LIMITED,398.00,406.85,394.65,402.45,395.20,1.83,12.20,3.07,0.71,345799,139466442.90,8179
2026-03-08 00:00:00,ITDC,INDIA TOUR. DEV. CO. LTD.,707.00,730.20,705.45,715.20,700.70,2.07,24.75,3.50,0.90,343982,247358373.75,17311
2026-03-08 00:00:00,GROWWSC250,GROWWAMC - GROWWSC250,10.35,10.55,10.14,10.51,10.34,1.64,0.41,3.96,0.10,343921,3597872.41,687
2026-03-08 00:00:00,NIITLTD,NIIT LIMITED,95.80,98.99,95.80,96.86,95.76,1.15,3.19,3.33,0.04,343623,33476590.22,3375
2026-03-08 00:00:00,ORIENTELEC,ORIENT ELECTRIC LIMITED,174.90,177.00,173.80,175.55,174.77,0.45,3.20,1.83,0.07,342278,60003184.17,6459
2026-03-08 00:00:00,HINDOILEXP,HINDUSTAN OIL EXPLORATION,161.00,162.00,158.00,161.13,161.29,-0.10,4.00,2.48,-0.18,341878,54963813.07,4720
2026-03-08 00:00:00,SUPRAJIT,SUPRAJIT ENGINEERING LTD,508.00,526.00,508.00,512.70,504.60,1.61,18.00,3.54,0.67,341765,176375466.65,14942
2026-03-08 00:00:00,BOROSCI,BOROSIL SCIENTIFIC LTD,160.01,163.50,147.20,153.42,157.65,-2.68,16.30,10.19,1.50,341108,53857745.41,4290
2026-03-08 00:00:00,UTLSOLAR,FUJIYAMA POWER SYSTEMS L,387.00,394.00,385.20,389.30,380.50,2.31,8.80,2.27,1.71,341058,132996494.70,21055
2026-03-08 00:00:00,HDFCBSE500,HDFCAMC - HDFCBSE500,37.86,38.40,37.83,38.25,37.80,1.19,0.57,1.51,0.16,340883,13003658.96,414
2026-03-08 00:00:00,DHANUKA,DHANUKA AGRITECH LTD,1019.00,1049.50,943.30,1023.30,1021.90,0.14,106.20,10.42,-0.28,340620,340981827.80,23185
2026-03-08 00:00:00,RAMRAT,RAM RATNA WIRES LIMITED,439.00,444.45,424.00,429.95,448.50,-4.14,20.45,4.66,-2.12,339219,146891279.75,12530
2026-03-08 00:00:00,GOCOLORS,GO FASHION INDIA LTD,327.05,334.65,322.00,323.80,327.05,-0.99,12.65,3.87,0.00,339001,110526265.55,7146
2026-03-08 00:00:00,AVL,ADITYA VISION LIMITED,625.00,635.10,604.80,623.65,638.05,-2.26,30.30,4.85,-2.05,338580,210019779.80,20768
2026-03-08 00:00:00,FIVESTAR,FIVE-STAR BUS FIN LTD,550.00,564.00,549.00,551.40,547.95,0.63,15.00,2.73,0.37,338346,187879597.50,11681
2026-03-08 00:00:00,TORNTPOWER,TORRENT POWER LTD,1422.00,1423.80,1387.20,1391.70,1413.30,-1.53,36.60,2.57,0.62,337462,471763506.80,22970
2026-03-08 00:00:00,MANINDS,MAN INDUSTRIES (I) LTD.,538.00,552.95,530.30,548.60,532.30,3.06,22.65,4.21,1.07,334265,182091024.45,10085
2026-03-08 00:00:00,CAMLINFINE,CAMLIN FINE SCIENCES LTD,125.25,130.50,125.25,128.47,127.74,0.57,5.25,4.19,-1.95,331756,42733521.66,4750
2026-03-08 00:00:00,AONENIFTY,AONEAMC - AONENIFTY,10.30,10.30,9.95,10.13,10.05,0.80,0.35,3.40,2.49,330350,3344537.31,1837
2026-03-08 00:00:00,ORIENTTECH,ORIENT TECHNOLOGIES LTD,261.50,265.45,258.85,261.50,261.32,0.07,6.60,2.52,0.07,330338,86387864.05,5702
2026-03-08 00:00:00,NIITMTS,NIIT LEARNING SYSTEMS LTD,243.40,249.95,226.00,246.61,239.81,2.84,23.95,9.84,1.50,328404,81118602.98,6406
2026-03-08 00:00:00,GROWWRLTY,GROWWAMC - GROWWRLTY,10.30,10.30,9.97,10.09,10.11,-0.20,0.33,3.20,1.88,328115,3326215.06,635
2026-03-08 00:00:00,MASTERTR,MASTER TRUST LIMITED,82.15,85.30,82.15,84.85,82.14,3.30,3.15,3.83,0.01,326366,27334376.66,1991
2026-03-08 00:00:00,HIMATSEIDE,HIMATSINGKA SEIDE LTD,79.99,81.82,79.99,80.99,79.23,2.22,1.83,2.29,0.96,325428,26367904.26,2908
2026-03-08 00:00:00,ICICIAMC,ICICI PRUDENTIAL AMC LTD,3129.00,3130.00,3087.10,3099.10,3115.90,-0.54,42.90,1.37,0.42,322476,1001454675.70,43321
2026-03-08 00:00:00,TATAELXSI,TATA ELXSI LIMITED,3704.60,3765.00,3678.00,3761.90,3672.90,2.42,87.00,2.35,0.86,322468,1206180826.30,27422
2026-03-08 00:00:00,IONEXCHANG,ION EXCHANGE (INDIA) LTD,420.70,436.00,419.75,429.95,420.70,2.20,16.25,3.86,0.00,321970,137639683.45,11392
2026-03-08 00:00:00,MIDHANI,MISHRA DHATU NIGAM LTD,398.05,406.90,396.00,403.65,396.00,1.93,10.90,2.74,0.52,321794,129781897.15,11241
2026-03-08 00:00:00,VENUSPIPES,VENUS PIPES & TUBES LTD,1700.00,1700.00,1540.10,1564.30,1666.10,-6.11,159.90,9.41,2.03,321514,506370483.00,25197
2026-03-08 00:00:00,LAXMIDENTL,LAXMI DENTAL LIMITED,214.69,227.90,214.69,218.13,212.69,2.56,13.21,6.15,0.94,320951,71367434.54,7485
2026-03-08 00:00:00,XCHANGING,XCHANGING SOLUTIONS LTD,66.12,69.49,66.12,67.65,66.12,2.31,3.37,5.10,0.00,320112,21790125.98,2540
2026-03-08 00:00:00,EMULTIMQ,EDELAMC - EMULTIMQ,41.17,41.88,40.23,40.96,41.07,-0.27,1.65,4.01,0.24,319038,13063991.87,365
2026-03-08 00:00:00,PIRAMALFIN,PIRAMAL FINANCE LIMITED,2066.40,2088.00,2025.00,2047.80,2055.50,-0.37,63.00,3.05,0.53,317656,653529652.00,22097
2026-03-08 00:00:00,KALAMANDIR,SAI SILKS (KALAMANDIR) L,89.11,90.70,89.05,90.03,89.13,1.01,1.65,1.85,-0.02,317343,28585159.60,2903
2026-03-08 00:00:00,GRSE,GARDEN REACH SHIP&ENG LTD,2615.00,2622.80,2575.00,2582.70,2601.20,-0.71,47.80,1.83,0.53,317050,823115482.40,21352
2026-03-08 00:00:00,NUVAMA,NUVAMA WEALTH MANAGE LTD,1822.70,1840.00,1744.00,1765.70,1803.80,-2.11,96.00,5.27,1.05,316161,558737127.30,20924
2026-03-08 00:00:00,PNBGILTS,PNB GILTS LIMITED,85.80,85.80,83.00,83.51,84.50,-1.17,2.80,3.26,1.54,316121,26618086.77,3355
2026-03-08 00:00:00,SAILIFE,SAI LIFE SCIENCES LIMITED,1325.00,1350.00,1315.20,1333.40,1315.10,1.39,34.80,2.63,0.75,316024,423186923.30,18962
2026-03-08 00:00:00,EMUDHRA,EMUDHRA LIMITED,462.90,483.90,462.90,477.85,464.10,2.96,21.00,4.54,-0.26,315431,149132982.15,7885
2026-03-08 00:00:00,ANDHRAPAP,ANDHRA PAPER LIMITED,62.40,62.84,61.65,61.99,61.03,1.57,1.19,1.91,2.24,313581,19472528.91,1192
2026-03-08 00:00:00,COHANCE,COHANCE LIFESCIENCES LTD,425.05,436.70,423.00,425.35,425.05,0.07,13.70,3.22,0.00,312974,134148581.35,10429
2026-03-08 00:00:00,PRECWIRE,PRECISION WIRES INDIA LTD,374.50,388.10,372.70,379.10,372.60,1.74,15.40,4.11,0.51,311874,119069553.40,15390
2026-03-08 00:00:00,PENIND,PENNAR INDUSTRIES LTD,166.00,171.28,165.50,169.12,165.12,2.42,5.78,3.48,0.53,311606,52765796.88,4639
2026-03-08 00:00:00,MUNJALAU,MUNJAL AUTO IND. LTD.,102.49,104.32,101.72,103.68,101.34,2.31,2.60,2.54,1.13,311141,32188145.58,3371
2026-03-08 00:00:00,FRACTAL,FRACTAL ANALYTICS LIMITED,822.70,822.70,797.60,803.45,812.05,-1.06,25.10,3.05,1.31,310799,250425497.75,14288
2026-03-08 00:00:00,SUNDARMFIN,SUNDARAM FINANCE LTD,4641.60,4965.30,4629.80,4828.70,4665.60,3.50,335.50,7.23,-0.51,309611,1477420684.20,41165
2026-03-08 00:00:00,CYIENT,CYIENT LIMITED,847.70,865.90,845.00,858.55,847.70,1.28,20.90,2.47,0.00,309567,266088819.00,20292
2026-03-08 00:00:00,LUMAXTECH,LUMAX AUTO TECH LTD,1579.00,1652.00,1579.00,1625.70,1568.30,3.66,73.00,4.62,0.68,308962,502804084.80,26660
2026-03-08 00:00:00,KAMOPAINTS,KAMDHENU VENTURES LIMITED,4.57,4.73,4.50,4.56,4.58,-0.44,0.23,5.03,-0.22,307600,1407607.67,799
2026-03-08 00:00:00,GENUSPAPER,GENUS P&B LIMITED,12.08,12.75,11.95,12.47,12.08,3.23,0.80,6.62,0.00,306737,3784581.54,500
2026-03-08 00:00:00,AZAD,AZAD ENGINEERING LIMITED,2309.70,2372.00,2275.10,2306.80,2292.50,0.62,96.90,4.20,0.75,304016,708305001.50,25287
2026-03-08 00:00:00,KECL,KIRLOSKAR ELECTRIC CO LTD,134.00,140.00,130.40,135.26,137.79,-1.84,9.60,7.16,-2.75,303094,40857437.43,3928
2026-03-08 00:00:00,KAPSTON,KAPSTON SERVICES LIMITED,483.90,534.00,478.80,525.90,474.90,10.74,55.20,11.41,1.90,302591,156274112.50,12319
2026-03-08 00:00:00,TRANSRAILL,TRANSRAIL LIGHTING LTD,502.95,507.65,493.80,500.25,502.95,-0.54,13.85,2.75,0.00,302458,152171022.55,12365
2026-03-08 00:00:00,UDS,UPDATER SERVICES LIMITED,205.00,207.50,202.20,206.06,203.28,1.37,5.30,2.59,0.85,301334,62005790.14,7902
2026-03-08 00:00:00,RAYMONDREL,RAYMOND REALTY LIMITED,650.00,677.85,646.35,669.75,643.10,4.14,31.50,4.85,1.07,300774,200947875.30,8622
2026-03-08 00:00:00,JUBLINGREA,JUBILANT INGREVIA LIMITED,739.90,760.55,734.05,757.45,735.70,2.96,26.50,3.58,0.57,300636,226235276.50,18340
2026-03-08 00:00:00,PICCADIL,PICCADILY AGRO INDUSTRI L,742.45,755.00,727.30,752.00,733.85,2.47,27.70,3.73,1.17,299304,223405565.15,14266
2026-03-08 00:00:00,SMSPHARMA,SMS PHARMACEUTICALS LTD.,375.75,376.60,361.20,363.55,373.90,-2.77,15.40,4.10,0.49,299209,109690618.75,7068
2026-03-08 00:00:00,ZENTEC,ZEN TECHNOLOGIES LIMITED,1635.00,1673.50,1624.00,1656.40,1624.20,1.98,49.50,3.03,0.66,298507,494123712.30,18370
2026-03-08 00:00:00,AJMERA,AJMERA REALTY & INF I LTD,126.95,131.00,126.95,130.41,126.34,3.22,4.05,3.19,0.48,297862,38596204.81,3571
2026-03-08 00:00:00,DEEPAKFERT,DEEPAK FERTILIZERS & PETR,1562.00,1593.80,1536.10,1576.00,1552.80,1.49,57.70,3.69,0.59,297790,469468881.30,16195
2026-03-08 00:00:00,POWERICA,POWERICA LIMITED,535.00,549.80,512.00,519.40,529.60,-1.93,37.80,7.07,1.02,297730,156965220.85,17284
2026-03-08 00:00:00,MITTAL,MITTAL LIFE STYLE LIMITED,0.93,0.94,0.91,0.91,0.91,0.00,0.03,3.23,2.20,296308,270509.10,277
2026-03-08 00:00:00,TVSSCS,TVS SUPPLY CHAIN SOL L,136.50,139.18,136.11,136.90,135.11,1.32,3.07,2.25,1.03,296279,40819220.16,3881
2026-03-08 00:00:00,INDTERRAIN,IND TERRAIN FASHIONS LTD,28.60,33.39,28.12,33.39,27.83,19.98,5.27,18.43,2.77,296135,9569326.72,1388
2026-03-08 00:00:00,INTERNET,MIRAEAMC - INTERNET,13.62,13.95,13.61,13.92,13.58,2.50,0.34,2.50,0.29,295701,4099296.00,332
2026-03-08 00:00:00,IIFLCAPS,IIFL CAPITAL SERVICES LTD,339.30,339.30,335.10,336.65,337.80,-0.34,4.20,1.24,0.44,293307,98587003.30,9714
2026-03-08 00:00:00,ABSLAMC,ADIT BIRL SUN LIF AMC LTD,1026.30,1027.80,1000.00,1017.80,1011.80,0.59,27.80,2.71,1.43,292827,298417254.50,18720
2026-03-08 00:00:00,ENERGY,MIRAEAMC - ENERGY,38.96,39.17,38.53,38.99,38.85,0.36,0.64,1.64,0.28,291666,11382937.53,1121
2026-03-08 00:00:00,CHOLAHLDNG,CHOLAMANDALAM FIN HOL LTD,1554.00,1590.00,1550.00,1574.60,1534.20,2.63,40.00,2.57,1.29,291653,458226807.00,26256
2026-03-08 00:00:00,ONESOURCE,ONESOURCE SPECL PHARMA L,1624.00,1624.00,1550.00,1560.50,1619.70,-3.65,74.00,4.56,0.27,291606,462427609.10,29225
2026-03-08 00:00:00,WHIRLPOOL,WHIRLPOOL OF INDIA LTD,807.00,829.50,806.25,824.45,802.90,2.68,23.25,2.88,0.51,291357,239199486.00,14599
2026-03-08 00:00:00,FIRSTCRY,BRAINBEES SOLUTIONS LTD,213.20,215.17,213.20,214.61,212.26,1.11,1.97,0.92,0.44,290453,62201464.79,5217
2026-03-08 00:00:00,UTIAMC,UTI ASSET MNGMT CO LTD,911.55,917.85,904.50,915.75,903.10,1.40,13.35,1.46,0.94,290426,264367996.85,11095
2026-03-08 00:00:00,CREDITACC,CREDITACCESS GRAMEEN LTD,1602.00,1606.00,1542.20,1558.20,1592.80,-2.17,63.80,3.98,0.58,290154,452333133.70,27286
2026-03-08 00:00:00,NATCOPHARM,NATCO PHARMA LTD.,921.00,939.85,918.10,929.10,917.00,1.32,21.75,2.36,0.44,289116,269471795.90,22345
2026-03-08 00:00:00,CANFINHOME,CAN FIN HOMES LTD,824.60,825.25,813.45,817.00,820.60,-0.44,11.80,1.43,0.49,287473,234769495.10,16843
2026-03-08 00:00:00,RRKABEL,R R KABEL LIMITED,2634.00,2656.00,2605.10,2631.90,2602.80,1.12,50.90,1.93,1.20,287192,755853600.40,25752
2026-03-08 00:00:00,DCXINDIA,DCX SYSTEMS LIMITED,181.80,184.50,181.31,183.55,180.37,1.76,3.19,1.75,0.79,286931,52649031.58,4269
2026-03-08 00:00:00,GSFC,GUJ STATE FERT & CHEM LTD,160.20,161.95,159.99,160.81,158.84,1.24,1.96,1.22,0.86,286583,46113486.94,3970
2026-03-08 00:00:00,MANCREDIT,MANGAL CREDIT N FINCORP L,248.00,262.76,247.63,257.36,245.28,4.92,15.13,6.10,1.11,285884,72966501.76,5612
2026-03-08 00:00:00,NITINSPIN,NITIN SPINNERS LIMITED,545.95,583.90,543.90,572.35,544.20,5.17,40.00,7.33,0.32,285468,162846579.95,8742
2026-03-08 00:00:00,NUVOCO,NUVOCO VISTAS CORP LTD,349.75,353.20,347.05,350.60,344.65,1.73,6.15,1.76,1.48,284291,99564782.50,11135
2026-03-08 00:00:00,JINDRILL,JINDAL DRILLING IND. LTD,622.90,628.35,607.00,611.15,616.20,-0.82,21.35,3.43,1.09,283953,174949577.70,11698
2026-03-08 00:00:00,JAICORPLTD,JAI CORP LIMITED,102.15,104.39,102.15,103.83,101.64,2.15,2.24,2.19,0.50,283415,29395973.60,2747
2026-03-08 00:00:00,EFCIL,EFC (I) LIMITED,194.51,195.98,192.05,193.96,194.86,-0.46,3.93,2.02,-0.18,283297,54767469.40,4310
2026-03-08 00:00:00,SUNTV,SUN TV NETWORK LIMITED,507.00,516.95,499.10,503.80,508.65,-0.95,17.85,3.52,-0.32,283161,143536730.20,18532
2026-03-08 00:00:00,TEMBO,TEMBO GLOBAL IND LTD,563.05,574.20,554.80,560.40,553.25,1.29,19.40,3.45,1.77,282121,159753527.55,8333
2026-03-08 00:00:00,RAJTV,RAJ TV NETWORK LTD,11.45,11.62,10.76,10.76,11.32,-4.95,0.86,7.51,1.15,281976,3065209.95,713
2026-03-08 00:00:00,APARINDS,APAR INDUSTRIES LTD.,14400.00,14994.00,14321.00,14746.00,14348.00,2.77,673.00,4.67,0.36,281739,4159747803.00,47243
2026-03-08 00:00:00,QUADFUTURE,QUADRANT FUTURE TEK LTD,348.80,365.70,348.80,360.95,345.95,4.34,16.90,4.85,0.82,281272,101147712.20,8086
2026-03-08 00:00:00,BAJAJ-AUTO,BAJAJ AUTO LIMITED,11575.00,11856.00,11456.00,11856.00,11520.50,2.91,400.00,3.46,0.47,281232,3238878272.00,41492
2026-03-08 00:00:00,AVALON,AVALON TECHNOLOGIES LTD,1814.00,1834.30,1740.00,1751.80,1807.90,-3.10,94.30,5.20,0.34,280823,500853376.70,31001
2026-03-08 00:00:00,RAMBHAJO,ADVIT JEWELS LIMITED,180.30,189.49,178.64,183.76,178.32,3.05,10.85,6.02,1.11,280637,51860293.35,6144
2026-03-08 00:00:00,VISHNU,VISHNU CHEMICALS LIMITED,602.50,622.10,593.00,599.70,613.25,-2.21,29.10,4.83,-1.75,280125,169309461.20,11539
2026-03-08 00:00:00,ORIENTHOT,ORIENT HOTELS LTD,132.34,137.10,131.75,135.39,131.65,2.84,5.35,4.04,0.52,278925,37562677.49,3761
2026-03-08 00:00:00,EPL,EPL LIMITED,225.00,229.40,223.29,226.70,222.42,1.92,6.11,2.72,1.16,278760,63076167.30,9510
2026-03-08 00:00:00,HDFCPSUBK,HDFCAMC HDFCPSUBK,86.30,86.30,83.93,84.83,84.61,0.26,2.37,2.75,2.00,276802,23756942.09,523
2026-03-08 00:00:00,TIPSMUSIC,TIPS MUSIC LIMITED,668.05,694.45,666.35,688.55,668.05,3.07,28.10,4.21,0.00,276541,189743768.45,14755
2026-03-08 00:00:00,ALPHAGEO,ALPHAGEO (INDIA) LIMITED,225.90,264.15,220.25,264.15,220.13,20.00,43.90,19.43,2.62,276528,70850621.30,5046
2026-03-08 00:00:00,NAVNETEDUL,NAVNEET EDUCATION LTD,134.16,136.17,131.70,132.18,134.10,-1.43,4.47,3.33,0.04,276327,36816152.67,4230
2026-03-08 00:00:00,PIIND,PI INDUSTRIES LTD,2754.60,2845.00,2746.60,2793.00,2751.20,1.52,98.40,3.57,0.12,276209,778295189.90,20396
2026-03-08 00:00:00,GOPAL,GOPAL SNACKS LIMITED,273.00,281.15,273.00,278.90,270.50,3.11,8.15,2.99,0.92,275249,76278033.55,9747
2026-03-08 00:00:00,KEI,KEI INDUSTRIES LTD.,5024.00,5063.20,4963.20,5023.30,4999.00,0.49,100.00,1.99,0.50,274828,1379004606.20,29119
2026-03-08 00:00:00,MID150,KOTAKMAMC - MID150,23.60,23.78,23.58,23.71,23.47,1.02,0.20,0.85,0.55,273011,6451258.51,275
2026-03-08 00:00:00,RMC,RMC SWITCHGEARS LIMITED,254.85,299.80,245.40,292.15,251.10,16.35,54.40,21.35,1.49,272852,77370725.60,8253
2026-03-08 00:00:00,CORALFINAC,CORAL INDIA FIN & HOUS LT,34.74,35.95,32.70,33.40,33.60,-0.60,3.25,9.36,3.39,272811,9326859.69,998
2026-03-08 00:00:00,KIRLOSENG,KIRLOSKAR OIL ENG LTD,2190.00,2246.90,2157.50,2225.20,2189.80,1.62,89.40,4.08,0.01,271651,604646612.90,29453
2026-03-08 00:00:00,MANYAVAR,VEDANT FASHIONS LIMITED,414.60,422.75,412.75,418.75,414.65,0.99,10.00,2.41,-0.01,271527,113532772.00,9915
2026-03-08 00:00:00,DEN,DEN NETWORKS LTD,27.49,27.86,27.49,27.72,27.41,1.13,0.37,1.35,0.29,271484,7514276.82,1311
2026-03-08 00:00:00,IITL,INDUSTRIAL INV TRUST LTD,133.21,153.21,133.21,153.21,127.68,20.00,20.00,15.01,4.33,270241,39192622.15,3433
2026-03-08 00:00:00,PROZONER,PROZONE REALTY LIMITED,41.73,43.64,41.51,43.13,41.58,3.73,2.13,5.10,0.36,269992,11451840.54,1282
2026-03-08 00:00:00,GRAVITA,GRAVITA INDIA LIMITED,1624.40,1673.00,1613.20,1663.90,1616.40,2.94,59.80,3.68,0.49,268858,443056924.60,16762
2026-03-08 00:00:00,BRIGHOTEL,BRIGADE HOTEL VENTURE LTD,60.29,62.79,59.65,61.04,59.45,2.67,3.14,5.21,1.41,268790,16468794.92,3968
2026-03-08 00:00:00,RITCO,RITCO LOGISTICS LIMITED,295.70,306.00,293.00,301.25,291.70,3.27,13.00,4.40,1.37,268052,80896790.75,7677
2026-03-08 00:00:00,ORIENTCEM,ORIENT CEMENT LTD.,136.07,140.10,136.07,139.51,136.64,2.10,4.03,2.96,-0.42,265963,37015899.86,2123
2026-03-08 00:00:00,DDEVPLSTIK,DDEV PLASTIKS IND LTD,268.15,289.95,268.15,288.35,268.15,7.53,21.80,8.13,0.00,265871,74968147.80,4509
2026-03-08 00:00:00,SUNTECK,SUNTECK REALTY LIMITED,305.05,312.10,304.45,308.10,302.30,1.92,7.65,2.51,0.91,265799,81752184.05,8094
2026-03-08 00:00:00,LANDMARK,LANDMARK CARS LIMITED,541.00,558.90,538.20,542.90,540.75,0.40,20.70,3.83,0.05,265414,145684189.05,12713
2026-03-08 00:00:00,NILAINFRA,NILA INFRASTRUCTURES LTD,7.32,7.80,7.32,7.66,7.38,3.79,0.48,6.56,-0.81,264861,2001701.28,514
2026-03-08 00:00:00,ITI,ITI LTD,279.40,282.90,277.80,282.15,276.70,1.97,5.10,1.83,0.98,264548,74360914.35,6001
2026-03-08 00:00:00,PURVA,PURAVANKARA LIMITED,212.05,215.89,206.50,207.67,210.79,-1.48,9.39,4.43,0.60,264312,55541862.55,5258
2026-03-08 00:00:00,SUMICHEM,SUMITOMO CHEM INDIA LTD,512.50,517.70,503.15,515.85,510.30,1.09,14.55,2.84,0.43,263929,135102985.70,9095
2026-03-08 00:00:00,OSWALGREEN,OSWAL GREENTECH LIMITED,21.04,22.04,21.04,21.76,21.04,3.42,1.00,4.75,0.00,263168,5657643.94,943
2026-03-08 00:00:00,SOTL,SAVITA OIL TECHNOLO. LTD,605.90,636.00,603.30,630.10,601.75,4.71,32.70,5.40,0.69,261606,162862288.85,10564
2026-03-08 00:00:00,ARTEMISMED,ARTEMIS MED SERVICE LTD,304.80,305.00,299.00,302.20,298.50,1.24,6.00,1.97,2.11,261601,78871002.90,5366
2026-03-08 00:00:00,UNIECOM,UNICOMMERCE ESOLUTIONS L,85.02,86.76,85.02,86.21,84.71,1.77,1.74,2.05,0.37,261395,22541914.89,2262
2026-03-08 00:00:00,GANECOS,GANESHA ECOSPHERE LIMITED,1192.00,1225.00,1126.30,1156.60,1183.80,-2.30,98.70,8.28,0.69,260274,304294019.30,16320
2026-03-08 00:00:00,DBOL,DHAMPUR BIO ORGANICS LTD,97.55,106.13,97.01,102.91,97.88,5.14,9.12,9.35,-0.34,260131,26558156.71,2758
2026-03-08 00:00:00,ABSLPSE,BIRLASLAMC-ABSLPSE,10.40,10.40,10.32,10.36,10.34,0.19,0.08,0.77,0.58,260079,2693229.99,487
2026-03-08 00:00:00,VOLTAS,VOLTAS LTD,1328.90,1343.60,1315.00,1324.80,1328.90,-0.31,28.60,2.15,0.00,259054,344830533.30,16495
2026-03-08 00:00:00,TIMEX,TIMEX GROUP INDIA LTD.,533.65,553.60,532.00,549.25,532.05,3.23,21.60,4.05,0.30,257413,140423991.85,13422
2026-03-08 00:00:00,SMLMAH,SML MAHINDRA LIMITED,5690.00,5756.00,5401.00,5464.00,5685.60,-3.90,355.00,6.24,0.08,257127,1437061070.00,34305
2026-03-08 00:00:00,JTEKTINDIA,JTEKT INDIA LIMITED,141.90,143.94,138.20,141.74,140.71,0.73,5.74,4.05,0.85,256541,36315008.43,4247
2026-03-08 00:00:00,UGARSUGAR,THE UGAR SUGAR WORKS LTD,40.61,42.95,40.55,42.56,40.69,4.60,2.40,5.91,-0.20,255780,10813920.10,2299
2026-03-08 00:00:00,RELTD,RAVINDRA ENERGY LIMITED,169.87,170.79,164.50,166.81,167.98,-0.70,6.29,3.70,1.13,255178,42885612.07,3536
2026-03-08 00:00:00,TNPL,TAMILNADU NEWSPRT & PAPER,151.50,156.70,151.44,154.88,150.68,2.79,5.26,3.47,0.54,254861,39524610.01,3932
2026-03-08 00:00:00,AFIL,AKME FINTRADE (INDIA) LTD,9.34,9.44,9.15,9.22,9.30,-0.86,0.29,3.10,0.43,253814,2346498.77,574
2026-03-08 00:00:00,LAL,LORENZINI APPARELS LTD,8.37,8.69,8.05,8.13,8.53,-4.69,0.64,7.65,-1.88,253681,2105382.72,370
2026-03-08 00:00:00,UNIVCABLES,UNIVERSAL CABLES LTD,1368.90,1435.00,1362.10,1431.80,1358.40,5.40,72.90,5.33,0.77,252927,355484011.90,14261
2026-03-08 00:00:00,MAHKTECH,MIRAEAMC - MAHKTECH,23.60,23.60,23.60,23.60,23.69,-0.38,0.00,0.00,-0.38,252187,5951613.20,414
2026-03-08 00:00:00,MOM50,MOTILAL OSWAL M50 ETF,258.40,258.40,254.86,256.41,255.03,0.54,3.54,1.37,1.32,251906,65027183.35,258
2026-03-08 00:00:00,GPTINFRA,GPT INFRAPROJECTS LTD,117.00,118.85,113.50,114.02,118.62,-3.88,5.35,4.57,-1.37,251340,28916988.41,3209
2026-03-08 00:00:00,NILKAMAL,NILKAMAL LIMITED,1789.00,1797.60,1645.00,1699.90,1797.80,-5.45,152.60,8.53,-0.49,251226,428069755.10,17302
2026-03-08 00:00:00,APOLLOHOSP,APOLLO HOSPITALS ENTER. L,9030.00,9049.00,8789.00,8820.00,8957.00,-1.53,260.00,2.88,0.82,250717,2225793468.00,31071
2026-03-08 00:00:00,RAMCOSYS,RAMCO SYSTEMS LTD.,585.90,588.95,561.30,563.95,580.90,-2.92,27.65,4.72,0.86,250501,143643617.20,7815
2026-03-08 00:00:00,GROWWDEFNC,GROWWAMC - GROWWDEFNC,93.17,94.67,93.17,94.22,93.16,1.14,1.50,1.61,0.01,250272,23553224.79,3635
2026-03-08 00:00:00,MANOMAY,MANOMAY TEX INDIA LTD,211.99,215.00,208.05,213.30,210.39,1.38,6.95,3.28,0.76,249028,52948184.50,2333
2026-03-08 00:00:00,SUPRIYA,SUPRIYA LIFESCIENCE LTD,867.05,898.55,867.05,879.65,867.00,1.46,31.50,3.63,0.01,247600,219756091.45,12936
2026-03-08 00:00:00,TURTLEMINT,TURTLEMINT FINTECH SOLS L,121.30,121.60,116.50,117.57,120.10,-2.11,5.10,4.20,1.00,246639,29394924.81,4068
2026-03-08 00:00:00,EMSLIMITED,EMS LIMITED,414.00,416.85,407.55,414.35,411.50,0.69,9.30,2.25,0.61,245231,101098486.80,6973
2026-03-08 00:00:00,UYFINCORP,U. Y. FINCORP LIMITED,19.80,19.94,19.53,19.76,19.95,-0.95,0.41,2.07,-0.75,245080,4843923.27,1319
2026-03-08 00:00:00,HERITGFOOD,HERITAGE FOODS LTD,334.30,339.30,333.35,335.10,330.15,1.50,5.95,1.78,1.26,244425,82115212.25,3859
2026-03-08 00:00:00,SIGNATURE,SIGNATUREGLOBAL INDIA LTD,824.80,838.00,822.15,833.65,820.45,1.61,15.85,1.92,0.53,243726,202238380.85,7001
2026-03-08 00:00:00,PROTEAN,PROTEAN EGOV TECHNO LTD,620.00,640.00,620.00,630.85,616.15,2.39,20.00,3.23,0.62,243186,154197640.70,7461
2026-03-08 00:00:00,LEMERITE,LE MERITE EXPORTS LIMITED,23.57,24.20,23.01,23.26,23.27,-0.04,1.19,5.05,1.29,242961,5645915.74,838
2026-03-08 00:00:00,MARKOLINES,MARKOLINES PAVEMENT TEC L,177.00,182.50,171.45,177.28,176.35,0.53,11.05,6.24,0.37,242655,43714506.48,2251
2026-03-08 00:00:00,ORCHASP,ORCHASP LIMITED,1.80,1.80,1.60,1.65,1.63,1.23,0.20,11.11,10.43,242277,399685.82,512
2026-03-08 00:00:00,GTL,GTL LTD,7.39,7.60,7.30,7.44,7.29,2.06,0.30,4.06,1.37,241270,1789473.95,775
2026-03-08 00:00:00,ARKADE,ARKADE DEVELOPERS LIMITED,142.50,142.97,140.00,140.65,141.19,-0.38,2.97,2.08,0.93,239449,33879722.79,3000
2026-03-08 00:00:00,GRAUWEIL,GRAUER & WEIL IND LTD,77.37,79.80,76.83,78.76,76.56,2.87,2.97,3.84,1.06,236764,18585724.21,6971
2026-03-08 00:00:00,KHAICHEM,KHAITAN CHEM & FERT LTD,47.90,52.79,47.70,49.35,47.15,4.67,5.09,10.63,1.59,234709,11693444.39,1734
2026-03-08 00:00:00,PARKHOTELS,PARKHOTELS,122.38,127.90,122.38,124.53,122.38,1.76,5.52,4.51,0.00,234150,29362802.54,5196
2026-03-08 00:00:00,AURIONPRO,AURIONPRO SOLN LTD,734.15,751.00,733.00,739.55,733.40,0.84,18.00,2.45,0.10,233978,173112699.30,8595
2026-03-08 00:00:00,ROTO,ROTO PUMPS LIMITED,67.99,68.45,67.10,67.48,67.47,0.01,1.35,1.99,0.77,233785,15859214.22,2240
2026-03-08 00:00:00,MULTICAP,MIRAEAMC - MULTICAP,17.07,17.37,16.83,16.93,16.74,1.14,0.54,3.16,1.97,232698,3936798.03,668
2026-03-08 00:00:00,GEOJITFSL,GEOJIT FINANCIAL SER L,77.89,77.89,75.90,77.52,76.36,1.52,1.99,2.55,2.00,231942,17888667.61,2922
2026-03-08 00:00:00,PRAXIS,PRAXIS HOME RETAIL LTD,6.30,6.74,6.00,6.56,6.13,7.01,0.74,11.75,2.77,229975,1511477.91,367
2026-03-08 00:00:00,IMFA,INDIAN METALS & FERRO,1482.90,1498.90,1454.00,1492.00,1448.60,3.00,44.90,3.03,2.37,229842,340530516.70,15338
2026-03-08 00:00:00,HARIOMPIPE,HARIOM PIPE INDUSTRIES L,391.00,408.50,391.00,402.70,390.50,3.12,17.50,4.48,0.13,229192,92193881.60,4862
2026-03-08 00:00:00,SGMART,SG MART LIMITED,705.00,707.00,685.10,699.25,697.35,0.27,21.90,3.11,1.10,229145,160957865.05,11456
2026-03-08 00:00:00,PRAKASH,PRAKASH INDUSTRIES LTD,124.00,126.50,124.00,125.50,123.40,1.70,2.50,2.02,0.49,229100,28685438.54,2860
2026-03-08 00:00:00,TIINDIA,TUBE INVEST OF INDIA LTD,2810.00,2813.00,2723.20,2766.00,2753.00,0.47,89.80,3.20,2.07,227956,629665503.40,33079
2026-03-08 00:00:00,TMB,TAMILNAD MERCA BANK LTD,864.90,879.40,855.45,861.55,851.70,1.16,23.95,2.77,1.55,226900,196914507.35,17410
2026-03-08 00:00:00,DALBHARAT,DALMIA BHARAT LIMITED,1799.70,1846.60,1795.00,1844.60,1799.70,2.49,51.60,2.87,0.00,226772,414866011.70,12764
2026-03-08 00:00:00,CHEMPLASTS,CHEMPLAST SANMAR LIMITED,194.21,198.30,194.21,196.10,194.18,0.99,4.09,2.11,0.02,226481,44545734.91,4533
2026-03-08 00:00:00,WANBURY,WANBURY LIMITED,294.00,300.95,283.00,286.20,293.55,-2.50,17.95,6.11,0.15,225207,65787602.80,6402
2026-03-08 00:00:00,AXISCADES,AXISCADES TECH LTD,1564.00,1599.00,1535.80,1572.90,1553.50,1.25,63.20,4.04,0.68,224880,351705483.40,13753
2026-03-08 00:00:00,SETL,STANDARD ENGNG TCNLGY LTD,276.95,282.70,275.30,278.55,275.10,1.25,7.40,2.67,0.67,223337,62358257.30,8653
2026-03-08 00:00:00,BUILDPRO,SHANKARA BUILDPRO LIMITED,1250.00,1360.00,1249.10,1343.60,1242.20,8.16,110.90,8.87,0.63,222434,293742207.70,13053
2026-03-08 00:00:00,GKENERGY,GK ENERGY LIMITED,130.50,132.88,130.25,131.17,129.38,1.38,2.63,2.02,0.87,221635,29123436.24,3259
2026-03-08 00:00:00,KRSNAA,KRSNAA DIAGNOSTICS LTD,529.00,561.45,526.55,540.80,527.45,2.53,34.90,6.60,0.29,220315,120333959.40,9203
2026-03-08 00:00:00,AEROENTER,AEROFLEX ENTERPRISES LTD,121.22,124.00,120.81,123.30,119.43,3.24,3.19,2.63,1.50,220022,27075218.53,3118
2026-03-08 00:00:00,HCL-INSYS,HCL INFOSYSTEMS LTD,11.53,11.89,11.42,11.66,11.39,2.37,0.47,4.08,1.23,218623,2544068.88,885
2026-03-08 00:00:00,DCMSRIND,DCM SHRIRAM IND LTD,39.30,42.35,39.30,41.56,39.26,5.86,3.05,7.76,0.10,218527,8962106.34,2269
2026-03-08 00:00:00,MEDPLUS,MEDPLUS HEALTH SERV LTD,704.95,708.75,695.00,696.40,704.95,-1.21,13.75,1.95,0.00,218379,152661269.85,18938
2026-03-08 00:00:00,TARACHAND,TARA CHAND INFRA SOLN LTD,55.55,59.25,55.02,58.84,55.12,6.75,4.23,7.61,0.78,217541,12578490.52,1846
2026-03-08 00:00:00,APOLLOPIPE,APOLLO PIPES LIMITED,520.00,533.60,510.00,515.85,515.60,0.05,23.60,4.54,0.85,217488,113178895.60,6530
2026-03-08 00:00:00,OLECTRA,OLECTRA GREENTECH LIMITED,1330.70,1353.90,1326.80,1344.20,1324.20,1.51,27.10,2.04,0.49,216171,291001216.30,12635
2026-03-08 00:00:00,SILGO,SILGO RETAIL LIMITED,69.94,70.69,68.67,69.79,69.94,-0.21,2.02,2.89,0.00,214160,15010445.82,1234
2026-03-08 00:00:00,SBCL,SHIVALIK BIMETAL CON. LTD,752.90,769.40,747.00,763.45,749.45,1.87,22.40,2.98,0.46,213225,162239887.65,14692
2026-03-08 00:00:00,SPIC,SPIC LTD,66.72,68.07,66.66,67.34,66.47,1.31,1.41,2.11,0.38,212929,14358031.59,2051
2026-03-08 00:00:00,UEL,UJAAS ENERGY LIMITED,172.50,184.47,163.15,184.47,153.73,20.00,21.32,12.36,12.21,211631,38217912.75,2481
2026-03-08 00:00:00,CSBBANK,CSB BANK LIMITED,330.10,334.75,329.65,332.80,329.90,0.88,5.10,1.54,0.06,211279,70290916.25,6141
2026-03-08 00:00:00,KSHINTL,KSH INTERNATIONAL LIMITED,845.45,885.60,845.45,878.20,839.70,4.58,40.15,4.75,0.68,211171,184359484.60,15589
2026-03-08 00:00:00,DIGITIDE,DIGITIDE SOLUTIONS LTD,101.49,102.89,99.20,100.15,101.33,-1.16,3.69,3.64,0.16,210639,21271504.45,2617
2026-03-08 00:00:00,MON100,MOTILAL OS NASDAQ100 ETF,315.45,315.45,315.45,315.45,305.18,3.37,0.00,0.00,3.37,210240,66320208.00,1389
2026-03-08 00:00:00,BANK10ADD,DSPAMC - BANK10ADD,17.08,17.55,17.08,17.19,17.02,1.00,0.47,2.75,0.35,209619,3603458.61,287
2026-03-08 00:00:00,ARIHANTCAP,ARIHANT CAPITAL MKTS LTD,78.00,79.70,77.02,77.48,78.34,-1.10,2.68,3.44,-0.43,208574,16396054.41,1892
2026-03-08 00:00:00,RELAXO,RELAXO FOOT LTD.,405.00,414.70,403.05,408.70,403.95,1.18,11.65,2.88,0.26,208423,85428083.90,6840
2026-03-08 00:00:00,CYIENTDLM,CYIENT DLM LIMITED,672.00,687.20,670.00,671.70,670.05,0.25,17.20,2.56,0.29,207998,140919333.35,12292
2026-03-08 00:00:00,TATACOMM,TATA COMMUNICATIONS LTD,1765.90,1793.80,1755.00,1780.10,1756.40,1.35,38.80,2.20,0.54,206782,368154628.90,16237
2026-03-08 00:00:00,JKPAPER,JK PAPER LIMITED,390.95,392.70,385.00,385.75,390.55,-1.23,7.70,1.97,0.10,205827,80021913.75,6562
2026-03-08 00:00:00,MOLDTECH,MOLD-TEK TECHNOLOGIES LTD,151.00,154.50,146.99,149.19,152.76,-2.34,7.51,4.97,-1.15,205395,30923646.21,4500
2026-03-08 00:00:00,JUBLPHARMA,JUBILANT PHARMOVA LTD,936.00,944.45,925.40,933.15,935.15,-0.21,19.05,2.04,0.09,204728,191251600.70,19899
2026-03-08 00:00:00,BHARATWIRE,BHARAT WIRE ROPES LTD.,197.48,204.85,197.48,202.77,196.99,2.93,7.37,3.73,0.25,204511,41304688.88,3462
2026-03-08 00:00:00,CENTEXT,CENTURY EXTRUSIONS LTD,20.00,20.69,19.37,20.00,19.87,0.65,1.32,6.60,0.65,203679,4117380.34,999
2026-03-08 00:00:00,SCILAL,SHIPPING CORP OF ILA LTD,41.21,42.50,41.21,41.89,41.19,1.70,1.29,3.13,0.05,203515,8534028.11,1154
2026-03-08 00:00:00,DJML,DJ MEDIAPRINT & LOG LTD,114.30,115.86,111.10,112.58,114.81,-1.94,4.76,4.16,-0.44,203464,23102249.17,3364
2026-03-08 00:00:00,MNC,KOTAKMAMC - KOTAKMNC,34.24,34.44,34.10,34.35,34.04,0.91,0.34,0.99,0.59,202047,6935918.98,736
2026-03-08 00:00:00,AJOONI,AJOONI BIOTECH LIMITED,3.93,4.05,3.93,3.99,4.00,-0.25,0.12,3.05,-1.75,201708,807942.96,473
2026-03-08 00:00:00,BRITANNIA,BRITANNIA INDUSTRIES LTD,5422.00,5531.00,5401.00,5531.00,5416.50,2.11,130.00,2.40,0.10,201410,1098057953.00,21091
2026-03-08 00:00:00,MIDQ50ADD,DSPAMC - DSPQ50ETF,25.26,25.52,25.26,25.46,25.18,1.11,0.26,1.03,0.32,201399,5115314.52,176
2026-03-08 00:00:00,OMAXE,OMAXE LIMITED,86.16,87.84,84.35,85.38,86.16,-0.91,3.49,4.05,0.00,201187,17368162.99,2260
2026-03-08 00:00:00,RISHABH,RISHABH INSTRUMENTS LTD,619.10,662.05,617.75,650.20,610.55,6.49,44.30,7.16,1.40,201022,130277754.65,13064
2026-03-08 00:00:00,BOMDYEING,BOMBAY DYEING & MFG. CO L,122.30,122.99,121.60,121.92,121.53,0.32,1.39,1.14,0.63,200678,24539302.87,2728
2026-03-08 00:00:00,VIMTALABS,VIMTA LABS LIMITED,605.05,625.00,605.05,620.15,608.85,1.86,19.95,3.30,-0.62,200457,123506201.55,8068
2026-03-08 00:00:00,FINCABLES,FINOLEX CABLES LTD,991.00,1006.00,988.00,998.05,987.60,1.06,18.00,1.82,0.34,200264,199963897.60,19843
2026-03-08 00:00:00,YATHARTH,YATHARTH HOSP & TRA C S L,824.00,843.85,824.00,833.95,818.45,1.89,19.85,2.41,0.68,199791,167223241.00,8487
2026-03-08 00:00:00,ALIVUS,ALIVUS LIFE SCIENCES LTD,1182.80,1225.00,1172.90,1214.40,1160.00,4.69,52.10,4.40,1.97,199736,241203654.80,25069
2026-03-08 00:00:00,CARBORUNIV,CARBORUNDUM UNIVERSAL LTD,1076.10,1110.00,1063.80,1095.50,1063.80,2.98,46.20,4.29,1.16,199525,216710068.10,21113
2026-03-08 00:00:00,ANURAS,ANUPAM RASAYAN INDIA LTD,1211.00,1216.80,1196.00,1209.80,1207.80,0.17,20.80,1.72,0.26,199378,240840995.90,10171
2026-03-08 00:00:00,SENORES,SENORES PHARMACEUTICALS L,1326.60,1364.40,1312.10,1355.30,1305.70,3.80,52.30,3.94,1.60,198818,268459268.50,15825
2026-03-08 00:00:00,TAJGVK,TAJ GVK HOTELS & RESORTS,363.95,374.00,361.20,363.45,363.25,0.06,12.80,3.52,0.19,198799,73192347.05,7630
2026-03-08 00:00:00,STOVEKRAFT,STOVE KRAFT LIMITED,788.00,795.95,726.30,754.60,778.40,-3.06,69.65,8.84,1.23,198066,152423117.00,10523
2026-03-08 00:00:00,SCHNEIDER,SCHNEIDER ELECTRIC INFRA,1370.00,1378.50,1339.50,1346.10,1355.30,-0.68,39.00,2.85,1.08,198032,268657876.30,17894
2026-03-08 00:00:00,DAMCAPITAL,DAM CAPITAL ADVISORS LTD,155.70,155.70,152.10,153.71,152.86,0.56,3.60,2.31,1.86,197235,30376120.71,2743
2026-03-08 00:00:00,RAJMET,RAJNANDINI METAL LIMITED,3.27,3.35,3.27,3.31,3.27,1.22,0.08,2.45,0.00,197052,653710.68,710
2026-03-08 00:00:00,HDFCNIFIT,HDFCAMC - HDFCNIFIT,32.86,33.73,32.86,33.58,32.86,2.19,0.87,2.65,0.00,196822,6569646.62,491
2026-03-08 00:00:00,ABINFRA,A B INFRABUILD LIMITED,10.18,10.20,10.00,10.06,10.05,0.10,0.20,1.96,1.29,195761,1980983.59,462
2026-03-08 00:00:00,INDSWFTLAB,IND SWIFT LABORATORIES LT,224.27,231.20,222.20,228.63,224.27,1.94,9.00,4.01,0.00,195400,44623764.50,3589
2026-03-08 00:00:00,INDIACEM,THE INDIA CEMENTS LIMITED,400.00,400.00,388.50,390.95,398.00,-1.77,11.50,2.88,0.50,195037,76686063.55,12469
2026-03-08 00:00:00,GREENPLY,GREENPLY INDUSTRIES LTD,289.95,295.90,285.25,287.40,284.75,0.93,10.65,3.67,1.83,195013,56843356.40,5083
2026-03-08 00:00:00,STEELCAS,STEELCAST LIMITED,330.00,330.05,317.70,325.90,309.95,5.15,12.35,3.74,6.47,195000,63570919.45,5251
2026-03-08 00:00:00,ELIN,ELIN ELECTRONICS LIMITED,100.60,105.11,100.60,103.55,100.60,2.93,4.51,4.48,0.00,193419,19981678.62,3010
2026-03-08 00:00:00,GANESHCP,GANESH CONSUMER PRODUCT L,180.98,184.70,175.27,177.80,178.28,-0.27,9.43,5.21,1.51,193376,34626293.73,3245
2026-03-08 00:00:00,KPEL,K.P. ENERGY LIMITED,309.05,319.20,309.05,316.25,306.95,3.03,10.15,3.28,0.68,193005,60791183.95,4846
2026-03-08 00:00:00,VINNY,VINNY OVERSEAS LIMITED,1.05,1.07,1.05,1.05,1.05,0.00,0.02,1.90,0.00,192610,203223.34,154
2026-03-08 00:00:00,TTL,T T LIMITED,6.47,6.60,6.30,6.37,6.42,-0.78,0.30,4.64,0.78,192564,1233779.03,327
2026-03-08 00:00:00,MAPMYINDIA,C.E. INFO SYSTEMS LIMITED,1195.70,1217.40,1186.40,1196.00,1181.65,1.21,31.00,2.59,1.19,192256,230539667.10,14508
2026-03-08 00:00:00,GSPCROP,GSP CROP SCIENCE LIMITED,582.00,594.00,580.75,587.85,582.95,0.84,13.25,2.28,-0.16,191658,112237242.25,4727
2026-03-08 00:00:00,CANTABIL,CANTABIL RETAIL LTD,245.55,252.47,244.60,247.24,245.55,0.69,7.87,3.21,0.00,189873,46871443.44,2594
2026-03-08 00:00:00,GEMAROMA,GEM AROMATICS LIMITED,191.01,198.00,191.01,196.21,191.60,2.41,6.99,3.66,-0.31,189088,37058338.39,3024
2026-03-08 00:00:00,EVEREADY,EVEREADY INDS. IND.  LTD.,350.00,357.00,347.60,355.65,342.85,3.73,9.40,2.69,2.09,187826,66276215.90,3223
2026-03-08 00:00:00,TIJARIA,TIJARIA POLYPIPES LTD,5.34,5.49,4.91,4.98,5.03,-0.99,0.58,10.86,6.16,185584,936562.29,298
2026-03-08 00:00:00,IGPL,I G PETROCHEMICALS LTD,478.30,500.00,471.05,496.65,471.25,5.39,28.95,6.05,1.50,185122,90649879.80,5123
2026-03-08 00:00:00,METROPOLIS,METROPOLIS HEALTHCARE LTD,584.95,605.00,584.70,596.45,582.45,2.40,20.30,3.47,0.43,184833,110136946.45,11869
2026-03-08 00:00:00,TRUALT,TRUALT BIOENERGY LIMITED,424.90,439.00,422.50,437.85,423.00,3.51,16.50,3.88,0.45,184496,79690077.90,5191
2026-03-08 00:00:00,GNA,GNA AXLES LIMITED,544.00,544.35,528.15,537.20,535.75,0.27,16.20,2.98,1.54,184492,98902682.00,5692
2026-03-08 00:00:00,MAHLOG,MAHINDRA LOGISTIC LIMITED,414.00,418.70,412.25,416.30,409.50,1.66,6.45,1.56,1.10,184166,76616620.20,7212
2026-03-08 00:00:00,COROMANDEL,COROMANDEL INTERNTL. LTD,2083.00,2128.90,2064.50,2115.30,2073.60,2.01,64.40,3.09,0.45,184125,387537327.20,20441
2026-03-08 00:00:00,INDIANHUME,INDIAN HUME PIPE CO. LTD.,393.20,421.00,393.20,414.50,390.75,6.08,27.80,7.07,0.63,183169,74829545.55,7879
2026-03-08 00:00:00,JAGSNPHARM,JAGSONPAL PHARMACEUTICALS,228.50,239.00,227.21,235.37,230.80,1.98,11.79,5.16,-1.00,182821,42332496.11,3945
2026-03-08 00:00:00,GOKEX,GOKALDAS EXPORTS LTD.,818.95,835.85,810.00,816.80,814.95,0.23,25.85,3.16,0.49,182653,150567240.95,8613
2026-03-08 00:00:00,CELLO,CELLO WORLD LIMITED,345.00,348.50,344.05,345.55,343.30,0.66,4.45,1.29,0.50,182632,63222422.15,9240
2026-03-08 00:00:00,CCL,CCL PRODUCTS (I) LTD,1156.50,1197.10,1136.10,1152.40,1155.30,-0.25,61.00,5.27,0.10,182159,212704290.30,16031
2026-03-08 00:00:00,SAKAR,SAKAR HEALTHCARE LIMITED,908.70,944.00,894.05,922.50,885.25,4.21,49.95,5.50,2.65,181604,167144406.90,11555
2026-03-08 00:00:00,PRINCEPIPE,PRINCE PIPES FITTINGS LTD,262.00,270.00,262.00,263.40,264.00,-0.23,8.00,3.05,-0.76,181389,48079576.10,5610
2026-03-08 00:00:00,EKC,EVEREST KANTO CYLINDERLTD,107.70,110.50,106.89,109.78,106.77,2.82,3.61,3.35,0.87,180853,19712047.80,2822
2026-03-08 00:00:00,TALBROAUTO,TALBROS AUTO. COMP. LTD,417.00,424.00,410.50,417.65,407.75,2.43,13.50,3.24,2.27,180850,75618368.15,6265
2026-03-08 00:00:00,GIPCL,GUJ IND POW CO. LTD,163.00,164.00,161.10,161.48,161.17,0.19,2.90,1.78,1.14,180171,29218397.45,1941
2026-03-08 00:00:00,DEEPAKNTR,DEEPAK NITRITE LTD,1667.00,1725.00,1656.10,1713.80,1662.20,3.10,68.90,4.13,0.29,179743,305625081.30,17551
2026-03-08 00:00:00,EIDPARRY,EID PARRY INDIA LTD,761.20,782.80,761.20,780.30,760.05,2.66,21.60,2.84,0.15,179666,139636379.40,11279
2026-03-08 00:00:00,INDOFARM,INDO FARM EQUIPMENT LTD,161.90,164.50,160.16,161.60,161.22,0.24,4.34,2.68,0.42,179064,29130502.02,3645
2026-03-08 00:00:00,KSCL,KAVERI SEED CO. LTD.,782.40,801.95,772.25,780.50,782.45,-0.25,29.70,3.80,-0.01,178531,140654423.20,8704
2026-03-08 00:00:00,OBEROIRLTY,OBEROI REALTY LIMITED,1834.10,1861.10,1821.60,1861.10,1827.70,1.83,39.50,2.15,0.35,178400,326769166.70,14501
2026-03-08 00:00:00,NAHARSPING,NAHAR SPINNING MILLS LTD.,283.30,313.80,283.30,311.15,281.10,10.69,30.50,10.77,0.78,176570,53402616.55,3164
2026-03-08 00:00:00,TRANSPEK,TRANSPEK INDUSTRY LTD,1364.00,1447.90,1311.60,1414.50,1321.30,7.05,136.30,9.99,3.23,175728,240983438.00,13964
2026-03-08 00:00:00,SANSERA,SANSERA ENGINEERING LTD,3378.00,3471.00,3358.30,3452.70,3346.90,3.16,112.70,3.34,0.93,174571,599033492.00,18693
2026-03-08 00:00:00,SHRIRAMPPS,SHRIRAM PROPERTIES LTD,84.72,86.00,84.48,85.65,84.03,1.93,1.52,1.79,0.82,174452,14910012.23,1957
2026-03-08 00:00:00,BLKASHYAP,B.L.KASHYAP & SON LTD,55.00,55.25,53.80,54.32,54.46,-0.26,1.45,2.64,0.99,174052,9501044.79,1274
2026-03-08 00:00:00,20MICRONS,20 MICRONS LTD,193.03,199.80,192.50,196.03,192.46,1.85,7.30,3.78,0.30,173167,34129182.32,3859
2026-03-08 00:00:00,ELGIEQUIP,ELGI EQUIPMENTS LTD,570.05,585.10,569.65,582.60,569.65,2.27,15.45,2.71,0.07,172551,100328678.45,12843
2026-03-08 00:00:00,AWFIS,AWFIS SPACE SOLUTIONS LTD,280.00,283.10,276.05,277.30,278.10,-0.29,7.05,2.52,0.68,171951,47935503.70,4883
2026-03-08 00:00:00,GROWWMOM50,GROWWAMC - GROWWMOM50,11.07,11.07,10.64,10.75,10.67,0.75,0.43,3.88,3.75,171803,1845033.65,680
2026-03-08 00:00:00,DOLATALGO,DOLAT ALGOTECH LIMITED,67.77,68.84,67.45,67.56,68.17,-0.89,1.39,2.05,-0.59,170157,11546146.79,1809
2026-03-08 00:00:00,VARDMNPOLY,VARDHMAN POLYTEX LTD.,6.09,6.16,6.06,6.12,5.97,2.51,0.10,1.64,2.01,169091,1035819.27,297
2026-03-08 00:00:00,MOMOMENTUM,MOTILALAMC - MOMOMENTUM,62.00,62.90,61.87,62.09,61.90,0.31,1.03,1.66,0.16,168761,10494275.17,740
2026-03-08 00:00:00,STARCEMENT,STAR CEMENT LIMITED,203.20,206.94,203.00,203.96,202.78,0.58,3.94,1.94,0.21,168528,34577957.18,2544
2026-03-08 00:00:00,WESTLIFE,WESTLIFE FOODWORLD LTD,510.00,534.65,505.05,531.20,507.10,4.75,29.60,5.80,0.57,168396,88198012.95,9356
2026-03-08 00:00:00,PRECAM,PRECISION CAMSHAFTS LTD.,141.47,146.00,141.39,143.31,140.29,2.15,4.61,3.26,0.84,168272,24247451.92,3464
2026-03-08 00:00:00,ALMONDZ,ALMONDZ GLOBAL SEC LTD,14.76,14.94,13.57,13.80,14.76,-6.50,1.37,9.28,0.00,168249,2387513.70,681
2026-03-08 00:00:00,MIRZAINT,MIRZA INTERNATIONAL LIMIT,33.01,34.43,33.01,33.72,33.27,1.35,1.42,4.30,-0.78,167395,5671961.71,1166
2026-03-08 00:00:00,DNAMEDIA,DILIGENT MEDIA CORP LTD.,2.76,3.15,2.76,2.87,2.83,1.41,0.39,14.13,-2.47,167358,486631.42,197
2026-03-08 00:00:00,MAANALU,MAAN ALUMINIUM LIMITED,124.70,128.00,121.88,126.78,122.62,3.39,6.12,4.91,1.70,167145,21007413.09,1568
2026-03-08 00:00:00,BALMLAWRIE,BALMER LAWRIE & CO LTD,173.95,175.65,172.68,174.14,172.20,1.13,2.97,1.71,1.02,167087,29088739.40,2680
2026-03-08 00:00:00,SCODATUBES,SCODA TUBES LIMITED,147.00,151.97,146.22,150.82,146.40,3.02,5.75,3.91,0.41,166875,25052501.71,2092
2026-03-08 00:00:00,GSS,GSS INFOTECH LIMITED,12.82,13.82,12.64,13.79,12.57,9.71,1.18,9.20,1.99,165823,2241040.06,493
2026-03-08 00:00:00,IKIO,IKIO TECHNOLOGIES LIMITED,201.00,203.90,199.30,201.54,200.22,0.66,4.60,2.29,0.39,165776,33336908.08,2111
2026-03-08 00:00:00,AURUM,AURUM PROPTECH LIMITED,224.99,224.99,218.00,218.62,219.92,-0.59,6.99,3.11,2.31,165374,36371048.36,2482
2026-03-08 00:00:00,INDIAMART,INDIAMART INTERMESH LTD,1820.00,1825.00,1790.00,1798.60,1799.80,-0.07,35.00,1.92,1.12,165345,299098000.30,15699
2026-03-08 00:00:00,ARVINDFASN,ARVIND FASHIONS LIMITED,453.45,456.70,445.55,449.15,450.00,-0.19,11.15,2.46,0.77,164972,74318184.75,9182
2026-03-08 00:00:00,CPPLUS,ADITYA INFOTECH LIMITED,3444.20,3525.00,3346.60,3428.70,3391.00,1.11,178.40,5.18,1.57,164705,568044152.40,20688
2026-03-08 00:00:00,KOLTEPATIL,KOLTE PATIL DEV. LTD.,385.50,399.95,385.20,391.40,385.10,1.64,14.75,3.83,0.10,164542,64865626.95,4861
2026-03-08 00:00:00,OFSS,ORACLE FIN SERV SOFT LTD.,11186.00,11484.00,11160.00,11332.00,11186.00,1.31,324.00,2.90,0.00,164111,1864900828.00,24078
2026-03-08 00:00:00,DIFFNKG,DIFFUSION ENGINEERS LTD,385.10,410.00,385.10,406.10,383.65,5.85,24.90,6.47,0.38,164109,66056019.80,5484
2026-03-08 00:00:00,WEWORK,WEWORK INDIA MANAGEMENT L,750.00,754.00,726.60,744.60,743.50,0.15,27.40,3.65,0.87,163517,121416670.10,10651
2026-03-08 00:00:00,GARUDA,GARUDA CONSTRUCT N ENG L,173.50,175.42,171.25,172.50,172.80,-0.17,4.17,2.40,0.41,163285,28334192.96,2439
2026-03-08 00:00:00,HDFCMOMENT,HDFCAMC - HDFCMOMENT,31.21,31.21,30.71,30.86,30.81,0.16,0.50,1.60,1.30,163285,5061205.34,841
2026-03-08 00:00:00,NATCAPSUQ,NATURAL CAPSULES LIMITED,144.71,168.90,144.10,162.33,143.28,13.30,24.80,17.14,1.00,161886,25657629.91,1765
2026-03-08 00:00:00,JBMA,JBM AUTO LIMITED,663.00,670.95,660.00,662.60,658.35,0.65,10.95,1.65,0.71,161748,107633995.55,8554
2026-03-08 00:00:00,FINKURVE,FINKURVE FINANCIAL SERV L,61.75,62.73,59.01,59.72,62.73,-4.80,3.72,6.02,-1.56,161723,9758955.37,1115
2026-03-08 00:00:00,RAINBOW,RAINBOW CHILDRENS MED LTD,1550.00,1574.80,1530.60,1545.60,1525.40,1.32,44.20,2.85,1.61,161412,252359101.90,15898
2026-03-08 00:00:00,CENTENKA,CENTURY ENKA LTD,615.00,625.90,614.50,621.60,610.45,1.83,11.40,1.85,0.75,161398,100209671.60,4955
2026-03-08 00:00:00,ECLERX,ECLERX SERVICES LTD,1860.10,1945.00,1852.00,1922.20,1845.50,4.16,93.00,5.00,0.79,159968,306109325.80,18099
2026-03-08 00:00:00,LCCINFOTEC,LCC INFOTECH LTD,4.01,4.38,4.01,4.14,4.18,-0.96,0.37,9.23,-4.07,159959,674047.51,136
2026-03-08 00:00:00,FERMENTA,FERMENTA BIOTECH LTD.,505.05,520.00,505.05,511.70,501.35,2.06,14.95,2.96,0.74,159878,82055505.70,6643
2026-03-08 00:00:00,IPCALAB,IPCA LABORATORIES LTD,1752.90,1767.00,1714.00,1725.60,1747.80,-1.27,53.00,3.02,0.29,159711,278136312.80,23023
2026-03-08 00:00:00,ULTRACEMCO,ULTRATECH CEMENT LIMITED,11940.00,12054.00,11905.00,12054.00,11903.00,1.27,149.00,1.25,0.31,159579,1915400252.00,20922
2026-03-08 00:00:00,ABDL,ALLIED BLEND N DISTILS L,619.50,630.00,616.00,619.55,619.50,0.01,14.00,2.26,0.00,159051,99020321.45,7748
2026-03-08 00:00:00,BANCOINDIA,BANCO PRODUCTS (I) LTD,644.20,664.00,643.60,657.75,637.25,3.22,20.40,3.17,1.09,158594,104353103.95,12049
2026-03-08 00:00:00,MSTCLTD,MSTC LIMITED,630.00,630.00,602.10,608.80,618.20,-1.52,27.90,4.43,1.91,158493,97957787.60,8373
2026-03-08 00:00:00,PRIMO,PRIMO CHEMICALS LIMITED,26.00,26.00,24.11,24.30,25.24,-3.72,1.89,7.27,3.01,158094,3901034.55,1112
2026-03-08 00:00:00,MOMIDMTM,MOTILALAMC - MOMIDMTM,64.19,64.25,63.65,63.80,63.97,-0.27,0.60,0.93,0.34,157640,10089768.64,519
2026-03-08 00:00:00,GVPIL,GE POWER INDIA LIMITED,700.00,758.00,700.00,758.00,721.95,4.99,58.00,8.29,-3.04,157148,115491274.05,7277
2026-03-08 00:00:00,KPRMILL,KPR MILL LTD.,1064.70,1077.00,1050.50,1063.70,1049.80,1.32,26.50,2.49,1.42,156682,166400920.20,17474
2026-03-08 00:00:00,RSDFIN,R S D FINANCE LTD.,112.00,132.88,101.15,132.88,110.74,19.99,31.73,28.33,1.14,156670,19422030.24,2464
2026-03-08 00:00:00,NIFTY1,KOTAK NIFTY ETF,272.70,273.49,270.85,272.05,270.14,0.71,2.64,0.97,0.95,156388,42633047.84,2025
2026-03-08 00:00:00,LAOPALA,LA OPALA RG LIMITED,185.30,190.25,185.30,187.81,184.35,1.88,4.95,2.67,0.52,155641,29339799.41,2821
2026-03-08 00:00:00,DCI,DC INFOTECH AND COMUN LTD,345.00,365.90,315.00,337.20,329.70,2.27,50.90,14.75,4.64,155608,54808178.75,5756
2026-03-08 00:00:00,SJS,SJS ENTERPRISES LIMITED,2430.20,2498.90,2410.00,2483.40,2391.70,3.83,88.90,3.66,1.61,155365,383334298.00,16076
2026-03-08 00:00:00,IVC,IL&FS INVESTMENT MANAGERS,8.50,8.51,8.44,8.45,8.40,0.60,0.07,0.82,1.19,154929,1311585.98,692
2026-03-08 00:00:00,UBL,UNITED BREWERIES LTD,1437.00,1464.00,1430.00,1438.40,1418.80,1.38,34.00,2.37,1.28,154717,223454019.40,9755
2026-03-08 00:00:00,GODAVARIB,GODAVARI BIOREFINERIES L,260.00,265.45,258.30,260.65,260.90,-0.10,7.15,2.75,-0.34,154431,40339837.90,3785
2026-03-08 00:00:00,RAJRATAN,RAJRATAN GLOBAL WIRE LTD,500.00,518.00,497.05,513.50,495.00,3.74,20.95,4.19,1.01,154143,78283438.00,5274
2026-03-08 00:00:00,POLYCAB,POLYCAB INDIA LIMITED,9120.00,9150.00,9001.00,9034.00,9106.50,-0.80,149.00,1.63,0.15,154112,1397626174.50,24183
2026-03-08 00:00:00,SAFARI,SAFARI IND (INDIA) LTD,1559.70,1588.90,1504.00,1548.10,1559.60,-0.74,84.90,5.44,0.01,153429,235087381.00,24699
2026-03-08 00:00:00,CEATLTD,CEAT LIMITED,3481.90,3563.00,3451.10,3542.50,3429.90,3.28,111.90,3.21,1.52,152999,539938476.70,23911
2026-03-08 00:00:00,UNIMECH,UNIMECH AEROSPACE N MFG L,1265.90,1304.90,1235.90,1259.80,1235.90,1.93,69.00,5.45,2.43,152774,195385903.40,12315
2026-03-08 00:00:00,KPIL,KALPATARU PROJECT INT LTD,1289.00,1310.00,1273.10,1283.50,1289.60,-0.47,36.90,2.86,-0.05,152552,196232497.80,17688
2026-03-08 00:00:00,SPMLINFRA,SPML INFRA LIMITED,192.23,198.39,192.23,196.13,191.75,2.28,6.16,3.20,0.25,151774,29754953.87,1965
2026-03-08 00:00:00,SUNDRMFAST,SUNDRAM FASTENERS LTD,980.00,998.00,978.00,993.25,977.45,1.62,20.00,2.04,0.26,151032,149482015.35,7390
2026-03-08 00:00:00,SRF,SRF LTD,2630.00,2657.80,2625.00,2645.00,2622.50,0.86,32.80,1.25,0.29,150758,398618552.70,17658
2026-03-08 00:00:00,KMSUGAR,K M SUGAR MILLS LTD,27.80,28.50,27.75,28.19,27.60,2.14,0.75,2.70,0.72,149407,4224993.59,907
2026-03-08 00:00:00,BEML,BEML LIMITED,1755.00,1768.00,1740.00,1743.70,1750.40,-0.38,28.00,1.60,0.26,149171,260794775.90,12295
2026-03-08 00:00:00,GOKUL,GOKUL REFOILS & SOLV LTD,39.05,39.99,38.90,39.43,39.05,0.97,1.09,2.79,0.00,148731,5879967.78,701
2026-03-08 00:00:00,REDTAPE,REDTAPE LIMITED,131.90,133.08,130.51,130.79,132.51,-1.30,2.57,1.95,-0.46,148310,19500731.15,2851
2026-03-08 00:00:00,KIRLOSBROS,KIRLOSKAR BROTHERS LTD,1840.00,1914.00,1839.90,1859.70,1870.10,-0.56,74.10,4.03,-1.61,147293,277501191.10,20072
2026-03-08 00:00:00,LTTS,L&T TECHNOLOGY SER. LTD.,3580.00,3593.00,3454.80,3564.80,3555.40,0.26,138.20,3.86,0.69,147067,525038481.90,17713
2026-03-08 00:00:00,PSPPROJECT,PSP PROJECTS LIMITED,990.00,990.00,939.90,949.55,978.00,-2.91,50.10,5.06,1.23,147018,140210648.00,7640
2026-03-08 00:00:00,CUMMINSIND,CUMMINS INDIA LTD,5526.00,5550.00,5486.00,5550.00,5519.00,0.56,64.00,1.16,0.13,146209,806481376.50,19873
2026-03-08 00:00:00,SIGNPOST,SIGNPOST INDIA LIMITED,283.60,288.05,275.35,280.00,283.55,-1.25,12.70,4.48,0.02,146187,41260623.15,4164
2026-03-08 00:00:00,SPANDANA,SPANDANA SPHOORTY FIN LTD,262.55,265.55,260.40,262.40,261.10,0.50,5.15,1.96,0.56,145722,38359223.35,3813
2026-03-08 00:00:00,TECHNOE,TECHNO ELEC & ENG CO. LTD,998.00,1012.00,985.35,999.40,980.30,1.95,26.65,2.67,1.81,145672,145629745.70,9608
2026-03-08 00:00:00,MGL,MAHANAGAR GAS LTD.,1125.90,1131.10,1110.80,1115.70,1120.50,-0.43,20.30,1.80,0.48,145295,162774502.30,13622
2026-03-08 00:00:00,SUPREMEIND,SUPREME INDUSTRIES LTD,3465.40,3539.10,3455.00,3530.00,3465.40,1.86,84.10,2.43,0.00,145252,509380172.30,15657
2026-03-08 00:00:00,PNGSREVA,PNGS REVA DIAMOND JEWEL L,428.10,444.70,426.85,443.25,428.10,3.54,17.85,4.17,0.00,144582,63310115.70,5644
2026-03-08 00:00:00,AKUMS,AKUMS DRUGS AND PHARMA L,666.70,688.30,664.65,681.20,658.35,3.47,23.65,3.55,1.27,143860,97892168.95,9219
2026-03-08 00:00:00,ACSTECH,A C S TECHNOLOGIES LTD.,39.80,41.40,39.80,40.21,39.97,0.60,1.60,4.02,-0.43,143511,5846080.58,436
2026-03-08 00:00:00,GULFOILLUB,GULF OIL LUB. IND. LTD.,1072.90,1121.00,1072.90,1115.10,1069.30,4.28,48.10,4.48,0.34,143329,158857715.30,10243
2026-03-08 00:00:00,MAHLIFE,MAHINDRA LIFESPACE DEVLTD,395.00,400.00,391.05,398.25,392.65,1.43,8.95,2.27,0.60,142818,56613599.25,7669
2026-03-08 00:00:00,AAVAS,AAVAS FINANCIERS LIMITED,1359.80,1453.20,1359.80,1439.00,1359.80,5.82,93.40,6.87,0.00,142280,203560417.00,18278
2026-03-08 00:00:00,HDFCNIFBAN,HDFCAMC - HDFCNIFBAN,59.13,59.55,58.63,59.00,58.91,0.15,0.92,1.56,0.37,142086,8429611.51,757
2026-03-08 00:00:00,JAIPURKURT,NANDANI CREATION LIMITED,26.50,27.96,26.50,26.91,26.67,0.90,1.46,5.51,-0.64,141267,3851650.93,181
2026-03-08 00:00:00,DBCORP,D.B.CORP LTD,210.00,213.20,208.28,210.53,208.95,0.76,4.92,2.34,0.50,140805,29619805.01,3519
2026-03-08 00:00:00,DUCON,DUCON INFRATECHNOLOGIES L,3.00,3.02,2.90,2.98,2.95,1.02,0.12,4.00,1.69,140674,419862.38,288
2026-03-08 00:00:00,FLAIR,FLAIR WRITING INDUST LTD,263.80,263.80,248.15,252.00,259.10,-2.74,15.65,5.93,1.81,140255,35572244.25,3192
2026-03-08 00:00:00,PRAKASHSTL,PRAKASH STEELAGE LTD,4.00,4.11,3.98,4.03,4.00,0.75,0.13,3.25,0.00,140048,561464.45,352
2026-03-08 00:00:00,BFINVEST,BF INVESTMENT LIMITED,468.50,487.00,460.05,483.00,454.85,6.19,26.95,5.75,3.00,140019,67443339.20,7246
2026-03-08 00:00:00,EUROPRATIK,EURO PRATIK SALES LIMITED,303.75,307.55,300.35,301.70,305.05,-1.10,7.20,2.37,-0.43,139763,42375264.40,2792
2026-03-08 00:00:00,DREDGECORP,DREDGING CORP OF INDIA,1145.00,1161.50,1088.00,1096.50,1139.40,-3.77,73.50,6.42,0.49,139028,156077781.30,8824
2026-03-08 00:00:00,SUVIDHAA,SUVIDHAA INFOSERVE LTD,2.64,2.64,2.53,2.54,2.55,-0.39,0.11,4.17,3.53,139004,354430.68,193
2026-03-08 00:00:00,TOP20,MIRAEAMC - TOP20,9.10,9.18,9.07,9.14,9.03,1.22,0.11,1.21,0.78,138749,1263755.61,167
2026-03-08 00:00:00,ESTER,ESTER INDUSTRIES LTD,89.39,89.68,85.10,86.67,87.90,-1.40,4.58,5.12,1.70,138696,12161947.29,1671
2026-03-08 00:00:00,SINDHUTRAD,SINDHU TRADE LINKS LTD,24.96,24.96,24.42,24.50,24.41,0.37,0.54,2.16,2.25,137842,3389432.58,519
2026-03-08 00:00:00,SCPL,SHEETAL COOL PRODUCTS LTD,619.00,648.00,619.00,638.60,615.00,3.84,29.00,4.68,0.65,137704,87452613.60,5539
2026-03-08 00:00:00,TECH,BIRLASLAMC - TECH,34.17,34.58,33.77,34.48,33.65,2.47,0.81,2.37,1.55,137169,4696828.65,367
2026-03-08 00:00:00,AKI,AKI INDIA LIMITED,4.28,4.28,4.01,4.08,4.14,-1.45,0.27,6.31,3.38,136796,561522.41,218
2026-03-08 00:00:00,MAHSEAMLES,MAHARASHTRA SEAMLESS LTD,572.50,583.60,567.00,573.70,565.35,1.48,16.60,2.90,1.26,135333,77858404.30,8211
2026-03-08 00:00:00,UNIPARTS,UNIPARTS INDIA LIMITED,732.00,745.00,726.10,737.45,728.00,1.30,18.90,2.58,0.55,134584,99140568.55,7082
2026-03-08 00:00:00,DCMSHRIRAM,DCM SHRIRAM LIMITED,1045.90,1045.90,1025.00,1029.80,1033.90,-0.40,20.90,2.00,1.16,134290,138855981.40,8621
2026-03-08 00:00:00,TATAINVEST,TATA INVESTMENT CORP LTD,685.55,687.00,673.20,676.65,679.45,-0.41,13.80,2.01,0.90,133851,90892683.40,9071
2026-03-08 00:00:00,INOXINDIA,INOX INDIA LIMITED,1908.00,1980.00,1879.00,1920.40,1908.00,0.65,101.00,5.29,0.00,133526,256447365.50,16505
2026-03-08 00:00:00,AMBER,AMBER ENTERPRISES (I) LTD,7567.00,7567.00,7400.00,7400.00,7440.50,-0.54,167.00,2.21,1.70,133339,997487572.50,17988
2026-03-08 00:00:00,GOODLUCK,GOODLUCK INDIA LIMITED,1518.90,1535.40,1496.20,1507.20,1517.50,-0.68,39.20,2.58,0.09,132434,200524152.60,14053
2026-03-08 00:00:00,PANAMAPET,PANAMA PETROCHEM LTD,459.80,471.35,456.00,460.75,453.55,1.59,15.35,3.34,1.38,132370,61564742.35,4781
2026-03-08 00:00:00,VOLTAMP,VOLTAMP TRANSFORMERS LTD,10215.00,10425.00,9886.00,10021.00,9923.00,0.99,539.00,5.28,2.94,132224,1348820594.00,31827
2026-03-08 00:00:00,ESSARSHPNG,ESSAR SHIPPING LTD,20.20,20.81,19.97,20.57,19.93,3.21,0.84,4.16,1.35,131530,2697792.29,749
2026-03-08 00:00:00,ANTELOPUS,ANTELOPUS SELAN ENRGY LTD,821.00,846.00,812.00,834.55,821.50,1.59,34.00,4.14,-0.06,130427,108937646.00,5757
2026-03-08 00:00:00,AWHCL,ANTONY WASTE HDG CELL LTD,429.55,438.95,426.80,429.65,426.80,0.67,12.15,2.83,0.64,130134,56058643.45,4982
2026-03-08 00:00:00,CARRARO,CARRARO INDIA LIMITED,538.90,545.15,533.05,542.80,536.40,1.19,12.10,2.25,0.47,129879,70552815.45,10079
2026-03-08 00:00:00,FACT,FACT LTD,831.00,849.95,831.00,843.25,826.65,2.01,18.95,2.28,0.53,129872,109476081.95,8926
2026-03-08 00:00:00,SYMPHONY,SYMPHONY LIMITED,689.65,695.00,681.00,682.75,688.20,-0.79,14.00,2.03,0.21,129741,88985772.40,8796
2026-03-08 00:00:00,DEFENCE,MIRAEAMC - DEFENCE,80.70,80.70,78.70,79.12,78.35,0.98,2.00,2.48,3.00,129174,10214308.44,667
2026-03-08 00:00:00,BIRLACORPN,BIRLA CORPORATION LTD,903.00,909.20,884.00,906.10,890.50,1.75,25.20,2.79,1.40,129029,115592317.40,11954
2026-03-08 00:00:00,SIYSIL,SIYARAM SILK MILLS LTD,611.35,634.00,605.75,629.30,602.30,4.48,28.25,4.62,1.50,128794,80355933.25,6748
2026-03-08 00:00:00,RAMCOCEM,THE RAMCO CEMENTS LIMITED,920.15,950.00,920.15,945.25,918.25,2.94,29.85,3.24,0.21,128262,120580396.75,8462
2026-03-08 00:00:00,CORDELIA,WATERWAYS LEISURE TOUR L,830.00,831.90,801.10,806.75,820.80,-1.71,30.80,3.71,1.12,128243,104272168.55,6490
2026-03-08 00:00:00,RNBDENIMS,R&B DENIMS LIMITED,9.06,9.27,9.00,9.08,9.06,0.22,0.27,2.98,0.00,127399,1164757.58,600
2026-03-08 00:00:00,MOENERGY,MOTILALAMC - MOENERGY,39.97,39.97,38.85,38.98,38.94,0.10,1.12,2.80,2.65,126782,4947208.89,1048
2026-03-08 00:00:00,SESHAPAPER,SESHASAYEE PAPER & BOARDS,243.00,245.00,234.20,237.87,243.11,-2.16,10.80,4.44,-0.05,126507,30095120.06,2808
2026-03-08 00:00:00,AVONMORE,AVONMORE CAP&MGT SERV LTD,11.35,11.48,11.25,11.36,11.17,1.70,0.23,2.03,1.61,126394,1434896.06,617
2026-03-08 00:00:00,ENDURANCE,ENDURANCE TECHNO. LTD.,2771.90,2835.30,2731.40,2787.60,2758.30,1.06,103.90,3.75,0.49,125969,353960451.40,16447
2026-03-08 00:00:00,ITADD,DSPAMC - DSPIT,32.72,33.50,32.70,33.22,32.59,1.93,0.80,2.44,0.40,125860,4159149.25,203
2026-03-08 00:00:00,PRSMJOHNSN,PRISM JOHNSON LIMITED,106.90,110.59,106.84,108.88,106.46,2.27,3.75,3.51,0.41,125836,13702076.01,2979
2026-03-08 00:00:00,FLUOROCHEM,GUJARAT FLUOROCHEM LTD,4386.70,4523.90,4376.80,4483.50,4366.80,2.67,147.10,3.35,0.46,125504,560441422.90,14079
2026-03-08 00:00:00,WELENT,WELSPUN ENTERPRISES LTD.,599.90,609.70,590.00,606.75,592.30,2.44,19.70,3.28,1.28,125389,75274295.80,4922
2026-03-08 00:00:00,SAURASHCEM,SAURASHTRA CEMENT LIMITED,60.00,61.90,59.31,60.14,60.38,-0.40,2.59,4.32,-0.63,124767,7486364.90,2140
2026-03-08 00:00:00,TOP10ADD,DSPAMC - TOP10ADD,89.13,89.69,89.00,89.56,88.32,1.40,0.69,0.77,0.92,124240,11121257.47,927
2026-03-08 00:00:00,FORCEMOT,FORCE MOTORS LIMITED,18216.00,18647.00,18103.00,18494.00,17902.00,3.31,544.00,2.99,1.75,124218,2290604749.00,32034
2026-03-08 00:00:00,CCCL,CONS. CONST. CONSORT LTD,15.65,15.99,15.56,15.73,15.49,1.55,0.43,2.75,1.03,124087,1957463.10,511
2026-03-08 00:00:00,TPLPLASTEH,TPL PLASTECH LIMITED,79.50,82.00,79.50,81.26,79.31,2.46,2.50,3.14,0.24,123751,9988363.68,1332
2026-03-08 00:00:00,SOMANYCERA,SOMANY CERAMICS LIMITED,490.00,514.00,488.10,509.00,488.85,4.12,25.90,5.29,0.24,123707,62183143.55,5383
2026-03-08 00:00:00,ALKEM,ALKEM LABORATORIES LTD.,5774.50,5774.50,5668.00,5707.00,5751.50,-0.77,106.50,1.84,0.40,122664,699128451.50,22120
2026-03-08 00:00:00,MARATHON,MARATHON NXTGEN REALT LTD,400.35,413.80,392.05,402.25,389.70,3.22,21.75,5.43,2.73,122627,49472496.30,4145
2026-03-08 00:00:00,JAYKAY,JAYKAY ENTERPRISES LTD,169.80,172.00,163.68,165.32,167.36,-1.22,8.32,4.90,1.46,121972,20422896.44,2819
2026-03-08 00:00:00,ANANDRATHI,ANAND RATHI WEALTH LTD,2094.00,2114.90,2050.00,2058.70,2073.70,-0.72,64.90,3.10,0.98,121852,252505657.30,13953
2026-03-08 00:00:00,MAFANG,MIRAEAMC - MAFANG,191.18,191.18,191.18,191.18,185.74,2.93,0.00,0.00,2.93,121688,23264311.84,536
2026-03-08 00:00:00,PIGL,POWER INSTRUMENT (G) LTD,104.32,113.71,103.56,110.83,104.32,6.24,10.15,9.73,0.00,121633,13162364.17,3651
2026-03-08 00:00:00,GROWWCHEM,GROWWAMC - GROWWCHEM,30.24,30.95,30.12,30.45,30.24,0.69,0.83,2.74,0.00,121420,3703787.41,290
2026-03-08 00:00:00,ADSL,ALLIED DIGITAL SERV. LTD,120.00,120.00,115.53,116.94,114.64,2.01,4.47,3.72,4.68,121064,14166484.92,2005
2026-03-08 00:00:00,MASFIN,MAS FINANCIAL SERV LTD,326.35,326.35,315.10,317.65,319.80,-0.67,11.25,3.45,2.05,120744,38721928.10,11886
2026-03-08 00:00:00,CEIGALL,CEIGALL INDIA LIMITED,342.75,349.45,342.75,344.75,342.75,0.58,6.70,1.95,0.00,120537,41783294.00,3852
2026-03-08 00:00:00,HDFCGROWTH,HDFCAMC - HDFCGROWTH,121.96,124.00,121.96,123.35,121.81,1.26,2.04,1.67,0.12,119630,14703993.14,679
2026-03-08 00:00:00,AJANTPHARM,AJANTA PHARMA LIMITED,3485.50,3540.00,3476.20,3513.90,3465.20,1.41,63.80,1.83,0.59,119278,418959859.20,23153
2026-03-08 00:00:00,KERNEX,KERNEX MICROSYS(I) LTD,2337.00,2352.80,2270.00,2278.00,2291.70,-0.60,82.80,3.54,1.98,119055,274050092.10,8899
2026-03-08 00:00:00,ASIANHOTNR,ASIAN HOTELS (NORTH) LTD,307.95,308.90,299.65,303.35,300.10,1.08,9.25,3.00,2.62,118626,36185174.30,2259
2026-03-08 00:00:00,INDRAMEDCO,INDRAPRASTHA MEDICAL CORP,367.00,373.30,365.65,368.90,366.35,0.70,7.65,2.08,0.18,118293,43722854.55,3350
2026-03-08 00:00:00,IGCL,INDOGULF CROPSCIENCES LTD,77.90,77.90,75.00,75.47,77.90,-3.12,2.90,3.72,0.00,118216,9032035.56,1745
2026-03-08 00:00:00,ADFFOODS,ADF FOODS LIMITED,272.95,279.90,270.95,273.75,270.95,1.03,8.95,3.28,0.74,117969,32372279.15,4829
2026-03-08 00:00:00,TRU,TRUCAP FINANCE LIMITED,4.50,4.80,4.46,4.71,4.60,2.39,0.34,7.56,-2.17,117710,549631.93,236
2026-03-08 00:00:00,KAVDEFENCE,KAVVERI DFS & WIR TEC LTD,56.71,59.71,56.71,58.52,57.11,2.47,3.00,5.29,-0.70,117414,6887442.87,1553
2026-03-08 00:00:00,RIR,RIR POWER ELECTRONICS L,161.95,163.44,157.17,159.25,158.93,0.20,6.27,3.87,1.90,117095,18859839.02,3052
2026-03-08 00:00:00,BAJEL,BAJEL PROJECTS LIMITED,175.50,180.00,175.50,177.35,176.80,0.31,4.50,2.56,-0.74,117082,20870682.86,1517
2026-03-08 00:00:00,BALAJITELE,BALAJI TELEFILMS LIMITED.,84.01,86.70,84.00,84.54,83.61,1.11,2.70,3.21,0.48,116653,9955037.12,1244
2026-03-08 00:00:00,BAGFILMS,B.A.G FILMS AND MEDIA LTD,4.47,4.53,4.37,4.45,4.42,0.68,0.16,3.58,1.13,116426,519197.84,161
2026-03-08 00:00:00,MEDIASSIST,MEDI ASSIST HEALTH SER L,363.75,369.65,359.90,361.00,358.00,0.84,9.75,2.68,1.61,116139,42375146.10,6924
2026-03-08 00:00:00,ANTGRAPHIC,ANTARCTICA LTD,0.76,0.78,0.75,0.75,0.75,0.00,0.03,3.95,1.33,116107,87963.16,199
2026-03-08 00:00:00,EMCURE,EMCURE PHARMACEUTICALS L,1966.00,1996.70,1933.10,1969.70,1960.10,0.49,63.60,3.23,0.30,116048,228739694.40,15449
2026-03-08 00:00:00,SAKHTISUG,SAKTHI SUGARS LTD,17.15,17.50,17.00,17.44,16.89,3.26,0.50,2.92,1.54,115918,2010075.54,526
2026-03-08 00:00:00,XTGLOBAL,XTGLOBAL INFOTECH LIMITED,34.00,35.00,32.40,33.38,33.95,-1.68,2.60,7.65,0.15,115546,3900842.14,1914
2026-03-08 00:00:00,CORONA,CORONA REMEDIES LIMITED,2210.00,2210.00,2052.00,2105.70,2098.80,0.33,158.00,7.15,5.30,115041,243310818.10,24236
2026-03-08 00:00:00,BLBLIMITED,BLB LIMITED,15.88,15.95,15.35,15.39,15.50,-0.71,0.60,3.78,2.45,114654,1783178.59,289
2026-03-08 00:00:00,DLINKINDIA,D-LINK INDIA LTD,452.85,459.20,449.10,450.80,451.80,-0.22,10.10,2.23,0.23,114653,52096034.90,4247
2026-03-08 00:00:00,HOMEFIRST,HOME FIRST FIN CO IND LTD,1193.50,1220.00,1168.00,1170.20,1189.00,-1.58,52.00,4.36,0.38,114585,136253296.10,11252
2026-03-08 00:00:00,TATVA,TATVA CHIN PHARM CHEM LTD,1827.00,1838.10,1750.60,1771.00,1788.20,-0.96,87.50,4.79,2.17,114209,206210605.30,8980
2026-03-08 00:00:00,VAISHALI,VAISHALI PHARMA LIMITED,7.70,7.70,7.35,7.64,7.35,3.95,0.35,4.55,4.76,114111,865609.10,173
2026-03-08 00:00:00,KLBRENG-B,KILBURN ENGINEERING LTD.,450.85,453.00,417.45,421.60,435.50,-3.19,35.55,7.89,3.52,113179,48367819.65,4733
2026-03-08 00:00:00,JARO,JARO INS OF TEC MG N RE L,474.80,476.65,469.75,472.55,467.85,1.00,6.90,1.45,1.49,113121,53466658.65,2200
2026-03-08 00:00:00,GODREJAGRO,GODREJ AGROVET LIMITED,557.05,566.75,557.05,565.05,556.80,1.48,9.70,1.74,0.04,112626,63480950.85,7772
2026-03-08 00:00:00,KOTARISUG,KOTHARI SUG & CHEM LTD.,25.07,26.48,25.07,26.13,25.28,3.36,1.41,5.62,-0.83,112364,2931167.36,491
2026-03-08 00:00:00,MUKANDLTD,MUKAND LTD.,141.60,144.50,141.60,143.60,141.42,1.54,2.90,2.05,0.13,112231,16077830.60,1688
2026-03-08 00:00:00,SBIBPB,SBIAMC - SBIBPB,48.68,49.41,48.21,48.98,48.08,1.87,1.20,2.47,1.25,111890,5489338.88,609
2026-03-08 00:00:00,MKPL,M K PROTEINS LIMITED,4.16,4.32,4.16,4.25,4.18,1.67,0.16,3.85,-0.48,111596,476006.79,375
2026-03-08 00:00:00,TINNARUBR,TINNA RUBBER AND INFR LTD,1130.00,1145.00,1084.00,1106.80,1114.40,-0.68,61.00,5.40,1.40,111490,123834540.90,9168
2026-03-08 00:00:00,BBTC,BOMBAY BURMAH TRADING COR,1520.00,1558.00,1497.00,1537.20,1497.10,2.68,61.00,4.01,1.53,111484,169864891.80,9863
2026-03-08 00:00:00,BAJAJHCARE,BAJAJ HEALTHCARE LIMITED,341.00,342.00,336.70,340.40,336.45,1.17,5.30,1.55,1.35,111278,37733901.95,3070
2026-03-08 00:00:00,SOLARA,SOLARA ACTIVE PHA SCI LTD,522.85,523.65,513.00,515.85,513.55,0.45,10.65,2.04,1.81,111052,57436457.25,4004
2026-03-08 00:00:00,BAJAJELEC,BAJAJ ELECT.LTD,336.00,342.00,334.00,337.65,332.90,1.43,8.00,2.38,0.93,110852,37533319.20,3046
2026-03-08 00:00:00,STYL,SESHAASAI TECHNOLOGIES L,350.00,369.80,350.00,368.05,346.15,6.33,19.80,5.66,1.11,110667,40090354.45,4272
2026-03-08 00:00:00,MOVALUE,MOTILALAMC - MOVALUE,115.00,115.75,114.01,115.24,114.33,0.80,1.74,1.51,0.59,110633,12753642.15,998
2026-03-08 00:00:00,VIJAYA,VIJAYA DIAGNOSTIC CEN LTD,1342.00,1369.70,1334.60,1354.00,1344.40,0.71,35.10,2.62,-0.18,110427,149709614.10,12077
2026-03-08 00:00:00,MERCURYEV,MERCURY EV-TECH LIMITED,34.82,35.97,34.82,35.43,35.09,0.97,1.15,3.30,-0.77,110395,3902500.61,595
2026-03-08 00:00:00,ERIS,ERIS LIFESCIENCES LIMITED,1353.00,1388.00,1352.50,1383.20,1354.70,2.10,35.50,2.62,-0.13,110236,151219700.90,10322
2026-03-08 00:00:00,WSTCSTPAPR,WEST COAST PAPER MILLS LT,570.00,579.90,563.10,569.00,569.50,-0.09,16.80,2.95,0.09,110065,62901925.40,7676
2026-03-08 00:00:00,INDIAGLYCO,INDIA GLYCOLS LTD,1158.00,1164.60,1140.00,1145.20,1147.45,-0.20,24.60,2.12,0.92,110002,126880197.70,9414
2026-03-08 00:00:00,TARAPUR,TARAPUR TRANSFORMERS LTD,16.71,17.40,15.77,15.77,16.60,-5.00,1.63,9.75,0.66,109832,1772327.50,424
2026-03-08 00:00:00,ICRA,ICRA LIMITED,4969.00,5145.00,4911.00,5131.50,4903.50,4.65,234.00,4.71,1.34,109701,554930676.20,18706
2026-03-08 00:00:00,GOCLCORP,GOCL CORPORATION LIMITED,407.50,419.55,405.10,416.15,402.55,3.38,14.45,3.55,1.23,109585,45159796.70,4881
2026-03-08 00:00:00,ATLANTAELE,ATLANTA ELECTRICALS LTD,1588.00,1610.00,1551.30,1589.80,1539.00,3.30,58.70,3.70,3.18,109420,173507367.70,9253
2026-03-08 00:00:00,TARSONS,TARSONS PRODUCTS LIMITED,317.90,323.45,316.00,317.40,314.60,0.89,7.45,2.34,1.05,107915,34395601.20,2712
2026-03-08 00:00:00,ZUARI,ZUARI AGRO CHEMICALS LTD,234.55,240.98,232.96,233.27,234.54,-0.54,8.02,3.42,0.00,107463,25241413.61,3113
2026-03-08 00:00:00,SOUTHWEST,SOUTH WEST PINNACLE LTD,239.88,242.98,237.89,240.44,238.27,0.91,5.09,2.12,0.68,106951,25719581.65,3211
2026-03-08 00:00:00,LUMAXIND,LUMAX INDUSTRIES LTD,5316.00,5878.00,5316.00,5772.50,5284.50,9.23,562.00,10.57,0.60,106937,611602095.50,19275
2026-03-08 00:00:00,DCAL,DISHMAN CARBO AMCIS LTD,187.30,191.24,187.05,188.05,186.94,0.59,4.19,2.24,0.19,106708,20199072.20,2796
2026-03-08 00:00:00,ASHIMASYN,ASHIMA LTD,18.08,18.59,17.80,18.09,18.08,0.06,0.79,4.37,0.00,106327,1939185.16,595
2026-03-08 00:00:00,AIIL,AUTHUM INVEST & INFRA LTD,549.00,556.75,541.40,548.80,539.30,1.76,15.35,2.80,1.80,105935,58027003.60,6848
2026-03-08 00:00:00,WAAREERTL,WAAREE RENEWABLE TECH LTD,913.20,925.00,913.20,919.65,913.20,0.71,11.80,1.29,0.00,105874,97402264.40,5853
2026-03-08 00:00:00,HLEGLAS,HLE GLASCOAT LIMITED,433.00,434.00,420.10,422.85,426.90,-0.95,13.90,3.21,1.43,105745,44975490.05,4866
2026-03-08 00:00:00,ZFCVINDIA,ZF COM VE CTR SYS IND LTD,2418.00,2468.50,2400.00,2447.80,2417.90,1.24,68.50,2.83,0.00,105608,257589406.50,13742
2026-03-08 00:00:00,HDFCNIFTY,HDFCAMC - HDFCNIFTY,274.00,281.16,271.50,275.72,274.31,0.51,9.66,3.53,-0.11,105484,29186283.96,1549
2026-03-08 00:00:00,NDTV,NDTV LTD,77.20,78.48,76.86,77.39,77.10,0.38,1.62,2.10,0.13,105058,8148298.65,1338
2026-03-08 00:00:00,SHAILY,SHAILY ENG PLASTICS LTD,3065.00,3096.60,3034.80,3056.00,3061.40,-0.18,61.80,2.02,0.12,104738,321593673.20,13072
2026-03-08 00:00:00,HNDFDS,HINDUSTAN FOODS LIMITED,580.00,593.90,573.80,589.05,574.65,2.51,20.10,3.47,0.93,104727,61618101.00,10573
2026-03-08 00:00:00,PREMEXPLN,PREMIER EXPLOSIVES LTD,664.90,668.95,661.20,661.80,664.15,-0.35,7.75,1.17,0.11,104311,69228686.40,3275
2026-03-08 00:00:00,MAGADSUGAR,MAGADH SUGAR & ENERGY LTD,497.65,541.30,497.65,534.95,500.40,6.90,43.65,8.77,-0.55,104201,55361476.25,5354
2026-03-08 00:00:00,VMART,VMART RETAIL LTD,782.90,786.00,765.80,777.95,779.10,-0.15,20.20,2.58,0.49,104165,80873882.50,7526
2026-03-08 00:00:00,KRISHIVAL,KRISHIVAL FOODS LIMITED,394.15,400.00,387.60,389.35,393.55,-1.07,12.40,3.15,0.15,104025,40578769.85,332
2026-03-08 00:00:00,GEEKAYWIRE,GEEKAY WIRES LIMITED,23.20,23.47,22.72,23.21,22.52,3.06,0.75,3.23,3.02,103800,2395823.26,1099
2026-03-08 00:00:00,PRIVISCL,PRIVI SPECIALITY CHE LTD,3680.00,3680.00,3585.00,3597.00,3617.10,-0.56,95.00,2.58,1.74,103747,375426898.60,14217
2026-03-08 00:00:00,AARTISURF,AARTI SURFACTANTS LIMITED,470.00,481.00,455.25,481.00,400.85,20.00,25.75,5.48,17.25,103704,48949116.30,1711
2026-03-08 00:00:00,ALANKIT,ALANKIT LIMITED,7.90,7.90,7.62,7.77,7.78,-0.13,0.28,3.54,1.54,103580,805769.17,603
2026-03-08 00:00:00,KUANTUM,KUANTUM PAPERS LIMITED,79.00,80.80,78.71,79.35,78.05,1.67,2.09,2.65,1.22,103500,8244737.02,1246
2026-03-08 00:00:00,UFLEX,UFLEX LIMITED,473.00,491.95,472.65,482.25,470.65,2.46,19.30,4.08,0.50,103064,49836459.75,4273
2026-03-08 00:00:00,COSMOFIRST,COSMO FIRST LIMITED,896.75,914.90,894.10,910.05,892.30,1.99,20.80,2.32,0.50,102857,93231827.90,5625
2026-03-08 00:00:00,CIFL,CAPITAL INDIA FINANCE LTD,21.89,22.61,20.62,20.76,20.78,-0.10,1.99,9.09,5.34,102825,2192121.33,627
2026-03-08 00:00:00,SNOWMAN,SNOWMAN LOGISTICS LTD.,38.89,39.00,38.30,38.50,38.30,0.52,0.70,1.80,1.54,102594,3963308.85,875
2026-03-08 00:00:00,OMINFRAL,OM INFRA LIMITED,91.50,92.25,89.90,91.60,89.34,2.53,2.35,2.57,2.42,102499,9313405.37,1351
2026-03-08 00:00:00,RBZJEWEL,RBZ JEWELLERS LIMITED,149.00,153.80,148.50,152.54,148.98,2.39,5.30,3.56,0.01,102323,15483819.21,3943
2026-03-08 00:00:00,SHINDL,SHARAT INDUSTRIES LTD.,162.95,162.95,159.00,160.36,162.02,-1.02,3.95,2.42,0.57,101756,16361028.09,782
2026-03-08 00:00:00,UFBL,UNITED FOODBRANDS LIMITED,708.95,708.95,677.00,700.45,701.65,-0.17,31.95,4.51,1.04,101664,70376194.75,3309
2026-03-08 00:00:00,INDOSTAR,INDOSTAR CAPITAL FIN LTD,250.25,253.00,243.05,245.25,250.00,-1.90,9.95,3.98,0.10,101092,25200592.45,2124
2026-03-08 00:00:00,NEPHROPLUS,NEPHROCARE HEALTH SERV L,689.00,699.00,676.50,688.75,681.65,1.04,22.50,3.27,1.08,100842,69605633.60,9923
2026-03-08 00:00:00,KALPATARU,KALPATARU LIMITED,300.75,309.80,297.00,300.70,297.85,0.96,12.80,4.26,0.97,100525,30352158.05,2532
2026-03-08 00:00:00,RUPA,RUPA & COMPANY LTD,161.90,164.54,161.32,163.63,161.05,1.60,3.22,1.99,0.53,99599,16251557.56,2960
2026-03-08 00:00:00,INDIASHLTR,INDIA SHELTER FIN CORP L,722.85,745.40,715.30,726.50,726.50,0.00,30.10,4.16,-0.50,98972,72418999.30,7700
2026-03-08 00:00:00,ABREL,ADITYA BIRLA REAL EST LTD,1446.90,1449.50,1415.10,1432.10,1418.10,0.99,34.40,2.38,2.03,98610,141095128.40,8670
2026-03-08 00:00:00,SIGIND,SIGNET INDUSTRIES LIMITED,53.41,58.50,51.10,55.93,52.31,6.92,7.40,13.86,2.10,98549,5387208.16,803
2026-03-08 00:00:00,POLYMED,POLY MEDICURE LIMITED,1723.50,1749.00,1704.80,1727.90,1702.00,1.52,44.20,2.56,1.26,98125,170094973.20,11582
2026-03-08 00:00:00,VIDHIING,VIDHI SPCLTY F INGRDNTS L,335.00,349.90,330.55,340.90,329.10,3.59,19.35,5.78,1.79,97996,33373468.35,4898
2026-03-08 00:00:00,IRMENERGY,IRM ENERGY LIMITED,257.60,268.40,257.60,265.00,257.55,2.89,10.80,4.19,0.02,97929,25890027.55,3086
2026-03-08 00:00:00,MBEL,M AND B ENGINEERING LTD,293.65,297.00,292.30,294.70,293.65,0.36,4.70,1.60,0.00,97922,28902893.70,4819
2026-03-08 00:00:00,MOHEALTH,MOTILALAMC - MOHEALTH,52.97,52.97,51.37,51.52,51.66,-0.27,1.60,3.02,2.54,97623,5054445.31,982
2026-03-08 00:00:00,NAVINFLUOR,NAVIN FLUORINE INT. LTD,7650.00,7703.50,7510.00,7555.00,7567.50,-0.17,193.50,2.53,1.09,97345,742271470.50,20654
2026-03-08 00:00:00,SPECTRUM,SPECTRUM ELECTRIC IND LTD,2395.90,2591.00,2357.00,2547.40,2363.00,7.80,234.00,9.77,1.39,97267,245004094.40,12097
2026-03-08 00:00:00,WAAREEINDO,INDOSOLAR LIMITED,310.00,322.00,305.60,322.00,306.70,4.99,16.40,5.29,1.08,97025,30632008.65,3074
2026-03-08 00:00:00,ORKLAINDIA,ORKLA INDIA LIMITED,557.00,581.10,557.00,573.60,557.30,2.92,24.10,4.33,-0.05,96546,54971977.80,9353
2026-03-08 00:00:00,RAMANEWS,SHREE RAMA NEWSPRINT LTD,28.39,31.99,28.39,30.85,28.39,8.67,3.60,12.68,0.00,96270,2936877.72,487
2026-03-08 00:00:00,JHS,JHS SVEND. LAB. LTD,7.74,7.79,7.49,7.64,7.57,0.92,0.30,3.88,2.25,95703,731483.73,331
2026-03-08 00:00:00,AVROIND,AVRO INDIA LIMITED,8.79,8.83,8.53,8.77,8.71,0.69,0.30,3.41,0.92,94601,826065.77,368
2026-03-08 00:00:00,TEXINFRA,TEXMACO INFRA & HOLDG LTD,114.50,115.05,113.13,113.93,113.99,-0.05,1.92,1.68,0.45,94532,10804405.40,755
2026-03-08 00:00:00,NIFTYQLITY,BIRLASLAMC - NIFTYQLITY,21.68,21.99,21.54,21.69,21.58,0.51,0.45,2.08,0.46,94304,2052362.17,241
2026-03-08 00:00:00,MONARCH,MONARCH NETWORTH CAP LTD,396.00,396.95,382.10,384.55,390.15,-1.44,14.85,3.75,1.50,94012,36644101.10,2296
2026-03-08 00:00:00,RUBICON,RUBICON RESEARCH LIMITED,1501.20,1530.00,1490.00,1500.80,1491.00,0.66,40.00,2.66,0.68,93519,141172585.30,9840
2026-03-08 00:00:00,SHARDAMOTR,SHARDA MOTOR INDS LTD,871.30,916.00,871.30,912.30,871.30,4.71,44.70,5.13,0.00,93432,84269860.15,7902
2026-03-08 00:00:00,PATELRMART,PATEL RETAIL LIMITED,226.90,228.70,223.73,226.78,225.65,0.50,4.97,2.19,0.55,93105,21059155.08,2345
2026-03-08 00:00:00,SFL,SHEELA FOAM LIMITED,784.05,797.00,784.05,790.75,783.80,0.89,12.95,1.65,0.03,92503,73101437.10,6213
2026-03-08 00:00:00,POWERMECH,POWER MECH PROJECTS LTD.,2594.00,2627.90,2566.50,2593.00,2566.40,1.04,61.40,2.37,1.08,92494,240579307.80,12511
2026-03-08 00:00:00,MANAKCOAT,MAN COAT METAL & IND LTD,120.30,121.81,120.00,120.08,119.97,0.09,1.81,1.50,0.28,92221,11132188.55,1612
2026-03-08 00:00:00,RPPL,RAJSHREE POLYPACK LTD,21.89,22.44,21.08,22.33,21.12,5.73,1.36,6.21,3.65,92204,2031337.52,543
2026-03-08 00:00:00,MAJESAUT,MAJESTIC AUTO LTD.,436.00,484.00,433.00,475.30,431.70,10.10,51.00,11.70,1.00,92023,42112906.30,4093
2026-03-08 00:00:00,ADVENTHTL,ADVENT HOTELS INTERNATI L,148.10,149.75,146.82,147.88,147.67,0.14,2.93,1.98,0.29,91892,13604397.82,1662
2026-03-08 00:00:00,RAMCOIND,RAMCO INDUSTRIES LIMITED,329.90,334.65,328.00,332.15,326.40,1.76,6.65,2.02,1.07,91714,30351100.20,2726
2026-03-08 00:00:00,BOROLTD,BOROSIL LIMITED,236.60,239.84,231.47,233.47,236.44,-1.26,8.37,3.54,0.07,91420,21507079.04,3133
2026-03-08 00:00:00,IZMO,IZMO LIMITED,997.00,1028.25,973.85,988.90,992.90,-0.40,54.40,5.46,0.41,91192,91380463.90,7374
2026-03-08 00:00:00,VOEPL,VIRTUOSO OPTOELECTRONIC L,488.40,505.00,472.05,498.45,478.60,4.15,32.95,6.75,2.05,90890,44701315.40,3293
2026-03-08 00:00:00,FLEXIADD,DSPAMC - FLEXIADD,10.12,10.33,10.12,10.30,10.19,1.08,0.21,2.08,-0.69,90814,934889.41,493
2026-03-08 00:00:00,JASH,JASH ENGINEERING LIMITED,506.00,511.40,496.20,500.60,504.55,-0.78,15.20,3.00,0.29,90209,45598718.15,6134
2026-03-08 00:00:00,RUDRA,RUDRA GLOBAL INFRA PROD L,17.73,18.99,17.02,18.06,17.27,4.57,1.97,11.11,2.66,89942,1615218.75,301
2026-03-08 00:00:00,TNPETRO,TAMILNADU PETROPRODUCTS L,96.50,98.30,95.96,97.85,96.50,1.40,2.34,2.42,0.00,89849,8754432.92,1200
2026-03-08 00:00:00,GLAXO,GLAXOSMITHKLINE PHARMA LT,2665.40,2670.00,2630.00,2662.30,2655.40,0.26,40.00,1.50,0.38,89406,237414521.40,15660
2026-03-08 00:00:00,RAMAPHO,RAMA PHOSPHATES LIMITED,131.99,134.90,126.67,130.91,128.48,1.89,8.23,6.24,2.73,89184,11697185.96,2066
2026-03-08 00:00:00,INDOCO,INDOCO REMEDIES LTD.,222.78,225.02,220.00,221.76,219.49,1.03,5.02,2.25,1.50,89085,19821225.93,2697
2026-03-08 00:00:00,GICL,GLOBE INTL CARRIERS LTD,17.50,18.00,17.30,17.83,17.17,3.84,0.70,4.00,1.92,89079,1583538.10,287
2026-03-08 00:00:00,NELCAST,NELCAST LIMITED,121.70,122.82,120.21,121.35,121.37,-0.02,2.61,2.14,0.27,88182,10720243.18,1846
2026-03-08 00:00:00,CLSEL,CHAMAN LAL SETIA EXP LTD,288.00,297.00,285.05,292.30,285.50,2.38,11.95,4.15,0.88,87977,25652986.55,2214
2026-03-08 00:00:00,CAPTRUST,CAPITAL TRUST LIMITED,18.70,19.07,18.70,19.07,18.17,4.95,0.37,1.98,2.92,87562,1665765.57,355
2026-03-08 00:00:00,MAITHANALL,MAITHAN ALLOYS LTD,990.00,992.70,955.35,963.90,983.70,-2.01,37.35,3.77,0.64,87126,84491999.85,5170
2026-03-08 00:00:00,PDMJEPAPER,PUDUMJEE PAPER PRO. LTD,95.90,97.68,94.86,96.30,94.86,1.52,2.82,2.94,1.10,86733,8330278.15,1318
2026-03-08 00:00:00,MHRIL,MAHINDRA HOLIDAYS LTD,218.41,221.75,217.76,218.96,218.41,0.25,3.99,1.83,0.00,86726,19020469.07,2233
2026-03-08 00:00:00,AIRAN,AIRAN LIMITED,15.40,15.40,14.97,15.03,15.13,-0.66,0.43,2.79,1.78,86715,1307945.55,330
2026-03-08 00:00:00,AARTIPHARM,AARTI PHARMALABS LIMITED,670.80,693.00,670.65,675.80,667.15,1.30,22.35,3.33,0.55,86652,58747119.60,8103
2026-03-08 00:00:00,TRF,TRF LIMITED,226.00,233.99,226.00,228.56,225.93,1.16,7.99,3.54,0.03,86597,19888376.24,2657
2026-03-08 00:00:00,BIKAJI,BIKAJI FOODS INTERN LTD,641.65,656.00,641.65,650.00,641.65,1.30,14.35,2.24,0.00,86120,56049437.60,7087
2026-03-08 00:00:00,EIHOTEL,EIH LIMITED,327.55,332.10,327.40,330.10,327.00,0.95,4.70,1.43,0.17,85964,28383961.50,4198
2026-03-08 00:00:00,MANAKSTEEL,MANAKSIA STEELS LTD,68.50,75.21,68.50,75.21,68.38,9.99,6.71,9.80,0.18,85658,6285575.25,534
2026-03-08 00:00:00,BFUTILITIE,BF UTILITIES LIMITED,580.00,595.95,575.00,576.20,570.35,1.03,20.95,3.61,1.69,85468,49931398.30,3276
2026-03-08 00:00:00,CRAFTSMAN,CRAFTSMAN AUTOMATION LTD,9934.50,10400.00,9922.50,10338.50,9873.50,4.71,477.50,4.81,0.62,85274,875540240.00,23601
2026-03-08 00:00:00,MASTEK,MASTEK LTD,1874.80,1909.60,1845.10,1893.20,1874.80,0.98,64.50,3.44,0.00,85210,160041489.40,11178
2026-03-08 00:00:00,SHOPERSTOP,SHOPPERS STOP LIMITED,388.60,411.95,380.00,403.35,389.60,3.53,31.95,8.22,-0.26,85036,34002553.80,5343
2026-03-08 00:00:00,JGCHEM,J.G.CHEMICALS LIMITED,507.00,514.80,501.65,508.40,503.80,0.91,13.15,2.59,0.64,84625,43043948.95,3425
2026-03-08 00:00:00,RESPONIND,RESPONSIVE INDUSTRIES LTD,171.60,175.00,171.60,173.30,171.60,0.99,3.40,1.98,0.00,84594,14649751.48,1402
2026-03-08 00:00:00,GOODYEAR,GOODYEAR INDIA LIMITED,839.00,862.95,835.15,857.15,833.25,2.87,27.80,3.31,0.69,84106,71745621.05,4402
2026-03-08 00:00:00,GROWWN200,GROWWAMC - GROWWN200,11.54,11.61,11.39,11.56,11.40,1.40,0.22,1.91,1.23,83575,965652.74,424
2026-03-08 00:00:00,APEX,APEX FROZEN FOODS LIMITED,373.95,382.55,372.75,380.40,371.50,2.40,9.80,2.62,0.66,83417,31668125.40,3419
2026-03-08 00:00:00,RELIABLE,RELIABLE DATA SERVICE LTD,144.75,147.49,140.50,146.37,139.74,4.74,6.99,4.83,3.59,83363,12066371.83,1096
2026-03-08 00:00:00,ARSSBL,ANAND RATHI SH N STK BR L,518.70,518.70,510.00,511.20,510.80,0.08,8.70,1.68,1.55,83356,42707615.80,2541
2026-03-08 00:00:00,PDSL,PDS LIMITED,370.00,372.65,354.90,357.25,363.55,-1.73,17.75,4.80,1.77,83148,30151508.75,5318
2026-03-08 00:00:00,JUNIPER,JUNIPER HOTELS LIMITED,198.00,199.00,196.45,197.75,195.33,1.24,2.55,1.29,1.37,82931,16414497.61,1525
2026-03-08 00:00:00,MAYURUNIQ,MAYUR UNIQUOTERS LTD,752.00,794.00,752.00,783.95,750.95,4.39,42.00,5.59,0.14,82833,64890405.55,7119
2026-03-08 00:00:00,PRABHA,PRABHA ENERGY LIMITED,150.00,155.50,147.34,153.78,147.91,3.97,8.16,5.44,1.41,82791,12611905.26,1637
2026-03-08 00:00:00,BUTTERFLY,BTRFLY GANDHI APPL LTD,723.40,755.00,722.20,736.50,719.65,2.34,32.80,4.53,0.52,82511,60868635.80,4082
2026-03-08 00:00:00,TTKPRESTIG,TTK PRESTIGE LTD,648.00,653.75,636.20,644.30,641.60,0.42,17.55,2.71,1.00,82001,53032776.10,5078
2026-03-08 00:00:00,SEAMECLTD,SEAMEC LIMITED,1498.00,1520.00,1430.00,1457.20,1462.30,-0.35,90.00,6.01,2.44,81786,119594327.40,5940
2026-03-08 00:00:00,MANAKALUCO,MANAK ALUMINIUM CO. LTD.,34.50,36.60,34.01,34.50,35.22,-2.04,2.59,7.51,-2.04,81640,2868476.65,845
2026-03-08 00:00:00,VENKEYS,VENKY S (INDIA) LIMITED,1508.60,1578.00,1508.60,1565.00,1499.40,4.38,69.40,4.60,0.61,81484,126058725.30,5777
2026-03-08 00:00:00,MADHAVIPL,MADHAV INFRA PROJECTS L,7.72,7.97,7.72,7.85,7.82,0.38,0.25,3.24,-1.28,81225,639006.43,281
2026-03-08 00:00:00,NEOGEN,NEOGEN CHEMICALS LIMITED,2055.70,2072.00,2005.10,2056.10,2023.10,1.63,66.90,3.25,1.61,81141,166761642.50,14206
2026-03-08 00:00:00,TREL,TRANSINDIA REAL ESTATE L,24.25,24.77,23.96,24.17,24.25,-0.33,0.81,3.34,0.00,80905,1968097.61,335
2026-03-08 00:00:00,PASHUPATI,PASHUPATI COTSPIN LIMITED,85.80,86.70,85.13,85.32,85.55,-0.27,1.57,1.83,0.29,80796,6931069.26,1511
2026-03-08 00:00:00,AGI,AGI GREENPAC LIMITED,710.00,713.30,703.00,704.25,709.25,-0.70,10.30,1.45,0.11,80787,57112087.85,2508
2026-03-08 00:00:00,CONS,KOTAKMAMC - KOTAKCONS,12.65,12.65,12.29,12.47,12.47,0.00,0.36,2.85,1.44,80418,1006502.33,212
2026-03-08 00:00:00,HIRECT,HIND RECTIFIER LIMITED,1344.00,1360.00,1319.90,1339.40,1338.30,0.08,40.10,2.98,0.43,80334,107965199.70,6816
2026-03-08 00:00:00,RANEHOLDIN,RANE HOLDINGS LIMITED,1759.90,1888.00,1745.00,1872.60,1748.50,7.10,143.00,8.13,0.65,79892,146509356.70,8397
2026-03-08 00:00:00,SRD,SHANKAR LAL RAMPAL LTD,37.95,40.00,37.20,39.21,37.44,4.73,2.80,7.38,1.36,79787,3108894.51,205
2026-03-08 00:00:00,CTE,CAMBRIDGE TECH ENTER LTD,36.48,38.35,34.00,37.65,34.92,7.82,4.35,11.92,4.47,79517,2965401.83,673
2026-03-08 00:00:00,KANANIIND,KANANI INDUSTRIES LTD,1.55,1.55,1.47,1.50,1.49,0.67,0.08,5.16,4.03,79472,119755.09,295
2026-03-08 00:00:00,IFGLEXPOR,IFGL REFRACTORIES LIMITED,212.00,218.30,203.92,207.35,208.57,-0.58,14.38,6.78,1.64,79459,16959230.95,2591
2026-03-08 00:00:00,CEMNTGROWW,GROWWAMC - CEMNTGROWW,15.55,15.55,15.24,15.49,15.23,1.71,0.31,1.99,2.10,79261,1221648.70,515
2026-03-08 00:00:00,HEALTHCARE,MIRAEAMC - HEALTHCARE,22.26,22.26,21.56,21.61,21.61,0.00,0.70,3.14,3.01,78987,1715983.63,314
2026-03-08 00:00:00,GODREJIND,GODREJ INDUSTRIES LTD,1326.00,1352.90,1319.20,1337.10,1317.60,1.48,33.70,2.54,0.64,78905,105644595.40,10885
2026-03-08 00:00:00,HINDWAREAP,HINDWARE HME INOVATON LTD,220.45,226.50,219.93,222.23,220.45,0.81,6.57,2.98,0.00,78473,17567131.55,1627
2026-03-08 00:00:00,NV20,KOTAKMAMC - KTKNV20ETF,14.29,14.30,14.15,14.26,14.09,1.21,0.15,1.05,1.42,77602,1105930.49,341
2026-03-08 00:00:00,HCG,HEALTHCARE GLOB. ENT. LTD,684.00,684.00,663.90,671.75,671.20,0.08,20.10,2.94,1.91,77076,52047178.85,10944
2026-03-08 00:00:00,AAKASH,AAKASH EXPLORATION SER L,9.13,9.13,8.85,8.98,8.95,0.34,0.28,3.07,2.01,77021,693320.80,313
2026-03-08 00:00:00,VSSL,VARDHMAN SPC STEEL LTD,312.20,312.20,303.00,304.00,304.75,-0.25,9.20,2.95,2.44,76665,23508105.70,2256
2026-03-08 00:00:00,BMWVENTLTD,BMW VENTURES LIMITED,56.86,58.41,56.76,57.69,56.85,1.48,1.65,2.90,0.02,76337,4402302.38,883
2026-03-08 00:00:00,UFO,UFO MOVIEZ INDIA LTD.,65.00,69.39,65.00,68.86,65.15,5.69,4.39,6.75,-0.23,76131,5157407.65,762
2026-03-08 00:00:00,KIRLPNU,KIRLOSKAR PNEUMATIC COM L,1483.00,1491.10,1460.00,1463.30,1482.40,-1.29,31.10,2.10,0.04,75867,111787349.20,10478
2026-03-08 00:00:00,SOBHA,SOBHA LIMITED,1380.00,1387.90,1361.20,1372.30,1372.20,0.01,26.70,1.93,0.57,75517,103952312.50,7406
2026-03-08 00:00:00,SELECTIPO,MIRAEAMC - SELECTIPO,47.85,47.85,47.22,47.57,46.91,1.41,0.63,1.32,2.00,75449,3587069.33,176
2026-03-08 00:00:00,MHLXMIRU,MAHALAXMI RUBTECH LIMITED,143.50,148.33,141.90,148.33,141.27,5.00,6.43,4.48,1.58,75124,11094643.82,446
2026-03-08 00:00:00,TOLINS,TOLINS TYRES LIMITED,104.07,104.30,102.82,103.82,102.21,1.58,1.48,1.42,1.82,74883,7773012.83,591
2026-03-08 00:00:00,ADROITINFO,ADROIT INFOTECH LIMITED,9.99,10.99,9.73,9.87,10.01,-1.40,1.26,12.61,-0.20,74649,749910.16,257
2026-03-08 00:00:00,SANATHAN,SANATHAN TEXTILES LIMITED,477.50,494.00,467.00,484.80,474.95,2.07,27.00,5.65,0.54,74544,35533834.20,2723
2026-03-08 00:00:00,WHEELS,WHEELS INDIA LTD,1410.10,1464.80,1410.10,1415.70,1409.60,0.43,54.70,3.88,0.04,74118,106360616.30,6635
2026-03-08 00:00:00,CEWATER,CONCORD ENVIRO SYSTEMS L,290.00,290.05,285.00,285.80,287.80,-0.69,5.05,1.74,0.76,74058,21281623.40,2489
2026-03-08 00:00:00,DPABHUSHAN,D. P. ABHUSHAN LIMITED,1329.90,1436.00,1329.90,1420.20,1317.95,7.76,106.10,7.98,0.91,73799,103236823.40,7253
2026-03-08 00:00:00,SAIPARENT,SAI PARENTERALS LIMITED,551.70,560.00,546.00,554.55,547.50,1.29,14.00,2.54,0.77,73640,40806742.60,3807
2026-03-08 00:00:00,TEAMLEASE,TEAMLEASE SERVICES LTD.,1238.90,1256.00,1235.00,1239.80,1234.90,0.40,21.00,1.70,0.32,73578,91621201.10,6966
2026-03-08 00:00:00,MONIFTY100,MOTILALAMC - MONIFTY100,25.83,26.08,25.53,25.77,25.65,0.47,0.55,2.13,0.70,72973,1891632.29,100
2026-03-08 00:00:00,MAXESTATES,MAX ESTATES LIMITED,397.00,406.40,394.00,400.35,393.20,1.82,12.40,3.12,0.97,72890,29172990.75,3125
2026-03-08 00:00:00,REPCOHOME,REPCO HOME FINANCE LTD,385.90,390.80,385.00,385.95,385.10,0.22,5.80,1.50,0.21,72642,28164696.30,2054
2026-03-08 00:00:00,GMMPFAUDLR,GMM PFAUDLER LIMITED,855.00,875.95,851.00,858.45,864.40,-0.69,24.95,2.92,-1.09,72539,62446767.90,5669
2026-03-08 00:00:00,NEXT50,MIRAEAMC - MANXT50,761.00,769.11,761.00,768.39,759.41,1.18,8.11,1.07,0.21,72334,55525831.24,1393
2026-03-08 00:00:00,JKIL,JKUMAR INFR.LTD.,484.00,489.90,483.10,485.20,482.00,0.66,6.80,1.40,0.41,72309,35163838.40,4510
2026-03-08 00:00:00,TCI,TRANSPORT CORPN OF INDIA,930.10,944.95,909.25,914.60,930.50,-1.71,35.70,3.84,-0.04,71624,65944762.45,5853
2026-03-08 00:00:00,MAXIND,MAX INDIA LIMITED,171.50,178.00,171.50,174.64,172.22,1.41,6.50,3.79,-0.42,71610,12539567.71,1457
2026-03-08 00:00:00,SALSTEEL,S.A.L. STEEL LTD.,58.92,58.92,56.11,57.69,57.56,0.23,2.81,4.77,2.36,71609,4138341.77,520
2026-03-08 00:00:00,SPLPETRO,SUPREME PETROCHEM LIMITED,718.30,724.70,713.00,715.90,713.15,0.39,11.70,1.63,0.72,71200,51208909.75,4563
2026-03-08 00:00:00,BOSCH-HCIL,BOSCH HOME COMFRT IND LTD,1398.00,1409.70,1374.00,1390.20,1391.30,-0.08,35.70,2.55,0.48,71134,99176111.00,2718
2026-03-08 00:00:00,MONEYBOXX,MONEYBOXX FINANCE LIMITED,57.30,62.98,57.30,60.69,58.22,4.24,5.68,9.91,-1.58,71113,4304842.57,337
2026-03-08 00:00:00,CARYSIL,CARYSIL LIMITED,1170.10,1196.00,1168.00,1188.30,1175.30,1.11,28.00,2.39,-0.44,71106,84096403.00,6502
2026-03-08 00:00:00,PANACEABIO,PANACEA BIOTEC LTD,425.05,425.05,415.60,423.45,421.45,0.47,9.45,2.22,0.85,71008,29775374.85,3260
2026-03-08 00:00:00,ENTERO,ENTERO HEALTHCARE SOLU L,1264.50,1264.50,1231.00,1233.20,1243.90,-0.86,33.50,2.65,1.66,70955,87932711.80,7498
2026-03-08 00:00:00,IFBIND,IFB INDUSTRIES LTD,1315.70,1365.50,1305.00,1354.00,1315.70,2.91,60.50,4.60,0.00,70710,95049932.60,9762
2026-03-08 00:00:00,ASTEC,ASTEC LIFESCIENCES LTD,645.00,663.80,625.00,628.30,655.35,-4.13,38.80,6.02,-1.58,70469,44831593.45,4536
2026-03-08 00:00:00,PGIL,PEARL GLOBAL IND LIMITED,2066.60,2127.50,2066.60,2103.40,2064.80,1.87,60.90,2.95,0.09,70465,148531036.70,9531
2026-03-08 00:00:00,ZENITHSTL,ZENITH STEEL PIP IND LTD,5.55,5.85,5.50,5.63,5.54,1.62,0.35,6.31,0.18,70459,396181.34,205
2026-03-08 00:00:00,GLOBUSSPR,GLOBUS SPIRITS LTD,888.00,909.90,882.60,900.85,883.50,1.96,27.30,3.07,0.51,70266,62715648.95,4655
2026-03-08 00:00:00,KRISHNADEF,KRISHNA DEF AND ALD IND L,1206.70,1230.00,1202.00,1218.30,1198.50,1.65,28.00,2.32,0.68,69989,85337366.60,5036
2026-03-08 00:00:00,CHALET,CHALET HOTELS LIMITED,811.40,828.45,807.95,821.50,811.40,1.24,20.50,2.53,0.00,69654,57132596.60,9088
2026-03-08 00:00:00,VIRINCHI,VIRINCHI LIMITED,15.64,15.64,15.12,15.32,15.20,0.79,0.52,3.32,2.89,69383,1061304.41,402
2026-03-08 00:00:00,DOLPHIN,DOLPHIN OFF ENT (IND) L,404.00,418.40,390.15,405.45,393.80,2.96,28.25,6.99,2.59,69378,28259848.10,1889
2026-03-08 00:00:00,PAUSHAKLTD,PAUSHAK LIMITED,659.40,661.00,644.00,652.80,629.70,3.67,17.00,2.58,4.72,69349,45339165.25,3585
2026-03-08 00:00:00,RADIOCITY,MUSIC BROADCAST LIMITED,6.79,7.09,6.79,6.81,6.79,0.29,0.30,4.42,0.00,69178,475675.28,233
2026-03-08 00:00:00,EUREKAFORB,EUREKA FORBES LIMITED,448.50,456.95,448.00,453.65,448.45,1.16,8.95,2.00,0.01,68833,31223820.90,5907
2026-03-08 00:00:00,HILINFRA,HIGHWAY INFRASTRUCTURE L,46.48,47.20,45.71,47.00,45.90,2.40,1.49,3.21,1.26,68684,3206343.40,542
2026-03-08 00:00:00,BHARTIHEXA,BHARTI HEXACOM LIMITED,1633.40,1653.90,1618.40,1645.80,1607.50,2.38,35.50,2.17,1.61,68641,112820382.90,7869
2026-03-08 00:00:00,TRACXN,TRACXN TECHNOLOGIES LTD,30.03,30.84,30.03,30.44,30.35,0.30,0.81,2.70,-1.05,68640,2098823.39,768
2026-03-08 00:00:00,ELPROINTL,ELPRO INTERNATIONAL LTD,177.00,179.00,176.51,178.37,177.00,0.77,2.49,1.41,0.00,68128,12116228.02,440
2026-03-08 00:00:00,ORIENTALTL,ORIENTAL TRIMEX LTD,5.03,5.30,5.03,5.19,5.13,1.17,0.27,5.37,-1.95,67795,351876.47,220
2026-03-08 00:00:00,STANLEY,STANLEY LIFESTYLES LTD,159.00,159.00,155.16,155.88,157.03,-0.73,3.84,2.42,1.25,67560,10567005.94,2400
2026-03-08 00:00:00,MANORAMA,MANORAMA INDUSTRIES LTD,1602.90,1640.40,1602.10,1633.00,1604.50,1.78,38.30,2.39,-0.10,67319,109717328.10,7976
2026-03-08 00:00:00,CNL,CREATIVE NEWTECH LIMITED,1006.00,1028.95,1000.25,1015.90,993.20,2.29,28.70,2.85,1.29,67299,68280257.75,4199
2026-03-08 00:00:00,JKLAKSHMI,JK LAKSHMI CEMENT LTD,569.90,571.85,564.00,568.65,564.65,0.71,7.85,1.38,0.93,67274,38226252.75,4288
2026-03-08 00:00:00,GREENPANEL,GREENPANEL INDUSTRIES LTD,194.01,197.50,193.42,196.72,193.02,1.92,4.08,2.10,0.51,66735,13063815.74,3183
2026-03-08 00:00:00,FABTECH,FABTECH TECHNOLOGIES LTD,151.69,152.50,149.00,149.77,149.46,0.21,3.50,2.31,1.49,66667,10053746.16,1353
2026-03-08 00:00:00,MAMATA,MAMATA MACHINERY LIMITED,408.45,413.30,400.05,403.15,406.45,-0.81,13.25,3.24,0.49,66661,27143444.20,3111
2026-03-08 00:00:00,SIS,SIS LIMITED,424.50,429.75,422.55,425.10,422.40,0.64,7.20,1.70,0.50,66651,28394016.95,4618
2026-03-08 00:00:00,VCL,VAXTEX COTFAB LIMITED,1.11,1.12,1.09,1.12,1.07,4.67,0.03,2.70,3.74,66491,74322.70,72
2026-03-08 00:00:00,SHRIPISTON,SPR AUTO TECHNOLOGIES LTD,4441.00,4547.00,4430.40,4524.40,4395.20,2.94,116.60,2.63,1.04,66253,298940043.20,9136
2026-03-08 00:00:00,UNICHEMLAB,UNICHEM LABORATORIES LTD,514.00,518.65,502.25,505.25,513.40,-1.59,16.40,3.19,0.12,65951,33468849.65,3765
2026-03-08 00:00:00,OBCL,OBCL LIMITED,52.00,53.90,52.00,53.10,52.68,0.80,1.90,3.65,-1.29,65944,3495128.04,39
2026-03-08 00:00:00,WINDMACHIN,WINDSOR MACHINES LIMITED,288.00,289.90,275.00,281.05,283.10,-0.72,14.90,5.17,1.73,65736,18648127.40,2103
2026-03-08 00:00:00,PLATIND,PLATINUM INDUSTRIES LTD,227.05,231.18,225.00,225.53,225.89,-0.16,6.18,2.72,0.51,65731,14967866.23,1807
2026-03-08 00:00:00,DOLLAR,DOLLAR INDUSTRIES LIMITED,267.95,269.30,264.55,267.40,264.00,1.29,4.75,1.77,1.50,65550,17547050.85,1626
2026-03-08 00:00:00,ELGIRUBCO,ELGI RUBBER CO. LTD,60.00,60.31,57.00,57.41,59.69,-3.82,3.31,5.52,0.52,65204,3812091.46,764
2026-03-08 00:00:00,HEIDELBERG,HEIDELBERGCEMENT (I) LTD,153.10,155.89,153.10,155.51,152.69,1.85,2.79,1.82,0.27,65037,10046126.89,1321
2026-03-08 00:00:00,LPDC,LANDMARK PR.DEV.CO.LTD,6.02,6.34,6.01,6.30,6.05,4.13,0.33,5.48,-0.50,65016,400676.53,107
2026-03-08 00:00:00,HPL,HPL ELECTRIC & POWER LTD,335.00,342.00,335.00,335.95,332.45,1.05,7.00,2.09,0.77,65003,21937722.95,2982
2026-03-08 00:00:00,AERONEU,AEROFLEX NEU LIMITED,86.00,89.80,86.00,87.73,86.00,2.01,3.80,4.42,0.00,64813,5684736.22,1719
2026-03-08 00:00:00,ATL,ALLCARGO TERMINALS LTD,23.26,23.60,23.16,23.28,23.24,0.17,0.44,1.89,0.09,64482,1507041.68,516
2026-03-08 00:00:00,INDNIPPON,INDIA NIPPON ELECT  LTD,1186.50,1214.60,1150.10,1173.20,1170.40,0.24,64.50,5.44,1.38,64388,76750602.70,3607
2026-03-08 00:00:00,MIDCAPADD,DSPAMC - MIDCAPADD,23.32,23.46,23.28,23.35,23.21,0.60,0.18,0.77,0.47,64339,1503913.81,57
2026-03-08 00:00:00,REPRO,REPRO INDIA LIMITED,378.85,405.00,377.50,398.70,378.65,5.30,27.50,7.26,0.05,64234,25227217.65,1599
2026-03-08 00:00:00,GNRL,GUJARAT NATURAL RES L,93.50,94.90,92.31,93.23,93.46,-0.25,2.59,2.77,0.04,63887,5959471.34,788
2026-03-08 00:00:00,GVPTECH,GVP INFOTECH LIMITED,7.24,7.24,6.95,7.06,7.03,0.43,0.29,4.01,2.99,63841,450887.30,302
2026-03-08 00:00:00,FIEMIND,FIEM INDUSTRIES LIMITED,2358.10,2358.10,2306.10,2338.40,2323.30,0.65,52.00,2.21,1.50,63451,147930247.30,9441
2026-03-08 00:00:00,DONEAR,DONEAR IND. LIMITED,84.95,85.00,82.01,84.44,84.74,-0.35,2.99,3.52,0.25,62982,5270746.88,675
2026-03-08 00:00:00,CINELINE,CINELINE INDIA LIMITED,89.75,92.90,87.90,88.53,87.80,0.83,5.00,5.57,2.22,62732,5651511.23,1066
2026-03-08 00:00:00,VESUVIUS,VESUVIUS INDIA LTD,444.30,459.00,444.30,451.40,443.75,1.72,14.70,3.31,0.12,62578,28390880.80,3812
2026-03-08 00:00:00,EXPLEOSOL,EXPLEO SOLUTIONS LIMITED,801.00,818.00,801.00,805.15,802.85,0.29,17.00,2.12,-0.23,62353,50208205.55,2205
2026-03-08 00:00:00,DEVX,DEV ACCELERATOR LIMITED,34.97,34.97,33.90,34.33,33.94,1.15,1.07,3.06,3.03,62313,2142288.85,2452
2026-03-08 00:00:00,PSUBANKADD,DSPAMC - DSPPSBKETF,84.45,86.22,84.45,85.42,84.46,1.14,1.77,2.10,-0.01,61957,5315829.22,314
2026-03-08 00:00:00,HDFCNIMEG,HDFCAMC - HDFCNIMEG,130.42,132.00,128.04,130.70,127.24,2.72,3.96,3.04,2.50,61917,7963547.17,59
2026-03-08 00:00:00,INSECTICID,INSECTICIDES (I) LTD,643.30,665.95,636.10,663.60,641.20,3.49,29.85,4.64,0.33,61729,40616274.10,2711
2026-03-08 00:00:00,MPSLTD,MPS LIMITED,2700.00,2790.00,2644.70,2770.50,2696.00,2.76,145.30,5.38,0.15,61657,168972220.90,7541
2026-03-08 00:00:00,HARSHA,HARSHA ENGINEERS INT LTD,402.55,409.00,402.55,407.55,401.05,1.62,6.45,1.60,0.37,61608,25049326.70,2411
2026-03-08 00:00:00,MANBA,MANBA FINANCE LIMITED,138.00,139.41,135.25,137.29,135.48,1.34,4.16,3.01,1.86,61575,8431997.50,608
2026-03-08 00:00:00,CAPILLARY,CAPILLARY TECHNO INDIA L,505.95,505.95,493.05,495.55,497.35,-0.36,12.90,2.55,1.73,61368,30425505.80,1965
2026-03-08 00:00:00,BLIL,BALMER LAWRIE INVSTS. L,70.89,71.25,70.06,70.88,70.37,0.72,1.19,1.68,0.74,61331,4334442.13,935
2026-03-08 00:00:00,IKS,INVENTURUS KNOWLEDGE SO L,1858.00,1858.00,1839.30,1846.40,1848.90,-0.14,18.70,1.01,0.49,61283,113137432.60,13849
2026-03-08 00:00:00,ECAPINSURE,EDELAMC - ECAPINSURE,23.58,24.15,23.58,23.97,23.82,0.63,0.57,2.42,-1.01,61152,1461053.56,361
2026-03-08 00:00:00,STYRENIX,STYRENIX PERFORMANCE LTD,2504.80,2557.60,2479.00,2487.30,2476.50,0.44,78.60,3.14,1.14,60685,152638821.90,5522
2026-03-08 00:00:00,POLYPLEX,POLYPLEX CORPORATION LTD,1104.50,1114.50,1091.10,1094.80,1105.30,-0.95,23.40,2.12,-0.07,60391,66314128.20,3152
2026-03-08 00:00:00,LGBBROSLTD,LG BALAKRISHNAN & BROS,1569.00,1569.00,1524.00,1532.40,1588.40,-3.53,45.00,2.87,-1.22,60387,92862132.00,6748
2026-03-08 00:00:00,SANOFI,SANOFI INDIA LIMITED,3330.00,3407.50,3330.00,3381.80,3318.00,1.92,77.50,2.33,0.36,60108,203182911.00,9656
2026-03-08 00:00:00,ADOR,ADOR WELDING LTD,1480.00,1508.80,1474.10,1503.30,1444.70,4.06,34.70,2.34,2.44,60045,89736683.10,5846
2026-03-08 00:00:00,AGARIND,AGARWAL INDS CORP LTD.,510.00,526.90,509.80,514.95,499.80,3.03,17.10,3.35,2.04,59423,30816261.10,2729
2026-03-08 00:00:00,GANESHHOU,GANESH HOUSING LIMITED,749.70,790.00,745.00,778.15,740.60,5.07,45.00,6.00,1.23,59334,45975819.05,5808
2026-03-08 00:00:00,MOTOUR,MOTILALAMC - MOTOUR,79.98,81.55,77.61,80.33,78.41,2.45,3.94,4.93,2.00,59253,4739213.80,326
2026-03-08 00:00:00,VALUEAXIS,AXISAMC-VALUEAXIS,33.06,33.37,32.76,33.18,33.06,0.36,0.61,1.85,0.00,59247,1969068.94,381
2026-03-08 00:00:00,MASPTOP50,MIRAEAMC - MASPTOP50,77.42,77.42,77.42,77.42,75.48,2.57,0.00,0.00,2.57,59174,4581251.08,223
2026-03-08 00:00:00,OMPOWER,OM POWER TRANSMISSION LTD,171.99,171.99,167.01,169.40,167.93,0.88,4.98,2.90,2.42,59098,9964117.89,1190
2026-03-08 00:00:00,GICHSGFIN,GIC HOUSING FINANCE LTD,149.00,151.00,148.00,148.10,147.68,0.28,3.00,2.01,0.89,59019,8793750.49,1186
2026-03-08 00:00:00,APLLTD,ALEMBIC PHARMA LTD,797.05,815.05,792.55,805.75,797.05,1.09,22.50,2.82,0.00,58590,47330078.55,5604
2026-03-08 00:00:00,PYRAMID,PYRAMID TECHNOPLAST LTD,185.97,188.00,183.34,184.97,181.12,2.13,4.66,2.51,2.68,58304,10791313.21,1271
2026-03-08 00:00:00,AONETMMQ50,AONEAMC - AONETMMQ50,10.09,10.15,9.93,9.98,10.04,-0.60,0.22,2.18,0.50,58298,587497.41,338
2026-03-08 00:00:00,DATAMATICS,DATAMATICS GLOBAL SER LTD,833.70,835.00,820.05,824.95,832.05,-0.85,14.95,1.79,0.20,58143,48105915.15,4436
2026-03-08 00:00:00,MMFL,MM FORGINGS LTD,551.05,560.00,550.00,554.40,546.85,1.38,10.00,1.81,0.77,57875,32155413.85,3420
2026-03-08 00:00:00,IGARASHI,IGARASHI MOTORS INDIA LTD,451.40,469.90,451.40,467.15,451.15,3.55,18.50,4.10,0.06,57816,26669337.95,2629
2026-03-08 00:00:00,POWERINDIA,HITACHI ENERGY INDIA LTD,32180.00,32380.00,31865.00,32000.00,32175.00,-0.54,515.00,1.60,0.02,57777,1856263810.00,19799
2026-03-08 00:00:00,AIAENG,AIA ENGINEERING LIMITED,4568.00,4700.00,4460.00,4684.60,4591.00,2.04,240.00,5.25,-0.50,57776,267678204.20,15054
2026-03-08 00:00:00,SIMPLEXINF,SIMPLEX INFRASTRUCTURES L,235.75,239.89,234.00,235.64,236.35,-0.30,5.89,2.50,-0.25,57252,13537617.93,1102
2026-03-08 00:00:00,ROSSARI,ROSSARI BIOTECH LIMITED,505.95,511.00,500.60,508.25,504.30,0.78,10.40,2.06,0.33,57189,29022208.70,3648
2026-03-08 00:00:00,ALLTIME,ALL TIME PLASTICS LIMITED,223.25,227.00,220.15,221.95,221.01,0.43,6.85,3.07,1.01,57115,12745396.36,1777
2026-03-08 00:00:00,AGARWALEYE,DR AGARWALS HEALTH CARE L,477.90,495.20,477.35,483.30,478.00,1.11,17.85,3.74,-0.02,56679,27395434.90,5864
2026-03-08 00:00:00,HAPPYFORGE,HAPPY FORGINGS LIMITED,1668.00,1710.50,1652.80,1699.20,1652.70,2.81,57.70,3.46,0.93,56505,95592993.20,7104
2026-03-08 00:00:00,ADVAIT,ADVAIT ENRGY TRANSITION L,2340.00,2418.00,2315.00,2359.20,2310.60,2.10,103.00,4.40,1.27,56187,133661453.50,6490
2026-03-08 00:00:00,MONTECARLO,MONTE CARLO FASHIONS LTD.,529.00,538.00,524.30,533.00,523.00,1.91,13.70,2.59,1.15,55989,29684191.20,2806
2026-03-08 00:00:00,CAPLIPOINT,CAPLIN POINT LAB LTD.,2516.80,2586.50,2496.20,2566.10,2516.80,1.96,90.30,3.59,0.00,55647,142208407.40,11512
2026-03-08 00:00:00,SHALBY,SHALBY LIMITED,161.90,166.04,161.90,163.84,161.30,1.57,4.14,2.56,0.37,55574,9135710.54,1387
2026-03-08 00:00:00,MCL,M TEK COPPER LIMITED,52.80,57.67,52.80,56.17,53.30,5.38,4.87,9.22,-0.94,55568,3060301.56,1901
2026-03-08 00:00:00,STCINDIA,THE STATE TRADING CORPN,120.48,123.90,119.16,119.66,120.50,-0.70,4.74,3.93,-0.02,55568,6738772.39,852
2026-03-08 00:00:00,KIRLFER,KIRLOSKAR FERROUS IND LTD,477.00,484.40,470.05,475.05,475.65,-0.13,14.35,3.01,0.28,55463,26542316.60,2500
2026-03-08 00:00:00,RML,RANE (MADRAS) LIMITED,1174.70,1237.00,1162.40,1210.80,1154.70,4.86,74.60,6.35,1.73,55286,66636418.30,6493
2026-03-08 00:00:00,MOMENTUM,BIRLASLAMC - MOMENTUM,30.90,31.28,30.83,30.93,30.90,0.10,0.45,1.46,0.00,54980,1710603.07,314
2026-03-08 00:00:00,ESG,MIRAEAMC - MAESGETF,42.29,42.68,42.20,42.47,42.08,0.93,0.48,1.14,0.50,54940,2329066.73,177
2026-03-08 00:00:00,RADIANTCMS,RADIANT CASH MGMT SER LTD,36.97,37.10,36.62,36.97,36.35,1.71,0.48,1.30,1.71,54912,2028489.29,1100
2026-03-08 00:00:00,CUBEXTUB,CUBEX TUBINGS LTD,77.50,79.95,76.66,79.65,76.28,4.42,3.29,4.25,1.60,54804,4303475.24,961
2026-03-08 00:00:00,MENNPIS,MENON PISTONS LTD.,70.90,74.95,70.90,74.43,70.62,5.40,4.05,5.71,0.40,54766,4070178.20,1070
2026-03-08 00:00:00,SURANAT&P,SURANA TELECOM AND POW LT,18.30,18.47,17.66,17.89,17.95,-0.33,0.81,4.43,1.95,54741,987444.70,336
2026-03-08 00:00:00,GFLLIMITED,GFL LIMITED,47.50,48.50,47.02,48.26,46.64,3.47,1.48,3.12,1.84,54627,2611764.67,1512
2026-03-08 00:00:00,KDDL,KDDL LIMITED,3318.50,3495.00,3272.70,3463.20,3302.00,4.88,222.30,6.70,0.50,54531,185564596.70,7077
2026-03-08 00:00:00,MAKEINDIA,MIRAEAMC - MAMFGETF,166.70,168.29,166.66,167.29,166.26,0.62,1.63,0.98,0.26,54293,9081185.67,726
2026-03-08 00:00:00,BANSALWIRE,BANSAL WIRE INDUSTRIES L,315.00,320.00,315.00,318.50,314.65,1.22,5.00,1.59,0.11,54172,17199914.45,1624
2026-03-08 00:00:00,DOMS,DOMS INDUSTRIES LIMITED,2282.60,2324.70,2230.00,2292.00,2260.00,1.42,94.70,4.15,1.00,53904,123926559.90,9179
2026-03-08 00:00:00,CRISIL,CRISIL LTD,4359.80,4450.00,4309.90,4424.90,4359.80,1.49,140.10,3.21,0.00,53732,237126167.60,9151
2026-03-08 00:00:00,SPENCERS,SPENCER S RETAIL LIMITED,33.48,34.04,32.82,33.23,32.90,1.00,1.22,3.64,1.76,53604,1791903.86,1114
2026-03-08 00:00:00,INTERARCH,INTERARCH BLDNG SOLTN LTD,1811.00,1858.00,1811.00,1846.10,1808.80,2.06,47.00,2.60,0.12,53516,98342970.50,4280
2026-03-08 00:00:00,GARFIBRES,GARWARE TECH FIBRES LTD,735.80,770.95,732.95,761.60,732.90,3.92,38.00,5.16,0.40,53200,40441986.55,9370
2026-03-08 00:00:00,GOYALALUM,GOYAL ALUMINIUMS LIMITED,6.44,6.69,6.44,6.58,6.52,0.92,0.25,3.88,-1.23,53149,349422.02,383
2026-03-08 00:00:00,ASHIANA,ASHIANA HOUSING LTD,397.00,399.00,384.30,385.55,390.65,-1.31,14.70,3.70,1.63,53104,20698487.65,1721
2026-03-08 00:00:00,RAJSREESUG,RAJSHREE SUGAR & CHEMICAL,31.29,31.99,29.91,30.39,29.29,3.76,2.08,6.65,6.83,53084,1638410.94,486
2026-03-08 00:00:00,SOLARINDS,SOLAR INDUSTRIES (I) LTD,18400.00,18710.00,18358.00,18659.00,18391.00,1.46,352.00,1.91,0.05,53004,982128569.00,15483
2026-03-08 00:00:00,CENTUM,CENTUM ELECTRONICS LTD,3600.00,3748.40,3577.20,3676.50,3543.10,3.77,171.20,4.76,1.61,52835,194951462.70,11027
2026-03-08 00:00:00,HDFCQUAL,HDFCAMC - HDFCQUAL,59.18,59.71,58.43,59.29,58.89,0.68,1.28,2.16,0.49,52828,3147657.05,348
2026-03-08 00:00:00,DMCC,DMCC SPECIALITY CHEMICALS,282.75,285.90,274.35,278.00,282.75,-1.68,11.55,4.08,0.00,52656,14722673.00,1628
2026-03-08 00:00:00,TCIEXP,TCI EXPRESS LIMITED,541.65,567.00,540.40,557.25,541.65,2.88,26.60,4.91,0.00,52562,29240248.05,3118
2026-03-08 00:00:00,OSWALAGRO,OSWAL AGRO MILLS LTD,39.89,40.25,38.20,38.49,38.25,0.63,2.05,5.14,4.29,52487,2048104.82,356
2026-03-08 00:00:00,GREENLAM,GREENLAM INDUSTRIES LTD.,252.00,257.70,250.25,251.70,251.90,-0.08,7.45,2.96,0.04,52394,13252948.40,2475
2026-03-08 00:00:00,DANGEE,DANGEE DUMS LIMITED,2.95,3.08,2.90,2.98,2.94,1.36,0.18,6.10,0.34,51910,157766.76,88
2026-03-08 00:00:00,KMEW,KNOWLEDGE MARINE & EN W L,2470.60,2533.00,2470.60,2493.50,2463.30,1.23,62.40,2.53,0.30,51459,128961585.40,7665
2026-03-08 00:00:00,CARERATING,CARE RATINGS LIMITED,1723.00,1763.00,1703.20,1715.60,1709.50,0.36,59.80,3.47,0.79,50880,88148596.10,9541
2026-03-08 00:00:00,PTL,PTL ENTERPRISES LTD,39.99,40.05,39.40,39.77,39.42,0.89,0.65,1.63,1.45,50827,2024374.70,778
2026-03-08 00:00:00,LINDEINDIA,LINDE INDIA LIMITED,6770.50,7035.00,6770.50,6980.50,6745.00,3.49,264.50,3.91,0.38,50665,351658099.00,13113
2026-03-08 00:00:00,CEINSYS,CEINSYS TECH LIMITED,841.00,858.00,820.00,833.10,839.35,-0.74,38.00,4.52,0.20,50461,42553676.65,3676
2026-03-08 00:00:00,HDFCNIF100,HDFCAMC - HDFCNIF100,26.96,26.96,26.08,26.45,26.31,0.53,0.88,3.26,2.47,50419,1338081.46,512
2026-03-08 00:00:00,KSB,KSB LIMITED,858.00,868.55,850.50,857.75,855.90,0.22,18.05,2.10,0.25,50364,43271683.00,6714
2026-03-08 00:00:00,GLOBAL,GLOBAL EDUCATION LIMITED,101.30,104.47,100.50,101.36,104.06,-2.59,3.97,3.92,-2.65,50348,5141369.45,540
2026-03-08 00:00:00,RPEL,RAGHAV PRODUCTIVITY ENH L,1215.00,1272.00,1208.10,1245.60,1216.30,2.41,63.90,5.26,-0.11,50178,62575861.50,6425
2026-03-08 00:00:00,INTLCONV,INTL CONVEYORS LIMITED,74.00,75.75,73.55,73.77,74.47,-0.94,2.20,2.97,-0.63,49859,3707856.71,2427
2026-03-08 00:00:00,ISHANCH,ISHAN DYES N CHEMICALS L,52.99,53.30,50.50,51.84,52.22,-0.73,2.80,5.28,1.47,49811,2607360.62,279
2026-03-08 00:00:00,HPAL,HP ADHESIVES LIMITED,32.56,34.00,32.56,33.30,32.56,2.27,1.44,4.42,0.00,49769,1663631.08,799
2026-03-08 00:00:00,PAKKA,PAKKA LIMITED,71.10,72.94,71.01,71.28,70.79,0.69,1.93,2.71,0.44,49666,3564908.69,822
2026-03-08 00:00:00,SKFINDIA,SKF INDIA LTD,1489.60,1513.80,1482.20,1506.50,1479.60,1.82,31.60,2.12,0.68,49615,74751332.20,4236
2026-03-08 00:00:00,SHREDIGCEM,SHREE DIGVIJAY CEM CO LTD,71.70,74.49,71.70,73.93,72.31,2.24,2.79,3.89,-0.84,49567,3623871.64,932
2026-03-08 00:00:00,ONWARDTEC,ONWARD TECHNOLOGIES LTD,294.90,297.35,290.00,293.85,292.10,0.60,7.35,2.49,0.96,49531,14537767.30,1351
2026-03-08 00:00:00,GKSL,GUJARAT KIDNEY N SUP SP L,127.00,129.00,126.75,127.74,127.32,0.33,2.25,1.77,-0.25,49403,6292912.30,1152
2026-03-08 00:00:00,KHAITANLTD,KHAITAN (INDIA)LTD.,141.00,155.40,134.00,155.39,129.50,19.99,21.40,15.18,8.88,49355,7394468.00,641
2026-03-08 00:00:00,WCIL,WESTERN CARRIERS (IND) L,90.89,92.11,89.81,90.48,90.03,0.50,2.30,2.53,0.96,49280,4487213.32,1192
2026-03-08 00:00:00,EPIGRAL,EPIGRAL LIMITED,1095.00,1137.00,1089.50,1120.70,1088.70,2.94,47.50,4.34,0.58,49169,55125224.60,4497
2026-03-08 00:00:00,SATIA,SATIA INDUSTRIES LIMITED,61.75,63.15,61.03,62.50,61.75,1.21,2.12,3.43,0.00,49149,3076437.21,571
2026-03-08 00:00:00,AJAXENGG,AJAX ENGINEERING LIMITED,580.50,597.50,580.50,594.00,580.15,2.39,17.00,2.93,0.06,49050,28986888.95,3272
2026-03-08 00:00:00,SUMEETINDS,SUMEET IND LIMITED,21.18,21.18,21.18,21.18,22.29,-4.98,0.00,0.00,-4.98,48960,1036972.80,299
2026-03-08 00:00:00,HGINFRA,H.G.INFRA ENGINEERING LTD,538.55,548.00,538.00,546.85,538.55,1.54,10.00,1.86,0.00,48918,26647130.20,4070
2026-03-08 00:00:00,SUPREMEINF,SUPREME INFRA. LTD.,83.63,85.60,81.25,84.17,83.63,0.65,4.35,5.20,0.00,48810,4112798.47,1172
2026-03-08 00:00:00,RUSTOMJEE,KEYSTONE REALTORS LIMITED,405.85,407.60,395.40,396.80,399.85,-0.76,12.20,3.01,1.50,48605,19406902.70,2598
2026-03-08 00:00:00,SMARTWORKS,SMARTWORKS COWORKING SP L,478.85,489.00,466.60,481.65,470.50,2.37,22.40,4.68,1.77,48510,23141938.45,3481
2026-03-08 00:00:00,INDIGOPNTS,INDIGO PAINTS LIMITED,1106.60,1113.40,1086.00,1087.40,1111.80,-2.19,27.40,2.48,-0.47,48464,53169423.80,6879
2026-03-08 00:00:00,REMSONSIND,REMSONS INDUSTRIES LTD,82.15,84.79,82.15,83.44,83.19,0.30,2.64,3.21,-1.25,48460,4051427.27,965
2026-03-08 00:00:00,ALKYLAMINE,ALKYL AMINES CHEM. LTD,1785.90,1845.00,1785.90,1824.40,1785.60,2.17,59.10,3.31,0.02,48406,88314502.30,8268
2026-03-08 00:00:00,SUPREME,SUPREME HOLDIN N HOSP I L,45.50,47.25,45.21,45.99,45.72,0.59,2.04,4.48,-0.48,48344,2246458.47,503
2026-03-08 00:00:00,LANCORHOL,LANCOR HOLDINGS LIMITED,26.17,26.94,26.05,26.54,26.16,1.45,0.89,3.40,0.04,48293,1276031.61,245
2026-03-08 00:00:00,MONQ50,MOTILALAMC - MONQ50,140.56,140.56,140.56,140.56,137.56,2.18,0.00,0.00,2.18,48243,6781036.08,428
2026-03-08 00:00:00,MMP,MMP INDUSTRIES LIMITED,297.20,298.90,290.20,294.65,292.50,0.74,8.70,2.93,1.61,48017,14124652.30,1826
2026-03-08 00:00:00,ANUHPHR,ANUH PHARMA LIMITED,81.47,81.47,79.50,80.41,79.48,1.17,1.97,2.42,2.50,47682,3842475.26,915
2026-03-08 00:00:00,MAFATIND,MAFATLAL INDUSTRIES LTD.,134.60,137.19,132.40,134.61,133.63,0.73,4.79,3.56,0.73,47533,6396174.39,984
2026-03-08 00:00:00,WONDERLA,WONDERLA HOLIDAYS LTD.,480.00,488.90,480.00,485.20,477.70,1.57,8.90,1.85,0.48,47508,23017143.50,2866
2026-03-08 00:00:00,ELM250,EDELAMC - ELM250,16.34,17.00,16.34,16.90,16.67,1.38,0.66,4.04,-1.98,47480,799851.58,232
2026-03-08 00:00:00,SHREERAMA,SHREE RAMA MULTI TECH LTD,39.39,40.78,39.29,40.36,39.17,3.04,1.49,3.78,0.56,47303,1900465.39,454
2026-03-08 00:00:00,TVSELECT,TVS ELECTRONICS LTD,489.90,509.35,489.90,495.60,489.30,1.29,19.45,3.97,0.12,47235,23585719.75,2597
2026-03-08 00:00:00,INDIQUBE,INDIQUBE SPACES LIMITED,176.84,178.40,169.45,171.97,173.76,-1.03,8.95,5.06,1.77,47200,8250127.28,1477
2026-03-08 00:00:00,COUNCODOS,COUNTRY CONDO S LIMITED,5.95,6.24,5.89,6.02,5.95,1.18,0.35,5.88,0.00,47085,280893.03,192
2026-03-08 00:00:00,NDLVENTURE,NDL VENTURES LIMITED,129.99,132.96,127.00,129.34,129.03,0.24,5.96,4.58,0.74,46986,6143635.04,494
2026-03-08 00:00:00,TVTODAY,TV TODAY NETWORK LTD,113.69,118.20,113.69,115.76,113.69,1.82,4.51,3.97,0.00,46794,5467228.00,1019
2026-03-08 00:00:00,VINATIORGA,VINATI ORGANICS LTD,1304.90,1340.00,1304.90,1323.10,1304.60,1.42,35.10,2.69,0.02,46628,61792850.50,5102
2026-03-08 00:00:00,MADRASFERT,MADRAS FERTILISERS LTD,66.76,67.55,66.67,66.76,66.43,0.50,0.88,1.32,0.50,46486,3112995.77,468
2026-03-08 00:00:00,ASAHIINDIA,ASAHI INDIA GLASS LIMITED,875.00,900.55,875.00,897.05,876.55,2.34,25.55,2.92,-0.18,46380,41447692.30,5055
2026-03-08 00:00:00,NEULANDLAB,NEULAND LAB LTD.,19149.00,19912.00,19005.00,19675.00,19043.00,3.32,907.00,4.74,0.56,46146,907361117.00,15161
2026-03-08 00:00:00,BAJAJHLDNG,BAJAJ HOLDINGS & INVS LTD,11313.00,11629.00,11257.00,11599.00,11343.00,2.26,372.00,3.29,-0.26,46101,528071650.00,14262
2026-03-08 00:00:00,BRNL,BHARAT ROAD NETWORK LTD,17.55,18.22,17.20,17.47,17.51,-0.23,1.02,5.81,0.23,45968,808533.88,279
2026-03-08 00:00:00,SUBROS,SUBROS LIMITED,829.00,832.85,812.00,817.30,819.25,-0.24,20.85,2.52,1.19,45959,37907346.80,3023
2026-03-08 00:00:00,RIIL,RELIANCE INDUSTRIAL INFRA,747.00,755.05,740.10,746.85,742.60,0.57,14.95,2.00,0.59,45659,34276978.55,1687
2026-03-08 00:00:00,MOLDTKPAC,MOLD-TEK PACKAGING LTD,672.20,679.80,669.00,675.10,672.20,0.43,10.80,1.61,0.00,45411,30558844.70,2758
2026-03-08 00:00:00,MINDTECK,MINDTECK (INDIA) LIMITED,193.50,197.94,192.20,193.37,193.86,-0.25,5.74,2.97,-0.19,45377,8856049.04,1517
2026-03-08 00:00:00,HMVL,HINDUSTAN MEDIA VENT LTD,93.10,95.50,92.70,95.08,94.63,0.48,2.80,3.01,-1.62,44985,4233503.53,752
2026-03-08 00:00:00,HTMEDIA,HT MEDIA LIMITED,24.31,25.24,24.31,24.87,24.65,0.89,0.93,3.83,-1.38,44939,1122985.08,220
2026-03-08 00:00:00,PONNIERODE,PONNIE SUGARS (ERODE) LTD,301.55,330.45,301.55,328.30,302.65,8.48,28.90,9.58,-0.36,44920,14433978.55,1609
2026-03-08 00:00:00,TCC,TCC CONCEPT LIMITED,322.00,322.00,286.85,291.50,289.65,0.64,35.15,10.92,11.17,44750,13415782.10,1366
2026-03-08 00:00:00,GLOBECIVIL,GLOBE CIVIL PROJECTS LTD,40.26,40.69,38.50,39.93,39.04,2.28,2.19,5.44,3.12,44727,1769970.16,297
2026-03-08 00:00:00,GYFTR,GYFTR LIMITED,158.00,168.00,156.00,161.69,159.68,1.26,12.00,7.59,-1.05,44488,7203333.21,729
2026-03-08 00:00:00,BIRLAMONEY,ADITYA BIRLA MONEY LTD,134.84,136.37,133.15,134.25,134.84,-0.44,3.22,2.39,0.00,44422,5999183.17,1107
2026-03-08 00:00:00,STUDDS,STUDDS ACCESSORIES LTD,442.60,457.00,442.60,447.95,440.15,1.77,14.40,3.25,0.56,44287,19873634.60,2025
2026-03-08 00:00:00,PFIZER,PFIZER LTD,4823.90,4934.00,4804.90,4914.60,4823.90,1.88,129.10,2.68,0.00,44131,216201684.10,6517
2026-03-08 00:00:00,ORCHPHARMA,ORCHID PHARMA LIMITED,990.00,998.00,975.10,990.65,986.55,0.42,22.90,2.31,0.35,44068,43577752.70,5374
2026-03-08 00:00:00,AUTOAXLES,AUTOMOTIVE AXLES LIMITED,1824.40,1890.00,1810.20,1880.50,1801.20,4.40,79.80,4.37,1.29,43652,80917621.90,3328
2026-03-08 00:00:00,RKSWAMY,R K SWAMY LIMITED,102.39,104.38,101.02,101.98,102.39,-0.40,3.36,3.28,0.00,43302,4428688.85,1201
2026-03-08 00:00:00,HEALTHADD,DSPAMC - HEALTHADD,17.00,17.06,16.80,16.80,16.91,-0.65,0.26,1.53,0.53,43283,731479.21,353
2026-03-08 00:00:00,SUMIT,SUMIT WOODS LIMITED,58.97,58.97,53.25,55.06,52.23,5.42,5.72,9.70,12.90,42841,2364795.01,318
2026-03-08 00:00:00,KOKUYOCMLN,KOKUYO CAMLIN LIMITED,85.94,88.80,85.25,85.93,85.94,-0.01,3.55,4.13,0.00,42642,3698790.86,456
2026-03-08 00:00:00,ZOTA,ZOTA HEALTH CARE LIMITED,1290.00,1297.20,1260.50,1265.70,1279.30,-1.06,36.70,2.84,0.84,42565,54197486.60,4197
2026-03-08 00:00:00,AVTNPL,AVT NATURAL PRODUCTS LTD,72.18,72.18,69.10,70.71,71.47,-1.06,3.08,4.27,0.99,42562,3013819.96,633
2026-03-08 00:00:00,PVSL,POPULAR VEHICLES N SER L,110.20,112.14,106.15,107.19,108.51,-1.22,5.99,5.44,1.56,42496,4574727.16,1177
2026-03-08 00:00:00,POKARNA,POKARNA LIMITED,932.00,950.00,925.00,932.45,937.90,-0.58,25.00,2.68,-0.63,42452,39683757.05,3232
2026-03-08 00:00:00,JAYAGROGN,JAYANT AGRO ORGANICS LTD,236.00,241.35,229.20,230.95,229.35,0.70,12.15,5.15,2.90,42437,9997105.06,1611
2026-03-08 00:00:00,BIGBLOC,BIGBLOC CONSTRUCTION LTD,45.45,46.03,44.50,45.80,45.45,0.77,1.53,3.37,0.00,42425,1935295.72,774
2026-03-08 00:00:00,SRM,SRM CONTRACTORS LIMITED,497.95,499.95,491.55,496.40,495.30,0.22,8.40,1.69,0.54,42013,20908495.75,1587
2026-03-08 00:00:00,SALZERELEC,SALZER ELECTRONICS LTD,589.40,596.70,586.40,591.30,581.90,1.62,10.30,1.75,1.29,41938,24814916.75,2140
2026-03-08 00:00:00,NIFTY100EW,KOTAKMAMC - NIFTY100EW,34.45,35.90,34.45,35.79,35.34,1.27,1.45,4.21,-2.52,41917,1499640.41,282
2026-03-08 00:00:00,RAMKY,RAMKY INFRA LTD,379.20,392.90,379.20,389.15,379.20,2.62,13.70,3.61,0.00,41901,16228575.90,1774
2026-03-08 00:00:00,KOHINOOR,KOHINOOR FOODS LIMITED,23.27,23.77,23.04,23.25,23.27,-0.09,0.73,3.14,0.00,41849,978132.29,1384
2026-03-08 00:00:00,DREAMFOLKS,DREAMFOLKS SERVICES LTD,66.01,68.45,66.00,67.48,66.66,1.23,2.45,3.71,-0.98,41228,2788016.12,1207
2026-03-08 00:00:00,SARLAPOLY,SARLA PERF. FIBERS LTD,98.40,102.50,98.21,101.51,98.87,2.67,4.29,4.36,-0.48,41222,4157732.76,867
2026-03-08 00:00:00,SHEKHAWATI,SHEKHAWATI INDUSTRIES LTD,12.56,13.80,12.51,13.59,12.56,8.20,1.29,10.27,0.00,40983,549268.92,214
2026-03-08 00:00:00,RUCHINFRA,RUCHI INFRASTRUCTURE LTD,5.94,5.94,5.73,5.89,5.88,0.17,0.21,3.54,1.02,40821,238803.71,207
2026-03-08 00:00:00,TIMKEN,TIMKEN INDIA LTD.,3145.00,3241.20,3138.10,3216.10,3145.40,2.25,103.10,3.28,-0.01,40209,128375834.20,8798
2026-03-08 00:00:00,HDFCSENSEX,HDFCAMC - HDFCSENSEX,86.21,90.64,86.21,89.02,88.43,0.67,4.43,5.14,-2.51,40131,3579603.71,860
2026-03-08 00:00:00,NIBE,NIBE LIMITED,1399.00,1399.00,1360.00,1364.40,1379.00,-1.06,39.00,2.79,1.45,40021,55030848.00,3327
2026-03-08 00:00:00,NITTAGELA,NITTA GELATIN INDIA LTD.,1822.20,1822.20,1700.00,1729.20,1922.50,-10.05,122.20,6.71,-5.22,39875,69402652.10,5468
2026-03-08 00:00:00,ISGEC,ISGEC HEAVY ENG LTD,834.00,847.00,833.35,838.95,825.95,1.57,13.65,1.64,0.97,39861,33477984.20,3469
2026-03-08 00:00:00,LASA,LASA SUPERGENERICS LTD,7.10,7.10,6.86,6.93,6.87,0.87,0.24,3.38,3.35,39764,274998.43,148
2026-03-08 00:00:00,PRIMESECU,PRIME SECURITIES LIMITED,277.10,281.50,275.35,277.45,276.90,0.20,6.15,2.22,0.07,39599,11026719.45,236
2026-03-08 00:00:00,JKCEMENT,JK CEMENT LIMITED,5461.00,5595.00,5461.00,5563.50,5444.00,2.20,134.00,2.45,0.31,39151,217384203.50,11716
2026-03-08 00:00:00,PITTIENG,PITTI ENGINEERING LIMITED,925.00,935.90,920.50,928.40,924.50,0.42,15.40,1.66,0.05,39086,36289839.50,1992
2026-03-08 00:00:00,LGHL,LAXMI GOLDORNA HOUSE LTD,209.25,209.25,198.99,201.31,205.37,-1.98,10.26,4.90,1.89,39063,7878344.09,928
2026-03-08 00:00:00,MACPOWER,MACPOWER CNC MACHINES LTD,1489.80,1510.00,1431.50,1457.80,1458.20,-0.03,78.50,5.27,2.17,38917,57197143.70,4131
2026-03-08 00:00:00,SPAL,S. P. APPARELS LIMITED,1008.00,1011.00,980.00,988.70,992.10,-0.34,31.00,3.08,1.60,38788,38629298.80,3431
2026-03-08 00:00:00,MOKSH,MOKSH ORNAMENTS LIMITED,10.05,10.34,10.05,10.20,10.06,1.39,0.29,2.89,-0.10,38729,395698.85,129
2026-03-08 00:00:00,DSSL,DYNACONS SYS & SOLN LTD,1241.00,1280.00,1226.00,1253.30,1233.10,1.64,54.00,4.35,0.64,38680,48128128.30,2383
2026-03-08 00:00:00,TSFINV,TSF INVESTMENTS LIMITED,455.10,461.00,452.95,454.30,452.50,0.40,8.05,1.77,0.57,38493,17572180.30,2361
2026-03-08 00:00:00,PRAVEG,PRAVEG LTD.,298.90,298.90,290.45,293.60,295.91,-0.78,8.45,2.83,1.01,38486,11288864.45,1389
2026-03-08 00:00:00,VALUE,MIRAEAMC - VALUE,16.32,16.40,16.32,16.35,16.23,0.74,0.08,0.49,0.55,38463,629127.22,110
2026-03-08 00:00:00,EQUAL50ADD,DSPAMC - DSPNEWETF,349.73,354.33,349.52,351.94,348.51,0.98,4.81,1.38,0.35,38349,13478690.12,510
2026-03-08 00:00:00,GRWRHITECH,GARWARE HI-TECH FILMS LTD,7190.00,7249.00,7115.50,7182.00,7151.50,0.43,133.50,1.86,0.54,38146,273931336.50,6913
2026-03-08 00:00:00,HERANBA,HERANBA INDUSTRIES LTD,179.57,187.18,178.48,182.74,179.57,1.77,8.70,4.84,0.00,37947,6916161.92,1296
2026-03-08 00:00:00,KEEPLEARN,DSJ KEEP LEARNING LTD,1.99,1.99,1.85,1.94,1.91,1.57,0.14,7.04,4.19,37793,73435.65,65
2026-03-08 00:00:00,BANKADD,DSPAMC - DSPBANK,58.91,59.23,58.08,58.66,58.57,0.15,1.15,1.95,0.58,37342,2206948.60,128
2026-03-08 00:00:00,AARNAV,AARNAV FASHIONS LIMITED,31.73,31.73,30.25,30.44,31.36,-2.93,1.48,4.66,1.18,37253,1140004.15,351
2026-03-08 00:00:00,TRAVELFOOD,TRAVEL FOOD SERVICES LTD,1293.00,1348.00,1292.70,1344.60,1302.90,3.20,55.30,4.28,-0.76,37161,49531915.60,6374
2026-03-08 00:00:00,SAGCEM,SAGAR CEMENTS LIMITED,174.49,176.39,171.21,172.67,173.96,-0.74,5.18,2.97,0.30,37113,6468894.60,1178
2026-03-08 00:00:00,RUCHIRA,RUCHIRA PAPERS LIMITED,109.32,109.80,107.63,108.09,108.24,-0.14,2.17,1.98,1.00,37111,4020694.18,620
2026-03-08 00:00:00,SAATVIKGL,SAATVIK GREEN ENERGY LTD,433.55,442.00,433.55,437.80,433.55,0.98,8.45,1.95,0.00,36670,16062693.30,1853
2026-03-08 00:00:00,NURECA,NURECA LIMITED,332.20,346.60,327.00,333.40,343.60,-2.97,19.60,5.90,-3.32,36669,12320553.25,1986
2026-03-08 00:00:00,SURAJEST,SURAJ ESTATE DEVELOPERS L,196.00,202.69,196.00,201.68,195.95,2.92,6.69,3.41,0.03,36523,7331138.49,813
2026-03-08 00:00:00,FIBERWEB,FIBERWEB INDIA LIMITED,29.99,29.99,28.20,29.28,29.27,0.03,1.79,5.97,2.46,36341,1057212.83,334
2026-03-08 00:00:00,MUFTI,CREDO BRANDS MARKETING L,81.90,83.40,81.71,82.69,81.52,1.44,1.69,2.06,0.47,36229,2986907.45,685
2026-03-08 00:00:00,PAVNAIND,PAVNA INDUSTRIES LIMITED,18.90,18.90,17.72,18.01,18.11,-0.55,1.18,6.24,4.36,36102,659173.32,226
2026-03-08 00:00:00,AARVI,AARVI ENCON LIMITED,153.00,158.28,153.00,155.21,156.70,-0.95,5.28,3.45,-2.36,36090,5610950.35,1364
2026-03-08 00:00:00,NUCLEUS,NUCLEUS SOFTWARE EXPORTS,686.05,702.75,686.05,696.70,686.05,1.55,16.70,2.43,0.00,36002,25024217.10,1885
2026-03-08 00:00:00,GUJTHEM,GUJARAT THEMIS BIOSYN LTD,356.30,361.30,354.10,356.60,358.05,-0.40,7.20,2.02,-0.49,35793,12856004.20,791
2026-03-08 00:00:00,NIFTYBETA,UTIAMC-NIFTYBETA,270.30,273.00,270.00,272.09,270.30,0.66,3.00,1.11,0.00,35738,9729649.43,998
2026-03-08 00:00:00,SHANTI,SHANTI OVERSEAS INDIA LTD,6.87,7.50,6.67,6.90,6.67,3.45,0.83,12.08,3.00,35474,247829.70,116
2026-03-08 00:00:00,GUFICBIO,GUFIC BIOSCIENCES LTD.,390.45,397.35,386.55,390.50,389.85,0.17,10.80,2.77,0.15,35368,13845583.90,1567
2026-03-08 00:00:00,SCHAEFFLER,SCHAEFFLER INDIA LIMITED,4079.20,4138.40,3978.50,4069.20,4079.20,-0.25,159.90,3.92,0.00,35057,143677867.50,6461
2026-03-08 00:00:00,SAHYADRI,SAHYADRI INDUSTRIES LTD,314.00,332.85,313.75,326.90,303.60,7.67,19.10,6.08,3.43,34936,11332756.55,1778
2026-03-08 00:00:00,SUNDROP,SUNDROP BRANDS LIMITED,661.25,690.00,661.25,679.50,665.45,2.11,28.75,4.35,-0.63,34878,23372400.85,1158
2026-03-08 00:00:00,KAMATHOTEL,KAMAT HOTELS (I) LTD,166.30,171.39,166.30,170.15,166.99,1.89,5.09,3.06,-0.41,34581,5883057.90,876
2026-03-08 00:00:00,SILLYMONKS,SILLY MONKS ENTERTAIN LTD,16.16,16.16,14.91,15.13,15.62,-3.14,1.25,7.74,3.46,34567,527978.52,154
2026-03-08 00:00:00,PLASTIBLEN,PLASTIBLENDS INDIA LTD,187.01,191.80,187.01,190.61,186.14,2.40,4.79,2.56,0.47,34535,6571134.41,1281
2026-03-08 00:00:00,SHRADHA,SHRADHA REALTY LIMITED,34.19,35.25,32.70,33.86,33.86,0.00,2.55,7.46,0.97,34507,1163137.24,292
2026-03-08 00:00:00,ARMANFIN,ARMAN FIN SERV LTD,1941.00,2001.00,1941.00,1994.30,1941.00,2.75,60.00,3.09,0.00,34160,67811912.70,3251
2026-03-08 00:00:00,KSOLVES,KSOLVES INDIA LIMITED,281.55,286.80,281.55,282.80,281.50,0.46,5.25,1.86,0.02,34087,9691162.15,1448
2026-03-08 00:00:00,KRONOX,KRONOX LAB SCIENCES LTD,151.30,154.90,151.30,153.81,151.30,1.66,3.60,2.38,0.00,33807,5194110.82,1132
2026-03-08 00:00:00,OAL,ORIENTAL AROMATICS LTD,371.00,385.00,362.00,378.85,364.50,3.94,23.00,6.20,1.78,33764,12794592.10,1316
2026-03-08 00:00:00,BETA,BETA DRUGS LIMITED,2231.90,2390.00,2226.80,2353.00,2231.90,5.43,163.20,7.31,0.00,33631,78016096.40,5625
2026-03-08 00:00:00,AHLUCONT,AHLUWALIA CONT IND LTD,824.00,848.00,823.75,833.60,821.40,1.49,24.25,2.94,0.32,33625,28041933.90,4262
2026-03-08 00:00:00,RPPINFRA,R.P.P INFRA PROJECTS LTD,59.10,61.19,59.10,59.93,60.16,-0.38,2.09,3.54,-1.76,33550,2023036.12,641
2026-03-08 00:00:00,SHREECEM,SHREE CEMENT LIMITED,26150.00,27000.00,26110.00,27000.00,26055.00,3.63,890.00,3.40,0.36,33488,894951420.00,14811
2026-03-08 00:00:00,SHREEPUSHK,SHRE PUSH CHEM & FERT LTD,396.75,408.00,396.00,405.85,396.75,2.29,12.00,3.02,0.00,33426,13477138.55,1746
2026-03-08 00:00:00,NIFTYADD,DSPAMC - DSPNIFTY,259.19,260.00,257.27,258.73,256.62,0.82,2.73,1.05,1.00,33314,8623052.44,320
2026-03-08 00:00:00,GSLSU,GLOBAL SURFACES LIMITED,27.96,28.75,27.10,27.69,27.95,-0.93,1.65,5.90,0.04,33189,937446.00,415
2026-03-08 00:00:00,PRAENG,PRAJAY ENG. SYN. LTD.,20.16,20.90,20.00,20.07,20.26,-0.94,0.90,4.46,-0.49,33090,672413.99,219
2026-03-08 00:00:00,DIGIDRIVE,DIGIDRIVE DISTRIBUTORS L,17.63,18.00,17.55,17.76,17.76,0.00,0.45,2.55,-0.73,32984,582892.68,133
2026-03-08 00:00:00,KKCL,KEWAL KIRAN CLOTHING LTD,505.00,514.50,497.70,509.95,497.00,2.61,16.80,3.33,1.61,32890,16705505.25,5657
2026-03-08 00:00:00,TTKHLTCARE,TTK HEALTHCARE LIMITED,1030.00,1094.00,1030.00,1049.20,1024.50,2.41,64.00,6.21,0.54,32751,34726522.30,5877
2026-03-08 00:00:00,SURANASOL,SURANA SOLAR LIMITED,26.40,26.40,26.05,26.27,26.04,0.88,0.35,1.33,1.38,32610,856928.60,449
2026-03-08 00:00:00,ZODIAC,ZODIAC ENERGY LIMITED,270.05,271.00,253.25,256.30,251.65,1.85,17.75,6.57,7.31,32586,8429021.50,1990
2026-03-08 00:00:00,RPSGVENT,RPSG VENTURES LIMITED,931.00,964.85,931.00,952.30,935.25,1.82,33.85,3.64,-0.45,32582,30913184.40,1651
2026-03-08 00:00:00,CCHHL,COUNTRY CLUB HOSP HOL LTD,13.01,13.47,12.82,13.06,13.08,-0.15,0.65,5.00,-0.54,32135,424200.29,153
2026-03-08 00:00:00,MEIL,MANGAL ELECTRICAL IND L,293.90,295.00,286.40,289.00,284.05,1.74,8.60,2.93,3.47,32122,9341501.25,1107
2026-03-08 00:00:00,BANSWRAS,BANSWARA SYNTEX LIMITED,126.00,128.00,123.50,127.34,123.66,2.98,4.50,3.57,1.89,31778,4013829.99,560
2026-03-08 00:00:00,MSCI360,360ONEAMC - MSCI360,10.23,10.51,10.10,10.37,10.23,1.37,0.41,4.01,0.00,31339,323310.32,60
2026-03-08 00:00:00,AMJLAND,AMJ LAND HOLDINGS LIMITED,39.46,39.46,36.30,38.12,39.34,-3.10,3.16,8.01,0.31,31333,1185215.03,473
2026-03-08 00:00:00,BBTCL,B&B TRIPLEWALL CONT LTD,239.00,239.00,220.00,222.48,241.22,-7.77,19.00,7.95,-0.92,31193,7079798.15,1079
2026-03-08 00:00:00,SBGLP,SURATWWALA BUS GROUP LTD,25.44,26.99,25.00,25.55,25.44,0.43,1.99,7.82,0.00,31067,790843.60,182
2026-03-08 00:00:00,FMGOETZE,FEDERAL-MOGUL GOETZE (IND,472.25,481.00,472.25,474.45,474.35,0.02,8.75,1.85,-0.44,30889,14700033.40,1252
2026-03-08 00:00:00,JITFINFRA,JITF INFRALOGISTICS LTD,340.00,352.00,335.65,345.25,337.95,2.16,16.35,4.81,0.61,30630,10611410.30,1341
2026-03-08 00:00:00,STYLAMIND,STYLAM INDUSTRIES LIMITED,3401.60,3470.00,3385.00,3453.00,3384.30,2.03,85.00,2.50,0.51,30618,105401427.20,8178
2026-03-08 00:00:00,SMALLADD,DSPAMC - SMALLADD,18.09,18.31,18.09,18.27,18.06,1.16,0.22,1.22,0.17,30591,557737.51,169
2026-03-08 00:00:00,AKG,AKG EXIM LIMITED,10.06,10.69,9.90,10.05,9.86,1.93,0.79,7.85,2.03,30104,303892.02,118
2026-03-08 00:00:00,ABSLNN50ET,BIRLASLAMC - ABSLNN50ET,77.98,78.95,77.02,78.07,77.40,0.87,1.93,2.47,0.75,29937,2337864.55,390
2026-03-08 00:00:00,NOVARTIND,NOVARTIS INDIA LIMITED,1540.10,1651.40,1540.10,1635.70,1537.10,6.41,111.30,7.23,0.20,29922,48418822.20,2930
2026-03-08 00:00:00,CPL,CAPTAIN POLYPLAST LIMITED,71.50,72.45,70.20,70.49,71.04,-0.77,2.25,3.15,0.65,29740,2119329.71,327
2026-03-08 00:00:00,VRAJ,VRAJ IRON AND STEEL LTD,122.25,125.25,122.25,122.94,122.55,0.32,3.00,2.45,-0.24,29729,3662580.62,713
2026-03-08 00:00:00,ELECTHERM,ELECTROTHERM (I) LTD.,1010.40,1064.90,1000.00,1008.00,1007.60,0.04,64.90,6.42,0.28,29706,30513089.20,2081
2026-03-08 00:00:00,FAZE3Q,FAZE THREE LIMITED,536.95,563.75,536.95,551.25,536.95,2.66,26.80,4.99,0.00,29565,16446351.80,879
2026-03-08 00:00:00,MAHASTEEL,MAHAMAYA STEEL INDS LTD,1000.00,1035.00,975.10,1027.10,1001.25,2.58,59.90,5.99,-0.12,29414,29891163.70,1219
2026-03-08 00:00:00,SINCLAIR,SINCLAIRS HOTELS LIMITED,71.61,75.45,71.61,74.69,72.86,2.51,3.84,5.36,-1.72,29359,2182230.11,422
2026-03-08 00:00:00,THEMISMED,THEMIS MEDICARE LTD.,105.23,108.40,105.23,107.06,105.22,1.75,3.17,3.01,0.01,29219,3137019.75,858
2026-03-08 00:00:00,MUTHOOTCAP,MUTHOOT CAP SERV LTD,231.40,239.57,231.40,237.88,233.48,1.88,8.17,3.53,-0.89,29195,6918245.94,812
2026-03-08 00:00:00,CELEBRITY,CELEBRITY FASHIONS LTD,7.12,7.30,6.97,7.11,6.95,2.30,0.33,4.63,2.45,29141,207892.38,104
2026-03-08 00:00:00,NCLIND,NCL INDUSTRIES LIMITED,180.60,184.30,180.60,182.45,182.14,0.17,3.70,2.05,-0.85,28836,5266798.43,2714
2026-03-08 00:00:00,JISLDVREQS,JAIN DVR EQUITY SHARES,22.21,23.23,22.05,22.53,22.10,1.95,1.18,5.31,0.50,28796,645692.86,157
2026-03-08 00:00:00,NAHARPOLY,NAHAR POLY FILMS LIMITED,265.20,276.95,265.10,274.90,268.65,2.33,11.85,4.47,-1.28,28525,7785612.80,1260
2026-03-08 00:00:00,GMBREW,G M BREWERIES LTD,902.65,906.45,895.00,896.20,898.30,-0.23,11.45,1.27,0.48,28514,25623055.90,1648
2026-03-08 00:00:00,SUKHJITS,SUKHJIT STARCH & CHEM LTD,168.50,172.50,163.11,164.66,164.60,0.04,9.39,5.57,2.37,28382,4787967.94,677
2026-03-08 00:00:00,BBL,BHARAT BIJLEE LTD,2539.00,2586.60,2535.00,2564.50,2524.40,1.59,51.60,2.03,0.58,28315,72743954.70,3842
2026-03-08 00:00:00,MOMENTUM30,KOTAKMAMC - MOMENTUM30,30.48,30.85,30.32,30.60,30.63,-0.10,0.53,1.74,-0.49,28217,867665.21,90
2026-03-08 00:00:00,FOODSIN,FOODS & INNS LIMITED,55.16,55.16,54.01,54.33,54.61,-0.51,1.15,2.08,1.01,28155,1539970.87,599
2026-03-08 00:00:00,METROBRAND,METRO BRANDS LIMITED,1036.60,1043.30,1027.00,1034.90,1036.60,-0.16,16.30,1.57,0.00,28132,29131440.90,3623
2026-03-08 00:00:00,TGBHOTELS,TGB BANQUETS&HOTELS LTD,9.47,9.62,9.00,9.27,9.38,-1.17,0.62,6.55,0.96,28089,260467.57,119
2026-03-08 00:00:00,DEVIT,DEV INFO TECHNOLOGY LTD,27.30,27.49,26.81,27.12,27.03,0.33,0.68,2.49,1.00,27764,754471.50,221
2026-03-08 00:00:00,ULTRAMAR,ULTRAMARINE & PIGMENTS L,394.90,394.90,382.35,385.20,387.25,-0.53,12.55,3.18,1.98,27753,10705480.25,1946
2026-03-08 00:00:00,PRUDENT,PRUDENT CORP ADV SER LTD,3319.80,3385.10,3270.10,3359.20,3292.00,2.04,115.00,3.46,0.84,27698,92074857.80,6005
2026-03-08 00:00:00,TRIGYN,TRIGYN TECHNOLOGIES LTD,55.00,55.44,53.72,54.89,53.72,2.18,1.72,3.13,2.38,27576,1500658.91,643
2026-03-08 00:00:00,HALDER,HALDER VENTURE LIMITED,240.44,260.00,240.44,255.00,247.11,3.19,19.56,8.14,-2.70,27523,6841548.91,319
2026-03-08 00:00:00,ENERGYDEV,ENERGY DEVE. CO.LTD,16.75,17.41,16.75,16.77,16.72,0.30,0.66,3.94,0.18,27320,459752.62,271
2026-03-08 00:00:00,BAYERCROP,BAYER CROPSCIENCE LTD,4270.00,4324.00,4255.80,4303.30,4234.40,1.63,68.20,1.60,0.84,27279,117213678.70,5305
2026-03-08 00:00:00,SURAKSHA,SURAKSHA DIAGNOSTIC LTD,253.00,259.50,251.15,252.10,252.15,-0.02,8.35,3.30,0.34,27179,6949312.30,1626
2026-03-08 00:00:00,ROSSELLIND,ROSSELL INDIA LIMITED,59.79,60.40,57.71,58.74,57.55,2.07,2.69,4.50,3.89,26997,1596855.85,382
2026-03-08 00:00:00,HAVISHA,SRI HAVISHA HOSP & INFR L,1.37,1.37,1.29,1.32,1.28,3.13,0.08,5.84,7.03,26883,35937.79,107
2026-03-08 00:00:00,MODIS,MODIS NAVNIRMAN LTD,397.00,410.00,394.75,398.55,393.15,1.37,15.25,3.84,0.98,26859,10766698.10,860
2026-03-08 00:00:00,MOALPHA50,MOTILALAMC - MOALPHA50,55.17,55.50,53.39,54.39,55.23,-1.52,2.11,3.82,-0.11,26515,1440711.40,351
2026-03-08 00:00:00,SHILCTECH,SHILCHAR TECHNOLOGIES LTD,4582.00,4735.00,4582.00,4682.50,4580.50,2.23,153.00,3.34,0.03,25924,120969112.90,6884
2026-03-08 00:00:00,GILLETTE,GILLETTE INDIA LTD,7624.00,7776.00,7624.00,7719.00,7624.00,1.25,152.00,1.99,0.00,25853,199577035.00,7507
2026-03-08 00:00:00,GUJAPOLLO,GUJ. APOLLO IND. LTD.,385.00,385.00,346.15,364.00,344.35,5.71,38.85,10.09,11.80,25548,9369235.60,1217
2026-03-08 00:00:00,DCMFINSERV,DCM FINANCIAL SERVICES LT,5.05,5.59,4.70,4.94,5.22,-5.36,0.89,17.62,-3.26,25466,125533.97,131
2026-03-08 00:00:00,HGS,HINDUJA GLOBAL SOLS. LTD.,422.90,435.90,422.90,430.55,422.90,1.81,13.00,3.07,0.00,25443,10958051.80,1424
2026-03-08 00:00:00,INTENTECH,INTENSE TECHNOLOGIES LTD,82.50,85.87,82.50,83.07,83.32,-0.30,3.37,4.08,-0.98,25387,2132225.31,787
2026-03-08 00:00:00,ASALCBR,ASSO ALCOHOLS & BREW LTD,765.00,793.15,765.00,777.85,763.25,1.91,28.15,3.68,0.23,25180,19696672.65,2174
2026-03-08 00:00:00,KOTIC,KOTHARI INDUSTRIAL CORP L,161.41,165.18,152.35,155.65,158.82,-2.00,12.83,7.95,1.63,25135,3957785.97,690
2026-03-08 00:00:00,DIVGIITTS,DIVGI TORQTRANSFER SYST L,984.85,986.95,960.45,975.60,962.75,1.33,26.50,2.69,2.30,25072,24467978.25,2465
2026-03-08 00:00:00,NPST,NETWORK PEOPLE SRV TECH L,1560.00,1560.00,1505.00,1523.00,1525.60,-0.17,55.00,3.53,2.25,25007,38239804.90,2052
2026-03-08 00:00:00,RATNAMANI,RATNAMANI MET & TUB LTD.,2373.00,2424.30,2358.90,2371.80,2358.90,0.55,65.40,2.76,0.60,24944,59634664.90,5626
2026-03-08 00:00:00,SKFINDUS,SKF IND (INDUSTRIAL) LTD,2780.00,2788.20,2679.90,2697.70,2739.90,-1.54,108.30,3.90,1.46,24922,68077485.10,6854
2026-03-08 00:00:00,VADILALIND,VADILAL INDUSTRIES LTD,7214.50,7478.50,7211.00,7356.50,7214.50,1.97,267.50,3.71,0.00,24838,183102218.00,7167
2026-03-08 00:00:00,LAGNAM,LAGNAM SPINTEX LIMITED,85.80,89.50,85.00,88.44,86.34,2.43,4.50,5.24,-0.63,24808,2174657.70,223
2026-03-08 00:00:00,MOSERVICE,MOTILALAMC - MOSERVICE,31.61,31.86,31.59,31.77,31.49,0.89,0.27,0.85,0.38,24792,788004.29,51
2026-03-08 00:00:00,LIKHITHA,LIKHITHA INFRASTRUC LTD,222.00,228.43,222.00,226.10,220.80,2.40,6.43,2.90,0.54,24746,5583449.26,776
2026-03-08 00:00:00,GALAPREC,GALA PRECISION ENG LTD,1100.90,1120.60,1067.60,1090.50,1093.90,-0.31,53.00,4.81,0.64,24656,27149641.10,2935
2026-03-08 00:00:00,BPL,BPL LTD,53.90,54.95,53.90,54.49,53.33,2.18,1.05,1.95,1.07,24580,1338220.32,609
2026-03-08 00:00:00,LOVABLE,LOVABLE LINGERIE LTD,72.00,74.90,71.07,73.93,71.44,3.49,3.83,5.32,0.78,24559,1809050.06,480
2026-03-08 00:00:00,SCHAND,S CHAND AND COMPANY LTD,146.00,146.61,143.04,144.70,142.74,1.37,3.57,2.45,2.28,24392,3535452.78,991
2026-03-08 00:00:00,BELLACASA,BELLA CASA FASH AND RET L,242.00,254.99,238.10,246.04,237.40,3.64,16.89,6.98,1.94,24355,6027369.75,967
2026-03-08 00:00:00,AURUS,AURUS GEM CORP LIMITED,4.55,4.75,4.50,4.61,4.54,1.54,0.25,5.49,0.22,24301,111295.55,110
2026-03-08 00:00:00,BORANA,BORANA WEAVES LIMITED,324.65,334.00,317.25,318.85,324.65,-1.79,16.75,5.16,0.00,24131,7775499.00,573
2026-03-08 00:00:00,BAIDFIN,BAID FINSERV LIMITED,9.89,10.10,9.89,10.01,9.81,2.04,0.21,2.12,0.82,24127,240973.55,192
2026-03-08 00:00:00,BAJAJST,BAJAJ STEEL INDS. LTD.,396.40,403.30,382.20,385.55,396.40,-2.74,21.10,5.32,0.00,24121,9402849.60,1454
2026-03-08 00:00:00,INFRA,MIRAEAMC - INFRA,12.15,12.28,12.15,12.25,12.14,0.91,0.13,1.07,0.08,23976,293292.60,206
2026-03-08 00:00:00,WSI,W.S.INDUSTRIES (I) LTD.,60.69,61.34,60.21,60.51,60.90,-0.64,1.13,1.86,-0.34,23812,1446289.09,264
2026-03-08 00:00:00,DGCONTENT,DIGICONTENT LIMITED,24.98,25.29,23.62,23.84,23.96,-0.50,1.67,6.69,4.26,23800,577348.32,145
2026-03-08 00:00:00,ORIENTCER,ORIENT CERATECH LIMITED,41.70,41.70,40.72,41.00,40.97,0.07,0.98,2.35,1.78,23646,975412.70,301
2026-03-08 00:00:00,LICNMID100,LICNAMC - LICNMID100,63.79,64.07,63.26,63.80,63.24,0.89,0.81,1.27,0.87,23633,1510289.96,139
2026-03-08 00:00:00,CONTROLPR,CONTROL PRINT LIMITED,571.05,577.00,570.05,571.45,572.50,-0.18,6.95,1.22,-0.25,23627,13540399.15,2236
2026-03-08 00:00:00,WPIL,W P I L LTD.,467.00,467.00,452.35,455.95,464.30,-1.80,14.65,3.14,0.58,23460,10787407.10,2187
2026-03-08 00:00:00,ATUL,ATUL LTD,6765.00,6872.00,6756.50,6777.00,6736.50,0.60,115.50,1.71,0.42,23390,159198451.00,6125
2026-03-08 00:00:00,DRCSYSTEMS,DRC SYSTEMS INDIA LIMITED,13.21,13.63,13.15,13.57,13.12,3.43,0.48,3.63,0.69,23317,311929.48,240
2026-03-08 00:00:00,SRTL,SHREE RAM TWISTEX LIMITED,41.00,41.00,40.10,40.22,40.55,-0.81,0.90,2.20,1.11,23191,936218.49,284
2026-03-08 00:00:00,ALICON,ALICON CASTALLOY LIMITED,679.95,724.90,661.20,702.75,672.35,4.52,63.70,9.37,1.13,23053,16159543.05,1817
2026-03-08 00:00:00,ENIL,ENTERTAIN NET. IND. LTD.,108.00,112.99,107.52,108.81,108.00,0.75,5.47,5.06,0.00,22979,2525583.65,654
2026-03-08 00:00:00,SOLEX,SOLEX ENERGY LIMITED,911.00,949.50,911.00,946.80,910.80,3.95,38.50,4.23,0.02,22853,21287107.75,2459
2026-03-08 00:00:00,AMBIKCO,AMBIKA COTTON MILL LTD.,1711.80,1788.00,1711.80,1778.90,1711.80,3.92,76.20,4.45,0.00,22628,40069453.30,2000
2026-03-08 00:00:00,NESCO,NESCO LTD.,1080.00,1089.00,1065.20,1073.40,1064.80,0.81,23.80,2.20,1.43,22505,24290461.30,3303
2026-03-08 00:00:00,NIBL,NRB INDUS. BEARINGS LTD.,34.69,35.69,34.55,35.09,33.87,3.60,1.14,3.29,2.42,22502,789778.13,331
2026-03-08 00:00:00,BVCL,BARAK VALLEY CEM. LTD.,42.42,42.42,39.25,40.61,41.20,-1.43,3.17,7.47,2.96,22305,902740.38,227
2026-03-08 00:00:00,SIL,STANDARD INDUSTRIES LTD.,16.89,17.08,16.33,16.95,16.77,1.07,0.75,4.44,0.72,22031,371300.99,409
2026-03-08 00:00:00,FINEORG,FINE ORGANIC IND. LTD.,4800.00,4989.60,4768.60,4933.70,4816.50,2.43,221.00,4.60,-0.34,21917,107946409.00,7197
2026-03-08 00:00:00,SAMBHAAV,SAMBHAAV MEDIA LTD,6.55,6.82,6.39,6.58,6.36,3.46,0.43,6.56,2.99,21777,143073.96,65
2026-03-08 00:00:00,AARON,AARON INDUSTRIES LIMITED,133.50,136.75,130.00,131.60,135.81,-3.10,6.75,5.06,-1.70,21709,2885009.16,780
2026-03-08 00:00:00,EIMCOELECO,EIMCO ELECON (INDIA) LTD,1793.00,1874.50,1785.50,1837.80,1780.80,3.20,89.00,4.96,0.69,21467,39165379.30,2585
2026-03-08 00:00:00,ABSL10BANK,BIRLASLAMC - ABSL10BANK,170.30,179.98,170.30,171.95,170.30,0.97,9.68,5.68,0.00,21450,3686441.46,207
2026-03-08 00:00:00,SIKA,SIKA INTERPLANT SYSTEMS L,1101.70,1141.60,1100.00,1124.10,1115.70,0.75,41.60,3.78,-1.25,21437,24156328.50,2263
2026-03-08 00:00:00,HEALTHX,HEALTH X PLATFORM LIMITED,307.95,319.45,307.95,315.00,307.95,2.29,11.50,3.73,0.00,21093,6624740.65,401
2026-03-08 00:00:00,GRINDWELL,GRINDWELL NORTON LIMITED,2130.90,2146.20,2061.00,2087.80,2120.20,-1.53,85.20,4.00,0.50,21035,44260379.50,5322
2026-03-08 00:00:00,THEJO,THEJO ENGINEERING LIMITED,2135.00,2189.50,2098.10,2169.10,2108.70,2.86,91.40,4.28,1.25,21034,45282926.30,2976
2026-03-08 00:00:00,MANGALAM,MANGALAM DRUG & CHEM LTD,27.66,27.99,26.80,26.98,27.11,-0.48,1.19,4.30,2.03,20871,566124.00,198
2026-03-08 00:00:00,MAHSCOOTER,MAHARASHTRA SCOOTERS LTD,13149.00,14099.00,13013.00,13937.00,13009.00,7.13,1086.00,8.26,1.08,20823,285531084.00,7296
2026-03-08 00:00:00,TVVISION,TV VISION LIMITED,4.88,4.88,4.50,4.72,4.56,3.51,0.38,7.79,7.02,20790,96883.74,78
2026-03-08 00:00:00,AROGRANITE,ARO GRANITE IND. LTD.,25.50,25.79,24.90,25.16,25.44,-1.10,0.89,3.49,0.24,20710,521216.20,124
2026-03-08 00:00:00,SANGAMIND,SANGAM (INDIA) LTD,620.00,622.60,602.80,609.50,609.90,-0.07,19.80,3.19,1.66,20611,12620326.15,1733
2026-03-08 00:00:00,THOMASCOTT,THOMAS SCOTT (INDIA) LTD,298.45,322.00,298.30,311.25,298.45,4.29,23.70,7.94,0.00,20575,6298858.05,771
2026-03-08 00:00:00,JAYSREETEA,JAYSHREE TEA & INDUSTRIES,82.90,84.15,82.48,83.27,81.96,1.60,1.67,2.01,1.15,20508,1707639.74,348
2026-03-08 00:00:00,DHARMAJ,DHARMAJ CROP GUARD LTD,270.40,272.50,267.75,269.85,267.85,0.75,4.75,1.76,0.95,20508,5535645.55,893
2026-03-08 00:00:00,LEXUS,LEXUS GRANITO (INDIA) LTD,14.45,15.20,14.45,14.64,14.66,-0.14,0.75,5.19,-1.43,20296,298236.79,104
2026-03-08 00:00:00,TAINWALCHM,TAINWALA CHEMICAL AND PLA,195.01,217.80,195.01,206.82,197.14,4.91,22.79,11.69,-1.08,20128,4258196.68,915
2026-03-08 00:00:00,RACLGEAR,RACL GEARTECH LIMITED,1260.00,1295.00,1260.00,1291.30,1262.30,2.30,35.00,2.78,-0.18,19888,25522977.90,1979
2026-03-08 00:00:00,BHARATRAS,BHARAT RASAYAN LTD,1286.00,1349.90,1280.30,1337.20,1280.30,4.44,69.60,5.41,0.45,19868,26338895.60,1992
2026-03-08 00:00:00,INDBANK,INDBANK MERCH BANK,32.26,32.84,32.26,32.49,32.35,0.43,0.58,1.80,-0.28,19689,640613.96,284
2026-03-08 00:00:00,DYNPRO,DYNEMIC PRODUCTS LIMITED,275.00,275.00,260.60,264.20,263.12,0.41,14.40,5.24,4.52,19622,5222546.15,547
2026-03-08 00:00:00,SOMATEX,SOMA TEXTILES & INDUST LT,99.50,99.76,95.00,95.64,98.82,-3.22,4.76,4.78,0.69,19383,1864476.35,288
2026-03-08 00:00:00,IRIS,IRIS REGTECH SOLUTION LTD,252.00,263.97,249.80,254.52,248.20,2.55,14.17,5.62,1.53,19353,4931987.82,615
2026-03-08 00:00:00,LUXIND,LUX INDUSTRIES LIMITED,1258.00,1270.00,1248.00,1260.00,1247.60,0.99,22.00,1.75,0.83,19126,24104109.60,1578
2026-03-08 00:00:00,SAMPANN,SAMPANN UTPADAN INDIA LTD,26.82,27.69,26.82,27.14,26.56,2.18,0.87,3.24,0.98,19084,522897.90,113
2026-03-08 00:00:00,HGM,HANDSON GBL MNGMNT LTD,52.70,52.70,48.50,49.45,50.31,-1.71,4.20,7.97,4.75,18981,932759.90,107
2026-03-08 00:00:00,VENTIVE,VENTIVE HOSPITALITY LTD,634.00,634.00,616.00,622.25,624.60,-0.38,18.00,2.84,1.50,18953,11825515.10,1456
2026-03-08 00:00:00,HATSUN,HATSUN AGRO PRODUCT LTD.,877.00,894.45,877.00,884.80,885.40,-0.07,17.45,1.99,-0.95,18783,16597051.60,1691
2026-03-08 00:00:00,SINGERIND,SINGER INDIA LIMITED,65.98,66.43,64.55,64.90,64.78,0.19,1.88,2.85,1.85,18711,1220889.40,227
2026-03-08 00:00:00,TEXMOPIPES,TEXMO PIPE & PRODUCTS LTD,43.09,43.85,42.76,42.99,42.88,0.26,1.09,2.53,0.49,18526,798948.97,193
2026-03-08 00:00:00,CAPITALSFB,CAPITAL SMALL FIN BANK L,292.00,298.90,292.00,295.65,291.70,1.35,6.90,2.36,0.10,18503,5456287.75,691
2026-03-08 00:00:00,RKDL,RAVI KUMAR DIST. LTD.,19.80,19.80,18.50,19.14,19.74,-3.04,1.30,6.57,0.30,18391,347577.93,199
2026-03-08 00:00:00,NDRAUTO,NDR AUTO COMPONENTS LTD,818.00,835.55,817.55,824.65,817.55,0.87,18.00,2.20,0.06,18333,15152674.25,1505
2026-03-08 00:00:00,GTPL,GTPL HATHWAY LIMITED,61.35,61.35,59.66,59.95,59.90,0.08,1.69,2.75,2.42,18323,1099580.73,254
2026-03-08 00:00:00,MVGJL,MANOJ VAIBHAV GEM N JEW L,168.30,172.89,167.62,170.70,168.14,1.52,5.27,3.13,0.10,18255,3117547.39,536
2026-03-08 00:00:00,INNOVACAP,INNOVA CAPTAB LIMITED,975.00,975.85,945.20,956.40,974.25,-1.83,30.65,3.14,0.08,18202,17541478.05,2970
2026-03-08 00:00:00,NGLFINE,NGL FINE CHEM LIMITED,3299.00,3448.20,3200.10,3292.80,3260.30,1.00,248.10,7.52,1.19,18024,60611108.10,3891
2026-03-08 00:00:00,BLAL,BEML LAND ASSETS LIMITED,172.75,176.20,172.75,174.62,172.75,1.08,3.45,2.00,0.00,17946,3134002.45,387
2026-03-08 00:00:00,GRINFRA,G R INFRAPROJECTS LIMITED,885.10,915.00,885.10,907.00,884.10,2.59,29.90,3.38,0.11,17876,16160847.75,1921
2026-03-08 00:00:00,GALAXYSURF,GALAXY SURFACTANTS LTD,1950.90,2026.70,1950.90,1988.80,1944.50,2.28,75.80,3.89,0.33,17874,35656017.30,3257
2026-03-08 00:00:00,DYNAMATECH,DYNAMATIC TECHNOLOGIES,10356.00,10985.00,10356.00,10763.00,10339.00,4.10,629.00,6.07,0.16,17854,193358322.00,6555
2026-03-08 00:00:00,GLOBALVECT,GLOBAL VEC HELICORP LTD,177.90,177.90,163.95,165.10,165.13,-0.02,13.95,7.84,7.73,17703,3005657.87,568
2026-03-08 00:00:00,HDFCLOWVOL,HDFCAMC - HDFCLOWVOL,21.49,21.49,21.06,21.20,21.10,0.47,0.43,2.00,1.85,17547,373111.59,136
2026-03-08 00:00:00,ORICONENT,ORICON ENTERPRISES LTD,54.88,54.88,53.51,54.24,53.79,0.84,1.37,2.50,2.03,16899,919004.51,211
2026-03-08 00:00:00,HINDCON,HINDCON CHEMICALS LIMITED,24.44,24.44,23.06,23.15,24.03,-3.66,1.38,5.65,1.71,16892,398755.10,310
2026-03-08 00:00:00,KENNAMET,KENNAMETAL INDIA LIMITED,2888.00,2987.00,2851.30,2907.50,2821.40,3.05,135.70,4.70,2.36,16803,49075084.30,2206
2026-03-08 00:00:00,JINDALPOLY,JINDAL POLY FILMS LIMITED,642.00,642.00,622.00,625.00,633.30,-1.31,20.00,3.12,1.37,16801,10549497.25,1376
2026-03-08 00:00:00,5PAISA,5PAISA CAPITAL LIMITED,353.75,356.20,350.40,353.25,348.60,1.33,5.80,1.64,1.48,16751,5929099.70,834
2026-03-08 00:00:00,ARVSMART,ARVIND SMARTSPACES LTD,595.90,604.45,595.90,600.65,592.55,1.37,8.55,1.43,0.57,16680,9995800.25,868
2026-03-08 00:00:00,USK,UDAYSHIVAKUMAR INFRA LTD,22.10,22.89,21.75,22.43,22.25,0.81,1.14,5.16,-0.67,16660,373348.40,148
2026-03-08 00:00:00,AAATECH,AAA TECHNOLOGIES LIMITED,89.38,91.45,88.00,90.60,89.38,1.36,3.45,3.86,0.00,16635,1497862.38,837
2026-03-08 00:00:00,ALLDIGI,ALLDIGI TECH LIMITED,815.70,816.95,792.00,814.40,812.70,0.21,24.95,3.06,0.37,16603,13440449.55,1216
2026-03-08 00:00:00,FRONTSP,FRONTIER SPRINGS LTD.,1363.90,1390.00,1354.60,1381.40,1349.30,2.38,35.40,2.60,1.08,16587,22759908.20,2295
2026-03-08 00:00:00,ANMOL,ANMOL INDIA LIMITED,10.00,10.20,9.96,10.01,10.12,-1.09,0.24,2.40,-1.19,16537,166573.95,141
2026-03-08 00:00:00,MSCIADD,DSPAMC - MSCIADD,30.01,30.21,30.01,30.07,29.96,0.37,0.20,0.67,0.17,16332,491556.52,18
2026-03-08 00:00:00,VGL,VARVEE GLOBAL LIMITED,62.20,62.90,60.60,61.70,62.20,-0.80,2.30,3.70,0.00,16310,1011714.85,591
2026-03-08 00:00:00,BANG,BANG OVERSEAS LTD.,30.10,31.25,29.30,30.27,29.57,2.37,1.95,6.48,1.79,16281,486831.34,121
2026-03-08 00:00:00,MATRIMONY,MATRIMONY.COM LIMITED,432.00,444.00,429.00,430.95,437.00,-1.38,15.00,3.47,-1.14,16227,7023661.60,665
2026-03-08 00:00:00,DIGJAMLMTD,DIGJAM LTD,49.01,50.00,47.03,48.59,48.95,-0.74,2.97,6.06,0.12,16187,793381.81,114
2026-03-08 00:00:00,BALKRISHNA,BALKRISHNA PAPER MILLS L,17.25,18.25,17.25,18.05,17.24,4.70,1.00,5.80,0.06,16164,288837.41,98
2026-03-08 00:00:00,PGHH,P&G HYGIENE & HEALTH CARE,8644.50,8700.00,8582.00,8649.00,8594.00,0.64,118.00,1.37,0.59,16117,139331577.00,3606
2026-03-08 00:00:00,HEADSUP,HEADS UP VENTURES LIMITED,6.98,6.98,6.53,6.79,6.53,3.98,0.45,6.45,6.89,16070,109749.01,65
2026-03-08 00:00:00,CPEDU,CAREER POINT EDUTECH LTD,208.00,215.10,202.60,207.48,208.81,-0.64,12.50,6.01,-0.39,16046,3381896.05,455
2026-03-08 00:00:00,LINC,LINC LIMITED,102.30,103.00,100.22,101.64,102.19,-0.54,2.78,2.72,0.11,16037,1633925.19,437
2026-03-08 00:00:00,BANKPSU,MIRAEAMC - BANKPSU,82.60,86.14,82.60,85.33,84.51,0.97,3.54,4.29,-2.26,16035,1370540.70,197
2026-03-08 00:00:00,AHLADA,AHLADA ENGINEERS LIMITED,37.94,37.94,36.00,36.38,36.96,-1.57,1.94,5.11,2.65,15998,589041.81,148
2026-03-08 00:00:00,MAHEPC,MAHINDRA EPC IRRIG LTD,106.80,108.18,106.21,107.76,106.66,1.03,1.97,1.84,0.13,15937,1709575.34,489
2026-03-08 00:00:00,CREST,CREST VENTURES LIMITED,376.55,395.00,372.10,389.70,376.20,3.59,22.90,6.08,0.09,15908,6138030.20,584
2026-03-08 00:00:00,PVTBANK,KOTAKMAMC - PVTBANK,27.72,27.92,27.50,27.86,27.50,1.31,0.42,1.52,0.80,15780,438136.77,25
2026-03-08 00:00:00,COMPUSOFT,COMPUCOM SOFTWARE LTD,13.43,13.67,13.32,13.40,13.43,-0.22,0.35,2.61,0.00,15772,211833.38,174
2026-03-08 00:00:00,LAXMICOT,LAXMI COTSPIN LIMITED,14.49,15.58,14.49,14.63,14.49,0.97,1.09,7.52,0.00,15770,235509.97,157
2026-03-08 00:00:00,SUYOG,SUYOG TELEMATICS LIMITED,875.00,883.10,858.20,865.70,866.25,-0.06,24.90,2.85,1.01,15733,13737823.75,1092
2026-03-08 00:00:00,THEINVEST,THE INVEST TRUST OF IND L,100.66,101.99,98.79,101.23,97.61,3.71,3.20,3.18,3.12,15629,1575485.14,213
2026-03-08 00:00:00,VLSFINANCE,VLS FINANCE LTD,255.05,256.80,253.60,254.65,254.60,0.02,3.20,1.25,0.18,15584,3980530.50,304
2026-03-08 00:00:00,KSL,KALYANI STEELS LIMITED,889.00,889.70,875.05,886.50,874.05,1.42,14.65,1.65,1.71,15557,13715628.65,1538
2026-03-08 00:00:00,CSLFINANCE,CSL FINANCE LIMITED,214.99,225.99,212.02,219.78,212.96,3.20,13.97,6.50,0.95,15488,3368819.17,288
2026-03-08 00:00:00,ASHOKAMET,ASHOKA METCAST LIMITED,14.18,14.50,14.18,14.19,14.18,0.07,0.32,2.26,0.00,15401,219076.79,99
2026-03-08 00:00:00,ATLANTAA,ATLANTAA LIMITED,35.10,35.70,34.56,35.20,35.10,0.28,1.14,3.25,0.00,15290,538485.43,336
2026-03-08 00:00:00,DENORA,DE NORA INDIA LIMITED,906.40,935.30,870.60,891.05,906.40,-1.69,64.70,7.14,0.00,15207,13760732.60,1122
2026-03-08 00:00:00,SINTERCOM,SINTERCOM INDIA LIMITED,83.00,87.00,83.00,86.99,83.69,3.94,4.00,4.82,-0.82,15200,1288793.82,71
2026-03-08 00:00:00,MEDICAMEQ,MEDICAMEN BIOTECH LIMITED,238.00,242.22,233.00,240.02,234.55,2.33,9.22,3.87,1.47,15083,3574312.04,507
2026-03-08 00:00:00,BALPHARMA,BAL PHARMA LTD.,88.40,90.59,88.00,89.49,88.09,1.59,2.59,2.93,0.35,14911,1331366.16,349
2026-03-08 00:00:00,BOSCHLTD,BOSCH LIMITED,41325.00,41600.00,41105.00,41300.00,41085.00,0.52,495.00,1.20,0.58,14910,616401000.00,6149
2026-03-08 00:00:00,PNC,PRITISH NANDY COMMUNICATI,19.55,21.45,19.23,20.37,19.55,4.19,2.22,11.36,0.00,14848,303123.50,263
2026-03-08 00:00:00,PUNJABCHEM,PUNJAB CHEM & CROP PROT L,1180.00,1180.00,1145.00,1151.90,1143.80,0.71,35.00,2.97,3.16,14842,17195669.50,1769
2026-03-08 00:00:00,AYMSYNTEX,AYM SYNTEX LIMITED,251.00,259.90,248.00,251.60,251.81,-0.08,11.90,4.74,-0.32,14782,3725819.20,1200
2026-03-08 00:00:00,VASWANI,VASWANI IND LTD,52.01,52.98,51.62,51.81,51.58,0.45,1.36,2.61,0.83,14751,769441.19,182
2026-03-08 00:00:00,BI,BILCARE LTD.,59.07,62.50,59.07,61.83,58.89,4.99,3.43,5.81,0.31,14711,904152.92,227
2026-03-08 00:00:00,SECURKLOUD,SECUREKLOUD TECH LIMITED,18.00,18.00,17.52,17.83,18.07,-1.33,0.48,2.67,-0.39,14675,261048.24,110
2026-03-08 00:00:00,BASF,BASF INDIA LTD,3652.00,3750.00,3652.00,3729.70,3633.80,2.64,98.00,2.68,0.50,14660,54637336.20,2829
2026-03-08 00:00:00,RPGLIFE,RPG LIFE SCIENCES LTD,2780.00,2819.50,2727.30,2756.80,2768.20,-0.41,92.20,3.32,0.43,14650,40741839.00,2281
2026-03-08 00:00:00,SWELECTES,SWELECT ENERGY SYS LTD,595.95,616.40,595.95,613.50,594.30,3.23,20.45,3.43,0.28,14607,8895240.85,1188
2026-03-08 00:00:00,LINCOLN,LINCOLN PHARMA LTD,578.90,592.80,578.00,580.75,577.15,0.62,14.80,2.56,0.30,14502,8475116.20,765
2026-03-08 00:00:00,ANUP,THE ANUP ENGINEERING LTD,2173.10,2199.90,2151.50,2175.40,2172.90,0.12,48.40,2.23,0.01,14483,31651936.50,3047
2026-03-08 00:00:00,LIBERTSHOE,LIBERTY SHOES LTD,264.25,265.00,260.05,261.90,260.40,0.58,4.95,1.87,1.48,14474,3805908.45,757
2026-03-08 00:00:00,AMDIND,AMD INDUSTRIES LIMITED,46.99,47.99,46.43,47.52,46.43,2.35,1.56,3.32,1.21,14397,679765.22,145
2026-03-08 00:00:00,LOTUSEYE,LOTUS EYE HOSP & INST L,122.00,122.00,116.30,117.46,117.51,-0.04,5.70,4.67,3.82,14327,1690445.69,425
2026-03-08 00:00:00,EXCELINDUS,EXCEL INDUSTRIES LTD,991.20,1041.10,987.05,1021.70,986.30,3.59,54.05,5.45,0.50,14306,14456091.90,770
2026-03-08 00:00:00,EIHAHOTELS,EIH ASSOCIATED HOTELS LTD,313.00,317.00,309.20,312.55,309.95,0.84,7.80,2.49,0.98,14302,4492678.00,736
2026-03-08 00:00:00,ROHLTD,ROYAL ORCHID HOTELS LTD,316.30,317.60,312.65,313.80,312.85,0.30,4.95,1.56,1.10,14282,4498934.25,500
2026-03-08 00:00:00,INNOVISION,INNOVISION LIMITED,284.10,288.00,283.60,285.75,285.50,0.09,4.40,1.55,-0.49,14255,4077766.85,577
2026-03-08 00:00:00,NAHARINDUS,NAHAR INDS ENT LTD,113.20,119.50,112.64,118.15,113.31,4.27,6.86,6.06,-0.10,14251,1673641.31,261
2026-03-08 00:00:00,PVTBKGROWW,GROWWAMC - PVTBKGROWW,27.84,27.94,27.51,27.79,27.50,1.05,0.43,1.54,1.24,14226,395548.56,186
2026-03-08 00:00:00,BOHRAIND,BOHRA INDUSTRIES LIMITED,14.96,15.29,14.10,15.00,14.67,2.25,1.19,7.95,1.98,14199,206614.32,79
2026-03-08 00:00:00,NAGREEKCAP,NAGREEKA CAP & INFR.LTD,23.35,23.99,22.81,22.89,23.35,-1.97,1.18,5.05,0.00,14150,329920.29,96
2026-03-08 00:00:00,LIBAS,LIBAS CONSU PRODUCTS LTD,10.43,10.43,9.71,10.09,10.07,0.20,0.72,6.90,3.57,14102,142089.65,94
2026-03-08 00:00:00,SPECIALITY,SPECIALITY REST LTD,135.32,135.32,132.01,132.12,133.14,-0.77,3.31,2.45,1.64,14057,1874165.16,295
2026-03-08 00:00:00,BALAXI,BALAXI PHARMA LTD,23.67,24.75,23.67,24.00,23.90,0.42,1.08,4.56,-0.96,13887,333580.10,120
2026-03-08 00:00:00,BEARDSELL,BEARDSELL LIMITED,26.85,27.76,26.85,27.50,26.85,2.42,0.91,3.39,0.00,13877,378993.25,105
2026-03-08 00:00:00,SHANTIGEAR,SHANTHI GEARS LTD,414.80,421.05,413.00,415.00,412.30,0.65,8.05,1.94,0.61,13852,5785117.20,739
2026-03-08 00:00:00,VSTL,VIBHOR STEEL TUBES LTD,110.90,112.33,109.00,109.81,110.87,-0.96,3.33,3.00,0.03,13699,1507788.24,287
2026-03-08 00:00:00,NIFTYAXIS,AXISAMC-NIFTYAXIS,271.39,272.20,270.73,271.85,269.30,0.95,1.47,0.54,0.78,13577,3688517.12,622
2026-03-08 00:00:00,ASTRAZEN,ASTRAZENECA PHARMA IND LT,8250.00,8510.00,8180.00,8300.00,8100.00,2.47,330.00,4.00,1.85,13555,113207271.50,4568
2026-03-08 00:00:00,ASAL,AUTOMOTIVE STAMPINGS & AS,501.90,510.00,501.90,507.85,500.20,1.53,8.10,1.61,0.34,13492,6833570.20,1050
2026-03-08 00:00:00,EQUAL200,MIRAEAMC - EQUAL200,14.04,14.12,13.99,14.08,13.91,1.22,0.13,0.93,0.93,13473,189712.44,93
2026-03-08 00:00:00,RVHL,RAVINDER HEIGHTS LIMITED,45.80,46.47,45.00,45.97,44.93,2.31,1.47,3.21,1.94,13469,616851.35,79
2026-03-08 00:00:00,ALPA,ALPA LABORATORIES LTD,67.55,68.25,66.15,66.66,66.84,-0.27,2.10,3.11,1.06,13453,903046.57,309
2026-03-08 00:00:00,MOMNC,MOTILALAMC - MOMNC,33.92,34.00,33.03,33.47,32.93,1.64,0.97,2.86,3.01,13398,446568.94,39
2026-03-08 00:00:00,ICEMAKE,ICE MAKE REFRIGERAT LTD,827.00,840.00,822.00,825.25,831.35,-0.73,18.00,2.18,-0.52,13373,11085362.50,1349
2026-03-08 00:00:00,INFOMEDIA,INFOMEDIA PRESS LIMITED,5.45,5.70,5.13,5.38,5.43,-0.92,0.57,10.46,0.37,13289,72398.30,79
2026-03-08 00:00:00,PIONEEREMB,PIONEER EMBROIDERIES LTD,25.50,25.98,24.75,25.61,25.26,1.39,1.23,4.82,0.95,13245,338239.37,113
2026-03-08 00:00:00,CREATIVEYE,CREATIVE EYE LIMITED,6.10,6.72,6.10,6.20,6.24,-0.64,0.62,10.16,-2.24,13205,82576.94,77
2026-03-08 00:00:00,JSWDULUX,JSW DULUX LIMITED,2938.80,3035.00,2938.80,3015.50,2938.80,2.61,96.20,3.27,0.00,13123,39497207.50,2834
2026-03-08 00:00:00,QMSMEDI,QMS MEDICAL ALLIED S LTD,117.90,117.90,112.00,112.30,114.59,-2.00,5.90,5.00,2.89,13120,1493186.69,493
2026-03-08 00:00:00,QUALITY30,KOTAKMAMC - QUALITY30,20.94,21.23,20.94,21.22,20.94,1.34,0.29,1.38,0.00,12969,274041.98,33
2026-03-08 00:00:00,AEPL,ARTEMIS ELECTRICALS & P L,14.21,14.57,14.21,14.32,14.38,-0.42,0.36,2.53,-1.18,12960,185099.30,108
2026-03-08 00:00:00,BIOFILCHEM,BIOFIL CHEM & PHARMA LTD,32.05,33.89,32.05,33.07,31.94,3.54,1.84,5.74,0.34,12853,424059.39,173
2026-03-08 00:00:00,VINYLINDIA,VINYL CHEMICALS (I) LTD.,241.80,247.00,241.80,246.25,241.80,1.84,5.20,2.15,0.00,12773,3132280.09,349
2026-03-08 00:00:00,JMA,JULLUNDUR MOT AGENCY LTD,89.00,90.90,87.02,88.67,87.92,0.85,3.88,4.36,1.23,12766,1141269.17,214
2026-03-08 00:00:00,KPL,KWALITY PHARMACEUTICALS L,2598.90,2625.00,2550.00,2562.00,2578.90,-0.66,75.00,2.89,0.78,12762,32889289.10,2362
2026-03-08 00:00:00,DODLA,DODLA DAIRY LIMITED,1026.10,1052.80,1026.10,1046.30,1040.60,0.55,26.70,2.60,-1.39,12607,13165971.90,2375
2026-03-08 00:00:00,SABEVENTS,SAB EVENTS & GOVERNANCE,6.02,6.32,6.02,6.32,6.02,4.98,0.30,4.98,0.00,12593,79139.77,47
2026-03-08 00:00:00,KRYSTAL,KRYSTAL INTEGRATED SER L,602.00,608.85,601.00,602.20,600.05,0.36,7.85,1.30,0.32,12552,7594353.85,479
2026-03-08 00:00:00,XELPMOC,XELPMOC DESIGN & TECH LTD,82.00,84.80,79.11,83.40,81.25,2.65,5.69,6.94,0.92,12434,1030317.37,280
2026-03-08 00:00:00,SBINMID150,SBIAMC - SBINMID150,23.64,23.70,23.23,23.43,23.23,0.86,0.47,1.99,1.76,12408,290507.68,182
2026-03-08 00:00:00,LORDSCHLO,LORDS CHLORO ALKALI LTD,145.25,149.50,145.25,147.86,143.77,2.84,4.25,2.93,1.03,12408,1835981.13,362
2026-03-08 00:00:00,DECCANCE,DECCAN CEMENTS LIMITED,551.10,561.85,551.10,556.00,553.20,0.51,10.75,1.95,-0.38,12303,6848540.60,326
2026-03-08 00:00:00,UMIYA-MRO,UMIYA BUILDCON LIMITED,89.10,89.90,87.15,88.15,88.81,-0.74,2.75,3.09,0.33,12249,1079363.50,164
2026-03-08 00:00:00,MANAKSIA,MANAKSIA LTD.,57.00,57.50,56.17,56.67,55.73,1.69,1.33,2.33,2.28,12185,694031.47,215
2026-03-08 00:00:00,BALAJEE,SHREE TIRUPATI BALAJEE L,27.33,27.87,27.11,27.36,27.33,0.11,0.76,2.78,0.00,12158,333527.14,147
2026-03-08 00:00:00,ORISSAMINE,ORISSA MIN DEV CO LTD,4050.00,4140.00,4005.00,4106.30,3986.40,3.01,135.00,3.33,1.60,12037,49125244.00,2150
2026-03-08 00:00:00,TIPSFILMS,TIPS FILMS LIMITED,388.85,397.75,373.60,379.00,386.20,-1.86,24.15,6.21,0.69,11805,4548768.70,695
2026-03-08 00:00:00,OSWALSEEDS,SHREEOSWAL S AND CHE LTD,10.88,10.88,10.53,10.68,10.76,-0.74,0.35,3.22,1.12,11735,124713.28,114
2026-03-08 00:00:00,WINDLAS,WINDLAS BIOTECH LIMITED,856.60,870.00,856.60,867.80,857.70,1.18,13.40,1.56,-0.13,11626,10063403.65,1181
2026-03-08 00:00:00,CINEVISTA,CINEVISTA LIMITED,15.49,15.49,14.81,14.94,15.06,-0.80,0.68,4.39,2.86,11459,172003.25,97
2026-03-08 00:00:00,MANGLMCEM,MANGALAM CEMENT LTD,950.00,960.95,944.00,945.50,950.45,-0.52,16.95,1.78,-0.05,11334,10747379.35,623
2026-03-08 00:00:00,ZUARIIND,ZUARI INDUSTRIES LIMITED,263.00,264.85,258.65,259.35,258.80,0.21,6.20,2.36,1.62,11327,2958521.65,391
2026-03-08 00:00:00,PIXTRANS,PIX TRANSMISSIONS LIMITED,1669.90,1729.20,1636.10,1701.10,1672.90,1.69,93.10,5.58,-0.18,11302,18996072.80,1744
2026-03-08 00:00:00,MURUDCERA,MURUDESHWAR CERAMICS LTD,30.93,31.25,30.61,30.70,30.62,0.26,0.64,2.07,1.01,11268,347571.52,100
2026-03-08 00:00:00,EMETAL,EDELAMC - EMETAL,12.81,13.36,12.81,12.94,12.87,0.54,0.55,4.29,-0.47,11246,145797.54,47
2026-03-08 00:00:00,BAJAJINDEF,INDEF MANUFACTURING LTD,238.99,238.99,232.65,234.80,234.70,0.04,6.34,2.65,1.83,11245,2651598.57,290
2026-03-08 00:00:00,SOMICONVEY,SOMI CONVEYOR BELT. LTD.,94.30,97.63,92.80,93.45,93.07,0.41,4.83,5.12,1.32,11239,1049785.84,333
2026-03-08 00:00:00,RUBFILA,RUBFILA INTERNATIONAL LTD,71.25,72.24,71.00,71.45,71.25,0.28,1.24,1.74,0.00,11099,793373.47,475
2026-03-08 00:00:00,ACL,ANDHRA CEMENTS LIMITED,48.85,48.85,47.16,47.72,47.63,0.19,1.69,3.46,2.56,11075,529960.79,195
2026-03-08 00:00:00,KANPRPLA,KANPUR PLASTIPACK LIMITED,209.99,213.37,206.44,211.01,207.13,1.87,6.93,3.30,1.38,11000,2319369.68,627
2026-03-08 00:00:00,PRECOT,PRECOT LIMITED,850.00,850.00,791.05,819.00,809.55,1.17,58.95,6.94,5.00,10974,8961332.90,720
2026-03-08 00:00:00,EMKAY,EMKAY GLOBAL FIN SERV LTD,245.90,246.58,238.21,241.35,241.75,-0.17,8.37,3.40,1.72,10919,2649603.14,520
2026-03-08 00:00:00,EQUAL50,MIRAEAMC - EQUAL50,339.95,342.59,335.03,341.18,336.58,1.37,7.56,2.22,1.00,10851,3699225.70,75
2026-03-08 00:00:00,MOHITIND,MOHIT INDUSTRIES LTD,23.59,23.61,22.33,22.45,22.58,-0.58,1.28,5.43,4.47,10846,247160.81,67
2026-03-08 00:00:00,KSR,KSR FOOTWEAR LIMITED,29.69,30.00,28.68,29.67,29.69,-0.07,1.32,4.45,0.00,10836,322352.57,44
2026-03-08 00:00:00,INDOUS,INDO US BIOTECH LTD,81.00,84.63,81.00,83.60,81.62,2.43,3.63,4.48,-0.76,10809,899999.03,636
2026-03-08 00:00:00,AMNPLST,AMINES & PLASTICIZERS LTD,202.01,208.26,196.00,197.51,198.81,-0.65,12.26,6.07,1.61,10787,2168165.86,582
2026-03-08 00:00:00,BIRLAPREC,BIRLA PRECISION TECH L,34.80,34.95,33.56,34.80,34.07,2.14,1.39,3.99,2.14,10751,372020.72,92
2026-03-08 00:00:00,BCONCEPTS,BRAND CONCEPTS LIMITED,188.05,191.00,185.88,189.14,188.55,0.31,5.12,2.72,-0.27,10751,2019932.87,628
2026-03-08 00:00:00,KIRLOSIND,KIRLOSKAR INDUSTRIES LTD,3970.00,4067.80,3924.00,3952.60,3940.80,0.30,143.80,3.62,0.74,10676,42767018.00,2186
2026-03-08 00:00:00,PODDARMENT,PODDAR PIGMENTS LIMITED,265.00,265.25,250.30,251.55,261.61,-3.85,14.95,5.64,1.30,10592,2683400.40,216
2026-03-08 00:00:00,YUKEN,YUKEN INDIA LIMITED,724.00,736.35,710.30,718.60,718.90,-0.04,26.05,3.60,0.71,10575,7608470.35,373
2026-03-08 00:00:00,HARRMALAYA,HARRISON MALAYALAM LTD,215.55,220.00,212.25,214.63,215.55,-0.43,7.75,3.60,0.00,10527,2281188.44,454
2026-03-08 00:00:00,MOBANK10,MOTILALAMC - MOBANK10,17.13,17.21,17.06,17.17,17.23,-0.35,0.15,0.88,-0.58,10496,180126.75,139
2026-03-08 00:00:00,SREEL,SREELEATHERS LIMITED,212.00,222.72,212.00,216.45,213.60,1.33,10.72,5.06,-0.75,10312,2237389.86,494
2026-03-08 00:00:00,SONAMLTD,SONAM LIMITED,56.80,56.80,54.00,54.16,55.22,-1.92,2.80,4.93,2.86,10228,559198.86,417
2026-03-08 00:00:00,KREBSBIO,KREBS BIOCHEMICALS & IND,53.11,58.04,53.11,55.79,53.65,3.99,4.93,9.28,-1.01,10136,568969.40,83
2026-03-08 00:00:00,MIDWESTLTD,MIDWEST LIMITED,1195.10,1221.00,1195.10,1214.90,1194.10,1.74,25.90,2.17,0.08,10062,12224470.90,784
2026-03-08 00:00:00,LAMBODHARA,LAMBODHARA TEXTILES LTD.,114.70,115.95,111.00,111.30,113.75,-2.15,4.95,4.32,0.84,9964,1116830.93,229
2026-03-08 00:00:00,LAHOTIOV,LAHOTI OVERSEAS LTD.,41.01,42.00,40.05,41.49,41.01,1.17,1.95,4.75,0.00,9924,407768.43,133
2026-03-08 00:00:00,SUDARCOLOR,SUDARSHAN COLORNT IND LTD,365.00,375.00,358.85,369.30,361.15,2.26,16.15,4.42,1.07,9831,3605026.70,275
2026-03-08 00:00:00,AGROPHOS,AGRO PHOS INDIA LIMITED,29.33,29.72,28.63,29.18,29.25,-0.24,1.09,3.72,0.27,9808,285775.11,145
2026-03-08 00:00:00,ADVANIHOTR,ADVANI HOT.& RES.(I) LTD,51.13,52.00,51.13,51.56,51.06,0.98,0.87,1.70,0.14,9794,506764.80,279
2026-03-08 00:00:00,NATHBIOGEN,NATH BIO-GENES (I) LTD,160.00,160.70,158.60,158.84,159.18,-0.21,2.10,1.31,0.52,9732,1550279.34,271
2026-03-08 00:00:00,SSDL,SARASWATI SAREE DEPOT LTD,52.55,54.37,52.55,54.06,52.84,2.31,1.82,3.46,-0.55,9672,521666.62,290
2026-03-08 00:00:00,MALUPAPER,MALU PAPER MILLS LIMITED,32.70,33.40,32.20,33.15,32.26,2.76,1.20,3.67,1.36,9651,317872.98,122
2026-03-08 00:00:00,AFSL,ABANS FINANCIAL SRVCS LTD,201.07,202.49,201.00,201.72,201.04,0.34,1.49,0.74,0.01,9485,1910162.63,112
2026-03-08 00:00:00,ABBOTINDIA,ABBOTT INDIA LIMITED,27950.00,28045.00,27680.00,27895.00,27800.00,0.34,365.00,1.31,0.54,9455,263778600.00,4124
2026-03-08 00:00:00,BCPL,BCPL RAILWAY INFRA LTD,70.80,71.69,70.00,70.41,69.07,1.94,1.69,2.39,2.50,9435,666390.13,198
2026-03-08 00:00:00,UMESLTD,USHA MARTIN EDU & SOL LTD,5.51,5.64,5.40,5.51,5.46,0.92,0.24,4.36,0.92,9408,51830.18,63
2026-03-08 00:00:00,KNAGRI,KN AGRI RESOURCES LIMITED,215.00,215.59,207.00,207.06,208.24,-0.57,8.59,4.00,3.25,9368,1978771.91,144
2026-03-08 00:00:00,MAGNUM,MAGNUM VENTURES LTD.,19.77,20.10,19.55,19.99,19.68,1.58,0.55,2.78,0.46,9265,185050.71,120
2026-03-08 00:00:00,GROWWNXT50,GROWWAMC - GROWWNXT50,73.88,76.79,73.67,76.32,73.67,3.60,3.12,4.22,0.29,9217,690219.22,199
2026-03-08 00:00:00,GROWWLOVOL,GROWWAMC - GROWWLOVOL,10.52,10.87,10.52,10.70,10.62,0.75,0.35,3.33,-0.94,9128,97670.64,150
2026-03-08 00:00:00,VEEDOL,VEEDOL CORPORATION LTD,1406.90,1420.90,1403.00,1412.20,1399.50,0.91,17.90,1.27,0.53,9104,12848619.70,1051
2026-03-08 00:00:00,KRITINUT,KRITI NUTRIENTS LIMITED,72.00,76.94,71.85,73.69,72.58,1.53,5.09,7.07,-0.80,9034,665506.14,119
2026-03-08 00:00:00,VSTTILLERS,VST TILLERS TRACTORS LTD,4464.00,4522.00,4442.40,4472.80,4455.90,0.38,79.60,1.78,0.18,9030,40479647.80,2239
2026-03-08 00:00:00,TIIL,TECHNOCRAFT IND LTD,2580.00,2675.00,2580.00,2628.20,2580.50,1.85,95.00,3.68,-0.02,9022,23817105.10,1810
2026-03-08 00:00:00,COCKERILL,JOHN COCKERILL INDIA LTD.,8670.00,9149.00,8500.50,8987.50,8645.50,3.96,648.50,7.48,0.28,8857,78096634.50,2329
2026-03-08 00:00:00,NEXT30ADD,DSPAMC - NEXT30ADD,43.63,43.69,43.47,43.65,43.19,1.07,0.22,0.50,1.02,8854,386492.95,82
2026-03-08 00:00:00,AMRUTANJAN,AMRUTAJAN HEALTH LTD,520.00,522.40,517.50,521.20,515.00,1.20,4.90,0.94,0.97,8820,4585408.05,874
2026-03-08 00:00:00,BATLIBOI,BATLIBOI LTD.,82.00,83.91,82.00,82.55,81.88,0.82,1.91,2.33,0.15,8753,727557.55,173
2026-03-08 00:00:00,STEELCITY,STEEL CITY SECURITIES LTD,76.39,76.80,75.00,76.40,75.25,1.53,1.80,2.36,1.51,8728,663176.16,176
2026-03-08 00:00:00,TARMAT,TARMAT LIMITED,49.33,50.47,48.56,50.13,49.33,1.62,1.91,3.87,0.00,8709,434519.38,73
2026-03-08 00:00:00,PAGEIND,PAGE INDUSTRIES LTD,40500.00,40665.00,40125.00,40200.00,40375.00,-0.43,540.00,1.33,0.31,8626,347753350.00,4551
2026-03-08 00:00:00,SHBAJRG,SHRI BAJRANG ALLIANCE L,177.20,190.00,177.00,187.98,181.20,3.74,13.00,7.34,-2.21,8565,1591111.96,207
2026-03-08 00:00:00,TERASOFT,TERA SOFTWARE LIMITED,384.75,395.40,370.25,389.10,376.60,3.32,25.15,6.54,2.16,8534,3317906.45,461
2026-03-08 00:00:00,HEALTHAXIS,AXISAMC-HEALTHAXIS,170.60,172.30,168.63,170.26,170.60,-0.20,3.67,2.15,0.00,8530,1455191.73,187
2026-03-08 00:00:00,TREEHOUSE,TREE HOUSE EDU LTD,6.48,6.48,6.29,6.36,6.36,0.00,0.19,2.93,1.89,8505,54718.52,93
2026-03-08 00:00:00,SRGHFL,SRG HOUSING FINANCE L,293.25,300.05,288.00,299.70,293.20,2.22,12.05,4.11,0.02,8457,2519386.65,166
2026-03-08 00:00:00,TREJHARA,TREJHARA SOLUTIONS LTD,134.00,136.19,134.00,135.95,134.76,0.88,2.19,1.63,-0.56,8426,1142902.98,310
2026-03-08 00:00:00,SGIL,SYNERGY GREEN IND. LTD,615.00,625.30,590.00,592.20,602.50,-1.71,35.30,5.74,2.07,8367,5009235.20,373
2026-03-08 00:00:00,NAGREEKEXP,NAGREEKA EXPORTS LTD.,21.22,23.00,21.22,22.48,21.55,4.32,1.78,8.39,-1.53,8197,183921.57,141
2026-03-08 00:00:00,TOTAL,TOTAL TRANSPORT SYS LTD,49.28,53.33,49.00,52.05,49.28,5.62,4.33,8.79,0.00,8190,416471.25,111
2026-03-08 00:00:00,SELMC,SEL MANUFACTURING CO LTD,28.10,28.30,27.42,27.47,27.70,-0.83,0.88,3.13,1.44,8110,224010.38,99
2026-03-08 00:00:00,PTCIL,PTC INDUSTRIES LIMITED,17776.00,18041.00,17776.00,17981.00,17737.00,1.38,265.00,1.49,0.22,8054,144228923.00,2161
2026-03-08 00:00:00,FMCGADD,DSPAMC - FMCGADD,49.85,50.25,49.67,50.00,49.43,1.15,0.58,1.16,0.85,7978,398644.58,235
2026-03-08 00:00:00,KAYA,KAYA LIMITED,275.15,283.00,275.15,278.45,275.74,0.98,7.85,2.85,-0.21,7972,2225859.40,201
2026-03-08 00:00:00,SBIMIDMOM,SBIAMC - SBIMIDMOM,62.84,63.55,62.84,63.25,62.84,0.65,0.71,1.13,0.00,7784,492985.19,119
2026-03-08 00:00:00,RADAAN,RADAAN MEDIAWORKS (I) LTD,3.27,3.27,3.15,3.20,3.21,-0.31,0.12,3.67,1.87,7768,24969.16,79
2026-03-08 00:00:00,NAHARCAP,NAHAR CAP & FIN.,250.37,265.00,249.95,262.72,249.13,5.45,15.05,6.01,0.50,7726,2002728.15,207
2026-03-08 00:00:00,GANGESSECU,GANGES SECURITIES LIMITED,112.57,120.00,112.57,120.00,113.13,6.07,7.43,6.60,-0.50,7681,880943.72,72
2026-03-08 00:00:00,RKEC,RKEC PROJECTS LIMITED,26.21,26.93,26.20,26.40,26.03,1.42,0.73,2.79,0.69,7602,201728.57,62
2026-03-08 00:00:00,INGERRAND,INGERSOLL-RAND INDIA LTD,4335.60,4418.20,4290.00,4327.00,4335.60,-0.20,128.20,2.96,0.00,7602,33182235.50,1222
2026-03-08 00:00:00,ITAXIS,AXISAMC-ITAXIS,341.14,349.00,338.10,345.94,337.83,2.40,10.90,3.20,0.98,7479,2577688.87,224
2026-03-08 00:00:00,JSWHL,JSW HOLDINGS LIMITED,11250.00,12200.00,11250.00,12016.00,11257.00,6.74,950.00,8.44,-0.06,7448,87838859.00,2591
2026-03-08 00:00:00,WORTHPERI,WORTH PERIPHERALS LIMITED,148.00,148.00,145.01,145.93,145.77,0.11,2.99,2.02,1.53,7412,1084368.32,82
2026-03-08 00:00:00,KOTHARIPRO,KOTHARI PRODUCTS LTD,68.43,71.00,66.36,68.66,66.77,2.83,4.64,6.78,2.49,7339,508246.85,202
2026-03-08 00:00:00,STARTECK,STARTECK FINANCE LIMITED,265.40,266.80,261.00,261.15,259.10,0.79,5.80,2.19,2.43,7320,1916408.85,77
2026-03-08 00:00:00,SASKEN,SASKEN TECHNOLOGIES LTD,1902.30,1902.30,1902.30,1902.30,1811.80,5.00,0.00,0.00,5.00,7255,13801186.50,249
2026-03-08 00:00:00,CONSUMAXIS,AXISAMC-CONSUMAXIS,124.29,125.69,124.29,125.10,124.29,0.65,1.40,1.13,0.00,7213,904868.58,46
2026-03-08 00:00:00,CROWN,CROWN LIFTERS LIMITED,114.59,116.00,113.16,115.11,114.59,0.45,2.84,2.48,0.00,7190,828076.82,72
2026-03-08 00:00:00,PGHL,PROCTER & GAMBLE HEALTH L,6604.50,6699.50,6452.50,6501.50,6604.50,-1.56,247.00,3.74,0.00,7179,47069502.50,2478
2026-03-08 00:00:00,TFL,TRANSWARRANTY FIN. LTD.,11.36,11.70,11.03,11.14,11.12,0.18,0.67,5.90,2.16,7121,79914.09,44
2026-03-08 00:00:00,SMALLGROWW,GROWWAMC - SMALLGROWW,47.36,47.70,46.71,47.56,46.92,1.36,0.99,2.09,0.94,7049,334559.89,117
2026-03-08 00:00:00,EUROBOND,EURO PANEL PRODUCTS LTD,158.29,163.80,156.25,161.15,158.29,1.81,7.55,4.77,0.00,7046,1126119.71,158
2026-03-08 00:00:00,SICAGEN,SICAGEN INDIA LIMITED,49.71,50.48,48.50,49.97,49.71,0.52,1.98,3.98,0.00,6976,347819.91,58
2026-03-08 00:00:00,HECPROJECT,HEC INFRA PROJECTS LTD,132.22,138.40,132.18,135.49,131.53,3.01,6.22,4.70,0.52,6912,930227.36,320
2026-03-08 00:00:00,CERA,CERA SANITARYWARE LTD,6200.00,6308.00,6130.00,6280.50,6126.00,2.52,178.00,2.87,1.21,6740,41979963.50,2018
2026-03-08 00:00:00,ENIFTY,EDELAMC - ENIFTY,25.08,25.08,24.60,24.79,24.59,0.81,0.48,1.91,1.99,6734,166779.31,95
2026-03-08 00:00:00,AKASH,AKASH INFRA-PROJECTS LTD,26.55,27.23,26.16,26.34,26.69,-1.31,1.07,4.03,-0.52,6719,177265.25,61
2026-03-08 00:00:00,DVL,DHUNSERI VENTURES LIMITED,239.85,247.20,238.25,245.89,240.64,2.18,8.95,3.73,-0.33,6618,1617463.48,297
2026-03-08 00:00:00,RRIL,R R I L LTD.,17.69,17.69,17.00,17.37,17.35,0.12,0.69,3.90,1.96,6589,112646.94,74
2026-03-08 00:00:00,GRANDOAK,GRAND OAK CANYONS DIST L,35.90,36.59,35.00,36.59,34.85,4.99,1.59,4.43,3.01,6500,235018.47,119
2026-03-08 00:00:00,3MINDIA,3M INDIA LIMITED,35170.00,36660.00,35020.00,35955.00,34615.00,3.87,1640.00,4.66,1.60,6489,232536525.00,3365
2026-03-08 00:00:00,GOACARBON,GOA CARBON LIMITED,387.45,387.45,380.55,382.70,380.60,0.55,6.90,1.78,1.80,6466,2476554.55,389
2026-03-08 00:00:00,HONDAPOWER,HONDA I POWER PRODUCT LTD,2093.90,2126.60,2077.20,2096.00,2093.90,0.10,49.40,2.36,0.00,6450,13528280.50,915
2026-03-08 00:00:00,HESTERBIO,HESTER BIOSCIENCES LTD,2477.00,2489.80,2420.00,2442.40,2477.70,-1.42,69.80,2.82,-0.03,6340,15558052.80,1223
2026-03-08 00:00:00,APCL,ANJANI PORTLAND CEM LTD,101.15,103.40,101.15,102.03,100.60,1.42,2.25,2.22,0.55,6249,638548.31,199
2026-03-08 00:00:00,TNTELE,TAMILNADU TELECOMMUNICATI,9.08,9.24,9.00,9.11,9.08,0.33,0.24,2.64,0.00,6202,56623.76,59
2026-03-08 00:00:00,SWARAJENG,SWARAJ ENGINES LTD,3628.70,3662.00,3613.00,3630.60,3628.70,0.05,49.00,1.35,0.00,6150,22354697.60,1354
2026-03-08 00:00:00,REGENCERAM,REGENCY CERAMICS LTD.,32.01,34.90,31.00,32.90,32.92,-0.06,3.90,12.18,-2.76,6139,201285.50,108
2026-03-08 00:00:00,DIVIDEND,MIRAEAMC - DIVIDEND,36.38,36.55,36.31,36.46,36.10,1.00,0.24,0.66,0.78,6132,222975.47,83
2026-03-08 00:00:00,BIRLANU,BIRLANU LIMITED,1341.70,1369.90,1334.70,1341.30,1334.70,0.49,35.20,2.62,0.52,6095,8209254.20,819
2026-03-08 00:00:00,ATAM,ATAM VALVES LIMITED,65.99,67.00,65.01,65.49,64.44,1.63,1.99,3.02,2.41,5993,394343.91,119
2026-03-08 00:00:00,MERCANTILE,MERCANTILE VENTURES LTD.,24.17,25.70,24.17,24.33,24.00,1.37,1.53,6.33,0.71,5945,147961.22,56
2026-03-08 00:00:00,ALBERTDAVD,ALBERT DAVID LIMITED,691.75,707.85,686.20,692.55,689.30,0.47,21.65,3.13,0.36,5943,4140098.70,195
2026-03-08 00:00:00,ARENTERP,RAJDARSHAN INDUSTRIES LTD,41.26,41.99,38.67,38.96,41.46,-6.03,3.32,8.05,-0.48,5934,234009.74,126
2026-03-08 00:00:00,ANIKINDS,ANIK INDUSTRIES LTD,43.50,43.50,42.98,43.13,41.33,4.36,0.52,1.20,5.25,5878,253014.55,39
2026-03-08 00:00:00,STARPAPER,STAR PAPER MILLS LTD,147.50,152.91,147.50,150.70,151.39,-0.46,5.41,3.67,-2.57,5828,876382.62,161
2026-03-08 00:00:00,SHIVAUM,SHIV AUM STEELS LIMITED,440.10,449.40,426.00,428.05,440.95,-2.93,23.40,5.32,-0.19,5702,2479620.50,116
2026-03-08 00:00:00,ACEINTEG,ACE INTEGRATED SOLU. LTD.,19.85,19.85,18.81,19.37,19.04,1.73,1.04,5.24,4.25,5575,106941.71,80
2026-03-08 00:00:00,ARCHIES,ARCHIES LTD,13.88,14.75,13.77,13.95,13.77,1.31,0.98,7.06,0.80,5427,76289.92,87
2026-03-08 00:00:00,SRHHYPOLTD,SREE RAYALSEEMA HHP LTD.,484.00,502.50,484.00,494.10,484.40,2.00,18.50,3.82,-0.08,5423,2682142.15,370
2026-03-08 00:00:00,SUMMITSEC,SUMMIT SECURITIES LTD,1520.00,1540.00,1510.00,1522.20,1504.30,1.19,30.00,1.97,1.04,5394,8210609.80,519
2026-03-08 00:00:00,NILE,NILE LTD.,1873.50,1974.40,1873.50,1958.20,1873.30,4.53,100.90,5.39,0.01,5388,10428319.80,857
2026-03-08 00:00:00,TVSSRICHAK,TVS SRICHAKRA LIMITED,3910.00,4049.00,3900.00,3987.90,3931.10,1.44,149.00,3.81,-0.54,5375,21324071.80,1182
2026-03-08 00:00:00,RACE,RACE ECO CHAIN LIMITED,110.00,111.99,109.48,111.79,109.49,2.10,2.51,2.28,0.47,5364,594790.76,53
2026-03-08 00:00:00,HDFCVALUE,HDFCAMC - HDFCVALUE,128.00,128.72,128.00,128.21,127.07,0.90,0.72,0.56,0.73,5334,683931.61,105
2026-03-08 00:00:00,UCAL,UCAL LIMITED,115.01,117.10,113.00,113.51,114.53,-0.89,4.10,3.56,0.42,5323,609972.60,129
2026-03-08 00:00:00,SHREYANIND,SHREYANS INDUSTRIES LTD,139.32,144.78,137.11,141.88,139.32,1.84,7.67,5.51,0.00,5323,749397.97,228
2026-03-08 00:00:00,ISFT,INTRASOFT TECH. LTD,82.50,84.00,78.30,82.50,81.31,1.46,5.70,6.91,1.46,5293,436747.56,228
2026-03-08 00:00:00,MAHAPEXLTD,MAHA RASHTRA APEX COPR. L,45.15,46.00,44.00,45.55,44.92,1.40,2.00,4.43,0.51,5253,237651.97,115
2026-03-08 00:00:00,JPOLYINVST,JIND POL INV & FIN CO LTD,1021.00,1045.00,1021.00,1029.20,1020.80,0.82,24.00,2.35,0.02,5203,5354792.90,391
2026-03-08 00:00:00,ORIENTBELL,ORIENT BELL LIMITED,319.25,320.25,311.55,317.60,319.25,-0.52,8.70,2.73,0.00,5191,1650107.40,331
2026-03-08 00:00:00,MOIPO,MOTILALAMC - MOIPO,47.46,48.01,47.29,47.84,47.13,1.51,0.72,1.52,0.70,5127,244814.65,53
2026-03-08 00:00:00,ACCELYA,ACCELYA SOLN INDIA LTD,1160.00,1160.00,1135.50,1141.90,1142.60,-0.06,24.50,2.11,1.52,4889,5594136.20,896
2026-03-08 00:00:00,ICDSLTD,ICDS LTD,39.10,41.00,39.00,39.65,40.39,-1.83,2.00,5.12,-3.19,4879,193608.37,39
2026-03-08 00:00:00,PANSARI,PANSARI DEVELOPERS LTD,336.85,343.00,316.10,329.10,323.90,1.61,26.90,7.99,4.00,4836,1571655.50,429
2026-03-08 00:00:00,EBANKNIFTY,EDELAMC - EBANKNIFTY,58.25,58.54,57.86,58.41,57.95,0.79,0.68,1.17,0.52,4830,280504.84,42
2026-03-08 00:00:00,WENDT,WENDT (INDIA) LIMITED,8260.00,8314.50,8172.50,8206.00,8207.50,-0.02,142.00,1.72,0.64,4828,39718227.00,1087
2026-03-08 00:00:00,GANDHITUBE,GANDHI SPL. TUBES LTD,881.70,883.90,873.00,881.20,876.35,0.55,10.90,1.24,0.61,4746,4183865.55,330
2026-03-08 00:00:00,BANARBEADS,BANARAS BEADS LTD,115.40,117.60,112.01,113.98,115.29,-1.14,5.59,4.84,0.10,4734,544729.51,200
2026-03-08 00:00:00,SMLT,SARTHAK METALS LIMITED,68.00,70.00,68.00,69.00,67.11,2.82,2.00,2.94,1.33,4596,316522.59,81
2026-03-08 00:00:00,NSIL,NALWA SONS INVESTMENT LTD,5562.50,5749.00,5504.00,5622.00,5520.00,1.85,245.00,4.40,0.77,4566,25757142.50,817
2026-03-08 00:00:00,GRAVISSHO,GRAVISS HOSPITALITY LTD.,30.00,31.00,29.35,30.99,30.83,0.52,1.65,5.50,-2.69,4462,135623.08,45
2026-03-08 00:00:00,SNXT50BETA,UTIAMC-SNXT50BETA,93.51,96.95,93.51,95.84,95.25,0.62,3.44,3.68,-1.83,4438,426480.29,153
2026-03-08 00:00:00,GROWWPSUBK,GROWWAMC - GROWWPSUBK,84.90,85.45,83.10,84.80,83.75,1.25,2.35,2.77,1.37,4423,375706.61,114
2026-03-08 00:00:00,SANOFICONR,SANOFI CONS HEALTHC IND L,4619.00,4659.00,4515.00,4539.50,4611.20,-1.55,144.00,3.12,0.17,4422,20165738.40,1262
2026-03-08 00:00:00,ARIHANTSUP,ARIHANT SUPERSTRUCT LTD,262.00,263.00,259.00,259.85,261.85,-0.76,4.00,1.53,0.06,4384,1141677.05,128
2026-03-08 00:00:00,ARIES,ARIES AGRO LTD.,334.10,342.00,333.45,340.70,337.45,0.96,8.55,2.56,-0.99,4220,1430006.60,201
2026-03-08 00:00:00,NATIONSTD,NATIONAL STAND (INDIA) L,235.51,235.51,235.51,235.51,247.90,-5.00,0.00,0.00,-5.00,4204,990084.04,187
2026-03-08 00:00:00,ZODIACLOTH,ZODIAC CLOTHING CO. LTD.,76.61,78.49,75.20,76.65,76.39,0.34,3.29,4.29,0.29,4203,322008.22,92
2026-03-08 00:00:00,SURYALAXMI,SURYALAKSHMI COT MIL LTD,61.70,62.00,59.60,60.87,60.84,0.05,2.40,3.89,1.41,4183,254106.80,66
2026-03-08 00:00:00,ABCOTS,A B COTSPIN INDIA LIMITED,199.05,202.90,198.60,200.91,198.85,1.04,4.30,2.16,0.10,4106,826117.44,241
2026-03-08 00:00:00,KOVAI,KOVAI MEDICAL CENTER & HO,5895.00,5920.00,5810.00,5832.50,5910.00,-1.31,110.00,1.87,-0.25,4105,24051015.00,1674
2026-03-08 00:00:00,TCPLPACK,TCPL PACKAGING LIMITED,3165.00,3280.50,3165.00,3250.80,3153.40,3.09,115.50,3.65,0.37,4103,13284131.30,916
2026-03-08 00:00:00,UNIENTER,UNIPHOS ENTERPRISES LTD,94.92,98.19,94.92,97.08,94.92,2.28,3.27,3.45,0.00,4101,398731.13,134
2026-03-08 00:00:00,GROWWPSE,GROWWAMC - GROWWPSE,100.00,101.80,97.50,100.17,99.52,0.65,4.30,4.30,0.48,4047,405166.42,54
2026-03-08 00:00:00,PAR,PAR DRUGS AND CHEM LTD,100.99,101.97,97.02,99.09,98.90,0.19,4.95,4.90,2.11,4025,399986.57,138
2026-03-08 00:00:00,3BBLACKBIO,3B BLACKBIO DX LTD.,1247.10,1282.00,1231.20,1248.10,1247.10,0.08,50.80,4.07,0.00,4007,5047101.70,472
2026-03-08 00:00:00,21STCENMGM,21ST CENTURY MGMT SERVICE,40.17,40.97,39.94,40.97,40.17,1.99,1.03,2.56,0.00,4003,163895.05,55
2026-03-08 00:00:00,QNIFTY,QUANTUM NIFTY 50 ETF,274.00,274.00,268.87,270.54,268.61,0.72,5.13,1.87,2.01,3985,1076562.50,160
2026-03-08 00:00:00,MON50EQUAL,MOTILALAMC - MON50EQUAL,34.74,34.74,34.00,34.24,33.90,1.00,0.74,2.13,2.48,3849,131496.32,86
2026-03-08 00:00:00,IVZINNIFTY,INVESCO INDIA NIFTY ETF,287.59,287.59,278.00,280.97,280.58,0.14,9.59,3.33,2.50,3673,1031298.12,148
2026-03-08 00:00:00,HONAUT,HONEYWELL AUTOMATION IND,38355.00,38945.00,38255.00,38570.00,38155.00,1.09,690.00,1.80,0.52,3672,142102430.00,1930
2026-03-08 00:00:00,MADHAV,MADHAV MARBLE & GRANITE,34.91,35.00,33.90,34.22,34.80,-1.67,1.10,3.15,0.32,3669,126280.73,181
2026-03-08 00:00:00,GRPLTD,GRP LIMITED,2100.00,2143.40,2011.30,2028.70,2098.20,-3.31,132.10,6.29,0.09,3607,7559626.10,765
2026-03-08 00:00:00,S&SPOWER,S&S POWER SWITCHGEARS LTD,316.90,334.35,316.10,334.35,318.45,4.99,18.25,5.76,-0.49,3578,1194264.00,62
2026-03-08 00:00:00,HEXATRADEX,HEXA TRADEX LIMITED,157.01,159.90,156.40,157.90,157.38,0.33,3.50,2.23,-0.24,3521,554559.90,74
2026-03-08 00:00:00,HBSL,HB STOCKHOLDINGS LIMITED,52.60,52.74,49.95,50.50,48.00,5.21,2.79,5.30,9.58,3507,179594.29,118
2026-03-08 00:00:00,TASTYBITE,TASTY BITE EATABLES LTD,9236.50,9550.00,9231.00,9430.00,9236.50,2.09,319.00,3.45,0.00,3497,32994699.00,1224
2026-03-08 00:00:00,MRF,MRF LTD,134100.00,134550.00,133205.00,133730.00,132770.00,0.72,1345.00,1.00,1.00,3472,465013605.00,2596
2026-03-08 00:00:00,ATLASCYCLE,ATLAS CYCLE (HARYANA) LTD,99.25,99.25,96.43,97.58,98.35,-0.78,2.82,2.84,0.92,3463,337730.72,66
2026-03-08 00:00:00,MALLCOM,MALLCOM (INDIA) LIMITED,982.20,982.20,970.10,975.85,982.20,-0.65,12.10,1.23,0.00,3458,3382701.40,266
2026-03-08 00:00:00,DIAMINESQ,DIAMINES & CHEMICALS LTD,243.40,244.00,239.10,239.73,243.05,-1.37,4.90,2.01,0.14,3443,832692.58,202
2026-03-08 00:00:00,BEDMUTHA,BEDMUTHA INDUST LTD,109.40,114.00,109.20,111.71,108.91,2.57,4.80,4.39,0.45,3431,382359.10,52
2026-03-08 00:00:00,RETAIL,JHS SVENDGAARD RETAIL V L,16.56,17.40,16.01,16.57,16.48,0.55,1.39,8.39,0.49,3428,57292.84,52
2026-03-08 00:00:00,AMBICAAGAR,AMBICA AGAR & AROMAINDLTD,25.49,25.49,24.75,25.05,25.00,0.20,0.74,2.90,1.96,3362,83983.48,35
2026-03-08 00:00:00,ARTNIRMAN,ART NIRMAN LIMITED,37.02,39.50,37.02,38.18,37.07,2.99,2.48,6.70,-0.13,3348,127825.60,55
2026-03-08 00:00:00,SENSEXAXIS,AXISAMC-SENSEXAXIS,82.69,82.70,80.01,81.00,81.07,-0.09,2.69,3.25,2.00,3300,268995.27,129
2026-03-08 00:00:00,SAGARDEEP,SAGARDEEP ALLOYS LIMITED,25.44,25.44,24.24,24.49,24.24,1.03,1.20,4.72,4.95,3300,81349.19,60
2026-03-08 00:00:00,NRAIL,N R AGARWAL INDS LTD,484.80,490.00,476.10,488.15,473.40,3.12,13.90,2.87,2.41,3261,1579476.55,260
2026-03-08 00:00:00,HINDCOMPOS,HINDUSTAN COMPOSITES LTD.,425.50,431.95,424.50,425.55,423.00,0.60,7.45,1.75,0.59,3202,1366550.60,190
2026-03-08 00:00:00,NIRLON,NIRLON LTD,620.65,632.20,615.50,620.15,620.50,-0.06,16.70,2.69,0.02,3137,1951346.50,274
2026-03-08 00:00:00,GROWWMC150,GROWWAMC - GROWWMC150,234.58,235.85,228.99,232.82,231.23,0.69,6.86,2.92,1.45,3130,734604.97,49
2026-03-08 00:00:00,FOSECOIND,FOSECO INDIA LTD,5180.00,5300.00,5082.00,5204.50,5133.50,1.38,218.00,4.21,0.91,3096,16117095.00,688
2026-03-08 00:00:00,HPIL,HINDPRAKASH INDUSTRY LTD,125.00,130.99,123.21,127.74,126.08,1.32,7.78,6.22,-0.86,3083,392917.60,54
2026-03-08 00:00:00,WEIZMANIND,WEIZMANN LTD,77.50,78.98,77.12,77.91,77.48,0.55,1.86,2.40,0.03,3079,238875.11,53
2026-03-08 00:00:00,KIRANVYPAR,KIRAN VYAPAR LTD.,197.51,203.90,192.10,202.99,197.51,2.77,11.80,5.97,0.00,3066,618131.13,67
2026-03-08 00:00:00,BSL,BSL LTD,126.95,126.95,123.25,123.65,124.80,-0.92,3.70,2.91,1.72,3036,376892.91,103
2026-03-08 00:00:00,HISARMETAL,HISAR METAL IND. LIMITED,146.00,151.00,144.00,146.47,147.29,-0.56,7.00,4.79,-0.88,3008,443504.18,46
2026-03-08 00:00:00,MEGASTAR,MEGASTAR FOODS LIMITED,331.90,336.40,321.55,327.20,331.95,-1.43,14.85,4.47,-0.02,2994,989846.95,315
2026-03-08 00:00:00,TVSHLTD,TVS HOLDINGS LIMITED,14800.00,14950.00,14800.00,14836.00,14713.00,0.84,150.00,1.01,0.59,2983,44302965.00,1305
2026-03-08 00:00:00,SUPERHOUSE,SUPERHOUSE LIMITED,155.70,164.90,151.90,158.57,160.12,-0.97,13.00,8.35,-2.76,2973,473441.92,204
2026-03-08 00:00:00,NORBTEAEXP,NORBEN TEA & EXPORTS LTD,66.85,70.00,65.15,65.29,68.57,-4.78,4.85,7.26,-2.51,2954,198240.84,84
2026-03-08 00:00:00,3PLAND,3P LAND HOLDINGS LIMITED,33.00,33.00,31.45,31.63,31.70,-0.22,1.55,4.70,4.10,2931,93164.34,95
2026-03-08 00:00:00,SPLIL,SPL INDUSTRIES LIMITED,29.52,30.98,29.52,30.00,30.10,-0.33,1.46,4.95,-1.93,2920,88098.05,41
2026-03-08 00:00:00,KINGFA,KINGFA SCI & TEC IND LTD.,5248.00,5250.50,5160.00,5185.50,5248.50,-1.20,90.50,1.72,-0.01,2833,14744786.50,1177
2026-03-08 00:00:00,DELTAMAGNT,DELTA MANUFACTURING LTD,56.76,59.00,56.76,57.92,56.86,1.86,2.24,3.95,-0.18,2731,157918.03,65
2026-03-08 00:00:00,TECILCHEM,TECIL CHEMICALS,9.60,10.20,9.60,10.05,9.68,3.82,0.60,6.25,-0.83,2720,27235.47,46
2026-03-08 00:00:00,LFIC,LAKSHMI FIN IND CORP LTD,142.00,145.00,138.10,141.06,144.12,-2.12,6.90,4.86,-1.47,2693,380929.17,55
2026-03-08 00:00:00,TAALTECH,TAAL TECH LTD.,3980.00,4049.90,3960.00,3984.00,3930.80,1.35,89.90,2.26,1.25,2608,10420615.90,462
2026-03-08 00:00:00,NEXTMEDIA,NEXT MEDIAWORKS LIMITED,4.00,4.03,3.87,3.87,3.95,-2.03,0.16,4.00,1.27,2586,10212.80,12
2026-03-08 00:00:00,SUNCLAY,SUNDARAM CLAYTON LIMITED,1284.00,1284.00,1251.00,1253.00,1253.60,-0.05,33.00,2.57,2.43,2582,3256413.40,378
2026-03-08 00:00:00,ADL,ARCHIDPLY DECOR LIMITED,72.00,82.85,69.52,78.97,71.33,10.71,13.33,18.51,0.94,2531,192197.96,35
2026-03-08 00:00:00,ESABINDIA,ESAB INDIA LTD,5680.00,5689.00,5602.00,5614.50,5628.50,-0.25,87.00,1.53,0.91,2518,14206886.50,1157
2026-03-08 00:00:00,KAMAHOLD,KAMA HOLDINGS LTD.,2520.00,2545.00,2510.00,2516.40,2511.10,0.21,35.00,1.39,0.35,2500,6317954.60,302
2026-03-08 00:00:00,INNOVANA,INNOVANA THINKLABS LTD,315.00,336.75,315.00,322.00,327.90,-1.80,21.75,6.90,-3.93,2468,797701.35,166
2026-03-08 00:00:00,QUINT,QUINT DIGITAL LTD.,39.49,39.98,38.00,38.99,39.30,-0.79,1.98,5.01,0.48,2443,93642.48,36
2026-03-08 00:00:00,MOPSE,MOTILALAMC - MOPSE,101.57,101.59,100.00,101.30,100.23,1.07,1.59,1.57,1.34,2427,245104.65,25
2026-03-08 00:00:00,IDFNIFTYET,BANDHANAMC - IDFNIFTYET,271.98,272.20,267.11,271.54,269.59,0.72,5.09,1.87,0.89,2385,647261.15,88
2026-03-08 00:00:00,WILLAMAGOR,WILLIAMSON MAGOR,27.00,27.00,25.11,26.57,25.21,5.39,1.89,7.00,7.10,2370,62795.33,29
2026-03-08 00:00:00,RELCHEMQ,RELIANCE CHEMOTEX IND LTD,122.10,127.50,122.10,124.83,123.03,1.46,5.40,4.42,-0.76,2328,290030.44,86
2026-03-08 00:00:00,GSEC10YEAR,MIRAEAMC - MAGS813ETF,30.16,31.30,30.15,30.15,30.31,-0.53,1.15,3.81,-0.49,2318,70265.16,36
2026-03-08 00:00:00,ZFSTEERING,Z F STEERING GEAR (I) LTD,670.35,682.00,664.00,679.00,663.95,2.27,18.00,2.69,0.96,2315,1565057.70,123
2026-03-08 00:00:00,NIPPOBATRY,INDO-NATIONAL LIMITED,327.00,330.05,321.10,327.15,322.35,1.49,8.95,2.74,1.44,2179,711787.80,154
2026-03-08 00:00:00,JINDALPHOT,JINDAL PHOTO LIMITED,1070.00,1079.90,1038.00,1064.00,1061.10,0.27,41.90,3.92,0.84,2158,2286463.50,282
2026-03-08 00:00:00,MIDCAPBETA,UTIAMC-MIDCAPBETA,233.55,236.63,233.00,236.20,233.00,1.37,3.63,1.55,0.24,2157,508416.46,81
2026-03-08 00:00:00,IWP,INDIAN WOOD PRODUCTS CO L,34.45,34.45,32.80,33.13,33.49,-1.07,1.65,4.79,2.87,2124,70269.41,37
2026-03-08 00:00:00,DTIL,DHUNSERI TEA & IND. LTD.,130.87,133.97,130.01,130.39,130.87,-0.37,3.96,3.03,0.00,2121,278500.68,39
2026-03-08 00:00:00,BIMETAL,BIMETAL BEARINGS LTD.,651.30,678.00,635.25,637.15,669.70,-4.86,42.75,6.56,-2.75,2106,1363696.35,109
2026-03-08 00:00:00,ESENSEX,EDELAMC - ESENSEX,80.33,80.33,78.73,79.37,78.75,0.79,1.60,1.99,2.01,2051,162252.03,13
2026-03-08 00:00:00,CHEVIOT,CHEVIOT COMPANY LIMITED,1150.00,1150.00,1112.00,1130.40,1106.60,2.15,38.00,3.30,3.92,2008,2268205.70,271
2026-03-08 00:00:00,NITIRAJ,NITIRAJ ENGINEERS LTD,219.95,220.00,213.20,214.87,215.82,-0.44,6.80,3.09,1.91,1976,427846.41,97
2026-03-08 00:00:00,AKCAPIT,A K CAPITAL SERVICES LTD.,1712.00,1750.00,1693.20,1748.50,1693.30,3.26,56.80,3.32,1.10,1972,3412836.40,305
2026-03-08 00:00:00,LOWVOL,MIRAEAMC - MANV30F,212.75,215.00,212.32,214.30,211.70,1.23,2.68,1.26,0.50,1969,419619.88,19
2026-03-08 00:00:00,NEXT50ADD,DSPAMC - NEXT50ADD,75.70,75.70,73.58,74.12,74.19,-0.09,2.12,2.80,2.04,1968,146857.63,194
2026-03-08 00:00:00,SGL,STL GLOBAL LIMITED,10.02,10.12,9.70,9.88,9.82,0.61,0.42,4.19,2.04,1960,19473.44,39
2026-03-08 00:00:00,BONLON,BONLON INDUSTRIES LIMITED,38.55,42.35,38.55,41.23,40.34,2.21,3.80,9.86,-4.44,1950,80857.45,77
2026-03-08 00:00:00,MODIRUBBER,MODI RUBBER LTD,121.51,125.42,118.35,121.37,120.84,0.44,7.07,5.82,0.55,1912,230880.39,80
2026-03-08 00:00:00,BIL,BHARTIYA INTERNATIONAL,764.95,764.95,735.00,760.85,740.60,2.73,29.95,3.92,3.29,1859,1397567.40,130
2026-03-08 00:00:00,IMPAL,IND MOTOR PART & ACC LTD,1080.00,1114.70,1070.00,1104.60,1084.40,1.86,44.70,4.14,-0.41,1846,2020420.20,336
2026-03-08 00:00:00,PALASHSECU,PALASH SECURITIES LTD,87.80,91.35,87.04,89.01,87.07,2.23,4.31,4.91,0.84,1841,164013.02,155
2026-03-08 00:00:00,STEL,STEL HOLDINGS LIMITED,580.00,580.00,562.35,565.75,574.85,-1.58,17.65,3.04,0.90,1833,1046862.65,231
2026-03-08 00:00:00,ASPINWALL,ASPINWALL & CO LTD,234.10,243.00,234.10,236.19,233.57,1.12,8.90,3.80,0.23,1733,413455.42,60
2026-03-08 00:00:00,RHL,ROBUST HOTELS LIMITED,174.00,174.00,168.80,172.99,168.50,2.66,5.20,2.99,3.26,1708,293038.81,121
2026-03-08 00:00:00,SENSEXADD,DSPAMC - DSPSENXETF,78.35,81.32,78.35,81.11,80.36,0.93,2.97,3.79,-2.50,1702,137882.13,38
2026-03-08 00:00:00,MFML,MAHALAXMI FABRIC MILLS LT,18.99,19.99,18.99,19.84,18.92,4.86,1.00,5.27,0.37,1696,33227.29,45
2026-03-08 00:00:00,ABSLMSCIN,BIRLASLAMC - ABSLMSCIN,30.10,30.18,29.55,29.79,29.87,-0.27,0.63,2.09,0.77,1644,49564.70,13
2026-03-08 00:00:00,ARIHANT,ARIHANT FOUN & HOU LTD,1142.00,1142.00,1106.20,1137.90,1142.75,-0.42,35.80,3.13,-0.07,1624,1842028.80,194
2026-03-08 00:00:00,PREMCO,PREMCO GLOBAL LTD.,372.60,382.30,372.55,380.10,372.55,2.03,9.75,2.62,0.01,1610,607282.85,67
2026-03-08 00:00:00,GUJRAFFIA,GUJARAT RAFFIA INDUST LTD,39.15,41.38,39.01,39.59,39.65,-0.15,2.37,6.05,-1.26,1607,63821.88,38
2026-03-08 00:00:00,KEYFINSERV,KEYNOTE FIN SERV LTD.,259.85,260.70,251.15,253.20,256.00,-1.09,9.55,3.68,1.50,1581,405071.55,67
2026-03-08 00:00:00,SENSEXBETA,UTIAMC-SENSEXBETA,866.00,876.00,860.05,864.44,863.29,0.13,15.95,1.84,0.31,1579,1375072.35,298
2026-03-08 00:00:00,NKIND,NK INDUSTRIES LTD,60.80,65.70,59.00,62.82,57.63,9.01,6.70,11.02,5.50,1565,98047.85,74
2026-03-08 00:00:00,BEEKAY,BEEKAY STEEL INDS. LTD.,406.20,406.20,390.70,392.80,394.40,-0.41,15.50,3.82,2.99,1540,607064.00,75
2026-03-08 00:00:00,ABMINTLLTD,ABM INTERNATIONAL LTD,45.00,45.00,42.00,42.51,43.71,-2.75,3.00,6.67,2.95,1513,63815.31,9
2026-03-08 00:00:00,ARCHIDPLY,ARCHIDPLY IND. LTD,83.00,83.48,81.30,81.80,81.14,0.81,2.18,2.63,2.29,1504,123167.79,58
2026-03-08 00:00:00,KHANDSE,KHANDWALA SECURITIES LTD,17.90,17.90,17.00,17.52,17.93,-2.29,0.90,5.03,-0.17,1503,26336.71,45
2026-03-08 00:00:00,JUBLCPL,JUBILANT AGRI N CON PRO L,1800.00,1848.70,1800.00,1822.30,1778.60,2.46,48.70,2.71,1.20,1471,2671052.90,298
2026-03-08 00:00:00,MOINFRA,MOTILALAMC - MOINFRA,60.94,61.40,60.94,61.25,60.60,1.07,0.46,0.75,0.56,1467,89778.07,91
2026-03-08 00:00:00,GILT5BETA,UTIAMC-GILT5BETA,66.53,66.90,65.86,66.03,66.73,-1.05,1.04,1.56,-0.30,1443,95357.25,21
2026-03-08 00:00:00,VHL,VARDHMAN HOLDINGS LIMITED,3398.00,3550.30,3398.00,3425.20,3398.00,0.80,152.30,4.48,0.00,1443,5025176.80,267
2026-03-08 00:00:00,HBESD,H B ESTATE DEVELOPERS L,73.00,78.94,73.00,75.00,75.03,-0.04,5.94,8.14,-2.71,1436,110125.70,37
2026-03-08 00:00:00,AHLEAST,ASIAN HOTELS (EAST) LTD,144.10,144.99,142.05,143.12,145.10,-1.36,2.94,2.04,-0.69,1406,200946.65,58
2026-03-08 00:00:00,LMW,LMW LIMITED,16152.00,16342.00,16071.00,16182.00,16152.00,0.19,271.00,1.68,0.00,1403,22790338.00,669
2026-03-08 00:00:00,KARMAENG,KARMA ENERGY LIMITED,36.60,39.90,36.60,38.50,38.24,0.68,3.30,9.02,-4.29,1381,52982.68,76
2026-03-08 00:00:00,WIPL,THE WESTERN INDIA PLY LTD,169.22,170.00,165.01,168.00,169.22,-0.72,4.99,2.95,0.00,1366,229386.60,23
2026-03-08 00:00:00,INDIANCARD,INDIAN CARD CLOTHING CO.,225.72,232.00,222.03,224.29,225.72,-0.63,9.97,4.42,0.00,1358,307441.05,51
2026-03-08 00:00:00,RAJPALAYAM,RAJAPALAYAM MILLS LTD.,830.00,839.90,806.30,818.85,829.05,-1.23,33.60,4.05,0.11,1355,1118856.90,103
2026-03-08 00:00:00,DRAGARWQ,DR. AGARWAL'S EYE HOSP L,5134.50,5134.50,5000.00,5007.00,5022.50,-0.31,134.50,2.62,2.23,1335,6697186.00,184
2026-03-08 00:00:00,ELDEHSG,ELDECO HSG & IND LTD.,796.80,807.70,775.00,803.50,771.80,4.11,32.70,4.10,3.24,1301,1036247.95,56
2026-03-08 00:00:00,SURAJLTD,SURAJ LIMITED,220.00,224.00,218.00,220.91,219.42,0.68,6.00,2.73,0.26,1291,283657.86,57
2026-03-08 00:00:00,KICL,KALYANI INVEST CO LTD,5580.00,5600.00,5490.50,5522.00,5498.50,0.43,109.50,1.96,1.48,1259,7004151.00,312
2026-03-08 00:00:00,MOMGF,MOTILALAMC - MOMGF,168.42,168.42,163.44,163.87,163.51,0.22,4.98,2.96,3.00,1226,201236.32,104
2026-03-08 00:00:00,SHRIKRISH,SHRI KRISHNA DEVCON LTD.,40.05,43.01,40.05,40.06,40.00,0.15,2.96,7.39,0.12,1199,48903.61,28
2026-03-08 00:00:00,UNITEDTEA,UNITED NILGIRI TEA LTD,480.95,481.00,465.30,472.80,480.95,-1.69,15.70,3.26,0.00,1194,564723.95,104
2026-03-08 00:00:00,WEALTH,WEALTH FRST PORT. MG. LTD,929.95,945.60,929.95,939.25,929.95,1.00,15.65,1.68,0.00,1110,1041744.00,138
2026-03-08 00:00:00,SECMARK,SECMARK CONSULTANCY LTD,127.63,127.70,122.00,124.46,127.00,-2.00,5.70,4.47,0.50,1074,132088.47,30
2026-03-08 00:00:00,SILINV,SIL INVESTMENTS LIMITED,419.00,430.00,419.00,427.60,418.05,2.28,11.00,2.63,0.23,1022,433495.25,73
2026-03-08 00:00:00,GILLANDERS,GILLANDERS ARBUTHNOT LTD,89.75,90.89,88.55,88.66,89.31,-0.73,2.34,2.61,0.49,992,88666.36,29
2026-03-08 00:00:00,KALYANIFRG,KALYANI FORGE LIMITED,620.00,620.00,593.00,599.60,601.90,-0.38,27.00,4.35,3.01,989,595668.70,91
2026-03-08 00:00:00,HAWKINCOOK,HAWKINS COOKERS LTD,8500.50,8649.50,8400.00,8496.50,8549.50,-0.62,249.50,2.94,-0.57,984,8410642.00,513
2026-03-08 00:00:00,SAPPL,SHREE AJIT PULP & PAPER L,285.25,295.00,281.90,287.45,289.65,-0.76,13.10,4.59,-1.52,983,281826.90,53
2026-03-08 00:00:00,SALONA,SALONA COTSPIN LTD.,244.02,252.96,243.90,248.06,243.90,1.71,9.06,3.71,0.05,965,239486.71,47
2026-03-08 00:00:00,GKWLIMITED,GKW LIMITED,1622.90,1685.00,1622.90,1660.20,1630.80,1.80,62.10,3.83,-0.48,963,1605044.70,58
2026-03-08 00:00:00,ELANTAS,ELANTAS BECK INDIA LTD.,9497.00,9899.00,9497.00,9797.00,9370.00,4.56,402.00,4.23,1.36,935,9093846.50,310
2026-03-08 00:00:00,AIROLAM,AIRO LAM LIMITED,88.00,88.49,86.04,86.17,86.03,0.16,2.45,2.78,2.29,934,80704.87,42
2026-03-08 00:00:00,SURYALA,SURYALATA SPINNING MILL L,409.90,420.00,400.45,410.90,405.95,1.22,19.55,4.77,0.97,907,370956.65,60
2026-03-08 00:00:00,NPBET,TATAAML - NPBET,284.71,291.69,284.71,288.87,284.71,1.46,6.98,2.45,0.00,875,251087.40,22
2026-03-08 00:00:00,DISAQ,DISA INDIA LTD.,12350.00,12350.00,12200.00,12332.00,12225.00,0.88,150.00,1.21,1.02,824,10123234.00,549
2026-03-08 00:00:00,PILANIINVS,PILANI INV & IND COR LTD,4302.90,4382.00,4302.90,4346.80,4302.90,1.02,79.10,1.84,0.00,794,3457977.30,206
2026-03-08 00:00:00,ROML,RAJ OIL MILLS LIMITED,43.58,45.99,43.58,45.00,44.41,1.33,2.41,5.53,-1.87,770,34789.19,41
2026-03-08 00:00:00,RVTH,REVATHI EQUIPMENT INDIA L,712.50,721.00,700.00,706.65,700.45,0.89,21.00,2.95,1.72,769,545878.20,46
2026-03-08 00:00:00,DICIND,DIC INDIA LIMITED,510.40,528.00,508.00,510.10,514.65,-0.88,20.00,3.92,-0.83,765,392923.10,44
2026-03-08 00:00:00,METROGLOBL,METROGLOBAL LTD.,131.90,135.00,129.10,133.26,131.90,1.03,5.90,4.47,0.00,748,99096.25,67
2026-03-08 00:00:00,GLOSTERLTD,GLOSTER LIMITED,669.40,670.00,662.00,668.60,659.60,1.36,8.00,1.20,1.49,734,489305.15,95
2026-03-08 00:00:00,SAYAJIHOTL,SAYAJI HOTELS LTD.,304.75,304.75,296.00,304.75,290.25,5.00,8.75,2.87,5.00,700,212448.05,33
2026-03-08 00:00:00,SHAHALLOYS,SHAH ALLOYS LIMITED,68.00,68.00,66.10,67.44,66.50,1.41,1.90,2.79,2.26,696,46704.31,26
2026-03-08 00:00:00,SHIVATEX,SHIVA TEXYARN LIMITED,165.00,166.66,163.02,163.57,164.24,-0.41,3.64,2.21,0.46,676,110790.02,22
2026-03-08 00:00:00,DHUNINV,DHUNSERI INVESTMENTS LTD,866.55,895.00,865.00,886.90,846.55,4.77,30.00,3.46,2.36,517,456567.50,114
2026-03-08 00:00:00,SANDESH,SANDESH LTD,978.15,992.00,973.00,989.60,978.15,1.17,19.00,1.94,0.00,501,493139.90,94
2026-03-08 00:00:00,ABMKNO,A B M KNOWLEDGEWARE LTD.,197.00,201.92,188.00,198.99,190.05,4.70,13.92,7.07,3.66,492,98516.28,35
2026-03-08 00:00:00,CURAA,CURA TECHNOLOGIES LIMITED,71.11,72.78,71.10,72.50,73.14,-0.88,1.68,2.36,-2.78,470,33540.74,34
2026-03-08 00:00:00,MCCHRLS-B,MAC CHARLES (INDIA) LTD.,667.95,699.00,665.05,690.00,671.30,2.79,33.95,5.08,-0.50,405,279570.95,41
2026-03-08 00:00:00,LICNFNHGP,LICNAMC - LICNFNHGP,279.71,282.90,272.05,282.62,276.95,2.05,10.85,3.88,1.00,386,107987.56,26
2026-03-08 00:00:00,APOLSINHOT,APOLLO SINDOORI HOTEL LTD,1210.70,1217.80,1195.10,1207.10,1200.00,0.59,22.70,1.87,0.89,382,461324.00,89
2026-03-08 00:00:00,NBIFIN,N.B.I. IND. FIN. CO. LTD,2191.00,2244.90,2190.00,2226.30,2200.40,1.18,54.90,2.51,-0.43,353,782376.70,102
2026-03-08 00:00:00,BANARISUG,BANNARI AMMAN SUGARS LTD,3474.90,3532.50,3470.00,3487.20,3475.30,0.34,62.50,1.80,-0.01,345,1208855.80,70
2026-03-08 00:00:00,MODTHREAD,MODERN THREADS INDIA LTD,47.86,52.14,47.86,48.85,47.88,2.03,4.28,8.94,-0.04,331,16175.49,16
2026-03-08 00:00:00,SAHLIBHFI,SHALIBHADRA FINANCE LTD,81.00,81.00,78.46,78.52,78.09,0.55,2.54,3.14,3.73,330,26091.88,13
2026-03-08 00:00:00,HALEOSLABS,HALEOS LABS LIMITED,1541.20,1590.00,1541.20,1589.00,1530.80,3.80,48.80,3.17,0.68,302,474758.20,59
2026-03-08 00:00:00,PKTEA,THE P K TEA PROD CO LTD,710.00,710.00,668.00,699.00,676.40,3.34,42.00,5.92,4.97,284,195913.30,18
2026-03-08 00:00:00,GILT10BETA,UTIAMC-GILT10BETA,26.76,26.76,26.49,26.53,26.36,0.64,0.27,1.01,1.52,280,7428.23,14
2026-03-08 00:00:00,TECHNVISN,TECHNVISION VENTURES LTD.,4344.30,4470.50,4302.60,4466.10,4470.20,-0.09,167.90,3.86,-2.82,261,1156762.80,101
2026-03-08 00:00:00,ZENITHEXPO,ZENITH EXPORTS LTD,198.89,200.90,198.89,198.89,200.90,-1.00,2.01,1.01,-1.00,253,50777.56,32
2026-03-08 00:00:00,THAKDEV,THAKKERS DEVELOPERS LTD.,136.01,148.00,135.00,140.47,141.18,-0.50,13.00,9.56,-3.66,230,32106.91,19
2026-03-08 00:00:00,GROBTEA,THE GROB TEA COMPANY LTD,903.30,919.40,893.30,918.05,920.00,-0.21,26.10,2.89,-1.82,223,204397.45,33
2026-03-08 00:00:00,TEAMGTY,TEAM INDIA GUARANTY LTD,228.70,229.00,217.11,223.48,215.32,3.79,11.89,5.20,6.21,210,46957.89,41
2026-03-08 00:00:00,LOYALTEX,LOYAL TEXTILE MILLS LTD,205.00,215.00,200.05,200.05,204.00,-1.94,14.95,7.29,0.49,187,38294.40,14
2026-03-08 00:00:00,NDGL,NAGA DHUNSERI GROUP LTD,2805.00,2850.00,2775.00,2849.00,2783.70,2.35,75.00,2.67,0.77,182,513392.60,27
2026-03-08 00:00:00,ABGSEC,BIRLASLAMC - ABGSEC,113.67,114.98,113.33,113.63,114.01,-0.33,1.65,1.45,-0.30,182,20810.16,18
2026-03-08 00:00:00,NIRAJISPAT,NIRAJ ISPAT IND LTD,220.00,220.00,210.00,215.99,222.49,-2.92,10.00,4.55,-1.12,174,37406.79,20
2026-03-08 00:00:00,PML,PAUL MERCHANTS LTD.,506.95,510.05,490.60,493.65,504.50,-2.15,19.45,3.84,0.49,155,77896.35,27
2026-03-08 00:00:00,TOUCHWOOD,TOUCHWOOD ENTERTAIN LTD.,67.44,67.44,66.06,66.45,66.24,0.32,1.38,2.05,1.81,155,10326.64,16
2026-03-08 00:00:00,INDPRUD,INDUSTRIAL & PRU INV CO L,6660.00,6660.00,6420.00,6550.00,6598.50,-0.74,240.00,3.60,0.93,98,640258.00,32
2026-03-08 00:00:00,ASTAR,ASIAN STAR CO. LTD.,624.90,624.90,585.10,585.10,594.95,-1.66,39.80,6.37,5.03,92,54694.00,9
2026-03-08 00:00:00,ENEXT50,EDELAMC - ENEXT50,74.25,74.25,73.70,74.00,73.66,0.46,0.55,0.74,0.80,89,6592.55,5
2026-03-08 00:00:00,INCREDIBLE,INCREDIBLE INDUSTRIES LTD,33.48,33.99,33.02,33.10,33.15,-0.15,0.97,2.90,1.00,86,2878.27,12
2026-03-08 00:00:00,ARVEE,ARVEE LABORATORIES I LTD,156.72,158.29,153.85,155.44,156.72,-0.82,4.44,2.83,0.00,62,9574.06,8
2026-03-08 00:00:00,BENGALASM,BENGAL & ASSAM CO. LTD.,6379.00,6379.00,6180.50,6205.00,6218.50,-0.22,198.50,3.11,2.58,43,269223.50,23
2026-03-08 00:00:00,NEAGI,NEELAMALAI AGRO INDS. L,3172.00,3172.00,3169.90,3170.00,3172.00,-0.06,2.10,0.07,0.00,26,82459.90,7
2026-03-08 00:00:00,ELCIDIN,ELCID INVESTMENTS LTD.,112995.00,112995.00,110600.00,111750.00,111000.00,0.68,2395.00,2.12,1.80,18,2005920.00,17
2026-03-08 00:00:00,ZSARACOM,SARASWATI COMM (INDIA) L,12199.00,12481.00,12100.00,12179.00,12200.50,-0.18,381.00,3.12,-0.01,14,171757.00,10
2026-03-08 00:00:00,GSEC10ABSL,BIRLASLAMC - GSEC10ABSL,113.27,113.27,113.27,113.27,113.42,-0.13,0.00,0.00,-0.13,1,113.27,1
