Date,Symbol,Company,Open,High,Low,Close,PrevClose,DailyReturnPct,DailyRange,RangePct,GapPct,Volume,TradedValue,Trades
2026-09-04 00:00:00,PCJEWELLER,PC JEWELLER LTD,10.60,12.17,10.51,11.86,10.52,12.74,1.66,15.66,0.76,1088942848,12427450209.39,285367
2026-09-04 00:00:00,IDEA,VODAFONE IDEA LIMITED,14.53,15.16,14.51,15.02,14.48,3.73,0.65,4.47,0.35,525960563,7870972078.36,774211
2026-09-04 00:00:00,IFCI,IFCI LTD,96.50,107.50,96.41,101.38,95.91,5.70,11.09,11.49,0.62,407352536,41971792905.11,954040
2026-09-04 00:00:00,JINDWORLD,JINDAL WORLDWIDE LTD,49.67,57.78,49.02,57.51,48.15,19.44,8.76,17.64,3.16,188275533,10239526628.67,320645
2026-09-04 00:00:00,SWIGGY,SWIGGY LIMITED,269.30,284.40,269.30,276.10,269.30,2.53,15.10,5.61,0.00,184369387,51119834391.50,239161
2026-09-04 00:00:00,LUMINO,LUMINO INDUSTRIES LIMITED,112.40,122.00,111.22,114.50,110.32,3.79,10.78,9.59,1.89,139069849,16228033158.85,451001
2026-09-04 00:00:00,MOTISONS,MOTISONS JEWELLERS LTD,15.21,17.50,15.21,16.48,15.37,7.22,2.29,15.06,-1.04,123701270,2045895817.23,165631
2026-09-04 00:00:00,NIACL,THE NEW INDIA ASSU CO LTD,196.49,234.39,196.49,229.91,195.33,17.70,37.90,19.29,0.59,66928665,14930434679.00,399899
2026-09-04 00:00:00,ALOKINDS,ALOK INDUSTRIES LIMITED,7.56,8.28,7.54,7.83,7.53,3.98,0.74,9.79,0.40,65791332,524704517.19,32342
2026-09-04 00:00:00,PWL,PHYSICSWALLAH LIMITED,123.37,130.70,123.03,126.42,120.60,4.83,7.67,6.22,2.30,62160413,7880949747.05,264548
2026-09-04 00:00:00,SUZLON,SUZLON ENERGY LIMITED,46.11,46.37,45.03,45.35,46.03,-1.48,1.34,2.91,0.17,55366085,2520349649.80,106068
2026-09-04 00:00:00,JAYNECOIND,JAYASWAL NECO INDUSTR LTD,92.00,94.37,85.22,89.04,98.68,-9.77,9.15,9.95,-6.77,49840056,4412245407.19,185969
2026-09-04 00:00:00,PINELABS,PINE LABS LIMITED,157.40,168.20,155.38,166.37,156.50,6.31,12.82,8.14,0.58,46587163,7653141490.06,205278
2026-09-04 00:00:00,GROWW,BILLIONBRAINS GARAGE VN L,193.00,195.68,191.85,194.00,190.24,1.98,3.83,1.98,1.45,44702306,8674312538.27,208015
2026-09-04 00:00:00,OLAELEC,OLA ELECTRIC MOBILITY LTD,37.65,38.95,37.56,38.20,37.47,1.95,1.39,3.69,0.48,42570426,1621617172.16,88750
2026-09-04 00:00:00,RESPONIND,RESPONSIVE INDUSTRIES LTD,151.25,176.14,150.37,154.90,151.87,2.00,25.77,17.04,-0.41,40184929,6773146067.60,227735
2026-09-04 00:00:00,TATASTEEL,TATA STEEL LIMITED,184.20,189.90,182.84,188.79,184.20,2.49,7.06,3.83,0.00,36500951,6838451656.64,121419
2026-09-04 00:00:00,CCAVENUE,AVENUESAI LIMITED,15.48,16.21,15.41,15.70,15.40,1.95,0.80,5.17,0.52,35876401,566531280.75,39145
2026-09-04 00:00:00,GTLINFRA,GTL INFRA.LTD,1.17,1.17,1.14,1.16,1.16,0.00,0.03,2.56,0.86,35008053,40512071.99,12244
2026-09-04 00:00:00,TATSILV,TATAAML-TATSILV,22.35,22.79,22.35,22.62,22.34,1.25,0.44,1.97,0.04,34470366,779462472.34,38486
2026-09-04 00:00:00,YESBANK,YES BANK LIMITED,22.47,22.62,22.44,22.50,22.54,-0.18,0.18,0.80,-0.31,31739702,714928561.27,64395
2026-09-04 00:00:00,PAISALO,PAISALO DIGITAL LIMITED,71.65,74.20,70.05,74.10,70.28,5.44,4.15,5.79,1.95,31201929,2279945788.20,54941
2026-09-04 00:00:00,VOGL,VEDANTA OIL AND GAS LTD,37.74,38.74,37.15,38.02,37.54,1.28,1.59,4.21,0.53,30917507,1175867730.04,46929
2026-09-04 00:00:00,JPPOWER,JAIPRAKASH POWER VEN. LTD,16.02,16.43,16.02,16.29,16.14,0.93,0.41,2.56,-0.74,30695821,497842901.61,24426
2026-09-04 00:00:00,JISLJALEQS,JAIN IRRIGATION SYSTEMS,28.29,32.39,28.25,30.87,28.16,9.62,4.14,14.63,0.46,29548721,917440484.92,56608
2026-09-04 00:00:00,ANGELONE,ANGEL ONE LIMITED,295.10,308.35,294.75,299.80,286.00,4.83,13.60,4.61,3.18,29274355,8825066015.90,175151
2026-09-04 00:00:00,VISL,VEDANTA IRON AND STEEL L,36.25,36.44,34.76,35.39,36.07,-1.89,1.68,4.63,0.50,28223582,1003253665.85,49071
2026-09-04 00:00:00,SALASAR,SALASAR TECHNO ENGG. LTD.,5.12,5.88,5.12,5.20,5.08,2.36,0.76,14.84,0.79,26712678,144034125.42,20032
2026-09-04 00:00:00,EMPOWER,EMPOWER INDIA LTD.,1.73,1.90,1.73,1.84,1.82,1.10,0.17,9.83,-4.95,26427168,46944709.51,4753
2026-09-04 00:00:00,TEJASNET,TEJAS NETWORKS LIMITED,570.00,622.80,570.00,614.15,567.45,8.23,52.80,9.26,0.45,26085952,15898465329.30,340750
2026-09-04 00:00:00,LALITHAA,LALITHAA JEWELLERY MART L,283.00,308.30,280.60,306.70,280.30,9.42,27.70,9.79,0.96,23781731,7051735553.40,156381
2026-09-04 00:00:00,MEESHO,MEESHO LIMITED,209.74,216.67,207.87,209.00,209.74,-0.35,8.80,4.20,0.00,22949812,4878476094.93,129113
2026-09-04 00:00:00,INOXWIND,INOX WIND LIMITED,74.27,76.50,73.50,74.40,74.00,0.54,3.00,4.04,0.36,22688206,1692539148.27,66739
2026-09-04 00:00:00,BAJAJHIND,BAJAJ HINDUSTHAN SUGAR LT,22.18,22.18,21.50,21.86,22.08,-1.00,0.68,3.07,0.45,21280859,462969000.48,23788
2026-09-04 00:00:00,FILATFASH,FILATEX FASHIONS LIMITED,0.19,0.19,0.18,0.18,0.18,0.00,0.01,5.26,5.56,21161213,3871529.79,1613
2026-09-04 00:00:00,FCL,FINEOTEX CHEMICAL LIMITED,48.68,52.10,48.60,51.51,48.41,6.40,3.50,7.19,0.56,20692198,1054990708.86,50149
2026-09-04 00:00:00,HCC,HINDUSTAN CONSTRUCTION CO,23.06,23.54,22.90,22.98,23.13,-0.65,0.64,2.78,-0.30,20266993,468445826.53,21413
2026-09-04 00:00:00,PFC,POWER FIN CORP LTD.,344.90,357.70,344.00,355.60,345.50,2.92,13.70,3.97,-0.17,19206290,6784877905.90,93027
2026-09-04 00:00:00,SAIL,STEEL AUTHORITY OF INDIA,197.86,200.10,194.30,196.80,197.00,-0.10,5.80,2.93,0.44,19094202,3774968357.97,69085
2026-09-04 00:00:00,ETERNAL,ETERNAL LIMITED,325.30,327.75,320.80,322.75,324.80,-0.63,6.95,2.14,0.15,17824027,5767662223.90,108841
2026-09-04 00:00:00,MOREPENLAB,MOREPEN LAB. LTD,117.91,118.00,112.55,113.74,117.45,-3.16,5.45,4.62,0.39,17563502,2017342713.96,68746
2026-09-04 00:00:00,PURVA,PURAVANKARA LIMITED,215.00,236.00,215.00,230.72,211.09,9.30,21.00,9.77,1.85,17390475,4000964936.51,139958
2026-09-04 00:00:00,SYNCOMF,SYNCOM FORMU (I) LTD,20.93,21.88,20.01,20.58,21.36,-3.65,1.87,8.93,-2.01,16788160,346402035.74,39261
2026-09-04 00:00:00,ESDS,ESDS SOFTWARE SOLUTION L,757.00,908.40,756.00,908.40,429.00,111.75,152.40,20.13,76.46,15790052,13115874910.25,192111
2026-09-04 00:00:00,DAVANGERE,DAVANGERE SUGAR COMPANY L,2.07,2.07,1.94,1.96,2.04,-3.92,0.13,6.28,1.47,15393852,30556545.65,5021
2026-09-04 00:00:00,IDFCFIRSTB,IDFC FIRST BANK LIMITED,87.81,87.98,86.50,86.71,87.50,-0.90,1.48,1.69,0.35,15288105,1332126831.02,52562
2026-09-04 00:00:00,MILKYMIST,MILKY MIST DAIRY FOOD L,255.00,260.59,249.50,252.43,252.89,-0.18,11.09,4.35,0.83,14599282,3704027052.08,107595
2026-09-04 00:00:00,RADHIKAJWE,RADHIKA JEWELTECH LIMITED,71.55,85.00,71.55,83.16,71.32,16.60,13.45,18.80,0.32,14544177,1179993917.43,82624
2026-09-04 00:00:00,HDFCBANK,HDFC BANK LTD,708.35,716.50,708.35,712.10,706.65,0.77,8.15,1.15,0.24,14488024,10338145691.25,202544
2026-09-04 00:00:00,UNITECH,UNITECH LTD,3.71,4.08,3.71,4.08,3.71,9.97,0.37,9.97,0.00,14406516,57902067.46,3337
2026-09-04 00:00:00,HBLENGINE,HBL ENGINEERING LTD,668.50,724.00,667.00,695.75,665.55,4.54,57.00,8.53,0.44,14312325,10122587437.10,270164
2026-09-04 00:00:00,ATALREAL,ATAL REALTECH LIMITED,26.09,26.40,26.04,26.22,25.90,1.24,0.36,1.38,0.73,13883610,362621060.47,5677
2026-09-04 00:00:00,SAMMAANCAP,SAMMAAN CAPITAL LIMITED,155.00,161.00,153.51,158.39,153.70,3.05,7.49,4.83,0.85,13853349,2195677474.92,61464
2026-09-04 00:00:00,MAHABANK,BANK OF MAHARASHTRA,86.75,86.95,85.70,85.95,86.32,-0.43,1.25,1.44,0.50,13802528,1193277156.70,37453
2026-09-04 00:00:00,RTNPOWER,RATTANINDIA POWER LIMITED,7.24,7.39,7.23,7.36,7.24,1.66,0.16,2.21,0.00,13604316,99367168.62,12534
2026-09-04 00:00:00,RENUKA,SHREE RENUKA SUGARS LTD,24.30,24.66,23.46,24.04,24.27,-0.95,1.20,4.94,0.12,13578560,323172128.88,19992
2026-09-04 00:00:00,RPOWER,RELIANCE POWER LTD.,22.11,22.32,22.04,22.08,22.03,0.23,0.28,1.27,0.36,13517969,299362374.84,23383
2026-09-04 00:00:00,ASHOKLEY,ASHOK LEYLAND LTD,168.98,173.29,168.18,169.00,169.35,-0.21,5.11,3.02,-0.22,13509881,2304474435.93,59938
2026-09-04 00:00:00,SBC,SBC EXPORTS LIMITED,43.48,46.89,43.45,45.76,43.25,5.80,3.44,7.91,0.53,13241116,597265711.23,14431
2026-09-04 00:00:00,NMDC,NMDC LTD.,84.52,85.18,84.26,84.70,84.19,0.61,0.92,1.09,0.39,13224234,1119930898.12,36754
2026-09-04 00:00:00,ZEEL,ZEE ENTERTAINMENT ENT LTD,92.00,92.95,90.50,91.61,91.64,-0.03,2.45,2.66,0.39,13036739,1191582646.95,52576
2026-09-04 00:00:00,RELIANCE,RELIANCE INDUSTRIES LTD,1304.10,1333.00,1304.10,1322.00,1302.50,1.50,28.90,2.22,0.12,13031534,17283587823.90,181295
2026-09-04 00:00:00,MARSONS,MARSONS LIMITED,125.89,140.73,125.30,137.56,125.53,9.58,15.43,12.26,0.29,12724657,1725581959.66,82782
2026-09-04 00:00:00,ALLCARGO,ALLCARGO LOGISTICS LTD,12.77,12.77,12.22,12.44,12.51,-0.56,0.55,4.31,2.08,12711642,158348010.29,12649
2026-09-04 00:00:00,VEDPOWER,VEDANTA POWER LIMITED,34.37,34.59,34.13,34.20,34.29,-0.26,0.46,1.34,0.23,12242508,419844318.24,35209
2026-09-04 00:00:00,UJJIVANSFB,UJJIVAN SMALL FINANC BANK,62.99,64.88,62.90,64.43,62.99,2.29,1.98,3.14,0.00,12168369,781074431.77,53653
2026-09-04 00:00:00,CANBK,CANARA BANK,126.30,127.30,125.50,125.50,125.80,-0.24,1.80,1.43,0.40,12141084,1536504463.99,48968
2026-09-04 00:00:00,MSUMI,MOTHERSON SUMI WRNG IND L,36.81,37.05,36.18,36.52,37.03,-1.38,0.87,2.36,-0.59,12064648,440018643.31,36139
2026-09-04 00:00:00,PRABHA,PRABHA ENERGY LIMITED,221.99,258.40,218.81,230.60,220.97,4.36,39.59,17.83,0.46,11908766,2898374986.87,138252
2026-09-04 00:00:00,JIOFIN,JIO FIN SERVICES LTD,237.80,240.63,237.80,239.50,237.45,0.86,2.83,1.19,0.15,11860254,2839655454.46,63338
2026-09-04 00:00:00,SINDHUTRAD,SINDHU TRADE LINKS LTD,24.15,25.90,23.91,25.28,23.95,5.55,1.99,8.24,0.84,11832177,299881716.10,16007
2026-09-04 00:00:00,IEX,INDIAN ENERGY EXC LTD,121.00,121.63,118.51,118.91,119.15,-0.20,3.12,2.58,1.55,11547227,1383522554.48,78737
2026-09-04 00:00:00,EDELWEISS,EDELWEISS FIN SERV LTD,136.11,138.24,134.76,136.08,134.76,0.98,3.48,2.56,1.00,11273587,1537790886.18,64340
2026-09-04 00:00:00,PNB,PUNJAB NATIONAL BANK,116.90,118.05,116.45,117.00,116.32,0.58,1.60,1.37,0.50,11160741,1311836105.82,35033
2026-09-04 00:00:00,SAGILITY,SAGILITY LIMITED,47.00,47.27,46.50,46.82,46.80,0.04,0.77,1.64,0.43,11136928,521834619.00,26621
2026-09-04 00:00:00,KWIL,KWALITY WALL'S (INDIA) L,42.31,42.73,41.80,42.12,42.31,-0.45,0.93,2.20,0.00,11043010,466016367.74,35932
2026-09-04 00:00:00,LENSKART,LENSKART SOLUTIONS LTD,672.55,694.80,672.55,684.90,672.45,1.85,22.25,3.31,0.01,10188245,6985526547.50,172364
2026-09-04 00:00:00,LANDSMILL,LANDSMILL GREEN LIMITED,0.67,0.71,0.63,0.63,0.67,-5.97,0.08,11.94,0.00,10129295,6736156.04,1760
2026-09-04 00:00:00,SKIPPER,SKIPPER LIMITED,538.15,609.00,533.75,591.10,546.90,8.08,75.25,13.98,-1.60,10118419,5970106374.95,190678
2026-09-04 00:00:00,JYOTISTRUC,JYOTI STRUCTURES LTD,9.85,10.20,9.60,10.02,9.80,2.24,0.60,6.09,0.51,10113711,100615811.04,10569
2026-09-04 00:00:00,KALYANKJIL,KALYAN JEWELLERS IND LTD,588.20,604.95,585.30,598.80,585.30,2.31,19.65,3.34,0.50,9662044,5784265054.05,94262
2026-09-04 00:00:00,ITC,ITC LTD,264.00,266.25,262.65,264.10,263.00,0.42,3.60,1.36,0.38,9519153,2519988718.35,145963
2026-09-04 00:00:00,KOTAKBANK,KOTAK MAHINDRA BANK LTD,421.65,425.95,421.65,424.50,421.15,0.80,4.30,1.02,0.12,9408316,3989733446.65,243194
2026-09-04 00:00:00,ADANIPOWER,ADANI POWER LTD,208.29,208.99,206.75,207.20,208.29,-0.52,2.24,1.08,0.00,9328145,1936433429.16,49319
2026-09-04 00:00:00,GMRAIRPORT,GMR AIRPORTS LIMITED,96.86,97.98,96.30,97.45,96.87,0.60,1.68,1.73,-0.01,9286457,903811495.83,42822
2026-09-04 00:00:00,SIGACHI,SIGACHI INDUSTRIES LTD,32.55,35.60,32.31,34.74,32.55,6.73,3.29,10.11,0.00,9215095,317743261.60,27794
2026-09-04 00:00:00,SOUTHBANK,THE SOUTH INDIAN BANK LTD,47.95,48.44,47.14,47.29,47.70,-0.86,1.30,2.71,0.52,8819050,420419137.01,26264
2026-09-04 00:00:00,GANGAFORGE,GANGA FORGING LIMITED,1.68,1.75,1.68,1.68,1.76,-4.55,0.07,4.17,-4.55,8689563,14659134.13,2873
2026-09-04 00:00:00,SHANKESH,SHANKESH JEWELLERS LTD,97.35,103.45,97.00,98.92,97.40,1.56,6.45,6.63,-0.05,8474688,854506536.70,48883
2026-09-04 00:00:00,MMTC,MMTC LIMITED,62.61,66.20,62.53,64.18,62.32,2.98,3.67,5.86,0.47,8443462,548945723.35,38101
2026-09-04 00:00:00,CUPID,CUPID LIMITED,280.00,287.00,280.00,283.15,279.95,1.14,7.00,2.50,0.02,8434946,2392690721.30,64825
2026-09-04 00:00:00,MASTERTR,MASTER TRUST LIMITED,81.05,95.50,81.05,89.16,81.03,10.03,14.45,17.83,0.02,8360812,761522949.41,43240
2026-09-04 00:00:00,BEL,BHARAT ELECTRONICS LTD,409.25,413.10,405.35,405.35,408.60,-0.80,7.75,1.89,0.16,8354982,3422432462.90,92382
2026-09-04 00:00:00,SKYWAYS,SKYWAYS AIR SERVICES LTD,131.50,133.65,120.10,122.72,130.06,-5.64,13.55,10.30,1.11,8338807,1075533753.03,45579
2026-09-04 00:00:00,TFCILTD,TOURISM FINANCE CORP. OF,147.19,147.39,142.40,143.26,146.71,-2.35,4.99,3.39,0.33,8211306,1185422062.43,17636
2026-09-04 00:00:00,IGL,INDRAPRASTHA GAS LTD,150.50,159.50,150.50,158.04,149.42,5.77,9.00,5.98,0.72,8174532,1283408019.19,62988
2026-09-04 00:00:00,ABFRL,ADITYA BIRLA FASHION & RT,50.76,53.50,50.45,52.97,50.41,5.08,3.05,6.01,0.69,8157673,426909612.43,38913
2026-09-04 00:00:00,BSE,BSE LIMITED,3400.00,3474.00,3391.70,3409.80,3306.10,3.14,82.30,2.42,2.84,7975058,27395759857.00,321829
2026-09-04 00:00:00,POWERGRID,POWER GRID CORP. LTD.,266.90,267.50,265.05,266.00,265.60,0.15,2.45,0.92,0.49,7967122,2120572391.70,60237
2026-09-04 00:00:00,UNIONBANK,UNION BANK OF INDIA,189.00,189.95,187.05,187.22,189.00,-0.94,2.90,1.53,0.00,7910433,1489578511.73,33032
2026-09-04 00:00:00,IRFC,INDIAN RAILWAY FIN CORP L,82.70,83.95,82.70,83.40,82.65,0.91,1.25,1.51,0.06,7883831,657085398.60,36348
2026-09-04 00:00:00,IBULLSLTD,INDIABULLS LIMITED,25.92,26.12,25.12,25.67,25.84,-0.66,1.00,3.86,0.31,7874352,200542020.69,14317
2026-09-04 00:00:00,RBLBANK,RBL BANK LIMITED,409.00,417.05,406.70,414.35,408.10,1.53,10.35,2.53,0.22,7858699,3252233480.05,86651
2026-09-04 00:00:00,BANKBARODA,BANK OF BARODA,242.37,242.37,239.00,239.00,240.44,-0.60,3.37,1.39,0.80,7816984,1876863209.27,34280
2026-09-04 00:00:00,VMM,VISHAL MEGA MART LIMITED,107.00,107.39,105.92,106.14,107.80,-1.54,1.47,1.37,-0.74,7783965,829985261.55,75778
2026-09-04 00:00:00,CGCL,CAPRI GLOBAL CAPITAL LTD,274.00,284.80,271.50,279.90,271.70,3.02,13.30,4.85,0.85,7594713,2098998472.35,54695
2026-09-04 00:00:00,WELSPUNLIV,WELSPUN LIVING LIMITED,201.00,209.93,199.90,208.51,200.61,3.94,10.03,4.99,0.19,7470859,1540684488.28,54289
2026-09-04 00:00:00,TEMBO,TEMBO GLOBAL IND LTD,56.10,61.20,55.40,58.47,55.94,4.52,5.80,10.34,0.29,7416209,432120517.83,10506
2026-09-04 00:00:00,SEPC,SEPC LIMITED,5.39,5.44,5.35,5.38,5.37,0.19,0.09,1.67,0.37,7339250,39538568.21,4047
2026-09-04 00:00:00,MOTHERSON,SAMVRDHNA MTHRSN INTL LTD,162.01,162.90,160.26,160.70,162.00,-0.80,2.64,1.63,0.01,7139764,1150561538.38,38412
2026-09-04 00:00:00,LICHSGFIN,LIC HOUSING FINANCE LTD,554.00,579.40,554.00,562.05,554.00,1.45,25.40,4.58,0.00,7126780,4061104070.35,56929
2026-09-04 00:00:00,NTPC,NTPC LTD,332.75,334.05,329.80,332.50,330.90,0.48,4.25,1.28,0.56,7032282,2336377442.05,64357
2026-09-04 00:00:00,URBANCO,URBAN COMPANY LIMITED,177.80,183.97,176.27,181.09,177.46,2.05,7.70,4.33,0.19,6940698,1244689535.65,47935
2026-09-04 00:00:00,RBZJEWEL,RBZ JEWELLERS LIMITED,197.00,204.70,194.00,200.69,191.68,4.70,10.70,5.43,2.78,6929954,1384659836.42,72876
2026-09-04 00:00:00,MUKKA,MUKKA PROTEINS LIMITED,29.99,32.44,28.96,31.34,28.72,9.12,3.48,11.60,4.42,6910108,212354826.68,25607
2026-09-04 00:00:00,WIPRO,WIPRO LTD,176.74,178.75,176.40,176.40,175.72,0.39,2.35,1.33,0.58,6882678,1222502362.77,48742
2026-09-04 00:00:00,IRB,IRB INFRA DEV LTD.,19.85,19.91,19.60,19.65,19.67,-0.10,0.31,1.56,0.92,6862525,135500390.13,14986
2026-09-04 00:00:00,SBIN,STATE BANK OF INDIA,1026.00,1029.20,1016.10,1016.10,1023.40,-0.71,13.10,1.28,0.25,6724566,6869612159.90,146219
2026-09-04 00:00:00,ICICIBANK,ICICI BANK LTD.,1432.10,1438.30,1421.40,1423.20,1430.00,-0.48,16.90,1.18,0.15,6693889,9566874557.40,100896
2026-09-04 00:00:00,VAML,VEDANTA ALUMINIUM METAL L,437.40,439.90,429.40,437.75,435.85,0.44,10.50,2.40,0.36,6641767,2885501797.20,74214
2026-09-04 00:00:00,MANALIPETC,MANALI PETROCHEMICALS LT,89.56,90.61,86.00,86.76,89.73,-3.31,4.61,5.15,-0.19,6435710,568828644.91,27514
2026-09-04 00:00:00,HORIZONIND,HORIZON INDUSTRIAL PRKS L,55.49,55.99,54.60,55.13,55.69,-1.01,1.39,2.50,-0.36,6411837,351834248.97,22902
2026-09-04 00:00:00,RVNL,RAIL VIKAS NIGAM LIMITED,211.00,214.18,209.62,212.49,209.30,1.52,4.56,2.16,0.81,6287421,1333587361.14,44145
2026-09-04 00:00:00,TMCV,TATA MOTORS LIMITED,462.85,469.20,456.20,458.20,460.35,-0.47,13.00,2.81,0.54,6245264,2887322626.00,106104
2026-09-04 00:00:00,ACMESOLAR,ACME SOLAR HOLDINGS LTD,402.90,430.50,399.55,418.00,401.90,4.01,30.95,7.68,0.25,6203953,2589884574.75,110173
2026-09-04 00:00:00,COALINDIA,COAL INDIA LTD,418.00,418.00,412.55,415.35,420.05,-1.12,5.45,1.30,-0.49,6126850,2538755745.65,69442
2026-09-04 00:00:00,DHOOTTRANS,DHOOT TRANSMISSION LTD,1615.00,1665.00,1570.10,1615.70,1583.50,2.03,94.90,5.88,1.99,6047122,9814338483.10,317283
2026-09-04 00:00:00,HDFCLIFE,HDFC LIFE INS CO LTD,533.70,548.00,533.30,546.40,533.50,2.42,14.70,2.75,0.04,6016219,3266041841.30,59921
2026-09-04 00:00:00,UCOBANK,UCO BANK,24.65,25.02,24.55,24.78,24.64,0.57,0.47,1.91,0.04,5993994,148780671.46,13828
2026-09-04 00:00:00,VEDL,VEDANTA LIMITED,272.00,274.50,268.85,272.10,270.50,0.59,5.65,2.08,0.55,5992724,1627710407.35,52698
2026-09-04 00:00:00,UTKARSHBNK,UTKARSH SMALL FIN BANK L,15.00,15.10,14.51,14.56,14.89,-2.22,0.59,3.93,0.74,5961768,88159940.97,5603
2026-09-04 00:00:00,BAJFINANCE,BAJAJ FINANCE LIMITED,1050.60,1063.60,1049.70,1060.50,1049.00,1.10,13.90,1.32,0.15,5952048,6285695160.10,104933
2026-09-04 00:00:00,BHEL,BHEL,433.00,439.20,429.20,431.10,431.80,-0.16,10.00,2.31,0.28,5925391,2570597352.55,52899
2026-09-04 00:00:00,RECLTD,REC LIMITED,313.60,320.20,313.20,318.70,313.60,1.63,7.00,2.23,0.00,5894088,1865281157.50,34787
2026-09-04 00:00:00,INFY,INFOSYS LIMITED,1133.00,1146.70,1125.40,1130.00,1130.30,-0.03,21.30,1.88,0.24,5881388,6658277427.90,109162
2026-09-04 00:00:00,OMAXE,OMAXE LIMITED,128.42,138.89,127.01,136.38,127.29,7.14,11.88,9.25,0.89,5607789,750341842.41,33417
2026-09-04 00:00:00,LEAPIND,LEAP INDIA LIMITED,153.50,155.30,149.50,150.26,152.41,-1.41,5.80,3.78,0.72,5589910,851623129.86,43498
2026-09-04 00:00:00,ATHERENERG,ATHER ENERGY LIMITED,1644.00,1644.50,1560.90,1584.00,1638.90,-3.35,83.60,5.09,0.31,5585636,8886302451.80,146553
2026-09-04 00:00:00,XTRANET,XTRANET TECHNOLOGIES LTD,197.20,234.24,193.11,234.24,195.20,20.00,41.13,20.86,1.02,5584599,1262045286.66,39510
2026-09-04 00:00:00,NATIONALUM,NATIONAL ALUMINIUM CO LTD,376.00,378.95,372.75,374.10,374.00,0.03,6.20,1.65,0.53,5517970,2070277862.75,60913
2026-09-04 00:00:00,RHETAN,RHETAN TMT LIMITED,25.42,25.42,25.41,25.42,23.11,10.00,0.01,0.04,10.00,5456321,138674607.58,2223
2026-09-04 00:00:00,LICI,LIFE INSURA CORP OF INDIA,416.85,419.30,415.30,415.35,416.90,-0.37,4.00,0.96,-0.01,5411741,2258499295.35,42606
2026-09-04 00:00:00,EXICOM,EXICOM TELE SYSTEMS LTD,166.80,179.75,166.80,177.85,166.13,7.05,12.95,7.76,0.40,5389417,947959724.68,51639
2026-09-04 00:00:00,HIKAL,HIKAL LIMITED,234.00,236.74,220.10,222.30,240.36,-7.51,16.64,7.11,-2.65,5359400,1229709067.34,59686
2026-09-04 00:00:00,ONGC,OIL AND NATURAL GAS CORP.,235.44,235.44,233.60,234.65,236.00,-0.57,1.84,0.78,-0.24,5338085,1252209953.16,49732
2026-09-04 00:00:00,ALEMBICLTD,ALEMBIC LIMITED,111.60,114.80,109.81,111.41,109.51,1.74,4.99,4.47,1.91,5309246,597581071.02,39669
2026-09-04 00:00:00,CENTRALBK,CENTRAL BANK OF INDIA,30.85,31.18,30.78,31.08,30.77,1.01,0.40,1.30,0.26,5295221,164335328.96,11961
2026-09-04 00:00:00,IOLCP,IOL CHEM AND PHARMA LTD,197.00,204.98,192.50,199.95,196.43,1.79,12.48,6.34,0.29,5291531,1059245966.01,49711
2026-09-04 00:00:00,PAYTM,ONE 97 COMMUNICATIONS LTD,1635.20,1697.70,1626.60,1659.50,1637.00,1.37,71.10,4.35,-0.11,5191803,8666964801.00,102813
2026-09-04 00:00:00,PVP,PVP VENTURES LIMITED,64.89,68.14,62.11,67.94,64.90,4.68,6.03,9.29,-0.02,5145513,339808573.21,15960
2026-09-04 00:00:00,NSLNISP,NMDC STEEL LIMITED,45.61,46.50,44.97,46.02,45.40,1.37,1.53,3.35,0.46,5132127,235298292.99,16995
2026-09-04 00:00:00,BODALCHEM,BODAL CHEMICALS LTD,147.26,159.99,146.36,155.62,150.76,3.22,13.63,9.26,-2.32,5050468,785378513.84,40463
2026-09-04 00:00:00,IDBI,IDBI BANK LIMITED,92.40,92.40,90.42,90.63,91.97,-1.46,1.98,2.14,0.47,5012839,456803855.04,21010
2026-09-04 00:00:00,EASEMYTRIP,EASY TRIP PLANNERS LTD,6.03,6.03,5.98,6.00,5.97,0.50,0.05,0.83,1.01,5002636,30042736.89,4499
2026-09-04 00:00:00,SHIPROCKET,SHIPROCKET LIMITED,137.19,138.20,134.21,135.92,135.89,0.02,3.99,2.91,0.96,4989875,678754817.19,27339
2026-09-04 00:00:00,GICRE,GENERAL INS CORP OF INDIA,343.65,361.30,341.60,358.45,356.15,0.65,19.70,5.73,-3.51,4931565,1747092626.40,51131
2026-09-04 00:00:00,ANTELOPUS,ANTELOPUS SELAN ENRGY LTD,1001.00,1028.80,925.20,957.15,1013.30,-5.54,103.60,10.35,-1.21,4816181,4805165352.50,130208
2026-09-04 00:00:00,LLOYDSENGG,LLOYDS ENGG WORK LIMITED,85.11,86.63,83.94,84.21,84.95,-0.87,2.69,3.16,0.19,4801657,408703407.49,23635
2026-09-04 00:00:00,HINDZINC,HINDUSTAN ZINC LIMITED,598.00,603.00,592.00,601.00,587.95,2.22,11.00,1.84,1.71,4650039,2777865106.70,42173
2026-09-04 00:00:00,INDOMIM,INDO-MIM LIMITED,926.00,983.60,926.00,971.50,922.40,5.32,57.60,6.22,0.39,4512815,4357475831.90,135739
2026-09-04 00:00:00,JMFINANCIL,JM FINANCIAL LIMITED,134.90,136.30,130.65,132.06,134.53,-1.84,5.65,4.19,0.28,4507470,598254392.21,48491
2026-09-04 00:00:00,APOLLO,APOLLO MICRO SYSTEMS LTD,383.50,392.95,383.50,388.90,383.25,1.47,9.45,2.46,0.07,4500219,1747437304.55,33823
2026-09-04 00:00:00,RATNAVEER,RATNAVEER PRECISION ENG L,289.00,308.25,288.95,304.75,286.10,6.52,19.30,6.68,1.01,4493978,1352427213.05,29102
2026-09-04 00:00:00,PARACABLES,PARAMOUNT COMM LTD,64.10,69.00,64.00,65.51,64.30,1.88,5.00,7.80,-0.31,4472304,300610733.88,19294
2026-09-04 00:00:00,GROWWCHEM,GROWWAMC - GROWWCHEM,30.19,30.68,30.10,30.24,30.19,0.17,0.58,1.92,0.00,4453571,134847615.02,392
2026-09-04 00:00:00,CROMPTON,CROMPT GREA CON ELEC LTD,227.64,235.47,226.27,232.40,226.51,2.60,9.20,4.04,0.50,4443658,1037169878.01,31875
2026-09-04 00:00:00,WELSPLSOL,WELSPUN SPECIALTY SOL L,56.95,59.95,56.01,59.55,56.02,6.30,3.94,6.92,1.66,4319775,253749951.00,19334
2026-09-04 00:00:00,IOC,INDIAN OIL CORP LTD,137.00,137.76,136.87,137.60,137.80,-0.15,0.89,0.65,-0.58,4277697,587580873.31,29860
2026-09-04 00:00:00,CASTROLIND,CASTROL INDIA LIMITED,186.21,190.95,186.03,190.27,186.42,2.07,4.92,2.64,-0.11,4231930,800519306.47,28190
2026-09-04 00:00:00,ANANTRAJ,ANANT RAJ LIMITED,633.00,646.40,622.10,625.45,628.30,-0.45,24.30,3.84,0.75,4215356,2673085693.55,66431
2026-09-04 00:00:00,VBL,VARUN BEVERAGES LIMITED,407.55,412.65,406.10,407.60,407.15,0.11,6.55,1.61,0.10,4144842,1693655647.95,42531
2026-09-04 00:00:00,SHRIRAMFIN,SHRIRAM FINANCE LIMITED,1044.20,1052.80,1037.00,1041.00,1044.20,-0.31,15.80,1.51,0.00,4135730,4311670826.30,60483
2026-09-04 00:00:00,FEDERALBNK,FEDERAL BANK LTD,344.90,344.90,341.80,343.00,344.60,-0.46,3.10,0.90,0.09,4115397,1412014763.60,56122
2026-09-04 00:00:00,NHPC,NHPC LTD,76.39,76.75,75.91,76.25,76.45,-0.26,0.84,1.10,-0.08,4059538,310146281.24,21579
2026-09-04 00:00:00,SHUKRAPHAR,SHUKRA PHARMACEUTICALS L,53.39,55.54,51.66,51.93,51.93,0.00,3.88,7.27,2.81,4036493,215195744.32,13652
2026-09-04 00:00:00,TMPV,TATA MOTORS PASS VEH LTD,312.00,315.50,310.65,311.50,312.00,-0.16,4.85,1.55,0.00,4010174,1254810683.15,46778
2026-09-04 00:00:00,RAIN,RAIN INDUSTRIES LIMITED,212.60,217.30,210.10,215.72,211.71,1.89,7.20,3.39,0.42,4009182,859118962.85,27891
2026-09-04 00:00:00,GUJENERGY,GUJARAT ENERGY LIMITED,264.11,268.36,262.14,263.59,264.10,-0.19,6.22,2.36,0.00,3952971,1047510016.27,52229
2026-09-04 00:00:00,STEELXIND,STEEL EXCHANGE INDIA LTD,11.78,11.80,11.20,11.34,11.31,0.27,0.60,5.09,4.16,3888782,44308992.09,4524
2026-09-04 00:00:00,GAIL,GAIL (INDIA) LTD,174.27,174.27,171.92,173.40,174.67,-0.73,2.35,1.35,-0.23,3878219,671267881.16,25389
2026-09-04 00:00:00,TATAPOWER,TATA POWER CO LTD,365.10,368.50,364.10,368.00,365.70,0.63,4.40,1.21,-0.16,3826383,1403868546.35,35646
2026-09-04 00:00:00,AXISBANK,AXIS BANK LIMITED,1270.30,1280.70,1262.00,1273.00,1267.00,0.47,18.70,1.47,0.26,3810611,4856455094.70,61874
2026-09-04 00:00:00,HINDCOPPER,HINDUSTAN COPPER LTD,522.15,523.95,518.00,521.65,518.50,0.61,5.95,1.14,0.70,3802351,1979833441.60,45647
2026-09-04 00:00:00,PARADEEP,PARADEEP PHOSPHATES LTD,154.00,157.68,152.50,157.00,153.53,2.26,5.18,3.36,0.31,3778120,587418878.95,39668
2026-09-04 00:00:00,TEXRAIL,TEXMACO RAIL & ENG. LTD.,113.60,117.53,113.33,115.99,113.63,2.08,4.20,3.70,-0.03,3746637,435010329.17,22755
2026-09-04 00:00:00,EPL,EPL LIMITED,246.55,250.90,244.55,247.10,246.55,0.22,6.35,2.58,0.00,3718253,920059579.90,30937
2026-09-04 00:00:00,LLOYDSENT,LLOYDS ENTERPRISES LTD,71.79,74.69,71.79,74.23,71.97,3.14,2.90,4.04,-0.25,3684805,271090260.49,15028
2026-09-04 00:00:00,HINDALCO,HINDALCO  INDUSTRIES  LTD,1012.90,1020.80,1005.00,1011.00,1010.00,0.10,15.80,1.56,0.29,3682428,3733979952.20,93460
2026-09-04 00:00:00,BHARTIARTL,BHARTI AIRTEL LIMITED,1868.10,1870.70,1840.00,1840.00,1869.00,-1.55,30.70,1.64,-0.05,3614328,6704394530.20,93290
2026-09-04 00:00:00,WOCKPHARMA,WOCKHARDT LIMITED,1980.00,2108.50,1976.10,2088.70,1950.60,7.08,132.40,6.69,1.51,3557646,7325712597.30,156657
2026-09-04 00:00:00,REDINGTON,REDINGTON LIMITED,374.40,378.80,367.20,371.30,372.45,-0.31,11.60,3.10,0.52,3554885,1318349069.20,44267
2026-09-04 00:00:00,VIKRAMSOLR,VIKRAM SOLAR LIMITED,173.00,175.60,167.85,168.45,171.65,-1.86,7.75,4.48,0.79,3550735,608902886.21,29320
2026-09-04 00:00:00,BHARATCOAL,BHARAT COKING COAL LTD,33.80,34.05,33.60,33.81,33.80,0.03,0.45,1.33,0.00,3546055,119753255.17,12715
2026-09-04 00:00:00,SMALLCAP,MIRAEAMC - SMALLCAP,49.25,49.40,47.73,48.90,49.06,-0.33,1.67,3.39,0.39,3500382,171723810.58,3340
2026-09-04 00:00:00,NETWORK18,NETWORK18 MEDIA & INV LTD,27.56,28.53,27.56,28.38,27.55,3.01,0.97,3.52,0.04,3493333,98244784.81,8433
2026-09-04 00:00:00,ENGINERSIN,ENGINEERS INDIA LTD,282.40,284.50,278.35,279.45,281.95,-0.89,6.15,2.18,0.16,3490446,983697582.55,51832
2026-09-04 00:00:00,TBZ,TRIB BHIMJI ZAVERI LTD,456.00,480.85,456.00,480.85,437.15,10.00,24.85,5.45,4.31,3486401,1646736158.60,34113
2026-09-04 00:00:00,LEMONTREE,LEMON TREE HOTELS LTD,105.24,107.00,104.77,104.95,104.89,0.06,2.23,2.12,0.33,3464757,365276752.85,24317
2026-09-04 00:00:00,MODEFENCE,MOTILALAMC - MODEFENCE,106.90,107.97,106.50,107.14,106.05,1.03,1.47,1.38,0.80,3442112,370564298.03,6810
2026-09-04 00:00:00,IXIGO,LE TRAVENUES TECHNOLOGY L,163.76,170.63,163.39,166.75,162.15,2.84,7.24,4.42,0.99,3400102,565730322.35,55718
2026-09-04 00:00:00,VIYASH,VIYASH SCIENTIFIC LIMITED,260.80,268.30,260.75,265.85,260.45,2.07,7.55,2.89,0.13,3313584,878066516.80,26625
2026-09-04 00:00:00,TRIDENT,TRIDENT LIMITED,24.03,24.59,23.97,24.16,23.99,0.71,0.62,2.58,0.17,3292066,79632904.88,10401
2026-09-04 00:00:00,LTF,L&T FINANCE LIMITED,317.00,320.50,313.40,314.00,316.90,-0.92,7.10,2.24,0.03,3279672,1039647643.30,27954
2026-09-04 00:00:00,AFFLE,AFFLE 3I LIMITED,1529.00,1645.00,1521.00,1616.50,1519.20,6.40,124.00,8.11,0.65,3213241,5160546853.40,162220
2026-09-04 00:00:00,MVELECTRO,MV ELECTROSYSTEMS LIMITED,730.65,752.40,710.00,729.70,730.65,-0.13,42.40,5.80,0.00,3173336,2323805264.80,58930
2026-09-04 00:00:00,HINDPETRO,HINDUSTAN PETROLEUM CORP,359.90,360.05,355.55,356.50,361.35,-1.34,4.50,1.25,-0.40,3155139,1127620802.00,28717
2026-09-04 00:00:00,BIOCON,BIOCON LIMITED.,404.00,404.90,396.20,397.40,402.00,-1.14,8.70,2.15,0.50,3108555,1246689437.30,26399
2026-09-04 00:00:00,RGL,RENAISSANCE GLOBAL LTD,137.94,150.38,137.89,149.26,137.12,8.85,12.49,9.05,0.60,3035236,447380963.07,26139
2026-09-04 00:00:00,MRPL,MRPL,176.40,178.90,174.25,174.83,175.99,-0.66,4.65,2.64,0.23,3031271,533725531.34,20658
2026-09-04 00:00:00,TITAGARH,TITAGARH RAIL SYSTEMS LTD,848.00,898.00,845.00,871.85,844.20,3.28,53.00,6.25,0.45,3001183,2642248608.65,92110
2026-09-04 00:00:00,AVANCE,AVANCE TECHNOLOGIES LTD.,0.83,0.83,0.82,0.82,0.82,0.00,0.01,1.20,1.22,2992770,2465295.71,1245
2026-09-04 00:00:00,AWL,AWL AGRI BUSINESS LIMITED,191.11,191.90,186.20,187.29,190.79,-1.83,5.70,2.98,0.17,2987354,562059740.73,35133
2026-09-04 00:00:00,BLKASHYAP,B.L.KASHYAP & SON LTD,57.60,62.45,57.04,59.34,57.60,3.02,5.41,9.39,0.00,2983058,181837695.18,12864
2026-09-04 00:00:00,GLAND,GLAND PHARMA LIMITED,2915.00,2969.00,2851.10,2932.40,2907.90,0.84,117.90,4.04,0.24,2977808,8644188339.80,106175
2026-09-04 00:00:00,KSHITIJPOL,KSHITIJ POLYLINE LIMITED,3.15,3.30,3.15,3.30,3.15,4.76,0.15,4.76,0.00,2941441,9633333.30,1040
2026-09-04 00:00:00,BANDHANBNK,BANDHAN BANK LIMITED,165.11,166.74,164.50,164.95,164.23,0.44,2.24,1.36,0.54,2928918,484362717.92,21919
2026-09-04 00:00:00,WELENT,WELSPUN ENTERPRISES LTD.,761.80,825.00,757.40,813.60,764.75,6.39,67.60,8.87,-0.39,2915318,2347717221.80,76010
2026-09-04 00:00:00,BANKINDIA,BANK OF INDIA,144.80,145.80,144.11,145.00,145.00,0.00,1.69,1.17,-0.14,2902558,421059917.66,44590
2026-09-04 00:00:00,JTLIND,JTL INDUSTRIES LIMITED,90.00,92.89,89.77,91.67,89.67,2.23,3.12,3.47,0.37,2884117,263625202.83,18506
2026-09-04 00:00:00,ESSENTIA,INTEGRA ESSENTIA LIMITED,1.05,1.08,1.05,1.05,1.05,0.00,0.03,2.86,0.00,2849052,3029362.19,825
2026-09-04 00:00:00,HAVELLS,HAVELLS INDIA LIMITED,1178.00,1178.00,1149.70,1154.00,1200.00,-3.83,28.30,2.40,-1.83,2840527,3291908157.40,94606
2026-09-04 00:00:00,SUNSHINE,SUNSHINE PICTURES LIMITED,443.05,476.85,440.00,441.45,438.80,0.60,36.85,8.32,0.97,2746047,1257856495.65,43350
2026-09-04 00:00:00,GROWWRAIL,GROWWAMC - GROWWRAIL,28.19,28.22,27.85,28.08,28.05,0.11,0.37,1.31,0.50,2704363,75974798.64,2019
2026-09-04 00:00:00,CORDELIA,WATERWAYS LEISURE TOUR L,102.50,106.96,101.81,103.90,101.87,1.99,5.15,5.02,0.62,2698667,284249691.56,8937
2026-09-04 00:00:00,CMPDI,CENTRAL MINE P N D INST L,239.39,244.55,236.67,243.92,239.66,1.78,7.88,3.29,-0.11,2694037,651945967.52,29485
2026-09-04 00:00:00,ONEPOINT,ONE POINT ONE SOL LTD,54.60,58.77,54.51,57.01,54.62,4.38,4.26,7.80,-0.04,2688123,154401863.76,12028
2026-09-04 00:00:00,IOB,INDIAN OVERSEAS BANK,33.31,33.64,33.02,33.55,33.23,0.96,0.62,1.86,0.24,2673908,89329884.92,10221
2026-09-04 00:00:00,TEMPSENS,TEMPSENS INST (INDIA) LTD,570.80,573.75,547.55,554.80,568.55,-2.42,26.20,4.59,0.40,2650794,1486500998.80,42688
2026-09-04 00:00:00,BCG,BRIGHTCOM GROUP LIMITED,9.03,9.06,8.91,8.98,9.00,-0.22,0.15,1.66,0.33,2648978,23820468.91,3310
2026-09-04 00:00:00,M&MFIN,M&M FIN. SERVICES LTD,379.00,380.95,371.50,373.65,376.05,-0.64,9.45,2.49,0.78,2628655,988988636.40,52603
2026-09-04 00:00:00,IREDA,INDIAN RENEWABLE ENERGY,113.50,114.60,113.25,113.64,113.00,0.57,1.35,1.19,0.44,2627200,299275846.02,16839
2026-09-04 00:00:00,KNRCON,KNR CONSTRU LTD.,119.80,125.95,118.05,124.66,119.27,4.52,7.90,6.59,0.44,2626704,321938154.27,22699
2026-09-04 00:00:00,CUB,CITY UNION BANK LTD,234.00,242.90,233.69,236.01,234.36,0.70,9.21,3.94,-0.15,2621193,628595752.93,44237
2026-09-04 00:00:00,PPLPHARMA,PIRAMAL PHARMA LIMITED,214.99,217.00,210.52,214.22,214.49,-0.13,6.48,3.01,0.23,2618467,558289239.93,27466
2026-09-04 00:00:00,WEBELSOLAR,WEBSOL ENERGY SYSTEM LTD,77.60,79.80,73.55,74.53,77.33,-3.62,6.25,8.05,0.35,2610445,199205752.90,15138
2026-09-04 00:00:00,RBA,RESTAURANT BRAND ASIA LTD,98.47,101.16,96.50,97.15,97.89,-0.76,4.66,4.73,0.59,2606009,257215040.53,14332
2026-09-04 00:00:00,JSWENERGY,JSW ENERGY LIMITED,537.55,540.25,534.25,539.85,539.50,0.06,6.00,1.12,-0.36,2598872,1397317265.10,48270
2026-09-04 00:00:00,HSCL,HIMADRI SPECIALITY CHEM L,664.40,674.65,660.75,671.05,662.00,1.37,13.90,2.09,0.36,2597175,1735693577.20,31607
2026-09-04 00:00:00,RRKABEL,R R KABEL LIMITED,2550.00,2609.00,2374.40,2454.10,2617.70,-6.25,234.60,9.20,-2.59,2596720,6401107136.30,180021
2026-09-04 00:00:00,EXIDEIND,EXIDE INDUSTRIES LTD,423.90,428.50,416.40,424.35,423.00,0.32,12.10,2.85,0.21,2581393,1091713286.85,39007
2026-09-04 00:00:00,BIRLAPREC,BIRLA PRECISION TECH L,53.25,59.79,52.73,57.92,51.67,12.10,7.06,13.26,3.06,2574084,147065385.94,15177
2026-09-04 00:00:00,HEG,HEG LTD,709.00,744.90,695.80,728.25,707.45,2.94,49.10,6.93,0.22,2565950,1848150773.15,51535
2026-09-04 00:00:00,TCS,TATA CONSULTANCY SERV LT,2330.00,2363.90,2302.40,2304.00,2320.10,-0.69,61.50,2.64,0.43,2564322,5951009095.30,112846
2026-09-04 00:00:00,NBCC,NBCC (INDIA) LIMITED,86.50,87.35,86.31,86.60,86.50,0.12,1.04,1.20,0.00,2548390,221150446.46,16051
2026-09-04 00:00:00,EMBDL,EMBASSY DEVELOPMENTS LTD,58.65,59.19,57.25,57.53,58.59,-1.81,1.94,3.31,0.10,2533639,147091517.57,11846
2026-09-04 00:00:00,GENUSPOWER,GENUS POWER INFRASTRU LTD,340.80,349.35,334.75,337.80,339.70,-0.56,14.60,4.28,0.32,2486451,847296283.05,50287
2026-09-04 00:00:00,MCX,MULTI COMMODITY EXCHANGE,3187.80,3287.40,3165.60,3275.40,3170.20,3.32,121.80,3.82,0.56,2485731,8037835436.70,89140
2026-09-04 00:00:00,KANSAINER,KANSAI NEROLAC PAINTS LTD,195.14,195.90,192.98,194.20,195.11,-0.47,2.92,1.50,0.02,2465067,477076982.50,6116
2026-09-04 00:00:00,DEVYANI,DEVYANI INTERNATIONAL LTD,138.00,142.86,137.37,139.28,138.05,0.89,5.49,3.98,-0.04,2432975,342018744.90,32970
2026-09-04 00:00:00,IRISDOREME,IRIS CLOTHINGS LIMITED,60.28,64.13,60.20,63.58,59.98,6.00,3.93,6.52,0.50,2431238,151623790.51,7464
2026-09-04 00:00:00,PNBGILTS,PNB GILTS LIMITED,78.99,85.50,78.99,83.08,78.63,5.66,6.51,8.24,0.46,2416618,201073765.80,16087
2026-09-04 00:00:00,IMAGICAA,IMAGICAAWORLD ENT LTD,54.40,57.44,53.94,55.38,54.55,1.52,3.50,6.43,-0.27,2402726,135071011.93,10657
2026-09-04 00:00:00,LANCORHOL,LANCOR HOLDINGS LIMITED,35.13,40.88,34.21,40.35,34.75,16.12,6.67,18.99,1.09,2381575,91709854.35,9124
2026-09-04 00:00:00,KEI,KEI INDUSTRIES LTD.,5000.00,5028.00,4820.00,4850.00,5327.00,-8.95,208.00,4.16,-6.14,2381568,11729999998.50,162655
2026-09-04 00:00:00,CONFIPET,CONFIDENCE PETRO IND LTD.,84.70,85.30,82.00,82.48,84.28,-2.14,3.30,3.90,0.50,2371168,197624634.41,14601
2026-09-04 00:00:00,SHREEJISPG,SHREEJI SHIPPING GLOBAL L,670.65,684.00,657.30,680.15,664.25,2.39,26.70,3.98,0.96,2336669,1560690901.80,21704
2026-09-04 00:00:00,DWARKESH,DWARIKESH SUGAR IND LTD,49.41,49.41,47.01,47.31,49.32,-4.08,2.40,4.86,0.18,2333510,111445405.92,9152
2026-09-04 00:00:00,PATELENG,PATEL ENGINEERING LTD.,27.12,27.50,27.00,27.28,27.11,0.63,0.50,1.84,0.04,2330616,63590996.26,8796
2026-09-04 00:00:00,THOMASCOOK,THOMAS COOK (INDIA) LTD,106.00,112.94,106.00,111.65,106.31,5.02,6.94,6.55,-0.29,2297803,253665469.92,19887
2026-09-04 00:00:00,VINCOFE,VINTAGE COFFEE N BVRGS L,176.80,177.66,168.18,170.65,176.48,-3.30,9.48,5.36,0.18,2286890,397812133.51,19538
2026-09-04 00:00:00,HINDUNILVR,HINDUSTAN UNILEVER LTD.,1967.00,1984.20,1950.40,1973.40,1962.00,0.58,33.80,1.72,0.25,2247162,4433834276.90,122231
2026-09-04 00:00:00,KIRIINDUS,KIRI INDUSTRIES LIMITED,578.75,599.35,555.10,559.10,578.95,-3.43,44.25,7.65,-0.03,2243746,1297310880.35,48383
2026-09-04 00:00:00,ARDEE,ARDEE INDUSTRIES LIMITED,55.97,56.14,55.20,55.66,54.84,1.50,0.94,1.68,2.06,2239330,124632052.43,12131
2026-09-04 00:00:00,BALRAMCHIN,BALRAMPUR CHINI MILLS LTD,697.00,702.00,682.50,690.60,704.35,-1.95,19.50,2.80,-1.04,2232338,1543249872.90,43329
2026-09-04 00:00:00,HCLTECH,HCL TECHNOLOGIES LTD,1324.90,1331.40,1291.20,1293.40,1319.00,-1.94,40.20,3.03,0.45,2210569,2884545119.50,71268
2026-09-04 00:00:00,MOREALTY,MOTILALAMC - MOREALTY,92.00,92.55,90.12,90.84,91.75,-0.99,2.43,2.64,0.27,2200446,200892110.46,2616
2026-09-04 00:00:00,GROWWPOWER,GROWWAMC - GROWWPOWER,11.32,11.39,11.25,11.33,11.32,0.09,0.14,1.24,0.00,2199856,24884246.12,2548
2026-09-04 00:00:00,RML,RANE (MADRAS) LIMITED,1127.50,1333.00,1125.10,1295.90,1127.40,14.95,207.90,18.44,0.01,2195205,2841884791.20,80830
2026-09-04 00:00:00,KELLTONTEC,KELLTON TECH SOL LTD,13.98,14.25,13.79,13.87,13.99,-0.86,0.46,3.29,-0.07,2178042,30466817.27,3979
2026-09-04 00:00:00,NCC,NCC LIMITED,146.60,150.45,145.87,149.70,147.24,1.67,4.58,3.12,-0.43,2168692,320916227.67,21637
2026-09-04 00:00:00,ABCAPITAL,ADITYA BIRLA CAPITAL LTD.,400.20,407.40,400.20,404.90,402.00,0.72,7.20,1.80,-0.45,2167785,876957923.55,34690
2026-09-04 00:00:00,STLNETWORK,STL NETWORKS LIMITED,28.01,28.87,27.78,28.87,27.50,4.98,1.09,3.89,1.85,2164957,62075793.03,3184
2026-09-04 00:00:00,NEWGEN,NEWGEN SOFTWARE TECH LTD,522.00,543.95,522.00,524.80,517.65,1.38,21.95,4.20,0.84,2160906,1150974790.50,48574
2026-09-04 00:00:00,CGPOWER,CG POWER AND IND SOL LTD,895.00,899.80,888.05,891.00,895.00,-0.45,11.75,1.31,0.00,2159759,1932433142.00,39300
2026-09-04 00:00:00,CYBERMEDIA,CYBER MEDIA (INDIA) LTD.,25.90,28.45,22.20,26.40,23.88,10.55,6.25,24.13,8.46,2157521,57564647.54,7778
2026-09-04 00:00:00,NYKAA,FSN E COMMERCE VENTURES,332.15,336.15,332.00,332.50,334.20,-0.51,4.15,1.25,-0.61,2156326,720378897.80,19333
2026-09-04 00:00:00,IIFL,IIFL FINANCE LIMITED,645.70,662.90,640.40,651.15,643.40,1.20,22.50,3.48,0.36,2119359,1382264919.60,35534
2026-09-04 00:00:00,BESTAGRO,BEST AGROLIFE LIMITED,20.99,21.20,18.83,19.29,20.34,-5.16,2.37,11.29,3.20,2082129,40865213.11,5742
2026-09-04 00:00:00,DIFFNKG,DIFFUSION ENGINEERS LTD,487.00,519.90,470.00,474.90,477.60,-0.57,49.90,10.25,1.97,2072376,1030652502.70,52420
2026-09-04 00:00:00,ITCHOTELS,ITC HOTELS LIMITED,161.00,164.50,160.01,161.23,160.25,0.61,4.49,2.79,0.47,2050484,331736284.58,31365
2026-09-04 00:00:00,AHCL,ANLON HEALTHCARE LIMITED,15.68,15.89,15.54,15.68,15.60,0.51,0.35,2.23,0.51,2049674,32180628.72,2391
2026-09-04 00:00:00,ASIANTILES,ASIAN GRANITO IND. LTD.,49.80,50.50,49.56,50.26,49.96,0.60,0.94,1.89,-0.32,2049363,102651872.32,5169
2026-09-04 00:00:00,MANAPPURAM,MANAPPURAM FINANCE LTD,345.05,345.20,338.20,339.70,341.00,-0.38,7.00,2.03,1.19,2017457,687114464.10,21527
2026-09-04 00:00:00,JSWINFRA,JSW INFRASTRUCTURE LTD,334.10,337.80,332.50,333.00,334.10,-0.33,5.30,1.59,0.00,2001532,669431538.60,30842
2026-09-04 00:00:00,BRIGADE,BRIGADE ENTER. LTD,714.00,735.00,685.80,696.10,712.30,-2.27,49.20,6.89,0.24,1980508,1402448960.65,67648
2026-09-04 00:00:00,SUBEXLTD,SUBEX LTD,17.65,17.85,17.21,17.28,17.69,-2.32,0.64,3.63,-0.23,1970415,34467156.40,2978
2026-09-04 00:00:00,GMRP&UI,GMR POW AND URBAN INFRA L,91.61,96.78,90.71,95.30,91.69,3.94,6.07,6.63,-0.09,1966833,185567727.58,12699
2026-09-04 00:00:00,PFOCUS,PRIME FOCUS LIMITED,298.95,309.95,289.85,307.00,291.65,5.26,20.10,6.72,2.50,1960283,588946594.50,31885
2026-09-04 00:00:00,HINDOILEXP,HINDUSTAN OIL EXPLORATION,183.00,188.00,180.15,185.00,184.38,0.34,7.85,4.29,-0.75,1959249,358064622.55,18993
2026-09-04 00:00:00,DELHIVERY,DELHIVERY LIMITED,465.00,465.90,457.90,457.90,464.35,-1.39,8.00,1.72,0.14,1936111,892354627.20,29259
2026-09-04 00:00:00,WEL,WONDER ELECTRICALS LTD,79.25,79.25,75.41,76.03,79.37,-4.21,3.84,4.85,-0.15,1935872,147960005.65,8169
2026-09-04 00:00:00,VIKRAN,VIKRAN ENGINEERING LTD,57.68,61.50,57.67,60.77,57.68,5.36,3.83,6.64,0.00,1930821,115452290.56,8512
2026-09-04 00:00:00,KTKBANK,KARNATAKA BANK LIMITED,341.00,345.90,338.25,340.10,339.75,0.10,7.65,2.24,0.37,1919012,654583525.35,25327
2026-09-04 00:00:00,RAMBHAJO,ADVIT JEWELS LIMITED,249.90,268.68,247.06,268.68,244.26,10.00,21.62,8.65,2.31,1915247,500788031.23,24492
2026-09-04 00:00:00,DLF,DLF LIMITED,681.65,689.75,680.80,681.90,681.65,0.04,8.95,1.31,0.00,1911967,1310682796.55,51851
2026-09-04 00:00:00,J&KBANK,J & K BANK LTD.,150.45,152.80,149.05,150.02,149.86,0.11,3.75,2.49,0.39,1883250,284346068.47,25100
2026-09-04 00:00:00,BELRISE,BELRISE INDUSTRIES LTD,238.15,239.25,233.52,236.86,238.11,-0.52,5.73,2.41,0.02,1873911,443187718.36,26919
2026-09-04 00:00:00,RAYMOND,RAYMOND LTD,752.30,756.80,733.05,740.85,757.90,-2.25,23.75,3.16,-0.74,1867268,1396758010.25,48935
2026-09-04 00:00:00,BPCL,BHARAT PETROLEUM CORP  LT,319.40,320.65,315.70,315.70,320.05,-1.36,4.95,1.55,-0.20,1834819,583852326.35,19332
2026-09-04 00:00:00,GRADIENTE,GRADIENTE INFOTAINMENT L,2.77,2.80,2.65,2.71,2.67,1.50,0.15,5.42,3.75,1829209,4999974.07,462
2026-09-04 00:00:00,BAJAJHFL,BAJAJ HOUSING FINANCE LTD,83.00,83.55,82.93,83.08,82.95,0.16,0.62,0.75,0.06,1824719,151768998.25,19747
2026-09-04 00:00:00,HATHWAY,HATHWAY CABLE & DATACOM,10.26,10.58,10.26,10.52,10.26,2.53,0.32,3.12,0.00,1819906,18944933.60,1933
2026-09-04 00:00:00,NETWEB,NETWEB TECH INDIA LTD,5297.50,5424.00,5164.50,5193.00,5270.00,-1.46,259.50,4.90,0.52,1816227,9614867528.50,130017
2026-09-04 00:00:00,VIKASECO,VIKAS ECOTECH LIMITED,1.08,1.09,1.07,1.07,1.08,-0.93,0.02,1.85,0.00,1815757,1962919.23,1062
2026-09-04 00:00:00,DISHTV,DISH TV INDIA LTD.,2.61,2.65,2.51,2.57,2.61,-1.53,0.14,5.36,0.00,1807676,4665067.08,1693
2026-09-04 00:00:00,AEQUS,AEQUS LIMITED,247.90,249.00,241.00,242.18,247.23,-2.04,8.00,3.23,0.27,1802739,439026679.44,29668
2026-09-04 00:00:00,RELIGARE,RELIGARE ENTER. LTD.,251.00,258.40,248.11,257.08,251.89,2.06,10.29,4.10,-0.35,1795582,453549885.53,16103
2026-09-04 00:00:00,SCI,SHIPPING CORP OF INDIA LT,296.40,300.25,293.75,295.35,294.95,0.14,6.50,2.19,0.49,1792086,531615243.10,25743
2026-09-04 00:00:00,DYCL,DYNAMIC CABLES LIMITED,541.90,546.80,484.00,487.90,544.30,-10.36,62.80,11.59,-0.44,1789647,903416046.00,44589
2026-09-04 00:00:00,FEDDERSHOL,FEDDERS HOLDING LTD.,47.40,47.70,46.00,47.28,46.00,2.78,1.70,3.59,3.04,1773925,83797880.18,2439
2026-09-04 00:00:00,ELECTCAST,ELECTROSTEEL CASTINGS LTD,84.30,84.90,82.61,83.71,83.85,-0.17,2.29,2.72,0.54,1762760,147418215.75,13251
2026-09-04 00:00:00,SBICARD,SBI CARDS & PAY SER LTD,661.00,668.70,656.30,658.25,661.00,-0.42,12.40,1.88,0.00,1752698,1160644231.25,25566
2026-09-04 00:00:00,PATANJALI,PATANJALI FOODS LIMITED,345.00,345.75,341.20,342.50,342.90,-0.12,4.55,1.32,0.61,1749871,600421012.45,8505
2026-09-04 00:00:00,MANINFRA,MAN INFRA LTD,126.00,128.30,123.78,124.80,124.59,0.17,4.52,3.59,1.13,1748780,219252774.58,11864
2026-09-04 00:00:00,UPL,UPL LIMITED,581.05,589.40,579.45,582.15,585.35,-0.55,9.95,1.71,-0.73,1730115,1011613942.30,29048
2026-09-04 00:00:00,RTNINDIA,RATTANINDIA ENT LIMITED,27.63,28.13,27.63,27.82,27.43,1.42,0.50,1.81,0.73,1727353,48086625.10,5278
2026-09-04 00:00:00,SPLPETRO,SUPREME PETROCHEM LIMITED,725.00,783.00,724.95,771.05,725.80,6.23,58.05,8.01,-0.11,1726190,1327866602.65,53198
2026-09-04 00:00:00,SBILIFE,SBI LIFE INSURANCE CO LTD,1715.00,1775.00,1707.40,1775.00,1715.00,3.50,67.60,3.94,0.00,1720166,3022210304.30,54483
2026-09-04 00:00:00,RADIANTCMS,RADIANT CASH MGMT SER LTD,40.22,45.25,40.22,41.78,39.87,4.79,5.03,12.51,0.88,1713450,73368366.51,7743
2026-09-04 00:00:00,DUCON,DUCON INFRATECHNOLOGIES L,1.92,1.99,1.84,1.92,1.93,-0.52,0.15,7.81,-0.52,1709236,3232732.51,1080
2026-09-04 00:00:00,DABUR,DABUR INDIA LTD,380.45,383.25,377.35,380.90,380.70,0.05,5.90,1.55,-0.07,1702061,647998830.15,28671
2026-09-04 00:00:00,MOSMALL250,MOTILALAMC - MOSMALL250,18.96,18.96,18.45,18.52,18.55,-0.16,0.51,2.69,2.21,1698632,31489971.79,1854
2026-09-04 00:00:00,IRCON,IRCON INTERNATIONAL LTD,119.28,120.79,118.05,119.25,118.69,0.47,2.74,2.30,0.50,1686344,201266513.48,24391
2026-09-04 00:00:00,MARKSANS,MARKSANS PHARMA LIMITED,333.00,335.45,323.45,326.75,332.20,-1.64,12.00,3.60,0.24,1654370,542841035.70,25469
2026-09-04 00:00:00,SHADOWFAX,SHADOWFAX TECHNOLOGIES L,260.90,262.30,256.25,259.55,259.90,-0.13,6.05,2.32,0.38,1649661,428087704.75,18502
2026-09-04 00:00:00,ARIS,ARISINFRA SOLUTIONS LTD,130.00,132.89,127.10,128.56,129.43,-0.67,5.79,4.45,0.44,1642011,213311946.96,8777
2026-09-04 00:00:00,EMIL,ELECTRONICS MART IND LTD,175.40,176.67,167.54,173.74,176.16,-1.37,9.13,5.21,-0.43,1637322,282153941.77,22574
2026-09-04 00:00:00,USHAMART,USHA MARTIN LTD.,518.00,529.30,511.10,514.15,515.65,-0.29,18.20,3.51,0.46,1631592,849128754.90,39970
2026-09-04 00:00:00,LCL,LOHIA CORP LIMITED,560.00,598.00,560.00,581.50,553.45,5.07,38.00,6.79,1.18,1628313,952065401.80,89054
2026-09-04 00:00:00,V2RETAIL,V2 RETAIL LIMITED,219.94,219.94,211.31,216.50,219.00,-1.14,8.63,3.92,0.43,1628077,350239074.01,24592
2026-09-04 00:00:00,HARDWYN,HARDWYN INDIA LIMITED,9.11,9.35,8.99,9.13,9.11,0.22,0.36,3.95,0.00,1626111,14878930.00,1141
2026-09-04 00:00:00,MCLOUD,MAGELLANIC CLOUD LIMITED,26.51,26.67,26.25,26.29,26.46,-0.64,0.42,1.58,0.19,1615599,42656333.15,3806
2026-09-04 00:00:00,SHANTIGEAR,SHANTHI GEARS LTD,600.00,637.45,586.85,621.75,582.80,6.68,50.60,8.43,2.95,1612281,1001532765.40,42943
2026-09-04 00:00:00,INDORAMA,INDO RAMA SYNTHETICS LTD,69.79,74.25,69.55,72.96,68.87,5.94,4.70,6.73,1.34,1609101,117104870.58,15322
2026-09-04 00:00:00,INDUSTOWER,INDUS TOWERS LIMITED,375.00,380.45,374.15,376.80,374.95,0.49,6.30,1.68,0.01,1578193,595101179.35,21308
2026-09-04 00:00:00,POLYCAB,POLYCAB INDIA LIMITED,8500.00,8500.00,8250.00,8300.00,8807.50,-5.76,250.00,2.94,-3.49,1559741,13025481530.00,162753
2026-09-04 00:00:00,FIRSTCRY,BRAINBEES SOLUTIONS LTD,179.00,183.00,176.25,180.16,178.67,0.83,6.75,3.77,0.18,1541167,276623996.81,19085
2026-09-04 00:00:00,METAL,MIRAEAMC - METAL,13.62,13.62,13.28,13.46,13.29,1.28,0.34,2.50,2.48,1538895,20641122.15,3462
2026-09-04 00:00:00,MOL,MEGHMANI ORGANICS LIMITED,68.23,68.75,66.28,66.66,67.52,-1.27,2.47,3.62,1.05,1538689,103459938.08,7566
2026-09-04 00:00:00,INDHOTEL,THE INDIAN HOTELS CO. LTD,730.00,732.95,717.50,720.00,732.00,-1.64,15.45,2.12,-0.27,1528492,1104177065.95,25462
2026-09-04 00:00:00,BHARATFORG,BHARAT FORGE LTD,1997.60,1997.60,1951.00,1956.00,1981.00,-1.26,46.60,2.33,0.84,1526364,3007566456.00,88838
2026-09-04 00:00:00,BALAJITELE,BALAJI TELEFILMS LIMITED.,91.25,95.70,88.36,93.17,91.31,2.04,7.34,8.04,-0.07,1526021,141071087.04,10826
2026-09-04 00:00:00,NAM-INDIA,NIPPON L I A M LTD,1160.00,1184.50,1151.80,1159.90,1164.90,-0.43,32.70,2.82,-0.42,1522876,1772927432.50,34189
2026-09-04 00:00:00,SYMBIOTEC,SYMBIOTEC PHARMALAB LTD,1085.05,1099.70,1056.00,1078.25,1076.85,0.13,43.70,4.03,0.76,1509878,1622156680.65,55703
2026-09-04 00:00:00,KAVDEFENCE,KAVVERI DFS & WIR TEC LTD,56.95,67.38,56.78,67.14,56.15,19.57,10.60,18.61,1.42,1505543,99108521.05,6294
2026-09-04 00:00:00,GREENPOWER,ORIENT GREEN POWER CO LTD,9.19,9.34,9.19,9.28,9.19,0.98,0.15,1.63,0.00,1505445,13952293.29,3566
2026-09-04 00:00:00,FINCABLES,FINOLEX CABLES LTD,1223.50,1254.90,1211.00,1220.20,1272.90,-4.14,43.90,3.59,-3.88,1492429,1844900504.20,48647
2026-09-04 00:00:00,M&M,MAHINDRA & MAHINDRA LTD,3158.70,3185.30,3144.20,3170.00,3150.00,0.63,41.10,1.30,0.28,1489449,4719844845.80,76929
2026-09-04 00:00:00,GROWWSLVR,GROWWAMC - GROWWSLVR,22.81,22.94,22.69,22.83,22.55,1.24,0.25,1.10,1.15,1486031,33925366.74,3142
2026-09-04 00:00:00,NUVOCO,NUVOCO VISTAS CORP LTD,336.65,354.80,336.45,352.15,338.10,4.16,18.35,5.45,-0.43,1482368,518937072.50,33070
2026-09-04 00:00:00,CESC,CESC LTD,148.29,149.14,145.91,146.50,147.96,-0.99,3.23,2.18,0.22,1448303,213138918.29,11780
2026-09-04 00:00:00,ZEEMEDIA,ZEE MEDIA CORPORATION LTD,8.31,8.34,8.10,8.22,8.11,1.36,0.24,2.89,2.47,1442303,11832974.88,1680
2026-09-04 00:00:00,DBREALTY,VALOR ESTATE LIMITED,103.40,105.00,101.00,102.57,103.05,-0.47,4.00,3.87,0.34,1439328,148040041.31,7889
2026-09-04 00:00:00,PSB,PUNJAB & SIND BANK,23.19,23.45,22.99,23.23,23.05,0.78,0.46,1.98,0.61,1431638,33265008.82,4731
2026-09-04 00:00:00,SETL,STANDARD ENGNG TCNLGY LTD,395.00,410.70,390.10,408.95,391.15,4.55,20.60,5.22,0.98,1430578,580074954.40,18974
2026-09-04 00:00:00,PETRONET,PETRONET LNG LIMITED,290.25,292.15,287.80,288.10,289.50,-0.48,4.35,1.50,0.26,1412952,409960104.10,29476
2026-09-04 00:00:00,HAL,HINDUSTAN AERONAUTICS LTD,4831.00,4936.00,4817.40,4856.00,4765.60,1.90,118.60,2.45,1.37,1399667,6851018941.70,77137
2026-09-04 00:00:00,BDL,BHARAT DYNAMICS LIMITED,1253.00,1293.00,1253.00,1255.00,1257.70,-0.21,40.00,3.19,-0.37,1391949,1772334434.50,42408
2026-09-04 00:00:00,ADANIENSOL,ADANI ENERGY SOLUTION LTD,1385.60,1412.70,1376.70,1409.60,1385.70,1.72,36.00,2.60,-0.01,1386991,1946073199.30,34134
2026-09-04 00:00:00,FUSION,FUSION FINANCE LIMITED,199.73,207.00,199.21,203.19,199.73,1.73,7.79,3.90,0.00,1385863,282727614.70,18954
2026-09-04 00:00:00,TIMETECHNO,TIME TECHNOPLAST LTD.,189.40,191.15,188.00,188.49,189.36,-0.46,3.15,1.66,0.02,1385822,263040381.16,11544
2026-09-04 00:00:00,TTML,TATA TELESERV(MAHARASTRA),38.00,38.45,37.65,37.74,38.01,-0.71,0.80,2.11,-0.03,1380442,52398679.92,6995
2026-09-04 00:00:00,NTPCGREEN,NTPC GREEN ENERGY LIMITED,88.74,89.50,88.65,89.36,88.73,0.71,0.85,0.96,0.01,1370420,122199187.80,17094
2026-09-04 00:00:00,UGARSUGAR,THE UGAR SUGAR WORKS LTD,58.40,58.50,53.01,53.35,58.56,-8.90,5.49,9.40,-0.27,1348315,73344806.93,8614
2026-09-04 00:00:00,INOXGREEN,INOX GREEN ENERGY SER LTD,171.01,176.70,168.70,175.10,171.01,2.39,8.00,4.68,0.00,1333015,231096646.83,13176
2026-09-04 00:00:00,TATACAP,TATA CAPITAL LIMITED,371.85,376.85,371.30,375.05,371.85,0.86,5.55,1.49,0.00,1331842,498921317.00,22145
2026-09-04 00:00:00,GAJA,GAJA ALT ASSET MGT LTD,158.00,162.01,157.51,161.10,157.62,2.21,4.50,2.85,0.24,1327301,212552736.11,15002
2026-09-04 00:00:00,CIPLA,CIPLA LTD,1397.70,1399.10,1375.50,1385.00,1394.70,-0.70,23.60,1.69,0.22,1326180,1835806472.20,46344
2026-09-04 00:00:00,DEEPINDS,DEEP INDUSTRIES LIMITED,757.75,793.70,749.00,786.45,744.85,5.59,44.70,5.90,1.73,1324171,1028587195.10,35441
2026-09-04 00:00:00,INDUSINDBK,INDUSIND BANK LIMITED,1004.80,1008.60,998.00,1008.50,1004.80,0.37,10.60,1.05,0.00,1321066,1324266351.20,25721
2026-09-04 00:00:00,LT,LARSEN & TOUBRO LTD.,3981.00,3994.90,3964.10,3964.10,3975.00,-0.27,30.80,0.77,0.15,1319056,5253026930.50,98662
2026-09-04 00:00:00,VIKASLIFE,VIKAS LIFECARE LIMITED,1.30,1.31,1.28,1.29,1.30,-0.77,0.03,2.31,0.00,1315249,1703268.10,8430
2026-09-04 00:00:00,SPCENET,SPACENET ENTERS IND LTD,3.35,3.53,3.30,3.41,3.24,5.25,0.23,6.87,3.40,1308892,4512283.59,858
2026-09-04 00:00:00,GODREJCP,GODREJ CONSUMER PRODUCTS,878.65,880.00,866.10,878.00,880.00,-0.23,13.90,1.58,-0.15,1306185,1142588892.55,24785
2026-09-04 00:00:00,BALUFORGE,BALU FORGE INDUSTRIES LTD,572.50,585.35,563.60,574.10,570.35,0.66,21.75,3.80,0.38,1304593,750415894.45,21451
2026-09-04 00:00:00,SHAH,SHAH METACORP LIMITED,3.53,3.60,3.45,3.51,3.49,0.57,0.15,4.25,1.15,1297179,4562589.77,827
2026-09-04 00:00:00,VAKRANGEE,VAKRANGEE LIMITED,5.80,5.89,5.70,5.79,5.80,-0.17,0.19,3.28,0.00,1296846,7485470.56,1962
2026-09-04 00:00:00,EMAMILTD,EMAMI LIMITED,370.00,371.40,361.85,366.05,368.20,-0.58,9.55,2.58,0.49,1293997,471912757.25,22806
2026-09-04 00:00:00,GPPL,GUJARAT PIPAVAV PORT LTD,165.50,165.83,160.81,161.62,165.43,-2.30,5.02,3.03,0.04,1293533,209947747.59,22993
2026-09-04 00:00:00,IONEXCHANG,ION EXCHANGE (INDIA) LTD,384.10,412.00,382.55,409.20,382.20,7.06,29.45,7.67,0.50,1293430,521802392.50,34620
2026-09-04 00:00:00,HAZOOR,HAZOOR MULTI PROJECTS LTD,19.40,19.90,18.52,19.13,19.28,-0.78,1.38,7.11,0.62,1290374,25215476.94,1060
2026-09-04 00:00:00,TDPOWERSYS,TD POWER SYSTEMS LTD.,723.00,742.80,717.95,740.10,722.55,2.43,24.85,3.44,0.06,1283741,941803466.95,71146
2026-09-04 00:00:00,ADANIPORTS,ADANI PORT & SEZ LTD,1699.90,1716.90,1692.40,1707.30,1706.50,0.05,24.50,1.44,-0.39,1281968,2188911301.80,43769
2026-09-04 00:00:00,BAJAJCON,BAJAJ CONSUMER CARE LTD,512.00,519.80,507.50,517.55,508.95,1.69,12.30,2.40,0.60,1279757,657173077.40,26101
2026-09-04 00:00:00,SJVN,SJVN LTD,65.05,65.55,64.75,65.23,64.98,0.38,0.80,1.23,0.11,1260938,81960956.00,10831
2026-09-04 00:00:00,OIL,OIL INDIA LTD,492.00,492.55,486.50,488.30,490.00,-0.35,6.05,1.23,0.41,1259478,616213591.55,18062
2026-09-04 00:00:00,WELCORP,WELSPUN CORP LIMITED,2649.20,2662.00,2566.00,2590.60,2641.60,-1.93,96.00,3.62,0.29,1247810,3260493473.30,90933
2026-09-04 00:00:00,KPITTECH,KPIT TECHNOLOGIES LIMITED,584.00,593.60,575.00,575.45,583.50,-1.38,18.60,3.18,0.09,1239906,719954163.65,22622
2026-09-04 00:00:00,WAKEFIT,WAKEFIT INNOVATIONS LTD,151.50,156.18,149.94,151.55,149.64,1.28,6.24,4.12,1.24,1231198,188254771.20,13903
2026-09-04 00:00:00,SARVESHWAR,SARVESHWAR FOODS LIMITED,3.38,3.43,3.33,3.36,3.35,0.30,0.10,2.96,0.90,1228078,4153755.00,1558
2026-09-04 00:00:00,AYE,AYE FINANCE LIMITED,182.05,188.95,180.84,184.81,180.61,2.33,8.11,4.45,0.80,1223851,227713546.74,20556
2026-09-04 00:00:00,SAMBHV,SAMBHV STEEL TUBES LTD,130.70,131.80,127.00,128.69,129.64,-0.73,4.80,3.67,0.82,1221798,158356728.68,11539
2026-09-04 00:00:00,KAYNES,KAYNES TECHNOLOGY IND LTD,3487.80,3617.90,3450.00,3598.00,3485.00,3.24,167.90,4.81,0.08,1211084,4300443267.40,89485
2026-09-04 00:00:00,NDL,NANDAN DENIM LIMITED,2.83,2.87,2.80,2.83,2.83,0.00,0.07,2.47,0.00,1205958,3416871.55,1098
2026-09-04 00:00:00,JSWCEMENT,JSW CEMENT LIMITED,123.50,125.17,123.02,124.07,123.37,0.57,2.15,1.74,0.11,1203964,149841981.25,37057
2026-09-04 00:00:00,APTUS,APTUS VALUE HSG FIN I LTD,257.31,261.96,256.20,258.85,257.31,0.60,5.76,2.24,0.00,1203338,311197175.14,33845
2026-09-04 00:00:00,CYIENTDLM,CYIENT DLM LIMITED,833.80,894.00,830.00,856.95,836.55,2.44,64.00,7.68,-0.33,1201568,1043626507.75,45322
2026-09-04 00:00:00,BEPL,BHANSALI ENG. POLYMERS LT,130.00,131.20,126.10,127.50,129.74,-1.73,5.10,3.92,0.20,1190325,152708771.13,11867
2026-09-04 00:00:00,MAHSEAMLES,MAHARASHTRA SEAMLESS LTD,654.75,695.80,651.50,688.10,653.50,5.29,44.30,6.77,0.19,1179393,807572228.75,42816
2026-09-04 00:00:00,MANIPALHOS,MANIPAL HEALTH ENTERPRI L,729.00,738.00,720.50,725.20,726.00,-0.11,17.50,2.40,0.41,1177059,858466001.60,36339
2026-09-04 00:00:00,MOSCHIP,MOSCHIP TECHNOLOGIES LTD,213.56,215.19,211.11,212.22,213.57,-0.63,4.08,1.91,-0.00,1176516,250563929.33,14637
2026-09-04 00:00:00,TECHM,TECH MAHINDRA LIMITED,1605.10,1623.40,1586.90,1596.90,1598.00,-0.07,36.50,2.27,0.44,1173518,1874570781.10,27058
2026-09-04 00:00:00,GRANULES,GRANULES INDIA LIMITED,853.00,863.60,838.60,848.30,853.85,-0.65,25.00,2.93,-0.10,1172635,994732689.50,27025
2026-09-04 00:00:00,HITECH,HI-TECH PIPES LIMITED,75.45,76.34,74.25,75.77,75.15,0.83,2.09,2.77,0.40,1169763,87856663.01,12087
2026-09-04 00:00:00,MAXHEALTH,MAX HEALTHCARE INS LTD,994.90,1001.30,981.10,984.80,994.90,-1.02,20.20,2.03,0.00,1167047,1157409650.90,34531
2026-09-04 00:00:00,ASTERDM,ASTER DM QUALITY CARE LTD,790.85,792.05,780.35,785.75,787.00,-0.16,11.70,1.48,0.49,1157850,911614568.70,41732
2026-09-04 00:00:00,FILATEX,FILATEX INDIA LTD,77.10,78.45,75.65,77.72,76.72,1.30,2.80,3.63,0.50,1156499,89450374.84,9620
2026-09-04 00:00:00,GRMOVER,GRM OVERSEAS LIMITED,85.82,88.15,85.46,87.53,85.81,2.00,2.69,3.13,0.01,1151167,99389652.36,4874
2026-09-04 00:00:00,MVGJL,MANOJ VAIBHAV GEM N JEW L,172.10,187.80,172.10,179.90,171.97,4.61,15.70,9.12,0.08,1146917,208819396.03,23530
2026-09-04 00:00:00,SBIFUNDS,SBI FUNDS MANAGEMENT LTD,563.90,565.50,558.90,562.10,564.00,-0.34,6.60,1.17,-0.02,1143214,642526388.00,26282
2026-09-04 00:00:00,SENCO,SENCO GOLD LIMITED,349.85,362.80,349.85,358.65,349.05,2.75,12.95,3.70,0.23,1141834,408131811.20,27979
2026-09-04 00:00:00,63MOONS,63 MOONS TECHNOLOGIES LTD,867.95,903.00,853.30,876.50,851.25,2.97,49.70,5.73,1.96,1136718,1003549857.90,41951
2026-09-04 00:00:00,ARFIN,ARFIN INDIA LIMITED,89.02,89.02,85.89,87.24,89.09,-2.08,3.13,3.52,-0.08,1136109,99188227.23,4595
2026-09-04 00:00:00,JAINREC,JAIN RESOURCE RECYCLING L,280.55,282.30,276.15,277.95,279.80,-0.66,6.15,2.19,0.27,1135766,315517120.35,26345
2026-09-04 00:00:00,ALGOQUANT,ALGOQUANT FINTECH LIMITED,64.27,64.89,64.03,64.50,64.27,0.36,0.86,1.34,0.00,1132524,72907576.62,2150
2026-09-04 00:00:00,MUFIN,MUFIN GREEN FINANCE LTD,137.45,138.78,136.42,137.56,136.92,0.47,2.36,1.72,0.39,1131652,155843904.35,4050
2026-09-04 00:00:00,HAPPSTMNDS,HAPPIEST MINDS TECHNO LTD,355.00,358.00,352.60,354.00,353.95,0.01,5.40,1.52,0.30,1122676,397957557.20,20317
2026-09-04 00:00:00,ELITECON,ELITECON INTERNATIONAL L,8.68,8.68,8.68,8.68,9.13,-4.93,0.00,0.00,-4.93,1122582,9744011.76,3278
2026-09-04 00:00:00,SUMEETINDS,SUMEET IND LIMITED,11.65,11.65,11.14,11.50,11.44,0.52,0.51,4.38,1.84,1120467,12749091.28,1434
2026-09-04 00:00:00,TNPETRO,TAMILNADU PETROPRODUCTS L,136.99,136.99,131.55,132.70,137.81,-3.71,5.44,3.97,-0.60,1119931,150742895.75,12495
2026-09-04 00:00:00,RICOAUTO,RICO AUTO INDUSTRIES LTD,126.95,131.75,126.60,130.46,126.49,3.14,5.15,4.06,0.36,1119592,144760826.98,9451
2026-09-04 00:00:00,CDSL,CENTRAL DEPO SER (I) LTD,1400.00,1417.90,1391.60,1394.60,1394.00,0.04,26.30,1.88,0.43,1117172,1568607134.10,38445
2026-09-04 00:00:00,RKFORGE,RAMKRISHNA FORGINGS LTD,732.50,732.50,689.45,700.85,726.85,-3.58,43.05,5.88,0.78,1116062,785298809.30,32766
2026-09-04 00:00:00,PREMIERPOL,PREMIER POLYFILM LTD,93.50,98.80,87.21,95.36,92.35,3.26,11.59,12.40,1.25,1113475,105573162.20,12281
2026-09-04 00:00:00,AKSHAR,AKSHAR SPINTEX LIMITED,0.42,0.44,0.42,0.42,0.42,0.00,0.02,4.76,0.00,1110421,474351.40,300
2026-09-04 00:00:00,COFORGE,COFORGE LIMITED,1982.00,1992.90,1962.40,1972.80,1971.80,0.05,30.50,1.54,0.52,1108102,2189360687.50,44156
2026-09-04 00:00:00,CONCOR,CONTAINER CORP OF IND LTD,508.80,509.65,502.00,508.00,508.85,-0.17,7.65,1.50,-0.01,1107962,559654862.65,20722
2026-09-04 00:00:00,GSFC,GUJ STATE FERT & CHEM LTD,162.73,165.85,162.02,162.88,161.86,0.63,3.83,2.35,0.54,1107016,181048546.95,12987
2026-09-04 00:00:00,JSWSTEEL,JSW STEEL LIMITED,1305.00,1331.70,1300.10,1325.00,1308.00,1.30,31.60,2.42,-0.23,1094356,1446084423.50,31558
2026-09-04 00:00:00,NORTHARC,NORTHERN ARC CAPITAL LTD,306.70,307.10,299.15,302.15,304.60,-0.80,7.95,2.59,0.69,1089238,329363673.85,13431
2026-09-04 00:00:00,NAZARA,NAZARA TECHNOLOGIES LTD,366.80,370.95,363.25,368.65,365.80,0.78,7.70,2.10,0.27,1088812,400026821.50,13592
2026-09-04 00:00:00,CANHLIFE,CANARA HSBC LIFE INS CO L,155.08,161.05,153.51,157.23,154.31,1.89,7.54,4.86,0.50,1086892,172038535.64,21398
2026-09-04 00:00:00,BSOFT,BIRLASOFT LIMITED,295.00,299.55,288.45,289.35,293.25,-1.33,11.10,3.76,0.60,1083783,316444757.25,30305
2026-09-04 00:00:00,LAURUSLABS,LAURUS LABS LIMITED,1855.00,1871.80,1835.20,1840.00,1868.50,-1.53,36.60,1.97,-0.72,1075943,1991203312.40,40157
2026-09-04 00:00:00,DELTACORP,DELTA CORP LIMITED,56.79,57.40,55.56,56.12,56.25,-0.23,1.84,3.24,0.96,1070574,60471936.89,5816
2026-09-04 00:00:00,TATATECH,TATA TECHNOLOGIES LIMITED,808.05,830.95,796.10,800.00,805.10,-0.63,34.85,4.31,0.37,1067933,865988164.05,49944
2026-09-04 00:00:00,YATRA,YATRA ONLINE LIMITED,113.20,116.25,112.65,113.49,113.08,0.36,3.60,3.18,0.11,1067659,122230656.85,11837
2026-09-04 00:00:00,GRAPHITE,GRAPHITE INDIA LTD,721.80,740.30,714.65,733.60,721.30,1.71,25.65,3.55,0.07,1066661,778683437.65,27873
2026-09-04 00:00:00,BLUESTONE,BLUESTONE JEWEL LFSTL LTD,802.00,848.00,800.05,842.75,804.90,4.70,47.95,5.98,-0.36,1065449,889184612.20,38110
2026-09-04 00:00:00,ADANIENT,ADANI ENTERPRISES LIMITED,2900.00,2965.00,2882.80,2938.00,2901.00,1.28,82.20,2.83,-0.03,1060844,3113052524.00,45143
2026-09-04 00:00:00,JWL,JUPITER WAGONS LIMITED,240.71,249.00,240.71,243.24,241.09,0.89,8.29,3.44,-0.16,1056588,259541803.06,22313
2026-09-04 00:00:00,JYOTICNC,JYOTI CNC AUTOMATION LTD,1026.85,1043.00,1000.10,1003.90,1026.85,-2.23,42.90,4.18,0.00,1051995,1069801515.15,35102
2026-09-04 00:00:00,GMMPFAUDLR,GMM PFAUDLER LIMITED,1073.50,1175.00,1073.50,1147.90,1073.50,6.93,101.50,9.46,0.00,1049404,1202920783.20,54027
2026-09-04 00:00:00,FCSSOFT,FCS SOFTWARE SOLN. LTD.,1.44,1.46,1.44,1.45,1.44,0.69,0.02,1.39,0.00,1046769,1516593.44,1057
2026-09-04 00:00:00,PREMIERENE,PREMIER ENERGIES LIMITED,1002.50,1008.80,996.00,1002.00,1008.00,-0.60,12.80,1.28,-0.55,1046394,1046345313.50,23550
2026-09-04 00:00:00,GESHIP,THE GE SHPG.LTD,1360.40,1378.00,1340.00,1369.70,1353.60,1.19,38.00,2.79,0.50,1043987,1423711526.10,60758
2026-09-04 00:00:00,RCF,RASHTRIYA CHEMICALS & FER,115.20,116.24,114.20,114.92,114.52,0.35,2.04,1.77,0.59,1043164,120316978.37,9443
2026-09-04 00:00:00,KISSHT,ONEMI TECHNOLOGY SOL LTD,305.45,316.90,305.25,309.30,305.30,1.31,11.65,3.81,0.05,1041438,323852796.85,28679
2026-09-04 00:00:00,HERITGFOOD,HERITAGE FOODS LTD,373.40,384.70,369.10,382.35,371.55,2.91,15.60,4.18,0.50,1034903,392493886.55,16079
2026-09-04 00:00:00,TATACONSUM,TATA CONSUMER PRODUCT LTD,1020.00,1022.90,1008.50,1010.00,1019.20,-0.90,14.40,1.41,0.08,1030689,1044105683.20,33815
2026-09-04 00:00:00,FMGOETZE,FEDERAL-MOGUL GOETZE (IND,511.00,517.50,499.60,501.45,613.70,-18.29,17.90,3.50,-16.73,1030188,519971975.30,20491
2026-09-04 00:00:00,INOXINDIA,INOX INDIA LIMITED,2223.00,2320.00,2208.00,2247.80,2176.20,3.29,112.00,5.04,2.15,1027233,2329875915.00,83916
2026-09-04 00:00:00,AEROFLEX,AEROFLEX INDUSTRIES LTD,544.00,552.95,527.10,537.45,542.15,-0.87,25.85,4.75,0.34,1026759,554442601.85,25542
2026-09-04 00:00:00,IVC,IL&FS INVESTMENT MANAGERS,10.84,10.84,10.19,10.24,10.09,1.49,0.65,6.00,7.43,1022586,10602756.57,1918
2026-09-04 00:00:00,MARICO,MARICO LIMITED,824.05,824.70,814.10,815.15,827.40,-1.48,10.60,1.29,-0.40,1021459,835579944.30,32320
2026-09-04 00:00:00,BLUECLOUDS,BLUE CLOUD SOFTECH SOLU L,19.85,20.15,19.80,19.88,19.90,-0.10,0.35,1.76,-0.25,1013239,20176120.88,2267
2026-09-04 00:00:00,SSWL,STEEL STRIPS WHEELS LTD.,360.75,365.70,348.50,361.85,360.80,0.29,17.20,4.77,-0.01,1006017,358415129.25,20263
2026-09-04 00:00:00,EBGNG,GNG ELECTRONICS LIMITED,622.00,633.40,583.00,601.25,622.10,-3.35,50.40,8.10,-0.02,1005022,608153509.80,40195
2026-09-04 00:00:00,LASERPOWER,LASER POWER & INFRA LTD,303.70,305.95,291.50,295.65,301.05,-1.79,14.45,4.76,0.88,999119,297239307.25,13918
2026-09-04 00:00:00,ASHOKA,ASHOKA BUILDCON LTD,117.25,118.18,115.00,115.55,117.32,-1.51,3.18,2.71,-0.06,998292,115767124.26,9403
2026-09-04 00:00:00,HONASA,HONASA CONSUMER LIMITED,480.25,492.60,468.80,471.05,477.05,-1.26,23.80,4.96,0.67,996548,477488987.90,24279
2026-09-04 00:00:00,TATACHEM,TATA CHEMICALS LTD,630.00,634.50,624.00,625.10,641.35,-2.53,10.50,1.67,-1.77,991042,622281905.90,27730
2026-09-04 00:00:00,PGEL,PG ELECTROPLAST LTD,554.90,564.00,552.05,562.30,553.90,1.52,11.95,2.15,0.18,990864,554311658.00,20888
2026-09-04 00:00:00,GPIL,GODAWARI POW & ISP LTD,239.90,243.86,238.89,240.67,239.90,0.32,4.97,2.07,0.00,985110,237575251.09,15181
2026-09-04 00:00:00,MBAPL,MADHYA BHARAT AGRO P. LTD,162.08,167.39,160.73,166.12,162.08,2.49,6.66,4.11,0.00,983522,161283576.66,8749
2026-09-04 00:00:00,JNPR,JUNIPER GREEN ENERGY LTD,261.00,273.25,259.60,265.10,259.20,2.28,13.65,5.23,0.69,983254,262038574.90,18604
2026-09-04 00:00:00,AGL,ALLCARGO GLOBAL LIMITED,13.61,13.97,13.61,13.65,13.66,-0.07,0.36,2.65,-0.37,978529,13476262.97,2387
2026-09-04 00:00:00,NESTLEIND,NESTLE INDIA LIMITED,1415.00,1420.00,1402.50,1410.50,1416.00,-0.39,17.50,1.24,-0.07,974257,1373795994.20,39301
2026-09-04 00:00:00,QUESS,QUESS CORP LIMITED,367.00,367.00,343.70,354.75,366.55,-3.22,23.30,6.35,0.12,974018,341996289.60,29950
2026-09-04 00:00:00,ICICIPRULI,ICICI PRU LIFE INS CO LTD,495.05,503.15,492.10,494.55,495.05,-0.10,11.05,2.23,0.00,962782,479415949.85,34371
2026-09-04 00:00:00,CENTEXT,CENTURY EXTRUSIONS LTD,21.29,22.20,19.75,20.19,21.24,-4.94,2.45,11.51,0.24,957330,19723997.33,3040
2026-09-04 00:00:00,APLAPOLLO,APL APOLLO TUBES LTD,2154.60,2281.00,2150.40,2250.00,2159.40,4.20,130.60,6.06,-0.22,955928,2123707808.80,31541
2026-09-04 00:00:00,KARURVYSYA,KARUR VYSYA BANK LTD,354.00,354.00,347.70,348.85,350.00,-0.33,6.30,1.78,1.14,955056,334808901.35,24176
2026-09-04 00:00:00,CEIGALL,CEIGALL INDIA LIMITED,359.85,359.85,351.00,355.80,347.55,2.37,8.85,2.46,3.54,949597,336816348.75,18029
2026-09-04 00:00:00,LODHA,LODHA DEVELOPERS LIMITED,1225.00,1237.80,1209.50,1222.00,1234.00,-0.97,28.30,2.31,-0.73,948334,1159444969.30,26054
2026-09-04 00:00:00,HUDCO,HSG & URBAN DEV CORPN LTD,181.96,181.96,179.82,180.52,181.07,-0.30,2.14,1.18,0.49,946223,170877097.07,13982
2026-09-04 00:00:00,AUGMONT,AUGMONT ENTERPRISES LTD,922.70,940.10,894.00,901.50,922.70,-2.30,46.10,5.00,0.00,942895,864620013.85,33716
2026-09-04 00:00:00,FSL,FIRSTSOURCE SOLU. LTD.,265.60,273.85,263.75,264.40,265.30,-0.34,10.10,3.80,0.11,942732,252426174.90,19537
2026-09-04 00:00:00,RAYMONDREL,RAYMOND REALTY LIMITED,542.50,559.00,524.00,529.15,536.75,-1.42,35.00,6.45,1.07,936640,508150364.80,20735
2026-09-04 00:00:00,CHENNPETRO,CHENNAI PETROLEUM CORP LT,1445.10,1463.90,1425.50,1452.20,1440.00,0.85,38.40,2.66,0.35,934269,1352931844.30,33069
2026-09-04 00:00:00,TVSSCS,TVS SUPPLY CHAIN SOL L,129.60,132.53,126.96,130.41,129.53,0.68,5.57,4.30,0.05,926210,120313116.54,12531
2026-09-04 00:00:00,PNBHOUSING,PNB HOUSING FIN LTD.,1141.10,1195.00,1141.10,1166.00,1145.50,1.79,53.90,4.72,-0.38,923575,1085395412.90,34433
2026-09-04 00:00:00,JSLL,JEENA SIKHO LIFECARE LTD,504.40,529.90,502.15,516.30,501.45,2.96,27.75,5.50,0.59,921231,477132876.00,30939
2026-09-04 00:00:00,TAKE,TAKE LIMITED,12.52,13.82,12.52,13.82,13.17,4.94,1.30,10.38,-4.94,918186,11878318.31,912
2026-09-04 00:00:00,FIVESTAR,FIVE-STAR BUS FIN LTD,538.00,538.00,512.50,523.05,534.60,-2.16,25.50,4.74,0.64,915369,475711854.90,39792
2026-09-04 00:00:00,ZAGGLE,ZAGGLE PREPA OCEAN SER L,183.50,186.98,180.10,180.77,182.63,-1.02,6.88,3.75,0.48,912980,166114727.54,9981
2026-09-04 00:00:00,DCW,DCW LTD,46.11,46.95,45.81,45.98,46.30,-0.69,1.14,2.47,-0.41,912734,42337853.46,3660
2026-09-04 00:00:00,JINDALSTEL,JINDAL STEEL LIMITED,1147.00,1170.90,1138.70,1165.00,1145.00,1.75,32.20,2.81,0.17,893053,1034222792.60,32645
2026-09-04 00:00:00,GRASIM,GRASIM INDUSTRIES LTD,3318.90,3332.60,3268.10,3322.00,3310.00,0.36,64.50,1.94,0.27,892704,2961317292.40,43703
2026-09-04 00:00:00,ARTEMISMED,ARTEMIS MED SERVICE LTD,321.00,339.30,318.30,332.80,319.85,4.05,21.00,6.54,0.36,885338,295886045.55,23561
2026-09-04 00:00:00,EMMVEE,EMMVEE PHOTOVOLTAIC PWR L,327.00,330.90,322.30,325.20,326.40,-0.37,8.60,2.63,0.18,873378,284298380.20,27551
2026-09-04 00:00:00,ANTHEM,ANTHEM BIOSCIENCES LTD,970.00,973.50,926.80,934.05,950.70,-1.75,46.70,4.81,2.03,872940,821102343.75,49939
2026-09-04 00:00:00,JINDALSAW,JINDAL SAW LIMITED,312.00,312.00,304.30,305.30,310.85,-1.79,7.70,2.47,0.37,868641,266863954.30,16623
2026-09-04 00:00:00,SMCGLOBAL,SMC GLOBAL SECURITIES LTD,79.99,81.90,79.00,81.25,79.42,2.30,2.90,3.63,0.72,865274,69818829.61,3326
2026-09-04 00:00:00,LUPIN,LUPIN LIMITED,2140.10,2148.00,2100.60,2110.00,2132.00,-1.03,47.40,2.21,0.38,862828,1826614866.70,39010
2026-09-04 00:00:00,HDFCBSE500,HDFCAMC - HDFCBSE500,38.48,38.48,37.42,37.56,37.73,-0.45,1.06,2.75,1.99,862356,32375017.17,224
2026-09-04 00:00:00,GANDHAR,GANDHAR OIL REFINE IND L,268.40,269.05,261.00,267.60,267.40,0.07,8.05,3.00,0.37,860917,228796954.15,10840
2026-09-04 00:00:00,OSWALPUMPS,OSWAL PUMPS LIMITED,282.85,291.50,278.00,279.20,279.55,-0.13,13.50,4.77,1.18,858028,241820863.70,14523
2026-09-04 00:00:00,KERNEX,KERNEX MICROSYS(I) LTD,1755.00,1869.70,1754.90,1817.00,1709.60,6.28,114.80,6.54,2.66,852400,1553619097.00,53107
2026-09-04 00:00:00,ABLBL,ADITYA BIRLA LIFES BRAN L,84.18,86.90,83.72,86.07,83.49,3.09,3.18,3.78,0.83,852050,72950470.97,12676
2026-09-04 00:00:00,PTC,PTC INDIA LIMITED,155.34,156.80,155.25,156.29,155.25,0.67,1.55,1.00,0.06,849440,132486414.18,9419
2026-09-04 00:00:00,SUNTV,SUN TV NETWORK LIMITED,465.95,482.70,464.95,470.90,465.90,1.07,17.75,3.81,0.01,846938,402962289.80,45751
2026-09-04 00:00:00,ZENITHSTL,ZENITH STEEL PIP IND LTD,5.39,6.43,5.25,5.90,5.37,9.87,1.18,21.89,0.37,845763,5126569.76,1281
2026-09-04 00:00:00,HDFCAMC,HDFC AMC LIMITED,2511.30,2517.80,2456.00,2458.30,2510.80,-2.09,61.80,2.46,0.02,844970,2093000834.40,58081
2026-09-04 00:00:00,VIDYAWIRES,VIDYA WIRES LIMITED,89.99,90.51,88.53,90.13,89.45,0.76,1.98,2.20,0.60,838636,75088739.03,8510
2026-09-04 00:00:00,DHAMPURSUG,DHAMPUR SUGAR MILLS LTD.,176.45,176.45,165.63,167.59,177.05,-5.34,10.82,6.13,-0.34,832821,140824914.24,11069
2026-09-04 00:00:00,IKIO,IKIO TECHNOLOGIES LIMITED,209.99,222.00,209.20,212.34,208.31,1.93,12.80,6.10,0.81,831128,179665389.52,13990
2026-09-04 00:00:00,SONATSOFTW,SONATA SOFTWARE LTD,286.25,291.05,282.15,285.25,284.00,0.44,8.90,3.11,0.79,830434,236872673.50,15627
2026-09-04 00:00:00,PRECWIRE,PRECISION WIRES INDIA LTD,491.75,501.85,469.55,472.80,487.85,-3.08,32.30,6.57,0.80,830119,402085823.05,28644
2026-09-04 00:00:00,MARINE,MARINE ELECTRICAL (I) LTD,432.00,442.95,426.70,432.15,430.40,0.41,16.25,3.76,0.37,826123,359166550.35,22089
2026-09-04 00:00:00,ICICIGI,ICICI LOMBARD GIC LIMITED,1521.70,1533.80,1507.40,1510.00,1521.70,-0.77,26.40,1.73,0.00,824875,1250112822.80,25036
2026-09-04 00:00:00,BLEL,BEHARI LAL ENGINEERING L,454.25,458.80,448.00,453.15,454.25,-0.24,10.80,2.38,0.00,823610,372026475.05,13315
2026-09-04 00:00:00,FEDFINA,FEDBANK FINANCIAL SER L,156.32,163.20,156.32,161.56,157.86,2.34,6.88,4.40,-0.98,818017,131437936.92,12601
2026-09-04 00:00:00,SBFC,SBFC FINANCE LIMITED,99.90,100.67,98.37,100.08,99.90,0.18,2.30,2.30,0.00,817043,81360850.16,8451
2026-09-04 00:00:00,SONACOMS,SONA BLW PRECISION FRGS L,800.00,805.50,783.20,789.00,800.00,-1.38,22.30,2.79,0.00,816762,646356079.20,23333
2026-09-04 00:00:00,SWANCORP,SWAN CORP LIMITED,283.50,286.45,279.90,281.50,284.10,-0.92,6.55,2.31,-0.21,810711,229471134.40,11721
2026-09-04 00:00:00,SBCL,SHIVALIK BIMETAL CON. LTD,1189.30,1215.70,1102.40,1121.10,1155.90,-3.01,113.30,9.53,2.89,810275,919033802.70,44614
2026-09-04 00:00:00,AMBUJACEM,AMBUJA CEMENTS LTD,404.95,408.20,404.25,405.00,405.00,0.00,3.95,0.98,-0.01,807422,327743057.50,13152
2026-09-04 00:00:00,MOTILALOFS,MOTILAL OSWAL FIN LTD,1023.00,1040.80,1022.80,1037.00,1012.80,2.39,18.00,1.76,1.01,807197,833675139.90,27936
2026-09-04 00:00:00,NIVABUPA,NIVA BUPA HEALTH INS CO L,80.75,81.07,79.51,80.11,80.73,-0.77,1.56,1.93,0.02,804923,64469835.32,9110
2026-09-04 00:00:00,INDGN,INDEGENE LIMITED,603.15,611.40,598.30,601.50,600.15,0.22,13.10,2.17,0.50,804735,486320495.50,21575
2026-09-04 00:00:00,GNFC,GUJ NAR VAL FER & CHEM L,588.90,599.00,585.60,596.70,587.35,1.59,13.40,2.28,0.26,791924,469763958.30,18983
2026-09-04 00:00:00,AEGISVOPAK,AEGIS VOPAK TERMINALS LTD,286.50,294.10,283.10,284.50,286.85,-0.82,11.00,3.84,-0.12,788218,226886490.15,17726
2026-09-04 00:00:00,INDIANB,INDIAN BANK,883.05,892.40,879.10,879.70,888.75,-1.02,13.30,1.51,-0.64,786614,696181296.55,22041
2026-09-04 00:00:00,JSL,JINDAL STAINLESS LIMITED,738.40,741.25,732.00,737.85,738.40,-0.07,9.25,1.25,0.00,780597,575854222.75,21064
2026-09-04 00:00:00,KEC,KEC INTL. LIMITED,406.15,410.60,403.30,408.55,406.15,0.59,7.30,1.80,0.00,777483,316343017.60,21480
2026-09-04 00:00:00,MANYAVAR,VEDANT FASHIONS LIMITED,567.90,604.00,563.00,594.20,568.20,4.58,41.00,7.22,-0.05,775723,456761488.00,30614
2026-09-04 00:00:00,EIEL,ENVIRO INFRA ENGINEERS L,196.90,201.70,195.65,199.17,195.66,1.79,6.05,3.07,0.63,769678,153011435.07,12654
2026-09-04 00:00:00,ADANIGREEN,ADANI GREEN ENERGY LTD,1288.00,1304.50,1278.20,1301.30,1283.40,1.39,26.30,2.04,0.36,768437,996144981.50,25762
2026-09-04 00:00:00,AARTIIND,AARTI INDUSTRIES LTD,503.60,509.90,490.00,492.05,501.90,-1.96,19.90,3.95,0.34,767774,381121164.50,23817
2026-09-04 00:00:00,SUNPHARMA,SUN PHARMACEUTICAL IND L,1912.00,1917.30,1895.00,1899.00,1916.00,-0.89,22.30,1.17,-0.21,761333,1448655808.50,48684
2026-09-04 00:00:00,ELLEN,ELLENBARRIE INDUS GASES L,333.80,340.15,327.50,331.85,330.45,0.42,12.65,3.79,1.01,759237,254685099.40,15867
2026-09-04 00:00:00,TARIL,TRANS & RECTI. LTD,301.15,305.30,300.00,300.95,300.60,0.12,5.30,1.76,0.18,752285,227208315.45,15735
2026-09-04 00:00:00,VGUARD,V-GUARD IND LTD.,339.50,339.50,329.05,335.40,339.25,-1.13,10.45,3.08,0.07,751013,250167284.85,15035
2026-09-04 00:00:00,INFOBEAN,INFOBEANS TECHNO. LTD.,157.00,167.40,157.00,162.08,157.68,2.79,10.40,6.62,-0.43,750810,122941773.89,13142
2026-09-04 00:00:00,ROLEXRINGS,ROLEX RINGS LIMITED,176.00,176.36,171.00,171.72,174.83,-1.78,5.36,3.05,0.67,743997,128892337.58,9140
2026-09-04 00:00:00,INDOTHAI,INDO THAI SEC LTD,35.75,35.75,35.75,35.75,37.63,-5.00,0.00,0.00,-5.00,742070,26529002.50,1626
2026-09-04 00:00:00,HDFCSML250,HDFCAMC - HDFCSML250,187.49,187.49,186.26,186.65,186.26,0.21,1.23,0.66,0.66,738277,137887480.64,12380
2026-09-04 00:00:00,MAZDOCK,MAZAGON DOCK SHIPBUIL LTD,2489.00,2546.60,2475.00,2475.00,2474.00,0.04,71.60,2.88,0.61,735425,1848934118.90,32127
2026-09-04 00:00:00,GCSL,GRETEX CORPORATE SERVICES,592.00,596.85,577.70,595.15,586.70,1.44,19.15,3.23,0.90,726731,427375209.70,8753
2026-09-04 00:00:00,AEROPLANE,AMIR CHAND JAG KUM (E) L,188.00,197.00,187.15,194.29,188.07,3.31,9.85,5.24,-0.04,724408,139871004.10,9550
2026-09-04 00:00:00,HEALTHY,BIRLASLAMC - HEALTHY,17.00,17.21,16.81,16.84,17.06,-1.29,0.40,2.35,-0.35,723183,12219886.76,1399
2026-09-04 00:00:00,PROZONER,PROZONE REALTY LIMITED,46.02,50.70,45.75,49.76,46.42,7.20,4.95,10.76,-0.86,722413,35255816.95,3869
2026-09-04 00:00:00,SAKUMA,SAKUMA EXPORTS LIMITED,1.60,1.65,1.55,1.62,1.58,2.53,0.10,6.25,1.27,721220,1155562.78,898
2026-09-04 00:00:00,KFINTECH,KFIN TECHNOLOGIES LIMITED,933.00,947.95,923.55,928.90,927.70,0.13,24.40,2.62,0.57,715524,670183379.35,22086
2026-09-04 00:00:00,NLCINDIA,NLC INDIA LIMITED,277.00,277.10,272.05,273.05,274.90,-0.67,5.05,1.82,0.76,714404,195575108.75,14879
2026-09-04 00:00:00,SAPPHIRE,SAPPHIRE FOODS INDIA LTD,228.50,233.99,225.56,228.43,228.76,-0.14,8.43,3.69,-0.11,713459,163995016.31,20970
2026-09-04 00:00:00,MITTAL,MITTAL LIFE STYLE LIMITED,0.80,0.82,0.78,0.80,0.78,2.56,0.04,5.00,2.56,713212,569834.67,362
2026-09-04 00:00:00,POONAWALLA,POONAWALLA FINCORP LTD,466.55,476.35,464.00,468.45,465.10,0.72,12.35,2.65,0.31,713159,335439808.45,25459
2026-09-04 00:00:00,JINDRILL,JINDAL DRILLING IND. LTD,652.85,672.00,647.00,663.05,649.90,2.02,25.00,3.83,0.45,708720,469776826.25,24310
2026-09-04 00:00:00,HCL-INSYS,HCL INFOSYSTEMS LTD,10.32,10.39,9.93,10.10,10.14,-0.39,0.46,4.46,1.78,702510,7051191.27,1092
2026-09-04 00:00:00,MIDCAP,KOTAKMAMC - KOTAKMID50,18.89,18.89,17.90,18.51,18.52,-0.05,0.99,5.24,2.00,695787,12876402.35,940
2026-09-04 00:00:00,INDSWFTLAB,IND SWIFT LABORATORIES LT,373.10,373.10,350.00,355.95,372.70,-4.49,23.10,6.19,0.11,695062,249450525.95,11918
2026-09-04 00:00:00,ELGIEQUIP,ELGI EQUIPMENTS LTD,632.95,645.40,627.50,642.10,630.35,1.86,17.90,2.83,0.41,691967,441570196.95,22241
2026-09-04 00:00:00,JAMNAAUTO,JAMNA AUTO IND LTD,122.15,122.29,120.36,120.69,122.04,-1.11,1.93,1.58,0.09,691775,83733787.01,8019
2026-09-04 00:00:00,CAMLINFINE,CAMLIN FINE SCIENCES LTD,102.90,105.37,102.10,103.13,102.28,0.83,3.27,3.18,0.61,689443,71371382.43,6530
2026-09-04 00:00:00,BEML,BEML LIMITED,2082.00,2127.00,2045.00,2057.80,2079.40,-1.04,82.00,3.94,0.13,687676,1435602230.90,41468
2026-09-04 00:00:00,NEXT50BETA,UTIAMC-NEXT50BETA,78.90,79.58,78.81,79.05,78.93,0.15,0.77,0.98,-0.04,686812,54344460.99,1565
2026-09-04 00:00:00,GROWWNIFTY,GROWWAMC - GROWWNIFTY,9.65,9.76,9.65,9.68,9.66,0.21,0.11,1.14,-0.10,684423,6629481.51,3382
2026-09-04 00:00:00,AVALON,AVALON TECHNOLOGIES LTD,2320.00,2347.70,2175.00,2196.60,2248.60,-2.31,172.70,7.44,3.18,683759,1543324603.50,62829
2026-09-04 00:00:00,MOCAPITAL,MOTILALAMC - MOCAPITAL,55.14,55.14,54.02,54.50,53.80,1.30,1.12,2.03,2.49,682395,37214197.57,2510
2026-09-04 00:00:00,KITEX,KITEX GARMENTS LTD,123.65,130.57,123.65,128.85,123.64,4.21,6.92,5.60,0.01,679715,86615640.62,6901
2026-09-04 00:00:00,CHOLAFIN,CHOLAMANDALAM IN & FIN CO,1841.00,1859.90,1828.00,1839.00,1849.30,-0.56,31.90,1.73,-0.45,677118,1246886816.90,36495
2026-09-04 00:00:00,MOMENTUM50,MOTILALAMC - MOMENTUM50,54.54,54.55,53.78,54.38,54.25,0.24,0.77,1.41,0.53,675732,36727559.76,1403
2026-09-04 00:00:00,URJA,URJA GLOBAL LIMITED,9.06,9.69,9.04,9.18,9.15,0.33,0.65,7.17,-0.98,672065,6186504.63,1966
2026-09-04 00:00:00,ALPHA,KOTAKMAMC - KOTAKALPHA,54.35,54.41,54.01,54.16,54.27,-0.20,0.40,0.74,0.15,667379,36186904.44,2029
2026-09-04 00:00:00,NILASPACES,NILA SPACES LIMITED,12.45,12.54,12.18,12.23,12.28,-0.41,0.36,2.89,1.38,666134,8180127.99,1272
2026-09-04 00:00:00,AEGISLOG,AEGIS LOGISTICS LIMITED,1288.10,1327.30,1265.00,1270.20,1287.20,-1.32,62.30,4.84,0.07,665965,861114864.40,35153
2026-09-04 00:00:00,KOPRAN,KOPRAN LTD,232.40,242.80,229.29,232.54,232.24,0.13,13.51,5.81,0.07,661197,155487728.32,12742
2026-09-04 00:00:00,CSBBANK,CSB BANK LIMITED,325.15,331.65,320.80,328.55,324.95,1.11,10.85,3.34,0.06,658990,215977474.25,15607
2026-09-04 00:00:00,ASTRAL,ASTRAL LIMITED,1489.80,1509.90,1484.00,1492.90,1495.20,-0.15,25.90,1.74,-0.36,658868,984779588.80,24797
2026-09-04 00:00:00,SHILPAMED,SHILPA MEDICARE LTD,956.15,973.90,946.20,964.15,956.15,0.84,27.70,2.90,0.00,652726,629030552.05,24194
2026-09-04 00:00:00,SUVIDHAA,SUVIDHAA INFOSERVE LTD,2.16,2.47,2.01,2.42,2.06,17.48,0.46,21.30,4.85,651333,1529412.51,653
2026-09-04 00:00:00,SPIC,SPIC LTD,71.15,72.99,71.00,71.28,71.13,0.21,1.99,2.80,0.03,648651,46620413.78,4349
2026-09-04 00:00:00,BLS,BLS INTL SERVS LTD,240.15,241.25,237.00,238.79,240.15,-0.57,4.25,1.77,0.00,646943,154253178.63,10399
2026-09-04 00:00:00,LOWVOL1,KOTAKMAMC - KOTAKLOVOL,21.10,21.14,20.88,20.93,21.10,-0.81,0.26,1.23,0.00,642373,13523990.01,212
2026-09-04 00:00:00,ACI,ARCHEAN CHEMICAL IND LTD,501.00,512.70,495.00,504.20,495.20,1.82,17.70,3.53,1.17,640010,322552684.90,31200
2026-09-04 00:00:00,SANSTAR,SANSTAR LIMITED,108.00,114.90,108.00,111.31,108.00,3.06,6.90,6.39,0.00,633145,70871093.03,4216
2026-09-04 00:00:00,COCHINSHIP,COCHIN SHIPYARD LIMITED,1488.90,1522.90,1486.00,1499.10,1486.70,0.83,36.90,2.48,0.15,630573,951865055.60,22367
2026-09-04 00:00:00,FORTIS,FORTIS HEALTHCARE LTD,914.00,917.45,903.80,905.00,917.50,-1.36,13.65,1.49,-0.38,627470,570533027.85,18123
2026-09-04 00:00:00,JUBLFOOD,JUBILANT FOODWORKS LTD,482.90,488.00,481.35,482.70,482.90,-0.04,6.65,1.38,0.00,624576,302094808.65,23258
2026-09-04 00:00:00,VISHNU,VISHNU CHEMICALS LIMITED,694.10,723.20,681.00,702.00,688.45,1.97,42.20,6.08,0.82,623372,441196865.25,25286
2026-09-04 00:00:00,PCBL,PCBL CHEMICAL LIMITED,315.70,318.40,315.15,317.00,314.25,0.88,3.25,1.03,0.46,621744,196675808.25,9849
2026-09-04 00:00:00,ICIL,INDO COUNT INDUSTRIES LTD,440.10,457.95,436.30,449.80,437.35,2.85,21.65,4.92,0.63,621520,278841904.45,18147
2026-09-04 00:00:00,INVENTURE,INVENTURE GRO & SEC LTD,0.93,0.95,0.92,0.93,0.92,1.09,0.03,3.23,1.09,618481,577551.38,354
2026-09-04 00:00:00,TGVSL,T G V SRAAC LTD.,109.80,114.24,108.01,109.98,108.57,1.30,6.23,5.67,1.13,615070,68556437.66,5521
2026-09-04 00:00:00,PARAGMILK,PARAG MILK FOODS LTD.,255.00,255.70,247.05,249.60,254.20,-1.81,8.65,3.39,0.31,613677,153227135.10,7759
2026-09-04 00:00:00,BALAMINES,BALAJI AMINES LIMITED,2432.00,2550.00,2432.00,2525.20,2417.80,4.44,118.00,4.85,0.59,608894,1533578295.50,55081
2026-09-04 00:00:00,HEROMOTOCO,HERO MOTOCORP LIMITED,5319.00,5322.50,5260.00,5300.00,5308.50,-0.16,62.50,1.18,0.20,607423,3218068838.00,52796
2026-09-04 00:00:00,PIDILITIND,PIDILITE INDUSTRIES LTD,1635.20,1638.30,1625.00,1629.50,1638.30,-0.54,13.30,0.81,-0.19,605836,988119870.70,20726
2026-09-04 00:00:00,HLEGLAS,HLE GLASCOAT LIMITED,320.05,343.00,320.05,333.65,320.05,4.25,22.95,7.17,0.00,605651,200563938.60,12941
2026-09-04 00:00:00,GUJTHEM,GUJARAT THEMIS BIOSYN LTD,428.70,433.85,408.50,411.35,425.10,-3.23,25.35,5.91,0.85,605159,251461658.80,15623
2026-09-04 00:00:00,BLUSPRING,BLUSPRING ENTERPRISES LTD,135.40,139.80,132.00,138.96,134.25,3.51,7.80,5.76,0.86,605059,83054803.33,8224
2026-09-04 00:00:00,LANCER,LANCER CONTAINER LINES L,13.19,13.20,12.82,13.03,13.19,-1.21,0.38,2.88,0.00,603720,7830495.80,1168
2026-09-04 00:00:00,IRCTC,INDIAN RAIL TOUR CORP LTD,474.80,479.00,474.05,476.05,474.60,0.31,4.95,1.04,0.04,603706,287524371.05,24156
2026-09-04 00:00:00,360ONE,360 ONE WAM LIMITED,1149.10,1156.10,1127.10,1137.00,1155.00,-1.56,29.00,2.52,-0.51,603451,688260495.50,32281
2026-09-04 00:00:00,AUBANK,AU SMALL FINANCE BANK LTD,1071.90,1074.10,1060.40,1065.00,1072.00,-0.65,13.70,1.28,-0.01,602949,644294683.10,31140
2026-09-04 00:00:00,AUTOIND,AUTOLINE INDUSTRIES LTD,94.00,95.90,85.21,86.45,92.75,-6.79,10.69,11.37,1.35,600314,53498993.66,6554
2026-09-04 00:00:00,HUBTOWN,HUBTOWN LIMITED,192.00,197.48,188.30,189.26,192.20,-1.53,9.18,4.78,-0.10,598031,114247996.29,6200
2026-09-04 00:00:00,MOLBIO,MOLBIO DIAGNOSTICS LTD,1139.90,1177.00,1117.20,1160.50,1135.20,2.23,59.80,5.25,0.41,594273,680920445.30,23770
2026-09-04 00:00:00,VPRPL,VISHNU PRAKASH R PUNGLI L,36.99,37.70,36.00,36.28,35.99,0.81,1.70,4.60,2.78,589692,21596467.63,3806
2026-09-04 00:00:00,SPARC,SUN PHARMA ADV.RES.CO.LTD,202.50,203.19,199.00,199.47,202.54,-1.52,4.19,2.07,-0.02,588034,117907772.44,9746
2026-09-04 00:00:00,PRESTIGE,PRESTIGE ESTATE LTD,1620.10,1646.60,1565.20,1587.00,1615.20,-1.75,81.40,5.02,0.30,588022,941515111.20,23708
2026-09-04 00:00:00,OBEROIRLTY,OBEROI REALTY LIMITED,1914.00,1932.80,1874.00,1875.60,1902.00,-1.39,58.80,3.07,0.63,585940,1116248950.90,45289
2026-09-04 00:00:00,MUTHOOTFIN,MUTHOOT FINANCE LIMITED,2971.00,2979.90,2913.00,2913.80,2926.50,-0.43,66.90,2.25,1.52,583485,1712851706.40,41017
2026-09-04 00:00:00,TENNIND,TENNECO CLEAN AIR INDIA L,519.80,521.60,513.60,517.55,515.70,0.36,8.00,1.54,0.80,581989,301062124.60,24132
2026-09-04 00:00:00,SWSOLAR,STRLNG & WIL REN ENE LTD,188.20,191.85,185.50,186.23,187.79,-0.83,6.35,3.37,0.22,580711,108774565.72,8709
2026-09-04 00:00:00,AFIL,AKME FINTRADE (INDIA) LTD,9.50,9.54,9.19,9.22,9.31,-0.97,0.35,3.68,2.04,579665,5389185.34,493
2026-09-04 00:00:00,TCC,TCC CONCEPT LIMITED,47.33,49.22,43.80,44.10,233.13,-81.08,5.42,11.45,-79.70,578711,26914347.29,6528
2026-09-04 00:00:00,SDBL,SOM DIST & BREW LTD,72.82,74.55,72.15,74.00,72.62,1.90,2.40,3.30,0.28,578202,42571970.35,3720
2026-09-04 00:00:00,TRENT,TRENT LTD,2849.00,2879.00,2833.20,2853.00,2815.60,1.33,45.80,1.61,1.19,577393,1651637843.70,49772
2026-09-04 00:00:00,REGAAL,REGAAL RESOURCES LIMITED,89.76,92.69,87.50,88.51,89.17,-0.74,5.19,5.78,0.66,576781,51873586.61,2770
2026-09-04 00:00:00,UNOMINDA,UNO MINDA LIMITED,1258.00,1260.30,1237.50,1249.70,1269.00,-1.52,22.80,1.81,-0.87,574742,714220336.30,23640
2026-09-04 00:00:00,UGROCAP,UGRO CAPITAL LIMITED,85.10,87.25,84.67,86.35,84.89,1.72,2.58,3.03,0.25,574138,49800162.51,2153
2026-09-04 00:00:00,AUROPHARMA,AUROBINDO PHARMA LTD,1637.30,1661.50,1622.60,1653.10,1637.30,0.97,38.90,2.38,0.00,573938,947192281.70,26194
2026-09-04 00:00:00,COHANCE,COHANCE LIFESCIENCES LTD,463.30,470.00,453.60,456.60,460.85,-0.92,16.40,3.54,0.53,572792,264348542.20,26506
2026-09-04 00:00:00,GLOBAL,GLOBAL EDUCATION LIMITED,116.30,126.45,115.39,120.45,116.27,3.60,11.06,9.51,0.03,570402,69977133.93,3953
2026-09-04 00:00:00,SYRMA,SYRMA SGS TECHNOLOGY LTD,1455.20,1470.00,1450.40,1457.30,1452.80,0.31,19.60,1.35,0.17,569018,830434072.70,34619
2026-09-04 00:00:00,DRREDDY,DR. REDDY S LABORATORIES,1157.00,1166.80,1151.00,1151.00,1155.00,-0.35,15.80,1.37,0.17,568461,659407091.90,33569
2026-09-04 00:00:00,CHOICEIN,CHOICE INTERNATIONAL LTD,768.90,781.20,756.50,760.95,768.45,-0.98,24.70,3.21,0.06,567061,436060020.30,14203
2026-09-04 00:00:00,COLPAL,COLGATE PALMOLIVE LTD.,1860.00,1863.90,1829.20,1829.20,1850.00,-1.12,34.70,1.87,0.54,562995,1036456365.10,27974
2026-09-04 00:00:00,MIDHANI,MISHRA DHATU NIGAM LTD,417.00,428.20,416.30,418.80,416.90,0.46,11.90,2.85,0.02,562610,236881910.30,14315
2026-09-04 00:00:00,SAILIFE,SAI LIFE SCIENCES LIMITED,1570.00,1622.00,1561.90,1584.30,1574.80,0.60,60.10,3.83,-0.30,561938,896431517.50,30349
2026-09-04 00:00:00,THELEELA,LEELA PALACES HOTEL LTD,564.45,567.85,550.00,554.05,566.05,-2.12,17.85,3.16,-0.28,561774,313499905.10,16509
2026-09-04 00:00:00,STYLEBAAZA,BAAZAR STYLE RETAIL LTD,397.50,403.70,391.95,400.25,394.85,1.37,11.75,2.96,0.67,557524,222551207.15,5822
2026-09-04 00:00:00,ACE,ACTION CONST EQUIP LTD,1148.40,1189.00,1117.10,1125.40,1145.50,-1.75,71.90,6.26,0.25,557111,645285823.50,33114
2026-09-04 00:00:00,NAUKRI,INFO EDGE (I) LTD,1330.50,1349.50,1313.10,1319.80,1330.00,-0.77,36.40,2.74,0.04,556306,736786071.90,32323
2026-09-04 00:00:00,AQYLON,AQYLON NEXUS LIMITED,22.18,22.66,21.76,22.46,21.59,4.03,0.90,4.06,2.73,555317,12377345.92,1622
2026-09-04 00:00:00,PARAS,PARAS DEF AND SPCE TECH L,1415.80,1439.90,1410.00,1414.90,1411.50,0.24,29.90,2.11,0.30,552173,785278692.70,26678
2026-09-04 00:00:00,RATEGAIN,RATEGAIN TRAVEL TECHN LTD,870.00,888.45,845.00,851.15,869.75,-2.14,43.45,4.99,0.03,551109,473111819.20,24016
2026-09-04 00:00:00,MERCANTILE,MERCANTILE VENTURES LTD.,26.90,26.90,24.49,25.45,25.55,-0.39,2.41,8.96,5.28,550263,14209516.99,1130
2026-09-04 00:00:00,GVT&D,GE VERNOVA T&D INDIA LTD,4352.00,4399.50,4304.30,4306.30,4362.00,-1.28,95.20,2.19,-0.23,549760,2388436842.90,49520
2026-09-04 00:00:00,WAAREEENER,WAAREE ENERGIES LIMITED,2580.00,2650.00,2576.60,2635.00,2579.90,2.14,73.40,2.84,0.00,547994,1432828154.50,32169
2026-09-04 00:00:00,AVANTEL,AVANTEL LIMITED,156.60,158.38,154.46,154.96,156.50,-0.98,3.92,2.50,0.06,546755,85359412.18,6048
2026-09-04 00:00:00,MSCIINDIA,KOTAKMAMC - MSCIINDIA,29.85,29.89,29.71,29.82,29.71,0.37,0.18,0.60,0.47,544455,16240513.20,95
2026-09-04 00:00:00,MFSL,MAX FINANCIAL SERV LTD,1537.00,1569.00,1531.40,1548.40,1537.00,0.74,37.60,2.45,0.00,543214,844436020.30,27632
2026-09-04 00:00:00,KSHINTL,KSH INTERNATIONAL LIMITED,1035.10,1098.00,1032.80,1087.80,1022.70,6.37,65.20,6.30,1.21,542413,581945367.50,39159
2026-09-04 00:00:00,TI,TILAKNAGAR INDUSTRIES LTD,540.00,540.90,520.00,535.10,544.25,-1.68,20.90,3.87,-0.78,540041,287073173.75,19586
2026-09-04 00:00:00,DCBBANK,DCB BANK LIMITED,222.40,223.90,220.20,220.74,222.20,-0.66,3.70,1.66,0.09,539992,119697516.35,13976
2026-09-04 00:00:00,CHEMICAL,KOTAKMAMC - CHEMICAL,30.54,30.54,30.10,30.20,30.29,-0.30,0.44,1.44,0.83,539227,16344910.28,1142
2026-09-04 00:00:00,ELECON,ELECON ENG. CO. LTD,436.50,442.50,428.75,433.75,435.95,-0.50,13.75,3.15,0.13,535067,232935467.45,20353
2026-09-04 00:00:00,EQUITASBNK,EQUITAS SMALL FIN BNK LTD,73.05,73.99,72.80,72.95,73.04,-0.12,1.19,1.63,0.01,534782,39248129.30,6980
2026-09-04 00:00:00,INTERNET,MIRAEAMC - INTERNET,14.65,14.74,14.44,14.61,14.52,0.62,0.30,2.05,0.90,534263,7811537.57,242
2026-09-04 00:00:00,HYUNDAI,HYUNDAI MOTOR INDIA LTD,2152.00,2214.50,2150.70,2205.00,2152.00,2.46,63.80,2.96,0.00,531330,1164538315.30,36779
2026-09-04 00:00:00,CMSINFO,CMS INFO SYSTEMS LIMITED,245.45,246.94,241.00,243.46,244.86,-0.57,5.94,2.42,0.24,528852,128495261.16,16069
2026-09-04 00:00:00,SARDAEN,SARDA ENERGY & MIN LTD,510.05,517.05,504.20,508.55,506.55,0.39,12.85,2.52,0.69,526969,268780675.65,18591
2026-09-04 00:00:00,BCLIND,BCL INDUSTRIES LIMITED,36.37,37.95,36.04,36.62,36.22,1.10,1.91,5.25,0.41,526260,19266050.05,2673
2026-09-04 00:00:00,KRISHANA,KRISHANA PHOSCHEM LIMITED,185.05,188.10,181.98,184.13,186.37,-1.20,6.12,3.31,-0.71,525256,96796380.47,8805
2026-09-04 00:00:00,KPIGREEN,KPI GREEN ENERGY LIMITED,303.30,307.95,303.30,307.00,303.25,1.24,4.65,1.53,0.02,525172,160471225.75,12780
2026-09-04 00:00:00,SYNGENE,SYNGENE INTERNATIONAL LTD,399.70,403.15,394.30,395.60,400.80,-1.30,8.85,2.21,-0.27,522372,207177146.45,19456
2026-09-04 00:00:00,MANORAMA,MANORAMA INDUSTRIES LTD,1984.00,2017.50,1957.70,1993.40,1966.30,1.38,59.80,3.01,0.90,521970,1039576132.00,44226
2026-09-04 00:00:00,AMBICAAGAR,AMBICA AGAR & AROMAINDLTD,27.69,28.35,25.54,27.21,26.33,3.34,2.81,10.15,5.17,520846,14246641.92,1482
2026-09-04 00:00:00,MTNL,MAHANAGAR TELEPHONE NIGAM,26.59,26.98,26.47,26.55,26.42,0.49,0.51,1.92,0.64,518060,13794220.41,2310
2026-09-04 00:00:00,ZYDUSLIFE,ZYDUS LIFESCIENCES LTD,1146.00,1146.00,1120.00,1120.00,1143.00,-2.01,26.00,2.27,0.26,516768,584161932.30,17541
2026-09-04 00:00:00,PACEDIGITK,PACE DIGITEK LIMITED,167.50,168.39,166.12,167.59,166.23,0.82,2.27,1.36,0.76,512494,85815387.14,6052
2026-09-04 00:00:00,JKLAKSHMI,JK LAKSHMI CEMENT LTD,519.00,522.85,512.05,515.70,514.40,0.25,10.80,2.08,0.89,512153,264139384.85,8011
2026-09-04 00:00:00,FINPIPE,FINOLEX INDUSTRIES LTD,160.00,160.00,156.00,158.63,158.90,-0.17,4.00,2.50,0.69,507087,80271974.78,17238
2026-09-04 00:00:00,MANINDS,MAN INDUSTRIES (I) LTD.,801.00,807.75,781.50,788.55,793.40,-0.61,26.25,3.28,0.96,505736,401890545.60,23876
2026-09-04 00:00:00,MOIL,MOIL LIMITED,252.70,253.70,249.97,252.30,250.68,0.65,3.73,1.48,0.81,505504,127219892.97,9610
2026-09-04 00:00:00,PARKHOSPS,PARK MEDI WORLD LIMITED,289.00,289.35,283.75,286.25,286.70,-0.16,5.60,1.94,0.80,504932,144649293.65,5915
2026-09-04 00:00:00,GMDCLTD,GUJARAT MINERAL DEV CORP,566.20,570.75,561.00,562.95,565.85,-0.51,9.75,1.72,0.06,503162,284277700.30,15769
2026-09-04 00:00:00,ASTRAMICRO,ASTRA MICROWAVE LTD,1666.10,1741.00,1666.10,1729.00,1665.10,3.84,74.90,4.50,0.06,502645,863137245.10,26428
2026-09-04 00:00:00,PNCINFRA,PNC INFRATECH LTD.,182.95,187.50,180.01,183.11,182.97,0.08,7.49,4.09,-0.01,499774,91435527.05,9078
2026-09-04 00:00:00,ZENSARTECH,ZENSAR TECHNOLOGIES  LTD,468.50,475.95,460.50,461.55,465.45,-0.84,15.45,3.30,0.66,499424,232508256.00,16414
2026-09-04 00:00:00,JUBLPHARMA,JUBILANT PHARMOVA LTD,919.00,930.00,901.20,924.50,907.90,1.83,28.80,3.13,1.22,498346,455574687.60,27270
2026-09-04 00:00:00,GFLLIMITED,GFL LIMITED,59.69,63.89,58.90,62.81,58.65,7.09,4.99,8.36,1.77,497897,30851291.86,4337
2026-09-04 00:00:00,SUVEN,SUVEN LIFE SCIENCES LTD,382.00,388.45,376.70,378.00,378.35,-0.09,11.75,3.08,0.96,494667,188268634.65,19774
2026-09-04 00:00:00,BECTORFOOD,MRS BECTORS FOOD SPE LTD,230.01,231.70,225.16,225.96,229.41,-1.50,6.54,2.84,0.26,493507,112658542.46,13225
2026-09-04 00:00:00,EICHERMOT,EICHER MOTORS LTD,7665.00,7665.50,7590.00,7630.50,7690.00,-0.77,75.50,0.98,-0.33,492954,3757757330.00,47403
2026-09-04 00:00:00,SERVOTECH,SERVOTECH REN POW SYS LTD,80.70,82.26,78.88,79.62,80.25,-0.79,3.38,4.19,0.56,492370,39260240.06,4199
2026-09-04 00:00:00,INTELLECT,INTELLECT DESIGN ARENA,680.30,703.65,680.30,686.65,678.30,1.23,23.35,3.43,0.29,491572,340748673.05,32327
2026-09-04 00:00:00,GROWWNET,GROWWAMC - GROWWNET,10.95,10.95,10.63,10.86,10.79,0.65,0.32,2.92,1.48,490430,5325755.49,576
2026-09-04 00:00:00,CONSUMER,MIRAEAMC - CONSUMER,12.45,12.45,12.00,12.03,12.02,0.08,0.45,3.61,3.58,487786,5871987.23,314
2026-09-04 00:00:00,UDS,UPDATER SERVICES LIMITED,240.00,240.30,231.60,239.03,236.61,1.02,8.70,3.63,1.43,487592,115242109.14,9651
2026-09-04 00:00:00,CUMMINSIND,CUMMINS INDIA LTD,5071.00,5083.00,5013.00,5035.00,5071.00,-0.71,70.00,1.38,0.00,483825,2438711381.00,28202
2026-09-04 00:00:00,INA,INSOLATION ENERGY LIMITED,89.22,91.93,89.22,90.24,89.03,1.36,2.71,3.04,0.21,481868,43654978.73,4760
2026-09-04 00:00:00,PFS,PTC INDIA FIN SERV LTD,27.40,27.73,26.75,26.94,27.11,-0.63,0.98,3.58,1.07,481425,13081786.28,2116
2026-09-04 00:00:00,PENIND,PENNAR INDUSTRIES LTD,168.70,171.00,167.02,169.56,166.88,1.61,3.98,2.36,1.09,477553,80693088.29,5875
2026-09-04 00:00:00,AEROENTER,AEROFLEX ENTERPRISES LTD,143.88,145.19,140.20,141.81,142.86,-0.73,4.99,3.47,0.71,477542,67996617.80,4185
2026-09-04 00:00:00,ANDHRSUGAR,ANDHRA SUGARS LTD,102.19,102.71,98.75,99.51,101.29,-1.76,3.96,3.88,0.89,477164,47824065.33,5143
2026-09-04 00:00:00,TECHNOCRAF,TECHNOCRAFT VENTURES LTD,372.00,373.65,363.10,366.10,373.20,-1.90,10.55,2.84,-0.32,476411,175486648.10,9749
2026-09-04 00:00:00,ASIANENE,ASIAN ENERGY SERVICES LTD,527.05,538.00,509.00,517.45,523.00,-1.06,29.00,5.50,0.77,476280,249638101.80,15683
2026-09-04 00:00:00,GENESYS,GENESYS INTL CORPN LTD,222.63,234.00,222.62,230.88,222.63,3.71,11.38,5.11,0.00,475906,108556438.29,7656
2026-09-04 00:00:00,PANORAMA,PANORAMA STUDIOS INTL. L,46.00,48.00,44.60,47.41,45.83,3.45,3.40,7.39,0.37,473879,22283573.07,1614
2026-09-04 00:00:00,FLUOROCHEM,GUJARAT FLUOROCHEM LTD,4839.30,4850.00,4461.10,4554.00,4694.60,-2.99,388.90,8.04,3.08,473510,2186635509.10,77614
2026-09-04 00:00:00,SMSPHARMA,SMS PHARMACEUTICALS LTD.,374.00,398.40,373.00,392.50,374.15,4.90,25.40,6.79,-0.04,473075,184207087.80,11260
2026-09-04 00:00:00,GOKEX,GOKALDAS EXPORTS LTD.,768.50,802.50,768.50,789.20,767.65,2.81,34.00,4.42,0.11,472178,372784295.80,16074
2026-09-04 00:00:00,TRIVENI,TRIVENI ENGG. & INDS. LTD,281.90,281.90,274.50,275.65,280.50,-1.73,7.40,2.63,0.50,472150,130708659.30,9430
2026-09-04 00:00:00,JAYKAY,JAYKAY ENTERPRISES LTD,165.37,167.88,151.76,153.69,166.46,-7.67,16.12,9.75,-0.65,470358,73794110.53,7012
2026-09-04 00:00:00,MEDANTA,GLOBAL HEALTH LIMITED,1424.30,1491.80,1424.30,1469.80,1417.30,3.70,67.50,4.74,0.49,470026,691398767.20,55760
2026-09-04 00:00:00,JYOTHYLAB,JYOTHY LABS LIMITED,201.00,203.55,200.05,201.54,200.50,0.52,3.50,1.74,0.25,469980,94819639.11,9930
2026-09-04 00:00:00,CAMS,COMPUTER AGE MNGT SER LTD,750.00,757.75,746.05,748.80,747.40,0.19,11.70,1.56,0.35,469646,352918733.85,24622
2026-09-04 00:00:00,GROWWMETAL,GROWWAMC - GROWWMETAL,12.48,12.77,12.32,12.72,12.48,1.92,0.45,3.61,0.00,467942,5918741.22,1502
2026-09-04 00:00:00,GREAVESCOT,GREAVES COTTON LTD.,193.50,197.07,193.21,195.56,194.78,0.40,3.86,1.99,-0.66,467649,91205437.89,8117
2026-09-04 00:00:00,GAEL,GUJARAT AMBUJA EXPORTS LT,170.88,171.20,167.20,167.81,170.88,-1.80,4.00,2.34,0.00,466226,78434013.70,8584
2026-09-04 00:00:00,AARTIPHARM,AARTI PHARMALABS LIMITED,872.00,879.75,854.10,858.80,868.10,-1.07,25.65,2.94,0.45,463265,399406199.05,19523
2026-09-04 00:00:00,MOMMIDCAP,MIRAEAMC - MOMMIDCAP,13.01,13.07,12.98,12.99,13.02,-0.23,0.09,0.69,-0.08,463054,6026349.49,472
2026-09-04 00:00:00,VOLTAS,VOLTAS LTD,1172.00,1189.70,1167.00,1170.00,1178.00,-0.68,22.70,1.94,-0.51,460619,543177400.90,22604
2026-09-04 00:00:00,BAJAJHCARE,BAJAJ HEALTHCARE LIMITED,327.80,331.90,319.85,321.45,325.20,-1.15,12.05,3.68,0.80,458849,148591192.70,5529
2026-09-04 00:00:00,SANGHVIMOV,SANGHVI MOVERS LTD,456.40,472.00,436.65,439.20,453.00,-3.05,35.35,7.75,0.75,455750,205817384.20,20233
2026-09-04 00:00:00,GOODLUCK,GOODLUCK INDIA LIMITED,468.95,480.00,468.10,472.90,469.40,0.75,11.90,2.54,-0.10,455214,215784018.90,9833
2026-09-04 00:00:00,JSFB,JANA SMALL FIN BANK LTD,534.20,544.00,524.55,535.10,534.20,0.17,19.45,3.64,0.00,453979,242936537.95,12898
2026-09-04 00:00:00,LTFOODS,LT FOODS LIMITED,442.45,448.90,439.00,444.80,442.55,0.51,9.90,2.24,-0.02,450291,199681837.60,18698
2026-09-04 00:00:00,NITCO,NITCO LIMITED,96.70,97.00,94.95,96.10,96.28,-0.19,2.05,2.12,0.44,449640,43143194.89,3222
2026-09-04 00:00:00,SURYAROSNI,SURYA ROSHNI LTD,216.66,220.58,215.96,216.49,216.66,-0.08,4.62,2.13,0.00,449482,97793705.68,6657
2026-09-04 00:00:00,ATGL,ADANI TOTAL GAS LIMITED,614.00,619.80,610.55,612.35,614.05,-0.28,9.25,1.51,-0.01,445851,274247319.60,15365
2026-09-04 00:00:00,NATCOPHARM,NATCO PHARMA LTD.,839.00,841.80,826.50,828.65,838.30,-1.15,15.30,1.82,0.08,445370,370453631.15,34975
2026-09-04 00:00:00,POLICYBZR,PB FINTECH LIMITED,1848.20,1866.60,1828.70,1836.00,1870.00,-1.82,37.90,2.05,-1.17,445054,820287272.10,25654
2026-09-04 00:00:00,AJMERA,AJMERA REALTY & INF I LTD,116.00,121.00,116.00,117.76,115.45,2.00,5.00,4.31,0.48,443302,52557042.36,6461
2026-09-04 00:00:00,GRAVITA,GRAVITA INDIA LIMITED,1684.80,1696.60,1615.10,1661.60,1684.80,-1.38,81.50,4.84,0.00,442686,730139705.60,45023
2026-09-04 00:00:00,BLUEJET,BLUE JET HEALTHCARE LTD,582.05,584.00,565.50,569.80,579.00,-1.59,18.50,3.18,0.53,442380,253500585.00,11811
2026-09-04 00:00:00,SEIL,SHANTI EDU INITIATIVES L,202.10,202.34,198.50,200.76,202.34,-0.78,3.84,1.90,-0.12,440822,88307216.12,1777
2026-09-04 00:00:00,GLOBE,GLOBE ENTERPRISE (I) LTD,1.93,1.94,1.87,1.89,1.91,-1.05,0.07,3.63,1.05,440779,833950.26,294
2026-09-04 00:00:00,VIPIND,VIP INDUSTRIES LTD,309.80,317.75,308.95,314.05,310.35,1.19,8.80,2.84,-0.18,440277,138278530.75,6947
2026-09-04 00:00:00,VISAKAIND,VISAKA INDUSTRIES LIMITED,90.50,96.00,90.18,93.37,90.50,3.17,5.82,6.43,0.00,440201,40961940.05,4419
2026-09-04 00:00:00,BAJAJFINSV,BAJAJ FINSERV LTD.,1985.00,1994.20,1970.00,1970.00,1992.10,-1.11,24.20,1.22,-0.36,437793,866359784.40,31032
2026-09-04 00:00:00,PNGJL,P N GADGIL JEWELLERS LTD,589.00,614.40,586.70,609.05,591.25,3.01,27.70,4.70,-0.38,436673,265105299.10,17468
2026-09-04 00:00:00,MAHKTECH,MIRAEAMC - MAHKTECH,22.10,22.10,22.10,22.10,22.26,-0.72,0.00,0.00,-0.72,436637,9649677.70,473
2026-09-04 00:00:00,MEDIASSIST,MEDI ASSIST HEALTH SER L,341.65,348.50,338.50,340.35,343.95,-1.05,10.00,2.93,-0.67,433407,148369566.65,12318
2026-09-04 00:00:00,SHK,S H KELKAR AND CO. LTD.,150.40,153.58,149.11,150.87,150.14,0.49,4.47,2.97,0.17,432026,65543470.10,6066
2026-09-04 00:00:00,SMLMAH,SML MAHINDRA LIMITED,5725.00,6298.50,5719.50,6298.50,5726.00,10.00,579.00,10.11,-0.02,427607,2603149814.00,63893
2026-09-04 00:00:00,PRAJIND,PRAJ INDUSTRIES LTD,339.95,343.35,333.65,335.55,341.60,-1.77,9.70,2.85,-0.48,425298,143229059.95,10510
2026-09-04 00:00:00,GHCLTEXTIL,GHCL TEXTILES LIMITED,139.23,139.85,135.05,136.72,138.02,-0.94,4.80,3.45,0.88,424691,58143635.08,5069
2026-09-04 00:00:00,TVSMOTOR,TVS MOTOR COMPANY  LTD,4181.20,4200.00,4127.80,4133.10,4200.00,-1.59,72.20,1.73,-0.45,424571,1763494759.40,38869
2026-09-04 00:00:00,RNBDENIMS,R&B DENIMS LIMITED,10.81,10.81,10.27,10.27,10.81,-5.00,0.54,5.00,0.00,424488,4383747.18,764
2026-09-04 00:00:00,REDTAPE,REDTAPE LIMITED,118.90,121.90,117.60,120.43,117.48,2.51,4.30,3.62,1.21,423314,50977603.28,4359
2026-09-04 00:00:00,HDFCMID150,HDFCAMC - HDFCMID150,23.78,23.78,23.45,23.50,23.53,-0.13,0.33,1.39,1.06,422354,9933419.53,1296
2026-09-04 00:00:00,SHAKTIPUMP,SHAKTI PUMPS (I) LTD,475.00,482.80,470.80,473.00,472.20,0.17,12.00,2.53,0.59,419668,199414067.85,15452
2026-09-04 00:00:00,BLUESTARCO,BLUE STAR LIMITED,1485.70,1514.70,1475.00,1484.00,1485.70,-0.11,39.70,2.67,0.00,419549,625702948.90,29196
2026-09-04 00:00:00,LXCHEM,LAXMI ORGANIC INDUS LTD,174.40,176.46,171.70,172.04,175.58,-2.02,4.76,2.73,-0.67,416497,72319759.24,7250
2026-09-04 00:00:00,PIIND,PI INDUSTRIES LTD,2415.00,2509.00,2410.00,2465.00,2419.90,1.86,99.00,4.10,-0.20,415878,1029374226.80,27586
2026-09-04 00:00:00,GLENMARK,GLENMARK PHARMACEUTICALS,2454.50,2456.70,2422.70,2437.20,2459.00,-0.89,34.00,1.39,-0.18,412728,1005401462.60,25342
2026-09-04 00:00:00,MODISONLTD,MODISON LIMITED,479.20,494.65,469.95,469.95,494.65,-4.99,24.70,5.15,-3.12,412447,196800998.20,6839
2026-09-04 00:00:00,NAGREEKEXP,NAGREEKA EXPORTS LTD.,21.10,25.00,20.81,24.10,21.30,13.15,4.19,19.86,-0.94,411783,9398787.95,516
2026-09-04 00:00:00,KRN,KRN HEAT EXCHANGE N REF L,1540.90,1581.10,1521.20,1578.70,1505.90,4.83,59.90,3.89,2.32,408862,644204498.10,8835
2026-09-04 00:00:00,SPMLINFRA,SPML INFRA LIMITED,173.60,183.58,172.38,181.41,173.31,4.67,11.20,6.45,0.17,407685,73291756.45,6363
2026-09-04 00:00:00,APOLLOTYRE,APOLLO TYRES LTD,433.85,435.15,428.25,429.55,433.85,-0.99,6.90,1.59,0.00,407526,175436511.95,15940
2026-09-04 00:00:00,NOCIL,NOCIL LIMITED,172.30,174.50,170.00,172.44,171.80,0.37,4.50,2.61,0.29,403591,69494102.48,4384
2026-09-04 00:00:00,KNACK,KNACK PACKAGING LIMITED,190.70,190.70,186.60,187.30,188.37,-0.57,4.10,2.15,1.24,402969,75761269.10,4435
2026-09-04 00:00:00,RAILTEL,RAILTEL CORP OF IND LTD,270.80,273.90,270.00,271.05,270.90,0.06,3.90,1.44,-0.04,401507,109092505.85,9571
2026-09-04 00:00:00,NFL,NATIONAL FERT. LTD,70.34,70.88,70.34,70.51,70.33,0.26,0.54,0.77,0.01,400837,28290910.11,2425
2026-09-04 00:00:00,AFCONS,AFCONS INFRASTRUCTURE LTD,295.05,297.40,291.35,292.80,294.70,-0.64,6.05,2.05,0.12,400459,117672294.45,15773
2026-09-04 00:00:00,WALCHANNAG,WALCHANDNAGAR INDUSTRIES,206.94,212.00,206.94,208.61,206.13,1.20,5.06,2.45,0.39,400336,83721881.94,6130
2026-09-04 00:00:00,GIPCL,GUJ IND POW CO. LTD,208.90,208.90,204.26,205.18,208.04,-1.37,4.64,2.22,0.41,400260,82405245.46,6911
2026-09-04 00:00:00,MAITHANALL,MAITHAN ALLOYS LTD,1044.00,1105.00,1035.50,1090.55,1038.50,5.01,69.50,6.66,0.53,400161,432536086.95,18948
2026-09-04 00:00:00,ASIANPAINT,ASIAN PAINTS LIMITED,2540.00,2553.90,2519.80,2527.30,2541.60,-0.56,34.10,1.34,-0.06,399368,1012472116.70,32272
2026-09-04 00:00:00,TORNTPOWER,TORRENT POWER LTD,1289.90,1308.00,1260.20,1299.10,1289.30,0.76,47.80,3.71,0.05,398524,513745258.50,29173
2026-09-04 00:00:00,SAMHI,SAMHI HOTELS LIMITED,152.59,155.60,152.55,153.99,152.59,0.92,3.05,2.00,0.00,397845,61151563.19,10909
2026-09-04 00:00:00,SOLARA,SOLARA ACTIVE PHA SCI LTD,628.00,652.00,619.00,639.15,629.85,1.48,33.00,5.25,-0.29,396998,252716772.45,13734
2026-09-04 00:00:00,INDIGO,INTERGLOBE AVIATION LTD,4980.00,5035.00,4977.00,4977.00,4980.00,-0.06,58.00,1.16,0.00,394117,1970691308.00,37006
2026-09-04 00:00:00,MOBIKWIK,ONE MOBIKWIK SYSTEMS LTD,191.15,193.72,189.90,192.12,190.61,0.79,3.82,2.00,0.28,393306,75634752.79,5598
2026-09-04 00:00:00,MANOMAY,MANOMAY TEX INDIA LTD,232.00,237.80,224.50,234.97,226.83,3.59,13.30,5.73,2.28,390666,89664728.67,4222
2026-09-04 00:00:00,AVROIND,AVRO INDIA LIMITED,8.78,8.96,8.60,8.72,8.97,-2.79,0.36,4.10,-2.12,390578,3432490.36,1288
2026-09-04 00:00:00,SIS,SIS LIMITED,435.85,436.65,428.05,430.95,435.85,-1.12,8.60,1.97,0.00,390191,168687345.60,10574
2026-09-04 00:00:00,SRIKPRIND,SRI KPR INDUSTRIES LTD.,36.80,36.80,31.11,33.38,33.46,-0.24,5.69,15.46,9.98,388915,13268023.35,3208
2026-09-04 00:00:00,KSR,KSR FOOTWEAR LIMITED,32.50,34.69,31.90,34.61,31.54,9.73,2.79,8.58,3.04,388546,12848288.28,432
2026-09-04 00:00:00,MARATHON,MARATHON NXTGEN REALT LTD,436.05,450.00,434.00,437.90,434.95,0.68,16.00,3.67,0.25,388461,171862246.55,7019
2026-09-04 00:00:00,GATEWAY,GATEWAY DISTRIPARKS LTD,54.77,55.06,54.36,54.69,54.50,0.35,0.70,1.28,0.50,387773,21200363.53,3207
2026-09-04 00:00:00,LGEINDIA,LG ELECTRONICS INDIA LTD,1661.20,1672.60,1634.00,1640.70,1662.30,-1.30,38.60,2.32,-0.07,387555,637524463.40,29809
2026-09-04 00:00:00,GREENPLY,GREENPLY INDUSTRIES LTD,292.10,307.90,292.10,304.70,293.00,3.99,15.80,5.41,-0.31,387224,117191688.65,6481
2026-09-04 00:00:00,PROTEAN,PROTEAN EGOV TECHNO LTD,497.00,503.00,489.35,496.30,494.80,0.30,13.65,2.75,0.44,385965,191248327.85,10626
2026-09-04 00:00:00,TURTLEMINT,TURTLEMINT FINTECH SOLS L,145.45,146.04,142.66,144.08,144.29,-0.15,3.38,2.32,0.80,385856,55652671.50,9478
2026-09-04 00:00:00,UTTAMSUGAR,UTTAM SUGAR MILLS LTD.,300.90,302.00,275.30,281.20,299.00,-5.95,26.70,8.87,0.64,383064,109430728.80,8840
2026-09-04 00:00:00,KPEL,K.P. ENERGY LIMITED,242.99,253.03,239.28,247.32,240.89,2.67,13.75,5.66,0.87,382368,94471290.64,6987
2026-09-04 00:00:00,TNPL,TAMILNADU NEWSPRT & PAPER,154.36,158.80,152.50,155.75,154.36,0.90,6.30,4.08,0.00,382264,59499430.04,8632
2026-09-04 00:00:00,BOMDYEING,BOMBAY DYEING & MFG. CO L,113.19,115.25,113.05,113.47,113.19,0.25,2.20,1.94,0.00,381464,43408634.86,3612
2026-09-04 00:00:00,JKPAPER,JK PAPER LIMITED,412.00,413.75,401.60,405.80,410.15,-1.06,12.15,2.95,0.45,381165,154772939.15,11305
2026-09-04 00:00:00,DATAPATTNS,DATA PATTERNS INDIA LTD,4588.00,4666.00,4546.40,4585.00,4587.30,-0.05,119.60,2.61,0.02,377845,1743792432.30,36760
2026-09-04 00:00:00,SANDUMA,SANDUR MANG & IRON ORES L,198.00,199.50,196.50,197.83,197.89,-0.03,3.00,1.52,0.06,375487,74289613.37,7447
2026-09-04 00:00:00,CAPACITE,CAPACITE INFRAPROJECT LTD,209.95,217.90,208.22,216.22,208.88,3.51,9.68,4.61,0.51,373452,79914783.99,5699
2026-09-04 00:00:00,IGIL,INTL GEMOLOGICAL INST LTD,330.00,330.95,322.05,323.50,325.95,-0.75,8.90,2.70,1.24,369135,120063221.90,19190
2026-09-04 00:00:00,INDOCO,INDOCO REMEDIES LTD.,272.95,274.70,260.59,262.51,272.56,-3.69,14.11,5.17,0.14,368891,98297234.29,8462
2026-09-04 00:00:00,TANLA,TANLA PLATFORMS LIMITED,515.45,528.95,515.45,521.15,514.80,1.23,13.50,2.62,0.13,368770,192266588.25,12911
2026-09-04 00:00:00,RUCHINFRA,RUCHI INFRASTRUCTURE LTD,6.00,6.11,5.51,5.82,6.04,-3.64,0.60,10.00,-0.66,367135,2136841.12,1086
2026-09-04 00:00:00,HDBFS,HDB FINANCIAL SERVICES L,693.45,705.00,680.05,682.70,693.45,-1.55,24.95,3.60,0.00,366577,253453839.45,17760
2026-09-04 00:00:00,KIRLOSENG,KIRLOSKAR OIL ENG LTD,2270.00,2279.00,2182.20,2201.90,2267.60,-2.90,96.80,4.26,0.11,365394,815677512.50,30188
2026-09-04 00:00:00,CAMPUS,CAMPUS ACTIVEWEAR LIMITED,223.97,225.00,220.51,223.24,223.97,-0.33,4.49,2.00,0.00,364174,81120146.52,8786
2026-09-04 00:00:00,GAYAPROJ,GAYATRI PROJECTS LTD,22.37,22.40,21.30,21.76,22.18,-1.89,1.10,4.92,0.86,363836,8008720.03,1808
2026-09-04 00:00:00,ARE&M,AMARA RAJA ENERGY MOB LTD,861.30,868.95,855.05,864.20,860.40,0.44,13.90,1.61,0.10,363791,314148605.05,21774
2026-09-04 00:00:00,RALLIS,RALLIS INDIA LTD,210.00,212.51,208.36,208.82,209.83,-0.48,4.15,1.98,0.08,361939,75916120.92,9082
2026-09-04 00:00:00,JKTYRE,JK TYRE & INDUSTRIES LTD,368.90,371.90,366.50,367.35,369.45,-0.57,5.40,1.46,-0.15,360957,133148130.60,11588
2026-09-04 00:00:00,LAXMIINDIA,LAXMI INDIA FINANCE LTD,128.70,135.00,128.37,132.60,128.13,3.49,6.63,5.15,0.44,360742,47642804.33,4636
2026-09-04 00:00:00,CEMPRO,CEMINDIA PROJECTS LIMITED,1299.00,1314.70,1270.10,1297.40,1296.90,0.04,44.60,3.43,0.16,359470,464714476.80,19708
2026-09-04 00:00:00,HIMATSEIDE,HIMATSINGKA SEIDE LTD,70.42,71.89,70.25,71.51,70.32,1.69,1.64,2.33,0.14,358084,25483332.22,3631
2026-09-04 00:00:00,UNITDSPR,UNITED SPIRITS LIMITED,1488.10,1489.90,1462.50,1471.70,1488.90,-1.16,27.40,1.84,-0.05,357038,525520007.70,16830
2026-09-04 00:00:00,AXITA,AXITA COTTON LIMITED,8.11,8.14,8.01,8.01,8.01,0.00,0.13,1.60,1.25,356179,2858146.74,600
2026-09-04 00:00:00,ELM250,EDELAMC - ELM250,16.80,16.80,16.51,16.61,16.65,-0.24,0.29,1.73,0.90,355767,5926890.08,278
2026-09-04 00:00:00,TARC,TARC LIMITED,124.20,127.98,123.05,126.99,124.19,2.25,4.93,3.97,0.01,355398,44989660.89,4209
2026-09-04 00:00:00,CARERATING,CARE RATINGS LIMITED,1718.00,1762.90,1699.70,1738.20,1708.40,1.74,63.20,3.68,0.56,354155,611432963.40,11044
2026-09-04 00:00:00,SAREGAMA,SAREGAMA INDIA LIMITED,498.40,500.00,488.10,492.75,493.65,-0.18,11.90,2.39,0.96,353123,175066514.35,20683
2026-09-04 00:00:00,UBL,UNITED BREWERIES LTD,1299.00,1326.00,1277.00,1279.40,1284.20,-0.37,49.00,3.77,1.15,352868,455984062.80,27321
2026-09-04 00:00:00,SRF,SRF LTD,2631.10,2631.10,2532.20,2547.00,2617.00,-2.67,98.90,3.76,0.54,352418,901947197.40,33775
2026-09-04 00:00:00,LATENTVIEW,LATENT VIEW ANALYTICS LTD,267.00,270.80,265.85,267.25,266.00,0.47,4.95,1.85,0.38,351722,94382048.30,9812
2026-09-04 00:00:00,BUILDPRO,SHANKARA BUILDPRO LIMITED,1288.80,1305.00,1282.50,1298.20,1288.80,0.73,22.50,1.75,0.00,351369,455823214.20,5087
2026-09-04 00:00:00,DIXON,DIXON TECHNO (INDIA) LTD,14445.00,14463.00,14070.00,14240.00,14445.00,-1.42,393.00,2.72,0.00,350720,4991620441.00,53585
2026-09-04 00:00:00,DHANBANK,DHANLAXMI BANK LIMITED,31.80,32.03,31.69,31.86,31.72,0.44,0.34,1.07,0.25,349043,11124710.47,1133
2026-09-04 00:00:00,RANASUG,RANA SUGARS LTD.,15.15,15.21,14.72,14.80,15.15,-2.31,0.49,3.23,0.00,346950,5160451.08,740
2026-09-04 00:00:00,GENCON,GENERIC ENG CONS PROJ LTD,42.50,45.37,42.45,44.63,42.36,5.36,2.92,6.87,0.33,345096,15235746.59,1905
2026-09-04 00:00:00,EPACK,EPACK DURABLE LIMITED,191.00,192.50,187.99,189.27,189.08,0.10,4.51,2.36,1.02,343336,65142248.21,5259
2026-09-04 00:00:00,RAMRAT,RAM RATNA WIRES LIMITED,563.60,574.30,555.20,560.65,560.80,-0.03,19.10,3.39,0.50,342804,193274305.60,19311
2026-09-04 00:00:00,DALMIASUG,DALMIA BHARAT SUG IN LTD,460.95,462.50,435.05,438.55,461.05,-4.88,27.45,5.96,-0.02,342704,151924209.35,8816
2026-09-04 00:00:00,ANDHRAPAP,ANDHRA PAPER LIMITED,63.80,64.98,62.22,64.45,63.29,1.83,2.76,4.33,0.81,342517,21883284.51,2631
2026-09-04 00:00:00,BSLNIFTY,ADITYBIRLA SL NIF ETF-GR,28.34,28.34,27.97,28.14,28.07,0.25,0.37,1.31,0.96,339470,9550069.71,3601
2026-09-04 00:00:00,CARBORUNIV,CARBORUNDUM UNIVERSAL LTD,1078.70,1140.90,1069.90,1130.60,1078.00,4.88,71.00,6.58,0.06,338864,380595339.90,21605
2026-09-04 00:00:00,AKUMS,AKUMS DRUGS AND PHARMA L,784.40,785.00,748.35,765.75,780.55,-1.90,36.65,4.67,0.49,338753,257909160.65,21239
2026-09-04 00:00:00,ALPINETEX,ALPINE TEXWORLD LIMITED,57.60,58.95,55.60,57.76,57.17,1.03,3.35,5.82,0.75,337604,19260026.54,3446
2026-09-04 00:00:00,RSL,RAJPUTANA STAINLESS LTD,182.93,184.89,181.10,181.50,181.56,-0.03,3.79,2.07,0.75,337269,61710391.53,3608
2026-09-04 00:00:00,WHEELS,WHEELS INDIA LTD,1660.00,1778.70,1645.20,1724.90,1654.40,4.26,133.50,8.04,0.34,336451,577445967.90,28376
2026-09-04 00:00:00,RAYMONDLSL,RAYMOND LIFESTYLE LIMITED,647.95,683.95,647.00,663.65,647.85,2.44,36.95,5.70,0.02,335816,223938630.95,21448
2026-09-04 00:00:00,WEWORK,WEWORK INDIA MANAGEMENT L,662.00,681.65,659.25,666.95,654.70,1.87,22.40,3.38,1.12,335811,225976465.25,19077
2026-09-04 00:00:00,RIR,RIR POWER ELECTRONICS L,158.00,175.45,158.00,169.86,157.58,7.79,17.45,11.04,0.27,335333,56131301.82,3982
2026-09-04 00:00:00,MSPL,MSP STEEL & POWER LTD.,35.79,35.80,35.01,35.40,35.34,0.17,0.79,2.21,1.27,334614,11826438.24,1689
2026-09-04 00:00:00,GEOJITFSL,GEOJIT FINANCIAL SER L,82.79,83.90,82.31,82.72,82.77,-0.06,1.59,1.92,0.02,332909,27654227.90,2910
2026-09-04 00:00:00,GANECOS,GANESHA ECOSPHERE LIMITED,1023.50,1023.50,962.50,999.90,1015.40,-1.53,61.00,5.96,0.80,331101,327988442.10,28534
2026-09-04 00:00:00,SANATHAN,SANATHAN TEXTILES LIMITED,441.05,474.95,441.05,456.20,433.05,5.35,33.90,7.69,1.85,330832,152999251.85,8764
2026-09-04 00:00:00,IIFLCAPS,IIFL CAPITAL SERVICES LTD,337.40,341.95,337.40,341.20,338.05,0.93,4.55,1.35,-0.19,330001,112273551.70,6950
2026-09-04 00:00:00,FISCHER,FISCHER MEDICAL VENTURE L,37.44,37.62,35.80,36.04,37.03,-2.67,1.82,4.86,1.11,329518,11981060.90,1374
2026-09-04 00:00:00,ADVIKCA,ADVIK CAPITAL LTD.,1.15,1.16,1.11,1.12,1.13,-0.88,0.05,4.35,1.77,329513,372742.22,336
2026-09-04 00:00:00,CHAMBLFERT,CHAMBAL FERTILIZERS LTD,419.90,422.95,418.05,419.05,418.30,0.18,4.90,1.17,0.38,329143,138339506.70,15583
2026-09-04 00:00:00,DCXINDIA,DCX SYSTEMS LIMITED,170.15,172.35,168.10,168.83,169.57,-0.44,4.25,2.50,0.34,328462,55916426.70,4906
2026-09-04 00:00:00,DEEDEV,DEE DEVELOPMENT ENG LTD,645.80,673.80,642.05,658.25,645.90,1.91,31.75,4.92,-0.02,327955,217359178.05,18558
2026-09-04 00:00:00,CYIENT,CYIENT LIMITED,1111.30,1131.70,1096.20,1101.80,1111.30,-0.85,35.50,3.19,0.00,327209,364488126.50,17661
2026-09-04 00:00:00,ESSARSHPNG,ESSAR SHIPPING LTD,17.00,17.65,16.90,17.09,16.87,1.30,0.75,4.41,0.77,325102,5591360.40,1388
2026-09-04 00:00:00,EPACKPEB,EPACK PREFAB TECHN LTD,227.50,233.85,227.50,231.11,227.30,1.68,6.35,2.79,0.09,324727,74959483.05,5343
2026-09-04 00:00:00,BALKRISIND,BALKRISHNA IND. LTD,2330.00,2346.30,2264.00,2284.60,2327.30,-1.83,82.30,3.53,0.12,324489,742163483.20,29526
2026-09-04 00:00:00,SUPRIYA,SUPRIYA LIFESCIENCE LTD,838.55,868.00,838.55,852.85,842.70,1.20,29.45,3.51,-0.49,324059,278427084.30,22527
2026-09-04 00:00:00,SUNDARAM,SUNDARAM MULTI PAP LTD,1.23,1.26,1.21,1.23,1.23,0.00,0.05,4.07,0.00,323987,399943.60,231
2026-09-04 00:00:00,TIMEX,TIMEX GROUP INDIA LTD.,654.85,674.00,646.30,669.85,649.55,3.13,27.70,4.23,0.82,323553,214305591.20,23545
2026-09-04 00:00:00,BFSI,MIRAEAMC - MAFSETF,27.61,27.61,27.02,27.17,27.02,0.56,0.59,2.14,2.18,323149,8773794.06,608
2026-09-04 00:00:00,TORNTPHARM,TORRENT PHARMACEUTICALS L,4930.00,4941.00,4823.00,4857.00,4905.50,-0.99,118.00,2.39,0.50,322787,1568119322.00,27675
2026-09-04 00:00:00,MARUTI,MARUTI SUZUKI INDIA LTD.,12880.00,12880.00,12656.00,12694.00,12857.00,-1.27,224.00,1.74,0.18,322752,4108282962.00,65754
2026-09-04 00:00:00,ORIENTALTL,ORIENTAL TRIMEX LTD,5.07,5.64,4.93,5.31,5.02,5.78,0.71,14.00,1.00,322042,1689287.32,661
2026-09-04 00:00:00,INNOVACAP,INNOVA CAPTAB LIMITED,1130.60,1199.90,1118.00,1175.40,1125.40,4.44,81.90,7.24,0.46,321751,377036055.00,26774
2026-09-04 00:00:00,KAJARIACER,KAJARIA CERAMICS LTD,1260.60,1262.00,1235.00,1239.60,1260.60,-1.67,27.00,2.14,0.00,319639,397076637.80,19442
2026-09-04 00:00:00,MUNJALAU,MUNJAL AUTO IND. LTD.,113.45,114.99,111.34,112.28,112.92,-0.57,3.65,3.22,0.47,317397,35752752.87,4135
2026-09-04 00:00:00,SHAREINDIA,SHARE IND. SECURITIES LTD,171.06,172.75,170.10,170.50,169.27,0.73,2.65,1.55,1.06,316097,53979011.71,1853
2026-09-04 00:00:00,CARTRADE,CARTRADE TECH LIMITED,2997.00,3051.90,2945.30,3000.20,2992.20,0.27,106.60,3.56,0.16,315551,946580569.80,42267
2026-09-04 00:00:00,CMLL,CALIBER MINING AND LOG L,508.00,517.05,501.10,503.05,501.40,0.33,15.95,3.14,1.32,314875,159964559.45,8230
2026-09-04 00:00:00,HMAAGRO,HMA AGRO INDUSTRIES LTD,20.90,21.15,20.80,20.84,20.93,-0.43,0.35,1.67,-0.14,314281,6559067.14,1515
2026-09-04 00:00:00,YATHARTH,YATHARTH HOSP & TRA C S L,971.50,994.70,963.10,991.10,962.30,2.99,31.60,3.25,0.96,314144,309134504.70,14526
2026-09-04 00:00:00,KRBL,KRBL LIMITED,425.50,429.65,416.85,421.95,424.90,-0.69,12.80,3.01,0.14,313910,132314607.25,9211
2026-09-04 00:00:00,MARALOVER,MARAL OVERSEAS LTD,55.00,65.69,55.00,61.83,55.26,11.89,10.69,19.44,-0.47,313426,19533074.05,2285
2026-09-04 00:00:00,TRANSRAILL,TRANSRAIL LIGHTING LTD,428.05,434.70,428.05,429.30,427.45,0.43,6.65,1.55,0.14,313125,134900903.95,9964
2026-09-04 00:00:00,UNIPARTS,UNIPARTS INDIA LIMITED,895.40,899.90,850.00,874.05,899.90,-2.87,49.90,5.57,-0.50,311978,272851627.70,18351
2026-09-04 00:00:00,INDRAMEDCO,INDRAPRASTHA MEDICAL CORP,357.70,358.60,348.30,349.70,356.35,-1.87,10.30,2.88,0.38,311569,109714718.40,4724
2026-09-04 00:00:00,ODYCORP,ODYSSEY CORPORATION LTD.,6.93,8.31,6.81,7.46,6.93,7.65,1.50,21.65,0.00,311228,2401186.19,678
2026-09-04 00:00:00,MEDPLUS,MEDPLUS HEALTH SERV LTD,660.65,691.35,650.20,676.35,660.65,2.38,41.15,6.23,0.00,310867,208659458.25,12964
2026-09-04 00:00:00,TITAN,TITAN COMPANY LIMITED,5010.00,5022.00,4980.00,5020.00,5027.00,-0.14,42.00,0.84,-0.34,310845,1554778536.00,34506
2026-09-04 00:00:00,AVONMORE,AVONMORE CAP&MGT SERV LTD,13.74,13.74,12.93,13.02,13.12,-0.76,0.81,5.90,4.73,310318,4072896.71,722
2026-09-04 00:00:00,JISLDVREQS,JAIN DVR EQUITY SHARES,21.20,23.34,20.81,21.93,21.03,4.28,2.53,11.93,0.81,310219,6787426.13,614
2026-09-04 00:00:00,AVTNPL,AVT NATURAL PRODUCTS LTD,93.66,93.66,90.45,91.02,91.64,-0.68,3.21,3.43,2.20,309025,28318141.42,3137
2026-09-04 00:00:00,A2ZINFRA,A2Z INFRA ENGINEERING LTD,15.98,16.24,15.33,15.61,15.98,-2.32,0.91,5.69,0.00,308540,4823642.09,740
2026-09-04 00:00:00,ARVIND,ARVIND LIMITED,563.10,566.00,550.00,552.95,567.00,-2.48,16.00,2.84,-0.69,308497,171795722.55,15618
2026-09-04 00:00:00,CINELINE,CINELINE INDIA LIMITED,91.40,99.40,90.10,95.23,89.83,6.01,9.30,10.18,1.75,308404,29256601.78,2264
2026-09-04 00:00:00,GODREJPROP,GODREJ PROPERTIES LTD,2000.00,2021.70,1971.00,1982.00,2001.50,-0.97,50.70,2.54,-0.07,307319,612979602.30,17479
2026-09-04 00:00:00,GODREJAGRO,GODREJ AGROVET LIMITED,657.00,665.50,638.70,644.85,658.95,-2.14,26.80,4.08,-0.30,306292,198404603.20,17174
2026-09-04 00:00:00,PREMEXPLN,PREMIER EXPLOSIVES LTD,665.00,672.00,663.00,664.00,666.35,-0.35,9.00,1.35,-0.20,305895,203733077.50,2677
2026-09-04 00:00:00,TOP10ADD,DSPAMC - TOP10ADD,88.04,88.30,87.81,87.98,87.79,0.22,0.49,0.56,0.28,305895,26921733.59,452
2026-09-04 00:00:00,BTML,BODHI TREE MULTIMEDIA LTD,8.42,8.70,8.20,8.51,8.49,0.24,0.50,5.94,-0.82,305536,2584157.40,301
2026-09-04 00:00:00,EVINDIA,MIRAEAMC - EVINDIA,32.80,32.80,32.38,32.44,32.67,-0.70,0.42,1.28,0.40,304394,9890195.36,1987
2026-09-04 00:00:00,GOCLCORP,GOCL CORPORATION LIMITED,425.00,431.00,423.00,427.45,422.95,1.06,8.00,1.88,0.48,304041,129867324.45,8667
2026-09-04 00:00:00,VAIBHAVGBL,VAIBHAV GLOBAL LIMITED,215.30,224.49,215.30,218.74,215.30,1.60,9.19,4.27,0.00,304029,67128816.14,8130
2026-09-04 00:00:00,OMNI,OMNITECH ENGINEERING LTD,523.00,529.85,518.80,526.00,519.25,1.30,11.05,2.11,0.72,303506,159498382.30,13530
2026-09-04 00:00:00,KLBRENG-B,KILBURN ENGINEERING LTD.,454.00,474.00,452.50,467.85,453.25,3.22,21.50,4.74,0.17,303427,140837692.05,7643
2026-09-04 00:00:00,GROWWHOSPI,GROWWAMC - GROWWHOSPI,52.11,52.59,51.77,51.83,52.06,-0.44,0.82,1.57,0.10,303066,15747274.39,859
2026-09-04 00:00:00,ALMONDZ,ALMONDZ GLOBAL SEC LTD,17.80,18.09,17.52,17.89,17.66,1.30,0.57,3.20,0.79,302678,5397065.14,613
2026-09-04 00:00:00,KMSUGAR,K M SUGAR MILLS LTD,32.00,32.33,30.40,30.68,32.00,-4.13,1.93,6.03,0.00,302618,9334203.42,1900
2026-09-04 00:00:00,PERSISTENT,PERSISTENT SYSTEMS LTD,5680.00,5724.50,5634.00,5643.00,5657.00,-0.25,90.50,1.59,0.41,302507,1716668563.50,22664
2026-09-04 00:00:00,ORIENTHOT,ORIENT HOTELS LTD,142.48,142.48,139.06,139.93,141.96,-1.43,3.42,2.40,0.37,301159,42335423.48,1630
2026-09-04 00:00:00,GALLANTT,GALLANTT ISPAT LIMITED,585.00,597.45,568.45,574.00,572.65,0.24,29.00,4.96,2.16,300142,174201650.90,19112
2026-09-04 00:00:00,GRSE,GARDEN REACH SHIP&ENG LTD,2517.90,2564.40,2517.90,2533.20,2509.80,0.93,46.50,1.85,0.32,299818,761866939.10,19311
2026-09-04 00:00:00,EXCELSOFT,EXCELSOFT TECHNOLOGIES L,70.50,71.80,69.52,70.23,70.66,-0.61,2.28,3.23,-0.23,299626,21151747.91,2293
2026-09-04 00:00:00,EXXARO,EXXARO TILES LIMITED,6.60,6.85,6.50,6.59,6.70,-1.64,0.35,5.30,-1.49,298855,1979669.48,712
2026-09-04 00:00:00,CLEAN,CLEAN SCIENCE & TECH LTD,853.50,855.95,834.00,836.15,852.95,-1.97,21.95,2.57,0.06,297191,250280688.00,19595
2026-09-04 00:00:00,PRAKASH,PRAKASH INDUSTRIES LTD,124.16,126.79,123.11,125.63,123.66,1.59,3.68,2.96,0.40,297033,37243388.33,3287
2026-09-04 00:00:00,QUADFUTURE,QUADRANT FUTURE TEK LTD,427.00,439.00,415.10,417.90,425.60,-1.81,23.90,5.60,0.33,294130,124379673.25,7422
2026-09-04 00:00:00,CRIZAC,CRIZAC LIMITED,163.00,163.77,159.95,160.29,162.27,-1.22,3.82,2.34,0.45,294106,47373657.63,6684
2026-09-04 00:00:00,JAIBALAJI,JAI BALAJI INDUSTRIES LTD,71.08,71.55,69.32,69.73,70.85,-1.58,2.23,3.14,0.32,293778,20671570.91,2409
2026-09-04 00:00:00,GTL,GTL LTD,7.21,7.34,7.07,7.11,7.20,-1.25,0.27,3.74,0.14,293515,2098866.94,698
2026-09-04 00:00:00,POCL,PONDY OXIDES & CHEM LTD,479.70,490.00,475.25,477.80,476.10,0.36,14.75,3.07,0.76,292548,141396537.65,14068
2026-09-04 00:00:00,PRAXIS,PRAXIS HOME RETAIL LTD,4.46,4.65,4.45,4.65,4.43,4.97,0.20,4.48,0.68,292373,1346001.15,210
2026-09-04 00:00:00,POWERICA,POWERICA LIMITED,519.80,534.00,516.10,525.05,512.95,2.36,17.90,3.44,1.34,291923,153900643.85,8896
2026-09-04 00:00:00,VISHWARAJ,VISHWARAJ SUGAR IND LTD,6.00,6.03,5.86,5.90,5.93,-0.51,0.17,2.83,1.18,290468,1718418.43,576
2026-09-04 00:00:00,RAJMET,RAJNANDINI METAL LIMITED,3.16,3.18,3.10,3.15,3.11,1.29,0.08,2.53,1.61,289526,909862.15,650
2026-09-04 00:00:00,WARDINMOBI,WARDWIZARD INNO & MOB L,5.85,5.89,5.70,5.86,5.70,2.81,0.19,3.25,2.63,288674,1673602.97,684
2026-09-04 00:00:00,DMART,AVENUE SUPERMARTS LIMITED,3765.00,3779.90,3745.90,3770.00,3763.00,0.19,34.00,0.90,0.05,288600,1085763180.50,20814
2026-09-04 00:00:00,APOLLOHOSP,APOLLO HOSPITALS ENTER. L,8702.50,8740.00,8641.00,8650.00,8692.00,-0.48,99.00,1.14,0.12,288351,2501175229.00,30333
2026-09-04 00:00:00,MGL,MAHANAGAR GAS LTD.,1067.00,1101.60,1067.00,1096.60,1066.40,2.83,34.60,3.24,0.06,288338,314372145.40,23619
2026-09-04 00:00:00,LALPATHLAB,DR. LAL PATH LABS LTD.,1920.50,1925.20,1855.70,1877.50,1925.20,-2.48,69.50,3.62,-0.24,288144,540153730.00,42647
2026-09-04 00:00:00,SVGLOBAL,S V GLOBAL MILL LTD.,162.00,172.81,157.15,163.62,144.01,13.62,15.66,9.67,12.49,286302,48043278.63,4232
2026-09-04 00:00:00,GARUDA,GARUDA CONSTRUCT N ENG L,178.75,181.11,178.00,178.73,178.88,-0.08,3.11,1.74,-0.07,285751,51281893.14,3997
2026-09-04 00:00:00,ARKADE,ARKADE DEVELOPERS LIMITED,125.40,126.45,121.78,125.22,124.17,0.85,4.67,3.72,0.99,285467,35325916.48,3435
2026-09-04 00:00:00,VTL,VARDHMAN TEXTILES LIMITED,592.00,604.10,586.70,598.20,588.65,1.62,17.40,2.94,0.57,284973,169592098.95,11338
2026-09-04 00:00:00,GOKULAGRO,GOKUL AGRO RESOURCES LTD,234.10,236.67,229.98,231.17,234.91,-1.59,6.69,2.86,-0.34,282521,65697773.37,7042
2026-09-04 00:00:00,VARROC,VARROC ENGINEERING LTD.,842.00,843.40,808.05,826.35,839.15,-1.53,35.35,4.20,0.34,282257,231597369.65,14447
2026-09-04 00:00:00,ICICIAMC,ICICI PRUDENTIAL AMC LTD,2990.00,2995.90,2958.50,2970.90,2980.00,-0.31,37.40,1.25,0.34,281169,837176994.60,21106
2026-09-04 00:00:00,ULTRACEMCO,ULTRATECH CEMENT LIMITED,11357.00,11434.00,11292.00,11408.00,11275.00,1.18,142.00,1.25,0.73,280870,3186985067.00,34646
2026-09-04 00:00:00,JASH,JASH ENGINEERING LIMITED,470.50,489.95,470.50,478.50,464.15,3.09,19.45,4.13,1.37,280288,135339835.75,15722
2026-09-04 00:00:00,GROWWCAPM,GROWWAMC - GROWWCAPM,11.49,11.57,11.33,11.44,11.33,0.97,0.24,2.09,1.41,279688,3203246.73,643
2026-09-04 00:00:00,UNIVCABLES,UNIVERSAL CABLES LTD,1631.00,1649.90,1540.00,1576.30,1626.80,-3.10,109.90,6.74,0.26,278353,439649790.30,23447
2026-09-04 00:00:00,RITES,RITES LIMITED,214.00,217.20,214.00,215.80,213.78,0.94,3.20,1.50,0.10,278299,59999250.47,7183
2026-09-04 00:00:00,GROWWMOM50,GROWWAMC - GROWWMOM50,11.17,11.17,10.92,10.99,11.02,-0.27,0.25,2.24,1.36,277790,3050260.73,564
2026-09-04 00:00:00,BERGEPAINT,BERGER PAINTS (I) LTD,494.00,496.70,484.00,485.30,491.40,-1.24,12.70,2.57,0.53,277300,135103354.40,23139
2026-09-04 00:00:00,TATACOMM,TATA COMMUNICATIONS LTD,1696.40,1763.00,1696.40,1756.10,1696.40,3.52,66.60,3.93,0.00,276930,483458135.30,26714
2026-09-04 00:00:00,EMCURE,EMCURE PHARMACEUTICALS L,1888.00,1935.00,1874.70,1927.60,1854.70,3.93,60.30,3.19,1.80,276608,529689047.40,24433
2026-09-04 00:00:00,WSTCSTPAPR,WEST COAST PAPER MILLS LT,655.35,662.65,643.10,650.25,656.95,-1.02,19.55,2.98,-0.24,276595,181299648.75,13751
2026-09-04 00:00:00,GNA,GNA AXLES LIMITED,537.00,557.00,529.55,551.05,531.80,3.62,27.45,5.11,0.98,276542,151513510.85,8707
2026-09-04 00:00:00,ASHAPURMIN,ASHAPURA MINECHEM LTD,549.85,559.95,546.00,551.00,547.95,0.56,13.95,2.54,0.35,275733,152183165.65,13177
2026-09-04 00:00:00,PROSTARM,PROSTARM INFO SYSTEMS LTD,131.15,138.00,129.38,134.73,129.73,3.85,8.62,6.57,1.09,275346,36584770.99,2776
2026-09-04 00:00:00,ENERGY,MIRAEAMC - ENERGY,38.49,38.81,38.30,38.41,38.41,0.00,0.51,1.33,0.21,274108,10543204.02,773
2026-09-04 00:00:00,SOTL,SAVITA OIL TECHNOLO. LTD,743.00,744.95,731.15,740.75,737.35,0.46,13.80,1.86,0.77,273612,201712543.10,12976
2026-09-04 00:00:00,UNIECOM,UNICOMMERCE ESOLUTIONS L,86.85,88.00,84.10,87.62,85.93,1.97,3.90,4.49,1.07,273184,23714542.91,2434
2026-09-04 00:00:00,BFUTILITIE,BF UTILITIES LIMITED,543.05,561.55,537.00,542.45,544.00,-0.28,24.55,4.52,-0.17,272295,149617948.20,12608
2026-09-04 00:00:00,BORORENEW,BOROSIL RENEWABLES LTD,495.00,505.50,491.60,499.15,497.50,0.33,13.90,2.81,-0.50,271428,135892472.80,17675
2026-09-04 00:00:00,EIDPARRY,EID PARRY INDIA LTD,778.25,784.50,774.85,781.35,778.25,0.40,9.65,1.24,0.00,270760,210982385.00,11684
2026-09-04 00:00:00,CMRGREEN,CMR GREEN TECHNOLOGIES L,231.55,231.55,225.81,228.34,230.74,-1.04,5.74,2.48,0.35,270377,61628732.85,5496
2026-09-04 00:00:00,KAMOPAINTS,KAMDHENU VENTURES LIMITED,4.58,4.62,4.49,4.53,4.53,0.00,0.13,2.84,1.10,270171,1234549.50,496
2026-09-04 00:00:00,BRITANNIA,BRITANNIA INDUSTRIES LTD,5155.00,5160.50,5089.50,5101.50,5130.00,-0.56,71.00,1.38,0.49,269673,1382023857.50,24426
2026-09-04 00:00:00,HEMIPROP,HEMISPHERE PROP IND LTD,125.93,127.77,125.91,126.55,125.93,0.49,1.86,1.48,0.00,269289,34091612.19,2431
2026-09-04 00:00:00,GREENPANEL,GREENPANEL INDUSTRIES LTD,159.20,162.00,157.30,158.32,157.62,0.44,4.70,2.95,1.00,268737,42783562.45,4915
2026-09-04 00:00:00,SPORTKING,SPORTKING INDIA LIMITED,232.00,233.99,225.40,229.22,230.60,-0.60,8.59,3.70,0.61,266293,61125376.95,5971
2026-09-04 00:00:00,BOROLTD,BOROSIL LIMITED,249.00,260.00,247.79,258.96,248.63,4.15,12.21,4.90,0.15,265545,68025456.75,5949
2026-09-04 00:00:00,ONIXSOLAR,ONIX SOLAR ENERGY LTD.,402.00,403.20,399.95,403.20,384.00,5.00,3.25,0.81,4.69,265016,106798108.35,830
2026-09-04 00:00:00,GKENERGY,GK ENERGY LIMITED,129.55,131.00,128.00,128.96,129.55,-0.46,3.00,2.32,0.00,264878,34182558.87,3758
2026-09-04 00:00:00,CORDSCABLE,CORDS CABLE INDUS LTD.,306.00,330.00,306.00,317.00,302.90,4.66,24.00,7.84,1.02,264160,84483455.95,4857
2026-09-04 00:00:00,ITI,ITI LTD,268.50,276.60,268.50,272.50,268.45,1.51,8.10,3.02,0.02,264152,71911567.65,7251
2026-09-04 00:00:00,PHOENIXLTD,THE PHOENIX MILLS LTD,1961.50,1969.30,1935.50,1942.00,1960.00,-0.92,33.80,1.72,0.08,263929,514432177.60,26302
2026-09-04 00:00:00,DIGITIDE,DIGITIDE SOLUTIONS LTD,95.55,98.19,95.31,97.01,95.52,1.56,2.88,3.01,0.03,263762,25592595.82,1597
2026-09-04 00:00:00,ORIRAIL,ORIENTAL RAIL INFRA L,125.30,134.94,125.30,130.76,125.72,4.01,9.64,7.69,-0.33,263412,34464112.87,1978
2026-09-04 00:00:00,NUVAMA,NUVAMA WEALTH MANAGE LTD,1856.00,1862.80,1796.40,1815.60,1839.20,-1.28,66.40,3.58,0.91,263032,481811354.40,33688
2026-09-04 00:00:00,ENRIN,SIEMENS ENERGY INDIA LTD,3160.00,3186.80,3106.00,3115.70,3155.20,-1.25,80.80,2.56,0.15,262111,819998384.00,34297
2026-09-04 00:00:00,MENNPIS,MENON PISTONS LTD.,74.82,79.46,74.78,77.64,74.82,3.77,4.68,6.26,0.00,261863,20395542.82,4156
2026-09-04 00:00:00,AGIIL,AGI INFRA LIMITED,279.00,284.90,277.75,283.70,278.30,1.94,7.15,2.56,0.25,261176,73462216.05,2813
2026-09-04 00:00:00,STARHEALTH,STAR HEALTH & AL INS CO L,562.20,567.80,553.05,557.35,559.35,-0.36,14.75,2.62,0.51,260539,145078125.80,12805
2026-09-04 00:00:00,GROWWEV,GROWWAMC - GROWWEV,32.82,32.82,32.18,32.37,32.57,-0.61,0.64,1.95,0.77,259593,8406959.14,2060
2026-09-04 00:00:00,GPTHEALTH,GPT HEALTHCARE LIMITED,153.29,159.00,151.96,158.17,153.68,2.92,7.04,4.59,-0.25,259291,40487627.52,3723
2026-09-04 00:00:00,AKI,AKI INDIA LIMITED,7.22,7.22,7.22,7.22,6.57,9.89,0.00,0.00,9.89,258805,1868572.10,113
2026-09-04 00:00:00,THERMAX,THERMAX LTD,3739.00,3765.60,3617.00,3637.60,3733.90,-2.58,148.60,3.97,0.14,258180,945066957.20,35265
2026-09-04 00:00:00,5PAISA,5PAISA CAPITAL LIMITED,342.45,367.90,336.35,342.10,342.45,-0.10,31.55,9.21,0.00,258086,90740393.40,7643
2026-09-04 00:00:00,ADVENZYMES,ADVANCED ENZYME TECH LTD,297.10,300.80,292.10,293.20,296.00,-0.95,8.70,2.93,0.37,257142,76201264.90,3866
2026-09-04 00:00:00,ASAHIINDIA,ASAHI INDIA GLASS LIMITED,962.95,969.80,952.95,955.90,962.25,-0.66,16.85,1.75,0.07,256318,246070003.90,15061
2026-09-04 00:00:00,CLEANMAX,CLEAN MAX ENVIRO EN SOL L,1306.00,1357.90,1289.70,1347.90,1298.70,3.79,68.20,5.22,0.56,256257,343150661.40,20896
2026-09-04 00:00:00,NIITLTD,NIIT LIMITED,97.50,100.57,97.50,98.96,97.57,1.42,3.07,3.15,-0.07,255516,25343474.04,3016
2026-09-04 00:00:00,SCHNEIDER,SCHNEIDER ELECTRIC INFRA,1198.00,1235.70,1192.20,1232.40,1191.00,3.48,43.50,3.63,0.59,255402,311385997.60,20576
2026-09-04 00:00:00,ICICIB22,ICICIPRAMC - BHARATIWIN,116.31,116.31,113.90,114.34,114.03,0.27,2.41,2.07,2.00,255356,29183219.96,2694
2026-09-04 00:00:00,GVPIL,GE POWER INDIA LIMITED,668.00,668.00,644.35,649.60,663.75,-2.13,23.65,3.54,0.64,255215,167079974.15,11937
2026-09-04 00:00:00,SHRINGARMS,SHRINGAR HOU OF MANGALS L,218.35,222.70,216.51,217.91,217.28,0.29,6.19,2.83,0.49,255200,56151163.93,1689
2026-09-04 00:00:00,TRITURBINE,TRIVENI TURBINE LIMITED,573.90,582.65,571.35,577.30,571.70,0.98,11.30,1.97,0.38,254725,147006536.55,42114
2026-09-04 00:00:00,SATIA,SATIA INDUSTRIES LIMITED,60.74,63.85,60.01,63.36,60.37,4.95,3.84,6.32,0.61,251939,15846293.08,2801
2026-09-04 00:00:00,MARKOLINES,MARKOLINES PAVEMENT TEC L,171.47,173.15,170.00,171.89,171.34,0.32,3.15,1.84,0.08,251690,43202993.72,1111
2026-09-04 00:00:00,OLECTRA,OLECTRA GREENTECH LIMITED,1247.00,1260.70,1223.20,1229.00,1244.80,-1.27,37.50,3.01,0.18,251277,311381847.30,16875
2026-09-04 00:00:00,AARTIDRUGS,AARTI DRUGS LTD.,429.25,443.75,426.20,431.65,425.85,1.36,17.55,4.09,0.80,250307,109111439.95,8751
2026-09-04 00:00:00,DIVISLAB,DIVI S LABORATORIES LTD,9244.00,9269.00,9100.00,9100.00,9250.00,-1.62,169.00,1.83,-0.06,250202,2294932463.50,28411
2026-09-04 00:00:00,MONIFTY500,MOTILALAMC - MONIFTY500,23.80,23.93,23.80,23.91,23.80,0.46,0.13,0.55,0.00,249509,5962043.40,1019
2026-09-04 00:00:00,REFEX,REFEX INDUSTRIES LIMITED,279.05,288.20,279.05,282.55,279.25,1.18,9.15,3.28,-0.07,249214,70742128.50,4885
2026-09-04 00:00:00,SHRIRAMPPS,SHRIRAM PROPERTIES LTD,76.80,77.28,76.02,76.90,75.68,1.61,1.26,1.64,1.48,248858,19099947.53,2731
2026-09-04 00:00:00,RUSHIL,RUSHIL DECOR LIMITED,16.20,16.46,15.66,16.01,16.18,-1.05,0.80,4.94,0.12,247963,3994613.74,822
2026-09-04 00:00:00,JAGRAN,JAGRAN PRAKASHAN LIMITED,61.49,61.59,60.93,60.98,61.23,-0.41,0.66,1.07,0.42,247379,15106098.64,2075
2026-09-04 00:00:00,NARMADA,NARMADA AGROBASE LIMITED,13.65,13.79,13.35,13.51,13.62,-0.81,0.44,3.22,0.22,246596,3334588.74,646
2026-09-04 00:00:00,PRICOLLTD,PRICOL LIMITED,768.20,772.60,753.20,764.95,768.40,-0.45,19.40,2.53,-0.03,246508,188014405.05,15204
2026-09-04 00:00:00,JAICORPLTD,JAI CORP LIMITED,100.10,100.89,99.20,99.52,99.15,0.37,1.69,1.69,0.96,246316,24592293.76,3112
2026-09-04 00:00:00,SAGCEM,SAGAR CEMENTS LIMITED,156.01,157.04,152.25,152.86,154.38,-0.98,4.79,3.07,1.06,244455,37418653.13,1466
2026-09-04 00:00:00,ONIDA,ONIDA ELECTRONICS LIMITED,34.30,34.89,33.56,34.64,34.35,0.84,1.33,3.88,-0.15,244072,8369120.44,1221
2026-09-04 00:00:00,LTM,LTM LIMITED,4570.30,4656.30,4545.30,4554.00,4560.00,-0.13,111.00,2.43,0.23,243635,1116883247.90,19950
2026-09-04 00:00:00,MWL,MANGALAM WORLDWIDE LTD,39.70,39.70,37.60,38.56,39.08,-1.33,2.10,5.29,1.59,243445,9428205.31,831
2026-09-04 00:00:00,SUDEEPPHRM,SUDEEP PHARMA LIMITED,1300.10,1357.40,1300.00,1329.30,1292.80,2.82,57.40,4.42,0.56,242835,323092256.20,19583
2026-09-04 00:00:00,PANAMAPET,PANAMA PETROCHEM LTD,489.00,497.85,479.00,495.45,484.55,2.25,18.85,3.85,0.92,242825,118972200.10,6523
2026-09-04 00:00:00,SKMEGGPROD,SKM EGG PROD EXPORT(I) LT,261.80,263.45,255.70,257.10,262.40,-2.02,7.75,2.96,-0.23,242481,62998673.25,4760
2026-09-04 00:00:00,KIRLFER,KIRLOSKAR FERROUS IND LTD,459.75,468.90,451.85,459.60,454.55,1.11,17.05,3.71,1.14,242037,112043366.55,6831
2026-09-04 00:00:00,DEFENCE,MIRAEAMC - DEFENCE,81.75,82.57,81.59,81.99,81.45,0.66,0.98,1.20,0.37,239629,19678953.87,881
2026-09-04 00:00:00,SIGNATURE,SIGNATUREGLOBAL INDIA LTD,795.00,809.90,783.00,796.55,794.20,0.30,26.90,3.38,0.10,239499,189704278.45,9471
2026-09-04 00:00:00,METROPOLIS,METROPOLIS HEALTHCARE LTD,593.40,593.40,584.90,588.70,591.90,-0.54,8.50,1.43,0.25,239323,140920630.75,14831
2026-09-04 00:00:00,GKSL,GUJARAT KIDNEY N SUP SP L,172.88,175.09,171.51,172.81,171.51,0.76,3.58,2.07,0.80,238346,41302033.61,3887
2026-09-04 00:00:00,TIRUMALCHM,THIRUMALAI CHEMICALS LTD,158.70,159.52,156.21,157.19,157.86,-0.42,3.31,2.09,0.53,236650,37363255.88,4002
2026-09-04 00:00:00,NDTV,NDTV LTD,71.00,75.30,70.75,74.27,70.66,5.11,4.55,6.41,0.48,236637,17345340.29,1764
2026-09-04 00:00:00,VINNY,VINNY OVERSEAS LIMITED,1.04,1.04,1.00,1.02,1.03,-0.97,0.04,3.85,0.97,236444,242333.76,172
2026-09-04 00:00:00,EFCIL,EFC (I) LIMITED,198.09,202.00,192.00,193.24,200.84,-3.78,10.00,5.05,-1.37,235570,46246415.84,4668
2026-09-04 00:00:00,MANAKSIA,MANAKSIA LTD.,59.69,63.89,59.20,63.05,59.12,6.65,4.69,7.86,0.96,235473,14753757.53,2316
2026-09-04 00:00:00,PSUBANK,KOTAK PSU BANK,85.60,86.18,85.30,85.53,85.36,0.20,0.88,1.03,0.28,235393,20144731.37,664
2026-09-04 00:00:00,ARIHANTCAP,ARIHANT CAPITAL MKTS LTD,78.88,80.40,78.35,79.69,78.52,1.49,2.05,2.60,0.46,235293,18733203.12,1413
2026-09-04 00:00:00,ROSSTECH,ROSSELL TECHSYS LIMITED,1116.30,1168.00,1116.30,1150.50,1116.30,3.06,51.70,4.63,0.00,234989,269560031.20,13499
2026-09-04 00:00:00,DJML,DJ MEDIAPRINT & LOG LTD,70.71,76.90,70.71,75.64,70.71,6.97,6.19,8.75,0.00,234263,17534023.77,2757
2026-09-04 00:00:00,SALSTEEL,S.A.L. STEEL LTD.,82.20,84.63,80.01,81.37,82.04,-0.82,4.62,5.62,0.20,233867,19199256.30,1594
2026-09-04 00:00:00,ROTO,ROTO PUMPS LIMITED,64.45,65.90,63.60,65.03,63.76,1.99,2.30,3.57,1.08,233711,15066120.36,3407
2026-09-04 00:00:00,DBOL,DHAMPUR BIO ORGANICS LTD,128.96,128.96,124.00,124.99,129.64,-3.59,4.96,3.85,-0.52,232171,29060113.38,3660
2026-09-04 00:00:00,GROWWDEFNC,GROWWAMC - GROWWDEFNC,97.10,98.00,96.76,97.42,96.61,0.84,1.24,1.28,0.51,231792,22607324.02,2351
2026-09-04 00:00:00,CIFL,CAPITAL INDIA FINANCE LTD,20.59,21.10,19.80,19.98,20.17,-0.94,1.30,6.31,2.08,231565,4664461.66,364
2026-09-04 00:00:00,NAVKARCORP,NAVKAR CORPORATION LTD.,97.51,99.41,96.00,96.24,97.44,-1.23,3.41,3.50,0.07,230610,22356555.54,2050
2026-09-04 00:00:00,SJS,SJS ENTERPRISES LIMITED,2411.10,2411.10,2285.00,2306.10,2411.10,-4.35,126.10,5.23,0.00,229418,536181194.30,24799
2026-09-04 00:00:00,DEEPAKFERT,DEEPAK FERTILIZERS & PETR,1362.70,1395.00,1353.30,1362.10,1355.90,0.46,41.70,3.06,0.50,229112,314400928.60,16670
2026-09-04 00:00:00,KCP,KCP LTD,168.99,170.50,162.04,162.38,168.17,-3.44,8.46,5.01,0.49,228887,37700700.16,3391
2026-09-04 00:00:00,QPOWER,QUALITY POWER ELEC EQUP L,1435.00,1495.30,1431.20,1495.30,1424.10,5.00,64.10,4.47,0.77,228191,338343853.20,13078
2026-09-04 00:00:00,AASTHA,AASTHA SPINTEX LIMITED,79.56,80.87,77.92,78.12,80.05,-2.41,2.95,3.71,-0.61,228188,17965074.04,1615
2026-09-04 00:00:00,KUSUMGAR,KUSUMGAR LIMITED,577.00,584.70,569.10,571.20,581.65,-1.80,15.60,2.70,-0.80,226964,130181471.60,6096
2026-09-04 00:00:00,AVL,ADITYA VISION LIMITED,604.00,604.00,590.40,600.05,600.40,-0.06,13.60,2.25,0.60,226161,135134137.45,18774
2026-09-04 00:00:00,AHLUCONT,AHLUWALIA CONT IND LTD,599.90,611.90,592.60,599.05,595.45,0.60,19.30,3.22,0.75,225666,135319422.35,9251
2026-09-04 00:00:00,BAGFILMS,B.A.G FILMS AND MEDIA LTD,4.35,4.60,4.29,4.51,4.32,4.40,0.31,7.13,0.69,225253,1010761.20,226
2026-09-04 00:00:00,AZAD,AZAD ENGINEERING LIMITED,2770.00,2824.30,2753.40,2777.30,2766.90,0.38,70.90,2.56,0.11,224210,624898969.10,18137
2026-09-04 00:00:00,KROSS,KROSS LIMITED,211.34,217.45,210.25,211.57,211.34,0.11,7.20,3.41,0.00,223590,47760940.57,4637
2026-09-04 00:00:00,CANFINHOME,CAN FIN HOMES LTD,808.00,815.00,802.60,807.40,804.95,0.30,12.40,1.53,0.38,222474,180019604.10,12191
2026-09-04 00:00:00,GOKUL,GOKUL REFOILS & SOLV LTD,41.60,43.90,41.44,42.96,41.95,2.41,2.46,5.91,-0.83,221325,9410437.60,1596
2026-09-04 00:00:00,NACLIND,NACL INDUSTRIES LIMITED,166.00,168.45,165.21,166.84,166.45,0.23,3.24,1.95,-0.27,220617,36785293.77,3809
2026-09-04 00:00:00,ATL,ALLCARGO TERMINALS LTD,24.49,25.65,24.32,25.31,24.26,4.33,1.33,5.43,0.95,220494,5518913.51,2019
2026-09-04 00:00:00,IKS,INVENTURUS KNOWLEDGE SO L,1728.50,1799.80,1728.50,1759.90,1732.40,1.59,71.30,4.12,-0.23,220451,388386681.60,16983
2026-09-04 00:00:00,RAJTV,RAJ TV NETWORK LTD,8.21,8.50,8.07,8.07,8.49,-4.95,0.43,5.24,-3.30,220386,1781351.41,305
2026-09-04 00:00:00,SHINDL,SHARAT INDUSTRIES LTD.,159.07,163.00,156.20,162.42,159.35,1.93,6.80,4.27,-0.18,220380,35488787.87,881
2026-09-04 00:00:00,NILAINFRA,NILA INFRASTRUCTURES LTD,6.70,6.75,6.62,6.67,6.70,-0.45,0.13,1.94,0.00,220311,1468805.32,551
2026-09-04 00:00:00,VIMTALABS,VIMTA LABS LIMITED,655.45,657.00,631.05,635.65,652.25,-2.55,25.95,3.96,0.49,219490,141175175.35,11395
2026-09-04 00:00:00,SOLARWORLD,SOLARWORLD ENERGY SOL LTD,150.99,153.23,148.20,149.32,149.76,-0.29,5.03,3.33,0.82,219235,32944743.37,3713
2026-09-04 00:00:00,HEIDELBERG,HEIDELBERGCEMENT (I) LTD,158.30,160.89,158.30,160.17,158.19,1.25,2.59,1.64,0.07,218319,34919501.24,3811
2026-09-04 00:00:00,CREDITACC,CREDITACCESS GRAMEEN LTD,1453.90,1468.00,1438.00,1443.10,1437.40,0.40,30.00,2.06,1.15,217925,315871104.10,27335
2026-09-04 00:00:00,RAMCOSYS,RAMCO SYSTEMS LTD.,598.40,615.85,596.50,611.20,586.55,4.20,19.35,3.23,2.02,217405,132188751.05,6491
2026-09-04 00:00:00,STAR,STRIDES PHARMA SCI LTD,1053.10,1066.50,1040.00,1059.60,1053.60,0.57,26.50,2.52,-0.05,217190,229647310.20,14698
2026-09-04 00:00:00,GENUSPAPER,GENUS P&B LIMITED,12.57,12.83,12.21,12.76,12.44,2.57,0.62,4.93,1.05,216963,2754825.86,413
2026-09-04 00:00:00,FRACTAL,FRACTAL ANALYTICS LIMITED,819.00,830.00,817.20,825.45,817.40,0.98,12.80,1.56,0.20,216017,178015206.10,15692
2026-09-04 00:00:00,TREL,TRANSINDIA REAL ESTATE L,26.94,27.69,26.80,27.44,26.94,1.86,0.89,3.30,0.00,215792,5880682.37,3571
2026-09-04 00:00:00,SCODATUBES,SCODA TUBES LIMITED,134.80,136.59,131.20,135.02,134.95,0.05,5.39,4.00,-0.11,215520,29002212.51,2686
2026-09-04 00:00:00,PRAKASHSTL,PRAKASH STEELAGE LTD,3.65,3.90,3.65,3.82,3.65,4.66,0.25,6.85,0.00,213981,809051.87,354
2026-09-04 00:00:00,PVRINOX,PVR INOX LIMITED,1216.00,1232.80,1215.00,1227.20,1247.50,-1.63,17.80,1.46,-2.53,213587,261244339.80,19534
2026-09-04 00:00:00,DEN,DEN NETWORKS LTD,27.66,28.10,27.66,27.97,27.87,0.36,0.44,1.59,-0.75,211531,5904118.35,1022
2026-09-04 00:00:00,JGCHEM,J.G.CHEMICALS LIMITED,618.80,622.00,592.45,598.15,612.20,-2.30,29.55,4.78,1.08,210794,126649542.60,8687
2026-09-04 00:00:00,UNITEDPOLY,UNITED POLYFAB GUJ. LTD.,40.50,42.00,40.00,41.66,40.41,3.09,2.00,4.94,0.22,210611,8730415.10,1047
2026-09-04 00:00:00,NH,NARAYANA HRUDAYALAYA LTD.,1881.00,1898.80,1850.50,1858.50,1882.20,-1.26,48.30,2.57,-0.06,210266,393212322.30,27450
2026-09-04 00:00:00,TTL,T T LIMITED,7.03,7.08,6.77,6.81,6.86,-0.73,0.31,4.41,2.48,210015,1440475.54,356
2026-09-04 00:00:00,RPEL,RAGHAV PRODUCTIVITY ENH L,1889.80,1943.70,1778.40,1807.20,1885.20,-4.14,165.30,8.75,0.24,209791,389159355.20,27169
2026-09-04 00:00:00,ZYDUSWELL,ZYDUS WELLNESS LIMITED,536.95,546.60,527.15,531.70,538.20,-1.21,19.45,3.62,-0.23,209449,112801571.30,17559
2026-09-04 00:00:00,AIRAN,AIRAN LIMITED,15.13,15.55,14.90,15.44,14.80,4.32,0.65,4.30,2.23,208770,3213186.77,843
2026-09-04 00:00:00,IDEAFORGE,IDEAFORGE TECHNO LTD,783.95,799.00,774.00,777.05,776.55,0.06,25.00,3.19,0.95,208626,163808064.60,15451
2026-09-04 00:00:00,CAPLIPOINT,CAPLIN POINT LAB LTD.,2845.00,2845.00,2759.60,2810.80,2845.00,-1.20,85.40,3.00,0.00,208526,581526237.50,21861
2026-09-04 00:00:00,GABRIEL,GABRIEL INDIA LTD,1349.00,1368.00,1310.60,1353.20,1345.80,0.55,57.40,4.26,0.24,208239,278851146.20,19505
2026-09-04 00:00:00,AVANTIFEED,AVANTI FEEDS LIMITED,797.10,805.80,795.50,798.60,795.85,0.35,10.30,1.29,0.16,208229,166776989.55,14589
2026-09-04 00:00:00,RISHABH,RISHABH INSTRUMENTS LTD,738.00,750.00,714.60,738.45,734.95,0.48,35.40,4.80,0.41,208178,152030536.65,8827
2026-09-04 00:00:00,ASHIMASYN,ASHIMA LTD,17.60,18.34,17.50,17.89,17.88,0.06,0.84,4.77,-1.57,207276,3675024.39,330
2026-09-04 00:00:00,GAYAHWS,GAYATRI HIGHWAYS LIMITED,2.00,2.04,1.92,1.93,1.96,-1.53,0.12,6.00,2.04,206145,402168.63,316
2026-09-04 00:00:00,SATIN,SATIN CREDIT NET LTD,220.39,223.48,217.58,220.75,219.37,0.63,5.90,2.68,0.46,205973,45317702.96,4012
2026-09-04 00:00:00,VASCONEQ,VASCON ENGINEERS LTD,30.13,30.85,29.82,30.47,30.05,1.40,1.03,3.42,0.27,205749,6234668.17,1192
2026-09-04 00:00:00,AETHER,AETHER INDUSTRIES LIMITED,1660.10,1666.30,1614.30,1625.60,1654.70,-1.76,52.00,3.13,0.33,205632,336102327.40,21619
2026-09-04 00:00:00,RADICO,RADICO KHAITAN LTD,4536.40,4559.80,4444.00,4494.00,4559.00,-1.43,115.80,2.55,-0.50,205308,919697746.20,29577
2026-09-04 00:00:00,NECLIFE,NECTAR LIFESCIENCES LTD.,12.20,12.49,12.11,12.19,12.17,0.16,0.38,3.11,0.25,205001,2507347.93,361
2026-09-04 00:00:00,RSYSTEMS,R SYS INTERNATIONAL LTD,252.50,257.50,251.00,256.12,252.64,1.38,6.50,2.57,-0.06,203978,52005307.20,3980
2026-09-04 00:00:00,TATAELXSI,TATA ELXSI LIMITED,3625.00,3659.50,3525.00,3558.00,3580.00,-0.61,134.50,3.71,1.26,203529,729965914.20,17517
2026-09-04 00:00:00,GODIGIT,GO DIGIT GENERAL INS LTD,256.40,261.00,254.40,258.30,257.85,0.17,6.60,2.57,-0.56,203109,52337712.70,4972
2026-09-04 00:00:00,ANTGRAPHIC,ANTARCTICA LTD,0.75,0.76,0.73,0.73,0.75,-2.67,0.03,4.00,0.00,202908,150438.62,173
2026-09-04 00:00:00,CPPLUS,ADITYA INFOTECH LIMITED,3752.70,3797.90,3645.00,3704.60,3751.30,-1.24,152.90,4.07,0.04,202259,751762988.30,23263
2026-09-04 00:00:00,HDFCNEXT50,HDFCAMC - HDFCNEXT50,75.05,75.06,74.50,74.75,74.64,0.15,0.56,0.75,0.55,201831,15093455.03,646
2026-09-04 00:00:00,IGPL,I G PETROCHEMICALS LTD,553.50,572.00,550.05,567.40,548.85,3.38,21.95,3.97,0.85,200277,112956198.85,5882
2026-09-04 00:00:00,KPRMILL,KPR MILL LTD.,1179.70,1195.00,1168.10,1186.30,1175.40,0.93,26.90,2.28,0.37,199902,237129848.60,19612
2026-09-04 00:00:00,MINDACORP,MINDA CORPORATION LTD,709.75,709.80,695.25,702.80,706.50,-0.52,14.55,2.05,0.46,199782,139972697.75,11199
2026-09-04 00:00:00,SHYAMMETL,SHYAM METALICS AND ENGY L,1079.90,1087.30,1058.60,1065.30,1076.40,-1.03,28.70,2.66,0.33,199343,214363860.60,10777
2026-09-04 00:00:00,GSS,GSS INFOTECH LIMITED,11.75,11.75,10.73,11.03,11.16,-1.16,1.02,8.68,5.29,198815,2198602.38,369
2026-09-04 00:00:00,CHEMPLASTS,CHEMPLAST SANMAR LIMITED,168.00,173.58,168.00,170.29,167.03,1.95,5.58,3.32,0.58,198762,33811368.40,5114
2026-09-04 00:00:00,BBOX,BLACK BOX LIMITED,722.00,731.20,710.00,712.25,720.90,-1.20,21.20,2.94,0.15,198315,142108721.00,12698
2026-09-04 00:00:00,AADHARHFC,AADHAR HOUSING FINANCE L,478.70,488.00,477.70,483.55,478.65,1.02,10.30,2.15,0.01,197998,95642343.20,10142
2026-09-04 00:00:00,NEPHROPLUS,NEPHROCARE HEALTH SERV L,711.85,720.00,692.00,697.05,706.75,-1.37,28.00,3.93,0.72,197509,139836547.60,11171
2026-09-04 00:00:00,SCILAL,SHIPPING CORP OF ILA LTD,40.10,40.10,39.70,39.77,40.02,-0.62,0.40,1.00,0.20,196582,7830374.19,1416
2026-09-04 00:00:00,ELIN,ELIN ELECTRONICS LIMITED,95.26,97.30,95.00,95.40,95.26,0.15,2.30,2.41,0.00,196524,18867538.08,2356
2026-09-04 00:00:00,DEEPAKNTR,DEEPAK NITRITE LTD,1728.00,1743.70,1705.70,1712.40,1725.30,-0.75,38.00,2.20,0.16,196070,337182974.80,22151
2026-09-04 00:00:00,NRBBEARING,NRB BEARING LIMITED,453.90,453.90,443.60,447.00,451.05,-0.90,10.30,2.27,0.63,195054,87328403.30,6815
2026-09-04 00:00:00,SMALL250,MIRAEAMC - SMALL250,18.75,18.75,18.51,18.54,18.51,0.16,0.24,1.28,1.30,194876,3617900.02,593
2026-09-04 00:00:00,WHIRLPOOL,WHIRLPOOL OF INDIA LTD,805.95,820.65,802.40,815.95,804.40,1.44,18.25,2.26,0.19,193831,157603054.05,13291
2026-09-04 00:00:00,CCL,CCL PRODUCTS (I) LTD,1107.30,1114.90,1079.70,1106.20,1107.30,-0.10,35.20,3.18,0.00,193825,212723945.10,18992
2026-09-04 00:00:00,WABAG,VA TECH WABAG LTD,2017.00,2031.20,1996.00,2005.30,2011.10,-0.29,35.20,1.75,0.29,193647,389142360.50,15725
2026-09-04 00:00:00,EUROPRATIK,EURO PRATIK SALES LIMITED,267.00,270.05,258.00,263.75,267.00,-1.22,12.05,4.51,0.00,192832,50479118.80,2636
2026-09-04 00:00:00,HEXT,HEXAWARE TECHNOLOGIES LTD,531.70,541.00,524.00,528.60,529.10,-0.09,17.00,3.20,0.49,192374,101986205.45,9496
2026-09-04 00:00:00,NAVA,NAVA LIMITED,558.50,562.95,556.50,560.20,557.20,0.54,6.45,1.15,0.23,192328,107657977.90,6564
2026-09-04 00:00:00,STARCEMENT,STAR CEMENT LIMITED,184.47,192.80,184.00,190.19,184.47,3.10,8.80,4.77,0.00,192236,36201125.58,3346
2026-09-04 00:00:00,TRACXN,TRACXN TECHNOLOGIES LTD,30.08,30.12,29.80,29.96,29.94,0.07,0.32,1.06,0.47,191760,5752336.36,543
2026-09-04 00:00:00,WINDLAS,WINDLAS BIOTECH LIMITED,1129.90,1152.40,1115.00,1126.35,1127.10,-0.07,37.40,3.31,0.25,190854,216628386.55,13776
2026-09-04 00:00:00,XTGLOBAL,XTGLOBAL INFOTECH LIMITED,32.39,33.04,30.35,31.69,31.58,0.35,2.69,8.31,2.56,190376,6055792.23,1262
2026-09-04 00:00:00,SHREDIGCEM,SHREE DIGVIJAY CEM CO LTD,74.28,74.79,72.98,74.44,74.28,0.22,1.81,2.44,0.00,189709,14022497.35,1590
2026-09-04 00:00:00,CELLO,CELLO WORLD LIMITED,344.90,345.55,339.80,342.00,343.45,-0.42,5.75,1.67,0.42,189002,64747052.90,7403
2026-09-04 00:00:00,AONETOTAL,AONEAMC - AONETOTAL,11.90,12.00,11.87,11.93,11.85,0.68,0.13,1.09,0.42,188125,2241719.70,1193
2026-09-04 00:00:00,DOLATALGO,DOLAT ALGOTECH LIMITED,70.49,72.99,70.11,70.91,70.05,1.23,2.88,4.09,0.63,187699,13375547.68,1685
2026-09-04 00:00:00,MAWANASUG,MAWANA SUGARS LIMITED,146.00,146.98,143.20,145.43,146.27,-0.57,3.78,2.59,-0.18,186868,27046953.88,3781
2026-09-04 00:00:00,SUDARSCHEM,SUDARSHAN CHEMICAL INDS L,1249.00,1253.60,1216.00,1222.80,1249.30,-2.12,37.60,3.01,-0.02,186180,229370685.50,12038
2026-09-04 00:00:00,MCLEODRUSS,MCLEOD RUSSEL INDIA LTD.,46.41,47.99,46.00,46.30,46.61,-0.67,1.99,4.29,-0.43,185910,8684197.66,1097
2026-09-04 00:00:00,GNRL,GUJARAT NATURAL RES L,97.60,101.20,96.90,99.27,96.72,2.64,4.30,4.41,0.91,185644,18251793.36,1776
2026-09-04 00:00:00,CIEINDIA,CIE AUTOMOTIVE INDIA LTD,387.00,387.00,382.25,385.35,383.95,0.36,4.75,1.23,0.79,185100,71115590.65,10934
2026-09-04 00:00:00,CRISIL,CRISIL LTD,4775.00,4872.00,4726.30,4802.00,4759.70,0.89,145.70,3.05,0.32,184833,891819123.40,16015
2026-09-04 00:00:00,AMAGI,AMAGI MEDIA LABS LIMITED,566.85,570.00,555.30,563.30,562.35,0.17,14.70,2.59,0.80,183462,103217270.05,6580
2026-09-04 00:00:00,DCMSRIND,DCM SHRIRAM IND LTD,46.60,46.63,44.10,44.91,46.51,-3.44,2.53,5.43,0.19,182082,8280068.23,1937
2026-09-04 00:00:00,OAL,ORIENTAL AROMATICS LTD,507.00,532.50,503.70,519.90,502.30,3.50,28.80,5.68,0.94,181436,94379961.45,8166
2026-09-04 00:00:00,CENTRUM,CENTRUM CAPITAL LIMITED,22.37,22.75,22.00,22.55,22.45,0.45,0.75,3.35,-0.36,180060,4024032.66,521
2026-09-04 00:00:00,UNIMECH,UNIMECH AEROSPACE N MFG L,1476.00,1517.00,1468.40,1502.70,1465.30,2.55,48.60,3.29,0.73,179849,268932059.50,14610
2026-09-04 00:00:00,SAKSOFT,SAKSOFT LIMITED,153.69,156.40,153.01,154.58,153.69,0.58,3.39,2.21,0.00,179015,27623243.88,2898
2026-09-04 00:00:00,CRAMC,CANARA ROBECO AMC LIMITED,252.10,254.00,250.00,251.50,251.20,0.12,4.00,1.59,0.36,177971,44889731.70,4315
2026-09-04 00:00:00,MUTHOOTMF,MUTHOOT MICROFIN LIMITED,208.99,209.55,204.80,205.29,206.89,-0.77,4.75,2.27,1.02,177382,36661543.02,2299
2026-09-04 00:00:00,SIEMENS,SIEMENS LTD,4042.00,4042.00,3974.10,3977.00,4030.00,-1.32,67.90,1.68,0.30,177116,708941667.40,15570
2026-09-04 00:00:00,GRAUWEIL,GRAUER & WEIL IND LTD,70.61,71.99,70.05,70.59,70.84,-0.35,1.94,2.75,-0.32,175799,12475890.65,2714
2026-09-04 00:00:00,SAKHTISUG,SAKTHI SUGARS LTD,20.35,20.40,19.61,19.78,20.35,-2.80,0.79,3.88,0.00,175324,3479670.72,907
2026-09-04 00:00:00,20MICRONS,20 MICRONS LTD,218.91,224.90,216.50,222.49,217.82,2.14,8.40,3.84,0.50,174812,38639237.99,4145
2026-09-04 00:00:00,APLLTD,ALEMBIC PHARMA LTD,805.00,811.75,792.60,808.20,803.65,0.57,19.15,2.38,0.17,174296,139867334.35,13154
2026-09-04 00:00:00,TIINDIA,TUBE INVEST OF INDIA LTD,2727.00,2727.00,2685.00,2698.00,2735.40,-1.37,42.00,1.54,-0.31,173117,467051982.30,18353
2026-09-04 00:00:00,GICHSGFIN,GIC HOUSING FINANCE LTD,142.06,143.64,139.60,140.45,142.06,-1.13,4.04,2.84,0.00,172955,24399468.05,2171
2026-09-04 00:00:00,APCOTEXIND,APCOTEX INDUSTRIES LIMITE,658.00,665.00,632.70,635.50,650.40,-2.29,32.30,4.91,1.17,172649,111377373.60,8268
2026-09-04 00:00:00,POLYMED,POLY MEDICURE LIMITED,1760.00,1774.90,1690.10,1702.50,1768.70,-3.74,84.80,4.82,-0.49,171700,296233247.70,20605
2026-09-04 00:00:00,ALLTIME,ALL TIME PLASTICS LIMITED,201.97,210.00,200.50,206.08,199.78,3.15,9.50,4.70,1.10,171524,35356223.56,4261
2026-09-04 00:00:00,MANAKSTEEL,MANAKSIA STEELS LTD,109.00,113.00,106.35,107.30,111.91,-4.12,6.65,6.10,-2.60,171136,18635112.70,1885
2026-09-04 00:00:00,NOIDATOLL,NOIDA TOLL BRIDGE CO LTD,4.27,4.27,4.03,4.14,4.27,-3.04,0.24,5.62,0.00,171080,713398.93,292
2026-09-04 00:00:00,AEPL,ARTEMIS ELECTRICALS & P L,16.81,18.20,16.00,17.50,17.09,2.40,2.20,13.09,-1.64,170886,2989103.37,888
2026-09-04 00:00:00,SINGERIND,SINGER INDIA LIMITED,76.63,81.99,75.12,76.98,75.88,1.45,6.87,8.97,0.99,170692,13378394.19,2126
2026-09-04 00:00:00,DAMCAPITAL,DAM CAPITAL ADVISORS LTD,145.99,147.49,144.17,144.90,145.28,-0.26,3.32,2.27,0.49,170224,24728890.10,2298
2026-09-04 00:00:00,SULA,SULA VINEYARDS LIMITED,147.56,150.00,147.50,149.00,147.56,0.98,2.50,1.69,0.00,170121,25319400.79,2733
2026-09-04 00:00:00,ALIVUS,ALIVUS LIFE SCIENCES LTD,1418.90,1446.90,1356.40,1366.30,1418.80,-3.70,90.50,6.38,0.01,169642,235034344.10,15579
2026-09-04 00:00:00,UTLSOLAR,FUJIYAMA POWER SYSTEMS L,427.10,435.05,425.15,429.75,428.50,0.29,9.90,2.32,-0.33,169583,72900266.70,6902
2026-09-04 00:00:00,DOLPHIN,DOLPHIN OFF ENT (IND) L,625.00,681.55,623.30,674.00,619.60,8.78,58.25,9.32,0.87,169333,112078167.50,3757
2026-09-04 00:00:00,ZENTEC,ZEN TECHNOLOGIES LIMITED,1810.80,1838.20,1795.20,1801.40,1810.30,-0.49,43.00,2.37,0.03,169326,307724705.20,13069
2026-09-04 00:00:00,UFLEX,UFLEX LIMITED,683.30,691.45,671.40,675.60,686.70,-1.62,20.05,2.93,-0.50,168967,114760597.35,5807
2026-09-04 00:00:00,AXISCADES,AXISCADES TECH LTD,1735.20,1765.00,1701.70,1711.60,1730.40,-1.09,63.30,3.65,0.28,168634,292321339.60,14233
2026-09-04 00:00:00,TIGERLOGS,TIGER LOGISTICS (INDIA) L,29.88,29.88,28.16,28.61,29.22,-2.09,1.72,5.76,2.26,168111,4870254.39,557
2026-09-04 00:00:00,OPTIFIN,OPTIMUS FINANCE LTD.,14.98,15.87,14.25,14.84,14.98,-0.93,1.62,10.81,0.00,167616,2557840.68,491
2026-09-04 00:00:00,PRSMJOHNSN,PRISM JOHNSON LIMITED,111.16,112.22,111.00,111.12,111.31,-0.17,1.22,1.10,-0.13,167167,18623299.06,2108
2026-09-04 00:00:00,PICCADIL,PICCADILY AGRO INDUSTRI L,623.60,629.80,612.00,615.75,620.50,-0.77,17.80,2.85,0.50,167134,103408799.35,9013
2026-09-04 00:00:00,OFSS,ORACLE FIN SERV SOFT LTD.,12199.00,12348.00,12028.00,12058.00,12149.00,-0.75,320.00,2.62,0.41,166477,2025477054.00,32216
2026-09-04 00:00:00,EMSLIMITED,EMS LIMITED,387.35,388.95,381.00,383.05,387.35,-1.11,7.95,2.05,0.00,166270,63676974.80,4614
2026-09-04 00:00:00,ASKAUTOLTD,ASK AUTOMOTIVE LIMITED,639.00,639.00,615.15,618.85,632.20,-2.11,23.85,3.73,1.08,164992,102854566.55,7129
2026-09-04 00:00:00,SGFIN,SG FINSERVE LIMITED,682.50,682.50,655.90,675.70,676.80,-0.16,26.60,3.90,0.84,164000,110674125.15,5875
2026-09-04 00:00:00,MMFL,MM FORGINGS LTD,643.80,649.90,620.00,630.10,641.80,-1.82,29.90,4.64,0.31,163248,103245201.55,7658
2026-09-04 00:00:00,ECLERX,ECLERX SERVICES LTD,1960.00,1967.80,1878.30,1905.70,1971.70,-3.35,89.50,4.57,-0.59,163141,314857907.80,22979
2026-09-04 00:00:00,GICL,GLOBE INTL CARRIERS LTD,24.00,24.90,23.33,24.60,24.00,2.50,1.57,6.54,0.00,162762,3956977.79,479
2026-09-04 00:00:00,IMFA,INDIAN METALS & FERRO,1293.00,1312.00,1274.20,1288.40,1281.70,0.52,37.80,2.92,0.88,162105,208839757.90,11606
2026-09-04 00:00:00,GROWWRLTY,GROWWAMC - GROWWRLTY,10.30,10.34,10.15,10.21,10.20,0.10,0.19,1.84,0.98,161707,1658220.63,474
2026-09-04 00:00:00,MPHASIS,MPHASIS LIMITED,2482.00,2502.70,2417.30,2422.00,2471.00,-1.98,85.40,3.44,0.45,160732,393634995.00,13534
2026-09-04 00:00:00,NELCO,NELCO LTD,939.50,942.75,908.00,911.25,933.75,-2.41,34.75,3.70,0.62,159766,147264082.25,7697
2026-09-04 00:00:00,THEMISMED,THEMIS MEDICARE LTD.,125.27,128.08,119.71,120.42,124.87,-3.56,8.37,6.68,0.32,159319,19659158.21,2791
2026-09-04 00:00:00,MSTCLTD,MSTC LIMITED,746.55,749.00,724.00,734.20,744.25,-1.35,25.00,3.35,0.31,159233,117279477.20,6930
2026-09-04 00:00:00,KIMS,KRISHNA INST OF MED SCI L,769.95,778.55,758.55,764.10,767.85,-0.49,20.00,2.60,0.27,158954,121914488.65,11617
2026-09-04 00:00:00,REMSONSIND,REMSONS INDUSTRIES LTD,93.69,99.90,93.69,99.35,95.05,4.52,6.21,6.63,-1.43,158912,15606485.47,3980
2026-09-04 00:00:00,RPTECH,RASHI PERIPHERALS LIMITED,814.00,833.00,811.50,823.65,815.65,0.98,21.50,2.64,-0.20,158904,130687743.10,9903
2026-09-04 00:00:00,OSWALGREEN,OSWAL GREENTECH LIMITED,20.00,20.63,20.00,20.39,19.86,2.67,0.63,3.15,0.70,158014,3215205.41,1301
2026-09-04 00:00:00,PRIMO,PRIMO CHEMICALS LIMITED,20.94,21.89,20.40,21.27,20.68,2.85,1.49,7.12,1.26,157678,3328617.54,1031
2026-09-04 00:00:00,GULFOILLUB,GULF OIL LUB. IND. LTD.,1089.90,1089.90,1054.50,1067.80,1112.50,-4.02,35.40,3.25,-2.03,157655,168462242.30,12754
2026-09-04 00:00:00,BLACKBUCK,BLACKBUCK LIMITED,582.00,588.95,580.00,586.10,582.40,0.64,8.95,1.54,-0.07,157466,92049219.70,18533
2026-09-04 00:00:00,NRAIL,N R AGARWAL INDS LTD,498.95,595.25,496.05,584.00,496.05,17.73,99.20,19.88,0.58,157426,89869362.85,5383
2026-09-04 00:00:00,SIRCA,SIRCA PAINT INDIA LIMITED,440.50,443.00,437.00,439.25,440.40,-0.26,6.00,1.36,0.02,156696,68953616.90,2401
2026-09-04 00:00:00,MHRIL,MAHINDRA HOLIDAYS LTD,208.00,211.00,206.55,207.40,207.91,-0.25,4.45,2.14,0.04,155829,32438045.89,2759
2026-09-04 00:00:00,PARKHOTELS,PARKHOTELS,112.95,113.70,111.82,112.18,113.14,-0.85,1.88,1.66,-0.17,155104,17400151.70,1559
2026-09-04 00:00:00,PRAENG,PRAJAY ENG. SYN. LTD.,25.49,26.10,24.36,24.69,25.75,-4.12,1.74,6.83,-1.01,154995,3901465.00,492
2026-09-04 00:00:00,EIHOTEL,EIH LIMITED,292.65,293.40,290.10,291.90,290.75,0.40,3.30,1.13,0.65,154906,45192744.55,10144
2026-09-04 00:00:00,XPROINDIA,XPRO INDIA LIMITED,1279.00,1337.40,1279.00,1325.10,1280.30,3.50,58.40,4.57,-0.10,154351,202552331.00,8506
2026-09-04 00:00:00,BAJAJ-AUTO,BAJAJ AUTO LIMITED,12005.00,12025.00,11873.00,11919.00,11920.00,-0.01,152.00,1.27,0.71,154199,1841113095.00,19294
2026-09-04 00:00:00,MOM100,MOTILAL OS MIDCAP100 ETF,68.60,68.73,68.00,68.18,68.18,0.00,0.73,1.06,0.62,153254,10472419.94,2100
2026-09-04 00:00:00,ARSSBL,ANAND RATHI SH N STK BR L,520.65,529.40,513.35,515.05,514.95,0.02,16.05,3.08,1.11,153131,79767694.15,4296
2026-09-04 00:00:00,IT,KOTAKMAMC - KOTAKIT,34.44,34.75,34.00,34.09,34.19,-0.29,0.75,2.18,0.73,153062,5254826.54,1016
2026-09-04 00:00:00,KALAMANDIR,SAI SILKS (KALAMANDIR) L,85.99,86.76,85.81,86.49,85.87,0.72,0.95,1.10,0.14,150963,13029962.87,1955
2026-09-04 00:00:00,EKC,EVEREST KANTO CYLINDERLTD,107.40,107.65,105.15,106.42,107.00,-0.54,2.50,2.33,0.37,150735,16017494.90,1680
2026-09-04 00:00:00,ABB,ABB INDIA LIMITED,7445.50,7470.00,7376.00,7410.00,7432.00,-0.30,94.00,1.26,0.18,150500,1116516031.50,18754
2026-09-04 00:00:00,TAJGVK,TAJ GVK HOTELS & RESORTS,333.70,336.50,330.35,332.55,333.80,-0.37,6.15,1.84,-0.03,150325,50198189.70,2772
2026-09-04 00:00:00,BANKNIFTY1,KOTAKMAMC-KOTAKBKETF,60.19,60.19,59.61,59.71,59.75,-0.07,0.58,0.96,0.74,149995,8967577.31,731
2026-09-04 00:00:00,ACUTAAS,ACUTAAS CHEMICALS LIMITED,3211.10,3228.80,3156.30,3168.50,3201.00,-1.02,72.50,2.26,0.32,149850,476850429.80,21292
2026-09-04 00:00:00,MUFTI,CREDO BRANDS MARKETING L,72.85,75.60,72.51,75.23,72.87,3.24,3.09,4.24,-0.03,149617,11150002.93,1414
2026-09-04 00:00:00,MIDSMALL,MIRAEAMC - MIDSMALL,52.07,53.07,51.70,51.82,52.03,-0.40,1.37,2.63,0.08,148865,7724050.50,728
2026-09-04 00:00:00,AJOONI,AJOONI BIOTECH LIMITED,3.73,3.76,3.68,3.71,3.71,0.00,0.08,2.14,0.54,147021,546054.63,290
2026-09-04 00:00:00,JBMA,JBM AUTO LIMITED,629.50,633.75,622.05,625.60,629.10,-0.56,11.70,1.86,0.06,146607,92067451.25,8913
2026-09-04 00:00:00,TIPSMUSIC,TIPS MUSIC LIMITED,651.90,656.65,642.00,649.75,652.05,-0.35,14.65,2.25,-0.02,146163,94924475.10,19291
2026-09-04 00:00:00,LLOYDSME,LLOYDS METALS N ENERGY L,1848.70,1850.60,1820.10,1823.00,1848.70,-1.39,30.50,1.65,0.00,146092,267511423.00,11968
2026-09-04 00:00:00,AIIL,AUTHUM INVEST & INFRA LTD,521.90,528.00,518.00,519.90,519.05,0.16,10.00,1.92,0.55,145614,76063846.65,9105
2026-09-04 00:00:00,KPIL,KALPATARU PROJECT INT LTD,1421.10,1449.00,1402.00,1406.60,1417.70,-0.78,47.00,3.31,0.24,145207,206832487.70,20841
2026-09-04 00:00:00,MANAKCOAT,MAN COAT METAL & IND LTD,119.91,122.55,119.35,121.80,120.65,0.95,3.20,2.67,-0.61,144960,17545643.12,1579
2026-09-04 00:00:00,KANANIIND,KANANI INDUSTRIES LTD,1.51,1.53,1.50,1.52,1.51,0.66,0.03,1.99,0.00,144024,218365.67,260
2026-09-04 00:00:00,MKPL,M K PROTEINS LIMITED,4.06,4.12,3.92,4.02,4.06,-0.99,0.20,4.93,0.00,143996,579000.30,488
2026-09-04 00:00:00,HLVLTD,HLV LIMITED,6.54,6.74,6.34,6.48,6.41,1.09,0.40,6.12,2.03,143901,939291.47,471
2026-09-04 00:00:00,JTEKTINDIA,JTEKT INDIA LIMITED,122.50,123.05,120.71,121.27,121.82,-0.45,2.34,1.91,0.56,143861,17491127.16,1884
2026-09-04 00:00:00,COROMANDEL,COROMANDEL INTERNTL. LTD,1927.00,1948.30,1927.00,1938.80,1931.30,0.39,21.30,1.11,-0.22,143726,278602967.60,11670
2026-09-04 00:00:00,HDFCPVTBAN,HDFCAMC - HDFCPVTBAN,29.01,29.01,28.18,28.39,28.31,0.28,0.83,2.86,2.47,143631,4084255.15,318
2026-09-04 00:00:00,BLSE,BLS E-SERVICES LIMITED,324.05,326.95,317.35,320.05,323.65,-1.11,9.60,2.96,0.12,143302,46121607.30,3292
2026-09-04 00:00:00,SANDHAR,SANDHAR TECHNOLOGIES LTD,631.00,635.00,617.15,624.00,627.85,-0.61,17.85,2.83,0.50,143060,89051055.45,5495
2026-09-04 00:00:00,SUMICHEM,SUMITOMO CHEM INDIA LTD,500.00,504.90,490.20,493.40,498.35,-0.99,14.70,2.94,0.33,142729,70923823.00,8045
2026-09-04 00:00:00,BHARATWIRE,BHARAT WIRE ROPES LTD.,179.51,182.59,178.97,181.32,180.42,0.50,3.62,2.02,-0.50,141594,25629840.72,2287
2026-09-04 00:00:00,JAYBARMARU,JAY BHARAT MARUTI LTD,122.40,122.79,121.50,122.29,121.81,0.39,1.29,1.05,0.48,141098,17228825.49,2206
2026-09-04 00:00:00,PRINCEPIPE,PRINCE PIPES FITTINGS LTD,284.50,291.50,281.50,283.00,289.50,-2.25,10.00,3.51,-1.73,140756,39969794.40,3824
2026-09-04 00:00:00,HDFCNIFTY,HDFCAMC - HDFCNIFTY,271.02,271.42,269.80,270.30,269.79,0.19,1.62,0.60,0.46,140738,38102226.67,900
2026-09-04 00:00:00,VSSL,VARDHMAN SPC STEEL LTD,365.10,369.20,353.30,364.15,363.95,0.05,15.90,4.35,0.32,140547,50694198.65,4110
2026-09-04 00:00:00,AAKASH,AAKASH EXPLORATION SER L,8.88,8.89,8.69,8.75,8.77,-0.23,0.20,2.25,1.25,139620,1224152.12,248
2026-09-04 00:00:00,SOUTHWEST,SOUTH WEST PINNACLE LTD,211.25,220.00,211.25,212.92,213.12,-0.09,8.75,4.14,-0.88,139283,30014878.22,2892
2026-09-04 00:00:00,SUPREMEIND,SUPREME INDUSTRIES LTD,3509.90,3526.40,3475.00,3475.00,3508.10,-0.94,51.40,1.46,0.05,139232,487326156.70,11277
2026-09-04 00:00:00,VERANDA,VERANDA LEARNING SOL LTD,244.30,244.44,239.01,242.63,242.27,0.15,5.43,2.22,0.84,139217,33608132.48,2225
2026-09-04 00:00:00,CPL,CAPTAIN POLYPLAST LIMITED,62.40,62.90,61.45,62.11,62.40,-0.46,1.45,2.32,0.00,138710,8595454.01,975
2026-09-04 00:00:00,KIRLPNU,KIRLOSKAR PNEUMATIC COM L,771.00,772.80,754.05,760.45,759.80,0.09,18.75,2.43,1.47,137821,104910775.70,10596
2026-09-04 00:00:00,UMIYA-MRO,UMIYA BUILDCON LIMITED,98.70,105.90,98.70,104.42,96.84,7.83,7.20,7.29,1.92,137662,14254903.24,1798
2026-09-04 00:00:00,THYROCARE,THYROCARE TECH LTD,575.05,581.90,573.35,576.15,578.65,-0.43,8.55,1.49,-0.62,137365,79356630.20,17438
2026-09-04 00:00:00,POWERMECH,POWER MECH PROJECTS LTD.,2399.90,2416.00,2270.10,2306.10,2399.80,-3.90,145.90,6.08,0.00,135843,315522739.70,18425
2026-09-04 00:00:00,LEMERITE,LE MERITE EXPORTS LIMITED,21.30,21.30,20.56,20.93,21.11,-0.85,0.74,3.47,0.90,135407,2846906.14,268
2026-09-04 00:00:00,MOHITE,MOHITE INDUSTRIES LTD.,2.80,2.84,2.60,2.79,2.80,-0.36,0.24,8.57,0.00,133842,367484.00,151
2026-09-04 00:00:00,IVALUE,IVALUE INFOSOLUTIONS LTD,237.04,239.39,228.61,230.26,236.18,-2.51,10.78,4.55,0.36,133823,31111363.11,4062
2026-09-04 00:00:00,HNDFDS,HINDUSTAN FOODS LIMITED,626.90,631.50,609.50,615.05,626.90,-1.89,22.00,3.51,0.00,133631,82055114.50,10581
2026-09-04 00:00:00,VRLLOG,VRL LOGISTICS LIMITED,297.30,298.95,294.80,297.70,297.85,-0.05,4.15,1.40,-0.18,133531,39741467.15,5719
2026-09-04 00:00:00,GULPOLY,GULSHAN POLYOLS LIMITED,186.27,188.01,184.42,186.01,186.27,-0.14,3.59,1.93,0.00,133134,24735317.56,2261
2026-09-04 00:00:00,ISFT,INTRASOFT TECH. LTD,85.12,86.79,80.80,81.61,84.79,-3.75,5.99,7.04,0.39,132771,11294509.59,1587
2026-09-04 00:00:00,SIGMA,SIGMA SOLVE LIMITED,48.00,48.22,45.77,46.66,47.42,-1.60,2.45,5.10,1.22,132618,6209463.99,1386
2026-09-04 00:00:00,HARSHA,HARSHA ENGINEERS INT LTD,451.35,457.10,447.30,454.35,451.05,0.73,9.80,2.17,0.07,132144,59874447.90,5837
2026-09-04 00:00:00,SADBHAV,SADBHAV ENGINEERING LTD,8.03,8.35,8.01,8.15,8.03,1.49,0.34,4.23,0.00,131919,1071903.25,298
2026-09-04 00:00:00,KOHINOOR,KOHINOOR FOODS LIMITED,33.79,33.79,32.50,32.77,33.52,-2.24,1.29,3.82,0.81,131797,4369429.28,1926
2026-09-04 00:00:00,TMB,TAMILNAD MERCA BANK LTD,949.95,949.95,929.00,932.45,942.45,-1.06,20.95,2.21,0.80,131784,123118792.75,7872
2026-09-04 00:00:00,NAVINFLUOR,NAVIN FLUORINE INT. LTD,8700.00,8700.00,8512.00,8557.50,8697.00,-1.60,188.00,2.16,0.03,131131,1125883748.50,24980
2026-09-04 00:00:00,SEAMECLTD,SEAMEC LIMITED,1787.00,1804.00,1770.50,1793.60,1786.60,0.39,33.50,1.87,0.02,130765,234142574.80,10768
2026-09-04 00:00:00,TATAINVEST,TATA INVESTMENT CORP LTD,637.95,644.00,631.55,633.70,637.95,-0.67,12.45,1.95,0.00,130701,83299751.85,6814
2026-09-04 00:00:00,KABRAEXTRU,KABRA EXTRUSION TECHNIK L,566.00,583.95,560.35,579.15,564.80,2.54,23.60,4.17,0.21,130668,75304633.00,3898
2026-09-04 00:00:00,MAHLOG,MAHINDRA LOGISTIC LIMITED,400.85,410.15,399.55,405.35,400.30,1.26,10.60,2.64,0.14,130587,52849165.10,5680
2026-09-04 00:00:00,SURYODAY,SURYODAY SMALL FIN BK LTD,152.60,154.31,151.20,152.07,153.57,-0.98,3.11,2.04,-0.63,130519,19916785.20,2120
2026-09-04 00:00:00,TOYAMSL,TOYAM SPORTS LTD.,0.62,0.62,0.60,0.61,0.61,0.00,0.02,3.23,1.64,129950,79902.35,151
2026-09-04 00:00:00,SRM,SRM CONTRACTORS LIMITED,475.00,483.60,457.95,462.35,470.30,-1.69,25.65,5.40,1.00,129358,60603464.10,3278
2026-09-04 00:00:00,SURAJEST,SURAJ ESTATE DEVELOPERS L,177.90,181.48,177.52,178.25,177.80,0.25,3.96,2.23,0.06,129331,23270745.06,1479
2026-09-04 00:00:00,JNKINDIA,JNK INDIA LIMITED,431.50,450.40,431.50,445.05,431.45,3.15,18.90,4.38,0.01,128595,57227085.85,4761
2026-09-04 00:00:00,PLAZACABLE,PLAZA WIRES LIMITED,62.75,63.00,60.00,61.32,62.62,-2.08,3.00,4.78,0.21,128546,7967473.84,1424
2026-09-04 00:00:00,HOMEFIRST,HOME FIRST FIN CO IND LTD,1201.40,1229.00,1196.00,1210.10,1201.40,0.72,33.00,2.75,0.00,128463,155979862.90,15823
2026-09-04 00:00:00,AMBER,AMBER ENTERPRISES (I) LTD,7428.00,7524.00,7380.00,7474.00,7410.00,0.86,144.00,1.94,0.24,128335,958773669.50,19991
2026-09-04 00:00:00,DREDGECORP,DREDGING CORP OF INDIA,1074.70,1117.50,1074.70,1087.70,1074.70,1.21,42.80,3.98,0.00,128213,140581202.70,8211
2026-09-04 00:00:00,MOMENTUM,BIRLASLAMC - MOMENTUM,31.25,31.56,31.00,31.06,31.37,-0.99,0.56,1.79,-0.38,128103,3992672.86,298
2026-09-04 00:00:00,HDFCNIFIT,HDFCAMC - HDFCNIFIT,33.32,33.43,32.81,32.86,33.00,-0.42,0.62,1.86,0.97,128067,4219689.80,212
2026-09-04 00:00:00,ABSLAMC,ADIT BIRL SUN LIF AMC LTD,1047.70,1065.00,1036.10,1062.30,1045.20,1.64,28.90,2.76,0.24,127937,134726426.00,11137
2026-09-04 00:00:00,SOLARINDS,SOLAR INDUSTRIES (I) LTD,21500.00,21695.00,21345.00,21445.00,21500.00,-0.26,350.00,1.63,0.00,127515,2744874780.00,25107
2026-09-04 00:00:00,GEEKAYWIRE,GEEKAY WIRES LIMITED,29.90,30.10,29.39,29.61,29.39,0.75,0.71,2.37,1.74,127142,3756246.99,850
2026-09-04 00:00:00,CENTENKA,CENTURY ENKA LTD,620.00,620.00,607.05,608.90,616.65,-1.26,12.95,2.09,0.54,126471,77159305.10,5991
2026-09-04 00:00:00,INDOBORAX,INDO BORAX & CHEMICAL LTD,524.50,524.50,507.15,514.90,512.80,0.41,17.35,3.31,2.28,126424,65260984.15,5813
2026-09-04 00:00:00,HUHTAMAKI,HUHTAMAKI INDIA LIMITED,258.95,260.40,252.00,255.00,258.20,-1.24,8.40,3.24,0.29,125656,32031661.25,3335
2026-09-04 00:00:00,AYMSYNTEX,AYM SYNTEX LIMITED,317.25,323.45,305.10,310.70,317.25,-2.06,18.35,5.78,0.00,124761,39242961.35,4405
2026-09-04 00:00:00,SENORES,SENORES PHARMACEUTICALS L,1442.80,1465.90,1420.00,1428.40,1430.40,-0.14,45.90,3.18,0.87,124425,178873521.80,10741
2026-09-04 00:00:00,RELTD,RAVINDRA ENERGY LIMITED,160.00,162.00,157.97,161.37,159.15,1.39,4.03,2.52,0.53,124230,19819609.88,1896
2026-09-04 00:00:00,HDFCNIFBAN,HDFCAMC - HDFCNIFBAN,60.65,60.65,59.08,59.22,59.18,0.07,1.57,2.59,2.48,123216,7304775.91,473
2026-09-04 00:00:00,VGL,VARVEE GLOBAL LIMITED,57.00,58.95,51.35,53.31,56.56,-5.75,7.60,13.33,0.78,123080,6632028.29,651
2026-09-04 00:00:00,STYL,SESHAASAI TECHNOLOGIES L,393.00,399.00,380.10,383.50,387.05,-0.92,18.90,4.81,1.54,123059,47756858.25,3455
2026-09-04 00:00:00,DCAL,DISHMAN CARBO AMCIS LTD,178.50,178.50,173.20,174.38,176.99,-1.47,5.30,2.97,0.85,122894,21514844.96,2245
2026-09-04 00:00:00,TEXINFRA,TEXMACO INFRA & HOLDG LTD,116.32,117.14,114.50,115.02,116.70,-1.44,2.64,2.27,-0.33,122665,14138217.43,1077
2026-09-04 00:00:00,MANKIND,MANKIND PHARMA LIMITED,2366.50,2390.00,2317.00,2327.90,2368.80,-1.73,73.00,3.08,-0.10,122389,286487165.10,12835
2026-09-04 00:00:00,TRUALT,TRUALT BIOENERGY LIMITED,426.40,430.95,420.40,425.25,426.40,-0.27,10.55,2.47,0.00,121440,51720720.95,4284
2026-09-04 00:00:00,FDC,FDC LIMITED,343.00,351.80,341.55,342.80,341.60,0.35,10.25,2.99,0.41,120312,41467748.10,7719
2026-09-04 00:00:00,ANANDRATHI,ANAND RATHI WEALTH LTD,2213.00,2224.00,2201.00,2215.90,2205.30,0.48,23.00,1.04,0.35,119776,265196998.30,13636
2026-09-04 00:00:00,PAKKA,PAKKA LIMITED,73.95,74.98,72.05,73.71,73.64,0.10,2.93,3.96,0.42,119489,8785950.84,3006
2026-09-04 00:00:00,JARO,JARO INS OF TEC MG N RE L,455.60,457.80,441.80,445.65,454.40,-1.93,16.00,3.51,0.26,119338,53899081.65,2609
2026-09-04 00:00:00,GSPCROP,GSP CROP SCIENCE LIMITED,627.00,627.60,616.00,619.25,625.90,-1.06,11.60,1.85,0.18,119185,73955457.95,2145
2026-09-04 00:00:00,PRECAM,PRECISION CAMSHAFTS LTD.,122.65,126.00,122.47,124.02,122.10,1.57,3.53,2.88,0.45,118929,14710960.91,2612
2026-09-04 00:00:00,AWFIS,AWFIS SPACE SOLUTIONS LTD,258.00,262.95,256.55,260.80,256.50,1.68,6.40,2.48,0.58,118804,30987027.95,3931
2026-09-04 00:00:00,CCCL,CONS. CONST. CONSORT LTD,14.49,14.54,14.12,14.27,14.19,0.56,0.42,2.90,2.11,118802,1700420.52,372
2026-09-04 00:00:00,MOENERGY,MOTILALAMC - MOENERGY,38.00,38.99,37.86,38.42,38.31,0.29,1.13,2.97,-0.81,118745,4561870.79,534
2026-09-04 00:00:00,MEDICAMEQ,MEDICAMEN BIOTECH LIMITED,262.00,276.80,260.65,270.25,259.40,4.18,16.15,6.16,1.00,118422,31980469.70,2703
2026-09-04 00:00:00,ADVANCE,ADVANCE AGROLIFE LIMITED,119.75,119.76,116.86,117.43,118.53,-0.93,2.90,2.42,1.03,118344,13967473.16,1046
2026-09-04 00:00:00,VARDMNPOLY,VARDHMAN POLYTEX LTD.,6.10,6.10,5.85,5.87,5.94,-1.18,0.25,4.10,2.69,118267,699020.62,310
2026-09-04 00:00:00,ORIENTCEM,ORIENT CEMENT LTD.,128.00,130.21,128.00,129.68,128.48,0.93,2.21,1.73,-0.37,118199,15304845.19,1215
2026-09-04 00:00:00,AIAENG,AIA ENGINEERING LIMITED,4250.00,4272.40,4206.00,4231.20,4272.40,-0.96,66.40,1.56,-0.52,117943,501324698.20,5899
2026-09-04 00:00:00,TPLPLASTEH,TPL PLASTECH LIMITED,72.53,73.39,70.81,71.74,72.53,-1.09,2.58,3.56,0.00,117553,8480091.39,1088
2026-09-04 00:00:00,GANESHCP,GANESH CONSUMER PRODUCT L,169.79,176.98,168.47,174.46,168.82,3.34,8.51,5.01,0.57,117370,20374221.28,2220
2026-09-04 00:00:00,BLBLIMITED,BLB LIMITED,17.00,17.10,16.42,16.68,16.96,-1.65,0.68,4.00,0.24,117198,1961986.02,443
2026-09-04 00:00:00,VIRINCHI,VIRINCHI LIMITED,14.85,15.08,14.38,14.70,14.86,-1.08,0.70,4.71,-0.07,115200,1687086.54,265
2026-09-04 00:00:00,COMFINTE,COMFORT INTECH LTD.,6.15,6.26,6.07,6.21,6.19,0.32,0.19,3.09,-0.65,114743,707750.26,347
2026-09-04 00:00:00,SGMART,SG MART LIMITED,822.00,834.05,815.55,824.75,815.85,1.09,18.50,2.25,0.75,114546,94310750.00,6666
2026-09-04 00:00:00,ABDL,ALLIED BLEND N DISTILS L,603.25,614.15,603.25,609.95,609.40,0.09,10.90,1.81,-1.01,114222,69675581.95,5160
2026-09-04 00:00:00,HINDWAREAP,HINDWARE HME INOVATON LTD,187.00,187.24,181.00,182.61,185.82,-1.73,6.24,3.34,0.64,113928,20844298.27,2584
2026-09-04 00:00:00,RUBICON,RUBICON RESEARCH LIMITED,1788.80,1792.00,1752.20,1768.30,1775.70,-0.42,39.80,2.22,0.74,113571,201116688.20,10409
2026-09-04 00:00:00,SOLEX,SOLEX ENERGY LIMITED,734.80,761.00,720.00,725.30,728.95,-0.50,41.00,5.58,0.80,113401,83505239.55,7475
2026-09-04 00:00:00,HARIOMPIPE,HARIOM PIPE INDUSTRIES L,357.50,364.60,352.75,359.20,355.45,1.06,11.85,3.31,0.58,113348,40573518.20,3478
2026-09-04 00:00:00,SILGO,SILGO RETAIL LIMITED,71.45,71.71,67.30,69.97,71.16,-1.67,4.41,6.17,0.41,113233,8054884.84,673
2026-09-04 00:00:00,ONESOURCE,ONESOURCE SPECL PHARMA L,1585.00,1596.30,1526.00,1537.80,1575.70,-2.41,70.30,4.44,0.59,112994,175398108.30,12742
2026-09-04 00:00:00,RITCO,RITCO LOGISTICS LIMITED,302.60,304.60,298.55,301.80,301.00,0.27,6.05,2.00,0.53,112935,34222086.25,1065
2026-09-04 00:00:00,PARASPETRO,PARAS PETROFILS LTD.,2.23,2.23,2.11,2.14,2.13,0.47,0.12,5.38,4.69,112807,241498.83,216
2026-09-04 00:00:00,MOKSH,MOKSH ORNAMENTS LIMITED,9.99,10.20,9.99,10.07,9.98,0.90,0.21,2.10,0.10,112542,1135930.61,268
2026-09-04 00:00:00,FABTECH,FABTECH TECHNOLOGIES LTD,147.14,152.26,147.07,150.20,147.33,1.95,5.19,3.53,-0.13,112484,16874519.20,1375
2026-09-04 00:00:00,MMP,MMP INDUSTRIES LIMITED,399.90,404.95,383.35,404.15,395.95,2.07,21.60,5.40,1.00,112103,44513699.20,2401
2026-09-04 00:00:00,MAXESTATES,MAX ESTATES LIMITED,535.00,546.85,529.00,542.10,530.70,2.15,17.85,3.34,0.81,111898,60054200.55,3876
2026-09-04 00:00:00,INDOSTAR,INDOSTAR CAPITAL FIN LTD,256.50,261.60,255.00,258.66,255.88,1.09,6.60,2.57,0.24,111553,28850663.51,1717
2026-09-04 00:00:00,SAHYADRI,SAHYADRI INDUSTRIES LTD,360.00,402.70,360.00,392.15,359.40,9.11,42.70,11.86,0.17,111187,43409306.60,5879
2026-09-04 00:00:00,PRISMX,PRISMX GLOBAL VENTURES L,0.52,0.56,0.52,0.55,0.52,5.77,0.04,7.69,0.00,111170,59981.96,126
2026-09-04 00:00:00,ABSLPSE,BIRLASLAMC-ABSLPSE,10.17,10.20,10.11,10.18,10.11,0.69,0.09,0.88,0.59,110576,1124325.08,342
2026-09-04 00:00:00,AAREYDRUGS,AAREY DRUGS & PHARM LTD,96.00,96.99,93.55,95.79,94.44,1.43,3.44,3.58,1.65,109417,10430625.76,828
2026-09-04 00:00:00,GUJALKALI,GUJARAT ALKALIES & CHEM,728.50,736.00,715.10,721.60,722.85,-0.17,20.90,2.87,0.78,109374,79663202.60,9119
2026-09-04 00:00:00,CAPILLARY,CAPILLARY TECHNO INDIA L,485.00,492.35,480.00,490.05,480.05,2.08,12.35,2.55,1.03,109289,53268298.60,3384
2026-09-04 00:00:00,GPTINFRA,GPT INFRAPROJECTS LTD,110.87,113.30,110.50,112.10,110.88,1.10,2.80,2.53,-0.01,108936,12166028.41,1779
2026-09-04 00:00:00,COMSYN,COMMERCIAL SYN BAGS LTD,300.50,306.00,285.30,301.30,302.70,-0.46,20.70,6.89,-0.73,108742,32623991.70,1784
2026-09-04 00:00:00,HAVISHA,SRI HAVISHA HOSP & INFR L,1.47,1.47,1.40,1.41,1.40,0.71,0.07,4.76,5.00,107777,153753.58,134
2026-09-04 00:00:00,KAMATHOTEL,KAMAT HOTELS (I) LTD,216.96,227.88,215.88,225.51,217.66,3.61,12.00,5.53,-0.32,107699,24149119.80,2471
2026-09-04 00:00:00,BALMLAWRIE,BALMER LAWRIE & CO LTD,177.75,178.44,177.30,177.98,176.93,0.59,1.14,0.64,0.46,106907,19010279.41,1933
2026-09-04 00:00:00,DONEAR,DONEAR IND. LIMITED,90.39,93.47,89.10,92.25,88.56,4.17,4.37,4.83,2.07,106790,9788380.93,698
2026-09-04 00:00:00,STEELCAS,STEELCAST LIMITED,318.00,332.40,314.05,328.05,317.85,3.21,18.35,5.77,0.05,106510,34572007.20,4903
2026-09-04 00:00:00,JUSTDIAL,JUSTDIAL LTD.,697.20,697.20,688.10,692.85,697.35,-0.65,9.10,1.31,-0.02,106018,73408815.25,4250
2026-09-04 00:00:00,SHARDACROP,SHARDA CROPCHEM LTD.,771.65,780.50,765.00,768.35,772.75,-0.57,15.50,2.01,-0.14,105369,81356860.75,7338
2026-09-04 00:00:00,RAMCOIND,RAMCO INDUSTRIES LIMITED,326.00,329.70,320.30,323.25,324.00,-0.23,9.40,2.88,0.62,105342,34182636.35,2055
2026-09-04 00:00:00,FLAIR,FLAIR WRITING INDUST LTD,249.55,249.95,242.40,243.71,248.11,-1.77,7.55,3.03,0.58,105224,25765499.79,2424
2026-09-04 00:00:00,SBIBPB,SBIAMC - SBIBPB,49.97,50.05,49.26,49.56,49.48,0.16,0.79,1.58,0.99,104576,5206668.47,319
2026-09-04 00:00:00,PNGSREVA,PNGS REVA DIAMOND JEWEL L,520.80,523.00,502.05,516.35,516.30,0.01,20.95,4.02,0.87,103324,53120423.35,3156
2026-09-04 00:00:00,ATLANTAELE,ATLANTA ELECTRICALS LTD,1905.90,1920.00,1847.90,1881.70,1886.40,-0.25,72.10,3.78,1.03,102999,193512208.80,12287
2026-09-04 00:00:00,JLHL,JUPITER LIFE LINE HOSP L,293.35,293.35,284.15,286.45,290.30,-1.33,9.20,3.14,1.05,102896,29712589.35,3889
2026-09-04 00:00:00,RANEHOLDIN,RANE HOLDINGS LIMITED,1635.30,1740.00,1623.50,1651.10,1635.30,0.97,116.50,7.12,0.00,102623,173124399.70,10412
2026-09-04 00:00:00,SEDEMAC,SEDEMAC MECHATRONICS LTD,2916.20,2919.00,2800.00,2814.40,2905.90,-3.15,119.00,4.08,0.35,102621,292271604.10,10840
2026-09-04 00:00:00,SANSERA,SANSERA ENGINEERING LTD,3808.80,3833.80,3733.70,3782.60,3789.60,-0.18,100.10,2.63,0.51,101677,384415391.40,15246
2026-09-04 00:00:00,BHANDARI,BHANDARI HOSIERY EXP LTD,3.02,3.05,3.00,3.03,3.00,1.00,0.05,1.66,0.67,101595,307877.04,194
2026-09-04 00:00:00,ACC,ACC LIMITED,1277.00,1289.30,1272.00,1283.80,1272.00,0.93,17.30,1.35,0.39,101446,129978158.20,6445
2026-09-04 00:00:00,FERMENTA,FERMENTA BIOTECH LTD.,502.30,509.35,491.65,498.50,502.30,-0.76,17.70,3.52,0.00,101413,50684682.15,6328
2026-09-04 00:00:00,ORIENTPPR,ORIENT PAPER AND INDS LTD,17.14,17.35,17.00,17.08,17.13,-0.29,0.35,2.04,0.06,100814,1729618.60,510
2026-09-04 00:00:00,IITL,INDUSTRIAL INV TRUST LTD,151.08,152.65,145.10,146.40,151.92,-3.63,7.55,5.00,-0.55,100778,15223633.69,1053
2026-09-04 00:00:00,GODFRYPHLP,GODFREY PHILLIPS INDIA LT,2045.00,2073.30,2040.00,2051.00,2045.00,0.29,33.30,1.63,0.00,100359,206251705.80,9709
2026-09-04 00:00:00,NIITMTS,NIIT LEARNING SYSTEMS LTD,229.99,229.99,222.21,225.94,222.91,1.36,7.78,3.38,3.18,100147,22574341.77,3678
2026-09-04 00:00:00,GROWWSC250,GROWWAMC - GROWWSC250,10.72,10.72,10.60,10.69,10.66,0.28,0.12,1.12,0.56,100126,1070514.38,522
2026-09-04 00:00:00,RAJRATAN,RAJRATAN GLOBAL WIRE LTD,495.15,504.90,488.00,498.35,495.10,0.66,16.90,3.41,0.01,99899,49316575.60,3471
2026-09-04 00:00:00,TRIGYN,TRIGYN TECHNOLOGIES LTD,59.89,60.40,57.66,58.97,59.60,-1.06,2.74,4.58,0.49,99874,5859383.93,2412
2026-09-04 00:00:00,APEX,APEX FROZEN FOODS LIMITED,378.00,383.60,373.20,375.15,376.75,-0.42,10.40,2.75,0.33,99807,37664500.90,3751
2026-09-04 00:00:00,DCMSIL,DCM SHRIRAM INTERNATNL L,71.30,71.30,68.06,68.76,70.29,-2.18,3.24,4.54,1.44,99773,6965654.31,1074
2026-09-04 00:00:00,MEIL,MANGAL ELECTRICAL IND L,286.90,295.45,280.00,285.10,283.75,0.48,15.45,5.39,1.11,99521,28431931.00,3061
2026-09-04 00:00:00,EUREKAFORB,EUREKA FORBES LIMITED,430.00,430.00,422.15,423.75,429.25,-1.28,7.85,1.83,0.17,99508,42313116.50,7971
2026-09-04 00:00:00,KMEW,KNOWLEDGE MARINE & EN W L,3175.00,3175.00,3011.10,3033.40,3150.40,-3.71,163.90,5.16,0.78,98630,302397689.90,17405
2026-09-04 00:00:00,PIRAMALFIN,PIRAMAL FINANCE LIMITED,2221.00,2258.30,2201.60,2225.00,2232.90,-0.35,56.70,2.55,-0.53,98603,220718571.40,14090
2026-09-04 00:00:00,RAMCOCEM,THE RAMCO CEMENTS LIMITED,882.60,894.00,873.80,884.50,879.15,0.61,20.20,2.29,0.39,98361,87137162.05,9195
2026-09-04 00:00:00,AURIONPRO,AURIONPRO SOLN LTD,691.00,697.30,686.00,689.70,686.45,0.47,11.30,1.64,0.66,98258,67850598.35,4773
2026-09-04 00:00:00,AGI,AGI GREENPAC LIMITED,746.50,753.90,731.25,735.25,742.20,-0.94,22.65,3.03,0.58,98049,72590554.10,4203
2026-09-04 00:00:00,ALKYLAMINE,ALKYL AMINES CHEM. LTD,1999.00,2068.10,1999.00,2020.90,2003.20,0.88,69.10,3.46,-0.21,97864,198998907.20,14308
2026-09-04 00:00:00,SARLAPOLY,SARLA PERF. FIBERS LTD,102.75,102.98,97.75,100.20,102.15,-1.91,5.23,5.09,0.59,97835,9805592.12,1452
2026-09-04 00:00:00,RHIM,RHI MAGNESITA INDIA LTD,372.60,373.80,369.00,371.35,369.75,0.43,4.80,1.29,0.77,97629,36250194.80,3202
2026-09-04 00:00:00,HPL,HPL ELECTRIC & POWER LTD,304.40,308.00,300.60,304.15,303.25,0.30,7.40,2.43,0.38,97614,29723792.65,3297
2026-09-04 00:00:00,FACT,FACT LTD,803.05,812.50,798.15,801.40,800.20,0.15,14.35,1.79,0.36,97544,78504389.10,6313
2026-09-04 00:00:00,BLIL,BALMER LAWRIE INVSTS. L,72.98,72.98,72.36,72.53,72.47,0.08,0.62,0.85,0.70,97501,7078873.12,1045
2026-09-04 00:00:00,AVADHSUGAR,AVADH SUG & ENERGY LTD,827.00,827.00,801.00,809.50,831.10,-2.60,26.00,3.14,-0.49,97497,78953673.35,4353
2026-09-04 00:00:00,PDSL,PDS LIMITED,356.00,361.25,352.50,358.50,353.90,1.30,8.75,2.46,0.59,97344,34790247.55,4396
2026-09-04 00:00:00,HDFCMOMENT,HDFCAMC - HDFCMOMENT,30.45,31.19,30.45,30.99,31.07,-0.26,0.74,2.43,-2.00,97334,3017635.24,563
2026-09-04 00:00:00,ANNAPURNA,ANNAPURNA SWADISHT LTD,151.45,151.45,139.00,140.20,147.78,-5.13,12.45,8.22,2.48,96996,13774275.44,1165
2026-09-04 00:00:00,VSTIND,VST INDUSTRIES LTD,207.95,209.02,207.21,208.15,207.96,0.09,1.81,0.87,-0.00,96626,20111630.30,3519
2026-09-04 00:00:00,SURANASOL,SURANA SOLAR LIMITED,26.00,27.75,25.90,26.11,25.94,0.66,1.85,7.12,0.23,96327,2529435.48,603
2026-09-04 00:00:00,JAGSNPHARM,JAGSONPAL PHARMACEUTICALS,242.00,243.18,238.81,242.06,243.02,-0.40,4.37,1.81,-0.42,96227,23184485.69,2506
2026-09-04 00:00:00,ENTERO,ENTERO HEALTHCARE SOLU L,1848.00,1868.90,1811.10,1827.60,1848.00,-1.10,57.80,3.13,0.00,96165,177130908.20,11496
2026-09-04 00:00:00,SIMPLEXINF,SIMPLEX INFRASTRUCTURES L,270.00,274.00,264.35,270.50,266.95,1.33,9.65,3.57,1.14,96034,25860937.25,1677
2026-09-04 00:00:00,VOEPL,VIRTUOSO OPTOELECTRONIC L,545.90,558.45,540.05,553.20,545.90,1.34,18.40,3.37,0.00,95767,52619922.45,2104
2026-09-04 00:00:00,BAJEL,BAJEL PROJECTS LIMITED,185.69,188.12,182.53,183.82,185.69,-1.01,5.59,3.01,0.00,94742,17509910.49,1983
2026-09-04 00:00:00,DIVGIITTS,DIVGI TORQTRANSFER SYST L,1245.10,1268.30,1211.20,1235.80,1235.20,0.05,57.10,4.59,0.80,94690,116523254.10,7891
2026-09-04 00:00:00,CANTABIL,CANTABIL RETAIL LTD,238.70,245.00,238.00,243.05,237.74,2.23,7.00,2.93,0.40,94452,22814791.81,1486
2026-09-04 00:00:00,KMCSHIL,K M C SPECIALITY HOSP I L,138.00,141.58,136.50,138.24,138.00,0.17,5.08,3.68,0.00,94440,13126833.28,1567
2026-09-04 00:00:00,CSLFINANCE,CSL FINANCE LIMITED,245.58,254.70,245.58,251.77,243.86,3.24,9.12,3.71,0.71,94290,23706633.74,2410
2026-09-04 00:00:00,KHAICHEM,KHAITAN CHEM & FERT LTD,54.85,55.54,54.30,54.86,54.83,0.05,1.24,2.26,0.04,94220,5173225.15,817
2026-09-04 00:00:00,INDIGOPNTS,INDIGO PAINTS LIMITED,1183.10,1195.00,1170.00,1185.80,1183.10,0.23,25.00,2.11,0.00,94147,111608940.20,10508
2026-09-04 00:00:00,MASTEK,MASTEK LTD,1815.00,1831.90,1752.90,1772.90,1792.60,-1.10,79.00,4.35,1.25,94020,167078136.20,11844
2026-09-04 00:00:00,BHARATSE,BHARAT SEATS LIMITED,213.69,214.70,210.50,211.69,213.69,-0.94,4.20,1.97,0.00,93907,19950995.61,2110
2026-09-04 00:00:00,HESTERBIO,HESTER BIOSCIENCES LTD,2199.90,2540.90,2170.00,2405.40,2201.70,9.25,370.90,16.86,-0.08,93542,229059408.20,8472
2026-09-04 00:00:00,INDBANK,INDBANK MERCH BANK,29.19,29.19,28.13,28.58,28.71,-0.45,1.06,3.63,1.67,93377,2675425.60,671
2026-09-04 00:00:00,STOVEKRAFT,STOVE KRAFT LIMITED,840.90,849.00,825.00,832.55,839.75,-0.86,24.00,2.85,0.14,93139,77538874.55,4844
2026-09-04 00:00:00,APARINDS,APAR INDUSTRIES LTD.,17689.00,17895.00,17365.00,17421.00,17704.00,-1.60,530.00,3.00,-0.08,93101,1640579285.00,27628
2026-09-04 00:00:00,TRU,TRUCAP FINANCE LIMITED,4.05,4.13,4.00,4.05,4.08,-0.74,0.13,3.21,-0.74,93025,377758.66,183
2026-09-04 00:00:00,PLATIND,PLATINUM INDUSTRIES LTD,237.01,237.01,230.00,231.54,234.45,-1.24,7.01,2.96,1.09,92532,21495436.44,1706
2026-09-04 00:00:00,INTLCONV,INTL CONVEYORS LIMITED,79.88,83.28,79.00,81.18,79.44,2.19,4.28,5.36,0.55,92332,7539916.32,1669
2026-09-04 00:00:00,IRIS,IRIS REGTECH SOLUTION LTD,256.00,273.99,256.00,265.92,253.93,4.72,17.99,7.03,0.82,92277,24703283.09,3337
2026-09-04 00:00:00,MONEYBOXX,MONEYBOXX FINANCE LIMITED,56.93,68.66,56.93,58.80,57.22,2.76,11.73,20.60,-0.51,92042,5791805.15,1040
2026-09-04 00:00:00,ZOTA,ZOTA HEALTH CARE LIMITED,1100.00,1159.30,1100.00,1132.40,1101.20,2.83,59.30,5.39,-0.11,91901,104564890.00,5781
2026-09-04 00:00:00,VENUSPIPES,VENUS PIPES & TUBES LTD,1607.60,1645.00,1596.00,1631.00,1594.80,2.27,49.00,3.05,0.80,91566,148761287.80,6869
2026-09-04 00:00:00,JUBLINGREA,JUBILANT INGREVIA LIMITED,694.00,697.35,678.00,680.30,690.55,-1.48,19.35,2.79,0.50,91316,62558759.20,7010
2026-09-04 00:00:00,SKFINDIA,SKF INDIA LTD,1533.00,1563.90,1533.00,1553.20,1540.60,0.82,30.90,2.02,-0.49,91130,141555983.30,6442
2026-09-04 00:00:00,SAURASHCEM,SAURASHTRA CEMENT LIMITED,56.81,58.60,56.00,57.61,56.81,1.41,2.60,4.58,0.00,90990,5258779.65,1185
2026-09-04 00:00:00,GEMAROMA,GEM AROMATICS LIMITED,163.04,166.70,160.00,161.50,162.22,-0.44,6.70,4.11,0.51,90914,14768858.33,1692
2026-09-04 00:00:00,SUNFLAG,SUNFLAG IRON AND STEEL CO,349.95,350.75,342.20,343.70,346.50,-0.81,8.55,2.44,1.00,90403,31186522.20,1842
2026-09-04 00:00:00,TTKPRESTIG,TTK PRESTIGE LTD,582.05,586.65,560.30,562.75,583.95,-3.63,26.35,4.53,-0.33,90200,51336550.40,6382
2026-09-04 00:00:00,BATAINDIA,BATA INDIA LTD,677.45,682.00,671.00,672.75,677.40,-0.69,11.00,1.62,0.01,89939,60853756.00,5667
2026-09-04 00:00:00,FOODSIN,FOODS & INNS LIMITED,56.00,57.90,54.72,57.37,56.06,2.34,3.18,5.68,-0.11,89638,5094782.40,1022
2026-09-04 00:00:00,KSB,KSB LIMITED,815.30,817.00,807.00,813.55,810.60,0.36,10.00,1.23,0.58,89128,72448316.40,8454
2026-09-04 00:00:00,AURUM,AURUM PROPTECH LIMITED,226.70,228.55,223.70,225.16,224.76,0.18,4.85,2.14,0.86,88743,20075958.83,2073
2026-09-04 00:00:00,ATULAUTO,ATUL AUTO LIMITED,462.00,467.20,458.35,465.15,461.30,0.83,8.85,1.92,0.15,88513,40936212.50,3469
2026-09-04 00:00:00,NEOGEN,NEOGEN CHEMICALS LIMITED,2149.00,2172.60,2123.00,2137.90,2137.10,0.04,49.60,2.31,0.56,88400,189807136.40,19344
2026-09-04 00:00:00,AONENIFTY,AONEAMC - AONENIFTY,10.13,10.13,9.86,9.89,9.89,0.00,0.27,2.67,2.43,88348,875018.40,1178
2026-09-04 00:00:00,NELCAST,NELCAST LIMITED,118.76,119.48,116.50,116.99,118.76,-1.49,2.98,2.51,0.00,88011,10341702.69,1262
2026-09-04 00:00:00,GUFICBIO,GUFIC BIOSCIENCES LTD.,440.50,447.20,437.15,444.90,439.35,1.26,10.05,2.28,0.26,88007,38954990.20,3472
2026-09-04 00:00:00,SAKAR,SAKAR HEALTHCARE LIMITED,1012.00,1019.00,987.95,1013.90,1006.95,0.69,31.05,3.07,0.50,87982,88397021.40,5941
2026-09-04 00:00:00,DCI,DC INFOTECH AND COMUN LTD,362.00,362.00,346.10,350.55,357.65,-1.99,15.90,4.39,1.22,87942,31027261.10,2764
2026-09-04 00:00:00,CHALET,CHALET HOTELS LIMITED,890.00,904.00,888.05,896.75,890.75,0.67,15.95,1.79,-0.08,87842,78884369.90,8774
2026-09-04 00:00:00,GTPL,GTPL HATHWAY LIMITED,58.50,59.50,57.51,58.67,57.93,1.28,1.99,3.40,0.98,87796,5145108.83,928
2026-09-04 00:00:00,IZMO,IZMO LIMITED,915.00,926.10,900.00,902.45,921.95,-2.12,26.10,2.85,-0.75,87266,79268960.20,7045
2026-09-04 00:00:00,NV20,KOTAKMAMC - KTKNV20ETF,14.28,14.28,13.93,13.99,13.94,0.36,0.35,2.45,2.44,87237,1216179.72,179
2026-09-04 00:00:00,PDMJEPAPER,PUDUMJEE PAPER PRO. LTD,96.00,96.06,92.70,93.22,94.57,-1.43,3.36,3.50,1.51,86197,8107159.55,1518
2026-09-04 00:00:00,DCMSHRIRAM,DCM SHRIRAM LIMITED,1024.90,1026.10,1014.00,1020.90,1019.20,0.17,12.10,1.18,0.56,85914,87612778.40,7325
2026-09-04 00:00:00,TATVA,TATVA CHIN PHARM CHEM LTD,1609.90,1688.00,1580.10,1678.50,1596.20,5.16,107.90,6.70,0.86,85803,141769366.00,9319
2026-09-04 00:00:00,NEXT50,MIRAEAMC - MANXT50,758.91,758.91,754.01,755.10,755.13,-0.00,4.90,0.65,0.50,85666,64744883.19,2449
2026-09-04 00:00:00,CPCAP,CP CAPITAL LIMITED,121.69,139.79,117.25,128.33,118.30,8.48,22.54,18.52,2.87,85391,10850962.54,1126
2026-09-04 00:00:00,BVCL,BARAK VALLEY CEM. LTD.,44.70,44.70,43.17,43.48,43.14,0.79,1.53,3.42,3.62,85128,3738636.21,300
2026-09-04 00:00:00,ORKLAINDIA,ORKLA INDIA LIMITED,585.10,598.70,585.10,594.15,588.50,0.96,13.60,2.32,-0.58,84660,50306192.90,6301
2026-09-04 00:00:00,GHCL,GHCL LIMITED,442.50,442.50,436.10,436.60,437.55,-0.22,6.40,1.45,1.13,84548,37109193.45,3129
2026-09-04 00:00:00,GOPAL,GOPAL SNACKS LIMITED,267.45,267.50,263.80,265.10,265.40,-0.11,3.70,1.38,0.77,84409,22380137.45,6321
2026-09-04 00:00:00,BRIGHOTEL,BRIGADE HOTEL VENTURE LTD,58.95,59.89,58.90,59.19,58.95,0.41,0.99,1.68,0.00,84277,5006645.32,2393
2026-09-04 00:00:00,ULTRAMAR,ULTRAMARINE & PIGMENTS L,441.95,446.50,434.70,437.15,435.15,0.46,11.80,2.67,1.56,84008,37104764.95,3580
2026-09-04 00:00:00,MNC,KOTAKMAMC - KOTAKMNC,34.10,34.10,33.16,33.21,33.27,-0.18,0.94,2.76,2.49,83789,2783498.68,341
2026-09-04 00:00:00,HILTON,HILTON METAL FORGING LTD,18.99,18.99,18.50,18.63,18.71,-0.43,0.49,2.58,1.50,83646,1563536.59,327
2026-09-04 00:00:00,POWERINDIA,HITACHI ENERGY INDIA LTD,32000.00,32195.00,31545.00,31650.00,32000.00,-1.09,650.00,2.03,0.00,83443,2648166720.00,30096
2026-09-04 00:00:00,ROSSARI,ROSSARI BIOTECH LIMITED,461.00,468.25,456.10,460.25,457.00,0.71,12.15,2.64,0.88,83247,38335079.35,3103
2026-09-04 00:00:00,MIIL,MEGHNA INFRACON INFRA L,722.00,722.35,711.85,717.05,718.40,-0.19,10.50,1.45,0.50,82890,59301056.50,670
2026-09-04 00:00:00,JUNIPER,JUNIPER HOTELS LIMITED,215.00,220.94,214.50,216.82,217.69,-0.40,6.44,3.00,-1.24,82885,17913852.20,1689
2026-09-04 00:00:00,TECHNOE,TECHNO ELEC & ENG CO. LTD,975.00,983.35,969.30,979.50,973.65,0.60,14.05,1.44,0.14,82871,80873713.00,7651
2026-09-04 00:00:00,VIPCLOTHNG,VIP CLOTHING LIMITED,20.50,20.70,19.92,20.15,20.17,-0.10,0.78,3.80,1.64,82615,1668526.88,309
2026-09-04 00:00:00,FINOPB,FINO PAYMENTS BANK LTD,140.25,142.90,138.50,139.33,140.23,-0.64,4.40,3.14,0.01,82299,11510167.70,1305
2026-09-04 00:00:00,VINDHYATEL,VINDHYA TELELINKS LTD,2748.00,2814.00,2710.00,2732.70,2736.20,-0.13,104.00,3.78,0.43,82288,227986949.80,9683
2026-09-04 00:00:00,ANURAS,ANUPAM RASAYAN INDIA LTD,1240.00,1246.10,1234.00,1238.70,1240.20,-0.12,12.10,0.98,-0.02,82271,101814132.70,3801
2026-09-04 00:00:00,PGIL,PEARL GLOBAL IND LIMITED,2316.70,2329.10,2268.30,2278.30,2329.00,-2.18,60.80,2.62,-0.53,82043,187776070.00,13315
2026-09-04 00:00:00,WAAREERTL,WAAREE RENEWABLE TECH LTD,847.90,863.60,847.90,858.95,847.90,1.30,15.70,1.85,0.00,81592,69708691.85,6906
2026-09-04 00:00:00,AGARWALEYE,DR AGARWALS HEALTH CARE L,511.60,515.95,507.80,514.10,511.45,0.52,8.15,1.59,0.03,81568,41780131.50,5450
2026-09-04 00:00:00,RUPA,RUPA & COMPANY LTD,144.43,145.40,143.05,144.49,144.43,0.04,2.35,1.63,0.00,81141,11680264.47,2556
2026-09-04 00:00:00,LUMAXTECH,LUMAX AUTO TECH LTD,1995.20,2010.00,1942.90,1951.90,1985.40,-1.69,67.10,3.36,0.49,81128,159397507.70,11010
2026-09-04 00:00:00,CSM,CSM TECHNOLOGIES LIMITED,93.99,94.78,93.40,94.36,94.00,0.38,1.38,1.47,-0.01,80421,7555333.62,727
2026-09-04 00:00:00,IPCALAB,IPCA LABORATORIES LTD,1950.00,1969.00,1944.20,1965.30,1956.10,0.47,24.80,1.27,-0.31,80401,157696798.70,9361
2026-09-04 00:00:00,ANUHPHR,ANUH PHARMA LIMITED,80.75,82.35,79.70,81.10,79.68,1.78,2.65,3.28,1.34,80373,6539239.53,1399
2026-09-04 00:00:00,AERONEU,AEROFLEX NEU LIMITED,78.25,87.70,77.71,80.57,78.99,2.00,9.99,12.77,-0.94,80348,6549152.23,1953
2026-09-04 00:00:00,VIVIDHA,VISAGAR POLYTEX LTD,0.52,0.54,0.50,0.52,0.50,4.00,0.04,7.69,4.00,80310,41638.22,131
2026-09-04 00:00:00,LANDMARK,LANDMARK CARS LIMITED,500.00,516.40,497.00,510.15,498.00,2.44,19.40,3.88,0.40,79884,40578607.95,2759
2026-09-04 00:00:00,SPANDANA,SPANDANA SPHOORTY FIN LTD,238.29,242.00,238.29,239.81,236.52,1.39,3.71,1.56,0.75,79485,19050306.43,2229
2026-09-04 00:00:00,ECOSMOBLTY,ECOS (INDIA) MOB & HOSP L,113.93,115.90,112.13,113.54,113.93,-0.34,3.77,3.31,0.00,79330,9019671.50,1366
2026-09-04 00:00:00,ETHOSLTD,ETHOS LIMITED,2794.00,2905.60,2776.00,2792.80,2793.10,-0.01,129.60,4.64,0.03,79319,226257286.10,7746
2026-09-04 00:00:00,ORCHASP,ORCHASP LIMITED,1.43,1.43,1.38,1.39,1.41,-1.42,0.05,3.50,1.42,79157,110692.43,136
2026-09-04 00:00:00,ADFFOODS,ADF FOODS LIMITED,267.50,269.15,262.40,264.80,267.50,-1.01,6.75,2.52,0.00,78833,20904529.30,2557
2026-09-04 00:00:00,MADHAVIPL,MADHAV INFRA PROJECTS L,7.92,8.30,7.92,7.98,7.92,0.76,0.38,4.80,0.00,78511,632542.32,310
2026-09-04 00:00:00,ADVENTHTL,ADVENT HOTELS INTERNATI L,135.25,135.70,132.81,134.57,134.98,-0.30,2.89,2.14,0.20,78410,10517378.30,1234
2026-09-04 00:00:00,BANG,BANG OVERSEAS LTD.,34.16,34.97,33.30,34.79,34.17,1.81,1.67,4.89,-0.03,78335,2706437.32,468
2026-09-04 00:00:00,SOMANYCERA,SOMANY CERAMICS LIMITED,573.00,573.60,552.55,557.35,569.50,-2.13,21.05,3.67,0.61,78257,43949786.20,3662
2026-09-04 00:00:00,SHIVAMAUTO,SHIVAM AUTO.LTD,18.40,18.40,17.32,18.01,17.80,1.18,1.08,5.87,3.37,77913,1403506.74,187
2026-09-04 00:00:00,BANCOINDIA,BANCO PRODUCTS (I) LTD,618.40,629.10,616.50,623.50,616.90,1.07,12.60,2.04,0.24,77773,48478421.00,6891
2026-09-04 00:00:00,NAVNETEDUL,NAVNEET EDUCATION LTD,132.75,132.75,130.88,131.21,132.08,-0.66,1.87,1.41,0.51,77764,10240983.01,874
2026-09-04 00:00:00,MONARCH,MONARCH NETWORTH CAP LTD,380.10,382.65,373.00,377.90,381.30,-0.89,9.65,2.54,-0.31,77678,29316751.50,1927
2026-09-04 00:00:00,CHOLAHLDNG,CHOLAMANDALAM FIN HOL LTD,1516.00,1532.70,1498.30,1525.70,1502.80,1.52,34.40,2.27,0.88,77666,117920772.90,7808
2026-09-04 00:00:00,BHAGYANGR,BHAGYANAGAR INDIA LIMITED,373.05,381.80,369.00,370.45,373.45,-0.80,12.80,3.43,-0.11,77510,28929252.80,2681
2026-09-04 00:00:00,INDOWIND,INDOWIND ENERGY LTD,9.19,9.20,8.93,9.02,9.05,-0.33,0.27,2.94,1.55,77378,700694.51,468
2026-09-04 00:00:00,DOMS,DOMS INDUSTRIES LIMITED,2205.00,2224.80,2183.20,2208.70,2207.60,0.05,41.60,1.89,-0.12,77261,170429112.60,10476
2026-09-04 00:00:00,SHAILY,SHAILY ENG PLASTICS LTD,3265.00,3310.00,3240.00,3278.30,3267.10,0.34,70.00,2.14,-0.06,77257,252993207.70,12260
2026-09-04 00:00:00,ROSSELLIND,ROSSELL INDIA LIMITED,57.80,58.05,55.99,56.96,57.67,-1.23,2.06,3.56,0.23,77117,4392859.63,764
2026-09-04 00:00:00,RUBFILA,RUBFILA INTERNATIONAL LTD,66.42,72.00,66.05,70.69,66.42,6.43,5.95,8.96,0.00,76949,5385090.43,666
2026-09-04 00:00:00,ALANKIT,ALANKIT LIMITED,8.05,8.19,7.95,8.14,8.02,1.50,0.24,2.98,0.37,76587,620142.69,507
2026-09-04 00:00:00,APOLLOPIPE,APOLLO PIPES LIMITED,617.00,617.00,600.55,605.10,614.55,-1.54,16.45,2.67,0.40,76562,46377828.00,2742
2026-09-04 00:00:00,KRITIKA,KRITIKA WIRES LIMITED,5.49,5.49,5.13,5.37,5.39,-0.37,0.36,6.56,1.86,76423,408592.47,425
2026-09-04 00:00:00,IRMENERGY,IRM ENERGY LIMITED,287.15,287.15,278.65,281.40,283.85,-0.86,8.50,2.96,1.16,76393,21614063.20,2608
2026-09-04 00:00:00,TALBROAUTO,TALBROS AUTO. COMP. LTD,412.15,413.45,401.50,407.75,412.15,-1.07,11.95,2.90,0.00,76183,30992551.55,3610
2026-09-04 00:00:00,ROUTE,ROUTE MOBILE LIMITED,503.65,508.00,500.50,501.55,503.65,-0.42,7.50,1.49,0.00,76123,38336473.95,3141
2026-09-04 00:00:00,OMPOWER,OM POWER TRANSMISSION LTD,171.23,176.90,170.20,175.68,171.09,2.68,6.70,3.91,0.08,75803,13222768.76,1189
2026-09-04 00:00:00,LAOPALA,LA OPALA RG LIMITED,171.56,174.86,171.56,173.90,171.55,1.37,3.30,1.92,0.01,75699,13135190.47,1759
2026-09-04 00:00:00,WAAREEINDO,INDOSOLAR LIMITED,277.95,277.95,268.05,272.00,274.85,-1.04,9.90,3.56,1.13,75519,20531209.35,1766
2026-09-04 00:00:00,ARVINDFASN,ARVIND FASHIONS LIMITED,456.60,458.05,445.00,446.50,454.30,-1.72,13.05,2.86,0.51,75363,34026053.60,5220
2026-09-04 00:00:00,SNOWMAN,SNOWMAN LOGISTICS LTD.,36.50,37.00,36.30,36.85,36.41,1.21,0.70,1.92,0.25,75311,2760278.41,935
2026-09-04 00:00:00,MULTICAP,MIRAEAMC - MULTICAP,16.83,16.84,16.76,16.79,16.75,0.24,0.08,0.48,0.48,75191,1262822.50,361
2026-09-04 00:00:00,MBEL,M AND B ENGINEERING LTD,276.95,277.00,268.00,270.15,275.45,-1.92,9.00,3.25,0.54,74971,20356120.45,1586
2026-09-04 00:00:00,WONDERLA,WONDERLA HOLIDAYS LTD.,525.00,536.70,520.00,533.90,525.25,1.65,16.70,3.18,-0.05,74859,39601312.50,4214
2026-09-04 00:00:00,GOYALALUM,GOYAL ALUMINIUMS LIMITED,6.31,6.45,6.16,6.22,6.31,-1.43,0.29,4.60,0.00,74465,466947.27,368
2026-09-04 00:00:00,MAANALU,MAAN ALUMINIUM LIMITED,120.15,123.00,117.21,117.90,120.77,-2.38,5.79,4.82,-0.51,74246,8789296.95,816
2026-09-04 00:00:00,SOBHA,SOBHA LIMITED,1273.30,1276.60,1243.10,1263.80,1259.10,0.37,33.50,2.63,1.13,74200,93366691.40,7278
2026-09-04 00:00:00,AJAXENGG,AJAX ENGINEERING LIMITED,577.00,588.00,571.00,582.45,579.75,0.47,17.00,2.95,-0.47,74192,43092839.40,9241
2026-09-04 00:00:00,ORIENTELEC,ORIENT ELECTRIC LIMITED,179.00,181.28,176.57,179.19,178.15,0.58,4.71,2.63,0.48,74074,13208607.27,1795
2026-09-04 00:00:00,DIGISPICE,DIGISPICE TECHNOLOGIES LT,17.29,17.29,16.52,16.98,16.96,0.12,0.77,4.45,1.95,73604,1242593.24,282
2026-09-04 00:00:00,ORIENTCER,ORIENT CERATECH LIMITED,44.30,45.80,43.72,43.91,43.94,-0.07,2.08,4.70,0.82,73584,3251822.33,1770
2026-09-04 00:00:00,AMDIND,AMD INDUSTRIES LIMITED,58.00,61.75,58.00,60.32,58.51,3.09,3.75,6.47,-0.87,73559,4470654.58,950
2026-09-04 00:00:00,DALBHARAT,DALMIA BHARAT LIMITED,1770.10,1778.90,1740.00,1749.30,1771.20,-1.24,38.90,2.20,-0.06,73496,129273173.80,10844
2026-09-04 00:00:00,BAJAJELEC,BAJAJ ELECT.LTD,334.00,337.15,330.00,331.15,334.20,-0.91,7.15,2.14,-0.06,73439,24434097.65,2379
2026-09-04 00:00:00,CEATLTD,CEAT LIMITED,3323.30,3344.00,3291.20,3333.20,3315.30,0.54,52.80,1.59,0.24,73368,243703499.40,15232
2026-09-04 00:00:00,CARYSIL,CARYSIL LIMITED,1161.90,1180.00,1136.50,1140.80,1157.00,-1.40,43.50,3.74,0.42,72848,84433023.30,5628
2026-09-04 00:00:00,POLYPLEX,POLYPLEX CORPORATION LTD,1207.90,1207.90,1178.10,1191.00,1202.70,-0.97,29.80,2.47,0.43,72824,86625522.00,2725
2026-09-04 00:00:00,RATNAMANI,RATNAMANI MET & TUB LTD.,2661.00,2748.00,2656.20,2727.00,2669.70,2.15,91.80,3.45,-0.33,72730,197169483.80,13147
2026-09-04 00:00:00,LAXMICOT,LAXMI COTSPIN LIMITED,12.58,14.25,12.58,13.73,12.71,8.03,1.67,13.28,-1.02,72640,992845.73,401
2026-09-04 00:00:00,RACE,RACE ECO CHAIN LIMITED,98.31,102.29,98.31,99.30,100.94,-1.62,3.98,4.05,-2.61,72608,7299943.38,195
2026-09-04 00:00:00,KOLTEPATIL,KOLTE PATIL DEV. LTD.,450.65,456.50,440.05,441.85,449.55,-1.71,16.45,3.65,0.24,72213,32185239.30,2754
2026-09-04 00:00:00,SUNTECK,SUNTECK REALTY LIMITED,297.50,300.70,297.50,299.50,297.75,0.59,3.20,1.08,-0.08,71967,21548935.40,1502
2026-09-04 00:00:00,CEINSYS,CEINSYS TECH LIMITED,682.00,702.00,672.00,677.85,678.65,-0.12,30.00,4.40,0.49,71954,49369137.80,4494
2026-09-04 00:00:00,EMUDHRA,EMUDHRA LIMITED,519.85,534.40,519.85,524.80,519.85,0.95,14.55,2.80,0.00,71392,37530852.35,2873
2026-09-04 00:00:00,CARRARO,CARRARO INDIA LIMITED,531.90,538.95,527.25,533.65,533.95,-0.06,11.70,2.20,-0.38,71136,37951939.30,4781
2026-09-04 00:00:00,KAPSTON,KAPSTON SERVICES LIMITED,581.35,590.00,571.05,584.05,581.35,0.46,18.95,3.26,0.00,70957,41390094.50,1852
2026-09-04 00:00:00,INDIASHLTR,INDIA SHELTER FIN CORP L,669.05,680.00,669.05,677.10,673.10,0.59,10.95,1.64,-0.60,70209,47426847.80,5526
2026-09-04 00:00:00,MON100,MOTILAL OS NASDAQ100 ETF,324.67,324.67,324.67,324.67,323.86,0.25,0.00,0.00,0.25,70173,22783067.91,747
2026-09-04 00:00:00,DEVIT,DEV INFO TECHNOLOGY LTD,24.90,25.50,23.61,24.21,24.52,-1.26,1.89,7.59,1.55,69859,1696624.67,477
2026-09-04 00:00:00,COASTCORP,COASTAL CORPORATION LTD,42.32,43.09,41.54,41.88,41.93,-0.12,1.55,3.66,0.93,69707,2942176.77,673
2026-09-04 00:00:00,MASFIN,MAS FINANCIAL SERV LTD,295.00,296.85,292.80,295.00,292.70,0.79,4.05,1.37,0.79,69659,20560066.05,7392
2026-09-04 00:00:00,HAPPYFORGE,HAPPY FORGINGS LIMITED,2265.10,2306.20,2226.60,2238.50,2294.40,-2.44,79.60,3.51,-1.28,69563,156763624.90,15374
2026-09-04 00:00:00,ERIS,ERIS LIFESCIENCES LIMITED,1301.00,1332.20,1301.00,1321.70,1303.50,1.40,31.20,2.40,-0.19,69111,91228515.30,10716
2026-09-04 00:00:00,ORIENTBELL,ORIENT BELL LIMITED,417.00,423.95,410.00,420.10,412.65,1.81,13.95,3.35,1.05,69026,28832914.80,1949
2026-09-04 00:00:00,VAISHALI,VAISHALI PHARMA LIMITED,8.44,8.54,8.16,8.32,8.36,-0.48,0.38,4.50,0.96,68892,575735.72,232
2026-09-04 00:00:00,ABREL,ADITYA BIRLA REAL EST LTD,1376.90,1400.90,1362.50,1373.60,1376.90,-0.24,38.40,2.79,0.00,68679,94708293.30,9841
2026-09-04 00:00:00,SHRIPISTON,SPR AUTO TECHNOLOGIES LTD,4551.30,4568.90,4420.00,4536.90,4551.30,-0.32,148.90,3.27,0.00,68512,307806512.10,13669
2026-09-04 00:00:00,CLSEL,CHAMAN LAL SETIA EXP LTD,302.90,306.70,298.05,301.90,304.80,-0.95,8.65,2.86,-0.62,68370,20600620.55,2038
2026-09-04 00:00:00,INDOFARM,INDO FARM EQUIPMENT LTD,135.59,136.59,132.91,134.03,134.54,-0.38,3.68,2.71,0.78,68314,9178271.65,1716
2026-09-04 00:00:00,OMINFRAL,OM INFRA LIMITED,82.00,86.00,81.89,84.43,82.68,2.12,4.11,5.01,-0.82,68243,5701653.19,1144
2026-09-04 00:00:00,VMART,VMART RETAIL LTD,841.00,847.00,813.30,824.20,839.10,-1.78,33.70,4.01,0.23,68219,56503394.55,7962
2026-09-04 00:00:00,SMALLADD,DSPAMC - SMALLADD,18.66,18.70,18.49,18.53,18.56,-0.16,0.21,1.13,0.54,67956,1267870.08,114
2026-09-04 00:00:00,KRISHNADEF,KRISHNA DEF AND ALD IND L,1011.00,1037.00,1008.00,1013.20,1008.70,0.45,29.00,2.87,0.23,67885,69149315.80,5396
2026-09-04 00:00:00,KSL,KALYANI STEELS LIMITED,956.30,957.20,935.00,940.50,950.20,-1.02,22.20,2.32,0.64,67652,63876039.75,4532
2026-09-04 00:00:00,DLINKINDIA,D-LINK INDIA LTD,453.00,455.90,448.40,451.15,452.35,-0.27,7.50,1.66,0.14,67520,30470522.05,2802
2026-09-04 00:00:00,IPL,INDIA PESTICIDES LIMITED,137.10,138.96,137.10,138.34,137.50,0.61,1.86,1.36,-0.29,67260,9298247.76,1210
2026-09-04 00:00:00,ADVAIT,ADVAIT ENRGY TRANSITION L,2230.00,2244.90,2136.00,2151.30,2210.90,-2.70,108.90,4.88,0.86,66736,145660106.80,8813
2026-09-04 00:00:00,TBOTEK,TBO TEK LIMITED,1733.70,1734.90,1671.50,1688.90,1733.70,-2.58,63.40,3.66,0.00,66445,113190643.30,5726
2026-09-04 00:00:00,ZUARI,ZUARI AGRO CHEMICALS LTD,225.00,226.99,224.42,225.56,225.04,0.23,2.57,1.14,-0.02,66309,14963113.46,1148
2026-09-04 00:00:00,COSMOFIRST,COSMO FIRST LIMITED,938.70,943.10,916.00,919.85,940.15,-2.16,27.10,2.89,-0.15,66169,61310195.75,3778
2026-09-04 00:00:00,SIL,STANDARD INDUSTRIES LTD.,19.91,19.91,19.22,19.59,19.52,0.36,0.69,3.47,2.00,66127,1290811.07,440
2026-09-04 00:00:00,MIRZAINT,MIRZA INTERNATIONAL LIMIT,30.70,31.50,30.70,30.96,30.99,-0.10,0.80,2.61,-0.94,65986,2047715.05,685
2026-09-04 00:00:00,BANKBETA,UTIAMC-BANKBETA,59.58,59.71,59.41,59.57,59.58,-0.02,0.30,0.50,0.00,65905,3925519.52,440
2026-09-04 00:00:00,HATSUN,HATSUN AGRO PRODUCT LTD.,1159.90,1185.00,1124.90,1168.80,1160.80,0.69,60.10,5.18,-0.08,65825,76284092.70,5965
2026-09-04 00:00:00,THANGAMAYL,THANGAMAYIL JEWELLERY LTD,5293.50,5351.50,5232.00,5332.00,5295.00,0.70,119.50,2.26,-0.03,65612,348456347.00,13547
2026-09-04 00:00:00,RKEC,RKEC PROJECTS LIMITED,21.67,22.59,19.90,21.73,21.64,0.42,2.69,12.41,0.14,65608,1397043.94,431
2026-09-04 00:00:00,MAPMYINDIA,C.E. INFO SYSTEMS LIMITED,975.00,982.90,967.60,972.20,968.60,0.37,15.30,1.57,0.66,65490,63751719.90,6240
2026-09-04 00:00:00,AJANTPHARM,AJANTA PHARMA LIMITED,3503.50,3521.10,3455.30,3464.80,3521.10,-1.60,65.80,1.88,-0.50,65346,227242339.40,10255
2026-09-04 00:00:00,PTCIL,PTC INDUSTRIES LIMITED,23705.00,24125.00,23410.00,23830.00,23820.00,0.04,715.00,3.02,-0.48,65344,1557565105.00,24412
2026-09-04 00:00:00,HCG,HEALTHCARE GLOB. ENT. LTD,707.80,718.25,698.10,700.20,703.45,-0.46,20.15,2.85,0.62,65274,46237662.25,4683
2026-09-04 00:00:00,TCIEXP,TCI EXPRESS LIMITED,549.50,557.00,539.00,552.90,541.30,2.14,18.00,3.28,1.51,65210,35915255.40,3709
2026-09-04 00:00:00,STYLAMIND,STYLAM INDUSTRIES LIMITED,3272.40,3400.00,3230.10,3387.40,3240.90,4.52,169.90,5.19,0.97,65092,218070442.90,11811
2026-09-04 00:00:00,MANGLMCEM,MANGALAM CEMENT LTD,1098.00,1114.00,1081.70,1095.20,1098.20,-0.27,32.30,2.94,-0.02,64519,70897465.50,3570
2026-09-04 00:00:00,AWHCL,ANTONY WASTE HDG CELL LTD,372.20,374.85,367.05,370.80,371.40,-0.16,7.80,2.10,0.22,64504,23943766.70,3214
2026-09-04 00:00:00,SPAL,S. P. APPARELS LIMITED,1062.80,1077.00,1025.00,1071.10,1062.80,0.78,52.00,4.89,0.00,64434,67674687.80,6330
2026-09-04 00:00:00,WSI,W.S.INDUSTRIES (I) LTD.,59.65,61.46,58.77,60.37,59.44,1.56,2.69,4.51,0.35,64372,3876816.96,1895
2026-09-04 00:00:00,BOSCH-HCIL,BOSCH HOME COMFRT IND LTD,1777.70,1843.00,1756.20,1818.80,1777.70,2.31,86.80,4.88,0.00,64153,115223517.30,6377
2026-09-04 00:00:00,ORIENTTECH,ORIENT TECHNOLOGIES LTD,239.88,242.00,236.44,238.39,238.75,-0.15,5.56,2.32,0.47,63818,15245778.83,1959
2026-09-04 00:00:00,CEMNTGROWW,GROWWAMC - CEMNTGROWW,14.79,14.79,14.52,14.66,14.64,0.14,0.27,1.83,1.02,63765,934484.69,335
2026-09-04 00:00:00,TARSONS,TARSONS PRODUCTS LIMITED,336.50,341.40,333.00,335.55,336.50,-0.28,8.40,2.50,0.00,63661,21480639.60,1903
2026-09-04 00:00:00,ADSL,ALLIED DIGITAL SERV. LTD,105.24,105.72,103.50,104.13,104.85,-0.69,2.22,2.11,0.37,63640,6646060.64,1471
2026-09-04 00:00:00,INDNIPPON,INDIA NIPPON ELECT  LTD,1115.10,1175.00,1101.80,1158.20,1109.40,4.40,73.20,6.56,0.51,63581,72459133.60,3995
2026-09-04 00:00:00,ALKEM,ALKEM LABORATORIES LTD.,5190.00,5210.50,5130.00,5190.00,5193.00,-0.06,80.50,1.55,-0.06,63261,327423815.00,10154
2026-09-04 00:00:00,NITINSPIN,NITIN SPINNERS LIMITED,640.25,644.40,633.70,639.05,640.25,-0.19,10.70,1.67,0.00,63257,40419328.75,2393
2026-09-04 00:00:00,BANSALWIRE,BANSAL WIRE INDUSTRIES L,319.00,322.75,313.25,315.00,319.00,-1.25,9.50,2.98,0.00,63070,20019986.45,2867
2026-09-04 00:00:00,ESCORTS,ESCORTS KUBOTA LIMITED,2993.00,3001.00,2960.30,2968.80,2978.20,-0.32,40.70,1.36,0.50,62925,187046375.50,12404
2026-09-04 00:00:00,STANLEY,STANLEY LIFESTYLES LTD,137.40,138.99,135.00,135.48,137.46,-1.44,3.99,2.90,-0.04,62857,8564828.86,1489
2026-09-04 00:00:00,PTL,PTL ENTERPRISES LTD,38.64,39.25,38.25,38.74,38.22,1.36,1.00,2.59,1.10,62624,2430682.57,985
2026-09-04 00:00:00,FINKURVE,FINKURVE FINANCIAL SERV L,69.90,73.72,69.74,72.31,70.23,2.96,3.98,5.69,-0.47,62572,4520996.08,987
2026-09-04 00:00:00,BIRLAMONEY,ADITYA BIRLA MONEY LTD,126.77,129.19,123.50,126.37,127.15,-0.61,5.69,4.49,-0.30,62184,7868118.80,1043
2026-09-04 00:00:00,PIONEEREMB,PIONEER EMBROIDERIES LTD,21.65,21.70,20.86,21.36,21.65,-1.34,0.84,3.88,0.00,62157,1323864.69,139
2026-09-04 00:00:00,EASTWEST,EAST WEST FREIGHT CARRI L,2.30,2.40,2.28,2.36,2.34,0.85,0.12,5.22,-1.71,61727,144474.77,167
2026-09-04 00:00:00,XCHANGING,XCHANGING SOLUTIONS LTD,60.40,61.55,60.25,61.40,60.99,0.67,1.30,2.15,-0.97,61684,3764739.55,663
2026-09-04 00:00:00,KUANTUM,KUANTUM PAPERS LIMITED,75.20,75.60,73.70,74.18,75.16,-1.30,1.90,2.53,0.05,61468,4574354.39,842
2026-09-04 00:00:00,TRAVELFOOD,TRAVEL FOOD SERVICES LTD,1278.40,1304.50,1270.00,1296.30,1278.40,1.40,34.50,2.70,0.00,61349,78638598.00,4028
2026-09-04 00:00:00,OPTIEMUS,OPTIEMUS INFRACOM LTD,569.10,579.25,562.10,569.30,564.85,0.79,17.15,3.01,0.75,61281,34903944.25,4692
2026-09-04 00:00:00,RUCHIRA,RUCHIRA PAPERS LIMITED,105.50,108.00,105.00,107.50,105.12,2.26,3.00,2.84,0.36,61272,6519469.76,1077
2026-09-04 00:00:00,SELECTIPO,MIRAEAMC - SELECTIPO,48.70,48.96,48.58,48.65,48.72,-0.14,0.38,0.78,-0.04,61110,2984005.29,128
2026-09-04 00:00:00,GODREJIND,GODREJ INDUSTRIES LTD,1157.80,1187.20,1152.00,1163.50,1154.30,0.80,35.20,3.04,0.30,60778,71163269.50,7015
2026-09-04 00:00:00,AAVAS,AAVAS FINANCIERS LIMITED,1298.30,1318.00,1298.30,1304.20,1297.80,0.49,19.70,1.52,0.04,60456,79037732.10,8307
2026-09-04 00:00:00,STCINDIA,THE STATE TRADING CORPN,115.61,119.50,114.71,115.28,114.65,0.55,4.79,4.14,0.84,60350,7063306.76,1147
2026-09-04 00:00:00,RADIOCITY,MUSIC BROADCAST LIMITED,6.21,6.38,6.21,6.28,6.24,0.64,0.17,2.74,-0.48,60215,377785.29,128
2026-09-04 00:00:00,PYRAMID,PYRAMID TECHNOPLAST LTD,156.50,156.50,151.88,153.83,154.87,-0.67,4.62,2.95,1.05,60009,9206887.37,990
2026-09-04 00:00:00,HPAL,HP ADHESIVES LIMITED,36.20,36.49,34.70,35.58,35.40,0.51,1.79,4.94,2.26,59982,2150293.18,717
2026-09-04 00:00:00,MID150,KOTAKMAMC - MID150,23.56,23.71,23.54,23.61,23.63,-0.08,0.17,0.72,-0.30,59978,1418605.93,142
2026-09-04 00:00:00,MAFANG,MIRAEAMC - MAFANG,207.56,207.56,207.56,207.56,207.08,0.23,0.00,0.00,0.23,59968,12446958.08,351
2026-09-04 00:00:00,MOMIDMTM,MOTILALAMC - MOMIDMTM,64.70,64.89,64.50,64.55,64.70,-0.23,0.39,0.60,0.00,59852,3869045.06,273
2026-09-04 00:00:00,ARIES,ARIES AGRO LTD.,496.55,506.95,486.30,500.10,496.60,0.70,20.65,4.16,-0.01,59836,29715171.55,2666
2026-09-04 00:00:00,SFL,SHEELA FOAM LIMITED,647.00,650.20,642.10,646.80,644.90,0.29,8.10,1.25,0.33,59553,38515898.55,6360
2026-09-04 00:00:00,CONCORDBIO,CONCORD BIOTECH LIMITED,1450.00,1450.40,1411.60,1417.10,1447.70,-2.11,38.80,2.68,0.16,59142,84504764.30,7166
2026-09-04 00:00:00,SGLRES,SGL RESOURCES LIMITED,2.50,2.50,2.32,2.41,2.39,0.84,0.18,7.20,4.60,58369,140094.06,131
2026-09-04 00:00:00,DBL,DILIP BUILDCON LIMITED,402.75,404.00,398.00,401.00,398.55,0.61,6.00,1.49,1.05,58236,23313235.15,1965
2026-09-04 00:00:00,KIOCL,KIOCL LIMITED,382.85,387.90,380.05,382.10,380.55,0.41,7.85,2.05,0.60,57868,22207874.25,1944
2026-09-04 00:00:00,TSFINV,TSF INVESTMENTS LIMITED,406.30,415.00,402.05,404.70,406.05,-0.33,12.95,3.19,0.06,57607,23455434.40,2499
2026-09-04 00:00:00,VINATIORGA,VINATI ORGANICS LTD,1328.00,1336.00,1309.00,1310.70,1313.70,-0.23,27.00,2.03,1.09,57413,76000566.30,9076
2026-09-04 00:00:00,EVEREADY,EVEREADY INDS. IND.  LTD.,319.00,322.30,316.00,317.90,319.45,-0.49,6.30,1.97,-0.14,57194,18243353.10,1346
2026-09-04 00:00:00,SUPRAJIT,SUPRAJIT ENGINEERING LTD,488.00,488.00,476.50,479.45,489.70,-2.09,11.50,2.36,-0.35,56637,27276822.75,4915
2026-09-04 00:00:00,NIFTYJBLK,JIOBLACKROCKAMC-NIFTYJBLK,12.29,12.57,12.23,12.29,12.29,0.00,0.34,2.77,0.00,56629,696043.41,626
2026-09-04 00:00:00,INDIANHUME,INDIAN HUME PIPE CO. LTD.,390.60,400.05,383.35,387.80,390.70,-0.74,16.70,4.28,-0.03,56614,22090461.75,1975
2026-09-04 00:00:00,PANACEABIO,PANACEA BIOTEC LTD,389.00,396.40,380.00,381.25,389.05,-2.00,16.40,4.22,-0.01,56486,21703758.90,2070
2026-09-04 00:00:00,LOKESHMACH,LOKESH MACHINES LTD,378.80,378.80,362.20,364.60,360.30,1.19,16.60,4.38,5.13,56473,20900044.80,1499
2026-09-04 00:00:00,BIGBLOC,BIGBLOC CONSTRUCTION LTD,41.95,42.40,40.31,41.92,41.29,1.53,2.09,4.98,1.60,56466,2332106.71,623
2026-09-04 00:00:00,UNICHEMLAB,UNICHEM LABORATORIES LTD,551.95,557.90,546.55,550.20,547.95,0.41,11.35,2.06,0.73,56415,31160372.15,2615
2026-09-04 00:00:00,NPST,NETWORK PEOPLE SRV TECH L,1720.90,1775.00,1705.00,1718.80,1718.40,0.02,70.00,4.07,0.15,56393,98435352.10,5758
2026-09-04 00:00:00,BPL,BPL LTD,49.21,50.18,49.00,49.38,49.31,0.14,1.18,2.40,-0.20,56301,2790503.90,962
2026-09-04 00:00:00,DENTA,DENTA WATER N INFRA SOL L,273.20,276.90,271.00,275.35,270.40,1.83,5.90,2.16,1.04,56286,15427852.90,1823
2026-09-04 00:00:00,SIGNPOST,SIGNPOST INDIA LIMITED,245.70,250.80,243.00,244.25,245.45,-0.49,7.80,3.17,0.10,56184,13805376.10,1952
2026-09-04 00:00:00,AGARIND,AGARWAL INDS CORP LTD.,441.45,455.00,440.00,450.80,440.50,2.34,15.00,3.40,0.22,56050,24999195.40,2486
2026-09-04 00:00:00,DATAMATICS,DATAMATICS GLOBAL SER LTD,771.45,785.00,762.20,764.90,774.85,-1.28,22.80,2.96,-0.44,55826,43093997.80,3293
2026-09-04 00:00:00,SHIVACEM,SHIVA CEMENT LTD.,16.09,16.89,15.40,15.97,15.70,1.72,1.49,9.26,2.48,55679,892660.29,302
2026-09-04 00:00:00,VISHAL,VISHAL FABRICS LTD.,18.92,19.10,18.22,18.67,18.47,1.08,0.88,4.65,2.44,55662,1041690.13,353
2026-09-04 00:00:00,BURNPUR,BURNPUR CEMENT LIMITED,21.56,21.56,21.56,21.56,20.54,4.97,0.00,0.00,4.97,55339,1193108.84,181
2026-09-04 00:00:00,TEGA,TEGA INDUSTRIES LIMITED,1555.80,1558.00,1536.00,1548.00,1552.80,-0.31,22.00,1.41,0.19,55328,85537902.40,4706
2026-09-04 00:00:00,KECL,KIRLOSKAR ELECTRIC CO LTD,125.49,127.07,125.00,126.41,125.20,0.97,2.07,1.65,0.23,55192,6962297.49,1323
2026-09-04 00:00:00,HDFCGROWTH,HDFCAMC - HDFCGROWTH,118.04,119.87,118.04,118.29,118.68,-0.33,1.83,1.55,-0.54,55143,6523701.61,150
2026-09-04 00:00:00,ZIMLAB,ZIM LABORATORIES LIMITED,128.66,129.00,125.25,125.50,128.02,-1.97,3.75,2.91,0.50,54799,6951981.07,871
2026-09-04 00:00:00,EMKAY,EMKAY GLOBAL FIN SERV LTD,259.00,270.00,255.15,267.25,257.75,3.69,14.85,5.73,0.48,54753,14479020.10,1159
2026-09-04 00:00:00,IGCL,INDOGULF CROPSCIENCES LTD,73.27,73.49,72.34,72.89,73.27,-0.52,1.15,1.57,0.00,54634,3980080.34,879
2026-09-04 00:00:00,SALZERELEC,SALZER ELECTRONICS LTD,540.00,555.00,537.05,549.70,537.30,2.31,17.95,3.32,0.50,54544,29911351.75,2936
2026-09-04 00:00:00,TARACHAND,TARA CHAND INFRA SOLN LTD,48.75,49.39,48.00,48.78,48.33,0.93,1.39,2.85,0.87,54428,2649840.95,1343
2026-09-04 00:00:00,NEXTMEDIA,NEXT MEDIAWORKS LIMITED,3.86,4.12,3.86,3.89,4.00,-2.75,0.26,6.74,-3.50,54384,214224.20,149
2026-09-04 00:00:00,NIFTY1,KOTAK NIFTY ETF,265.42,272.70,265.31,265.82,265.42,0.15,7.39,2.78,0.00,54358,14454378.15,1346
2026-09-04 00:00:00,MONTECARLO,MONTE CARLO FASHIONS LTD.,567.40,577.00,562.15,574.50,564.45,1.78,14.85,2.62,0.52,53976,30752426.25,2042
2026-09-04 00:00:00,PRUDENT,PRUDENT CORP ADV SER LTD,3328.40,3358.50,3200.00,3347.60,3328.50,0.57,158.50,4.76,-0.00,53800,177108004.30,11099
2026-09-04 00:00:00,SCHAEFFLER,SCHAEFFLER INDIA LIMITED,3950.00,4004.60,3871.70,3956.40,3950.60,0.15,132.90,3.36,-0.02,53652,211898727.40,11259
2026-09-04 00:00:00,ECAPINSURE,EDELAMC - ECAPINSURE,23.89,24.00,23.72,23.99,23.77,0.93,0.28,1.17,0.50,53393,1272499.51,176
2026-09-04 00:00:00,ICDSLTD,ICDS LTD,70.00,71.45,66.20,71.45,64.96,9.99,5.25,7.50,7.76,53177,3744800.90,575
2026-09-04 00:00:00,GODAVARIB,GODAVARI BIOREFINERIES L,246.85,246.85,240.50,241.70,245.25,-1.45,6.35,2.57,0.65,53060,12846511.88,1221
2026-09-04 00:00:00,MEDICO,MEDICO REMEDIES LIMITED,39.40,40.19,39.00,39.87,39.50,0.94,1.19,3.02,-0.25,52932,2087274.57,756
2026-09-04 00:00:00,HEADSUP,HEADS UP VENTURES LIMITED,6.63,7.50,6.62,7.21,6.69,7.77,0.88,13.27,-0.90,52608,384627.88,124
2026-09-04 00:00:00,BIKAJI,BIKAJI FOODS INTERN LTD,587.15,589.85,582.00,584.20,587.15,-0.50,7.85,1.34,0.00,52134,30526794.75,3510
2026-09-04 00:00:00,POEL,P O C L ENTERPRISES LTD.,143.05,147.94,141.00,142.78,144.20,-0.98,6.94,4.85,-0.80,51934,7422842.32,928
2026-09-04 00:00:00,WANBURY,WANBURY LIMITED,243.95,249.30,243.00,246.20,243.35,1.17,6.30,2.58,0.25,51910,12789717.10,1519
2026-09-04 00:00:00,DDEVPLSTIK,DDEV PLASTIKS IND LTD,273.55,274.95,271.30,273.00,272.50,0.18,3.65,1.33,0.39,51629,14078282.70,1229
2026-09-04 00:00:00,KOTHARIPET,KOTHARI PETROCHEM LTD,129.56,132.00,129.00,130.56,129.02,1.19,3.00,2.32,0.42,51588,6725282.52,1127
2026-09-04 00:00:00,LTTS,L&T TECHNOLOGY SER. LTD.,3520.00,3535.80,3462.00,3493.30,3501.20,-0.23,73.80,2.10,0.54,51558,180003250.30,8628
2026-09-04 00:00:00,PSPPROJECT,PSP PROJECTS LIMITED,868.00,887.90,862.00,875.50,861.95,1.57,25.90,2.98,0.70,51382,44915249.10,3446
2026-09-04 00:00:00,VERTOZ,VERTOZ LIMITED,38.13,39.22,37.00,37.66,38.63,-2.51,2.22,5.82,-1.29,51344,1955283.68,503
2026-09-04 00:00:00,SHREERAMA,SHREE RAMA MULTI TECH LTD,43.82,45.29,43.82,44.12,44.52,-0.90,1.47,3.35,-1.57,51339,2278863.77,675
2026-09-04 00:00:00,JAIPURKURT,NANDANI CREATION LIMITED,25.74,26.37,24.65,25.33,25.82,-1.90,1.72,6.68,-0.31,51045,1303944.88,176
2026-09-04 00:00:00,VOLTAMP,VOLTAMP TRANSFORMERS LTD,11206.00,11550.00,11206.00,11418.00,11182.00,2.11,344.00,3.07,0.21,50836,581442515.00,17493
2026-09-04 00:00:00,BALAXI,BALAXI PHARMA LTD,26.60,26.60,24.93,25.37,25.80,-1.67,1.67,6.28,3.10,50780,1302032.60,216
2026-09-04 00:00:00,LGBBROSLTD,LG BALAKRISHNAN & BROS,1716.20,1738.00,1697.00,1702.80,1716.20,-0.78,41.00,2.39,0.00,50384,85879993.40,5297
2026-09-04 00:00:00,RSSOFTWARE,R. S. SOFTWARE (INDIA) LI,30.10,31.40,29.50,30.61,29.91,2.34,1.90,6.31,0.64,50380,1546830.98,354
2026-09-04 00:00:00,SHREEPUSHK,SHRE PUSH CHEM & FERT LTD,482.20,483.00,465.00,475.25,477.45,-0.46,18.00,3.73,0.99,50352,23934545.50,2458
2026-09-04 00:00:00,ENDURANCE,ENDURANCE TECHNO. LTD.,2757.00,2795.00,2736.60,2782.80,2754.70,1.02,58.40,2.12,0.08,50285,138950309.30,9180
2026-09-04 00:00:00,POKARNA,POKARNA LIMITED,832.20,836.00,811.00,817.15,831.40,-1.71,25.00,3.00,0.10,49926,41163028.50,2768
2026-09-04 00:00:00,HGINFRA,H.G.INFRA ENGINEERING LTD,479.35,484.00,475.00,482.00,479.90,0.44,9.00,1.88,-0.11,49859,23941751.90,2622
2026-09-04 00:00:00,RAINBOW,RAINBOW CHILDRENS MED LTD,1460.00,1460.00,1432.30,1447.20,1440.80,0.44,27.70,1.90,1.33,49513,71466658.20,8665
2026-09-04 00:00:00,KPL,KWALITY PHARMACEUTICALS L,3350.00,3421.70,3211.10,3285.50,3351.70,-1.98,210.60,6.29,-0.05,49245,162536046.40,6325
2026-09-04 00:00:00,SRHHYPOLTD,SREE RAYALSEEMA HHP LTD.,512.95,542.00,507.10,531.05,508.90,4.35,34.90,6.80,0.80,49199,26098554.30,3306
2026-09-04 00:00:00,CUBEXTUB,CUBEX TUBINGS LTD,76.60,78.66,75.95,76.80,76.41,0.51,2.71,3.54,0.25,48940,3782790.70,1373
2026-09-04 00:00:00,JAYSREETEA,JAYSHREE TEA & INDUSTRIES,99.39,101.34,98.00,98.95,99.31,-0.36,3.34,3.36,0.08,48814,4877743.27,589
2026-09-04 00:00:00,BIRLACORPN,BIRLA CORPORATION LTD,880.00,895.00,874.30,887.35,880.90,0.73,20.70,2.35,-0.10,48723,43168944.65,4366
2026-09-04 00:00:00,RELAXO,RELAXO FOOT LTD.,345.95,346.90,342.75,344.75,343.95,0.23,4.15,1.20,0.58,48646,16776779.50,2871
2026-09-04 00:00:00,PITTIENG,PITTI ENGINEERING LIMITED,1112.00,1112.00,1073.00,1084.90,1105.10,-1.83,39.00,3.51,0.62,48625,53096321.70,3924
2026-09-04 00:00:00,UTIAMC,UTI ASSET MNGMT CO LTD,880.35,885.00,877.60,880.55,880.40,0.02,7.40,0.84,-0.01,48517,42782692.05,3902
2026-09-04 00:00:00,OSWALSEEDS,SHREEOSWAL S AND CHE LTD,11.61,12.00,11.61,11.72,11.92,-1.68,0.39,3.36,-2.60,48433,573484.15,230
2026-09-04 00:00:00,ANMOL,ANMOL INDIA LIMITED,10.00,10.20,9.70,10.08,10.04,0.40,0.50,5.00,-0.40,48326,485464.22,241
2026-09-04 00:00:00,EPIGRAL,EPIGRAL LIMITED,1230.00,1254.80,1214.50,1219.70,1236.70,-1.37,40.30,3.28,-0.54,48188,59337209.50,6030
2026-09-04 00:00:00,NESCO,NESCO LTD.,1039.50,1066.80,1039.50,1047.60,1044.80,0.27,27.30,2.63,-0.51,48170,50679111.20,4726
2026-09-04 00:00:00,GLAXO,GLAXOSMITHKLINE PHARMA LT,2938.90,2972.80,2925.50,2958.10,2937.50,0.70,47.30,1.61,0.05,48109,141980334.40,7671
2026-09-04 00:00:00,PAVNAIND,PAVNA INDUSTRIES LIMITED,16.72,18.30,16.72,17.22,16.87,2.07,1.58,9.45,-0.89,48040,831863.60,462
2026-09-04 00:00:00,SVPGLOB,SVP GLOBAL TEXTILES LTD,3.58,3.71,3.50,3.65,3.59,1.67,0.21,5.87,-0.28,48032,172877.78,120
2026-09-04 00:00:00,RACLGEAR,RACL GEARTECH LIMITED,1575.00,1617.90,1544.70,1576.10,1558.80,1.11,73.20,4.65,1.04,47944,76130650.20,5411
2026-09-04 00:00:00,FORCEMOT,FORCE MOTORS LIMITED,17515.00,17857.00,17500.00,17500.00,17500.00,0.00,357.00,2.04,0.09,47840,845617989.00,13497
2026-09-04 00:00:00,FMCGADD,DSPAMC - FMCGADD,46.22,48.80,46.11,46.25,46.22,0.06,2.69,5.82,0.00,47656,2202328.52,191
2026-09-04 00:00:00,FIEMIND,FIEM INDUSTRIES LIMITED,2050.00,2092.40,2036.00,2085.80,2036.90,2.40,56.40,2.75,0.64,46943,96914162.60,6225
2026-09-04 00:00:00,SHANKARA,SHANKARA BLDG PRODUCT LTD,147.01,148.99,147.01,148.18,147.09,0.74,1.98,1.35,-0.05,46914,6927102.32,563
2026-09-04 00:00:00,SAMBHAAV,SAMBHAAV MEDIA LTD,5.94,6.17,5.70,5.94,6.00,-1.00,0.47,7.91,-1.00,46902,277033.86,87
2026-09-04 00:00:00,HDFCNIMEG,HDFCAMC - HDFCNIMEG,131.73,133.99,131.50,133.56,131.49,1.57,2.49,1.89,0.18,46678,6214643.23,163
2026-09-04 00:00:00,DMCC,DMCC SPECIALITY CHEMICALS,294.70,302.00,291.10,293.35,295.50,-0.73,10.90,3.70,-0.27,46455,13786408.65,1452
2026-09-04 00:00:00,GLOBUSSPR,GLOBUS SPIRITS LTD,919.65,919.65,910.00,914.30,919.65,-0.58,9.65,1.05,0.00,46420,42449276.10,2535
2026-09-04 00:00:00,TARAPUR,TARAPUR TRANSFORMERS LTD,13.55,13.55,12.21,13.03,13.33,-2.25,1.34,9.89,1.65,46363,597490.73,303
2026-09-04 00:00:00,KSCL,KAVERI SEED CO. LTD.,748.50,751.80,741.00,744.10,744.80,-0.09,10.80,1.44,0.50,46257,34554725.25,2971
2026-09-04 00:00:00,GOCOLORS,GO FASHION INDIA LTD,323.60,328.50,323.10,326.65,322.55,1.27,5.40,1.67,0.33,46077,15013860.85,1320
2026-09-04 00:00:00,BOROSCI,BOROSIL SCIENTIFIC LTD,136.41,136.80,131.00,132.16,134.93,-2.05,5.80,4.25,1.10,46065,6134322.60,876
2026-09-04 00:00:00,SAIPARENT,SAI PARENTERALS LIMITED,523.80,523.80,516.00,519.55,518.15,0.27,7.80,1.49,1.09,45947,23873620.05,1706
2026-09-04 00:00:00,DICIND,DIC INDIA LIMITED,596.00,638.95,589.75,618.60,584.00,5.92,49.20,8.26,2.05,45846,28362168.05,1548
2026-09-04 00:00:00,JHS,JHS SVEND. LAB. LTD,7.86,8.08,7.81,7.89,7.86,0.38,0.27,3.44,0.00,45834,363316.50,246
2026-09-04 00:00:00,MIDQ50ADD,DSPAMC - DSPQ50ETF,25.06,25.14,24.95,25.01,25.06,-0.20,0.19,0.76,0.00,45658,1142951.88,104
2026-09-04 00:00:00,VIJAYA,VIJAYA DIAGNOSTIC CEN LTD,1511.00,1521.60,1490.00,1493.20,1505.50,-0.82,31.60,2.09,0.37,45618,68471204.90,9312
2026-09-04 00:00:00,ZUARIIND,ZUARI INDUSTRIES LIMITED,273.90,279.35,271.80,276.45,273.20,1.19,7.55,2.76,0.26,45048,12370663.40,1427
2026-09-04 00:00:00,LATTEYS,LATTEYS INDUSTRIES LTD,21.49,21.49,20.35,20.50,20.98,-2.29,1.14,5.30,2.43,44829,928083.23,245
2026-09-04 00:00:00,LCCINFOTEC,LCC INFOTECH LTD,4.07,4.08,3.72,3.81,3.85,-1.04,0.36,8.85,5.71,44787,172107.30,258
2026-09-04 00:00:00,MUKANDLTD,MUKAND LTD.,133.49,134.90,132.81,134.44,132.97,1.11,2.09,1.57,0.39,44731,5988101.81,684
2026-09-04 00:00:00,TOLINS,TOLINS TYRES LIMITED,91.70,93.50,90.16,91.98,91.94,0.04,3.34,3.64,-0.26,44505,4083022.40,817
2026-09-04 00:00:00,SUNDRMFAST,SUNDRAM FASTENERS LTD,1200.00,1217.00,1194.40,1212.30,1199.10,1.10,22.60,1.88,0.08,44457,53588498.80,5482
2026-09-04 00:00:00,HDFCPSUBK,HDFCAMC HDFCPSUBK,86.57,87.11,86.03,86.16,86.33,-0.20,1.08,1.25,0.28,44418,3845675.58,218
2026-09-04 00:00:00,THOMASCOTT,THOMAS SCOTT (INDIA) LTD,261.05,269.65,258.50,262.75,260.95,0.69,11.15,4.27,0.04,44350,11754260.80,1716
2026-09-04 00:00:00,ELGIRUBCO,ELGI RUBBER CO. LTD,59.98,59.98,58.10,58.69,59.08,-0.66,1.88,3.13,1.52,44079,2593008.74,1003
2026-09-04 00:00:00,SMARTWORKS,SMARTWORKS COWORKING SP L,536.70,548.80,535.25,541.50,531.40,1.90,13.55,2.52,1.00,44075,23954953.65,2063
2026-09-04 00:00:00,RADAAN,RADAAN MEDIAWORKS (I) LTD,3.05,3.11,2.82,2.97,2.89,2.77,0.29,9.51,5.54,44053,129642.18,113
2026-09-04 00:00:00,DBCORP,D.B.CORP LTD,195.79,197.09,193.79,195.65,193.78,0.97,3.30,1.69,1.04,43972,8603988.26,1222
2026-09-04 00:00:00,ASTEC,ASTEC LIFESCIENCES LTD,581.80,581.80,552.10,554.45,573.25,-3.28,29.70,5.10,1.49,43913,24704757.90,2181
2026-09-04 00:00:00,INDIAMART,INDIAMART INTERMESH LTD,1730.00,1745.00,1722.50,1726.40,1729.50,-0.18,22.50,1.30,0.03,43854,75932640.10,6148
2026-09-04 00:00:00,SAHLIBHFI,SHALIBHADRA FINANCE LTD,88.52,90.80,88.00,89.52,89.12,0.45,2.80,3.16,-0.67,43843,3934193.91,992
2026-09-04 00:00:00,BAIDFIN,BAID FINSERV LIMITED,10.23,10.23,9.91,10.12,10.10,0.20,0.32,3.13,1.29,43775,444006.39,165
2026-09-04 00:00:00,GALAXYSURF,GALAXY SURFACTANTS LTD,2251.60,2273.90,2143.50,2165.00,2251.60,-3.85,130.40,5.79,0.00,43774,95516434.00,8192
2026-09-04 00:00:00,BBTC,BOMBAY BURMAH TRADING COR,1513.90,1513.90,1495.10,1496.80,1501.60,-0.32,18.80,1.24,0.82,43404,65156570.90,3393
2026-09-04 00:00:00,MOMOMENTUM,MOTILALAMC - MOMOMENTUM,61.92,62.62,61.56,62.27,62.18,0.14,1.06,1.71,-0.42,43375,2693998.75,340
2026-09-04 00:00:00,BLAL,BEML LAND ASSETS LIMITED,162.00,164.95,160.61,160.88,161.93,-0.65,4.34,2.68,0.04,43253,7011275.35,854
2026-09-04 00:00:00,HTMEDIA,HT MEDIA LIMITED,26.56,26.90,26.06,26.12,26.56,-1.66,0.84,3.16,0.00,43144,1135940.64,334
2026-09-04 00:00:00,INTENTECH,INTENSE TECHNOLOGIES LTD,78.08,85.50,78.08,82.25,79.54,3.41,7.42,9.50,-1.84,42907,3528306.56,848
2026-09-04 00:00:00,UFO,UFO MOVIEZ INDIA LTD.,66.40,66.40,64.25,65.09,65.44,-0.53,2.15,3.24,1.47,42873,2801373.10,398
2026-09-04 00:00:00,HINDCON,HINDCON CHEMICALS LIMITED,25.19,25.19,23.00,23.90,24.28,-1.57,2.19,8.69,3.75,42853,1032185.89,345
2026-09-04 00:00:00,ATAM,ATAM VALVES LIMITED,55.99,58.40,50.00,52.99,54.79,-3.29,8.40,15.00,2.19,42586,2280440.59,445
2026-09-04 00:00:00,ARMANFIN,ARMAN FIN SERV LTD,1987.20,2083.00,1987.20,2069.30,1991.90,3.89,95.80,4.82,-0.24,42583,87630756.30,4530
2026-09-04 00:00:00,ANDREWYU,ANDREW YULE & CO. LTD.,28.00,28.50,27.79,27.93,27.98,-0.18,0.71,2.54,0.07,42562,1197794.99,286
2026-09-04 00:00:00,INDIACEM,THE INDIA CEMENTS LIMITED,358.80,363.90,358.15,362.50,358.80,1.03,5.75,1.60,0.00,42548,15367882.90,3438
2026-09-04 00:00:00,RIIL,RELIANCE INDUSTRIAL INFRA,757.00,762.75,748.10,750.95,752.95,-0.27,14.65,1.94,0.54,42420,31997500.85,1815
2026-09-04 00:00:00,CCHHL,COUNTRY CLUB HOSP HOL LTD,12.70,12.95,12.40,12.61,12.64,-0.24,0.55,4.33,0.47,42082,530815.24,142
2026-09-04 00:00:00,PRIVISCL,PRIVI SPECIALITY CHE LTD,3410.00,3410.60,3350.00,3367.30,3373.50,-0.18,60.60,1.78,1.08,42021,142088549.20,6916
2026-09-04 00:00:00,CEWATER,CONCORD ENVIRO SYSTEMS L,266.15,266.90,261.00,262.55,265.40,-1.07,5.90,2.22,0.28,42011,11058753.30,1830
2026-09-04 00:00:00,MERCURYEV,MERCURY EV-TECH LIMITED,37.91,37.93,36.12,36.74,36.67,0.19,1.81,4.77,3.38,41943,1543568.74,676
2026-09-04 00:00:00,LPDC,LANDMARK PR.DEV.CO.LTD,7.03,7.06,6.61,6.73,6.69,0.60,0.45,6.40,5.08,41802,285082.51,183
2026-09-04 00:00:00,INDOUS,INDO US BIOTECH LTD,77.02,79.78,70.00,77.48,78.82,-1.70,9.78,12.70,-2.28,41730,3237959.31,280
2026-09-04 00:00:00,ORCHPHARMA,ORCHID PHARMA LIMITED,937.00,965.45,934.70,954.65,934.65,2.14,30.75,3.28,0.25,41657,39620833.85,3178
2026-09-04 00:00:00,GLOBECIVIL,GLOBE CIVIL PROJECTS LTD,48.85,49.01,47.61,48.15,48.92,-1.57,1.40,2.87,-0.14,41613,2010136.05,439
2026-09-04 00:00:00,REPCOHOME,REPCO HOME FINANCE LTD,358.10,361.95,356.15,358.75,355.75,0.84,5.80,1.62,0.66,41434,14865171.15,1032
2026-09-04 00:00:00,TERASOFT,TERA SOFTWARE LIMITED,282.00,296.55,279.70,283.40,281.30,0.75,16.85,5.98,0.25,41365,11896447.80,1207
2026-09-04 00:00:00,ESTER,ESTER INDUSTRIES LTD,94.04,94.72,93.00,93.57,94.03,-0.49,1.72,1.83,0.01,41294,3867472.19,656
2026-09-04 00:00:00,AMRUTANJAN,AMRUTAJAN HEALTH LTD,509.00,516.00,500.10,505.45,507.35,-0.37,15.90,3.12,0.33,41069,20742267.40,1038
2026-09-04 00:00:00,IGARASHI,IGARASHI MOTORS INDIA LTD,416.25,428.00,416.25,422.75,416.25,1.56,11.75,2.82,0.00,40948,17280997.45,1646
2026-09-04 00:00:00,BMWVENTLTD,BMW VENTURES LIMITED,56.22,56.22,55.10,55.36,55.13,0.42,1.12,1.99,1.98,40922,2263897.46,1029
2026-09-04 00:00:00,DEVX,DEV ACCELERATOR LIMITED,32.90,33.39,32.66,33.29,32.13,3.61,0.73,2.22,2.40,40903,1351995.92,308
2026-09-04 00:00:00,DANGEE,DANGEE DUMS LIMITED,2.94,2.98,2.90,2.94,2.94,0.00,0.08,2.72,0.00,40836,119966.69,125
2026-09-04 00:00:00,KALPATARU,KALPATARU LIMITED,278.75,280.20,275.00,277.65,276.55,0.40,5.20,1.87,0.80,40767,11314076.30,701
2026-09-04 00:00:00,ASHIANA,ASHIANA HOUSING LTD,366.20,370.40,358.20,359.55,366.55,-1.91,12.20,3.33,-0.10,40739,14826575.10,991
2026-09-04 00:00:00,VESUVIUS,VESUVIUS INDIA LTD,420.00,423.60,418.35,419.15,420.00,-0.20,5.25,1.25,0.00,40711,17106837.35,2493
2026-09-04 00:00:00,SAATVIKGL,SAATVIK GREEN ENERGY LTD,422.50,428.40,417.10,424.40,421.65,0.65,11.30,2.67,0.20,40616,17160870.05,1453
2026-09-04 00:00:00,RMC,RMC SWITCHGEARS LIMITED,225.30,236.00,224.41,233.54,225.97,3.35,11.59,5.14,-0.30,40561,9353969.52,1963
2026-09-04 00:00:00,LORDSCHLO,LORDS CHLORO ALKALI LTD,142.00,148.34,142.00,146.60,141.55,3.57,6.34,4.46,0.32,40550,5906228.30,878
2026-09-04 00:00:00,KOKUYOCMLN,KOKUYO CAMLIN LIMITED,79.49,81.00,78.61,80.61,78.44,2.77,2.39,3.01,1.34,40527,3252733.34,661
2026-09-04 00:00:00,LAXMIDENTL,LAXMI DENTAL LIMITED,199.20,201.00,197.50,199.14,199.20,-0.03,3.50,1.76,0.00,40392,8038737.77,1887
2026-09-04 00:00:00,GMBREW,G M BREWERIES LTD,910.00,924.95,910.00,919.85,910.55,1.02,14.95,1.64,-0.06,40347,37018983.65,2783
2026-09-04 00:00:00,PILITA,PIL ITALICA LIFESTYLE LTD,8.27,8.27,7.75,8.02,7.95,0.88,0.52,6.29,4.03,40149,321050.26,139
2026-09-04 00:00:00,ITDC,INDIA TOUR. DEV. CO. LTD.,643.95,653.00,640.10,644.35,643.35,0.16,12.90,2.00,0.09,39915,25738549.20,2475
2026-09-04 00:00:00,MAMATA,MAMATA MACHINERY LIMITED,404.55,417.00,401.75,412.55,404.55,1.98,15.25,3.77,0.00,39601,16194928.50,1594
2026-09-04 00:00:00,METROBRAND,METRO BRANDS LIMITED,915.65,935.00,909.00,929.15,915.65,1.47,26.00,2.84,0.00,39468,36399647.95,4906
2026-09-04 00:00:00,KEEPLEARN,DSJ KEEP LEARNING LTD,2.03,2.03,1.87,1.87,1.90,-1.58,0.16,7.88,6.84,39241,75476.75,116
2026-09-04 00:00:00,WINDMACHIN,WINDSOR MACHINES LIMITED,312.00,312.75,302.00,304.25,312.10,-2.52,10.75,3.45,-0.03,39051,12035674.35,943
2026-09-04 00:00:00,YASHO,YASHO INDUSTRIES LIMITED,4080.00,4184.60,3966.10,4134.10,4051.20,2.05,218.50,5.36,0.71,38997,159014984.10,7784
2026-09-04 00:00:00,NITIRAJ,NITIRAJ ENGINEERS LTD,207.95,241.00,200.00,219.19,205.13,6.85,41.00,19.72,1.37,38842,8681735.30,707
2026-09-04 00:00:00,ISHANCH,ISHAN DYES N CHEMICALS L,45.98,46.10,43.55,44.29,45.40,-2.44,2.55,5.55,1.28,38670,1745676.07,992
2026-09-04 00:00:00,NUCLEUS,NUCLEUS SOFTWARE EXPORTS,740.00,743.45,726.00,729.15,740.00,-1.47,17.45,2.36,0.00,38501,28382105.45,1562
2026-09-04 00:00:00,VINEETLAB,VINEET LABORATORIES LTD,37.70,38.29,36.82,37.37,37.50,-0.35,1.47,3.90,0.53,38381,1439291.78,280
2026-09-04 00:00:00,MACPOWER,MACPOWER CNC MACHINES LTD,1955.80,1960.00,1860.00,1904.90,1944.10,-2.02,100.00,5.11,0.60,38330,73149826.60,5622
2026-09-04 00:00:00,SURAKSHA,SURAKSHA DIAGNOSTIC LTD,339.60,340.70,331.00,332.45,339.60,-2.11,9.70,2.86,0.00,38299,12820156.70,1288
2026-09-04 00:00:00,TINNARUBR,TINNA RUBBER AND INFR LTD,1057.80,1057.80,1017.20,1028.20,1036.80,-0.83,40.60,3.84,2.03,38228,39517683.95,2812
2026-09-04 00:00:00,DREAMFOLKS,DREAMFOLKS SERVICES LTD,66.10,67.47,66.07,66.93,66.33,0.90,1.40,2.12,-0.35,38187,2537818.50,694
2026-09-04 00:00:00,DRCSYSTEMS,DRC SYSTEMS INDIA LIMITED,13.21,13.85,13.21,13.64,13.42,1.64,0.64,4.84,-1.56,37863,516174.67,229
2026-09-04 00:00:00,ARIHANTSUP,ARIHANT SUPERSTRUCT LTD,239.00,239.00,228.00,229.50,236.15,-2.82,11.00,4.60,1.21,37696,8916907.30,412
2026-09-04 00:00:00,CROWN,CROWN LIFTERS LIMITED,114.45,114.69,110.03,112.84,111.80,0.93,4.66,4.07,2.37,37657,4251325.82,279
2026-09-04 00:00:00,MAHLIFE,MAHINDRA LIFESPACE DEVLTD,365.00,366.70,360.15,362.40,363.10,-0.19,6.55,1.79,0.52,37464,13605551.95,2260
2026-09-04 00:00:00,AKG,AKG EXIM LIMITED,9.40,9.79,9.20,9.59,9.34,2.68,0.59,6.28,0.64,37356,349804.21,149
2026-09-04 00:00:00,BHARTIHEXA,BHARTI HEXACOM LIMITED,1507.00,1520.20,1490.00,1495.40,1505.60,-0.68,30.20,2.00,0.09,37216,55877875.60,4372
2026-09-04 00:00:00,DYNPRO,DYNEMIC PRODUCTS LIMITED,240.00,248.00,235.00,236.06,237.81,-0.74,13.00,5.42,0.92,37117,8974459.43,1061
2026-09-04 00:00:00,ONWARDTEC,ONWARD TECHNOLOGIES LTD,283.30,288.00,280.00,284.35,283.30,0.37,8.00,2.82,0.00,37115,10554954.85,1092
2026-09-04 00:00:00,BAJAJHLDNG,BAJAJ HOLDINGS & INVS LTD,11102.00,11355.00,11100.00,11162.00,11165.00,-0.03,255.00,2.30,-0.56,37106,415823206.00,10973
2026-09-04 00:00:00,NAHARSPING,NAHAR SPINNING MILLS LTD.,295.70,296.00,288.10,289.80,293.00,-1.09,7.90,2.67,0.92,36995,10772032.40,966
2026-09-04 00:00:00,AZADIND,AZAD INDIA MOBILITY LTD.,90.32,90.97,89.00,89.59,90.32,-0.81,1.97,2.18,0.00,36841,3302057.50,402
2026-09-04 00:00:00,DOLLAR,DOLLAR INDUSTRIES LIMITED,265.55,267.10,262.80,264.25,265.00,-0.28,4.30,1.62,0.21,36786,9736794.40,1075
2026-09-04 00:00:00,HILINFRA,HIGHWAY INFRASTRUCTURE L,44.68,45.40,44.20,44.45,44.68,-0.51,1.20,2.69,0.00,36577,1628655.64,410
2026-09-04 00:00:00,MOLDTKPAC,MOLD-TEK PACKAGING LTD,702.85,710.05,700.00,706.65,699.60,1.01,10.05,1.43,0.46,36489,25731025.90,1951
2026-09-04 00:00:00,DPABHUSHAN,D. P. ABHUSHAN LIMITED,1362.80,1445.00,1362.80,1414.20,1359.40,4.03,82.20,6.03,0.25,36359,51435916.10,3609
2026-09-04 00:00:00,TARMAT,TARMAT LIMITED,64.49,64.79,60.55,61.23,64.49,-5.06,4.24,6.57,0.00,36316,2277858.47,623
2026-09-04 00:00:00,GRWRHITECH,GARWARE HI-TECH FILMS LTD,7117.50,7155.00,7050.00,7086.50,7100.00,-0.19,105.00,1.48,0.25,35292,250673747.50,8008
2026-09-04 00:00:00,FLEXIADD,DSPAMC - FLEXIADD,10.31,10.44,10.00,10.06,10.05,0.10,0.44,4.27,2.59,35100,353408.81,354
2026-09-04 00:00:00,MANAKALUCO,MANAK ALUMINIUM CO. LTD.,37.68,38.31,37.60,38.10,37.68,1.11,0.71,1.88,0.00,34763,1323755.87,361
2026-09-04 00:00:00,DSSL,DYNACONS SYS & SOLN LTD,992.60,1053.10,990.00,1053.10,1003.00,5.00,63.10,6.36,-1.04,34708,36005221.90,2982
2026-09-04 00:00:00,TVTODAY,TV TODAY NETWORK LTD,112.75,112.75,110.09,110.95,111.14,-0.17,2.66,2.36,1.45,34674,3842538.59,260
2026-09-04 00:00:00,BHAGCHEM,BHAGIRADHA CHEM & INDS L,266.60,269.80,263.10,264.60,266.30,-0.64,6.70,2.51,0.11,34606,9205198.15,759
2026-09-04 00:00:00,DNAMEDIA,DILIGENT MEDIA CORP LTD.,2.68,2.70,2.51,2.63,2.63,0.00,0.19,7.09,1.90,34439,89524.71,123
2026-09-04 00:00:00,WESTLIFE,WESTLIFE FOODWORLD LTD,540.55,542.00,528.10,530.60,540.55,-1.84,13.90,2.57,0.00,34235,18270806.05,2315
2026-09-04 00:00:00,KKCL,KEWAL KIRAN CLOTHING LTD,505.95,519.45,499.95,514.30,503.80,2.08,19.50,3.85,0.43,34214,17366964.10,2002
2026-09-04 00:00:00,STUDDS,STUDDS ACCESSORIES LTD,431.35,431.35,422.70,424.20,426.95,-0.64,8.65,2.01,1.03,34112,14533133.95,2243
2026-09-04 00:00:00,RAMKY,RAMKY INFRA LTD,354.00,354.00,343.60,347.40,351.35,-1.12,10.40,2.94,0.75,33996,11802541.85,1149
2026-09-04 00:00:00,SKFINDUS,SKF IND (INDUSTRIAL) LTD,3070.00,3081.90,2981.00,3002.50,3062.80,-1.97,100.90,3.29,0.24,33944,103169807.80,9035
2026-09-04 00:00:00,GLOTTIS,GLOTTIS LIMITED,62.20,63.21,62.00,62.10,62.31,-0.34,1.21,1.95,-0.18,33918,2106687.86,469
2026-09-04 00:00:00,MOVALUE,MOTILALAMC - MOVALUE,115.00,115.00,112.80,113.26,112.80,0.41,2.20,1.91,1.95,33586,3801886.75,499
2026-09-04 00:00:00,SOMATEX,SOMA TEXTILES & INDUST LT,96.74,97.38,88.25,90.22,92.75,-2.73,9.13,9.44,4.30,33507,3117750.96,544
2026-09-04 00:00:00,INTERARCH,INTERARCH BLDNG SOLTN LTD,1692.00,1721.00,1692.00,1707.00,1701.20,0.34,29.00,1.71,-0.54,33231,56698113.60,4580
2026-09-04 00:00:00,BFINVEST,BF INVESTMENT LIMITED,475.00,475.00,464.10,469.35,469.45,-0.02,10.90,2.29,1.18,33149,15575550.75,1587
2026-09-04 00:00:00,VISACHROME,VISA CHROME LIMITED,40.49,40.49,37.80,38.34,39.53,-3.01,2.69,6.64,2.43,33107,1275080.00,207
2026-09-04 00:00:00,PFIZER,PFIZER LTD,4628.20,4667.90,4575.00,4609.70,4643.70,-0.73,92.90,2.01,-0.33,32739,151183048.90,3276
2026-09-04 00:00:00,RPPINFRA,R.P.P INFRA PROJECTS LTD,55.65,55.68,53.77,54.14,55.04,-1.64,1.91,3.43,1.11,32609,1783201.00,614
2026-09-04 00:00:00,SYMPHONY,SYMPHONY LIMITED,573.00,582.50,573.00,580.35,572.80,1.32,9.50,1.66,0.03,32564,18816927.05,1815
2026-09-04 00:00:00,AONETMMQ50,AONEAMC - AONETMMQ50,10.33,10.49,10.24,10.30,10.28,0.19,0.25,2.42,0.49,32103,330989.08,250
2026-09-04 00:00:00,MAKEINDIA,MIRAEAMC - MAMFGETF,165.42,165.79,165.06,165.23,165.47,-0.15,0.73,0.44,-0.03,32053,5299652.90,383
2026-09-04 00:00:00,PAUSHAKLTD,PAUSHAK LIMITED,808.00,816.45,781.00,785.50,806.15,-2.56,35.45,4.39,0.23,31723,25198556.45,2491
2026-09-04 00:00:00,SHALBY,SHALBY LIMITED,152.65,154.49,152.00,152.71,152.64,0.05,2.49,1.63,0.01,31700,4855464.82,983
2026-09-04 00:00:00,SIKA,SIKA INTERPLANT SYSTEMS L,974.00,1013.70,974.00,996.10,974.75,2.19,39.70,4.08,-0.08,31520,31583740.75,2347
2026-09-04 00:00:00,PONNIERODE,PONNIE SUGARS (ERODE) LTD,402.90,402.90,379.60,382.45,398.65,-4.06,23.30,5.78,1.07,31436,12169613.70,1966
2026-09-04 00:00:00,SEKURITIND,SAINT GOBAIN SEKUR IND L,113.95,116.00,113.95,114.56,114.67,-0.10,2.05,1.80,-0.63,31358,3608169.35,368
2026-09-04 00:00:00,KRISHIVAL,KRISHIVAL FOODS LIMITED,413.95,419.00,409.25,416.30,413.50,0.68,9.75,2.36,0.11,31340,12976941.05,1147
2026-09-04 00:00:00,BANSWRAS,BANSWARA SYNTEX LIMITED,119.38,120.00,116.26,117.05,117.78,-0.62,3.74,3.13,1.36,31201,3671154.63,314
2026-09-04 00:00:00,HGM,HANDSON GBL MNGMNT LTD,51.60,54.05,50.55,52.63,51.54,2.11,3.50,6.78,0.12,31154,1653057.47,287
2026-09-04 00:00:00,MOHEALTH,MOTILALAMC - MOHEALTH,52.68,52.68,51.67,51.84,52.17,-0.63,1.01,1.92,0.98,31140,1617347.98,585
2026-09-04 00:00:00,GSLSU,GLOBAL SURFACES LIMITED,27.02,28.37,27.02,28.37,27.02,5.00,1.35,5.00,0.00,31054,867167.25,127
2026-09-04 00:00:00,ISGEC,ISGEC HEAVY ENG LTD,775.55,790.85,773.05,787.35,771.10,2.11,17.80,2.30,0.58,30774,24088675.85,6215
2026-09-04 00:00:00,BAJAJINDEF,INDEF MANUFACTURING LTD,221.30,224.90,220.53,222.69,220.84,0.84,4.37,1.97,0.21,30501,6763634.17,435
2026-09-04 00:00:00,NIRAJ,NIRAJ CEMENT STRUC LTD,29.10,29.40,28.37,28.72,29.13,-1.41,1.03,3.54,-0.10,30448,875323.03,230
2026-09-04 00:00:00,ZFCVINDIA,ZF COM VE CTR SYS IND LTD,2532.00,2575.00,2514.00,2551.90,2524.80,1.07,61.00,2.41,0.29,30385,77236917.20,8920
2026-09-04 00:00:00,STYRENIX,STYRENIX PERFORMANCE LTD,2007.60,2078.00,2007.60,2043.20,2007.00,1.80,70.40,3.51,0.03,30372,61841401.20,3926
2026-09-04 00:00:00,BASF,BASF INDIA LTD,3835.00,3907.00,3829.40,3864.90,3832.40,0.85,77.60,2.02,0.07,30319,116983697.10,4174
2026-09-04 00:00:00,LAL,LORENZINI APPARELS LTD,8.81,9.15,8.81,8.91,9.00,-1.00,0.34,3.86,-2.11,30223,271556.78,107
2026-09-04 00:00:00,DECCANCE,DECCAN CEMENTS LIMITED,569.80,579.90,564.35,569.75,565.15,0.81,15.55,2.73,0.82,29858,17057303.20,589
2026-09-04 00:00:00,RAJSREESUG,RAJSHREE SUGAR & CHEMICAL,37.14,37.14,35.35,35.47,36.43,-2.64,1.79,4.82,1.95,29765,1063398.44,461
2026-09-04 00:00:00,GROWWN200,GROWWAMC - GROWWN200,11.04,11.53,11.04,11.34,11.33,0.09,0.49,4.44,-2.56,29513,334380.22,209
2026-09-04 00:00:00,MAYURUNIQ,MAYUR UNIQUOTERS LTD,730.00,737.50,727.50,734.85,728.80,0.83,10.00,1.37,0.16,29504,21638954.85,1657
2026-09-04 00:00:00,SRTL,SHREE RAM TWISTEX LIMITED,36.72,37.85,36.50,37.71,36.72,2.70,1.35,3.68,0.00,29437,1097636.24,452
2026-09-04 00:00:00,SURANAT&P,SURANA TELECOM AND POW LT,16.49,16.60,16.12,16.57,16.21,2.22,0.48,2.91,1.73,29385,483109.05,231
2026-09-04 00:00:00,NCLIND,NCL INDUSTRIES LIMITED,176.01,179.00,175.52,177.81,177.36,0.25,3.48,1.98,-0.76,29351,5200378.58,2878
2026-09-04 00:00:00,DHARMAJ,DHARMAJ CROP GUARD LTD,268.30,271.00,264.30,270.05,269.05,0.37,6.70,2.50,-0.28,29203,7846100.95,1792
2026-09-04 00:00:00,CENTUM,CENTUM ELECTRONICS LTD,3746.30,3800.00,3723.00,3767.30,3776.10,-0.23,77.00,2.06,-0.79,29156,109470226.30,6016
2026-09-04 00:00:00,LINCOLN,LINCOLN PHARMA LTD,627.00,631.00,618.00,620.80,622.65,-0.30,13.00,2.07,0.70,29091,18107950.45,1281
2026-09-04 00:00:00,TEAMLEASE,TEAMLEASE SERVICES LTD.,1260.00,1280.00,1235.00,1250.60,1250.00,0.05,45.00,3.57,0.80,29000,36288777.50,3424
2026-09-04 00:00:00,NIBE,NIBE LIMITED,1327.00,1349.00,1325.00,1336.60,1322.00,1.10,24.00,1.81,0.38,28848,38526842.00,2713
2026-09-04 00:00:00,TUTIALKA,TUTICORIN ALKAL CH & FE L,62.35,62.90,59.05,60.36,61.00,-1.05,3.85,6.17,2.21,28654,1731581.98,203
2026-09-04 00:00:00,CRAFTSMAN,CRAFTSMAN AUTOMATION LTD,11248.00,11539.00,11097.00,11398.00,11220.00,1.59,442.00,3.93,0.25,28595,325405364.00,10263
2026-09-04 00:00:00,SIYSIL,SIYARAM SILK MILLS LTD,558.65,558.90,549.95,552.65,558.65,-1.07,8.95,1.60,0.00,28594,15819893.20,2091
2026-09-04 00:00:00,TOP20,MIRAEAMC - TOP20,8.90,8.91,8.86,8.88,8.88,0.00,0.05,0.56,0.23,28580,254093.72,118
2026-09-04 00:00:00,PIGL,POWER INSTRUMENT (G) LTD,101.80,101.80,98.20,98.78,99.83,-1.05,3.60,3.54,1.97,28460,2832921.73,516
2026-09-04 00:00:00,PRAVEG,PRAVEG LTD.,263.00,273.40,261.00,266.15,260.40,2.21,12.40,4.71,1.00,28429,7582929.95,1605
2026-09-04 00:00:00,ARVSMART,ARVIND SMARTSPACES LTD,645.60,653.80,640.05,642.50,639.00,0.55,13.75,2.13,1.03,28414,18379019.10,1595
2026-09-04 00:00:00,PVSL,POPULAR VEHICLES N SER L,104.95,104.95,101.40,102.63,103.54,-0.88,3.55,3.38,1.36,28205,2886053.44,581
2026-09-04 00:00:00,RUSTOMJEE,KEYSTONE REALTORS LIMITED,381.75,381.75,372.25,373.95,381.75,-2.04,9.50,2.49,0.00,27990,10526379.70,1208
2026-09-04 00:00:00,GYFTR,GYFTR LIMITED,182.22,186.38,180.01,182.54,180.23,1.28,6.37,3.50,1.10,27733,5082636.06,629
2026-09-04 00:00:00,EXPLEOSOL,EXPLEO SOLUTIONS LIMITED,904.00,910.00,888.00,899.00,898.75,0.03,22.00,2.43,0.58,27691,24795760.70,2682
2026-09-04 00:00:00,LIKHITHA,LIKHITHA INFRASTRUC LTD,204.54,206.99,203.20,204.80,202.90,0.94,3.79,1.85,0.81,27488,5645209.95,495
2026-09-04 00:00:00,ENIL,ENTERTAIN NET. IND. LTD.,99.67,103.10,99.67,102.65,99.61,3.05,3.43,3.44,0.06,27341,2774564.67,582
2026-09-04 00:00:00,SHARDAMOTR,SHARDA MOTOR INDS LTD,879.05,885.45,872.60,881.95,877.90,0.46,12.85,1.46,0.13,27320,24013703.25,3219
2026-09-04 00:00:00,NIFTYAXIS,AXISAMC-NIFTYAXIS,265.78,265.99,264.62,265.62,264.58,0.39,1.37,0.52,0.45,27062,7187756.04,145
2026-09-04 00:00:00,SINCLAIR,SINCLAIRS HOTELS LIMITED,84.00,84.75,82.60,83.50,83.85,-0.42,2.15,2.56,0.18,26997,2262041.99,424
2026-09-04 00:00:00,ADOR,ADOR WELDING LTD,1720.00,1731.00,1662.20,1674.40,1714.60,-2.34,68.80,4.00,0.31,26990,45410047.80,3997
2026-09-04 00:00:00,BRAHMINFRA,BRAHMAPUTRA INFRA L,160.00,167.89,160.00,163.82,162.17,1.02,7.89,4.93,-1.34,26893,4408908.49,669
2026-09-04 00:00:00,BBL,BHARAT BIJLEE LTD,2309.70,2315.90,2280.00,2289.30,2298.30,-0.39,35.90,1.55,0.50,26842,61721950.30,2531
2026-09-04 00:00:00,SUBROS,SUBROS LIMITED,705.85,718.00,705.25,709.60,705.85,0.53,12.75,1.81,0.00,26816,19066462.55,2029
2026-09-04 00:00:00,MADRASFERT,MADRAS FERTILISERS LTD,65.34,65.75,65.08,65.12,65.13,-0.02,0.67,1.03,0.32,26810,1750411.55,458
2026-09-04 00:00:00,MANBA,MANBA FINANCE LIMITED,131.50,133.32,128.50,128.95,129.45,-0.39,4.82,3.67,1.58,26727,3489233.89,285
2026-09-04 00:00:00,TREEHOUSE,TREE HOUSE EDU LTD,6.42,6.44,5.73,6.29,6.22,1.13,0.71,11.06,3.22,26470,161401.20,171
2026-09-04 00:00:00,AURUS,AURUS GEM CORP LIMITED,4.70,4.95,4.57,4.84,4.62,4.76,0.38,8.09,1.73,26293,127387.94,155
2026-09-04 00:00:00,SRD,SHANKAR LAL RAMPAL LTD,39.66,40.19,39.27,39.33,39.66,-0.83,0.92,2.32,0.00,26155,1038284.25,196
2026-09-04 00:00:00,HALDER,HALDER VENTURE LIMITED,282.00,295.00,282.00,293.50,284.90,3.02,13.00,4.61,-1.02,26009,7592634.25,398
2026-09-04 00:00:00,MBLINFRA,MBL INFRASTRUCTURE LTD,25.00,25.00,24.00,24.30,24.44,-0.57,1.00,4.00,2.29,25935,630995.71,154
2026-09-04 00:00:00,WCIL,WESTERN CARRIERS (IND) L,84.40,84.76,83.06,83.38,83.96,-0.69,1.70,2.01,0.52,25920,2176883.95,784
2026-09-04 00:00:00,MASPTOP50,MIRAEAMC - MASPTOP50,79.86,79.86,79.86,79.86,79.26,0.76,0.00,0.00,0.76,25819,2061905.34,131
2026-09-04 00:00:00,IWP,INDIAN WOOD PRODUCTS CO L,34.00,35.49,33.52,34.38,34.08,0.88,1.97,5.79,-0.23,25747,889274.67,75
2026-09-04 00:00:00,KDDL,KDDL LIMITED,3864.90,3963.00,3864.90,3911.00,3855.30,1.44,98.10,2.54,0.25,25376,99523320.60,5630
2026-09-04 00:00:00,GANESHHOU,GANESH HOUSING LIMITED,767.20,770.00,753.90,758.95,765.50,-0.86,16.10,2.10,0.22,25372,19314914.70,1619
2026-09-04 00:00:00,BATLIBOI,BATLIBOI LTD.,89.90,91.94,88.88,90.81,88.39,2.74,3.06,3.40,1.71,25336,2287336.60,879
2026-09-04 00:00:00,MCL,M TEK COPPER LIMITED,58.00,58.90,57.21,58.30,58.50,-0.34,1.69,2.91,-0.85,25283,1465985.37,951
2026-09-04 00:00:00,PASHUPATI,PASHUPATI COTSPIN LIMITED,83.50,83.50,81.30,81.94,83.10,-1.40,2.20,2.63,0.48,25243,2077643.14,932
2026-09-04 00:00:00,BHARATRAS,BHARAT RASAYAN LTD,1190.10,1207.00,1165.20,1171.80,1184.20,-1.05,41.80,3.51,0.50,25242,29857744.30,2734
2026-09-04 00:00:00,RUDRA,RUDRA GLOBAL INFRA PROD L,20.30,20.80,20.30,20.33,20.38,-0.25,0.50,2.46,-0.39,25195,515258.10,157
2026-09-04 00:00:00,MAFATIND,MAFATLAL INDUSTRIES LTD.,124.77,124.77,120.35,121.66,123.24,-1.28,4.42,3.54,1.24,25114,3071337.00,825
2026-09-04 00:00:00,VENKEYS,VENKY S (INDIA) LIMITED,1677.10,1683.90,1655.20,1659.60,1677.10,-1.04,28.70,1.71,0.00,25085,41792363.20,3287
2026-09-04 00:00:00,TIIL,TECHNOCRAFT IND LTD,3283.70,3346.20,3152.30,3194.60,3267.40,-2.23,193.90,5.90,0.50,25085,81072924.90,4689
2026-09-04 00:00:00,SHANTI,SHANTI OVERSEAS INDIA LTD,6.31,6.57,6.11,6.25,6.31,-0.95,0.46,7.29,0.00,24947,157869.49,91
2026-09-04 00:00:00,EMAMIREAL,EMAMI REALTY LIMITED,69.29,69.30,65.70,66.74,68.70,-2.85,3.60,5.20,0.86,24880,1664774.66,382
2026-09-04 00:00:00,JKIL,JKUMAR INFR.LTD.,488.00,492.95,486.15,487.35,487.70,-0.07,6.80,1.39,0.06,24845,12152659.60,1228
2026-09-04 00:00:00,PRIMESECU,PRIME SECURITIES LIMITED,288.85,291.05,281.25,284.50,290.20,-1.96,9.80,3.39,-0.47,24727,7032932.10,423
2026-09-04 00:00:00,MAXIND,MAX INDIA LIMITED,154.00,154.58,150.10,150.66,152.89,-1.46,4.48,2.91,0.73,24712,3758782.29,906
2026-09-04 00:00:00,LASA,LASA SUPERGENERICS LTD,6.99,7.00,6.69,6.73,6.82,-1.32,0.31,4.43,2.49,24575,168015.52,156
2026-09-04 00:00:00,TGBHOTELS,TGB BANQUETS&HOTELS LTD,10.00,10.00,9.35,9.48,9.69,-2.17,0.65,6.50,3.20,24575,233202.48,150
2026-09-04 00:00:00,SPENCERS,SPENCER S RETAIL LIMITED,29.40,29.40,28.12,28.50,28.57,-0.25,1.28,4.35,2.91,24318,701224.20,293
2026-09-04 00:00:00,SECURKLOUD,SECUREKLOUD TECH LIMITED,17.58,17.80,16.98,17.01,17.41,-2.30,0.82,4.66,0.98,24259,414284.70,152
2026-09-04 00:00:00,XELPMOC,XELPMOC DESIGN & TECH LTD,79.41,81.70,78.51,80.14,79.40,0.93,3.19,4.02,0.01,24153,1923822.86,556
2026-09-04 00:00:00,JSWDULUX,JSW DULUX LIMITED,3167.60,3209.50,3155.60,3174.50,3167.60,0.22,53.90,1.70,0.00,24093,76472977.30,3861
2026-09-04 00:00:00,SAFARI,SAFARI IND (INDIA) LTD,1509.50,1550.10,1508.30,1540.40,1509.50,2.05,41.80,2.77,0.00,23964,36873917.10,2670
2026-09-04 00:00:00,ASAL,AUTOMOTIVE STAMPINGS & AS,486.50,486.50,466.05,473.75,486.30,-2.58,20.45,4.20,0.04,23916,11321120.85,1757
2026-09-04 00:00:00,TFL,TRANSWARRANTY FIN. LTD.,12.56,12.74,12.26,12.36,12.56,-1.59,0.48,3.82,0.00,23861,296263.94,50
2026-09-04 00:00:00,JITFINFRA,JITF INFRALOGISTICS LTD,310.50,314.85,300.00,304.50,310.65,-1.98,14.85,4.78,-0.05,23808,7267504.95,614
2026-09-04 00:00:00,MONIFTY100,MOTILALAMC - MONIFTY100,25.28,25.35,25.20,25.32,25.17,0.60,0.15,0.59,0.44,23737,600887.34,46
2026-09-04 00:00:00,HDFCSENSEX,HDFCAMC - HDFCSENSEX,86.67,87.59,86.67,87.15,86.75,0.46,0.92,1.06,-0.09,23630,2059743.13,447
2026-09-04 00:00:00,CELEBRITY,CELEBRITY FASHIONS LTD,6.83,6.83,6.60,6.80,6.74,0.89,0.23,3.37,1.34,23532,158675.41,83
2026-09-04 00:00:00,TEXMOPIPES,TEXMO PIPE & PRODUCTS LTD,45.90,46.45,45.31,46.23,45.49,1.63,1.14,2.48,0.90,23440,1079316.10,267
2026-09-04 00:00:00,KRITI,KRITI INDUSTRIES IND LTD,60.11,62.98,59.00,61.60,60.94,1.08,3.98,6.62,-1.36,23406,1416474.11,300
2026-09-04 00:00:00,PATELRMART,PATEL RETAIL LIMITED,221.90,221.90,217.30,218.32,220.58,-1.02,4.60,2.07,0.60,23300,5100649.76,880
2026-09-04 00:00:00,MOIPO,MOTILALAMC - MOIPO,48.69,51.00,48.65,49.15,48.74,0.84,2.35,4.83,-0.10,23258,1142614.04,63
2026-09-04 00:00:00,COMPUSOFT,COMPUCOM SOFTWARE LTD,13.20,13.20,12.62,13.02,12.89,1.01,0.58,4.39,2.40,23203,301866.70,252
2026-09-04 00:00:00,DEEP,DEEP POLYMERS LTD.,36.80,36.80,34.21,35.00,36.00,-2.78,2.59,7.04,2.22,23168,820982.64,193
2026-09-04 00:00:00,LAGNAM,LAGNAM SPINTEX LIMITED,74.63,77.27,74.00,74.80,74.40,0.54,3.27,4.38,0.31,23024,1734115.89,70
2026-09-04 00:00:00,RPSGVENT,RPSG VENTURES LIMITED,836.55,872.85,829.00,831.40,833.30,-0.23,43.85,5.24,0.39,23012,19496528.55,1386
2026-09-04 00:00:00,INFOMEDIA,INFOMEDIA PRESS LIMITED,5.18,5.81,5.17,5.35,5.18,3.28,0.64,12.36,0.00,22935,122216.58,140
2026-09-04 00:00:00,TNTELE,TAMILNADU TELECOMMUNICATI,8.83,9.07,8.83,8.88,8.86,0.23,0.24,2.72,-0.34,22878,203630.31,147
2026-09-04 00:00:00,INSECTICID,INSECTICIDES (I) LTD,619.60,624.80,612.20,618.45,614.15,0.70,12.60,2.03,0.89,22609,13973813.50,1289
2026-09-04 00:00:00,ORICONENT,ORICON ENTERPRISES LTD,53.20,54.70,52.66,54.15,52.99,2.19,2.04,3.83,0.40,22589,1218938.67,601
2026-09-04 00:00:00,VSTL,VIBHOR STEEL TUBES LTD,115.15,118.35,115.00,117.66,115.15,2.18,3.35,2.91,0.00,22471,2628716.72,566
2026-09-04 00:00:00,IFGLEXPOR,IFGL REFRACTORIES LIMITED,205.50,210.58,202.00,204.69,207.44,-1.33,8.58,4.18,-0.94,22469,4621030.66,834
2026-09-04 00:00:00,NOVARTIND,NOVARTIS INDIA LIMITED,1614.90,1665.00,1614.90,1646.70,1614.10,2.02,50.10,3.10,0.05,22436,37090429.00,1889
2026-09-04 00:00:00,WATERBASE,WATERBASE LTD.,48.73,48.99,47.11,48.63,47.36,2.68,1.88,3.86,2.89,22127,1066004.85,174
2026-09-04 00:00:00,ADVANIHOTR,ADVANI HOT.& RES.(I) LTD,49.25,49.99,49.00,49.45,49.18,0.55,0.99,2.01,0.14,22126,1092467.18,327
2026-09-04 00:00:00,SGRL,SHREE GANESH REMEDIES LTD,684.00,717.00,684.00,708.55,684.10,3.57,33.00,4.82,-0.01,22022,15451083.05,1184
2026-09-04 00:00:00,KENNAMET,KENNAMETAL INDIA LIMITED,4551.50,4722.00,4551.00,4688.50,4532.20,3.45,171.00,3.76,0.43,21846,101766941.60,3903
2026-09-04 00:00:00,AFFORDABLE,AFFORD ROBO & AUTO LTD,164.93,164.93,155.15,157.47,159.68,-1.38,9.78,5.93,3.29,21622,3443318.48,547
2026-09-04 00:00:00,FRONTSP,FRONTIER SPRINGS LTD.,1267.30,1305.00,1255.90,1291.80,1269.80,1.73,49.10,3.87,-0.20,21620,27883996.20,2204
2026-09-04 00:00:00,HEALTHADD,DSPAMC - HEALTHADD,16.70,16.72,16.50,16.58,16.70,-0.72,0.22,1.32,0.00,21553,357837.96,100
2026-09-04 00:00:00,KRSNAA,KRSNAA DIAGNOSTICS LTD,552.35,564.40,550.05,560.00,550.95,1.64,14.35,2.60,0.25,21497,11992361.95,1790
2026-09-04 00:00:00,MOMENTUM30,KOTAKMAMC - MOMENTUM30,30.79,30.87,30.66,30.81,30.65,0.52,0.21,0.68,0.46,21437,660215.71,46
2026-09-04 00:00:00,SREEL,SREELEATHERS LIMITED,259.00,268.80,259.00,265.52,258.96,2.53,9.80,3.78,0.02,21434,5667580.44,655
2026-09-04 00:00:00,TECILCHEM,TECIL CHEMICALS,10.10,10.20,9.60,9.72,9.98,-2.61,0.60,5.94,1.20,21289,208490.98,78
2026-09-04 00:00:00,KDGREEN,KD GREEN INDUSTRIES LTD,55.29,55.29,50.16,50.44,51.81,-2.64,5.13,9.28,6.72,21136,1077832.11,219
2026-09-04 00:00:00,NEULANDLAB,NEULAND LAB LTD.,23095.00,23095.00,22550.00,22660.00,22890.00,-1.00,545.00,2.36,0.90,21110,481285770.00,6268
2026-09-04 00:00:00,OSWALAGRO,OSWAL AGRO MILLS LTD,36.88,37.29,36.50,36.66,36.88,-0.60,0.79,2.14,0.00,21089,773801.06,180
2026-09-04 00:00:00,PGHH,P&G HYGIENE & HEALTH CARE,7725.00,7754.50,7659.00,7667.50,7725.00,-0.74,95.50,1.24,0.00,21072,162066881.50,6081
2026-09-04 00:00:00,GALAPREC,GALA PRECISION ENG LTD,1036.10,1038.90,1015.20,1024.00,1026.20,-0.21,23.70,2.29,0.96,21048,21595370.60,1748
2026-09-04 00:00:00,ICRA,ICRA LIMITED,4890.00,4998.20,4866.00,4884.50,4889.30,-0.10,132.20,2.70,0.01,21042,104046442.10,3220
2026-09-04 00:00:00,SPLIL,SPL INDUSTRIES LIMITED,31.40,32.50,29.97,30.39,30.97,-1.87,2.53,8.06,1.39,20970,639141.55,148
2026-09-04 00:00:00,ATLANTAA,ATLANTAA LIMITED,41.28,41.28,39.00,39.15,39.86,-1.78,2.28,5.52,3.56,20793,819155.34,370
2026-09-04 00:00:00,RPGLIFE,RPG LIFE SCIENCES LTD,2652.40,2739.00,2638.90,2721.60,2652.40,2.61,100.10,3.77,0.00,20463,55050361.60,2723
2026-09-04 00:00:00,BRIGHTBR,BRIGHT BROTHERS LTD.,254.60,260.55,252.10,254.80,254.60,0.08,8.45,3.32,0.00,20221,5238546.35,151
2026-09-04 00:00:00,HEALTHCARE,MIRAEAMC - HEALTHCARE,22.06,22.06,21.48,21.51,21.63,-0.55,0.58,2.63,1.99,20094,433601.73,251
2026-09-04 00:00:00,VALUEAXIS,AXISAMC-VALUEAXIS,32.60,32.90,32.55,32.88,32.71,0.52,0.35,1.07,-0.34,20010,657617.04,231
2026-09-04 00:00:00,VMSTMT,VMS TMT LIMITED,46.00,46.00,45.02,45.46,45.53,-0.15,0.98,2.13,1.03,19824,901176.10,236
2026-09-04 00:00:00,TTKHLTCARE,TTK HEALTHCARE LIMITED,1107.00,1123.20,1086.10,1100.20,1103.20,-0.27,37.10,3.35,0.34,19761,21702400.70,2255
2026-09-04 00:00:00,LIBAS,LIBAS CONSU PRODUCTS LTD,10.65,10.90,10.26,10.46,10.48,-0.19,0.64,6.01,1.62,19725,205757.90,97
2026-09-04 00:00:00,3BBLACKBIO,3B BLACKBIO DX LTD.,1508.50,1513.90,1411.20,1460.10,1486.20,-1.76,102.70,6.81,1.50,19626,28417563.40,2351
2026-09-04 00:00:00,SUNDARMFIN,SUNDARAM FINANCE LTD,4561.00,4656.30,4561.00,4648.70,4578.00,1.54,95.30,2.09,-0.37,19600,90891627.20,6938
2026-09-04 00:00:00,EIMCOELECO,EIMCO ELECON (INDIA) LTD,2286.10,2286.10,2240.00,2254.40,2280.40,-1.14,46.10,2.02,0.25,19567,44223867.50,2517
2026-09-04 00:00:00,CERA,CERA SANITARYWARE LTD,5800.00,5889.50,5737.50,5787.50,5683.50,1.83,152.00,2.62,2.05,19476,113006082.50,6266
2026-09-04 00:00:00,MAGADSUGAR,MAGADH SUGAR & ENERGY LTD,568.00,568.00,546.00,552.05,566.70,-2.59,22.00,3.87,0.23,19463,10765235.90,1422
2026-09-04 00:00:00,JKIPL,JINKUSHAL INDUSTRIES LTD,107.50,107.50,100.38,100.56,105.66,-4.83,7.12,6.62,1.74,19248,1978149.29,475
2026-09-04 00:00:00,KIRLOSBROS,KIRLOSKAR BROTHERS LTD,1885.90,1901.80,1859.80,1862.00,1881.30,-1.03,42.00,2.23,0.24,19160,35971399.30,3968
2026-09-04 00:00:00,IFBIND,IFB INDUSTRIES LTD,1317.20,1318.50,1300.50,1305.70,1311.80,-0.47,18.00,1.37,0.41,19145,25012839.00,2025
2026-09-04 00:00:00,NILKAMAL,NILKAMAL LIMITED,2101.80,2130.00,2081.00,2116.50,2111.10,0.26,49.00,2.33,-0.44,19143,40349447.00,2435
2026-09-04 00:00:00,MUNJALSHOW,MUNJAL SHOWA LTD,129.27,130.80,128.10,129.21,129.27,-0.05,2.70,2.09,0.00,19122,2485181.68,424
2026-09-04 00:00:00,SICAGEN,SICAGEN INDIA LIMITED,59.45,59.45,57.93,58.28,58.65,-0.63,1.52,2.56,1.36,18933,1104542.06,258
2026-09-04 00:00:00,AUSOMENT,AUSOM ENTERPRISE LIMITED,162.00,166.59,155.20,161.79,159.95,1.15,11.39,7.03,1.28,18928,3064350.93,204
2026-09-04 00:00:00,SESHAPAPER,SESHASAYEE PAPER & BOARDS,236.00,236.00,231.00,233.09,234.51,-0.61,5.00,2.12,0.64,18854,4381519.98,479
2026-09-04 00:00:00,UEL,UJAAS ENERGY LIMITED,236.99,241.60,234.20,241.60,230.10,5.00,7.40,3.12,2.99,18811,4510893.79,301
2026-09-04 00:00:00,TREJHARA,TREJHARA SOLUTIONS LTD,148.83,154.65,146.50,152.01,145.99,4.12,8.15,5.48,1.95,18766,2816320.74,400
2026-09-04 00:00:00,MANGALAM,MANGALAM DRUG & CHEM LTD,30.90,30.90,29.90,30.02,30.30,-0.92,1.00,3.24,1.98,18726,567675.87,225
2026-09-04 00:00:00,HIRECT,HIRECT LIMITED,1236.00,1249.70,1220.40,1222.40,1235.80,-1.08,29.30,2.37,0.02,18689,22997508.30,1863
2026-09-04 00:00:00,RRIL,R R I L LTD.,16.99,17.00,16.50,16.66,16.71,-0.30,0.50,2.94,1.68,18631,311329.94,113
2026-09-04 00:00:00,NDLVENTURE,NDL VENTURES LIMITED,123.90,125.10,123.18,124.72,123.01,1.39,1.92,1.55,0.72,18630,2314819.71,178
2026-09-04 00:00:00,OMAXAUTO,OMAX AUTOS LTD,183.59,186.58,181.30,183.07,183.59,-0.28,5.28,2.88,0.00,18555,3414123.77,754
2026-09-04 00:00:00,TECH,BIRLASLAMC - TECH,33.99,34.62,33.33,33.81,33.82,-0.03,1.29,3.80,0.50,18515,626937.56,177
2026-09-04 00:00:00,FMNL,FUTURE MKT NETWORKS LTD,9.81,10.10,9.63,10.10,9.62,4.99,0.47,4.79,1.98,18463,182286.74,90
2026-09-04 00:00:00,GILT5BETA,UTIAMC-GILT5BETA,66.49,67.06,66.49,66.94,66.49,0.68,0.57,0.86,0.00,18441,1234083.55,20
2026-09-04 00:00:00,ATUL,ATUL LTD,6476.00,6515.50,6370.50,6386.00,6469.00,-1.28,145.00,2.24,0.11,18343,117557736.50,6096
2026-09-04 00:00:00,ACL,ANDHRA CEMENTS LIMITED,43.58,43.59,43.00,43.36,43.58,-0.50,0.59,1.35,0.00,18265,790050.60,274
2026-09-04 00:00:00,GLOBALE,GLOBALE TESSILE LIMITED,11.38,11.50,10.86,11.39,11.38,0.09,0.64,5.62,0.00,18110,204152.92,43
2026-09-04 00:00:00,TCI,TRANSPORT CORPN OF INDIA,874.80,888.25,864.00,868.20,870.90,-0.31,24.25,2.77,0.45,18074,15713156.90,2514
2026-09-04 00:00:00,BRNL,BHARAT ROAD NETWORK LTD,17.13,17.39,17.01,17.12,17.12,0.00,0.38,2.22,0.06,18030,309823.13,191
2026-09-04 00:00:00,ACEINTEG,ACE INTEGRATED SOLU. LTD.,17.40,18.70,17.29,17.83,17.02,4.76,1.41,8.10,2.23,17975,325265.72,166
2026-09-04 00:00:00,SHILCTECH,SHILCHAR TECHNOLOGIES LTD,4045.20,4104.50,4023.50,4065.30,4041.60,0.59,81.00,2.00,0.09,17962,73233094.30,3766
2026-09-04 00:00:00,MKEXIM,M K EXIM (INDIA) LTD.,61.89,63.00,60.24,62.18,60.18,3.32,2.76,4.46,2.84,17942,1106326.91,249
2026-09-04 00:00:00,VASWANI,VASWANI IND LTD,48.80,48.80,46.26,47.01,46.52,1.05,2.54,5.20,4.90,17934,845598.69,197
2026-09-04 00:00:00,MONQ50,MOTILALAMC - MONQ50,141.93,141.93,141.93,141.93,141.73,0.14,0.00,0.00,0.14,17832,2530895.76,95
2026-09-04 00:00:00,HDFCNIF100,HDFCAMC - HDFCNIF100,25.94,26.08,25.89,25.93,25.94,-0.04,0.19,0.73,0.00,17792,461932.21,227
2026-09-04 00:00:00,PVTBANKADD,DSPAMC - DSPPVBKETF,28.37,28.40,28.24,28.34,28.38,-0.14,0.16,0.56,-0.04,17724,502266.52,85
2026-09-04 00:00:00,CENTURYPLY,CENTURY PLYBOARDS (I) LTD,749.90,755.35,745.15,748.45,749.20,-0.10,10.20,1.36,0.09,17510,13104301.20,3279
2026-09-04 00:00:00,NAHARINDUS,NAHAR INDS ENT LTD,137.96,139.23,136.23,137.63,137.96,-0.24,3.00,2.17,0.00,17477,2408226.73,408
2026-09-04 00:00:00,MINDTECK,MINDTECK (INDIA) LIMITED,168.00,170.98,167.15,168.81,168.22,0.35,3.83,2.28,-0.13,17432,2950540.06,646
2026-09-04 00:00:00,BALAJEE,SHREE TIRUPATI BALAJEE L,26.65,26.65,26.11,26.16,26.15,0.04,0.54,2.03,1.91,17375,455973.20,129
2026-09-04 00:00:00,DHATRE,DHATRE UDYOG LTD.,4.33,4.59,4.21,4.33,4.35,-0.46,0.38,8.78,-0.46,17330,75111.74,109
2026-09-04 00:00:00,ARCHIDPLY,ARCHIDPLY IND. LTD,107.99,107.99,103.65,104.89,105.99,-1.04,4.34,4.02,1.89,17295,1832632.45,307
2026-09-04 00:00:00,HEALTHX,HEALTH X PLATFORM LIMITED,295.00,303.70,289.00,300.30,292.05,2.82,14.70,4.98,1.01,17264,5103394.60,414
2026-09-04 00:00:00,USK,UDAYSHIVAKUMAR INFRA LTD,21.24,21.24,20.40,20.99,20.61,1.84,0.84,3.95,3.06,17245,359447.24,147
2026-09-04 00:00:00,SWELECTES,SWELECT ENERGY SYS LTD,584.00,584.00,570.25,572.50,576.90,-0.76,13.75,2.35,1.23,17212,9875701.15,1465
2026-09-04 00:00:00,ASHOKAMET,ASHOKA METCAST LIMITED,13.95,13.99,13.38,13.58,13.47,0.82,0.61,4.37,3.56,17200,236690.95,103
2026-09-04 00:00:00,SPELS,SPEL SEMICONDUCTOR LTD,150.50,150.50,148.00,149.38,148.61,0.52,2.50,1.66,1.27,17175,2562810.25,797
2026-09-04 00:00:00,VEDAVAAG,VEDAVAAG SYSTEMS LTD.,18.30,18.44,18.05,18.17,18.14,0.17,0.39,2.13,0.88,17174,313266.74,80
2026-09-04 00:00:00,INDTERRAIN,IND TERRAIN FASHIONS LTD,30.80,30.80,30.05,30.42,30.22,0.66,0.75,2.44,1.92,17159,519761.72,89
2026-09-04 00:00:00,DHANUKA,DHANUKA AGRITECH LTD,1009.00,1014.00,994.80,1010.65,1010.15,0.05,19.20,1.90,-0.11,17124,17236231.40,1253
2026-09-04 00:00:00,BOSCHLTD,BOSCH LIMITED,47195.00,47200.00,46660.00,46820.00,47000.00,-0.38,540.00,1.14,0.41,16913,792331010.00,8679
2026-09-04 00:00:00,ONEGLOBAL,ONE GLOBAL SERVICE PROV L,547.80,552.95,530.35,542.40,527.15,2.89,22.60,4.13,3.92,16907,9202248.80,1044
2026-09-04 00:00:00,NIFTYQLITY,BIRLASLAMC - NIFTYQLITY,21.29,21.43,21.24,21.32,21.36,-0.19,0.19,0.89,-0.33,16867,359496.32,177
2026-09-04 00:00:00,ASIANTNE,ASIAN TEA & EXPORTS LTD.,9.50,9.76,9.34,9.74,9.76,-0.20,0.42,4.42,-2.66,16866,161341.41,64
2026-09-04 00:00:00,TVSELECT,TVS ELECTRONICS LTD,422.35,426.00,416.10,420.85,421.30,-0.11,9.90,2.34,0.25,16780,7073108.95,973
2026-09-04 00:00:00,MANORG,MANGALAM ORGANICS LIMITED,487.80,513.00,484.20,489.50,490.25,-0.15,28.80,5.90,-0.50,16738,8248603.55,1863
2026-09-04 00:00:00,NATIONSTD,NATIONAL STAND (INDIA) L,106.50,108.06,104.00,107.74,104.75,2.85,4.06,3.81,1.67,16687,1784538.65,651
2026-09-04 00:00:00,NIFTY100EW,KOTAKMAMC - NIFTY100EW,35.00,35.10,34.95,35.06,35.00,0.17,0.15,0.43,0.00,16624,582857.21,122
2026-09-04 00:00:00,INDIQUBE,INDIQUBE SPACES LIMITED,194.52,195.90,193.00,194.54,193.09,0.75,2.90,1.49,0.74,16617,3224566.01,574
2026-09-04 00:00:00,DCMNVL,DCM NOUVELLE LIMITED,188.94,191.14,183.25,184.96,182.04,1.60,7.89,4.18,3.79,16490,3106832.80,245
2026-09-04 00:00:00,RKSWAMY,R K SWAMY LIMITED,92.50,94.69,91.70,94.25,92.00,2.45,2.99,3.23,0.54,16462,1544250.87,439
2026-09-04 00:00:00,KSOLVES,KSOLVES INDIA LIMITED,271.00,276.50,270.00,272.05,271.50,0.20,6.50,2.40,-0.18,16299,4439597.50,774
2026-09-04 00:00:00,SHRADHA,SHRADHA REALTY LIMITED,31.90,32.00,31.15,31.48,31.90,-1.32,0.85,2.66,0.00,16176,508905.38,127
2026-09-04 00:00:00,VENTIVE,VENTIVE HOSPITALITY LTD,594.45,594.45,581.95,588.20,585.70,0.43,12.50,2.10,1.49,16151,9467807.20,941
2026-09-04 00:00:00,SUPREMEINF,SUPREME INFRA. LTD.,85.18,85.18,82.75,83.42,83.49,-0.08,2.43,2.85,2.02,16081,1341258.38,140
2026-09-04 00:00:00,CREATIVEYE,CREATIVE EYE LIMITED,6.15,6.25,5.89,6.19,6.13,0.98,0.36,5.85,0.33,16063,98897.90,55
2026-09-04 00:00:00,MURUDCERA,MURUDESHWAR CERAMICS LTD,30.45,30.48,29.45,29.66,29.97,-1.03,1.03,3.38,1.60,15994,476446.08,227
2026-09-04 00:00:00,VALUE,MIRAEAMC - VALUE,16.12,16.17,16.07,16.15,16.09,0.37,0.10,0.62,0.19,15902,256288.91,52
2026-09-04 00:00:00,SHIVATEX,SHIVA TEXYARN LIMITED,185.25,187.49,181.11,182.86,182.22,0.35,6.38,3.44,1.66,15793,2907276.00,196
2026-09-04 00:00:00,EQUAL50ADD,DSPAMC - DSPNEWETF,341.54,342.00,338.98,340.33,340.57,-0.07,3.02,0.88,0.28,15781,5380814.05,242
2026-09-04 00:00:00,GARFIBRES,GARWARE TECH FIBRES LTD,800.00,813.25,792.90,800.55,800.05,0.06,20.35,2.54,-0.01,15701,12549971.90,3136
2026-09-04 00:00:00,VITAL,VITAL CHEMTECH LIMITED,54.00,56.00,53.55,55.72,54.49,2.26,2.45,4.54,-0.90,15658,856987.10,58
2026-09-04 00:00:00,DVL,DHUNSERI VENTURES LIMITED,284.45,292.00,284.45,290.05,285.80,1.49,7.55,2.65,-0.47,15605,4512353.10,492
2026-09-04 00:00:00,LUMAXIND,LUMAX INDUSTRIES LTD,6450.00,6450.00,6107.50,6181.50,6380.50,-3.12,342.50,5.31,1.09,15590,97493365.50,3627
2026-09-04 00:00:00,BCPL,BCPL RAILWAY INFRA LTD,67.77,72.00,67.25,68.45,67.77,1.00,4.75,7.01,0.00,15587,1079191.11,476
2026-09-04 00:00:00,KNAGRI,KN AGRI RESOURCES LIMITED,210.00,210.00,194.88,199.40,206.23,-3.31,15.12,7.20,1.83,15550,3153384.93,365
2026-09-04 00:00:00,TCPLPACK,TCPL PACKAGING LIMITED,3971.40,4157.20,3921.00,4091.90,3956.60,3.42,236.20,5.95,0.37,15468,63228594.20,3729
2026-09-04 00:00:00,BSHSL,BOMBAY SUPER HYBRID SEEDS,89.46,94.20,88.50,91.48,89.46,2.26,5.70,6.37,0.00,15418,1407871.24,247
2026-09-04 00:00:00,LIBERTSHOE,LIBERTY SHOES LTD,234.31,238.00,231.90,233.27,234.30,-0.44,6.10,2.60,0.00,15371,3605392.94,564
2026-09-04 00:00:00,SHREECEM,SHREE CEMENT LIMITED,23850.00,24140.00,23780.00,23855.00,23910.00,-0.23,360.00,1.51,-0.25,15350,368039420.00,6995
2026-09-04 00:00:00,MPSLTD,MPS LIMITED,2633.60,2700.00,2631.60,2658.90,2620.60,1.46,68.40,2.60,0.50,15166,40413315.80,2535
2026-09-04 00:00:00,TIMKEN,TIMKEN INDIA LTD.,3124.90,3139.30,3100.00,3125.30,3124.80,0.02,39.30,1.26,0.00,15156,47307706.60,4681
2026-09-04 00:00:00,FREDUN,FREDUN PHARMACEUTICALS L,1502.90,1517.00,1458.00,1470.70,1488.30,-1.18,59.00,3.93,0.98,15103,22472687.60,1248
2026-09-04 00:00:00,KSE,KSE LTD.,184.97,184.97,177.00,180.12,180.29,-0.09,7.97,4.31,2.60,15087,2706288.66,374
2026-09-04 00:00:00,JKCEMENT,JK CEMENT LIMITED,5044.00,5126.00,5025.50,5083.50,5039.50,0.87,100.50,1.99,0.09,15032,76178120.50,3618
2026-09-04 00:00:00,RELIABLE,RELIABLE DATA SERVICE LTD,141.20,141.54,139.21,140.88,141.26,-0.27,2.33,1.65,-0.04,15018,2113780.32,654
2026-09-04 00:00:00,CONS,KOTAKMAMC - KOTAKCONS,11.97,12.04,11.95,11.98,12.01,-0.25,0.09,0.75,-0.33,14601,175167.19,125
2026-09-04 00:00:00,PAGEIND,PAGE INDUSTRIES LTD,35865.00,36370.00,35680.00,36300.00,35865.00,1.21,690.00,1.92,0.00,14523,524991635.00,6597
2026-09-04 00:00:00,INFRA,MIRAEAMC - INFRA,12.21,12.21,12.01,12.04,12.03,0.08,0.20,1.64,1.50,14437,174063.96,135
2026-09-04 00:00:00,ASALCBR,ASSO ALCOHOLS & BREW LTD,696.05,710.00,696.05,706.35,696.05,1.48,13.95,2.00,0.00,14302,10045732.95,1497
2026-09-04 00:00:00,PEARLPOLY,PEARL POLYMERS LTD,15.05,15.90,15.00,15.08,15.29,-1.37,0.90,5.98,-1.57,14296,220500.86,168
2026-09-04 00:00:00,GREENLAM,GREENLAM INDUSTRIES LTD.,244.17,244.59,241.02,242.62,244.17,-0.63,3.57,1.46,0.00,14287,3466599.62,570
2026-09-04 00:00:00,MOTOUR,MOTILALAMC - MOTOUR,78.21,78.21,77.63,77.74,77.89,-0.19,0.58,0.74,0.41,14189,1105062.30,128
2026-09-04 00:00:00,SSDL,SARASWATI SAREE DEPOT LTD,55.92,57.78,55.51,56.69,55.92,1.38,2.27,4.06,0.00,14090,800129.53,691
2026-09-04 00:00:00,SHOPERSTOP,SHOPPERS STOP LIMITED,391.45,394.95,381.00,381.75,391.45,-2.48,13.95,3.56,0.00,14069,5445545.85,1118
2026-09-04 00:00:00,CFEL,CONFIDENCE FUTURIST ENE L,32.10,32.67,31.41,32.48,32.05,1.34,1.26,3.93,0.16,14038,454299.91,79
2026-09-04 00:00:00,NEXT50ADD,DSPAMC - NEXT50ADD,73.68,73.72,73.30,73.52,73.68,-0.22,0.42,0.57,0.00,13815,1015976.34,35
2026-09-04 00:00:00,HERANBA,HERANBA INDUSTRIES LTD,175.90,177.99,173.30,173.83,175.93,-1.19,4.69,2.67,-0.02,13651,2387268.75,802
2026-09-04 00:00:00,PSUBANKADD,DSPAMC - DSPPSBKETF,87.95,87.95,86.11,86.43,86.59,-0.18,1.84,2.09,1.57,13572,1175509.09,213
2026-09-04 00:00:00,SUNRAKSHAK,SUNRAKSHAKK INDUS IND L,370.00,375.00,365.00,369.55,373.80,-1.14,10.00,2.70,-1.02,13415,4965690.55,177
2026-09-04 00:00:00,PLASTIBLEN,PLASTIBLENDS INDIA LTD,189.47,189.58,186.00,187.91,188.33,-0.22,3.58,1.89,0.61,13407,2514432.49,468
2026-09-04 00:00:00,KRITINUT,KRITI NUTRIENTS LIMITED,87.40,87.40,83.00,86.45,83.36,3.71,4.40,5.03,4.85,13358,1148214.16,189
2026-09-04 00:00:00,BETA,BETA DRUGS LIMITED,2258.00,2275.70,2190.10,2218.50,2258.90,-1.79,85.60,3.79,-0.04,13251,29458593.80,2146
2026-09-04 00:00:00,CORALFINAC,CORAL INDIA FIN & HOUS LT,33.58,34.00,32.32,33.47,32.94,1.61,1.68,5.00,1.94,13197,441743.65,247
2026-09-04 00:00:00,VIVOBIOT,VIVO BIO TECH LTD.,18.79,19.38,18.32,18.80,18.70,0.53,1.06,5.64,0.48,13081,247738.39,116
2026-09-04 00:00:00,GKB,GKB OPHTHALMICS LTD.,65.00,66.00,63.01,63.97,65.80,-2.78,2.99,4.60,-1.22,13013,841500.33,30
2026-09-04 00:00:00,AGROPHOS,AGRO PHOS INDIA LIMITED,26.19,26.89,25.50,25.77,26.19,-1.60,1.39,5.31,0.00,12923,335196.88,175
2026-09-04 00:00:00,ALICON,ALICON CASTALLOY LIMITED,685.25,691.00,667.55,684.20,684.55,-0.05,23.45,3.42,0.10,12867,8746139.40,969
2026-09-04 00:00:00,UMESLTD,USHA MARTIN EDU & SOL LTD,5.40,5.40,4.80,5.09,5.00,1.80,0.60,11.11,8.00,12835,65251.86,140
2026-09-04 00:00:00,NAHARPOLY,NAHAR POLY FILMS LIMITED,247.86,247.86,239.40,244.54,248.39,-1.55,8.46,3.41,-0.21,12772,3112272.04,365
2026-09-04 00:00:00,PIXTRANS,PIX TRANSMISSIONS LIMITED,1799.60,1810.00,1777.00,1791.70,1799.40,-0.43,33.00,1.83,0.01,12505,22410747.50,1710
2026-09-04 00:00:00,WPIL,W P I L LTD.,446.80,452.60,440.00,443.90,445.50,-0.36,12.60,2.82,0.29,12409,5513970.45,814
2026-09-04 00:00:00,SASKEN,SASKEN TECHNOLOGIES LTD,1925.40,1925.40,1870.50,1881.30,1902.40,-1.11,54.90,2.85,1.21,12365,23416269.10,1492
2026-09-04 00:00:00,MODTHREAD,MODERN THREADS INDIA LTD,53.00,55.98,53.00,54.37,53.39,1.84,2.98,5.62,-0.73,12306,666704.23,178
2026-09-04 00:00:00,SBGLP,SURATWWALA BUS GROUP LTD,25.68,25.68,23.60,23.96,24.68,-2.92,2.08,8.10,4.05,12199,295701.08,187
2026-09-04 00:00:00,GUJAPOLLO,GUJ. APOLLO IND. LTD.,350.10,365.00,343.85,355.95,347.95,2.30,21.15,6.04,0.62,12193,4334116.25,416
2026-09-04 00:00:00,VRAJ,VRAJ IRON AND STEEL LTD,122.26,125.71,120.24,121.71,122.71,-0.81,5.47,4.47,-0.37,12164,1488552.35,409
2026-09-04 00:00:00,TVSSRICHAK,TVS SRICHAKRA LIMITED,5330.00,5404.50,5220.00,5237.50,5249.00,-0.22,184.50,3.46,1.54,12133,64335300.00,2823
2026-09-04 00:00:00,CNL,CREATIVE NEWTECH LIMITED,1246.50,1247.30,1210.00,1215.50,1243.40,-2.24,37.30,2.99,0.25,12127,14882988.20,964
2026-09-04 00:00:00,CORONA,CORONA REMEDIES LIMITED,2121.00,2150.40,2090.80,2100.10,2127.80,-1.30,59.60,2.81,-0.32,12081,25512564.10,2434
2026-09-04 00:00:00,FINEORG,FINE ORGANIC IND. LTD.,5178.50,5190.00,5136.00,5152.00,5179.50,-0.53,54.00,1.04,-0.02,12034,62084103.00,3756
2026-09-04 00:00:00,KANPRPLA,KANPUR PLASTIPACK LIMITED,263.80,263.80,247.90,250.20,256.40,-2.42,15.90,6.03,2.89,11967,3039451.90,795
2026-09-04 00:00:00,RAMAPHO,RAMA PHOSPHATES LIMITED,125.50,125.65,123.01,123.48,124.01,-0.43,2.64,2.10,1.20,11962,1482439.57,312
2026-09-04 00:00:00,JINDALPOLY,JINDAL POLY FILMS LIMITED,677.50,687.95,670.00,672.35,683.70,-1.66,17.95,2.65,-0.91,11895,8023559.30,858
2026-09-04 00:00:00,BCONCEPTS,BRAND CONCEPTS LIMITED,166.00,176.43,165.00,167.33,165.43,1.15,11.43,6.89,0.34,11790,2006386.40,613
2026-09-04 00:00:00,INNOVISION,INNOVISION LIMITED,269.00,269.00,253.60,254.90,255.65,-0.29,15.40,5.72,5.22,11734,3015196.90,765
2026-09-04 00:00:00,EIHAHOTELS,EIH ASSOCIATED HOTELS LTD,305.45,308.60,295.30,297.65,303.85,-2.04,13.30,4.35,0.53,11705,3509537.65,1161
2026-09-04 00:00:00,BUTTERFLY,BTRFLY GANDHI APPL LTD,615.15,628.90,611.05,624.85,613.60,1.83,17.85,2.90,0.25,11660,7243780.40,737
2026-09-04 00:00:00,ZODIAC,ZODIAC ENERGY LIMITED,242.99,246.00,237.00,240.17,240.22,-0.02,9.00,3.70,1.15,11622,2797680.22,388
2026-09-04 00:00:00,ODIGMA,ODIGMA CONSULTANCY SOL L,23.99,23.99,23.21,23.45,23.47,-0.09,0.78,3.25,2.22,11579,273154.13,300
2026-09-04 00:00:00,3PLAND,3P LAND HOLDINGS LIMITED,32.30,32.45,30.75,32.39,32.45,-0.18,1.70,5.26,-0.46,11543,365106.68,223
2026-09-04 00:00:00,ROML,RAJ OIL MILLS LIMITED,42.20,42.80,41.31,42.00,42.35,-0.83,1.49,3.53,-0.35,11538,484795.95,77
2026-09-04 00:00:00,EMULTIMQ,EDELAMC - EMULTIMQ,42.19,42.24,41.75,42.00,41.77,0.55,0.49,1.16,1.01,11409,478594.20,126
2026-09-04 00:00:00,AHLADA,AHLADA ENGINEERS LIMITED,36.51,38.50,35.51,37.29,37.51,-0.59,2.99,8.19,-2.67,11371,420014.00,178
2026-09-04 00:00:00,KOTIC,KOTHARI INDUSTRIAL CORP L,135.20,135.99,130.25,132.47,134.79,-1.72,5.74,4.25,0.30,11357,1518466.47,418
2026-09-04 00:00:00,BANKPSU,MIRAEAMC - BANKPSU,86.38,86.74,86.10,86.14,86.33,-0.22,0.64,0.74,0.06,11350,981124.43,76
2026-09-04 00:00:00,INGERRAND,INGERSOLL-RAND INDIA LTD,4888.00,4888.00,4830.00,4844.70,4846.40,-0.04,58.00,1.19,0.86,11320,54911779.00,1562
2026-09-04 00:00:00,AAATECH,AAA TECHNOLOGIES LIMITED,93.17,93.99,91.10,91.74,93.17,-1.53,2.89,3.10,0.00,11314,1039757.08,369
2026-09-04 00:00:00,MODIS,MODIS NAVNIRMAN LTD,377.50,383.80,376.60,380.85,379.10,0.46,7.20,1.91,-0.42,11292,4293558.80,502
2026-09-04 00:00:00,BORANA,BORANA WEAVES LIMITED,303.65,309.40,303.65,307.60,300.35,2.41,5.75,1.89,1.10,11240,3446664.55,295
2026-09-04 00:00:00,SBINMID150,SBIAMC - SBINMID150,23.59,23.59,23.26,23.30,23.32,-0.09,0.33,1.40,1.16,11172,260301.52,126
2026-09-04 00:00:00,ENERGYDEV,ENERGY DEVE. CO.LTD,15.99,15.99,15.45,15.49,15.50,-0.06,0.54,3.38,3.16,11133,174359.58,171
2026-09-04 00:00:00,STARPAPER,STAR PAPER MILLS LTD,155.24,155.24,150.00,151.42,154.47,-1.97,5.24,3.38,0.50,11085,1676187.05,241
2026-09-04 00:00:00,ADROITINFO,ADROIT INFOTECH LIMITED,10.20,10.60,10.20,10.31,10.31,0.00,0.40,3.92,-1.07,10874,112986.73,82
2026-09-04 00:00:00,ANUP,THE ANUP ENGINEERING LTD,1820.00,1820.00,1781.00,1785.80,1808.00,-1.23,39.00,2.14,0.66,10691,19147500.50,1718
2026-09-04 00:00:00,ASIANHOTNR,ASIAN HOTELS (NORTH) LTD,389.95,390.85,378.55,384.75,383.85,0.23,12.30,3.15,1.59,10682,4117347.95,448
2026-09-04 00:00:00,FIBERWEB,FIBERWEB INDIA LIMITED,26.20,26.20,25.60,25.75,25.91,-0.62,0.60,2.29,1.12,10675,275076.24,91
2026-09-04 00:00:00,SUYOG,SUYOG TELEMATICS LIMITED,747.55,747.55,723.00,731.20,737.30,-0.83,24.55,3.28,1.39,10651,7777227.65,758
2026-09-04 00:00:00,SCHAND,S CHAND AND COMPANY LTD,136.00,137.99,135.35,136.41,136.73,-0.23,2.64,1.94,-0.53,10647,1451067.69,418
2026-09-04 00:00:00,SAMPANN,SAMPANN UTPADAN INDIA LTD,24.31,25.58,24.31,25.19,24.61,2.36,1.27,5.22,-1.22,10476,262300.50,134
2026-09-04 00:00:00,MIDBANKADD,DSPAMC - MIDBANKADD,17.52,17.54,17.47,17.50,17.52,-0.11,0.07,0.40,0.00,10430,182496.25,24
2026-09-04 00:00:00,MOHITIND,MOHIT INDUSTRIES LTD,24.99,24.99,23.37,23.78,23.72,0.25,1.62,6.48,5.35,10348,244749.72,86
2026-09-04 00:00:00,SINTERCOM,SINTERCOM INDIA LIMITED,81.20,90.00,79.62,80.80,79.61,1.49,10.38,12.78,2.00,10325,853570.36,139
2026-09-04 00:00:00,ARCHIES,ARCHIES LTD,13.00,13.20,12.80,12.90,12.91,-0.08,0.40,3.08,0.70,10318,134089.58,98
2026-09-04 00:00:00,VIDHIING,VIDHI SPCLTY F INGRDNTS L,345.00,350.50,342.20,347.75,342.80,1.44,8.30,2.41,0.64,10251,3542497.10,471
2026-09-04 00:00:00,GRINDWELL,GRINDWELL NORTON LIMITED,1982.50,1997.30,1955.00,1962.50,1974.40,-0.60,42.30,2.13,0.41,10248,20246520.90,2912
2026-09-04 00:00:00,NIRLON,NIRLON LTD,621.60,624.50,610.00,620.00,621.60,-0.26,14.50,2.33,0.00,10246,6356861.70,596
2026-09-04 00:00:00,VINYLINDIA,VINYL CHEMICALS (I) LTD.,227.94,234.00,224.00,232.38,227.94,1.95,10.00,4.39,0.00,10241,2379015.87,314
2026-09-04 00:00:00,EQUAL200,MIRAEAMC - EQUAL200,13.95,13.95,13.81,13.82,13.83,-0.07,0.14,1.00,0.87,10167,140661.36,48
2026-09-04 00:00:00,ECORECO,ECO RECYCLING LTD.,462.00,468.95,455.85,459.35,456.10,0.71,13.10,2.84,1.29,10145,4687844.30,655
2026-09-04 00:00:00,BAYERCROP,BAYER CROPSCIENCE LTD,3960.80,3998.90,3960.80,3989.90,3960.80,0.73,38.10,0.96,0.00,9989,39796201.60,1611
2026-09-04 00:00:00,HGS,HINDUJA GLOBAL SOLS. LTD.,393.00,409.00,391.05,399.25,393.00,1.59,17.95,4.57,0.00,9933,3920965.60,525
2026-09-04 00:00:00,SANOFI,SANOFI INDIA LIMITED,3206.00,3207.80,3151.00,3158.20,3190.80,-1.02,56.80,1.77,0.48,9898,31426796.70,2236
2026-09-04 00:00:00,HAMPTON,HAMPTON SKY REALTY LTD.,8.06,8.30,7.80,7.86,8.10,-2.96,0.50,6.20,-0.49,9884,79438.87,114
2026-09-04 00:00:00,ORTINGLOBE,ORTIN GLOBAL LIMITED,15.70,15.77,15.20,15.67,15.02,4.33,0.57,3.63,4.53,9743,153252.74,66
2026-09-04 00:00:00,AMARJOTHI,AMARJOTHI SPINNING MILL L,159.00,164.68,158.00,160.94,158.81,1.34,6.68,4.20,0.12,9739,1570680.11,85
2026-09-04 00:00:00,MOMETAL,MOTILALAMC - MOMETAL,13.21,13.41,13.16,13.32,13.16,1.22,0.25,1.89,0.38,9735,129879.20,25
2026-09-04 00:00:00,AFSL,ABANS FINANCIAL SRVCS LTD,211.80,211.80,201.30,202.07,208.77,-3.21,10.50,4.96,1.45,9724,1981541.43,258
2026-09-04 00:00:00,SUMIT,SUMIT WOODS LIMITED,53.00,53.00,50.79,51.71,51.57,0.27,2.21,4.17,2.77,9572,492721.16,370
2026-09-04 00:00:00,LINDEINDIA,LINDE INDIA LIMITED,6409.00,6411.00,6330.00,6346.00,6373.00,-0.42,81.00,1.26,0.56,9490,60399613.00,2441
2026-09-04 00:00:00,QUINT,QUINT DIGITAL LTD.,41.00,41.35,39.03,40.68,39.91,1.93,2.32,5.66,2.73,9343,373966.08,86
2026-09-04 00:00:00,LUXIND,LUX INDUSTRIES LIMITED,1170.10,1191.90,1170.10,1175.10,1171.70,0.29,21.80,1.86,-0.14,9331,11002184.30,910
2026-09-04 00:00:00,ZODIACLOTH,ZODIAC CLOTHING CO. LTD.,72.40,73.12,71.43,72.23,72.85,-0.85,1.69,2.33,-0.62,9323,675030.05,220
2026-09-04 00:00:00,FAZE3Q,FAZE THREE LIMITED,502.35,502.35,485.10,493.95,498.40,-0.89,17.25,3.43,0.79,9304,4605629.95,655
2026-09-04 00:00:00,TANAA,TANEJA AEROSPACE & AVIA L,282.35,287.40,280.00,282.15,282.35,-0.07,7.40,2.62,0.00,9298,2642119.60,441
2026-09-04 00:00:00,SHILGRAVQ,SHILP GRAVURES LTD.,149.42,151.00,143.00,144.80,150.42,-3.74,8.00,5.35,-0.66,9295,1360858.03,225
2026-09-04 00:00:00,GILLETTE,GILLETTE INDIA LTD,7340.00,7371.00,7300.00,7312.50,7341.00,-0.39,71.00,0.97,-0.01,9291,68059653.00,2909
2026-09-04 00:00:00,ALPA,ALPA LABORATORIES LTD,64.00,64.00,61.50,62.71,63.30,-0.93,2.50,3.91,1.11,9194,578468.52,161
2026-09-04 00:00:00,MUTHOOTCAP,MUTHOOT CAP SERV LTD,248.00,249.88,238.90,241.72,243.75,-0.83,10.98,4.43,1.74,9133,2220704.05,465
2026-09-04 00:00:00,YUKEN,YUKEN INDIA LIMITED,1010.05,1024.95,999.00,1010.80,1010.05,0.07,25.95,2.57,0.00,9116,9223074.30,910
2026-09-04 00:00:00,GOACARBON,GOA CARBON LIMITED,377.10,381.00,372.00,378.45,375.25,0.85,9.00,2.39,0.49,9112,3430190.35,697
2026-09-04 00:00:00,ABBOTINDIA,ABBOTT INDIA LIMITED,25945.00,26365.00,25810.00,26065.00,25945.00,0.46,555.00,2.14,0.00,8803,229246080.00,3571
2026-09-04 00:00:00,MMWL,MEDIA MATRIX WORLDWIDE L,14.10,14.59,14.10,14.53,14.07,3.27,0.49,3.48,0.21,8751,126608.37,170
2026-09-04 00:00:00,NIFTYBETA,UTIAMC-NIFTYBETA,267.57,267.57,265.15,265.73,264.92,0.31,2.42,0.90,1.00,8750,2327085.59,314
2026-09-04 00:00:00,SOMICONVEY,SOMI CONVEYOR BELT. LTD.,95.00,95.00,90.56,91.33,92.21,-0.95,4.44,4.67,3.03,8738,798513.67,240
2026-09-04 00:00:00,BIL,BHARTIYA INTERNATIONAL,924.00,924.00,899.95,907.85,915.85,-0.87,24.05,2.60,0.89,8736,7951980.55,638
2026-09-04 00:00:00,DYNAMATECH,DYNAMATIC TECHNOLOGIES,11560.00,11775.00,11558.00,11654.00,11532.00,1.06,217.00,1.88,0.24,8608,100306405.00,3309
2026-09-04 00:00:00,KRYSTAL,KRYSTAL INTEGRATED SER L,659.20,661.00,650.25,654.60,661.95,-1.11,10.75,1.63,-0.42,8580,5627177.35,462
2026-09-04 00:00:00,DODLA,DODLA DAIRY LIMITED,1081.70,1081.70,1062.00,1066.80,1069.90,-0.29,19.70,1.82,1.10,8579,9165812.60,1616
2026-09-04 00:00:00,RVHL,RAVINDER HEIGHTS LIMITED,39.87,40.00,38.25,39.84,39.09,1.92,1.75,4.39,2.00,8503,335592.41,93
2026-09-04 00:00:00,GRINFRA,G R INFRAPROJECTS LIMITED,878.95,878.95,865.60,869.10,871.10,-0.23,13.35,1.52,0.90,8369,7284755.45,1224
2026-09-04 00:00:00,MALUPAPER,MALU PAPER MILLS LIMITED,32.97,32.97,31.15,31.65,32.44,-2.44,1.82,5.52,1.63,8353,268478.48,105
2026-09-04 00:00:00,LOTUSEYE,LOTUS EYE HOSP & INST L,109.90,110.45,108.30,109.43,109.28,0.14,2.15,1.96,0.57,8350,913772.63,121
2026-09-04 00:00:00,NDRAUTO,NDR AUTO COMPONENTS LTD,727.80,729.00,716.80,723.45,724.20,-0.10,12.20,1.68,0.50,8337,6024804.80,872
2026-09-04 00:00:00,SUPREME,SUPREME HOLDIN N HOSP I L,37.70,37.70,36.12,36.27,36.21,0.17,1.58,4.19,4.11,8259,301570.01,102
2026-09-04 00:00:00,BALPHARMA,BAL PHARMA LTD.,87.70,89.69,87.10,87.73,87.71,0.02,2.59,2.95,-0.01,8210,720777.45,199
2026-09-04 00:00:00,KINGFA,KINGFA SCI & TEC IND LTD.,5910.00,6050.00,5887.00,5932.50,5888.00,0.76,163.00,2.76,0.37,8112,48375746.50,3173
2026-09-04 00:00:00,HECPROJECT,HEC INFRA PROJECTS LTD,121.78,121.78,115.05,117.78,121.34,-2.93,6.73,5.53,0.36,8085,950572.23,102
2026-09-04 00:00:00,JAYAGROGN,JAYANT AGRO ORGANICS LTD,232.04,235.96,227.01,230.60,230.83,-0.10,8.95,3.86,0.52,8025,1861399.69,261
2026-09-04 00:00:00,FOSECOIND,FOSECO INDIA LTD,6372.50,6404.00,6216.50,6263.00,6372.50,-1.72,187.50,2.94,0.00,7937,49993214.50,1992
2026-09-04 00:00:00,TVSHLTD,TVS HOLDINGS LIMITED,13140.00,13499.00,13140.00,13374.00,13156.00,1.66,359.00,2.73,-0.12,7881,105422727.00,2516
2026-09-04 00:00:00,SUDARCOLOR,SUDARSHAN COLORNT IND LTD,390.60,394.60,381.00,383.45,388.00,-1.17,13.60,3.48,0.67,7856,3051873.35,292
2026-09-04 00:00:00,AARVI,AARVI ENCON LIMITED,139.61,143.96,139.61,141.92,141.35,0.40,4.35,3.12,-1.23,7773,1106368.64,345
2026-09-04 00:00:00,NTCIND,N T C INDUSTRIES LTD.,139.00,139.00,130.26,133.16,132.95,0.16,8.74,6.29,4.55,7739,1057015.13,169
2026-09-04 00:00:00,KAMANWALA,KAMANWALA HOUSING CONST L,16.50,16.60,16.50,16.59,15.90,4.34,0.10,0.61,3.77,7692,126934.19,18
2026-09-04 00:00:00,SANGAMIND,SANGAM (INDIA) LTD,573.25,582.80,572.10,578.80,571.85,1.22,10.70,1.87,0.24,7685,4441546.10,733
2026-09-04 00:00:00,BEARDSELL,BEARDSELL LIMITED,25.29,26.32,24.62,25.31,25.41,-0.39,1.70,6.72,-0.47,7642,194932.07,204
2026-09-04 00:00:00,CONTROLPR,CONTROL PRINT LIMITED,602.00,602.00,591.15,593.35,600.30,-1.16,10.85,1.80,0.28,7641,4537803.20,1450
2026-09-04 00:00:00,MAHEPC,MAHINDRA EPC IRRIG LTD,103.30,104.90,103.20,103.62,103.25,0.36,1.70,1.65,0.05,7636,792592.80,204
2026-09-04 00:00:00,LKPSEC,L K P SECURITIES LTD.,15.59,15.99,14.62,15.28,15.02,1.73,1.37,8.79,3.79,7614,117723.45,92
2026-09-04 00:00:00,MAGNUM,MAGNUM VENTURES LTD.,18.82,19.49,18.82,19.00,19.00,0.00,0.67,3.56,-0.95,7566,144016.08,48
2026-09-04 00:00:00,ZFSTEERING,Z F STEERING GEAR (I) LTD,673.00,677.90,661.00,667.50,667.75,-0.04,16.90,2.51,0.79,7552,5023066.80,163
2026-09-04 00:00:00,INDOTECH,INDO TECH TRANSFORM LTD.,3619.70,3704.00,3606.40,3663.10,3610.70,1.45,97.60,2.70,0.25,7508,27585809.80,1393
2026-09-04 00:00:00,RKDL,RAVI KUMAR DIST. LTD.,18.14,18.74,18.14,18.39,18.32,0.38,0.60,3.31,-0.98,7502,139550.80,97
2026-09-04 00:00:00,JMA,JULLUNDUR MOT AGENCY LTD,93.79,93.79,89.00,90.58,92.24,-1.80,4.79,5.11,1.68,7483,683957.05,139
2026-09-04 00:00:00,NATHBIOGEN,NATH BIO-GENES (I) LTD,154.00,154.94,151.66,153.12,153.07,0.03,3.28,2.13,0.61,7468,1141388.04,183
2026-09-04 00:00:00,KIRLOSIND,KIRLOSKAR INDUSTRIES LTD,3734.00,3783.90,3685.00,3731.50,3724.70,0.18,98.90,2.65,0.25,7463,27757454.30,1243
2026-09-04 00:00:00,ENERGYAXIS,AXISAMC - ENERGYAXIS,19.00,19.17,19.00,19.15,19.20,-0.26,0.17,0.89,-1.04,7399,141439.33,52
2026-09-04 00:00:00,UNITEDTEA,UNITED NILGIRI TEA LTD,448.95,449.00,441.00,442.80,447.05,-0.95,8.00,1.78,0.43,7393,3277335.25,123
2026-09-04 00:00:00,ELECTHERM,ELECTROTHERM (I) LTD.,979.90,999.90,979.90,980.90,979.90,0.10,20.00,2.04,0.00,7385,7264252.75,331
2026-09-04 00:00:00,VGCL,VIBRANT GLOBAL CAPITAL L,54.59,54.84,51.07,52.62,52.36,0.50,3.77,6.91,4.26,7319,390144.38,149
2026-09-04 00:00:00,QUALITY30,KOTAKMAMC - QUALITY30,20.67,20.80,20.65,20.65,20.75,-0.48,0.15,0.73,-0.39,7309,151170.50,45
2026-09-04 00:00:00,PGHL,PROCTER & GAMBLE HEALTH L,5757.50,5780.00,5650.00,5660.00,5757.50,-1.69,130.00,2.26,0.00,7255,41204672.50,2559
2026-09-04 00:00:00,AUTOAXLES,AUTOMOTIVE AXLES LIMITED,1710.00,1717.80,1684.10,1688.70,1705.40,-0.98,33.70,1.97,0.27,7212,12252961.80,838
2026-09-04 00:00:00,LINC,LINC LIMITED,94.10,96.50,94.10,95.07,94.69,0.40,2.40,2.55,-0.62,7202,687972.56,227
2026-09-04 00:00:00,DHRUV,DHRUV CONSULTANCY SER LTD,23.45,23.45,22.29,22.32,23.45,-4.82,1.16,4.95,0.00,7195,162783.44,100
2026-09-04 00:00:00,JUBLCPL,JUBILANT AGRI N CON PRO L,2329.10,2342.60,2203.50,2222.60,2304.80,-3.57,139.10,5.97,1.05,7185,16309967.40,1167
2026-09-04 00:00:00,ICEMAKE,ICE MAKE REFRIGERAT LTD,739.25,743.70,734.45,738.60,739.25,-0.09,9.25,1.25,0.00,7174,5297857.40,616
2026-09-04 00:00:00,VADILALIND,VADILAL INDUSTRIES LTD,7581.50,7690.00,7522.00,7655.00,7615.00,0.53,168.00,2.22,-0.44,7172,54563752.00,2271
2026-09-04 00:00:00,PVTBKGROWW,GROWWAMC - PVTBKGROWW,28.19,28.19,27.69,27.92,27.74,0.65,0.50,1.77,1.62,7168,200408.47,114
2026-09-04 00:00:00,ROHLTD,ROYAL ORCHID HOTELS LTD,298.00,305.20,297.00,298.55,298.50,0.02,8.20,2.75,-0.17,7153,2141074.00,361
2026-09-04 00:00:00,HARRMALAYA,HARRISON MALAYALAM LTD,193.00,195.49,190.92,192.72,191.20,0.79,4.57,2.37,0.94,7134,1378402.85,196
2026-09-04 00:00:00,MATRIMONY,MATRIMONY.COM LIMITED,532.25,533.90,524.00,529.05,529.60,-0.10,9.90,1.86,0.50,7124,3767785.45,402
2026-09-04 00:00:00,NGLFINE,NGL FINE CHEM LIMITED,2940.00,2981.90,2890.50,2907.50,2940.80,-1.13,91.40,3.11,-0.03,7107,20808862.30,1535
2026-09-04 00:00:00,BEDMUTHA,BEDMUTHA INDUST LTD,108.50,115.00,108.50,112.37,112.23,0.12,6.50,5.99,-3.32,7077,794550.62,115
2026-09-04 00:00:00,SMLT,SARTHAK METALS LIMITED,65.80,70.00,63.12,65.59,64.59,1.55,6.88,10.46,1.87,7074,458475.26,193
2026-09-04 00:00:00,MIDWESTLTD,MIDWEST LIMITED,1064.90,1065.00,1053.00,1062.10,1054.30,0.74,12.00,1.13,1.01,7030,7448518.80,725
2026-09-04 00:00:00,STEELCITY,STEEL CITY SECURITIES LTD,87.90,87.90,85.00,85.55,86.47,-1.06,2.90,3.30,1.65,6956,599784.01,198
2026-09-04 00:00:00,EMPIND,EMPIRE INDUSTRIES LTD.,1202.00,1208.30,1192.00,1195.60,1195.90,-0.03,16.30,1.36,0.51,6883,8241824.50,500
2026-09-04 00:00:00,CAPITALSFB,CAPITAL SMALL FIN BANK L,285.60,285.60,280.10,280.95,281.85,-0.32,5.50,1.93,1.33,6864,1941225.25,402
2026-09-04 00:00:00,NIBL,NRB INDUS. BEARINGS LTD.,30.51,31.64,30.51,30.80,30.76,0.13,1.13,3.70,-0.81,6851,212179.62,83
2026-09-04 00:00:00,ITADD,DSPAMC - DSPIT,32.99,32.99,32.52,32.57,32.67,-0.31,0.47,1.42,0.98,6830,223894.56,56
2026-09-04 00:00:00,MANCREDIT,MANGAL CREDIT N FINCORP L,233.82,235.38,227.01,228.33,231.40,-1.33,8.37,3.58,1.05,6769,1553413.85,383
2026-09-04 00:00:00,UNIENTER,UNIPHOS ENTERPRISES LTD,96.00,96.00,93.00,93.19,94.06,-0.92,3.00,3.12,2.06,6732,631623.98,130
2026-09-04 00:00:00,MAHAPEXLTD,MAHA RASHTRA APEX COPR. L,54.70,54.75,53.01,53.51,54.72,-2.21,1.74,3.18,-0.04,6664,360408.25,134
2026-09-04 00:00:00,CHEMBOND,CHEMBOND MATERIALTECH LTD,178.96,178.96,169.01,170.90,173.02,-1.23,9.95,5.56,3.43,6660,1145702.24,219
2026-09-04 00:00:00,MOOILGAS,MOTILALAMC - MOOILGAS,11.21,11.29,11.19,11.29,11.21,0.71,0.10,0.89,0.00,6633,74854.49,36
2026-09-04 00:00:00,DIGIDRIVE,DIGIDRIVE DISTRIBUTORS L,17.31,18.00,17.31,17.65,17.80,-0.84,0.69,3.99,-2.75,6628,117599.76,96
2026-09-04 00:00:00,HEALTHAXIS,AXISAMC-HEALTHAXIS,171.23,190.00,166.75,167.04,168.69,-0.98,23.25,13.58,1.51,6611,1107251.43,125
2026-09-04 00:00:00,LGHL,LAXMI GOLDORNA HOUSE LTD,175.20,183.48,173.26,175.42,178.95,-1.97,10.22,5.83,-2.10,6577,1173669.33,235
2026-09-04 00:00:00,SWARAJENG,SWARAJ ENGINES LTD,3544.10,3672.00,3540.00,3557.80,3554.70,0.09,132.00,3.72,-0.30,6552,23425777.00,1529
2026-09-04 00:00:00,MAKERSL,MAKERS LABORATORIES LTD.,206.85,206.85,188.40,189.90,200.77,-5.41,18.45,8.92,3.03,6513,1272565.85,439
2026-09-04 00:00:00,ASTRAZEN,ASTRAZENECA PHARMA IND LT,6999.00,7062.00,6900.00,6944.00,6940.50,0.05,162.00,2.31,0.84,6489,45222732.00,2682
2026-09-04 00:00:00,VLSFINANCE,VLS FINANCE LTD,245.20,248.35,245.20,246.44,246.57,-0.05,3.15,1.28,-0.56,6476,1593892.96,156
2026-09-04 00:00:00,SANOFICONR,SANOFI CONS HEALTHC IND L,4205.30,4234.90,4108.00,4201.70,4205.40,-0.09,126.90,3.02,-0.00,6432,26811768.00,1451
2026-09-04 00:00:00,ABANSENT,ABANS ENTERPRISES LTD.,28.40,28.40,27.20,27.86,27.45,1.49,1.20,4.23,3.46,6398,175622.07,107
2026-09-04 00:00:00,SUNDROP,SUNDROP BRANDS LIMITED,656.40,666.05,654.60,662.50,656.40,0.93,11.45,1.74,0.00,6390,4221271.05,407
2026-09-04 00:00:00,MADHAV,MADHAV MARBLE & GRANITE,36.70,36.70,34.11,35.36,34.84,1.49,2.59,7.06,5.34,6274,221393.48,143
2026-09-04 00:00:00,PKTEA,THE P K TEA PROD CO LTD,777.70,810.00,740.05,802.65,751.75,6.77,69.95,8.99,3.45,6257,4961437.85,86
2026-09-04 00:00:00,MON50EQUAL,MOTILALAMC - MON50EQUAL,33.30,33.30,32.98,33.17,33.16,0.03,0.32,0.96,0.42,6254,206845.56,61
2026-09-04 00:00:00,SMALLGROWW,GROWWAMC - SMALLGROWW,39.41,49.79,39.41,49.06,48.96,0.20,10.38,26.34,-19.51,6170,302441.74,93
2026-09-04 00:00:00,EKI,EKI ENERGY SERVICES LTD,73.15,76.00,73.11,74.13,74.06,0.09,2.89,3.95,-1.23,6162,457852.27,205
2026-09-04 00:00:00,SHREYANIND,SHREYANS INDUSTRIES LTD,130.00,130.70,126.90,128.93,129.30,-0.29,3.80,2.92,0.54,6128,790453.37,114
2026-09-04 00:00:00,MSCI360,360ONEAMC - MSCI360,10.12,10.27,10.04,10.27,10.06,2.09,0.23,2.27,0.60,6033,60999.36,23
2026-09-04 00:00:00,ENIFTY,EDELAMC - ENIFTY,24.75,24.75,24.10,24.19,24.15,0.17,0.65,2.63,2.48,6023,146311.02,58
2026-09-04 00:00:00,ABSLNN50ET,BIRLASLAMC - ABSLNN50ET,77.99,77.99,76.90,77.08,77.01,0.09,1.09,1.40,1.27,6022,464538.55,182
2026-09-04 00:00:00,SWARNSAR,SWARNSARITA JEWELS IND L,35.05,35.44,34.17,35.25,35.48,-0.65,1.27,3.62,-1.21,6016,211514.70,35
2026-09-04 00:00:00,BALKRISHNA,BALKRISHNA PAPER MILLS L,17.50,17.50,17.00,17.08,17.48,-2.29,0.50,2.86,0.11,6016,104245.52,71
2026-09-04 00:00:00,DCMFINSERV,DCM FINANCIAL SERVICES LT,5.09,5.37,5.09,5.20,5.09,2.16,0.28,5.50,0.00,5995,31401.91,67
2026-09-04 00:00:00,LOVABLE,LOVABLE LINGERIE LTD,72.85,72.85,70.57,71.37,72.21,-1.16,2.28,3.13,0.89,5969,425129.15,264
2026-09-04 00:00:00,CPEDU,CAREER POINT EDUTECH LTD,190.39,195.01,188.48,191.97,189.76,1.16,6.53,3.43,0.33,5928,1142151.72,131
2026-09-04 00:00:00,BIRLANU,BIRLANU LIMITED,1440.00,1451.00,1421.90,1448.00,1423.50,1.72,29.10,2.02,1.16,5921,8498138.10,437
2026-09-04 00:00:00,LEXUS,LEXUS GRANITO (INDIA) LTD,13.22,13.94,13.22,13.53,13.54,-0.07,0.72,5.45,-2.36,5919,80339.17,103
2026-09-04 00:00:00,MOALPHA50,MOTILALAMC - MOALPHA50,56.36,57.50,56.16,56.36,56.62,-0.46,1.34,2.38,-0.46,5914,333230.89,80
2026-09-04 00:00:00,AMBIKCO,AMBIKA COTTON MILL LTD.,1649.90,1650.00,1624.30,1639.10,1634.70,0.27,25.70,1.56,0.93,5906,9678668.20,825
2026-09-04 00:00:00,BLUEDART,BLUE DART EXPRESS LTD,5034.00,5048.90,4968.10,4991.70,5028.80,-0.74,80.80,1.61,0.10,5838,29187141.70,1318
2026-09-04 00:00:00,TAALTECH,TAAL TECH LTD.,4600.00,4634.80,4475.20,4502.20,4496.00,0.14,159.60,3.47,2.31,5834,26583039.40,1322
2026-09-04 00:00:00,KREBSBIO,KREBS BIOCHEMICALS & IND,56.50,56.50,54.45,55.95,54.50,2.66,2.05,3.63,3.67,5830,323638.65,304
2026-09-04 00:00:00,DIAMONDYD,PRATAAP SNACKS LIMITED,1162.30,1162.30,1147.60,1158.30,1159.80,-0.13,14.70,1.26,0.22,5787,6672296.50,713
2026-09-04 00:00:00,HINDCOMPOS,HINDUSTAN COMPOSITES LTD.,392.10,415.00,392.10,394.85,393.10,0.45,22.90,5.84,-0.25,5640,2252730.35,319
2026-09-04 00:00:00,AMNPLST,AMINES & PLASTICIZERS LTD,179.95,179.95,172.80,172.89,176.07,-1.81,7.15,3.97,2.20,5639,984167.66,291
2026-09-04 00:00:00,THEJO,THEJO ENGINEERING LIMITED,2081.00,2142.00,2081.00,2125.30,2091.00,1.64,61.00,2.93,-0.48,5621,11895014.90,668
2026-09-04 00:00:00,VIRAT,VIRAT INDUSTRIES LTD.,430.00,436.40,414.30,423.35,429.50,-1.43,22.10,5.14,0.12,5617,2367871.20,128
2026-09-04 00:00:00,BIOFILCHEM,BIOFIL CHEM & PHARMA LTD,32.80,32.80,31.31,32.00,31.97,0.09,1.49,4.54,2.60,5543,177784.20,151
2026-09-04 00:00:00,AKASH,AKASH INFRA-PROJECTS LTD,25.10,25.97,24.67,25.60,24.92,2.73,1.30,5.18,0.72,5520,139892.29,46
2026-09-04 00:00:00,SEJALLTD,SEJAL GLASS LIMITED,670.10,674.75,648.00,657.50,672.45,-2.22,26.75,3.99,-0.35,5519,3659508.30,539
2026-09-04 00:00:00,BANKADD,DSPAMC - DSPBANK,58.96,59.14,58.82,58.99,58.95,0.07,0.32,0.54,0.02,5499,324237.69,53
2026-09-04 00:00:00,SBIMIDMOM,SBIAMC - SBIMIDMOM,63.70,64.07,63.56,63.73,63.87,-0.22,0.51,0.80,-0.27,5431,346524.16,116
2026-09-04 00:00:00,NITTAGELA,NITTA GELATIN INDIA LTD.,1600.30,1654.00,1600.00,1632.50,1639.10,-0.40,54.00,3.37,-2.37,5396,8783004.80,650
2026-09-04 00:00:00,CHEMCRUX,CHEMCRUX ENTERPRISES LTD.,82.00,83.20,80.05,82.16,82.48,-0.39,3.15,3.84,-0.58,5344,433971.00,181
2026-09-04 00:00:00,NBIFIN,N.B.I. IND. FIN. CO. LTD,1971.70,1998.60,1960.00,1981.90,1983.40,-0.08,38.60,1.96,-0.59,5313,10446802.90,51
2026-09-04 00:00:00,INCREDIBLE,INCREDIBLE INDUSTRIES LTD,32.13,32.99,31.99,32.54,32.13,1.28,1.00,3.11,0.00,5276,169266.41,38
2026-09-04 00:00:00,NGIL,NAKODA GROUP OF IND. LTD,41.04,41.04,39.55,40.58,40.24,0.84,1.49,3.63,1.99,5259,211195.10,40
2026-09-04 00:00:00,SAGARDEEP,SAGARDEEP ALLOYS LIMITED,23.76,24.00,23.53,23.62,23.76,-0.59,0.47,1.98,0.00,5256,124820.33,70
2026-09-04 00:00:00,BANKA,BANKA BIOLOO LIMITED,79.00,79.00,77.25,79.00,75.27,4.96,1.75,2.22,4.96,5253,411657.40,37
2026-09-04 00:00:00,AROGRANITE,ARO GRANITE IND. LTD.,25.05,25.05,24.40,24.55,24.97,-1.68,0.65,2.59,0.32,5191,127040.90,39
2026-09-04 00:00:00,JYOTIRES,JYOTI RESINS & ADHESIVE L,877.00,877.00,863.05,868.10,866.35,0.20,13.95,1.59,1.23,5189,4508176.15,518
2026-09-04 00:00:00,HALEOSLABS,HALEOS LABS LIMITED,1509.40,1509.40,1441.00,1451.30,1482.10,-2.08,68.40,4.53,1.84,5164,7528865.90,100
2026-09-04 00:00:00,PHOENXINTL,PHOENIX INTERNATIONAL LTD,32.50,32.50,28.52,29.01,29.48,-1.59,3.98,12.25,10.24,5152,152635.81,84
2026-09-04 00:00:00,EMETAL,EDELAMC - EMETAL,13.21,13.36,13.13,13.36,13.19,1.29,0.23,1.74,0.15,5051,66397.95,14
2026-09-04 00:00:00,DAICHI,DAI-ICHI KARKARIA LTD.,374.70,374.70,359.80,364.80,369.75,-1.34,14.90,3.98,1.34,5043,1858195.90,169
2026-09-04 00:00:00,RAMANEWS,SHREE RAMA NEWSPRINT LTD,32.96,32.96,31.66,31.75,32.35,-1.85,1.30,3.94,1.89,4990,158599.09,89
2026-09-04 00:00:00,APCL,ANJANI PORTLAND CEM LTD,102.50,102.50,100.11,101.42,100.10,1.32,2.39,2.33,2.40,4976,504691.74,106
2026-09-04 00:00:00,BAJAJST,BAJAJ STEEL INDS. LTD.,366.70,366.85,361.70,362.95,361.50,0.40,5.15,1.40,1.44,4966,1809679.55,438
2026-09-04 00:00:00,GROWWPSE,GROWWAMC - GROWWPSE,97.30,99.48,95.90,98.30,97.89,0.42,3.58,3.68,-0.60,4944,484934.92,132
2026-09-04 00:00:00,AMAL,AMAL LTD.,748.00,756.70,735.00,743.20,749.80,-0.88,21.70,2.90,-0.24,4940,3672642.35,369
2026-09-04 00:00:00,VEEDOL,VEEDOL CORPORATION LTD,1464.90,1486.00,1464.90,1476.80,1462.80,0.96,21.10,1.44,0.14,4888,7201332.60,1034
2026-09-04 00:00:00,SHIVAAGRO,SHIVA GLOBAL AGRO INDS. L,41.70,41.70,40.25,41.39,42.90,-3.52,1.45,3.48,-2.80,4883,200662.01,24
2026-09-04 00:00:00,ORISSAMINE,ORISSA MIN DEV CO LTD,4302.00,4350.00,4270.10,4311.70,4290.30,0.50,79.90,1.86,0.27,4863,20936066.70,1181
2026-09-04 00:00:00,TOTAL,TOTAL TRANSPORT SYS LTD,69.61,74.80,69.10,70.88,70.31,0.81,5.70,8.19,-1.00,4743,334498.80,116
2026-09-04 00:00:00,BEEKAY,BEEKAY STEEL INDS. LTD.,419.55,421.00,406.85,417.40,419.55,-0.51,14.15,3.37,0.00,4726,1932740.70,172
2026-09-04 00:00:00,GROWWLOVOL,GROWWAMC - GROWWLOVOL,10.50,10.50,10.24,10.30,10.34,-0.39,0.26,2.48,1.55,4721,48573.11,144
2026-09-04 00:00:00,TRF,TRF LIMITED,231.90,232.00,229.13,231.59,230.03,0.68,2.87,1.24,0.81,4712,1085177.47,235
2026-09-04 00:00:00,SGIL,SYNERGY GREEN IND. LTD,612.85,612.85,600.00,606.20,603.80,0.40,12.85,2.10,1.50,4698,2833803.90,275
2026-09-04 00:00:00,SUKHJITS,SUKHJIT STARCH & CHEM LTD,157.81,159.80,157.01,157.86,157.71,0.10,2.79,1.77,0.06,4696,742320.79,99
2026-09-04 00:00:00,REPRO,REPRO INDIA LIMITED,326.70,326.70,317.00,319.45,323.15,-1.14,9.70,2.97,1.10,4692,1501152.20,290
2026-09-04 00:00:00,TIPSFILMS,TIPS FILMS LIMITED,332.00,338.00,330.00,331.00,331.35,-0.11,8.00,2.41,0.20,4667,1553202.05,275
2026-09-04 00:00:00,MRF,MRF LTD,130950.00,131080.00,129705.00,129945.00,130510.00,-0.43,1375.00,1.05,0.34,4656,606101075.00,2742
2026-09-04 00:00:00,CHEMFAB,CHEMFAB ALKALIS LIMITED,364.45,364.45,356.05,360.10,358.00,0.59,8.40,2.30,1.80,4597,1650776.65,53
2026-09-04 00:00:00,SEMAC,SEMAC CONSTRUCTION LTD,298.90,298.90,276.05,277.25,290.55,-4.58,22.85,7.64,2.87,4531,1260927.65,135
2026-09-04 00:00:00,EXCELINDUS,EXCEL INDUSTRIES LTD,1035.10,1045.00,1026.10,1031.40,1034.90,-0.34,18.90,1.83,0.02,4529,4679881.20,619
2026-09-04 00:00:00,COCKERILL,JOHN COCKERILL INDIA LTD.,8095.00,8230.00,8025.50,8193.50,8080.00,1.40,204.50,2.53,0.19,4524,36832125.00,949
2026-09-04 00:00:00,ABCOTS,A B COTSPIN INDIA LIMITED,209.70,217.99,206.30,208.15,207.46,0.33,11.69,5.57,1.08,4500,943697.12,298
2026-09-04 00:00:00,LAMBODHARA,LAMBODHARA TEXTILES LTD.,138.81,139.91,133.96,134.67,137.47,-2.04,5.95,4.29,0.97,4467,611464.48,283
2026-09-04 00:00:00,SELMC,SEL MANUFACTURING CO LTD,29.50,29.50,26.53,27.50,27.17,1.21,2.97,10.07,8.58,4456,122905.99,82
2026-09-04 00:00:00,NIMBSPROJ,NIMBUS PROJECTS LIMITED,154.00,154.00,144.34,147.84,151.93,-2.69,9.66,6.27,1.36,4411,647697.00,197
2026-09-04 00:00:00,PNC,PRITISH NANDY COMMUNICATI,16.45,16.90,16.26,16.72,16.62,0.60,0.64,3.89,-1.02,4397,72597.76,101
2026-09-04 00:00:00,AARON,AARON INDUSTRIES LIMITED,131.00,131.00,127.00,128.45,128.98,-0.41,4.00,3.05,1.57,4376,561249.74,191
2026-09-04 00:00:00,GRANDOAK,GRAND OAK CANYONS DIST L,35.85,36.70,34.48,34.84,34.98,-0.40,2.22,6.19,2.49,4351,153815.07,320
2026-09-04 00:00:00,NSIL,NALWA SONS INVESTMENT LTD,5683.00,5799.00,5636.00,5721.50,5683.00,0.68,163.00,2.87,0.00,4333,24819823.00,454
2026-09-04 00:00:00,MOSERVICE,MOTILALAMC - MOSERVICE,30.91,30.99,30.90,30.91,30.64,0.88,0.09,0.29,0.88,4297,132823.85,21
2026-09-04 00:00:00,IFBAGRO,IFB AGRO INDUSTRIES LTD,913.90,916.00,887.30,903.30,889.05,1.60,28.70,3.14,2.80,4296,3875683.70,418
2026-09-04 00:00:00,GLFL,GUJARAT LEASE FINANCING L,5.64,5.80,5.55,5.80,5.66,2.47,0.25,4.43,-0.35,4293,24874.60,17
2026-09-04 00:00:00,WENDT,WENDT (INDIA) LIMITED,8359.00,8360.00,8124.00,8160.00,8307.00,-1.77,236.00,2.82,0.63,4236,34736768.00,1236
2026-09-04 00:00:00,ALUFLUOR,ALUFLUORIDE LTD.,505.00,505.00,496.05,499.05,502.15,-0.62,8.95,1.77,0.57,4229,2115600.30,162
2026-09-04 00:00:00,KARMAENG,KARMA ENERGY LIMITED,39.00,39.00,36.80,37.45,37.70,-0.66,2.20,5.64,3.45,4181,155720.22,128
2026-09-04 00:00:00,WORTHPERI,WORTH PERIPHERALS LIMITED,157.00,157.00,152.70,154.99,153.99,0.65,4.30,2.74,1.95,4169,641987.80,80
2026-09-04 00:00:00,WILLAMAGOR,WILLIAMSON MAGOR,26.50,26.50,24.00,25.40,24.58,3.34,2.50,9.43,7.81,4157,103049.36,74
2026-09-04 00:00:00,DELTAMAGNT,DELTA MANUFACTURING LTD,56.66,59.90,55.72,58.40,57.23,2.04,4.18,7.38,-1.00,4124,238125.88,188
2026-09-04 00:00:00,BELLACASA,BELLA CASA FASH AND RET L,241.90,246.95,240.02,242.85,239.51,1.39,6.93,2.86,1.00,4050,985493.12,263
2026-09-04 00:00:00,VSTTILLERS,VST TILLERS TRACTORS LTD,4196.10,4220.40,4151.80,4187.60,4175.30,0.29,68.60,1.63,0.50,4042,16945556.90,951
2026-09-04 00:00:00,SENSEXBETA,UTIAMC-SENSEXBETA,866.26,866.26,848.52,850.89,849.27,0.19,17.74,2.05,2.00,4022,3417382.57,78
2026-09-04 00:00:00,LOTUSCHO,LOTUS CHOCOLATE CO. LTD.,635.00,649.95,624.00,630.40,650.95,-3.16,25.95,4.09,-2.45,4002,2544752.70,330
2026-09-04 00:00:00,SRGHFL,SRG HOUSING FINANCE L,249.70,261.00,241.00,245.45,249.70,-1.70,20.00,8.01,0.00,3956,968274.45,114
2026-09-04 00:00:00,STEL,STEL HOLDINGS LIMITED,615.05,616.00,598.20,607.90,606.95,0.16,17.80,2.89,1.33,3953,2399181.00,288
2026-09-04 00:00:00,MOLOWVOL,MOTILALAMC - MOLOWVOL,36.09,36.21,35.97,36.12,36.35,-0.63,0.24,0.67,-0.72,3927,141649.99,89
2026-09-04 00:00:00,KOTHARIPRO,KOTHARI PRODUCTS LTD,66.90,68.37,66.26,67.39,67.58,-0.28,2.11,3.15,-1.01,3862,260734.41,83
2026-09-04 00:00:00,SURAJLTD,SURAJ LIMITED,204.00,204.99,201.00,201.79,203.17,-0.68,3.99,1.96,0.41,3832,776262.15,66
2026-09-04 00:00:00,INDOKEM,INDOKEM LTD.,636.00,640.00,615.10,625.55,628.70,-0.50,24.90,3.92,1.16,3809,2416846.40,244
2026-09-04 00:00:00,DIAMINESQ,DIAMINES & CHEMICALS LTD,243.54,245.39,240.00,240.99,244.76,-1.54,5.39,2.21,-0.50,3798,922791.21,299
2026-09-04 00:00:00,MODINATUR,MODI NATURALS LIMITED,345.10,345.10,328.00,340.95,334.30,1.99,17.10,4.96,3.23,3782,1289992.20,147
2026-09-04 00:00:00,BOHRAIND,BOHRA INDUSTRIES LIMITED,12.25,12.93,12.25,12.70,12.35,2.83,0.68,5.55,-0.81,3714,47130.71,39
2026-09-04 00:00:00,THEINVEST,THE INVEST TRUST OF IND L,98.11,98.11,94.61,95.00,98.10,-3.16,3.50,3.57,0.01,3714,355882.32,172
2026-09-04 00:00:00,LAHOTIOV,LAHOTI OVERSEAS LTD.,46.00,46.00,43.00,43.08,45.08,-4.44,3.00,6.52,2.04,3701,161729.06,67
2026-09-04 00:00:00,ATLASCYCLE,ATLAS CYCLE (HARYANA) LTD,96.44,96.44,93.50,96.18,95.44,0.78,2.94,3.05,1.05,3691,351615.80,109
2026-09-04 00:00:00,ELPROINTL,ELPRO INTERNATIONAL LTD,173.66,174.94,173.58,174.00,174.44,-0.25,1.36,0.78,-0.45,3631,632046.96,75
2026-09-04 00:00:00,NEXT30ADD,DSPAMC - NEXT30ADD,42.65,42.78,42.50,42.69,42.59,0.23,0.28,0.66,0.14,3585,152834.56,97
2026-09-04 00:00:00,AMJLAND,AMJ LAND HOLDINGS LIMITED,39.79,39.92,38.63,39.47,39.60,-0.33,1.29,3.24,0.48,3541,138832.95,119
2026-09-04 00:00:00,JPOLYINVST,JIND POL INV & FIN CO LTD,1010.00,1011.80,992.50,997.45,1006.50,-0.90,19.30,1.91,0.35,3507,3513896.10,564
2026-09-04 00:00:00,AGRITECH,AGRI-TECH (INDIA) LIMITED,101.10,103.80,99.85,101.21,101.10,0.11,3.95,3.91,0.00,3474,349121.82,94
2026-09-04 00:00:00,BBTCL,B&B TRIPLEWALL CONT LTD,236.00,236.00,227.00,230.22,233.77,-1.52,9.00,3.81,0.95,3429,793987.77,169
2026-09-04 00:00:00,KIRANVYPAR,KIRAN VYAPAR LTD.,207.00,207.80,202.70,205.41,207.98,-1.24,5.10,2.46,-0.47,3402,702491.83,99
2026-09-04 00:00:00,SUMEDHA,SUMEDHA FISCAL SERVICES L,39.40,39.49,38.75,39.01,38.51,1.30,0.74,1.88,2.31,3377,131321.26,15
2026-09-04 00:00:00,HDFCLOWVOL,HDFCAMC - HDFCLOWVOL,20.55,20.60,20.45,20.48,20.55,-0.34,0.15,0.73,0.00,3372,69074.09,80
2026-09-04 00:00:00,ALBERTDAVD,ALBERT DAVID LIMITED,876.90,878.00,851.60,860.25,870.15,-1.14,26.40,3.01,0.78,3339,2877043.15,357
2026-09-04 00:00:00,BONLON,BONLON INDUSTRIES LIMITED,40.74,41.87,40.05,40.13,40.66,-1.30,1.82,4.47,0.20,3268,132078.08,99
2026-09-04 00:00:00,INDIANCARD,INDIAN CARD CLOTHING CO.,214.79,225.01,208.61,219.97,214.82,2.40,16.40,7.64,-0.01,3224,703064.87,91
2026-09-04 00:00:00,VTMLTD,V T M LTD.,56.29,57.70,55.30,56.12,56.57,-0.80,2.40,4.26,-0.49,3172,180189.41,65
2026-09-04 00:00:00,SUNCLAY,SUNDARAM CLAYTON LIMITED,1296.80,1311.90,1285.70,1304.40,1291.30,1.01,26.20,2.02,0.43,3165,4125225.30,372
2026-09-04 00:00:00,UDAYJEW,UDAY JEWELLERY INDS. LTD.,143.00,143.20,136.70,143.00,138.14,3.52,6.50,4.55,3.52,3159,448973.81,110
2026-09-04 00:00:00,SHRADDHA,SHRADDHA PRIME PROJECTS L,157.49,159.80,153.21,156.48,152.78,2.42,6.59,4.18,3.08,3120,488973.95,131
2026-09-04 00:00:00,NIFTYADD,DSPAMC - DSPNIFTY,252.72,253.75,251.80,252.48,251.97,0.20,1.95,0.77,0.30,3105,784221.04,119
2026-09-04 00:00:00,IPRINGLTD,IP RINGS LTD.,163.00,165.95,155.10,159.99,162.07,-1.28,10.85,6.66,0.57,3047,491159.54,84
2026-09-04 00:00:00,HINDALUMI,HIND ALUMINIUM INDS. LTD.,97.00,100.70,95.20,97.43,97.50,-0.07,5.50,5.67,-0.51,3024,294835.45,128
2026-09-04 00:00:00,MFML,MAHALAXMI FABRIC MILLS LT,18.63,18.80,18.12,18.59,18.36,1.25,0.68,3.65,1.47,3002,55773.73,56
2026-09-04 00:00:00,CINEVISTA,CINEVISTA LIMITED,14.49,14.98,14.20,14.24,14.19,0.35,0.78,5.38,2.11,2982,43047.91,57
2026-09-04 00:00:00,INSPIRISYS,INSPIRISYS SOLUTIONS LTD,94.00,95.77,89.00,89.53,93.03,-3.76,6.77,7.20,1.04,2978,272667.60,101
2026-09-04 00:00:00,PERMAGN,PERMANENT MAGNETS LTD.,889.95,906.10,868.05,888.20,876.60,1.32,38.05,4.28,1.52,2962,2630444.25,360
2026-09-04 00:00:00,JSWHL,JSW HOLDINGS LIMITED,11760.00,11811.00,11360.00,11472.00,11590.00,-1.02,451.00,3.84,1.47,2952,34329456.00,1313
2026-09-04 00:00:00,MEGASTAR,MEGASTAR FOODS LIMITED,301.05,309.65,301.05,307.60,304.10,1.15,8.60,2.86,-1.00,2947,898508.35,114
2026-09-04 00:00:00,NAGREEKCAP,NAGREEKA CAP & INFR.LTD,22.87,23.34,22.22,23.25,22.87,1.66,1.12,4.90,0.00,2918,66232.31,88
2026-09-04 00:00:00,PODDARMENT,PODDAR PIGMENTS LIMITED,259.70,260.00,253.10,257.10,255.60,0.59,6.90,2.66,1.60,2908,746316.35,87
2026-09-04 00:00:00,MOMNC,MOTILALAMC - MOMNC,33.00,33.00,32.15,32.19,32.29,-0.31,0.85,2.58,2.20,2895,93115.36,23
2026-09-04 00:00:00,NICCOPAR,NICCO PARKS & RESORTS LTD,77.51,83.99,77.43,79.55,78.20,1.73,6.56,8.46,-0.88,2885,230703.55,71
2026-09-04 00:00:00,KEYFINSERV,KEYNOTE FIN SERV LTD.,244.20,258.55,243.25,245.05,248.70,-1.47,15.30,6.27,-1.81,2872,710600.65,142
2026-09-04 00:00:00,COMPEAU,COMPETENT AUTOMOB CO. L,368.70,379.95,353.00,371.80,361.80,2.76,26.95,7.31,1.91,2858,1053347.55,99
2026-09-04 00:00:00,PUNJABCHEM,PUNJAB CHEM & CROP PROT L,1099.70,1110.10,1087.10,1100.30,1097.00,0.30,23.00,2.09,0.25,2842,3133519.30,295
2026-09-04 00:00:00,NILE,NILE LTD.,1456.00,1492.00,1450.30,1465.80,1470.50,-0.32,41.70,2.86,-0.99,2840,4170838.10,431
2026-09-04 00:00:00,QNIFTY,QUANTUM NIFTY 50 ETF,270.24,270.24,262.80,264.15,263.65,0.19,7.44,2.75,2.50,2823,745391.50,154
2026-09-04 00:00:00,NINSYS,NINTEC SYSTEMS LIMITED,716.90,716.95,702.60,712.75,709.25,0.49,14.35,2.00,1.08,2822,2001776.10,410
2026-09-04 00:00:00,ESABINDIA,ESAB INDIA LTD,6107.50,6114.00,6050.00,6067.50,6077.50,-0.16,64.00,1.05,0.49,2820,17120522.50,1113
2026-09-04 00:00:00,HDFCQUAL,HDFCAMC - HDFCQUAL,58.87,58.93,58.50,58.65,58.52,0.22,0.43,0.73,0.60,2788,163723.22,69
2026-09-04 00:00:00,SOFTTECH,SOFTTECH ENGINEERS LTD,421.90,425.00,414.40,423.15,421.80,0.32,10.60,2.51,0.02,2760,1165156.45,45
2026-09-04 00:00:00,SUPERHOUSE,SUPERHOUSE LIMITED,168.74,171.00,166.54,169.23,168.74,0.29,4.46,2.64,0.00,2738,463157.05,99
2026-09-04 00:00:00,HONDAPOWER,HONDA I POWER PRODUCT LTD,1986.40,2036.00,1976.00,2024.60,1986.40,1.92,60.00,3.02,0.00,2712,5434695.30,512
2026-09-04 00:00:00,DENORA,DE NORA INDIA LIMITED,822.30,836.00,810.10,812.30,824.55,-1.49,25.90,3.15,-0.27,2711,2216710.10,276
2026-09-04 00:00:00,ESG,MIRAEAMC - MAESGETF,41.16,41.20,41.00,41.15,41.07,0.19,0.20,0.49,0.22,2704,111332.66,53
2026-09-04 00:00:00,WEWIN,WE WIN LIMITED,42.00,45.25,40.83,41.91,42.53,-1.46,4.42,10.52,-1.25,2680,111994.61,55
2026-09-04 00:00:00,ALLDIGI,ALLDIGI TECH LIMITED,805.60,810.00,797.00,805.85,801.65,0.52,13.00,1.61,0.49,2586,2081171.05,302
2026-09-04 00:00:00,KAKATCEM,KAKATIYA CEM SUGAR &IND L,110.70,112.40,108.00,109.60,110.67,-0.97,4.40,3.97,0.03,2586,283435.29,175
2026-09-04 00:00:00,SHYAMTEL,SHYAM TELECOM LIMITED,11.25,11.93,11.06,11.60,11.42,1.58,0.87,7.73,-1.49,2583,29199.86,44
2026-09-04 00:00:00,TRANSCOR,TRANSCORP INTERNATIONAL L,24.90,25.60,24.47,25.49,24.97,2.08,1.13,4.54,-0.28,2509,63206.05,28
2026-09-04 00:00:00,KJMCFIN,K J M C FINANCIAL SERV L,66.79,68.00,63.14,63.14,66.46,-5.00,4.86,7.28,0.50,2504,162263.98,47
2026-09-04 00:00:00,GOODYEAR,GOODYEAR INDIA LIMITED,733.10,748.00,733.10,741.50,736.70,0.65,14.90,2.03,-0.49,2498,1853276.85,276
2026-09-04 00:00:00,SILLYMONKS,SILLY MONKS ENTERTAIN LTD,15.60,16.49,15.60,16.19,16.24,-0.31,0.89,5.71,-3.94,2494,40293.28,83
2026-09-04 00:00:00,DIVIDEND,MIRAEAMC - DIVIDEND,35.72,35.72,35.49,35.62,35.55,0.20,0.23,0.64,0.48,2476,88047.11,61
2026-09-04 00:00:00,RETAIL,JHS SVENDGAARD RETAIL V L,17.10,17.44,16.50,17.24,17.45,-1.20,0.94,5.50,-2.01,2441,41096.20,44
2026-09-04 00:00:00,GLOBALVECT,GLOBAL VEC HELICORP LTD,144.00,144.00,140.10,141.16,142.65,-1.04,3.90,2.71,0.95,2436,345287.74,151
2026-09-04 00:00:00,SGL,STL GLOBAL LIMITED,10.31,10.31,9.93,10.05,10.26,-2.05,0.38,3.69,0.49,2432,24666.77,59
2026-09-04 00:00:00,ACCELYA,ACCELYA SOLN INDIA LTD,1130.70,1139.20,1125.70,1131.00,1129.60,0.12,13.50,1.19,0.10,2359,2668464.90,358
2026-09-04 00:00:00,RTSPOWR,R T S POWER CORPN. LTD.,92.21,99.00,87.10,88.08,90.40,-2.57,11.90,12.91,2.00,2343,211519.23,62
2026-09-04 00:00:00,ASPINWALL,ASPINWALL & CO LTD,257.65,265.00,257.55,259.25,257.55,0.66,7.45,2.89,0.04,2331,612578.30,67
2026-09-04 00:00:00,TRITONV,TRITON VALVES LTD.,1100.00,1150.00,1100.00,1136.10,1115.50,1.85,50.00,4.55,-1.39,2321,2632040.00,280
2026-09-04 00:00:00,LARGEMID50,MIRAEAMC - LARGEMID50,36.36,36.42,36.27,36.39,36.36,0.08,0.15,0.41,0.00,2309,83919.80,14
2026-09-04 00:00:00,PRECOT,PRECOT LIMITED,700.90,709.95,677.15,698.05,699.90,-0.26,32.80,4.68,0.14,2308,1612694.70,147
2026-09-04 00:00:00,BANK10ADD,DSPAMC - BANK10ADD,16.87,16.98,16.86,16.93,16.96,-0.18,0.12,0.71,-0.53,2303,38987.94,68
2026-09-04 00:00:00,GROWWNXT50,GROWWAMC - GROWWNXT50,73.99,73.99,72.81,73.45,73.45,0.00,1.18,1.59,0.74,2293,168396.21,74
2026-09-04 00:00:00,LOYALTEX,LOYAL TEXTILE MILLS LTD,210.00,221.82,206.00,218.14,211.82,2.98,15.82,7.53,-0.86,2285,501279.42,47
2026-09-04 00:00:00,KHAITANLTD,KHAITAN (INDIA)LTD.,163.00,166.50,160.61,162.00,162.41,-0.25,5.89,3.61,0.36,2277,369427.12,94
2026-09-04 00:00:00,NIPPOBATRY,INDO-NATIONAL LIMITED,323.75,333.55,323.00,331.75,324.00,2.39,10.55,3.26,-0.08,2225,727709.60,142
2026-09-04 00:00:00,LMW,LMW LIMITED,19195.00,19195.00,18700.00,18774.00,18993.00,-1.15,495.00,2.58,1.06,2214,41679617.00,1009
2026-09-04 00:00:00,SHBAJRG,SHRI BAJRANG ALLIANCE L,161.05,165.00,160.02,160.67,160.83,-0.10,4.98,3.09,0.14,2205,358531.37,89
2026-09-04 00:00:00,SILINV,SIL INVESTMENTS LIMITED,484.90,491.90,470.00,478.80,487.50,-1.78,21.90,4.52,-0.53,2201,1052147.10,133
2026-09-04 00:00:00,LICNMID100,LICNAMC - LICNMID100,63.42,64.05,63.42,63.84,63.42,0.66,0.63,0.99,0.00,2147,136965.25,61
2026-09-04 00:00:00,EBANKNIFTY,EDELAMC - EBANKNIFTY,58.11,58.27,57.82,58.26,58.22,0.07,0.45,0.77,-0.19,2088,120971.83,15
2026-09-04 00:00:00,21STCENMGM,21ST CENTURY MGMT SERVICE,38.49,38.70,37.36,38.13,38.10,0.08,1.34,3.48,1.02,2056,78150.66,44
2026-09-04 00:00:00,PREMCO,PREMCO GLOBAL LTD.,388.00,392.00,385.45,390.95,385.55,1.40,6.55,1.69,0.64,2051,792274.20,39
2026-09-04 00:00:00,ANIKINDS,ANIK INDUSTRIES LTD,45.20,46.95,45.00,45.00,44.99,0.02,1.95,4.31,0.47,2038,92546.22,35
2026-09-04 00:00:00,CURAA,CURA TECHNOLOGIES LIMITED,78.50,78.50,60.00,72.46,66.20,9.46,18.50,23.57,18.58,2020,145016.75,114
2026-09-04 00:00:00,JINDALPHOT,JINDAL PHOTO LIMITED,1002.10,1049.70,1002.10,1021.20,1026.20,-0.49,47.60,4.75,-2.35,2011,2070762.40,297
2026-09-04 00:00:00,MOGSEC,MOTILALAMC - G5,65.38,65.70,65.34,65.69,65.40,0.44,0.36,0.55,-0.03,1982,129963.11,26
2026-09-04 00:00:00,KAMAHOLD,KAMA HOLDINGS LTD.,2369.90,2369.90,2340.00,2348.20,2341.10,0.30,29.90,1.26,1.23,1979,4648905.30,284
2026-09-04 00:00:00,KOVAI,KOVAI MEDICAL CENTER & HO,6140.00,6140.00,5994.00,6062.50,6091.50,-0.48,146.00,2.38,0.80,1977,11971613.50,776
2026-09-04 00:00:00,POLYSPIN,POLYSPIN EXPORTS LTD.,28.00,29.87,28.00,29.64,28.35,4.55,1.87,6.68,-1.23,1968,55976.43,21
2026-09-04 00:00:00,MSL,MANGALAM SEEDS LTD.,145.00,149.00,137.53,142.22,137.53,3.41,11.47,7.91,5.43,1952,288179.69,51
2026-09-04 00:00:00,BSL,BSL LTD,124.00,124.99,122.75,123.58,123.22,0.29,2.24,1.81,0.63,1949,241010.39,81
2026-09-04 00:00:00,TOKYOPLAST,TOKYO PLAST INTL LTD,75.14,77.68,75.14,76.51,77.79,-1.65,2.54,3.38,-3.41,1924,145704.62,33
2026-09-04 00:00:00,MALLCOM,MALLCOM (INDIA) LIMITED,1040.00,1040.00,998.80,1018.15,998.80,1.94,41.20,3.96,4.12,1900,1928043.80,157
2026-09-04 00:00:00,GILLANDERS,GILLANDERS ARBUTHNOT LTD,103.00,105.06,101.75,103.19,104.73,-1.47,3.31,3.21,-1.65,1894,194538.27,46
2026-09-04 00:00:00,CGVAK,C G V A K SOFTWARE & EX L,155.00,155.00,148.00,148.21,148.01,0.14,7.00,4.52,4.72,1852,275043.86,41
2026-09-04 00:00:00,GROWWPSUBK,GROWWAMC - GROWWPSUBK,86.48,86.48,85.01,85.88,85.33,0.64,1.47,1.70,1.35,1830,157370.66,108
2026-09-04 00:00:00,MOM50,MOTILAL OSWAL M50 ETF,250.29,252.00,250.29,251.47,250.41,0.42,1.71,0.68,-0.05,1830,459430.41,81
2026-09-04 00:00:00,MOINFRA,MOTILALAMC - MOINFRA,58.70,58.70,58.45,58.68,58.66,0.03,0.25,0.43,0.07,1827,107114.18,27
2026-09-04 00:00:00,S&SPOWER,S&S POWER SWITCHGEARS LTD,317.90,327.80,310.05,323.95,319.85,1.28,17.75,5.58,-0.61,1826,579981.90,201
2026-09-04 00:00:00,MLKFOOD,MILKFOOD LTD.,83.55,85.00,82.50,83.63,82.62,1.22,2.50,2.99,1.13,1824,152576.45,62
2026-09-04 00:00:00,HAWKINCOOK,HAWKINS COOKERS LTD,8338.00,8471.00,8225.00,8406.50,8297.00,1.32,246.00,2.95,0.49,1806,15057021.00,707
2026-09-04 00:00:00,HONAUT,HONEYWELL AUTOMATION IND,35265.00,35870.00,35265.00,35655.00,35265.00,1.11,605.00,1.72,0.00,1792,63859995.00,1177
2026-09-04 00:00:00,MONEXT50,MOTILALAMC - MONEXT50,73.05,73.33,72.84,73.14,73.05,0.12,0.49,0.67,0.00,1755,128053.28,54
2026-09-04 00:00:00,HEXATRADEX,HEXA TRADEX LIMITED,160.00,160.00,157.00,157.65,158.00,-0.22,3.00,1.88,1.27,1741,275303.83,52
2026-09-04 00:00:00,GANDHITUBE,GANDHI SPL. TUBES LTD,901.75,904.95,898.00,900.15,902.55,-0.27,6.95,0.77,-0.09,1700,1531667.55,207
2026-09-04 00:00:00,SURYALA,SURYALATA SPINNING MILL L,419.90,419.90,405.00,411.85,407.70,1.02,14.90,3.55,2.99,1694,703979.85,26
2026-09-04 00:00:00,ITAXIS,AXISAMC-ITAXIS,343.16,344.99,335.61,339.03,339.76,-0.21,9.38,2.73,1.00,1669,567665.11,62
2026-09-04 00:00:00,MEDICAPQ,MEDI CAPS LTD.,26.90,26.90,25.16,26.29,25.08,4.82,1.74,6.47,7.26,1645,43479.31,38
2026-09-04 00:00:00,REGENCERAM,REGENCY CERAMICS LTD.,38.20,38.20,34.41,34.86,36.47,-4.41,3.79,9.92,4.74,1624,58167.65,58
2026-09-04 00:00:00,UNIINFO,UNIINFO TELECOM SERVI LTD,11.26,11.26,10.95,11.00,11.26,-2.31,0.31,2.75,0.00,1618,17810.81,18
2026-09-04 00:00:00,HDFCVALUE,HDFCAMC - HDFCVALUE,125.50,126.24,125.43,125.88,125.50,0.30,0.81,0.65,0.00,1613,203008.72,75
2026-09-04 00:00:00,KANCHI,KANCHI KARPOORAM LTD.,396.60,415.00,396.60,409.70,398.55,2.80,18.40,4.64,-0.49,1607,658380.65,84
2026-09-04 00:00:00,CONSUMAXIS,AXISAMC-CONSUMAXIS,120.17,120.37,119.02,119.02,119.64,-0.52,1.35,1.12,0.44,1590,190909.80,21
2026-09-04 00:00:00,SUMMITSEC,SUMMIT SECURITIES LTD,1459.00,1459.00,1431.00,1434.20,1442.30,-0.56,28.00,1.92,1.16,1566,2255314.90,290
2026-09-04 00:00:00,DGCONTENT,DIGICONTENT LIMITED,24.75,25.00,24.55,24.83,24.43,1.64,0.45,1.82,1.31,1564,38612.81,45
2026-09-04 00:00:00,IVZBANKNF,RELIGARAMC - IVZBANKNF,57.39,57.56,57.35,57.56,57.42,0.24,0.21,0.37,-0.05,1513,86856.25,11
2026-09-04 00:00:00,CREST,CREST VENTURES LIMITED,369.90,369.90,356.20,359.00,365.30,-1.72,13.70,3.70,1.26,1505,542334.80,118
2026-09-04 00:00:00,HPIL,HINDPRAKASH INDUSTRY LTD,118.70,125.08,114.40,123.75,122.01,1.43,10.68,9.00,-2.71,1499,182164.13,44
2026-09-04 00:00:00,AXTEL,AXTEL INDUSTRIES LTD.,388.60,396.70,388.60,394.50,394.80,-0.08,8.10,2.08,-1.57,1470,577845.15,43
2026-09-04 00:00:00,MOQUALITY,MOTILALAMC - MOQUALITY,199.49,199.53,198.14,198.73,199.01,-0.14,1.39,0.70,0.24,1467,291916.19,27
2026-09-04 00:00:00,MIDCAPADD,DSPAMC - MIDCAPADD,23.14,23.36,23.14,23.28,23.14,0.61,0.22,0.95,0.00,1461,34058.04,23
2026-09-04 00:00:00,CHEVIOT,CHEVIOT COMPANY LIMITED,1143.00,1166.00,1141.00,1159.40,1143.10,1.43,25.00,2.19,-0.01,1428,1648064.30,118
2026-09-04 00:00:00,IDFNIFTYET,BANDHANAMC - IDFNIFTYET,266.63,268.89,263.95,264.49,265.31,-0.31,4.94,1.85,0.50,1426,377329.65,54
2026-09-04 00:00:00,DIGJAMLMTD,DIGJAM LTD,50.48,51.00,49.41,49.96,49.40,1.13,1.59,3.15,2.19,1422,71746.07,33
2026-09-04 00:00:00,ELANTAS,ELANTAS BECK INDIA LTD.,12395.00,12400.00,12100.00,12219.00,12114.00,0.87,300.00,2.42,2.32,1367,16691269.00,588
2026-09-04 00:00:00,SENSEXAXIS,AXISAMC-SENSEXAXIS,78.67,81.00,78.67,79.81,79.67,0.18,2.33,2.96,-1.26,1362,108720.97,52
2026-09-04 00:00:00,CRAVATEX,CRAVATEX LTD.,326.75,339.90,314.95,329.50,326.75,0.84,24.95,7.64,0.00,1353,445774.35,104
2026-09-04 00:00:00,HBSL,HB STOCKHOLDINGS LIMITED,54.00,55.93,54.00,54.91,54.50,0.75,1.93,3.57,-0.92,1337,73313.46,33
2026-09-04 00:00:00,WEALTH,WEALTH FRST PORT. MG. LTD,850.00,850.00,831.15,841.70,847.50,-0.68,18.85,2.22,0.29,1333,1123960.70,182
2026-09-04 00:00:00,BANARBEADS,BANARAS BEADS LTD,114.01,115.89,113.52,113.90,114.85,-0.83,2.37,2.08,-0.73,1302,148988.04,51
2026-09-04 00:00:00,TASTYBITE,TASTY BITE EATABLES LTD,10132.00,10224.00,9945.00,9982.00,10052.00,-0.70,279.00,2.75,0.80,1301,13037100.00,513
2026-09-04 00:00:00,RELCHEMQ,RELIANCE CHEMOTEX IND LTD,113.85,118.00,113.85,116.73,116.77,-0.03,4.15,3.65,-2.50,1295,150289.04,67
2026-09-04 00:00:00,RHL,ROBUST HOTELS LIMITED,167.15,174.79,166.20,167.89,167.60,0.17,8.59,5.14,-0.27,1284,215982.07,45
2026-09-04 00:00:00,GRPLTD,GRP LIMITED,1998.20,2019.00,1959.00,2013.00,1979.70,1.68,60.00,3.00,0.93,1281,2568607.10,217
2026-09-04 00:00:00,IMPAL,IND MOTOR PART & ACC LTD,1096.00,1129.00,1081.00,1114.60,1087.80,2.46,48.00,4.38,0.75,1266,1397282.50,178
2026-09-04 00:00:00,BNAGROCHEM,BN AGROCHEM LTD.,226.28,227.69,215.40,216.73,226.73,-4.41,12.29,5.43,-0.20,1260,283171.03,107
2026-09-04 00:00:00,TOUCHWOOD,TOUCHWOOD ENTERTAIN LTD.,58.61,62.86,57.60,62.81,59.20,6.10,5.26,8.97,-1.00,1237,74666.25,54
2026-09-04 00:00:00,SHRIKRISH,SHRI KRISHNA DEVCON LTD.,41.00,41.00,39.00,39.79,38.85,2.42,2.00,4.88,5.53,1225,49538.15,34
2026-09-04 00:00:00,DHUNINV,DHUNSERI INVESTMENTS LTD,1046.25,1054.80,1012.65,1019.15,1046.25,-2.59,42.15,4.03,0.00,1224,1260977.95,204
2026-09-04 00:00:00,GILT10BETA,UTIAMC-GILT10BETA,26.68,26.75,26.22,26.58,26.68,-0.37,0.53,1.99,0.00,1210,32296.03,18
2026-09-04 00:00:00,GANGESSECU,GANGES SECURITIES LIMITED,120.05,123.90,118.02,118.71,119.90,-0.99,5.88,4.90,0.13,1203,144804.81,85
2026-09-04 00:00:00,RAJPALAYAM,RAJAPALAYAM MILLS LTD.,800.00,809.80,795.00,795.30,799.70,-0.55,14.80,1.85,0.04,1199,954846.40,51
2026-09-04 00:00:00,NPBET,TATAAML - NPBET,292.57,292.57,288.29,290.32,292.64,-0.79,4.28,1.46,-0.02,1194,345789.03,65
2026-09-04 00:00:00,MODIRUBBER,MODI RUBBER LTD,135.38,135.38,130.42,131.30,131.83,-0.40,4.96,3.66,2.69,1186,157077.78,72
2026-09-04 00:00:00,ARIHANT,ARIHANT FOUN & HOU LTD,959.00,994.80,920.50,953.15,920.65,3.53,74.30,7.75,4.17,1172,1112764.10,176
2026-09-04 00:00:00,TECHNVISN,TECHNVISION VENTURES LTD.,5135.00,5135.00,4880.00,4917.50,5136.50,-4.26,255.00,4.97,-0.03,1147,5639657.00,260
2026-09-04 00:00:00,SECMARK,SECMARK CONSULTANCY LTD,148.46,150.00,144.40,144.40,148.46,-2.73,5.60,3.77,0.00,1139,165991.91,51
2026-09-04 00:00:00,TAINWALCHM,TAINWALA CHEMICAL AND PLA,207.63,215.50,207.60,213.71,207.63,2.93,7.90,3.80,0.00,1124,237917.17,24
2026-09-04 00:00:00,SAICAPI,SAI CAPITAL LTD.,160.20,163.80,155.10,157.56,157.05,0.32,8.70,5.43,2.01,1101,177483.93,41
2026-09-04 00:00:00,HBESD,H B ESTATE DEVELOPERS L,75.00,76.90,75.00,75.10,75.00,0.13,1.90,2.53,0.00,1075,80767.80,22
2026-09-04 00:00:00,OBCL,OBCL LIMITED,55.13,55.70,55.10,55.19,54.99,0.36,0.60,1.09,0.25,1073,59145.35,18
2026-09-04 00:00:00,ABSLMSCIN,BIRLASLAMC - ABSLMSCIN,29.79,29.85,29.31,29.44,29.50,-0.20,0.54,1.81,0.98,1070,31525.25,28
2026-09-04 00:00:00,TERAI,TERAI TEA CO. LTD.,121.10,132.95,121.10,121.43,124.30,-2.31,11.85,9.79,-2.57,1068,131362.10,32
2026-09-04 00:00:00,SHIVAUM,SHIV AUM STEELS LIMITED,449.90,455.00,448.00,448.05,450.00,-0.43,7.00,1.56,-0.02,1042,470077.20,57
2026-09-04 00:00:00,SURYALAXMI,SURYALAKSHMI COT MIL LTD,61.00,62.49,60.01,60.79,60.03,1.27,2.48,4.07,1.62,1013,61787.92,30
2026-09-04 00:00:00,MAHSCOOTER,MAHARASHTRA SCOOTERS LTD,13727.00,13727.00,13590.00,13602.00,13639.00,-0.27,137.00,1.00,0.65,1009,13729226.00,324
2026-09-04 00:00:00,WEIZMANIND,WEIZMANN LTD,76.78,76.78,72.20,74.50,74.21,0.39,4.58,5.97,3.46,1005,74060.98,47
2026-09-04 00:00:00,ARCL,ARCL ORGANICS LTD.,238.25,238.25,216.89,225.00,228.30,-1.45,21.36,8.97,4.36,998,220537.69,54
2026-09-04 00:00:00,NIF500BETA,UTIAMC - NIF500BETA,38.30,38.30,37.39,37.54,37.45,0.24,0.91,2.38,2.27,990,37404.14,18
2026-09-04 00:00:00,AHLEAST,ASIAN HOTELS (EAST) LTD,135.05,139.00,135.00,136.51,135.86,0.48,4.00,2.96,-0.60,987,134946.95,46
2026-09-04 00:00:00,SUNSHIEL,SUNSHIELD CHEMICALS LTD.,1169.50,1169.50,1140.10,1144.90,1145.10,-0.02,29.40,2.51,2.13,981,1123951.20,100
2026-09-04 00:00:00,IVZSENSEX,RELIGARAMC - IVZSENSEX,77.70,77.70,76.54,76.56,76.63,-0.09,1.16,1.49,1.40,972,74506.45,17
2026-09-04 00:00:00,HISARMETAL,HISAR METAL IND. LIMITED,163.89,166.01,161.60,162.19,162.81,-0.38,4.41,2.69,0.66,964,157551.60,56
2026-09-04 00:00:00,DRAGARWQ,DR. AGARWAL'S EYE HOSP L,5339.00,5474.00,5302.00,5422.50,5339.00,1.56,172.00,3.22,0.00,954,5141819.50,193
2026-09-04 00:00:00,AUSTENG,AUSTIN ENGINEERING CO. L,124.70,124.70,121.30,124.70,124.70,0.00,3.40,2.73,0.00,951,117527.11,37
2026-09-04 00:00:00,NKIND,NK INDUSTRIES LTD,58.85,59.90,57.01,57.10,56.32,1.38,2.89,4.91,4.49,937,55511.18,24
2026-09-04 00:00:00,3MINDIA,3M INDIA LIMITED,32730.00,32965.00,32680.00,32845.00,32820.00,0.08,285.00,0.87,-0.27,932,30562740.00,600
2026-09-04 00:00:00,EUROBOND,EURO PANEL PRODUCTS LTD,154.00,154.00,148.01,151.00,151.10,-0.07,5.99,3.89,1.92,921,138382.81,65
2026-09-04 00:00:00,ANSALBU,ANSAL BUILDWELL LTD.,75.00,83.00,75.00,80.68,76.35,5.67,8.00,10.67,-1.77,905,71967.57,13
2026-09-04 00:00:00,MOBANK10,MOTILALAMC - MOBANK10,17.00,17.00,16.85,16.95,16.90,0.30,0.15,0.88,0.59,868,14682.08,42
2026-09-04 00:00:00,BANARISUG,BANNARI AMMAN SUGARS LTD,3878.20,3883.00,3774.00,3803.30,3874.70,-1.84,109.00,2.81,0.09,857,3276412.60,190
2026-09-04 00:00:00,MSCIADD,DSPAMC - MSCIADD,29.37,29.53,29.37,29.53,29.37,0.54,0.16,0.54,0.00,836,24621.30,11
2026-09-04 00:00:00,NAHARCAP,NAHAR CAP & FIN.,259.50,261.90,258.00,261.75,259.50,0.87,3.90,1.50,0.00,798,207017.70,29
2026-09-04 00:00:00,AIROLAM,AIRO LAM LIMITED,88.00,88.00,86.21,86.46,86.34,0.14,1.79,2.03,1.92,797,68975.27,28
2026-09-04 00:00:00,SAPPL,SHREE AJIT PULP & PAPER L,292.00,292.00,275.45,281.85,280.60,0.45,16.55,5.67,4.06,796,222481.90,42
2026-09-04 00:00:00,ARVEE,ARVEE LABORATORIES I LTD,165.61,171.90,163.00,165.10,165.00,0.06,8.90,5.37,0.37,790,130858.86,41
2026-09-04 00:00:00,SHRJAGP,SHRI JAGDAMBA POLYMERS L,621.30,636.00,600.05,625.65,621.30,0.70,35.95,5.79,0.00,782,485480.30,89
2026-09-04 00:00:00,VHL,VARDHMAN HOLDINGS LIMITED,3590.00,3696.00,3590.00,3626.40,3607.10,0.54,106.00,2.95,-0.47,779,2830533.20,149
2026-09-04 00:00:00,ENKEIWHEL,ENKEI WHEELS (INDIA) LTD.,396.00,400.00,384.00,389.80,380.80,2.36,16.00,4.04,3.99,776,305698.35,73
2026-09-04 00:00:00,MIDCAPBETA,UTIAMC-MIDCAPBETA,234.77,235.82,232.07,233.21,234.77,-0.66,3.75,1.60,0.00,767,179832.03,33
2026-09-04 00:00:00,ADL,ARCHIDPLY DECOR LIMITED,75.00,75.00,71.00,72.00,72.79,-1.09,4.00,5.33,3.04,757,55232.18,24
2026-09-04 00:00:00,NORBTEAEXP,NORBEN TEA & EXPORTS LTD,71.80,71.80,67.00,70.69,68.55,3.12,4.80,6.69,4.74,752,52937.80,16
2026-09-04 00:00:00,SANDESH,SANDESH LTD,1069.00,1069.00,1035.00,1051.30,1050.90,0.04,34.00,3.18,1.72,750,786852.70,135
2026-09-04 00:00:00,SIEL,SUPERIOR INDUSTRIAL ENT L,32.00,32.00,30.88,31.90,30.89,3.27,1.12,3.50,3.59,748,23816.28,10
2026-09-04 00:00:00,PARNAXLAB,PARNAX LAB LTD.,135.54,135.54,130.00,134.80,135.54,-0.55,5.54,4.09,0.00,736,98274.97,40
2026-09-04 00:00:00,SNXT50BETA,UTIAMC-SNXT50BETA,96.31,96.58,94.50,94.98,95.56,-0.61,2.08,2.16,0.78,727,69590.11,81
2026-09-04 00:00:00,PVTBANK,KOTAKMAMC - PVTBANK,27.92,28.00,27.91,28.00,27.85,0.54,0.09,0.32,0.25,722,20183.93,9
2026-09-04 00:00:00,PILANIINVS,PILANI INV & IND COR LTD,4360.00,4375.40,4322.00,4323.80,4354.50,-0.71,53.40,1.22,0.13,699,3034304.90,219
2026-09-04 00:00:00,KHANDSE,KHANDWALA SECURITIES LTD,18.40,18.41,17.20,18.38,18.11,1.49,1.21,6.58,1.60,698,12435.97,43
2026-09-04 00:00:00,TEAMGTY,TEAM INDIA GUARANTY LTD,243.68,243.68,235.10,235.29,243.68,-3.44,8.58,3.52,0.00,684,161520.01,35
2026-09-04 00:00:00,AKCAPIT,A K CAPITAL SERVICES LTD.,1698.90,1740.00,1684.20,1736.90,1697.40,2.33,55.80,3.28,0.09,674,1163226.60,128
2026-09-04 00:00:00,VOITHPAPR,VOITH PAPER FABRICS IND L,1490.00,1504.40,1455.10,1458.60,1480.20,-1.46,49.30,3.31,0.66,643,950431.40,57
2026-09-04 00:00:00,APOLSINHOT,APOLLO SINDOORI HOTEL LTD,1233.10,1248.00,1212.00,1218.10,1233.10,-1.22,36.00,2.92,0.00,625,764974.90,57
2026-09-04 00:00:00,GSEC10YEAR,MIRAEAMC - MAGS813ETF,30.53,30.53,30.22,30.37,30.50,-0.43,0.31,1.02,0.10,616,18678.77,12
2026-09-04 00:00:00,ACGL,AUTOMOBILE CORPN OF GOA L,1799.80,1842.90,1761.80,1797.60,1790.90,0.37,81.10,4.51,0.50,616,1104711.50,105
2026-09-04 00:00:00,ELMDIV,EDELAMC - ELMDIV,36.99,36.99,36.49,36.50,36.38,0.33,0.50,1.35,1.68,602,21978.94,12
2026-09-04 00:00:00,METROGLOBL,METROGLOBAL LTD.,137.00,139.50,133.25,136.14,137.00,-0.63,6.25,4.56,0.00,601,80959.70,44
2026-09-04 00:00:00,ARENTERP,RAJDARSHAN INDUSTRIES LTD,36.00,36.00,34.60,34.65,35.06,-1.17,1.40,3.89,2.68,597,20991.39,22
2026-09-04 00:00:00,PANSARI,PANSARI DEVELOPERS LTD,301.00,310.40,292.00,300.05,300.00,0.02,18.40,6.11,0.33,589,177174.00,31
2026-09-04 00:00:00,BPLPHARMA,BHARAT PARENTERALS LTD.,1545.00,1568.80,1520.00,1533.30,1520.80,0.82,48.80,3.16,1.59,586,902303.90,110
2026-09-04 00:00:00,INNOVANA,INNOVANA THINKLABS LTD,308.00,315.00,301.00,305.20,308.50,-1.07,14.00,4.55,-0.16,583,178347.15,68
2026-09-04 00:00:00,ITL,ITL INDUSTRIES LTD.,370.00,370.00,358.50,364.55,362.40,0.59,11.50,3.11,2.10,558,202877.15,43
2026-09-04 00:00:00,ABMKNO,A B M KNOWLEDGEWARE LTD.,193.60,193.60,188.00,189.90,188.00,1.01,5.60,2.89,2.98,556,104689.50,14
2026-09-04 00:00:00,PBMPOLY,P B M POLYTEX LTD.,59.30,64.00,57.14,61.00,58.67,3.97,6.86,11.57,1.07,528,31599.23,9
2026-09-04 00:00:00,HINDADH,HINDUSTAN ADHESIVES LTD.,383.75,383.75,363.25,370.90,370.85,0.01,20.50,5.34,3.48,517,192671.35,52
2026-09-04 00:00:00,ADDIND,ADDI INDUSTRIES LTD.,81.55,83.68,79.00,79.34,76.69,3.46,4.68,5.74,6.34,486,39273.15,34
2026-09-04 00:00:00,EQUAL50,MIRAEAMC - EQUAL50,329.56,330.22,329.40,330.22,329.56,0.20,0.82,0.25,0.00,444,146412.62,8
2026-09-04 00:00:00,SHIVAMILLS,SHIVA MILLS LIMITED,59.00,62.00,59.00,60.50,61.58,-1.75,3.00,5.08,-4.19,438,26567.39,25
2026-09-04 00:00:00,HRYNSHP,HARIYANA SHIP BREAKERS L,99.00,102.00,99.00,101.36,100.75,0.61,3.00,3.03,-1.74,434,43310.20,46
2026-09-04 00:00:00,PALASHSECU,PALASH SECURITIES LTD,91.70,91.70,89.00,90.17,88.43,1.97,2.70,2.94,3.70,427,38851.72,10
2026-09-04 00:00:00,JENBURPH,JENBURKT PHARMACEUTICAL L,1036.20,1045.00,1030.00,1038.80,1031.50,0.71,15.00,1.45,0.46,422,436608.90,38
2026-09-04 00:00:00,ELDEHSG,ELDECO HSG & IND LTD.,781.00,801.00,781.00,789.10,790.45,-0.17,20.00,2.56,-1.20,415,328025.85,35
2026-09-04 00:00:00,EBANK10,EDELAMC - EBANK10,16.83,16.84,16.66,16.84,16.83,0.06,0.18,1.07,0.00,401,6737.18,15
2026-09-04 00:00:00,NDGL,NAGA DHUNSERI GROUP LTD,2760.00,2840.00,2735.50,2787.70,2757.60,1.09,104.50,3.79,0.09,392,1092511.60,77
2026-09-04 00:00:00,LFIC,LAKSHMI FIN IND CORP LTD,140.00,140.00,134.50,134.64,135.28,-0.47,5.50,3.93,3.49,387,52463.84,13
2026-09-04 00:00:00,LICNFNHGP,LICNAMC - LICNFNHGP,274.66,275.99,270.11,270.61,276.04,-1.97,5.88,2.14,-0.50,386,104785.47,28
2026-09-04 00:00:00,SAB,S A B INDUSTRIES LTD.,183.00,183.75,183.00,183.50,175.00,4.86,0.75,0.41,4.57,365,66821.00,6
2026-09-04 00:00:00,BENGALASM,BENGAL & ASSAM CO. LTD.,6445.00,6499.00,6271.00,6332.50,6375.00,-0.67,228.00,3.54,1.10,362,2318625.00,104
2026-09-04 00:00:00,ISTLTD,I S T LTD.,672.75,675.00,650.00,654.55,659.55,-0.76,25.00,3.72,2.00,357,236776.60,46
2026-09-04 00:00:00,GRAVISSHO,GRAVISS HOSPITALITY LTD.,28.70,29.50,28.66,29.40,29.60,-0.68,0.84,2.93,-3.04,329,9648.38,8
2026-09-04 00:00:00,GLOSTERLTD,GLOSTER LIMITED,599.70,599.70,590.25,596.50,590.75,0.97,9.45,1.58,1.52,323,193204.65,26
2026-09-04 00:00:00,MOMGF,MOTILALAMC - MOMGF,161.93,170.00,161.93,165.66,162.74,1.79,8.07,4.98,-0.50,315,51168.06,28
2026-09-04 00:00:00,MUKESHB,MUKESH BABU FINANC SER L,134.00,134.00,133.90,133.91,134.00,-0.07,0.10,0.07,0.00,312,41798.05,5
2026-09-04 00:00:00,MCCHRLS-B,MAC CHARLES (INDIA) LTD.,682.60,682.60,656.05,670.00,679.95,-1.46,26.55,3.89,0.39,310,206382.65,50
2026-09-04 00:00:00,RRECL,RDB REAL ESTATE CONS L,138.00,138.00,129.99,136.83,138.37,-1.11,8.01,5.80,-0.27,309,40537.45,12
2026-09-04 00:00:00,GROWWMC150,GROWWAMC - GROWWMC150,233.72,233.72,231.63,233.51,233.72,-0.09,2.09,0.89,0.00,303,70660.52,34
2026-09-04 00:00:00,KICL,KALYANI INVEST CO LTD,5222.50,5251.00,5200.00,5203.00,5212.50,-0.18,51.00,0.98,0.19,291,1520737.50,107
2026-09-04 00:00:00,PACIFICI,PACIFIC INDUSTRIES LTD.,140.05,149.00,137.15,143.82,145.00,-0.81,11.85,8.46,-3.41,288,40931.79,31
2026-09-04 00:00:00,RVTH,REVATHI EQUIPMENT INDIA L,729.00,743.90,729.00,734.45,729.05,0.74,14.90,2.04,-0.01,277,202435.95,18
2026-09-04 00:00:00,ENEXT50,EDELAMC - ENEXT50,73.52,73.55,73.10,73.10,72.80,0.41,0.45,0.61,0.99,275,20112.90,9
2026-09-04 00:00:00,WHBRADY,W H BRADY & CO. LTD.,500.30,500.30,480.00,482.20,497.85,-3.14,20.30,4.06,0.49,248,120912.20,21
2026-09-04 00:00:00,VIJSOLX,VIJAY SOLVEX LTD.,678.00,693.70,678.00,687.70,684.40,0.48,15.70,2.32,-0.94,222,152564.45,49
2026-09-04 00:00:00,ZSARACOM,SARASWATI COMM (INDIA) L,10096.00,11600.00,9808.00,11302.00,10227.00,10.51,1792.00,17.75,-1.28,221,2367989.00,127
2026-09-04 00:00:00,MOPSE,MOTILALAMC - MOPSE,99.46,102.50,99.42,101.57,99.40,2.18,3.08,3.10,0.06,217,21691.95,20
2026-09-04 00:00:00,SAMBANDAM,SAMBANDAM SPINNING MILL L,120.00,125.00,120.00,123.23,120.00,2.69,5.00,4.17,0.00,206,25556.00,12
2026-09-04 00:00:00,ARTNIRMAN,ART NIRMAN LIMITED,40.80,40.99,40.63,40.63,40.43,0.49,0.36,0.88,0.92,172,7044.81,4
2026-09-04 00:00:00,STLSTRINF,STEEL STRIPS INFRA L,19.50,20.20,19.00,19.55,19.49,0.31,1.20,6.15,0.05,168,3234.09,13
2026-09-04 00:00:00,STARTECK,STARTECK FINANCE LIMITED,249.80,250.95,244.10,249.25,245.55,1.51,6.85,2.74,1.73,162,40283.45,50
2026-09-04 00:00:00,IVZINNIFTY,INVESCO INDIA NIFTY ETF,267.79,277.90,267.79,274.53,274.66,-0.05,10.11,3.78,-2.50,158,43473.14,40
2026-09-04 00:00:00,ABSL10BANK,BIRLASLAMC - ABSL10BANK,168.16,170.50,165.14,168.65,168.15,0.30,5.36,3.19,0.01,156,26329.98,21
2026-09-04 00:00:00,GKWLIMITED,GKW LIMITED,1622.00,1622.00,1582.00,1610.90,1600.00,0.68,40.00,2.47,1.38,154,246718.80,26
2026-09-04 00:00:00,ARYAMAN,ARYAMAN FINANCIAL SERV L,615.00,626.35,615.00,620.20,626.50,-1.01,11.35,1.85,-1.84,129,79899.30,10
2026-09-04 00:00:00,HBPOR,HB PORTFOLIO LTD.,59.66,60.00,58.26,58.38,59.66,-2.15,1.74,2.92,0.00,115,6739.96,10
2026-09-04 00:00:00,BIMETAL,BIMETAL BEARINGS LTD.,633.50,635.50,633.50,635.00,630.45,0.72,2.00,0.32,0.48,107,67953.00,8
2026-09-04 00:00:00,BENARAS,BENARES HOTELS LTD.,10270.00,10270.00,10200.00,10200.00,10200.00,0.00,70.00,0.68,0.69,107,1091470.00,30
2026-09-04 00:00:00,GUJRAFFIA,GUJARAT RAFFIA INDUST LTD,41.20,41.20,41.00,41.00,41.30,-0.73,0.20,0.49,-0.24,106,4355.00,9
2026-09-04 00:00:00,ABGSEC,BIRLASLAMC - ABGSEC,114.94,114.94,113.54,113.58,114.33,-0.66,1.40,1.22,0.53,104,11891.20,22
2026-09-04 00:00:00,SAYAJIIND,SAYAJI INDUSTRIES LTD.,119.89,119.89,116.01,116.11,119.89,-3.15,3.88,3.24,0.00,103,12340.11,4
2026-09-04 00:00:00,GROBTEA,THE GROB TEA COMPANY LTD,980.00,999.40,971.50,977.65,980.00,-0.24,27.90,2.85,0.00,101,99024.15,19
2026-09-04 00:00:00,INDPRUD,INDUSTRIAL & PRU INV CO L,6228.00,6390.00,6221.00,6305.00,6325.00,-0.32,169.00,2.71,-1.53,94,591641.50,20
2026-09-04 00:00:00,YOGI,YOGI LTD.,167.00,167.00,163.45,163.45,161.90,0.96,3.55,2.13,3.15,90,14825.00,5
2026-09-04 00:00:00,ITBETA,UTIAMC-ITBETA,326.08,326.17,322.50,322.95,324.46,-0.47,3.67,1.13,0.50,84,27196.92,12
2026-09-04 00:00:00,SHERVANI,SHERVANI INDUSTRIAL SYN L,316.00,319.95,315.05,315.10,315.05,0.02,4.90,1.55,0.30,78,24655.75,7
2026-09-04 00:00:00,SALONA,SALONA COTSPIN LTD.,259.50,274.75,259.00,269.95,262.90,2.68,15.75,6.07,-1.29,74,19418.20,19
2026-09-04 00:00:00,DISAQ,DISA INDIA LTD.,11987.00,12119.00,11825.00,11990.00,11775.00,1.83,294.00,2.45,1.80,61,732420.00,48
2026-09-04 00:00:00,PML,PAUL MERCHANTS LTD.,493.95,500.00,486.00,488.80,493.95,-1.04,14.00,2.83,0.00,57,28141.50,11
2026-09-04 00:00:00,SENSEXADD,DSPAMC - DSPSENXETF,79.33,79.33,79.29,79.29,79.18,0.14,0.04,0.05,0.19,56,4440.42,4
2026-09-04 00:00:00,GSEC10ADD,DSPAMC - GSEC10ADD,26.79,26.79,26.48,26.79,26.49,1.13,0.31,1.16,1.13,42,1118.98,4
2026-09-04 00:00:00,SUNLOC,SUNIL HEALTHCARE LTD.,79.99,79.99,79.98,79.98,79.99,-0.01,0.01,0.01,0.00,41,3279.58,2
2026-09-04 00:00:00,ESENSEX,EDELAMC - ESENSEX,77.00,77.56,77.00,77.46,77.32,0.18,0.56,0.73,-0.41,37,2860.49,10
2026-09-04 00:00:00,VADILENT,VADILAL ENTERPRISES LTD.,10489.00,10489.00,9600.00,10045.00,10495.00,-4.29,889.00,8.48,-0.06,35,356062.00,32
2026-09-04 00:00:00,THAKDEV,THAKKERS DEVELOPERS LTD.,144.00,144.00,137.00,144.00,147.00,-2.04,7.00,4.86,-2.04,33,4682.05,7
2026-09-04 00:00:00,LAKSHMIMIL,LAKSHMI MILLS CO. LTD.,7621.00,7800.00,7621.00,7621.00,7800.00,-2.29,179.00,2.35,-2.29,29,224783.00,11
2026-09-04 00:00:00,KANCOTEA,KANCO TEA & INDS. LTD.,58.40,58.40,53.10,54.85,56.79,-3.42,5.30,9.08,2.84,28,1526.99,8
2026-09-04 00:00:00,ALFREDHE,ALFRED HERBERT INDIA L,2898.00,2900.00,2810.00,2898.90,2898.30,0.02,90.00,3.11,-0.01,23,65135.50,9
2026-09-04 00:00:00,LADDERUP,LADDERUP FINANCE LTD.,50.30,51.45,42.70,51.40,51.70,-0.58,8.75,17.40,-2.71,23,1105.50,8
2026-09-04 00:00:00,MASKINVEST,MASK INVESTMENTS LIMITED,140.00,150.72,140.00,148.64,143.55,3.55,10.72,7.66,-2.47,22,3239.78,7
2026-09-04 00:00:00,WIPL,THE WESTERN INDIA PLY LTD,169.94,169.94,167.99,167.99,165.61,1.44,1.95,1.15,2.61,16,2698.65,4
2026-09-04 00:00:00,ASSAMENT,ASSAM ENTRADE LIMITED,826.85,830.00,826.85,830.00,831.00,-0.12,3.15,0.38,-0.50,16,13273.70,2
2026-09-04 00:00:00,ELCIDIN,ELCID INVESTMENTS LTD.,109880.00,109880.00,107400.00,107590.00,106500.00,1.02,2480.00,2.26,3.17,12,1295420.00,12
2026-09-04 00:00:00,SAYAJIHOTL,SAYAJI HOTELS LTD.,325.00,325.00,315.00,319.35,303.80,5.12,10.00,3.08,6.98,12,3820.40,8
2026-09-04 00:00:00,SIMPLXREA,SIMPLEX REALTY LTD.,143.98,143.98,142.99,142.99,139.50,2.50,0.99,0.69,3.21,12,1726.77,3
2026-09-04 00:00:00,ASTAR,ASIAN STAR CO. LTD.,590.00,597.90,585.00,585.00,578.50,1.12,12.90,2.19,1.99,9,5351.50,4
2026-09-04 00:00:00,SONAL,SONAL MERCANTILE LTD.,88.98,88.98,88.90,88.98,88.99,-0.01,0.08,0.09,-0.01,5,444.74,4
2026-09-04 00:00:00,VASUPRADA,SHRI VASUPRADA PLANTATI L,107.10,107.10,107.10,107.10,102.00,5.00,0.00,0.00,5.00,1,107.10,1
2026-09-04 00:00:00,NEAGI,NEELAMALAI AGRO INDS. L,3300.10,3300.10,3300.10,3300.10,3370.10,-2.08,0.00,0.00,-2.08,1,3300.10,1
2026-09-04 00:00:00,LOWVOL,MIRAEAMC - MANV30F,204.13,204.13,204.13,204.13,205.78,-0.80,0.00,0.00,-0.80,1,204.13,1
