Date,Symbol,Company,Open,High,Low,Close,PrevClose,DailyReturnPct,DailyRange,RangePct,GapPct,Volume,TradedValue,Trades
2026-07-27 00:00:00,IDEA,VODAFONE IDEA LIMITED,13.13,13.26,13.02,13.06,13.13,-0.53,0.24,1.83,0.00,247499082,3249277944.09,428129
2026-07-27 00:00:00,IDFCFIRSTB,IDFC FIRST BANK LIMITED,86.30,88.76,84.70,84.88,80.79,5.06,4.06,4.70,6.82,177923165,15374233107.39,319208
2026-07-27 00:00:00,PCJEWELLER,PC JEWELLER LTD,9.49,9.50,9.33,9.35,9.28,0.75,0.17,1.79,2.26,139047251,1305668322.98,53315
2026-07-27 00:00:00,SAGILITY,SAGILITY LIMITED,40.89,43.81,40.72,43.29,40.42,7.10,3.09,7.56,1.16,111335747,4802921426.23,189868
2026-07-27 00:00:00,JINDWORLD,JINDAL WORLDWIDE LTD,38.10,40.40,37.50,39.43,37.83,4.23,2.90,7.61,0.71,55992502,2190768721.81,123513
2026-07-27 00:00:00,MOTISONS,MOTISONS JEWELLERS LTD,14.25,15.08,13.84,13.96,14.17,-1.48,1.24,8.70,0.56,55312451,799237423.78,56645
2026-07-27 00:00:00,RATNAVEER,RATNAVEER PRECISION ENG L,182.00,204.00,182.00,199.61,178.61,11.76,22.00,12.09,1.90,53640552,10621802792.40,320678
2026-07-27 00:00:00,UJJIVANSFB,UJJIVAN SMALL FINANC BANK,71.50,73.29,71.10,71.57,70.72,1.20,2.19,3.06,1.10,49027357,3543473401.59,136129
2026-07-27 00:00:00,CANBK,CANARA BANK,126.50,129.70,125.78,127.26,125.65,1.28,3.92,3.10,0.68,48778366,6231711956.92,120692
2026-07-27 00:00:00,ETERNAL,ETERNAL LIMITED,281.50,297.00,281.45,295.85,280.00,5.66,15.55,5.52,0.54,48012383,14078584613.25,242086
2026-07-27 00:00:00,YESBANK,YES BANK LIMITED,23.05,23.18,22.90,22.94,22.95,-0.04,0.28,1.21,0.44,47752439,1098792136.61,59381
2026-07-27 00:00:00,SUZLON,SUZLON ENERGY LIMITED,52.50,53.20,52.22,53.15,52.28,1.66,0.98,1.87,0.42,45205048,2386463823.97,62884
2026-07-27 00:00:00,TFCILTD,TOURISM FINANCE CORP. OF,89.00,95.25,87.75,94.80,87.27,8.63,7.50,8.43,1.98,43311808,4033473452.31,89258
2026-07-27 00:00:00,VOGL,VEDANTA OIL AND GAS LTD,34.65,35.34,33.93,34.84,34.23,1.78,1.41,4.07,1.23,36182252,1254412498.34,60046
2026-07-27 00:00:00,HDFCBANK,HDFC BANK LTD,746.10,747.95,738.10,739.55,742.80,-0.44,9.85,1.32,0.44,29678752,21988422477.70,333807
2026-07-27 00:00:00,JPPOWER,JAIPRAKASH POWER VEN. LTD,17.20,17.29,16.95,17.01,16.95,0.35,0.34,1.98,1.47,28221162,482891302.28,23243
2026-07-27 00:00:00,TATSILV,TATAAML-TATSILV,21.41,21.78,21.41,21.63,21.41,1.03,0.37,1.73,0.00,27187970,588826384.78,48416
2026-07-27 00:00:00,BANKINDIA,BANK OF INDIA,145.00,145.39,136.55,137.87,142.62,-3.33,8.84,6.10,1.67,26282058,3661874678.93,86656
2026-07-27 00:00:00,HFCL,HFCL LIMITED,200.00,200.90,191.10,192.54,196.85,-2.19,9.80,4.90,1.60,26152896,5095954499.68,118846
2026-07-27 00:00:00,VISL,VEDANTA IRON AND STEEL L,30.90,31.49,30.20,30.36,30.35,0.03,1.29,4.17,1.81,26150010,806701453.26,43870
2026-07-27 00:00:00,CMLL,CALIBER MINING AND LOG L,535.00,624.40,523.45,570.55,528.20,8.02,100.95,18.87,1.29,25880974,15104544384.35,385088
2026-07-27 00:00:00,GROWW,BILLIONBRAINS GARAGE VN L,203.10,203.99,198.50,199.38,202.15,-1.37,5.49,2.70,0.47,25644994,5152692151.76,128774
2026-07-27 00:00:00,GTLINFRA,GTL INFRA.LTD,1.24,1.25,1.22,1.22,1.22,0.00,0.03,2.42,1.64,25214557,30973404.62,10889
2026-07-27 00:00:00,OLAELEC,OLA ELECTRIC MOBILITY LTD,37.50,37.68,37.04,37.27,37.08,0.51,0.64,1.71,1.13,25117046,938118977.05,46404
2026-07-27 00:00:00,CUPID,CUPID LIMITED,214.56,222.00,213.75,221.46,213.43,3.76,8.25,3.85,0.53,24777700,5435688673.21,117455
2026-07-27 00:00:00,SWIGGY,SWIGGY LIMITED,254.24,264.50,252.96,257.98,251.42,2.61,11.54,4.54,1.12,23908041,6215028221.85,108662
2026-07-27 00:00:00,VEDPOWER,VEDANTA POWER LIMITED,35.74,37.43,35.41,36.97,35.01,5.60,2.02,5.65,2.09,23415598,859086843.88,49864
2026-07-27 00:00:00,GANDHAR,GANDHAR OIL REFINE IND L,279.00,279.00,231.00,245.47,282.46,-13.10,48.00,17.20,-1.22,20541880,5070430610.27,184521
2026-07-27 00:00:00,FCL,FINEOTEX CHEMICAL LIMITED,40.00,40.65,37.20,40.22,39.59,1.59,3.45,8.62,1.04,20485164,808134313.07,38419
2026-07-27 00:00:00,BLUESTONE,BLUESTONE JEWEL LFSTL LTD,793.00,829.00,765.80,820.75,772.40,6.26,63.20,7.97,2.67,20293817,16391991710.15,370768
2026-07-27 00:00:00,ONGC,OIL AND NATURAL GAS CORP.,248.00,248.17,238.14,238.56,248.76,-4.10,10.03,4.04,-0.31,19910285,4799960699.03,163346
2026-07-27 00:00:00,ITC,ITC LTD,287.75,287.90,285.50,285.85,283.45,0.85,2.40,0.83,1.52,19312804,5536084594.50,236925
2026-07-27 00:00:00,SENCO,SENCO GOLD LIMITED,386.65,430.00,386.65,417.95,382.85,9.17,43.35,11.21,0.99,18605457,7743659540.20,238244
2026-07-27 00:00:00,RPOWER,RELIANCE POWER LTD.,24.06,24.18,23.51,23.76,24.06,-1.25,0.67,2.78,0.00,18164482,433908485.34,31812
2026-07-27 00:00:00,KOTAKBANK,KOTAK MAHINDRA BANK LTD,386.00,388.75,383.55,384.65,384.75,-0.03,5.20,1.35,0.32,16710096,6434260923.85,208906
2026-07-27 00:00:00,KALYANKJIL,KALYAN JEWELLERS IND LTD,575.10,585.55,562.45,564.60,573.55,-1.56,23.10,4.02,0.27,16629166,9504269433.85,150668
2026-07-27 00:00:00,UCOBANK,UCO BANK,26.25,27.09,26.21,26.66,25.88,3.01,0.88,3.35,1.43,16555999,444216510.91,29729
2026-07-27 00:00:00,HCC,HINDUSTAN CONSTRUCTION CO,21.60,22.03,21.56,21.73,21.43,1.40,0.47,2.18,0.79,16327008,355765572.94,18274
2026-07-27 00:00:00,INFY,INFOSYS LIMITED,1065.00,1082.00,1057.40,1079.20,1040.90,3.68,24.60,2.31,2.32,15956349,17160507472.60,241917
2026-07-27 00:00:00,SOUTHBANK,THE SOUTH INDIAN BANK LTD,47.00,48.26,46.80,47.90,46.52,2.97,1.46,3.11,1.03,15756388,754556227.44,30912
2026-07-27 00:00:00,LANDSMILL,LANDSMILL GREEN LIMITED,0.75,0.89,0.75,0.82,0.75,9.33,0.14,18.67,0.00,15689177,13033444.71,2143
2026-07-27 00:00:00,ASIANTILES,ASIAN GRANITO IND. LTD.,54.40,55.60,53.00,53.42,53.47,-0.09,2.60,4.78,1.74,15658699,847811726.23,33522
2026-07-27 00:00:00,RTNPOWER,RATTANINDIA POWER LIMITED,8.81,8.84,8.55,8.63,8.63,0.00,0.29,3.29,2.09,15468021,133873287.12,13300
2026-07-27 00:00:00,ZEEL,ZEE ENTERTAINMENT ENT LTD,106.00,109.50,105.80,108.86,105.46,3.22,3.70,3.49,0.51,15284220,1652588609.15,47761
2026-07-27 00:00:00,PPLPHARMA,PIRAMAL PHARMA LIMITED,180.75,192.64,180.75,192.05,181.27,5.95,11.89,6.58,-0.29,15154930,2877899584.78,107479
2026-07-27 00:00:00,BANKBARODA,BANK OF BARODA,243.50,247.70,241.90,244.00,246.45,-0.99,5.80,2.38,-1.20,14707217,3602183780.15,76555
2026-07-27 00:00:00,ADANIPOWER,ADANI POWER LTD,214.23,215.75,213.15,213.96,213.66,0.14,2.60,1.21,0.27,14546955,3115807728.71,81663
2026-07-27 00:00:00,VMM,VISHAL MEGA MART LIMITED,109.88,110.48,107.20,110.31,108.04,2.10,3.28,2.99,1.70,14442715,1571009342.44,105249
2026-07-27 00:00:00,RHETAN,RHETAN TMT LIMITED,28.50,30.21,28.42,29.05,28.35,2.47,1.79,6.28,0.53,14137548,413716458.61,22380
2026-07-27 00:00:00,IEX,INDIAN ENERGY EXC LTD,125.21,129.49,124.50,126.77,124.26,2.02,4.99,3.99,0.76,14091109,1789269522.56,83232
2026-07-27 00:00:00,MOTHERSON,SAMVRDHNA MTHRSN INTL LTD,146.99,149.50,146.30,148.97,145.55,2.35,3.20,2.18,0.99,13920800,2065556468.84,52614
2026-07-27 00:00:00,UNIONBANK,UNION BANK OF INDIA,172.00,173.46,169.50,170.11,170.50,-0.23,3.96,2.30,0.88,13706219,2342822620.47,74828
2026-07-27 00:00:00,SAIL,STEEL AUTHORITY OF INDIA,162.90,166.50,162.10,162.62,161.45,0.72,4.40,2.70,0.90,13672214,2239813126.02,60113
2026-07-27 00:00:00,BANDHANBNK,BANDHAN BANK LIMITED,167.50,170.64,166.82,169.43,165.93,2.11,3.82,2.28,0.95,13639409,2309922659.07,65610
2026-07-27 00:00:00,MAHABANK,BANK OF MAHARASHTRA,81.54,82.29,79.94,80.63,81.03,-0.49,2.35,2.88,0.63,13344525,1078627512.94,61392
2026-07-27 00:00:00,CONCOR,CONTAINER CORP OF IND LTD,470.00,515.30,469.95,510.50,477.55,6.90,45.35,9.65,-1.58,13227175,6679271156.50,187557
2026-07-27 00:00:00,DAVANGERE,DAVANGERE SUGAR COMPANY L,3.48,3.51,3.27,3.30,3.42,-3.51,0.24,6.90,1.75,13131742,44076259.25,4498
2026-07-27 00:00:00,PNB,PUNJAB NATIONAL BANK,111.25,112.23,110.76,111.62,110.38,1.12,1.47,1.32,0.79,12850732,1432602224.71,49165
2026-07-27 00:00:00,WIPRO,WIPRO LTD,177.50,178.78,175.61,178.53,177.12,0.80,3.17,1.79,0.21,12504426,2217796971.54,75289
2026-07-27 00:00:00,NTPC,NTPC LTD,353.00,353.00,347.80,350.80,347.20,1.04,5.20,1.47,1.67,12350753,4329159686.80,86134
2026-07-27 00:00:00,MSUMI,MOTHERSON SUMI WRNG IND L,40.06,42.00,40.02,41.74,40.11,4.06,1.98,4.94,-0.12,12207219,503427547.88,31618
2026-07-27 00:00:00,RKFORGE,RAMKRISHNA FORGINGS LTD,595.00,635.55,595.00,625.45,580.70,7.71,40.55,6.82,2.46,12147443,7541609061.65,199518
2026-07-27 00:00:00,POWERGRID,POWER GRID CORP. LTD.,288.30,290.55,286.55,288.85,288.20,0.23,4.00,1.39,0.03,12143388,3507089439.80,52783
2026-07-27 00:00:00,TATASTEEL,TATA STEEL LIMITED,183.60,184.89,183.33,184.25,182.67,0.86,1.56,0.85,0.51,11857396,2184186222.82,115134
2026-07-27 00:00:00,PAISALO,PAISALO DIGITAL LIMITED,70.50,71.18,69.01,70.44,70.17,0.38,2.17,3.08,0.47,11574048,812817883.59,26942
2026-07-27 00:00:00,GATECH,GACM TECHNOLOGIES LIMITED,0.48,0.53,0.48,0.49,0.48,2.08,0.05,10.42,0.00,11410406,5763200.13,1041
2026-07-27 00:00:00,NMDC,NMDC LTD.,84.00,84.41,83.31,83.52,83.56,-0.05,1.10,1.31,0.53,11291198,946413775.74,31870
2026-07-27 00:00:00,MRPL,MRPL,173.50,174.21,161.50,162.29,169.75,-4.39,12.71,7.33,2.21,11048279,1820540311.04,58494
2026-07-27 00:00:00,EASEMYTRIP,EASY TRIP PLANNERS LTD,6.86,6.91,6.76,6.82,6.83,-0.15,0.15,2.19,0.44,11033467,75579743.06,6395
2026-07-27 00:00:00,DCBBANK,DCB BANK LIMITED,193.16,204.74,189.74,190.26,186.24,2.16,15.00,7.77,3.72,10927140,2145207256.00,94576
2026-07-27 00:00:00,MOSCHIP,MOSCHIP TECHNOLOGIES LTD,210.40,218.14,206.38,208.30,231.79,-10.13,11.76,5.59,-9.23,10880186,2296400875.67,107984
2026-07-27 00:00:00,SHAH,SHAH METACORP LIMITED,4.38,4.80,4.37,4.56,4.37,4.35,0.43,9.82,0.23,10711590,49359487.56,4829
2026-07-27 00:00:00,GAIL,GAIL (INDIA) LTD,170.11,174.89,170.11,174.23,170.02,2.48,4.78,2.81,0.05,10641180,1843173240.54,102454
2026-07-27 00:00:00,KFINTECH,KFIN TECHNOLOGIES LIMITED,872.35,955.30,862.00,949.25,857.75,10.67,93.30,10.70,1.70,10620157,9864029665.35,161390
2026-07-27 00:00:00,ICICIBANK,ICICI BANK LTD.,1435.70,1449.00,1428.80,1445.70,1432.90,0.89,20.20,1.41,0.20,10608300,15270561725.50,195530
2026-07-27 00:00:00,GMRAIRPORT,GMR AIRPORTS LIMITED,107.80,108.70,107.00,108.00,107.12,0.82,1.70,1.58,0.63,10608220,1142357702.42,27930
2026-07-27 00:00:00,RBA,RESTAURANT BRAND ASIA LTD,65.60,70.50,65.60,67.57,65.16,3.70,4.90,7.47,0.68,10453213,715528710.00,36350
2026-07-27 00:00:00,PWL,PHYSICSWALLAH LIMITED,129.85,129.85,122.06,123.09,128.05,-3.87,7.79,6.00,1.41,10401923,1294547336.23,60716
2026-07-27 00:00:00,AASTHA,AASTHA SPINTEX LIMITED,103.95,104.19,102.00,102.37,102.62,-0.24,2.19,2.11,1.30,10078967,1033617496.76,37295
2026-07-27 00:00:00,BEL,BHARAT ELECTRONICS LTD,408.00,408.45,404.60,407.15,405.00,0.53,3.85,0.94,0.74,9683515,3935853437.55,87478
2026-07-27 00:00:00,ASHOKLEY,ASHOK LEYLAND LTD,153.51,155.26,152.84,155.06,151.07,2.64,2.42,1.58,1.62,9544585,1472118690.08,43491
2026-07-27 00:00:00,SHADOWFAX,SHADOWFAX TECHNOLOGIES L,214.00,214.68,207.20,209.60,214.48,-2.28,7.48,3.50,-0.22,9482795,1999829687.45,77287
2026-07-27 00:00:00,SHRIRAMFIN,SHRIRAM FINANCE LIMITED,1020.00,1040.00,1002.20,1038.20,1005.10,3.29,37.80,3.71,1.48,9459410,9691405713.20,114243
2026-07-27 00:00:00,RECLTD,REC LIMITED,357.50,368.85,356.90,368.15,361.60,1.81,11.95,3.34,-1.13,9400642,3434479699.30,92411
2026-07-27 00:00:00,LLOYDSENGG,LLOYDS ENGG WORK LIMITED,89.05,92.00,89.05,91.33,88.42,3.29,2.95,3.31,0.71,9220184,841292076.13,31777
2026-07-27 00:00:00,MOREPENLAB,MOREPEN LAB. LTD,54.30,56.90,54.10,56.66,53.80,5.32,2.80,5.16,0.93,9188433,515610388.16,27209
2026-07-27 00:00:00,BHEL,BHEL,420.00,422.40,412.90,415.95,417.30,-0.32,9.50,2.26,0.65,9042974,3771653640.15,98830
2026-07-27 00:00:00,NARMADA,NARMADA AGROBASE LIMITED,36.00,36.00,31.56,32.98,34.92,-5.56,4.44,12.33,3.09,8722979,287482980.22,25006
2026-07-27 00:00:00,CONFIPET,CONFIDENCE PETRO IND LTD.,79.40,83.00,78.02,81.04,78.30,3.50,4.98,6.27,1.40,8619919,699825101.09,48448
2026-07-27 00:00:00,TMCV,TATA MOTORS LIMITED,412.00,416.90,406.60,411.10,406.15,1.22,10.30,2.50,1.44,8607193,3539075255.60,103177
2026-07-27 00:00:00,CAPILLARY,CAPILLARY TECHNO INDIA L,478.60,559.55,478.60,535.30,476.25,12.40,80.95,16.91,0.49,8291808,4475296852.05,126685
2026-07-27 00:00:00,IOC,INDIAN OIL CORP LTD,140.50,142.00,139.91,141.52,138.47,2.20,2.09,1.49,1.47,8260417,1162850856.53,53328
2026-07-27 00:00:00,DIACABS,DIAMOND POWER INFRA LTD,309.90,309.90,298.10,307.17,295.15,4.07,11.80,3.81,5.00,8209562,2504086126.73,53090
2026-07-27 00:00:00,REDINGTON,REDINGTON LIMITED,261.00,279.85,260.20,278.15,259.05,7.37,19.65,7.53,0.75,8059901,2223867598.60,94048
2026-07-27 00:00:00,CCAVENUE,AVENUESAI LIMITED,16.55,17.06,16.55,16.73,16.34,2.39,0.51,3.08,1.29,7999020,133984728.16,11201
2026-07-27 00:00:00,LAURUSLABS,LAURUS LABS LIMITED,1624.80,1734.50,1617.10,1713.40,1601.20,7.01,117.40,7.23,1.47,7989771,13516703895.50,185888
2026-07-27 00:00:00,NTPCGREEN,NTPC GREEN ENERGY LIMITED,96.56,96.96,93.05,93.69,96.32,-2.73,3.91,4.05,0.25,7973373,753100176.34,53173
2026-07-27 00:00:00,ORIENTTECH,ORIENT TECHNOLOGIES LTD,266.47,289.95,266.47,279.17,258.78,7.88,23.48,8.81,2.97,7708727,2157746190.60,100809
2026-07-27 00:00:00,TMB,TAMILNAD MERCA BANK LTD,811.00,917.00,808.95,893.65,804.50,11.08,108.05,13.32,0.81,7671271,6749831874.70,214629
2026-07-27 00:00:00,BAJFINANCE,BAJAJ FINANCE LIMITED,1026.70,1050.00,1026.60,1048.30,1012.80,3.51,23.40,2.28,1.37,7610916,7932708873.40,165999
2026-07-27 00:00:00,ANGELONE,ANGEL ONE LIMITED,309.90,312.50,302.95,304.20,307.95,-1.22,9.55,3.08,0.63,7603595,2331686941.35,43945
2026-07-27 00:00:00,LOTUSDEV,SRI LOTUS DEVLPRS N RTY L,182.74,188.40,182.15,187.95,180.39,4.19,6.25,3.42,1.30,7601080,1414166488.17,19494
2026-07-27 00:00:00,ATALREAL,ATAL REALTECH LIMITED,31.69,31.70,31.13,31.54,31.44,0.32,0.57,1.80,0.80,7529736,236781660.38,15167
2026-07-27 00:00:00,CENTRALBK,CENTRAL BANK OF INDIA,31.30,31.61,31.16,31.25,31.03,0.71,0.45,1.44,0.87,7486343,234508216.03,14677
2026-07-27 00:00:00,MEESHO,MEESHO LIMITED,187.50,188.88,179.95,182.10,185.24,-1.70,8.93,4.76,1.22,7308444,1350215453.39,75664
2026-07-27 00:00:00,RELIANCE,RELIANCE INDUSTRIES LTD,1288.20,1288.70,1278.00,1280.00,1278.00,0.16,10.70,0.83,0.80,7163132,9176506048.70,130094
2026-07-27 00:00:00,SURYODAY,SURYODAY SMALL FIN BK LTD,191.20,197.20,183.40,184.62,193.10,-4.39,13.80,7.22,-0.98,7154365,1371442771.68,51762
2026-07-27 00:00:00,HINDPETRO,HINDUSTAN PETROLEUM CORP,390.20,396.15,386.80,393.95,381.10,3.37,9.35,2.40,2.39,7119104,2785033257.50,64332
2026-07-27 00:00:00,SEPC,SEPC LIMITED,6.08,6.16,6.02,6.06,6.01,0.83,0.14,2.30,1.16,7117363,43355741.25,3460
2026-07-27 00:00:00,SBC,SBC EXPORTS LIMITED,42.25,42.40,42.01,42.09,42.07,0.05,0.39,0.92,0.43,7111649,299890224.98,2733
2026-07-27 00:00:00,INOXWIND,INOX WIND LIMITED,78.00,78.50,77.21,78.23,76.97,1.64,1.29,1.65,1.34,7107792,554864705.38,21217
2026-07-27 00:00:00,HSCL,HIMADRI SPECIALITY CHEM L,793.20,794.00,771.05,790.45,789.55,0.11,22.95,2.89,0.46,7101930,5566544025.80,72747
2026-07-27 00:00:00,VEDL,VEDANTA LIMITED,267.05,268.10,264.00,264.65,264.65,0.00,4.10,1.54,0.91,7084059,1884299450.25,53849
2026-07-27 00:00:00,JIOFIN,JIO FIN SERVICES LTD,237.00,237.40,235.26,236.17,234.71,0.62,2.14,0.90,0.98,6984152,1649186077.86,59868
2026-07-27 00:00:00,NHPC,NHPC LTD,79.50,80.04,78.91,79.72,79.39,0.42,1.13,1.42,0.14,6965651,554019659.79,28015
2026-07-27 00:00:00,PATANJALI,PATANJALI FOODS LIMITED,343.45,348.00,341.10,346.85,340.95,1.73,6.90,2.01,0.73,6854453,2368574641.85,48955
2026-07-27 00:00:00,NBCC,NBCC (INDIA) LIMITED,94.50,95.95,94.50,94.90,93.84,1.13,1.45,1.53,0.70,6593505,627542646.18,28933
2026-07-27 00:00:00,FEDERALBNK,FEDERAL BANK LTD,355.05,357.70,354.30,356.50,354.30,0.62,3.40,0.96,0.21,6585012,2344084256.40,67540
2026-07-27 00:00:00,METAL,MIRAEAMC - METAL,12.84,12.84,12.52,12.59,12.53,0.48,0.32,2.49,2.47,6529387,82173548.44,5898
2026-07-27 00:00:00,RBLBANK,RBL BANK LIMITED,352.90,364.10,352.90,362.85,352.90,2.82,11.20,3.17,0.00,6318621,2279820333.75,61323
2026-07-27 00:00:00,SBIN,STATE BANK OF INDIA,1020.30,1023.70,1015.90,1020.60,1015.00,0.55,7.80,0.76,0.52,6093002,6215243572.20,162737
2026-07-27 00:00:00,AXISBANK,AXIS BANK LIMITED,1237.00,1237.00,1221.60,1227.50,1227.30,0.02,15.40,1.24,0.79,5967502,7321765217.80,142736
2026-07-27 00:00:00,BPCL,BHARAT PETROLEUM CORP  LT,315.20,318.55,313.20,316.25,310.15,1.97,5.35,1.70,1.63,5954256,1880578537.15,44441
2026-07-27 00:00:00,LTF,L&T FINANCE LIMITED,305.00,312.85,305.00,312.25,302.40,3.26,7.85,2.57,0.86,5922451,1843608885.90,42903
2026-07-27 00:00:00,AHCL,ANLON HEALTHCARE LIMITED,15.11,15.99,15.10,15.75,15.01,4.93,0.89,5.89,0.67,5852235,91608740.58,10050
2026-07-27 00:00:00,EXIDEIND,EXIDE INDUSTRIES LTD,443.00,444.40,423.15,427.00,443.00,-3.61,21.25,4.80,0.00,5848999,2536744214.20,52378
2026-07-27 00:00:00,IFCI,IFCI LTD,70.90,71.50,70.21,70.39,70.12,0.39,1.29,1.82,1.11,5755522,407114446.42,19554
2026-07-27 00:00:00,LLOYDSENT,LLOYDS ENTERPRISES LTD,78.69,82.00,78.56,81.64,78.04,4.61,3.44,4.37,0.83,5630540,456951489.31,23374
2026-07-27 00:00:00,SAPPHIRE,SAPPHIRE FOODS INDIA LTD,181.00,191.90,181.00,187.09,179.12,4.45,10.90,6.02,1.05,5604160,1050489874.18,74255
2026-07-27 00:00:00,GENUSPOWER,GENUS POWER INFRASTRU LTD,317.80,329.00,314.20,322.00,315.60,2.03,14.80,4.66,0.70,5483067,1761531619.20,70784
2026-07-27 00:00:00,PINELABS,PINE LABS LIMITED,147.11,150.41,147.11,148.94,145.67,2.24,3.30,2.24,0.99,5482549,817616186.60,32019
2026-07-27 00:00:00,SUNPHARMA,SUN PHARMACEUTICAL IND L,1948.50,1977.00,1933.00,1973.70,1941.10,1.68,44.00,2.26,0.38,5414380,10604152834.70,88441
2026-07-27 00:00:00,VBL,VARUN BEVERAGES LIMITED,460.95,465.40,454.00,464.50,457.20,1.60,11.40,2.47,0.82,5407996,2492187109.85,79462
2026-07-27 00:00:00,INOXGREEN,INOX GREEN ENERGY SER LTD,193.00,202.58,192.40,199.05,191.87,3.74,10.18,5.27,0.59,5386399,1063612157.64,40924
2026-07-27 00:00:00,LATENTVIEW,LATENT VIEW ANALYTICS LTD,299.00,321.10,299.00,313.85,296.05,6.01,22.10,7.39,1.00,5284442,1672192666.25,74082
2026-07-27 00:00:00,COALINDIA,COAL INDIA LTD,429.50,431.00,425.75,427.50,427.40,0.02,5.25,1.22,0.49,5241433,2249453003.40,66750
2026-07-27 00:00:00,MBAPL,MADHYA BHARAT AGRO P. LTD,150.00,166.95,147.85,163.95,148.25,10.59,19.10,12.73,1.18,5234794,837376840.45,50681
2026-07-27 00:00:00,BHARTIARTL,BHARTI AIRTEL LIMITED,1892.00,1917.00,1890.00,1905.30,1898.20,0.37,27.00,1.43,-0.33,5230299,9946216546.70,91860
2026-07-27 00:00:00,LASERPOWER,LASER POWER & INFRA LTD,315.55,317.00,298.00,306.22,307.52,-0.42,19.00,6.02,2.61,5223714,1600284387.77,54003
2026-07-27 00:00:00,MONARCH,MONARCH NETWORTH CAP LTD,361.00,403.80,360.00,397.60,357.75,11.14,43.80,12.13,0.91,5152604,2015319835.45,77241
2026-07-27 00:00:00,IRFC,INDIAN RAILWAY FIN CORP L,88.10,88.53,88.00,88.13,87.62,0.58,0.53,0.60,0.55,5143354,454181797.64,31870
2026-07-27 00:00:00,KPITTECH,KPIT TECHNOLOGIES LIMITED,585.70,594.10,580.70,585.20,583.20,0.34,13.40,2.29,0.43,5068869,2972623522.65,55732
2026-07-27 00:00:00,AUBANK,AU SMALL FINANCE BANK LTD,1021.00,1062.00,1021.00,1052.20,1004.00,4.80,41.00,4.02,1.69,5047131,5276103826.80,82667
2026-07-27 00:00:00,KWIL,KWALITY WALL'S (INDIA) L,32.44,32.48,31.39,31.50,32.00,-1.56,1.09,3.36,1.37,5030799,159628608.20,15450
2026-07-27 00:00:00,LODHA,LODHA DEVELOPERS LIMITED,1155.00,1207.00,1150.10,1198.70,1144.10,4.77,56.90,4.93,0.95,4971286,5903016080.85,119386
2026-07-27 00:00:00,BEPL,BHANSALI ENG. POLYMERS LT,122.90,122.90,113.75,114.51,121.81,-5.99,9.15,7.45,0.89,4964378,577507716.71,29880
2026-07-27 00:00:00,CGPOWER,CG POWER AND IND SOL LTD,871.80,885.00,867.70,877.30,867.70,1.11,17.30,1.98,0.47,4921275,4306010075.75,84729
2026-07-27 00:00:00,TMPV,TATA MOTORS PASS VEH LTD,326.75,329.05,326.10,327.65,323.80,1.19,2.95,0.90,0.91,4777294,1564853597.75,52429
2026-07-27 00:00:00,HINDZINC,HINDUSTAN ZINC LIMITED,541.05,541.60,528.00,529.65,531.95,-0.43,13.60,2.51,1.71,4726406,2520763644.05,59645
2026-07-27 00:00:00,ANANTRAJ,ANANT RAJ LIMITED,588.00,619.60,586.30,616.90,586.55,5.17,33.30,5.66,0.25,4640775,2828532587.10,62558
2026-07-27 00:00:00,SAMMAANCAP,SAMMAAN CAPITAL LIMITED,161.57,165.45,160.12,164.96,160.64,2.69,5.33,3.30,0.58,4635674,759868676.93,18340
2026-07-27 00:00:00,TIMETECHNO,TIME TECHNOPLAST LTD.,202.25,211.30,200.64,206.75,201.26,2.73,10.66,5.27,0.49,4606690,951297612.11,36428
2026-07-27 00:00:00,UNITECH,UNITECH LTD,4.40,4.44,4.29,4.30,4.38,-1.83,0.15,3.41,0.46,4565887,19831337.35,2574
2026-07-27 00:00:00,PYRAMID,PYRAMID TECHNOPLAST LTD,165.09,197.05,165.01,195.96,164.21,19.33,32.04,19.41,0.54,4561988,876065601.86,31234
2026-07-27 00:00:00,DEVYANI,DEVYANI INTERNATIONAL LTD,113.30,117.10,112.61,116.06,112.30,3.35,4.49,3.96,0.89,4449216,515906191.99,28724
2026-07-27 00:00:00,PFC,POWER FIN CORP LTD.,412.20,420.70,411.00,420.10,411.90,1.99,9.70,2.35,0.07,4447916,1855860901.95,40263
2026-07-27 00:00:00,STALLION,STALLION IND FLUOROCHEM L,243.90,257.90,234.05,255.50,241.90,5.62,23.85,9.78,0.83,4447620,1110561324.36,50203
2026-07-27 00:00:00,IRB,IRB INFRA DEV LTD.,19.88,19.95,19.60,19.62,19.61,0.05,0.35,1.76,1.38,4354101,85732770.54,12978
2026-07-27 00:00:00,IDBI,IDBI BANK LIMITED,85.60,85.90,84.16,84.48,84.93,-0.53,1.74,2.03,0.79,4321340,366903730.43,17996
2026-07-27 00:00:00,ESAFSFB,ESAF SMALL FINANCE BANK L,39.99,40.20,37.50,38.29,38.69,-1.03,2.70,6.75,3.36,4228358,165076731.95,15823
2026-07-27 00:00:00,IREDA,INDIAN RENEWABLE ENERGY,120.79,121.83,119.56,120.29,120.48,-0.16,2.27,1.88,0.26,4198411,505992958.96,23887
2026-07-27 00:00:00,BHARATCOAL,BHARAT COKING COAL LTD,35.17,35.44,35.08,35.25,34.99,0.74,0.36,1.02,0.51,4197348,147907452.69,12039
2026-07-27 00:00:00,VAML,VEDANTA ALUMINIUM METAL L,437.00,443.90,434.30,437.15,435.60,0.36,9.60,2.20,0.32,4182120,1830352328.10,72905
2026-07-27 00:00:00,BAJAJHIND,BAJAJ HINDUSTHAN SUGAR LT,17.30,17.48,16.85,16.93,17.29,-2.08,0.63,3.64,0.06,4178249,71497191.41,7428
2026-07-27 00:00:00,RICOAUTO,RICO AUTO INDUSTRIES LTD,140.50,146.60,139.30,145.59,139.07,4.69,7.30,5.20,1.03,4112427,591992374.50,30095
2026-07-27 00:00:00,HARDWYN,HARDWYN INDIA LIMITED,16.08,16.49,15.48,15.59,15.82,-1.45,1.01,6.28,1.64,4082237,64652461.72,7272
2026-07-27 00:00:00,SBIFUNDS,SBI FUNDS MANAGEMENT LTD,590.00,594.35,581.00,583.20,587.30,-0.70,13.35,2.26,0.46,4053030,2374031947.75,87259
2026-07-27 00:00:00,LENSKART,LENSKART SOLUTIONS LTD,558.00,574.70,558.00,572.00,555.90,2.90,16.70,2.99,0.38,4051944,2305807466.20,80024
2026-07-27 00:00:00,TCS,TATA CONSULTANCY SERV LT,2286.00,2315.00,2272.40,2295.60,2254.30,1.83,42.60,1.86,1.41,4007292,9216295835.20,162713
2026-07-27 00:00:00,APOLLO,APOLLO MICRO SYSTEMS LTD,396.10,399.60,390.65,392.95,394.30,-0.34,8.95,2.26,0.46,3984153,1572906569.15,45962
2026-07-27 00:00:00,RVNL,RAIL VIKAS NIGAM LIMITED,226.03,227.60,223.56,223.95,224.53,-0.26,4.04,1.79,0.67,3968892,895073964.33,31373
2026-07-27 00:00:00,THYROCARE,THYROCARE TECH LTD,573.60,617.45,571.00,584.05,564.25,3.51,46.45,8.10,1.66,3960893,2357755328.50,106336
2026-07-27 00:00:00,INDUSTOWER,INDUS TOWERS LIMITED,396.00,397.25,382.50,387.40,394.60,-1.82,14.75,3.72,0.35,3923875,1536118049.15,50582
2026-07-27 00:00:00,HUHTAMAKI,HUHTAMAKI INDIA LIMITED,320.26,330.00,306.12,312.61,318.68,-1.90,23.88,7.46,0.50,3886901,1233524254.05,45832
2026-07-27 00:00:00,MANAPPURAM,MANAPPURAM FINANCE LTD,356.00,361.50,354.65,359.85,352.95,1.95,6.85,1.92,0.86,3881990,1387439891.25,42137
2026-07-27 00:00:00,LXCHEM,LAXMI ORGANIC INDUS LTD,191.00,193.98,185.46,193.05,182.28,5.91,8.52,4.46,4.78,3877963,739711719.94,39701
2026-07-27 00:00:00,NATIONALUM,NATIONAL ALUMINIUM CO LTD,345.10,346.05,338.35,339.35,343.90,-1.32,7.70,2.23,0.35,3868006,1324494378.90,41824
2026-07-27 00:00:00,HUDCO,HSG & URBAN DEV CORPN LTD,199.90,205.00,197.10,202.16,195.54,3.39,7.90,3.95,2.23,3848410,773497173.61,30407
2026-07-27 00:00:00,HCLTECH,HCL TECHNOLOGIES LTD,1284.60,1303.00,1277.30,1295.90,1271.00,1.96,25.70,2.00,1.07,3847049,4984699159.50,100035
2026-07-27 00:00:00,SESHAPAPER,SESHASAYEE PAPER & BOARDS,253.00,264.00,233.32,237.29,230.23,3.07,30.68,12.13,9.89,3834474,967199051.37,46985
2026-07-27 00:00:00,FEDDERSHOL,FEDDERS HOLDING LTD.,46.99,48.19,43.50,44.64,45.64,-2.19,4.69,9.98,2.96,3826671,172212669.50,10968
2026-07-27 00:00:00,CREDITACC,CREDITACCESS GRAMEEN LTD,1585.50,1614.00,1550.10,1591.10,1517.60,4.84,63.90,4.03,4.47,3825382,6084500123.60,183934
2026-07-27 00:00:00,OIL,OIL INDIA LTD,445.00,446.10,438.10,442.00,449.75,-1.72,8.00,1.80,-1.06,3806947,1683424566.75,38921
2026-07-27 00:00:00,COFORGE,COFORGE LIMITED,1495.50,1538.20,1489.40,1528.40,1484.70,2.94,48.80,3.26,0.73,3779933,5748438925.60,78729
2026-07-27 00:00:00,KCPSUGIND,KCP SUGAR IND CORP LTD.,28.70,32.84,28.21,32.08,27.85,15.19,4.63,16.13,3.05,3727198,115993114.57,22316
2026-07-27 00:00:00,VIKASLIFE,VIKAS LIFECARE LIMITED,1.33,1.34,1.24,1.27,1.31,-3.05,0.10,7.52,1.53,3656429,4742011.82,8902
2026-07-27 00:00:00,NYKAA,FSN E COMMERCE VENTURES,325.00,327.85,323.65,326.75,322.80,1.22,4.20,1.29,0.68,3589386,1169554692.90,34877
2026-07-27 00:00:00,FILATEX,FILATEX INDIA LTD,74.88,75.88,73.55,74.64,73.83,1.10,2.33,3.11,1.42,3571940,266920548.85,18315
2026-07-27 00:00:00,CARTRADE,CARTRADE TECH LIMITED,2677.00,3015.00,2677.00,2978.50,2656.40,12.13,338.00,12.63,0.78,3555902,10388479056.90,215354
2026-07-27 00:00:00,KTKBANK,KARNATAKA BANK LIMITED,280.00,287.00,280.00,285.55,279.70,2.09,7.00,2.50,0.11,3550008,1010350438.25,30100
2026-07-27 00:00:00,WAKEFIT,WAKEFIT INNOVATIONS LTD,132.00,134.00,126.40,127.70,129.70,-1.54,7.60,5.76,1.77,3547070,458354089.97,22253
2026-07-27 00:00:00,M&MFIN,M&M FIN. SERVICES LTD,361.00,369.00,356.60,363.00,356.50,1.82,12.40,3.43,1.26,3518187,1277729623.45,47977
2026-07-27 00:00:00,VINCOFE,VINTAGE COFFEE N BVRGS L,157.50,165.45,157.50,162.87,156.18,4.28,7.95,5.05,0.85,3500698,572816623.41,26044
2026-07-27 00:00:00,TRIDENT,TRIDENT LIMITED,25.20,25.43,25.00,25.08,25.12,-0.16,0.43,1.71,0.32,3437030,86469994.52,10670
2026-07-27 00:00:00,J&KBANK,J & K BANK LTD.,174.00,178.05,172.00,177.51,172.57,2.86,6.05,3.48,0.83,3410387,599092917.06,29691
2026-07-27 00:00:00,UTKARSHBNK,UTKARSH SMALL FIN BANK L,14.48,14.85,14.48,14.51,14.45,0.42,0.37,2.56,0.21,3379362,49520927.01,12361
2026-07-27 00:00:00,HEG,HEG LTD,650.00,663.90,635.50,652.50,643.15,1.45,28.40,4.37,1.07,3378029,2208860478.10,56961
2026-07-27 00:00:00,RAIN,RAIN INDUSTRIES LIMITED,226.45,228.00,221.17,223.74,225.23,-0.66,6.83,3.02,0.54,3339585,748678351.88,28336
2026-07-27 00:00:00,BELRISE,BELRISE INDUSTRIES LTD,229.51,233.72,227.21,232.66,228.26,1.93,6.51,2.84,0.55,3264364,754853719.50,36186
2026-07-27 00:00:00,BECTORFOOD,MRS BECTORS FOOD SPE LTD,208.70,212.90,205.01,211.89,206.63,2.55,7.89,3.78,1.00,3219598,677454031.02,28488
2026-07-27 00:00:00,JSWINFRA,JSW INFRASTRUCTURE LTD,322.70,325.65,317.05,321.80,322.70,-0.28,8.60,2.67,0.00,3153852,1011678766.45,53586
2026-07-27 00:00:00,DHANBANK,DHANLAXMI BANK LIMITED,34.30,35.90,34.12,35.40,34.29,3.24,1.78,5.19,0.03,3148881,110924585.49,8801
2026-07-27 00:00:00,VAKRANGEE,VAKRANGEE LIMITED,5.85,6.26,5.81,6.09,5.81,4.82,0.45,7.69,0.69,3112375,18927881.48,3339
2026-07-27 00:00:00,GAEL,GUJARAT AMBUJA EXPORTS LT,153.69,158.98,150.20,157.31,151.64,3.74,8.78,5.71,1.35,3107123,484016065.73,39111
2026-07-27 00:00:00,AEGISVOPAK,AEGIS VOPAK TERMINALS LTD,294.74,305.07,292.70,303.49,292.64,3.71,12.37,4.20,0.72,3083157,931204357.98,50911
2026-07-27 00:00:00,JAYNECOIND,JAYASWAL NECO INDUSTR LTD,88.00,88.74,87.00,87.58,86.76,0.95,1.74,1.98,1.43,3068361,269804263.44,19476
2026-07-27 00:00:00,PATELENG,PATEL ENGINEERING LTD.,28.42,28.62,27.91,27.98,28.02,-0.14,0.71,2.50,1.43,2998015,84234668.12,7417
2026-07-27 00:00:00,PNGJL,P N GADGIL JEWELLERS LTD,654.70,700.00,652.10,689.05,647.00,6.50,47.90,7.32,1.19,2989095,2028048970.35,86401
2026-07-27 00:00:00,MCLOUD,MAGELLANIC CLOUD LIMITED,26.85,27.18,26.37,26.86,26.61,0.94,0.81,3.02,0.90,2978257,79593201.08,8870
2026-07-27 00:00:00,MANBA,MANBA FINANCE LIMITED,141.00,151.00,138.00,146.37,138.21,5.90,13.00,9.22,2.02,2948629,429838427.28,31045
2026-07-27 00:00:00,TBZ,TRIB BHIMJI ZAVERI LTD,260.39,283.00,260.39,280.22,258.89,8.24,22.61,8.68,0.58,2863637,786656935.05,44182
2026-07-27 00:00:00,KRISHANA,KRISHANA PHOSCHEM LIMITED,163.75,169.45,160.55,167.65,162.05,3.46,8.90,5.44,1.05,2829905,470026431.55,18203
2026-07-27 00:00:00,NELCAST,NELCAST LIMITED,136.00,137.78,113.50,116.64,134.47,-13.26,24.28,17.85,1.14,2814717,333746572.21,34542
2026-07-27 00:00:00,SONACOMS,SONA BLW PRECISION FRGS L,728.80,728.80,714.50,720.90,717.95,0.41,14.30,1.96,1.51,2803460,2021549916.40,41695
2026-07-27 00:00:00,GODIGIT,GO DIGIT GENERAL INS LTD,256.35,258.85,247.35,254.80,256.20,-0.55,11.50,4.49,0.06,2772521,703480376.95,50654
2026-07-27 00:00:00,KARURVYSYA,KARUR VYSYA BANK LTD,341.00,344.75,335.70,339.65,338.90,0.22,9.05,2.65,0.62,2727470,926990008.20,60308
2026-07-27 00:00:00,DELHIVERY,DELHIVERY LIMITED,466.00,471.30,461.45,470.00,462.55,1.61,9.85,2.11,0.75,2718387,1269805204.60,53005
2026-07-27 00:00:00,BCG,BRIGHTCOM GROUP LIMITED,9.42,9.67,9.41,9.47,9.40,0.74,0.26,2.76,0.21,2716706,25848003.10,2852
2026-07-27 00:00:00,SBFC,SBFC FINANCE LIMITED,93.99,94.64,90.00,90.38,92.18,-1.95,4.64,4.94,1.96,2682881,246403870.67,18061
2026-07-27 00:00:00,RENUKA,SHREE RENUKA SUGARS LTD,22.26,22.49,21.81,21.86,22.23,-1.66,0.68,3.05,0.13,2679724,59010206.19,6935
2026-07-27 00:00:00,DLF,DLF LIMITED,647.10,651.95,641.90,650.90,645.20,0.88,10.05,1.55,0.29,2658172,1721255077.35,34213
2026-07-27 00:00:00,SARVESHWAR,SARVESHWAR FOODS LIMITED,3.54,3.55,3.11,3.38,3.45,-2.03,0.44,12.43,2.61,2648664,8800950.31,3087
2026-07-27 00:00:00,DBL,DILIP BUILDCON LIMITED,414.60,444.90,414.60,443.65,420.25,5.57,30.30,7.31,-1.34,2647147,1156444749.00,40665
2026-07-27 00:00:00,ALLCARGO,ALLCARGO LOGISTICS LTD,8.11,8.25,8.04,8.09,8.06,0.37,0.21,2.59,0.62,2633753,21472029.51,3496
2026-07-27 00:00:00,ADANIENSOL,ADANI ENERGY SOLUTION LTD,1719.60,1719.60,1678.10,1703.30,1702.20,0.06,41.50,2.41,1.02,2632783,4466528851.90,48974
2026-07-27 00:00:00,GPIL,GODAWARI POW & ISP LTD,235.05,238.90,230.55,237.75,240.15,-1.00,8.35,3.55,-2.12,2618820,614095701.95,34958
2026-07-27 00:00:00,JINDALSTEL,JINDAL STEEL LIMITED,1055.00,1068.20,1036.00,1065.70,1035.80,2.89,32.20,3.05,1.85,2617855,2777578456.30,70538
2026-07-27 00:00:00,RMDRIP,R M DRIP & SPRINK SYS LTD,18.15,18.99,18.05,18.65,18.11,2.98,0.94,5.18,0.22,2603869,48427517.08,3985
2026-07-27 00:00:00,VIKASECO,VIKAS ECOTECH LIMITED,1.12,1.16,1.11,1.12,1.11,0.90,0.05,4.46,0.90,2595664,2929078.02,946
2026-07-27 00:00:00,NETWORK18,NETWORK18 MEDIA & INV LTD,28.90,29.10,28.62,28.85,28.62,0.80,0.48,1.66,0.98,2570517,74073748.26,6726
2026-07-27 00:00:00,BIOCON,BIOCON LIMITED.,437.00,437.55,434.05,436.25,433.65,0.60,3.50,0.80,0.77,2570388,1119453725.25,24916
2026-07-27 00:00:00,BSE,BSE LIMITED,3575.00,3586.60,3491.80,3536.80,3549.70,-0.36,94.80,2.65,0.71,2557303,9027713151.10,133993
2026-07-27 00:00:00,PARADEEP,PARADEEP PHOSPHATES LTD,137.50,139.00,134.00,134.64,136.07,-1.05,5.00,3.64,1.05,2556199,346423264.53,24113
2026-07-27 00:00:00,ITCHOTELS,ITC HOTELS LIMITED,161.22,166.45,161.00,165.43,159.92,3.45,5.45,3.38,0.81,2555776,419840695.57,37183
2026-07-27 00:00:00,MOSMALL250,MOTILALAMC - MOSMALL250,17.85,17.98,17.73,17.93,17.66,1.53,0.25,1.40,1.08,2536841,45451621.96,2519
2026-07-27 00:00:00,NSLNISP,NMDC STEEL LIMITED,41.60,42.74,41.60,42.15,41.41,1.79,1.14,2.74,0.46,2439423,103191857.64,12454
2026-07-27 00:00:00,MARKSANS,MARKSANS PHARMA LIMITED,248.00,265.50,247.75,263.40,246.30,6.94,17.75,7.16,0.69,2396136,621792157.40,37556
2026-07-27 00:00:00,SMALLCAP,MIRAEAMC - SMALLCAP,46.57,47.09,45.70,46.91,46.52,0.84,1.39,2.98,0.11,2385511,111823954.20,3387
2026-07-27 00:00:00,JYOTISTRUC,JYOTI STRUCTURES LTD,11.09,11.14,10.90,10.94,10.97,-0.27,0.24,2.16,1.09,2371702,26068857.66,2351
2026-07-27 00:00:00,TATAPOWER,TATA POWER CO LTD,376.75,379.00,374.45,377.35,374.40,0.79,4.55,1.21,0.63,2369047,891144496.55,35913
2026-07-27 00:00:00,TATACONSUM,TATA CONSUMER PRODUCT LTD,1115.10,1123.40,1096.60,1107.40,1088.00,1.78,26.80,2.40,2.49,2360635,2612618116.10,58308
2026-07-27 00:00:00,CROMPTON,CROMPT GREA CON ELEC LTD,252.10,252.15,248.05,249.10,250.15,-0.42,4.10,1.63,0.78,2359921,588771902.45,30409
2026-07-27 00:00:00,ALOKINDS,ALOK INDUSTRIES LIMITED,12.19,12.33,12.02,12.04,12.07,-0.25,0.31,2.54,0.99,2353541,28543877.75,4737
2026-07-27 00:00:00,NAUKRI,INFO EDGE (I) LTD,1171.45,1203.00,1171.45,1194.30,1165.50,2.47,31.55,2.69,0.51,2342436,2793393207.00,70774
2026-07-27 00:00:00,EMMVEE,EMMVEE PHOTOVOLTAIC PWR L,336.00,341.40,331.70,333.60,331.00,0.79,9.70,2.89,1.51,2340536,786667390.70,27939
2026-07-27 00:00:00,NAZARA,NAZARA TECHNOLOGIES LTD,303.85,308.00,302.00,303.40,302.30,0.36,6.00,1.97,0.51,2329997,710970143.95,8964
2026-07-27 00:00:00,AGL,ALLCARGO GLOBAL LIMITED,12.58,12.77,12.25,12.30,12.58,-2.23,0.52,4.13,0.00,2310534,28592826.29,6082
2026-07-27 00:00:00,KNACK,KNACK PACKAGING LIMITED,196.75,205.74,196.00,197.35,194.88,1.27,9.74,4.95,0.96,2296861,462115472.26,24070
2026-07-27 00:00:00,ADANIPORTS,ADANI PORT & SEZ LTD,1784.00,1785.00,1752.10,1770.40,1768.30,0.12,32.90,1.84,0.89,2266975,3998998139.30,98219
2026-07-27 00:00:00,M&M,MAHINDRA & MAHINDRA LTD,3183.00,3246.80,3179.00,3238.60,3161.40,2.44,67.80,2.13,0.68,2264570,7289710696.10,103100
2026-07-27 00:00:00,ACMESOLAR,ACME SOLAR HOLDINGS LTD,370.00,371.00,358.40,362.40,365.85,-0.94,12.60,3.41,1.13,2262264,824212688.15,52213
2026-07-27 00:00:00,TOP10ADD,DSPAMC - TOP10ADD,87.27,87.27,86.73,86.79,86.41,0.44,0.54,0.62,1.00,2248800,195286973.03,704
2026-07-27 00:00:00,ZENSARTECH,ZENSAR TECHNOLOGIES  LTD,510.10,521.50,502.20,515.40,505.90,1.88,19.30,3.78,0.83,2237749,1151015179.10,37586
2026-07-27 00:00:00,SCI,SHIPPING CORP OF INDIA LT,277.15,287.10,275.40,283.80,275.10,3.16,11.70,4.22,0.75,2204031,622486467.15,28483
2026-07-27 00:00:00,PAYTM,ONE 97 COMMUNICATIONS LTD,1288.00,1298.00,1270.10,1289.40,1283.20,0.48,27.90,2.17,0.37,2199063,2823946812.90,64455
2026-07-27 00:00:00,ROLEXRINGS,ROLEX RINGS LIMITED,139.73,141.78,135.50,137.92,139.64,-1.23,6.28,4.49,0.06,2182897,299204005.97,13115
2026-07-27 00:00:00,EMIL,ELECTRONICS MART IND LTD,130.95,132.52,125.18,125.67,129.64,-3.06,7.34,5.61,1.01,2168808,276104101.74,14001
2026-07-27 00:00:00,VRLLOG,VRL LOGISTICS LIMITED,260.99,267.87,250.65,262.75,243.11,8.08,17.22,6.60,7.35,2163637,561784942.35,28600
2026-07-27 00:00:00,IOB,INDIAN OVERSEAS BANK,34.35,34.53,34.02,34.12,33.88,0.71,0.51,1.48,1.39,2152227,73667415.18,10638
2026-07-27 00:00:00,TEJASNET,TEJAS NETWORKS LIMITED,501.00,516.90,492.80,513.05,495.40,3.56,24.10,4.81,1.13,2141738,1090822855.90,42996
2026-07-27 00:00:00,EDELWEISS,EDELWEISS FIN SERV LTD,117.99,118.90,115.31,116.91,117.02,-0.09,3.59,3.04,0.83,2138758,249910823.22,23361
2026-07-27 00:00:00,EQUITASBNK,EQUITAS SMALL FIN BNK LTD,79.61,80.29,78.61,79.00,78.34,0.84,1.68,2.11,1.62,2138413,169728344.79,19397
2026-07-27 00:00:00,NIACL,THE NEW INDIA ASSU CO LTD,166.81,169.00,163.89,165.57,173.20,-4.41,5.11,3.06,-3.69,2134634,354587442.94,26609
2026-07-27 00:00:00,BAJAJHFL,BAJAJ HOUSING FINANCE LTD,84.98,85.88,84.98,85.50,84.19,1.56,0.90,1.06,0.94,2127865,181819473.11,19340
2026-07-27 00:00:00,LALPATHLAB,DR. LAL PATH LABS LTD.,1800.40,1894.90,1793.00,1827.20,1759.20,3.87,101.90,5.66,2.34,2106429,3920628203.90,131764
2026-07-27 00:00:00,JKPAPER,JK PAPER LIMITED,406.70,419.20,403.70,414.55,401.45,3.26,15.50,3.81,1.31,2094793,862822411.90,46117
2026-07-27 00:00:00,SALASAR,SALASAR TECHNO ENGG. LTD.,6.01,6.11,5.94,5.96,5.97,-0.17,0.17,2.83,0.67,2052725,12270849.47,3140
2026-07-27 00:00:00,CGCL,CAPRI GLOBAL CAPITAL LTD,242.00,246.01,238.04,244.27,238.23,2.54,7.97,3.29,1.58,2052332,496892883.23,25559
2026-07-27 00:00:00,SBICARD,SBI CARDS & PAY SER LTD,630.65,647.25,627.95,645.00,618.75,4.24,19.30,3.06,1.92,2047438,1307623175.45,40013
2026-07-27 00:00:00,HINDALCO,HINDALCO  INDUSTRIES  LTD,944.45,951.25,943.05,945.25,942.80,0.26,8.20,0.87,0.18,2035425,1928234576.10,63663
2026-07-27 00:00:00,CNL,CREATIVE NEWTECH LIMITED,1029.95,1080.25,983.00,1019.90,987.00,3.33,97.25,9.44,4.35,2031199,2062580058.65,70115
2026-07-27 00:00:00,NLCINDIA,NLC INDIA LIMITED,295.00,299.75,292.80,298.45,292.80,1.93,6.95,2.36,0.75,2030451,602228750.45,36430
2026-07-27 00:00:00,NESTLEIND,NESTLE INDIA LIMITED,1451.00,1461.50,1435.30,1446.10,1443.50,0.18,26.20,1.81,0.52,2030304,2930849054.00,55967
2026-07-27 00:00:00,ABFRL,ADITYA BIRLA FASHION & RT,56.88,58.07,56.82,57.05,56.25,1.42,1.25,2.20,1.12,2012834,115643857.35,10620
2026-07-27 00:00:00,BSOFT,BIRLASOFT LIMITED,284.05,296.90,284.05,293.45,282.40,3.91,12.85,4.52,0.58,1999905,584882582.45,40917
2026-07-27 00:00:00,WEBELSOLAR,WEBSOL ENERGY SYSTEM LTD,101.88,102.53,98.12,99.01,99.77,-0.76,4.41,4.33,2.11,1999850,200096370.32,10496
2026-07-27 00:00:00,INDUSINDBK,INDUSIND BANK LIMITED,1003.00,1015.60,1000.10,1006.65,996.05,1.06,15.50,1.55,0.70,1979222,1993475425.60,49523
2026-07-27 00:00:00,CHOLAFIN,CHOLAMANDALAM IN & FIN CO,1744.00,1804.50,1743.80,1785.20,1724.40,3.53,60.70,3.48,1.14,1963093,3502816298.40,60801
2026-07-27 00:00:00,HINDCOPPER,HINDUSTAN COPPER LTD,485.95,489.50,481.00,482.40,483.15,-0.16,8.50,1.75,0.58,1932275,936867869.70,36458
2026-07-27 00:00:00,RADHIKAJWE,RADHIKA JEWELTECH LIMITED,64.00,68.68,64.00,68.03,63.63,6.91,4.68,7.31,0.58,1931509,129854338.89,16007
2026-07-27 00:00:00,SHAREINDIA,SHARE IND. SECURITIES LTD,197.00,197.36,186.00,188.39,191.57,-1.66,11.36,5.77,2.83,1931245,370344437.69,16427
2026-07-27 00:00:00,MANCREDIT,MANGAL CREDIT N FINCORP L,225.00,244.88,217.35,222.30,215.03,3.38,27.53,12.24,4.64,1930672,453154529.96,24229
2026-07-27 00:00:00,FISCHER,FISCHER MEDICAL VENTURE L,38.58,38.58,37.54,37.70,37.94,-0.63,1.04,2.70,1.69,1922676,73227211.94,2527
2026-07-27 00:00:00,ICICIPRULI,ICICI PRU LIFE INS CO LTD,504.25,510.60,501.90,509.80,500.55,1.85,8.70,1.73,0.74,1911594,970651861.90,50076
2026-07-27 00:00:00,ATHERENERG,ATHER ENERGY LIMITED,1214.90,1233.90,1196.50,1214.90,1208.70,0.51,37.40,3.08,0.51,1911132,2314412334.20,88102
2026-07-27 00:00:00,SUMICHEM,SUMITOMO CHEM INDIA LTD,522.00,551.90,517.95,538.85,520.45,3.54,33.95,6.50,0.30,1891044,1011275268.90,59545
2026-07-27 00:00:00,IIFL,IIFL FINANCE LIMITED,565.00,575.40,558.60,573.20,556.55,2.99,16.80,2.97,1.52,1874996,1069989441.50,28164
2026-07-27 00:00:00,SAMBHV,SAMBHV STEEL TUBES LTD,116.00,123.55,114.91,121.69,115.92,4.98,8.64,7.45,0.07,1861564,224248633.59,15272
2026-07-27 00:00:00,MARSONS,MARSONS LIMITED,111.75,113.99,110.50,111.86,109.92,1.76,3.49,3.12,1.66,1816057,204315615.05,9752
2026-07-27 00:00:00,IRISDOREME,IRIS CLOTHINGS LIMITED,48.00,49.80,46.35,48.29,47.83,0.96,3.45,7.19,0.36,1814818,87703525.23,12429
2026-07-27 00:00:00,NCC,NCC LIMITED,141.00,142.71,138.11,142.14,137.09,3.68,4.60,3.26,2.85,1809015,255920423.38,27655
2026-07-27 00:00:00,BLSE,BLS E-SERVICES LIMITED,286.00,293.00,282.41,288.32,282.32,2.13,10.59,3.70,1.30,1807981,524042768.32,15841
2026-07-27 00:00:00,AEQUS,AEQUS LIMITED,232.00,232.79,227.00,229.80,229.23,0.25,5.79,2.50,1.21,1793039,412253911.68,18877
2026-07-27 00:00:00,ELITECON,ELITECON INTERNATIONAL L,15.64,16.20,15.53,15.98,15.51,3.03,0.67,4.28,0.84,1784679,28478450.15,4600
2026-07-27 00:00:00,IGL,INDRAPRASTHA GAS LTD,150.29,152.30,149.70,150.27,149.33,0.63,2.60,1.73,0.64,1779530,267929688.44,40628
2026-07-27 00:00:00,KISSHT,ONEMI TECHNOLOGY SOL LTD,341.80,351.50,339.10,342.25,340.15,0.62,12.40,3.63,0.49,1766690,612454944.95,32313
2026-07-27 00:00:00,ARFIN,ARFIN INDIA LIMITED,90.81,92.50,90.47,91.17,91.99,-0.89,2.03,2.24,-1.28,1762784,160804185.48,5672
2026-07-27 00:00:00,MAXHEALTH,MAX HEALTHCARE INS LTD,1086.90,1119.80,1085.40,1114.60,1080.40,3.17,34.40,3.16,0.60,1759824,1945164804.90,50133
2026-07-27 00:00:00,RRKABEL,R R KABEL LIMITED,2529.00,2584.00,2453.00,2525.30,2493.60,1.27,131.00,5.18,1.42,1757341,4424109712.60,111433
2026-07-27 00:00:00,SSWL,STEEL STRIPS WHEELS LTD.,291.80,304.08,289.21,293.95,288.31,1.96,14.87,5.10,1.21,1751734,520105798.28,22796
2026-07-27 00:00:00,INDIGO,INTERGLOBE AVIATION LTD,5111.00,5242.50,5095.00,5230.00,4985.00,4.91,147.50,2.89,2.53,1731299,8977937393.00,104301
2026-07-27 00:00:00,SIKKO,SIKKO INDUSTRIES LIMITED,4.79,5.41,4.79,5.02,4.70,6.81,0.62,12.94,1.91,1714553,8709174.26,1555
2026-07-27 00:00:00,ADANIGREEN,ADANI GREEN ENERGY LTD,1410.20,1418.20,1390.10,1399.70,1395.10,0.33,28.10,1.99,1.08,1695918,2377276018.50,43934
2026-07-27 00:00:00,KELLTONTEC,KELLTON TECH SOL LTD,14.22,14.69,14.02,14.10,14.09,0.07,0.67,4.71,0.92,1690609,24056807.00,3292
2026-07-27 00:00:00,LEMONTREE,LEMON TREE HOTELS LTD,110.36,112.90,110.36,111.82,109.36,2.25,2.54,2.30,0.91,1685106,188465641.79,30239
2026-07-27 00:00:00,HDFCSML250,HDFCAMC - HDFCSML250,178.06,180.98,178.06,179.94,177.58,1.33,2.92,1.64,0.27,1684024,302536492.18,8823
2026-07-27 00:00:00,ICICIB22,ICICIPRAMC - BHARATIWIN,118.24,118.24,115.01,115.53,115.36,0.15,3.23,2.73,2.50,1676239,193966713.09,3880
2026-07-27 00:00:00,ABCAPITAL,ADITYA BIRLA CAPITAL LTD.,396.75,401.05,396.00,400.45,393.85,1.68,5.05,1.27,0.74,1675500,667809094.05,27274
2026-07-27 00:00:00,GPPL,GUJARAT PIPAVAV PORT LTD,150.12,151.86,147.74,148.31,149.23,-0.62,4.12,2.74,0.60,1639150,244773193.54,14231
2026-07-27 00:00:00,DEEPINDS,DEEP INDUSTRIES LIMITED,479.60,529.45,479.60,516.45,479.60,7.68,49.85,10.39,0.00,1633199,843219001.95,40064
2026-07-27 00:00:00,CHENNPETRO,CHENNAI PETROLEUM CORP LT,1230.00,1232.00,1162.80,1168.80,1214.80,-3.79,69.20,5.63,1.25,1629065,1920596441.60,53531
2026-07-27 00:00:00,3IINFOLTD,3I INFOTECH LIMITED,19.90,21.38,19.50,20.68,19.74,4.76,1.88,9.45,0.81,1627856,33599015.40,4854
2026-07-27 00:00:00,JAMNAAUTO,JAMNA AUTO IND LTD,133.73,136.26,132.67,135.06,132.67,1.80,3.59,2.68,0.80,1623281,218063641.97,14764
2026-07-27 00:00:00,ZENTEC,ZEN TECHNOLOGIES LIMITED,1613.60,1717.50,1613.60,1688.20,1768.70,-4.55,103.90,6.44,-8.77,1617808,2717527880.00,84468
2026-07-27 00:00:00,PVRINOX,PVR INOX LIMITED,1072.30,1136.90,1071.00,1123.20,1063.95,5.57,65.90,6.15,0.78,1608571,1799154756.60,95192
2026-07-27 00:00:00,TRITURBINE,TRIVENI TURBINE LIMITED,614.90,627.00,610.05,623.40,611.80,1.90,16.95,2.76,0.51,1575560,971275868.40,24159
2026-07-27 00:00:00,UPL,UPL LIMITED,605.45,610.95,603.25,608.50,602.45,1.00,7.70,1.27,0.50,1543100,938088360.00,31802
2026-07-27 00:00:00,BSLNIFTY,ADITYBIRLA SL NIF ETF-GR,28.57,28.57,27.50,28.18,27.88,1.08,1.07,3.75,2.47,1536042,43263872.93,6414
2026-07-27 00:00:00,TECHM,TECH MAHINDRA LIMITED,1576.00,1599.60,1571.00,1575.00,1559.50,0.99,28.60,1.81,1.06,1513324,2397704488.00,54519
2026-07-27 00:00:00,HAPPSTMNDS,HAPPIEST MINDS TECHNO LTD,378.00,388.95,377.15,387.70,372.55,4.07,11.80,3.12,1.46,1510349,582659709.50,41036
2026-07-27 00:00:00,PSB,PUNJAB & SIND BANK,23.91,24.70,23.32,23.89,23.77,0.50,1.38,5.77,0.59,1506830,36590049.42,3938
2026-07-27 00:00:00,JMFINANCIL,JM FINANCIAL LIMITED,123.00,125.74,122.66,124.36,122.05,1.89,3.08,2.50,0.78,1505925,187533332.67,18458
2026-07-27 00:00:00,TARIL,TRANS & RECTI. LTD,299.80,303.80,293.15,302.50,295.00,2.54,10.65,3.55,1.63,1500221,448367825.40,23667
2026-07-27 00:00:00,INDOTHAI,INDO THAI SEC LTD,217.00,223.00,216.24,220.09,216.30,1.75,6.76,3.12,0.32,1498077,327379324.46,6349
2026-07-27 00:00:00,TPHQ,TEAMO PRODUCTIONS HQ LTD,0.42,0.45,0.41,0.43,0.40,7.50,0.04,9.52,5.00,1496986,641418.57,407
2026-07-27 00:00:00,MOREALTY,MOTILALAMC - MOREALTY,88.50,90.52,88.29,90.38,88.28,2.38,2.23,2.52,0.25,1495012,134283909.30,2215
2026-07-27 00:00:00,MOTILALOFS,MOTILAL OSWAL FIN LTD,872.05,882.55,862.85,869.30,871.95,-0.30,19.70,2.26,0.01,1491913,1297428359.95,41897
2026-07-27 00:00:00,LLOYDSME,LLOYDS METALS N ENERGY L,1959.40,2037.00,1928.00,2014.90,1940.50,3.83,109.00,5.56,0.97,1480673,2963440578.90,48389
2026-07-27 00:00:00,AEROFLEX,AEROFLEX INDUSTRIES LTD,425.00,430.30,410.20,418.15,420.85,-0.64,20.10,4.73,0.99,1478407,622499762.45,25175
2026-07-27 00:00:00,GODFRYPHLP,GODFREY PHILLIPS INDIA LT,2144.90,2248.20,2121.20,2210.50,2129.60,3.80,127.00,5.92,0.72,1459627,3218909308.30,82645
2026-07-27 00:00:00,KROSS,KROSS LIMITED,205.00,205.00,189.00,190.31,206.13,-7.67,16.00,7.80,-0.55,1456808,282809842.74,25307
2026-07-27 00:00:00,LT,LARSEN & TOUBRO LTD.,3820.00,3837.30,3798.70,3806.00,3785.60,0.54,38.60,1.01,0.91,1454211,5552810755.10,70922
2026-07-27 00:00:00,WELSPUNLIV,WELSPUN LIVING LIMITED,162.80,168.63,161.97,163.53,162.00,0.94,6.66,4.09,0.49,1445681,239198378.80,19047
2026-07-27 00:00:00,CAMS,COMPUTER AGE MNGT SER LTD,763.00,790.00,762.00,785.05,761.45,3.10,28.00,3.67,0.20,1440127,1126972104.90,40156
2026-07-27 00:00:00,FCSSOFT,FCS SOFTWARE SOLN. LTD.,1.59,1.59,1.51,1.52,1.55,-1.94,0.08,5.03,2.58,1434925,2195045.74,1632
2026-07-27 00:00:00,ASIANENE,ASIAN ENERGY SERVICES LTD,365.15,387.00,358.80,383.80,355.70,7.90,28.20,7.72,2.66,1432312,544947305.20,28769
2026-07-27 00:00:00,GATEWAY,GATEWAY DISTRIPARKS LTD,57.05,59.00,56.71,58.50,56.38,3.76,2.29,4.01,1.19,1423107,82998971.51,9362
2026-07-27 00:00:00,INVENTURE,INVENTURE GRO & SEC LTD,0.90,0.94,0.90,0.91,0.89,2.25,0.04,4.44,1.12,1402535,1299351.72,394
2026-07-27 00:00:00,VIDYAWIRES,VIDYA WIRES LIMITED,89.19,92.96,88.62,91.30,88.54,3.12,4.34,4.87,0.73,1398257,128073999.96,8581
2026-07-27 00:00:00,ALPHA,KOTAKMAMC - KOTAKALPHA,51.49,51.50,51.10,51.44,50.84,1.18,0.40,0.78,1.28,1376218,70594923.13,2388
2026-07-27 00:00:00,CUB,CITY UNION BANK LTD,221.00,226.99,220.60,221.45,219.75,0.77,6.39,2.89,0.57,1372673,305882968.57,22711
2026-07-27 00:00:00,MOMMIDCAP,MIRAEAMC - MOMMIDCAP,12.45,12.53,12.45,12.51,12.34,1.38,0.08,0.64,0.89,1369182,17136015.39,204
2026-07-27 00:00:00,HDFCLIFE,HDFC LIFE INS CO LTD,555.95,558.25,550.90,552.85,555.05,-0.40,7.35,1.32,0.16,1368559,757170309.05,29867
2026-07-27 00:00:00,FIVESTAR,FIVE-STAR BUS FIN LTD,540.00,557.95,538.55,540.25,535.20,0.94,19.40,3.59,0.90,1366135,744642595.40,56073
2026-07-27 00:00:00,GREENPOWER,ORIENT GREEN POWER CO LTD,10.12,10.12,9.97,9.99,10.03,-0.40,0.15,1.48,0.90,1353212,13566297.11,3368
2026-07-27 00:00:00,TTML,TATA TELESERV(MAHARASTRA),40.50,40.50,39.39,39.48,39.38,0.25,1.11,2.74,2.84,1352435,53739409.28,8594
2026-07-27 00:00:00,PRICOLLTD,PRICOL LIMITED,638.00,671.40,633.20,665.35,628.70,5.83,38.20,5.99,1.48,1352331,889705223.90,51718
2026-07-27 00:00:00,CMPDI,CENTRAL MINE P N D INST L,251.65,254.90,247.10,253.45,248.43,2.02,7.80,3.10,1.30,1341702,337778716.60,15143
2026-07-27 00:00:00,VIYASH,VIYASH SCIENTIFIC LIMITED,253.25,261.35,253.00,259.70,250.90,3.51,8.35,3.30,0.94,1323745,342143179.90,23702
2026-07-27 00:00:00,GVT&D,GE VERNOVA T&D INDIA LTD,4215.00,4338.40,4135.00,4202.30,4157.40,1.08,203.40,4.83,1.39,1316155,5592447855.50,113540
2026-07-27 00:00:00,RELIGARE,RELIGARE ENTER. LTD.,259.25,259.25,252.60,255.45,258.05,-1.01,6.65,2.57,0.47,1314228,335652351.80,16106
2026-07-27 00:00:00,PETRONET,PETRONET LNG LIMITED,275.10,276.45,272.00,272.90,274.70,-0.66,4.45,1.62,0.15,1308556,358744782.25,28296
2026-07-27 00:00:00,TANLA,TANLA PLATFORMS LIMITED,606.95,614.60,583.65,587.10,599.75,-2.11,30.95,5.10,1.20,1295942,775389607.00,29251
2026-07-27 00:00:00,ELECON,ELECON ENG. CO. LTD,424.00,436.85,418.35,423.70,421.65,0.49,18.50,4.36,0.56,1284270,546369680.55,33590
2026-07-27 00:00:00,ARIHANTCAP,ARIHANT CAPITAL MKTS LTD,83.00,84.80,77.25,78.06,81.62,-4.36,7.55,9.10,1.69,1279834,103956371.52,11276
2026-07-27 00:00:00,ALGOQUANT,ALGOQUANT FINTECH LIMITED,69.40,69.95,68.21,69.30,68.41,1.30,1.74,2.51,1.45,1276401,88309306.49,4061
2026-07-27 00:00:00,RALLIS,RALLIS INDIA LTD,220.00,227.07,220.00,221.59,218.72,1.31,7.07,3.21,0.59,1235821,276616294.00,22450
2026-07-27 00:00:00,JUBLFOOD,JUBILANT FOODWORKS LTD,420.80,428.40,420.45,427.45,418.25,2.20,7.95,1.89,0.61,1229160,523563705.80,18218
2026-07-27 00:00:00,FORTIS,FORTIS HEALTHCARE LTD,958.00,958.60,939.90,942.30,948.70,-0.67,18.70,1.95,0.98,1227263,1159801683.95,33284
2026-07-27 00:00:00,IOLCP,IOL CHEM AND PHARMA LTD,150.90,152.90,149.56,151.46,149.22,1.50,3.34,2.21,1.13,1217772,184546230.80,11493
2026-07-27 00:00:00,RAMCOSYS,RAMCO SYSTEMS LTD.,668.90,696.30,639.90,639.90,710.95,-9.99,56.40,8.43,-5.91,1208773,794564493.45,21213
2026-07-27 00:00:00,CASTROLIND,CASTROL INDIA LIMITED,185.09,185.64,184.05,184.32,184.79,-0.25,1.59,0.86,0.16,1187995,218975380.61,11501
2026-07-27 00:00:00,LUPIN,LUPIN LIMITED,2371.00,2432.10,2368.10,2410.00,2370.50,1.67,64.00,2.70,0.02,1179096,2842809144.80,61157
2026-07-27 00:00:00,NORTHARC,NORTHERN ARC CAPITAL LTD,304.40,310.00,296.00,300.10,299.40,0.23,14.00,4.60,1.67,1178018,357723613.60,16890
2026-07-27 00:00:00,SYRMA,SYRMA SGS TECHNOLOGY LTD,1300.00,1318.50,1257.00,1316.20,1288.30,2.17,61.50,4.73,0.91,1172726,1512939199.60,71072
2026-07-27 00:00:00,TARC,TARC LIMITED,132.05,135.47,130.82,132.93,131.45,1.13,4.65,3.52,0.46,1167549,155657236.64,10014
2026-07-27 00:00:00,NAM-INDIA,NIPPON L I A M LTD,1123.60,1159.90,1119.20,1153.90,1112.50,3.72,40.70,3.62,1.00,1164795,1337650645.90,48330
2026-07-27 00:00:00,TIRUMALCHM,THIRUMALAI CHEMICALS LTD,170.00,173.45,168.23,172.09,167.74,2.59,5.22,3.07,1.35,1162625,198445705.10,10133
2026-07-27 00:00:00,FSL,FIRSTSOURCE SOLU. LTD.,256.00,264.13,255.77,262.23,253.58,3.41,8.36,3.27,0.95,1162441,304008193.12,30406
2026-07-27 00:00:00,CIPLA,CIPLA LTD,1412.60,1418.10,1392.80,1409.40,1410.60,-0.09,25.30,1.79,0.14,1162030,1635136950.90,36018
2026-07-27 00:00:00,PIDILITIND,PIDILITE INDUSTRIES LTD,1588.90,1622.40,1579.70,1611.30,1570.90,2.57,42.70,2.69,1.15,1161586,1871888939.20,46473
2026-07-27 00:00:00,UNITDSPR,UNITED SPIRITS LIMITED,1477.70,1503.50,1471.70,1482.00,1467.20,1.01,31.80,2.15,0.72,1154306,1721842305.00,54442
2026-07-27 00:00:00,INDHOTEL,THE INDIAN HOTELS CO. LTD,730.35,737.95,728.60,733.75,727.45,0.87,9.35,1.28,0.40,1143931,839113176.90,20629
2026-07-27 00:00:00,AMBUJACEM,AMBUJA CEMENTS LTD,429.00,432.85,424.20,430.95,425.15,1.36,8.65,2.02,0.91,1140841,490767252.65,19247
2026-07-27 00:00:00,SJVN,SJVN LTD,67.69,68.30,67.69,68.04,67.58,0.68,0.61,0.90,0.16,1134315,77194405.87,10781
2026-07-27 00:00:00,HONASA,HONASA CONSUMER LIMITED,451.95,460.70,447.20,452.75,448.60,0.93,13.50,2.99,0.75,1134201,513475898.40,29321
2026-07-27 00:00:00,IXIGO,LE TRAVENUES TECHNOLOGY L,187.50,197.99,185.40,195.99,184.60,6.17,12.59,6.71,1.57,1133097,221235112.20,17569
2026-07-27 00:00:00,IIFLCAPS,IIFL CAPITAL SERVICES LTD,339.60,340.95,336.70,337.70,340.20,-0.73,4.25,1.25,-0.18,1132308,382274607.90,6663
2026-07-27 00:00:00,AEGISLOG,AEGIS LOGISTICS LIMITED,1356.40,1360.00,1282.00,1291.30,1349.60,-4.32,78.00,5.75,0.50,1130343,1477468420.30,37351
2026-07-27 00:00:00,JSWSTEEL,JSW STEEL LIMITED,1251.00,1251.00,1234.30,1244.60,1240.80,0.31,16.70,1.33,0.82,1128386,1400875585.10,26104
2026-07-27 00:00:00,JSWENERGY,JSW ENERGY LIMITED,552.00,556.90,547.45,549.70,551.65,-0.35,9.45,1.71,0.06,1125093,619642612.35,21895
2026-07-27 00:00:00,MARINE,MARINE ELECTRICAL (I) LTD,259.90,271.80,256.25,269.95,254.80,5.95,15.55,5.98,2.00,1123801,297661505.10,17430
2026-07-27 00:00:00,PVP,PVP VENTURES LIMITED,27.72,30.34,27.10,27.40,27.31,0.33,3.24,11.69,1.50,1123455,31897634.53,5644
2026-07-27 00:00:00,EMBDL,EMBASSY DEVELOPMENTS LTD,62.00,63.10,61.39,62.17,61.21,1.57,1.71,2.76,1.29,1122374,70180112.74,6780
2026-07-27 00:00:00,MUNJALAU,MUNJAL AUTO IND. LTD.,100.60,106.10,100.60,104.90,99.77,5.14,5.50,5.47,0.83,1121215,117013630.95,9910
2026-07-27 00:00:00,TEXRAIL,TEXMACO RAIL & ENG. LTD.,111.11,113.99,111.00,112.77,110.08,2.44,2.99,2.69,0.94,1120929,126104581.13,8123
2026-07-27 00:00:00,ROUTE,ROUTE MOBILE LIMITED,570.00,571.65,535.35,540.60,568.55,-4.92,36.30,6.37,0.26,1114587,607169408.60,23676
2026-07-27 00:00:00,KUSUMGAR,KUSUMGAR LIMITED,609.05,623.95,573.00,575.20,601.35,-4.35,50.95,8.37,1.28,1108662,658363997.90,32942
2026-07-27 00:00:00,MMTC,MMTC LIMITED,61.84,62.69,61.39,61.66,61.52,0.23,1.30,2.10,0.52,1108364,68531214.84,6353
2026-07-27 00:00:00,GREAVESCOT,GREAVES COTTON LTD.,247.10,251.92,244.20,245.99,246.32,-0.13,7.72,3.12,0.32,1108107,274088979.66,20579
2026-07-27 00:00:00,SBILIFE,SBI LIFE INSURANCE CO LTD,1860.00,1870.70,1836.20,1866.80,1858.60,0.44,34.50,1.85,0.08,1098594,2040503844.60,31635
2026-07-27 00:00:00,SRF,SRF LTD,2694.00,2694.30,2631.70,2636.50,2664.70,-1.06,62.60,2.32,1.10,1098350,2913984910.20,41632
2026-07-27 00:00:00,ARIS,ARISINFRA SOLUTIONS LTD,125.40,127.55,121.70,124.78,123.06,1.40,5.85,4.67,1.90,1090248,136053036.71,11261
2026-07-27 00:00:00,SHAKTIPUMP,SHAKTI PUMPS (I) LTD,533.00,538.95,524.10,529.50,553.00,-4.25,14.85,2.79,-3.62,1075712,569289295.90,35835
2026-07-27 00:00:00,LICI,LIFE INSURA CORP OF INDIA,422.10,427.35,422.10,424.35,421.30,0.72,5.25,1.24,0.19,1064234,451897881.20,17470
2026-07-27 00:00:00,GROWWPOWER,GROWWAMC - GROWWPOWER,11.84,11.84,11.64,11.73,11.67,0.51,0.20,1.69,1.46,1056177,12352091.92,2240
2026-07-27 00:00:00,DRREDDY,DR. REDDY S LABORATORIES,1154.70,1159.30,1147.20,1150.80,1151.70,-0.08,12.10,1.05,0.26,1053461,1213534140.00,47835
2026-07-27 00:00:00,VIKRAN,VIKRAN ENGINEERING LTD,72.50,73.00,71.49,71.83,71.43,0.56,1.51,2.08,1.50,1037657,74716145.55,4423
2026-07-27 00:00:00,SAMHI,SAMHI HOTELS LIMITED,177.80,183.69,177.38,178.54,177.66,0.50,6.31,3.55,0.08,1037485,187445646.29,20084
2026-07-27 00:00:00,NEWGEN,NEWGEN SOFTWARE TECH LTD,511.80,523.95,504.20,506.30,505.70,0.12,19.75,3.86,1.21,1031928,529495179.55,24038
2026-07-27 00:00:00,KALAMANDIR,SAI SILKS (KALAMANDIR) L,89.25,89.72,86.94,87.34,88.43,-1.23,2.78,3.11,0.93,1025959,90560394.57,8182
2026-07-27 00:00:00,SHALPAINTS,SHALIM PAINTS LTD,72.10,75.75,67.15,69.57,68.90,0.97,8.60,11.93,4.64,1020167,73067396.79,5853
2026-07-27 00:00:00,URBANCO,URBAN COMPANY LIMITED,131.00,132.27,130.10,130.42,129.76,0.51,2.17,1.66,0.96,1019935,133741064.98,13261
2026-07-27 00:00:00,JTLIND,JTL INDUSTRIES LIMITED,73.37,74.20,72.42,73.18,72.64,0.74,1.78,2.43,1.00,1019554,74815491.64,6849
2026-07-27 00:00:00,SURANASOL,SURANA SOLAR LIMITED,28.50,30.50,27.61,27.90,26.26,6.25,2.89,10.14,8.53,1016676,29664514.76,4265
2026-07-27 00:00:00,VIKRAMSOLR,VIKRAM SOLAR LIMITED,185.19,185.19,180.75,181.19,182.80,-0.88,4.44,2.40,1.31,1016051,185496264.34,11954
2026-07-27 00:00:00,BLS,BLS INTL SERVS LTD,237.30,240.80,235.70,237.50,233.60,1.67,5.10,2.15,1.58,1010794,240838200.20,21222
2026-07-27 00:00:00,SONATSOFTW,SONATA SOFTWARE LTD,289.45,300.30,289.45,293.35,288.10,1.82,10.85,3.75,0.47,1008207,297493421.60,21263
2026-07-27 00:00:00,MARICO,MARICO LIMITED,862.00,864.60,852.00,858.65,855.60,0.36,12.60,1.46,0.75,1006199,862824781.30,25597
2026-07-27 00:00:00,JSWCEMENT,JSW CEMENT LIMITED,132.99,136.15,132.99,134.41,132.12,1.73,3.16,2.38,0.66,1002215,134920039.49,19892
2026-07-27 00:00:00,NETWEB,NETWEB TECH INDIA LTD,4181.80,4385.00,4129.40,4362.20,4156.00,4.96,255.60,6.11,0.62,992864,4249983266.90,74540
2026-07-27 00:00:00,ASHIKAG,ASHIKA GLOBAL SEC LTD,400.05,434.00,396.20,429.65,399.25,7.61,37.80,9.45,0.20,991103,416511337.90,4241
2026-07-27 00:00:00,STEELXIND,STEEL EXCHANGE INDIA LTD,11.60,11.74,11.50,11.58,11.57,0.09,0.24,2.07,0.26,987072,11461627.68,1990
2026-07-27 00:00:00,EXICOM,EXICOM TELE SYSTEMS LTD,163.40,166.19,162.50,165.20,160.30,3.06,3.69,2.26,1.93,970983,159876221.44,9737
2026-07-27 00:00:00,MOL,MEGHMANI ORGANICS LIMITED,55.01,56.20,54.50,55.61,54.46,2.11,1.70,3.09,1.01,970285,53575893.71,6037
2026-07-27 00:00:00,HATHWAY,HATHWAY CABLE & DATACOM,10.90,10.93,10.81,10.88,10.76,1.12,0.12,1.10,1.30,957666,10405739.83,1676
2026-07-27 00:00:00,TURTLEMINT,TURTLEMINT FINTECH SOLS L,130.30,131.50,123.94,125.92,130.07,-3.19,7.56,5.80,0.18,957639,121201810.25,13169
2026-07-27 00:00:00,KEC,KEC INTL. LIMITED,475.95,476.00,464.05,464.60,469.90,-1.13,11.95,2.51,1.29,947596,443082126.55,22012
2026-07-27 00:00:00,WELCORP,WELSPUN CORP LIMITED,1665.00,1668.80,1595.10,1599.80,1596.90,0.18,73.70,4.43,4.26,944994,1528823816.70,52235
2026-07-27 00:00:00,SPARC,SUN PHARMA ADV.RES.CO.LTD,217.49,219.10,212.25,214.91,216.23,-0.61,6.85,3.15,0.58,940079,202250735.54,13143
2026-07-27 00:00:00,TATACAP,TATA CAPITAL LIMITED,343.10,352.30,342.65,350.55,341.90,2.53,9.65,2.81,0.35,939267,326655870.85,23912
2026-07-27 00:00:00,GHCLTEXTIL,GHCL TEXTILES LIMITED,117.00,120.90,116.00,116.15,115.82,0.28,4.90,4.19,1.02,938372,111059700.66,12394
2026-07-27 00:00:00,PNBHOUSING,PNB HOUSING FIN LTD.,1068.00,1085.50,1051.60,1078.50,1058.00,1.94,33.90,3.17,0.95,937828,1003745846.50,34741
2026-07-27 00:00:00,INDIANB,INDIAN BANK,835.00,838.60,826.10,831.25,826.10,0.62,12.50,1.50,1.08,936950,779615017.90,21342
2026-07-27 00:00:00,GSFC,GUJ STATE FERT & CHEM LTD,156.25,162.19,156.25,160.08,154.56,3.57,5.94,3.80,1.09,933160,149295610.77,17562
2026-07-27 00:00:00,YATRA,YATRA ONLINE LIMITED,107.70,111.23,107.27,110.65,107.67,2.77,3.96,3.68,0.03,932619,102509574.15,10337
2026-07-27 00:00:00,MODEFENCE,MOTILALAMC - MODEFENCE,102.99,103.65,102.55,103.31,102.55,0.74,1.10,1.07,0.43,932426,96049864.18,6193
2026-07-27 00:00:00,MCX,MULTI COMMODITY EXCHANGE,2740.40,2766.90,2733.10,2755.10,2730.00,0.92,33.80,1.23,0.38,932313,2563820837.90,61506
2026-07-27 00:00:00,360ONE,360 ONE WAM LIMITED,1116.30,1136.90,1103.10,1132.70,1102.30,2.76,33.80,3.03,1.27,928617,1046597866.00,40785
2026-07-27 00:00:00,UNOMINDA,UNO MINDA LIMITED,1139.90,1168.00,1135.00,1162.40,1127.00,3.14,33.00,2.89,1.14,923914,1066419195.70,21863
2026-07-27 00:00:00,MAHLOG,MAHINDRA LOGISTIC LIMITED,417.00,431.90,412.95,419.10,416.35,0.66,18.95,4.54,0.16,920860,389336075.35,24256
2026-07-27 00:00:00,GRANULES,GRANULES INDIA LIMITED,839.95,852.25,824.40,842.80,833.55,1.11,27.85,3.32,0.77,917482,769753126.95,30634
2026-07-27 00:00:00,SYNCOMF,SYNCOM FORMU (I) LTD,13.09,13.40,13.08,13.17,13.09,0.61,0.32,2.44,0.00,916672,12115007.37,2967
2026-07-27 00:00:00,PROTEAN,PROTEAN EGOV TECHNO LTD,600.00,632.95,596.00,625.75,593.90,5.36,36.95,6.16,1.03,911326,564279803.45,24404
2026-07-27 00:00:00,ICICIGI,ICICI LOMBARD GIC LIMITED,1667.10,1693.10,1652.00,1681.00,1661.80,1.16,41.10,2.47,0.32,904443,1517122259.30,61031
2026-07-27 00:00:00,JISLJALEQS,JAIN IRRIGATION SYSTEMS,30.50,31.04,30.26,30.43,30.37,0.20,0.78,2.56,0.43,902016,27585756.84,4546
2026-07-27 00:00:00,SWSOLAR,STRLNG & WIL REN ENE LTD,209.50,213.00,207.10,208.27,207.93,0.16,5.90,2.82,0.76,898320,188284903.69,13542
2026-07-27 00:00:00,SHK,S H KELKAR AND CO. LTD.,141.65,149.50,141.65,148.26,140.65,5.41,7.85,5.54,0.71,897665,132028346.18,10679
2026-07-27 00:00:00,SAKSOFT,SAKSOFT LIMITED,170.20,173.01,162.04,164.69,168.30,-2.14,10.97,6.45,1.13,891947,148378463.59,9883
2026-07-27 00:00:00,SANSTAR,SANSTAR LIMITED,109.25,117.00,108.50,116.24,108.97,6.67,8.50,7.78,0.26,889963,101409770.85,10971
2026-07-27 00:00:00,TENNIND,TENNECO CLEAN AIR INDIA L,545.00,545.50,535.10,540.45,539.95,0.09,10.40,1.91,0.94,882273,476434183.40,24199
2026-07-27 00:00:00,AVANTEL,AVANTEL LIMITED,164.50,166.50,163.03,165.05,163.49,0.95,3.47,2.11,0.62,879462,144818065.29,8934
2026-07-27 00:00:00,UGARSUGAR,THE UGAR SUGAR WORKS LTD,40.01,44.47,39.26,43.49,39.72,9.49,5.21,13.02,0.73,870227,36814259.71,5715
2026-07-27 00:00:00,SATIN,SATIN CREDIT NET LTD,271.00,274.14,260.10,261.51,268.87,-2.74,14.04,5.18,0.79,864860,231879685.99,14818
2026-07-27 00:00:00,MOCAPITAL,MOTILALAMC - MOCAPITAL,52.82,53.49,52.81,53.14,52.81,0.62,0.68,1.29,0.02,854671,45421128.39,2723
2026-07-27 00:00:00,DABUR,DABUR INDIA LTD,425.60,429.05,424.50,427.35,423.20,0.98,4.55,1.07,0.57,853775,364913253.55,16552
2026-07-27 00:00:00,AUROPHARMA,AUROBINDO PHARMA LTD,1533.50,1568.90,1531.90,1549.40,1532.00,1.14,37.00,2.41,0.10,850225,1321900775.00,32164
2026-07-27 00:00:00,COCHINSHIP,COCHIN SHIPYARD LIMITED,1398.60,1406.80,1387.10,1402.30,1392.40,0.71,19.70,1.41,0.45,847899,1185326519.20,25444
2026-07-27 00:00:00,GROWWSLVR,GROWWAMC - GROWWSLVR,21.83,21.91,21.76,21.81,21.59,1.02,0.15,0.69,1.11,845133,18457478.64,2362
2026-07-27 00:00:00,ENGINERSIN,ENGINEERS INDIA LTD,226.06,229.95,225.10,226.42,225.21,0.54,4.85,2.15,0.38,837874,189962829.99,15197
2026-07-27 00:00:00,CDSL,CENTRAL DEPO SER (I) LTD,1345.10,1349.00,1326.00,1329.00,1333.10,-0.31,23.00,1.71,0.90,835504,1115206714.70,30331
2026-07-27 00:00:00,HAVELLS,HAVELLS INDIA LIMITED,1235.00,1246.90,1230.00,1237.40,1226.90,0.86,16.90,1.37,0.66,828132,1024591437.30,24010
2026-07-27 00:00:00,ZEEMEDIA,ZEE MEDIA CORPORATION LTD,8.00,8.14,7.90,7.96,7.97,-0.13,0.24,3.00,0.38,823511,6595944.33,1202
2026-07-27 00:00:00,MOLDTKPAC,MOLD-TEK PACKAGING LTD,732.70,744.95,680.50,692.35,727.45,-4.83,64.45,8.80,0.72,822742,582691622.90,31496
2026-07-27 00:00:00,WABAG,VA TECH WABAG LTD,2055.00,2069.00,1951.00,1977.50,2041.20,-3.12,118.00,5.74,0.68,821451,1626450834.90,42988
2026-07-27 00:00:00,EXCELSOFT,EXCELSOFT TECHNOLOGIES L,74.70,79.63,74.70,77.47,74.38,4.15,4.93,6.60,0.43,804813,62673857.23,6046
2026-07-27 00:00:00,MUFIN,MUFIN GREEN FINANCE LTD,125.25,128.00,125.00,125.61,124.32,1.04,3.00,2.40,0.75,802885,101232032.23,4252
2026-07-27 00:00:00,NACLIND,NACL INDUSTRIES LIMITED,201.00,201.00,190.40,193.10,196.80,-1.88,10.60,5.27,2.13,801321,155090621.72,12161
2026-07-27 00:00:00,LOWVOL1,KOTAKMAMC - KOTAKLOVOL,20.91,21.32,20.91,21.25,20.95,1.43,0.41,1.96,-0.19,796393,16939236.10,247
2026-07-27 00:00:00,WELENT,WELSPUN ENTERPRISES LTD.,600.10,617.80,590.85,596.80,598.80,-0.33,26.95,4.49,0.22,795444,481997082.85,10368
2026-07-27 00:00:00,AGIIL,AGI INFRA LIMITED,315.00,316.80,303.10,304.05,311.75,-2.47,13.70,4.35,1.04,794976,246312178.65,10195
2026-07-27 00:00:00,AWL,AWL AGRI BUSINESS LIMITED,188.19,190.71,187.12,187.64,188.16,-0.28,3.59,1.91,0.02,790854,148958903.51,13671
2026-07-27 00:00:00,TRENT,TRENT LTD,2918.90,2953.50,2907.10,2938.30,2890.50,1.65,46.40,1.59,0.98,789065,2318719607.70,44967
2026-07-27 00:00:00,RAYMOND,RAYMOND LTD,598.00,603.05,585.25,595.00,588.40,1.12,17.80,2.98,1.63,781629,463675317.70,18337
2026-07-27 00:00:00,BCLIND,BCL INDUSTRIES LIMITED,35.90,36.08,35.00,35.30,35.74,-1.23,1.08,3.01,0.45,780267,27777875.87,5533
2026-07-27 00:00:00,REFEX,REFEX INDUSTRIES LIMITED,319.90,334.20,317.70,331.55,316.00,4.92,16.50,5.16,1.23,777695,255109336.95,12639
2026-07-27 00:00:00,AQYLON,AQYLON NEXUS LIMITED,25.91,26.25,24.94,24.98,26.25,-4.84,1.31,5.06,-1.30,776545,19549571.42,3039
2026-07-27 00:00:00,AWFIS,AWFIS SPACE SOLUTIONS LTD,276.50,295.15,273.25,288.65,271.85,6.18,21.90,7.92,1.71,771559,223112528.05,16256
2026-07-27 00:00:00,AKSHAR,AKSHAR SPINTEX LIMITED,0.43,0.43,0.41,0.41,0.42,-2.38,0.02,4.65,2.38,770271,320417.80,278
2026-07-27 00:00:00,PGEL,PG ELECTROPLAST LTD,580.00,586.80,577.00,579.70,572.45,1.27,9.80,1.69,1.32,769994,446809726.00,15317
2026-07-27 00:00:00,CESC,CESC LTD,163.51,165.32,161.65,162.32,163.18,-0.53,3.67,2.24,0.20,766356,125084552.01,12823
2026-07-27 00:00:00,LICHSGFIN,LIC HOUSING FINANCE LTD,542.40,553.50,541.10,551.75,538.95,2.37,12.40,2.29,0.64,763125,418485009.50,18157
2026-07-27 00:00:00,CMRGREEN,CMR GREEN TECHNOLOGIES L,220.50,226.50,217.25,219.10,218.05,0.48,9.25,4.20,1.12,755516,167446480.30,11339
2026-07-27 00:00:00,TAKE,TAKE SOLUTIONS LTD,20.84,21.20,20.45,20.84,20.79,0.24,0.75,3.60,0.24,750641,15629878.90,1182
2026-07-27 00:00:00,RTNINDIA,RATTANINDIA ENT LIMITED,32.01,32.46,31.10,32.03,31.60,1.36,1.36,4.25,1.30,748701,24049008.80,4021
2026-07-27 00:00:00,FINOPB,FINO PAYMENTS BANK LTD,169.89,171.68,165.00,166.46,167.06,-0.36,6.68,3.93,1.69,745288,125057475.83,8254
2026-07-27 00:00:00,MAHKTECH,MIRAEAMC - MAHKTECH,23.08,23.31,23.08,23.31,23.16,0.65,0.23,1.00,-0.35,741183,17263671.27,5152
2026-07-27 00:00:00,RUSHIL,RUSHIL DECOR LIMITED,17.76,18.34,17.40,17.64,17.76,-0.68,0.94,5.29,0.00,739683,13221732.05,2324
2026-07-27 00:00:00,GODREJPROP,GODREJ PROPERTIES LTD,2050.60,2086.50,2025.10,2078.80,2028.70,2.47,61.40,2.99,1.08,732918,1504652338.90,40739
2026-07-27 00:00:00,GRAPHITE,GRAPHITE INDIA LTD,675.80,675.80,655.50,662.65,672.75,-1.50,20.30,3.00,0.45,731066,486644470.75,18224
2026-07-27 00:00:00,MPHASIS,MPHASIS LIMITED,2332.10,2368.50,2316.40,2332.70,2288.10,1.95,52.10,2.23,1.92,726071,1697439056.80,37277
2026-07-27 00:00:00,JAINREC,JAIN RESOURCE RECYCLING L,342.00,346.45,336.15,338.45,341.00,-0.75,10.30,3.01,0.29,721453,246522607.10,17724
2026-07-27 00:00:00,PDMJEPAPER,PUDUMJEE PAPER PRO. LTD,94.90,99.24,93.98,95.75,91.72,4.39,5.26,5.54,3.47,718707,69326085.03,8280
2026-07-27 00:00:00,ONESOURCE,ONESOURCE SPECL PHARMA L,1695.70,1727.60,1636.00,1688.90,1653.90,2.12,91.60,5.40,2.53,717187,1215014561.80,48085
2026-07-27 00:00:00,ACE,ACTION CONST EQUIP LTD,1050.00,1075.30,1042.60,1061.80,1039.40,2.16,32.70,3.11,1.02,716079,763219916.70,31157
2026-07-27 00:00:00,PRAJIND,PRAJ INDUSTRIES LTD,320.00,322.00,314.35,316.00,323.50,-2.32,7.65,2.39,-1.08,715781,227367884.45,18918
2026-07-27 00:00:00,ASIANPAINT,ASIAN PAINTS LIMITED,2665.80,2723.90,2664.30,2710.20,2637.90,2.74,59.60,2.24,1.06,715239,1938605521.50,39822
2026-07-27 00:00:00,IGIL,INTL GEMOLOGICAL INST LTD,336.10,340.10,328.05,329.70,338.15,-2.50,12.05,3.59,-0.61,714283,237359138.50,34839
2026-07-27 00:00:00,WAAREEENER,WAAREE ENERGIES LIMITED,2721.00,2760.90,2716.50,2741.40,2702.00,1.46,44.40,1.63,0.70,710887,1949369381.50,37763
2026-07-27 00:00:00,URJA,URJA GLOBAL LIMITED,9.22,9.27,9.05,9.10,9.22,-1.30,0.22,2.39,0.00,710420,6489909.92,3460
2026-07-27 00:00:00,THOMASCOOK,THOMAS COOK (INDIA) LTD,98.64,101.66,98.10,98.45,97.85,0.61,3.56,3.61,0.81,705450,70249252.76,5096
2026-07-27 00:00:00,BHARATFORG,BHARAT FORGE LTD,2168.00,2189.00,2151.60,2181.30,2151.60,1.38,37.40,1.73,0.76,704988,1529609119.70,28671
2026-07-27 00:00:00,HINDUNILVR,HINDUSTAN UNILEVER LTD.,2155.00,2181.30,2152.40,2174.60,2145.00,1.38,28.90,1.34,0.47,698681,1518526986.00,36147
2026-07-27 00:00:00,HAL,HINDUSTAN AERONAUTICS LTD,4582.00,4644.80,4577.00,4619.00,4573.40,1.00,67.80,1.48,0.19,694103,3205919819.50,50205
2026-07-27 00:00:00,JINDALSAW,JINDAL SAW LIMITED,257.40,259.50,250.00,250.85,255.35,-1.76,9.50,3.69,0.80,690623,175450828.70,13895
2026-07-27 00:00:00,MANYAVAR,VEDANT FASHIONS LIMITED,412.90,419.90,397.20,410.30,402.30,1.99,22.70,5.50,2.63,685960,280177886.30,34245
2026-07-27 00:00:00,DWARKESH,DWARIKESH SUGAR IND LTD,43.35,43.87,42.40,42.52,43.31,-1.82,1.47,3.39,0.09,683323,29270191.13,3297
2026-07-27 00:00:00,FEDFINA,FEDBANK FINANCIAL SER L,150.00,153.25,149.70,150.27,150.53,-0.17,3.55,2.37,-0.35,683171,102959045.88,8922
2026-07-27 00:00:00,ORIENTLTD,ORIENT PRESS LIMITED,98.49,102.30,92.50,98.44,89.29,10.25,9.80,9.95,10.30,682320,67062294.46,7743
2026-07-27 00:00:00,DYCL,DYNAMIC CABLES LIMITED,406.00,420.00,401.40,414.90,402.40,3.11,18.60,4.58,0.89,680337,281039069.45,14837
2026-07-27 00:00:00,ASHOKA,ASHOKA BUILDCON LTD,123.00,124.35,121.68,124.13,120.87,2.70,2.67,2.17,1.76,680173,83948679.54,5528
2026-07-27 00:00:00,LANDMARK,LANDMARK CARS LIMITED,534.00,542.00,520.05,538.50,512.80,5.01,21.95,4.11,4.13,678636,362503029.40,20689
2026-07-27 00:00:00,WALCHANNAG,WALCHANDNAGAR INDUSTRIES,240.15,242.75,231.40,233.50,237.10,-1.52,11.35,4.73,1.29,678336,160065930.15,9093
2026-07-27 00:00:00,VAIBHAVGBL,VAIBHAV GLOBAL LIMITED,255.00,267.22,252.80,264.99,251.94,5.18,14.42,5.65,1.21,675981,178243575.54,16631
2026-07-27 00:00:00,ATGL,ADANI TOTAL GAS LIMITED,658.00,665.50,657.65,660.50,652.85,1.17,7.85,1.19,0.79,671241,443775267.75,18251
2026-07-27 00:00:00,BDL,BHARAT DYNAMICS LIMITED,1249.20,1263.50,1239.00,1256.40,1243.00,1.08,24.50,1.96,0.50,667606,836580312.10,25192
2026-07-27 00:00:00,PCBL,PCBL CHEMICAL LIMITED,319.85,327.45,319.85,326.15,317.90,2.60,7.60,2.38,0.61,666364,216464485.40,13931
2026-07-27 00:00:00,MANALIPETC,MANALI PETROCHEMICALS LT,67.75,68.50,66.00,66.97,66.77,0.30,2.50,3.69,1.47,665825,44794724.10,4984
2026-07-27 00:00:00,POONAWALLA,POONAWALLA FINCORP LTD,457.00,472.00,456.20,465.10,459.70,1.17,15.80,3.46,-0.59,664006,307001854.85,13568
2026-07-27 00:00:00,SDBL,SOM DIST & BREW LTD,73.50,74.40,71.50,72.07,72.89,-1.12,2.90,3.95,0.84,663692,48121224.59,5373
2026-07-27 00:00:00,GABRIEL,GABRIEL INDIA LTD,1370.10,1449.00,1369.00,1437.80,1363.50,5.45,80.00,5.84,0.48,662635,940465402.50,37761
2026-07-27 00:00:00,IRCON,IRCON INTERNATIONAL LTD,127.59,128.22,126.10,126.48,126.07,0.33,2.12,1.66,1.21,660499,83737514.60,9080
2026-07-27 00:00:00,HBLENGINE,HBL ENGINEERING LTD,701.10,715.80,701.05,713.75,698.60,2.17,14.75,2.10,0.36,657729,467278060.95,20438
2026-07-27 00:00:00,DATAPATTNS,DATA PATTERNS INDIA LTD,4600.00,4686.00,4540.00,4578.90,4584.50,-0.12,146.00,3.17,0.34,657193,3032144812.50,57683
2026-07-27 00:00:00,PRESTIGE,PRESTIGE ESTATE LTD,1619.00,1649.80,1604.70,1644.60,1592.80,3.25,45.10,2.79,1.64,652716,1068756328.40,26000
2026-07-27 00:00:00,BAJAJFINSV,BAJAJ FINSERV LTD.,1885.00,1920.00,1885.00,1913.00,1876.70,1.93,35.00,1.86,0.44,651274,1242106460.30,49060
2026-07-27 00:00:00,DELTACORP,DELTA CORP LIMITED,63.19,63.93,62.55,62.71,62.99,-0.44,1.38,2.18,0.32,649761,40969902.34,3364
2026-07-27 00:00:00,EPIGRAL,EPIGRAL LIMITED,1192.70,1208.90,1111.20,1157.00,1162.70,-0.49,97.70,8.19,2.58,649654,751874988.50,49004
2026-07-27 00:00:00,IONEXCHANG,ION EXCHANGE (INDIA) LTD,430.00,434.40,423.90,427.40,425.10,0.54,10.50,2.44,1.15,647993,278244441.40,18392
2026-07-27 00:00:00,HERITGFOOD,HERITAGE FOODS LTD,335.60,338.05,323.00,327.20,335.30,-2.42,15.05,4.48,0.09,647523,213879125.75,10728
2026-07-27 00:00:00,EIEL,ENVIRO INFRA ENGINEERS L,223.90,224.94,217.49,218.76,220.16,-0.64,7.45,3.33,1.70,646608,142393965.87,10344
2026-07-27 00:00:00,ONEPOINT,ONE POINT ONE SOL LTD,54.30,56.01,54.30,55.44,53.98,2.70,1.71,3.15,0.59,645094,35677278.03,2797
2026-07-27 00:00:00,SWANCORP,SWAN CORP LIMITED,312.30,314.75,309.00,312.20,310.30,0.61,5.75,1.84,0.64,642483,200193402.45,8211
2026-07-27 00:00:00,TNPL,TAMILNADU NEWSPRT & PAPER,152.10,158.10,152.04,156.04,149.75,4.20,6.06,3.98,1.57,639163,99647483.62,8126
2026-07-27 00:00:00,FRACTAL,FRACTAL ANALYTICS LIMITED,791.05,811.05,772.85,809.30,786.75,2.87,38.20,4.83,0.55,638751,509584116.40,38255
2026-07-27 00:00:00,POLICYBZR,PB FINTECH LIMITED,1540.00,1558.90,1536.40,1553.20,1537.20,1.04,22.50,1.46,0.18,638636,989714266.20,29979
2026-07-27 00:00:00,ELECTCAST,ELECTROSTEEL CASTINGS LTD,72.28,73.64,72.00,72.14,72.10,0.06,1.64,2.27,0.25,637363,46279940.96,6516
2026-07-27 00:00:00,ADANIENT,ADANI ENTERPRISES LIMITED,3045.10,3057.40,3008.10,3036.60,3026.40,0.34,49.30,1.62,0.62,636870,1930705706.90,33709
2026-07-27 00:00:00,KANSAINER,KANSAI NEROLAC PAINTS LTD,196.68,206.60,194.80,203.88,193.19,5.53,11.80,6.00,1.81,635135,128782701.03,12967
2026-07-27 00:00:00,SETL,STANDARD ENGNG TCNLGY LTD,275.90,284.80,265.50,282.80,272.70,3.70,19.30,7.00,1.17,630188,173762171.25,8761
2026-07-27 00:00:00,SKIPPER,SKIPPER LIMITED,534.00,543.90,510.20,520.65,528.65,-1.51,33.70,6.31,1.01,627753,327914283.55,18205
2026-07-27 00:00:00,PARACABLES,PARAMOUNT COMM LTD,62.25,63.60,62.15,62.90,61.64,2.04,1.45,2.33,0.99,626892,39498893.27,4286
2026-07-27 00:00:00,GUJENERGY,GUJARAT ENERGY LIMITED,266.45,267.75,262.50,265.55,265.45,0.04,5.25,1.97,0.38,626631,166110610.60,36628
2026-07-27 00:00:00,SAREGAMA,SAREGAMA INDIA LIMITED,502.70,518.00,494.20,514.85,496.50,3.70,23.80,4.73,1.25,625299,318983626.45,21996
2026-07-27 00:00:00,PFOCUS,PRIME FOCUS LIMITED,292.40,295.00,286.00,287.75,289.29,-0.53,9.00,3.08,1.08,623243,181375465.88,11795
2026-07-27 00:00:00,ADVENTHTL,ADVENT HOTELS INTERNATI L,142.50,154.35,142.50,149.47,142.31,5.03,11.85,8.32,0.13,619826,93425915.98,7483
2026-07-27 00:00:00,KAYNES,KAYNES TECHNOLOGY IND LTD,3211.00,3224.90,3173.00,3181.30,3176.20,0.16,51.90,1.62,1.10,614724,1962029639.00,39358
2026-07-27 00:00:00,CRIZAC,CRIZAC LIMITED,185.90,195.99,185.15,194.98,184.44,5.71,10.84,5.83,0.79,612160,117210376.04,14263
2026-07-27 00:00:00,SAKUMA,SAKUMA EXPORTS LIMITED,1.67,1.69,1.63,1.66,1.64,1.22,0.06,3.59,1.83,610676,1016738.69,665
2026-07-27 00:00:00,ZYDUSLIFE,ZYDUS LIFESCIENCES LTD,1111.90,1126.20,1104.40,1108.20,1108.70,-0.05,21.80,1.96,0.29,607249,673399387.80,18788
2026-07-27 00:00:00,AFIL,AKME FINTRADE (INDIA) LTD,9.23,9.44,9.08,9.26,9.21,0.54,0.36,3.90,0.22,606017,5587231.08,909
2026-07-27 00:00:00,PACEDIGITK,PACE DIGITEK LIMITED,197.00,202.00,196.50,197.80,195.25,1.31,5.50,2.79,0.90,602021,119587611.83,6761
2026-07-27 00:00:00,NDL,NANDAN DENIM LIMITED,2.30,2.36,2.30,2.32,2.31,0.43,0.06,2.61,-0.43,601922,1405095.90,805
2026-07-27 00:00:00,BAJAJCON,BAJAJ CONSUMER CARE LTD,552.95,555.00,534.10,540.85,549.80,-1.63,20.90,3.78,0.57,600626,327639847.35,20918
2026-07-27 00:00:00,V2RETAIL,V2 RETAIL LIMITED,220.76,226.64,219.75,223.46,219.29,1.90,6.89,3.12,0.67,600559,134373665.26,11738
2026-07-27 00:00:00,GLENMARK,GLENMARK PHARMACEUTICALS,2218.00,2220.00,2183.10,2196.00,2192.00,0.18,36.90,1.66,1.19,593586,1306301382.10,21803
2026-07-27 00:00:00,CAMLINFINE,CAMLIN FINE SCIENCES LTD,125.43,129.75,124.05,127.38,124.47,2.34,5.70,4.54,0.77,593377,75863531.96,7843
2026-07-27 00:00:00,ORIENTCEM,ORIENT CEMENT LTD.,133.80,136.50,133.33,136.11,133.80,1.73,3.17,2.37,0.00,588926,79855054.31,3286
2026-07-27 00:00:00,TIPSMUSIC,TIPS MUSIC LIMITED,705.10,717.50,696.90,712.55,699.45,1.87,20.60,2.92,0.81,586014,416014487.10,15991
2026-07-27 00:00:00,ORIENTELEC,ORIENT ELECTRIC LIMITED,170.00,175.73,169.51,172.98,170.74,1.31,6.22,3.66,-0.43,584946,101149706.19,9501
2026-07-27 00:00:00,GROWWRAIL,GROWWAMC - GROWWRAIL,29.10,29.10,28.66,28.81,28.63,0.63,0.44,1.51,1.64,584116,16857248.96,2349
2026-07-27 00:00:00,ICIL,INDO COUNT INDUSTRIES LTD,406.70,422.00,398.00,401.15,403.45,-0.57,24.00,5.90,0.81,580542,237548658.85,20034
2026-07-27 00:00:00,AZAD,AZAD ENGINEERING LIMITED,2452.00,2493.90,2405.00,2441.60,2439.00,0.11,88.90,3.63,0.53,579495,1417611659.50,41925
2026-07-27 00:00:00,SOLARA,SOLARA ACTIVE PHA SCI LTD,493.00,509.15,471.55,505.00,491.95,2.65,37.60,7.63,0.21,579028,285237645.45,18743
2026-07-27 00:00:00,KABRAEXTRU,KABRA EXTRUSION TECHNIK L,392.00,408.00,377.25,404.80,376.80,7.43,30.75,7.84,4.03,577413,229566986.40,20717
2026-07-27 00:00:00,PARAS,PARAS DEF AND SPCE TECH L,1201.20,1227.20,1185.40,1221.30,1195.20,2.18,41.80,3.48,0.50,577142,696716579.50,22016
2026-07-27 00:00:00,TVSMOTOR,TVS MOTOR COMPANY  LTD,3905.00,3905.10,3850.00,3876.40,3870.20,0.16,55.10,1.41,0.90,576740,2232592933.50,57123
2026-07-27 00:00:00,DAMCAPITAL,DAM CAPITAL ADVISORS LTD,159.30,160.98,155.35,156.86,157.88,-0.65,5.63,3.53,0.90,575685,90800551.57,7855
2026-07-27 00:00:00,JYOTHYLAB,JYOTHY LABS LIMITED,200.19,204.19,197.25,201.98,198.57,1.72,6.94,3.47,0.82,575317,116448634.57,13323
2026-07-27 00:00:00,MANAKCOAT,MAN COAT METAL & IND LTD,126.01,129.27,125.13,126.11,126.02,0.07,4.14,3.29,-0.01,574875,72881708.81,3025
2026-07-27 00:00:00,AYE,AYE FINANCE LIMITED,173.00,174.15,166.00,166.81,172.03,-3.03,8.15,4.71,0.56,574279,96826643.52,7419
2026-07-27 00:00:00,SGMART,SG MART LIMITED,715.05,737.45,705.45,720.65,713.55,1.00,32.00,4.48,0.21,570078,411083576.60,19195
2026-07-27 00:00:00,ASHIMASYN,ASHIMA LTD,16.86,19.25,16.86,18.05,16.85,7.12,2.39,14.18,0.06,567851,10449880.16,2003
2026-07-27 00:00:00,HEROMOTOCO,HERO MOTOCORP LIMITED,5050.00,5125.50,5034.20,5113.80,5011.10,2.05,91.30,1.81,0.78,564495,2876162134.30,50601
2026-07-27 00:00:00,MAXIND,MAX INDIA LIMITED,186.70,189.13,180.00,184.96,182.11,1.56,9.13,4.89,2.52,562325,104434444.95,7658
2026-07-27 00:00:00,CYIENT,CYIENT LIMITED,842.00,844.90,822.00,825.20,840.05,-1.77,22.90,2.72,0.23,559577,464694778.10,27214
2026-07-27 00:00:00,CEMPRO,CEMINDIA PROJECTS LIMITED,1382.00,1440.50,1369.00,1369.00,1441.00,-5.00,71.50,5.17,-4.09,558725,774024833.20,16313
2026-07-27 00:00:00,PERSISTENT,PERSISTENT SYSTEMS LTD,5249.00,5339.50,5237.00,5268.20,5200.50,1.30,102.50,1.95,0.93,557415,2944742840.30,50657
2026-07-27 00:00:00,MFSL,MAX FINANCIAL SERV LTD,1522.80,1532.60,1500.90,1511.10,1515.50,-0.29,31.70,2.08,0.48,556988,843559478.40,38973
2026-07-27 00:00:00,SOTL,SAVITA OIL TECHNOLO. LTD,657.95,665.00,633.30,649.35,645.75,0.56,31.70,4.82,1.89,555851,361692501.55,18713
2026-07-27 00:00:00,NAVKARCORP,NAVKAR CORPORATION LTD.,103.30,105.60,102.60,104.17,102.15,1.98,3.00,2.90,1.13,554802,57906196.96,4639
2026-07-27 00:00:00,FUSION,FUSION FINANCE LIMITED,218.00,228.50,218.00,220.70,216.48,1.95,10.50,4.82,0.70,554472,124015050.18,9293
2026-07-27 00:00:00,HDFCAMC,HDFC AMC LIMITED,2515.90,2558.00,2515.90,2552.40,2505.70,1.86,42.10,1.67,0.41,554072,1411693956.90,32831
2026-07-27 00:00:00,MUTHOOTMF,MUTHOOT MICROFIN LIMITED,250.11,262.77,249.92,255.03,250.11,1.97,12.85,5.14,0.00,550120,141318816.36,10043
2026-07-27 00:00:00,EMAMILTD,EMAMI LIMITED,409.80,419.60,406.55,414.10,407.90,1.52,13.05,3.18,0.47,548841,226265730.50,15986
2026-07-27 00:00:00,PREMIERENE,PREMIER ENERGIES LIMITED,1028.90,1042.70,1017.70,1039.90,1019.30,2.02,25.00,2.43,0.94,547770,564805269.30,16769
2026-07-27 00:00:00,MOBIKWIK,ONE MOBIKWIK SYSTEMS LTD,202.45,207.80,202.45,205.56,201.02,2.26,5.35,2.64,0.71,546989,112561291.98,7682
2026-07-27 00:00:00,INTELLECT,INTELLECT DESIGN ARENA,735.35,748.30,713.25,717.70,732.20,-1.98,35.05,4.77,0.43,545930,397850252.45,20023
2026-07-27 00:00:00,DIVISLAB,DIVI S LABORATORIES LTD,7222.00,7459.00,7220.50,7414.00,7248.50,2.28,238.50,3.30,-0.37,544701,4017147097.50,54383
2026-07-27 00:00:00,WSTCSTPAPR,WEST COAST PAPER MILLS LT,560.50,590.00,560.50,581.70,553.55,5.09,29.50,5.26,1.26,542425,315317039.20,23675
2026-07-27 00:00:00,KIRLOSENG,KIRLOSKAR OIL ENG LTD,2190.00,2298.00,2141.00,2283.10,2182.50,4.61,157.00,7.17,0.34,537005,1206709650.70,51009
2026-07-27 00:00:00,GTL,GTL LTD,7.17,7.80,7.17,7.36,7.17,2.65,0.63,8.79,0.00,531793,4015956.92,1176
2026-07-27 00:00:00,SYNGENE,SYNGENE INTERNATIONAL LTD,410.00,415.95,403.80,413.85,406.65,1.77,12.15,2.96,0.82,530732,219022296.55,25985
2026-07-27 00:00:00,SPLPETRO,SUPREME PETROCHEM LIMITED,749.95,774.90,746.05,760.90,741.60,2.60,28.85,3.85,1.13,530640,403639446.25,17914
2026-07-27 00:00:00,LEMERITE,LE MERITE EXPORTS LIMITED,20.87,21.41,20.79,21.33,20.50,4.05,0.62,2.97,1.80,530355,11150220.67,1125
2026-07-27 00:00:00,APOLLOTYRE,APOLLO TYRES LTD,423.25,424.75,418.00,419.95,419.65,0.07,6.75,1.59,0.86,529821,222764947.00,29259
2026-07-27 00:00:00,ANTHEM,ANTHEM BIOSCIENCES LTD,773.95,796.85,769.05,790.55,769.90,2.68,27.80,3.59,0.53,527906,416590274.25,30697
2026-07-27 00:00:00,ACUTAAS,ACUTAAS CHEMICALS LIMITED,3273.90,3477.00,3216.20,3367.80,3259.50,3.32,260.80,7.97,0.44,526067,1780092151.00,51533
2026-07-27 00:00:00,FIRSTCRY,BRAINBEES SOLUTIONS LTD,210.50,215.00,210.10,213.51,208.30,2.50,4.90,2.33,1.06,525785,112161863.24,10461
2026-07-27 00:00:00,ASHAPURMIN,ASHAPURA MINECHEM LTD,705.00,718.00,694.25,702.10,697.05,0.72,23.75,3.37,1.14,522020,368913703.85,18892
2026-07-27 00:00:00,RSL,RAJPUTANA STAINLESS LTD,134.99,137.05,132.20,134.33,132.72,1.21,4.85,3.59,1.71,520856,70184181.84,2831
2026-07-27 00:00:00,MUTHOOTFIN,MUTHOOT FINANCE LIMITED,3020.20,3061.60,3015.00,3025.90,2986.70,1.31,46.60,1.54,1.12,517845,1571833600.00,32079
2026-07-27 00:00:00,GANESHBE,GANESH BENZOPLAST LIMITED,113.18,114.90,110.56,112.35,111.41,0.84,4.34,3.83,1.59,517305,58296370.32,5493
2026-07-27 00:00:00,IRCTC,INDIAN RAIL TOUR CORP LTD,498.00,499.80,493.10,494.00,495.05,-0.21,6.70,1.35,0.60,517297,256343264.50,18717
2026-07-27 00:00:00,RADICO,RADICO KHAITAN LTD,4120.00,4201.00,4117.70,4149.50,4091.30,1.42,83.30,2.02,0.70,515365,2141645117.40,33667
2026-07-27 00:00:00,TATAELXSI,TATA ELXSI LIMITED,3555.80,3583.00,3520.70,3554.40,3538.00,0.46,62.30,1.75,0.50,512981,1824304064.00,35225
2026-07-27 00:00:00,SUVEN,SUVEN LIFE SCIENCES LTD,319.00,319.85,310.05,311.65,316.00,-1.38,9.80,3.07,0.95,511043,160052169.05,8596
2026-07-27 00:00:00,RCF,RASHTRIYA CHEMICALS & FER,124.91,127.00,124.91,126.27,124.22,1.65,2.09,1.67,0.56,511013,64471288.64,6089
2026-07-27 00:00:00,BLUEJET,BLUE JET HEALTHCARE LTD,570.90,589.90,570.90,576.05,566.90,1.61,19.00,3.33,0.71,509908,295853644.30,16247
2026-07-27 00:00:00,COHANCE,COHANCE LIFESCIENCES LTD,425.00,436.50,419.15,428.00,417.10,2.61,17.35,4.08,1.89,505417,216410741.20,18237
2026-07-27 00:00:00,CHOICEIN,CHOICE INTERNATIONAL LTD,801.00,811.65,798.00,800.00,797.15,0.36,13.65,1.70,0.48,505379,405951030.10,7307
2026-07-27 00:00:00,AEROENTER,AEROFLEX ENTERPRISES LTD,128.56,129.59,121.02,122.10,127.30,-4.08,8.57,6.67,0.99,502369,62743435.42,6301
2026-07-27 00:00:00,TITAN,TITAN COMPANY LIMITED,4686.90,4749.10,4686.90,4740.10,4677.00,1.35,62.20,1.33,0.21,500721,2361275836.30,46780
2026-07-27 00:00:00,MAZDOCK,MAZAGON DOCK SHIPBUIL LTD,2299.00,2336.20,2299.00,2330.30,2293.80,1.59,37.20,1.62,0.23,496352,1153120547.60,28158
2026-07-27 00:00:00,WELSPLSOL,WELSPUN SPECIALTY SOL L,51.75,53.10,50.97,51.69,51.30,0.76,2.13,4.12,0.88,493425,25646331.26,3234
2026-07-27 00:00:00,RHIM,RHI MAGNESITA INDIA LTD,405.00,411.95,399.00,401.05,398.95,0.53,12.95,3.20,1.52,491685,198949758.25,13490
2026-07-27 00:00:00,CSBBANK,CSB BANK LIMITED,341.20,346.55,336.00,337.25,340.90,-1.07,10.55,3.09,0.09,489401,166426675.65,14150
2026-07-27 00:00:00,GESHIP,THE GE SHPG.LTD,1439.00,1440.00,1386.30,1398.60,1437.90,-2.73,53.70,3.73,0.08,488878,685168082.80,33013
2026-07-27 00:00:00,CANHLIFE,CANARA HSBC LIFE INS CO L,147.95,148.86,144.12,145.01,147.31,-1.56,4.74,3.20,0.43,488467,71328547.31,8469
2026-07-27 00:00:00,MAHLIFE,MAHINDRA LIFESPACE DEVLTD,380.00,384.05,373.30,380.25,374.65,1.49,10.75,2.83,1.43,485785,183846118.35,14704
2026-07-27 00:00:00,ASTERDM,ASTER DM HEALTHCARE LTD.,790.00,807.30,786.05,801.50,785.65,2.02,21.25,2.69,0.55,485747,388758854.85,18274
2026-07-27 00:00:00,GPTHEALTH,GPT HEALTHCARE LIMITED,159.95,167.00,159.31,165.99,159.64,3.98,7.69,4.81,0.19,485454,79562258.82,7718
2026-07-27 00:00:00,JSLL,JEENA SIKHO LIFECARE LTD,557.50,581.45,557.50,565.35,554.80,1.90,23.95,4.30,0.49,483511,275316657.90,14291
2026-07-27 00:00:00,WEL,WONDER ELECTRICALS LTD,107.09,110.99,107.00,109.97,107.24,2.55,3.99,3.73,-0.14,481065,52266585.42,3235
2026-07-27 00:00:00,GRSE,GARDEN REACH SHIP&ENG LTD,2579.30,2659.00,2570.00,2647.50,2565.80,3.18,89.00,3.45,0.53,479760,1261447752.40,30774
2026-07-27 00:00:00,INDSWFTLAB,IND SWIFT LABORATORIES LT,228.00,240.70,228.00,239.91,227.49,5.46,12.70,5.57,0.22,478681,113714582.58,6934
2026-07-27 00:00:00,AARON,AARON INDUSTRIES LIMITED,152.00,154.80,136.85,141.95,135.25,4.95,17.95,11.81,12.38,476997,68655563.69,8237
2026-07-27 00:00:00,SAILIFE,SAI LIFE SCIENCES LIMITED,1244.80,1295.00,1239.30,1287.00,1232.90,4.39,55.70,4.47,0.97,476995,608409617.20,27872
2026-07-27 00:00:00,NUVAMA,NUVAMA WEALTH MANAGE LTD,1979.50,2008.70,1902.00,1916.60,1980.10,-3.21,106.70,5.39,-0.03,475623,937194676.30,25574
2026-07-27 00:00:00,ANDHRAPAP,ANDHRA PAPER LIMITED,61.20,64.45,61.20,62.59,61.33,2.05,3.25,5.31,-0.21,472813,29827149.33,2858
2026-07-27 00:00:00,EXXARO,EXXARO TILES LIMITED,6.65,6.89,6.51,6.58,6.54,0.61,0.38,5.71,1.68,472166,3177693.54,886
2026-07-27 00:00:00,ORIENTPPR,ORIENT PAPER AND INDS LTD,17.76,18.80,17.76,18.21,17.58,3.58,1.04,5.86,1.02,472111,8659935.00,1469
2026-07-27 00:00:00,GMDCLTD,GUJARAT MINERAL DEV CORP,565.00,568.00,560.10,562.15,562.55,-0.07,7.90,1.40,0.44,472075,266207326.60,14936
2026-07-27 00:00:00,ABSLAMC,ADIT BIRL SUN LIF AMC LTD,1005.10,1016.90,976.80,989.20,1017.00,-2.73,40.10,3.99,-1.17,469490,466410905.00,37982
2026-07-27 00:00:00,LTM,LTM LIMITED,4119.50,4215.00,4115.00,4190.80,4091.80,2.42,100.00,2.43,0.68,468632,1959718012.90,39314
2026-07-27 00:00:00,GULPOLY,GULSHAN POLYOLS LIMITED,196.60,199.40,190.81,197.74,195.12,1.34,8.59,4.37,0.76,468199,91726264.87,6111
2026-07-27 00:00:00,RITCO,RITCO LOGISTICS LIMITED,299.90,303.90,291.20,295.10,297.20,-0.71,12.70,4.23,0.91,465386,137637474.15,7051
2026-07-27 00:00:00,SHREEJISPG,SHREEJI SHIPPING GLOBAL L,630.00,639.80,628.00,631.25,625.80,0.87,11.80,1.87,0.67,465367,294644095.20,9161
2026-07-27 00:00:00,GROWWCAPM,GROWWAMC - GROWWCAPM,11.46,11.46,11.11,11.20,11.19,0.09,0.35,3.05,2.41,464006,5194252.00,841
2026-07-27 00:00:00,BIRLACORPN,BIRLA CORPORATION LTD,955.00,955.00,900.00,910.20,956.60,-4.85,55.00,5.76,-0.17,462709,426857416.90,28339
2026-07-27 00:00:00,IT,KOTAKMAMC - KOTAKIT,32.31,32.79,32.31,32.74,31.99,2.34,0.48,1.49,1.00,461773,15083029.51,1136
2026-07-27 00:00:00,ZAGGLE,ZAGGLE PREPA OCEAN SER L,203.59,205.90,201.50,203.34,199.97,1.69,4.40,2.16,1.81,461204,93845843.81,7814
2026-07-27 00:00:00,OSWALPUMPS,OSWAL PUMPS LIMITED,360.00,360.00,348.00,349.20,359.15,-2.77,12.00,3.33,0.24,460219,162079418.30,10884
2026-07-27 00:00:00,OFSS,ORACLE FIN SERV SOFT LTD.,10760.00,11189.00,10665.00,11089.00,10652.00,4.10,524.00,4.87,1.01,460067,5083877168.00,66048
2026-07-27 00:00:00,RAJRATAN,RAJRATAN GLOBAL WIRE LTD,497.00,519.65,495.00,504.50,488.30,3.32,24.65,4.96,1.78,459053,233758373.10,20747
2026-07-27 00:00:00,VINNY,VINNY OVERSEAS LIMITED,1.06,1.08,1.05,1.05,1.07,-1.87,0.03,2.83,-0.93,457680,482828.23,169
2026-07-27 00:00:00,SANDUMA,SANDUR MANG & IRON ORES L,195.15,200.69,195.15,198.15,195.04,1.59,5.54,2.84,0.06,457227,90690054.31,9404
2026-07-27 00:00:00,GATECHDVR,GACM TECHNOLOGIES LIMITED,0.45,0.46,0.44,0.44,0.43,2.33,0.02,4.44,4.65,456472,203683.05,155
2026-07-27 00:00:00,SGFIN,SG FINSERVE LIMITED,713.10,722.50,685.00,688.10,696.05,-1.14,37.50,5.26,2.45,455519,317442309.45,13116
2026-07-27 00:00:00,SHRIRAMPPS,SHRIRAM PROPERTIES LTD,85.44,86.78,84.26,85.49,85.02,0.55,2.52,2.95,0.49,453613,38659533.43,3399
2026-07-27 00:00:00,RPTECH,RASHI PERIPHERALS LIMITED,787.95,809.00,770.00,801.45,779.85,2.77,39.00,4.95,1.04,450228,356091919.65,18715
2026-07-27 00:00:00,SHRINGARMS,SHRINGAR HOU OF MANGALS L,220.90,227.56,219.08,220.18,219.66,0.24,8.48,3.84,0.56,449501,100250303.71,3797
2026-07-27 00:00:00,NFL,NATIONAL FERT. LTD,71.30,71.80,70.69,71.04,70.31,1.04,1.11,1.56,1.41,449042,32011024.14,3154
2026-07-27 00:00:00,JUBLINGREA,JUBILANT INGREVIA LIMITED,725.55,755.25,725.30,744.10,725.55,2.56,29.95,4.13,0.00,445843,332511404.85,25743
2026-07-27 00:00:00,WHIRLPOOL,WHIRLPOOL OF INDIA LTD,775.00,804.80,774.00,794.80,771.45,3.03,30.80,3.97,0.46,443562,352926422.45,18755
2026-07-27 00:00:00,MIDCAP,KOTAKMAMC - KOTAKMID50,18.06,18.55,17.55,18.35,18.06,1.61,1.00,5.54,0.00,442380,8103431.88,833
2026-07-27 00:00:00,BHARATSE,BHARAT SEATS LIMITED,216.30,219.78,207.75,211.85,218.14,-2.88,12.03,5.56,-0.84,441091,93490182.58,13571
2026-07-27 00:00:00,IMAGICAA,IMAGICAAWORLD ENT LTD,46.66,47.88,45.18,45.72,46.66,-2.01,2.70,5.79,0.00,440861,20271768.83,2691
2026-07-27 00:00:00,JKTYRE,JK TYRE & INDUSTRIES LTD,396.00,402.20,394.30,399.60,390.60,2.30,7.90,1.99,1.38,438325,174845888.65,11242
2026-07-27 00:00:00,ECLERX,ECLERX SERVICES LTD,1860.00,1896.00,1735.00,1811.70,1861.50,-2.68,161.00,8.66,-0.08,436178,786253643.70,42380
2026-07-27 00:00:00,CAMPUS,CAMPUS ACTIVEWEAR LIMITED,218.40,221.73,217.50,219.44,216.55,1.33,4.23,1.94,0.85,434471,95372214.95,7797
2026-07-27 00:00:00,GROWWEV,GROWWAMC - GROWWEV,32.03,32.07,31.59,31.94,31.64,0.95,0.48,1.50,1.23,431242,13739459.15,2233
2026-07-27 00:00:00,JAYBARMARU,JAY BHARAT MARUTI LTD,165.00,169.42,161.00,169.42,161.36,5.00,8.42,5.10,2.26,430679,71250157.87,4386
2026-07-27 00:00:00,PTC,PTC INDIA LIMITED,165.48,167.80,165.05,166.33,164.40,1.17,2.75,1.66,0.66,430444,71605716.93,5987
2026-07-27 00:00:00,E2E,E2E NETWORKS LIMITED,534.00,542.50,534.00,542.50,516.70,4.99,8.50,1.59,3.35,429556,231788263.10,1898
2026-07-27 00:00:00,JSFB,JANA SMALL FIN BANK LTD,544.00,559.60,532.00,537.25,536.95,0.06,27.60,5.07,1.31,428226,231687845.40,16980
2026-07-27 00:00:00,BESTAGRO,BEST AGROLIFE LIMITED,15.20,15.99,15.20,15.91,15.16,4.95,0.79,5.20,0.26,427040,6728429.81,1573
2026-07-27 00:00:00,GROWWNIFTY,GROWWAMC - GROWWNIFTY,9.36,9.76,9.36,9.69,9.61,0.83,0.40,4.27,-2.60,426495,4130772.90,3972
2026-07-27 00:00:00,OMAXE,OMAXE LIMITED,87.52,91.80,87.52,89.95,87.66,2.61,4.28,4.89,-0.16,426419,38291780.83,4420
2026-07-27 00:00:00,CCCL,CONS. CONST. CONSORT LTD,15.99,16.08,15.45,15.74,15.88,-0.88,0.63,3.94,0.69,424342,6695946.02,971
2026-07-27 00:00:00,SENORES,SENORES PHARMACEUTICALS L,1408.30,1443.70,1378.00,1412.00,1387.50,1.77,65.70,4.67,1.50,422207,595526364.30,24784
2026-07-27 00:00:00,HEALTHY,BIRLASLAMC - HEALTHY,17.09,17.09,16.61,16.97,16.68,1.74,0.48,2.81,2.46,422037,7128125.69,1084
2026-07-27 00:00:00,KITEX,KITEX GARMENTS LTD,147.04,150.97,146.41,147.18,147.04,0.10,4.56,3.10,0.00,420805,62447833.32,4633
2026-07-27 00:00:00,KECL,KIRLOSKAR ELECTRIC CO LTD,126.90,137.33,126.90,137.33,124.85,10.00,10.43,8.22,1.64,418474,56555433.59,2529
2026-07-27 00:00:00,INDOBORAX,INDO BORAX & CHEMICAL LTD,423.95,426.00,392.00,406.60,416.10,-2.28,34.00,8.02,1.89,418213,171450311.25,12104
2026-07-27 00:00:00,PARASPETRO,PARAS PETROFILS LTD.,2.02,2.18,1.97,2.18,1.99,9.55,0.21,10.40,1.51,418011,869073.76,458
2026-07-27 00:00:00,MEDICO,MEDICO REMEDIES LIMITED,38.00,42.00,38.00,40.75,37.99,7.27,4.00,10.53,0.03,417055,16475902.84,849
2026-07-27 00:00:00,RSYSTEMS,R SYS INTERNATIONAL LTD,249.00,259.75,248.01,252.85,245.51,2.99,11.74,4.71,1.42,416728,106073092.92,19077
2026-07-27 00:00:00,MUKKA,MUKKA PROTEINS LIMITED,23.01,23.49,21.50,22.62,22.94,-1.39,1.99,8.65,0.31,415221,9410396.30,1784
2026-07-27 00:00:00,CHEMICAL,KOTAKMAMC - CHEMICAL,30.93,30.93,30.29,30.54,30.18,1.19,0.64,2.07,2.49,412980,12569731.96,1143
2026-07-27 00:00:00,SUDEEPPHRM,SUDEEP PHARMA LIMITED,856.40,878.80,842.00,858.10,825.15,3.99,36.80,4.30,3.79,412880,354943919.10,27197
2026-07-27 00:00:00,VCL,VAXTEX COTFAB LIMITED,1.03,1.03,0.99,1.02,0.99,3.03,0.04,3.88,4.04,412537,416423.45,268
2026-07-27 00:00:00,CIEINDIA,CIE AUTOMOTIVE INDIA LTD,417.00,423.00,410.45,413.40,413.75,-0.08,12.55,3.01,0.79,411200,170167728.00,18803
2026-07-27 00:00:00,APTUS,APTUS VALUE HSG FIN I LTD,280.70,284.70,277.60,279.05,277.15,0.69,7.10,2.53,1.28,410392,115107963.40,11790
2026-07-27 00:00:00,BRIGADE,BRIGADE ENTER. LTD,528.00,545.50,526.15,543.45,525.45,3.43,19.35,3.66,0.49,410222,220208902.65,14590
2026-07-27 00:00:00,DCW,DCW LTD,46.80,47.32,46.61,47.17,46.23,2.03,0.71,1.52,1.23,409937,19285632.39,2022
2026-07-27 00:00:00,GROWWMETAL,GROWWAMC - GROWWMETAL,11.60,12.08,11.60,11.86,11.84,0.17,0.48,4.14,-2.03,409907,4881302.82,2681
2026-07-27 00:00:00,NIVABUPA,NIVA BUPA HEALTH INS CO L,87.18,87.76,86.50,86.92,86.64,0.32,1.26,1.45,0.62,408564,35578853.76,6958
2026-07-27 00:00:00,RITES,RITES LIMITED,215.45,218.25,214.50,217.15,213.70,1.61,3.75,1.74,0.82,407264,88171466.20,10962
2026-07-27 00:00:00,PNCINFRA,PNC INFRATECH LTD.,238.83,244.98,237.00,241.85,238.21,1.53,7.98,3.34,0.26,405716,97951214.05,15662
2026-07-27 00:00:00,TI,TILAKNAGAR INDUSTRIES LTD,446.95,455.30,444.75,446.70,441.80,1.11,10.55,2.36,1.17,404982,181604178.45,15152
2026-07-27 00:00:00,ARVIND,ARVIND LIMITED,530.00,538.90,520.65,523.45,527.20,-0.71,18.25,3.44,0.53,404881,214054406.65,19977
2026-07-27 00:00:00,MTNL,MAHANAGAR TELEPHONE NIGAM,27.11,27.57,27.10,27.17,27.11,0.22,0.47,1.73,0.00,402941,10989218.97,2078
2026-07-27 00:00:00,HIMATSEIDE,HIMATSINGKA SEIDE LTD,81.20,81.98,80.53,81.02,80.52,0.62,1.45,1.79,0.84,402565,32754175.79,2889
2026-07-27 00:00:00,SERVOTECH,SERVOTECH REN POW SYS LTD,97.64,97.64,95.31,95.60,95.64,-0.04,2.33,2.39,2.09,402420,38643750.14,4300
2026-07-27 00:00:00,PHOENIXLTD,THE PHOENIX MILLS LTD,2011.40,2053.50,2011.40,2036.60,2010.70,1.29,42.10,2.09,0.03,402381,818735204.30,28429
2026-07-27 00:00:00,SPCENET,SPACENET ENTERS IND LTD,3.53,3.60,3.43,3.44,3.51,-1.99,0.17,4.82,0.57,400917,1400563.90,506
2026-07-27 00:00:00,TIMEX,TIMEX GROUP INDIA LTD.,589.10,609.80,558.00,561.25,578.85,-3.04,51.80,8.79,1.77,400370,228366481.30,19556
2026-07-27 00:00:00,NH,NARAYANA HRUDAYALAYA LTD.,1970.70,2064.00,1965.10,2054.00,1961.50,4.72,98.90,5.02,0.47,398068,810853200.40,32327
2026-07-27 00:00:00,BANKNIFTY1,KOTAKMAMC-KOTAKBKETF,59.49,59.50,59.05,59.36,58.90,0.78,0.45,0.76,1.00,397580,23579588.90,974
2026-07-27 00:00:00,INA,INSOLATION ENERGY LIMITED,113.02,115.79,110.00,112.04,112.57,-0.47,5.79,5.12,0.40,396562,44979153.17,3875
2026-07-27 00:00:00,IVALUE,IVALUE INFOSOLUTIONS LTD,293.95,296.85,287.70,288.90,287.70,0.42,9.15,3.11,2.17,395532,115170628.10,19189
2026-07-27 00:00:00,TATATECH,TATA TECHNOLOGIES LIMITED,720.00,727.90,711.00,713.30,711.00,0.32,16.90,2.35,1.27,395025,283971879.85,17893
2026-07-27 00:00:00,SPANDANA,SPANDANA SPHOORTY FIN LTD,269.90,272.90,263.85,266.00,261.50,1.72,9.05,3.35,3.21,394494,106304837.00,9767
2026-07-27 00:00:00,AVROIND,AVRO INDIA LIMITED,9.09,9.40,8.60,8.94,8.82,1.36,0.80,8.80,3.06,393381,3518050.44,929
2026-07-27 00:00:00,KIMS,KRISHNA INST OF MED SCI L,801.95,805.95,790.10,800.45,797.85,0.33,15.85,1.98,0.51,392176,312845115.65,20583
2026-07-27 00:00:00,TATACOMM,TATA COMMUNICATIONS LTD,1787.70,1796.90,1713.00,1735.20,1775.30,-2.26,83.90,4.69,0.70,387586,673622632.70,36245
2026-07-27 00:00:00,ASTRAL,ASTRAL LIMITED,1480.00,1481.50,1448.10,1465.80,1468.10,-0.16,33.40,2.26,0.81,385986,567134856.10,24335
2026-07-27 00:00:00,NAVA,NAVA LIMITED,559.05,578.55,558.00,564.65,554.80,1.78,20.55,3.68,0.77,385815,218649580.80,21558
2026-07-27 00:00:00,DMART,AVENUE SUPERMARTS LIMITED,4030.00,4074.10,4013.00,4027.70,4018.80,0.22,61.10,1.52,0.28,384728,1555436082.40,40700
2026-07-27 00:00:00,UYFINCORP,U. Y. FINCORP LIMITED,18.99,19.33,18.61,18.88,18.57,1.67,0.72,3.79,2.26,383173,7286407.32,978
2026-07-27 00:00:00,CRAMC,CANARA ROBECO AMC LIMITED,260.99,264.57,260.99,262.87,259.95,1.12,3.58,1.37,0.40,382782,100655181.37,11124
2026-07-27 00:00:00,COLPAL,COLGATE PALMOLIVE LTD.,2088.80,2156.00,2088.80,2136.60,2086.10,2.42,67.20,3.22,0.13,381885,814683752.30,25706
2026-07-27 00:00:00,STARHEALTH,STAR HEALTH & AL INS CO L,581.05,594.00,577.20,592.05,580.80,1.94,16.80,2.89,0.04,380389,222851646.85,20864
2026-07-27 00:00:00,SINDHUTRAD,SINDHU TRADE LINKS LTD,24.89,25.30,24.50,24.81,24.45,1.47,0.80,3.21,1.80,380342,9400354.44,975
2026-07-27 00:00:00,ABINFRA,A B INFRABUILD LIMITED,10.20,10.50,10.17,10.33,10.32,0.10,0.33,3.24,-1.16,379560,3905267.44,851
2026-07-27 00:00:00,BTML,BODHI TREE MULTIMEDIA LTD,7.05,7.05,6.50,6.68,6.96,-4.02,0.55,7.80,1.29,378521,2546088.94,924
2026-07-27 00:00:00,SPORTKING,SPORTKING INDIA LIMITED,215.40,218.48,214.10,215.56,213.74,0.85,4.38,2.03,0.78,377432,81573009.16,9344
2026-07-27 00:00:00,HDFCNIFIT,HDFCAMC - HDFCNIFIT,31.57,33.00,30.96,31.64,30.80,2.73,2.04,6.46,2.50,376771,11863424.63,1104
2026-07-27 00:00:00,GCSL,GRETEX CORPORATE SERVICES,534.00,538.70,528.25,531.10,531.00,0.02,10.45,1.96,0.56,375553,200258124.50,3972
2026-07-27 00:00:00,EPACKPEB,EPACK PREFAB TECHN LTD,256.00,256.80,250.00,255.19,251.92,1.30,6.80,2.66,1.62,374100,95107862.10,7447
2026-07-27 00:00:00,CANFINHOME,CAN FIN HOMES LTD,818.70,838.95,808.10,812.80,813.90,-0.14,30.85,3.77,0.59,373838,306627969.45,19964
2026-07-27 00:00:00,SIGNATURE,SIGNATUREGLOBAL INDIA LTD,783.90,797.70,780.55,790.80,768.35,2.92,17.15,2.19,2.02,373293,294845873.50,13044
2026-07-27 00:00:00,TRUALT,TRUALT BIOENERGY LIMITED,442.00,442.00,414.20,421.25,428.95,-1.80,27.80,6.29,3.04,373174,158259312.75,11578
2026-07-27 00:00:00,NUVOCO,NUVOCO VISTAS CORP LTD,359.95,360.45,349.70,351.15,356.05,-1.38,10.75,2.99,1.10,372984,131995572.15,9380
2026-07-27 00:00:00,SADBHAV,SADBHAV ENGINEERING LTD,7.90,8.59,7.90,8.31,7.90,5.19,0.69,8.73,0.00,372056,3091138.07,877
2026-07-27 00:00:00,ABB,ABB INDIA LIMITED,7419.00,7434.00,7225.00,7327.50,7375.50,-0.65,209.00,2.82,0.59,370848,2707669916.00,38598
2026-07-27 00:00:00,ORIENTHOT,ORIENT HOTELS LTD,134.62,138.38,133.34,137.35,134.84,1.86,5.04,3.74,-0.16,368592,50317422.15,5429
2026-07-27 00:00:00,DJML,DJ MEDIAPRINT & LOG LTD,115.75,115.94,112.66,114.49,114.39,0.09,3.28,2.83,1.19,367828,42189335.12,3599
2026-07-27 00:00:00,EICHERMOT,EICHER MOTORS LTD,7680.00,7847.00,7648.00,7769.50,7628.00,1.86,199.00,2.59,0.68,367549,2853335417.50,36446
2026-07-27 00:00:00,GREENPLY,GREENPLY INDUSTRIES LTD,301.10,303.35,291.60,294.75,298.15,-1.14,11.75,3.90,0.99,364020,107832429.80,8929
2026-07-27 00:00:00,SKMEGGPROD,SKM EGG PROD EXPORT(I) LT,325.55,330.00,315.00,318.80,324.75,-1.83,15.00,4.61,0.25,363976,117293467.65,6498
2026-07-27 00:00:00,MINDACORP,MINDA CORPORATION LTD,680.00,704.60,680.00,692.55,676.45,2.38,24.60,3.62,0.52,363763,253279707.80,18976
2026-07-27 00:00:00,RELAXO,RELAXO FOOT LTD.,403.95,409.55,396.70,401.40,402.95,-0.38,12.85,3.18,0.25,363059,146950563.30,11537
2026-07-27 00:00:00,PARKHOSPS,PARK MEDI WORLD LIMITED,284.70,284.70,278.30,279.70,280.25,-0.20,6.40,2.25,1.59,362975,101867772.40,7425
2026-07-27 00:00:00,POCL,PONDY OXIDES & CHEM LTD,534.00,539.70,520.20,522.80,526.20,-0.65,19.50,3.65,1.48,361002,190678259.50,9645
2026-07-27 00:00:00,NRBBEARING,NRB BEARING LIMITED,399.30,428.00,399.30,419.25,397.65,5.43,28.70,7.19,0.41,359437,148231682.55,6030
2026-07-27 00:00:00,AARTIIND,AARTI INDUSTRIES LTD,480.00,489.70,480.00,486.10,477.80,1.74,9.70,2.02,0.46,357510,173724463.50,11812
2026-07-27 00:00:00,METROPOLIS,METROPOLIS HEALTHCARE LTD,574.95,594.00,574.95,577.35,570.25,1.25,19.05,3.31,0.82,357337,207793369.00,18566
2026-07-27 00:00:00,JWL,JUPITER WAGONS LIMITED,247.05,250.40,246.80,247.60,246.55,0.43,3.60,1.46,0.20,356937,88690026.05,9308
2026-07-27 00:00:00,JUSTDIAL,JUSTDIAL LTD.,741.00,741.00,712.25,718.70,728.95,-1.41,28.75,3.88,1.65,356069,258080025.45,8858
2026-07-27 00:00:00,MOKSH,MOKSH ORNAMENTS LIMITED,10.61,10.99,10.20,10.29,10.72,-4.01,0.79,7.45,-1.03,355221,3700014.43,520
2026-07-27 00:00:00,GPTINFRA,GPT INFRAPROJECTS LTD,118.40,123.93,117.31,120.90,116.41,3.86,6.62,5.59,1.71,354437,42815969.37,6227
2026-07-27 00:00:00,CAPLIPOINT,CAPLIN POINT LAB LTD.,2470.00,2652.00,2470.00,2621.40,2467.10,6.25,182.00,7.37,0.12,354020,926123279.40,38896
2026-07-27 00:00:00,SANGHVIMOV,SANGHVI MOVERS LTD,460.45,465.00,446.70,450.00,455.70,-1.25,18.30,3.97,1.04,353824,160784818.20,11237
2026-07-27 00:00:00,CAPACITE,CAPACITE INFRAPROJECT LTD,215.00,221.75,215.00,218.80,212.75,2.84,6.75,3.14,1.06,352848,77081317.55,7327
2026-07-27 00:00:00,AEROPLANE,AMIR CHAND JAG KUM (E) L,187.84,193.75,187.10,189.26,187.84,0.76,6.65,3.54,0.00,351325,66858725.26,3393
2026-07-27 00:00:00,NITCO,NITCO LIMITED,106.00,109.00,104.20,107.59,104.11,3.34,4.80,4.53,1.82,350909,37454215.18,4375
2026-07-27 00:00:00,GSPCROP,GSP CROP SCIENCE LIMITED,527.60,562.00,521.10,556.60,530.50,4.92,40.90,7.75,-0.55,345999,188473564.90,8396
2026-07-27 00:00:00,ANDHRSUGAR,ANDHRA SUGARS LTD,86.85,88.80,86.00,87.45,86.33,1.30,2.80,3.22,0.60,345153,30172764.31,3572
2026-07-27 00:00:00,PIRAMALFIN,PIRAMAL FINANCE LIMITED,2095.90,2110.00,2032.20,2044.80,2085.40,-1.95,77.80,3.71,0.50,343746,711191789.40,18320
2026-07-27 00:00:00,EBGNG,GNG ELECTRONICS LIMITED,588.00,595.00,572.00,587.30,572.35,2.61,23.00,3.91,2.73,343611,200296953.85,12049
2026-07-27 00:00:00,KNRCON,KNR CONSTRU LTD.,122.25,123.01,121.50,122.58,121.22,1.12,1.51,1.24,0.85,343142,41986403.19,5564
2026-07-27 00:00:00,CUMMINSIND,CUMMINS INDIA LTD,5643.50,5649.50,5589.50,5629.50,5600.50,0.52,60.00,1.06,0.77,343112,1927589161.50,21476
2026-07-27 00:00:00,TORNTPOWER,TORRENT POWER LTD,1434.30,1446.50,1427.80,1440.00,1434.10,0.41,18.70,1.30,0.01,342490,490752068.00,17298
2026-07-27 00:00:00,GROWWHOSPI,GROWWAMC - GROWWHOSPI,53.99,54.24,53.48,54.12,53.52,1.12,0.76,1.41,0.88,342069,18445965.97,835
2026-07-27 00:00:00,AJOONI,AJOONI BIOTECH LIMITED,4.10,4.12,3.95,3.97,4.03,-1.49,0.17,4.15,1.74,341800,1375065.11,624
2026-07-27 00:00:00,GRMOVER,GRM OVERSEAS LIMITED,91.60,92.27,89.85,90.12,90.20,-0.09,2.42,2.64,1.55,340972,30857829.36,4244
2026-07-27 00:00:00,JSL,JINDAL STAINLESS LIMITED,720.00,726.75,710.10,724.00,714.25,1.37,16.65,2.31,0.81,338590,243735487.55,26581
2026-07-27 00:00:00,HYUNDAI,HYUNDAI MOTOR INDIA LTD,1963.00,1993.70,1959.80,1984.60,1952.60,1.64,33.90,1.73,0.53,338046,669181583.70,17598
2026-07-27 00:00:00,TDPOWERSYS,TD POWER SYSTEMS LTD.,1121.00,1153.80,1111.10,1141.50,1113.60,2.51,42.70,3.81,0.66,336514,382876232.70,22075
2026-07-27 00:00:00,UBL,UNITED BREWERIES LTD,1418.00,1457.00,1410.10,1428.70,1398.60,2.15,46.90,3.31,1.39,334806,480597308.50,25432
2026-07-27 00:00:00,HDFCPVTBAN,HDFCAMC - HDFCPVTBAN,28.00,28.08,27.85,27.92,27.86,0.22,0.23,0.82,0.50,333778,9316761.05,465
2026-07-27 00:00:00,MARUTI,MARUTI SUZUKI INDIA LTD.,13579.00,13760.00,13501.00,13730.00,13442.00,2.14,259.00,1.91,1.02,333477,4551255862.00,53523
2026-07-27 00:00:00,ITDC,INDIA TOUR. DEV. CO. LTD.,740.25,759.50,725.20,735.15,737.40,-0.31,34.30,4.63,0.39,329942,245422489.30,14243
2026-07-27 00:00:00,PREMIERPOL,PREMIER POLYFILM LTD,79.30,80.00,74.00,74.48,79.30,-6.08,6.00,7.57,0.00,328951,25030087.96,4179
2026-07-27 00:00:00,ATUL,ATUL LTD,6590.00,6838.00,6550.00,6789.50,6407.50,5.96,288.00,4.37,2.85,328187,2212753868.50,66908
2026-07-27 00:00:00,GUJALKALI,GUJARAT ALKALIES & CHEM,672.50,701.00,672.50,694.10,674.80,2.86,28.50,4.24,-0.34,328088,226674152.25,11529
2026-07-27 00:00:00,ENRIN,SIEMENS ENERGY INDIA LTD,3260.10,3275.00,3192.00,3264.60,3240.20,0.75,83.00,2.55,0.61,327391,1060607176.10,36446
2026-07-27 00:00:00,ASKAUTOLTD,ASK AUTOMOTIVE LIMITED,514.00,524.30,511.00,514.40,509.30,1.00,13.30,2.59,0.92,327078,169105407.60,14574
2026-07-27 00:00:00,UDS,UPDATER SERVICES LIMITED,203.70,209.42,200.26,206.60,201.19,2.69,9.16,4.50,1.25,326849,66972228.76,7445
2026-07-27 00:00:00,DEEPAKFERT,DEEPAK FERTILIZERS & PETR,1578.20,1641.90,1557.10,1634.50,1573.20,3.90,84.80,5.37,0.32,326561,524460147.10,19620
2026-07-27 00:00:00,PFS,PTC INDIA FIN SERV LTD,29.28,29.80,29.00,29.24,29.28,-0.14,0.80,2.73,0.00,326119,9594635.32,1861
2026-07-27 00:00:00,BALAMINES,BALAJI AMINES LIMITED,2217.90,2323.40,2174.60,2284.80,2174.50,5.07,148.80,6.71,2.00,323794,734005397.10,28818
2026-07-27 00:00:00,SMCGLOBAL,SMC GLOBAL SECURITIES LTD,76.00,77.65,75.41,76.31,75.46,1.13,2.24,2.95,0.72,323030,24675722.82,2751
2026-07-27 00:00:00,GROWWRLTY,GROWWAMC - GROWWRLTY,9.88,10.20,9.88,10.12,9.88,2.43,0.32,3.24,0.00,322807,3249959.54,595
2026-07-27 00:00:00,BORORENEW,BOROSIL RENEWABLES LTD,582.40,589.90,577.75,585.10,580.65,0.77,12.15,2.09,0.30,321533,187806327.10,9022
2026-07-27 00:00:00,VISAKAIND,VISAKA INDUSTRIES LIMITED,80.43,85.40,80.43,82.29,79.85,3.06,4.97,6.18,0.73,320941,26752918.14,3696
2026-07-27 00:00:00,HDFCNEXT50,HDFCAMC - HDFCNEXT50,75.16,75.16,73.71,74.00,73.33,0.91,1.45,1.93,2.50,320148,23661887.79,735
2026-07-27 00:00:00,MEDANTA,GLOBAL HEALTH LIMITED,1375.00,1411.00,1370.30,1407.20,1371.00,2.64,40.70,2.96,0.29,320048,446766645.30,21680
2026-07-27 00:00:00,MIDSMALL,MIRAEAMC - MIDSMALL,50.56,50.83,50.36,50.75,50.07,1.36,0.47,0.93,0.98,319857,16218719.49,771
2026-07-27 00:00:00,GODREJCP,GODREJ CONSUMER PRODUCTS,1065.00,1075.00,1061.10,1073.70,1059.50,1.34,13.90,1.31,0.52,318835,341162034.90,15063
2026-07-27 00:00:00,WEWORK,WEWORK INDIA MANAGEMENT L,719.00,726.95,710.50,724.40,711.95,1.75,16.45,2.29,0.99,317784,229556459.30,14760
2026-07-27 00:00:00,TEMBO,TEMBO GLOBAL IND LTD,534.00,560.25,534.00,552.30,530.40,4.13,26.25,4.92,0.68,316273,174612807.95,4129
2026-07-27 00:00:00,MOLDTECH,MOLD-TEK TECHNOLOGIES LTD,150.00,150.00,137.55,142.39,134.68,5.72,12.45,8.30,11.38,316159,45177914.43,5332
2026-07-27 00:00:00,CYIENTDLM,CYIENT DLM LIMITED,680.00,681.55,652.55,665.05,670.45,-0.81,29.00,4.26,1.42,315550,209170654.80,13758
2026-07-27 00:00:00,VOLTAS,VOLTAS LTD,1327.90,1340.40,1310.20,1319.30,1327.30,-0.60,30.20,2.27,0.05,314808,416498793.60,10895
2026-07-27 00:00:00,LTFOODS,LT FOODS LIMITED,377.70,380.00,375.15,376.40,375.60,0.21,4.85,1.28,0.56,314585,118606684.35,23363
2026-07-27 00:00:00,GICRE,GENERAL INS CORP OF INDIA,358.30,360.60,357.10,359.20,357.50,0.48,3.50,0.98,0.22,314450,112741223.15,21141
2026-07-27 00:00:00,AVANTIFEED,AVANTI FEEDS LIMITED,990.00,993.40,964.00,979.55,977.05,0.26,29.40,2.97,1.33,313085,305266872.85,17395
2026-07-27 00:00:00,NELCO,NELCO LTD,948.70,974.35,926.10,933.75,932.80,0.10,48.25,5.09,1.70,313008,296685777.65,12104
2026-07-27 00:00:00,JYOTICNC,JYOTI CNC AUTOMATION LTD,801.00,812.00,797.10,803.75,795.05,1.09,14.90,1.86,0.75,312391,251538726.05,10363
2026-07-27 00:00:00,DCXINDIA,DCX SYSTEMS LIMITED,182.45,184.03,181.47,182.98,180.68,1.27,2.56,1.40,0.98,311198,56866354.01,4626
2026-07-27 00:00:00,VIVIDHA,VISAGAR POLYTEX LTD,0.53,0.55,0.52,0.52,0.53,-1.89,0.03,5.66,0.00,311186,166233.83,179
2026-07-27 00:00:00,MAPMYINDIA,C.E. INFO SYSTEMS LIMITED,1135.00,1167.95,1128.00,1132.10,1117.10,1.34,39.95,3.52,1.60,309716,356137088.60,20720
2026-07-27 00:00:00,USHAMART,USHA MARTIN LTD.,495.70,505.00,494.80,502.10,495.70,1.29,10.20,2.06,0.00,309401,154769083.85,11187
2026-07-27 00:00:00,VSTIND,VST INDUSTRIES LTD,234.50,235.90,232.00,234.70,230.05,2.02,3.90,1.66,1.93,308790,72334074.15,4123
2026-07-27 00:00:00,MHRIL,MAHINDRA HOLIDAYS LTD,218.85,225.31,218.85,223.83,218.85,2.28,6.46,2.95,0.00,307825,68723894.80,4738
2026-07-27 00:00:00,KPIGREEN,KPI GREEN ENERGY LIMITED,391.75,398.00,391.50,392.45,390.20,0.58,6.50,1.66,0.40,307348,120998665.65,9917
2026-07-27 00:00:00,HDBFS,HDB FINANCIAL SERVICES L,695.00,698.95,684.95,686.30,691.50,-0.75,14.00,2.01,0.51,306980,212048154.95,26557
2026-07-27 00:00:00,PRAVEG,PRAVEG LTD.,290.00,313.00,286.50,301.07,285.08,5.61,26.50,9.14,1.73,306929,93574270.47,8231
2026-07-27 00:00:00,SURYAROSNI,SURYA ROSHNI LTD,240.05,246.25,237.65,239.20,237.95,0.53,8.60,3.58,0.88,306470,73985990.85,8101
2026-07-27 00:00:00,GKSL,GUJARAT KIDNEY N SUP SP L,130.12,130.12,126.71,127.39,128.20,-0.63,3.41,2.62,1.50,306451,39044191.40,1881
2026-07-27 00:00:00,GKENERGY,GK ENERGY LIMITED,137.48,138.69,135.61,136.69,136.14,0.40,3.08,2.24,0.98,305846,41911742.82,3953
2026-07-27 00:00:00,DALBHARAT,DALMIA BHARAT LIMITED,1730.60,1831.90,1683.00,1826.50,1810.80,0.87,148.90,8.60,-4.43,305803,553595470.30,24938
2026-07-27 00:00:00,SHILPAMED,SHILPA MEDICARE LTD,615.00,626.50,607.10,620.60,606.20,2.38,19.40,3.15,1.45,305420,189720719.65,14644
2026-07-27 00:00:00,GROWWSC250,GROWWAMC - GROWWSC250,10.22,10.35,10.19,10.24,10.17,0.69,0.16,1.57,0.49,305117,3143946.35,602
2026-07-27 00:00:00,MANINFRA,MAN INFRA LTD,97.15,98.93,97.15,98.38,96.68,1.76,1.78,1.83,0.49,303888,29834679.47,2138
2026-07-27 00:00:00,NIFTY100EW,KOTAKMAMC - NIFTY100EW,34.75,35.61,34.75,35.01,34.75,0.75,0.86,2.47,0.00,303393,10592124.31,182
2026-07-27 00:00:00,THANGAMAYL,THANGAMAYIL JEWELLERY LTD,6999.00,7344.50,6915.50,7309.50,6906.50,5.84,429.00,6.13,1.34,301466,2154898112.00,41859
2026-07-27 00:00:00,GLAND,GLAND PHARMA LIMITED,2381.30,2430.10,2376.10,2427.10,2379.80,1.99,54.00,2.27,0.06,300623,724054519.80,21028
2026-07-27 00:00:00,OBEROIRLTY,OBEROI REALTY LIMITED,1852.20,1854.10,1823.30,1832.60,1821.20,0.63,30.80,1.66,1.70,300191,551434284.10,18435
2026-07-27 00:00:00,RAMBHAJO,ADVIT JEWELS LIMITED,193.56,201.50,193.56,197.89,194.07,1.97,7.94,4.10,-0.26,296930,58605308.19,5141
2026-07-27 00:00:00,GIPCL,GUJ IND POW CO. LTD,162.00,163.66,160.29,162.58,157.23,3.40,3.37,2.08,3.03,296739,48163010.36,4944
2026-07-27 00:00:00,MIDHANI,MISHRA DHATU NIGAM LTD,395.35,398.90,394.00,397.10,392.70,1.12,4.90,1.24,0.67,296453,117510495.95,9328
2026-07-27 00:00:00,UNIECOM,UNICOMMERCE ESOLUTIONS L,84.40,85.95,84.15,85.73,84.38,1.60,1.80,2.13,0.02,296292,25228062.16,2239
2026-07-27 00:00:00,RAILTEL,RAILTEL CORP OF IND LTD,288.40,291.00,287.40,288.55,284.75,1.33,3.60,1.25,1.28,291361,84162033.95,9653
2026-07-27 00:00:00,FINPIPE,FINOLEX INDUSTRIES LTD,165.00,166.85,163.50,163.83,163.67,0.10,3.35,2.03,0.81,290897,47959489.14,11272
2026-07-27 00:00:00,MEDPLUS,MEDPLUS HEALTH SERV LTD,720.95,724.00,710.00,716.90,720.55,-0.51,14.00,1.94,0.06,290079,207672096.30,14458
2026-07-27 00:00:00,A2ZINFRA,A2Z INFRA ENGINEERING LTD,12.60,12.80,12.25,12.34,12.46,-0.96,0.55,4.37,1.12,290010,3604186.78,360
2026-07-27 00:00:00,HITECH,HI-TECH PIPES LIMITED,85.49,87.25,85.36,86.74,84.79,2.30,1.89,2.21,0.83,289606,25008746.61,2929
2026-07-27 00:00:00,ABLBL,ADITYA BIRLA LIFES BRAN L,94.57,96.66,94.57,95.47,94.01,1.55,2.09,2.21,0.60,287808,27539217.45,3849
2026-07-27 00:00:00,MANORAMA,MANORAMA INDUSTRIES LTD,1595.50,1674.00,1591.70,1658.90,1585.50,4.63,82.30,5.16,0.63,286631,473127390.60,19169
2026-07-27 00:00:00,TINNARUBR,TINNA RUBBER AND INFR LTD,1128.85,1180.00,1109.10,1139.30,1098.85,3.68,70.90,6.28,2.73,284366,328209976.10,21231
2026-07-27 00:00:00,AIIL,AUTHUM INVEST & INFRA LTD,539.00,554.80,538.50,551.70,531.10,3.88,16.30,3.02,1.49,283202,154590540.00,13860
2026-07-27 00:00:00,IKIO,IKIO TECHNOLOGIES LIMITED,204.80,212.10,204.80,207.98,204.82,1.54,7.30,3.56,-0.01,283051,58985841.18,5465
2026-07-27 00:00:00,STARCEMENT,STAR CEMENT LIMITED,204.14,206.79,201.10,202.83,204.88,-1.00,5.69,2.79,-0.36,283032,57589752.75,4873
2026-07-27 00:00:00,APLAPOLLO,APL APOLLO TUBES LTD,1825.00,1864.00,1822.00,1849.90,1822.80,1.49,42.00,2.30,0.12,282780,523464807.80,19841
2026-07-27 00:00:00,HDFCMID150,HDFCAMC - HDFCMID150,23.23,23.27,23.11,23.24,22.99,1.09,0.16,0.69,1.04,281836,6546828.99,1380
2026-07-27 00:00:00,AJMERA,AJMERA REALTY & INF I LTD,123.50,128.49,123.50,126.18,122.57,2.95,4.99,4.04,0.76,281078,35589528.35,4813
2026-07-27 00:00:00,NIITLTD,NIIT LIMITED,96.00,96.79,94.60,95.08,94.62,0.49,2.19,2.28,1.46,279744,26748595.05,3430
2026-07-27 00:00:00,TATACHEM,TATA CHEMICALS LTD,694.40,702.00,688.00,698.90,685.35,1.98,14.00,2.02,1.32,279049,193658322.35,9327
2026-07-27 00:00:00,APCOTEXIND,APCOTEX INDUSTRIES LIMITE,561.50,593.40,561.50,588.50,561.05,4.89,31.90,5.68,0.08,278947,162679868.15,11608
2026-07-27 00:00:00,MOM100,MOTILAL OS MIDCAP100 ETF,68.20,68.20,66.51,67.27,66.54,1.10,1.69,2.48,2.49,278744,18763202.56,2440
2026-07-27 00:00:00,AVALON,AVALON TECHNOLOGIES LTD,1751.10,1767.90,1654.10,1728.20,1741.50,-0.76,113.80,6.50,0.55,278018,476078586.50,25650
2026-07-27 00:00:00,PARAGMILK,PARAG MILK FOODS LTD.,218.49,221.38,215.40,217.41,214.20,1.50,5.98,2.74,2.00,276144,60322773.31,6347
2026-07-27 00:00:00,RAYMONDREL,RAYMOND REALTY LIMITED,661.10,673.80,656.30,665.90,654.55,1.73,17.50,2.65,1.00,275017,183118567.45,8502
2026-07-27 00:00:00,SIEMENS,SIEMENS LTD,3721.00,3745.00,3690.00,3718.00,3689.80,0.76,55.00,1.48,0.85,273869,1017450626.90,22520
2026-07-27 00:00:00,MSPL,MSP STEEL & POWER LTD.,36.19,36.90,36.00,36.14,35.37,2.18,0.90,2.49,2.32,273518,9885957.85,3055
2026-07-27 00:00:00,ARE&M,AMARA RAJA ENERGY MOB LTD,875.95,882.00,870.45,874.00,872.90,0.13,11.55,1.32,0.35,273424,239468209.35,15652
2026-07-27 00:00:00,AGI,AGI GREENPAC LIMITED,687.95,714.00,677.55,707.15,672.85,5.10,36.45,5.30,2.24,273122,191739421.65,14275
2026-07-27 00:00:00,VGUARD,V-GUARD IND LTD.,294.60,300.45,292.00,294.40,290.80,1.24,8.45,2.87,1.31,272931,80874203.25,12087
2026-07-27 00:00:00,VIMTALABS,VIMTA LABS LIMITED,576.45,593.00,574.25,587.15,570.45,2.93,18.75,3.25,1.05,272440,159326012.40,10341
2026-07-27 00:00:00,AFCONS,AFCONS INFRASTRUCTURE LTD,286.90,288.60,283.40,284.25,285.95,-0.59,5.20,1.81,0.33,271429,77492121.30,7349
2026-07-27 00:00:00,BAJAJ-AUTO,BAJAJ AUTO LIMITED,11200.50,11251.00,11094.00,11183.50,11130.00,0.48,157.00,1.40,0.63,270544,3024859830.50,38490
2026-07-27 00:00:00,HEXT,HEXAWARE TECHNOLOGIES LTD,551.60,572.60,545.10,562.95,551.85,2.01,27.50,4.99,-0.05,270444,152918897.75,12590
2026-07-27 00:00:00,ASTRAMICRO,ASTRA MICROWAVE LTD,1815.00,1840.00,1788.00,1801.80,1813.40,-0.64,52.00,2.87,0.09,270091,488113365.60,21937
2026-07-27 00:00:00,WOCKPHARMA,WOCKHARDT LIMITED,1855.90,1881.90,1853.30,1865.20,1849.20,0.87,28.60,1.54,0.36,269719,503412525.20,13682
2026-07-27 00:00:00,TRANSRAILL,TRANSRAIL LIGHTING LTD,486.05,490.85,482.00,485.00,482.70,0.48,8.85,1.82,0.69,269719,130802348.00,7751
2026-07-27 00:00:00,WAAREERTL,WAAREE RENEWABLE TECH LTD,949.10,955.00,927.60,931.30,932.00,-0.08,27.40,2.89,1.83,269690,252495849.50,12948
2026-07-27 00:00:00,TORNTPHARM,TORRENT PHARMACEUTICALS L,4985.00,5070.00,4961.80,5019.50,4961.50,1.17,108.20,2.17,0.47,267708,1344145457.30,33856
2026-07-27 00:00:00,MONIFTY500,MOTILALAMC - MONIFTY500,23.96,23.96,23.54,23.62,23.51,0.47,0.42,1.75,1.91,266755,6309198.32,1334
2026-07-27 00:00:00,GROWWNET,GROWWAMC - GROWWNET,9.64,9.88,9.56,9.84,9.64,2.07,0.32,3.32,0.00,266755,2615821.10,579
2026-07-27 00:00:00,GENCON,GENERIC ENG CONS PROJ LTD,40.50,40.99,40.01,40.46,40.52,-0.15,0.98,2.42,-0.05,266584,10773463.47,1629
2026-07-27 00:00:00,NILASPACES,NILA SPACES LIMITED,12.18,12.23,11.73,12.12,11.89,1.93,0.50,4.11,2.44,266485,3206123.67,764
2026-07-27 00:00:00,GRASIM,GRASIM INDUSTRIES LTD,3100.00,3120.00,3086.10,3112.40,3089.40,0.74,33.90,1.09,0.34,266078,824634554.00,20701
2026-07-27 00:00:00,WAAREEINDO,INDOSOLAR LIMITED,335.05,344.95,335.05,335.05,352.65,-4.99,9.90,2.95,-4.99,265859,89273392.65,1572
2026-07-27 00:00:00,BFSI,MIRAEAMC - MAFSETF,27.26,27.26,26.96,27.12,26.95,0.63,0.30,1.10,1.15,264968,7169370.84,1139
2026-07-27 00:00:00,SIRCA,SIRCA PAINT INDIA LIMITED,399.00,403.00,396.25,397.75,393.45,1.09,6.75,1.69,1.41,263633,105278677.35,6334
2026-07-27 00:00:00,TIINDIA,TUBE INVEST OF INDIA LTD,2793.70,2865.80,2754.60,2849.30,2767.00,2.97,111.20,3.98,0.96,262758,745607189.50,28924
2026-07-27 00:00:00,RAMCOIND,RAMCO INDUSTRIES LIMITED,329.50,345.35,327.10,336.85,329.15,2.34,18.25,5.54,0.11,261964,88420169.55,7184
2026-07-27 00:00:00,BOMDYEING,BOMBAY DYEING & MFG. CO L,122.10,123.60,121.70,122.08,121.71,0.30,1.90,1.56,0.32,261611,32009129.42,4105
2026-07-27 00:00:00,ACI,ARCHEAN CHEMICAL IND LTD,557.00,584.90,556.95,576.75,554.85,3.95,27.95,5.02,0.39,261051,150522901.25,16522
2026-07-27 00:00:00,BLKASHYAP,B.L.KASHYAP & SON LTD,55.30,56.45,53.81,54.11,54.56,-0.82,2.64,4.77,1.36,261009,14260229.84,1327
2026-07-27 00:00:00,MEDIASSIST,MEDI ASSIST HEALTH SER L,340.05,354.15,339.20,347.15,340.05,2.09,14.95,4.40,0.00,259635,90199416.55,8516
2026-07-27 00:00:00,VMART,VMART RETAIL LTD,724.65,725.40,682.65,714.95,724.65,-1.34,42.75,5.90,0.00,258775,182351563.95,18603
2026-07-27 00:00:00,MOMENTUM50,MOTILALAMC - MOMENTUM50,52.44,52.60,52.11,52.44,51.90,1.04,0.49,0.93,1.04,258131,13501999.14,1307
2026-07-27 00:00:00,BALUFORGE,BALU FORGE INDUSTRIES LTD,434.05,444.80,434.05,439.75,433.60,1.42,10.75,2.48,0.10,257865,113428834.55,8337
2026-07-27 00:00:00,HINDOILEXP,HINDUSTAN OIL EXPLORATION,160.00,161.81,157.61,157.98,162.04,-2.51,4.20,2.62,-1.26,257350,41013187.27,3635
2026-07-27 00:00:00,PICCADIL,PICCADILY AGRO INDUSTRI L,745.90,768.90,742.55,757.05,737.20,2.69,26.35,3.53,1.18,256342,193956394.50,14538
2026-07-27 00:00:00,SUNFLAG,SUNFLAG IRON AND STEEL CO,352.90,368.00,352.90,362.15,348.70,3.86,15.10,4.28,1.20,253363,91800894.15,5667
2026-07-27 00:00:00,EMCURE,EMCURE PHARMACEUTICALS L,1898.00,1938.60,1882.10,1924.80,1881.00,2.33,56.50,2.98,0.90,253294,487206583.50,23200
2026-07-27 00:00:00,SCILAL,SHIPPING CORP OF ILA LTD,41.61,42.79,41.31,42.15,41.33,1.98,1.48,3.56,0.68,252633,10584930.74,1568
2026-07-27 00:00:00,SARDAEN,SARDA ENERGY & MIN LTD,505.50,513.90,504.75,512.30,502.25,2.00,9.15,1.81,0.65,252108,128881694.80,15675
2026-07-27 00:00:00,GEOJITFSL,GEOJIT FINANCIAL SER L,76.19,77.98,75.00,75.16,76.15,-1.30,2.98,3.91,0.05,251893,19208148.04,2487
2026-07-27 00:00:00,ULTRACEMCO,ULTRATECH CEMENT LIMITED,11905.00,12000.00,11752.00,11881.00,11846.00,0.30,248.00,2.08,0.50,250956,2973735637.00,29705
2026-07-27 00:00:00,TITAGARH,TITAGARH RAIL SYSTEMS LTD,828.75,832.60,813.00,816.10,819.45,-0.41,19.60,2.37,1.13,250928,205729311.50,15411
2026-07-27 00:00:00,CENTRUM,CENTRUM CAPITAL LIMITED,23.69,24.00,22.98,23.15,23.66,-2.16,1.02,4.31,0.13,250326,5827737.42,1618
2026-07-27 00:00:00,HDFCBSE500,HDFCAMC - HDFCBSE500,37.01,37.74,37.01,37.29,37.00,0.78,0.73,1.97,0.03,250311,9330704.13,231
2026-07-27 00:00:00,GHCL,GHCL LIMITED,437.00,442.30,435.55,438.60,436.20,0.55,6.75,1.54,0.18,249684,109623746.70,3835
2026-07-27 00:00:00,BAJAJHCARE,BAJAJ HEALTHCARE LIMITED,329.10,329.35,317.40,319.65,323.35,-1.14,11.95,3.63,1.78,249558,79912870.35,5299
2026-07-27 00:00:00,STAR,STRIDES PHARMA SCI LTD,1022.60,1053.40,1022.00,1043.00,1020.00,2.25,31.40,3.07,0.25,248701,257942746.50,26415
2026-07-27 00:00:00,ASAHISONG,ASAHI SONGWON COLOR LTD,342.00,366.45,329.80,339.85,332.95,2.07,36.65,10.72,2.72,248295,86283927.65,7829
2026-07-27 00:00:00,BMWVENTLTD,BMW VENTURES LIMITED,56.22,60.90,56.22,59.34,56.52,4.99,4.68,8.32,-0.53,247389,14540428.47,3291
2026-07-27 00:00:00,DEN,DEN NETWORKS LTD,27.20,27.70,27.10,27.37,27.16,0.77,0.60,2.21,0.15,247039,6758821.02,1461
2026-07-27 00:00:00,IFBIND,IFB INDUSTRIES LTD,1330.00,1368.90,1293.20,1323.80,1304.10,1.51,75.70,5.69,1.99,246955,328505519.80,21676
2026-07-27 00:00:00,ABDL,ALLIED BLEND N DISTILS L,630.00,641.95,621.15,624.30,620.75,0.57,20.80,3.30,1.49,246389,155510884.35,14421
2026-07-27 00:00:00,PRECAM,PRECISION CAMSHAFTS LTD.,139.88,145.90,139.06,139.85,138.65,0.87,6.84,4.89,0.89,244587,34873070.11,3999
2026-07-27 00:00:00,GMRP&UI,GMR POW AND URBAN INFRA L,98.17,98.90,97.52,97.62,97.59,0.03,1.38,1.41,0.59,243530,23868545.07,2455
2026-07-27 00:00:00,NESCO,NESCO LTD.,1058.00,1067.50,1001.60,1008.30,1055.90,-4.51,65.90,6.23,0.20,243109,250824874.60,19097
2026-07-27 00:00:00,TATVA,TATVA CHIN PHARM CHEM LTD,1750.80,1835.00,1710.40,1800.10,1722.40,4.51,124.60,7.12,1.65,242226,428005390.70,17103
2026-07-27 00:00:00,ELLEN,ELLENBARRIE INDUS GASES L,287.00,287.00,279.20,282.45,281.20,0.44,7.80,2.72,2.06,240990,68150431.05,5397
2026-07-27 00:00:00,CHAMBLFERT,CHAMBAL FERTILIZERS LTD,434.20,441.20,433.05,439.70,431.00,2.02,8.15,1.88,0.74,240525,105298021.15,10111
2026-07-27 00:00:00,SUNDARAM,SUNDARAM MULTI PAP LTD,1.30,1.30,1.26,1.28,1.28,0.00,0.04,3.08,1.56,240203,307416.98,284
2026-07-27 00:00:00,GARUDA,GARUDA CONSTRUCT N ENG L,176.54,178.00,171.77,172.34,174.69,-1.35,6.23,3.53,1.06,239612,41637092.89,3502
2026-07-27 00:00:00,BRITANNIA,BRITANNIA INDUSTRIES LTD,5399.50,5436.50,5343.00,5384.50,5379.50,0.09,93.50,1.73,0.37,238867,1285196245.50,20962
2026-07-27 00:00:00,VOEPL,VIRTUOSO OPTOELECTRONIC L,494.80,514.00,486.10,496.60,484.05,2.59,27.90,5.64,2.22,238675,119486254.90,4872
2026-07-27 00:00:00,ROTO,ROTO PUMPS LIMITED,68.42,69.00,67.11,67.29,68.08,-1.16,1.89,2.76,0.50,235371,15899865.42,1947
2026-07-27 00:00:00,YATHARTH,YATHARTH HOSP & TRA C S L,843.05,868.55,838.80,843.90,838.80,0.61,29.75,3.53,0.51,234669,199960574.70,13097
2026-07-27 00:00:00,PANAMAPET,PANAMA PETROCHEM LTD,499.05,503.50,482.75,487.10,498.25,-2.24,20.75,4.16,0.16,234411,114950759.50,10445
2026-07-27 00:00:00,MITTAL,MITTAL LIFE STYLE LIMITED,0.91,0.93,0.91,0.91,0.91,0.00,0.02,2.20,0.00,232131,212980.14,210
2026-07-27 00:00:00,POLYCAB,POLYCAB INDIA LIMITED,8956.00,9050.00,8956.00,9010.00,8907.50,1.15,94.00,1.05,0.54,232047,2092320511.00,34253
2026-07-27 00:00:00,EPL,EPL LIMITED,232.80,240.07,231.45,239.06,233.06,2.57,8.62,3.70,-0.11,231791,55074015.85,6643
2026-07-27 00:00:00,AMAGI,AMAGI MEDIA LABS LIMITED,617.65,636.55,606.00,625.05,609.05,2.63,30.55,4.95,1.41,231373,144649605.25,15680
2026-07-27 00:00:00,NATCOPHARM,NATCO PHARMA LTD.,923.15,938.60,920.50,927.10,921.45,0.61,18.10,1.96,0.18,230818,214707496.60,17218
2026-07-27 00:00:00,ROSSARI,ROSSARI BIOTECH LIMITED,491.80,528.40,491.80,519.95,489.80,6.16,36.60,7.44,0.41,230496,118516757.20,9502
2026-07-27 00:00:00,PRAKASH,PRAKASH INDUSTRIES LTD,125.00,125.95,123.46,125.47,123.77,1.37,2.49,1.99,0.99,230451,28720308.80,2380
2026-07-27 00:00:00,HUBTOWN,HUBTOWN LIMITED,198.00,201.02,195.00,196.04,194.98,0.54,6.02,3.04,1.55,230322,45309456.69,3753
2026-07-27 00:00:00,ARKADE,ARKADE DEVELOPERS LIMITED,137.00,137.87,134.10,134.59,135.61,-0.75,3.77,2.75,1.02,228642,31062416.48,1885
2026-07-27 00:00:00,CEIGALL,CEIGALL INDIA LIMITED,338.85,341.20,333.45,335.80,337.10,-0.39,7.75,2.29,0.52,228583,76912450.30,9765
2026-07-27 00:00:00,IGCL,INDOGULF CROPSCIENCES LTD,74.60,76.45,73.23,75.17,74.55,0.83,3.22,4.32,0.07,228570,17020119.74,1805
2026-07-27 00:00:00,DIGITIDE,DIGITIDE SOLUTIONS LTD,100.61,102.38,100.00,100.72,101.22,-0.49,2.38,2.37,-0.60,228422,23138828.68,2893
2026-07-27 00:00:00,63MOONS,63 MOONS TECHNOLOGIES LTD,711.10,746.85,705.10,728.80,708.30,2.89,41.75,5.87,0.40,227517,166785787.15,9407
2026-07-27 00:00:00,THELEELA,LEELA PALACES HOTEL LTD,478.95,489.50,470.85,475.60,474.70,0.19,18.65,3.89,0.90,227395,108930019.25,14830
2026-07-27 00:00:00,QUADFUTURE,QUADRANT FUTURE TEK LTD,365.50,369.70,352.50,362.70,361.05,0.46,17.20,4.71,1.23,226958,82791200.95,7161
2026-07-27 00:00:00,STYL,SESHAASAI TECHNOLOGIES L,384.45,388.90,356.80,359.40,384.45,-6.52,32.10,8.35,0.00,226335,83145614.25,8968
2026-07-27 00:00:00,KPRMILL,KPR MILL LTD.,1076.00,1079.90,1048.20,1056.00,1061.50,-0.52,31.70,2.95,1.37,225674,238928373.90,19548
2026-07-27 00:00:00,EUROPRATIK,EURO PRATIK SALES LIMITED,303.35,318.40,303.00,314.60,301.65,4.29,15.40,5.08,0.56,225420,70272302.55,5323
2026-07-27 00:00:00,MERCURYEV,MERCURY EV-TECH LIMITED,35.60,36.86,34.40,35.92,35.11,2.31,2.46,6.91,1.40,224878,8051362.45,836
2026-07-27 00:00:00,BEML,BEML LIMITED,1730.00,1788.30,1726.90,1780.10,1713.20,3.90,61.40,3.55,0.98,224432,395934561.70,20119
2026-07-27 00:00:00,AETHER,AETHER INDUSTRIES LIMITED,1431.90,1493.00,1420.40,1480.10,1427.50,3.68,72.60,5.07,0.31,224382,330811043.60,31639
2026-07-27 00:00:00,ALEMBICLTD,ALEMBIC LIMITED,88.00,90.85,88.00,90.15,87.94,2.51,2.85,3.24,0.07,223367,20072314.10,2161
2026-07-27 00:00:00,AADHARHFC,AADHAR HOUSING FINANCE L,500.00,507.60,497.30,502.00,495.00,1.41,10.30,2.06,1.01,223206,112488640.70,8845
2026-07-27 00:00:00,ACSTECH,A C S TECHNOLOGIES LTD.,42.05,42.05,40.30,40.51,40.82,-0.76,1.75,4.16,3.01,222692,9079446.08,658
2026-07-27 00:00:00,TATAINVEST,TATA INVESTMENT CORP LTD,634.00,651.00,634.00,649.95,630.75,3.04,17.00,2.68,0.52,222641,143895105.40,16877
2026-07-27 00:00:00,JAICORPLTD,JAI CORP LIMITED,101.20,103.00,101.20,102.69,100.33,2.35,1.80,1.78,0.87,222591,22804729.87,2690
2026-07-27 00:00:00,INDIAGLYCO,INDIA GLYCOLS LTD,1171.95,1199.05,1160.70,1184.45,1157.80,2.30,38.35,3.27,1.22,222525,263437518.75,14590
2026-07-27 00:00:00,SMALL250,MIRAEAMC - SMALL250,17.98,17.99,17.47,17.84,17.65,1.08,0.52,2.89,1.87,222124,3963366.28,751
2026-07-27 00:00:00,RNBDENIMS,R&B DENIMS LIMITED,9.32,9.45,9.22,9.32,9.27,0.54,0.23,2.47,0.54,221590,2068675.87,906
2026-07-27 00:00:00,OLECTRA,OLECTRA GREENTECH LIMITED,1342.50,1355.00,1325.00,1328.10,1336.30,-0.61,30.00,2.23,0.46,221480,295770548.60,15903
2026-07-27 00:00:00,RUBICON,RUBICON RESEARCH LIMITED,1545.00,1578.00,1520.20,1556.00,1520.20,2.35,57.80,3.74,1.63,221234,341715875.00,17869
2026-07-27 00:00:00,BLACKBUCK,BLACKBUCK LIMITED,542.55,557.85,539.05,547.60,539.35,1.53,18.80,3.47,0.59,221110,121194855.55,16450
2026-07-27 00:00:00,SUNTECK,SUNTECK REALTY LIMITED,311.00,314.65,308.00,310.75,306.25,1.47,6.65,2.14,1.55,220959,68825117.65,4398
2026-07-27 00:00:00,INFOBEAN,INFOBEANS TECHNO. LTD.,159.69,161.80,156.10,157.14,157.33,-0.12,5.70,3.57,1.50,220223,35107906.68,3501
2026-07-27 00:00:00,DREDGECORP,DREDGING CORP OF INDIA,1015.00,1075.90,1003.20,1064.90,1003.30,6.14,72.70,7.16,1.17,219789,231384299.90,15630
2026-07-27 00:00:00,EMSLIMITED,EMS LIMITED,406.70,411.95,398.35,401.75,403.30,-0.38,13.60,3.34,0.84,218786,88549873.20,6259
2026-07-27 00:00:00,KERNEX,KERNEX MICROSYS(I) LTD,2215.00,2337.00,2208.00,2321.20,2205.20,5.26,129.00,5.82,0.44,215636,494821815.40,15448
2026-07-27 00:00:00,TVSSCS,TVS SUPPLY CHAIN SOL L,133.49,137.00,133.49,136.62,133.13,2.62,3.51,2.63,0.27,215529,29310669.97,4489
2026-07-27 00:00:00,PENIND,PENNAR INDUSTRIES LTD,164.35,169.00,163.61,165.16,162.84,1.42,5.39,3.28,0.93,215484,35903489.79,3513
2026-07-27 00:00:00,SHYAMMETL,SHYAM METALICS AND ENGY L,1026.10,1044.90,1015.65,1035.10,1027.45,0.74,29.25,2.85,-0.13,215142,221889020.10,14572
2026-07-27 00:00:00,INDIACEM,THE INDIA CEMENTS LIMITED,408.00,409.90,397.10,398.35,407.00,-2.13,12.80,3.14,0.25,214124,86198682.80,10554
2026-07-27 00:00:00,KUANTUM,KUANTUM PAPERS LIMITED,79.50,83.38,79.50,80.17,77.36,3.63,3.88,4.88,2.77,213786,17315082.00,2643
2026-07-27 00:00:00,GOKULAGRO,GOKUL AGRO RESOURCES LTD,213.94,215.26,209.65,211.55,209.93,0.77,5.61,2.62,1.91,213114,45186243.70,4809
2026-07-27 00:00:00,GNA,GNA AXLES LIMITED,515.00,523.90,507.85,511.85,507.00,0.96,16.05,3.12,1.58,212597,109449417.65,7133
2026-07-27 00:00:00,STOVEKRAFT,STOVE KRAFT LIMITED,771.05,814.70,771.05,795.90,773.40,2.91,43.65,5.66,-0.30,211211,168150499.30,8957
2026-07-27 00:00:00,TBOTEK,TBO TEK LIMITED,1439.90,1524.90,1435.10,1519.20,1429.00,6.31,89.80,6.24,0.76,211003,318179028.60,17079
2026-07-27 00:00:00,UTIAMC,UTI ASSET MNGMT CO LTD,895.00,905.95,888.35,904.00,881.40,2.56,17.60,1.97,1.54,210439,189231859.50,12386
2026-07-27 00:00:00,EPACK,EPACK DURABLE LIMITED,236.69,237.99,231.04,232.10,234.57,-1.05,6.95,2.94,0.90,209862,49012196.58,3663
2026-07-27 00:00:00,FINCABLES,FINOLEX CABLES LTD,999.90,1015.00,992.40,998.60,998.90,-0.03,22.60,2.26,0.10,209703,209992222.50,19053
2026-07-27 00:00:00,TARSONS,TARSONS PRODUCTS LIMITED,313.00,326.35,313.00,320.90,312.75,2.61,13.35,4.27,0.08,208664,67004092.85,4969
2026-07-27 00:00:00,BALRAMCHIN,BALRAMPUR CHINI MILLS LTD,609.00,618.00,609.00,611.65,610.15,0.25,9.00,1.48,-0.19,208287,127487497.30,7420
2026-07-27 00:00:00,EVINDIA,MIRAEAMC - EVINDIA,31.10,32.55,31.10,32.02,31.90,0.38,1.45,4.66,-2.51,208198,6655100.89,1891
2026-07-27 00:00:00,KAMOPAINTS,KAMDHENU VENTURES LIMITED,4.55,4.69,4.50,4.61,4.55,1.32,0.19,4.18,0.00,207932,955760.18,555
2026-07-27 00:00:00,KAJARIACER,KAJARIA CERAMICS LTD,1214.90,1252.00,1212.00,1220.00,1214.90,0.42,40.00,3.29,0.00,206695,254841943.50,14412
2026-07-27 00:00:00,ACC,ACC LIMITED,1343.00,1365.00,1332.00,1358.10,1340.90,1.28,33.00,2.46,0.16,206361,279064615.90,16570
2026-07-27 00:00:00,BBOX,BLACK BOX LIMITED,785.00,803.20,772.80,775.70,778.45,-0.35,30.40,3.87,0.84,205754,161047731.60,14029
2026-07-27 00:00:00,DIXON,DIXON TECHNO (INDIA) LTD,13951.00,14021.00,13741.00,13810.00,13846.00,-0.26,280.00,2.01,0.76,205726,2856930410.00,37508
2026-07-27 00:00:00,MANOMAY,MANOMAY TEX INDIA LTD,202.50,208.00,202.50,206.46,202.68,1.87,5.50,2.72,-0.09,203755,41975902.03,1489
2026-07-27 00:00:00,GNFC,GUJ NAR VAL FER & CHEM L,506.00,515.00,506.00,513.95,503.05,2.17,9.00,1.78,0.59,203336,104091433.75,9919
2026-07-27 00:00:00,NIFTYBETA,UTIAMC-NIFTYBETA,263.98,267.03,263.98,266.36,263.98,0.90,3.05,1.16,0.00,203133,54098297.24,705
2026-07-27 00:00:00,ECAPINSURE,EDELAMC - ECAPINSURE,23.64,23.97,23.64,23.74,23.64,0.42,0.33,1.40,0.00,202782,4833378.18,311
2026-07-27 00:00:00,MON100,MOTILAL OS NASDAQ100 ETF,322.11,322.11,322.11,322.11,328.15,-1.84,0.00,0.00,-1.84,202173,65121945.03,1152
2026-07-27 00:00:00,MAFANG,MIRAEAMC - MAFANG,192.54,192.54,192.54,192.54,196.13,-1.83,0.00,0.00,-1.83,201030,38706316.20,329
2026-07-27 00:00:00,KIRLPNU,KIRLOSKAR PNEUMATIC COM L,1494.10,1539.80,1461.90,1489.60,1497.10,-0.50,77.90,5.21,-0.20,200249,298632599.30,22205
2026-07-27 00:00:00,MASTERTR,MASTER TRUST LIMITED,84.89,85.80,83.25,84.14,84.71,-0.67,2.55,3.00,0.21,197521,16729614.02,1156
2026-07-27 00:00:00,HIKAL,HIKAL LIMITED,218.11,224.50,218.11,221.98,217.40,2.11,6.39,2.93,0.33,197350,43807127.15,5421
2026-07-27 00:00:00,ADFFOODS,ADF FOODS LIMITED,308.00,319.60,308.00,314.40,307.05,2.39,11.60,3.77,0.31,196201,61761911.35,6161
2026-07-27 00:00:00,RELTD,RAVINDRA ENERGY LIMITED,173.40,179.35,173.01,174.03,171.45,1.50,6.34,3.66,1.14,195941,34290050.70,4609
2026-07-27 00:00:00,SUNTV,SUN TV NETWORK LIMITED,490.00,493.40,485.35,488.70,486.90,0.37,8.05,1.64,0.64,194633,95007264.25,14842
2026-07-27 00:00:00,APARINDS,APAR INDUSTRIES LTD.,14133.00,14149.00,13289.00,14051.00,13889.00,1.17,860.00,6.09,1.76,193959,2675275716.00,50372
2026-07-27 00:00:00,SULA,SULA VINEYARDS LIMITED,151.84,151.84,149.32,150.85,149.79,0.71,2.52,1.66,1.37,193841,29177935.93,3444
2026-07-27 00:00:00,OMNI,OMNITECH ENGINEERING LTD,622.00,630.40,614.10,619.65,612.00,1.25,16.30,2.62,1.63,193825,120556881.40,9781
2026-07-27 00:00:00,CHEMPLASTS,CHEMPLAST SANMAR LIMITED,203.50,209.49,203.50,206.98,202.29,2.32,5.99,2.94,0.60,193300,39973739.51,4043
2026-07-27 00:00:00,HILINFRA,HIGHWAY INFRASTRUCTURE L,44.30,49.50,44.30,46.37,43.87,5.70,5.20,11.74,0.98,192373,8915578.02,1642
2026-07-27 00:00:00,TALBROAUTO,TALBROS AUTO. COMP. LTD,399.00,406.40,384.65,386.85,391.75,-1.25,21.75,5.45,1.85,192371,75645173.55,6390
2026-07-27 00:00:00,SCANSTL,SCAN STEELS LTD.,50.54,50.54,47.01,48.27,49.79,-3.05,3.53,6.98,1.51,192347,9371167.94,1507
2026-07-27 00:00:00,BATAINDIA,BATA INDIA LTD,695.00,704.95,691.05,699.65,689.95,1.41,13.90,2.00,0.73,192036,134169708.60,11336
2026-07-27 00:00:00,SHREDIGCEM,SHREE DIGVIJAY CEM CO LTD,75.00,75.50,72.31,73.18,76.16,-3.91,3.19,4.25,-1.52,191765,14042072.58,2187
2026-07-27 00:00:00,DCAL,DISHMAN CARBO AMCIS LTD,183.90,188.84,183.90,186.11,183.58,1.38,4.94,2.69,0.17,190451,35540546.10,4830
2026-07-27 00:00:00,DUCON,DUCON INFRATECHNOLOGIES L,3.02,3.05,2.91,3.02,3.01,0.33,0.14,4.64,0.33,190189,570100.89,261
2026-07-27 00:00:00,SCHNEIDER,SCHNEIDER ELECTRIC INFRA,1360.00,1368.80,1320.00,1352.00,1352.60,-0.04,48.80,3.59,0.55,190172,255830088.70,22589
2026-07-27 00:00:00,RATEGAIN,RATEGAIN TRAVEL TECHN LTD,899.00,929.00,895.00,905.80,900.40,0.60,34.00,3.78,-0.16,189729,172878141.90,14588
2026-07-27 00:00:00,CONSUMER,MIRAEAMC - CONSUMER,11.60,11.81,11.60,11.80,11.60,1.72,0.21,1.81,0.00,189276,2228521.02,393
2026-07-27 00:00:00,ELPROINTL,ELPRO INTERNATIONAL LTD,175.43,178.50,174.50,177.89,176.52,0.78,4.00,2.28,-0.62,189067,33335349.40,1069
2026-07-27 00:00:00,AXITA,AXITA COTTON LIMITED,7.46,7.46,7.39,7.41,7.36,0.68,0.07,0.94,1.36,189022,1400963.18,556
2026-07-27 00:00:00,MANINDS,MAN INDUSTRIES (I) LTD.,533.90,543.75,524.05,526.80,527.35,-0.10,19.70,3.69,1.24,188808,100573560.95,7847
2026-07-27 00:00:00,WANBURY,WANBURY LIMITED,335.00,343.00,327.40,329.25,331.90,-0.80,15.60,4.66,0.93,188536,63070945.05,6131
2026-07-27 00:00:00,SHAILY,SHAILY ENG PLASTICS LTD,2976.40,3064.00,2957.70,3049.70,2969.70,2.69,106.30,3.57,0.23,187201,567460838.40,18826
2026-07-27 00:00:00,BRIGHOTEL,BRIGADE HOTEL VENTURE LTD,60.21,60.98,59.81,59.99,60.16,-0.28,1.17,1.94,0.08,186725,11249633.00,2086
2026-07-27 00:00:00,MOIL,MOIL LIMITED,270.90,271.80,267.85,268.40,268.85,-0.17,3.95,1.46,0.76,186256,50219323.25,6242
2026-07-27 00:00:00,MANKIND,MANKIND PHARMA LIMITED,2513.00,2559.00,2513.00,2551.60,2507.20,1.77,46.00,1.83,0.23,185805,472958784.00,16882
2026-07-27 00:00:00,JBMA,JBM AUTO LIMITED,659.00,672.00,659.00,665.00,656.05,1.36,13.00,1.97,0.45,185743,123740785.80,7872
2026-07-27 00:00:00,RGL,RENAISSANCE GLOBAL LTD,117.00,119.85,117.00,118.04,118.11,-0.06,2.85,2.44,-0.94,185414,21890735.43,978
2026-07-27 00:00:00,ADVENZYMES,ADVANCED ENZYME TECH LTD,318.00,324.65,315.00,316.60,317.35,-0.24,9.65,3.03,0.20,185177,59003646.05,5386
2026-07-27 00:00:00,SUPREMEIND,SUPREME INDUSTRIES LTD,3483.20,3505.00,3320.00,3338.20,3458.90,-3.49,185.00,5.31,0.70,184892,628140030.00,17294
2026-07-27 00:00:00,AXISCADES,AXISCADES TECH LTD,1630.00,1630.00,1527.60,1533.40,1608.00,-4.64,102.40,6.28,1.37,184831,288284275.20,10634
2026-07-27 00:00:00,SUVIDHAA,SUVIDHAA INFOSERVE LTD,2.50,2.56,2.28,2.41,2.50,-3.60,0.28,11.20,0.00,184448,443136.37,298
2026-07-27 00:00:00,ZYDUSWELL,ZYDUS WELLNESS LIMITED,568.65,573.85,549.50,559.35,563.05,-0.66,24.35,4.28,0.99,183505,102521350.15,11604
2026-07-27 00:00:00,GREENLAM,GREENLAM INDUSTRIES LTD.,256.00,264.95,253.25,256.30,256.00,0.12,11.70,4.57,0.00,183172,47518650.45,4813
2026-07-27 00:00:00,CORDELIA,WATERWAYS LEISURE TOUR L,820.50,840.70,812.00,820.70,806.40,1.77,28.70,3.50,1.75,182658,150704097.65,7785
2026-07-27 00:00:00,UTLSOLAR,FUJIYAMA POWER SYSTEMS L,385.60,387.95,380.40,384.40,383.80,0.16,7.55,1.96,0.47,181974,69717197.05,8020
2026-07-27 00:00:00,VARDMNPOLY,VARDHMAN POLYTEX LTD.,6.15,6.30,6.03,6.15,6.01,2.33,0.27,4.39,2.33,181219,1126275.47,455
2026-07-27 00:00:00,SFL,SHEELA FOAM LIMITED,767.90,777.30,760.00,767.20,761.95,0.69,17.30,2.25,0.78,180984,138733322.50,12538
2026-07-27 00:00:00,MAGNUM,MAGNUM VENTURES LTD.,19.90,20.25,19.01,19.85,19.42,2.21,1.24,6.23,2.47,180562,3563243.55,353
2026-07-27 00:00:00,PLATIND,PLATINUM INDUSTRIES LTD,227.87,244.00,227.87,240.24,227.82,5.45,16.13,7.08,0.02,180514,43165692.06,4734
2026-07-27 00:00:00,UGROCAP,UGRO CAPITAL LIMITED,94.68,97.00,93.63,95.65,92.77,3.10,3.37,3.56,2.06,180061,17176088.88,2842
2026-07-27 00:00:00,RUDRA,RUDRA GLOBAL INFRA PROD L,16.88,18.99,16.56,17.68,16.22,9.00,2.43,14.40,4.07,179860,3226654.21,787
2026-07-27 00:00:00,EUREKAFORB,EUREKA FORBES LIMITED,439.00,444.00,434.50,439.70,432.15,1.75,9.50,2.16,1.59,179826,79054772.00,13197
2026-07-27 00:00:00,BANK10ADD,DSPAMC - BANK10ADD,16.95,16.98,16.87,16.89,16.83,0.36,0.11,0.65,0.71,179631,3044967.06,165
2026-07-27 00:00:00,CMSINFO,CMS INFO SYSTEMS LIMITED,278.00,278.00,272.00,272.60,273.90,-0.47,6.00,2.16,1.50,179511,49205161.40,6106
2026-07-27 00:00:00,GEMAROMA,GEM AROMATICS LIMITED,181.10,191.50,181.10,189.37,178.10,6.33,10.40,5.74,1.68,179131,33460692.88,3669
2026-07-27 00:00:00,ICICIAMC,ICICI PRUDENTIAL AMC LTD,3129.90,3152.00,3113.10,3143.90,3125.60,0.59,38.90,1.24,0.14,178886,561221160.70,25314
2026-07-27 00:00:00,ONWARDTEC,ONWARD TECHNOLOGIES LTD,294.00,305.00,291.10,292.75,290.65,0.72,13.90,4.73,1.15,178828,53179546.45,5309
2026-07-27 00:00:00,AKUMS,AKUMS DRUGS AND PHARMA L,687.40,703.00,673.70,675.60,687.30,-1.70,29.30,4.26,0.01,178763,122278404.20,17783
2026-07-27 00:00:00,REDTAPE,REDTAPE LIMITED,126.99,130.28,126.52,127.28,126.77,0.40,3.76,2.96,0.17,178327,22796277.39,2998
2026-07-27 00:00:00,MVGJL,MANOJ VAIBHAV GEM N JEW L,157.80,170.00,156.61,167.13,155.76,7.30,13.39,8.49,1.31,178153,29328008.78,4125
2026-07-27 00:00:00,CSM,CSM TECHNOLOGIES LIMITED,99.62,100.50,99.00,99.54,99.62,-0.08,1.50,1.51,0.00,178019,17738716.10,1387
2026-07-27 00:00:00,JAGRAN,JAGRAN PRAKASHAN LIMITED,63.49,63.69,62.10,62.31,62.85,-0.86,1.59,2.50,1.02,178008,11138651.73,2628
2026-07-27 00:00:00,HTMEDIA,HT MEDIA LIMITED,24.30,26.10,24.30,24.56,24.26,1.24,1.80,7.41,0.16,177914,4431472.04,710
2026-07-27 00:00:00,BALKRISIND,BALKRISHNA IND. LTD,2047.80,2052.00,2005.00,2025.20,2013.50,0.58,47.00,2.30,1.70,177608,359193421.60,21280
2026-07-27 00:00:00,SATIA,SATIA INDUSTRIES LIMITED,61.40,63.80,61.08,62.13,60.45,2.78,2.72,4.43,1.57,177018,11048130.06,2062
2026-07-27 00:00:00,GALLANTT,GALLANTT ISPAT LIMITED,522.10,547.25,522.00,547.25,521.20,5.00,25.25,4.84,0.17,176732,95949696.45,4111
2026-07-27 00:00:00,INDORAMA,INDO RAMA SYNTHETICS LTD,49.00,50.75,48.91,49.74,48.43,2.70,1.84,3.76,1.18,175679,8788822.93,1342
2026-07-27 00:00:00,BHARTIHEXA,BHARTI HEXACOM LIMITED,1630.00,1630.00,1601.10,1614.30,1607.60,0.42,28.90,1.77,1.39,175287,283385471.00,7680
2026-07-27 00:00:00,JNKINDIA,JNK INDIA LIMITED,472.00,481.70,465.10,469.40,470.90,-0.32,16.60,3.52,0.23,173799,82397272.80,4866
2026-07-27 00:00:00,BERGEPAINT,BERGER PAINTS (I) LTD,502.10,506.90,499.55,504.00,497.95,1.21,7.35,1.46,0.83,173146,86999113.65,11514
2026-07-27 00:00:00,MIRZAINT,MIRZA INTERNATIONAL LIMIT,35.10,35.90,35.00,35.14,35.06,0.23,0.90,2.56,0.11,172855,6112773.89,1543
2026-07-27 00:00:00,POWERICA,POWERICA LIMITED,575.80,580.45,560.05,565.70,568.25,-0.45,20.40,3.54,1.33,172709,98054980.70,6226
2026-07-27 00:00:00,AMBER,AMBER ENTERPRISES (I) LTD,7320.00,7353.50,7243.00,7280.50,7261.50,0.26,110.50,1.51,0.81,171342,1251253257.50,29857
2026-07-27 00:00:00,KANANIIND,KANANI INDUSTRIES LTD,1.48,1.55,1.31,1.51,1.49,1.34,0.24,16.22,-0.67,170626,250508.55,272
2026-07-27 00:00:00,GOKEX,GOKALDAS EXPORTS LTD.,831.00,844.00,822.15,834.25,830.50,0.45,21.85,2.63,0.06,168409,140721978.70,8582
2026-07-27 00:00:00,NEXT50BETA,UTIAMC-NEXT50BETA,77.84,78.32,77.76,78.16,77.75,0.53,0.56,0.72,0.12,168206,13131743.40,685
2026-07-27 00:00:00,ADSL,ALLIED DIGITAL SERV. LTD,119.20,119.25,115.68,116.36,118.14,-1.51,3.57,2.99,0.90,167478,19598953.00,2881
2026-07-27 00:00:00,DBCORP,D.B.CORP LTD,211.50,211.94,206.45,208.29,208.75,-0.22,5.49,2.60,1.32,167446,34942244.24,4462
2026-07-27 00:00:00,KHAICHEM,KHAITAN CHEM & FERT LTD,49.40,50.90,48.60,48.86,47.95,1.90,2.30,4.66,3.02,166939,8296907.70,1186
2026-07-27 00:00:00,SEIL,SHANTI EDU INITIATIVES L,203.23,206.97,199.47,205.10,203.23,0.92,7.50,3.69,0.00,166692,33889564.68,2207
2026-07-27 00:00:00,BANCOINDIA,BANCO PRODUCTS (I) LTD,612.20,632.10,612.20,626.10,608.45,2.90,19.90,3.25,0.62,165884,103914381.55,10513
2026-07-27 00:00:00,ENTERO,ENTERO HEALTHCARE SOLU L,1244.00,1277.90,1217.00,1273.40,1229.60,3.56,60.90,4.90,1.17,165836,208027716.40,10728
2026-07-27 00:00:00,INDGN,INDEGENE LIMITED,491.00,511.40,491.00,508.05,492.65,3.13,20.40,4.15,-0.33,165173,83603442.85,9835
2026-07-27 00:00:00,AONETOTAL,AONEAMC - AONETOTAL,11.91,11.91,11.70,11.81,11.68,1.11,0.21,1.76,1.97,164774,1940434.70,1435
2026-07-27 00:00:00,BALPHARMA,BAL PHARMA LTD.,88.60,92.49,88.06,88.63,87.34,1.48,4.43,5.00,1.44,164269,14869051.74,2106
2026-07-27 00:00:00,AARNAV,AARNAV FASHIONS LIMITED,28.38,32.80,28.38,31.63,28.32,11.69,4.42,15.57,0.21,164190,5161642.22,1394
2026-07-27 00:00:00,PNBGILTS,PNB GILTS LIMITED,85.59,86.69,85.25,85.44,85.51,-0.08,1.44,1.68,0.09,163759,14055661.76,1746
2026-07-27 00:00:00,ORCHASP,ORCHASP LIMITED,1.62,1.64,1.57,1.60,1.58,1.27,0.07,4.32,2.53,163464,261556.34,254
2026-07-27 00:00:00,KPEL,K.P. ENERGY LIMITED,303.95,315.50,301.95,311.15,302.80,2.76,13.55,4.46,0.38,162993,50220951.15,4458
2026-07-27 00:00:00,RAJMET,RAJNANDINI METAL LIMITED,3.36,3.43,3.31,3.33,3.36,-0.89,0.12,3.57,0.00,162977,547129.99,563
2026-07-27 00:00:00,SONAMLTD,SONAM LIMITED,52.20,56.20,52.20,55.99,53.01,5.62,4.00,7.66,-1.53,162741,8980365.67,1137
2026-07-27 00:00:00,AURUM,AURUM PROPTECH LIMITED,222.84,232.12,221.70,229.68,221.25,3.81,10.42,4.68,0.72,162652,37039590.75,3521
2026-07-27 00:00:00,COSMOFIRST,COSMO FIRST LIMITED,881.00,919.80,870.00,909.20,881.00,3.20,49.80,5.65,0.00,162543,146634768.00,8438
2026-07-27 00:00:00,HIRECT,HIND RECTIFIER LIMITED,1333.30,1359.00,1316.10,1332.30,1301.90,2.34,42.90,3.22,2.41,161969,216580029.40,12705
2026-07-27 00:00:00,MARKOLINES,MARKOLINES PAVEMENT TEC L,177.85,182.09,176.00,178.36,175.85,1.43,6.09,3.42,1.14,161933,29125816.66,1818
2026-07-27 00:00:00,INTERNET,MIRAEAMC - INTERNET,13.08,13.31,13.08,13.26,12.97,2.24,0.23,1.76,0.85,161767,2134405.23,203
2026-07-27 00:00:00,KPIL,KALPATARU PROJECT INT LTD,1305.80,1312.00,1278.00,1298.40,1299.90,-0.12,34.00,2.60,0.45,161452,208646861.70,16873
2026-07-27 00:00:00,GOPAL,GOPAL SNACKS LIMITED,265.00,265.05,259.25,260.15,258.25,0.74,5.80,2.19,2.61,161299,42119987.85,7702
2026-07-27 00:00:00,GVPTECH,GVP INFOTECH LIMITED,6.85,7.30,6.65,6.97,6.75,3.26,0.65,9.49,1.48,161096,1130288.41,658
2026-07-27 00:00:00,ESSARSHPNG,ESSAR SHIPPING LTD,20.03,20.60,19.90,20.43,20.17,1.29,0.70,3.49,-0.69,160923,3256236.65,704
2026-07-27 00:00:00,ZFCVINDIA,ZF COM VE CTR SYS IND LTD,2315.10,2341.20,2266.00,2299.10,2320.60,-0.93,75.20,3.25,-0.24,160091,368051365.70,17100
2026-07-27 00:00:00,AFFLE,AFFLE 3I LIMITED,1459.30,1501.00,1453.70,1492.80,1445.30,3.29,47.30,3.24,0.97,159012,235020483.30,17401
2026-07-27 00:00:00,VARROC,VARROC ENGINEERING LTD.,644.00,667.95,642.75,665.70,642.75,3.57,25.20,3.91,0.19,158687,105193591.85,13675
2026-07-27 00:00:00,NOCIL,NOCIL LIMITED,163.47,164.38,162.04,163.03,160.11,1.82,2.34,1.43,2.10,158657,25869103.89,2210
2026-07-27 00:00:00,MOMENTUM30,KOTAKMAMC - MOMENTUM30,30.24,30.40,30.22,30.38,30.17,0.70,0.18,0.60,0.23,158504,4808048.65,77
2026-07-27 00:00:00,JGCHEM,J.G.CHEMICALS LIMITED,506.45,512.00,501.05,507.75,505.35,0.47,10.95,2.16,0.22,157788,79976087.50,5523
2026-07-27 00:00:00,MEIL,MANGAL ELECTRICAL IND L,291.95,313.95,291.00,300.95,284.65,5.73,22.95,7.86,2.56,157554,47967781.05,4265
2026-07-27 00:00:00,KRBL,KRBL LIMITED,351.45,356.00,349.50,350.55,350.75,-0.06,6.50,1.85,0.20,157363,55357917.55,4762
2026-07-27 00:00:00,KRITIKA,KRITIKA WIRES LIMITED,5.47,5.65,5.40,5.52,5.47,0.91,0.25,4.57,0.00,154171,851121.07,362
2026-07-27 00:00:00,SHINDL,SHARAT INDUSTRIES LTD.,160.30,161.00,155.21,158.97,158.12,0.54,5.79,3.61,1.38,153272,24474276.58,1741
2026-07-27 00:00:00,ATL,ALLCARGO TERMINALS LTD,23.37,23.91,23.01,23.68,22.81,3.81,0.90,3.85,2.46,152896,3604147.33,973
2026-07-27 00:00:00,THERMAX,THERMAX LTD,4560.00,4571.00,4394.00,4454.50,4514.00,-1.32,177.00,3.88,1.02,152455,676022387.50,18871
2026-07-27 00:00:00,IVC,IL&FS INVESTMENT MANAGERS,8.20,8.36,8.20,8.27,8.23,0.49,0.16,1.95,-0.36,152441,1263205.43,640
2026-07-27 00:00:00,20MICRONS,20 MICRONS LTD,205.25,211.47,203.05,204.00,204.23,-0.11,8.42,4.10,0.50,151604,31325928.15,3578
2026-07-27 00:00:00,SJS,SJS ENTERPRISES LIMITED,2371.60,2434.00,2335.60,2419.30,2335.60,3.58,98.40,4.15,1.54,150999,360289976.70,19697
2026-07-27 00:00:00,RUCHINFRA,RUCHI INFRASTRUCTURE LTD,6.13,6.13,5.41,5.95,5.99,-0.67,0.72,11.75,2.34,150702,874604.56,298
2026-07-27 00:00:00,GROWWDEFNC,GROWWAMC - GROWWDEFNC,93.98,94.56,93.10,94.30,93.47,0.89,1.46,1.55,0.55,150653,14165775.16,2749
2026-07-27 00:00:00,KEEPLEARN,DSJ KEEP LEARNING LTD,1.90,1.98,1.71,1.90,1.85,2.70,0.27,14.21,2.70,149543,278789.58,136
2026-07-27 00:00:00,EIDPARRY,EID PARRY INDIA LTD,758.00,774.00,755.50,771.15,758.00,1.73,18.50,2.44,0.00,149486,114538518.05,12823
2026-07-27 00:00:00,NEOGEN,NEOGEN CHEMICALS LIMITED,2135.00,2159.70,2042.30,2064.10,2062.80,0.06,117.40,5.50,3.50,149380,310925056.30,22611
2026-07-27 00:00:00,HOMEFIRST,HOME FIRST FIN CO IND LTD,1191.60,1220.10,1175.00,1182.50,1174.00,0.72,45.10,3.78,1.50,149218,177538048.20,15916
2026-07-27 00:00:00,HARSHA,HARSHA ENGINEERS INT LTD,411.00,414.40,402.40,405.75,405.65,0.02,12.00,2.92,1.32,148943,60681067.70,6356
2026-07-27 00:00:00,HCG,HEALTHCARE GLOB. ENT. LTD,661.60,683.00,661.60,676.95,666.55,1.56,21.40,3.23,-0.74,148812,100624876.50,15413
2026-07-27 00:00:00,POLYMED,POLY MEDICURE LIMITED,1775.00,1775.00,1664.00,1680.70,1664.00,1.00,111.00,6.25,6.67,148378,251216851.90,19814
2026-07-27 00:00:00,HINDWAREAP,HINDWARE HME INOVATON LTD,216.85,228.90,214.00,221.05,211.90,4.32,14.90,6.87,2.34,148302,32461719.65,2447
2026-07-27 00:00:00,GENESYS,GENESYS INTL CORPN LTD,305.00,306.30,297.30,300.55,297.70,0.96,9.00,2.95,2.45,147856,44483662.90,4583
2026-07-27 00:00:00,JLHL,JUPITER LIFE LINE HOSP L,321.10,330.00,312.90,327.00,323.20,1.18,17.10,5.33,-0.65,147567,47198248.00,7613
2026-07-27 00:00:00,DENTA,DENTA WATER N INFRA SOL L,342.50,343.65,331.40,333.85,336.65,-0.83,12.25,3.58,1.74,146523,49157905.35,4536
2026-07-27 00:00:00,ANURAS,ANUPAM RASAYAN INDIA LTD,1247.30,1247.30,1216.00,1223.30,1249.60,-2.10,31.30,2.51,-0.18,145811,178832022.00,7837
2026-07-27 00:00:00,NAVINFLUOR,NAVIN FLUORINE INT. LTD,7600.00,7749.00,7578.00,7711.00,7520.00,2.54,171.00,2.25,1.06,145527,1117451515.50,18337
2026-07-27 00:00:00,SPIC,SPIC LTD,65.61,66.43,65.54,66.15,64.94,1.86,0.89,1.36,1.03,145392,9596431.64,1927
2026-07-27 00:00:00,DHAMPURSUG,DHAMPUR SUGAR MILLS LTD.,142.25,144.40,140.65,143.61,142.12,1.05,3.75,2.64,0.09,145357,20744456.96,2239
2026-07-27 00:00:00,LAXMIDENTL,LAXMI DENTAL LIMITED,218.00,223.00,217.00,218.05,216.44,0.74,6.00,2.75,0.72,145098,31712099.45,2116
2026-07-27 00:00:00,MAYURUNIQ,MAYUR UNIQUOTERS LTD,792.50,837.85,790.00,817.65,788.65,3.68,47.85,6.04,0.49,144191,118639566.55,19087
2026-07-27 00:00:00,ARTEMISMED,ARTEMIS MED SERVICE LTD,281.00,281.35,274.40,278.50,275.75,1.00,6.95,2.47,1.90,142749,39615132.10,3475
2026-07-27 00:00:00,ITI,ITI LTD,277.45,279.85,275.55,276.10,275.15,0.35,4.30,1.55,0.84,142075,39364033.70,3939
2026-07-27 00:00:00,SIGNPOST,SIGNPOST INDIA LIMITED,309.90,313.95,304.10,305.65,309.40,-1.21,9.85,3.18,0.16,141701,43709764.50,2742
2026-07-27 00:00:00,ITADD,DSPAMC - DSPIT,30.85,31.38,30.85,31.26,30.53,2.39,0.53,1.72,1.05,141234,4421298.08,163
2026-07-27 00:00:00,BAGFILMS,B.A.G FILMS AND MEDIA LTD,4.54,4.82,4.46,4.61,4.54,1.54,0.36,7.93,0.00,141060,650133.64,277
2026-07-27 00:00:00,VTL,VARDHMAN TEXTILES LIMITED,617.90,632.75,617.00,628.25,614.60,2.22,15.75,2.55,0.54,141054,88160205.55,9447
2026-07-27 00:00:00,KSB,KSB LIMITED,874.95,889.00,859.15,877.40,866.05,1.31,29.85,3.41,1.03,141045,123872332.95,14336
2026-07-27 00:00:00,CELLO,CELLO WORLD LIMITED,348.25,349.35,343.00,345.05,344.30,0.22,6.35,1.82,1.15,140965,48795112.20,7072
2026-07-27 00:00:00,EFCIL,EFC (I) LIMITED,197.00,199.85,195.00,197.05,195.30,0.90,4.85,2.46,0.87,140108,27637109.64,2748
2026-07-27 00:00:00,PRAKASHSTL,PRAKASH STEELAGE LTD,4.04,4.35,3.95,4.06,4.01,1.25,0.40,9.90,0.75,140092,572228.17,268
2026-07-27 00:00:00,GENUSPAPER,GENUS P&B LIMITED,12.13,12.65,12.12,12.59,11.92,5.62,0.53,4.37,1.76,139558,1739464.95,644
2026-07-27 00:00:00,HCL-INSYS,HCL INFOSYSTEMS LTD,11.40,11.62,11.31,11.49,11.34,1.32,0.31,2.72,0.53,139383,1594633.68,739
2026-07-27 00:00:00,IGPL,I G PETROCHEMICALS LTD,452.35,478.00,449.05,472.75,451.55,4.69,28.95,6.40,0.18,139288,65384926.65,4668
2026-07-27 00:00:00,FABTECH,FABTECH TECHNOLOGIES LTD,149.00,152.99,145.10,148.90,149.73,-0.55,7.89,5.30,-0.49,139208,20698769.83,3461
2026-07-27 00:00:00,INDOFARM,INDO FARM EQUIPMENT LTD,154.00,158.00,153.38,155.38,152.25,2.06,4.62,3.00,1.15,139104,21730228.81,2540
2026-07-27 00:00:00,CARERATING,CARE RATINGS LIMITED,1699.90,1741.00,1685.50,1700.60,1680.00,1.23,55.50,3.26,1.18,138919,237777544.90,24739
2026-07-27 00:00:00,ANTELOPUS,ANTELOPUS SELAN ENRGY LTD,886.00,895.00,850.05,875.55,894.45,-2.11,44.95,5.07,-0.94,138813,120710062.50,5142
2026-07-27 00:00:00,CCL,CCL PRODUCTS (I) LTD,1184.00,1202.60,1168.20,1174.40,1183.60,-0.78,34.40,2.91,0.03,138419,164078375.30,18874
2026-07-27 00:00:00,MPSLTD,MPS LIMITED,2762.50,2768.90,2616.00,2687.10,2769.70,-2.98,152.90,5.53,-0.26,138352,370719851.50,11436
2026-07-27 00:00:00,ANTGRAPHIC,ANTARCTICA LTD,0.75,0.76,0.74,0.74,0.75,-1.33,0.02,2.67,0.00,138013,102560.26,156
2026-07-27 00:00:00,ENERGY,MIRAEAMC - ENERGY,39.08,39.45,38.93,39.02,39.06,-0.10,0.52,1.33,0.05,137410,5361894.47,979
2026-07-27 00:00:00,FOODSIN,FOODS & INNS LIMITED,55.12,56.50,52.91,53.63,55.05,-2.58,3.59,6.51,0.13,136697,7352683.90,3339
2026-07-27 00:00:00,ADVANCE,ADVANCE AGROLIFE LIMITED,111.54,114.90,111.09,113.60,109.89,3.38,3.81,3.42,1.50,136656,15457515.66,1013
2026-07-27 00:00:00,KEI,KEI INDUSTRIES LTD.,4902.00,4945.00,4850.00,4873.00,4868.00,0.10,95.00,1.94,0.70,136296,667591221.50,20881
2026-07-27 00:00:00,HDFCPSUBK,HDFCAMC HDFCPSUBK,86.74,86.74,84.20,84.56,84.63,-0.08,2.54,2.93,2.49,136202,11536054.49,331
2026-07-27 00:00:00,DIGJAMLMTD,DIGJAM LTD,40.40,43.48,39.20,42.97,40.40,6.36,4.28,10.59,0.00,135836,5540060.49,488
2026-07-27 00:00:00,GRAVITA,GRAVITA INDIA LIMITED,1800.00,1807.00,1772.60,1788.80,1775.70,0.74,34.40,1.91,1.37,135647,242732363.60,13986
2026-07-27 00:00:00,HEMIPROP,HEMISPHERE PROP IND LTD,134.90,135.50,134.13,135.14,133.37,1.33,1.37,1.02,1.15,135412,18282142.13,1601
2026-07-27 00:00:00,LORDSCHLO,LORDS CHLORO ALKALI LTD,153.00,162.46,150.09,157.86,149.05,5.91,12.37,8.08,2.65,135332,21463939.73,2485
2026-07-27 00:00:00,BLUESTARCO,BLUE STAR LIMITED,1642.50,1669.10,1638.30,1643.20,1637.20,0.37,30.80,1.88,0.32,135209,223530704.90,14592
2026-07-27 00:00:00,APOLLOHOSP,APOLLO HOSPITALS ENTER. L,8816.00,8860.50,8744.00,8843.50,8805.50,0.43,116.50,1.32,0.12,135186,1190585243.00,22664
2026-07-27 00:00:00,CPPLUS,ADITYA INFOTECH LIMITED,3539.10,3685.00,3495.00,3557.80,3543.40,0.41,190.00,5.37,-0.12,134944,484024953.80,17309
2026-07-27 00:00:00,GVPIL,GE POWER INDIA LIMITED,805.00,815.55,777.60,779.85,800.70,-2.60,37.95,4.71,0.54,134857,106231111.65,6207
2026-07-27 00:00:00,XTGLOBAL,XTGLOBAL INFOTECH LIMITED,27.60,28.64,27.60,28.39,27.99,1.43,1.04,3.77,-1.39,134465,3816359.16,240
2026-07-27 00:00:00,POWERMECH,POWER MECH PROJECTS LTD.,2629.00,2721.90,2572.60,2692.90,2593.60,3.83,149.30,5.68,1.36,133658,355936036.60,17778
2026-07-27 00:00:00,PRUDENT,PRUDENT CORP ADV SER LTD,2920.90,3036.00,2833.30,2870.00,2858.90,0.39,202.70,6.94,2.17,133291,392478164.20,20666
2026-07-27 00:00:00,TECHNOE,TECHNO ELEC & ENG CO. LTD,999.80,1006.00,988.00,997.20,991.80,0.54,18.00,1.80,0.81,132972,132530911.10,9647
2026-07-27 00:00:00,GANECOS,GANESHA ECOSPHERE LIMITED,1212.00,1243.00,1195.00,1212.10,1209.40,0.22,48.00,3.96,0.21,132037,160260079.70,8930
2026-07-27 00:00:00,NILAINFRA,NILA INFRASTRUCTURES LTD,7.35,7.78,7.32,7.39,7.32,0.96,0.46,6.26,0.41,131656,979156.42,501
2026-07-27 00:00:00,GOKUL,GOKUL REFOILS & SOLV LTD,39.20,40.49,39.20,39.61,39.28,0.84,1.29,3.29,-0.20,131018,5217346.47,451
2026-07-27 00:00:00,ARVINDFASN,ARVIND FASHIONS LIMITED,462.95,472.20,461.70,463.70,462.65,0.23,10.50,2.27,0.06,130445,60670464.00,7934
2026-07-27 00:00:00,NIFTYQLITY,BIRLASLAMC - NIFTYQLITY,21.00,21.41,21.00,21.34,21.16,0.85,0.41,1.95,-0.76,129814,2770837.52,223
2026-07-27 00:00:00,IKS,INVENTURUS KNOWLEDGE SO L,1761.00,1835.00,1761.00,1829.00,1759.80,3.93,74.00,4.20,0.07,129614,233834534.20,13156
2026-07-27 00:00:00,MULTICAP,MIRAEAMC - MULTICAP,16.74,16.79,16.46,16.56,16.38,1.10,0.33,1.97,2.20,129207,2138952.10,547
2026-07-27 00:00:00,PREMEXPLN,PREMIER EXPLOSIVES LTD,662.95,673.40,662.50,669.10,662.10,1.06,10.90,1.64,0.13,127897,85369126.85,3221
2026-07-27 00:00:00,TARACHAND,TARA CHAND INFRA SOLN LTD,54.26,56.50,54.26,54.60,54.99,-0.71,2.24,4.13,-1.33,126981,6936777.66,842
2026-07-27 00:00:00,SUPRIYA,SUPRIYA LIFESCIENCE LTD,850.00,857.50,838.70,844.90,840.50,0.52,18.80,2.21,1.13,126906,107451986.60,9117
2026-07-27 00:00:00,KIRIINDUS,KIRI INDUSTRIES LIMITED,409.00,414.20,407.00,410.80,405.55,1.29,7.20,1.76,0.85,126856,52109115.20,3379
2026-07-27 00:00:00,TPLPLASTEH,TPL PLASTECH LIMITED,78.44,80.59,77.20,78.34,76.90,1.87,3.39,4.32,2.00,126845,10026615.92,1506
2026-07-27 00:00:00,UNIVCABLES,UNIVERSAL CABLES LTD,1238.00,1268.90,1210.10,1256.20,1234.80,1.73,58.80,4.75,0.26,126439,156975543.30,11258
2026-07-27 00:00:00,GAYAHWS,GAYATRI HIGHWAYS LIMITED,1.92,1.92,1.85,1.88,1.88,0.00,0.07,3.65,2.13,126331,237940.01,256
2026-07-27 00:00:00,POWERINDIA,HITACHI ENERGY INDIA LTD,31400.00,31755.00,30900.00,31550.00,31070.00,1.54,855.00,2.72,1.06,125914,3954349825.00,37277
2026-07-27 00:00:00,GICL,GLOBE INTL CARRIERS LTD,16.80,17.00,16.00,16.23,16.72,-2.93,1.00,5.95,0.48,125394,2047316.25,560
2026-07-27 00:00:00,PANACEABIO,PANACEA BIOTEC LTD,442.60,447.25,431.05,433.10,441.20,-1.84,16.20,3.66,0.32,125044,54817290.45,6426
2026-07-27 00:00:00,BHARATWIRE,BHARAT WIRE ROPES LTD.,196.90,205.00,195.35,202.91,193.31,4.97,9.65,4.90,1.86,124310,24822514.84,2883
2026-07-27 00:00:00,QUESS,QUESS CORP LIMITED,298.35,300.00,293.00,295.75,295.40,0.12,7.00,2.35,1.00,123913,36691280.20,4371
2026-07-27 00:00:00,FLUOROCHEM,GUJARAT FLUOROCHEM LTD,4653.20,4653.20,4521.40,4563.50,4573.70,-0.22,131.80,2.83,1.74,122548,561890361.90,17300
2026-07-27 00:00:00,ELIN,ELIN ELECTRONICS LIMITED,101.50,103.57,100.42,101.41,101.13,0.28,3.15,3.10,0.37,122496,12425215.07,1413
2026-07-27 00:00:00,MWL,MANGALAM WORLDWIDE LTD,36.40,36.55,35.60,35.90,36.00,-0.28,0.95,2.61,1.11,122360,4406606.95,457
2026-07-27 00:00:00,FERMENTA,FERMENTA BIOTECH LTD.,436.70,448.00,436.70,442.05,432.05,2.31,11.30,2.59,1.08,122096,54072740.55,4456
2026-07-27 00:00:00,INDIASHLTR,INDIA SHELTER FIN CORP L,724.00,738.00,716.55,727.95,723.90,0.56,21.45,2.96,0.01,122066,88751049.90,8636
2026-07-27 00:00:00,INOXINDIA,INOX INDIA LIMITED,2041.00,2041.00,1965.10,1985.90,2004.00,-0.90,75.90,3.72,1.85,121889,242320494.00,15074
2026-07-27 00:00:00,VISHNU,VISHNU CHEMICALS LIMITED,638.00,652.00,630.20,636.30,632.40,0.62,21.80,3.42,0.89,121792,78270920.10,4750
2026-07-27 00:00:00,HDFCNIF100,HDFCAMC - HDFCNIF100,25.13,25.98,25.13,25.88,25.64,0.94,0.85,3.38,-1.99,121731,3151109.72,346
2026-07-27 00:00:00,KOTHARIPET,KOTHARI PETROCHEM LTD,132.36,138.50,132.36,136.07,131.82,3.22,6.14,4.64,0.41,121244,16523827.37,2095
2026-07-27 00:00:00,WSI,W.S.INDUSTRIES (I) LTD.,62.33,65.89,61.49,62.40,62.31,0.14,4.40,7.06,0.03,121079,7589258.71,1888
2026-07-27 00:00:00,SEDEMAC,SEDEMAC MECHATRONICS LTD,2690.00,2792.00,2690.00,2778.30,2689.20,3.31,102.00,3.79,0.03,121002,333194975.40,15143
2026-07-27 00:00:00,BLUSPRING,BLUSPRING ENTERPRISES LTD,110.44,111.49,108.50,109.36,108.42,0.87,2.99,2.71,1.86,120858,13264956.03,1710
2026-07-27 00:00:00,INDIAMART,INDIAMART INTERMESH LTD,1772.00,1783.80,1755.00,1759.70,1759.90,-0.01,28.80,1.63,0.69,119934,211657618.90,12059
2026-07-27 00:00:00,UFLEX,UFLEX LIMITED,480.55,488.90,470.60,476.45,478.50,-0.43,18.30,3.81,0.43,119911,57093143.30,3270
2026-07-27 00:00:00,ASAHIINDIA,ASAHI INDIA GLASS LIMITED,899.00,899.00,872.75,878.15,888.30,-1.14,26.25,2.92,1.20,119814,105538328.15,9358
2026-07-27 00:00:00,TEXINFRA,TEXMACO INFRA & HOLDG LTD,112.62,114.00,112.00,113.20,112.42,0.69,2.00,1.78,0.18,119740,13532845.33,663
2026-07-27 00:00:00,IPCALAB,IPCA LABORATORIES LTD,1762.70,1800.00,1749.60,1777.60,1762.70,0.85,50.40,2.86,0.00,119666,212003199.00,20101
2026-07-27 00:00:00,MSTCLTD,MSTC LIMITED,615.00,616.95,601.05,602.70,607.20,-0.74,15.90,2.59,1.28,119248,72371778.85,5049
2026-07-27 00:00:00,TNPETRO,TAMILNADU PETROPRODUCTS L,95.00,97.66,93.10,94.14,95.00,-0.91,4.56,4.80,0.00,119079,11349665.22,2657
2026-07-27 00:00:00,CENTENKA,CENTURY ENKA LTD,577.00,597.00,575.10,577.80,574.20,0.63,21.90,3.80,0.49,117955,69214380.00,4061
2026-07-27 00:00:00,JUBLPHARMA,JUBILANT PHARMOVA LTD,975.00,988.75,972.50,979.70,965.35,1.49,16.25,1.67,1.00,117876,115651765.70,13666
2026-07-27 00:00:00,RESPONIND,RESPONSIVE INDUSTRIES LTD,177.00,179.49,174.20,175.47,176.02,-0.31,5.29,2.99,0.56,117789,20823075.83,2331
2026-07-27 00:00:00,POLYPLEX,POLYPLEX CORPORATION LTD,1137.40,1174.00,1131.85,1161.90,1128.95,2.92,42.15,3.71,0.75,117512,136583450.15,7342
2026-07-27 00:00:00,PSUBANK,KOTAK PSU BANK,85.57,85.57,83.60,83.93,83.49,0.53,1.97,2.30,2.49,116885,9814141.35,496
2026-07-27 00:00:00,MADHAVIPL,MADHAV INFRA PROJECTS L,7.89,8.09,7.61,7.81,7.85,-0.51,0.48,6.08,0.51,116737,917428.73,345
2026-07-27 00:00:00,APOLLOPIPE,APOLLO PIPES LIMITED,494.00,514.35,493.00,505.35,490.30,3.07,21.35,4.32,0.75,116605,59124840.55,4449
2026-07-27 00:00:00,PRINCEPIPE,PRINCE PIPES FITTINGS LTD,263.60,267.30,261.25,265.65,261.20,1.70,6.05,2.30,0.92,116284,30723875.55,3615
2026-07-27 00:00:00,NILKAMAL,NILKAMAL LIMITED,1716.90,1801.00,1667.10,1775.20,1676.10,5.91,133.90,7.80,2.43,115784,200146689.10,12889
2026-07-27 00:00:00,TEGA,TEGA INDUSTRIES LIMITED,1564.90,1570.90,1500.60,1510.50,1560.30,-3.19,70.30,4.49,0.29,114630,175135512.90,12957
2026-07-27 00:00:00,AGARWALEYE,DR AGARWALS HEALTH CARE L,481.00,489.55,472.10,476.20,478.90,-0.56,17.45,3.63,0.44,114369,54844471.90,10088
2026-07-27 00:00:00,MALUPAPER,MALU PAPER MILLS LIMITED,36.00,37.40,35.00,35.20,35.68,-1.35,2.40,6.67,0.90,114211,4142445.93,666
2026-07-27 00:00:00,FORCEMOT,FORCE MOTORS LIMITED,17809.00,17860.00,17240.00,17268.00,17620.00,-2.00,620.00,3.48,1.07,113614,1977586342.00,32245
2026-07-27 00:00:00,SBCL,SHIVALIK BIMETAL CON. LTD,755.70,764.45,741.00,742.25,755.70,-1.78,23.45,3.10,0.00,113371,85238885.50,8513
2026-07-27 00:00:00,GLOBALVECT,GLOBAL VEC HELICORP LTD,150.01,173.50,150.01,159.71,148.95,7.22,23.49,15.66,0.71,113359,18693013.37,2445
2026-07-27 00:00:00,PURVA,PURAVANKARA LIMITED,215.50,219.90,214.74,219.45,213.35,2.86,5.16,2.39,1.01,113195,24662115.59,2481
2026-07-27 00:00:00,HLEGLAS,HLE GLASCOAT LIMITED,424.40,426.55,415.15,418.95,418.95,0.00,11.40,2.69,1.30,112574,47216991.60,4603
2026-07-27 00:00:00,ALKEM,ALKEM LABORATORIES LTD.,5693.50,5699.50,5597.00,5613.00,5633.50,-0.36,102.50,1.80,1.07,112113,632085734.00,21853
2026-07-27 00:00:00,GLOBE,GLOBE ENTERPRISE (I) LTD,2.12,2.16,2.12,2.15,2.14,0.47,0.04,1.89,-0.93,111925,240806.77,141
2026-07-27 00:00:00,ATLANTAELE,ATLANTA ELECTRICALS LTD,1604.90,1645.10,1589.80,1614.30,1589.80,1.54,55.30,3.45,0.95,111916,181916509.40,11701
2026-07-27 00:00:00,CLEANMAX,CLEAN MAX ENVIRO EN SOL L,1447.10,1456.30,1419.60,1439.00,1456.90,-1.23,36.70,2.54,-0.67,111773,160936227.20,12786
2026-07-27 00:00:00,KMSUGAR,K M SUGAR MILLS LTD,27.81,28.80,27.81,28.33,27.66,2.42,0.99,3.56,0.54,110779,3143431.11,1187
2026-07-27 00:00:00,SILGO,SILGO RETAIL LIMITED,74.06,75.30,73.81,74.31,74.06,0.34,1.49,2.01,0.00,110292,8187422.53,561
2026-07-27 00:00:00,ANANDRATHI,ANAND RATHI WEALTH LTD,2065.00,2065.00,2033.20,2052.10,2042.10,0.49,31.80,1.54,1.12,110241,225846275.30,8004
2026-07-27 00:00:00,JUNIPER,JUNIPER HOTELS LIMITED,198.40,199.00,193.81,198.01,193.07,2.56,5.19,2.62,2.76,110129,21719166.63,4395
2026-07-27 00:00:00,IPL,INDIA PESTICIDES LIMITED,150.48,152.67,148.93,149.88,149.98,-0.07,3.74,2.49,0.33,110128,16568729.22,1933
2026-07-27 00:00:00,SAKAR,SAKAR HEALTHCARE LIMITED,817.45,835.00,798.00,830.00,802.20,3.47,37.00,4.53,1.90,110028,90168816.00,8708
2026-07-27 00:00:00,KIRLFER,KIRLOSKAR FERROUS IND LTD,471.20,484.30,468.20,480.95,470.65,2.19,16.10,3.42,0.12,109886,52584140.15,5951
2026-07-27 00:00:00,UNIPARTS,UNIPARTS INDIA LIMITED,710.00,711.70,690.00,704.80,689.50,2.22,21.70,3.06,2.97,109878,77259223.95,6105
2026-07-27 00:00:00,DDEVPLSTIK,DDEV PLASTIKS IND LTD,277.00,281.80,273.10,275.45,275.65,-0.07,8.70,3.14,0.49,109584,30467557.40,5192
2026-07-27 00:00:00,BPL,BPL LTD,53.78,55.06,52.48,52.73,53.78,-1.95,2.58,4.80,0.00,109201,5821665.14,1387
2026-07-27 00:00:00,SUDARSCHEM,SUDARSHAN CHEMICAL INDS L,1058.15,1067.95,1049.35,1056.35,1041.05,1.47,18.60,1.76,1.64,108653,114656022.55,8055
2026-07-27 00:00:00,EMKAY,EMKAY GLOBAL FIN SERV LTD,239.50,255.75,234.80,238.05,239.50,-0.61,20.95,8.75,0.00,108351,26589136.90,3763
2026-07-27 00:00:00,INDRAMEDCO,INDRAPRASTHA MEDICAL CORP,366.60,371.95,364.60,368.60,364.60,1.10,7.35,2.00,0.55,108019,39758860.45,2831
2026-07-27 00:00:00,STYLAMIND,STYLAM INDUSTRIES LIMITED,3466.20,3609.90,3401.00,3415.20,3416.80,-0.05,208.90,6.03,1.45,107652,377063135.20,22589
2026-07-27 00:00:00,CHOLAHLDNG,CHOLAMANDALAM FIN HOL LTD,1529.70,1563.90,1521.50,1526.50,1516.70,0.65,42.40,2.77,0.86,107079,164620547.70,10457
2026-07-27 00:00:00,SCODATUBES,SCODA TUBES LIMITED,148.39,149.89,146.53,147.73,146.93,0.54,3.36,2.26,0.99,106946,15841784.48,1689
2026-07-27 00:00:00,DEFENCE,MIRAEAMC - DEFENCE,77.94,78.95,77.94,78.58,77.94,0.82,1.01,1.30,0.00,106924,8385433.71,494
2026-07-27 00:00:00,SANSERA,SANSERA ENGINEERING LTD,3232.50,3299.70,3217.60,3273.00,3184.70,2.77,82.10,2.54,1.50,106918,349113536.80,12310
2026-07-27 00:00:00,LTTS,L&T TECHNOLOGY SER. LTD.,3464.00,3519.00,3444.10,3498.10,3418.10,2.34,74.90,2.16,1.34,106805,372541772.80,12174
2026-07-27 00:00:00,LUMAXTECH,LUMAX AUTO TECH LTD,1465.80,1524.80,1465.80,1493.90,1465.80,1.92,59.00,4.03,0.00,106677,159905907.40,10908
2026-07-27 00:00:00,NIITMTS,NIIT LEARNING SYSTEMS LTD,234.11,238.23,232.65,233.57,230.18,1.47,5.58,2.38,1.71,106665,25061866.86,3952
2026-07-27 00:00:00,CREATIVEYE,CREATIVE EYE LIMITED,6.99,6.99,6.05,6.37,6.66,-4.35,0.94,13.45,4.95,106526,698262.53,412
2026-07-27 00:00:00,GMMPFAUDLR,GMM PFAUDLER LIMITED,816.00,837.70,812.05,830.75,808.05,2.81,25.65,3.14,0.98,106321,87715110.45,6695
2026-07-27 00:00:00,RADIOCITY,MUSIC BROADCAST LIMITED,6.50,6.82,6.30,6.58,6.40,2.81,0.52,8.00,1.56,106089,697726.83,212
2026-07-27 00:00:00,SPMLINFRA,SPML INFRA LIMITED,200.90,203.22,197.00,198.57,199.39,-0.41,6.22,3.10,0.76,105665,21039936.74,2322
2026-07-27 00:00:00,HDFCMOMENT,HDFCAMC - HDFCMOMENT,30.38,30.85,30.38,30.69,30.38,1.02,0.47,1.55,0.00,105586,3234241.42,592
2026-07-27 00:00:00,NEPHROPLUS,NEPHROCARE HEALTH SERV L,675.00,684.45,669.00,681.65,673.10,1.27,15.45,2.29,0.28,105459,71681912.40,7623
2026-07-27 00:00:00,RAMRAT,RAM RATNA WIRES LIMITED,414.15,429.90,414.15,425.30,414.10,2.70,15.75,3.80,0.01,105248,44437414.75,2844
2026-07-27 00:00:00,KRISHNADEF,KRISHNA DEF AND ALD IND L,1334.30,1367.90,1290.00,1295.90,1316.80,-1.59,77.90,5.84,1.33,105239,139369261.70,7901
2026-07-27 00:00:00,AARTIPHARM,AARTI PHARMALABS LIMITED,685.00,692.95,675.05,684.35,673.80,1.57,17.90,2.61,1.66,105041,72014427.65,11994
2026-07-27 00:00:00,AONENIFTY,AONEAMC - AONENIFTY,9.72,9.95,9.57,9.91,9.82,0.92,0.38,3.91,-1.02,104928,1037792.76,1189
2026-07-27 00:00:00,PARKHOTELS,PARKHOTELS,124.80,126.73,121.80,122.32,122.39,-0.06,4.93,3.95,1.97,104829,12892715.62,2541
2026-07-27 00:00:00,OAL,ORIENTAL AROMATICS LTD,366.00,394.90,366.00,392.45,373.00,5.21,28.90,7.90,-1.88,104430,40370761.10,4191
2026-07-27 00:00:00,GREENPANEL,GREENPANEL INDUSTRIES LTD,193.31,197.19,191.10,191.86,194.24,-1.23,6.09,3.15,-0.48,104048,20070045.91,6144
2026-07-27 00:00:00,TIJARIA,TIJARIA POLYPIPES LTD,4.80,4.81,4.37,4.47,4.64,-3.66,0.44,9.17,3.45,103922,472422.84,299
2026-07-27 00:00:00,EKC,EVEREST KANTO CYLINDERLTD,109.60,111.93,109.30,109.79,108.76,0.95,2.63,2.40,0.77,103914,11446058.79,1452
2026-07-27 00:00:00,ALLDIGI,ALLDIGI TECH LIMITED,850.00,893.55,850.00,872.05,822.75,5.99,43.55,5.12,3.31,103621,90441235.70,7670
2026-07-27 00:00:00,DOLLAR,DOLLAR INDUSTRIES LIMITED,260.00,261.90,257.00,257.70,258.00,-0.12,4.90,1.88,0.78,103287,26792521.65,5414
2026-07-27 00:00:00,HLVLTD,HLV LIMITED,7.07,7.37,7.07,7.31,7.06,3.54,0.30,4.24,0.14,103193,751135.83,515
2026-07-27 00:00:00,COMFINTE,COMFORT INTECH LTD.,5.57,5.58,5.38,5.40,5.44,-0.74,0.20,3.59,2.39,103097,562895.67,311
2026-07-27 00:00:00,AAKASH,AAKASH EXPLORATION SER L,8.96,9.18,8.90,9.00,8.92,0.90,0.28,3.12,0.45,102950,926062.12,231
2026-07-27 00:00:00,TTKHLTCARE,TTK HEALTHCARE LIMITED,1064.00,1167.00,1061.00,1088.80,1047.20,3.97,106.00,9.96,1.60,102563,113961012.75,10938
2026-07-27 00:00:00,SPENCERS,SPENCER S RETAIL LIMITED,33.07,34.39,32.12,33.46,33.06,1.21,2.27,6.86,0.03,102442,3405648.74,1705
2026-07-27 00:00:00,SOBHA,SOBHA LIMITED,1373.70,1385.00,1354.00,1361.20,1362.30,-0.08,31.00,2.26,0.84,102281,140192424.80,12131
2026-07-27 00:00:00,HMAAGRO,HMA AGRO INDUSTRIES LTD,21.50,21.74,21.30,21.53,21.34,0.89,0.44,2.05,0.75,102072,2198095.44,814
2026-07-27 00:00:00,KRONOX,KRONOX LAB SCIENCES LTD,159.59,159.59,153.21,155.55,154.39,0.75,6.38,4.00,3.37,102020,15886158.06,2130
2026-07-27 00:00:00,PROSTARM,PROSTARM INFO SYSTEMS LTD,125.67,125.86,122.23,123.41,123.67,-0.21,3.63,2.89,1.62,101957,12616962.51,1876
2026-07-27 00:00:00,SAGCEM,SAGAR CEMENTS LIMITED,180.69,184.00,174.85,183.15,177.54,3.16,9.15,5.06,1.77,101734,18339770.54,2581
2026-07-27 00:00:00,AURIONPRO,AURIONPRO SOLN LTD,851.20,851.20,814.00,836.65,825.45,1.36,37.20,4.37,3.12,101294,84771378.85,5148
2026-07-27 00:00:00,ESTER,ESTER INDUSTRIES LTD,88.53,91.80,88.50,90.89,88.53,2.67,3.30,3.73,0.00,101157,9140213.80,1636
2026-07-27 00:00:00,JARO,JARO INS OF TEC MG N RE L,480.50,480.55,472.40,478.55,475.70,0.60,8.15,1.70,1.01,101111,48362404.10,1746
2026-07-27 00:00:00,UFO,UFO MOVIEZ INDIA LTD.,67.21,71.45,67.21,68.45,67.02,2.13,4.24,6.31,0.28,100698,7008692.60,1194
2026-07-27 00:00:00,UFBL,UNITED FOODBRANDS LIMITED,655.00,700.00,655.00,699.35,674.85,3.63,45.00,6.87,-2.94,100422,69584663.80,4496
2026-07-27 00:00:00,MBEL,M AND B ENGINEERING LTD,298.25,304.00,295.90,296.95,296.30,0.22,8.10,2.72,0.66,100256,29956805.15,6534
2026-07-27 00:00:00,JASH,JASH ENGINEERING LIMITED,511.00,519.90,507.15,516.80,508.00,1.73,12.75,2.50,0.59,99741,51153350.00,8471
2026-07-27 00:00:00,WINDMACHIN,WINDSOR MACHINES LIMITED,292.35,298.95,278.35,281.90,292.20,-3.52,20.60,7.05,0.05,99640,28269641.60,2048
2026-07-27 00:00:00,SHARDACROP,SHARDA CROPCHEM LTD.,877.00,892.55,877.00,888.60,872.95,1.79,15.55,1.77,0.46,99553,88389958.40,6095
2026-07-27 00:00:00,CEWATER,CONCORD ENVIRO SYSTEMS L,302.80,305.40,289.00,291.50,298.35,-2.30,16.40,5.42,1.49,99000,29243407.40,6527
2026-07-27 00:00:00,SMSPHARMA,SMS PHARMACEUTICALS LTD.,385.95,396.35,385.00,391.90,381.10,2.83,11.35,2.94,1.27,98936,38650265.30,3907
2026-07-27 00:00:00,MGL,MAHANAGAR GAS LTD.,1080.20,1107.00,1080.20,1098.00,1077.00,1.95,26.80,2.48,0.30,98882,108897103.20,12957
2026-07-27 00:00:00,PAKKA,PAKKA LIMITED,71.50,73.64,70.00,71.10,71.49,-0.55,3.64,5.09,0.01,98784,7112412.46,1434
2026-07-27 00:00:00,AVONMORE,AVONMORE CAP&MGT SERV LTD,9.75,9.75,9.20,9.29,9.39,-1.06,0.55,5.64,3.83,98601,921506.99,755
2026-07-27 00:00:00,ROSSTECH,ROSSELL TECHSYS LIMITED,984.00,1005.00,960.55,975.65,983.30,-0.78,44.45,4.52,0.07,98539,96039472.30,6143
2026-07-27 00:00:00,EIHOTEL,EIH LIMITED,327.05,331.75,327.05,330.65,326.40,1.30,4.70,1.44,0.20,98370,32444830.65,4438
2026-07-27 00:00:00,KCP,KCP LTD,163.70,165.98,161.66,162.55,162.64,-0.06,4.32,2.64,0.65,98347,16057428.33,1743
2026-07-27 00:00:00,JKIL,JKUMAR INFR.LTD.,492.90,496.00,485.15,489.00,485.65,0.69,10.85,2.20,1.49,98303,48115904.10,2198
2026-07-27 00:00:00,LIBERTSHOE,LIBERTY SHOES LTD,264.00,272.00,259.40,269.00,258.25,4.16,12.60,4.77,2.23,98288,26368176.00,3972
2026-07-27 00:00:00,LGEINDIA,LG ELECTRONICS INDIA LTD,1529.90,1539.90,1522.00,1526.80,1527.20,-0.03,17.90,1.17,0.18,97519,149085041.90,7870
2026-07-27 00:00:00,NAVNETEDUL,NAVNEET EDUCATION LTD,145.10,145.99,143.01,144.54,143.97,0.40,2.98,2.05,0.78,97402,14071528.37,1968
2026-07-27 00:00:00,TIL,TIL LTD,211.17,217.35,208.84,214.06,211.39,1.26,8.51,4.03,-0.10,97237,20787121.67,2097
2026-07-27 00:00:00,MOENERGY,MOTILALAMC - MOENERGY,39.06,39.58,38.81,38.95,39.06,-0.28,0.77,1.97,0.00,97054,3781800.12,935
2026-07-27 00:00:00,DPABHUSHAN,D. P. ABHUSHAN LIMITED,1347.85,1445.00,1316.25,1412.35,1328.05,6.35,128.75,9.55,1.49,96545,135214825.35,9545
2026-07-27 00:00:00,DEEPAKNTR,DEEPAK NITRITE LTD,1664.00,1698.80,1659.00,1678.90,1649.60,1.78,39.80,2.39,0.87,95397,160352148.60,11906
2026-07-27 00:00:00,ELGIEQUIP,ELGI EQUIPMENTS LTD,578.25,584.30,575.10,578.85,577.30,0.27,9.20,1.59,0.16,95386,55260121.45,8298
2026-07-27 00:00:00,HARIOMPIPE,HARIOM PIPE INDUSTRIES L,395.00,398.85,391.80,395.00,391.80,0.82,7.05,1.78,0.82,95228,37561848.10,3516
2026-07-27 00:00:00,EVEREADY,EVEREADY INDS. IND.  LTD.,358.15,364.00,348.50,349.75,357.00,-2.03,15.50,4.33,0.32,95130,33617454.80,4492
2026-07-27 00:00:00,IITL,INDUSTRIAL INV TRUST LTD,131.01,139.00,131.01,132.59,132.02,0.43,7.99,6.10,-0.77,95106,12902704.20,967
2026-07-27 00:00:00,MNC,KOTAKMAMC - KOTAKMNC,33.37,33.75,33.23,33.65,33.37,0.84,0.52,1.56,0.00,95001,3186499.07,328
2026-07-27 00:00:00,ARSSBL,ANAND RATHI SH N STK BR L,517.70,519.80,509.90,512.50,508.20,0.85,9.90,1.91,1.87,94216,48379027.70,2540
2026-07-27 00:00:00,JINDRILL,JINDAL DRILLING IND. LTD,601.30,602.50,589.00,594.35,605.10,-1.78,13.50,2.25,-0.63,94034,55849832.40,3085
2026-07-27 00:00:00,ABREL,ADITYA BIRLA REAL EST LTD,1380.60,1430.00,1380.60,1400.20,1374.20,1.89,49.40,3.58,0.47,93552,131745152.40,11638
2026-07-27 00:00:00,ZENITHSTL,ZENITH STEEL PIP IND LTD,5.83,6.14,5.61,5.72,5.83,-1.89,0.53,9.09,0.00,92940,536091.36,221
2026-07-27 00:00:00,GOCOLORS,GO FASHION INDIA LTD,332.45,333.00,327.55,329.40,324.15,1.62,5.45,1.64,2.56,92615,30526774.75,2184
2026-07-27 00:00:00,SAIPARENT,SAI PARENTERALS LIMITED,540.95,562.00,540.95,559.75,535.60,4.51,21.05,3.89,1.00,92370,51167353.10,4022
2026-07-27 00:00:00,RAYMONDLSL,RAYMOND LIFESTYLE LIMITED,717.00,717.00,701.05,705.60,714.95,-1.31,15.95,2.22,0.29,92348,65472190.95,4423
2026-07-27 00:00:00,PROZONER,PROZONE REALTY LIMITED,43.65,44.80,43.15,44.11,43.80,0.71,1.65,3.78,-0.34,92301,4055987.55,842
2026-07-27 00:00:00,COASTCORP,COASTAL CORPORATION LTD,49.00,51.00,48.76,50.07,49.93,0.28,2.24,4.57,-1.86,91336,4589611.12,584
2026-07-27 00:00:00,TGBHOTELS,TGB BANQUETS&HOTELS LTD,8.82,9.51,8.64,9.04,8.56,5.61,0.87,9.86,3.04,91333,827212.24,302
2026-07-27 00:00:00,RUCHIRA,RUCHIRA PAPERS LIMITED,108.05,112.39,108.05,110.42,106.47,3.71,4.34,4.02,1.48,91315,10093944.81,1282
2026-07-27 00:00:00,SANATHAN,SANATHAN TEXTILES LIMITED,485.40,495.65,476.00,488.25,483.00,1.09,19.65,4.05,0.50,91043,44348843.85,2597
2026-07-27 00:00:00,OPTIEMUS,OPTIEMUS INFRACOM LTD,606.00,614.85,600.00,610.45,599.95,1.75,14.85,2.45,1.01,90875,55331976.65,5244
2026-07-27 00:00:00,DHANUKA,DHANUKA AGRITECH LTD,1019.90,1023.30,990.20,996.20,1013.30,-1.69,33.10,3.25,0.65,90838,90636191.70,6807
2026-07-27 00:00:00,FLAIR,FLAIR WRITING INDUST LTD,257.00,258.60,252.20,256.75,252.50,1.68,6.40,2.49,1.78,90668,23149296.40,2995
2026-07-27 00:00:00,PNGSREVA,PNGS REVA DIAMOND JEWEL L,408.60,425.90,403.55,414.10,405.95,2.01,22.35,5.47,0.65,90394,37649084.50,3079
2026-07-27 00:00:00,BAJEL,BAJEL PROJECTS LIMITED,179.51,182.09,176.90,177.74,178.90,-0.65,5.19,2.89,0.34,89792,16057902.38,1615
2026-07-27 00:00:00,VALUEAXIS,AXISAMC-VALUEAXIS,32.55,32.87,32.50,32.77,32.55,0.68,0.37,1.14,0.00,89466,2923980.37,339
2026-07-27 00:00:00,GANESHHOU,GANESH HOUSING LIMITED,810.00,852.00,796.05,819.85,799.40,2.56,55.95,6.91,1.33,89342,73921566.00,6353
2026-07-27 00:00:00,GULFOILLUB,GULF OIL LUB. IND. LTD.,1028.40,1059.00,1020.90,1048.20,1015.70,3.20,38.10,3.70,1.25,89310,93591992.60,11316
2026-07-27 00:00:00,MASFIN,MAS FINANCIAL SERV LTD,316.95,323.80,315.15,318.30,313.55,1.51,8.65,2.73,1.08,89217,28421194.80,3686
2026-07-27 00:00:00,LAOPALA,LA OPALA RG LIMITED,185.51,190.11,184.20,185.87,184.35,0.82,5.91,3.19,0.63,88612,16510432.09,4860
2026-07-27 00:00:00,SCHAEFFLER,SCHAEFFLER INDIA LIMITED,4107.80,4213.20,4082.10,4185.50,4107.70,1.89,131.10,3.19,0.00,88323,367075350.60,14687
2026-07-27 00:00:00,SANDHAR,SANDHAR TECHNOLOGIES LTD,601.90,607.00,593.50,599.55,593.95,0.94,13.50,2.24,1.34,88230,53077829.30,7224
2026-07-27 00:00:00,TTL,T T LIMITED,6.37,6.40,6.19,6.27,6.37,-1.57,0.21,3.30,0.00,87429,550003.50,158
2026-07-27 00:00:00,PRECWIRE,PRECISION WIRES INDIA LTD,372.50,377.25,370.55,373.95,372.50,0.39,6.70,1.80,0.00,87364,32683745.95,6334
2026-07-27 00:00:00,PRIMO,PRIMO CHEMICALS LIMITED,22.06,23.00,22.06,22.49,22.34,0.67,0.94,4.26,-1.25,87137,1966418.10,1390
2026-07-27 00:00:00,MARATHON,MARATHON NXTGEN REALT LTD,386.10,394.50,383.40,388.70,382.75,1.55,11.10,2.87,0.88,86840,33833576.20,2601
2026-07-27 00:00:00,DATAMATICS,DATAMATICS GLOBAL SER LTD,835.95,857.00,828.10,854.80,821.50,4.05,28.90,3.46,1.76,85941,72950363.05,4714
2026-07-27 00:00:00,CONS,KOTAKMAMC - KOTAKCONS,12.19,12.26,12.14,12.24,12.08,1.32,0.12,0.98,0.91,85874,1047195.35,148
2026-07-27 00:00:00,WESTLIFE,WESTLIFE FOODWORLD LTD,459.90,471.35,459.00,464.50,459.15,1.17,12.35,2.69,0.16,85823,39874816.60,5983
2026-07-27 00:00:00,MMFL,MM FORGINGS LTD,559.90,565.00,556.20,559.50,551.85,1.39,8.80,1.57,1.46,85615,48019192.35,3744
2026-07-27 00:00:00,NPST,NETWORK PEOPLE SRV TECH L,1533.90,1584.00,1510.20,1557.10,1519.20,2.49,73.80,4.81,0.97,85342,133758959.90,3206
2026-07-27 00:00:00,COROMANDEL,COROMANDEL INTERNTL. LTD,1990.50,2011.00,1983.00,2003.80,1980.80,1.16,28.00,1.41,0.49,85074,170399825.60,8250
2026-07-27 00:00:00,GODREJAGRO,GODREJ AGROVET LIMITED,579.50,583.00,573.00,574.35,573.60,0.13,10.00,1.73,1.03,85033,48996358.95,6069
2026-07-27 00:00:00,VIJAYA,VIJAYA DIAGNOSTIC CEN LTD,1322.00,1357.80,1308.20,1350.80,1313.90,2.81,49.60,3.75,0.62,84864,113992327.00,8082
2026-07-27 00:00:00,SRM,SRM CONTRACTORS LIMITED,510.00,518.00,507.15,509.55,507.60,0.38,10.85,2.13,0.47,84861,43503747.85,2617
2026-07-27 00:00:00,RKSWAMY,R K SWAMY LIMITED,103.90,107.70,102.32,106.71,101.37,5.27,5.38,5.18,2.50,84741,8915039.78,1743
2026-07-27 00:00:00,VERANDA,VERANDA LEARNING SOL LTD,241.85,241.85,231.15,232.95,233.78,-0.36,10.70,4.42,3.45,84370,19805244.98,2295
2026-07-27 00:00:00,WPIL,W P I L LTD.,453.95,462.80,436.50,442.20,450.45,-1.83,26.30,5.79,0.78,83864,37455085.00,4108
2026-07-27 00:00:00,RBZJEWEL,RBZ JEWELLERS LIMITED,142.10,148.99,142.10,145.61,140.91,3.34,6.89,4.85,0.84,83688,12170778.76,2452
2026-07-27 00:00:00,BANSALWIRE,BANSAL WIRE INDUSTRIES L,325.60,326.00,315.10,316.45,324.00,-2.33,10.90,3.35,0.49,83438,26679341.75,3670
2026-07-27 00:00:00,AARTIDRUGS,AARTI DRUGS LTD.,406.35,416.60,406.35,410.95,404.50,1.59,10.25,2.52,0.46,83432,34380515.70,3287
2026-07-27 00:00:00,JTEKTINDIA,JTEKT INDIA LIMITED,132.99,133.81,132.01,133.29,131.62,1.27,1.80,1.35,1.04,83304,11087916.41,1388
2026-07-27 00:00:00,BOROLTD,BOROSIL LIMITED,239.90,240.00,231.12,233.73,232.34,0.60,8.88,3.70,3.25,83179,19501358.40,2679
2026-07-27 00:00:00,SOMANYCERA,SOMANY CERAMICS LIMITED,499.00,518.20,490.00,491.85,496.70,-0.98,28.20,5.65,0.46,82778,40927836.55,3824
2026-07-27 00:00:00,CINELINE,CINELINE INDIA LIMITED,87.39,87.87,80.25,82.29,86.71,-5.10,7.62,8.72,0.78,82731,6958825.42,1070
2026-07-27 00:00:00,GEEKAYWIRE,GEEKAY WIRES LIMITED,23.85,24.74,23.51,23.91,23.79,0.50,1.23,5.16,0.25,82660,1987286.92,1376
2026-07-27 00:00:00,AJANTPHARM,AJANTA PHARMA LIMITED,3371.00,3460.30,3368.10,3386.10,3369.50,0.49,92.20,2.74,0.04,81968,278609612.00,16857
2026-07-27 00:00:00,CHALET,CHALET HOTELS LIMITED,818.95,847.85,818.95,846.50,814.40,3.94,28.90,3.53,0.56,81960,68755639.20,7497
2026-07-27 00:00:00,KOHINOOR,KOHINOOR FOODS LIMITED,22.98,23.39,22.93,23.21,22.92,1.27,0.46,2.00,0.26,81373,1884652.67,2138
2026-07-27 00:00:00,MAHEPC,MAHINDRA EPC IRRIG LTD,105.60,110.38,105.60,108.04,105.38,2.52,4.78,4.53,0.21,81080,8785041.97,1298
2026-07-27 00:00:00,INDOCO,INDOCO REMEDIES LTD.,245.00,250.99,243.98,248.14,243.42,1.94,7.01,2.86,0.65,80973,20151283.86,2270
2026-07-27 00:00:00,HNDFDS,HINDUSTAN FOODS LIMITED,579.90,595.00,576.00,578.15,577.20,0.16,19.00,3.28,0.47,80724,47258737.25,5433
2026-07-27 00:00:00,GICHSGFIN,GIC HOUSING FINANCE LTD,147.25,149.80,146.55,148.26,146.87,0.95,3.25,2.21,0.26,80520,11875404.87,2137
2026-07-27 00:00:00,CARBORUNIV,CARBORUNDUM UNIVERSAL LTD,1074.90,1089.90,1055.20,1073.10,1064.30,0.83,34.70,3.23,1.00,79889,85366059.70,9299
2026-07-27 00:00:00,CONCORDBIO,CONCORD BIOTECH LIMITED,1255.20,1275.30,1244.50,1256.40,1248.50,0.63,30.80,2.45,0.54,79408,99616768.60,7962
2026-07-27 00:00:00,CLEAN,CLEAN SCIENCE & TECH LTD,730.05,737.00,726.55,728.30,721.00,1.01,10.45,1.43,1.26,79303,58015564.90,7729
2026-07-27 00:00:00,PSPPROJECT,PSP PROJECTS LIMITED,1039.00,1065.40,1029.30,1055.90,1031.20,2.40,36.10,3.47,0.76,79166,82957379.80,4465
2026-07-27 00:00:00,GROWWN200,GROWWAMC - GROWWN200,11.23,11.39,11.23,11.32,11.23,0.80,0.16,1.42,0.00,79025,893566.40,281
2026-07-27 00:00:00,MONQ50,MOTILALAMC - MONQ50,142.17,142.17,142.00,142.17,142.45,-0.20,0.17,0.12,-0.20,78667,11183880.87,1652
2026-07-27 00:00:00,SELECTIPO,MIRAEAMC - SELECTIPO,45.44,46.12,45.00,46.09,45.44,1.43,1.12,2.46,0.00,78456,3609404.81,186
2026-07-27 00:00:00,WHEELS,WHEELS INDIA LTD,1461.00,1505.00,1445.40,1495.60,1441.70,3.74,59.60,4.08,1.34,78256,115946259.60,6640
2026-07-27 00:00:00,OMPOWER,OM POWER TRANSMISSION LTD,170.00,171.25,167.41,169.87,169.20,0.40,3.84,2.26,0.47,78237,13246284.86,1002
2026-07-27 00:00:00,VISHWARAJ,VISHWARAJ SUGAR IND LTD,5.20,5.29,5.20,5.25,5.19,1.16,0.09,1.73,0.19,78228,409831.93,294
2026-07-27 00:00:00,ASALCBR,ASSO ALCOHOLS & BREW LTD,800.00,804.95,762.30,791.70,821.45,-3.62,42.65,5.33,-2.61,77400,61236744.20,5322
2026-07-27 00:00:00,DLINKINDIA,D-LINK INDIA LTD,456.00,456.90,445.10,447.65,452.20,-1.01,11.80,2.59,0.84,77120,34735686.05,3068
2026-07-27 00:00:00,DIFFNKG,DIFFUSION ENGINEERS LTD,401.15,408.00,394.30,404.05,395.35,2.20,13.70,3.42,1.47,76782,30902688.45,3417
2026-07-27 00:00:00,SNOWMAN,SNOWMAN LOGISTICS LTD.,36.20,37.00,36.01,36.35,36.40,-0.14,0.99,2.73,-0.55,76393,2786263.58,1059
2026-07-27 00:00:00,INDOSTAR,INDOSTAR CAPITAL FIN LTD,261.00,274.95,261.00,268.50,260.50,3.07,13.95,5.34,0.19,76295,20604486.80,2786
2026-07-27 00:00:00,GRWRHITECH,GARWARE HI-TECH FILMS LTD,6975.00,7199.00,6970.00,7160.00,6903.00,3.72,229.00,3.28,1.04,76292,541609035.00,10790
2026-07-27 00:00:00,RADIANTCMS,RADIANT CASH MGMT SER LTD,36.50,37.43,36.40,36.64,36.93,-0.79,1.03,2.82,-1.16,76166,2795748.80,974
2026-07-27 00:00:00,CAPTRUST,CAPITAL TRUST LIMITED,15.22,15.38,14.43,15.38,14.65,4.98,0.95,6.24,3.89,76021,1144507.01,173
2026-07-27 00:00:00,FACT,FACT LTD,819.90,825.00,812.45,819.55,809.30,1.27,12.55,1.53,1.31,75961,62188156.90,6120
2026-07-27 00:00:00,THOMASCOTT,THOMAS SCOTT (INDIA) LTD,316.00,340.45,312.60,315.15,307.05,2.64,27.85,8.81,2.91,75894,24434622.70,4290
2026-07-27 00:00:00,NIBL,NRB INDUS. BEARINGS LTD.,36.99,37.80,36.49,36.91,36.98,-0.19,1.31,3.54,0.03,75798,2812248.37,13317
2026-07-27 00:00:00,INDIGOPNTS,INDIGO PAINTS LIMITED,1059.90,1098.70,1055.30,1073.90,1048.90,2.38,43.40,4.09,1.05,75768,82050241.80,8927
2026-07-27 00:00:00,QUALITY30,KOTAKMAMC - QUALITY30,20.65,20.85,20.65,20.78,20.46,1.56,0.20,0.97,0.93,75740,1573148.17,50
2026-07-27 00:00:00,TRF,TRF LIMITED,236.70,239.69,231.01,232.67,232.96,-0.12,8.68,3.67,1.61,75520,17798479.32,2417
2026-07-27 00:00:00,MOLOWVOL,MOTILALAMC - MOLOWVOL,37.06,37.10,36.91,36.99,36.82,0.46,0.19,0.51,0.65,75470,2786045.96,28
2026-07-27 00:00:00,CAPITALSFB,CAPITAL SMALL FIN BANK L,293.45,303.00,293.45,299.85,292.00,2.69,9.55,3.25,0.50,75000,22395585.85,2470
2026-07-27 00:00:00,TRACXN,TRACXN TECHNOLOGIES LTD,29.99,30.90,29.68,30.08,29.70,1.28,1.22,4.07,0.98,74741,2242791.75,617
2026-07-27 00:00:00,GOODLUCK,GOODLUCK INDIA LIMITED,1528.80,1547.80,1505.10,1527.60,1511.60,1.06,42.70,2.79,1.14,74674,114061831.80,7734
2026-07-27 00:00:00,GLOBUSSPR,GLOBUS SPIRITS LTD,880.45,897.60,880.45,889.45,880.45,1.02,17.15,1.95,0.00,74494,66314390.05,4073
2026-07-27 00:00:00,SHOPERSTOP,SHOPPERS STOP LIMITED,377.70,388.65,374.55,385.85,377.75,2.14,14.10,3.73,-0.01,74429,28596516.10,4158
2026-07-27 00:00:00,MUKANDLTD,MUKAND LTD.,139.50,142.64,139.50,140.57,138.40,1.57,3.14,2.25,0.79,74299,10494939.11,1490
2026-07-27 00:00:00,AONETMMQ50,AONEAMC - AONETMMQ50,10.11,10.11,9.94,10.01,9.94,0.70,0.17,1.68,1.71,73842,739541.90,346
2026-07-27 00:00:00,SOLARWORLD,SOLARWORLD ENERGY SOL LTD,201.93,204.99,196.20,200.50,201.93,-0.71,8.79,4.35,0.00,72842,14643149.97,2104
2026-07-27 00:00:00,KSHINTL,KSH INTERNATIONAL LIMITED,892.80,899.70,881.05,885.10,888.45,-0.38,18.65,2.09,0.49,72826,64737442.50,6153
2026-07-27 00:00:00,BALAJITELE,BALAJI TELEFILMS LIMITED.,84.18,85.90,83.38,83.80,84.04,-0.29,2.52,2.99,0.17,72465,6119382.76,1328
2026-07-27 00:00:00,KRSNAA,KRSNAA DIAGNOSTICS LTD,545.35,549.90,539.70,542.10,544.80,-0.50,10.20,1.87,0.10,72447,39398482.55,6454
2026-07-27 00:00:00,EMUDHRA,EMUDHRA LIMITED,458.75,464.80,452.30,463.15,455.75,1.62,12.50,2.72,0.66,72386,33222691.15,3196
2026-07-27 00:00:00,PIIND,PI INDUSTRIES LTD,2751.00,2765.90,2735.60,2742.60,2731.20,0.42,30.30,1.10,0.72,72244,198717482.40,9212
2026-07-27 00:00:00,AKI,AKI INDIA LIMITED,4.42,4.42,4.15,4.19,4.26,-1.64,0.27,6.11,3.76,72212,309627.57,202
2026-07-27 00:00:00,COMSYN,COMMERCIAL SYN BAGS LTD,179.00,183.70,173.20,174.48,178.52,-2.26,10.50,5.87,0.27,71832,12665065.47,1742
2026-07-27 00:00:00,RISHABH,RISHABH INSTRUMENTS LTD,624.00,642.00,619.55,624.70,622.30,0.39,22.45,3.60,0.27,71724,44848721.25,4117
2026-07-27 00:00:00,SMARTWORKS,SMARTWORKS COWORKING SP L,481.70,488.75,477.70,485.00,482.55,0.51,11.05,2.29,-0.18,71669,34577331.60,4217
2026-07-27 00:00:00,ACL,ANDHRA CEMENTS LIMITED,47.06,49.90,47.06,48.42,47.06,2.89,2.84,6.03,0.00,71611,3476917.54,449
2026-07-27 00:00:00,IZMO,IZMO LIMITED,1107.00,1130.00,1090.10,1104.00,1104.50,-0.05,39.90,3.60,0.23,70875,78569563.50,5584
2026-07-27 00:00:00,AIAENG,AIA ENGINEERING LIMITED,4585.00,4651.50,4531.00,4634.50,4583.00,1.12,120.50,2.63,0.04,70317,322947997.50,15189
2026-07-27 00:00:00,PLASTIBLEN,PLASTIBLENDS INDIA LTD,190.90,194.79,188.81,191.08,188.85,1.18,5.98,3.13,1.09,70294,13468113.99,1614
2026-07-27 00:00:00,GROWWCHEM,GROWWAMC - GROWWCHEM,30.11,30.50,30.02,30.36,30.01,1.17,0.48,1.59,0.33,70263,2134965.02,305
2026-07-27 00:00:00,SHREERAMA,SHREE RAMA MULTI TECH LTD,39.26,41.80,39.26,39.80,40.18,-0.95,2.54,6.47,-2.29,70193,2830496.42,728
2026-07-27 00:00:00,HAPPYFORGE,HAPPY FORGINGS LIMITED,1650.00,1661.00,1626.10,1650.70,1615.50,2.18,34.90,2.12,2.14,69759,114646697.20,7924
2026-07-27 00:00:00,HDFCNIFTY,HDFCAMC - HDFCNIFTY,269.53,270.84,269.26,270.58,268.19,0.89,1.58,0.59,0.50,69302,18709439.47,1275
2026-07-27 00:00:00,STANLEY,STANLEY LIFESTYLES LTD,155.60,158.50,154.17,156.07,153.85,1.44,4.33,2.78,1.14,69297,10805033.92,1995
2026-07-27 00:00:00,RANASUG,RANA SUGARS LTD.,11.88,12.05,11.73,11.84,11.78,0.51,0.32,2.69,0.85,69252,822647.22,352
2026-07-27 00:00:00,PGIL,PEARL GLOBAL IND LIMITED,1980.00,2036.70,1946.10,2016.60,1974.50,2.13,90.60,4.58,0.28,69227,138601111.10,9940
2026-07-27 00:00:00,GLOBAL,GLOBAL EDUCATION LIMITED,101.99,105.32,101.07,103.99,101.99,1.96,4.25,4.17,0.00,69063,7152327.89,462
2026-07-27 00:00:00,BAJAJHLDNG,BAJAJ HOLDINGS & INVS LTD,10694.00,10829.00,10631.00,10810.00,10679.00,1.23,198.00,1.85,0.14,69044,743579114.00,15861
2026-07-27 00:00:00,PIGL,POWER INSTRUMENT (G) LTD,106.50,110.00,105.23,109.07,105.29,3.59,4.77,4.48,1.15,68901,7481976.10,3545
2026-07-27 00:00:00,JAGSNPHARM,JAGSONPAL PHARMACEUTICALS,221.61,232.00,217.18,229.61,221.61,3.61,14.82,6.69,0.00,68559,15565182.35,2193
2026-07-27 00:00:00,VENKEYS,VENKY S (INDIA) LIMITED,1513.50,1533.00,1491.90,1503.70,1505.20,-0.10,41.10,2.72,0.55,68141,103106537.30,4316
2026-07-27 00:00:00,AMRUTANJAN,AMRUTAJAN HEALTH LTD,510.50,517.15,503.60,513.35,509.00,0.85,13.55,2.65,0.29,67931,34444859.75,5389
2026-07-27 00:00:00,GLAXO,GLAXOSMITHKLINE PHARMA LT,2524.00,2563.80,2494.10,2551.20,2514.30,1.47,69.70,2.76,0.39,67921,172281487.20,12374
2026-07-27 00:00:00,FIEMIND,FIEM INDUSTRIES LIMITED,2338.10,2423.90,2335.10,2356.60,2331.90,1.06,88.80,3.80,0.27,67883,161664301.00,12596
2026-07-27 00:00:00,TEAMLEASE,TEAMLEASE SERVICES LTD.,1320.00,1324.40,1286.20,1294.00,1313.70,-1.50,38.20,2.89,0.48,67591,87489201.30,10819
2026-07-27 00:00:00,CEINSYS,CEINSYS TECH LIMITED,889.95,900.00,857.00,858.60,870.05,-1.32,43.00,4.83,2.29,67485,58657071.20,2708
2026-07-27 00:00:00,MASTEK,MASTEK LTD,1700.20,1750.00,1700.20,1731.60,1690.90,2.41,49.80,2.93,0.55,67476,116918215.80,10378
2026-07-27 00:00:00,HMVL,HINDUSTAN MEDIA VENT LTD,91.65,95.50,91.65,95.25,93.40,1.98,3.85,4.20,-1.87,67277,6381188.46,771
2026-07-27 00:00:00,TTKPRESTIG,TTK PRESTIGE LTD,640.10,664.80,640.00,655.35,643.35,1.87,24.80,3.87,-0.51,67198,44102103.75,4691
2026-07-27 00:00:00,UNIMECH,UNIMECH AEROSPACE N MFG L,1241.00,1250.00,1195.00,1203.20,1237.40,-2.76,55.00,4.43,0.29,67119,81657476.00,5991
2026-07-27 00:00:00,LAL,LORENZINI APPARELS LTD,8.38,8.67,7.99,8.10,8.38,-3.34,0.68,8.11,0.00,67053,554080.40,209
2026-07-27 00:00:00,SYMPHONY,SYMPHONY LIMITED,676.85,689.90,675.00,678.95,676.85,0.31,14.90,2.20,0.00,66975,45596823.50,5725
2026-07-27 00:00:00,DCMSRIND,DCM SHRIRAM IND LTD,41.00,41.00,39.15,39.81,39.86,-0.13,1.85,4.51,2.86,66805,2682578.84,817
2026-07-27 00:00:00,HEXATRADEX,HEXA TRADEX LIMITED,155.10,170.54,155.10,157.23,155.04,1.41,15.44,9.95,0.04,66117,10957003.10,1710
2026-07-27 00:00:00,NDTV,NDTV LTD,77.00,78.47,77.00,77.42,76.66,0.99,1.47,1.91,0.44,66049,5117655.78,1201
2026-07-27 00:00:00,CARRARO,CARRARO INDIA LIMITED,536.70,542.40,534.00,536.05,534.00,0.38,8.40,1.57,0.51,65915,35398112.50,6075
2026-07-27 00:00:00,ALANKIT,ALANKIT LIMITED,7.96,8.12,7.85,7.88,7.96,-1.01,0.27,3.39,0.00,65841,523151.23,482
2026-07-27 00:00:00,AIRAN,AIRAN LIMITED,15.03,15.50,14.97,15.03,15.03,0.00,0.53,3.53,0.00,65571,991451.82,445
2026-07-27 00:00:00,LOTUSEYE,LOTUS EYE HOSP & INST L,118.50,125.46,118.00,118.95,119.06,-0.09,7.46,6.30,-0.47,65528,7926103.11,1052
2026-07-27 00:00:00,PASHUPATI,PASHUPATI COTSPIN LIMITED,87.70,87.88,85.51,86.80,87.09,-0.33,2.37,2.70,0.70,65453,5692305.17,3172
2026-07-27 00:00:00,CEATLTD,CEAT LIMITED,3389.00,3389.00,3354.10,3369.70,3328.60,1.23,34.90,1.03,1.81,65031,219278116.20,10089
2026-07-27 00:00:00,VSSL,VARDHMAN SPC STEEL LTD,297.80,304.95,295.70,297.30,296.25,0.35,9.25,3.11,0.52,64711,19383069.10,1569
2026-07-27 00:00:00,LCCINFOTEC,LCC INFOTECH LTD,4.57,4.57,4.17,4.34,4.38,-0.91,0.40,8.75,4.34,63940,276877.60,151
2026-07-27 00:00:00,NIFTY1,KOTAK NIFTY ETF,264.09,266.78,264.09,266.42,264.09,0.88,2.69,1.02,0.00,63870,16985291.76,1833
2026-07-27 00:00:00,PDSL,PDS LIMITED,352.15,359.95,352.15,357.50,352.00,1.56,7.80,2.21,0.04,63849,22779740.50,2742
2026-07-27 00:00:00,KIOCL,KIOCL LIMITED,352.00,359.20,352.00,355.35,348.75,1.89,7.20,2.05,0.93,63446,22588775.00,3046
2026-07-27 00:00:00,DBOL,DHAMPUR BIO ORGANICS LTD,102.30,104.49,98.82,102.30,102.09,0.21,5.67,5.54,0.21,63340,6428661.01,870
2026-07-27 00:00:00,STARPAPER,STAR PAPER MILLS LTD,152.43,157.72,149.20,150.53,147.75,1.88,8.52,5.59,3.17,62899,9646394.22,812
2026-07-27 00:00:00,KIRLOSBROS,KIRLOSKAR BROTHERS LTD,1837.00,1859.50,1790.00,1833.50,1836.10,-0.14,69.50,3.78,0.05,62726,114361797.90,8862
2026-07-27 00:00:00,ZUARI,ZUARI AGRO CHEMICALS LTD,221.60,227.23,220.36,222.10,219.86,1.02,6.87,3.10,0.79,62715,13956183.08,1641
2026-07-27 00:00:00,IFGLEXPOR,IFGL REFRACTORIES LIMITED,201.20,208.13,200.00,200.88,197.67,1.62,8.13,4.04,1.79,62167,12616549.53,3485
2026-07-27 00:00:00,PATELRMART,PATEL RETAIL LIMITED,223.44,226.87,220.01,222.21,223.44,-0.55,6.86,3.07,0.00,62137,13863450.78,2120
2026-07-27 00:00:00,GRAUWEIL,GRAUER & WEIL IND LTD,75.07,75.89,74.91,75.32,73.97,1.83,0.98,1.31,1.49,61669,4636917.67,825
2026-07-27 00:00:00,CPEDU,CAREER POINT EDUTECH LTD,188.30,210.00,188.30,197.32,186.47,5.82,21.70,11.52,0.98,61588,12302051.15,1275
2026-07-27 00:00:00,GSS,GSS INFOTECH LIMITED,11.80,12.31,11.80,11.89,12.11,-1.82,0.51,4.32,-2.56,61537,736218.35,180
2026-07-27 00:00:00,AVL,ADITYA VISION LIMITED,611.25,645.00,611.25,623.95,611.05,2.11,33.75,5.52,0.03,61129,38112175.05,5120
2026-07-27 00:00:00,BIRLAMONEY,ADITYA BIRLA MONEY LTD,133.97,135.70,130.00,131.22,131.99,-0.58,5.70,4.25,1.50,61022,8064778.03,1457
2026-07-27 00:00:00,APEX,APEX FROZEN FOODS LIMITED,387.90,390.70,381.10,383.85,381.00,0.75,9.60,2.47,1.81,60966,23489873.05,3481
2026-07-27 00:00:00,ENDURANCE,ENDURANCE TECHNO. LTD.,2626.70,2740.10,2616.00,2732.80,2634.00,3.75,124.10,4.72,-0.28,60908,164992155.90,11502
2026-07-27 00:00:00,PRAENG,PRAJAY ENG. SYN. LTD.,23.14,23.14,21.94,22.11,22.42,-1.38,1.20,5.19,3.21,60742,1366057.35,350
2026-07-27 00:00:00,VAISHALI,VAISHALI PHARMA LIMITED,8.00,8.14,7.38,7.72,7.76,-0.52,0.76,9.50,3.09,60695,471408.26,165
2026-07-27 00:00:00,FDC,FDC LIMITED,417.00,419.80,411.60,417.10,412.95,1.00,8.20,1.97,0.98,60671,25223640.25,4201
2026-07-27 00:00:00,MKPL,M K PROTEINS LIMITED,4.17,4.30,4.11,4.18,4.13,1.21,0.19,4.56,0.97,60498,254987.18,395
2026-07-27 00:00:00,JAYKAY,JAYKAY ENTERPRISES LTD,164.40,170.58,164.40,167.99,165.16,1.71,6.18,3.76,-0.46,60169,10133488.29,1371
2026-07-27 00:00:00,SPECIALITY,SPECIALITY REST LTD,137.87,139.80,131.00,132.03,137.73,-4.14,8.80,6.38,0.10,60151,8134990.77,1393
2026-07-27 00:00:00,RPPL,RAJSHREE POLYPACK LTD,21.46,22.05,20.80,21.69,21.47,1.02,1.25,5.82,-0.05,60125,1278164.90,581
2026-07-27 00:00:00,CRISIL,CRISIL LTD,4350.00,4502.90,4347.20,4486.30,4347.20,3.20,155.70,3.58,0.06,59947,267772914.20,13254
2026-07-27 00:00:00,VENUSPIPES,VENUS PIPES & TUBES LTD,1708.40,1730.00,1670.00,1688.00,1700.10,-0.71,60.00,3.51,0.49,59861,101590241.70,5860
2026-07-27 00:00:00,SHANTIGEAR,SHANTHI GEARS LTD,423.40,423.40,414.30,416.60,420.00,-0.81,9.10,2.15,0.81,59845,25112687.95,1045
2026-07-27 00:00:00,GOYALALUM,GOYAL ALUMINIUMS LIMITED,6.54,6.64,6.41,6.46,6.54,-1.22,0.23,3.52,0.00,59781,389567.75,337
2026-07-27 00:00:00,CANTABIL,CANTABIL RETAIL LTD,238.60,242.29,238.01,238.41,239.83,-0.59,4.28,1.79,-0.51,59716,14287466.61,2678
2026-07-27 00:00:00,GOCLCORP,GOCL CORPORATION LIMITED,397.05,404.20,394.80,395.95,396.55,-0.15,9.40,2.37,0.13,59703,23773564.85,2083
2026-07-27 00:00:00,ALIVUS,ALIVUS LIFE SCIENCES LTD,1106.80,1163.30,1106.80,1132.50,1101.20,2.84,56.50,5.10,0.51,59581,67854240.70,7455
2026-07-27 00:00:00,SOUTHWEST,SOUTH WEST PINNACLE LTD,238.00,238.49,231.15,235.31,233.67,0.70,7.34,3.08,1.85,59299,14011638.78,1598
2026-07-27 00:00:00,SHANKARA,SHANKARA BLDG PRODUCT LTD,140.07,141.98,140.07,140.87,140.07,0.57,1.91,1.36,0.00,59276,8343277.08,411
2026-07-27 00:00:00,JKLAKSHMI,JK LAKSHMI CEMENT LTD,576.90,578.70,571.50,574.20,572.50,0.30,7.20,1.25,0.77,59113,33960207.65,5779
2026-07-27 00:00:00,TECH,BIRLASLAMC - TECH,31.37,32.39,31.37,32.29,31.37,2.93,1.02,3.25,0.00,58977,1901130.79,395
2026-07-27 00:00:00,COUNCODOS,COUNTRY CONDO S LIMITED,6.41,6.60,6.21,6.32,6.40,-1.25,0.39,6.08,0.16,58858,373799.73,147
2026-07-27 00:00:00,AMBALALSA,AMBALAL SARABHAI ENT L,32.40,32.50,30.98,31.59,32.39,-2.47,1.52,4.69,0.03,58849,1859786.47,887
2026-07-27 00:00:00,IRMENERGY,IRM ENERGY LIMITED,255.05,265.00,255.00,258.80,254.55,1.67,10.00,3.92,0.20,58820,15261038.00,1945
2026-07-27 00:00:00,GODAVARIB,GODAVARI BIOREFINERIES L,279.45,283.85,272.80,273.90,278.90,-1.79,11.05,3.95,0.20,58628,16244775.95,2202
2026-07-27 00:00:00,RAMCOCEM,THE RAMCO CEMENTS LIMITED,907.00,926.00,907.00,919.75,914.80,0.54,19.00,2.09,-0.85,58579,53834743.90,9751
2026-07-27 00:00:00,SAURASHCEM,SAURASHTRA CEMENT LIMITED,55.74,58.80,55.74,57.93,55.66,4.08,3.06,5.49,0.14,58445,3382003.29,1633
2026-07-27 00:00:00,CIFL,CAPITAL INDIA FINANCE LTD,21.34,21.34,19.56,20.12,20.05,0.35,1.78,8.34,6.43,58357,1181959.65,470
2026-07-27 00:00:00,HPL,HPL ELECTRIC & POWER LTD,334.95,341.95,334.95,339.75,333.50,1.87,7.00,2.09,0.43,58133,19727167.35,1695
2026-07-27 00:00:00,GODREJIND,GODREJ INDUSTRIES LTD,1332.20,1352.50,1328.00,1332.90,1332.20,0.05,24.50,1.84,0.00,57846,77511856.10,7920
2026-07-27 00:00:00,JHS,JHS SVEND. LAB. LTD,7.41,7.75,7.34,7.40,7.49,-1.20,0.41,5.53,-1.07,57649,428685.33,130
2026-07-27 00:00:00,MAMATA,MAMATA MACHINERY LIMITED,398.00,398.00,379.10,380.75,395.45,-3.72,18.90,4.75,0.64,56905,21929280.95,1790
2026-07-27 00:00:00,TNTELE,TAMILNADU TELECOMMUNICATI,9.14,9.29,8.86,9.09,9.14,-0.55,0.43,4.70,0.00,56569,507134.90,140
2026-07-27 00:00:00,OSWALGREEN,OSWAL GREENTECH LIMITED,21.03,21.27,20.86,21.17,20.71,2.22,0.41,1.95,1.55,56565,1194201.54,512
2026-07-27 00:00:00,OSWALSEEDS,SHREEOSWAL S AND CHE LTD,10.15,10.21,10.02,10.10,10.03,0.70,0.19,1.87,1.20,56180,569664.39,135
2026-07-27 00:00:00,SMLMAH,SML MAHINDRA LIMITED,3909.80,3995.00,3872.00,3903.80,3844.40,1.55,123.00,3.15,1.70,55979,219709760.00,7628
2026-07-27 00:00:00,RAMAPHO,RAMA PHOSPHATES LIMITED,134.00,134.90,129.11,130.90,131.10,-0.15,5.79,4.32,2.21,55794,7357900.92,687
2026-07-27 00:00:00,DODLA,DODLA DAIRY LIMITED,1025.00,1043.90,1019.10,1031.90,1061.20,-2.76,24.80,2.42,-3.41,55675,57526745.80,5876
2026-07-27 00:00:00,SOLARINDS,SOLAR INDUSTRIES (I) LTD,18612.00,18706.00,18350.00,18628.00,18494.00,0.72,356.00,1.91,0.64,55560,1031465992.00,14300
2026-07-27 00:00:00,HDFCGROWTH,HDFCAMC - HDFCGROWTH,115.89,118.27,115.89,117.96,115.89,1.79,2.38,2.05,0.00,55525,6526851.98,376
2026-07-27 00:00:00,MASPTOP50,MIRAEAMC - MASPTOP50,78.09,78.09,78.09,78.09,79.53,-1.81,0.00,0.00,-1.81,54798,4279175.82,157
2026-07-27 00:00:00,GRINDWELL,GRINDWELL NORTON LIMITED,2017.70,2028.00,1951.00,2014.60,2011.60,0.15,77.00,3.82,0.30,54759,109141599.90,9083
2026-07-27 00:00:00,LANCORHOL,LANCOR HOLDINGS LIMITED,25.51,26.19,25.06,25.30,25.81,-1.98,1.13,4.43,-1.16,54742,1395038.43,857
2026-07-27 00:00:00,GROWWMOM50,GROWWAMC - GROWWMOM50,10.70,10.70,10.53,10.62,10.53,0.85,0.17,1.59,1.61,54643,578824.46,505
2026-07-27 00:00:00,ARENTERP,RAJDARSHAN INDUSTRIES LTD,47.00,47.00,38.67,41.10,44.24,-7.10,8.33,17.72,6.24,54339,2281547.43,796
2026-07-27 00:00:00,HEIDELBERG,HEIDELBERGCEMENT (I) LTD,156.79,159.00,156.79,158.06,156.41,1.05,2.21,1.41,0.24,54269,8562211.98,1349
2026-07-27 00:00:00,BIKAJI,BIKAJI FOODS INTERN LTD,626.15,643.20,626.15,641.25,630.70,1.67,17.05,2.72,-0.72,54084,34643205.20,7999
2026-07-27 00:00:00,CENTEXT,CENTURY EXTRUSIONS LTD,18.92,19.07,18.61,18.70,18.95,-1.32,0.46,2.43,-0.16,53987,1015889.03,555
2026-07-27 00:00:00,HDFCNIFBAN,HDFCAMC - HDFCNIFBAN,58.87,59.00,58.59,58.79,58.45,0.58,0.41,0.70,0.72,53737,3158729.18,502
2026-07-27 00:00:00,TOP20,MIRAEAMC - TOP20,8.90,8.90,8.74,8.86,8.73,1.49,0.16,1.80,1.95,53725,474277.88,95
2026-07-27 00:00:00,KALPATARU,KALPATARU LIMITED,267.00,270.35,265.25,267.00,266.35,0.24,5.10,1.91,0.24,53611,14360915.40,2352
2026-07-27 00:00:00,SIS,SIS LIMITED,440.00,440.00,431.75,435.40,437.55,-0.49,8.25,1.88,0.56,53598,23335917.45,3359
2026-07-27 00:00:00,ESCORTS,ESCORTS KUBOTA LIMITED,2936.90,2960.00,2915.40,2954.10,2905.10,1.69,44.60,1.52,1.09,53545,157630449.10,8474
2026-07-27 00:00:00,GNRL,GUJARAT NATURAL RES L,92.95,93.75,91.65,92.09,92.53,-0.48,2.10,2.26,0.45,53339,4934934.90,953
2026-07-27 00:00:00,HATSUN,HATSUN AGRO PRODUCT LTD.,900.00,900.00,868.10,874.65,886.85,-1.38,31.90,3.54,1.48,53203,46471047.20,4786
2026-07-27 00:00:00,HDFCSENSEX,HDFCAMC - HDFCSENSEX,87.38,87.45,86.05,86.95,86.40,0.64,1.40,1.60,1.13,52836,4591713.04,809
2026-07-27 00:00:00,KLBRENG-B,KILBURN ENGINEERING LTD.,442.15,444.35,437.00,439.65,439.50,0.03,7.35,1.66,0.60,52812,23223816.55,2300
2026-07-27 00:00:00,SUPREMEINF,SUPREME INFRA. LTD.,82.53,84.01,79.28,80.29,82.53,-2.71,4.73,5.73,0.00,52721,4310209.89,2171
2026-07-27 00:00:00,SHALBY,SHALBY LIMITED,165.99,167.77,163.17,163.48,163.10,0.23,4.60,2.77,1.77,52497,8638165.82,1168
2026-07-27 00:00:00,BANKBETA,UTIAMC-BANKBETA,60.20,60.20,58.82,59.13,58.74,0.66,1.38,2.29,2.49,52390,3097017.96,543
2026-07-27 00:00:00,SICALLOG,SICAL LOGISTICS LIMITED,100.99,101.92,97.10,101.92,97.07,5.00,4.82,4.77,4.04,52165,5264545.68,426
2026-07-27 00:00:00,OSWALAGRO,OSWAL AGRO MILLS LTD,38.00,39.50,37.10,38.77,37.42,3.61,2.40,6.32,1.55,51731,2019773.53,273
2026-07-27 00:00:00,DOLATALGO,DOLAT ALGOTECH LIMITED,68.85,69.75,68.20,68.39,68.76,-0.54,1.55,2.25,0.13,51681,3550554.96,780
2026-07-27 00:00:00,SUPRAJIT,SUPRAJIT ENGINEERING LTD,484.45,497.00,482.35,491.40,484.45,1.43,14.65,3.02,0.00,51535,25383503.90,4758
2026-07-27 00:00:00,ATULAUTO,ATUL AUTO LIMITED,480.95,487.75,477.10,482.25,473.40,1.87,10.65,2.21,1.59,51508,24875655.90,2357
2026-07-27 00:00:00,BUTTERFLY,BTRFLY GANDHI APPL LTD,763.10,787.45,748.10,766.10,761.90,0.55,39.35,5.16,0.16,51425,39667184.00,3237
2026-07-27 00:00:00,UNICHEMLAB,UNICHEM LABORATORIES LTD,548.90,552.30,538.00,539.95,537.35,0.48,14.30,2.61,2.15,51339,27862522.95,2993
2026-07-27 00:00:00,CONTROLPR,CONTROL PRINT LIMITED,590.00,598.95,588.75,592.00,590.55,0.25,10.20,1.73,-0.09,50615,29940452.65,2801
2026-07-27 00:00:00,SUKHJITS,SUKHJIT STARCH & CHEM LTD,161.40,169.90,160.40,168.76,159.43,5.85,9.50,5.89,1.24,50565,8398670.89,795
2026-07-27 00:00:00,ALKYLAMINE,ALKYL AMINES CHEM. LTD,1801.00,1852.00,1801.00,1821.50,1789.50,1.79,51.00,2.83,0.64,50513,92340465.30,7316
2026-07-27 00:00:00,OMINFRAL,OM INFRA LIMITED,87.25,88.59,86.19,87.04,87.10,-0.07,2.40,2.75,0.17,50494,4420953.79,1091
2026-07-27 00:00:00,TRU,TRUCAP FINANCE LIMITED,4.93,4.94,4.71,4.91,4.88,0.61,0.23,4.67,1.02,50414,244722.49,130
2026-07-27 00:00:00,APLLTD,ALEMBIC PHARMA LTD,824.00,824.00,802.05,814.45,797.60,2.11,21.95,2.66,3.31,50274,40881648.50,5160
2026-07-27 00:00:00,STUDDS,STUDDS ACCESSORIES LTD,454.95,456.60,443.00,444.20,450.60,-1.42,13.60,2.99,0.97,50266,22438417.75,1782
2026-07-27 00:00:00,PRSMJOHNSN,PRISM JOHNSON LIMITED,108.91,109.69,108.20,108.55,108.02,0.49,1.49,1.37,0.82,50253,5467714.57,1305
2026-07-27 00:00:00,ORIENTCER,ORIENT CERATECH LIMITED,40.32,41.67,40.11,40.32,40.77,-1.10,1.56,3.87,-1.10,49940,2034989.75,1319
2026-07-27 00:00:00,REPCOHOME,REPCO HOME FINANCE LTD,388.45,397.20,388.45,391.05,388.40,0.68,8.75,2.25,0.01,49776,19532713.45,1900
2026-07-27 00:00:00,XCHANGING,XCHANGING SOLUTIONS LTD,64.04,65.33,63.96,64.19,64.04,0.23,1.37,2.14,0.00,49616,3199296.04,1087
2026-07-27 00:00:00,BHAGCHEM,BHAGIRADHA CHEM & INDS L,263.45,267.95,260.35,263.30,263.45,-0.06,7.60,2.88,0.00,49552,13070863.80,1157
2026-07-27 00:00:00,BLBLIMITED,BLB LIMITED,16.01,17.27,15.97,16.11,15.70,2.61,1.30,8.12,1.97,49420,813926.69,207
2026-07-27 00:00:00,ASHIANA,ASHIANA HOUSING LTD,388.55,395.00,385.10,386.90,386.70,0.05,9.90,2.55,0.48,49299,19156773.05,2220
2026-07-27 00:00:00,MENNPIS,MENON PISTONS LTD.,75.90,75.90,73.11,73.87,73.97,-0.14,2.79,3.68,2.61,49137,3648572.87,1363
2026-07-27 00:00:00,GLOBECIVIL,GLOBE CIVIL PROJECTS LTD,40.70,41.50,39.61,40.15,39.25,2.29,1.89,4.64,3.69,48971,1987385.67,568
2026-07-27 00:00:00,KANPRPLA,KANPUR PLASTIPACK LIMITED,229.00,229.90,223.00,224.54,221.25,1.49,6.90,3.01,3.50,48793,11022654.26,1456
2026-07-27 00:00:00,STEELCAS,STEELCAST LIMITED,312.50,318.00,306.05,311.45,306.65,1.57,11.95,3.82,1.91,48582,15213801.70,1899
2026-07-27 00:00:00,MIDQ50ADD,DSPAMC - DSPQ50ETF,24.79,24.93,24.77,24.79,24.65,0.57,0.16,0.65,0.57,48426,1201217.54,97
2026-07-27 00:00:00,SEAMECLTD,SEAMEC LIMITED,1435.00,1462.00,1402.00,1411.20,1396.30,1.07,60.00,4.18,2.77,48371,69094957.40,5573
2026-07-27 00:00:00,GUFICBIO,GUFIC BIOSCIENCES LTD.,384.00,386.50,377.60,382.25,378.85,0.90,8.90,2.32,1.36,48311,18526636.55,1785
2026-07-27 00:00:00,WENDT,WENDT (INDIA) LIMITED,8300.00,8600.00,8100.00,8302.50,8074.50,2.82,500.00,6.02,2.79,48101,403029746.50,12111
2026-07-27 00:00:00,SPAL,S. P. APPARELS LIMITED,1020.00,1027.90,993.00,1014.40,1002.80,1.16,34.90,3.42,1.72,48101,48704097.00,4427
2026-07-27 00:00:00,HPAL,HP ADHESIVES LIMITED,33.50,34.56,33.01,33.39,33.29,0.30,1.55,4.63,0.63,47936,1609284.91,798
2026-07-27 00:00:00,FLEXIADD,DSPAMC - FLEXIADD,10.00,10.05,10.00,10.02,9.92,1.01,0.05,0.50,0.81,47419,475360.14,208
2026-07-27 00:00:00,GTPL,GTPL HATHWAY LIMITED,61.60,61.94,59.11,59.86,60.68,-1.35,2.83,4.59,1.52,46906,2814966.01,895
2026-07-27 00:00:00,TIPSFILMS,TIPS FILMS LIMITED,397.85,397.85,371.40,377.25,409.15,-7.80,26.45,6.65,-2.76,46888,17875065.50,2112
2026-07-27 00:00:00,NV20,KOTAKMAMC - KTKNV20ETF,13.91,14.17,13.76,13.95,13.86,0.65,0.41,2.95,0.36,46773,651863.00,241
2026-07-27 00:00:00,ASAL,AUTOMOTIVE STAMPINGS & AS,514.00,519.75,494.20,498.25,508.75,-2.06,25.55,4.97,1.03,46710,23656075.35,2912
2026-07-27 00:00:00,INSECTICID,INSECTICIDES (I) LTD,616.10,645.00,610.00,612.55,616.10,-0.58,35.00,5.68,0.00,46257,28764587.20,4974
2026-07-27 00:00:00,BALMLAWRIE,BALMER LAWRIE & CO LTD,175.60,177.38,175.60,176.65,174.60,1.17,1.78,1.01,0.57,46117,8140239.60,1122
2026-07-27 00:00:00,INDIANHUME,INDIAN HUME PIPE CO. LTD.,394.00,394.90,385.70,387.00,387.15,-0.04,9.20,2.34,1.77,45948,17875890.30,1697
2026-07-27 00:00:00,VALUE,MIRAEAMC - VALUE,16.09,16.10,16.03,16.07,15.99,0.50,0.07,0.44,0.63,45800,735598.36,65
2026-07-27 00:00:00,TAJGVK,TAJ GVK HOTELS & RESORTS,359.90,365.00,357.10,360.10,359.90,0.06,7.90,2.20,0.00,45792,16544620.85,2005
2026-07-27 00:00:00,KAVDEFENCE,KAVVERI DFS & WIR TEC LTD,56.51,58.59,56.51,57.37,57.06,0.54,2.08,3.68,-0.96,45791,2639071.05,858
2026-07-27 00:00:00,ORCHPHARMA,ORCHID PHARMA LIMITED,995.00,1006.10,979.95,987.95,988.60,-0.07,26.15,2.63,0.65,45685,45242600.55,6527
2026-07-27 00:00:00,SUNDARMFIN,SUNDARAM FINANCE LTD,4447.80,4489.00,4380.00,4416.80,4447.80,-0.70,109.00,2.45,0.00,45216,199820875.30,10860
2026-07-27 00:00:00,POKARNA,POKARNA LIMITED,926.00,961.00,926.00,933.30,926.50,0.73,35.00,3.78,-0.05,44988,42385153.50,5877
2026-07-27 00:00:00,VIPIND,VIP INDUSTRIES LTD,295.50,299.55,295.10,296.25,295.40,0.29,4.45,1.51,0.03,44743,13274917.85,1740
2026-07-27 00:00:00,GFLLIMITED,GFL LIMITED,46.70,47.35,46.00,46.95,45.95,2.18,1.35,2.89,1.63,44432,2072071.87,1011
2026-07-27 00:00:00,RPEL,RAGHAV PRODUCTIVITY ENH L,1319.00,1324.50,1284.50,1292.70,1303.20,-0.81,40.00,3.03,1.21,44411,57748792.10,4351
2026-07-27 00:00:00,DANGEE,DANGEE DUMS LIMITED,2.95,3.03,2.88,2.92,2.95,-1.02,0.15,5.08,0.00,44359,129827.84,142
2026-07-27 00:00:00,RAINBOW,RAINBOW CHILDRENS MED LTD,1468.20,1487.00,1464.40,1483.50,1457.80,1.76,22.60,1.54,0.71,44019,65163820.80,7090
2026-07-27 00:00:00,ICEMAKE,ICE MAKE REFRIGERAT LTD,878.05,899.00,858.00,863.25,865.70,-0.28,41.00,4.67,1.43,43856,38296117.80,2794
2026-07-27 00:00:00,DALMIASUG,DALMIA BHARAT SUG IN LTD,361.40,366.95,357.60,358.50,361.95,-0.95,9.35,2.59,-0.15,43852,15784483.45,1697
2026-07-27 00:00:00,GSLSU,GLOBAL SURFACES LIMITED,29.41,29.41,28.85,29.41,28.01,5.00,0.56,1.90,5.00,43770,1286910.46,80
2026-07-27 00:00:00,INNOVACAP,INNOVA CAPTAB LIMITED,948.00,975.90,948.00,970.40,950.45,2.10,27.90,2.94,-0.26,43736,42263999.15,4907
2026-07-27 00:00:00,BANSWRAS,BANSWARA SYNTEX LIMITED,130.40,130.40,122.80,124.33,127.94,-2.82,7.60,5.83,1.92,43662,5481119.01,1079
2026-07-27 00:00:00,SARLAPOLY,SARLA PERF. FIBERS LTD,100.60,102.19,99.18,100.58,100.01,0.57,3.01,2.99,0.59,43638,4364528.19,1304
2026-07-27 00:00:00,BFUTILITIE,BF UTILITIES LIMITED,599.00,599.10,575.95,577.85,580.40,-0.44,23.15,3.86,3.20,43437,25345549.75,2111
2026-07-27 00:00:00,HEALTHADD,DSPAMC - HEALTHADD,16.46,16.68,16.46,16.62,16.40,1.34,0.22,1.34,0.37,43437,720419.67,82
2026-07-27 00:00:00,BIGBLOC,BIGBLOC CONSTRUCTION LTD,47.81,48.39,46.80,46.98,47.75,-1.61,1.59,3.33,0.13,43396,2052349.21,839
2026-07-27 00:00:00,CARYSIL,CARYSIL LIMITED,1161.60,1169.00,1141.00,1154.10,1125.70,2.52,28.00,2.41,3.19,43284,50001917.60,4451
2026-07-27 00:00:00,TSFINV,TSF INVESTMENTS LIMITED,432.80,442.90,428.50,431.60,432.80,-0.28,14.40,3.33,0.00,43276,18758919.00,2606
2026-07-27 00:00:00,PSUBANKADD,DSPAMC - DSPPSBKETF,84.60,85.28,84.25,84.79,84.48,0.37,1.03,1.22,0.14,42707,3621329.50,441
2026-07-27 00:00:00,SUNDRMFAST,SUNDRAM FASTENERS LTD,941.35,964.00,933.50,958.30,940.60,1.88,30.50,3.24,0.08,42536,40653981.95,4244
2026-07-27 00:00:00,MINDTECK,MINDTECK (INDIA) LIMITED,195.98,200.65,192.21,194.68,195.04,-0.18,8.44,4.31,0.48,42494,8367354.23,749
2026-07-27 00:00:00,INTLCONV,INTL CONVEYORS LIMITED,76.20,76.98,73.31,74.93,75.05,-0.16,3.67,4.82,1.53,42439,3194749.75,1097
2026-07-27 00:00:00,BAJAJELEC,BAJAJ ELECT.LTD,330.45,333.90,328.00,329.40,328.90,0.15,5.90,1.79,0.47,42350,13993167.30,2197
2026-07-27 00:00:00,DOMS,DOMS INDUSTRIES LIMITED,2230.00,2279.70,2230.00,2263.50,2221.00,1.91,49.70,2.23,0.41,42006,95087643.70,3788
2026-07-27 00:00:00,AERONEU,AEROFLEX NEU LIMITED,84.96,88.19,84.96,86.64,85.38,1.48,3.23,3.80,-0.49,41956,3652123.90,262
2026-07-27 00:00:00,ALICON,ALICON CASTALLOY LIMITED,649.00,684.75,642.00,678.45,636.35,6.62,42.75,6.59,1.99,41877,28057864.25,3281
2026-07-27 00:00:00,IMFA,INDIAN METALS & FERRO,1360.00,1380.00,1342.20,1371.80,1340.10,2.37,37.80,2.78,1.48,41870,57202938.00,5175
2026-07-27 00:00:00,NURECA,NURECA LIMITED,306.16,317.90,300.61,315.70,301.64,4.66,17.29,5.65,1.50,41738,12924275.53,1242
2026-07-27 00:00:00,RIR,RIR POWER ELECTRONICS L,157.57,161.99,156.70,157.21,157.51,-0.19,5.29,3.36,0.04,41734,6610624.10,1355
2026-07-27 00:00:00,PRIVISCL,PRIVI SPECIALITY CHE LTD,3613.40,3655.00,3585.00,3623.60,3595.20,0.79,70.00,1.94,0.51,41625,150536356.70,6692
2026-07-27 00:00:00,ADOR,ADOR WELDING LTD,1493.10,1531.80,1481.60,1523.00,1493.90,1.95,50.20,3.36,-0.05,41485,62637837.10,5228
2026-07-27 00:00:00,ABSLPSE,BIRLASLAMC-ABSLPSE,10.30,10.56,10.27,10.39,10.33,0.58,0.29,2.82,-0.29,41417,429594.65,346
2026-07-27 00:00:00,BAIDFIN,BAID FINSERV LIMITED,9.85,10.48,9.73,9.86,9.86,0.00,0.75,7.61,-0.10,41221,409988.70,191
2026-07-27 00:00:00,MOMENTUM,BIRLASLAMC - MOMENTUM,30.38,30.79,30.38,30.67,30.38,0.95,0.41,1.35,0.00,41144,1260976.85,206
2026-07-27 00:00:00,HESTERBIO,HESTER BIOSCIENCES LTD,2376.00,2564.90,2376.00,2528.40,2367.40,6.80,188.90,7.95,0.36,41089,103402610.70,5780
2026-07-27 00:00:00,RIIL,RELIANCE INDUSTRIAL INFRA,737.50,742.45,732.00,736.20,729.55,0.91,10.45,1.42,1.09,40985,30231079.90,2001
2026-07-27 00:00:00,MOBANK10,MOTILALAMC - MOBANK10,16.96,17.20,16.86,16.88,16.88,0.00,0.34,2.00,0.47,40918,693146.10,117
2026-07-27 00:00:00,DCI,DC INFOTECH AND COMUN LTD,287.85,299.55,287.85,288.70,287.85,0.30,11.70,4.06,0.00,40862,12057461.65,937
2026-07-27 00:00:00,SAKHTISUG,SAKTHI SUGARS LTD,17.20,17.47,17.14,17.20,17.28,-0.46,0.33,1.92,-0.46,40599,700085.28,271
2026-07-27 00:00:00,RAMKY,RAMKY INFRA LTD,372.60,381.60,372.60,375.20,371.10,1.10,9.00,2.42,0.40,40579,15325006.85,1266
2026-07-27 00:00:00,STYRENIX,STYRENIX PERFORMANCE LTD,2498.00,2514.80,2462.20,2476.00,2455.00,0.86,52.60,2.11,1.75,40493,100840320.50,5418
2026-07-27 00:00:00,VIRINCHI,VIRINCHI LIMITED,15.51,16.00,15.43,15.49,15.53,-0.26,0.57,3.68,-0.13,40417,627355.38,203
2026-07-27 00:00:00,ARMANFIN,ARMAN FIN SERV LTD,1930.10,2000.00,1930.10,1993.40,1917.30,3.97,69.90,3.62,0.67,40012,78856736.20,4764
2026-07-27 00:00:00,ANMOL,ANMOL INDIA LIMITED,10.20,10.25,9.95,10.04,10.14,-0.99,0.30,2.94,0.59,39972,400941.15,225
2026-07-27 00:00:00,JKCEMENT,JK CEMENT LIMITED,5699.50,5749.00,5631.00,5730.00,5649.00,1.43,118.00,2.07,0.89,39940,228406023.00,13985
2026-07-27 00:00:00,KOTARISUG,KOTHARI SUG & CHEM LTD.,24.15,24.94,24.15,24.84,24.45,1.60,0.79,3.27,-1.23,39790,985681.25,231
2026-07-27 00:00:00,PVTBANKADD,DSPAMC - DSPPVBKETF,27.88,27.94,27.70,27.81,27.74,0.25,0.24,0.86,0.50,39736,1104120.66,226
2026-07-27 00:00:00,KMEW,KNOWLEDGE MARINE & EN W L,2430.30,2478.90,2400.00,2427.80,2430.30,-0.10,78.90,3.25,0.00,39707,97059181.20,7716
2026-07-27 00:00:00,SURAKSHA,SURAKSHA DIAGNOSTIC LTD,253.00,257.90,248.50,249.60,252.95,-1.32,9.40,3.72,0.02,39484,9969655.10,1329
2026-07-27 00:00:00,SHEKHAWATI,SHEKHAWATI INDUSTRIES LTD,12.23,12.96,11.78,12.63,11.78,7.22,1.18,9.65,3.82,39443,495498.07,191
2026-07-27 00:00:00,INDIQUBE,INDIQUBE SPACES LIMITED,184.50,184.50,176.00,177.51,181.31,-2.10,8.50,4.61,1.76,39427,7111842.48,1100
2026-07-27 00:00:00,SUYOG,SUYOG TELEMATICS LIMITED,860.00,896.00,849.30,885.40,850.45,4.11,46.70,5.43,1.12,39422,34737259.05,2760
2026-07-27 00:00:00,ELM250,EDELAMC - ELM250,16.46,16.88,16.45,16.69,16.38,1.89,0.43,2.61,0.49,39273,652021.23,193
2026-07-27 00:00:00,TRIGYN,TRIGYN TECHNOLOGIES LTD,53.20,54.99,52.62,53.41,54.50,-2.00,2.37,4.45,-2.39,39125,2109166.60,897
2026-07-27 00:00:00,KSCL,KAVERI SEED CO. LTD.,846.00,847.40,831.00,832.70,835.50,-0.34,16.40,1.94,1.26,39047,32671440.70,2838
2026-07-27 00:00:00,ZOTA,ZOTA HEALTH CARE LIMITED,1277.60,1298.30,1262.10,1283.10,1258.40,1.96,36.20,2.83,1.53,39042,49970790.30,3672
2026-07-27 00:00:00,SBIBPB,SBIAMC - SBIBPB,48.32,49.00,48.01,48.26,48.32,-0.12,0.99,2.05,0.00,38973,1893091.74,434
2026-07-27 00:00:00,INFOMEDIA,INFOMEDIA PRESS LIMITED,5.75,5.75,5.18,5.45,5.57,-2.15,0.57,9.91,3.23,38681,210403.75,126
2026-07-27 00:00:00,ORKLAINDIA,ORKLA INDIA LIMITED,556.75,572.20,556.05,568.90,556.75,2.18,16.15,2.90,0.00,38630,21882365.05,5803
2026-07-27 00:00:00,NIBE,NIBE LIMITED,1506.00,1560.00,1481.50,1494.20,1504.30,-0.67,78.50,5.21,0.11,38476,57879255.30,3202
2026-07-27 00:00:00,MADRASFERT,MADRAS FERTILISERS LTD,65.70,67.29,65.70,66.55,66.35,0.30,1.59,2.42,-0.98,38460,2564640.79,568
2026-07-27 00:00:00,MOHEALTH,MOTILALAMC - MOHEALTH,50.24,53.00,50.02,51.54,50.24,2.59,2.98,5.93,0.00,38313,1953595.65,571
2026-07-27 00:00:00,ERIS,ERIS LIFESCIENCES LIMITED,1399.00,1414.00,1386.10,1403.50,1400.60,0.21,27.90,1.99,-0.11,38227,53473270.90,11280
2026-07-27 00:00:00,KOLTEPATIL,KOLTE PATIL DEV. LTD.,398.00,398.00,384.60,386.60,391.25,-1.19,13.40,3.37,1.73,38187,14859524.00,1798
2026-07-27 00:00:00,MUFTI,CREDO BRANDS MARKETING L,84.28,86.00,83.40,84.25,82.92,1.60,2.60,3.08,1.64,38027,3199180.09,960
2026-07-27 00:00:00,SCPL,SHEETAL COOL PRODUCTS LTD,570.25,607.00,568.60,599.30,570.85,4.98,38.40,6.73,-0.11,37999,22552547.95,1504
2026-07-27 00:00:00,SURANAT&P,SURANA TELECOM AND POW LT,18.68,18.90,18.11,18.12,18.25,-0.71,0.79,4.23,2.36,37999,696795.18,284
2026-07-27 00:00:00,BLUEDART,BLUE DART EXPRESS LTD,4935.80,5129.20,4922.90,5114.20,4911.50,4.13,206.30,4.18,0.49,37705,190580777.50,6920
2026-07-27 00:00:00,NITINSPIN,NITIN SPINNERS LIMITED,537.00,545.90,535.90,539.85,535.20,0.87,10.00,1.86,0.34,37676,20345195.25,1741
2026-07-27 00:00:00,WCIL,WESTERN CARRIERS (IND) L,90.37,91.70,90.20,91.06,89.98,1.20,1.50,1.66,0.43,37552,3416596.52,829
2026-07-27 00:00:00,ALMONDZ,ALMONDZ GLOBAL SEC LTD,13.10,13.10,12.82,12.98,12.86,0.93,0.28,2.14,1.87,37496,488330.57,165
2026-07-27 00:00:00,SHRIPISTON,SPR AUTO TECHNOLOGIES LTD,4172.50,4279.00,4172.50,4241.80,4159.90,1.97,106.50,2.55,0.30,37326,158232831.90,8303
2026-07-27 00:00:00,SALZERELEC,SALZER ELECTRONICS LTD,585.00,592.00,571.45,573.85,575.95,-0.36,20.55,3.51,1.57,37291,21475966.55,1946
2026-07-27 00:00:00,MOVALUE,MOTILALAMC - MOVALUE,113.27,113.70,113.10,113.54,112.70,0.75,0.60,0.53,0.51,37211,4219589.25,831
2026-07-27 00:00:00,CENTURYPLY,CENTURY PLYBOARDS (I) LTD,808.00,808.00,785.25,792.65,792.20,0.06,22.75,2.82,1.99,37113,29441667.55,5526
2026-07-27 00:00:00,SKFINDIA,SKF INDIA LTD,1500.00,1500.00,1470.00,1481.40,1484.80,-0.23,30.00,2.00,1.02,37000,54738721.90,6869
2026-07-27 00:00:00,KAPSTON,KAPSTON SERVICES LIMITED,467.00,468.55,452.65,460.20,460.70,-0.11,15.90,3.40,1.37,36890,16963445.60,1532
2026-07-27 00:00:00,JITFINFRA,JITF INFRALOGISTICS LTD,370.00,373.95,347.15,350.35,365.40,-4.12,26.80,7.24,1.26,36661,12993713.85,899
2026-07-27 00:00:00,LIKHITHA,LIKHITHA INFRASTRUC LTD,224.00,236.00,216.80,230.30,226.60,1.63,19.20,8.57,-1.15,36538,8400678.45,1365
2026-07-27 00:00:00,SAMBHAAV,SAMBHAAV MEDIA LTD,6.25,6.64,6.15,6.33,6.11,3.60,0.49,7.84,2.29,36534,229900.81,79
2026-07-27 00:00:00,PFIZER,PFIZER LTD,4623.60,4713.00,4602.10,4692.60,4623.60,1.49,110.90,2.40,0.00,36458,170228639.90,8378
2026-07-27 00:00:00,GYFTR,GYFTR LIMITED,151.97,152.27,145.00,148.63,149.51,-0.59,7.27,4.78,1.65,36262,5357106.52,750
2026-07-27 00:00:00,AWHCL,ANTONY WASTE HDG CELL LTD,440.00,442.00,434.55,440.00,433.40,1.52,7.45,1.69,1.52,36238,15864670.90,2182
2026-07-27 00:00:00,SAATVIKGL,SAATVIK GREEN ENERGY LTD,441.50,448.40,440.55,442.95,440.55,0.54,7.85,1.78,0.22,36176,16045048.35,2023
2026-07-27 00:00:00,HGINFRA,H.G.INFRA ENGINEERING LTD,538.30,545.45,538.30,539.80,536.85,0.55,7.15,1.33,0.27,36021,19463992.10,2918
2026-07-27 00:00:00,RKEC,RKEC PROJECTS LIMITED,27.29,28.70,26.50,26.96,26.73,0.86,2.20,8.06,2.10,35907,988194.28,236
2026-07-27 00:00:00,BLIL,BALMER LAWRIE INVSTS. L,70.44,70.44,69.82,69.97,69.88,0.13,0.62,0.88,0.80,35697,2499861.24,569
2026-07-27 00:00:00,AJAXENGG,AJAX ENGINEERING LIMITED,568.00,576.00,560.75,566.85,567.60,-0.13,15.25,2.68,0.07,35689,20267557.80,2888
2026-07-27 00:00:00,KSOLVES,KSOLVES INDIA LIMITED,283.00,286.50,278.00,279.50,280.90,-0.50,8.50,3.00,0.75,35524,9968210.50,1925
2026-07-27 00:00:00,KKCL,KEWAL KIRAN CLOTHING LTD,509.40,513.45,498.00,501.95,502.30,-0.07,15.45,3.03,1.41,35517,17984254.05,1679
2026-07-27 00:00:00,CUBEXTUB,CUBEX TUBINGS LTD,77.80,78.98,77.01,77.43,76.99,0.57,1.97,2.53,1.05,35436,2759475.91,642
2026-07-27 00:00:00,ADROITINFO,ADROIT INFOTECH LIMITED,9.25,9.69,8.66,9.15,9.25,-1.08,1.03,11.14,0.00,35328,319995.28,145
2026-07-27 00:00:00,AKG,AKG EXIM LIMITED,10.51,10.79,9.80,9.99,10.46,-4.49,0.99,9.42,0.48,34939,360966.16,333
2026-07-27 00:00:00,ULTRAMAR,ULTRAMARINE & PIGMENTS L,379.50,385.00,372.30,374.95,379.50,-1.20,12.70,3.35,0.00,34925,13210114.80,3939
2026-07-27 00:00:00,BUILDPRO,SHANKARA BUILDPRO LIMITED,1236.20,1258.00,1205.00,1219.30,1236.20,-1.37,53.00,4.29,0.00,34679,42990246.40,3636
2026-07-27 00:00:00,MAXESTATES,MAX ESTATES LIMITED,390.00,399.90,385.50,395.45,387.15,2.14,14.40,3.69,0.74,34563,13681380.00,2141
2026-07-27 00:00:00,VASWANI,VASWANI IND LTD,53.01,53.75,52.12,52.68,52.52,0.30,1.63,3.07,0.93,34446,1828842.90,1091
2026-07-27 00:00:00,RACLGEAR,RACL GEARTECH LIMITED,1315.50,1386.00,1312.00,1332.20,1315.50,1.27,74.00,5.63,0.00,34422,45908389.60,2725
2026-07-27 00:00:00,5PAISA,5PAISA CAPITAL LIMITED,375.45,381.95,368.00,369.25,373.10,-1.03,13.95,3.72,0.63,34073,12633362.85,1737
2026-07-27 00:00:00,EXPLEOSOL,EXPLEO SOLUTIONS LIMITED,793.00,824.95,793.00,812.00,801.55,1.30,31.95,4.03,-1.07,34009,27345781.20,2811
2026-07-27 00:00:00,SIMPLEXINF,SIMPLEX INFRASTRUCTURES L,239.25,242.70,235.55,237.95,239.25,-0.54,7.15,2.99,0.00,33878,8085486.75,1020
2026-07-27 00:00:00,CENTUM,CENTUM ELECTRONICS LTD,3600.00,3669.40,3490.00,3503.10,3593.80,-2.52,179.40,4.98,0.17,33847,119996728.30,8573
2026-07-27 00:00:00,GUJTHEM,GUJARAT THEMIS BIOSYN LTD,360.50,369.90,355.90,360.75,360.50,0.07,14.00,3.88,0.00,33813,12249918.50,1412
2026-07-27 00:00:00,GALAPREC,GALA PRECISION ENG LTD,1151.90,1192.00,1147.20,1164.20,1146.30,1.56,44.80,3.89,0.49,33678,39409077.90,3817
2026-07-27 00:00:00,DSSL,DYNACONS SYS & SOLN LTD,1270.90,1298.80,1224.10,1231.60,1240.60,-0.73,74.70,5.88,2.44,33482,42005374.10,3206
2026-07-27 00:00:00,PVSL,POPULAR VEHICLES N SER L,106.90,109.00,106.08,108.25,106.01,2.11,2.92,2.73,0.84,33294,3589423.59,737
2026-07-27 00:00:00,ALLTIME,ALL TIME PLASTICS LIMITED,224.80,229.80,222.00,226.87,220.87,2.72,7.80,3.47,1.78,33287,7495771.70,1161
2026-07-27 00:00:00,RMC,RMC SWITCHGEARS LIMITED,272.10,279.40,262.30,265.65,268.05,-0.90,17.10,6.28,1.51,33262,9018580.00,1388
2026-07-27 00:00:00,THEMISMED,THEMIS MEDICARE LTD.,110.64,112.81,107.35,107.93,109.86,-1.76,5.46,4.93,0.71,33238,3632151.29,1373
2026-07-27 00:00:00,AMDIND,AMD INDUSTRIES LIMITED,49.30,50.29,47.22,47.57,49.68,-4.25,3.07,6.23,-0.76,33076,1613433.49,323
2026-07-27 00:00:00,MUNJALSHOW,MUNJAL SHOWA LTD,135.82,138.50,135.82,136.93,135.82,0.82,2.68,1.97,0.00,33075,4534622.19,784
2026-07-27 00:00:00,MUTHOOTCAP,MUTHOOT CAP SERV LTD,216.00,221.41,212.16,215.09,213.77,0.62,9.25,4.28,1.04,32932,7126444.38,684
2026-07-27 00:00:00,AVADHSUGAR,AVADH SUG & ENERGY LTD,516.00,547.45,516.00,533.75,525.35,1.60,31.45,6.09,-1.78,32832,17649900.35,1624
2026-07-27 00:00:00,XPROINDIA,XPRO INDIA LIMITED,1399.00,1406.00,1378.20,1394.10,1386.20,0.57,27.80,1.99,0.92,32790,45761355.40,2182
2026-07-27 00:00:00,GANESHCP,GANESH CONSUMER PRODUCT L,173.70,174.58,168.10,169.90,171.84,-1.13,6.48,3.73,1.08,32572,5585296.39,987
2026-07-27 00:00:00,VESUVIUS,VESUVIUS INDIA LTD,450.05,457.65,449.20,450.95,452.30,-0.30,8.45,1.88,-0.50,32405,14646914.65,3004
2026-07-27 00:00:00,MANAKALUCO,MANAK ALUMINIUM CO. LTD.,35.58,36.69,34.97,35.20,35.23,-0.09,1.72,4.83,0.99,32269,1145497.28,569
2026-07-27 00:00:00,SIGMA,SIGMA SOLVE LIMITED,38.01,38.67,37.41,37.93,38.07,-0.37,1.26,3.31,-0.16,32228,1227272.60,642
2026-07-27 00:00:00,ADVAIT,ADVAIT ENRGY TRANSITION L,2280.00,2336.90,2254.50,2314.80,2252.40,2.77,82.40,3.61,1.23,32104,73988620.70,5129
2026-07-27 00:00:00,SHREEPUSHK,SHRE PUSH CHEM & FERT LTD,390.05,395.40,383.00,388.15,386.85,0.34,12.40,3.18,0.83,31992,12496047.55,1250
2026-07-27 00:00:00,SOLEX,SOLEX ENERGY LIMITED,938.00,987.00,931.40,939.60,938.00,0.17,55.60,5.93,0.00,31977,30554593.90,3213
2026-07-27 00:00:00,MONTECARLO,MONTE CARLO FASHIONS LTD.,539.65,552.00,539.65,546.85,537.10,1.82,12.35,2.29,0.47,31887,17428572.70,1962
2026-07-27 00:00:00,INCREDIBLE,INCREDIBLE INDUSTRIES LTD,34.49,35.37,32.56,33.44,33.39,0.15,2.81,8.15,3.29,31816,1075832.03,153
2026-07-27 00:00:00,INGERRAND,INGERSOLL-RAND INDIA LTD,4374.00,4442.00,4323.10,4378.90,4354.30,0.56,118.90,2.72,0.45,31797,140391318.40,3232
2026-07-27 00:00:00,RUPA,RUPA & COMPANY LTD,163.51,166.28,163.51,164.00,163.19,0.50,2.77,1.69,0.20,31691,5214974.26,1217
2026-07-27 00:00:00,KAMATHOTEL,KAMAT HOTELS (I) LTD,169.13,172.35,168.08,169.83,169.11,0.43,4.27,2.52,0.01,31689,5380708.28,1203
2026-07-27 00:00:00,BRNL,BHARAT ROAD NETWORK LTD,18.40,18.40,17.38,17.59,18.06,-2.60,1.02,5.54,1.88,31146,551780.31,348
2026-07-27 00:00:00,LIBAS,LIBAS CONSU PRODUCTS LTD,10.55,10.55,10.02,10.12,10.04,0.80,0.53,5.02,5.08,31100,315849.91,117
2026-07-27 00:00:00,MAHSEAMLES,MAHARASHTRA SEAMLESS LTD,574.60,581.40,573.40,576.85,571.55,0.93,8.00,1.39,0.53,30834,17828574.10,3298
2026-07-27 00:00:00,HDFCQUAL,HDFCAMC - HDFCQUAL,57.10,58.18,57.10,58.07,57.45,1.08,1.08,1.89,-0.61,30052,1745222.41,148
2026-07-27 00:00:00,NRAIL,N R AGARWAL INDS LTD,520.00,534.40,472.50,478.60,508.95,-5.96,61.90,11.90,2.17,30020,15154222.35,1906
2026-07-27 00:00:00,DEVX,DEV ACCELERATOR LIMITED,33.23,35.05,33.23,34.16,33.90,0.77,1.82,5.48,-1.98,29916,1019373.50,200
2026-07-27 00:00:00,MOMOMENTUM,MOTILALAMC - MOMOMENTUM,61.07,62.00,60.95,61.48,60.95,0.87,1.05,1.72,0.20,29914,1837625.61,424
2026-07-27 00:00:00,PTL,PTL ENTERPRISES LTD,39.26,40.35,39.06,39.42,39.26,0.41,1.29,3.29,0.00,29842,1177544.04,827
2026-07-27 00:00:00,WONDERLA,WONDERLA HOLIDAYS LTD.,474.85,475.15,466.10,467.75,468.75,-0.21,9.05,1.91,1.30,29812,14028597.00,1676
2026-07-27 00:00:00,BETA,BETA DRUGS LIMITED,2365.00,2365.00,2225.60,2230.70,2315.60,-3.67,139.40,5.89,2.13,29565,66845393.60,4413
2026-07-27 00:00:00,DMCC,DMCC SPECIALITY CHEMICALS,275.75,279.00,265.60,271.05,272.75,-0.62,13.40,4.86,1.10,29552,8080447.50,1100
2026-07-27 00:00:00,SASKEN,SASKEN TECHNOLOGIES LTD,1871.00,1911.90,1800.00,1819.00,1821.00,-0.11,111.90,5.98,2.75,29549,54662024.80,2279
2026-07-27 00:00:00,SUPERHOUSE,SUPERHOUSE LIMITED,154.20,162.89,154.20,157.12,154.97,1.39,8.69,5.64,-0.50,29541,4666269.57,797
2026-07-27 00:00:00,PONNIERODE,PONNIE SUGARS (ERODE) LTD,314.90,317.95,310.10,311.50,316.00,-1.42,7.85,2.49,-0.35,29277,9148658.80,706
2026-07-27 00:00:00,SIYSIL,SIYARAM SILK MILLS LTD,609.70,626.60,609.70,624.70,609.45,2.50,16.90,2.77,0.04,29239,18209443.35,2209
2026-07-27 00:00:00,HALDER,HALDER VENTURE LIMITED,234.54,238.02,231.03,233.71,234.54,-0.35,6.99,2.98,0.00,29160,6865440.60,392
2026-07-27 00:00:00,LPDC,LANDMARK PR.DEV.CO.LTD,6.10,6.42,6.00,6.11,6.10,0.16,0.42,6.89,0.00,28889,175974.77,105
2026-07-27 00:00:00,DGCONTENT,DIGICONTENT LIMITED,24.62,25.43,24.03,24.99,24.10,3.69,1.40,5.69,2.16,28749,717585.41,60
2026-07-27 00:00:00,BBTC,BOMBAY BURMAH TRADING COR,1461.90,1501.20,1461.90,1496.60,1458.20,2.63,39.30,2.69,0.25,28710,42928750.70,4517
2026-07-27 00:00:00,PVTBKGROWW,GROWWAMC - PVTBKGROWW,27.90,27.95,27.11,27.55,27.35,0.73,0.84,3.01,2.01,28408,781470.86,1354
2026-07-27 00:00:00,AVTNPL,AVT NATURAL PRODUCTS LTD,69.10,71.76,69.10,70.22,70.02,0.29,2.66,3.85,-1.31,28276,1996681.93,627
2026-07-27 00:00:00,ADVANIHOTR,ADVANI HOT.& RES.(I) LTD,51.00,53.52,51.00,52.25,51.12,2.21,2.52,4.94,-0.23,28086,1460959.25,588
2026-07-27 00:00:00,DREAMFOLKS,DREAMFOLKS SERVICES LTD,66.40,68.50,66.40,67.54,67.03,0.76,2.10,3.16,-0.94,28055,1894562.62,582
2026-07-27 00:00:00,ROHLTD,ROYAL ORCHID HOTELS LTD,315.75,323.90,311.00,322.35,310.95,3.67,12.90,4.09,1.54,27913,8894573.00,712
2026-07-27 00:00:00,ANUHPHR,ANUH PHARMA LIMITED,79.10,81.50,79.10,80.68,79.07,2.04,2.40,3.03,0.04,27827,2228924.49,637
2026-07-27 00:00:00,NEULANDLAB,NEULAND LAB LTD.,18600.00,19145.00,18471.00,18994.00,18546.00,2.42,674.00,3.62,0.29,27760,525410421.00,11676
2026-07-27 00:00:00,NAHARPOLY,NAHAR POLY FILMS LIMITED,273.80,283.00,272.00,279.55,273.80,2.10,11.00,4.02,0.00,27752,7749855.80,788
2026-07-27 00:00:00,AGARIND,AGARWAL INDS CORP LTD.,477.90,493.75,477.90,483.55,477.70,1.22,15.85,3.32,0.04,27672,13427068.50,1574
2026-07-27 00:00:00,INTERARCH,INTERARCH BLDNG SOLTN LTD,1800.00,1850.00,1800.00,1827.10,1799.30,1.55,50.00,2.78,0.04,27618,50550764.20,3612
2026-07-27 00:00:00,HEALTHX,HEALTH X PLATFORM LIMITED,333.70,333.70,304.50,313.55,312.85,0.22,29.20,8.75,6.66,27401,8550721.55,1009
2026-07-27 00:00:00,HEALTHCARE,MIRAEAMC - HEALTHCARE,20.96,21.87,20.96,21.33,20.96,1.77,0.91,4.34,0.00,27231,579271.02,162
2026-07-27 00:00:00,VIDHIING,VIDHI SPCLTY F INGRDNTS L,314.85,320.00,310.00,315.15,310.55,1.48,10.00,3.18,1.38,27107,8508082.40,589
2026-07-27 00:00:00,ATLANTAA,ATLANTAA LIMITED,35.71,38.65,35.26,35.36,35.18,0.51,3.39,9.49,1.51,27048,971009.26,1129
2026-07-27 00:00:00,FRONTSP,FRONTIER SPRINGS LTD.,1349.90,1446.40,1336.40,1380.80,1328.80,3.91,110.00,8.15,1.59,27004,37624807.50,4105
2026-07-27 00:00:00,PAVNAIND,PAVNA INDUSTRIES LIMITED,16.46,16.46,15.75,16.22,16.09,0.81,0.71,4.31,2.30,26945,436152.63,164
2026-07-27 00:00:00,SECURKLOUD,SECUREKLOUD TECH LIMITED,18.45,18.45,17.21,17.51,17.47,0.23,1.24,6.72,5.61,26703,475558.31,94
2026-07-27 00:00:00,VOLTAMP,VOLTAMP TRANSFORMERS LTD,9219.00,9242.00,9078.00,9183.00,9180.00,0.03,164.00,1.78,0.42,26700,244708152.00,11242
2026-07-27 00:00:00,MAANALU,MAAN ALUMINIUM LIMITED,113.60,116.88,113.60,114.21,114.86,-0.57,3.28,2.89,-1.10,26594,3059936.94,558
2026-07-27 00:00:00,RAJTV,RAJ TV NETWORK LTD,11.89,11.98,11.66,11.81,11.67,1.20,0.32,2.69,1.89,26518,312628.59,163
2026-07-27 00:00:00,LAXMICOT,LAXMI COTSPIN LIMITED,14.50,14.99,14.25,14.37,14.12,1.77,0.74,5.10,2.69,26446,383479.10,70
2026-07-27 00:00:00,RUBFILA,RUBFILA INTERNATIONAL LTD,73.08,73.75,70.01,72.34,73.08,-1.01,3.74,5.12,0.00,26296,1893644.43,312
2026-07-27 00:00:00,EXCELINDUS,EXCEL INDUSTRIES LTD,940.90,997.95,927.00,982.15,932.15,5.36,70.95,7.54,0.94,26284,25604256.00,2261
2026-07-27 00:00:00,BFINVEST,BF INVESTMENT LIMITED,467.00,468.00,457.65,460.10,460.05,0.01,10.35,2.22,1.51,26054,12067888.15,964
2026-07-27 00:00:00,SINCLAIR,SINCLAIRS HOTELS LIMITED,75.50,75.94,73.05,73.65,74.77,-1.50,2.89,3.83,0.98,25889,1920241.30,292
2026-07-27 00:00:00,DIVGIITTS,DIVGI TORQTRANSFER SYST L,958.00,974.95,930.00,962.35,945.60,1.77,44.95,4.69,1.31,25653,24685192.45,2795
2026-07-27 00:00:00,REMSONSIND,REMSONS INDUSTRIES LTD,79.70,80.81,79.00,79.63,78.31,1.69,1.81,2.27,1.77,25643,2045735.58,736
2026-07-27 00:00:00,SIKA,SIKA INTERPLANT SYSTEMS L,1148.00,1159.50,1115.00,1123.50,1139.60,-1.41,44.50,3.88,0.74,25631,28968497.20,3148
2026-07-27 00:00:00,MONIFTY100,MOTILALAMC - MONIFTY100,25.41,25.41,25.00,25.27,25.00,1.08,0.41,1.61,1.64,25592,645382.17,68
2026-07-27 00:00:00,HECPROJECT,HEC INFRA PROJECTS LTD,140.20,144.00,135.35,137.70,139.46,-1.26,8.65,6.17,0.53,25331,3540996.09,560
2026-07-27 00:00:00,SUBROS,SUBROS LIMITED,785.00,795.90,783.55,788.00,781.95,0.77,12.35,1.57,0.39,25232,19910224.05,2071
2026-07-27 00:00:00,LAGNAM,LAGNAM SPINTEX LIMITED,90.31,92.01,88.80,90.38,90.31,0.08,3.21,3.55,0.00,25151,2266804.02,200
2026-07-27 00:00:00,AHLUCONT,AHLUWALIA CONT IND LTD,836.05,843.95,824.00,830.65,827.70,0.36,19.95,2.39,1.01,25094,20830623.85,3492
2026-07-27 00:00:00,KAYA,KAYA LIMITED,285.00,287.99,281.02,282.22,282.63,-0.15,6.97,2.45,0.84,24755,7018927.68,579
2026-07-27 00:00:00,MAKEINDIA,MIRAEAMC - MAMFGETF,161.85,163.15,161.73,163.08,161.52,0.97,1.42,0.88,0.20,24626,4010643.87,351
2026-07-27 00:00:00,TCC,TCC CONCEPT LIMITED,282.00,282.30,265.15,269.20,271.95,-1.01,17.15,6.08,3.70,24543,6630242.80,1312
2026-07-27 00:00:00,KENNAMET,KENNAMETAL INDIA LIMITED,2783.40,2860.50,2783.40,2837.30,2782.90,1.95,77.10,2.77,0.02,24487,69368994.10,2816
2026-07-27 00:00:00,TOLINS,TOLINS TYRES LIMITED,103.00,104.34,102.55,102.89,102.70,0.19,1.79,1.74,0.29,24367,2514826.33,449
2026-07-27 00:00:00,AHLADA,AHLADA ENGINEERS LIMITED,37.50,38.79,35.70,36.52,38.01,-3.92,3.09,8.24,-1.34,24231,896106.46,300
2026-07-27 00:00:00,BOROSCI,BOROSIL SCIENTIFIC LTD,152.25,156.00,152.25,154.37,152.09,1.50,3.75,2.46,0.11,24215,3739695.28,948
2026-07-27 00:00:00,TVSELECT,TVS ELECTRONICS LTD,498.00,507.45,493.00,494.00,496.65,-0.53,14.45,2.90,0.27,24104,12033779.95,1182
2026-07-27 00:00:00,KNAGRI,KN AGRI RESOURCES LIMITED,219.00,227.00,212.43,221.46,213.64,3.66,14.57,6.65,2.51,24096,5301367.25,665
2026-07-27 00:00:00,DRCSYSTEMS,DRC SYSTEMS INDIA LIMITED,13.27,13.69,13.21,13.58,13.41,1.27,0.48,3.62,-1.04,24048,322324.49,193
2026-07-27 00:00:00,IGARASHI,IGARASHI MOTORS INDIA LTD,463.90,463.90,452.00,455.65,456.10,-0.10,11.90,2.57,1.71,23795,10860484.80,1545
2026-07-27 00:00:00,FINKURVE,FINKURVE FINANCIAL SERV L,63.90,64.99,60.57,61.52,62.15,-1.01,4.42,6.92,2.82,23723,1468757.31,472
2026-07-27 00:00:00,DCMSHRIRAM,DCM SHRIRAM LIMITED,1016.60,1035.90,1012.60,1032.90,1005.80,2.69,23.30,2.29,1.07,23674,24348290.30,4304
2026-07-27 00:00:00,RML,RANE (MADRAS) LIMITED,1139.50,1186.60,1125.00,1149.00,1130.40,1.65,61.60,5.41,0.81,23632,27485024.40,3437
2026-07-27 00:00:00,WINDLAS,WINDLAS BIOTECH LIMITED,871.00,874.00,853.00,857.50,857.95,-0.05,21.00,2.41,1.52,23569,20320673.85,3572
2026-07-27 00:00:00,ORICONENT,ORICON ENTERPRISES LTD,55.03,55.87,53.90,54.35,55.03,-1.24,1.97,3.58,0.00,23561,1282237.19,460
2026-07-27 00:00:00,MMP,MMP INDUSTRIES LIMITED,284.25,287.80,281.95,285.05,281.70,1.19,5.85,2.06,0.91,23515,6690019.70,592
2026-07-27 00:00:00,SMALLADD,DSPAMC - SMALLADD,17.77,17.95,17.77,17.94,17.67,1.53,0.18,1.01,0.57,23494,420258.84,106
2026-07-27 00:00:00,RADAAN,RADAAN MEDIAWORKS (I) LTD,2.88,2.88,2.78,2.79,2.88,-3.12,0.10,3.47,0.00,23468,66316.77,83
2026-07-27 00:00:00,SHRADHA,SHRADHA REALTY LIMITED,35.79,35.79,34.50,34.86,34.79,0.20,1.29,3.60,2.87,23358,818956.05,150
2026-07-27 00:00:00,MODIS,MODIS NAVNIRMAN LTD,397.05,404.45,385.00,388.45,392.10,-0.93,19.45,4.90,1.26,23204,9114497.25,794
2026-07-27 00:00:00,GARFIBRES,GARWARE TECH FIBRES LTD,751.40,760.00,747.50,753.00,748.45,0.61,12.50,1.66,0.39,23157,17419386.60,2537
2026-07-27 00:00:00,AARTISURF,AARTI SURFACTANTS LIMITED,381.60,408.90,381.60,398.30,381.60,4.38,27.30,7.15,0.00,23122,9253681.95,1645
2026-07-27 00:00:00,ICRA,ICRA LIMITED,4801.00,4871.00,4731.00,4745.00,4804.00,-1.23,140.00,2.92,-0.06,23027,110184342.50,6997
2026-07-27 00:00:00,KSL,KALYANI STEELS LIMITED,895.80,906.80,886.30,895.95,892.95,0.34,20.50,2.29,0.32,23019,20613326.35,2247
2026-07-27 00:00:00,CORALFINAC,CORAL INDIA FIN & HOUS LT,32.66,34.70,32.22,33.65,32.50,3.54,2.48,7.59,0.49,22993,767247.47,269
2026-07-27 00:00:00,SANGAMIND,SANGAM (INDIA) LTD,625.10,625.95,610.20,612.55,615.85,-0.54,15.75,2.52,1.50,22980,14134191.65,1615
2026-07-27 00:00:00,LASA,LASA SUPERGENERICS LTD,6.98,7.18,6.76,6.82,6.94,-1.73,0.42,6.02,0.58,22892,156944.94,148
2026-07-27 00:00:00,MANAKSTEEL,MANAKSIA STEELS LTD,73.00,73.50,69.50,69.97,70.72,-1.06,4.00,5.48,3.22,22889,1615281.08,221
2026-07-27 00:00:00,SRTL,SHREE RAM TWISTEX LIMITED,40.29,41.30,40.00,40.87,40.28,1.46,1.30,3.23,0.02,22847,926490.02,239
2026-07-27 00:00:00,HAVISHA,SRI HAVISHA HOSP & INFR L,1.25,1.25,1.20,1.21,1.23,-1.63,0.05,4.00,1.63,22781,27705.85,65
2026-07-27 00:00:00,MAITHANALL,MAITHAN ALLOYS LTD,965.00,983.00,961.80,966.30,959.30,0.73,21.20,2.20,0.59,22763,22053525.90,2001
2026-07-27 00:00:00,INFRA,MIRAEAMC - INFRA,12.14,12.16,12.08,12.13,12.05,0.66,0.08,0.66,0.75,22664,274615.46,130
2026-07-27 00:00:00,MID150,KOTAKMAMC - MID150,23.08,23.35,22.93,23.27,23.08,0.82,0.42,1.82,0.00,22485,523374.49,238
2026-07-27 00:00:00,BOSCHLTD,BOSCH LIMITED,41905.00,42165.00,41130.00,41250.00,41755.00,-1.21,1035.00,2.47,0.36,22295,927284380.00,8849
2026-07-27 00:00:00,ELGIRUBCO,ELGI RUBBER CO. LTD,56.50,56.90,55.20,56.62,54.58,3.74,1.70,3.01,3.52,22265,1251652.74,443
2026-07-27 00:00:00,BBL,BHARAT BIJLEE LTD,2549.00,2594.90,2521.30,2562.00,2519.40,1.69,73.60,2.89,1.17,22173,56921598.80,3044
2026-07-27 00:00:00,TCI,TRANSPORT CORPN OF INDIA,932.75,936.00,918.00,932.30,917.75,1.59,18.00,1.93,1.63,22111,20587375.15,2636
2026-07-27 00:00:00,INDNIPPON,INDIA NIPPON ELECT  LTD,1203.00,1229.20,1191.60,1198.90,1198.00,0.08,37.60,3.13,0.42,22084,26698077.00,2230
2026-07-27 00:00:00,DEVIT,DEV INFO TECHNOLOGY LTD,26.00,26.80,26.00,26.08,26.07,0.04,0.80,3.08,-0.27,21903,574460.91,248
2026-07-27 00:00:00,FMGOETZE,FEDERAL-MOGUL GOETZE (IND,486.05,486.95,478.45,483.75,478.85,1.02,8.50,1.75,1.50,21821,10545924.85,721
2026-07-27 00:00:00,IRIS,IRIS REGTECH SOLUTION LTD,248.50,254.40,241.55,244.25,244.50,-0.10,12.85,5.17,1.64,21765,5379035.75,699
2026-07-27 00:00:00,ORIENTALTL,ORIENTAL TRIMEX LTD,5.34,5.45,5.27,5.32,5.31,0.19,0.18,3.37,0.56,21731,116133.37,193
2026-07-27 00:00:00,ACCELYA,ACCELYA SOLN INDIA LTD,1175.00,1180.00,1150.00,1160.40,1158.90,0.13,30.00,2.55,1.39,21267,24813364.20,2683
2026-07-27 00:00:00,TREEHOUSE,TREE HOUSE EDU LTD,6.39,6.48,6.25,6.46,6.35,1.73,0.23,3.60,0.63,21205,136395.64,91
2026-07-27 00:00:00,MOMIDMTM,MOTILALAMC - MOMIDMTM,62.83,63.50,62.64,63.14,62.64,0.80,0.86,1.37,0.30,21067,1326630.22,226
2026-07-27 00:00:00,KSR,KSR FOOTWEAR LIMITED,30.11,30.69,28.21,28.51,29.52,-3.42,2.48,8.24,2.00,21014,606643.29,159
2026-07-27 00:00:00,UTTAMSUGAR,UTTAM SUGAR MILLS LTD.,228.46,231.11,228.15,228.71,228.46,0.11,2.96,1.30,0.00,21010,4816463.82,773
2026-07-27 00:00:00,HERANBA,HERANBA INDUSTRIES LTD,176.00,179.09,173.10,175.94,174.96,0.56,5.99,3.40,0.59,20953,3690208.61,789
2026-07-27 00:00:00,SKFINDUS,SKF IND (INDUSTRIAL) LTD,2732.50,2761.70,2698.20,2714.00,2731.20,-0.63,63.50,2.32,0.05,20891,56826384.70,4404
2026-07-27 00:00:00,VINATIORGA,VINATI ORGANICS LTD,1329.00,1329.00,1306.10,1313.60,1300.10,1.04,22.90,1.72,2.22,20783,27333764.20,2432
2026-07-27 00:00:00,ORIENTBELL,ORIENT BELL LIMITED,321.60,332.00,320.20,327.20,319.50,2.41,11.80,3.67,0.66,20779,6786566.25,890
2026-07-27 00:00:00,FIBERWEB,FIBERWEB INDIA LIMITED,30.43,30.80,29.66,30.68,30.43,0.82,1.14,3.75,0.00,20763,626103.88,133
2026-07-27 00:00:00,MONEXT50,MOTILALAMC - MONEXT50,72.26,72.58,72.07,72.56,72.07,0.68,0.51,0.71,0.26,20734,1502753.20,39
2026-07-27 00:00:00,AAVAS,AAVAS FINANCIERS LIMITED,1398.00,1398.00,1380.30,1390.60,1379.00,0.84,17.70,1.27,1.38,20553,28579278.50,4544
2026-07-27 00:00:00,TRANSPEK,TRANSPEK INDUSTRY LTD,1082.90,1122.30,1057.55,1110.30,1064.90,4.26,64.75,5.98,1.69,20432,22561454.40,2350
2026-07-27 00:00:00,LGHL,LAXMI GOLDORNA HOUSE LTD,206.00,212.99,204.00,205.19,203.91,0.63,8.99,4.36,1.02,20414,4221426.42,267
2026-07-27 00:00:00,TVTODAY,TV TODAY NETWORK LTD,117.00,119.00,116.30,117.60,116.45,0.99,2.70,2.31,0.47,20370,2392279.70,640
2026-07-27 00:00:00,TRAVELFOOD,TRAVEL FOOD SERVICES LTD,1286.30,1304.90,1270.00,1276.40,1286.30,-0.77,34.90,2.71,0.00,20370,26275494.40,2441
2026-07-27 00:00:00,INDBANK,INDBANK MERCH BANK,33.37,33.48,33.01,33.10,33.21,-0.33,0.47,1.41,0.48,20250,671616.99,362
2026-07-27 00:00:00,INNOVISION,INNOVISION LIMITED,285.65,290.00,282.40,283.55,285.30,-0.61,7.60,2.66,0.12,20237,5753573.35,982
2026-07-27 00:00:00,AFSL,ABANS FINANCIAL SRVCS LTD,201.01,201.95,201.00,201.03,201.00,0.01,0.95,0.47,0.00,20213,4066860.08,134
2026-07-27 00:00:00,CORONA,CORONA REMEDIES LIMITED,2126.80,2140.00,2086.60,2098.20,2113.00,-0.70,53.40,2.51,0.65,20186,42624377.60,4646
2026-07-27 00:00:00,SURAJLTD,SURAJ LIMITED,225.00,247.00,215.40,219.13,221.30,-0.98,31.60,14.04,1.67,20090,4554039.19,343
2026-07-27 00:00:00,STCINDIA,THE STATE TRADING CORPN,119.00,120.75,118.00,118.40,117.89,0.43,2.75,2.31,0.94,20013,2377993.86,478
2026-07-27 00:00:00,JAYSREETEA,JAYSHREE TEA & INDUSTRIES,82.38,82.40,80.00,80.53,80.68,-0.19,2.40,2.91,2.11,19965,1613655.45,415
2026-07-27 00:00:00,MAFATIND,MAFATLAL INDUSTRIES LTD.,134.90,135.00,133.65,134.51,132.90,1.21,1.35,1.00,1.50,19820,2663469.86,507
2026-07-27 00:00:00,KPL,KWALITY PHARMACEUTICALS L,2829.90,2830.00,2700.90,2708.00,2781.70,-2.65,129.10,4.56,1.73,19615,54139459.10,3398
2026-07-27 00:00:00,CLSEL,CHAMAN LAL SETIA EXP LTD,280.90,287.80,276.00,279.30,279.80,-0.18,11.80,4.20,0.39,19609,5496141.75,926
2026-07-27 00:00:00,RPPINFRA,R.P.P INFRA PROJECTS LTD,62.26,64.53,61.50,62.15,61.50,1.06,3.03,4.87,1.24,19583,1222948.39,408
2026-07-27 00:00:00,SAGARDEEP,SAGARDEEP ALLOYS LIMITED,26.48,26.48,24.32,24.96,25.16,-0.79,2.16,8.16,5.25,19495,486024.38,148
2026-07-27 00:00:00,DECCANCE,DECCAN CEMENTS LIMITED,576.90,576.90,542.00,545.30,553.65,-1.51,34.90,6.05,4.20,19411,10643450.00,852
2026-07-27 00:00:00,SUNDROP,SUNDROP BRANDS LIMITED,688.00,696.95,678.10,682.55,687.05,-0.65,18.85,2.74,0.14,19408,13306134.15,841
2026-07-27 00:00:00,LINC,LINC LIMITED,101.56,104.37,101.56,102.83,102.67,0.16,2.81,2.77,-1.08,19327,1991089.48,430
2026-07-27 00:00:00,PRABHA,PRABHA ENERGY LIMITED,142.14,145.50,139.01,142.02,139.86,1.54,6.49,4.57,1.63,19298,2741355.59,384
2026-07-27 00:00:00,TIMKEN,TIMKEN INDIA LTD.,3144.60,3168.60,3100.10,3126.90,3127.00,-0.00,68.50,2.18,0.56,19146,60014845.30,5156
2026-07-27 00:00:00,UNIENTER,UNIPHOS ENTERPRISES LTD,100.00,102.87,96.25,97.64,98.27,-0.64,6.62,6.62,1.76,19064,1883819.63,730
2026-07-27 00:00:00,ALPA,ALPA LABORATORIES LTD,67.17,69.00,65.60,66.58,67.17,-0.88,3.40,5.06,0.00,19033,1276794.27,320
2026-07-27 00:00:00,PITTIENG,PITTI ENGINEERING LIMITED,923.20,935.00,921.80,930.70,920.65,1.09,13.20,1.43,0.28,18937,17580104.00,1681
2026-07-27 00:00:00,JISLDVREQS,JAIN DVR EQUITY SHARES,21.78,22.10,21.32,21.92,21.28,3.01,0.78,3.58,2.35,18803,411962.99,53
2026-07-27 00:00:00,NDLVENTURE,NDL VENTURES LIMITED,125.16,127.00,120.10,121.16,125.06,-3.12,6.90,5.51,0.08,18769,2310026.49,402
2026-07-27 00:00:00,ARVSMART,ARVIND SMARTSPACES LTD,608.80,612.00,595.05,599.70,608.80,-1.49,16.95,2.78,0.00,18714,11259112.25,899
2026-07-27 00:00:00,KINGFA,KINGFA SCI & TEC IND LTD.,5114.00,5484.50,5101.00,5128.50,5212.00,-1.60,383.50,7.50,-1.88,18705,98298708.50,4373
2026-07-27 00:00:00,MOTOUR,MOTILALAMC - MOTOUR,77.29,78.97,77.29,78.81,77.30,1.95,1.68,2.17,-0.01,18426,1446393.43,181
2026-07-27 00:00:00,MAJESAUT,MAJESTIC AUTO LTD.,430.00,435.00,426.15,429.15,422.80,1.50,8.85,2.06,1.70,18307,7868347.65,982
2026-07-27 00:00:00,INTENTECH,INTENSE TECHNOLOGIES LTD,90.00,92.90,88.50,89.02,90.45,-1.58,4.40,4.89,-0.50,18288,1644999.03,362
2026-07-27 00:00:00,BOSCH-HCIL,BOSCH HOME COMFRT IND LTD,1330.00,1348.90,1322.10,1332.90,1332.80,0.01,26.80,2.02,-0.21,18246,24363587.90,980
2026-07-27 00:00:00,AYMSYNTEX,AYM SYNTEX LIMITED,238.01,242.99,229.98,235.27,234.49,0.33,13.01,5.47,1.50,18228,4253900.09,941
2026-07-27 00:00:00,VINYLINDIA,VINYL CHEMICALS (I) LTD.,244.00,256.65,243.80,251.20,242.65,3.52,12.85,5.27,0.56,18149,4565379.40,799
2026-07-27 00:00:00,SIL,STANDARD INDUSTRIES LTD.,15.89,16.39,15.81,16.22,15.89,2.08,0.58,3.65,0.00,18124,294115.59,216
2026-07-27 00:00:00,LOVABLE,LOVABLE LINGERIE LTD,72.95,73.40,70.60,71.21,71.96,-1.04,2.80,3.84,1.38,17873,1276317.82,363
2026-07-27 00:00:00,EIMCOELECO,EIMCO ELECON (INDIA) LTD,1822.20,1844.00,1800.10,1829.80,1789.20,2.27,43.90,2.41,1.84,17827,32529710.00,2635
2026-07-27 00:00:00,DHARMAJ,DHARMAJ CROP GUARD LTD,261.10,264.20,258.00,260.15,260.95,-0.31,6.20,2.37,0.06,17825,4628928.50,1191
2026-07-27 00:00:00,LGBBROSLTD,LG BALAKRISHNAN & BROS,1540.40,1575.00,1536.70,1553.80,1540.40,0.87,38.30,2.49,0.00,17755,27660346.40,2227
2026-07-27 00:00:00,DIAMONDYD,PRATAAP SNACKS LIMITED,1111.40,1122.80,1080.50,1097.60,1111.40,-1.24,42.30,3.81,0.00,17731,19557865.20,1589
2026-07-27 00:00:00,TCIEXP,TCI EXPRESS LIMITED,561.45,568.90,557.90,561.35,561.15,0.04,11.00,1.96,0.05,17695,9926051.50,1454
2026-07-27 00:00:00,TREL,TRANSINDIA REAL ESTATE L,24.56,24.99,24.14,24.41,24.32,0.37,0.85,3.46,0.99,17651,431794.55,306
2026-07-27 00:00:00,BALAJEE,SHREE TIRUPATI BALAJEE L,28.00,28.00,27.01,27.13,27.07,0.22,0.99,3.54,3.44,17501,477364.27,166
2026-07-27 00:00:00,VINDHYATEL,VINDHYA TELELINKS LTD,1905.00,1920.30,1870.00,1907.50,1886.00,1.14,50.30,2.64,1.01,17478,33210250.50,3062
2026-07-27 00:00:00,SHARDAMOTR,SHARDA MOTOR INDS LTD,834.00,847.00,831.30,834.55,826.45,0.98,15.70,1.88,0.91,17392,14570759.65,2100
2026-07-27 00:00:00,NOVARTIND,NOVARTIS INDIA LIMITED,1689.80,1689.80,1616.60,1631.00,1641.20,-0.62,73.20,4.33,2.96,17325,28571359.50,2614
2026-07-27 00:00:00,LINDEINDIA,LINDE INDIA LIMITED,6752.00,6810.00,6726.00,6766.50,6731.00,0.53,84.00,1.24,0.31,17244,116658184.00,4973
2026-07-27 00:00:00,RATNAMANI,RATNAMANI MET & TUB LTD.,2400.80,2435.70,2395.10,2404.30,2394.50,0.41,40.60,1.69,0.26,17021,40964971.50,6182
2026-07-27 00:00:00,SHANTI,SHANTI OVERSEAS INDIA LTD,7.07,7.20,6.68,6.87,7.07,-2.83,0.52,7.36,0.00,16941,117335.69,79
2026-07-27 00:00:00,CRAFTSMAN,CRAFTSMAN AUTOMATION LTD,9312.00,9414.50,9293.50,9327.00,9284.00,0.46,121.00,1.30,0.30,16833,157066168.50,4854
2026-07-27 00:00:00,SPECTRUM,SPECTRUM ELECTRIC IND LTD,2298.80,2298.80,2187.70,2203.10,2281.60,-3.44,111.10,4.83,0.75,16799,37350722.80,2489
2026-07-27 00:00:00,EMULTIMQ,EDELAMC - EMULTIMQ,41.70,41.70,40.80,40.92,40.76,0.39,0.90,2.16,2.31,16747,685732.79,201
2026-07-27 00:00:00,AARVI,AARVI ENCON LIMITED,155.50,160.99,155.01,157.32,154.89,1.57,5.98,3.85,0.39,16612,2628627.32,704
2026-07-27 00:00:00,CPL,CAPTAIN POLYPLAST LIMITED,71.00,75.74,70.20,70.81,69.84,1.39,5.54,7.80,1.66,16526,1174349.27,377
2026-07-27 00:00:00,BOHRAIND,BOHRA INDUSTRIES LIMITED,12.02,13.25,12.02,13.16,12.62,4.28,1.23,10.23,-4.75,16496,213172.37,70
2026-07-27 00:00:00,AURUS,AURUS GEM CORP LIMITED,4.71,4.88,4.70,4.74,4.80,-1.25,0.18,3.82,-1.87,16484,78175.45,93
2026-07-27 00:00:00,SHILCTECH,SHILCHAR TECHNOLOGIES LTD,4315.00,4416.60,4225.50,4407.10,4267.70,3.27,191.10,4.43,1.11,16459,71617097.60,3938
2026-07-27 00:00:00,RRIL,R R I L LTD.,17.20,17.20,16.30,16.45,16.63,-1.08,0.90,5.23,3.43,16410,272370.48,99
2026-07-27 00:00:00,HDFCLOWVOL,HDFCAMC - HDFCLOWVOL,20.70,20.79,20.69,20.73,20.53,0.97,0.10,0.48,0.83,16396,339666.36,120
2026-07-27 00:00:00,KOKUYOCMLN,KOKUYO CAMLIN LIMITED,86.70,86.70,83.89,85.86,83.87,2.37,2.81,3.24,3.37,16269,1385156.67,225
2026-07-27 00:00:00,ROSSELLIND,ROSSELL INDIA LIMITED,58.01,60.83,58.01,58.89,58.94,-0.08,2.82,4.86,-1.58,16220,962308.60,899
2026-07-27 00:00:00,CINEVISTA,CINEVISTA LIMITED,15.29,15.89,15.10,15.32,15.29,0.20,0.79,5.17,0.00,16198,249955.58,94
2026-07-27 00:00:00,RPGLIFE,RPG LIFE SCIENCES LTD,2920.50,2984.90,2900.00,2928.10,2937.00,-0.30,84.90,2.91,-0.56,16187,47509296.90,2321
2026-07-27 00:00:00,VRAJ,VRAJ IRON AND STEEL LTD,130.80,131.97,128.21,128.50,129.21,-0.55,3.76,2.87,1.23,16135,2093365.97,764
2026-07-27 00:00:00,LUXIND,LUX INDUSTRIES LIMITED,1228.90,1255.00,1227.10,1246.60,1226.60,1.63,27.90,2.27,0.19,15993,19845710.50,1498
2026-07-27 00:00:00,HGS,HINDUJA GLOBAL SOLS. LTD.,428.80,432.55,420.00,422.55,422.55,0.00,12.55,2.93,1.48,15933,6751421.65,1059
2026-07-27 00:00:00,SAMPANN,SAMPANN UTPADAN INDIA LTD,28.35,28.39,27.31,27.64,27.57,0.25,1.08,3.81,2.83,15932,443620.08,320
2026-07-27 00:00:00,RUSTOMJEE,KEYSTONE REALTORS LIMITED,405.75,414.50,401.55,409.60,399.75,2.46,12.95,3.19,1.50,15906,6489780.85,1017
2026-07-27 00:00:00,MONEYBOXX,MONEYBOXX FINANCE LIMITED,61.90,61.90,56.51,59.01,59.97,-1.60,5.39,8.71,3.22,15866,931873.42,643
2026-07-27 00:00:00,DYNPRO,DYNEMIC PRODUCTS LIMITED,234.90,244.00,230.40,238.21,231.33,2.97,13.60,5.79,1.54,15783,3727220.57,449
2026-07-27 00:00:00,ELECTHERM,ELECTROTHERM (I) LTD.,1039.00,1047.00,1000.00,1030.20,1008.20,2.18,47.00,4.52,3.05,15666,16036113.80,1388
2026-07-27 00:00:00,TARAPUR,TARAPUR TRANSFORMERS LTD,18.25,18.25,17.67,17.74,18.16,-2.31,0.58,3.18,0.50,15607,277528.18,139
2026-07-27 00:00:00,CELEBRITY,CELEBRITY FASHIONS LTD,7.37,7.37,6.95,6.99,7.04,-0.71,0.42,5.70,4.69,15600,110879.60,115
2026-07-27 00:00:00,NUCLEUS,NUCLEUS SOFTWARE EXPORTS,738.10,740.00,730.00,731.50,724.55,0.96,10.00,1.35,1.87,15565,11433434.30,1275
2026-07-27 00:00:00,BIRLANU,BIRLANU LIMITED,1351.90,1395.00,1334.10,1368.00,1351.90,1.19,60.90,4.50,0.00,15526,21231252.80,1855
2026-07-27 00:00:00,SINGERIND,SINGER INDIA LIMITED,67.00,67.20,66.05,66.47,65.82,0.99,1.15,1.72,1.79,15495,1032541.51,624
2026-07-27 00:00:00,SUMEETINDS,SUMEET IND LIMITED,27.34,27.34,27.34,27.34,28.77,-4.97,0.00,0.00,-4.97,15398,420981.32,149
2026-07-27 00:00:00,VENTIVE,VENTIVE HOSPITALITY LTD,621.90,622.90,613.60,617.80,617.75,0.01,9.30,1.50,0.67,15381,9508564.80,891
2026-07-27 00:00:00,GILLETTE,GILLETTE INDIA LTD,7850.00,8100.00,7829.00,7940.50,7828.50,1.43,271.00,3.45,0.27,15054,119428636.00,5124
2026-07-27 00:00:00,SCHAND,S CHAND AND COMPANY LTD,147.69,149.80,146.55,147.86,147.69,0.12,3.25,2.20,0.00,15004,2216238.80,491
2026-07-27 00:00:00,PTCIL,PTC INDUSTRIES LIMITED,17832.00,18250.00,17732.00,17923.00,17732.00,1.08,518.00,2.90,0.56,14951,269417301.00,5287
2026-07-27 00:00:00,SAFARI,SAFARI IND (INDIA) LTD,1541.00,1600.60,1541.00,1594.20,1538.90,3.59,59.60,3.87,0.14,14865,23504594.00,2364
2026-07-27 00:00:00,GMBREW,G M BREWERIES LTD,913.95,913.95,897.00,905.60,904.45,0.13,16.95,1.85,1.05,14741,13371324.50,1629
2026-07-27 00:00:00,CROWN,CROWN LIFTERS LIMITED,116.00,117.87,112.15,112.51,114.38,-1.63,5.72,4.93,1.42,14628,1667114.81,271
2026-07-27 00:00:00,AROGRANITE,ARO GRANITE IND. LTD.,25.49,25.74,24.10,25.25,25.01,0.96,1.64,6.43,1.92,14513,363411.62,102
2026-07-27 00:00:00,ISGEC,ISGEC HEAVY ENG LTD,861.40,872.00,854.65,859.25,855.60,0.43,17.35,2.01,0.68,14481,12506083.30,1922
2026-07-27 00:00:00,BAYERCROP,BAYER CROPSCIENCE LTD,4268.00,4277.90,4220.00,4238.50,4217.50,0.50,57.90,1.36,1.20,14477,61376778.40,3138
2026-07-27 00:00:00,BAJAJINDEF,INDEF MANUFACTURING LTD,231.80,239.90,230.30,230.85,230.25,0.26,9.60,4.14,0.67,14350,3322268.25,379
2026-07-27 00:00:00,PANSARI,PANSARI DEVELOPERS LTD,359.30,360.00,336.25,340.25,355.20,-4.21,23.75,6.61,1.15,14342,4961519.80,518
2026-07-27 00:00:00,ANIKINDS,ANIK INDUSTRIES LTD,43.00,46.30,41.75,42.27,40.70,3.86,4.55,10.58,5.65,14299,625522.18,316
2026-07-27 00:00:00,ESENSEX,EDELAMC - ESENSEX,77.54,77.54,76.70,77.19,76.72,0.61,0.84,1.08,1.07,14180,1092629.10,15
2026-07-27 00:00:00,BIRLAPREC,BIRLA PRECISION TECH L,34.20,35.10,34.01,34.21,34.19,0.06,1.09,3.19,0.03,14104,484207.38,307
2026-07-27 00:00:00,ENEXT50,EDELAMC - ENEXT50,71.77,72.45,71.77,72.45,71.72,1.02,0.68,0.95,0.07,14057,1016581.84,9
2026-07-27 00:00:00,GSEC10YEAR,MIRAEAMC - MAGS813ETF,30.44,30.60,30.23,30.60,30.44,0.53,0.37,1.22,0.00,13859,421209.46,35
2026-07-27 00:00:00,JAYAGROGN,JAYANT AGRO ORGANICS LTD,222.32,237.00,219.11,232.68,222.32,4.66,17.89,8.05,0.00,13851,3148216.13,400
2026-07-27 00:00:00,NCLIND,NCL INDUSTRIES LIMITED,185.65,187.00,183.21,185.59,184.67,0.50,3.79,2.04,0.53,13681,2533133.28,565
2026-07-27 00:00:00,TFL,TRANSWARRANTY FIN. LTD.,11.19,11.35,10.58,11.17,10.41,7.30,0.77,6.88,7.49,13657,151254.01,71
2026-07-27 00:00:00,GUJAPOLLO,GUJ. APOLLO IND. LTD.,374.00,374.00,356.05,359.20,364.35,-1.41,17.95,4.80,2.65,13651,4962319.90,2027
2026-07-27 00:00:00,UMESLTD,USHA MARTIN EDU & SOL LTD,5.55,5.55,5.14,5.36,5.39,-0.56,0.41,7.39,2.97,13427,72486.91,77
2026-07-27 00:00:00,GOACARBON,GOA CARBON LIMITED,378.80,381.80,374.00,376.35,375.65,0.19,7.80,2.06,0.84,13395,5059397.00,535
2026-07-27 00:00:00,MANAKSIA,MANAKSIA LTD.,55.82,58.97,55.26,56.02,55.82,0.36,3.71,6.65,0.00,13352,755160.28,306
2026-07-27 00:00:00,ZUARIIND,ZUARI INDUSTRIES LIMITED,257.95,261.80,252.10,255.60,257.00,-0.54,9.70,3.76,0.37,13344,3432278.30,539
2026-07-27 00:00:00,DYNAMATECH,DYNAMATIC TECHNOLOGIES,10507.00,10779.00,10466.00,10546.00,10458.00,0.84,313.00,2.98,0.47,13287,141493185.00,4591
2026-07-27 00:00:00,BANKADD,DSPAMC - DSPBANK,58.58,58.67,58.25,58.45,58.08,0.64,0.42,0.72,0.86,13270,775217.17,155
2026-07-27 00:00:00,ITAXIS,AXISAMC-ITAXIS,319.33,325.00,318.76,323.94,316.49,2.35,6.24,1.95,0.90,13220,4279229.71,496
2026-07-27 00:00:00,MANGLMCEM,MANGALAM CEMENT LTD,985.05,997.20,981.00,984.70,984.05,0.07,16.20,1.64,0.10,13172,13022033.25,641
2026-07-27 00:00:00,BATLIBOI,BATLIBOI LTD.,87.64,87.85,83.04,84.46,84.93,-0.55,4.81,5.49,3.19,12928,1093372.95,232
2026-07-27 00:00:00,LINCOLN,LINCOLN PHARMA LTD,584.00,592.45,578.10,582.10,580.00,0.36,14.35,2.46,0.69,12914,7552480.70,1113
2026-07-27 00:00:00,SOMATEX,SOMA TEXTILES & INDUST LT,105.55,105.55,98.42,99.53,101.06,-1.51,7.13,6.76,4.44,12803,1292853.15,270
2026-07-27 00:00:00,PODDARMENT,PODDAR PIGMENTS LIMITED,265.62,269.98,249.71,252.74,263.98,-4.26,20.27,7.63,0.62,12740,3286328.20,539
2026-07-27 00:00:00,LEXUS,LEXUS GRANITO (INDIA) LTD,15.28,15.35,14.80,14.97,15.13,-1.06,0.55,3.60,0.99,12698,190109.74,148
2026-07-27 00:00:00,ISFT,INTRASOFT TECH. LTD,79.20,79.20,75.05,77.07,76.24,1.09,4.15,5.24,3.88,12671,982319.56,174
2026-07-27 00:00:00,SHIVATEX,SHIVA TEXYARN LIMITED,152.40,154.80,150.50,154.75,154.92,-0.11,4.30,2.82,-1.63,12670,1932054.32,71
2026-07-27 00:00:00,GROWWLOVOL,GROWWAMC - GROWWLOVOL,10.49,10.52,10.25,10.50,10.35,1.45,0.27,2.57,1.35,12655,132588.94,134
2026-07-27 00:00:00,CCHHL,COUNTRY CLUB HOSP HOL LTD,12.46,12.85,12.46,12.69,12.74,-0.39,0.39,3.13,-2.20,12626,161114.61,100
2026-07-27 00:00:00,SBINMID150,SBIAMC - SBINMID150,23.02,23.25,22.89,22.95,22.80,0.66,0.36,1.56,0.96,12561,289027.68,263
2026-07-27 00:00:00,SUPREME,SUPREME HOLDIN N HOSP I L,45.00,45.50,44.42,44.58,45.27,-1.52,1.08,2.40,-0.60,12502,560078.62,154
2026-07-27 00:00:00,METROBRAND,METRO BRANDS LIMITED,1023.80,1039.90,1023.80,1031.70,1021.90,0.96,16.10,1.57,0.19,12365,12759096.20,2187
2026-07-27 00:00:00,SHREECEM,SHREE CEMENT LIMITED,26960.00,27040.00,26620.00,26860.00,26740.00,0.45,420.00,1.56,0.82,12362,332393310.00,5956
2026-07-27 00:00:00,SPLIL,SPL INDUSTRIES LIMITED,31.01,31.90,30.80,30.92,31.25,-1.06,1.10,3.55,-0.77,12261,380581.92,57
2026-07-27 00:00:00,RAJSREESUG,RAJSHREE SUGAR & CHEMICAL,30.60,31.39,29.97,30.83,29.97,2.87,1.42,4.64,2.10,12214,375036.30,155
2026-07-27 00:00:00,BALKRISHNA,BALKRISHNA PAPER MILLS L,17.71,18.40,17.40,17.54,17.54,0.00,1.00,5.65,0.97,12176,221098.50,60
2026-07-27 00:00:00,YASHO,YASHO INDUSTRIES LIMITED,3145.40,3201.10,3045.00,3092.60,3072.00,0.67,156.10,4.96,2.39,12164,37556393.50,2654
2026-07-27 00:00:00,CSLFINANCE,CSL FINANCE LIMITED,219.00,219.00,215.00,217.24,213.84,1.59,4.00,1.83,2.41,12113,2626686.66,388
2026-07-27 00:00:00,SRD,SHANKAR LAL RAMPAL LTD,37.97,38.00,37.20,37.63,37.92,-0.76,0.80,2.11,0.13,12087,456381.71,118
2026-07-27 00:00:00,RAMANEWS,SHREE RAMA NEWSPRINT LTD,28.74,29.10,28.10,28.52,28.57,-0.18,1.00,3.48,0.60,12069,344203.19,94
2026-07-27 00:00:00,TEXMOPIPES,TEXMO PIPE & PRODUCTS LTD,45.48,45.48,42.95,43.47,43.04,1.00,2.53,5.56,5.67,11906,522684.01,196
2026-07-27 00:00:00,RVHL,RAVINDER HEIGHTS LIMITED,46.00,46.50,45.13,45.53,45.87,-0.74,1.37,2.98,0.28,11867,542887.94,104
2026-07-27 00:00:00,HGM,HANDSON GBL MNGMNT LTD,46.90,53.90,45.00,52.40,46.73,12.13,8.90,18.98,0.36,11777,594114.20,114
2026-07-27 00:00:00,ANUP,THE ANUP ENGINEERING LTD,2119.60,2156.20,2115.00,2144.40,2119.60,1.17,41.20,1.94,0.00,11690,25033697.00,2793
2026-07-27 00:00:00,KDDL,KDDL LIMITED,3182.20,3219.90,3070.00,3119.00,3135.20,-0.52,149.90,4.71,1.50,11663,36711614.20,2150
2026-07-27 00:00:00,NATHBIOGEN,NATH BIO-GENES (I) LTD,162.00,165.90,162.00,164.88,161.13,2.33,3.90,2.41,0.54,11662,1914687.06,426
2026-07-27 00:00:00,SHAHALLOYS,SHAH ALLOYS LIMITED,67.01,68.89,66.00,66.33,66.56,-0.35,2.89,4.31,0.68,11571,771111.00,54
2026-07-27 00:00:00,MCL,M TEK COPPER LIMITED,53.37,54.20,53.06,53.33,53.37,-0.07,1.14,2.14,0.00,11547,617082.93,536
2026-07-27 00:00:00,ESG,MIRAEAMC - MAESGETF,41.22,41.48,41.19,41.46,40.97,1.20,0.29,0.70,0.61,11471,474668.13,76
2026-07-27 00:00:00,PAGEIND,PAGE INDUSTRIES LTD,40300.00,40565.00,39790.00,39970.00,40275.00,-0.76,775.00,1.92,0.06,11464,459350760.00,5129
2026-07-27 00:00:00,ABSL10BANK,BIRLASLAMC - ABSL10BANK,169.27,169.60,168.75,169.29,168.46,0.49,0.85,0.50,0.48,11415,1933695.31,29
2026-07-27 00:00:00,RKDL,RAVI KUMAR DIST. LTD.,19.65,19.91,19.40,19.48,19.91,-2.16,0.51,2.60,-1.31,11245,219755.06,111
2026-07-27 00:00:00,INDOUS,INDO US BIOTECH LTD,88.18,88.70,83.60,85.00,84.98,0.02,5.10,5.78,3.77,11099,953927.25,473
2026-07-27 00:00:00,ETHOSLTD,ETHOS LIMITED,2562.90,2613.30,2562.90,2578.80,2562.80,0.62,50.40,1.97,0.00,10977,28427511.20,1929
2026-07-27 00:00:00,MHLXMIRU,MAHALAXMI RUBTECH LIMITED,139.99,140.99,138.09,140.65,139.58,0.77,2.90,2.07,0.29,10977,1537997.17,239
2026-07-27 00:00:00,BBTCL,B&B TRIPLEWALL CONT LTD,227.00,227.00,212.32,219.33,217.09,1.03,14.68,6.47,4.56,10918,2395421.72,196
2026-07-27 00:00:00,ARCHIDPLY,ARCHIDPLY IND. LTD,81.28,85.94,81.28,81.45,82.94,-1.80,4.66,5.73,-2.00,10904,894442.80,145
2026-07-27 00:00:00,PIONEEREMB,PIONEER EMBROIDERIES LTD,22.49,23.38,21.81,23.04,22.05,4.49,1.57,6.98,2.00,10875,247780.11,60
2026-07-27 00:00:00,NDRAUTO,NDR AUTO COMPONENTS LTD,813.00,830.95,813.00,824.90,812.75,1.49,17.95,2.21,0.03,10841,8947742.75,1109
2026-07-27 00:00:00,BALAXI,BALAXI PHARMA LTD,24.97,24.97,24.00,24.39,24.47,-0.33,0.97,3.88,2.04,10773,263012.53,139
2026-07-27 00:00:00,NEXT50,MIRAEAMC - MANXT50,744.05,747.97,742.10,747.30,740.35,0.94,5.87,0.79,0.50,10771,8040794.12,1087
2026-07-27 00:00:00,DNAMEDIA,DILIGENT MEDIA CORP LTD.,2.68,2.90,2.68,2.83,2.79,1.43,0.22,8.21,-3.94,10753,30163.19,71
2026-07-27 00:00:00,PAUSHAKLTD,PAUSHAK LIMITED,565.25,575.00,562.00,572.15,562.45,1.72,13.00,2.30,0.50,10693,6093637.45,834
2026-07-27 00:00:00,JSWDULUX,JSW DULUX LIMITED,2960.00,2970.00,2910.10,2944.00,2943.90,0.00,59.90,2.02,0.55,10518,30883259.90,2681
2026-07-27 00:00:00,NATCAPSUQ,NATURAL CAPSULES LIMITED,147.05,149.49,144.05,147.84,148.86,-0.69,5.44,3.70,-1.22,10409,1520687.96,116
2026-07-27 00:00:00,GOODYEAR,GOODYEAR INDIA LIMITED,813.00,827.45,813.00,818.30,822.85,-0.55,14.45,1.78,-1.20,10402,8513347.25,927
2026-07-27 00:00:00,BANARBEADS,BANARAS BEADS LTD,121.95,125.00,118.51,119.56,121.95,-1.96,6.49,5.32,0.00,10400,1278602.02,629
2026-07-27 00:00:00,ATLASCYCLE,ATLAS CYCLE (HARYANA) LTD,97.11,98.58,96.00,97.47,97.10,0.38,2.58,2.66,0.01,10387,1007138.26,120
2026-07-27 00:00:00,SIGIND,SIGNET INDUSTRIES LIMITED,45.39,46.97,44.50,45.78,44.57,2.71,2.47,5.44,1.84,10379,472927.42,108
2026-07-27 00:00:00,QMSMEDI,QMS MEDICAL ALLIED S LTD,110.85,114.00,110.70,112.13,110.60,1.38,3.30,2.98,0.23,10371,1165081.85,772
2026-07-27 00:00:00,ARIES,ARIES AGRO LTD.,334.00,347.95,334.00,343.95,341.05,0.85,13.95,4.18,-2.07,10356,3551184.15,507
2026-07-27 00:00:00,BAJAJST,BAJAJ STEEL INDS. LTD.,399.90,406.35,391.10,395.25,395.70,-0.11,15.25,3.81,1.06,10315,4108047.15,742
2026-07-27 00:00:00,SHREYANIND,SHREYANS INDUSTRIES LTD,141.00,146.00,139.23,143.00,138.65,3.14,6.77,4.80,1.69,10292,1478590.72,360
2026-07-27 00:00:00,SURAJEST,SURAJ ESTATE DEVELOPERS L,196.99,196.99,194.16,195.57,193.56,1.04,2.83,1.44,1.77,10285,2008540.20,413
2026-07-27 00:00:00,MATRIMONY,MATRIMONY.COM LIMITED,421.85,437.95,421.85,429.30,426.05,0.76,16.10,3.82,-0.99,10255,4388611.20,437
2026-07-27 00:00:00,XELPMOC,XELPMOC DESIGN & TECH LTD,83.98,83.98,78.11,79.32,81.19,-2.30,5.87,6.99,3.44,10235,820747.14,255
2026-07-27 00:00:00,KOTIC,KOTHARI INDUSTRIAL CORP L,163.00,176.00,163.00,164.82,163.00,1.12,13.00,7.98,0.00,10204,1711821.95,476
2026-07-27 00:00:00,SELMC,SEL MANUFACTURING CO LTD,29.49,29.49,27.18,27.68,28.24,-1.98,2.31,7.83,4.43,10143,282498.97,141
2026-07-27 00:00:00,VLSFINANCE,VLS FINANCE LTD,252.55,256.70,252.55,254.35,253.50,0.34,4.15,1.64,-0.37,10140,2581553.65,337
2026-07-27 00:00:00,RPSGVENT,RPSG VENTURES LIMITED,893.95,909.95,893.95,898.70,893.95,0.53,16.00,1.79,0.00,10079,9054469.65,404
2026-07-27 00:00:00,HINDCON,HINDCON CHEMICALS LIMITED,19.66,21.50,19.66,20.77,20.51,1.27,1.84,9.36,-4.14,10048,208419.00,121
2026-07-27 00:00:00,MEDICAMEQ,MEDICAMEN BIOTECH LIMITED,243.60,245.90,240.00,241.15,241.85,-0.29,5.90,2.42,0.72,10041,2437376.50,253
2026-07-27 00:00:00,DIGIDRIVE,DIGIDRIVE DISTRIBUTORS L,17.95,18.64,17.65,17.83,17.95,-0.67,0.99,5.52,0.00,9965,178083.04,95
2026-07-27 00:00:00,SICAGEN,SICAGEN INDIA LIMITED,50.31,52.75,49.11,50.94,50.63,0.61,3.64,7.24,-0.63,9920,505540.43,105
2026-07-27 00:00:00,FINEORG,FINE ORGANIC IND. LTD.,4829.00,4926.00,4806.00,4838.50,4828.50,0.21,120.00,2.48,0.01,9918,48235577.00,3338
2026-07-27 00:00:00,ASIANHOTNR,ASIAN HOTELS (NORTH) LTD,302.05,317.00,302.05,311.90,306.65,1.71,14.95,4.95,-1.50,9876,3047294.50,410
2026-07-27 00:00:00,CERA,CERA SANITARYWARE LTD,6019.50,6232.50,6019.50,6205.50,6017.00,3.13,213.00,3.54,0.04,9821,60458108.50,3026
2026-07-27 00:00:00,RACE,RACE ECO CHAIN LIMITED,111.99,111.99,108.00,109.03,109.25,-0.20,3.99,3.56,2.51,9795,1083548.30,39
2026-07-27 00:00:00,MACPOWER,MACPOWER CNC MACHINES LTD,1348.00,1399.60,1307.00,1318.30,1344.50,-1.95,92.60,6.87,0.26,9734,13047193.60,1481
2026-07-27 00:00:00,SANOFI,SANOFI INDIA LIMITED,3429.00,3429.00,3351.50,3368.80,3388.90,-0.59,77.50,2.26,1.18,9673,32643349.10,3009
2026-07-27 00:00:00,MAHASTEEL,MAHAMAYA STEEL INDS LTD,751.35,787.45,742.00,769.20,757.35,1.56,45.45,6.05,-0.79,9571,7347476.95,597
2026-07-27 00:00:00,MIDCAPADD,DSPAMC - MIDCAPADD,22.94,22.99,22.91,22.94,22.78,0.70,0.08,0.35,0.70,9507,218029.21,32
2026-07-27 00:00:00,VEEDOL,VEEDOL CORPORATION LTD,1408.90,1413.50,1385.10,1392.30,1398.80,-0.46,28.40,2.02,0.72,9432,13203347.60,1004
2026-07-27 00:00:00,KRYSTAL,KRYSTAL INTEGRATED SER L,604.45,604.75,600.00,600.30,601.40,-0.18,4.75,0.79,0.51,9369,5629612.70,185
2026-07-27 00:00:00,NIFTYAXIS,AXISAMC-NIFTYAXIS,268.55,268.55,263.92,265.44,263.28,0.82,4.63,1.72,2.00,9305,2467927.46,216
2026-07-27 00:00:00,VSTL,VIBHOR STEEL TUBES LTD,111.14,114.49,110.90,111.33,111.14,0.17,3.59,3.23,0.00,9246,1031688.08,156
2026-07-27 00:00:00,3BBLACKBIO,3B BLACKBIO DX LTD.,1282.00,1314.80,1263.80,1292.30,1278.10,1.11,51.00,3.98,0.31,9178,11866528.90,1013
2026-07-27 00:00:00,COMPUSOFT,COMPUCOM SOFTWARE LTD,13.46,13.46,13.06,13.22,13.33,-0.83,0.40,2.97,0.98,9171,121319.05,130
2026-07-27 00:00:00,BORANA,BORANA WEAVES LIMITED,333.25,333.25,325.00,328.05,327.45,0.18,8.25,2.48,1.77,9141,3000231.60,408
2026-07-27 00:00:00,AMJLAND,AMJ LAND HOLDINGS LIMITED,38.57,38.99,37.50,37.68,37.99,-0.82,1.49,3.86,1.53,9066,345752.57,184
2026-07-27 00:00:00,DONEAR,DONEAR IND. LIMITED,85.00,86.98,84.22,86.18,85.79,0.45,2.76,3.25,-0.92,9061,775375.19,319
2026-07-27 00:00:00,HDFCVALUE,HDFCAMC - HDFCVALUE,123.65,125.73,123.65,125.65,124.90,0.60,2.08,1.68,-1.00,9045,1135588.22,93
2026-07-27 00:00:00,NAGREEKEXP,NAGREEKA EXPORTS LTD.,22.40,23.92,22.40,22.83,23.14,-1.34,1.52,6.79,-3.20,9044,207275.17,48
2026-07-27 00:00:00,DVL,DHUNSERI VENTURES LIMITED,243.97,247.58,240.01,241.21,243.97,-1.13,7.57,3.10,0.00,9015,2184801.82,345
2026-07-27 00:00:00,ENERGYDEV,ENERGY DEVE. CO.LTD,17.45,17.70,17.05,17.14,17.45,-1.78,0.65,3.72,0.00,9005,155303.50,272
2026-07-27 00:00:00,SREEL,SREELEATHERS LIMITED,233.90,233.90,222.00,222.71,227.97,-2.31,11.90,5.09,2.60,8964,2025292.56,273
2026-07-27 00:00:00,NAGREEKCAP,NAGREEKA CAP & INFR.LTD,22.65,23.50,22.00,22.73,22.67,0.26,1.50,6.62,-0.09,8853,199454.29,66
2026-07-27 00:00:00,MADHAV,MADHAV MARBLE & GRANITE,33.79,35.42,33.70,33.79,33.79,0.00,1.72,5.09,0.00,8781,298548.32,40
2026-07-27 00:00:00,MANGALAM,MANGALAM DRUG & CHEM LTD,27.22,27.79,27.07,27.42,27.22,0.73,0.72,2.65,0.00,8630,235096.14,98
2026-07-27 00:00:00,SBGLP,SURATWWALA BUS GROUP LTD,25.73,25.73,24.20,24.43,24.42,0.04,1.53,5.95,5.36,8601,211645.34,127
2026-07-27 00:00:00,NEXT50ADD,DSPAMC - NEXT50ADD,72.50,73.03,72.50,72.74,72.24,0.69,0.53,0.73,0.36,8515,619002.29,47
2026-07-27 00:00:00,AKASH,AKASH INFRA-PROJECTS LTD,27.45,27.45,26.40,26.49,26.95,-1.71,1.05,3.83,1.86,8450,224874.90,60
2026-07-27 00:00:00,CTE,CAMBRIDGE TECH ENTER LTD,31.01,32.68,30.50,31.96,31.50,1.46,2.18,7.03,-1.56,8441,266163.69,74
2026-07-27 00:00:00,KRISHIVAL,KRISHIVAL FOODS LIMITED,395.00,397.50,385.90,390.75,387.55,0.83,11.60,2.94,1.92,8398,3279572.55,351
2026-07-27 00:00:00,SGL,STL GLOBAL LIMITED,9.75,10.49,9.75,9.86,9.74,1.23,0.74,7.59,0.10,8368,82959.58,47
2026-07-27 00:00:00,MODIRUBBER,MODI RUBBER LTD,128.38,129.47,124.00,126.00,125.86,0.11,5.47,4.26,2.00,8306,1046979.81,33
2026-07-27 00:00:00,REGENCERAM,REGENCY CERAMICS LTD.,34.00,35.40,33.06,33.60,33.94,-1.00,2.34,6.88,0.18,8301,281791.47,58
2026-07-27 00:00:00,ASTEC,ASTEC LIFESCIENCES LTD,665.00,672.95,661.05,664.60,659.10,0.83,11.90,1.79,0.90,8266,5506484.15,927
2026-07-27 00:00:00,RANEHOLDIN,RANE HOLDINGS LIMITED,1738.00,1767.80,1731.00,1762.70,1738.40,1.40,36.80,2.12,-0.02,8218,14423822.00,953
2026-07-27 00:00:00,CREST,CREST VENTURES LIMITED,389.00,389.00,368.10,375.00,377.70,-0.71,20.90,5.37,2.99,8217,3046421.80,210
2026-07-27 00:00:00,USK,UDAYSHIVAKUMAR INFRA LTD,22.69,22.69,21.84,21.91,21.75,0.74,0.85,3.75,4.32,8072,177874.20,67
2026-07-27 00:00:00,ENIL,ENTERTAIN NET. IND. LTD.,106.10,107.72,105.61,106.06,105.63,0.41,2.11,1.99,0.44,8037,857192.44,203
2026-07-27 00:00:00,ATAM,ATAM VALVES LIMITED,67.00,67.00,64.11,66.08,65.88,0.30,2.89,4.31,1.70,8034,529528.78,186
2026-07-27 00:00:00,STARTECK,STARTECK FINANCE LIMITED,265.50,279.95,263.50,268.70,266.20,0.94,16.45,6.20,-0.26,8020,2143066.40,97
2026-07-27 00:00:00,SGIL,SYNERGY GREEN IND. LTD,602.40,608.95,595.00,599.75,596.30,0.58,13.95,2.32,1.02,7999,4804810.05,393
2026-07-27 00:00:00,TOTAL,TOTAL TRANSPORT SYS LTD,50.00,50.10,47.56,48.10,49.98,-3.76,2.54,5.08,0.04,7949,387190.59,138
2026-07-27 00:00:00,JINDALPOLY,JINDAL POLY FILMS LIMITED,637.60,646.95,633.30,635.40,637.35,-0.31,13.65,2.14,0.04,7824,4993866.65,740
2026-07-27 00:00:00,AMNPLST,AMINES & PLASTICIZERS LTD,199.90,199.90,193.60,195.16,194.27,0.46,6.30,3.15,2.90,7794,1528038.45,823
2026-07-27 00:00:00,EUROBOND,EURO PANEL PRODUCTS LTD,164.02,165.80,157.62,158.99,161.61,-1.62,8.18,4.99,1.49,7746,1253473.81,318
2026-07-27 00:00:00,TERASOFT,TERA SOFTWARE LIMITED,395.10,406.95,390.10,392.85,393.70,-0.22,16.85,4.26,0.36,7717,3038522.10,271
2026-07-27 00:00:00,RELCHEMQ,RELIANCE CHEMOTEX IND LTD,127.29,128.77,123.27,128.07,127.29,0.61,5.50,4.32,0.00,7670,960265.05,138
2026-07-27 00:00:00,ARIHANT,ARIHANT FOUN & HOU LTD,1022.00,1097.00,1022.00,1081.40,1021.70,5.84,75.00,7.34,0.03,7647,8075743.40,657
2026-07-27 00:00:00,LICNMID100,LICNAMC - LICNMID100,62.07,62.82,62.07,62.62,62.07,0.89,0.75,1.21,0.00,7581,474188.65,85
2026-07-27 00:00:00,NGLFINE,NGL FINE CHEM LIMITED,3210.00,3349.00,3177.50,3226.50,3205.50,0.66,171.50,5.34,0.14,7529,24709328.20,1537
2026-07-27 00:00:00,MSCIINDIA,KOTAKMAMC - MSCIINDIA,29.73,29.86,29.65,29.73,29.41,1.09,0.21,0.71,1.09,7520,223482.74,100
2026-07-27 00:00:00,HARRMALAYA,HARRISON MALAYALAM LTD,219.00,219.00,214.10,214.89,216.96,-0.95,4.90,2.24,0.94,7481,1623938.67,306
2026-07-27 00:00:00,PIXTRANS,PIX TRANSMISSIONS LIMITED,1797.90,1800.00,1768.10,1796.70,1766.10,1.73,31.90,1.77,1.80,7305,13034872.10,1518
2026-07-27 00:00:00,NIFTYADD,DSPAMC - DSPNIFTY,248.35,253.13,248.35,252.93,250.86,0.83,4.78,1.92,-1.00,7267,1833921.86,154
2026-07-27 00:00:00,REPRO,REPRO INDIA LIMITED,371.30,378.95,370.00,372.80,371.90,0.24,8.95,2.41,-0.16,7224,2701359.95,323
2026-07-27 00:00:00,SILLYMONKS,SILLY MONKS ENTERTAIN LTD,15.55,16.99,15.50,16.60,15.79,5.13,1.49,9.58,-1.52,7218,119812.19,106
2026-07-27 00:00:00,NITIRAJ,NITIRAJ ENGINEERS LTD,225.70,225.70,211.00,218.95,220.22,-0.58,14.70,6.51,2.49,7201,1567768.82,140
2026-07-27 00:00:00,BONLON,BONLON INDUSTRIES LIMITED,42.50,42.50,39.23,40.55,40.92,-0.90,3.27,7.69,3.86,7188,294817.71,127
2026-07-27 00:00:00,QNIFTY,QUANTUM NIFTY 50 ETF,268.14,268.14,263.20,264.20,261.60,0.99,4.94,1.84,2.50,7185,1894327.89,89
2026-07-27 00:00:00,SWELECTES,SWELECT ENERGY SYS LTD,616.60,625.00,605.50,607.85,613.30,-0.89,19.50,3.16,0.54,7163,4392857.65,539
2026-07-27 00:00:00,MSCIADD,DSPAMC - MSCIADD,29.34,29.50,29.33,29.50,29.06,1.51,0.17,0.58,0.96,7046,206753.42,6
2026-07-27 00:00:00,MAHAPEXLTD,MAHA RASHTRA APEX COPR. L,43.07,45.00,43.07,44.49,43.53,2.21,1.93,4.48,-1.06,7027,310588.83,55
2026-07-27 00:00:00,ASHOKAMET,ASHOKA METCAST LIMITED,14.16,14.50,14.07,14.27,14.16,0.78,0.43,3.04,0.00,7014,99622.81,67
2026-07-27 00:00:00,PUNJABCHEM,PUNJAB CHEM & CROP PROT L,1131.00,1171.00,1123.70,1156.10,1121.60,3.08,47.30,4.18,0.84,6941,7988765.10,735
2026-07-27 00:00:00,INDTERRAIN,IND TERRAIN FASHIONS LTD,30.84,30.84,28.64,29.21,29.26,-0.17,2.20,7.13,5.40,6916,202203.00,102
2026-07-27 00:00:00,AGROPHOS,AGRO PHOS INDIA LIMITED,28.40,29.70,28.40,28.72,29.04,-1.10,1.30,4.58,-2.20,6909,199782.34,83
2026-07-27 00:00:00,RELIABLE,RELIABLE DATA SERVICE LTD,148.00,148.00,137.29,139.22,143.88,-3.24,10.71,7.24,2.86,6897,968171.55,376
2026-07-27 00:00:00,EIHAHOTELS,EIH ASSOCIATED HOTELS LTD,312.00,320.90,312.00,316.95,310.90,1.95,8.90,2.85,0.35,6800,2155863.40,579
2026-07-27 00:00:00,BEDMUTHA,BEDMUTHA INDUST LTD,107.00,112.23,107.00,112.18,106.89,4.95,5.23,4.89,0.10,6765,756473.29,99
2026-07-27 00:00:00,SBIMIDMOM,SBIAMC - SBIMIDMOM,61.96,62.26,61.35,62.16,61.35,1.32,0.91,1.47,0.99,6730,417243.96,107
2026-07-27 00:00:00,AUTOAXLES,AUTOMOTIVE AXLES LIMITED,1800.10,1827.90,1778.70,1792.50,1798.90,-0.36,49.20,2.73,0.07,6712,12066112.70,1063
2026-07-27 00:00:00,TVSHLTD,TVS HOLDINGS LIMITED,14641.00,14880.00,14641.00,14694.00,14633.00,0.42,239.00,1.63,0.05,6708,98931696.00,2006
2026-07-27 00:00:00,SAHLIBHFI,SHALIBHADRA FINANCE LTD,77.93,83.70,77.89,78.20,77.93,0.35,5.81,7.46,0.00,6670,523337.90,16
2026-07-27 00:00:00,EQUAL50ADD,DSPAMC - DSPNEWETF,340.83,343.85,340.83,342.93,339.64,0.97,3.02,0.89,0.35,6661,2278468.42,302
2026-07-27 00:00:00,BHARATRAS,BHARAT RASAYAN LTD,1277.00,1299.00,1264.00,1273.80,1261.10,1.01,35.00,2.74,1.26,6619,8481122.00,1209
2026-07-27 00:00:00,BASF,BASF INDIA LTD,3735.70,3750.00,3700.10,3738.40,3670.20,1.86,49.90,1.34,1.78,6605,24647960.90,1754
2026-07-27 00:00:00,RETAIL,JHS SVENDGAARD RETAIL V L,16.57,17.95,16.57,17.51,16.65,5.17,1.38,8.33,-0.48,6597,114790.18,64
2026-07-27 00:00:00,ABBOTINDIA,ABBOTT INDIA LIMITED,28015.00,28155.00,27750.00,27800.00,28005.00,-0.73,405.00,1.45,0.04,6597,183931480.00,3086
2026-07-27 00:00:00,BANKPSU,MIRAEAMC - BANKPSU,84.57,85.04,84.26,84.28,84.43,-0.18,0.78,0.92,0.17,6593,557041.22,118
2026-07-27 00:00:00,PGHH,P&G HYGIENE & HEALTH CARE,9010.00,9031.00,8955.50,8993.50,8974.50,0.21,75.50,0.84,0.40,6458,58101102.50,1782
2026-07-27 00:00:00,MAGADSUGAR,MAGADH SUGAR & ENERGY LTD,490.95,503.95,485.00,489.05,493.85,-0.97,18.95,3.86,-0.59,6443,3170447.05,578
2026-07-27 00:00:00,HEADSUP,HEADS UP VENTURES LIMITED,7.25,7.25,6.75,7.09,7.11,-0.28,0.50,6.90,1.97,6420,44725.11,139
2026-07-27 00:00:00,BCONCEPTS,BRAND CONCEPTS LIMITED,197.90,197.90,186.75,192.19,186.53,3.03,11.15,5.63,6.10,6405,1224117.00,413
2026-07-27 00:00:00,DOLPHIN,DOLPHIN OFF ENT (IND) L,374.00,382.65,370.00,379.15,376.95,0.58,12.65,3.38,-0.78,6399,2420575.15,465
2026-07-27 00:00:00,GALAXYSURF,GALAXY SURFACTANTS LTD,1952.90,1985.90,1934.20,1962.80,1945.00,0.92,51.70,2.65,0.41,6391,12498096.60,1275
2026-07-27 00:00:00,GRINFRA,G R INFRAPROJECTS LIMITED,878.00,883.55,872.50,877.45,869.85,0.87,11.05,1.26,0.94,6380,5598858.40,748
2026-07-27 00:00:00,ASTRAZEN,ASTRAZENECA PHARMA IND LT,8005.50,8185.00,8005.00,8167.50,8005.50,2.02,180.00,2.25,0.00,6363,51766768.00,1624
2026-07-27 00:00:00,FMCGADD,DSPAMC - FMCGADD,49.80,49.84,49.55,49.81,49.25,1.14,0.29,0.58,1.12,6305,313796.00,20
2026-07-27 00:00:00,SSDL,SARASWATI SAREE DEPOT LTD,52.47,53.31,51.91,52.93,52.47,0.88,1.40,2.67,0.00,6291,333370.83,237
2026-07-27 00:00:00,BIOFILCHEM,BIOFIL CHEM & PHARMA LTD,33.45,33.45,32.11,32.82,32.07,2.34,1.34,4.01,4.30,6289,206387.12,100
2026-07-27 00:00:00,MURUDCERA,MURUDESHWAR CERAMICS LTD,30.40,31.00,30.40,30.66,30.40,0.86,0.60,1.97,0.00,6283,192963.86,64
2026-07-27 00:00:00,LUMAXIND,LUMAX INDUSTRIES LTD,5198.00,5272.50,5152.50,5182.00,5142.00,0.78,120.00,2.31,1.09,6273,32646306.00,1868
2026-07-27 00:00:00,PAR,PAR DRUGS AND CHEM LTD,96.00,96.80,94.01,94.35,93.79,0.60,2.79,2.91,2.36,6057,574413.68,139
2026-07-27 00:00:00,GROWWPSUBK,GROWWAMC - GROWWPSUBK,84.30,84.94,83.07,83.98,84.05,-0.08,1.87,2.22,0.30,6047,508628.07,141
2026-07-27 00:00:00,TECHNVISN,TECHNVISION VENTURES LTD.,5287.90,5499.00,4750.00,4914.00,5074.50,-3.16,749.00,14.16,4.21,6009,30775726.10,1873
2026-07-27 00:00:00,SWARAJENG,SWARAJ ENGINES LTD,3623.70,3623.70,3577.00,3605.40,3569.00,1.02,46.70,1.29,1.53,5972,21486346.80,1331
2026-07-27 00:00:00,GRANDOAK,GRAND OAK CANYONS DIST L,37.50,39.35,35.77,39.17,37.48,4.51,3.58,9.55,0.05,5970,229499.46,88
2026-07-27 00:00:00,EQUAL50,MIRAEAMC - EQUAL50,330.09,331.96,329.94,331.25,328.36,0.88,2.02,0.61,0.53,5947,1964252.59,22
2026-07-27 00:00:00,YUKEN,YUKEN INDIA LIMITED,718.80,718.80,701.00,710.55,708.25,0.32,17.80,2.48,1.49,5937,4191996.85,340
2026-07-27 00:00:00,WORTHPERI,WORTH PERIPHERALS LIMITED,143.50,143.99,140.04,143.31,142.83,0.34,3.95,2.75,0.47,5803,823855.28,288
2026-07-27 00:00:00,AHLEAST,ASIAN HOTELS (EAST) LTD,152.00,152.00,142.00,143.95,146.23,-1.56,10.00,6.58,3.95,5777,837625.43,104
2026-07-27 00:00:00,BANG,BANG OVERSEAS LTD.,28.39,28.75,27.81,28.06,28.10,-0.14,0.94,3.31,1.03,5741,162333.71,185
2026-07-27 00:00:00,3PLAND,3P LAND HOLDINGS LIMITED,34.50,34.50,31.50,32.29,31.57,2.28,3.00,8.70,9.28,5697,184369.39,118
2026-07-27 00:00:00,BLAL,BEML LAND ASSETS LIMITED,177.00,179.20,177.00,177.61,175.92,0.96,2.20,1.24,0.61,5695,1013421.58,338
2026-07-27 00:00:00,OBCL,OBCL LIMITED,53.05,53.49,52.65,53.35,52.39,1.83,0.84,1.58,1.26,5694,299842.59,29
2026-07-27 00:00:00,BVCL,BARAK VALLEY CEM. LTD.,40.80,41.38,40.61,41.08,40.79,0.71,0.77,1.89,0.02,5617,230301.42,85
2026-07-27 00:00:00,ABSLNN50ET,BIRLASLAMC - ABSLNN50ET,75.56,76.41,75.34,76.22,75.56,0.87,1.07,1.42,0.00,5537,421724.86,210
2026-07-27 00:00:00,PGHL,PROCTER & GAMBLE HEALTH L,6745.00,6915.00,6730.00,6784.00,6714.00,1.04,185.00,2.74,0.46,5453,37160821.00,1780
2026-07-27 00:00:00,SMALLGROWW,GROWWAMC - SMALLGROWW,47.21,47.21,46.65,47.03,46.61,0.90,0.56,1.19,1.29,5442,255528.89,100
2026-07-27 00:00:00,SAHYADRI,SAHYADRI INDUSTRIES LTD,285.00,295.00,281.00,292.25,281.25,3.91,14.00,4.91,1.33,5414,1563456.50,216
2026-07-27 00:00:00,IMPAL,IND MOTOR PART & ACC LTD,1076.10,1154.20,1072.20,1132.40,1076.10,5.23,82.00,7.62,0.00,5400,6078489.60,794
2026-07-27 00:00:00,KHANDSE,KHANDWALA SECURITIES LTD,17.83,17.83,17.00,17.20,17.83,-3.53,0.83,4.66,0.00,5348,93117.17,46
2026-07-27 00:00:00,ARCHIES,ARCHIES LTD,14.20,14.20,13.91,13.99,13.75,1.75,0.29,2.04,3.27,5341,74924.22,35
2026-07-27 00:00:00,FAZE3Q,FAZE THREE LIMITED,555.30,562.55,551.50,552.90,546.95,1.09,11.05,1.99,1.53,5335,2974100.15,343
2026-07-27 00:00:00,VGL,VARVEE GLOBAL LIMITED,61.57,62.89,61.20,61.62,61.20,0.69,1.69,2.74,0.60,5263,325485.48,211
2026-07-27 00:00:00,KRITINUT,KRITI NUTRIENTS LIMITED,75.70,79.50,75.70,78.71,75.21,4.65,3.80,5.02,0.65,5193,402853.26,69
2026-07-27 00:00:00,VADILALIND,VADILAL INDUSTRIES LTD,6710.50,6791.00,6700.50,6761.50,6710.50,0.76,90.50,1.35,0.00,5183,34966229.00,1155
2026-07-27 00:00:00,TVVISION,TV VISION LIMITED,4.70,4.77,4.52,4.65,4.70,-1.06,0.25,5.32,0.00,5169,24384.20,46
2026-07-27 00:00:00,PRIMESECU,PRIME SECURITIES LIMITED,273.05,293.95,273.05,274.50,274.45,0.02,20.90,7.65,-0.51,5127,1412349.25,546
2026-07-27 00:00:00,MIDWESTLTD,MIDWEST LIMITED,1255.00,1257.90,1232.40,1240.10,1234.20,0.48,25.50,2.03,1.69,5111,6361825.10,744
2026-07-27 00:00:00,ITBETA,UTIAMC-ITBETA,303.10,311.44,303.10,309.43,303.03,2.11,8.34,2.75,0.02,5006,1543208.97,48
2026-07-27 00:00:00,AAATECH,AAA TECHNOLOGIES LIMITED,90.62,92.38,89.66,91.40,89.66,1.94,2.72,3.00,1.07,4946,453209.24,430
2026-07-27 00:00:00,MERCANTILE,MERCANTILE VENTURES LTD.,25.01,25.69,23.70,24.69,24.52,0.69,1.99,7.96,2.00,4890,121433.22,97
2026-07-27 00:00:00,GANDHITUBE,GANDHI SPL. TUBES LTD,877.40,883.95,870.05,875.85,868.00,0.90,13.90,1.58,1.08,4803,4215409.95,314
2026-07-27 00:00:00,KOTHARIPRO,KOTHARI PRODUCTS LTD,69.80,69.80,67.65,68.25,68.08,0.25,2.15,3.08,2.53,4791,327390.51,106
2026-07-27 00:00:00,BELLACASA,BELLA CASA FASH AND RET L,246.75,248.90,238.00,240.35,239.50,0.35,10.90,4.42,3.03,4787,1163786.40,324
2026-07-27 00:00:00,PRECOT,PRECOT LIMITED,831.35,860.00,810.00,844.50,823.75,2.52,50.00,6.01,0.92,4729,3913299.40,340
2026-07-27 00:00:00,21STCENMGM,21ST CENTURY MGMT SERVICE,37.85,37.85,37.85,37.85,37.11,1.99,0.00,0.00,1.99,4700,177895.00,27
2026-07-27 00:00:00,AEPL,ARTEMIS ELECTRICALS & P L,15.10,15.59,14.66,15.14,14.96,1.20,0.93,6.16,0.94,4688,71349.09,61
2026-07-27 00:00:00,VSTTILLERS,VST TILLERS TRACTORS LTD,4491.00,4491.00,4416.70,4430.20,4416.70,0.31,74.30,1.65,1.68,4646,20591619.80,1019
2026-07-27 00:00:00,TIIL,TECHNOCRAFT IND LTD,2598.00,2610.00,2549.90,2593.00,2566.50,1.03,60.10,2.31,1.23,4643,11978405.90,779
2026-07-27 00:00:00,MOALPHA50,MOTILALAMC - MOALPHA50,53.25,53.56,53.10,53.48,52.90,1.10,0.46,0.86,0.66,4589,244682.96,47
2026-07-27 00:00:00,LMW,LMW LIMITED,15799.00,16249.00,15670.00,16140.00,15763.00,2.39,579.00,3.66,0.23,4554,72638439.00,1385
2026-07-27 00:00:00,NITTAGELA,NITTA GELATIN INDIA LTD.,1943.00,1959.80,1900.00,1904.90,1909.00,-0.21,59.80,3.08,1.78,4547,8737628.20,779
2026-07-27 00:00:00,SENSEXADD,DSPAMC - DSPSENXETF,78.84,79.39,78.84,79.07,78.57,0.64,0.55,0.70,0.34,4521,357104.32,29
2026-07-27 00:00:00,JPOLYINVST,JIND POL INV & FIN CO LTD,1026.40,1057.90,1026.40,1043.10,1029.10,1.36,31.50,3.07,-0.26,4498,4694906.20,720
2026-07-27 00:00:00,NILE,NILE LTD.,1860.00,1942.50,1824.10,1897.20,1802.60,5.25,118.40,6.37,3.18,4403,8313487.10,836
2026-07-27 00:00:00,ZFSTEERING,Z F STEERING GEAR (I) LTD,680.30,697.00,680.00,686.40,694.15,-1.12,17.00,2.50,-2.00,4399,3022046.20,364
2026-07-27 00:00:00,KARMAENG,KARMA ENERGY LIMITED,38.18,39.09,37.72,37.81,38.18,-0.97,1.37,3.59,0.00,4354,165623.01,64
2026-07-27 00:00:00,TREJHARA,TREJHARA SOLUTIONS LTD,141.94,141.94,136.82,138.01,138.75,-0.53,5.12,3.61,2.30,4237,586803.80,121
2026-07-27 00:00:00,MOMNC,MOTILALAMC - MOMNC,32.47,32.67,32.44,32.67,32.27,1.24,0.23,0.71,0.62,4174,135746.11,15
2026-07-27 00:00:00,SHBAJRG,SHRI BAJRANG ALLIANCE L,181.25,188.93,181.00,182.44,183.93,-0.81,7.93,4.38,-1.46,4169,762635.35,57
2026-07-27 00:00:00,UEL,UJAAS ENERGY LIMITED,122.98,123.87,120.11,120.96,119.98,0.82,3.76,3.06,2.50,4151,505732.85,186
2026-07-27 00:00:00,ORISSAMINE,ORISSA MIN DEV CO LTD,3730.00,3784.70,3702.00,3713.30,3747.00,-0.90,82.70,2.22,-0.45,4123,15376958.70,834
2026-07-27 00:00:00,DENORA,DE NORA INDIA LIMITED,868.80,894.30,861.00,871.05,852.55,2.17,33.30,3.83,1.91,4116,3625585.10,611
2026-07-27 00:00:00,ALPHAGEO,ALPHAGEO (INDIA) LIMITED,201.20,209.00,201.20,202.31,204.65,-1.14,7.80,3.88,-1.69,4114,838655.95,200
2026-07-27 00:00:00,SANOFICONR,SANOFI CONS HEALTHC IND L,4639.30,4750.00,4624.10,4685.20,4674.70,0.22,125.90,2.71,-0.76,4106,19308161.60,1143
2026-07-27 00:00:00,BI,BILCARE LTD.,59.00,61.00,58.12,58.46,59.27,-1.37,2.88,4.88,-0.46,4056,239758.10,100
2026-07-27 00:00:00,DIVIDEND,MIRAEAMC - DIVIDEND,35.34,35.50,35.31,35.48,35.10,1.08,0.19,0.54,0.68,4051,143490.87,59
2026-07-27 00:00:00,KREBSBIO,KREBS BIOCHEMICALS & IND,53.30,56.77,53.30,55.50,51.90,6.94,3.47,6.51,2.70,4036,223998.18,69
2026-07-27 00:00:00,MRF,MRF LTD,131890.00,132500.00,131005.00,132020.00,130755.00,0.97,1495.00,1.13,0.87,3983,524536660.00,2830
2026-07-27 00:00:00,COCKERILL,JOHN COCKERILL INDIA LTD.,8965.00,9159.00,8774.00,8859.50,8937.50,-0.87,385.00,4.29,0.31,3922,35228609.00,1402
2026-07-27 00:00:00,NEXTMEDIA,NEXT MEDIAWORKS LIMITED,3.98,4.03,3.81,3.96,3.98,-0.50,0.22,5.53,0.00,3707,14446.10,64
2026-07-27 00:00:00,SUNCLAY,SUNDARAM CLAYTON LIMITED,1367.80,1455.40,1351.40,1399.80,1363.20,2.68,104.00,7.60,0.34,3698,5131209.20,475
2026-07-27 00:00:00,ISHANCH,ISHAN DYES N CHEMICALS L,51.65,53.68,51.65,52.64,52.14,0.96,2.03,3.93,-0.94,3698,195776.66,46
2026-07-27 00:00:00,MAHSCOOTER,MAHARASHTRA SCOOTERS LTD,12651.00,13158.00,12651.00,12986.00,12672.00,2.48,507.00,4.01,-0.17,3651,47179620.00,1251
2026-07-27 00:00:00,NEXT30ADD,DSPAMC - NEXT30ADD,42.26,42.35,42.09,42.30,42.05,0.59,0.26,0.62,0.50,3648,154137.26,60
2026-07-27 00:00:00,PVTBANK,KOTAKMAMC - PVTBANK,27.44,27.53,27.31,27.31,27.41,-0.36,0.22,0.80,0.11,3633,99421.68,44
2026-07-27 00:00:00,AMBIKCO,AMBIKA COTTON MILL LTD.,1709.80,1739.00,1698.70,1713.20,1708.20,0.29,40.30,2.36,0.09,3539,6082987.00,557
2026-07-27 00:00:00,TARMAT,TARMAT LIMITED,50.95,52.09,50.20,50.44,50.95,-1.00,1.89,3.71,0.00,3513,179480.61,43
2026-07-27 00:00:00,THEJO,THEJO ENGINEERING LIMITED,1895.00,1940.00,1894.50,1921.20,1898.80,1.18,45.50,2.40,-0.20,3500,6706230.80,574
2026-07-27 00:00:00,STEELCITY,STEEL CITY SECURITIES LTD,74.01,75.84,74.01,75.57,74.36,1.63,1.83,2.47,-0.47,3413,256989.19,121
2026-07-27 00:00:00,JMA,JULLUNDUR MOT AGENCY LTD,89.50,89.50,86.40,88.88,88.35,0.60,3.10,3.46,1.30,3391,299801.74,63
2026-07-27 00:00:00,MOM50,MOTILAL OSWAL M50 ETF,248.99,252.98,248.81,251.12,248.99,0.86,4.17,1.67,0.00,3387,849893.55,143
2026-07-27 00:00:00,GRPLTD,GRP LIMITED,2066.90,2067.30,1994.00,2021.10,2007.50,0.68,73.30,3.55,2.96,3328,6733889.70,494
2026-07-27 00:00:00,KOVAI,KOVAI MEDICAL CENTER & HO,5848.00,5900.50,5760.50,5844.00,5845.00,-0.02,140.00,2.39,0.05,3319,19388013.50,1172
2026-07-27 00:00:00,HINDCOMPOS,HINDUSTAN COMPOSITES LTD.,428.60,443.55,422.00,423.95,428.40,-1.04,21.55,5.03,0.05,3220,1374660.90,346
2026-07-27 00:00:00,THEINVEST,THE INVEST TRUST OF IND L,96.00,97.00,94.10,96.40,95.21,1.25,2.90,3.02,0.83,3215,307967.21,96
2026-07-27 00:00:00,JINDALPHOT,JINDAL PHOTO LIMITED,1090.50,1090.50,1045.10,1063.40,1076.10,-1.18,45.40,4.16,1.34,3204,3414015.70,468
2026-07-27 00:00:00,NAHARINDUS,NAHAR INDS ENT LTD,117.15,118.93,116.01,116.50,116.64,-0.12,2.92,2.49,0.44,3146,367908.30,67
2026-07-27 00:00:00,TECILCHEM,TECIL CHEMICALS,10.16,10.50,9.60,9.99,9.96,0.30,0.90,8.86,2.01,3125,31338.19,41
2026-07-27 00:00:00,SALONA,SALONA COTSPIN LTD.,245.00,252.80,243.25,245.65,248.80,-1.27,9.55,3.90,-1.53,3113,766245.50,108
2026-07-27 00:00:00,WEALTH,WEALTH FRST PORT. MG. LTD,954.85,996.25,945.00,958.95,940.25,1.99,51.25,5.37,1.55,3098,2995834.60,341
2026-07-27 00:00:00,SABEVENTS,SAB EVENTS & GOVERNANCE,7.29,7.29,7.29,7.29,7.67,-4.95,0.00,0.00,-4.95,3088,22511.52,16
2026-07-27 00:00:00,DTIL,DHUNSERI TEA & IND. LTD.,131.05,135.00,131.05,131.93,132.36,-0.32,3.95,3.01,-0.99,3038,401514.46,99
2026-07-27 00:00:00,BCPL,BCPL RAILWAY INFRA LTD,69.17,71.89,69.17,70.75,70.39,0.51,2.72,3.93,-1.73,3028,213785.22,133
2026-07-27 00:00:00,SURYALAXMI,SURYALAKSHMI COT MIL LTD,58.78,59.80,55.51,56.80,57.51,-1.23,4.29,7.30,2.21,3003,174664.48,79
2026-07-27 00:00:00,ABMINTLLTD,ABM INTERNATIONAL LTD,41.05,45.12,41.05,44.63,41.02,8.80,4.07,9.91,0.07,2935,127629.02,35
2026-07-27 00:00:00,DICIND,DIC INDIA LIMITED,524.00,524.00,499.00,502.20,517.50,-2.96,25.00,4.77,1.26,2888,1461357.05,161
2026-07-27 00:00:00,SMLT,SARTHAK METALS LIMITED,68.50,68.50,66.79,67.54,66.79,1.12,1.71,2.50,2.56,2860,194474.54,103
2026-07-27 00:00:00,AMBICAAGAR,AMBICA AGAR & AROMAINDLTD,25.00,25.20,24.03,24.64,24.64,0.00,1.17,4.68,1.46,2845,70674.64,44
2026-07-27 00:00:00,GRAVISSHO,GRAVISS HOSPITALITY LTD.,30.80,30.80,29.10,29.45,30.55,-3.60,1.70,5.52,0.82,2818,83200.14,22
2026-07-27 00:00:00,UCAL,UCAL LIMITED,115.05,119.89,115.05,117.67,114.90,2.41,4.84,4.21,0.13,2799,330969.81,158
2026-07-27 00:00:00,ABCOTS,A B COTSPIN INDIA LIMITED,200.38,203.63,200.38,201.58,200.38,0.60,3.25,1.62,0.00,2750,555118.64,258
2026-07-27 00:00:00,BSL,BSL LTD,124.74,127.49,124.10,124.95,124.74,0.17,3.39,2.72,0.00,2714,341056.53,79
2026-07-27 00:00:00,MFML,MAHALAXMI FABRIC MILLS LT,19.00,19.74,18.16,18.84,18.75,0.48,1.58,8.32,1.33,2710,50734.03,66
2026-07-27 00:00:00,JUBLCPL,JUBILANT AGRI N CON PRO L,1851.50,1887.90,1842.20,1876.70,1851.50,1.36,45.70,2.47,0.00,2702,5060337.40,465
2026-07-27 00:00:00,GROWWNXT50,GROWWAMC - GROWWNXT50,72.72,73.12,72.30,73.00,72.22,1.08,0.82,1.13,0.69,2681,195184.34,126
2026-07-27 00:00:00,TVSSRICHAK,TVS SRICHAKRA LIMITED,3970.00,4079.00,3968.00,3972.50,3964.20,0.21,111.00,2.80,0.15,2661,10652148.90,715
2026-07-27 00:00:00,STEL,STEL HOLDINGS LIMITED,555.30,565.10,546.95,558.60,555.55,0.55,18.15,3.27,-0.05,2644,1475784.25,218
2026-07-27 00:00:00,KIRLOSIND,KIRLOSKAR INDUSTRIES LTD,3851.00,3855.40,3784.20,3807.20,3787.70,0.51,71.20,1.85,1.67,2617,10004900.60,737
2026-07-27 00:00:00,HONDAPOWER,HONDA I POWER PRODUCT LTD,2120.50,2135.80,2104.40,2124.20,2089.20,1.68,31.40,1.48,1.50,2587,5490446.30,452
2026-07-27 00:00:00,RHL,ROBUST HOTELS LIMITED,165.61,170.01,165.60,168.64,167.34,0.78,4.41,2.66,-1.03,2573,433989.69,127
2026-07-27 00:00:00,MALLCOM,MALLCOM (INDIA) LIMITED,1032.00,1038.90,989.10,999.40,1038.90,-3.80,49.80,4.83,-0.66,2568,2592138.80,372
2026-07-27 00:00:00,SUDARCOLOR,SUDARSHAN COLORNT IND LTD,360.85,366.90,360.00,360.00,360.60,-0.17,6.90,1.91,0.07,2478,892770.55,113
2026-07-27 00:00:00,KALYANIFRG,KALYANI FORGE LIMITED,600.10,624.00,598.90,604.00,601.90,0.35,25.10,4.18,-0.30,2464,1503210.20,126
2026-07-27 00:00:00,HAWKINCOOK,HAWKINS COOKERS LTD,8814.50,8942.50,8790.00,8894.50,8704.00,2.19,152.50,1.73,1.27,2418,21429715.50,759
2026-07-27 00:00:00,APCL,ANJANI PORTLAND CEM LTD,106.68,106.68,101.70,104.99,102.97,1.96,4.98,4.67,3.60,2369,247147.89,111
2026-07-27 00:00:00,INNOVANA,INNOVANA THINKLABS LTD,349.85,352.50,337.95,347.55,344.35,0.93,14.55,4.16,1.60,2360,819858.85,234
2026-07-27 00:00:00,NATIONSTD,NATIONAL STAND (INDIA) L,304.20,304.20,304.20,304.20,320.20,-5.00,0.00,0.00,-5.00,2350,714870.00,141
2026-07-27 00:00:00,SRHHYPOLTD,SREE RAYALSEEMA HHP LTD.,481.40,497.60,481.40,487.10,477.85,1.94,16.20,3.37,0.74,2326,1131856.85,192
2026-07-27 00:00:00,DCMFINSERV,DCM FINANCIAL SERVICES LT,5.51,5.51,5.07,5.26,5.02,4.78,0.44,7.99,9.76,2305,12047.15,29
2026-07-27 00:00:00,SOMICONVEY,SOMI CONVEYOR BELT. LTD.,96.60,98.04,96.60,97.22,97.31,-0.09,1.44,1.49,-0.73,2298,223619.12,95
2026-07-27 00:00:00,EQUAL200,MIRAEAMC - EQUAL200,13.73,13.78,13.72,13.74,13.63,0.81,0.06,0.44,0.73,2298,31583.59,49
2026-07-27 00:00:00,IWP,INDIAN WOOD PRODUCTS CO L,34.48,34.48,32.54,32.88,32.36,1.61,1.94,5.63,6.55,2234,73626.79,34
2026-07-27 00:00:00,LAMBODHARA,LAMBODHARA TEXTILES LTD.,114.99,115.00,111.63,114.21,112.27,1.73,3.37,2.93,2.42,2211,251865.87,53
2026-07-27 00:00:00,SNXT50BETA,UTIAMC-SNXT50BETA,92.64,94.28,92.64,93.99,92.64,1.46,1.64,1.77,0.00,2198,206489.09,106
2026-07-27 00:00:00,SAPPL,SHREE AJIT PULP & PAPER L,290.05,314.80,290.00,299.10,293.55,1.89,24.80,8.55,-1.19,2178,644441.15,101
2026-07-27 00:00:00,HONAUT,HONEYWELL AUTOMATION IND,37650.00,38155.00,37325.00,37525.00,37345.00,0.48,830.00,2.20,0.82,2166,81393470.00,1141
2026-07-27 00:00:00,JSWHL,JSW HOLDINGS LIMITED,10867.00,11105.00,10822.00,10999.00,10865.00,1.23,283.00,2.60,0.02,2154,23631170.00,1092
2026-07-27 00:00:00,NIRLON,NIRLON LTD,633.05,633.05,610.55,620.05,620.60,-0.09,22.50,3.55,2.01,2136,1327813.40,197
2026-07-27 00:00:00,MON50EQUAL,MOTILALAMC - MON50EQUAL,33.26,33.30,33.11,33.24,33.04,0.61,0.19,0.57,0.67,2136,70946.78,51
2026-07-27 00:00:00,MIDCAPBETA,UTIAMC-MIDCAPBETA,225.58,232.38,225.58,232.00,227.86,1.82,6.80,3.01,-1.00,2126,492389.82,49
2026-07-27 00:00:00,CHEVIOT,CHEVIOT COMPANY LIMITED,1155.00,1170.00,1146.10,1161.10,1153.60,0.65,23.90,2.07,0.12,2113,2453987.60,416
2026-07-27 00:00:00,SRGHFL,SRG HOUSING FINANCE L,308.00,318.35,303.10,309.10,309.50,-0.13,15.25,4.95,-0.48,2075,645334.60,89
2026-07-27 00:00:00,MOHITIND,MOHIT INDUSTRIES LTD,23.00,23.35,22.61,22.94,23.00,-0.26,0.74,3.22,0.00,2072,47606.52,22
2026-07-27 00:00:00,MOGSEC,MOTILALAMC - G5,65.19,65.97,64.90,65.73,64.97,1.17,1.07,1.64,0.34,2058,134681.30,66
2026-07-27 00:00:00,SURYALA,SURYALATA SPINNING MILL L,435.05,447.50,422.25,422.50,440.00,-3.98,25.25,5.80,-1.12,2050,874259.00,129
2026-07-27 00:00:00,HEALTHAXIS,AXISAMC-HEALTHAXIS,166.12,167.72,166.12,167.19,165.10,1.27,1.60,0.96,0.62,2047,341766.23,103
2026-07-27 00:00:00,BEARDSELL,BEARDSELL LIMITED,27.64,28.50,27.00,27.42,27.64,-0.80,1.50,5.43,0.00,2036,56215.32,56
2026-07-27 00:00:00,ESABINDIA,ESAB INDIA LTD,5699.00,5703.50,5602.00,5621.50,5649.50,-0.50,101.50,1.78,0.88,2031,11448022.50,963
2026-07-27 00:00:00,ARIHANTSUP,ARIHANT SUPERSTRUCT LTD,257.60,264.30,257.60,260.65,262.60,-0.74,6.70,2.60,-1.90,2030,529762.85,128
2026-07-27 00:00:00,JAIPURKURT,NANDANI CREATION LIMITED,27.60,27.60,26.23,26.65,27.01,-1.33,1.37,4.96,2.18,1980,53033.93,36
2026-07-27 00:00:00,WEIZMANIND,WEIZMANN LTD,77.31,79.49,77.31,77.41,77.19,0.29,2.18,2.82,0.16,1952,151571.09,30
2026-07-27 00:00:00,INDIANCARD,INDIAN CARD CLOTHING CO.,224.04,228.15,221.70,224.60,223.97,0.28,6.45,2.88,0.03,1945,437664.20,34
2026-07-27 00:00:00,WILLAMAGOR,WILLIAMSON MAGOR,25.27,26.78,25.00,25.45,25.27,0.71,1.78,7.04,0.00,1940,49050.16,27
2026-07-27 00:00:00,GLOSTERLTD,GLOSTER LIMITED,671.20,683.85,659.35,677.75,683.65,-0.86,24.50,3.65,-1.82,1928,1291877.70,169
2026-07-27 00:00:00,SENSEXAXIS,AXISAMC-SENSEXAXIS,79.93,79.95,79.19,79.89,79.07,1.04,0.76,0.95,1.09,1893,150326.12,63
2026-07-27 00:00:00,HPIL,HINDPRAKASH INDUSTRY LTD,124.00,129.00,120.55,121.84,125.66,-3.04,8.45,6.81,-1.32,1866,228802.70,74
2026-07-27 00:00:00,DELTAMAGNT,DELTA MANUFACTURING LTD,55.83,59.70,55.83,56.22,55.83,0.70,3.87,6.93,0.00,1864,104967.23,65
2026-07-27 00:00:00,MOINFRA,MOTILALAMC - MOINFRA,60.85,60.90,60.49,60.57,60.46,0.18,0.41,0.67,0.65,1853,112337.53,46
2026-07-27 00:00:00,HBESD,H B ESTATE DEVELOPERS L,77.99,77.99,73.51,75.33,74.01,1.78,4.48,5.74,5.38,1843,139636.12,34
2026-07-27 00:00:00,MOMGF,MOTILALAMC - MOMGF,159.79,160.67,159.19,159.99,158.72,0.80,1.48,0.93,0.67,1843,295074.88,30
2026-07-27 00:00:00,DIAMINESQ,DIAMINES & CHEMICALS LTD,250.74,252.78,246.42,247.84,246.90,0.38,6.36,2.54,1.56,1824,456725.31,100
2026-07-27 00:00:00,TCPLPACK,TCPL PACKAGING LIMITED,3278.40,3298.90,3200.00,3208.70,3226.50,-0.55,98.90,3.02,1.61,1811,5837285.90,472
2026-07-27 00:00:00,KAMAHOLD,KAMA HOLDINGS LTD.,2565.80,2585.00,2530.20,2543.50,2527.90,0.62,54.80,2.14,1.50,1784,4563592.70,542
2026-07-27 00:00:00,SINTERCOM,SINTERCOM INDIA LIMITED,80.40,81.70,80.01,81.37,82.04,-0.82,1.69,2.10,-2.00,1780,142666.24,61
2026-07-27 00:00:00,MEGASTAR,MEGASTAR FOODS LIMITED,335.15,344.45,335.05,338.40,340.80,-0.70,9.40,2.80,-1.66,1758,599745.60,184
2026-07-27 00:00:00,ALBERTDAVD,ALBERT DAVID LIMITED,699.30,701.60,680.00,684.25,698.35,-2.02,21.60,3.09,0.14,1714,1177867.45,265
2026-07-27 00:00:00,UMIYA-MRO,UMIYA BUILDCON LIMITED,91.52,91.52,88.52,89.82,89.29,0.59,3.00,3.28,2.50,1688,150994.41,61
2026-07-27 00:00:00,KICL,KALYANI INVEST CO LTD,5300.00,5475.00,5300.00,5445.50,5298.00,2.78,175.00,3.30,0.04,1682,9085597.00,331
2026-07-27 00:00:00,NORBTEAEXP,NORBEN TEA & EXPORTS LTD,67.00,70.65,67.00,68.06,67.37,1.02,3.65,5.45,-0.55,1649,111610.51,29
2026-07-27 00:00:00,ENIFTY,EDELAMC - ENIFTY,24.58,24.58,24.06,24.18,23.99,0.79,0.52,2.12,2.46,1605,38783.77,56
2026-07-27 00:00:00,KEYFINSERV,KEYNOTE FIN SERV LTD.,267.89,267.89,255.10,259.08,253.89,2.04,12.79,4.77,5.51,1589,410471.91,52
2026-07-27 00:00:00,TAINWALCHM,TAINWALA CHEMICAL AND PLA,203.21,208.67,203.00,204.11,201.87,1.11,5.67,2.79,0.66,1581,322773.97,82
2026-07-27 00:00:00,GROWWPSE,GROWWAMC - GROWWPSE,100.00,100.80,99.65,99.91,100.06,-0.15,1.15,1.15,-0.06,1521,151958.47,56
2026-07-27 00:00:00,NIPPOBATRY,INDO-NATIONAL LIMITED,328.00,338.00,328.00,333.40,326.30,2.18,10.00,3.05,0.52,1501,496613.05,66
2026-07-27 00:00:00,S&SPOWER,S&S POWER SWITCHGEARS LTD,359.40,359.40,331.75,336.80,347.30,-3.02,27.65,7.69,3.48,1473,503071.05,40
2026-07-27 00:00:00,SECMARK,SECMARK CONSULTANCY LTD,130.00,130.00,124.00,125.10,128.18,-2.40,6.00,4.62,1.42,1418,177645.10,10
2026-07-27 00:00:00,TAALTECH,TAAL TECH LTD.,3949.30,3996.00,3849.90,3975.80,3816.10,4.18,146.10,3.70,3.49,1376,5442653.40,302
2026-07-27 00:00:00,ABSLMSCIN,BIRLASLAMC - ABSLMSCIN,29.32,29.35,29.30,29.35,29.13,0.76,0.05,0.17,0.65,1355,39703.33,7
2026-07-27 00:00:00,LFIC,LAKSHMI FIN IND CORP LTD,145.00,149.00,135.51,144.89,143.30,1.11,13.49,9.30,1.19,1339,195101.39,45
2026-07-27 00:00:00,ASPINWALL,ASPINWALL & CO LTD,250.40,250.40,243.32,246.90,250.40,-1.40,7.08,2.83,0.00,1339,329996.64,63
2026-07-27 00:00:00,PNC,PRITISH NANDY COMMUNICATI,19.74,19.99,19.36,19.60,19.35,1.29,0.63,3.19,2.02,1317,25899.17,56
2026-07-27 00:00:00,GKWLIMITED,GKW LIMITED,1640.70,1675.00,1600.00,1609.60,1640.70,-1.90,75.00,4.57,0.00,1299,2102863.10,131
2026-07-27 00:00:00,3MINDIA,3M INDIA LIMITED,35790.00,35830.00,35150.00,35195.00,35500.00,-0.86,680.00,1.90,0.82,1279,45195555.00,916
2026-07-27 00:00:00,NSIL,NALWA SONS INVESTMENT LTD,5470.00,5527.00,5410.00,5445.00,5452.50,-0.14,117.00,2.14,0.32,1249,6830131.50,323
2026-07-27 00:00:00,PALASHSECU,PALASH SECURITIES LTD,91.40,91.40,89.00,89.11,88.31,0.91,2.40,2.63,3.50,1245,110969.94,98
2026-07-27 00:00:00,MOQUALITY,MOTILALAMC - MOQUALITY,197.01,202.31,197.01,201.57,199.23,1.17,5.30,2.69,-1.11,1241,250692.79,24
2026-07-27 00:00:00,FOSECOIND,FOSECO INDIA LTD,5079.00,5118.00,5022.00,5036.50,5048.00,-0.23,96.00,1.89,0.61,1230,6222203.50,298
2026-07-27 00:00:00,THAKDEV,THAKKERS DEVELOPERS LTD.,163.00,163.01,147.92,161.00,155.70,3.40,15.09,9.26,4.69,1202,182347.49,23
2026-07-27 00:00:00,BIMETAL,BIMETAL BEARINGS LTD.,667.00,672.45,650.00,650.80,667.40,-2.49,22.45,3.37,-0.06,1196,780068.70,22
2026-07-27 00:00:00,SANDESH,SANDESH LTD,979.00,1010.00,969.80,974.55,979.00,-0.45,40.20,4.11,0.00,1183,1167035.65,121
2026-07-27 00:00:00,SUMMITSEC,SUMMIT SECURITIES LTD,1495.00,1509.90,1485.00,1496.50,1482.80,0.92,24.90,1.67,0.82,1177,1760344.60,196
2026-07-27 00:00:00,ELDEHSG,ELDECO HSG & IND LTD.,818.00,818.40,762.10,774.10,778.30,-0.54,56.30,6.88,5.10,1155,902714.30,96
2026-07-27 00:00:00,SHRIKRISH,SHRI KRISHNA DEVCON LTD.,39.52,40.00,39.40,39.47,39.32,0.38,0.60,1.52,0.51,1147,45382.90,18
2026-07-27 00:00:00,PIONRINV,PIONEER INVESTCORP LTD.,97.99,97.99,91.11,93.26,94.14,-0.93,6.88,7.02,4.09,1140,106532.95,67
2026-07-27 00:00:00,MODTHREAD,MODERN THREADS INDIA LTD,48.16,50.00,47.66,49.27,47.66,3.38,2.34,4.86,1.05,1125,54353.88,20
2026-07-27 00:00:00,ROML,RAJ OIL MILLS LIMITED,45.10,45.10,44.07,44.98,44.51,1.06,1.03,2.28,1.33,1122,50127.12,30
2026-07-27 00:00:00,QUINT,QUINT DIGITAL LTD.,38.64,39.99,36.00,37.35,38.64,-3.34,3.99,10.33,0.00,1083,41022.35,24
2026-07-27 00:00:00,TASTYBITE,TASTY BITE EATABLES LTD,9020.00,9185.00,8850.00,8873.50,8999.00,-1.39,335.00,3.71,0.23,1070,9575576.00,485
2026-07-27 00:00:00,RAJPALAYAM,RAJAPALAYAM MILLS LTD.,802.05,820.00,802.05,810.75,807.75,0.37,17.95,2.24,-0.71,982,798027.80,46
2026-07-27 00:00:00,ZODIACLOTH,ZODIAC CLOTHING CO. LTD.,76.50,76.98,75.60,75.84,75.84,0.00,1.38,1.80,0.87,931,71138.85,20
2026-07-27 00:00:00,PML,PAUL MERCHANTS LTD.,489.00,489.00,465.30,476.05,485.60,-1.97,23.70,4.85,0.70,912,432268.05,69
2026-07-27 00:00:00,TEAMGTY,TEAM INDIA GUARANTY LTD,254.60,254.60,226.00,229.49,226.72,1.22,28.60,11.23,12.30,888,205262.71,86
2026-07-27 00:00:00,GILT5BETA,UTIAMC-GILT5BETA,66.67,66.72,65.48,65.64,66.67,-1.54,1.24,1.86,0.00,855,56739.31,17
2026-07-27 00:00:00,BIL,BHARTIYA INTERNATIONAL,680.00,757.00,680.00,745.80,729.90,2.18,77.00,11.32,-6.84,854,630754.50,90
2026-07-27 00:00:00,TOUCHWOOD,TOUCHWOOD ENTERTAIN LTD.,67.29,67.29,65.40,67.00,67.29,-0.43,1.89,2.81,0.00,816,54134.57,61
2026-07-27 00:00:00,VHL,VARDHMAN HOLDINGS LIMITED,3452.00,3579.00,3452.00,3503.30,3503.30,0.00,127.00,3.68,-1.46,773,2714306.70,135
2026-07-27 00:00:00,METROGLOBL,METROGLOBAL LTD.,129.79,132.00,128.20,130.92,129.79,0.87,3.80,2.93,0.00,771,100693.95,50
2026-07-27 00:00:00,MOSERVICE,MOTILALAMC - MOSERVICE,30.86,31.01,30.82,31.01,30.57,1.44,0.19,0.62,0.95,732,22578.36,14
2026-07-27 00:00:00,ELANTAS,ELANTAS BECK INDIA LTD.,9344.00,9648.00,9290.00,9555.00,9266.00,3.12,358.00,3.83,0.84,720,6831517.00,234
2026-07-27 00:00:00,HALEOSLABS,HALEOS LABS LIMITED,1548.20,1597.90,1531.00,1535.60,1538.40,-0.18,66.90,4.32,0.64,665,1026535.90,156
2026-07-27 00:00:00,UNITEDTEA,UNITED NILGIRI TEA LTD,479.35,479.50,468.25,472.95,469.80,0.67,11.25,2.35,2.03,660,312413.55,56
2026-07-27 00:00:00,DHUNINV,DHUNSERI INVESTMENTS LTD,866.00,897.00,860.00,867.50,864.70,0.32,37.00,4.27,0.15,633,552475.80,91
2026-07-27 00:00:00,SENSEXBETA,UTIAMC-SENSEXBETA,847.99,851.98,845.00,849.42,843.04,0.76,6.98,0.82,0.59,632,536618.04,153
2026-07-27 00:00:00,ABMKNO,A B M KNOWLEDGEWARE LTD.,195.00,201.00,192.11,197.99,190.11,4.14,8.89,4.56,2.57,620,122211.09,31
2026-07-27 00:00:00,AKCAPIT,A K CAPITAL SERVICES LTD.,1752.40,1769.60,1748.20,1749.60,1759.50,-0.56,21.40,1.22,-0.40,607,1065164.80,89
2026-07-27 00:00:00,ARTNIRMAN,ART NIRMAN LIMITED,40.19,41.66,38.21,39.42,40.19,-1.92,3.45,8.58,0.00,599,23676.58,15
2026-07-27 00:00:00,RVTH,REVATHI EQUIPMENT INDIA L,692.05,712.00,680.05,709.50,685.05,3.57,31.95,4.62,1.02,588,406228.80,24
2026-07-27 00:00:00,SILINV,SIL INVESTMENTS LIMITED,411.10,428.00,411.10,416.80,414.95,0.45,16.90,4.11,-0.93,572,238478.00,65
2026-07-27 00:00:00,APOLSINHOT,APOLLO SINDOORI HOTEL LTD,1182.00,1210.90,1178.10,1199.00,1173.00,2.22,32.80,2.77,0.77,535,637622.80,86
2026-07-27 00:00:00,BEEKAY,BEEKAY STEEL INDS. LTD.,404.05,414.30,391.65,395.30,400.40,-1.27,22.65,5.61,0.91,528,212847.15,39
2026-07-27 00:00:00,DISAQ,DISA INDIA LTD.,12296.00,12297.00,12094.00,12191.00,12110.00,0.67,203.00,1.65,1.54,516,6280157.00,379
2026-07-27 00:00:00,GROWWMC150,GROWWAMC - GROWWMC150,229.42,230.87,228.59,228.96,227.37,0.70,2.28,0.99,0.90,498,114401.55,33
2026-07-27 00:00:00,DRAGARWQ,DR. AGARWAL'S EYE HOSP L,5021.50,5075.00,4990.00,5041.50,5021.50,0.40,85.00,1.69,0.00,476,2395405.50,171
2026-07-27 00:00:00,NAHARCAP,NAHAR CAP & FIN.,245.50,250.00,244.01,244.53,245.33,-0.33,5.99,2.44,0.07,464,114935.94,41
2026-07-27 00:00:00,SHIVAUM,SHIV AUM STEELS LIMITED,387.00,397.95,385.00,388.35,391.25,-0.74,12.95,3.35,-1.09,459,179224.10,47
2026-07-27 00:00:00,PILANIINVS,PILANI INV & IND COR LTD,4322.00,4362.00,4301.00,4345.20,4311.40,0.78,61.00,1.41,0.25,455,1973802.30,123
2026-07-27 00:00:00,MCCHRLS-B,MAC CHARLES (INDIA) LTD.,798.70,798.70,683.00,698.95,709.95,-1.55,115.70,14.49,12.50,428,301658.65,21
2026-07-27 00:00:00,IVZINNIFTY,INVESCO INDIA NIFTY ETF,2745.00,2754.49,2736.32,2752.73,2726.94,0.95,18.17,0.66,0.66,426,1170109.34,59
2026-07-27 00:00:00,MOIPO,MOTILALAMC - MOIPO,45.59,46.10,45.59,46.09,45.59,1.10,0.51,1.12,0.00,400,18389.96,21
2026-07-27 00:00:00,EBANKNIFTY,EDELAMC - EBANKNIFTY,57.89,57.96,57.26,57.43,57.37,0.10,0.70,1.21,0.91,342,19702.65,42
2026-07-27 00:00:00,WIPL,THE WESTERN INDIA PLY LTD,165.06,172.00,163.25,169.07,165.06,2.43,8.75,5.30,0.00,323,54049.76,29
2026-07-27 00:00:00,HISARMETAL,HISAR METAL IND. LIMITED,147.49,151.00,145.50,146.12,147.49,-0.93,5.50,3.73,0.00,319,46703.18,24
2026-07-27 00:00:00,CONSUMAXIS,AXISAMC-CONSUMAXIS,122.00,122.24,121.65,122.17,120.30,1.55,0.59,0.48,1.41,317,38670.80,28
2026-07-27 00:00:00,AIROLAM,AIRO LAM LIMITED,88.00,88.00,86.25,86.50,85.88,0.72,1.75,1.99,2.47,309,26859.47,22
2026-07-27 00:00:00,ACEINTEG,ACE INTEGRATED SOLU. LTD.,19.89,19.94,19.29,19.31,19.70,-1.98,0.65,3.27,0.96,306,5947.44,30
2026-07-27 00:00:00,MOPSE,MOTILALAMC - MOPSE,101.17,101.75,101.17,101.64,101.00,0.63,0.58,0.57,0.17,298,30238.06,10
2026-07-27 00:00:00,GILLANDERS,GILLANDERS ARBUTHNOT LTD,89.86,89.86,88.00,88.14,87.98,0.18,1.86,2.07,2.14,287,25341.19,10
2026-07-27 00:00:00,NBIFIN,N.B.I. IND. FIN. CO. LTD,2254.90,2254.90,2181.90,2222.40,2216.50,0.27,73.00,3.24,1.73,282,623438.30,107
2026-07-27 00:00:00,BENGALASM,BENGAL & ASSAM CO. LTD.,6202.00,6312.00,6175.00,6215.50,6202.00,0.22,137.00,2.21,0.00,278,1732608.50,83
2026-07-27 00:00:00,KIRANVYPAR,KIRAN VYAPAR LTD.,201.32,202.00,199.00,201.00,200.32,0.34,3.00,1.49,0.50,246,49323.16,23
2026-07-27 00:00:00,CURAA,CURA TECHNOLOGIES LIMITED,71.99,72.64,67.41,72.62,71.37,1.75,5.23,7.26,0.87,243,17548.19,18
2026-07-27 00:00:00,GUJRAFFIA,GUJARAT RAFFIA INDUST LTD,40.50,40.50,39.01,39.01,40.56,-3.82,1.49,3.68,-0.15,229,9115.89,13
2026-07-27 00:00:00,BANARISUG,BANNARI AMMAN SUGARS LTD,3499.00,3499.00,3475.00,3475.10,3501.80,-0.76,24.00,0.69,-0.08,204,709489.90,20
2026-07-27 00:00:00,MSCI360,360ONEAMC - MSCI360,10.04,10.09,10.03,10.09,9.99,1.00,0.06,0.60,0.50,200,2012.70,10
2026-07-27 00:00:00,IDFNIFTYET,BANDHANAMC - IDFNIFTYET,262.78,267.17,262.78,265.13,262.78,0.89,4.39,1.67,0.00,177,46928.31,50
2026-07-27 00:00:00,PREMCO,PREMCO GLOBAL LTD.,386.05,386.05,367.00,368.15,363.90,1.17,19.05,4.93,6.09,174,65321.55,14
2026-07-27 00:00:00,ADL,ARCHIDPLY DECOR LIMITED,73.49,73.49,70.10,70.20,73.49,-4.48,3.39,4.61,0.00,146,10302.48,13
2026-07-27 00:00:00,ICDSLTD,ICDS LTD,41.00,41.00,39.10,39.46,40.48,-2.52,1.90,4.63,1.28,142,5704.58,11
2026-07-27 00:00:00,LICNFNHGP,LICNAMC - LICNFNHGP,273.44,275.39,273.44,275.10,273.40,0.62,1.95,0.71,0.01,129,35352.91,17
2026-07-27 00:00:00,NPBET,TATAAML - NPBET,282.47,284.74,282.45,284.31,282.47,0.65,2.29,0.81,0.00,112,31723.65,23
2026-07-27 00:00:00,NKIND,NK INDUSTRIES LTD,61.90,61.90,59.51,59.51,59.72,-0.35,2.39,3.86,3.65,108,6586.82,6
2026-07-27 00:00:00,LOYALTEX,LOYAL TEXTILE MILLS LTD,205.00,205.00,193.00,203.94,205.05,-0.54,12.00,5.85,-0.02,104,21212.94,10
2026-07-27 00:00:00,LOWVOL,MIRAEAMC - MANV30F,206.62,208.15,206.62,208.11,205.73,1.16,1.53,0.74,0.43,79,16429.89,7
2026-07-27 00:00:00,PKTEA,THE P K TEA PROD CO LTD,684.90,700.00,678.00,698.00,677.15,3.08,22.00,3.21,1.14,72,49849.05,18
2026-07-27 00:00:00,GILT10BETA,UTIAMC-GILT10BETA,26.82,26.82,26.32,26.32,26.69,-1.39,0.50,1.86,0.49,49,1301.77,8
2026-07-27 00:00:00,SONAL,SONAL MERCANTILE LTD.,92.00,92.00,90.08,90.08,94.82,-5.00,1.92,2.09,-2.97,49,4417.28,4
2026-07-27 00:00:00,ARVEE,ARVEE LABORATORIES I LTD,154.00,158.79,153.66,158.27,153.66,3.00,5.13,3.33,0.22,46,7250.06,9
2026-07-27 00:00:00,RSDFIN,R S D FINANCE LTD.,73.20,82.79,73.20,82.00,82.81,-0.98,9.59,13.10,-11.60,45,3548.40,5
2026-07-27 00:00:00,ABGSEC,BIRLASLAMC - ABGSEC,114.54,114.54,114.54,114.54,113.32,1.08,0.00,0.00,1.08,44,5039.76,4
2026-07-27 00:00:00,GANGESSECU,GANGES SECURITIES LIMITED,118.07,118.07,116.00,116.75,116.24,0.44,2.07,1.75,1.57,39,4554.90,8
2026-07-27 00:00:00,ZENITHEXPO,ZENITH EXPORTS LTD,205.00,205.00,201.00,205.00,200.17,2.41,4.00,1.95,2.41,26,5326.00,4
2026-07-27 00:00:00,ZSARACOM,SARASWATI COMM (INDIA) L,12370.00,12850.00,12230.00,12342.50,12364.50,-0.18,620.00,5.01,0.04,24,299344.50,21
2026-07-27 00:00:00,NDGL,NAGA DHUNSERI GROUP LTD,2790.00,2850.00,2710.10,2736.00,2774.50,-1.39,139.90,5.01,0.56,23,63747.50,11
2026-07-27 00:00:00,SAYAJIHOTL,SAYAJI HOTELS LTD.,299.60,299.60,299.60,299.60,299.60,0.00,0.00,0.00,0.00,18,5392.80,2
2026-07-27 00:00:00,ASTAR,ASIAN STAR CO. LTD.,575.15,625.00,575.15,585.10,606.50,-3.53,49.85,8.67,-5.17,17,10021.40,7
2026-07-27 00:00:00,INDPRUD,INDUSTRIAL & PRU INV CO L,6570.00,6588.50,6400.00,6552.00,6570.00,-0.27,188.50,2.87,0.00,16,104918.00,10
2026-07-27 00:00:00,ELCIDIN,ELCID INVESTMENTS LTD.,105505.00,112000.00,105505.00,110725.00,109500.00,1.12,6495.00,6.16,-3.65,11,1207575.00,11
2026-07-27 00:00:00,GSEC10ABSL,BIRLASLAMC - GSEC10ABSL,111.60,112.74,111.60,112.74,113.30,-0.49,1.14,1.02,-1.50,10,1125.12,4
2026-07-27 00:00:00,GROBTEA,THE GROB TEA COMPANY LTD,900.00,900.00,899.95,899.95,899.80,0.02,0.05,0.01,0.02,5,4499.90,3
