Date,Symbol,Company,Open,High,Low,Close,PrevClose,DailyReturnPct,DailyRange,RangePct,GapPct,Volume,TradedValue,Trades
2026-08-06 00:00:00,IDEA,VODAFONE IDEA LIMITED,12.89,12.90,12.63,12.63,12.80,-1.33,0.27,2.09,0.70,204537429,2609240350.55,294769
2026-08-06 00:00:00,ALLCARGO,ALLCARGO LOGISTICS LTD,8.35,9.76,8.30,9.76,8.14,19.90,1.46,17.49,2.58,169686303,1583965030.02,199646
2026-08-06 00:00:00,PCJEWELLER,PC JEWELLER LTD,9.78,9.79,9.59,9.68,9.80,-1.22,0.20,2.04,-0.20,117626538,1136346842.23,38043
2026-08-06 00:00:00,MOREPENLAB,MOREPEN LAB. LTD,76.39,83.50,75.11,79.42,76.95,3.21,8.39,10.98,-0.73,100581767,8049537291.51,255174
2026-08-06 00:00:00,GTLINFRA,GTL INFRA.LTD,1.28,1.28,1.22,1.23,1.27,-3.15,0.06,4.69,0.79,80513830,101039879.09,21043
2026-08-06 00:00:00,VOGL,VEDANTA OIL AND GAS LTD,37.24,37.60,35.01,35.90,37.10,-3.23,2.59,6.95,0.38,77176976,2790537535.11,89256
2026-08-06 00:00:00,JNPR,JUNIPER GREEN ENERGY LTD,245.00,264.72,232.11,259.71,225.00,15.43,32.61,13.31,8.89,69638657,17267755155.71,1232508
2026-08-06 00:00:00,JPPOWER,JAIPRAKASH POWER VEN. LTD,18.32,18.48,18.06,18.10,18.32,-1.20,0.42,2.29,0.00,59560961,1086016213.43,37804
2026-08-06 00:00:00,LICI,LIFE INSURA CORP OF INDIA,387.25,391.40,387.25,387.55,393.00,-1.39,4.15,1.07,-1.46,57401466,22313737229.20,236165
2026-08-06 00:00:00,SWIGGY,SWIGGY LIMITED,290.30,305.00,285.00,288.65,289.90,-0.43,20.00,6.89,0.14,51405488,15221716877.30,213878
2026-08-06 00:00:00,RBA,RESTAURANT BRAND ASIA LTD,87.70,91.80,86.60,90.25,87.74,2.86,5.20,5.93,-0.05,50121871,4526293080.27,139706
2026-08-06 00:00:00,PINELABS,PINE LABS LIMITED,148.00,158.70,147.01,156.04,147.82,5.56,11.69,7.90,0.12,46391035,7192426781.34,198696
2026-08-06 00:00:00,OLAELEC,OLA ELECTRIC MOBILITY LTD,41.70,41.90,41.14,41.44,41.44,0.00,0.76,1.82,0.63,45760166,1899023378.63,82189
2026-08-06 00:00:00,HDFCBANK,HDFC BANK LTD,739.00,740.50,733.55,734.30,735.00,-0.10,6.95,0.94,0.54,44772122,32938832886.35,392473
2026-08-06 00:00:00,MOTHERSON,SAMVRDHNA MTHRSN INTL LTD,155.30,157.99,151.61,155.00,154.35,0.42,6.38,4.11,0.62,39983472,6187804521.23,160197
2026-08-06 00:00:00,CUPID,CUPID LIMITED,254.00,263.00,253.80,262.61,252.11,4.16,9.20,3.62,0.75,38625175,10059599421.72,202474
2026-08-06 00:00:00,YESBANK,YES BANK LIMITED,22.97,23.06,22.68,22.68,22.97,-1.26,0.38,1.65,0.00,37986003,869174285.31,57402
2026-08-06 00:00:00,VISL,VEDANTA IRON AND STEEL L,36.84,37.46,35.51,35.89,36.53,-1.75,1.95,5.29,0.85,37539135,1375676416.44,69523
2026-08-06 00:00:00,SEPC,SEPC LIMITED,6.55,6.72,6.47,6.54,6.32,3.48,0.25,3.82,3.64,37031441,243138538.86,26423
2026-08-06 00:00:00,TATSILV,TATAAML-TATSILV,22.22,22.22,21.20,21.78,21.68,0.46,1.02,4.59,2.49,36919583,804873660.94,44780
2026-08-06 00:00:00,ZEEL,ZEE ENTERTAINMENT ENT LTD,95.00,96.00,92.00,92.57,94.55,-2.09,4.00,4.21,0.48,30094304,2808600640.55,97063
2026-08-06 00:00:00,ETERNAL,ETERNAL LIMITED,311.00,319.70,310.00,316.25,310.35,1.90,9.70,3.12,0.21,29960978,9488477826.65,232667
2026-08-06 00:00:00,SUZLON,SUZLON ENERGY LIMITED,48.30,48.49,47.83,48.10,48.15,-0.10,0.66,1.37,0.31,29846769,1436614047.64,65069
2026-08-06 00:00:00,BANDHANBNK,BANDHAN BANK LIMITED,173.00,176.80,173.00,174.66,170.46,2.46,3.80,2.20,1.49,28299072,4968639994.33,121545
2026-08-06 00:00:00,KWIL,KWALITY WALL'S (INDIA) L,32.33,35.05,32.01,34.82,32.53,7.04,3.04,9.40,-0.61,27827650,951458402.06,56789
2026-08-06 00:00:00,NMDC,NMDC LTD.,86.32,87.19,85.66,86.20,85.80,0.47,1.53,1.77,0.61,26097300,2255964630.90,126102
2026-08-06 00:00:00,FCL,FINEOTEX CHEMICAL LIMITED,39.05,42.51,38.73,41.75,38.65,8.02,3.78,9.68,1.03,25011385,1038873750.25,46504
2026-08-06 00:00:00,KALYANKJIL,KALYAN JEWELLERS IND LTD,575.00,600.00,561.25,598.00,569.50,5.00,38.75,6.74,0.97,24595955,14305656920.15,194449
2026-08-06 00:00:00,LLOYDSENGG,LLOYDS ENGG WORK LIMITED,93.25,94.98,86.25,88.46,93.28,-5.17,8.73,9.36,-0.03,24459058,2234016249.10,80312
2026-08-06 00:00:00,FSL,FIRSTSOURCE SOLU. LTD.,339.00,339.00,280.30,293.95,339.45,-13.40,58.70,17.32,-0.13,24119467,7269813145.90,267787
2026-08-06 00:00:00,CANBK,CANARA BANK,129.00,131.74,128.33,131.70,128.91,2.16,3.41,2.64,0.07,23441604,3053854813.39,85444
2026-08-06 00:00:00,RHETAN,RHETAN TMT LIMITED,32.81,33.39,32.81,32.85,32.29,1.73,0.58,1.77,1.61,22355131,738238681.61,14764
2026-08-06 00:00:00,SHILPAMED,SHILPA MEDICARE LTD,739.10,786.15,730.30,738.80,721.75,2.36,55.85,7.56,2.40,20729663,15739502236.25,400191
2026-08-06 00:00:00,RELIANCE,RELIANCE INDUSTRIES LTD,1285.00,1325.20,1281.20,1325.00,1280.00,3.52,44.00,3.42,0.39,20342297,26714270356.20,279507
2026-08-06 00:00:00,UNIONBANK,UNION BANK OF INDIA,176.80,182.50,175.21,182.50,175.80,3.81,7.29,4.12,0.57,19962851,3587495640.03,73149
2026-08-06 00:00:00,HINDCOPPER,HINDUSTAN COPPER LTD,542.45,551.00,525.55,545.95,533.80,2.28,25.45,4.69,1.62,19838083,10653559479.55,223095
2026-08-06 00:00:00,HFCL,HFCL LIMITED,212.40,213.45,203.00,203.67,212.23,-4.03,10.45,4.92,0.08,19195935,3998441761.13,87636
2026-08-06 00:00:00,TATASTEEL,TATA STEEL LIMITED,193.45,193.65,188.99,189.30,192.99,-1.91,4.66,2.41,0.24,18802510,3585630562.50,126962
2026-08-06 00:00:00,VEDL,VEDANTA LIMITED,280.95,282.35,273.60,275.00,277.00,-0.72,8.75,3.11,1.43,18499108,5125996872.05,199331
2026-08-06 00:00:00,TFCILTD,TOURISM FINANCE CORP. OF,111.65,111.65,107.50,110.81,110.77,0.04,4.15,3.72,0.79,18425822,2035050695.12,20317
2026-08-06 00:00:00,POWERGRID,POWER GRID CORP. LTD.,279.75,281.00,269.65,270.75,281.75,-3.90,11.35,4.06,-0.71,18258733,4972945302.40,161834
2026-08-06 00:00:00,RPOWER,RELIANCE POWER LTD.,24.26,24.58,24.06,24.24,24.17,0.29,0.52,2.14,0.37,18237056,443387826.78,27144
2026-08-06 00:00:00,PAISALO,PAISALO DIGITAL LIMITED,69.50,71.45,68.48,68.98,69.14,-0.23,2.97,4.27,0.52,18177924,1267305215.64,34627
2026-08-06 00:00:00,BEL,BHARAT ELECTRONICS LTD,389.65,400.90,388.65,399.20,390.00,2.36,12.25,3.14,-0.09,17574744,6976304859.45,174286
2026-08-06 00:00:00,SAIL,STEEL AUTHORITY OF INDIA,176.21,179.75,174.87,176.74,175.50,0.71,4.88,2.77,0.40,17549959,3120065427.58,77702
2026-08-06 00:00:00,MVELECTRO,MV ELECTROSYSTEMS LIMITED,520.00,624.00,520.00,624.00,425.00,46.82,104.00,20.00,22.35,17538016,10004370770.30,290235
2026-08-06 00:00:00,VAML,VEDANTA ALUMINIUM METAL L,471.55,487.70,470.45,480.65,467.95,2.71,17.25,3.66,0.77,17348696,8336118840.40,156194
2026-08-06 00:00:00,CCAVENUE,AVENUESAI LIMITED,17.39,17.72,17.03,17.13,17.26,-0.75,0.69,3.97,0.75,16128672,280351182.15,15234
2026-08-06 00:00:00,GROWW,BILLIONBRAINS GARAGE VN L,192.00,193.06,188.11,189.04,191.84,-1.46,4.95,2.58,0.08,16109066,3073602879.37,98216
2026-08-06 00:00:00,UJJIVANSFB,UJJIVAN SMALL FINANC BANK,70.34,72.58,70.00,72.05,69.59,3.53,2.58,3.67,1.08,16057454,1148671369.17,41105
2026-08-06 00:00:00,JIOFIN,JIO FIN SERVICES LTD,262.20,266.35,260.30,263.10,261.95,0.44,6.05,2.31,0.10,15775224,4167041090.50,96581
2026-08-06 00:00:00,ROLEXRINGS,ROLEX RINGS LIMITED,145.90,156.00,145.70,152.80,144.82,5.51,10.30,7.06,0.75,15721968,2388855900.46,96018
2026-08-06 00:00:00,ADANIPOWER,ADANI POWER LTD,208.59,210.20,206.70,208.12,208.99,-0.42,3.50,1.68,-0.19,15357824,3199763273.14,66332
2026-08-06 00:00:00,ASHOKLEY,ASHOK LEYLAND LTD,176.99,177.85,175.29,177.50,177.00,0.28,2.56,1.45,-0.01,15063477,2666343196.43,63818
2026-08-06 00:00:00,ICICIBANK,ICICI BANK LTD.,1460.00,1460.00,1448.30,1457.50,1450.10,0.51,11.70,0.80,0.68,14954726,21769766618.40,191250
2026-08-06 00:00:00,GAIL,GAIL (INDIA) LTD,176.22,177.70,174.83,176.40,176.96,-0.32,2.87,1.63,-0.42,14800641,2613738501.87,44571
2026-08-06 00:00:00,MEESHO,MEESHO LIMITED,189.00,189.50,184.64,186.17,189.75,-1.89,4.86,2.57,-0.40,14682819,2734106720.11,93715
2026-08-06 00:00:00,ONGC,OIL AND NATURAL GAS CORP.,241.40,241.40,236.50,237.80,240.20,-1.00,4.90,2.03,0.50,13959109,3316771822.69,120231
2026-08-06 00:00:00,SBIN,STATE BANK OF INDIA,1052.50,1088.10,1052.50,1085.00,1055.00,2.84,35.60,3.38,-0.24,13822265,14836847203.70,221340
2026-08-06 00:00:00,VEDPOWER,VEDANTA POWER LIMITED,35.60,36.15,35.45,35.78,35.47,0.87,0.70,1.97,0.37,13299378,476375078.23,32389
2026-08-06 00:00:00,HCC,HINDUSTAN CONSTRUCTION CO,22.00,22.06,21.45,21.55,21.91,-1.64,0.61,2.77,0.41,12654859,275474722.08,20620
2026-08-06 00:00:00,SHRIRAMFIN,SHRIRAM FINANCE LIMITED,1130.00,1153.70,1120.00,1141.00,1122.40,1.66,33.70,2.98,0.68,12605459,14367903939.80,151392
2026-08-06 00:00:00,ITC,ITC LTD,285.45,286.35,283.70,285.90,286.95,-0.37,2.65,0.93,-0.52,12447629,3546375925.85,324464
2026-08-06 00:00:00,SAMMAANCAP,SAMMAAN CAPITAL LIMITED,161.50,169.36,160.55,167.22,161.53,3.52,8.81,5.46,-0.02,12368225,2054861998.36,52941
2026-08-06 00:00:00,ABFRL,ADITYA BIRLA FASHION & RT,62.20,64.10,61.15,63.26,62.10,1.87,2.95,4.74,0.16,12219124,769703726.82,41171
2026-08-06 00:00:00,AGL,ALLCARGO GLOBAL LIMITED,13.29,14.46,13.12,14.46,13.15,9.96,1.34,10.08,1.06,12134338,170841904.87,21561
2026-08-06 00:00:00,RTNPOWER,RATTANINDIA POWER LIMITED,8.76,8.84,8.69,8.77,8.76,0.11,0.15,1.71,0.00,12132090,106177495.02,10595
2026-08-06 00:00:00,BAJAJELEC,BAJAJ ELECT.LTD,348.00,407.50,345.00,382.50,348.10,9.88,62.50,17.96,-0.03,12003859,4700380320.55,177766
2026-08-06 00:00:00,PNB,PUNJAB NATIONAL BANK,113.55,114.85,113.20,114.30,113.55,0.66,1.65,1.45,0.00,11910351,1361680088.27,48462
2026-08-06 00:00:00,OMNI,OMNITECH ENGINEERING LTD,752.10,764.85,604.25,627.05,732.60,-14.41,160.60,21.35,2.66,11785459,7767904683.45,339009
2026-08-06 00:00:00,EDELWEISS,EDELWEISS FIN SERV LTD,117.89,124.44,117.78,121.16,117.78,2.87,6.66,5.65,0.09,11630931,1416190326.60,78662
2026-08-06 00:00:00,NHPC,NHPC LTD,78.24,78.57,77.50,77.50,78.60,-1.40,1.07,1.37,-0.46,11610748,903393731.89,36293
2026-08-06 00:00:00,AQYLON,AQYLON NEXUS LIMITED,27.45,28.01,27.21,28.00,26.68,4.95,0.80,2.91,2.89,11196913,313183422.76,9165
2026-08-06 00:00:00,BIOCON,BIOCON LIMITED.,428.00,442.50,421.25,436.60,425.20,2.68,21.25,4.96,0.66,10929015,4757139955.60,97749
2026-08-06 00:00:00,ATALREAL,ATAL REALTECH LIMITED,34.67,34.89,34.29,34.64,34.56,0.23,0.60,1.73,0.32,10925158,378325502.56,5644
2026-08-06 00:00:00,SAGILITY,SAGILITY LIMITED,43.96,44.48,43.63,43.76,43.87,-0.25,0.85,1.93,0.21,10914497,480208606.82,23259
2026-08-06 00:00:00,IDFCFIRSTB,IDFC FIRST BANK LIMITED,85.21,85.54,84.65,85.35,85.30,0.06,0.89,1.04,-0.11,10687868,909281119.78,36675
2026-08-06 00:00:00,MSUMI,MOTHERSON SUMI WRNG IND L,41.10,41.39,40.70,41.01,40.97,0.10,0.69,1.68,0.32,10595418,435157600.39,48192
2026-08-06 00:00:00,PVP,PVP VENTURES LIMITED,28.07,33.25,27.60,33.14,27.71,19.60,5.65,20.13,1.30,10496593,331573000.84,49418
2026-08-06 00:00:00,SHADOWFAX,SHADOWFAX TECHNOLOGIES L,245.00,250.15,237.60,240.10,243.51,-1.40,12.55,5.12,0.61,10385962,2522137043.70,60909
2026-08-06 00:00:00,KOTAKBANK,KOTAK MAHINDRA BANK LTD,397.25,398.80,393.75,394.00,400.00,-1.50,5.05,1.27,-0.69,10378024,4107147425.40,122453
2026-08-06 00:00:00,NTPC,NTPC LTD,347.50,349.25,343.10,345.00,349.90,-1.40,6.15,1.77,-0.69,10079779,3473637204.70,94325
2026-08-06 00:00:00,SOUTHBANK,THE SOUTH INDIAN BANK LTD,46.97,47.76,46.93,47.43,46.92,1.09,0.83,1.77,0.11,10025026,475112563.91,22581
2026-08-06 00:00:00,CASTROLIND,CASTROL INDIA LIMITED,192.45,195.00,191.62,194.17,191.54,1.37,3.38,1.76,0.48,9762712,1890772687.79,43950
2026-08-06 00:00:00,INDOMIM,INDO-MIM LIMITED,809.00,882.10,804.00,878.75,801.95,9.58,78.10,9.65,0.88,9644015,8268513808.50,208912
2026-08-06 00:00:00,BANKBARODA,BANK OF BARODA,246.11,251.00,245.60,251.00,245.60,2.20,5.40,2.19,0.21,9633422,2395093683.87,60833
2026-08-06 00:00:00,EMIL,ELECTRONICS MART IND LTD,149.00,153.00,147.53,149.78,147.56,1.50,5.47,3.67,0.98,9559297,1437848843.94,58174
2026-08-06 00:00:00,TMCV,TATA MOTORS LIMITED,450.50,461.70,450.50,459.65,450.20,2.10,11.20,2.49,0.07,9546090,4365864465.50,114386
2026-08-06 00:00:00,IOC,INDIAN OIL CORP LTD,144.00,144.75,142.30,142.66,144.00,-0.93,2.45,1.70,0.00,9474034,1358808862.45,55289
2026-08-06 00:00:00,MAHABANK,BANK OF MAHARASHTRA,79.59,79.59,77.75,78.17,79.20,-1.30,1.84,2.31,0.49,9359746,732815179.40,81024
2026-08-06 00:00:00,ASKAUTOLTD,ASK AUTOMOTIVE LIMITED,637.55,687.70,626.15,678.80,637.55,6.47,61.55,9.65,0.00,9246516,6191473588.90,177679
2026-08-06 00:00:00,TATATECH,TATA TECHNOLOGIES LIMITED,759.60,805.75,756.00,801.55,754.00,6.31,49.75,6.55,0.74,8537872,6773525926.05,184208
2026-08-06 00:00:00,INFY,INFOSYS LIMITED,1174.10,1185.80,1163.00,1165.00,1174.00,-0.77,22.80,1.94,0.01,8521064,9963700971.80,175674
2026-08-06 00:00:00,MOTISONS,MOTISONS JEWELLERS LTD,13.91,13.94,13.80,13.87,13.88,-0.07,0.14,1.01,0.22,8364680,116187834.26,3818
2026-08-06 00:00:00,IFCI,IFCI LTD,75.64,75.95,74.35,74.91,75.64,-0.97,1.60,2.12,0.00,8317737,624402972.39,26078
2026-08-06 00:00:00,PTC,PTC INDIA LIMITED,200.00,201.52,198.12,200.17,198.36,0.91,3.40,1.70,0.83,7809024,1560860055.89,49404
2026-08-06 00:00:00,IGARASHI,IGARASHI MOTORS INDIA LTD,461.05,537.90,451.75,493.80,461.05,7.10,86.15,18.69,0.00,7802657,4045625404.25,162338
2026-08-06 00:00:00,KTKBANK,KARNATAKA BANK LIMITED,299.55,316.80,297.30,306.80,299.65,2.39,19.50,6.51,-0.03,7797697,2407444951.35,78228
2026-08-06 00:00:00,TATACAP,TATA CAPITAL LIMITED,375.00,390.20,371.05,382.70,371.90,2.90,19.15,5.11,0.83,7207122,2757246980.20,111341
2026-08-06 00:00:00,EASEMYTRIP,EASY TRIP PLANNERS LTD,6.59,6.65,6.55,6.61,6.56,0.76,0.10,1.52,0.46,7198149,47535973.46,5274
2026-08-06 00:00:00,PPLPHARMA,PIRAMAL PHARMA LIMITED,206.00,212.43,205.00,208.24,206.78,0.71,7.43,3.61,-0.38,7183683,1500804883.28,68660
2026-08-06 00:00:00,TEMBO,TEMBO GLOBAL IND LTD,66.00,66.70,59.70,63.80,65.90,-3.19,7.00,10.61,0.15,7180582,455889241.35,16498
2026-08-06 00:00:00,IRFC,INDIAN RAILWAY FIN CORP L,88.90,89.95,88.75,89.29,88.90,0.44,1.20,1.35,0.00,7130936,636265905.25,36539
2026-08-06 00:00:00,GANDHAR,GANDHAR OIL REFINE IND L,233.95,250.00,232.03,242.95,231.41,4.99,17.97,7.68,1.10,6759414,1655723528.06,70411
2026-08-06 00:00:00,RVNL,RAIL VIKAS NIGAM LIMITED,229.49,236.25,227.59,235.00,229.00,2.62,8.66,3.77,0.21,6727373,1569089372.44,44770
2026-08-06 00:00:00,NBCC,NBCC (INDIA) LIMITED,96.60,96.96,95.25,96.25,96.00,0.26,1.71,1.77,0.62,6704370,645457157.66,31585
2026-08-06 00:00:00,IREDA,INDIAN RENEWABLE ENERGY,120.25,122.13,120.00,121.02,120.70,0.27,2.13,1.77,-0.37,6669871,806959304.90,31070
2026-08-06 00:00:00,NATIONALUM,NATIONAL ALUMINIUM CO LTD,385.00,385.05,376.50,381.00,381.00,0.00,8.55,2.22,1.05,6636333,2519978803.60,69614
2026-08-06 00:00:00,WIPRO,WIPRO LTD,186.00,188.24,185.41,186.12,186.99,-0.47,2.83,1.52,-0.53,6629768,1234283190.42,68707
2026-08-06 00:00:00,HINDZINC,HINDUSTAN ZINC LIMITED,604.25,606.20,587.45,590.00,596.95,-1.16,18.75,3.10,1.22,6577691,3918536395.90,84828
2026-08-06 00:00:00,MANIPALHOS,MANIPAL HEALTH ENTERPRI L,657.55,663.90,625.45,650.50,666.95,-2.47,38.45,5.85,-1.41,6563793,4251624620.90,152295
2026-08-06 00:00:00,BAJFINANCE,BAJAJ FINANCE LIMITED,1155.50,1160.20,1144.60,1144.80,1158.80,-1.21,15.60,1.35,-0.28,6472397,7461775358.80,125290
2026-08-06 00:00:00,J&KBANK,J & K BANK LTD.,157.00,164.30,157.00,160.08,156.46,2.31,7.30,4.65,0.35,6458285,1040126438.58,47743
2026-08-06 00:00:00,BESTAGRO,BEST AGROLIFE LIMITED,21.84,21.84,20.00,20.24,20.97,-3.48,1.84,8.42,4.15,6418696,132139719.83,12597
2026-08-06 00:00:00,HINDALCO,HINDALCO  INDUSTRIES  LTD,1044.00,1044.00,1016.00,1027.00,1040.00,-1.25,28.00,2.68,0.38,6345953,6508273539.95,136169
2026-08-06 00:00:00,JYOTISTRUC,JYOTI STRUCTURES LTD,12.21,12.28,11.60,11.71,12.12,-3.38,0.68,5.57,0.74,6298833,75368404.48,8038
2026-08-06 00:00:00,GMMPFAUDLR,GMM PFAUDLER LIMITED,865.00,1028.50,850.90,979.85,857.10,14.32,177.60,20.53,0.92,6204622,6051674179.10,172171
2026-08-06 00:00:00,BLUESTONE,BLUESTONE JEWEL LFSTL LTD,850.00,866.00,812.30,824.40,856.00,-3.69,53.70,6.32,-0.70,6203985,5235258233.95,121228
2026-08-06 00:00:00,BANKINDIA,BANK OF INDIA,141.70,143.17,140.61,142.66,141.00,1.18,2.56,1.81,0.50,6155628,875137372.87,29028
2026-08-06 00:00:00,RAIN,RAIN INDUSTRIES LIMITED,243.49,247.75,239.55,243.00,242.68,0.13,8.20,3.37,0.33,6138266,1497472543.62,41423
2026-08-06 00:00:00,NYKAA,FSN E COMMERCE VENTURES,335.35,335.90,330.00,331.95,335.35,-1.01,5.90,1.76,0.00,6083027,2019782837.45,76175
2026-08-06 00:00:00,DAVANGERE,DAVANGERE SUGAR COMPANY L,3.22,3.22,3.08,3.09,3.12,-0.96,0.14,4.35,3.21,6047600,18804118.47,3055
2026-08-06 00:00:00,COHANCE,COHANCE LIFESCIENCES LTD,417.90,466.95,416.90,438.90,429.45,2.20,50.05,11.98,-2.69,6018027,2662205099.30,122259
2026-08-06 00:00:00,SOTL,SAVITA OIL TECHNOLO. LTD,774.00,814.80,756.20,781.95,679.00,15.16,58.60,7.57,13.99,6004735,4778668932.40,101512
2026-08-06 00:00:00,RATNAVEER,RATNAVEER PRECISION ENG L,206.00,213.69,203.12,205.61,203.25,1.16,10.57,5.13,1.35,5915194,1228484958.51,37091
2026-08-06 00:00:00,GMRAIRPORT,GMR AIRPORTS LIMITED,106.99,106.99,105.45,106.59,107.00,-0.38,1.54,1.44,-0.01,5850034,621178772.17,30646
2026-08-06 00:00:00,ASIANTILES,ASIAN GRANITO IND. LTD.,53.05,56.48,53.02,55.98,53.39,4.85,3.46,6.52,-0.64,5759159,317327825.61,13728
2026-08-06 00:00:00,INDUSTOWER,INDUS TOWERS LIMITED,386.95,389.60,383.30,383.30,385.85,-0.66,6.30,1.63,0.29,5731783,2215898298.40,43799
2026-08-06 00:00:00,INOXWIND,INOX WIND LIMITED,79.30,79.30,78.01,78.20,78.86,-0.84,1.29,1.63,0.56,5653025,444370337.94,26361
2026-08-06 00:00:00,SCI,SHIPPING CORP OF INDIA LT,302.45,311.00,300.55,308.60,300.70,2.63,10.45,3.46,0.58,5638778,1730633411.15,50101
2026-08-06 00:00:00,NAZARA,NAZARA TECHNOLOGIES LTD,348.25,358.00,338.50,352.85,348.80,1.16,19.50,5.60,-0.16,5602341,1970354474.25,56937
2026-08-06 00:00:00,CENTRALBK,CENTRAL BANK OF INDIA,31.25,31.58,31.22,31.51,31.29,0.70,0.36,1.15,-0.13,5567744,174879614.02,22102
2026-08-06 00:00:00,BCG,BRIGHTCOM GROUP LIMITED,9.39,9.40,8.52,9.24,9.38,-1.49,0.88,9.37,0.11,5557161,51377749.59,4862
2026-08-06 00:00:00,APOLLO,APOLLO MICRO SYSTEMS LTD,400.15,408.55,396.55,403.95,399.05,1.23,12.00,3.00,0.28,5525788,2236606934.30,51488
2026-08-06 00:00:00,KNRCON,KNR CONSTRU LTD.,133.53,142.00,132.11,140.35,132.96,5.56,9.89,7.41,0.43,5496409,764554585.50,39221
2026-08-06 00:00:00,SBC,SBC EXPORTS LIMITED,41.42,42.45,40.90,41.18,41.30,-0.29,1.55,3.74,0.29,5493748,226071606.19,4254
2026-08-06 00:00:00,JMFINANCIL,JM FINANCIAL LIMITED,126.81,129.99,126.32,129.78,126.12,2.90,3.67,2.89,0.55,5439998,700580863.47,34740
2026-08-06 00:00:00,BHARTIARTL,BHARTI AIRTEL LIMITED,1969.00,1970.00,1944.30,1948.00,1978.00,-1.52,25.70,1.31,-0.46,5391645,10555335317.80,165789
2026-08-06 00:00:00,BHEL,BHEL,410.10,411.90,404.95,408.15,412.40,-1.03,6.95,1.69,-0.56,5362227,2191496331.40,56606
2026-08-06 00:00:00,JINDWORLD,JINDAL WORLDWIDE LTD,39.10,39.24,38.11,38.50,39.15,-1.66,1.13,2.89,-0.13,5231452,201609579.90,10717
2026-08-06 00:00:00,TMPV,TATA MOTORS PASS VEH LTD,349.00,349.00,343.00,345.35,349.80,-1.27,6.00,1.72,-0.23,5218339,1802205984.10,64322
2026-08-06 00:00:00,RENUKA,SHREE RENUKA SUGARS LTD,22.00,22.27,21.66,22.12,22.33,-0.94,0.61,2.77,-1.48,5113131,112465902.12,10241
2026-08-06 00:00:00,CELLO,CELLO WORLD LIMITED,400.95,403.45,376.00,379.25,398.95,-4.94,27.45,6.85,0.50,5094832,1994194958.70,73482
2026-08-06 00:00:00,GROWWCHEM,GROWWAMC - GROWWCHEM,30.07,31.12,30.03,30.97,30.48,1.61,1.09,3.62,-1.35,4953575,153381420.82,471
2026-08-06 00:00:00,VBL,VARUN BEVERAGES LIMITED,437.95,449.00,437.20,444.00,437.00,1.60,11.80,2.69,0.22,4923022,2186139081.60,52944
2026-08-06 00:00:00,EXIDEIND,EXIDE INDUSTRIES LTD,467.20,479.40,462.60,474.25,467.00,1.55,16.80,3.60,0.04,4895622,2322198053.70,80032
2026-08-06 00:00:00,DLF,DLF LIMITED,652.65,656.10,636.30,642.00,649.10,-1.09,19.80,3.03,0.55,4883685,3143774498.40,88830
2026-08-06 00:00:00,AXISBANK,AXIS BANK LIMITED,1256.10,1259.90,1248.30,1256.00,1253.90,0.17,11.60,0.92,0.18,4845792,6084379747.70,104659
2026-08-06 00:00:00,ATHERENERG,ATHER ENERGY LIMITED,1470.80,1505.00,1440.00,1453.20,1470.80,-1.20,65.00,4.42,0.00,4844393,7134313220.40,131695
2026-08-06 00:00:00,HAL,HINDUSTAN AERONAUTICS LTD,4695.30,4950.00,4685.40,4920.00,4645.00,5.92,264.60,5.64,1.08,4796689,23413846344.30,228817
2026-08-06 00:00:00,AUBANK,AU SMALL FINANCE BANK LTD,1051.30,1105.90,1045.70,1087.60,1051.30,3.45,60.20,5.73,0.00,4756035,5162426812.20,82712
2026-08-06 00:00:00,COALINDIA,COAL INDIA LTD,414.50,415.75,412.15,415.60,415.50,0.02,3.60,0.87,-0.24,4753639,1967083944.40,84313
2026-08-06 00:00:00,DEVYANI,DEVYANI INTERNATIONAL LTD,124.96,125.40,122.93,123.86,125.09,-0.98,2.47,1.98,-0.10,4720615,587368684.05,20401
2026-08-06 00:00:00,FILATEX,FILATEX INDIA LTD,81.70,83.75,81.15,81.81,81.36,0.55,2.60,3.18,0.42,4655530,384263834.13,21562
2026-08-06 00:00:00,ADVANCE,ADVANCE AGROLIFE LIMITED,137.50,141.50,126.35,129.78,134.10,-3.22,15.15,11.02,2.54,4647623,632857359.94,39909
2026-08-06 00:00:00,HINDPETRO,HINDUSTAN PETROLEUM CORP,396.90,398.90,392.50,395.00,394.95,0.01,6.40,1.61,0.49,4603878,1821686231.45,52130
2026-08-06 00:00:00,GATEWAY,GATEWAY DISTRIPARKS LTD,56.00,58.00,55.85,56.79,55.91,1.57,2.15,3.84,0.16,4579049,260201986.36,20768
2026-08-06 00:00:00,RATEGAIN,RATEGAIN TRAVEL TECHN LTD,978.40,1050.00,921.15,944.95,978.40,-3.42,128.85,13.17,0.00,4578350,4515762468.30,181996
2026-08-06 00:00:00,CGCL,CAPRI GLOBAL CAPITAL LTD,239.50,243.87,238.00,241.07,238.30,1.16,5.87,2.45,0.50,4519331,1091589157.54,50430
2026-08-06 00:00:00,REDINGTON,REDINGTON LIMITED,346.95,354.15,343.15,350.75,347.85,0.83,11.00,3.17,-0.26,4479973,1567923064.35,56437
2026-08-06 00:00:00,VMM,VISHAL MEGA MART LIMITED,110.91,111.47,109.33,109.52,111.00,-1.33,2.14,1.93,-0.08,4458233,491988331.75,22429
2026-08-06 00:00:00,AWL,AWL AGRI BUSINESS LIMITED,193.01,199.33,192.15,197.38,193.54,1.98,7.18,3.72,-0.27,4418267,873855590.40,39936
2026-08-06 00:00:00,GMDCLTD,GUJARAT MINERAL DEV CORP,585.00,603.65,581.35,596.75,579.90,2.91,22.30,3.81,0.88,4412031,2624650485.45,73177
2026-08-06 00:00:00,PACEDIGITK,PACE DIGITEK LIMITED,191.50,193.90,186.00,186.92,200.82,-6.92,7.90,4.13,-4.64,4403814,832690822.61,38555
2026-08-06 00:00:00,TRENT,TRENT LTD,3120.00,3244.50,3046.20,3107.10,3129.00,-0.70,198.30,6.36,-0.29,4403351,13768820477.90,219841
2026-08-06 00:00:00,CAMPUS,CAMPUS ACTIVEWEAR LIMITED,227.00,233.55,216.99,219.00,226.54,-3.33,16.56,7.30,0.20,4382319,991513395.19,72364
2026-08-06 00:00:00,BAJAJHIND,BAJAJ HINDUSTHAN SUGAR LT,17.80,17.81,17.46,17.53,17.79,-1.46,0.35,1.97,0.06,4374149,77114044.80,7027
2026-08-06 00:00:00,IRB,IRB INFRA DEV LTD.,20.08,20.08,19.92,19.93,20.09,-0.80,0.16,0.80,-0.05,4352770,86951187.76,16596
2026-08-06 00:00:00,TIMETECHNO,TIME TECHNOPLAST LTD.,207.81,212.10,204.02,206.82,207.26,-0.21,8.08,3.89,0.27,4332234,907949965.27,38015
2026-08-06 00:00:00,BTML,BODHI TREE MULTIMEDIA LTD,6.52,7.29,6.52,7.20,6.61,8.93,0.77,11.81,-1.36,4223298,30198893.58,1314
2026-08-06 00:00:00,POLICYBZR,PB FINTECH LIMITED,1665.00,1673.90,1578.40,1599.00,1620.00,-1.30,95.50,5.74,2.78,4221823,6868166802.90,106948
2026-08-06 00:00:00,MAZDOCK,MAZAGON DOCK SHIPBUIL LTD,2380.50,2574.00,2373.30,2530.00,2380.50,6.28,200.70,8.43,0.00,4183448,10451937046.10,143751
2026-08-06 00:00:00,VIKRAMSOLR,VIKRAM SOLAR LIMITED,181.10,181.11,173.07,173.96,180.61,-3.68,8.04,4.44,0.27,4140678,729745594.08,34390
2026-08-06 00:00:00,ENGINERSIN,ENGINEERS INDIA LTD,240.27,245.75,236.26,242.39,240.27,0.88,9.49,3.95,0.00,4137200,1003497365.07,39325
2026-08-06 00:00:00,BELRISE,BELRISE INDUSTRIES LTD,243.25,245.50,240.85,244.61,241.49,1.29,4.65,1.91,0.73,4084296,997046808.06,31874
2026-08-06 00:00:00,UNITECH,UNITECH LTD,4.18,4.25,4.13,4.14,4.15,-0.24,0.12,2.87,0.72,3996457,16678831.99,2135
2026-08-06 00:00:00,RECLTD,REC LIMITED,366.05,367.00,361.50,361.50,366.00,-1.23,5.50,1.50,0.01,3944657,1432123285.55,68397
2026-08-06 00:00:00,JUBLFOOD,JUBILANT FOODWORKS LTD,480.00,482.50,470.10,473.00,485.00,-2.47,12.40,2.58,-1.03,3933013,1877038868.85,43725
2026-08-06 00:00:00,BSE,BSE LIMITED,3534.60,3536.80,3432.00,3435.00,3534.60,-2.82,104.80,2.96,0.00,3925729,13674622719.60,235645
2026-08-06 00:00:00,MANAPPURAM,MANAPPURAM FINANCE LTD,368.70,373.00,362.00,364.00,363.60,0.11,11.00,2.98,1.40,3913831,1436033605.10,31720
2026-08-06 00:00:00,AMBUJACEM,AMBUJA CEMENTS LTD,447.50,447.50,436.00,436.50,445.00,-1.91,11.50,2.57,0.56,3853693,1694078179.25,32040
2026-08-06 00:00:00,NAVINFLUOR,NAVIN FLUORINE INT. LTD,7950.00,8775.50,7834.50,8650.00,7609.50,13.67,941.00,11.84,4.47,3853522,32151924086.50,393468
2026-08-06 00:00:00,NSLNISP,NMDC STEEL LIMITED,45.00,45.40,44.52,44.81,44.77,0.09,0.88,1.96,0.51,3840820,172604675.72,13943
2026-08-06 00:00:00,HCLTECH,HCL TECHNOLOGIES LTD,1349.90,1363.20,1332.50,1335.00,1350.00,-1.11,30.70,2.27,-0.01,3821560,5118093030.50,113551
2026-08-06 00:00:00,ESAFSFB,ESAF SMALL FINANCE BANK L,41.72,43.43,41.13,42.54,41.72,1.97,2.30,5.51,0.00,3800131,161411140.12,11173
2026-08-06 00:00:00,FEDERALBNK,FEDERAL BANK LTD,356.45,356.45,351.60,353.55,356.45,-0.81,4.85,1.36,0.00,3780768,1336026992.00,52222
2026-08-06 00:00:00,PFC,POWER FIN CORP LTD.,416.00,418.00,412.95,418.00,418.00,0.00,5.05,1.21,-0.48,3704243,1536613849.35,43022
2026-08-06 00:00:00,UCOBANK,UCO BANK,26.49,26.77,26.40,26.64,26.49,0.57,0.37,1.40,0.00,3699848,98335029.36,9495
2026-08-06 00:00:00,BPCL,BHARAT PETROLEUM CORP  LT,326.50,327.00,322.70,323.70,326.25,-0.78,4.30,1.32,0.08,3694266,1199899764.30,32509
2026-08-06 00:00:00,JKLAKSHMI,JK LAKSHMI CEMENT LTD,580.00,622.00,567.20,571.25,571.25,0.00,54.80,9.45,1.53,3679483,2195470798.85,88553
2026-08-06 00:00:00,PAYTM,ONE 97 COMMUNICATIONS LTD,1429.00,1459.50,1421.00,1442.00,1429.00,0.91,38.50,2.69,0.00,3673541,5307660853.20,97172
2026-08-06 00:00:00,MOCAPITAL,MOTILALAMC - MOCAPITAL,54.09,54.09,52.45,52.61,52.78,-0.32,1.64,3.03,2.48,3659731,192658021.94,3391
2026-08-06 00:00:00,ORIENTELEC,ORIENT ELECTRIC LIMITED,179.93,182.51,175.50,178.23,179.82,-0.88,7.01,3.90,0.06,3641753,648933831.53,10574
2026-08-06 00:00:00,KPITTECH,KPIT TECHNOLOGIES LIMITED,628.90,640.70,619.70,623.00,623.00,0.00,21.00,3.34,0.95,3620699,2284036674.45,53843
2026-08-06 00:00:00,URBANCO,URBAN COMPANY LIMITED,143.10,144.58,141.21,142.67,142.55,0.08,3.37,2.35,0.39,3616093,515531743.95,32447
2026-08-06 00:00:00,TECHM,TECH MAHINDRA LIMITED,1655.00,1670.00,1631.00,1632.20,1650.00,-1.08,39.00,2.36,0.30,3585913,5894307517.20,104429
2026-08-06 00:00:00,MOLDTECH,MOLD-TEK TECHNOLOGIES LTD,166.40,199.68,161.10,198.60,166.40,19.35,38.58,23.19,0.00,3577835,675680738.26,37404
2026-08-06 00:00:00,GROWWPOWER,GROWWAMC - GROWWPOWER,11.61,11.64,11.45,11.47,11.60,-1.12,0.19,1.64,0.09,3550965,40804524.38,4652
2026-08-06 00:00:00,MWL,MANGALAM WORLDWIDE LTD,42.62,43.50,42.30,43.04,42.85,0.44,1.20,2.82,-0.54,3547315,151597165.02,4866
2026-08-06 00:00:00,LLOYDSENT,LLOYDS ENTERPRISES LTD,81.44,82.10,79.20,79.48,81.44,-2.41,2.90,3.56,0.00,3518310,284127859.99,15531
2026-08-06 00:00:00,TENNIND,TENNECO CLEAN AIR INDIA L,561.00,574.55,541.00,570.55,580.70,-1.75,33.55,5.98,-3.39,3504702,1950360920.90,96817
2026-08-06 00:00:00,AIIL,AUTHUM INVEST & INFRA LTD,575.00,607.70,568.95,596.20,570.50,4.50,38.75,6.74,0.79,3428888,2033151703.00,47775
2026-08-06 00:00:00,METAL,MIRAEAMC - METAL,13.60,13.60,13.10,13.27,13.37,-0.75,0.50,3.68,1.72,3401626,45343158.72,4745
2026-08-06 00:00:00,AEGISVOPAK,AEGIS VOPAK TERMINALS LTD,280.95,299.95,277.95,288.70,283.85,1.71,22.00,7.83,-1.02,3393107,990477022.30,46762
2026-08-06 00:00:00,COCHINSHIP,COCHIN SHIPYARD LIMITED,1425.00,1499.90,1416.50,1490.00,1425.00,4.56,83.40,5.85,0.00,3352181,4942746435.70,95134
2026-08-06 00:00:00,INDGN,INDEGENE LIMITED,550.30,564.40,539.50,550.20,540.30,1.83,24.90,4.52,1.85,3351725,1840734115.85,56089
2026-08-06 00:00:00,STOVEKRAFT,STOVE KRAFT LIMITED,768.95,849.80,760.00,800.20,756.00,5.85,89.80,11.68,1.71,3348885,2743849550.40,94776
2026-08-06 00:00:00,MODEFENCE,MOTILALAMC - MODEFENCE,102.97,106.39,102.14,106.10,102.97,3.04,4.25,4.13,0.00,3287631,346851982.09,12054
2026-08-06 00:00:00,AEGISLOG,AEGIS LOGISTICS LIMITED,1398.00,1497.80,1340.40,1400.00,1395.80,0.30,157.40,11.26,0.16,3282416,4668514386.80,137423
2026-08-06 00:00:00,JTLIND,JTL INDUSTRIES LIMITED,78.50,80.50,76.50,76.81,78.13,-1.69,4.00,5.10,0.47,3275518,256459763.00,23269
2026-08-06 00:00:00,MIDHANI,MISHRA DHATU NIGAM LTD,416.10,441.90,415.05,434.25,416.15,4.35,26.85,6.45,-0.01,3174076,1381432578.95,58387
2026-08-06 00:00:00,HIKAL,HIKAL LIMITED,233.90,239.90,216.05,221.43,232.58,-4.79,23.85,10.20,0.57,3163619,725070652.48,56656
2026-08-06 00:00:00,IOB,INDIAN OVERSEAS BANK,34.37,35.00,34.01,34.80,34.20,1.75,0.99,2.88,0.50,3157439,109003109.15,11866
2026-08-06 00:00:00,VGUARD,V-GUARD IND LTD.,312.00,325.55,311.20,322.25,310.25,3.87,14.35,4.60,0.56,3151241,1013572683.45,39693
2026-08-06 00:00:00,CUB,CITY UNION BANK LTD,205.00,210.10,203.22,208.39,204.56,1.87,6.88,3.36,0.22,3131786,649523642.69,36412
2026-08-06 00:00:00,ZEEMEDIA,ZEE MEDIA CORPORATION LTD,7.02,7.30,6.93,7.10,6.95,2.16,0.37,5.27,1.01,3089031,21953472.85,2838
2026-08-06 00:00:00,ICICIPRULI,ICICI PRU LIFE INS CO LTD,516.00,516.00,504.40,507.00,516.55,-1.85,11.60,2.25,-0.11,3072294,1558523034.45,26544
2026-08-06 00:00:00,E2E,E2E NETWORKS LIMITED,594.35,627.70,580.50,605.70,598.65,1.18,47.20,7.94,-0.72,3029968,1847462103.10,67117
2026-08-06 00:00:00,MRPL,MRPL,171.10,171.30,166.90,167.78,170.97,-1.87,4.40,2.57,0.08,3023271,508035988.81,20722
2026-08-06 00:00:00,SAPPHIRE,SAPPHIRE FOODS INDIA LTD,203.00,203.10,197.35,199.74,202.52,-1.37,5.75,2.83,0.24,3020466,604374221.89,25848
2026-08-06 00:00:00,BHARATCOAL,BHARAT COKING COAL LTD,34.50,34.50,34.21,34.26,34.42,-0.46,0.29,0.84,0.23,2960617,101521987.15,10816
2026-08-06 00:00:00,UTKARSHBNK,UTKARSH SMALL FIN BANK L,14.56,14.56,14.30,14.37,14.46,-0.62,0.26,1.79,0.69,2923982,42011574.01,7169
2026-08-06 00:00:00,PARADEEP,PARADEEP PHOSPHATES LTD,146.98,149.00,145.80,148.13,146.71,0.97,3.20,2.18,0.18,2908697,429313107.86,18527
2026-08-06 00:00:00,RBLBANK,RBL BANK LIMITED,390.00,392.00,387.45,392.00,389.80,0.56,4.55,1.17,0.05,2903774,1131650401.80,35410
2026-08-06 00:00:00,JAYNECOIND,JAYASWAL NECO INDUSTR LTD,92.90,93.44,91.84,92.57,91.77,0.87,1.60,1.72,1.23,2897273,268682898.78,16842
2026-08-06 00:00:00,RICOAUTO,RICO AUTO INDUSTRIES LTD,156.40,157.60,151.25,152.38,155.81,-2.20,6.35,4.06,0.38,2844996,440270660.39,22295
2026-08-06 00:00:00,NETWORK18,NETWORK18 MEDIA & INV LTD,29.50,30.19,29.29,29.91,29.60,1.05,0.90,3.05,-0.34,2837897,84592547.71,6549
2026-08-06 00:00:00,POONAWALLA,POONAWALLA FINCORP LTD,483.00,494.00,475.60,490.85,480.75,2.10,18.40,3.81,0.47,2831890,1373057128.20,33637
2026-08-06 00:00:00,DCBBANK,DCB BANK LIMITED,189.12,196.71,189.12,194.93,189.12,3.07,7.59,4.01,0.00,2804380,544513774.09,21524
2026-08-06 00:00:00,BDL,BHARAT DYNAMICS LIMITED,1243.10,1308.60,1235.20,1299.00,1240.00,4.76,73.40,5.90,0.25,2795990,3588671715.70,76810
2026-08-06 00:00:00,ARIS,ARISINFRA SOLUTIONS LTD,133.70,135.00,125.00,132.03,130.21,1.40,10.00,7.48,2.68,2775519,360808519.59,18694
2026-08-06 00:00:00,TCS,TATA CONSULTANCY SERV LT,2417.00,2434.50,2368.50,2373.00,2413.00,-1.66,66.00,2.73,0.17,2729141,6531092780.40,116317
2026-08-06 00:00:00,HDFCLIFE,HDFC LIFE INS CO LTD,545.00,545.00,538.30,542.50,545.00,-0.46,6.70,1.23,0.00,2727203,1478868711.85,62192
2026-08-06 00:00:00,SONACOMS,SONA BLW PRECISION FRGS L,821.90,824.60,786.25,792.00,814.60,-2.77,38.35,4.67,0.90,2671715,2142710613.75,75925
2026-08-06 00:00:00,PGEL,PG ELECTROPLAST LTD,607.70,616.20,597.00,609.75,603.00,1.12,19.20,3.16,0.78,2646585,1612576728.55,32751
2026-08-06 00:00:00,CHOLAFIN,CHOLAMANDALAM IN & FIN CO,1882.00,1952.50,1871.30,1940.00,1880.00,3.19,81.20,4.31,0.11,2644332,5105118602.50,72139
2026-08-06 00:00:00,IDBI,IDBI BANK LIMITED,84.32,84.99,84.10,84.54,84.32,0.26,0.89,1.06,0.00,2634487,222791447.37,14126
2026-08-06 00:00:00,INDIANB,INDIAN BANK,856.00,879.40,849.30,877.90,854.00,2.80,30.10,3.52,0.23,2583415,2244941640.55,58533
2026-08-06 00:00:00,LICHSGFIN,LIC HOUSING FINANCE LTD,513.50,515.00,504.80,505.00,512.05,-1.38,10.20,1.99,0.28,2575192,1309480056.55,41616
2026-08-06 00:00:00,AARTIIND,AARTI INDUSTRIES LTD,485.95,507.30,483.40,501.20,485.95,3.14,23.90,4.92,0.00,2569945,1285278452.15,50207
2026-08-06 00:00:00,AHCL,ANLON HEALTHCARE LIMITED,14.50,14.58,13.81,14.21,14.49,-1.93,0.77,5.31,0.07,2562428,36695027.20,3546
2026-08-06 00:00:00,HSCL,HIMADRI SPECIALITY CHEM L,753.05,769.40,748.15,761.00,748.95,1.61,21.25,2.82,0.55,2555878,1941138995.95,37124
2026-08-06 00:00:00,TATAPOWER,TATA POWER CO LTD,382.05,382.75,377.20,378.60,383.00,-1.15,5.55,1.45,-0.25,2531350,957679136.90,43120
2026-08-06 00:00:00,UPL,UPL LIMITED,576.70,584.45,572.75,572.75,577.25,-0.78,11.70,2.03,-0.10,2528114,1460657361.80,43368
2026-08-06 00:00:00,ELITECON,ELITECON INTERNATIONAL L,19.19,19.84,18.45,18.59,19.00,-2.16,1.39,7.24,1.00,2523843,47699329.49,8414
2026-08-06 00:00:00,GNFC,GUJ NAR VAL FER & CHEM L,545.00,561.95,539.00,542.95,538.30,0.86,22.95,4.21,1.24,2522027,1384976732.20,51962
2026-08-06 00:00:00,HARDWYN,HARDWYN INDIA LIMITED,11.30,11.39,11.23,11.27,11.24,0.27,0.16,1.42,0.53,2477682,27921259.00,1163
2026-08-06 00:00:00,NARMADA,NARMADA AGROBASE LIMITED,15.16,15.23,13.61,13.85,15.01,-7.73,1.62,10.69,1.00,2467878,34968060.60,6372
2026-08-06 00:00:00,IEX,INDIAN ENERGY EXC LTD,129.59,130.32,127.74,128.83,129.59,-0.59,2.58,1.99,0.00,2460962,317609568.29,27387
2026-08-06 00:00:00,SBIFUNDS,SBI FUNDS MANAGEMENT LTD,576.00,577.95,565.50,568.95,573.95,-0.87,12.45,2.16,0.36,2441610,1389813773.60,57560
2026-08-06 00:00:00,ASTERDM,ASTER DM QUALITY CARE LTD,823.90,874.00,809.60,844.45,842.10,0.28,64.40,7.82,-2.16,2438796,2077571940.55,102159
2026-08-06 00:00:00,PATELENG,PATEL ENGINEERING LTD.,28.77,28.98,28.50,28.79,28.77,0.07,0.48,1.67,0.00,2421806,69468054.46,6523
2026-08-06 00:00:00,IOLCP,IOL CHEM AND PHARMA LTD,162.90,166.00,158.41,163.18,163.41,-0.14,7.59,4.66,-0.31,2373584,383315882.42,21794
2026-08-06 00:00:00,GVT&D,GE VERNOVA T&D INDIA LTD,4150.00,4452.00,4051.00,4366.70,4410.00,-0.98,401.00,9.66,-5.90,2343579,10023558889.30,147774
2026-08-06 00:00:00,SIKKO,SIKKO INDUSTRIES LIMITED,5.46,5.96,5.43,5.91,5.38,9.85,0.53,9.71,1.49,2338511,13461780.51,1518
2026-08-06 00:00:00,BLUESTARCO,BLUE STAR LIMITED,1658.10,1671.60,1549.40,1571.00,1665.00,-5.65,122.20,7.37,-0.41,2327347,3751531475.90,102972
2026-08-06 00:00:00,MSPL,MSP STEEL & POWER LTD.,36.50,37.68,36.31,37.55,35.89,4.63,1.37,3.75,1.70,2320928,86301355.37,6393
2026-08-06 00:00:00,SALASAR,SALASAR TECHNO ENGG. LTD.,5.92,5.95,5.88,5.89,5.92,-0.51,0.07,1.18,0.00,2308237,13634351.82,2448
2026-08-06 00:00:00,JSWSTEEL,JSW STEEL LIMITED,1330.00,1335.00,1303.50,1307.90,1330.00,-1.66,31.50,2.37,0.00,2307926,3040755432.50,76545
2026-08-06 00:00:00,NTPCGREEN,NTPC GREEN ENERGY LIMITED,90.74,91.66,90.42,91.33,90.66,0.74,1.24,1.37,0.09,2298895,209331808.03,16128
2026-08-06 00:00:00,WEBELSOLAR,WEBSOL ENERGY SYSTEM LTD,95.72,95.99,92.69,93.61,95.44,-1.92,3.30,3.45,0.29,2297748,214812026.70,12896
2026-08-06 00:00:00,MARINE,MARINE ELECTRICAL (I) LTD,306.00,323.90,302.55,321.85,305.50,5.35,21.35,6.98,0.16,2276706,718271420.85,32336
2026-08-06 00:00:00,CMLL,CALIBER MINING AND LOG L,559.95,590.00,557.00,579.95,559.95,3.57,33.00,5.89,0.00,2270882,1316091525.50,57110
2026-08-06 00:00:00,GREAVESCOT,GREAVES COTTON LTD.,196.75,204.49,196.40,201.55,195.92,2.87,8.09,4.11,0.42,2270377,456531283.09,21823
2026-08-06 00:00:00,ITCHOTELS,ITC HOTELS LIMITED,169.00,171.70,168.60,171.08,168.93,1.27,3.10,1.83,0.04,2261618,385615389.95,33560
2026-08-06 00:00:00,IONEXCHANG,ION EXCHANGE (INDIA) LTD,388.50,397.70,382.00,386.40,415.70,-7.05,15.70,4.04,-6.54,2208794,859225369.75,51822
2026-08-06 00:00:00,RITES,RITES LIMITED,226.80,232.98,222.81,231.38,227.35,1.77,10.17,4.48,-0.24,2202147,504280010.77,29286
2026-08-06 00:00:00,SMALLCAP,MIRAEAMC - SMALLCAP,48.09,48.45,47.60,48.25,48.09,0.33,0.85,1.77,0.00,2195322,106034177.22,4017
2026-08-06 00:00:00,BAJAJHFL,BAJAJ HOUSING FINANCE LTD,86.98,87.10,86.11,86.41,86.98,-0.66,0.99,1.14,0.00,2170026,187873415.31,20254
2026-08-06 00:00:00,AEQUS,AEQUS LIMITED,240.00,244.15,237.53,239.05,239.95,-0.38,6.62,2.76,0.02,2165682,521428469.25,26772
2026-08-06 00:00:00,JAMNAAUTO,JAMNA AUTO IND LTD,144.00,145.50,143.21,143.97,143.27,0.49,2.29,1.59,0.51,2153995,311056767.76,21800
2026-08-06 00:00:00,ABCAPITAL,ADITYA BIRLA CAPITAL LTD.,424.00,425.95,419.00,421.50,424.70,-0.75,6.95,1.64,-0.16,2147659,908224015.90,31088
2026-08-06 00:00:00,CROMPTON,CROMPT GREA CON ELEC LTD,267.40,270.55,265.70,270.00,266.10,1.47,4.85,1.81,0.49,2143916,575293538.20,21318
2026-08-06 00:00:00,ANGELONE,ANGEL ONE LIMITED,299.20,300.90,296.45,297.10,299.20,-0.70,4.45,1.49,0.00,2142791,639581002.10,21464
2026-08-06 00:00:00,LEMONTREE,LEMON TREE HOTELS LTD,112.90,113.75,112.32,112.79,112.68,0.10,1.43,1.27,0.20,2126094,240422127.86,16858
2026-08-06 00:00:00,STALLION,STALLION IND FLUOROCHEM L,269.80,279.00,265.55,270.20,267.95,0.84,13.45,4.99,0.69,2104762,574939443.90,23159
2026-08-06 00:00:00,MCX,MULTI COMMODITY EXCHANGE,2620.50,2667.40,2617.20,2640.00,2598.60,1.59,50.20,1.92,0.84,2085783,5512067171.60,91704
2026-08-06 00:00:00,CUMMINSIND,CUMMINS INDIA LTD,5175.00,5455.00,5175.00,5402.00,5440.00,-0.70,280.00,5.41,-4.87,2063594,11053233659.00,127586
2026-08-06 00:00:00,EMBDL,EMBASSY DEVELOPMENTS LTD,61.01,61.62,59.81,60.70,61.11,-0.67,1.81,2.97,-0.16,2047166,123864644.37,10093
2026-08-06 00:00:00,TRIDENT,TRIDENT LIMITED,24.91,25.03,24.83,24.90,24.91,-0.04,0.20,0.80,0.00,2044786,50981149.33,9194
2026-08-06 00:00:00,GPIL,GODAWARI POW & ISP LTD,248.40,251.89,240.10,244.76,246.33,-0.64,11.79,4.75,0.84,2039264,504670197.30,37740
2026-08-06 00:00:00,LAURUSLABS,LAURUS LABS LIMITED,1843.00,1854.90,1830.00,1830.00,1835.00,-0.27,24.90,1.35,0.44,2037418,3751456982.70,54558
2026-08-06 00:00:00,HUDCO,HSG & URBAN DEV CORPN LTD,202.00,204.24,200.97,202.11,202.84,-0.36,3.27,1.62,-0.41,2002727,405446109.28,18742
2026-08-06 00:00:00,PATANJALI,PATANJALI FOODS LIMITED,356.50,358.50,349.55,355.00,357.00,-0.56,8.95,2.51,-0.14,1987849,703724176.40,133957
2026-08-06 00:00:00,INDHOTEL,THE INDIAN HOTELS CO. LTD,741.10,743.80,732.00,736.00,741.05,-0.68,11.80,1.59,0.01,1965855,1448083942.35,29121
2026-08-06 00:00:00,PWL,PHYSICSWALLAH LIMITED,128.00,128.00,124.63,125.49,127.81,-1.82,3.37,2.63,0.15,1963238,247768582.04,21329
2026-08-06 00:00:00,GESHIP,THE GE SHPG.LTD,1408.90,1408.90,1346.20,1352.90,1404.70,-3.69,62.70,4.45,0.30,1948210,2643927362.40,75272
2026-08-06 00:00:00,AFCONS,AFCONS INFRASTRUCTURE LTD,280.00,287.95,276.50,278.75,280.90,-0.77,11.45,4.09,-0.32,1942703,548428736.60,33847
2026-08-06 00:00:00,ARFIN,ARFIN INDIA LIMITED,85.76,88.74,85.26,86.98,85.34,1.92,3.48,4.06,0.49,1940966,169531300.80,7671
2026-08-06 00:00:00,MARICO,MARICO LIMITED,851.00,864.90,848.00,860.00,852.00,0.94,16.90,1.99,-0.12,1939903,1666153959.95,55938
2026-08-06 00:00:00,LCL,LOHIA CORP LIMITED,520.00,543.70,514.00,531.45,513.90,3.42,29.70,5.71,1.19,1939474,1029645406.25,48842
2026-08-06 00:00:00,PNBHOUSING,PNB HOUSING FIN LTD.,1138.10,1167.00,1131.30,1150.00,1121.60,2.53,35.70,3.14,1.47,1934928,2232822779.90,48869
2026-08-06 00:00:00,CONFIPET,CONFIDENCE PETRO IND LTD.,82.11,82.99,77.77,79.39,81.80,-2.95,5.22,6.36,0.38,1931883,155290418.25,11608
2026-08-06 00:00:00,GROWWSLVR,GROWWAMC - GROWWSLVR,22.04,22.10,21.85,21.98,21.89,0.41,0.25,1.13,0.69,1915015,42125361.38,2327
2026-08-06 00:00:00,DCW,DCW LTD,47.70,48.70,46.50,46.69,46.56,0.28,2.20,4.61,2.45,1892278,89433740.87,7215
2026-08-06 00:00:00,SYNCOMF,SYNCOM FORMU (I) LTD,13.26,13.62,13.15,13.18,13.33,-1.13,0.47,3.54,-0.53,1892178,25245050.93,3917
2026-08-06 00:00:00,GAEL,GUJARAT AMBUJA EXPORTS LT,173.00,180.00,172.95,177.72,174.83,1.65,7.05,4.08,-1.05,1888741,335133402.47,27092
2026-08-06 00:00:00,KNACK,KNACK PACKAGING LIMITED,214.80,215.98,205.50,207.71,213.35,-2.64,10.48,4.88,0.68,1880069,393903860.49,17970
2026-08-06 00:00:00,VIKASECO,VIKAS ECOTECH LIMITED,1.11,1.13,1.11,1.11,1.11,0.00,0.02,1.80,0.00,1875706,2096534.83,965
2026-08-06 00:00:00,SUNPHARMA,SUN PHARMACEUTICAL IND L,1930.00,1965.90,1930.00,1951.00,1940.00,0.57,35.90,1.86,-0.52,1864891,3644133858.50,154516
2026-08-06 00:00:00,GHCLTEXTIL,GHCL TEXTILES LIMITED,115.59,121.00,114.95,120.00,114.96,4.38,6.05,5.23,0.55,1855411,220045624.26,13403
2026-08-06 00:00:00,ICICIGI,ICICI LOMBARD GIC LIMITED,1676.00,1691.40,1638.00,1658.00,1684.00,-1.54,53.40,3.19,-0.48,1843593,3064438322.00,39600
2026-08-06 00:00:00,GREENPOWER,ORIENT GREEN POWER CO LTD,10.00,10.06,9.90,9.93,10.00,-0.70,0.16,1.60,0.00,1841622,18350917.72,3332
2026-08-06 00:00:00,BAJAJFINSV,BAJAJ FINSERV LTD.,2070.00,2103.00,2068.60,2086.00,2086.00,0.00,34.40,1.66,-0.77,1819169,3808686154.00,107091
2026-08-06 00:00:00,FISCHER,FISCHER MEDICAL VENTURE L,37.50,38.04,37.26,37.45,37.67,-0.58,0.78,2.08,-0.45,1817741,68237925.84,1905
2026-08-06 00:00:00,PIDILITIND,PIDILITE INDUSTRIES LTD,1658.00,1686.40,1652.00,1686.00,1665.00,1.26,34.40,2.07,-0.42,1808445,3023646107.70,70014
2026-08-06 00:00:00,LTF,L&T FINANCE LIMITED,320.55,322.20,316.65,316.65,318.40,-0.55,5.55,1.73,0.68,1807929,577355575.60,29327
2026-08-06 00:00:00,RTNINDIA,RATTANINDIA ENT LIMITED,32.75,33.18,31.36,31.47,32.55,-3.32,1.82,5.56,0.61,1793221,57374034.52,7199
2026-08-06 00:00:00,BECTORFOOD,MRS BECTORS FOOD SPE LTD,213.70,214.44,209.00,210.48,212.80,-1.09,5.44,2.55,0.42,1790852,380889685.47,16199
2026-08-06 00:00:00,M&MFIN,M&M FIN. SERVICES LTD,399.00,399.95,387.45,388.80,398.40,-2.41,12.50,3.13,0.15,1785952,703291667.05,32322
2026-08-06 00:00:00,EXICOM,EXICOM TELE SYSTEMS LTD,166.00,173.47,164.52,169.56,166.54,1.81,8.95,5.39,-0.32,1784213,303418756.30,16973
2026-08-06 00:00:00,MARSONS,MARSONS LIMITED,108.15,110.15,106.90,107.82,107.90,-0.07,3.25,3.01,0.23,1761268,190032745.19,8496
2026-08-06 00:00:00,JUNIPER,JUNIPER HOTELS LIMITED,202.00,219.01,196.66,198.05,199.90,-0.93,22.35,11.06,1.05,1746581,358645051.29,20831
2026-08-06 00:00:00,MAXHEALTH,MAX HEALTHCARE INS LTD,1079.50,1079.50,1064.10,1072.40,1080.00,-0.70,15.40,1.43,-0.05,1728681,1851384385.00,50175
2026-08-06 00:00:00,3IINFOLTD,3I INFOTECH LIMITED,25.25,25.65,24.95,25.50,25.09,1.63,0.70,2.77,0.64,1726151,43629300.83,5383
2026-08-06 00:00:00,JINDALSTEL,JINDAL STEEL LIMITED,1122.00,1124.50,1097.70,1101.00,1113.40,-1.11,26.80,2.39,0.77,1715023,1896109452.90,31222
2026-08-06 00:00:00,BSOFT,BIRLASOFT LIMITED,325.25,331.00,317.20,318.25,323.65,-1.67,13.80,4.24,0.49,1713596,553437168.20,29278
2026-08-06 00:00:00,BOMDYEING,BOMBAY DYEING & MFG. CO L,120.15,125.48,119.70,120.48,120.04,0.37,5.78,4.81,0.09,1709754,209109543.58,13704
2026-08-06 00:00:00,MANYAVAR,VEDANT FASHIONS LIMITED,506.00,506.80,488.05,500.35,504.35,-0.79,18.75,3.71,0.33,1706831,849958922.80,35943
2026-08-06 00:00:00,ALOKINDS,ALOK INDUSTRIES LIMITED,11.98,12.03,11.95,11.98,11.97,0.08,0.08,0.67,0.08,1698810,20367268.75,3700
2026-08-06 00:00:00,VINCOFE,VINTAGE COFFEE N BVRGS L,156.30,156.69,149.80,150.30,155.34,-3.24,6.89,4.41,0.62,1694199,258485800.89,12684
2026-08-06 00:00:00,JINDALSAW,JINDAL SAW LIMITED,265.00,269.10,261.60,265.25,265.60,-0.13,7.50,2.83,-0.23,1690905,448138036.25,41589
2026-08-06 00:00:00,DELHIVERY,DELHIVERY LIMITED,470.50,473.45,463.60,463.60,470.25,-1.41,9.85,2.09,0.05,1689564,792328892.90,22882
2026-08-06 00:00:00,BLUEJET,BLUE JET HEALTHCARE LTD,595.00,613.40,584.50,587.90,591.20,-0.56,28.90,4.86,0.64,1676997,1003547140.05,42134
2026-08-06 00:00:00,KARURVYSYA,KARUR VYSYA BANK LTD,339.90,343.75,332.00,337.50,337.65,-0.04,11.75,3.46,0.67,1675844,568886303.45,32781
2026-08-06 00:00:00,OIL,OIL INDIA LTD,444.00,447.00,440.65,444.00,444.00,0.00,6.35,1.43,0.00,1670224,741292454.65,22899
2026-08-06 00:00:00,NESTLEIND,NESTLE INDIA LIMITED,1531.90,1535.00,1518.20,1535.00,1520.00,0.99,16.80,1.10,0.78,1666312,2542987498.50,57074
2026-08-06 00:00:00,TCIEXP,TCI EXPRESS LIMITED,578.00,614.70,527.00,579.60,575.15,0.77,87.70,15.17,0.50,1661821,974549808.05,64523
2026-08-06 00:00:00,M&M,MAHINDRA & MAHINDRA LTD,3449.00,3449.00,3406.00,3406.00,3455.40,-1.43,43.00,1.25,-0.19,1656879,5671847265.70,146488
2026-08-06 00:00:00,GRAPHITE,GRAPHITE INDIA LTD,709.90,729.00,703.80,722.05,709.15,1.82,25.20,3.55,0.11,1656518,1191116635.15,35179
2026-08-06 00:00:00,TARACHAND,TARA CHAND INFRA SOLN LTD,59.95,59.99,47.02,49.89,58.77,-15.11,12.97,21.63,2.01,1656087,82369778.54,5743
2026-08-06 00:00:00,LASERPOWER,LASER POWER & INFRA LTD,292.70,303.20,289.30,292.00,290.20,0.62,13.90,4.75,0.86,1654581,490964549.45,19225
2026-08-06 00:00:00,HAPPSTMNDS,HAPPIEST MINDS TECHNO LTD,400.80,417.00,400.00,406.15,400.80,1.33,17.00,4.24,0.00,1653011,674232183.70,34854
2026-08-06 00:00:00,PNGJL,P N GADGIL JEWELLERS LTD,662.00,662.00,627.10,635.20,658.75,-3.57,34.90,5.27,0.49,1623242,1028916207.30,50255
2026-08-06 00:00:00,COFORGE,COFORGE LIMITED,1813.90,1813.90,1757.90,1772.80,1777.00,-0.24,56.00,3.09,2.08,1606627,2860980410.40,78891
2026-08-06 00:00:00,JAINREC,JAIN RESOURCE RECYCLING L,324.05,325.00,311.30,315.35,322.55,-2.23,13.70,4.23,0.47,1605551,510470168.55,43326
2026-08-06 00:00:00,HERITGFOOD,HERITAGE FOODS LTD,337.00,360.95,337.00,358.55,337.90,6.11,23.95,7.11,-0.27,1597774,567335685.25,28027
2026-08-06 00:00:00,POCL,PONDY OXIDES & CHEM LTD,515.80,516.00,485.00,487.65,512.50,-4.85,31.00,6.01,0.64,1597345,796210256.60,30077
2026-08-06 00:00:00,DABUR,DABUR INDIA LTD,415.00,415.20,411.05,411.30,414.00,-0.65,4.15,1.00,0.24,1596570,660430366.25,29252
2026-08-06 00:00:00,LENSKART,LENSKART SOLUTIONS LTD,574.70,575.00,563.65,565.00,572.65,-1.34,11.35,1.97,0.36,1594454,902341050.70,39115
2026-08-06 00:00:00,PARACABLES,PARAMOUNT COMM LTD,64.85,67.30,64.27,66.05,64.36,2.63,3.03,4.67,0.76,1588245,104881482.70,10288
2026-08-06 00:00:00,IRCTC,INDIAN RAIL TOUR CORP LTD,511.00,523.00,509.80,520.45,510.25,2.00,13.20,2.58,0.15,1584430,821348739.50,37837
2026-08-06 00:00:00,ALGOQUANT,ALGOQUANT FINTECH LIMITED,68.14,68.14,65.27,66.15,67.51,-2.01,2.87,4.21,0.93,1568371,104054541.31,3070
2026-08-06 00:00:00,EMMVEE,EMMVEE PHOTOVOLTAIC PWR L,326.05,333.20,322.50,328.15,324.60,1.09,10.70,3.28,0.45,1564717,515053043.35,23224
2026-08-06 00:00:00,BLS,BLS INTL SERVS LTD,258.60,262.60,252.70,253.98,255.63,-0.65,9.90,3.83,1.16,1538165,393971749.65,26331
2026-08-06 00:00:00,NLCINDIA,NLC INDIA LIMITED,304.80,306.00,300.90,304.00,303.30,0.23,5.10,1.67,0.49,1524983,463544887.50,33399
2026-08-06 00:00:00,LANDSMILL,LANDSMILL GREEN LIMITED,0.81,0.82,0.80,0.80,0.81,-1.23,0.02,2.47,0.00,1513371,1221828.14,840
2026-08-06 00:00:00,CGPOWER,CG POWER AND IND SOL LTD,880.00,885.90,874.20,876.00,889.50,-1.52,11.70,1.33,-1.07,1509786,1328113493.35,31410
2026-08-06 00:00:00,BEPL,BHANSALI ENG. POLYMERS LT,121.98,123.30,120.08,122.42,121.49,0.77,3.22,2.64,0.40,1506377,183605210.95,11650
2026-08-06 00:00:00,WELCORP,WELSPUN CORP LIMITED,1800.00,1862.00,1791.10,1819.60,1788.10,1.76,70.90,3.94,0.67,1493012,2730993785.20,82877
2026-08-06 00:00:00,PARAS,PARAS DEF AND SPCE TECH L,1295.30,1340.00,1272.20,1316.70,1295.30,1.65,67.80,5.23,0.00,1491316,1970476313.80,52607
2026-08-06 00:00:00,NIACL,THE NEW INDIA ASSU CO LTD,182.00,182.07,177.00,178.93,183.76,-2.63,5.07,2.79,-0.96,1490286,268039480.70,15745
2026-08-06 00:00:00,CIPLA,CIPLA LTD,1461.00,1488.10,1461.00,1477.00,1458.80,1.25,27.10,1.85,0.15,1462279,2161853861.50,73460
2026-08-06 00:00:00,RKFORGE,RAMKRISHNA FORGINGS LTD,710.00,718.60,695.00,700.50,706.45,-0.84,23.60,3.32,0.50,1444907,1021420408.55,37376
2026-08-06 00:00:00,IRCON,IRCON INTERNATIONAL LTD,131.36,132.95,130.44,132.11,131.36,0.57,2.51,1.91,0.00,1444747,190756527.32,13911
2026-08-06 00:00:00,GRSE,GARDEN REACH SHIP&ENG LTD,2508.00,2644.50,2471.70,2599.40,2507.30,3.67,172.80,6.89,0.03,1437003,3712776746.20,79838
2026-08-06 00:00:00,EMAMILTD,EMAMI LIMITED,403.00,411.00,401.90,409.00,402.35,1.65,9.10,2.26,0.16,1435524,582512173.40,17139
2026-08-06 00:00:00,IMAGICAA,IMAGICAAWORLD ENT LTD,49.30,51.50,49.04,51.10,49.61,3.00,2.46,4.99,-0.62,1434634,72694915.65,5193
2026-08-06 00:00:00,SBFC,SBFC FINANCE LIMITED,93.02,95.75,93.02,95.29,93.59,1.82,2.73,2.93,-0.61,1432387,135847070.10,16009
2026-08-06 00:00:00,MON100,MOTILAL OS NASDAQ100 ETF,332.58,332.58,327.32,332.36,321.82,3.28,5.26,1.58,3.34,1424604,473742645.02,23377
2026-08-06 00:00:00,ACMESOLAR,ACME SOLAR HOLDINGS LTD,380.70,380.70,373.00,375.45,382.25,-1.78,7.70,2.02,-0.41,1423424,534747433.95,31375
2026-08-06 00:00:00,AGIIL,AGI INFRA LIMITED,304.00,309.00,301.30,304.35,302.00,0.78,7.70,2.53,0.66,1406107,430819749.70,8535
2026-08-06 00:00:00,LT,LARSEN & TOUBRO LTD.,4056.00,4070.00,4045.00,4061.80,4057.00,0.12,25.00,0.62,-0.02,1401341,5687883595.80,95461
2026-08-06 00:00:00,PROSTARM,PROSTARM INFO SYSTEMS LTD,134.10,147.76,134.00,144.13,133.59,7.89,13.76,10.26,0.38,1394406,199335240.07,17585
2026-08-06 00:00:00,MMTC,MMTC LIMITED,64.59,65.33,64.00,64.05,63.78,0.42,1.33,2.06,1.27,1385858,89281812.24,9295
2026-08-06 00:00:00,MCLOUD,MAGELLANIC CLOUD LIMITED,29.04,29.10,28.69,28.95,28.79,0.56,0.41,1.41,0.87,1381718,39909332.47,3215
2026-08-06 00:00:00,CHENNPETRO,CHENNAI PETROLEUM CORP LT,1318.00,1318.00,1278.00,1292.30,1303.90,-0.89,40.00,3.03,1.08,1365189,1761303402.70,37770
2026-08-06 00:00:00,SENCO,SENCO GOLD LIMITED,400.00,406.70,382.20,391.60,399.05,-1.87,24.50,6.12,0.24,1362727,543441768.15,24934
2026-08-06 00:00:00,PETRONET,PETRONET LNG LIMITED,281.00,282.80,276.95,276.95,280.80,-1.37,5.85,2.08,0.07,1356475,379543786.60,26447
2026-08-06 00:00:00,VIKASLIFE,VIKAS LIFECARE LIMITED,1.27,1.28,1.26,1.26,1.26,0.00,0.02,1.57,0.79,1355532,1718012.31,7828
2026-08-06 00:00:00,SFL,SHEELA FOAM LIMITED,773.95,773.95,693.00,697.05,771.65,-9.67,80.95,10.46,0.30,1353563,971544163.75,52904
2026-08-06 00:00:00,TATACONSUM,TATA CONSUMER PRODUCT LTD,1102.00,1102.00,1086.00,1090.00,1096.30,-0.57,16.00,1.45,0.52,1350606,1479170958.00,41812
2026-08-06 00:00:00,MOMMIDCAP,MIRAEAMC - MOMMIDCAP,12.92,12.92,12.78,12.89,12.86,0.23,0.14,1.08,0.47,1349951,17400207.47,350
2026-08-06 00:00:00,MOL,MEGHMANI ORGANICS LIMITED,53.69,53.78,52.13,52.28,53.39,-2.08,1.65,3.07,0.56,1345922,71177421.94,4242
2026-08-06 00:00:00,CMRGREEN,CMR GREEN TECHNOLOGIES L,227.40,237.00,225.50,231.47,226.88,2.02,11.50,5.06,0.23,1343882,312639461.06,20179
2026-08-06 00:00:00,GRMOVER,GRM OVERSEAS LIMITED,90.90,91.87,89.75,90.09,90.89,-0.88,2.12,2.33,0.01,1342331,121078406.03,7759
2026-08-06 00:00:00,VIYASH,VIYASH SCIENTIFIC LIMITED,275.00,276.45,271.25,272.65,273.80,-0.42,5.20,1.89,0.44,1336484,365512389.05,21822
2026-08-06 00:00:00,MAFANG,MIRAEAMC - MAFANG,203.93,207.88,200.95,205.91,198.96,3.49,6.93,3.40,2.50,1334265,276001646.16,15485
2026-08-06 00:00:00,DRREDDY,DR. REDDY S LABORATORIES,1174.00,1174.40,1163.00,1171.00,1176.00,-0.43,11.40,0.97,-0.17,1329196,1555276271.40,49819
2026-08-06 00:00:00,TAKE,TAKE SOLUTIONS LTD,22.78,22.80,22.10,22.39,22.21,0.81,0.70,3.07,2.57,1312903,29428640.72,968
2026-08-06 00:00:00,MOBIKWIK,ONE MOBIKWIK SYSTEMS LTD,204.75,207.64,203.00,204.43,203.33,0.54,4.64,2.27,0.70,1305611,268061229.23,13477
2026-08-06 00:00:00,AUROPHARMA,AUROBINDO PHARMA LTD,1625.00,1634.40,1584.20,1588.90,1613.40,-1.52,50.20,3.09,0.72,1299019,2078111218.30,41141
2026-08-06 00:00:00,SHK,S H KELKAR AND CO. LTD.,167.34,173.00,166.86,170.06,166.86,1.92,6.14,3.67,0.29,1297630,222043954.10,13491
2026-08-06 00:00:00,PCBL,PCBL CHEMICAL LIMITED,328.90,335.90,322.15,324.80,329.45,-1.41,13.75,4.18,-0.17,1290431,427428906.20,21741
2026-08-06 00:00:00,PNCINFRA,PNC INFRATECH LTD.,249.90,250.98,238.50,239.76,254.55,-5.81,12.48,4.99,-1.83,1284326,313078756.45,25801
2026-08-06 00:00:00,SAILIFE,SAI LIFE SCIENCES LIMITED,1394.50,1449.80,1386.60,1413.50,1394.30,1.38,63.20,4.53,0.01,1284015,1828383667.50,55634
2026-08-06 00:00:00,TITAN,TITAN COMPANY LIMITED,4883.90,5005.00,4883.90,4998.00,4912.40,1.74,121.10,2.48,-0.58,1283840,6385718717.30,101332
2026-08-06 00:00:00,SHAH,SHAH METACORP LIMITED,3.94,3.96,3.86,3.89,3.92,-0.77,0.10,2.54,0.51,1281675,5002899.05,1045
2026-08-06 00:00:00,LODHA,LODHA DEVELOPERS LIMITED,1255.00,1255.00,1214.00,1214.00,1250.00,-2.88,41.00,3.27,0.40,1279323,1573980609.20,40272
2026-08-06 00:00:00,SARVESHWAR,SARVESHWAR FOODS LIMITED,3.44,3.45,3.40,3.44,3.42,0.58,0.05,1.45,0.58,1276966,4389325.67,1102
2026-08-06 00:00:00,MUTHOOTFIN,MUTHOOT FINANCE LIMITED,2933.00,2959.40,2881.20,2894.20,2892.00,0.08,78.20,2.67,1.42,1271961,3724106973.00,73135
2026-08-06 00:00:00,TRITURBINE,TRIVENI TURBINE LIMITED,624.50,652.50,621.50,646.35,623.45,3.67,31.00,4.96,0.17,1270213,816504530.30,41777
2026-08-06 00:00:00,MOSMALL250,MOTILALAMC - MOSMALL250,18.48,18.64,18.28,18.46,18.42,0.22,0.36,1.95,0.33,1266277,23385480.22,2075
2026-08-06 00:00:00,ADANIPORTS,ADANI PORT & SEZ LTD,1704.00,1706.00,1685.80,1695.00,1700.00,-0.29,20.20,1.19,0.24,1254956,2130225277.50,70116
2026-08-06 00:00:00,BAJEL,BAJEL PROJECTS LIMITED,186.00,196.90,184.31,194.34,183.80,5.73,12.59,6.77,1.20,1245603,240966253.98,17062
2026-08-06 00:00:00,MARKSANS,MARKSANS PHARMA LIMITED,270.65,276.45,267.60,268.90,270.65,-0.65,8.85,3.27,0.00,1245329,339539818.40,23134
2026-08-06 00:00:00,BLKASHYAP,B.L.KASHYAP & SON LTD,53.84,57.00,53.60,55.97,53.55,4.52,3.40,6.32,0.54,1233121,69100670.12,7556
2026-08-06 00:00:00,NDL,NANDAN DENIM LIMITED,2.40,2.40,2.28,2.31,2.37,-2.53,0.12,5.00,1.27,1228677,2864986.14,1028
2026-08-06 00:00:00,FCSSOFT,FCS SOFTWARE SOLN. LTD.,1.48,1.49,1.47,1.47,1.48,-0.68,0.02,1.35,0.00,1224077,1807528.35,904
2026-08-06 00:00:00,KELLTONTEC,KELLTON TECH SOL LTD,14.17,14.34,14.10,14.19,14.17,0.14,0.24,1.69,0.00,1222987,17362739.29,2166
2026-08-06 00:00:00,KOLTEPATIL,KOLTE PATIL DEV. LTD.,402.25,438.00,402.25,429.30,392.60,9.35,35.75,8.89,2.46,1221264,516529623.00,29705
2026-08-06 00:00:00,SJVN,SJVN LTD,69.44,69.44,68.10,68.43,69.11,-0.98,1.34,1.93,0.48,1220038,83685227.31,12822
2026-08-06 00:00:00,SONATSOFTW,SONATA SOFTWARE LTD,337.60,343.55,327.00,331.95,337.50,-1.64,16.55,4.90,0.03,1219670,410155388.75,28442
2026-08-06 00:00:00,NAUKRI,INFO EDGE (I) LTD,1245.00,1257.00,1229.50,1240.00,1242.00,-0.16,27.50,2.21,0.24,1210220,1506979466.20,60990
2026-08-06 00:00:00,ANANTRAJ,ANANT RAJ LIMITED,629.70,632.20,615.30,617.40,628.20,-1.72,16.90,2.68,0.24,1198644,746472554.20,24248
2026-08-06 00:00:00,EQUITASBNK,EQUITAS SMALL FIN BNK LTD,76.40,76.70,75.21,76.09,75.76,0.44,1.49,1.95,0.84,1197409,90886309.87,12409
2026-08-06 00:00:00,VRLLOG,VRL LOGISTICS LIMITED,282.10,294.50,282.10,284.65,279.00,2.03,12.40,4.40,1.11,1192983,345081950.45,19156
2026-08-06 00:00:00,LUPIN,LUPIN LIMITED,2397.00,2427.70,2382.60,2385.00,2388.00,-0.13,45.10,1.88,0.38,1185492,2849624799.50,79218
2026-08-06 00:00:00,COMSYN,COMMERCIAL SYN BAGS LTD,210.00,226.40,205.25,209.58,209.72,-0.07,21.15,10.07,0.13,1181335,254428065.61,14708
2026-08-06 00:00:00,SAREGAMA,SAREGAMA INDIA LIMITED,561.90,561.90,523.85,528.00,557.25,-5.25,38.05,6.77,0.83,1169148,621956721.20,34960
2026-08-06 00:00:00,GENUSPOWER,GENUS POWER INFRASTRU LTD,312.00,312.25,307.05,309.45,309.55,-0.03,5.20,1.67,0.79,1165184,360334632.80,15422
2026-08-06 00:00:00,FINPIPE,FINOLEX INDUSTRIES LTD,168.00,172.00,167.24,171.31,167.15,2.49,4.76,2.83,0.51,1161951,197996233.66,23384
2026-08-06 00:00:00,HINDUNILVR,HINDUSTAN UNILEVER LTD.,2081.00,2094.00,2075.20,2079.50,2085.30,-0.28,18.80,0.90,-0.21,1160270,2418496302.90,55937
2026-08-06 00:00:00,TVSMOTOR,TVS MOTOR COMPANY  LTD,4410.00,4436.90,4370.40,4375.00,4455.20,-1.80,66.50,1.51,-1.01,1143968,5028594594.60,61120
2026-08-06 00:00:00,JSWCEMENT,JSW CEMENT LIMITED,132.47,134.45,131.90,132.62,132.04,0.44,2.55,1.92,0.33,1142669,151869285.28,11560
2026-08-06 00:00:00,GULPOLY,GULSHAN POLYOLS LIMITED,209.00,211.00,202.55,207.21,208.91,-0.81,8.45,4.04,0.04,1141312,236975212.54,14055
2026-08-06 00:00:00,URJA,URJA GLOBAL LIMITED,10.00,10.00,9.65,9.78,9.99,-2.10,0.35,3.50,0.10,1134563,11112205.13,3399
2026-08-06 00:00:00,THOMASCOOK,THOMAS COOK (INDIA) LTD,104.36,106.80,103.90,106.14,104.52,1.55,2.90,2.78,-0.15,1133947,119727807.87,7823
2026-08-06 00:00:00,SAMBHV,SAMBHV STEEL TUBES LTD,121.80,122.50,118.20,118.59,121.16,-2.12,4.30,3.53,0.53,1127963,135323576.35,8507
2026-08-06 00:00:00,TDPOWERSYS,TD POWER SYSTEMS LTD.,1210.00,1250.80,1181.10,1227.70,1201.90,2.15,69.70,5.76,0.67,1125206,1370314410.20,44378
2026-08-06 00:00:00,RPPINFRA,R.P.P INFRA PROJECTS LTD,59.95,60.30,57.25,57.85,59.48,-2.74,3.05,5.09,0.79,1124300,66261485.85,1234
2026-08-06 00:00:00,SYRMA,SYRMA SGS TECHNOLOGY LTD,1434.00,1460.00,1405.00,1418.00,1434.10,-1.12,55.00,3.84,-0.01,1123973,1614358095.70,43447
2026-08-06 00:00:00,GROWWMETAL,GROWWAMC - GROWWMETAL,12.59,12.97,12.49,12.59,12.59,0.00,0.48,3.81,0.00,1123677,14153716.73,2001
2026-08-06 00:00:00,PSB,PUNJAB & SIND BANK,23.85,24.09,23.72,23.98,23.80,0.76,0.37,1.55,0.21,1120347,26849746.77,3357
2026-08-06 00:00:00,NETWEB,NETWEB TECH INDIA LTD,4900.00,4980.00,4783.00,4816.00,4893.80,-1.59,197.00,4.02,0.13,1117424,5463881784.50,81075
2026-08-06 00:00:00,HEG,HEG LTD,689.95,694.40,676.45,685.10,686.20,-0.16,17.95,2.60,0.55,1107334,760081261.50,23326
2026-08-06 00:00:00,PANAMAPET,PANAMA PETROCHEM LTD,477.95,500.70,472.35,494.95,455.20,8.73,28.35,5.93,5.00,1103047,547001723.95,15078
2026-08-06 00:00:00,BATLIBOI,BATLIBOI LTD.,98.00,106.50,98.00,102.67,94.30,8.88,8.50,8.67,3.92,1102786,113674232.89,11636
2026-08-06 00:00:00,KABRAEXTRU,KABRA EXTRUSION TECHNIK L,457.00,485.45,452.85,477.60,454.40,5.11,32.60,7.13,0.57,1101775,520156487.15,32744
2026-08-06 00:00:00,MFSL,MAX FINANCIAL SERV LTD,1525.20,1544.00,1513.20,1518.80,1523.00,-0.28,30.80,2.02,0.14,1101308,1688610874.70,29162
2026-08-06 00:00:00,TI,TILAKNAGAR INDUSTRIES LTD,501.35,508.70,482.00,488.45,500.95,-2.50,26.70,5.33,0.08,1100172,545335926.70,29652
2026-08-06 00:00:00,IIFL,IIFL FINANCE LIMITED,612.90,616.70,603.35,609.35,610.20,-0.14,13.35,2.18,0.44,1097633,669245361.60,20017
2026-08-06 00:00:00,NCC,NCC LIMITED,144.00,144.40,142.40,143.73,143.57,0.11,2.00,1.39,0.30,1093984,157249343.62,12822
2026-08-06 00:00:00,MOSCHIP,MOSCHIP TECHNOLOGIES LTD,208.50,210.99,208.01,209.21,208.57,0.31,2.98,1.43,-0.03,1091769,228716293.35,10886
2026-08-06 00:00:00,JSWINFRA,JSW INFRASTRUCTURE LTD,335.00,335.00,324.50,327.50,334.40,-2.06,10.50,3.13,0.18,1090704,360027930.55,20604
2026-08-06 00:00:00,SPARC,SUN PHARMA ADV.RES.CO.LTD,220.50,222.80,215.98,216.98,218.35,-0.63,6.82,3.09,0.98,1086243,237699716.89,16419
2026-08-06 00:00:00,BERGEPAINT,BERGER PAINTS (I) LTD,546.00,557.30,535.60,537.60,545.20,-1.39,21.70,3.97,0.15,1078895,591462856.85,34885
2026-08-06 00:00:00,HAVELLS,HAVELLS INDIA LIMITED,1290.00,1290.00,1277.10,1285.50,1290.00,-0.35,12.90,1.00,0.00,1078858,1384796039.50,22481
2026-08-06 00:00:00,FUSION,FUSION FINANCE LIMITED,211.00,218.00,210.76,214.99,209.72,2.51,7.24,3.43,0.61,1077905,231258221.64,18761
2026-08-06 00:00:00,TEXRAIL,TEXMACO RAIL & ENG. LTD.,107.45,109.15,107.45,108.33,107.45,0.82,1.70,1.58,0.00,1075035,116534940.81,7412
2026-08-06 00:00:00,MUTHOOTMF,MUTHOOT MICROFIN LIMITED,232.60,240.00,220.50,221.94,230.16,-3.57,19.50,8.38,1.06,1069666,245689028.08,21240
2026-08-06 00:00:00,HLEGLAS,HLE GLASCOAT LIMITED,430.00,466.00,425.00,454.40,428.40,6.07,41.00,9.53,0.37,1064006,473953622.65,36636
2026-08-06 00:00:00,MAHKTECH,MIRAEAMC - MAHKTECH,23.95,23.95,23.75,23.91,23.89,0.08,0.20,0.84,0.25,1063561,25435200.57,5839
2026-08-06 00:00:00,HATHWAY,HATHWAY CABLE & DATACOM,10.90,10.98,10.80,10.83,10.90,-0.64,0.18,1.65,0.00,1055693,11483826.19,1977
2026-08-06 00:00:00,EPACKPEB,EPACK PREFAB TECHN LTD,258.95,258.95,246.10,248.35,255.75,-2.89,12.85,4.96,1.25,1047634,262790590.50,15506
2026-08-06 00:00:00,AEROFLEX,AEROFLEX INDUSTRIES LTD,459.50,459.50,431.10,438.50,456.00,-3.84,28.40,6.18,0.77,1044958,464047159.65,19496
2026-08-06 00:00:00,TRIVENI,TRIVENI ENGG. & INDS. LTD,236.99,240.50,229.50,230.53,235.30,-2.03,11.00,4.64,0.72,1036500,242815306.46,9656
2026-08-06 00:00:00,GOODLUCK,GOODLUCK INDIA LIMITED,1506.00,1574.10,1445.00,1534.10,1497.60,2.44,129.10,8.57,0.56,1035469,1562443569.80,64673
2026-08-06 00:00:00,LOTUSDEV,SRI LOTUS DEVLPRS N RTY L,193.80,196.06,193.45,195.61,193.03,1.34,2.61,1.35,0.40,1034151,201827088.75,5371
2026-08-06 00:00:00,SMCGLOBAL,SMC GLOBAL SECURITIES LTD,80.40,81.00,79.52,80.60,79.80,1.00,1.48,1.84,0.75,1033229,83267172.38,111733
2026-08-06 00:00:00,GENESYS,GENESYS INTL CORPN LTD,215.05,232.95,215.05,229.00,328.70,-30.33,17.90,8.32,-34.58,1029321,231553004.85,22788
2026-08-06 00:00:00,WEWORK,WEWORK INDIA MANAGEMENT L,753.50,794.50,736.00,748.20,747.70,0.07,58.50,7.76,0.78,1029138,793165195.10,55753
2026-08-06 00:00:00,GKSL,GUJARAT KIDNEY N SUP SP L,134.00,140.27,131.75,133.95,134.57,-0.46,8.52,6.36,-0.42,1028884,140390406.99,5909
2026-08-06 00:00:00,HDFCSML250,HDFCAMC - HDFCSML250,185.10,185.73,184.85,185.47,185.10,0.20,0.88,0.48,0.00,1027788,190545198.62,7413
2026-08-06 00:00:00,JISLJALEQS,JAIN IRRIGATION SYSTEMS,31.15,31.89,31.13,31.44,31.25,0.61,0.76,2.44,-0.32,1027555,32402519.72,4243
2026-08-06 00:00:00,THELEELA,LEELA PALACES HOTEL LTD,500.00,523.50,498.30,511.00,502.25,1.74,25.20,5.04,-0.45,1027540,526999630.25,30597
2026-08-06 00:00:00,ATL,ALLCARGO TERMINALS LTD,23.57,25.95,23.34,25.57,23.18,10.31,2.61,11.07,1.68,1027024,25750367.49,5185
2026-08-06 00:00:00,WAKEFIT,WAKEFIT INNOVATIONS LTD,130.85,133.40,126.36,127.90,130.85,-2.25,7.04,5.38,0.00,1011609,131371456.21,10134
2026-08-06 00:00:00,AKI,AKI INDIA LIMITED,4.27,5.00,4.21,4.50,4.22,6.64,0.79,18.50,1.18,1005418,4642577.47,1567
2026-08-06 00:00:00,DATAPATTNS,DATA PATTERNS INDIA LTD,4415.00,4458.10,4271.80,4392.60,4446.60,-1.21,186.30,4.22,-0.71,1005390,4396226733.60,81847
2026-08-06 00:00:00,VSSL,VARDHMAN SPC STEEL LTD,334.70,349.50,327.00,333.85,329.35,1.37,22.50,6.72,1.62,1000790,341751444.85,21171
2026-08-06 00:00:00,VAKRANGEE,VAKRANGEE LIMITED,6.08,6.10,5.98,6.00,6.08,-1.32,0.12,1.97,0.00,989802,5957070.15,1471
2026-08-06 00:00:00,JSWENERGY,JSW ENERGY LIMITED,564.95,568.60,561.50,561.50,566.00,-0.80,7.10,1.26,-0.19,989604,558488009.50,18561
2026-08-06 00:00:00,KUSUMGAR,KUSUMGAR LIMITED,643.90,657.75,623.00,650.50,639.90,1.66,34.75,5.40,0.63,976578,624804871.05,27541
2026-08-06 00:00:00,JSLL,JEENA SIKHO LIFECARE LTD,583.20,610.00,576.85,604.25,579.25,4.32,33.15,5.68,0.68,960929,575588885.90,26539
2026-08-06 00:00:00,360ONE,360 ONE WAM LIMITED,1193.10,1197.00,1180.90,1186.00,1192.00,-0.50,16.10,1.35,0.09,959901,1139834006.40,29613
2026-08-06 00:00:00,KISSHT,ONEMI TECHNOLOGY SOL LTD,309.00,316.05,302.20,304.35,307.80,-1.12,13.85,4.48,0.39,951002,294582482.95,21109
2026-08-06 00:00:00,AVANTEL,AVANTEL LIMITED,164.87,167.49,163.78,164.44,164.94,-0.30,3.71,2.25,-0.04,950624,157312977.68,8382
2026-08-06 00:00:00,DHANBANK,DHANLAXMI BANK LIMITED,32.75,33.18,32.32,32.74,32.70,0.12,0.86,2.63,0.15,950556,31113206.37,3767
2026-08-06 00:00:00,RUSHIL,RUSHIL DECOR LIMITED,17.77,18.78,17.77,18.17,17.82,1.96,1.01,5.68,-0.28,946814,17380684.66,2537
2026-08-06 00:00:00,NEWGEN,NEWGEN SOFTWARE TECH LTD,560.00,565.20,540.00,542.40,556.55,-2.54,25.20,4.50,0.62,944921,519546940.50,22013
2026-08-06 00:00:00,BALUFORGE,BALU FORGE INDUSTRIES LTD,448.00,464.90,444.05,458.45,445.90,2.81,20.85,4.65,0.47,944256,432687842.25,25163
2026-08-06 00:00:00,KAYNES,KAYNES TECHNOLOGY IND LTD,3900.00,3928.50,3822.00,3830.00,3898.00,-1.74,106.50,2.73,0.05,942467,3644836663.50,59140
2026-08-06 00:00:00,RAMRAT,RAM RATNA WIRES LIMITED,438.00,470.00,436.95,467.15,436.85,6.94,33.05,7.55,0.26,941695,433641620.35,25741
2026-08-06 00:00:00,ADANIENSOL,ADANI ENERGY SOLUTION LTD,1641.90,1641.90,1603.90,1620.00,1642.00,-1.34,38.00,2.31,-0.01,938596,1521668270.60,39147
2026-08-06 00:00:00,NEULANDLAB,NEULAND LAB LTD.,21800.00,22490.00,21000.00,21543.00,19956.00,7.95,1490.00,6.83,9.24,929534,20144550838.00,251336
2026-08-06 00:00:00,TBZ,TRIB BHIMJI ZAVERI LTD,273.45,274.90,265.10,271.00,272.10,-0.40,9.80,3.58,0.50,926047,249136762.90,14854
2026-08-06 00:00:00,MANINFRA,MAN INFRA LTD,113.00,114.40,109.51,110.41,113.47,-2.70,4.89,4.33,-0.41,911356,101982331.70,7181
2026-08-06 00:00:00,APOLLOTYRE,APOLLO TYRES LTD,445.25,451.75,441.25,449.70,444.90,1.08,10.50,2.36,0.08,907493,407026925.70,22547
2026-08-06 00:00:00,KECL,KIRLOSKAR ELECTRIC CO LTD,152.80,155.00,147.01,148.39,150.21,-1.21,7.99,5.23,1.72,905006,136797023.13,14918
2026-08-06 00:00:00,TTML,TATA TELESERV(MAHARASTRA),40.00,40.05,39.52,39.57,39.85,-0.70,0.53,1.32,0.38,902891,35867227.11,4782
2026-08-06 00:00:00,KIRIINDUS,KIRI INDUSTRIES LIMITED,420.15,445.85,419.25,436.55,419.20,4.14,26.60,6.33,0.23,900788,393477257.95,23511
2026-08-06 00:00:00,TARIL,TRANS & RECTI. LTD,295.50,297.90,292.20,296.15,294.70,0.49,5.70,1.93,0.27,899091,265755973.95,17322
2026-08-06 00:00:00,BHARATFORG,BHARAT FORGE LTD,2197.10,2222.40,2176.10,2210.00,2197.10,0.59,46.30,2.11,0.00,897784,1978654043.90,35607
2026-08-06 00:00:00,SUNFLAG,SUNFLAG IRON AND STEEL CO,379.50,394.40,379.00,388.95,375.30,3.64,15.40,4.06,1.12,896376,348345752.45,15251
2026-08-06 00:00:00,GCSL,GRETEX CORPORATE SERVICES,523.95,542.80,523.95,529.65,523.05,1.26,18.85,3.60,0.17,882382,469573930.05,8407
2026-08-06 00:00:00,MANCREDIT,MANGAL CREDIT N FINCORP L,243.05,257.00,239.22,252.56,245.10,3.04,17.78,7.32,-0.84,874266,219155751.49,7196
2026-08-06 00:00:00,ELECON,ELECON ENG. CO. LTD,439.95,452.00,439.85,450.45,435.30,3.48,12.15,2.76,1.07,874052,391181541.20,23292
2026-08-06 00:00:00,MUFIN,MUFIN GREEN FINANCE LTD,134.40,135.50,132.25,134.07,134.45,-0.28,3.25,2.42,-0.04,871081,117174039.57,4848
2026-08-06 00:00:00,SANDUMA,SANDUR MANG & IRON ORES L,216.00,217.10,212.10,213.88,214.15,-0.13,5.00,2.31,0.86,870537,186658931.69,13527
2026-08-06 00:00:00,MOIL,MOIL LIMITED,283.50,289.50,280.60,282.45,282.70,-0.09,8.90,3.14,0.28,869718,246995204.65,19965
2026-08-06 00:00:00,UGARSUGAR,THE UGAR SUGAR WORKS LTD,45.00,46.35,44.05,45.73,43.28,5.66,2.30,5.11,3.97,869343,39507261.68,4152
2026-08-06 00:00:00,LXCHEM,LAXMI ORGANIC INDUS LTD,182.40,183.85,179.00,179.67,181.57,-1.05,4.85,2.66,0.46,863609,156787655.02,10666
2026-08-06 00:00:00,PRAJIND,PRAJ INDUSTRIES LTD,314.75,328.15,314.55,319.65,317.75,0.60,13.60,4.32,-0.94,858605,276568677.10,17438
2026-08-06 00:00:00,FDC,FDC LIMITED,386.05,388.95,368.00,370.00,387.55,-4.53,20.95,5.43,-0.39,857790,322432155.40,33015
2026-08-06 00:00:00,VIDYAWIRES,VIDYA WIRES LIMITED,92.50,95.61,92.50,94.86,92.46,2.60,3.11,3.36,0.04,847396,80281391.08,5645
2026-08-06 00:00:00,ADANIENT,ADANI ENTERPRISES LIMITED,3050.00,3072.40,3025.70,3026.00,3050.00,-0.79,46.70,1.53,0.00,843121,2566191583.80,39682
2026-08-06 00:00:00,SAMHI,SAMHI HOTELS LIMITED,173.00,176.90,173.00,176.24,173.66,1.49,3.90,2.25,-0.38,837173,146515413.29,13577
2026-08-06 00:00:00,CMPDI,CENTRAL MINE P N D INST L,243.50,247.90,241.50,244.18,243.42,0.31,6.40,2.63,0.03,832971,204222404.82,11491
2026-08-06 00:00:00,ELIN,ELIN ELECTRONICS LIMITED,101.76,104.00,97.10,102.03,101.76,0.27,6.90,6.78,0.00,830066,83601185.58,8359
2026-08-06 00:00:00,APOLLOPIPE,APOLLO PIPES LIMITED,538.10,540.00,527.00,527.25,534.15,-1.29,13.00,2.42,0.74,829287,442793046.30,8800
2026-08-06 00:00:00,AFIL,AKME FINTRADE (INDIA) LTD,9.35,9.35,8.80,9.06,9.41,-3.72,0.55,5.88,-0.64,827513,7594221.74,1042
2026-08-06 00:00:00,SETL,STANDARD ENGNG TCNLGY LTD,281.40,289.80,271.00,274.65,278.00,-1.21,18.80,6.68,1.22,825655,233328639.15,15068
2026-08-06 00:00:00,APLAPOLLO,APL APOLLO TUBES LTD,1968.00,1996.00,1945.00,1945.00,1948.50,-0.18,51.00,2.59,1.00,824303,1628861105.40,33038
2026-08-06 00:00:00,APTUS,APTUS VALUE HSG FIN I LTD,263.15,265.70,260.05,260.80,264.30,-1.32,5.65,2.15,-0.44,824005,215729178.90,26970
2026-08-06 00:00:00,SKMEGGPROD,SKM EGG PROD EXPORT(I) LT,232.38,246.79,230.74,237.19,230.74,2.80,16.05,6.91,0.71,820167,195862622.48,14292
2026-08-06 00:00:00,CDSL,CENTRAL DEPO SER (I) LTD,1327.80,1341.90,1325.10,1331.00,1326.50,0.34,16.80,1.27,0.10,817532,1091221138.10,25616
2026-08-06 00:00:00,FEDFINA,FEDBANK FINANCIAL SER L,150.83,152.80,149.03,152.53,149.31,2.16,3.77,2.50,1.02,816734,123658366.51,14558
2026-08-06 00:00:00,FORTIS,FORTIS HEALTHCARE LTD,926.00,927.00,916.10,920.00,925.00,-0.54,10.90,1.18,0.11,815182,749685128.35,29955
2026-08-06 00:00:00,ADANIGREEN,ADANI GREEN ENERGY LTD,1385.10,1386.80,1370.00,1371.50,1380.00,-0.62,16.80,1.21,0.37,814990,1122201755.60,23690
2026-08-06 00:00:00,SPORTKING,SPORTKING INDIA LIMITED,211.10,211.92,202.00,206.66,210.24,-1.70,9.92,4.70,0.41,810326,166490932.00,15099
2026-08-06 00:00:00,ALPHA,KOTAKMAMC - KOTAKALPHA,53.20,53.60,52.62,53.51,53.20,0.58,0.98,1.84,0.00,810315,43270944.49,2804
2026-08-06 00:00:00,CAMS,COMPUTER AGE MNGT SER LTD,812.00,814.55,798.25,799.45,811.85,-1.53,16.30,2.01,0.02,808249,648700440.95,33801
2026-08-06 00:00:00,SYNGENE,SYNGENE INTERNATIONAL LTD,408.90,409.85,393.35,399.75,406.95,-1.77,16.50,4.04,0.48,806023,323900316.25,26803
2026-08-06 00:00:00,ANTHEM,ANTHEM BIOSCIENCES LTD,832.65,837.00,813.00,825.65,825.65,0.00,24.00,2.88,0.85,799264,656681968.10,40477
2026-08-06 00:00:00,SUVEN,SUVEN LIFE SCIENCES LTD,324.95,324.95,307.15,317.80,326.55,-2.68,17.80,5.48,-0.49,798961,252031105.95,20741
2026-08-06 00:00:00,PRECWIRE,PRECISION WIRES INDIA LTD,416.05,433.50,413.10,418.95,409.50,2.31,20.40,4.90,1.60,797490,335904087.00,27873
2026-08-06 00:00:00,ASIANPAINT,ASIAN PAINTS LIMITED,2788.00,2788.00,2741.60,2755.00,2760.00,-0.18,46.40,1.66,1.01,797083,2196884703.30,67159
2026-08-06 00:00:00,STEELXIND,STEEL EXCHANGE INDIA LTD,11.53,11.67,11.32,11.45,11.52,-0.61,0.35,3.04,0.09,796527,9086235.55,1524
2026-08-06 00:00:00,VARROC,VARROC ENGINEERING LTD.,726.00,757.45,719.60,737.85,717.60,2.82,37.85,5.21,1.17,796119,587506344.90,37938
2026-08-06 00:00:00,CSM,CSM TECHNOLOGIES LIMITED,100.94,105.10,99.02,102.58,100.94,1.62,6.08,6.02,0.00,794440,82156016.29,5612
2026-08-06 00:00:00,PASHUPATI,PASHUPATI COTSPIN LIMITED,85.81,89.02,84.15,85.07,84.63,0.52,4.87,5.68,1.39,793990,67838725.37,5220
2026-08-06 00:00:00,TIRUMALCHM,THIRUMALAI CHEMICALS LTD,171.00,171.39,167.32,170.00,170.02,-0.01,4.07,2.38,0.58,793889,134877024.03,9341
2026-08-06 00:00:00,IGL,INDRAPRASTHA GAS LTD,155.00,155.31,153.72,154.33,154.08,0.16,1.59,1.03,0.60,788950,122004185.07,16996
2026-08-06 00:00:00,CONCOR,CONTAINER CORP OF IND LTD,519.00,522.00,510.00,512.00,516.35,-0.84,12.00,2.31,0.51,788586,406517724.10,28710
2026-08-06 00:00:00,DIFFNKG,DIFFUSION ENGINEERS LTD,425.90,453.70,422.05,443.90,424.20,4.64,31.65,7.43,0.40,787650,350755741.10,19250
2026-08-06 00:00:00,UNOMINDA,UNO MINDA LIMITED,1257.00,1278.00,1241.60,1278.00,1250.00,2.24,36.40,2.90,0.56,785428,990743431.00,30329
2026-08-06 00:00:00,JWL,JUPITER WAGONS LIMITED,259.40,263.00,258.15,262.10,258.85,1.26,4.85,1.87,0.21,783328,204640303.50,14127
2026-08-06 00:00:00,SKIPPER,SKIPPER LIMITED,550.00,558.70,524.25,526.50,548.50,-4.01,34.45,6.26,0.27,781008,421467304.90,26874
2026-08-06 00:00:00,VIKRAN,VIKRAN ENGINEERING LTD,72.97,73.01,71.50,71.71,72.88,-1.61,1.51,2.07,0.12,777429,56119608.29,4475
2026-08-06 00:00:00,ELECTCAST,ELECTROSTEEL CASTINGS LTD,72.10,72.80,71.67,72.26,71.99,0.38,1.13,1.57,0.15,776569,56070279.09,6132
2026-08-06 00:00:00,TPHQ,TEAMO PRODUCTIONS HQ LTD,0.43,0.43,0.41,0.42,0.42,0.00,0.02,4.65,2.38,773717,326534.23,275
2026-08-06 00:00:00,ECLERX,ECLERX SERVICES LTD,1890.00,1898.00,1811.30,1872.40,1917.80,-2.37,86.70,4.59,-1.45,773314,1439673605.30,62259
2026-08-06 00:00:00,HTMEDIA,HT MEDIA LIMITED,28.80,29.40,26.66,26.91,28.66,-6.11,2.74,9.51,0.49,771516,21388883.01,3998
2026-08-06 00:00:00,INDUSINDBK,INDUSIND BANK LIMITED,1016.00,1033.90,1011.00,1016.20,1019.00,-0.27,22.90,2.25,-0.29,769423,786807277.00,26595
2026-08-06 00:00:00,SURYAROSNI,SURYA ROSHNI LTD,247.70,252.10,243.30,250.73,246.68,1.64,8.80,3.55,0.41,767569,190593945.78,20672
2026-08-06 00:00:00,GROWWNET,GROWWAMC - GROWWNET,10.47,10.47,10.16,10.32,10.26,0.58,0.31,2.96,2.05,757978,7841912.61,1790
2026-08-06 00:00:00,SDBL,SOM DIST & BREW LTD,73.30,74.90,72.50,74.11,73.39,0.98,2.40,3.27,-0.12,755869,55835898.99,5842
2026-08-06 00:00:00,DDEVPLSTIK,DDEV PLASTIKS IND LTD,288.40,313.00,287.65,310.60,288.40,7.70,25.35,8.79,0.00,748894,229441616.05,16149
2026-08-06 00:00:00,GMRP&UI,GMR POW AND URBAN INFRA L,96.19,98.80,95.80,97.83,95.67,2.26,3.00,3.12,0.54,748526,72862388.16,7417
2026-08-06 00:00:00,PRESTIGE,PRESTIGE ESTATE LTD,1604.20,1613.60,1570.50,1578.00,1593.00,-0.94,43.10,2.69,0.70,746853,1185790735.00,27917
2026-08-06 00:00:00,HDFCNEXT50,HDFCAMC - HDFCNEXT50,76.00,76.21,75.53,75.89,75.39,0.66,0.68,0.89,0.81,739359,56265233.91,1072
2026-08-06 00:00:00,HMAAGRO,HMA AGRO INDUSTRIES LTD,20.68,21.29,20.50,20.92,20.67,1.21,0.79,3.82,0.05,735329,15377157.33,1592
2026-08-06 00:00:00,ZENTEC,ZEN TECHNOLOGIES LIMITED,1674.70,1748.00,1660.00,1734.60,1674.70,3.58,88.00,5.25,0.00,733298,1265290679.90,45766
2026-08-06 00:00:00,ZENSARTECH,ZENSAR TECHNOLOGIES  LTD,502.10,505.00,497.45,500.65,500.35,0.06,7.55,1.50,0.35,732645,366653319.55,16373
2026-08-06 00:00:00,VAIBHAVGBL,VAIBHAV GLOBAL LIMITED,250.00,250.00,241.60,242.60,250.15,-3.02,8.40,3.36,-0.06,729862,178617849.95,10956
2026-08-06 00:00:00,A2ZINFRA,A2Z INFRA ENGINEERING LTD,16.63,16.89,15.80,16.73,16.63,0.60,1.09,6.55,0.00,723134,11623589.76,1369
2026-08-06 00:00:00,SSWL,STEEL STRIPS WHEELS LTD.,320.45,322.65,304.10,309.20,319.95,-3.36,18.55,5.79,0.16,722236,226668801.30,15707
2026-08-06 00:00:00,RALLIS,RALLIS INDIA LTD,216.65,217.17,214.40,214.86,216.36,-0.69,2.77,1.28,0.13,718016,154467251.98,34422
2026-08-06 00:00:00,NRBBEARING,NRB BEARING LIMITED,462.90,468.00,443.00,445.60,457.70,-2.64,25.00,5.40,1.14,715909,327378080.25,19557
2026-08-06 00:00:00,AXITA,AXITA COTTON LIMITED,7.39,7.42,7.30,7.30,7.34,-0.54,0.12,1.62,0.68,714393,5238563.07,1248
2026-08-06 00:00:00,IGIL,INTL GEMOLOGICAL INST LTD,363.65,367.50,357.00,360.35,363.85,-0.96,10.50,2.89,-0.05,713810,258934014.00,16459
2026-08-06 00:00:00,BSLNIFTY,ADITYBIRLA SL NIF ETF-GR,29.52,29.52,28.50,29.05,28.80,0.87,1.02,3.46,2.50,713204,20696844.12,4425
2026-08-06 00:00:00,SHREEJISPG,SHREEJI SHIPPING GLOBAL L,667.00,677.20,655.40,673.30,661.75,1.75,21.80,3.27,0.79,708345,471398882.50,8560
2026-08-06 00:00:00,NH,NARAYANA HRUDAYALAYA LTD.,1912.50,1913.40,1877.10,1885.00,1903.10,-0.95,36.30,1.90,0.49,703113,1326410102.30,24614
2026-08-06 00:00:00,TORNTPHARM,TORRENT PHARMACEUTICALS L,5020.00,5030.00,4937.50,4956.00,5000.00,-0.88,92.50,1.84,0.40,701944,3483533148.00,33981
2026-08-06 00:00:00,PARKHOSPS,PARK MEDI WORLD LIMITED,286.00,293.90,285.00,292.25,284.85,2.60,8.90,3.11,0.40,701450,203822061.40,10925
2026-08-06 00:00:00,SUNDRMFAST,SUNDRAM FASTENERS LTD,1037.05,1094.60,1021.30,1085.25,1030.45,5.32,73.30,7.07,0.64,699524,749662356.95,22555
2026-08-06 00:00:00,ROTO,ROTO PUMPS LIMITED,66.39,70.38,66.00,69.31,66.01,5.00,4.38,6.60,0.58,699027,47934860.84,4985
2026-08-06 00:00:00,GUJENERGY,GUJARAT ENERGY LIMITED,272.55,278.70,272.55,275.60,272.55,1.12,6.15,2.26,0.00,695173,192122718.70,13202
2026-08-06 00:00:00,V2RETAIL,V2 RETAIL LIMITED,218.75,219.00,215.81,218.31,217.57,0.34,3.19,1.46,0.54,695043,151101284.76,11310
2026-08-06 00:00:00,HYUNDAI,HYUNDAI MOTOR INDIA LTD,2208.20,2233.00,2181.60,2212.00,2218.50,-0.29,51.40,2.33,-0.46,694415,1538276865.50,35909
2026-08-06 00:00:00,LAOPALA,LA OPALA RG LIMITED,196.56,200.37,192.30,193.79,196.10,-1.18,8.07,4.11,0.23,689122,135260874.31,9956
2026-08-06 00:00:00,WALCHANNAG,WALCHANDNAGAR INDUSTRIES,235.00,240.56,231.01,231.82,233.37,-0.66,9.55,4.06,0.70,687264,161519071.18,10070
2026-08-06 00:00:00,PRAKASH,PRAKASH INDUSTRIES LTD,126.15,131.90,126.00,128.72,126.29,1.92,5.90,4.68,-0.11,686026,89049635.92,7476
2026-08-06 00:00:00,WHIRLPOOL,WHIRLPOOL OF INDIA LTD,800.00,835.40,790.60,830.45,808.30,2.74,44.80,5.60,-1.03,685424,557481703.45,39489
2026-08-06 00:00:00,CHOICEIN,CHOICE INTERNATIONAL LTD,825.30,841.85,824.50,833.20,824.35,1.07,17.35,2.10,0.12,684783,572453645.50,13907
2026-08-06 00:00:00,TEJASNET,TEJAS NETWORKS LIMITED,527.60,528.30,520.25,522.30,527.60,-1.00,8.05,1.53,0.00,681461,356872705.55,15566
2026-08-06 00:00:00,ANUP,THE ANUP ENGINEERING LTD,2225.00,2296.40,1901.00,1993.30,2214.00,-9.97,395.40,17.77,0.50,678945,1370407291.50,56675
2026-08-06 00:00:00,ASHAPURMIN,ASHAPURA MINECHEM LTD,739.80,751.95,726.05,729.10,739.70,-1.43,25.90,3.50,0.01,676599,500233980.40,17199
2026-08-06 00:00:00,CANTABIL,CANTABIL RETAIL LTD,244.90,244.90,225.15,228.10,245.81,-7.20,19.75,8.06,-0.37,674303,156855135.45,63298
2026-08-06 00:00:00,CHEMPLASTS,CHEMPLAST SANMAR LIMITED,196.60,198.00,193.00,194.61,195.26,-0.33,5.00,2.54,0.69,672129,131128834.55,9998
2026-08-06 00:00:00,GROWWEV,GROWWAMC - GROWWEV,34.64,34.64,33.42,33.60,33.90,-0.88,1.22,3.52,2.18,669703,22494603.38,5049
2026-08-06 00:00:00,SURYODAY,SURYODAY SMALL FIN BK LTD,163.70,165.00,161.90,162.62,162.68,-0.04,3.10,1.89,0.63,668778,109059933.91,6799
2026-08-06 00:00:00,CAPILLARY,CAPILLARY TECHNO INDIA L,566.00,587.00,560.20,580.60,576.35,0.74,26.80,4.73,-1.80,666934,385470255.40,23018
2026-08-06 00:00:00,WELENT,WELSPUN ENTERPRISES LTD.,585.20,587.95,561.00,567.80,584.10,-2.79,26.95,4.61,0.19,665214,380375211.65,14514
2026-08-06 00:00:00,SHANKARA,SHANKARA BLDG PRODUCT LTD,142.70,142.70,139.50,140.99,142.70,-1.20,3.20,2.24,0.00,657418,92660896.75,2089
2026-08-06 00:00:00,MAYURUNIQ,MAYUR UNIQUOTERS LTD,739.05,818.00,730.00,773.85,768.95,0.64,88.00,11.91,-3.89,656145,516222016.25,36741
2026-08-06 00:00:00,RPPL,RAJSHREE POLYPACK LTD,24.02,25.69,23.95,25.38,23.60,7.54,1.74,7.24,1.78,652152,16326951.36,1758
2026-08-06 00:00:00,SANGHVIMOV,SANGHVI MOVERS LTD,475.00,488.80,467.00,481.55,474.20,1.55,21.80,4.59,0.17,645352,311190285.05,18149
2026-08-06 00:00:00,SHAILY,SHAILY ENG PLASTICS LTD,3170.10,3434.00,3166.50,3366.30,3176.20,5.99,267.50,8.44,-0.19,644898,2168168473.90,65767
2026-08-06 00:00:00,EIEL,ENVIRO INFRA ENGINEERS L,218.00,219.95,214.56,215.50,218.06,-1.17,5.39,2.47,-0.03,644558,139199914.57,10435
2026-08-06 00:00:00,PGIL,PEARL GLOBAL IND LIMITED,2150.00,2248.10,2065.10,2221.50,2104.50,5.56,183.00,8.51,2.16,642491,1395947128.50,60530
2026-08-06 00:00:00,SAURASHCEM,SAURASHTRA CEMENT LIMITED,68.42,70.09,66.01,68.93,68.71,0.32,4.08,5.96,-0.42,639199,43391923.45,5989
2026-08-06 00:00:00,SIGIND,SIGNET INDUSTRIES LIMITED,61.40,73.00,61.31,70.03,61.40,14.06,11.69,19.04,0.00,637807,44049688.72,6501
2026-08-06 00:00:00,BLSE,BLS E-SERVICES LIMITED,318.95,324.90,312.20,317.65,319.15,-0.47,12.70,3.98,-0.06,637488,202912143.20,12879
2026-08-06 00:00:00,ACSTECH,A C S TECHNOLOGIES LTD.,46.40,46.54,44.71,45.97,44.33,3.70,1.83,3.94,4.67,635273,29273733.86,2476
2026-08-06 00:00:00,CANHLIFE,CANARA HSBC LIFE INS CO L,149.92,153.26,146.50,150.55,149.93,0.41,6.76,4.51,-0.01,631047,95348752.10,13413
2026-08-06 00:00:00,HONASA,HONASA CONSUMER LIMITED,462.80,469.00,459.85,465.65,459.65,1.31,9.15,1.98,0.69,628711,292350855.35,16898
2026-08-06 00:00:00,KEC,KEC INTL. LIMITED,478.80,480.30,472.60,477.70,475.55,0.45,7.70,1.61,0.68,626161,298416189.55,17755
2026-08-06 00:00:00,DWARKESH,DWARIKESH SUGAR IND LTD,40.60,40.90,39.80,40.37,40.31,0.15,1.10,2.71,0.72,624032,25198679.48,3415
2026-08-06 00:00:00,SUDEEPPHRM,SUDEEP PHARMA LIMITED,973.75,990.00,952.50,974.15,958.95,1.59,37.50,3.85,1.54,622265,605884992.10,28925
2026-08-06 00:00:00,HDFCMID150,HDFCAMC - HDFCMID150,23.71,23.85,23.56,23.66,23.71,-0.21,0.29,1.22,0.00,621380,14724209.38,1310
2026-08-06 00:00:00,IRMENERGY,IRM ENERGY LIMITED,277.05,303.00,266.10,293.00,277.05,5.76,36.90,13.32,0.00,621106,179845197.85,10748
2026-08-06 00:00:00,QUADFUTURE,QUADRANT FUTURE TEK LTD,359.20,382.95,356.05,378.00,357.90,5.62,26.90,7.49,0.36,619016,230255324.25,18046
2026-08-06 00:00:00,HDFCBSE500,HDFCAMC - HDFCBSE500,38.20,38.38,38.11,38.27,38.21,0.16,0.27,0.71,-0.03,613785,23479825.07,236
2026-08-06 00:00:00,NOCIL,NOCIL LIMITED,173.25,174.78,169.30,170.71,172.99,-1.32,5.48,3.16,0.15,603320,103940788.83,7283
2026-08-06 00:00:00,TATACHEM,TATA CHEMICALS LTD,667.90,675.00,661.70,663.30,666.15,-0.43,13.30,1.99,0.26,602174,400923535.85,22480
2026-08-06 00:00:00,HBLENGINE,HBL ENGINEERING LTD,740.00,743.85,730.50,736.15,736.50,-0.05,13.35,1.80,0.48,599935,442261512.20,21784
2026-08-06 00:00:00,VISAKAIND,VISAKA INDUSTRIES LIMITED,87.99,88.21,80.57,86.39,86.94,-0.63,7.64,8.68,1.21,598626,50791666.05,6170
2026-08-06 00:00:00,OSWALPUMPS,OSWAL PUMPS LIMITED,327.95,334.75,321.00,322.95,326.25,-1.01,13.75,4.19,0.52,598566,194734464.35,12564
2026-08-06 00:00:00,VOLTAS,VOLTAS LTD,1300.50,1314.90,1268.40,1275.00,1300.50,-1.96,46.50,3.58,0.00,598220,772564537.30,24732
2026-08-06 00:00:00,GPPL,GUJARAT PIPAVAV PORT LTD,152.14,152.36,151.01,151.26,151.68,-0.28,1.35,0.89,0.30,597571,90616761.29,8080
2026-08-06 00:00:00,GARUDA,GARUDA CONSTRUCT N ENG L,179.10,185.10,178.90,182.45,178.36,2.29,6.20,3.46,0.41,597321,109128829.39,7422
2026-08-06 00:00:00,ZYDUSLIFE,ZYDUS LIFESCIENCES LTD,1121.00,1122.80,1101.50,1108.00,1121.10,-1.17,21.30,1.90,-0.01,596998,662760228.60,25346
2026-08-06 00:00:00,EXCELSOFT,EXCELSOFT TECHNOLOGIES L,85.01,86.24,82.30,83.09,83.95,-1.02,3.94,4.63,1.26,596088,50302746.77,5024
2026-08-06 00:00:00,GICRE,GENERAL INS CORP OF INDIA,360.00,361.95,358.55,358.85,359.65,-0.22,3.40,0.94,0.10,593786,213463117.60,18007
2026-08-06 00:00:00,MOREALTY,MOTILALAMC - MOREALTY,90.47,90.47,89.02,89.18,90.46,-1.41,1.45,1.60,0.01,591839,52959402.91,3229
2026-08-06 00:00:00,KFINTECH,KFIN TECHNOLOGIES LIMITED,950.40,950.40,923.20,930.00,948.75,-1.98,27.20,2.86,0.17,591577,552913138.80,16009
2026-08-06 00:00:00,IKS,INVENTURUS KNOWLEDGE SO L,1890.00,1907.40,1757.70,1763.10,1877.70,-6.10,149.70,7.92,0.66,590774,1062442255.40,49259
2026-08-06 00:00:00,PREMIERENE,PREMIER ENERGIES LIMITED,1044.00,1045.20,1030.00,1041.70,1044.00,-0.22,15.20,1.46,0.00,589524,611823395.30,17748
2026-08-06 00:00:00,SULA,SULA VINEYARDS LIMITED,172.00,174.30,166.00,167.54,170.76,-1.89,8.30,4.83,0.73,589248,100773733.46,10083
2026-08-06 00:00:00,ASAHIINDIA,ASAHI INDIA GLASS LIMITED,926.70,932.80,886.15,913.95,926.70,-1.38,46.65,5.03,0.00,588303,533878371.00,31168
2026-08-06 00:00:00,RPTECH,RASHI PERIPHERALS LIMITED,902.85,904.90,851.10,865.55,902.85,-4.13,53.80,5.96,0.00,585187,507950861.90,26178
2026-08-06 00:00:00,SWANCORP,SWAN CORP LIMITED,311.40,315.40,308.50,310.90,310.60,0.10,6.90,2.22,0.26,582055,181213639.05,9261
2026-08-06 00:00:00,OBEROIRLTY,OBEROI REALTY LIMITED,1807.50,1807.50,1772.30,1777.00,1806.50,-1.63,35.20,1.95,0.06,579391,1033162734.40,37097
2026-08-06 00:00:00,WOCKPHARMA,WOCKHARDT LIMITED,1998.90,2024.00,1951.00,1975.00,2006.10,-1.55,73.00,3.65,-0.36,578202,1147074032.10,28702
2026-08-06 00:00:00,COASTCORP,COASTAL CORPORATION LTD,47.57,48.54,43.92,45.03,47.57,-5.34,4.62,9.71,0.00,576727,26074096.49,3246
2026-08-06 00:00:00,ITI,ITI LTD,281.55,289.70,280.30,287.25,281.60,2.01,9.40,3.34,-0.02,573736,163947610.80,10954
2026-08-06 00:00:00,GRAUWEIL,GRAUER & WEIL IND LTD,69.35,71.35,68.81,69.24,68.78,0.67,2.54,3.66,0.83,571504,39921798.47,4096
2026-08-06 00:00:00,CESC,CESC LTD,163.70,163.83,162.11,162.48,163.52,-0.64,1.72,1.05,0.11,569474,92670673.54,11887
2026-08-06 00:00:00,SHYAMMETL,SHYAM METALICS AND ENGY L,1031.00,1040.80,1008.60,1015.50,1029.60,-1.37,32.20,3.12,0.14,568173,581809931.80,15218
2026-08-06 00:00:00,INVENTURE,INVENTURE GRO & SEC LTD,0.91,0.93,0.91,0.92,0.91,1.10,0.02,2.20,0.00,567731,524030.66,296
2026-08-06 00:00:00,GRWRHITECH,GARWARE HI-TECH FILMS LTD,7540.00,7990.00,7152.50,7338.50,7409.50,-0.96,837.50,11.11,1.76,566953,4312464858.00,93910
2026-08-06 00:00:00,JKTYRE,JK TYRE & INDUSTRIES LTD,417.90,418.90,411.30,413.25,415.20,-0.47,7.60,1.82,0.65,565965,234629443.00,13915
2026-08-06 00:00:00,REDTAPE,REDTAPE LIMITED,134.20,138.50,133.71,136.86,134.24,1.95,4.79,3.57,-0.03,564078,77129589.40,8677
2026-08-06 00:00:00,AKSHAR,AKSHAR SPINTEX LIMITED,0.45,0.46,0.44,0.44,0.44,0.00,0.02,4.44,2.27,563897,252605.16,278
2026-08-06 00:00:00,PFOCUS,PRIME FOCUS LIMITED,303.05,303.95,286.10,291.90,299.70,-2.60,17.85,5.89,1.12,563203,167016076.50,11516
2026-08-06 00:00:00,ANANDRATHI,ANAND RATHI WEALTH LTD,2047.00,2080.00,2028.50,2071.50,2037.60,1.66,51.50,2.52,0.46,560790,1146244022.90,19189
2026-08-06 00:00:00,SIRCA,SIRCA PAINT INDIA LIMITED,444.45,452.70,441.00,449.95,443.35,1.49,11.70,2.63,0.25,559902,250831424.20,8759
2026-08-06 00:00:00,RSL,RAJPUTANA STAINLESS LTD,151.00,155.00,150.50,152.85,150.45,1.60,4.50,2.98,0.37,556922,85293626.11,6454
2026-08-06 00:00:00,GLENMARK,GLENMARK PHARMACEUTICALS,2270.00,2290.00,2247.00,2270.00,2259.00,0.49,43.00,1.89,0.49,556267,1263121150.10,28348
2026-08-06 00:00:00,INTELLECT,INTELLECT DESIGN ARENA,745.00,759.80,718.05,721.65,746.20,-3.29,41.75,5.60,-0.16,554196,404522571.40,27388
2026-08-06 00:00:00,EBGNG,GNG ELECTRONICS LIMITED,535.00,545.00,519.00,523.90,527.40,-0.66,26.00,4.86,1.44,553303,294269696.55,17880
2026-08-06 00:00:00,SRF,SRF LTD,2649.00,2659.00,2620.20,2624.90,2639.70,-0.56,38.80,1.46,0.35,550578,1451029442.90,23329
2026-08-06 00:00:00,DCXINDIA,DCX SYSTEMS LIMITED,180.59,184.80,179.52,181.84,180.17,0.93,5.28,2.92,0.23,549292,100399512.67,7373
2026-08-06 00:00:00,GARFIBRES,GARWARE TECH FIBRES LTD,799.70,863.40,765.55,838.85,797.35,5.20,97.85,12.24,0.29,544036,455347113.20,31905
2026-08-06 00:00:00,SUMICHEM,SUMITOMO CHEM INDIA LTD,507.55,529.90,503.05,525.20,507.55,3.48,26.85,5.29,0.00,543785,283186022.65,16900
2026-08-06 00:00:00,ASHOKA,ASHOKA BUILDCON LTD,120.90,120.90,119.60,119.83,119.89,-0.05,1.30,1.08,0.84,542817,65078587.60,6037
2026-08-06 00:00:00,NIVABUPA,NIVA BUPA HEALTH INS CO L,87.52,87.78,86.82,87.18,87.54,-0.41,0.96,1.10,-0.02,540098,47182389.72,5839
2026-08-06 00:00:00,ONEPOINT,ONE POINT ONE SOL LTD,57.43,57.43,56.19,57.10,57.19,-0.16,1.24,2.16,0.42,537856,30649047.11,2599
2026-08-06 00:00:00,HEROMOTOCO,HERO MOTOCORP LIMITED,5680.00,5755.00,5550.50,5550.50,5690.00,-2.45,204.50,3.60,-0.18,533656,2999804732.50,58385
2026-08-06 00:00:00,CAPACITE,CAPACITE INFRAPROJECT LTD,224.36,228.80,221.50,225.92,221.83,1.84,7.30,3.25,1.14,533583,120293572.43,8405
2026-08-06 00:00:00,PARASPETRO,PARAS PETROFILS LTD.,2.63,2.75,2.63,2.72,2.62,3.82,0.12,4.56,0.38,531101,1441786.40,693
2026-08-06 00:00:00,SBICARD,SBI CARDS & PAY SER LTD,664.65,665.70,658.20,660.00,665.70,-0.86,7.50,1.13,-0.16,530440,350235735.75,15682
2026-08-06 00:00:00,WELSPLSOL,WELSPUN SPECIALTY SOL L,50.68,51.11,49.60,50.02,50.68,-1.30,1.51,2.98,0.00,530330,26552184.88,1519
2026-08-06 00:00:00,RAILTEL,RAILTEL CORP OF IND LTD,290.75,293.80,288.10,290.85,289.60,0.43,5.70,1.96,0.40,529814,154091717.95,11415
2026-08-06 00:00:00,DEEPINDS,DEEP INDUSTRIES LIMITED,639.10,642.80,613.05,627.00,643.60,-2.58,29.75,4.65,-0.70,526380,329454524.00,15572
2026-08-06 00:00:00,DUCON,DUCON INFRATECHNOLOGIES L,3.01,3.25,2.95,3.08,2.97,3.70,0.30,9.97,1.35,523977,1620787.59,539
2026-08-06 00:00:00,SUPRAJIT,SUPRAJIT ENGINEERING LTD,530.00,538.90,523.10,527.55,524.10,0.66,15.80,2.98,1.13,522228,277122655.05,18579
2026-08-06 00:00:00,RGL,RENAISSANCE GLOBAL LTD,125.00,127.40,121.25,122.48,124.95,-1.98,6.15,4.92,0.04,519850,64999414.57,4320
2026-08-06 00:00:00,SUDARSCHEM,SUDARSHAN CHEMICAL INDS L,1090.00,1134.50,1080.20,1115.60,1084.50,2.87,54.30,4.98,0.51,518451,575974927.10,20385
2026-08-06 00:00:00,SAKUMA,SAKUMA EXPORTS LIMITED,1.64,1.66,1.63,1.63,1.62,0.62,0.03,1.83,1.23,517861,848919.66,608
2026-08-06 00:00:00,THANGAMAYL,THANGAMAYIL JEWELLERY LTD,4989.50,5200.00,4953.00,5144.00,4953.00,3.86,247.00,4.95,0.74,517167,2633513496.00,52464
2026-08-06 00:00:00,HDFCPSUBK,HDFCAMC HDFCPSUBK,86.74,88.21,85.51,87.69,86.31,1.60,2.70,3.11,0.50,516460,45156325.29,533
2026-08-06 00:00:00,MOTILALOFS,MOTILAL OSWAL FIN LTD,881.95,882.60,863.50,874.00,880.00,-0.68,19.10,2.17,0.22,516195,449540000.30,19304
2026-08-06 00:00:00,MBAPL,MADHYA BHARAT AGRO P. LTD,158.00,161.49,158.00,160.39,156.93,2.20,3.49,2.21,0.68,515434,82335518.78,6024
2026-08-06 00:00:00,NAM-INDIA,NIPPON L I A M LTD,1214.10,1214.10,1189.70,1200.00,1215.00,-1.23,24.40,2.01,-0.07,512681,614677377.60,20415
2026-08-06 00:00:00,BANSALWIRE,BANSAL WIRE INDUSTRIES L,324.20,341.00,322.60,331.10,320.35,3.36,18.40,5.68,1.20,512649,171043346.50,8546
2026-08-06 00:00:00,SERVOTECH,SERVOTECH REN POW SYS LTD,86.50,86.56,84.50,85.15,86.27,-1.30,2.06,2.38,0.27,512296,43757994.49,5411
2026-08-06 00:00:00,BCLIND,BCL INDUSTRIES LIMITED,37.03,37.43,36.60,36.75,36.85,-0.27,0.83,2.24,0.49,511450,18920942.15,3145
2026-08-06 00:00:00,FINCABLES,FINOLEX CABLES LTD,1010.00,1042.85,1003.35,1034.75,1003.35,3.13,39.50,3.91,0.66,507703,523045892.45,34560
2026-08-06 00:00:00,AVALON,AVALON TECHNOLOGIES LTD,1821.00,1871.90,1750.30,1774.50,1823.20,-2.67,121.60,6.68,-0.12,507302,915401081.70,39628
2026-08-06 00:00:00,IT,KOTAKMAMC - KOTAKIT,35.30,35.30,34.24,34.44,34.61,-0.49,1.06,3.00,1.99,507264,17641538.23,1305
2026-08-06 00:00:00,WELSPUNLIV,WELSPUN LIVING LIMITED,160.78,162.00,159.00,159.25,160.78,-0.95,3.00,1.87,0.00,507113,81094085.83,9420
2026-08-06 00:00:00,TANLA,TANLA PLATFORMS LIMITED,615.00,620.75,607.00,608.90,614.00,-0.83,13.75,2.24,0.16,506148,309916227.90,15853
2026-08-06 00:00:00,PARAGMILK,PARAG MILK FOODS LTD.,231.00,233.00,220.54,225.99,227.54,-0.68,12.46,5.39,1.52,504483,115391758.61,9078
2026-08-06 00:00:00,KIMS,KRISHNA INST OF MED SCI L,803.00,819.80,801.00,808.60,802.15,0.80,18.80,2.34,0.11,504230,408780411.50,15910
2026-08-06 00:00:00,CENTEXT,CENTURY EXTRUSIONS LTD,23.35,23.65,22.39,22.72,23.12,-1.73,1.26,5.40,0.99,503931,11600631.74,1510
2026-08-06 00:00:00,GLAND,GLAND PHARMA LIMITED,2570.00,2626.40,2557.00,2608.30,2545.10,2.48,69.40,2.70,0.98,503618,1309962802.50,41831
2026-08-06 00:00:00,NILAINFRA,NILA INFRASTRUCTURES LTD,7.42,7.86,7.31,7.63,7.51,1.60,0.55,7.41,-1.20,502024,3765011.55,762
2026-08-06 00:00:00,GROWWMOM50,GROWWAMC - GROWWMOM50,11.13,11.13,10.77,10.85,10.86,-0.09,0.36,3.23,2.49,501757,5442645.34,444
2026-08-06 00:00:00,GROWWCAPM,GROWWAMC - GROWWCAPM,11.39,11.39,11.02,11.04,11.09,-0.45,0.37,3.25,2.71,500635,5535425.02,933
2026-08-06 00:00:00,GROWWNIFTY,GROWWAMC - GROWWNIFTY,10.19,10.19,9.95,9.98,9.95,0.30,0.24,2.36,2.41,500520,4994707.13,6462
2026-08-06 00:00:00,RELAXO,RELAXO FOOT LTD.,422.00,427.35,418.00,425.55,416.15,2.26,9.35,2.22,1.41,496257,210482944.95,13655
2026-08-06 00:00:00,ABLBL,ADITYA BIRLA LIFES BRAN L,95.49,95.60,94.11,94.66,94.60,0.06,1.49,1.56,0.94,495226,46930951.36,5795
2026-08-06 00:00:00,ARE&M,AMARA RAJA ENERGY MOB LTD,940.00,944.00,925.00,927.45,938.85,-1.21,19.00,2.02,0.12,494562,462227505.45,24581
2026-08-06 00:00:00,GODREJCP,GODREJ CONSUMER PRODUCTS,1075.00,1084.80,1071.20,1077.30,1069.00,0.78,13.60,1.27,0.56,493543,532724818.80,19929
2026-08-06 00:00:00,SCODATUBES,SCODA TUBES LIMITED,145.15,150.00,142.22,142.99,145.79,-1.92,7.78,5.36,-0.44,493081,71868142.03,4985
2026-08-06 00:00:00,BIKAJI,BIKAJI FOODS INTERN LTD,645.05,651.05,621.00,624.25,650.30,-4.01,30.05,4.66,-0.81,493064,309108953.30,31160
2026-08-06 00:00:00,RUSTOMJEE,KEYSTONE REALTORS LIMITED,388.40,393.05,381.00,383.90,388.30,-1.13,12.05,3.10,0.03,492346,191372043.05,5294
2026-08-06 00:00:00,MANAKSTEEL,MANAKSIA STEELS LTD,82.00,89.47,78.02,88.13,81.34,8.35,11.45,13.96,0.81,492125,42664298.33,2899
2026-08-06 00:00:00,IXIGO,LE TRAVENUES TECHNOLOGY L,206.49,207.35,195.00,202.67,204.76,-1.02,12.35,5.98,0.84,490116,100206613.61,11536
2026-08-06 00:00:00,SBCL,SHIVALIK BIMETAL CON. LTD,782.75,796.50,761.50,767.45,772.45,-0.65,35.00,4.47,1.33,489680,382764382.45,24752
2026-08-06 00:00:00,JYOTHYLAB,JYOTHY LABS LIMITED,204.85,207.45,204.36,205.87,204.17,0.83,3.09,1.51,0.33,489212,100738465.83,13602
2026-08-06 00:00:00,CHAMBLFERT,CHAMBAL FERTILIZERS LTD,462.00,466.15,457.50,459.75,458.65,0.24,8.65,1.87,0.73,488463,225100024.20,12624
2026-08-06 00:00:00,LATENTVIEW,LATENT VIEW ANALYTICS LTD,295.45,301.55,295.00,297.80,295.00,0.95,6.55,2.22,0.15,487788,145441870.00,9629
2026-08-06 00:00:00,JSFB,JANA SMALL FIN BANK LTD,574.95,581.80,557.20,560.95,572.55,-2.03,24.60,4.28,0.42,486432,276651912.60,13371
2026-08-06 00:00:00,INDIGO,INTERGLOBE AVIATION LTD,5400.50,5424.00,5315.00,5318.50,5400.00,-1.51,109.00,2.02,0.01,486230,2610276342.00,35789
2026-08-06 00:00:00,OLECTRA,OLECTRA GREENTECH LIMITED,1405.00,1421.00,1384.40,1399.40,1399.40,0.00,36.60,2.60,0.40,486029,684494888.10,22413
2026-08-06 00:00:00,BUILDPRO,SHANKARA BUILDPRO LIMITED,1355.00,1368.70,1192.20,1335.20,1347.80,-0.93,176.50,13.03,0.53,485451,626924971.40,32479
2026-08-06 00:00:00,SWSOLAR,STRLNG & WIL REN ENE LTD,210.00,211.12,206.52,206.92,209.40,-1.18,4.60,2.19,0.29,484387,100733813.04,6297
2026-08-06 00:00:00,TIL,TIL LTD,261.00,264.50,247.90,252.50,260.00,-2.88,16.60,6.36,0.38,482784,124070230.35,8476
2026-08-06 00:00:00,WANBURY,WANBURY LIMITED,278.80,289.80,265.00,274.25,278.80,-1.63,24.80,8.90,0.00,478206,131675292.15,10954
2026-08-06 00:00:00,CHEMICAL,KOTAKMAMC - CHEMICAL,29.90,30.95,29.75,30.90,30.36,1.78,1.20,4.01,-1.52,477562,14717086.81,1074
2026-08-06 00:00:00,MOMENTUM50,MOTILALAMC - MOMENTUM50,55.06,55.06,53.41,53.71,53.72,-0.02,1.65,3.00,2.49,477428,25653342.39,1347
2026-08-06 00:00:00,UYFINCORP,U. Y. FINCORP LIMITED,19.69,19.70,19.00,19.20,19.25,-0.26,0.70,3.56,2.29,476546,9212088.43,2944
2026-08-06 00:00:00,MIRZAINT,MIRZA INTERNATIONAL LIMIT,34.20,34.44,33.00,33.47,33.84,-1.09,1.44,4.21,1.06,475277,15922698.14,3505
2026-08-06 00:00:00,LEMERITE,LE MERITE EXPORTS LIMITED,23.70,23.88,23.26,23.79,23.38,1.75,0.62,2.62,1.37,474526,11182548.73,774
2026-08-06 00:00:00,SBILIFE,SBI LIFE INSURANCE CO LTD,1870.00,1886.00,1860.30,1861.50,1879.90,-0.98,25.70,1.37,-0.53,474116,886360930.20,41883
2026-08-06 00:00:00,SNOWMAN,SNOWMAN LOGISTICS LTD.,40.94,41.69,40.16,40.71,40.57,0.35,1.53,3.74,0.91,473802,19451265.12,2894
2026-08-06 00:00:00,BIRLANU,BIRLANU LIMITED,1404.20,1638.00,1360.00,1538.70,1396.60,10.17,278.00,19.80,0.54,473688,739363357.70,41734
2026-08-06 00:00:00,WINDMACHIN,WINDSOR MACHINES LIMITED,282.10,298.00,275.25,276.50,279.80,-1.18,22.75,8.06,0.82,473427,133907011.35,5867
2026-08-06 00:00:00,CRIZAC,CRIZAC LIMITED,185.20,186.00,181.80,185.12,183.21,1.04,4.20,2.27,1.09,470782,86447708.63,7247
2026-08-06 00:00:00,SUPRIYA,SUPRIYA LIFESCIENCE LTD,918.15,951.00,883.30,890.85,913.60,-2.49,67.70,7.37,0.50,469337,432470698.00,25108
2026-08-06 00:00:00,MMFL,MM FORGINGS LTD,577.00,607.00,568.10,603.55,570.55,5.78,38.90,6.74,1.13,468380,278849998.65,17769
2026-08-06 00:00:00,ARVIND,ARVIND LIMITED,547.50,553.95,538.05,546.10,545.10,0.18,15.90,2.90,0.44,466341,254858390.70,22462
2026-08-06 00:00:00,DELTACORP,DELTA CORP LIMITED,64.00,64.00,63.21,63.45,63.52,-0.11,0.79,1.23,0.76,465980,29592517.06,3047
2026-08-06 00:00:00,PRAXIS,PRAXIS HOME RETAIL LTD,7.00,7.31,6.40,7.23,6.65,8.72,0.91,13.00,5.26,463258,3198325.56,555
2026-08-06 00:00:00,SHAREINDIA,SHARE IND. SECURITIES LTD,177.97,178.61,172.00,173.70,177.07,-1.90,6.61,3.71,0.51,462715,80916291.86,4293
2026-08-06 00:00:00,MONIFTY500,MOTILALAMC - MONIFTY500,24.34,24.35,24.23,24.30,24.23,0.29,0.12,0.49,0.45,462352,11243622.10,1206
2026-08-06 00:00:00,AVROIND,AVRO INDIA LIMITED,9.15,9.35,8.85,9.11,9.16,-0.55,0.50,5.46,-0.11,461290,4197141.24,697
2026-08-06 00:00:00,ARTEMISMED,ARTEMIS MED SERVICE LTD,320.20,324.00,310.00,311.70,322.15,-3.24,14.00,4.37,-0.61,457583,144280044.95,13451
2026-08-06 00:00:00,PFS,PTC INDIA FIN SERV LTD,29.08,29.39,28.64,28.87,28.91,-0.14,0.75,2.58,0.59,457289,13264214.10,2795
2026-08-06 00:00:00,JGCHEM,J.G.CHEMICALS LIMITED,549.95,560.00,535.00,539.50,548.25,-1.60,25.00,4.55,0.31,455971,249188847.00,15527
2026-08-06 00:00:00,RSYSTEMS,R SYS INTERNATIONAL LTD,257.15,258.20,250.00,255.95,255.35,0.23,8.20,3.19,0.70,452802,114838381.45,14490
2026-08-06 00:00:00,MTNL,MAHANAGAR TELEPHONE NIGAM,27.84,27.91,27.61,27.69,27.70,-0.04,0.30,1.08,0.51,451850,12518655.75,1847
2026-08-06 00:00:00,NACLIND,NACL INDUSTRIES LIMITED,181.45,182.77,176.62,178.14,180.83,-1.49,6.15,3.39,0.34,450992,81238281.12,7765
2026-08-06 00:00:00,RAYMOND,RAYMOND LTD,640.00,641.00,624.80,627.60,629.40,-0.29,16.20,2.53,1.68,450599,285319888.25,11649
2026-08-06 00:00:00,GRANULES,GRANULES INDIA LIMITED,850.00,858.15,835.05,838.65,845.10,-0.76,23.10,2.72,0.58,447705,377566203.25,15853
2026-08-06 00:00:00,MEDICO,MEDICO REMEDIES LIMITED,49.60,49.60,46.81,47.72,48.53,-1.67,2.79,5.62,2.20,447464,21702341.44,1336
2026-08-06 00:00:00,CSBBANK,CSB BANK LIMITED,327.60,330.50,321.20,323.95,326.55,-0.80,9.30,2.84,0.32,446301,145790760.45,8342
2026-08-06 00:00:00,NIITMTS,NIIT LEARNING SYSTEMS LTD,247.30,251.68,241.00,243.55,247.60,-1.64,10.68,4.32,-0.12,444326,110046313.87,6941
2026-08-06 00:00:00,USHAMART,USHA MARTIN LTD.,523.30,524.80,514.00,515.65,520.25,-0.88,10.80,2.06,0.59,444244,230120518.65,14949
2026-08-06 00:00:00,SPCENET,SPACENET ENTERS IND LTD,3.66,3.66,3.50,3.52,3.49,0.86,0.16,4.37,4.87,443929,1590857.53,540
2026-08-06 00:00:00,MASPTOP50,MIRAEAMC - MASPTOP50,80.94,80.94,80.65,80.94,79.23,2.16,0.29,0.36,2.16,442591,35820184.19,3849
2026-08-06 00:00:00,JYOTICNC,JYOTI CNC AUTOMATION LTD,861.40,870.25,852.15,865.05,859.75,0.62,18.10,2.10,0.19,442570,381160785.75,17347
2026-08-06 00:00:00,PENIND,PENNAR INDUSTRIES LTD,165.50,166.59,161.56,162.66,165.70,-1.83,5.03,3.04,-0.12,438861,71728198.35,4065
2026-08-06 00:00:00,MANAKCOAT,MAN COAT METAL & IND LTD,117.21,118.23,113.00,113.87,117.92,-3.43,5.23,4.46,-0.60,438535,50384485.22,3798
2026-08-06 00:00:00,GROWWRAIL,GROWWAMC - GROWWRAIL,29.53,29.62,29.10,29.50,29.48,0.07,0.52,1.76,0.17,438482,12927830.04,2676
2026-08-06 00:00:00,BALRAMCHIN,BALRAMPUR CHINI MILLS LTD,638.15,639.80,623.30,629.30,635.55,-0.98,16.50,2.59,0.41,436928,275487560.65,17874
2026-08-06 00:00:00,GODREJAGRO,GODREJ AGROVET LIMITED,557.90,557.90,534.30,545.55,566.45,-3.69,23.60,4.23,-1.51,435682,237492599.10,17481
2026-08-06 00:00:00,RADICO,RADICO KHAITAN LTD,4561.00,4577.10,4410.80,4470.00,4550.00,-1.76,166.30,3.65,0.24,434263,1944918464.10,34774
2026-08-06 00:00:00,GROWWDEFNC,GROWWAMC - GROWWDEFNC,94.39,97.03,94.01,96.73,94.39,2.48,3.02,3.20,0.00,429451,41259695.02,3363
2026-08-06 00:00:00,DEEPAKNTR,DEEPAK NITRITE LTD,1737.00,1763.70,1720.50,1750.40,1736.70,0.79,43.20,2.49,0.02,429324,750950957.30,26950
2026-08-06 00:00:00,RRKABEL,R R KABEL LIMITED,2793.00,2810.50,2744.60,2764.40,2793.00,-1.02,65.90,2.36,0.00,427544,1187924807.80,37390
2026-08-06 00:00:00,LALPATHLAB,DR. LAL PATH LABS LTD.,1882.00,1949.00,1880.00,1928.00,1887.10,2.17,69.00,3.67,-0.27,427191,823453762.70,36719
2026-08-06 00:00:00,PROTEAN,PROTEAN EGOV TECHNO LTD,570.50,570.50,557.10,558.65,571.90,-2.32,13.40,2.35,-0.24,427150,240023609.90,13207
2026-08-06 00:00:00,ZAGGLE,ZAGGLE PREPA OCEAN SER L,208.80,210.20,205.10,206.13,209.24,-1.49,5.10,2.44,-0.21,425021,88030320.24,5495
2026-08-06 00:00:00,STAR,STRIDES PHARMA SCI LTD,966.00,1011.80,964.00,997.20,970.40,2.76,47.80,4.95,-0.45,424992,421818594.10,19884
2026-08-06 00:00:00,GREENLAM,GREENLAM INDUSTRIES LTD.,267.70,278.55,267.70,273.15,266.70,2.42,10.85,4.05,0.37,424695,116227808.20,11067
2026-08-06 00:00:00,SHARDAMOTR,SHARDA MOTOR INDS LTD,901.35,973.00,895.55,934.15,901.35,3.64,77.45,8.59,0.00,424144,400216068.00,22997
2026-08-06 00:00:00,MOMENTUM,BIRLASLAMC - MOMENTUM,31.27,31.40,30.33,30.64,31.27,-2.01,1.07,3.42,0.00,422037,13068934.87,557
2026-08-06 00:00:00,SHRINGARMS,SHRINGAR HOU OF MANGALS L,232.40,235.00,230.00,231.13,231.48,-0.15,5.00,2.15,0.40,421869,98270958.43,3164
2026-08-06 00:00:00,EMUDHRA,EMUDHRA LIMITED,523.15,545.90,514.90,540.50,523.15,3.32,31.00,5.93,0.00,420532,225705175.20,12586
2026-08-06 00:00:00,ASHIKAG,ASHIKA GLOBAL SEC LTD,468.50,478.00,461.25,474.05,461.30,2.76,16.75,3.58,1.56,420087,197487150.30,5647
2026-08-06 00:00:00,TITAGARH,TITAGARH RAIL SYSTEMS LTD,853.20,867.70,848.05,861.65,852.95,1.02,19.65,2.30,0.03,418636,359739761.90,19056
2026-08-06 00:00:00,KPIGREEN,KPI GREEN ENERGY LIMITED,377.00,378.90,373.75,375.35,377.00,-0.44,5.15,1.37,0.00,418329,157274678.50,13752
2026-08-06 00:00:00,PNBGILTS,PNB GILTS LIMITED,83.75,84.24,80.51,82.00,83.75,-2.09,3.73,4.45,0.00,418234,34580672.34,2915
2026-08-06 00:00:00,TVSSCS,TVS SUPPLY CHAIN SOL L,135.52,136.80,132.00,132.38,135.52,-2.32,4.80,3.54,0.00,417724,55572842.83,6801
2026-08-06 00:00:00,DOLLAR,DOLLAR INDUSTRIES LIMITED,274.00,287.50,272.80,281.90,272.45,3.47,14.70,5.36,0.57,416827,117666434.90,6860
2026-08-06 00:00:00,HEXT,HEXAWARE TECHNOLOGIES LTD,574.90,574.95,554.50,556.00,570.60,-2.56,20.45,3.56,0.75,416438,233311944.30,17718
2026-08-06 00:00:00,SMALL250,MIRAEAMC - SMALL250,18.77,18.77,18.36,18.44,18.40,0.22,0.41,2.18,2.01,415719,7664566.17,781
2026-08-06 00:00:00,CENTRUM,CENTRUM CAPITAL LIMITED,24.70,24.90,23.86,24.65,24.07,2.41,1.04,4.21,2.62,415718,10183203.20,797
2026-08-06 00:00:00,GSFC,GUJ STATE FERT & CHEM LTD,163.75,165.74,161.99,162.43,162.23,0.12,3.75,2.29,0.94,413416,67486758.53,5971
2026-08-06 00:00:00,CEMPRO,CEMINDIA PROJECTS LIMITED,1290.00,1291.00,1240.00,1245.80,1298.20,-4.04,51.00,3.95,-0.63,413143,521468149.50,20514
2026-08-06 00:00:00,CEMNTGROWW,GROWWAMC - CEMNTGROWW,16.27,16.27,15.43,15.51,15.61,-0.64,0.84,5.16,4.23,412920,6418898.20,622
2026-08-06 00:00:00,RCF,RASHTRIYA CHEMICALS & FER,128.00,129.14,127.60,128.05,127.71,0.27,1.54,1.20,0.23,412239,52874292.37,4812
2026-08-06 00:00:00,KLBRENG-B,KILBURN ENGINEERING LTD.,396.20,402.00,379.50,399.05,397.85,0.30,22.50,5.68,-0.41,411822,160281990.20,14594
2026-08-06 00:00:00,BATAINDIA,BATA INDIA LTD,734.45,740.00,725.00,728.10,730.05,-0.27,15.00,2.04,0.60,410022,300346003.65,19724
2026-08-06 00:00:00,UNITDSPR,UNITED SPIRITS LIMITED,1520.00,1534.00,1516.40,1525.00,1520.00,0.33,17.60,1.16,0.00,408969,623148364.50,13110
2026-08-06 00:00:00,RAMCOSYS,RAMCO SYSTEMS LTD.,630.00,640.00,610.10,626.50,621.70,0.77,29.90,4.75,1.34,408857,256290775.25,14146
2026-08-06 00:00:00,DJML,DJ MEDIAPRINT & LOG LTD,106.70,111.50,104.43,110.78,105.05,5.45,7.07,6.63,1.57,407091,44376184.26,4648
2026-08-06 00:00:00,CYIENTDLM,CYIENT DLM LIMITED,665.00,678.15,650.00,662.50,664.85,-0.35,28.15,4.23,0.02,405473,270395392.60,18463
2026-08-06 00:00:00,TORNTPOWER,TORRENT POWER LTD,1326.00,1345.50,1318.80,1325.20,1323.50,0.13,26.70,2.01,0.19,404065,536588264.40,21665
2026-08-06 00:00:00,NAVA,NAVA LIMITED,582.00,600.45,580.00,594.20,582.00,2.10,20.45,3.51,0.00,401360,236927108.65,17758
2026-08-06 00:00:00,HDFCAMC,HDFC AMC LIMITED,2560.00,2566.00,2533.90,2538.10,2562.00,-0.93,32.10,1.25,-0.08,400755,1019284173.90,20516
2026-08-06 00:00:00,SOLARWORLD,SOLARWORLD ENERGY SOL LTD,169.12,172.45,167.66,169.13,167.66,0.88,4.79,2.83,0.87,400433,68074621.11,5540
2026-08-06 00:00:00,APOLLOHOSP,APOLLO HOSPITALS ENTER. L,8947.00,9015.00,8880.00,8974.50,8910.00,0.72,135.00,1.51,0.42,399856,3577552921.50,48865
2026-08-06 00:00:00,INDORAMA,INDO RAMA SYNTHETICS LTD,63.00,64.00,59.51,60.37,62.84,-3.93,4.49,7.13,0.25,399250,24242241.30,3133
2026-08-06 00:00:00,IMFA,INDIAN METALS & FERRO,1500.00,1541.50,1500.00,1510.10,1489.90,1.36,41.50,2.77,0.68,388975,590248073.90,23911
2026-08-06 00:00:00,AVANTIFEED,AVANTI FEEDS LIMITED,905.00,913.50,884.00,891.90,899.10,-0.80,29.50,3.26,0.66,388968,349319838.80,13261
2026-08-06 00:00:00,DENTA,DENTA WATER N INFRA SOL L,348.05,350.80,330.60,335.25,350.45,-4.34,20.20,5.80,-0.68,386504,129726910.45,10749
2026-08-06 00:00:00,KALAMANDIR,SAI SILKS (KALAMANDIR) L,88.99,89.74,88.04,88.18,88.79,-0.69,1.70,1.91,0.23,386392,34309348.21,3555
2026-08-06 00:00:00,GODIGIT,GO DIGIT GENERAL INS LTD,279.10,280.15,269.00,270.10,280.40,-3.67,11.15,3.99,-0.46,385430,105692713.60,11911
2026-08-06 00:00:00,YATRA,YATRA ONLINE LIMITED,110.50,110.94,108.66,110.21,110.52,-0.28,2.28,2.06,-0.02,383756,42058949.89,3669
2026-08-06 00:00:00,GSPCROP,GSP CROP SCIENCE LIMITED,596.25,600.00,580.05,592.35,593.30,-0.16,19.95,3.35,0.50,383694,228311270.75,9296
2026-08-06 00:00:00,KRISHANA,KRISHANA PHOSCHEM LIMITED,178.99,180.99,178.03,179.41,178.74,0.37,2.96,1.65,0.14,381699,68476087.54,6824
2026-08-06 00:00:00,HITECH,HI-TECH PIPES LIMITED,85.40,86.18,84.80,84.99,85.34,-0.41,1.38,1.62,0.07,381157,32481726.92,3685
2026-08-06 00:00:00,SHRIRAMPPS,SHRIRAM PROPERTIES LTD,85.30,85.83,84.55,84.92,85.15,-0.27,1.28,1.50,0.18,380855,32351789.16,2659
2026-08-06 00:00:00,AADHARHFC,AADHAR HOUSING FINANCE L,506.35,517.80,499.00,514.90,505.20,1.92,18.80,3.71,0.23,380689,195024900.70,16081
2026-08-06 00:00:00,NAVKARCORP,NAVKAR CORPORATION LTD.,102.14,102.79,100.02,100.90,102.12,-1.19,2.77,2.71,0.02,380301,38556427.44,3091
2026-08-06 00:00:00,NFL,NATIONAL FERT. LTD,72.53,73.40,72.31,72.50,72.30,0.28,1.09,1.50,0.32,379736,27580605.03,2413
2026-08-06 00:00:00,JUBLINGREA,JUBILANT INGREVIA LIMITED,746.10,769.70,744.40,757.00,746.10,1.46,25.30,3.39,0.00,379357,287777037.15,21897
2026-08-06 00:00:00,WONDERLA,WONDERLA HOLIDAYS LTD.,505.50,507.95,482.15,485.80,503.05,-3.43,25.80,5.10,0.49,378148,186158968.35,25254
2026-08-06 00:00:00,EICHERMOT,EICHER MOTORS LTD,7986.50,8044.00,7896.50,7967.50,7986.50,-0.24,147.50,1.85,0.00,377530,3007423089.00,43034
2026-08-06 00:00:00,GREENPLY,GREENPLY INDUSTRIES LTD,296.95,296.95,284.85,286.85,293.30,-2.20,12.10,4.07,1.24,377490,109884490.95,4316
2026-08-06 00:00:00,UTLSOLAR,FUJIYAMA POWER SYSTEMS L,390.90,403.75,385.00,400.65,390.85,2.51,18.75,4.80,0.01,376306,149351470.30,17937
2026-08-06 00:00:00,SJS,SJS ENTERPRISES LIMITED,2520.00,2590.00,2402.00,2437.70,2510.30,-2.89,188.00,7.46,0.39,375740,944296029.40,40687
2026-08-06 00:00:00,KEI,KEI INDUSTRIES LTD.,5525.00,5595.00,5485.50,5595.00,5577.00,0.32,109.50,1.98,-0.93,374795,2075404389.70,31389
2026-08-06 00:00:00,ADFFOODS,ADF FOODS LIMITED,265.95,265.95,256.05,261.40,269.20,-2.90,9.90,3.72,-1.21,374343,98213518.20,11382
2026-08-06 00:00:00,ATGL,ADANI TOTAL GAS LIMITED,662.80,664.15,655.05,660.25,660.35,-0.02,9.10,1.37,0.37,373836,246846629.50,10118
2026-08-06 00:00:00,IGPL,I G PETROCHEMICALS LTD,521.60,532.45,490.55,503.00,514.45,-2.23,41.90,8.03,1.39,373464,190955407.10,15399
2026-08-06 00:00:00,NORTHARC,NORTHERN ARC CAPITAL LTD,285.25,287.90,278.80,280.40,285.15,-1.67,9.10,3.19,0.04,373329,105604360.45,6012
2026-08-06 00:00:00,KIRLOSENG,KIRLOSKAR OIL ENG LTD,2221.40,2278.50,2200.00,2248.90,2241.40,0.33,78.50,3.53,-0.89,372981,837937246.80,33381
2026-08-06 00:00:00,COMFINTE,COMFORT INTECH LTD.,6.40,6.85,6.14,6.72,6.27,7.18,0.71,11.09,2.07,372628,2435347.72,523
2026-08-06 00:00:00,FIRSTCRY,BRAINBEES SOLUTIONS LTD,215.47,216.29,213.16,213.89,215.31,-0.66,3.13,1.45,0.07,371924,79765239.05,6720
2026-08-06 00:00:00,KANSAINER,KANSAI NEROLAC PAINTS LTD,210.49,212.14,208.22,211.12,210.38,0.35,3.92,1.86,0.05,371479,78293414.86,7980
2026-08-06 00:00:00,ORIENTHOT,ORIENT HOTELS LTD,130.94,131.25,126.88,128.77,131.30,-1.93,4.37,3.34,-0.27,370636,47846172.21,4882
2026-08-06 00:00:00,AYE,AYE FINANCE LIMITED,167.23,168.85,164.05,166.55,165.90,0.39,4.80,2.87,0.80,370391,61579764.79,7695
2026-08-06 00:00:00,SARLAPOLY,SARLA PERF. FIBERS LTD,110.00,111.00,101.62,102.15,102.36,-0.21,9.38,8.53,7.46,369350,39034360.02,4785
2026-08-06 00:00:00,AEROENTER,AEROFLEX ENTERPRISES LTD,132.01,133.90,128.07,130.32,132.14,-1.38,5.83,4.42,-0.10,367932,48098404.66,5193
2026-08-06 00:00:00,STARHEALTH,STAR HEALTH & AL INS CO L,588.00,588.00,571.20,573.65,588.10,-2.46,16.80,2.86,-0.02,366660,211516979.40,20155
2026-08-06 00:00:00,GRASIM,GRASIM INDUSTRIES LTD,3223.10,3232.80,3183.60,3220.00,3224.00,-0.12,49.20,1.53,-0.03,365593,1172930119.40,28616
2026-08-06 00:00:00,ABDL,ALLIED BLEND N DISTILS L,615.05,619.65,596.85,605.00,614.15,-1.49,22.80,3.71,0.15,364877,221369775.60,14583
2026-08-06 00:00:00,WAAREEENER,WAAREE ENERGIES LIMITED,2690.00,2692.80,2660.90,2660.90,2697.00,-1.34,31.90,1.19,-0.26,363839,973095815.50,25410
2026-08-06 00:00:00,SIGMA,SIGMA SOLVE LIMITED,49.50,50.00,46.10,47.42,47.45,-0.06,3.90,7.88,4.32,363703,17521605.06,2340
2026-08-06 00:00:00,TRANSRAILL,TRANSRAIL LIGHTING LTD,499.45,500.15,487.10,490.95,499.45,-1.70,13.05,2.61,0.00,363311,179781111.65,12602
2026-08-06 00:00:00,EVINDIA,MIRAEAMC - EVINDIA,34.52,34.52,33.60,33.63,33.68,-0.15,0.92,2.67,2.49,362942,12234958.62,2006
2026-08-06 00:00:00,TIINDIA,TUBE INVEST OF INDIA LTD,2800.30,2800.30,2750.10,2753.80,2787.90,-1.22,50.20,1.79,0.44,362526,1003767395.30,25061
2026-08-06 00:00:00,MEDANTA,GLOBAL HEALTH LIMITED,1412.90,1460.00,1405.80,1444.30,1410.30,2.41,54.20,3.84,0.18,362251,521174674.30,21709
2026-08-06 00:00:00,PRICOLLTD,PRICOL LIMITED,762.00,766.70,753.20,761.45,766.70,-0.68,13.50,1.77,-0.61,361184,274572958.60,19382
2026-08-06 00:00:00,MIDCAP,KOTAKMAMC - KOTAKMID50,18.64,18.88,18.50,18.54,18.64,-0.54,0.38,2.04,0.00,361169,6718367.62,950
2026-08-06 00:00:00,HDBFS,HDB FINANCIAL SERVICES L,675.25,682.60,673.25,674.90,675.25,-0.05,9.35,1.38,0.00,361024,244083086.45,17941
2026-08-06 00:00:00,NITCO,NITCO LIMITED,103.31,105.00,101.50,101.96,103.31,-1.31,3.50,3.39,0.00,360396,37101122.76,3051
2026-08-06 00:00:00,JKIL,JKUMAR INFR.LTD.,492.00,499.00,471.05,491.75,490.10,0.34,27.95,5.68,0.39,359777,174944827.85,10461
2026-08-06 00:00:00,JSL,JINDAL STAINLESS LIMITED,746.00,747.60,730.00,732.50,744.50,-1.61,17.60,2.36,0.20,359503,264564497.05,21394
2026-08-06 00:00:00,AJAXENGG,AJAX ENGINEERING LIMITED,585.00,588.95,555.85,568.05,607.65,-6.52,33.10,5.66,-3.73,357055,204814459.40,7176
2026-08-06 00:00:00,PLASTIBLEN,PLASTIBLENDS INDIA LTD,188.72,205.20,188.72,197.49,190.01,3.94,16.48,8.73,-0.68,355578,71047927.31,8666
2026-08-06 00:00:00,ABINFRA,A B INFRABUILD LIMITED,10.13,10.15,9.91,10.01,9.98,0.30,0.24,2.37,1.50,355328,3551543.10,702
2026-08-06 00:00:00,GOKEX,GOKALDAS EXPORTS LTD.,810.00,813.40,792.80,796.70,805.70,-1.12,20.60,2.54,0.53,354969,283765256.10,14149
2026-08-06 00:00:00,GABRIEL,GABRIEL INDIA LTD,1585.00,1585.00,1513.80,1531.80,1587.70,-3.52,71.20,4.49,-0.17,354330,546384204.20,22889
2026-08-06 00:00:00,NAVNETEDUL,NAVNEET EDUCATION LTD,128.40,130.44,126.68,127.93,127.36,0.45,3.76,2.93,0.82,352474,45173119.70,6445
2026-08-06 00:00:00,NILASPACES,NILA SPACES LIMITED,12.38,12.48,12.13,12.17,12.27,-0.81,0.35,2.83,0.90,352015,4308724.75,698
2026-08-06 00:00:00,CIFL,CAPITAL INDIA FINANCE LTD,21.73,22.75,20.90,21.55,21.23,1.51,1.85,8.51,2.36,350756,7606173.40,1998
2026-08-06 00:00:00,CMSINFO,CMS INFO SYSTEMS LIMITED,275.00,279.40,275.00,277.55,273.90,1.33,4.40,1.60,0.40,350373,97130441.80,8135
2026-08-06 00:00:00,AEROPLANE,AMIR CHAND JAG KUM (E) L,201.00,204.00,195.01,196.80,200.59,-1.89,8.99,4.47,0.20,350369,69854360.88,4129
2026-08-06 00:00:00,SANSERA,SANSERA ENGINEERING LTD,3750.10,3870.00,3732.30,3787.30,3742.80,1.19,137.70,3.67,0.20,349481,1332496180.70,41673
2026-08-06 00:00:00,SAKSOFT,SAKSOFT LIMITED,177.20,177.92,173.20,175.56,177.20,-0.93,4.72,2.66,0.00,347806,61119587.16,4423
2026-08-06 00:00:00,HIMATSEIDE,HIMATSINGKA SEIDE LTD,79.89,80.09,79.20,79.53,79.89,-0.45,0.89,1.11,0.00,346574,27595997.59,3120
2026-08-06 00:00:00,LLOYDSME,LLOYDS METALS N ENERGY L,2093.40,2104.00,2051.00,2059.00,2087.10,-1.35,53.00,2.53,0.30,345815,717548455.90,22055
2026-08-06 00:00:00,GEOJITFSL,GEOJIT FINANCIAL SER L,77.00,79.80,76.62,78.54,76.95,2.07,3.18,4.13,0.06,345365,27101760.61,4471
2026-08-06 00:00:00,GROWWRLTY,GROWWAMC - GROWWRLTY,10.21,10.21,9.92,9.97,10.10,-1.29,0.29,2.84,1.09,345018,3456107.18,1144
2026-08-06 00:00:00,TALBROAUTO,TALBROS AUTO. COMP. LTD,449.85,449.85,433.10,437.00,438.30,-0.30,16.75,3.72,2.64,343827,151979924.95,12578
2026-08-06 00:00:00,YATHARTH,YATHARTH HOSP & TRA C S L,855.00,877.00,850.70,871.45,858.35,1.53,26.30,3.08,-0.39,342884,298171097.50,14279
2026-08-06 00:00:00,NAHARSPING,NAHAR SPINNING MILLS LTD.,346.00,349.00,303.25,309.80,328.95,-5.82,45.75,13.22,5.18,342549,113965207.90,6946
2026-08-06 00:00:00,SUNDARAM,SUNDARAM MULTI PAP LTD,1.26,1.26,1.23,1.23,1.25,-1.60,0.03,2.38,0.80,342402,425275.96,268
2026-08-06 00:00:00,BRITANNIA,BRITANNIA INDUSTRIES LTD,5440.00,5475.00,5363.50,5404.00,5440.00,-0.66,111.50,2.05,0.00,342179,1852991216.50,26103
2026-08-06 00:00:00,JAICORPLTD,JAI CORP LIMITED,104.33,105.33,103.50,103.95,104.33,-0.36,1.83,1.75,0.00,341699,35711448.11,3998
2026-08-06 00:00:00,QUESS,QUESS CORP LIMITED,312.85,321.80,312.05,315.25,314.50,0.24,9.75,3.12,-0.52,341665,108517781.90,8646
2026-08-06 00:00:00,OPTIEMUS,OPTIEMUS INFRACOM LTD,590.00,615.30,576.00,581.20,590.45,-1.57,39.30,6.66,-0.08,340961,203299997.90,14124
2026-08-06 00:00:00,GIPCL,GUJ IND POW CO. LTD,160.79,162.00,158.51,159.21,160.79,-0.98,3.49,2.17,0.00,340905,54539462.73,3384
2026-08-06 00:00:00,NIFTYAXIS,AXISAMC-NIFTYAXIS,274.91,274.91,267.20,272.13,271.91,0.08,7.71,2.80,1.10,338002,92376433.26,242
2026-08-06 00:00:00,AMBALALSA,AMBALAL SARABHAI ENT L,43.30,44.72,42.11,43.70,42.90,1.86,2.61,6.03,0.93,336057,14707056.18,1752
2026-08-06 00:00:00,NUVOCO,NUVOCO VISTAS CORP LTD,347.75,357.60,346.25,352.85,346.10,1.95,11.35,3.26,0.48,333539,117680648.30,14194
2026-08-06 00:00:00,MARUTI,MARUTI SUZUKI INDIA LTD.,14181.00,14181.00,13985.00,14080.00,14190.00,-0.78,196.00,1.38,-0.06,333510,4689214286.00,50899
2026-08-06 00:00:00,DHARMAJ,DHARMAJ CROP GUARD LTD,270.90,277.70,260.20,264.85,270.25,-2.00,17.50,6.46,0.24,329506,87422109.75,3587
2026-08-06 00:00:00,DIVISLAB,DIVI S LABORATORIES LTD,8408.00,8448.00,8268.50,8349.00,8388.00,-0.46,179.50,2.13,0.24,327434,2743923114.00,29734
2026-08-06 00:00:00,CYIENT,CYIENT LIMITED,866.65,872.90,852.05,854.90,864.55,-1.12,20.85,2.41,0.24,327050,280857244.40,20336
2026-08-06 00:00:00,VIPIND,VIP INDUSTRIES LTD,311.00,319.80,309.30,314.50,309.80,1.52,10.50,3.38,0.39,326301,103254030.00,7324
2026-08-06 00:00:00,UGROCAP,UGRO CAPITAL LIMITED,96.24,97.50,94.80,96.16,95.77,0.41,2.70,2.81,0.49,325766,31212705.41,2770
2026-08-06 00:00:00,INDSWFTLAB,IND SWIFT LABORATORIES LT,230.45,234.50,225.00,226.48,230.42,-1.71,9.50,4.12,0.01,324739,74429677.47,5879
2026-08-06 00:00:00,GKENERGY,GK ENERGY LIMITED,132.51,133.37,129.00,130.15,131.73,-1.20,4.37,3.30,0.59,323708,42500416.87,3489
2026-08-06 00:00:00,PSUBANK,KOTAK PSU BANK,85.53,87.32,85.40,86.96,85.29,1.96,1.92,2.24,0.28,320894,27761624.50,693
2026-08-06 00:00:00,DEEPAKFERT,DEEPAK FERTILIZERS & PETR,1600.10,1602.00,1545.00,1559.00,1594.40,-2.22,57.00,3.56,0.36,320790,500821045.00,21659
2026-08-06 00:00:00,IRISDOREME,IRIS CLOTHINGS LIMITED,53.52,54.50,53.40,54.02,53.48,1.01,1.10,2.06,0.07,320450,17300142.49,1624
2026-08-06 00:00:00,LTM,LTM LIMITED,4535.50,4591.10,4462.90,4528.00,4506.00,0.49,128.20,2.83,0.65,320411,1447354730.50,41553
2026-08-06 00:00:00,ORIENTPPR,ORIENT PAPER AND INDS LTD,19.39,19.39,18.70,18.83,18.88,-0.26,0.69,3.56,2.70,320033,6092267.76,899
2026-08-06 00:00:00,NUVAMA,NUVAMA WEALTH MANAGE LTD,1676.50,1682.00,1642.40,1658.30,1676.10,-1.06,39.60,2.36,0.02,319925,531936399.50,20802
2026-08-06 00:00:00,MAPMYINDIA,C.E. INFO SYSTEMS LIMITED,1050.00,1076.00,1042.50,1070.70,1046.40,2.32,33.50,3.19,0.34,316655,335633247.60,17795
2026-08-06 00:00:00,LAL,LORENZINI APPARELS LTD,8.21,9.10,8.21,8.80,8.45,4.14,0.89,10.84,-2.84,316590,2736041.82,488
2026-08-06 00:00:00,RADHIKAJWE,RADHIKA JEWELTECH LIMITED,70.30,70.30,69.10,69.84,70.30,-0.65,1.20,1.71,0.00,316544,22092510.10,2859
2026-08-06 00:00:00,ICIL,INDO COUNT INDUSTRIES LTD,418.65,426.40,410.00,421.55,418.65,0.69,16.40,3.92,0.00,314507,131811475.40,12962
2026-08-06 00:00:00,GLOBE,GLOBE ENTERPRISE (I) LTD,2.05,2.10,2.00,2.03,2.05,-0.98,0.10,4.88,0.00,313699,640878.83,327
2026-08-06 00:00:00,KOTHARIPET,KOTHARI PETROCHEM LTD,145.77,151.68,143.22,149.53,144.12,3.75,8.46,5.80,1.14,312232,46315502.58,4315
2026-08-06 00:00:00,CIEINDIA,CIE AUTOMOTIVE INDIA LTD,415.05,417.70,409.60,410.30,415.05,-1.14,8.10,1.95,0.00,309665,128206799.10,11459
2026-08-06 00:00:00,DEFENCE,MIRAEAMC - DEFENCE,79.21,81.10,78.89,80.90,78.99,2.42,2.21,2.79,0.28,309379,24970502.79,1021
2026-08-06 00:00:00,KRONOX,KRONOX LAB SCIENCES LTD,162.19,170.00,160.09,166.78,161.73,3.12,9.91,6.11,0.28,306885,51136395.68,6514
2026-08-06 00:00:00,TIPSMUSIC,TIPS MUSIC LIMITED,673.00,675.00,647.70,654.40,672.50,-2.69,27.30,4.06,0.07,305241,200382149.85,14364
2026-08-06 00:00:00,CARRARO,CARRARO INDIA LIMITED,540.00,554.85,534.00,542.15,535.95,1.16,20.85,3.86,0.76,305063,165404650.00,15532
2026-08-06 00:00:00,NIITLTD,NIIT LIMITED,98.99,99.80,97.28,98.09,98.60,-0.52,2.52,2.55,0.40,304795,29922851.65,2942
2026-08-06 00:00:00,BEML,BEML LIMITED,1680.00,1738.60,1670.50,1725.10,1671.60,3.20,68.10,4.05,0.50,304335,522505743.60,25415
2026-08-06 00:00:00,CAMLINFINE,CAMLIN FINE SCIENCES LTD,129.89,131.59,127.10,127.83,129.42,-1.23,4.49,3.46,0.36,303863,39223556.69,3959
2026-08-06 00:00:00,REFEX,REFEX INDUSTRIES LIMITED,303.00,305.65,298.00,298.65,301.00,-0.78,7.65,2.52,0.66,303703,91486635.50,5154
2026-08-06 00:00:00,IVALUE,IVALUE INFOSOLUTIONS LTD,274.90,276.20,272.20,274.40,275.20,-0.29,4.00,1.46,-0.11,301726,82936616.40,4095
2026-08-06 00:00:00,MARKOLINES,MARKOLINES PAVEMENT TEC L,179.70,182.50,178.10,180.65,177.23,1.93,4.40,2.45,1.39,301294,54534931.14,2305
2026-08-06 00:00:00,FIVESTAR,FIVE-STAR BUS FIN LTD,547.70,555.75,545.00,553.25,547.70,1.01,10.75,1.96,0.00,300190,165164667.65,12128
2026-08-06 00:00:00,EPACK,EPACK DURABLE LIMITED,230.85,231.40,227.10,227.61,229.57,-0.85,4.30,1.86,0.56,300119,68589767.11,3892
2026-08-06 00:00:00,DALMIASUG,DALMIA BHARAT SUG IN LTD,393.40,405.00,388.30,395.80,393.30,0.64,16.70,4.25,0.03,300066,119011511.50,7278
2026-08-06 00:00:00,BALAMINES,BALAJI AMINES LIMITED,2008.90,2129.80,1998.00,2100.80,1998.50,5.12,131.80,6.56,0.52,299578,623703428.40,24332
2026-08-06 00:00:00,VIMTALABS,VIMTA LABS LIMITED,662.00,667.80,637.10,641.95,656.80,-2.26,30.70,4.64,0.79,298786,195559385.55,14022
2026-08-06 00:00:00,ENRIN,SIEMENS ENERGY INDIA LTD,3285.10,3295.00,3216.50,3252.20,3289.80,-1.14,78.50,2.39,-0.14,298730,971133690.20,29359
2026-08-06 00:00:00,GNA,GNA AXLES LIMITED,529.70,541.45,526.35,530.25,529.70,0.10,15.10,2.85,0.00,298194,158916314.80,9699
2026-08-06 00:00:00,CLEAN,CLEAN SCIENCE & TECH LTD,771.95,781.25,765.00,771.65,768.95,0.35,16.25,2.11,0.39,297900,230211448.00,17971
2026-08-06 00:00:00,GENCON,GENERIC ENG CONS PROJ LTD,39.43,40.20,38.50,39.38,39.49,-0.28,1.70,4.31,-0.15,297602,11793337.13,3156
2026-08-06 00:00:00,HINDOILEXP,HINDUSTAN OIL EXPLORATION,158.80,159.08,156.00,157.41,158.41,-0.63,3.08,1.94,0.25,297314,46793607.72,3612
2026-08-06 00:00:00,KIOCL,KIOCL LIMITED,395.90,409.60,391.00,394.45,391.95,0.64,18.60,4.70,1.01,297023,118682888.60,11877
2026-08-06 00:00:00,HUBTOWN,HUBTOWN LIMITED,182.00,183.25,178.15,179.70,181.47,-0.98,5.10,2.80,0.29,295581,53517474.58,3919
2026-08-06 00:00:00,FLAIR,FLAIR WRITING INDUST LTD,256.00,259.40,248.50,250.55,252.10,-0.61,10.90,4.26,1.55,293419,74667710.55,4266
2026-08-06 00:00:00,HAVISHA,SRI HAVISHA HOSP & INFR L,1.48,1.58,1.40,1.44,1.45,-0.69,0.18,12.16,2.07,293415,433906.98,352
2026-08-06 00:00:00,AZAD,AZAD ENGINEERING LIMITED,2455.00,2480.00,2426.00,2455.80,2446.80,0.37,54.00,2.20,0.34,292541,720107057.80,19931
2026-08-06 00:00:00,GODREJPROP,GODREJ PROPERTIES LTD,2099.00,2109.00,2072.20,2081.90,2099.00,-0.81,36.80,1.75,0.00,291365,609215428.40,14279
2026-08-06 00:00:00,OMAXE,OMAXE LIMITED,85.66,89.00,85.56,87.35,85.74,1.88,3.44,4.02,-0.09,290880,25296673.74,1992
2026-08-06 00:00:00,REMSONSIND,REMSONS INDUSTRIES LTD,87.90,90.80,86.10,88.64,85.72,3.41,4.70,5.35,2.54,283790,25222645.63,4041
2026-08-06 00:00:00,UNIPARTS,UNIPARTS INDIA LIMITED,812.20,820.35,775.00,781.50,801.65,-2.51,45.35,5.58,1.32,283602,225011266.60,13403
2026-08-06 00:00:00,ALPINETEX,ALPINE TEXWORLD LIMITED,67.85,68.85,66.00,66.25,67.82,-2.31,2.85,4.20,0.04,283168,18914143.39,3661
2026-08-06 00:00:00,POWERICA,POWERICA LIMITED,552.30,552.30,520.05,522.75,547.35,-4.49,32.25,5.84,0.90,282784,149289655.85,8823
2026-08-06 00:00:00,SRM,SRM CONTRACTORS LIMITED,520.00,536.30,511.00,529.05,510.55,3.62,25.30,4.87,1.85,282712,149357474.30,7362
2026-08-06 00:00:00,BAJAJCON,BAJAJ CONSUMER CARE LTD,530.00,539.00,527.20,532.60,530.40,0.41,11.80,2.23,-0.08,282091,150605878.15,12033
2026-08-06 00:00:00,UNIMECH,UNIMECH AEROSPACE N MFG L,1353.90,1392.50,1326.70,1336.50,1344.70,-0.61,65.80,4.86,0.68,282034,383028113.80,16562
2026-08-06 00:00:00,KCPSUGIND,KCP SUGAR IND CORP LTD.,31.47,31.84,30.16,30.73,31.47,-2.35,1.68,5.34,0.00,281176,8704159.40,1563
2026-08-06 00:00:00,GODAVARIB,GODAVARI BIOREFINERIES L,260.00,262.00,250.10,255.35,267.40,-4.51,11.90,4.58,-2.77,280590,71500324.65,6446
2026-08-06 00:00:00,COLPAL,COLGATE PALMOLIVE LTD.,2040.00,2041.60,2025.50,2028.40,2040.00,-0.57,16.10,0.79,0.00,280296,569950584.20,26112
2026-08-06 00:00:00,DATAMATICS,DATAMATICS GLOBAL SER LTD,860.00,876.15,848.00,853.25,877.15,-2.72,28.15,3.27,-1.96,279914,240998956.50,17080
2026-08-06 00:00:00,GODFRYPHLP,GODFREY PHILLIPS INDIA LT,2325.00,2338.30,2288.20,2290.00,2325.00,-1.51,50.10,2.15,0.00,278917,644162675.10,19692
2026-08-06 00:00:00,BRIGHOTEL,BRIGADE HOTEL VENTURE LTD,62.25,62.75,60.75,61.74,61.34,0.65,2.00,3.21,1.48,278819,17192891.22,5676
2026-08-06 00:00:00,GROWWHOSPI,GROWWAMC - GROWWHOSPI,54.94,54.98,53.80,53.99,54.30,-0.57,1.18,2.15,1.18,278761,15040994.49,980
2026-08-06 00:00:00,FEDDERSHOL,FEDDERS HOLDING LTD.,42.47,43.00,41.76,42.34,42.28,0.14,1.24,2.92,0.45,277079,11750360.70,1831
2026-08-06 00:00:00,GTL,GTL LTD,7.54,7.54,7.34,7.38,7.45,-0.94,0.20,2.65,1.21,275988,2056007.59,763
2026-08-06 00:00:00,STYRENIX,STYRENIX PERFORMANCE LTD,2465.00,2465.00,2243.00,2279.00,2478.30,-8.04,222.00,9.01,-0.54,275640,639469278.10,23724
2026-08-06 00:00:00,ROSSTECH,ROSSELL TECHSYS LIMITED,1072.60,1118.00,1057.10,1090.20,1064.65,2.40,60.90,5.68,0.75,275629,302206753.50,17965
2026-08-06 00:00:00,TRUALT,TRUALT BIOENERGY LIMITED,461.55,472.30,460.40,464.30,461.55,0.60,11.90,2.58,0.00,275309,128284977.25,9021
2026-08-06 00:00:00,UFBL,UNITED FOODBRANDS LIMITED,790.85,810.40,773.40,804.30,771.85,4.20,37.00,4.68,2.46,274202,219937621.85,4017
2026-08-06 00:00:00,MCL,M TEK COPPER LIMITED,55.87,60.85,54.90,57.57,55.32,4.07,5.95,10.65,0.99,273838,15966455.39,3103
2026-08-06 00:00:00,RAYMONDREL,RAYMOND REALTY LIMITED,691.50,702.45,682.05,688.20,692.55,-0.63,20.40,2.95,-0.15,273345,188941404.35,7953
2026-08-06 00:00:00,ALEMBICLTD,ALEMBIC LIMITED,87.50,87.50,86.50,86.66,87.14,-0.55,1.00,1.14,0.41,272858,23729046.38,2314
2026-08-06 00:00:00,VERANDA,VERANDA LEARNING SOL LTD,258.50,264.70,255.80,258.30,257.60,0.27,8.90,3.44,0.35,270948,70491174.00,5545
2026-08-06 00:00:00,CORALFINAC,CORAL INDIA FIN & HOUS LT,33.50,34.99,33.15,33.48,33.46,0.06,1.84,5.49,0.12,270800,9268716.75,892
2026-08-06 00:00:00,EMCURE,EMCURE PHARMACEUTICALS L,1968.80,1968.80,1912.50,1936.70,1959.00,-1.14,56.30,2.86,0.50,270432,524050290.20,25314
2026-08-06 00:00:00,ELGIRUBCO,ELGI RUBBER CO. LTD,63.61,66.66,60.02,60.90,62.70,-2.87,6.64,10.44,1.45,270028,17396078.55,2343
2026-08-06 00:00:00,HEALTHY,BIRLASLAMC - HEALTHY,17.31,17.34,17.12,17.17,17.20,-0.17,0.22,1.27,0.64,268436,4626203.97,974
2026-08-06 00:00:00,SICAGEN,SICAGEN INDIA LIMITED,55.00,61.81,51.49,61.72,51.51,19.82,10.32,18.76,6.78,268108,15704840.32,1483
2026-08-06 00:00:00,SARDAEN,SARDA ENERGY & MIN LTD,504.95,508.50,499.00,500.90,499.70,0.24,9.50,1.88,1.05,266980,133938962.00,11760
2026-08-06 00:00:00,RHIM,RHI MAGNESITA INDIA LTD,413.10,417.50,408.00,411.15,409.00,0.53,9.50,2.30,1.00,265325,109578828.30,8752
2026-08-06 00:00:00,SIS,SIS LIMITED,433.55,444.10,429.65,435.90,430.55,1.24,14.45,3.33,0.70,264788,115505028.70,11880
2026-08-06 00:00:00,GLOBUSSPR,GLOBUS SPIRITS LTD,900.00,936.00,895.10,903.75,891.55,1.37,40.90,4.54,0.95,263446,242144183.45,12179
2026-08-06 00:00:00,RMC,RMC SWITCHGEARS LIMITED,350.00,360.00,347.00,355.20,337.40,5.28,13.00,3.71,3.73,259732,91911409.55,6469
2026-08-06 00:00:00,ASIANENE,ASIAN ENERGY SERVICES LTD,398.50,401.80,390.00,391.65,402.00,-2.57,11.80,2.96,-0.87,259676,102562511.70,8206
2026-08-06 00:00:00,SINDHUTRAD,SINDHU TRADE LINKS LTD,24.75,24.90,23.71,24.19,24.64,-1.83,1.19,4.81,0.45,259203,6327502.88,1323
2026-08-06 00:00:00,WAAREEINDO,INDOSOLAR LIMITED,329.00,345.45,329.00,344.80,329.00,4.80,16.45,5.00,0.00,259128,88347582.85,3982
2026-08-06 00:00:00,KITEX,KITEX GARMENTS LTD,145.30,145.80,144.20,144.74,145.15,-0.28,1.60,1.10,0.10,257914,37326150.05,3040
2026-08-06 00:00:00,HUHTAMAKI,HUHTAMAKI INDIA LIMITED,283.50,296.00,283.40,289.95,284.10,2.06,12.60,4.44,-0.21,257774,75084472.50,5955
2026-08-06 00:00:00,SEIL,SHANTI EDU INITIATIVES L,206.00,206.00,200.14,202.60,202.38,0.11,5.86,2.84,1.79,256525,52101844.42,3324
2026-08-06 00:00:00,LTFOODS,LT FOODS LIMITED,416.00,422.30,413.10,419.40,417.15,0.54,9.20,2.21,-0.28,255995,106941269.35,14286
2026-08-06 00:00:00,RUBICON,RUBICON RESEARCH LIMITED,1574.00,1582.90,1501.00,1533.40,1574.60,-2.62,81.90,5.20,-0.04,255419,390710693.50,15471
2026-08-06 00:00:00,FRACTAL,FRACTAL ANALYTICS LIMITED,797.00,819.35,789.15,807.60,798.15,1.18,30.20,3.79,-0.14,254449,204646379.65,13526
2026-08-06 00:00:00,SUNTV,SUN TV NETWORK LIMITED,493.35,497.20,487.25,489.20,493.35,-0.84,9.95,2.02,0.00,254130,124408211.40,15660
2026-08-06 00:00:00,RUPA,RUPA & COMPANY LTD,162.00,169.55,162.00,167.62,161.67,3.68,7.55,4.66,0.20,253848,42421987.51,6086
2026-08-06 00:00:00,RNBDENIMS,R&B DENIMS LIMITED,9.20,9.20,8.92,9.04,9.08,-0.44,0.28,3.04,1.32,252562,2295551.72,712
2026-08-06 00:00:00,DHAMPURSUG,DHAMPUR SUGAR MILLS LTD.,148.45,152.24,147.80,149.41,149.30,0.07,4.44,2.99,-0.57,252333,37885855.64,3984
2026-08-06 00:00:00,AMAGI,AMAGI MEDIA LABS LIMITED,669.50,673.85,645.10,649.10,674.35,-3.74,28.75,4.29,-0.72,251570,165359716.30,23012
2026-08-06 00:00:00,DMART,AVENUE SUPERMARTS LIMITED,3988.90,3988.90,3927.60,3931.20,3946.00,-0.38,61.30,1.54,1.09,250186,988866906.40,21438
2026-08-06 00:00:00,BAJAJ-AUTO,BAJAJ AUTO LIMITED,11748.00,11778.00,11549.00,11620.00,11800.00,-1.53,229.00,1.95,-0.44,250127,2913588464.00,39074
2026-08-06 00:00:00,AASTHA,AASTHA SPINTEX LIMITED,82.88,82.88,82.88,82.88,92.08,-9.99,0.00,0.00,-9.99,249739,20698368.32,1576
2026-08-06 00:00:00,ESSARSHPNG,ESSAR SHIPPING LTD,20.30,20.60,19.75,19.86,20.10,-1.19,0.85,4.19,1.00,249579,4982346.95,1023
2026-08-06 00:00:00,SUDARCOLOR,SUDARSHAN COLORNT IND LTD,390.10,437.95,382.40,428.60,381.40,12.38,55.55,14.24,2.28,249219,105097344.25,9600
2026-08-06 00:00:00,FINOPB,FINO PAYMENTS BANK LTD,161.99,162.54,159.04,159.68,161.47,-1.11,3.50,2.16,0.32,248911,39866996.77,3106
2026-08-06 00:00:00,EKC,EVEREST KANTO CYLINDERLTD,109.50,113.00,105.92,111.65,109.53,1.94,7.08,6.47,-0.03,248693,27422032.38,3317
2026-08-06 00:00:00,MANINDS,MAN INDUSTRIES (I) LTD.,533.30,554.70,532.05,552.20,533.15,3.57,22.65,4.25,0.03,247747,135442881.15,7781
2026-08-06 00:00:00,ZYDUSWELL,ZYDUS WELLNESS LIMITED,530.40,534.40,526.55,531.50,530.40,0.21,7.85,1.48,0.00,247611,131471229.95,15923
2026-08-06 00:00:00,HDFCNIFTY,HDFCAMC - HDFCNIFTY,279.39,279.39,274.90,276.66,276.09,0.21,4.49,1.61,1.20,247297,68627702.88,1081
2026-08-06 00:00:00,ACE,ACTION CONST EQUIP LTD,1134.40,1148.00,1110.00,1113.70,1137.80,-2.12,38.00,3.35,-0.30,246747,277849927.60,15167
2026-08-06 00:00:00,STYL,SESHAASAI TECHNOLOGIES L,360.00,390.65,360.00,388.35,363.80,6.75,30.65,8.51,-1.04,246127,93621021.70,6341
2026-08-06 00:00:00,ICICIB22,ICICIPRAMC - BHARATIWIN,118.00,118.00,116.86,117.42,117.34,0.07,1.14,0.97,0.56,245630,28834729.26,2816
2026-08-06 00:00:00,JAYKAY,JAYKAY ENTERPRISES LTD,155.05,160.60,154.40,156.42,156.91,-0.31,6.20,4.00,-1.19,245405,38533366.61,4467
2026-08-06 00:00:00,PREMEXPLN,PREMIER EXPLOSIVES LTD,659.05,670.00,659.05,664.65,660.85,0.58,10.95,1.66,-0.27,245352,163663502.35,4717
2026-08-06 00:00:00,PDMJEPAPER,PUDUMJEE PAPER PRO. LTD,96.30,101.59,94.96,98.18,95.72,2.57,6.63,6.88,0.61,244326,24189197.30,3815
2026-08-06 00:00:00,GICL,GLOBE INTL CARRIERS LTD,19.00,19.69,19.00,19.59,19.00,3.11,0.69,3.63,0.00,244080,4758732.61,339
2026-08-06 00:00:00,TURTLEMINT,TURTLEMINT FINTECH SOLS L,115.99,116.22,112.50,112.75,115.11,-2.05,3.72,3.21,0.76,242966,27574625.82,4370
2026-08-06 00:00:00,SALSTEEL,S.A.L. STEEL LTD.,61.90,62.77,60.12,62.77,59.79,4.98,2.65,4.28,3.53,242571,15172343.61,1028
2026-08-06 00:00:00,BMWVENTLTD,BMW VENTURES LIMITED,59.67,61.49,58.15,60.75,59.97,1.30,3.34,5.60,-0.50,242546,14630707.27,3376
2026-08-06 00:00:00,MANKIND,MANKIND PHARMA LIMITED,2450.00,2463.80,2420.30,2420.30,2435.60,-0.63,43.50,1.78,0.59,241909,590294167.70,14467
2026-08-06 00:00:00,AGARWALEYE,DR AGARWALS HEALTH CARE L,519.00,549.70,518.00,532.30,521.05,2.16,31.70,6.11,-0.39,241448,129277313.95,15125
2026-08-06 00:00:00,AETHER,AETHER INDUSTRIES LIMITED,1580.00,1619.90,1561.20,1584.40,1589.40,-0.31,58.70,3.72,-0.59,240048,382882084.20,16450
2026-08-06 00:00:00,PERSISTENT,PERSISTENT SYSTEMS LTD,5520.00,5572.00,5459.50,5459.50,5520.00,-1.10,112.50,2.04,0.00,239382,1318315649.00,20496
2026-08-06 00:00:00,MUKKA,MUKKA PROTEINS LIMITED,22.92,23.60,22.77,23.10,22.98,0.52,0.83,3.62,-0.26,239352,5554690.01,1119
2026-08-06 00:00:00,KPEL,K.P. ENERGY LIMITED,312.25,314.50,302.60,304.20,310.65,-2.08,11.90,3.81,0.52,239296,73028289.35,5451
2026-08-06 00:00:00,ATULAUTO,ATUL AUTO LIMITED,583.20,586.00,574.60,579.55,580.95,-0.24,11.40,1.95,0.39,239269,138908205.85,9146
2026-08-06 00:00:00,KRBL,KRBL LIMITED,375.80,377.20,370.25,374.05,374.90,-0.23,6.95,1.85,0.24,238847,89410668.20,5921
2026-08-06 00:00:00,TREJHARA,TREJHARA SOLUTIONS LTD,162.00,165.86,155.26,165.13,150.79,9.51,10.60,6.54,7.43,238674,38658213.94,2941
2026-08-06 00:00:00,BANKNIFTY1,KOTAKMAMC-KOTAKBKETF,59.91,60.46,59.91,60.35,59.91,0.73,0.55,0.92,0.00,238638,14364672.81,769
2026-08-06 00:00:00,CONSUMER,MIRAEAMC - CONSUMER,12.27,12.40,12.03,12.19,12.24,-0.41,0.37,3.02,0.25,238074,2905892.54,342
2026-08-06 00:00:00,MOMIDMTM,MOTILALAMC - MOMIDMTM,64.17,64.97,64.17,64.57,64.17,0.62,0.80,1.25,0.00,235893,15232404.60,283
2026-08-06 00:00:00,BLUSPRING,BLUSPRING ENTERPRISES LTD,116.24,118.00,112.61,115.59,116.24,-0.56,5.39,4.64,0.00,235207,26958380.66,2380
2026-08-06 00:00:00,VISHWARAJ,VISHWARAJ SUGAR IND LTD,5.48,5.64,5.26,5.30,5.47,-3.11,0.38,6.93,0.18,234713,1258160.44,480
2026-08-06 00:00:00,PRINCEPIPE,PRINCE PIPES FITTINGS LTD,279.45,279.45,272.25,274.35,274.65,-0.11,7.20,2.58,1.75,233594,64449044.95,8359
2026-08-06 00:00:00,CREDITACC,CREDITACCESS GRAMEEN LTD,1527.00,1559.40,1518.40,1547.00,1527.60,1.27,41.00,2.69,-0.04,233078,359342160.40,20907
2026-08-06 00:00:00,RELIGARE,RELIGARE ENTER. LTD.,257.40,257.70,254.20,256.55,257.20,-0.25,3.50,1.36,0.08,233023,59719569.10,4433
2026-08-06 00:00:00,SGFIN,SG FINSERVE LIMITED,696.00,715.90,690.10,709.85,694.25,2.25,25.80,3.71,0.25,232377,164540160.00,8603
2026-08-06 00:00:00,ASTRAMICRO,ASTRA MICROWAVE LTD,1822.90,1822.90,1783.00,1802.20,1809.40,-0.40,39.90,2.19,0.75,232224,418578955.80,20052
2026-08-06 00:00:00,SHAKTIPUMP,SHAKTI PUMPS (I) LTD,519.80,520.15,517.00,517.75,518.70,-0.18,3.15,0.61,0.21,231720,120123537.30,11712
2026-08-06 00:00:00,BHARTIHEXA,BHARTI HEXACOM LIMITED,1546.00,1552.40,1494.60,1514.50,1552.70,-2.46,57.80,3.74,-0.43,231683,351369627.10,19180
2026-08-06 00:00:00,DYCL,DYNAMIC CABLES LIMITED,405.00,414.00,398.05,405.00,405.60,-0.15,15.95,3.94,-0.15,231635,93253350.90,5401
2026-08-06 00:00:00,EFCIL,EFC (I) LIMITED,192.20,192.20,185.12,188.61,190.00,-0.73,7.08,3.68,1.16,231349,43729126.46,3629
2026-08-06 00:00:00,DEN,DEN NETWORKS LTD,27.70,27.87,27.30,27.36,27.44,-0.29,0.57,2.06,0.95,230105,6312040.55,1191
2026-08-06 00:00:00,TIMEX,TIMEX GROUP INDIA LTD.,549.05,558.95,540.25,543.05,553.35,-1.86,18.70,3.41,-0.78,229730,125548157.05,13216
2026-08-06 00:00:00,JKPAPER,JK PAPER LIMITED,387.00,392.00,385.10,389.20,385.25,1.03,6.90,1.78,0.45,229091,89023630.60,7458
2026-08-06 00:00:00,UDS,UPDATER SERVICES LIMITED,212.49,213.90,206.25,210.57,209.43,0.54,7.65,3.60,1.46,228987,47990849.48,7003
2026-08-06 00:00:00,GOCOLORS,GO FASHION INDIA LTD,328.20,334.80,326.90,327.95,324.35,1.11,7.90,2.41,1.19,228521,75535092.00,5307
2026-08-06 00:00:00,BOSCH-HCIL,BOSCH HOME COMFRT IND LTD,1541.20,1670.00,1525.10,1645.20,1523.80,7.97,144.90,9.40,1.14,227724,365422880.30,14876
2026-08-06 00:00:00,TVSELECT,TVS ELECTRONICS LTD,503.95,530.85,503.10,508.15,503.85,0.85,27.75,5.51,0.02,227540,117649345.05,9266
2026-08-06 00:00:00,KERNEX,KERNEX MICROSYS(I) LTD,2568.80,2580.00,2380.00,2432.50,2549.20,-4.58,200.00,7.79,0.77,227314,567001050.80,18088
2026-08-06 00:00:00,PHOENIXLTD,THE PHOENIX MILLS LTD,1929.90,1941.50,1910.20,1913.00,1930.50,-0.91,31.30,1.62,-0.03,227313,437124479.60,18461
2026-08-06 00:00:00,OFSS,ORACLE FIN SERV SOFT LTD.,11800.00,11898.00,11642.00,11735.00,11759.00,-0.20,256.00,2.17,0.35,225914,2654221221.00,27739
2026-08-06 00:00:00,DBL,DILIP BUILDCON LIMITED,462.35,466.00,452.50,455.25,458.45,-0.70,13.50,2.92,0.85,225828,103057035.85,7064
2026-08-06 00:00:00,CLEANMAX,CLEAN MAX ENVIRO EN SOL L,1390.20,1415.00,1340.00,1357.80,1380.80,-1.67,75.00,5.39,0.68,224976,311032798.80,20005
2026-08-06 00:00:00,GRAVITA,GRAVITA INDIA LIMITED,1697.90,1725.80,1680.50,1719.10,1688.80,1.79,45.30,2.67,0.54,223625,382060284.90,22582
2026-08-06 00:00:00,63MOONS,63 MOONS TECHNOLOGIES LTD,867.30,884.90,855.00,858.20,862.95,-0.55,29.90,3.45,0.50,223129,193681526.90,8680
2026-08-06 00:00:00,INDIASHLTR,INDIA SHELTER FIN CORP L,730.05,741.30,728.10,734.85,732.75,0.29,13.20,1.81,-0.37,222679,163462663.50,12543
2026-08-06 00:00:00,SGMART,SG MART LIMITED,705.70,720.25,705.70,717.15,709.50,1.08,14.55,2.06,-0.54,222589,159478410.40,7191
2026-08-06 00:00:00,CARTRADE,CARTRADE TECH LIMITED,2837.10,2837.10,2770.20,2788.40,2842.20,-1.89,66.90,2.36,-0.18,222528,621033645.20,23453
2026-08-06 00:00:00,DCAL,DISHMAN CARBO AMCIS LTD,195.41,199.20,190.01,194.66,195.43,-0.39,9.19,4.70,-0.01,222101,43563602.03,4823
2026-08-06 00:00:00,POLYCAB,POLYCAB INDIA LIMITED,9200.00,9315.00,9170.50,9315.00,9200.00,1.25,144.50,1.57,0.00,221520,2052896608.00,31563
2026-08-06 00:00:00,AFFLE,AFFLE 3I LIMITED,1676.80,1700.50,1662.20,1688.70,1662.60,1.57,38.30,2.28,0.85,221349,373482960.00,25850
2026-08-06 00:00:00,INDRAMEDCO,INDRAPRASTHA MEDICAL CORP,368.30,370.70,360.80,361.85,368.30,-1.75,9.90,2.69,0.00,220817,80456952.60,5592
2026-08-06 00:00:00,MANALIPETC,MANALI PETROCHEMICALS LT,66.44,66.49,65.12,65.54,65.66,-0.18,1.37,2.06,1.19,220768,14473166.18,2069
2026-08-06 00:00:00,CLSEL,CHAMAN LAL SETIA EXP LTD,298.70,303.00,291.20,294.15,294.20,-0.02,11.80,3.95,1.53,220417,65732648.50,5211
2026-08-06 00:00:00,METROPOLIS,METROPOLIS HEALTHCARE LTD,582.35,588.65,551.10,564.60,576.75,-2.11,37.55,6.45,0.97,218066,124886075.70,10390
2026-08-06 00:00:00,IZMO,IZMO LIMITED,1061.85,1083.35,1018.95,1023.00,1031.80,-0.85,64.40,6.06,2.91,216918,228555610.80,7089
2026-08-06 00:00:00,KOKUYOCMLN,KOKUYO CAMLIN LIMITED,87.81,92.40,87.30,89.95,88.28,1.89,5.10,5.81,-0.53,216698,19556113.22,1822
2026-08-06 00:00:00,CORDELIA,WATERWAYS LEISURE TOUR L,841.05,862.00,838.05,846.35,831.05,1.84,23.95,2.85,1.20,215798,183189183.40,9244
2026-08-06 00:00:00,TMB,TAMILNAD MERCA BANK LTD,862.95,875.00,855.00,873.40,854.65,2.19,20.00,2.32,0.97,215771,187089194.05,10769
2026-08-06 00:00:00,MASTERTR,MASTER TRUST LIMITED,82.49,82.49,79.10,80.14,81.91,-2.16,3.39,4.11,0.71,215306,17485305.55,1307
2026-08-06 00:00:00,TOTAL,TOTAL TRANSPORT SYS LTD,64.95,71.48,64.95,67.87,62.92,7.87,6.53,10.05,3.23,214858,14715249.31,2222
2026-08-06 00:00:00,SILGO,SILGO RETAIL LIMITED,69.35,70.40,66.70,69.30,68.97,0.48,3.70,5.34,0.55,214107,14979015.76,1077
2026-08-06 00:00:00,SIEMENS,SIEMENS LTD,3990.40,4019.00,3948.80,3952.00,3980.00,-0.70,70.20,1.76,0.26,213389,848467171.80,20562
2026-08-06 00:00:00,ENERGY,MIRAEAMC - ENERGY,39.33,39.33,38.75,38.85,38.91,-0.15,0.58,1.47,1.08,212995,8271102.31,1079
2026-08-06 00:00:00,TTKHLTCARE,TTK HEALTHCARE LIMITED,1050.00,1210.00,1038.20,1094.10,1045.90,4.61,171.80,16.36,0.39,211813,241001377.80,18470
2026-08-06 00:00:00,SIGNATURE,SIGNATUREGLOBAL INDIA LTD,814.60,824.00,810.80,815.00,813.70,0.16,13.20,1.62,0.11,211788,172838289.35,7664
2026-08-06 00:00:00,MUFTI,CREDO BRANDS MARKETING L,81.69,88.50,81.69,87.44,81.69,7.04,6.81,8.34,0.00,210664,17973617.30,2668
2026-08-06 00:00:00,MIDSMALL,MIRAEAMC - MIDSMALL,51.87,52.05,51.74,51.90,51.78,0.23,0.31,0.60,0.17,210338,10920894.36,694
2026-08-06 00:00:00,APLLTD,ALEMBIC PHARMA LTD,818.20,838.40,817.15,834.45,818.20,1.99,21.25,2.60,0.00,210314,174147937.15,14330
2026-08-06 00:00:00,MBEL,M AND B ENGINEERING LTD,289.95,293.85,285.00,288.25,287.90,0.12,8.85,3.05,0.71,209950,60469325.95,7447
2026-08-06 00:00:00,SCILAL,SHIPPING CORP OF ILA LTD,41.16,41.49,40.70,41.14,41.16,-0.05,0.79,1.92,0.00,209811,8623761.85,1413
2026-08-06 00:00:00,NATCOPHARM,NATCO PHARMA LTD.,918.75,932.00,910.00,912.50,917.55,-0.55,22.00,2.39,0.13,209740,192544881.55,19915
2026-08-06 00:00:00,PRSMJOHNSN,PRISM JOHNSON LIMITED,112.77,114.77,112.01,113.32,112.69,0.56,2.76,2.45,0.07,209729,23811788.44,2737
2026-08-06 00:00:00,INDOSTAR,INDOSTAR CAPITAL FIN LTD,235.00,236.45,230.70,233.40,233.70,-0.13,5.75,2.45,0.56,209403,48854473.80,2249
2026-08-06 00:00:00,ULTRACEMCO,ULTRATECH CEMENT LIMITED,12190.00,12204.00,12011.00,12075.00,12190.00,-0.94,193.00,1.58,0.00,208304,2525078436.00,36104
2026-08-06 00:00:00,APARINDS,APAR INDUSTRIES LTD.,15711.00,16316.00,15531.00,16126.00,15666.00,2.94,785.00,5.00,0.29,207441,3335304026.00,48459
2026-08-06 00:00:00,DIXON,DIXON TECHNO (INDIA) LTD,14310.00,14445.00,14137.00,14200.00,14310.00,-0.77,308.00,2.15,0.00,207079,2957053859.00,34234
2026-08-06 00:00:00,KROSS,KROSS LIMITED,204.94,205.76,199.00,200.09,204.94,-2.37,6.76,3.30,0.00,206663,41685733.16,4669
2026-08-06 00:00:00,MONQ50,MOTILALAMC - MONQ50,146.87,146.88,145.26,146.88,142.52,3.06,1.62,1.10,3.05,206443,30287725.78,2893
2026-08-06 00:00:00,MOM100,MOTILAL OS MIDCAP100 ETF,69.48,69.48,67.85,68.41,68.52,-0.16,1.63,2.35,1.40,206391,14137531.08,2244
2026-08-06 00:00:00,KRITIKA,KRITIKA WIRES LIMITED,5.65,5.85,5.51,5.74,5.78,-0.69,0.34,6.02,-2.25,206366,1171718.76,637
2026-08-06 00:00:00,GULFOILLUB,GULF OIL LUB. IND. LTD.,1189.00,1230.40,1186.70,1204.50,1179.60,2.11,43.70,3.68,0.80,205723,249716157.70,13797
2026-08-06 00:00:00,GANESHCP,GANESH CONSUMER PRODUCT L,172.09,173.37,163.10,164.94,172.09,-4.15,10.27,5.97,0.00,205454,34354683.21,13010
2026-08-06 00:00:00,TATACOMM,TATA COMMUNICATIONS LTD,1747.90,1755.50,1721.50,1735.50,1747.80,-0.70,34.00,1.95,0.01,204750,354718913.90,14850
2026-08-06 00:00:00,CPPLUS,ADITYA INFOTECH LIMITED,3563.70,3709.00,3550.10,3656.20,3554.70,2.86,158.90,4.46,0.25,204110,746465444.20,19193
2026-08-06 00:00:00,TNPETRO,TAMILNADU PETROPRODUCTS L,97.93,101.00,97.41,98.68,97.93,0.77,3.59,3.67,0.00,204069,20321505.21,2626
2026-08-06 00:00:00,WABAG,VA TECH WABAG LTD,1998.80,2007.70,1974.50,1990.70,2002.80,-0.60,33.20,1.66,-0.20,203687,405212269.60,16509
2026-08-06 00:00:00,BBOX,BLACK BOX LIMITED,756.00,767.55,739.00,741.70,748.75,-0.94,28.55,3.78,0.97,203591,153184097.35,11164
2026-08-06 00:00:00,JINDRILL,JINDAL DRILLING IND. LTD,623.00,631.85,610.35,615.85,620.35,-0.73,21.50,3.45,0.43,203271,126785004.85,7186
2026-08-06 00:00:00,MADHAVIPL,MADHAV INFRA PROJECTS L,7.95,8.18,7.67,7.78,7.98,-2.51,0.51,6.42,-0.38,203226,1581801.52,536
2026-08-06 00:00:00,KSB,KSB LIMITED,801.00,805.00,782.10,788.05,791.90,-0.49,22.90,2.86,1.15,201763,159852776.55,15944
2026-08-06 00:00:00,TARC,TARC LIMITED,136.18,137.00,134.16,135.51,136.07,-0.41,2.84,2.09,0.08,201489,27297684.56,2480
2026-08-06 00:00:00,SHARDACROP,SHARDA CROPCHEM LTD.,828.00,829.90,817.65,822.60,822.90,-0.04,12.25,1.48,0.62,201253,165494232.85,10995
2026-08-06 00:00:00,REPCOHOME,REPCO HOME FINANCE LTD,385.00,399.70,382.95,391.30,385.95,1.39,16.75,4.35,-0.25,201001,78770088.75,5746
2026-08-06 00:00:00,KRITINUT,KRITI NUTRIENTS LIMITED,95.00,95.70,91.50,94.09,89.15,5.54,4.20,4.42,6.56,200864,18678247.16,2072
2026-08-06 00:00:00,ONESOURCE,ONESOURCE SPECL PHARMA L,1555.70,1570.00,1535.00,1557.10,1553.70,0.22,35.00,2.25,0.13,200704,310848299.20,15837
2026-08-06 00:00:00,JNKINDIA,JNK INDIA LIMITED,418.00,428.15,416.00,420.90,418.80,0.50,12.15,2.91,-0.19,199835,84364136.45,4930
2026-08-06 00:00:00,MONTECARLO,MONTE CARLO FASHIONS LTD.,501.90,518.20,495.00,498.95,500.95,-0.40,23.20,4.62,0.19,199687,100886143.70,6952
2026-08-06 00:00:00,PANACEABIO,PANACEA BIOTEC LTD,421.90,429.65,412.55,418.65,418.85,-0.05,17.10,4.05,0.73,199352,83786697.85,5433
2026-08-06 00:00:00,IVC,IL&FS INVESTMENT MANAGERS,8.15,8.28,8.00,8.09,8.00,1.12,0.28,3.44,1.88,199267,1614598.56,973
2026-08-06 00:00:00,PAVNAIND,PAVNA INDUSTRIES LIMITED,17.13,19.77,17.13,19.09,17.42,9.59,2.64,15.41,-1.66,198768,3746086.62,981
2026-08-06 00:00:00,KPIL,KALPATARU PROJECT INT LTD,1289.90,1300.00,1267.20,1294.10,1283.00,0.87,32.80,2.54,0.54,198579,254816586.90,9752
2026-08-06 00:00:00,TNPL,TAMILNADU NEWSPRT & PAPER,154.80,158.34,153.99,157.15,153.49,2.38,4.35,2.81,0.85,198280,31025952.71,3842
2026-08-06 00:00:00,INDOFARM,INDO FARM EQUIPMENT LTD,161.15,166.50,160.81,163.97,162.74,0.76,5.69,3.53,-0.98,197711,32440948.93,3672
2026-08-06 00:00:00,AURUM,AURUM PROPTECH LIMITED,227.99,227.99,220.00,222.48,222.88,-0.18,7.99,3.50,2.29,197698,44063066.69,4494
2026-08-06 00:00:00,INA,INSOLATION ENERGY LIMITED,114.23,114.23,111.41,112.44,113.34,-0.79,2.82,2.47,0.79,197108,22172353.61,2193
2026-08-06 00:00:00,BRIGADE,BRIGADE ENTER. LTD,570.95,579.25,564.10,571.95,570.30,0.29,15.15,2.65,0.11,196857,112837154.70,11684
2026-08-06 00:00:00,ASTRAL,ASTRAL LIMITED,1439.60,1456.80,1434.20,1442.00,1434.70,0.51,22.60,1.57,0.34,196726,284509762.20,16361
2026-08-06 00:00:00,CHOLAHLDNG,CHOLAMANDALAM FIN HOL LTD,1604.00,1655.00,1595.00,1648.00,1603.70,2.76,60.00,3.74,0.02,196653,321848787.30,21263
2026-08-06 00:00:00,LGEINDIA,LG ELECTRONICS INDIA LTD,1576.10,1593.00,1565.00,1578.30,1578.60,-0.02,28.00,1.78,-0.16,196103,310995063.20,20614
2026-08-06 00:00:00,RACLGEAR,RACL GEARTECH LIMITED,1400.00,1500.00,1385.20,1475.00,1393.10,5.88,114.80,8.20,0.50,195869,287074059.60,13362
2026-08-06 00:00:00,ACI,ARCHEAN CHEMICAL IND LTD,524.00,526.75,516.10,517.85,523.85,-1.15,10.65,2.03,0.03,194162,101175908.45,8949
2026-08-06 00:00:00,BFSI,MIRAEAMC - MAFSETF,27.82,27.98,27.82,27.95,27.82,0.47,0.16,0.58,0.00,193991,5420621.01,541
2026-08-06 00:00:00,ARVINDFASN,ARVIND FASHIONS LIMITED,461.35,467.60,455.75,459.50,461.35,-0.40,11.85,2.57,0.00,193939,89452549.20,12860
2026-08-06 00:00:00,JUSTDIAL,JUSTDIAL LTD.,685.10,689.80,675.00,681.55,683.00,-0.21,14.80,2.16,0.31,193598,132125168.40,6099
2026-08-06 00:00:00,GROWWSC250,GROWWAMC - GROWWSC250,10.59,10.70,10.47,10.64,10.59,0.47,0.23,2.17,0.00,193117,2052398.19,528
2026-08-06 00:00:00,ARKADE,ARKADE DEVELOPERS LIMITED,139.00,140.49,138.37,139.75,139.14,0.44,2.12,1.53,-0.10,193019,26945444.88,1634
2026-08-06 00:00:00,AURIONPRO,AURIONPRO SOLN LTD,731.10,737.00,727.00,730.00,729.00,0.14,10.00,1.37,0.29,192815,141047353.30,4379
2026-08-06 00:00:00,APCOTEXIND,APCOTEX INDUSTRIES LIMITE,632.50,635.00,612.00,620.60,629.50,-1.41,23.00,3.64,0.48,192331,119817230.85,6811
2026-08-06 00:00:00,MOMENTUM30,KOTAKMAMC - MOMENTUM30,30.97,31.07,30.78,30.88,30.97,-0.29,0.29,0.94,0.00,191378,5915725.81,322
2026-08-06 00:00:00,MENNPIS,MENON PISTONS LTD.,77.00,77.89,74.50,75.35,74.17,1.59,3.39,4.40,3.82,190108,14519937.47,2046
2026-08-06 00:00:00,GAYAHWS,GAYATRI HIGHWAYS LIMITED,2.02,2.02,1.95,1.98,1.94,2.06,0.07,3.47,4.12,188912,372830.50,268
2026-08-06 00:00:00,JAGRAN,JAGRAN PRAKASHAN LIMITED,63.09,63.30,62.60,62.78,62.85,-0.11,0.70,1.11,0.38,188877,11855111.83,1995
2026-08-06 00:00:00,SMLMAH,SML MAHINDRA LIMITED,5773.00,5884.00,5608.00,5672.50,5917.50,-4.14,276.00,4.78,-2.44,188084,1085820236.50,24725
2026-08-06 00:00:00,MGL,MAHANAGAR GAS LTD.,1124.00,1133.30,1108.10,1123.70,1115.10,0.77,25.20,2.24,0.80,187854,211379530.90,17296
2026-08-06 00:00:00,EUREKAFORB,EUREKA FORBES LIMITED,472.00,480.00,457.00,459.75,472.90,-2.78,23.00,4.87,-0.19,187757,87683706.90,10018
2026-08-06 00:00:00,SURANASOL,SURANA SOLAR LIMITED,26.20,28.47,26.19,27.62,26.22,5.34,2.28,8.70,-0.08,187284,5135991.79,1493
2026-08-06 00:00:00,INFOBEAN,INFOBEANS TECHNO. LTD.,169.62,171.49,167.20,167.77,169.62,-1.09,4.29,2.53,0.00,184932,31154125.72,3297
2026-08-06 00:00:00,THERMAX,THERMAX LTD,4064.90,4064.90,3975.00,3991.00,4064.90,-1.82,89.90,2.21,0.00,184241,738510682.10,28380
2026-08-06 00:00:00,AJMERA,AJMERA REALTY & INF I LTD,125.00,125.00,122.83,123.47,124.00,-0.43,2.17,1.74,0.81,184197,22762704.12,2133
2026-08-06 00:00:00,OMPOWER,OM POWER TRANSMISSION LTD,167.85,176.50,167.85,172.57,169.04,2.09,8.65,5.15,-0.70,183875,31822021.82,2583
2026-08-06 00:00:00,DIGITIDE,DIGITIDE SOLUTIONS LTD,99.02,100.24,98.10,99.00,99.16,-0.16,2.14,2.16,-0.14,183547,18187989.16,2078
2026-08-06 00:00:00,OSWALGREEN,OSWAL GREENTECH LIMITED,21.91,22.90,21.91,22.07,22.00,0.32,0.99,4.52,-0.41,183499,4099598.86,980
2026-08-06 00:00:00,TECILCHEM,TECIL CHEMICALS,10.76,10.85,8.90,9.38,9.85,-4.77,1.95,18.12,9.24,181577,1793054.32,543
2026-08-06 00:00:00,DEVX,DEV ACCELERATOR LIMITED,33.77,34.55,33.75,34.04,33.94,0.29,0.80,2.37,-0.50,181453,6192148.62,4400
2026-08-06 00:00:00,AWFIS,AWFIS SPACE SOLUTIONS LTD,276.40,277.40,271.05,271.90,275.20,-1.20,6.35,2.30,0.44,180716,49308963.65,5536
2026-08-06 00:00:00,LUMAXTECH,LUMAX AUTO TECH LTD,1690.00,1732.00,1682.80,1698.30,1697.90,0.02,49.20,2.91,-0.47,180268,308175777.20,17078
2026-08-06 00:00:00,EIDPARRY,EID PARRY INDIA LTD,824.05,828.00,808.25,809.85,823.15,-1.62,19.75,2.40,0.11,180253,147199305.75,11433
2026-08-06 00:00:00,SINCLAIR,SINCLAIRS HOTELS LIMITED,74.32,81.61,73.78,76.59,74.77,2.43,7.83,10.54,-0.60,180216,14006208.46,1552
2026-08-06 00:00:00,SMSPHARMA,SMS PHARMACEUTICALS LTD.,366.00,368.20,355.50,357.20,364.55,-2.02,12.70,3.47,0.40,179849,64770760.85,4462
2026-08-06 00:00:00,MPHASIS,MPHASIS LIMITED,2456.80,2458.00,2395.80,2421.90,2460.00,-1.55,62.20,2.53,-0.13,179783,436438334.40,15576
2026-08-06 00:00:00,THYROCARE,THYROCARE TECH LTD,599.00,603.80,588.50,598.05,600.00,-0.33,15.30,2.55,-0.17,179627,106668827.75,9369
2026-08-06 00:00:00,POKARNA,POKARNA LIMITED,960.00,1001.00,945.05,967.15,965.50,0.17,55.95,5.83,-0.57,179364,174356482.80,7959
2026-08-06 00:00:00,ORIENTTECH,ORIENT TECHNOLOGIES LTD,260.90,262.95,259.00,259.60,260.70,-0.42,3.95,1.51,0.08,179170,46682450.80,3584
2026-08-06 00:00:00,BORORENEW,BOROSIL RENEWABLES LTD,561.10,563.35,554.00,556.80,559.45,-0.47,9.35,1.67,0.29,179075,99905013.50,6938
2026-08-06 00:00:00,MANAKALUCO,MANAK ALUMINIUM CO. LTD.,35.99,38.84,35.51,38.36,35.61,7.72,3.33,9.25,1.07,178435,6720596.70,1356
2026-08-06 00:00:00,NRAIL,N R AGARWAL INDS LTD,523.95,574.00,511.05,521.65,487.75,6.95,62.95,12.01,7.42,178415,96160973.25,9495
2026-08-06 00:00:00,CHALET,CHALET HOTELS LIMITED,837.00,869.00,831.90,863.10,839.65,2.79,37.10,4.43,-0.32,178373,152553152.40,11882
2026-08-06 00:00:00,SADBHAV,SADBHAV ENGINEERING LTD,8.98,9.28,8.82,8.93,8.99,-0.67,0.46,5.12,-0.11,178061,1596667.50,475
2026-08-06 00:00:00,CCL,CCL PRODUCTS (I) LTD,1129.00,1140.00,1118.00,1131.20,1138.90,-0.68,22.00,1.95,-0.87,177800,200604982.20,24603
2026-08-06 00:00:00,KAJARIACER,KAJARIA CERAMICS LTD,1185.90,1192.80,1166.40,1175.40,1185.90,-0.89,26.40,2.23,0.00,177094,208555293.40,13371
2026-08-06 00:00:00,MAHLOG,MAHINDRA LOGISTIC LIMITED,409.90,418.75,409.90,413.90,413.50,0.10,8.85,2.16,-0.87,177015,73330366.10,5445
2026-08-06 00:00:00,COSMOFIRST,COSMO FIRST LIMITED,916.00,919.90,862.00,871.95,915.80,-4.79,57.90,6.32,0.02,176631,155826019.90,9934
2026-08-06 00:00:00,GOKULAGRO,GOKUL AGRO RESOURCES LTD,229.00,231.24,223.22,224.53,227.53,-1.32,8.02,3.50,0.65,175123,39754464.09,4141
2026-08-06 00:00:00,RAJMET,RAJNANDINI METAL LIMITED,3.29,3.35,3.29,3.34,3.30,1.21,0.06,1.82,-0.30,174800,583575.46,490
2026-08-06 00:00:00,NAHARPOLY,NAHAR POLY FILMS LIMITED,244.10,253.85,237.95,240.25,273.80,-12.25,15.90,6.51,-10.85,174101,42694782.15,5299
2026-08-06 00:00:00,JAGSNPHARM,JAGSONPAL PHARMACEUTICALS,238.97,244.99,233.00,238.05,239.62,-0.66,11.99,5.02,-0.27,173712,41617620.27,4832
2026-08-06 00:00:00,BASF,BASF INDIA LTD,4050.00,4186.00,4012.30,4125.00,4036.60,2.19,173.70,4.29,0.33,173703,718764950.50,24387
2026-08-06 00:00:00,TRACXN,TRACXN TECHNOLOGIES LTD,30.68,30.70,29.96,30.09,30.62,-1.73,0.74,2.41,0.20,173581,5218606.13,843
2026-08-06 00:00:00,SUPREMEIND,SUPREME INDUSTRIES LTD,3459.20,3525.40,3450.00,3477.00,3460.60,0.47,75.40,2.18,-0.04,172388,600008315.40,16541
2026-08-06 00:00:00,KIRLFER,KIRLOSKAR FERROUS IND LTD,455.40,465.00,441.30,444.35,461.25,-3.66,23.70,5.20,-1.27,170312,76941706.80,7774
2026-08-06 00:00:00,KPRMILL,KPR MILL LTD.,1077.20,1092.90,1069.00,1086.00,1078.50,0.70,23.90,2.22,-0.12,169826,183982700.50,17559
2026-08-06 00:00:00,ABSLAMC,ADIT BIRL SUN LIF AMC LTD,1017.10,1028.50,1005.60,1024.10,1017.10,0.69,22.90,2.25,0.00,169770,173046337.90,19087
2026-08-06 00:00:00,ADSL,ALLIED DIGITAL SERV. LTD,117.25,119.60,116.00,116.92,116.97,-0.04,3.60,3.07,0.24,169652,20011042.92,2441
2026-08-06 00:00:00,RAJRATAN,RAJRATAN GLOBAL WIRE LTD,536.70,546.25,517.20,521.95,536.70,-2.75,29.05,5.41,0.00,168860,89894373.20,7052
2026-08-06 00:00:00,AXISCADES,AXISCADES TECH LTD,1601.00,1644.00,1574.10,1631.40,1590.30,2.58,69.90,4.37,0.67,168146,270335471.00,9932
2026-08-06 00:00:00,TEXINFRA,TEXMACO INFRA & HOLDG LTD,111.90,113.99,110.83,113.48,112.94,0.48,3.16,2.82,-0.92,168133,19005748.37,1272
2026-08-06 00:00:00,NELCO,NELCO LTD,992.00,1001.00,978.00,983.80,995.10,-1.14,23.00,2.32,-0.31,168096,166561943.20,6535
2026-08-06 00:00:00,IITL,INDUSTRIAL INV TRUST LTD,141.00,146.59,141.00,141.83,142.58,-0.53,5.59,3.96,-1.11,168088,24095655.72,1995
2026-08-06 00:00:00,ELLEN,ELLENBARRIE INDUS GASES L,284.00,287.95,278.10,281.30,280.95,0.12,9.85,3.47,1.09,167719,47593817.40,4743
2026-08-06 00:00:00,ALIVUS,ALIVUS LIFE SCIENCES LTD,1329.90,1377.90,1312.60,1325.20,1331.00,-0.44,65.30,4.91,-0.08,167654,225409118.00,15333
2026-08-06 00:00:00,ADVENZYMES,ADVANCED ENZYME TECH LTD,332.75,334.20,328.15,329.80,332.75,-0.89,6.05,1.82,0.00,167539,55405840.45,4176
2026-08-06 00:00:00,PICCADIL,PICCADILY AGRO INDUSTRI L,764.15,770.00,744.30,746.20,764.20,-2.36,25.70,3.36,-0.01,167474,126540254.50,9480
2026-08-06 00:00:00,VIVIDHA,VISAGAR POLYTEX LTD,0.54,0.54,0.52,0.53,0.54,-1.85,0.02,3.70,0.00,167459,88615.12,158
2026-08-06 00:00:00,HCG,HEALTHCARE GLOB. ENT. LTD,666.90,685.00,652.60,678.50,669.50,1.34,32.40,4.86,-0.39,167093,112671450.90,14817
2026-08-06 00:00:00,JBMA,JBM AUTO LIMITED,665.00,666.40,652.15,657.55,663.05,-0.83,14.25,2.14,0.29,167082,110358045.55,7786
2026-08-06 00:00:00,TATAELXSI,TATA ELXSI LIMITED,3750.10,3800.80,3715.00,3715.00,3749.80,-0.93,85.80,2.29,0.01,166412,622965479.50,16261
2026-08-06 00:00:00,VTL,VARDHMAN TEXTILES LIMITED,605.00,609.50,600.00,602.20,598.00,0.70,9.50,1.57,1.17,166411,100749117.10,9446
2026-08-06 00:00:00,AARTIPHARM,AARTI PHARMALABS LIMITED,683.00,699.00,679.80,692.25,683.00,1.35,19.20,2.81,0.00,165905,114958302.65,13328
2026-08-06 00:00:00,ORIENTCEM,ORIENT CEMENT LTD.,140.58,140.58,137.70,138.17,140.36,-1.56,2.88,2.05,0.16,163893,22708113.12,1983
2026-08-06 00:00:00,AVONMORE,AVONMORE CAP&MGT SERV LTD,11.55,11.58,11.02,11.10,11.37,-2.37,0.56,4.85,1.58,163708,1841586.61,327
2026-08-06 00:00:00,RKSWAMY,R K SWAMY LIMITED,101.50,109.10,101.50,104.70,101.50,3.15,7.60,7.49,0.00,163251,17417696.15,2898
2026-08-06 00:00:00,PRIMO,PRIMO CHEMICALS LIMITED,24.13,24.71,23.00,23.73,24.13,-1.66,1.71,7.09,0.00,162741,3926282.16,1507
2026-08-06 00:00:00,KAMOPAINTS,KAMDHENU VENTURES LIMITED,4.52,4.61,4.52,4.56,4.59,-0.65,0.09,1.99,-1.53,162722,743341.71,500
2026-08-06 00:00:00,RITCO,RITCO LOGISTICS LIMITED,310.95,313.00,302.30,306.05,312.10,-1.94,10.70,3.44,-0.37,162063,50039738.50,8385
2026-08-06 00:00:00,MMP,MMP INDUSTRIES LIMITED,330.00,339.95,322.60,330.25,329.35,0.27,17.35,5.26,0.20,161583,53992086.60,5640
2026-08-06 00:00:00,ACC,ACC LIMITED,1399.50,1399.80,1370.10,1378.40,1394.00,-1.12,29.70,2.12,0.39,161060,222848057.80,13844
2026-08-06 00:00:00,WESTLIFE,WESTLIFE FOODWORLD LTD,585.05,587.45,568.80,578.75,587.00,-1.41,18.65,3.19,-0.33,160065,92491888.35,9669
2026-08-06 00:00:00,SATIN,SATIN CREDIT NET LTD,231.50,234.70,230.81,232.89,230.91,0.86,3.89,1.68,0.26,159851,37272102.15,3215
2026-08-06 00:00:00,ABB,ABB INDIA LIMITED,7737.00,7784.50,7671.00,7735.00,7690.50,0.58,113.50,1.47,0.60,159592,1235555149.50,19420
2026-08-06 00:00:00,SMARTWORKS,SMARTWORKS COWORKING SP L,471.00,498.40,470.60,485.00,472.00,2.75,27.80,5.90,-0.21,158897,77330358.10,8239
2026-08-06 00:00:00,JUBLPHARMA,JUBILANT PHARMOVA LTD,924.50,938.70,916.30,926.25,924.70,0.17,22.40,2.42,-0.02,158398,147327003.15,17229
2026-08-06 00:00:00,JLHL,JUPITER LIFE LINE HOSP L,323.00,325.55,317.00,319.25,323.95,-1.45,8.55,2.65,-0.29,158043,50613140.85,9609
2026-08-06 00:00:00,RELTD,RAVINDRA ENERGY LIMITED,170.98,173.50,168.48,170.14,171.67,-0.89,5.02,2.94,-0.40,158018,26982866.36,3234
2026-08-06 00:00:00,HDFCNIFIT,HDFCAMC - HDFCNIFIT,33.77,33.85,32.90,33.25,33.22,0.09,0.95,2.81,1.66,157880,5277820.65,598
2026-08-06 00:00:00,HDFCMOMENT,HDFCAMC - HDFCMOMENT,32.00,32.00,30.80,31.03,31.22,-0.61,1.20,3.75,2.50,157328,4900221.26,905
2026-08-06 00:00:00,MAGADSUGAR,MAGADH SUGAR & ENERGY LTD,507.85,540.65,505.00,517.60,512.25,1.04,35.65,7.02,-0.86,157298,83289267.85,7431
2026-08-06 00:00:00,PVRINOX,PVR INOX LIMITED,1163.10,1170.00,1130.00,1150.40,1161.90,-0.99,40.00,3.44,0.10,157049,181967275.10,10417
2026-08-06 00:00:00,VINNY,VINNY OVERSEAS LIMITED,1.05,1.08,1.05,1.07,1.06,0.94,0.03,2.86,-0.94,156440,167238.63,100
2026-08-06 00:00:00,VSTIND,VST INDUSTRIES LTD,221.41,222.50,219.04,219.56,221.41,-0.84,3.46,1.56,0.00,156097,34396809.96,4241
2026-08-06 00:00:00,VIJAYA,VIJAYA DIAGNOSTIC CEN LTD,1390.00,1423.30,1340.50,1369.80,1389.60,-1.42,82.80,5.96,0.03,156032,217388266.60,15951
2026-08-06 00:00:00,MINDACORP,MINDA CORPORATION LTD,724.50,729.05,715.00,716.90,723.00,-0.84,14.05,1.94,0.21,155958,112466107.45,12729
2026-08-06 00:00:00,HEALTHADD,DSPAMC - HEALTHADD,16.60,17.47,16.60,16.87,16.60,1.63,0.87,5.24,0.00,155855,2644562.61,459
2026-08-06 00:00:00,CCCL,CONS. CONST. CONSORT LTD,15.69,15.90,15.52,15.60,15.69,-0.57,0.38,2.42,0.00,155717,2438482.39,386
2026-08-06 00:00:00,BOROLTD,BOROSIL LIMITED,243.22,255.00,240.51,247.99,243.22,1.96,14.49,5.96,0.00,155623,38672171.06,5164
2026-08-06 00:00:00,HAPPYFORGE,HAPPY FORGINGS LIMITED,1860.00,1908.00,1831.50,1870.00,1817.00,2.92,76.50,4.11,2.37,154871,291615329.20,16306
2026-08-06 00:00:00,CANFINHOME,CAN FIN HOMES LTD,813.50,822.00,806.35,808.25,811.50,-0.40,15.65,1.92,0.25,154598,125540663.60,8124
2026-08-06 00:00:00,SPIC,SPIC LTD,68.02,68.80,68.00,68.28,68.29,-0.01,0.80,1.18,-0.40,154271,10544754.40,1676
2026-08-06 00:00:00,AJOONI,AJOONI BIOTECH LIMITED,3.96,3.97,3.90,3.91,3.96,-1.26,0.07,1.77,0.00,153583,603065.56,323
2026-08-06 00:00:00,SAIPARENT,SAI PARENTERALS LIMITED,525.00,544.45,517.30,541.15,516.10,4.85,27.15,5.17,1.72,153119,82131981.20,6027
2026-08-06 00:00:00,EMSLIMITED,EMS LIMITED,402.00,408.60,398.20,406.10,406.80,-0.17,10.40,2.59,-1.18,153004,61649300.75,4960
2026-08-06 00:00:00,SUPREMEINF,SUPREME INFRA. LTD.,93.21,96.98,91.26,92.75,94.39,-1.74,5.72,6.14,-1.25,152905,14339785.27,2629
2026-08-06 00:00:00,GOPAL,GOPAL SNACKS LIMITED,278.50,279.55,272.00,273.90,274.55,-0.24,7.55,2.71,1.44,152522,42135321.80,2831
2026-08-06 00:00:00,GFLLIMITED,GFL LIMITED,50.75,52.00,49.01,51.94,49.81,4.28,2.99,5.89,1.89,152484,7824348.82,1696
2026-08-06 00:00:00,IIFLCAPS,IIFL CAPITAL SERVICES LTD,335.40,336.25,335.10,335.45,335.35,0.03,1.15,0.34,0.01,152334,51096704.30,6863
2026-08-06 00:00:00,CRAMC,CANARA ROBECO AMC LIMITED,265.30,265.65,262.00,263.05,265.30,-0.85,3.65,1.38,0.00,151966,40111333.60,5589
2026-08-06 00:00:00,IPCALAB,IPCA LABORATORIES LTD,1775.00,1785.00,1728.10,1734.20,1765.00,-1.75,56.90,3.21,0.57,151963,265917308.80,14405
2026-08-06 00:00:00,AONETOTAL,AONEAMC - AONETOTAL,12.25,12.25,12.01,12.10,12.07,0.25,0.24,1.96,1.49,151531,1835455.00,1501
2026-08-06 00:00:00,HDFCPVTBAN,HDFCAMC - HDFCPVTBAN,28.26,28.47,27.90,28.25,28.25,0.00,0.57,2.02,0.04,150786,4268675.22,497
2026-08-06 00:00:00,SAMBHAAV,SAMBHAAV MEDIA LTD,6.61,6.99,6.50,6.59,6.68,-1.35,0.49,7.41,-1.05,150585,1017193.67,214
2026-08-06 00:00:00,SCHNEIDER,SCHNEIDER ELECTRIC INFRA,1357.30,1364.20,1331.00,1335.20,1352.50,-1.28,33.20,2.45,0.35,150459,201768872.10,13540
2026-08-06 00:00:00,DAMCAPITAL,DAM CAPITAL ADVISORS LTD,155.73,155.73,153.10,154.44,153.41,0.67,2.63,1.69,1.51,148696,22957623.50,2363
2026-08-06 00:00:00,EPL,EPL LIMITED,229.50,230.27,227.89,228.98,229.87,-0.39,2.38,1.04,-0.16,148654,34052676.96,5700
2026-08-06 00:00:00,SANSTAR,SANSTAR LIMITED,115.58,115.90,113.01,113.63,114.40,-0.67,2.89,2.50,1.03,148274,16909564.63,2024
2026-08-06 00:00:00,RAMCOIND,RAMCO INDUSTRIES LIMITED,328.85,341.45,328.85,333.75,330.65,0.94,12.60,3.83,-0.54,146879,49373007.70,3830
2026-08-06 00:00:00,XPROINDIA,XPRO INDIA LIMITED,1123.90,1168.00,1108.80,1115.20,1111.80,0.31,59.20,5.27,1.09,146814,166106895.60,9839
2026-08-06 00:00:00,VMART,VMART RETAIL LTD,807.10,823.25,806.00,813.90,807.05,0.85,17.25,2.14,0.01,146279,119414318.00,10005
2026-08-06 00:00:00,AVL,ADITYA VISION LIMITED,623.90,634.45,620.30,629.70,626.20,0.56,14.15,2.27,-0.37,145725,91682408.85,10133
2026-08-06 00:00:00,SANDHAR,SANDHAR TECHNOLOGIES LTD,660.00,662.75,655.00,656.35,654.75,0.24,7.75,1.17,0.80,145611,95831211.60,5697
2026-08-06 00:00:00,INTERNET,MIRAEAMC - INTERNET,13.89,14.06,13.87,13.92,13.89,0.22,0.19,1.37,0.00,145450,2032209.71,289
2026-08-06 00:00:00,AONENIFTY,AONEAMC - AONENIFTY,10.38,10.38,10.13,10.16,10.13,0.30,0.25,2.41,2.47,145413,1478488.94,1270
2026-08-06 00:00:00,MITTAL,MITTAL LIFE STYLE LIMITED,0.90,0.92,0.90,0.91,0.91,0.00,0.02,2.22,-1.10,144975,132406.02,192
2026-08-06 00:00:00,PGHL,PROCTER & GAMBLE HEALTH L,6460.00,6670.00,5980.00,6068.00,6464.50,-6.13,690.00,10.68,-0.07,144705,898427703.50,29138
2026-08-06 00:00:00,ENDURANCE,ENDURANCE TECHNO. LTD.,2879.00,2959.90,2851.10,2877.70,2893.40,-0.54,108.80,3.78,-0.50,143187,417517429.90,21015
2026-08-06 00:00:00,MUNJALAU,MUNJAL AUTO IND. LTD.,104.00,104.59,103.10,103.66,104.40,-0.71,1.49,1.43,-0.38,143099,14843593.11,1611
2026-08-06 00:00:00,KHAICHEM,KHAITAN CHEM & FERT LTD,53.49,53.80,52.99,53.56,52.68,1.67,0.81,1.51,1.54,142316,7597965.81,930
2026-08-06 00:00:00,DREDGECORP,DREDGING CORP OF INDIA,1122.00,1149.00,1089.20,1094.40,1122.80,-2.53,59.80,5.33,-0.07,142291,159710911.50,8934
2026-08-06 00:00:00,KRISHNADEF,KRISHNA DEF AND ALD IND L,1145.90,1194.00,1115.10,1176.90,1140.10,3.23,78.90,6.89,0.51,142262,165058553.90,12583
2026-08-06 00:00:00,PRAKASHSTL,PRAKASH STEELAGE LTD,4.03,4.09,3.95,3.97,4.03,-1.49,0.14,3.47,0.00,141628,563241.95,401
2026-08-06 00:00:00,GOKUL,GOKUL REFOILS & SOLV LTD,39.79,40.70,39.41,40.04,39.46,1.47,1.29,3.24,0.84,141015,5662026.48,496
2026-08-06 00:00:00,RML,RANE (MADRAS) LIMITED,1114.60,1123.20,1028.70,1041.40,1114.60,-6.57,94.50,8.48,0.00,140551,151425257.80,11779
2026-08-06 00:00:00,LANDMARK,LANDMARK CARS LIMITED,548.00,555.00,542.05,546.90,547.05,-0.03,12.95,2.36,0.17,140202,77079797.40,6548
2026-08-06 00:00:00,ELGIEQUIP,ELGI EQUIPMENTS LTD,584.10,592.00,583.00,589.25,584.10,0.88,9.00,1.54,0.00,140041,82450579.75,23584
2026-08-06 00:00:00,ANTELOPUS,ANTELOPUS SELAN ENRGY LTD,869.90,895.90,856.00,860.40,873.65,-1.52,39.90,4.59,-0.43,138558,120926655.10,5713
2026-08-06 00:00:00,PNGSREVA,PNGS REVA DIAMOND JEWEL L,508.00,508.00,494.00,499.30,510.95,-2.28,14.00,2.76,-0.58,138469,69098814.90,6269
2026-08-06 00:00:00,VCL,VAXTEX COTFAB LIMITED,1.28,1.28,1.28,1.28,1.22,4.92,0.00,0.00,4.92,138385,177132.80,52
2026-08-06 00:00:00,DBCORP,D.B.CORP LTD,210.38,213.80,209.26,210.65,210.19,0.22,4.54,2.16,0.09,137968,29217542.15,4859
2026-08-06 00:00:00,DCMSRIND,DCM SHRIRAM IND LTD,43.70,44.20,42.52,42.76,43.70,-2.15,1.68,3.84,0.00,137841,5973932.58,1784
2026-08-06 00:00:00,UNIVCABLES,UNIVERSAL CABLES LTD,1411.00,1438.40,1358.70,1416.30,1427.60,-0.79,79.70,5.65,-1.16,137452,193012809.50,10154
2026-08-06 00:00:00,AERONEU,AEROFLEX NEU LIMITED,87.15,87.15,84.61,85.44,85.35,0.11,2.54,2.91,2.11,137199,11749619.47,1035
2026-08-06 00:00:00,UTTAMSUGAR,UTTAM SUGAR MILLS LTD.,248.49,259.00,247.20,254.82,250.44,1.75,11.80,4.75,-0.78,137088,34730777.56,3559
2026-08-06 00:00:00,OSWALAGRO,OSWAL AGRO MILLS LTD,41.50,44.60,41.00,42.57,41.06,3.68,3.60,8.67,1.07,137065,5917863.45,773
2026-08-06 00:00:00,KUANTUM,KUANTUM PAPERS LIMITED,80.74,82.44,79.62,80.61,80.05,0.70,2.82,3.49,0.86,137017,11092382.81,1466
2026-08-06 00:00:00,HEMIPROP,HEMISPHERE PROP IND LTD,138.30,138.68,137.80,137.93,138.22,-0.21,0.88,0.64,0.06,136917,18907592.26,1338
2026-08-06 00:00:00,DGCONTENT,DIGICONTENT LIMITED,26.11,27.60,25.10,25.19,26.01,-3.15,2.50,9.57,0.38,135692,3546607.57,364
2026-08-06 00:00:00,ORCHASP,ORCHASP LIMITED,1.60,1.61,1.56,1.59,1.61,-1.24,0.05,3.13,-0.62,135330,214455.39,267
2026-08-06 00:00:00,SUNTECK,SUNTECK REALTY LIMITED,302.00,305.25,300.30,301.65,302.45,-0.26,4.95,1.64,-0.15,135234,40780683.10,3989
2026-08-06 00:00:00,DMCC,DMCC SPECIALITY CHEMICALS,287.95,292.50,276.35,278.75,284.50,-2.02,16.15,5.61,1.21,135102,38708456.30,2205
2026-08-06 00:00:00,TIJARIA,TIJARIA POLYPIPES LTD,4.94,4.94,4.46,4.74,4.79,-1.04,0.48,9.72,3.13,135039,642917.69,199
2026-08-06 00:00:00,MAHLIFE,MAHINDRA LIFESPACE DEVLTD,384.00,388.95,380.80,386.40,382.85,0.93,8.15,2.12,0.30,134129,51581950.15,6302
2026-08-06 00:00:00,RANASUG,RANA SUGARS LTD.,12.91,12.92,12.51,12.64,12.91,-2.09,0.41,3.18,0.00,133682,1705523.47,517
2026-08-06 00:00:00,DBOL,DHAMPUR BIO ORGANICS LTD,112.25,112.86,108.35,110.92,112.27,-1.20,4.51,4.02,-0.02,133125,14778736.28,1964
2026-08-06 00:00:00,SHALBY,SHALBY LIMITED,162.44,165.10,159.02,162.16,162.27,-0.07,6.08,3.74,0.10,132892,21579843.93,3306
2026-08-06 00:00:00,TREL,TRANSINDIA REAL ESTATE L,23.80,24.99,23.80,24.63,24.09,2.24,1.19,5.00,-1.20,132815,3257438.83,520
2026-08-06 00:00:00,MOKSH,MOKSH ORNAMENTS LIMITED,10.59,11.25,10.41,11.14,10.57,5.39,0.84,7.93,0.19,132281,1443504.16,334
2026-08-06 00:00:00,BANCOINDIA,BANCO PRODUCTS (I) LTD,690.00,693.60,677.15,681.85,686.00,-0.60,16.45,2.38,0.58,132280,90732786.65,7112
2026-08-06 00:00:00,SAKAR,SAKAR HEALTHCARE LIMITED,899.95,937.00,895.60,919.70,890.70,3.26,41.40,4.60,1.04,132037,121574158.05,9287
2026-08-06 00:00:00,GVPIL,GE POWER INDIA LIMITED,740.10,750.90,724.90,726.60,742.50,-2.14,26.00,3.51,-0.32,131591,96391984.80,7010
2026-08-06 00:00:00,BHARATSE,BHARAT SEATS LIMITED,226.00,226.00,221.60,223.47,226.14,-1.18,4.40,1.95,-0.06,131260,29295825.92,2597
2026-08-06 00:00:00,INOXINDIA,INOX INDIA LIMITED,1928.10,1967.90,1924.00,1954.40,1937.50,0.87,43.90,2.28,-0.49,130519,255249050.80,15924
2026-08-06 00:00:00,WSTCSTPAPR,WEST COAST PAPER MILLS LT,591.90,596.45,584.60,594.35,590.40,0.67,11.85,2.00,0.25,130485,77164618.85,4760
2026-08-06 00:00:00,PSUBANKADD,DSPAMC - DSPPSBKETF,86.05,88.34,86.02,88.02,85.74,2.66,2.32,2.70,0.36,130325,11394255.93,447
2026-08-06 00:00:00,WEL,WONDER ELECTRICALS LTD,118.57,123.46,115.64,120.30,118.96,1.13,7.82,6.60,-0.33,129222,15626806.35,1173
2026-08-06 00:00:00,EXXARO,EXXARO TILES LIMITED,6.09,6.34,6.09,6.27,6.17,1.62,0.25,4.11,-1.30,129044,801479.62,293
2026-08-06 00:00:00,SBIBPB,SBIAMC - SBIBPB,49.49,50.50,49.39,50.18,49.39,1.60,1.11,2.24,0.20,128983,6435998.28,596
2026-08-06 00:00:00,RAMBHAJO,ADVIT JEWELS LIMITED,184.45,187.70,182.05,186.60,184.50,1.14,5.65,3.06,-0.03,128171,23739021.93,2168
2026-08-06 00:00:00,SYMPHONY,SYMPHONY LIMITED,647.00,661.00,645.30,652.40,644.75,1.19,15.70,2.43,0.35,127823,83350173.00,4450
2026-08-06 00:00:00,TARSONS,TARSONS PRODUCTS LIMITED,329.95,334.40,315.50,317.50,328.05,-3.22,18.90,5.73,0.58,127804,41522132.85,4175
2026-08-06 00:00:00,VAISHALI,VAISHALI PHARMA LIMITED,8.14,8.14,7.90,7.98,7.94,0.50,0.24,2.95,2.52,127505,1020951.82,241
2026-08-06 00:00:00,ANDHRSUGAR,ANDHRA SUGARS LTD,86.75,87.89,86.37,87.12,86.74,0.44,1.52,1.75,0.01,127361,11092550.01,1595
2026-08-06 00:00:00,INDIACEM,THE INDIA CEMENTS LIMITED,390.20,394.35,388.25,393.05,392.80,0.06,6.10,1.56,-0.66,127290,49895311.95,6566
2026-08-06 00:00:00,CAPTRUST,CAPITAL TRUST LIMITED,18.08,18.85,18.08,18.44,19.03,-3.10,0.77,4.26,-4.99,127205,2329024.47,390
2026-08-06 00:00:00,BALKRISIND,BALKRISHNA IND. LTD,2488.00,2521.70,2397.30,2465.70,2501.60,-1.44,124.40,5.00,-0.54,126576,314393304.30,16426
2026-08-06 00:00:00,NEXT50BETA,UTIAMC-NEXT50BETA,79.53,80.55,79.23,79.77,79.76,0.01,1.32,1.66,-0.29,125824,10095675.08,626
2026-08-06 00:00:00,DALBHARAT,DALMIA BHARAT LIMITED,1835.00,1842.00,1819.80,1822.50,1838.10,-0.85,22.20,1.21,-0.17,124954,228405551.70,6175
2026-08-06 00:00:00,UNIECOM,UNICOMMERCE ESOLUTIONS L,86.08,86.08,84.65,84.95,85.18,-0.27,1.43,1.66,1.06,124710,10631344.23,1615
2026-08-06 00:00:00,SPECIALITY,SPECIALITY REST LTD,142.00,147.70,140.00,142.42,142.03,0.27,7.70,5.42,-0.02,124577,17944813.61,2265
2026-08-06 00:00:00,TARAPUR,TARAPUR TRANSFORMERS LTD,14.25,14.70,13.54,13.54,14.25,-4.98,1.16,8.14,0.00,124498,1694801.25,403
2026-08-06 00:00:00,ROUTE,ROUTE MOBILE LIMITED,534.80,535.45,531.00,533.50,532.30,0.23,4.45,0.83,0.47,124345,66307036.50,5315
2026-08-06 00:00:00,ICICIAMC,ICICI PRUDENTIAL AMC LTD,3087.00,3095.00,3061.00,3080.40,3081.80,-0.05,34.00,1.10,0.17,123997,381822975.70,12928
2026-08-06 00:00:00,MKPL,M K PROTEINS LIMITED,4.28,4.28,4.14,4.14,4.21,-1.66,0.14,3.27,1.66,123984,517139.50,381
2026-08-06 00:00:00,KEEPLEARN,DSJ KEEP LEARNING LTD,2.10,2.35,1.90,2.03,1.96,3.57,0.45,21.43,7.14,123030,250580.29,101
2026-08-06 00:00:00,HLVLTD,HLV LIMITED,7.13,7.34,7.12,7.25,7.22,0.42,0.22,3.09,-1.25,122981,892405.71,413
2026-08-06 00:00:00,VARDMNPOLY,VARDHMAN POLYTEX LTD.,6.01,6.12,5.93,6.00,6.02,-0.33,0.19,3.16,-0.17,122015,735835.74,234
2026-08-06 00:00:00,GPTHEALTH,GPT HEALTHCARE LIMITED,164.50,167.63,163.09,165.03,164.70,0.20,4.54,2.76,-0.12,121651,20165274.72,1851
2026-08-06 00:00:00,PIRAMALFIN,PIRAMAL FINANCE LIMITED,2100.00,2140.00,2090.30,2109.70,2136.60,-1.26,49.70,2.37,-1.71,121223,256442690.80,12956
2026-08-06 00:00:00,BLACKBUCK,BLACKBUCK LIMITED,555.80,560.55,550.85,557.55,556.20,0.24,9.70,1.75,-0.07,121001,67301514.10,8606
2026-08-06 00:00:00,EIHOTEL,EIH LIMITED,328.00,333.30,324.15,325.65,328.00,-0.72,9.15,2.79,0.00,120225,39400513.30,4604
2026-08-06 00:00:00,ASIANHOTNR,ASIAN HOTELS (NORTH) LTD,307.00,317.85,306.60,316.00,306.65,3.05,11.25,3.66,0.11,119244,37099593.40,1799
2026-08-06 00:00:00,SPANDANA,SPANDANA SPHOORTY FIN LTD,259.35,261.70,255.00,256.75,260.50,-1.44,6.70,2.58,-0.44,118798,30667177.55,3808
2026-08-06 00:00:00,MULTICAP,MIRAEAMC - MULTICAP,17.01,17.05,16.96,16.97,16.96,0.06,0.09,0.53,0.29,118246,2010952.68,410
2026-08-06 00:00:00,KSHINTL,KSH INTERNATIONAL LIMITED,899.90,909.90,887.55,899.35,903.65,-0.48,22.35,2.48,-0.41,118245,106154097.10,9556
2026-08-06 00:00:00,SUVIDHAA,SUVIDHAA INFOSERVE LTD,2.52,2.60,2.50,2.58,2.52,2.38,0.10,3.97,0.00,117849,303275.18,235
2026-08-06 00:00:00,DOLATALGO,DOLAT ALGOTECH LIMITED,68.40,68.40,67.10,67.34,67.65,-0.46,1.30,1.90,1.11,117574,7948272.31,1282
2026-08-06 00:00:00,EUROPRATIK,EURO PRATIK SALES LIMITED,311.05,315.00,306.50,309.35,311.95,-0.83,8.50,2.73,-0.29,117492,36706698.85,3009
2026-08-06 00:00:00,ELDEHSG,ELDECO HSG & IND LTD.,806.90,850.00,701.55,718.95,774.60,-7.18,148.45,18.40,4.17,117466,91962401.25,4584
2026-08-06 00:00:00,ROSSARI,ROSSARI BIOTECH LIMITED,527.50,536.70,521.00,525.95,524.90,0.20,15.70,2.98,0.50,117427,62050309.10,6134
2026-08-06 00:00:00,ALICON,ALICON CASTALLOY LIMITED,730.00,742.40,700.00,737.90,718.05,2.76,42.40,5.81,1.66,117208,83145366.65,2624
2026-08-06 00:00:00,ITDC,INDIA TOUR. DEV. CO. LTD.,706.00,717.05,705.30,708.20,705.35,0.40,11.75,1.66,0.09,117032,83103455.60,7214
2026-08-06 00:00:00,KCP,KCP LTD,154.99,155.68,150.65,151.35,154.86,-2.27,5.03,3.25,0.08,115647,17635347.77,2030
2026-08-06 00:00:00,MSTCLTD,MSTC LIMITED,612.00,616.95,600.45,605.20,601.90,0.55,16.50,2.70,1.68,114914,69695187.85,4677
2026-08-06 00:00:00,STARCEMENT,STAR CEMENT LIMITED,205.50,205.50,203.01,203.34,204.55,-0.59,2.49,1.21,0.46,114840,23406641.85,2203
2026-08-06 00:00:00,20MICRONS,20 MICRONS LTD,195.00,195.30,191.50,191.71,194.85,-1.61,3.80,1.95,0.08,114716,22168223.23,2051
2026-08-06 00:00:00,SAFARI,SAFARI IND (INDIA) LTD,1500.10,1519.40,1486.10,1490.80,1500.00,-0.61,33.30,2.22,0.01,113970,170942739.40,10569
2026-08-06 00:00:00,EQUAL200,MIRAEAMC - EQUAL200,14.09,14.11,14.06,14.07,14.09,-0.14,0.05,0.35,0.00,112751,1588688.90,48
2026-08-06 00:00:00,MOLOWVOL,MOTILALAMC - MOLOWVOL,38.62,38.62,37.28,37.64,37.68,-0.11,1.34,3.47,2.49,112450,4224707.62,75
2026-08-06 00:00:00,CONCORDBIO,CONCORD BIOTECH LIMITED,1391.90,1413.00,1365.00,1374.70,1385.00,-0.74,48.00,3.45,0.50,112184,155628600.90,11857
2026-08-06 00:00:00,MAXESTATES,MAX ESTATES LIMITED,393.95,417.00,393.95,409.40,395.45,3.53,23.05,5.85,-0.38,111982,45511009.75,5719
2026-08-06 00:00:00,MSCIINDIA,KOTAKMAMC - MSCIINDIA,30.43,30.53,30.43,30.50,30.28,0.73,0.10,0.33,0.50,111375,3396514.92,95
2026-08-06 00:00:00,MERCURYEV,MERCURY EV-TECH LIMITED,34.62,36.00,34.62,35.73,35.30,1.22,1.38,3.99,-1.93,111191,3906763.92,726
2026-08-06 00:00:00,HGINFRA,H.G.INFRA ENGINEERING LTD,542.90,560.00,542.90,552.30,542.90,1.73,17.10,3.15,0.00,110578,61194876.75,6880
2026-08-06 00:00:00,LANCORHOL,LANCOR HOLDINGS LIMITED,27.25,27.25,24.66,25.51,26.30,-3.00,2.59,9.50,3.61,110570,2833287.83,1122
2026-08-06 00:00:00,TBOTEK,TBO TEK LIMITED,1672.80,1676.10,1606.00,1623.10,1667.50,-2.66,70.10,4.19,0.32,110389,180874862.40,8845
2026-08-06 00:00:00,PARKHOTELS,PARKHOTELS,121.53,122.89,120.25,120.93,122.08,-0.94,2.64,2.17,-0.45,110296,13377470.32,1791
2026-08-06 00:00:00,HARSHA,HARSHA ENGINEERS INT LTD,418.00,428.00,417.50,425.00,419.75,1.25,10.50,2.51,-0.42,110076,46775579.15,4007
2026-08-06 00:00:00,BHAGCHEM,BHAGIRADHA CHEM & INDS L,281.00,286.40,273.00,275.40,282.15,-2.39,13.40,4.77,-0.41,109660,30543128.70,3171
2026-08-06 00:00:00,ALKEM,ALKEM LABORATORIES LTD.,5692.00,5695.50,5586.00,5597.50,5696.50,-1.74,109.50,1.92,-0.08,109477,616384798.00,21606
2026-08-06 00:00:00,BANK10ADD,DSPAMC - BANK10ADD,17.07,17.18,16.95,17.00,17.07,-0.41,0.23,1.35,0.00,108407,1844183.59,138
2026-08-06 00:00:00,ACUTAAS,ACUTAAS CHEMICALS LIMITED,3289.80,3294.90,3233.00,3260.60,3282.80,-0.68,61.90,1.88,0.21,107779,351273828.30,14139
2026-08-06 00:00:00,GPTINFRA,GPT INFRAPROJECTS LTD,117.25,119.43,116.00,117.99,117.25,0.63,3.43,2.93,0.00,106456,12476254.85,2002
2026-08-06 00:00:00,TTKPRESTIG,TTK PRESTIGE LTD,631.00,640.85,624.10,636.80,628.25,1.36,16.75,2.65,0.44,105175,66594826.10,6694
2026-08-06 00:00:00,ASHIMASYN,ASHIMA LTD,18.25,18.40,17.77,18.12,17.81,1.74,0.63,3.45,2.47,104672,1888104.04,395
2026-08-06 00:00:00,ORKLAINDIA,ORKLA INDIA LIMITED,574.90,574.90,557.00,559.35,571.05,-2.05,17.90,3.11,0.67,104535,58759251.15,11041
2026-08-06 00:00:00,BAGFILMS,B.A.G FILMS AND MEDIA LTD,4.36,4.40,4.20,4.35,4.40,-1.14,0.20,4.59,-0.91,104176,450331.78,248
2026-08-06 00:00:00,TPLPLASTEH,TPL PLASTECH LIMITED,78.80,79.86,77.72,78.73,78.25,0.61,2.14,2.72,0.70,103992,8206579.77,1178
2026-08-06 00:00:00,BORANA,BORANA WEAVES LIMITED,329.50,353.95,327.05,344.60,329.50,4.58,26.90,8.16,0.00,103923,35478141.95,3555
2026-08-06 00:00:00,MATRIMONY,MATRIMONY.COM LIMITED,434.90,457.00,426.00,447.90,427.55,4.76,31.00,7.13,1.72,103194,46002710.60,2590
2026-08-06 00:00:00,SHINDL,SHARAT INDUSTRIES LTD.,160.99,161.90,155.90,160.79,159.90,0.56,6.00,3.73,0.68,102907,16425718.81,365
2026-08-06 00:00:00,TATAINVEST,TATA INVESTMENT CORP LTD,670.50,673.05,666.00,667.10,670.50,-0.51,7.05,1.05,0.00,102840,68677741.20,5597
2026-08-06 00:00:00,AMBER,AMBER ENTERPRISES (I) LTD,7526.00,7550.00,7416.00,7425.00,7526.00,-1.34,134.00,1.78,0.00,102768,767333085.50,16978
2026-08-06 00:00:00,GUFICBIO,GUFIC BIOSCIENCES LTD.,394.15,408.00,394.15,404.35,394.35,2.54,13.85,3.51,-0.05,102721,41392629.35,3512
2026-08-06 00:00:00,AKG,AKG EXIM LIMITED,8.80,8.98,8.43,8.65,8.43,2.61,0.55,6.25,4.39,102120,882673.27,781
2026-08-06 00:00:00,ELM250,EDELAMC - ELM250,16.72,17.04,16.72,16.98,16.72,1.56,0.32,1.91,0.00,101769,1729967.27,126
2026-08-06 00:00:00,SPMLINFRA,SPML INFRA LIMITED,197.00,198.98,193.25,194.70,196.59,-0.96,5.73,2.91,0.21,101439,19914878.26,1974
2026-08-06 00:00:00,JAYBARMARU,JAY BHARAT MARUTI LTD,146.65,146.65,146.65,146.65,154.36,-4.99,0.00,0.00,-4.99,101111,14827928.15,766
2026-08-06 00:00:00,AVADHSUGAR,AVADH SUG & ENERGY LTD,600.05,619.85,591.45,602.90,609.25,-1.04,28.40,4.73,-1.51,100930,61318480.60,3027
2026-08-06 00:00:00,RAINBOW,RAINBOW CHILDRENS MED LTD,1598.60,1606.00,1561.00,1573.20,1598.60,-1.59,45.00,2.81,0.00,100916,160133353.10,11803
2026-08-06 00:00:00,JAIPURKURT,NANDANI CREATION LIMITED,27.80,27.80,26.16,26.53,27.30,-2.82,1.64,5.90,1.83,100854,2697717.83,173
2026-08-06 00:00:00,BHARATWIRE,BHARAT WIRE ROPES LTD.,203.84,208.00,202.65,205.78,203.84,0.95,5.35,2.62,0.00,100265,20598048.58,2569
2026-08-06 00:00:00,GANECOS,GANESHA ECOSPHERE LIMITED,1094.10,1102.30,1072.40,1076.00,1094.90,-1.73,29.90,2.73,-0.07,100263,108418867.60,9650
2026-08-06 00:00:00,AKUMS,AKUMS DRUGS AND PHARMA L,670.00,670.95,656.50,662.55,666.10,-0.53,14.45,2.16,0.59,99826,66078644.20,6996
2026-08-06 00:00:00,IKIO,IKIO TECHNOLOGIES LIMITED,207.90,207.90,200.01,201.65,205.26,-1.76,7.89,3.80,1.29,99577,20271147.46,1802
2026-08-06 00:00:00,HPL,HPL ELECTRIC & POWER LTD,347.95,351.00,342.10,344.40,347.95,-1.02,8.90,2.56,0.00,99090,34238734.55,3226
2026-08-06 00:00:00,AARTIDRUGS,AARTI DRUGS LTD.,412.40,417.40,409.95,410.85,412.40,-0.38,7.45,1.81,0.00,98981,40954035.50,3390
2026-08-06 00:00:00,GROWWN200,GROWWAMC - GROWWN200,11.55,11.63,11.51,11.54,11.55,-0.09,0.12,1.04,0.00,98728,1140332.32,314
2026-08-06 00:00:00,ABREL,ADITYA BIRLA REAL EST LTD,1428.90,1428.90,1384.10,1390.80,1421.20,-2.14,44.80,3.14,0.54,98585,137791010.20,8908
2026-08-06 00:00:00,NIFTYQLITY,BIRLASLAMC - NIFTYQLITY,21.95,21.95,21.53,21.79,21.80,-0.05,0.42,1.91,0.69,98436,2153353.86,397
2026-08-06 00:00:00,CEATLTD,CEAT LIMITED,3703.50,3770.00,3667.00,3755.40,3703.50,1.40,103.00,2.78,0.00,98294,367411881.00,10639
2026-08-06 00:00:00,CEIGALL,CEIGALL INDIA LIMITED,341.00,342.40,331.10,331.90,341.70,-2.87,11.30,3.31,-0.20,97870,32839146.50,3390
2026-08-06 00:00:00,BAJAJHCARE,BAJAJ HEALTHCARE LIMITED,332.95,335.95,327.10,329.20,332.95,-1.13,8.85,2.66,0.00,97013,32077667.75,2232
2026-08-06 00:00:00,TRIGYN,TRIGYN TECHNOLOGIES LTD,54.98,56.15,53.77,54.80,54.70,0.18,2.38,4.33,0.51,96876,5360080.92,2321
2026-08-06 00:00:00,METROBRAND,METRO BRANDS LIMITED,1018.10,1019.40,975.00,981.10,1001.00,-1.99,44.40,4.36,1.71,96791,95989301.40,11366
2026-08-06 00:00:00,FOODSIN,FOODS & INNS LIMITED,54.94,54.94,52.41,53.03,53.44,-0.77,2.53,4.61,2.81,96501,5115025.02,901
2026-08-06 00:00:00,MHRIL,MAHINDRA HOLIDAYS LTD,233.00,234.59,229.10,230.98,233.24,-0.97,5.49,2.36,-0.10,95828,22281733.67,3870
2026-08-06 00:00:00,VINDHYATEL,VINDHYA TELELINKS LTD,2357.50,2369.00,2231.00,2286.90,2357.50,-2.99,138.00,5.85,0.00,95466,218079662.70,8637
2026-08-06 00:00:00,KAVDEFENCE,KAVVERI DFS & WIR TEC LTD,57.85,58.19,56.51,57.16,57.33,-0.30,1.68,2.90,0.91,95345,5473809.00,1385
2026-08-06 00:00:00,IFBIND,IFB INDUSTRIES LTD,1449.60,1468.00,1420.10,1440.90,1443.00,-0.15,47.90,3.30,0.46,95344,137487921.00,11284
2026-08-06 00:00:00,HNDFDS,HINDUSTAN FOODS LIMITED,577.90,592.00,572.20,575.00,576.95,-0.34,19.80,3.43,0.16,95173,55466548.20,8670
2026-08-06 00:00:00,KKCL,KEWAL KIRAN CLOTHING LTD,544.00,549.55,513.75,522.50,546.50,-4.39,35.80,6.58,-0.46,95132,50358801.90,4164
2026-08-06 00:00:00,PROZONER,PROZONE REALTY LIMITED,42.33,43.18,41.88,42.26,42.31,-0.12,1.30,3.07,0.05,95005,4021092.21,730
2026-08-06 00:00:00,UNICHEMLAB,UNICHEM LABORATORIES LTD,509.95,512.70,493.00,497.40,497.40,0.00,19.70,3.86,2.52,94960,47949814.90,5133
2026-08-06 00:00:00,KSCL,KAVERI SEED CO. LTD.,790.00,790.95,768.00,770.85,781.50,-1.36,22.95,2.91,1.09,94653,73492270.45,5570
2026-08-06 00:00:00,FIEMIND,FIEM INDUSTRIES LIMITED,2530.00,2530.00,2468.30,2479.50,2498.00,-0.74,61.70,2.44,1.28,94557,234879638.40,9222
2026-08-06 00:00:00,INDIGOPNTS,INDIGO PAINTS LIMITED,1091.70,1133.80,1090.70,1128.60,1090.80,3.47,43.10,3.95,0.08,94430,105936834.60,10652
2026-08-06 00:00:00,INDIAMART,INDIAMART INTERMESH LTD,1775.70,1789.90,1759.40,1763.50,1775.70,-0.69,30.50,1.72,0.00,94108,166778661.50,15188
2026-08-06 00:00:00,KIRLPNU,KIRLOSKAR PNEUMATIC COM L,1468.00,1484.30,1450.00,1455.20,1458.00,-0.19,34.30,2.34,0.69,94058,137963766.60,14546
2026-08-06 00:00:00,ALMONDZ,ALMONDZ GLOBAL SEC LTD,14.30,14.89,14.15,14.35,14.61,-1.78,0.74,5.17,-2.12,93954,1365708.73,322
2026-08-06 00:00:00,PIIND,PI INDUSTRIES LTD,2819.00,2819.00,2779.10,2796.00,2810.00,-0.50,39.90,1.42,0.32,93539,261422699.90,8269
2026-08-06 00:00:00,IFGLEXPOR,IFGL REFRACTORIES LIMITED,220.40,228.50,217.85,225.45,219.62,2.65,10.65,4.83,0.36,93478,21086866.23,3052
2026-08-06 00:00:00,COROMANDEL,COROMANDEL INTERNTL. LTD,2086.40,2096.20,2043.00,2083.10,2086.40,-0.16,53.20,2.55,0.00,93460,193930354.20,12278
2026-08-06 00:00:00,HMVL,HINDUSTAN MEDIA VENT LTD,105.00,107.80,101.73,103.81,104.05,-0.23,6.07,5.78,0.91,92987,9643682.89,1430
2026-08-06 00:00:00,SINGERIND,SINGER INDIA LIMITED,65.95,69.50,65.40,68.72,65.88,4.31,4.10,6.22,0.11,92796,6325514.38,1437
2026-08-06 00:00:00,BIGBLOC,BIGBLOC CONSTRUCTION LTD,47.96,47.96,46.00,46.72,47.96,-2.59,1.96,4.09,0.00,92633,4323112.75,934
2026-08-06 00:00:00,ITADD,DSPAMC - DSPIT,33.54,33.54,32.70,32.92,33.15,-0.69,0.84,2.50,1.18,92480,3058908.21,367
2026-08-06 00:00:00,MANORAMA,MANORAMA INDUSTRIES LTD,1608.00,1635.70,1588.90,1623.90,1607.90,1.00,46.80,2.91,0.01,92425,149284480.90,11221
2026-08-06 00:00:00,IPL,INDIA PESTICIDES LIMITED,145.51,146.99,145.01,145.61,145.40,0.14,1.98,1.36,0.08,92080,13432994.22,1801
2026-08-06 00:00:00,ALKYLAMINE,ALKYL AMINES CHEM. LTD,1940.00,1969.50,1916.00,1921.90,1939.80,-0.92,53.50,2.76,0.01,91905,178103048.40,12733
2026-08-06 00:00:00,NIBE,NIBE LIMITED,1397.20,1456.90,1386.80,1420.90,1397.20,1.70,70.10,5.02,0.00,91687,130695581.50,7335
2026-08-06 00:00:00,INDOBORAX,INDO BORAX & CHEMICAL LTD,413.00,414.20,405.70,410.25,412.25,-0.49,8.50,2.06,0.18,91647,37577991.05,3619
2026-08-06 00:00:00,ANDHRAPAP,ANDHRA PAPER LIMITED,60.58,61.10,60.26,60.68,60.62,0.10,0.84,1.39,-0.07,91350,5541550.09,832
2026-08-06 00:00:00,AAKASH,AAKASH EXPLORATION SER L,9.00,9.09,8.91,8.99,9.00,-0.11,0.18,2.00,0.00,91148,817715.10,241
2026-08-06 00:00:00,DRCSYSTEMS,DRC SYSTEMS INDIA LIMITED,13.34,13.96,13.26,13.76,13.34,3.15,0.70,5.25,0.00,90799,1238929.17,392
2026-08-06 00:00:00,UBL,UNITED BREWERIES LTD,1409.10,1427.00,1403.00,1415.30,1412.60,0.19,24.00,1.70,-0.25,90278,127794931.20,7581
2026-08-06 00:00:00,SENORES,SENORES PHARMACEUTICALS L,1335.00,1345.60,1324.00,1328.50,1323.30,0.39,21.60,1.62,0.88,90244,120593903.10,7294
2026-08-06 00:00:00,ABSLPSE,BIRLASLAMC-ABSLPSE,10.35,10.35,10.29,10.34,10.32,0.19,0.06,0.58,0.29,90041,928892.97,375
2026-08-06 00:00:00,GREENPANEL,GREENPANEL INDUSTRIES LTD,200.38,204.00,197.29,202.27,199.39,1.44,6.71,3.35,0.50,89880,18050004.97,3764
2026-08-06 00:00:00,PREMIERPOL,PREMIER POLYFILM LTD,72.80,73.66,71.92,72.24,72.74,-0.69,1.74,2.39,0.08,89837,6508631.76,1185
2026-08-06 00:00:00,TAJGVK,TAJ GVK HOTELS & RESORTS,366.00,372.95,361.65,369.15,364.70,1.22,11.30,3.09,0.36,89672,33085725.60,3538
2026-08-06 00:00:00,BOROSCI,BOROSIL SCIENTIFIC LTD,141.05,141.06,138.21,138.92,140.74,-1.29,2.85,2.02,0.22,89299,12466893.40,1585
2026-08-06 00:00:00,VISHNU,VISHNU CHEMICALS LIMITED,588.80,599.90,586.05,594.80,588.80,1.02,13.85,2.35,0.00,89080,52854816.70,3340
2026-08-06 00:00:00,MEDIASSIST,MEDI ASSIST HEALTH SER L,363.95,372.85,360.00,367.15,362.35,1.32,12.85,3.53,0.44,88988,32720065.05,3051
2026-08-06 00:00:00,WAAREERTL,WAAREE RENEWABLE TECH LTD,906.05,916.00,904.00,905.15,906.05,-0.10,12.00,1.32,0.00,88955,80671474.70,5493
2026-08-06 00:00:00,MOVALUE,MOTILALAMC - MOVALUE,115.36,115.99,115.06,115.86,115.36,0.43,0.93,0.81,0.00,88920,10294447.09,555
2026-08-06 00:00:00,HIRECT,HIND RECTIFIER LIMITED,1330.00,1331.50,1286.00,1297.20,1330.40,-2.50,45.50,3.42,-0.03,88612,116057165.30,6497
2026-08-06 00:00:00,CRISIL,CRISIL LTD,4488.10,4573.00,4425.00,4550.60,4475.60,1.68,148.00,3.30,0.28,88604,400768261.90,13071
2026-08-06 00:00:00,ANURAS,ANUPAM RASAYAN INDIA LTD,1224.00,1224.00,1210.00,1213.00,1216.30,-0.27,14.00,1.14,0.63,88592,107720616.60,3618
2026-08-06 00:00:00,UFLEX,UFLEX LIMITED,474.35,487.90,471.55,483.90,475.95,1.67,16.35,3.45,-0.34,88565,42550006.40,2601
2026-08-06 00:00:00,MANOMAY,MANOMAY TEX INDIA LTD,216.73,219.45,210.60,216.43,214.06,1.11,8.85,4.08,1.25,88333,19184978.54,1760
2026-08-06 00:00:00,LASA,LASA SUPERGENERICS LTD,7.92,8.30,7.73,7.85,7.66,2.48,0.57,7.20,3.39,88299,706404.39,524
2026-08-06 00:00:00,CARYSIL,CARYSIL LIMITED,1200.00,1228.00,1191.10,1213.90,1191.10,1.91,36.90,3.08,0.75,87856,106517049.60,7231
2026-08-06 00:00:00,ALANKIT,ALANKIT LIMITED,7.93,8.10,7.93,8.09,7.91,2.28,0.17,2.14,0.25,87414,700855.68,431
2026-08-06 00:00:00,VIRINCHI,VIRINCHI LIMITED,15.79,15.86,15.35,15.49,15.72,-1.46,0.51,3.23,0.45,87375,1356768.28,243
2026-08-06 00:00:00,PURVA,PURAVANKARA LIMITED,211.70,211.90,209.00,209.41,210.16,-0.36,2.90,1.37,0.73,87100,18304566.96,1469
2026-08-06 00:00:00,EVEREADY,EVEREADY INDS. IND.  LTD.,361.70,361.70,352.95,357.30,360.05,-0.76,8.75,2.42,0.46,86932,31076486.15,2200
2026-08-06 00:00:00,HDFCSENSEX,HDFCAMC - HDFCSENSEX,89.13,89.54,89.00,89.26,89.13,0.15,0.54,0.61,0.00,86179,7695034.00,577
2026-08-06 00:00:00,HARIOMPIPE,HARIOM PIPE INDUSTRIES L,405.65,407.00,393.15,396.70,405.55,-2.18,13.85,3.41,0.02,86156,34606751.60,2375
2026-08-06 00:00:00,MEDPLUS,MEDPLUS HEALTH SERV LTD,692.60,692.60,682.40,690.20,690.30,-0.01,10.20,1.47,0.33,85998,59058245.05,5904
2026-08-06 00:00:00,MANBA,MANBA FINANCE LIMITED,135.41,135.41,132.00,133.08,133.66,-0.43,3.41,2.52,1.31,85922,11516507.84,758
2026-08-06 00:00:00,ATUL,ATUL LTD,6859.00,6875.00,6770.00,6796.50,6794.00,0.04,105.00,1.53,0.96,85917,586790866.00,8145
2026-08-06 00:00:00,MUKANDLTD,MUKAND LTD.,142.29,144.13,142.20,143.29,142.17,0.79,1.93,1.36,0.08,85719,12285932.94,1450
2026-08-06 00:00:00,AARTISURF,AARTI SURFACTANTS LIMITED,532.00,563.00,525.00,551.35,541.15,1.88,38.00,7.14,-1.69,85585,46909524.95,3554
2026-08-06 00:00:00,SOLARA,SOLARA ACTIVE PHA SCI LTD,514.15,522.30,509.00,511.10,514.65,-0.69,13.30,2.59,-0.10,84257,43334550.50,3415
2026-08-06 00:00:00,TSFINV,TSF INVESTMENTS LIMITED,456.00,456.00,435.00,437.70,454.10,-3.61,21.00,4.61,0.42,83782,37028958.60,4816
2026-08-06 00:00:00,VALUEAXIS,AXISAMC-VALUEAXIS,33.64,33.64,33.34,33.48,33.40,0.24,0.30,0.89,0.72,83753,2797136.80,295
2026-08-06 00:00:00,KMSUGAR,K M SUGAR MILLS LTD,28.23,28.99,28.16,28.37,28.58,-0.73,0.83,2.94,-1.22,83580,2385275.61,616
2026-08-06 00:00:00,INDOTHAI,INDO THAI SEC LTD,110.65,110.65,110.65,110.65,122.94,-10.00,0.00,0.00,-10.00,82995,9183396.75,968
2026-08-06 00:00:00,FERMENTA,FERMENTA BIOTECH LTD.,555.00,557.00,544.90,552.60,551.10,0.27,12.10,2.18,0.71,82953,45590080.60,3694
2026-08-06 00:00:00,AIAENG,AIA ENGINEERING LIMITED,4626.60,4859.80,4602.60,4795.40,4646.60,3.20,257.20,5.56,-0.43,82559,395962919.90,16688
2026-08-06 00:00:00,GUJALKALI,GUJARAT ALKALIES & CHEM,685.90,700.00,675.50,680.80,677.35,0.51,24.50,3.57,1.26,81514,55926928.45,5281
2026-08-06 00:00:00,ONWARDTEC,ONWARD TECHNOLOGIES LTD,275.00,285.45,275.00,278.60,281.55,-1.05,10.45,3.80,-2.33,81147,22685784.85,2495
2026-08-06 00:00:00,PSPPROJECT,PSP PROJECTS LIMITED,945.50,980.00,932.40,973.95,944.75,3.09,47.60,5.03,0.08,81091,78183378.90,6226
2026-08-06 00:00:00,NEPHROPLUS,NEPHROCARE HEALTH SERV L,711.00,711.00,690.00,691.65,709.90,-2.57,21.00,2.95,0.15,80857,56465589.55,7480
2026-08-06 00:00:00,DREAMFOLKS,DREAMFOLKS SERVICES LTD,69.03,71.27,68.12,70.66,69.16,2.17,3.15,4.56,-0.19,80728,5622937.45,1869
2026-08-06 00:00:00,ALLTIME,ALL TIME PLASTICS LIMITED,217.60,221.65,217.09,217.82,220.60,-1.26,4.56,2.10,-1.36,80657,17611686.22,1693
2026-08-06 00:00:00,VINATIORGA,VINATI ORGANICS LTD,1327.70,1355.00,1320.10,1349.60,1327.70,1.65,34.90,2.63,0.00,80636,108301764.30,6083
2026-08-06 00:00:00,TRAVELFOOD,TRAVEL FOOD SERVICES LTD,1328.00,1396.50,1321.00,1337.20,1348.00,-0.80,75.50,5.69,-1.48,80581,110065614.70,7883
2026-08-06 00:00:00,KAPSTON,KAPSTON SERVICES LIMITED,535.00,535.00,508.55,515.50,532.85,-3.26,26.45,4.94,0.40,80046,41688437.10,3555
2026-08-06 00:00:00,RAMCOCEM,THE RAMCO CEMENTS LIMITED,924.00,945.85,919.05,937.10,922.15,1.62,26.80,2.90,0.20,80023,74834458.00,7112
2026-08-06 00:00:00,CENTURYPLY,CENTURY PLYBOARDS (I) LTD,770.00,792.70,770.00,783.75,768.60,1.97,22.70,2.95,0.18,79648,62457478.80,9190
2026-08-06 00:00:00,ABSLNN50ET,BIRLASLAMC - ABSLNN50ET,78.11,78.70,78.11,78.38,78.11,0.35,0.59,0.76,0.00,79396,6223356.35,262
2026-08-06 00:00:00,HCL-INSYS,HCL INFOSYSTEMS LTD,11.75,11.75,11.44,11.60,11.59,0.09,0.31,2.64,1.38,79205,922322.95,447
2026-08-06 00:00:00,LTTS,L&T TECHNOLOGY SER. LTD.,3564.10,3627.00,3540.00,3555.40,3575.30,-0.56,87.00,2.44,-0.31,79100,284606884.00,12144
2026-08-06 00:00:00,CARBORUNIV,CARBORUNDUM UNIVERSAL LTD,1091.20,1094.80,1065.20,1069.10,1081.70,-1.16,29.60,2.71,0.88,79070,85175639.10,9655
2026-08-06 00:00:00,CNL,CREATIVE NEWTECH LIMITED,1142.00,1142.00,1062.00,1089.45,1131.65,-3.73,80.00,7.01,0.91,78752,86224302.65,6476
2026-08-06 00:00:00,POWERINDIA,HITACHI ENERGY INDIA LTD,32000.00,32145.00,31140.00,31900.00,32400.00,-1.54,1005.00,3.14,-1.23,78579,2502084905.00,24330
2026-08-06 00:00:00,NAHARCAP,NAHAR CAP & FIN.,290.00,293.00,266.83,273.78,264.58,3.48,26.17,9.02,9.61,78385,22012116.38,1707
2026-08-06 00:00:00,MOENERGY,MOTILALAMC - MOENERGY,39.00,39.34,38.30,38.71,38.77,-0.15,1.04,2.67,0.59,77906,3022966.76,675
2026-08-06 00:00:00,NITINSPIN,NITIN SPINNERS LIMITED,579.60,590.00,570.10,572.35,578.55,-1.07,19.90,3.43,0.18,77582,44888555.75,3065
2026-08-06 00:00:00,RAMANEWS,SHREE RAMA NEWSPRINT LTD,33.50,34.00,31.51,33.52,33.45,0.21,2.49,7.43,0.15,77454,2515794.55,327
2026-08-06 00:00:00,ELPROINTL,ELPRO INTERNATIONAL LTD,177.14,178.58,177.01,177.98,178.58,-0.34,1.57,0.89,-0.81,76236,13561739.55,495
2026-08-06 00:00:00,PRECAM,PRECISION CAMSHAFTS LTD.,145.47,146.85,144.00,144.48,145.20,-0.50,2.85,1.96,0.19,76223,11059918.41,1901
2026-08-06 00:00:00,AWHCL,ANTONY WASTE HDG CELL LTD,427.00,432.90,424.00,426.20,427.45,-0.29,8.90,2.08,-0.11,76171,32557640.70,3724
2026-08-06 00:00:00,ZUARI,ZUARI AGRO CHEMICALS LTD,229.45,229.45,226.00,226.69,227.45,-0.33,3.45,1.50,0.88,75641,17210113.62,1834
2026-08-06 00:00:00,UTIAMC,UTI ASSET MNGMT CO LTD,902.00,908.00,895.00,900.30,901.65,-0.15,13.00,1.44,0.04,75540,68187278.50,5447
2026-08-06 00:00:00,TECHNOE,TECHNO ELEC & ENG CO. LTD,1009.50,1009.50,990.30,992.25,1004.60,-1.23,19.20,1.90,0.49,75498,75267388.40,8089
2026-08-06 00:00:00,DLINKINDIA,D-LINK INDIA LTD,447.00,448.30,442.00,443.30,447.00,-0.83,6.30,1.41,0.00,75153,33410684.45,2798
2026-08-06 00:00:00,MOLDTKPAC,MOLD-TEK PACKAGING LTD,694.85,698.00,679.10,683.50,685.55,-0.30,18.90,2.72,1.36,74729,51476299.85,4502
2026-08-06 00:00:00,TRU,TRUCAP FINANCE LIMITED,4.73,4.76,4.57,4.61,4.64,-0.65,0.19,4.02,1.94,74583,347102.17,336
2026-08-06 00:00:00,ZFCVINDIA,ZF COM VE CTR SYS IND LTD,2600.00,2605.00,2545.40,2580.30,2589.90,-0.37,59.60,2.29,0.39,74023,190548086.40,10629
2026-08-06 00:00:00,WHEELS,WHEELS INDIA LTD,1429.60,1439.20,1400.00,1404.30,1429.60,-1.77,39.20,2.74,0.00,74022,104794276.70,3486
2026-08-06 00:00:00,SOBHA,SOBHA LIMITED,1369.90,1371.40,1347.00,1355.90,1361.00,-0.37,24.40,1.78,0.65,73903,100513920.10,6203
2026-08-06 00:00:00,NV20,KOTAKMAMC - KTKNV20ETF,14.33,14.33,14.10,14.22,14.28,-0.42,0.23,1.61,0.35,73776,1052266.59,198
2026-08-06 00:00:00,FORCEMOT,FORCE MOTORS LIMITED,18550.00,18886.00,18331.00,18690.00,18538.00,0.82,555.00,2.99,0.06,73575,1374823017.00,18308
2026-08-06 00:00:00,XTGLOBAL,XTGLOBAL INFOTECH LIMITED,34.25,34.80,31.60,32.37,33.77,-4.15,3.20,9.34,1.42,73512,2402538.59,1149
2026-08-06 00:00:00,GALLANTT,GALLANTT ISPAT LIMITED,630.00,632.00,609.55,615.35,624.05,-1.39,22.45,3.56,0.95,73173,45178670.35,4135
2026-08-06 00:00:00,RISHABH,RISHABH INSTRUMENTS LTD,649.90,661.25,643.00,647.05,647.15,-0.02,18.25,2.81,0.42,73004,47476253.90,4458
2026-08-06 00:00:00,KIRLOSBROS,KIRLOSKAR BROTHERS LTD,1990.00,1992.70,1947.10,1959.40,1984.90,-1.28,45.60,2.29,0.26,72989,143242097.80,7763
2026-08-06 00:00:00,SUMEETINDS,SUMEET IND LIMITED,18.18,18.18,18.18,18.18,19.13,-4.97,0.00,0.00,-4.97,72804,1323576.72,326
2026-08-06 00:00:00,NCLIND,NCL INDUSTRIES LIMITED,169.00,180.31,169.00,177.69,173.85,2.21,11.31,6.69,-2.79,72017,12743465.18,2400
2026-08-06 00:00:00,JTEKTINDIA,JTEKT INDIA LIMITED,141.70,142.39,140.48,141.16,140.82,0.24,1.91,1.35,0.62,71584,10111947.59,1420
2026-08-06 00:00:00,SIGNPOST,SIGNPOST INDIA LIMITED,269.90,272.20,264.35,268.10,269.90,-0.67,7.85,2.91,0.00,71407,19113098.30,2926
2026-08-06 00:00:00,RADIANTCMS,RADIANT CASH MGMT SER LTD,39.50,39.50,38.47,38.84,39.02,-0.46,1.03,2.61,1.23,71052,2762521.04,1059
2026-08-06 00:00:00,BALMLAWRIE,BALMER LAWRIE & CO LTD,175.99,177.20,175.12,176.74,175.76,0.56,2.08,1.18,0.13,70934,12525662.76,1640
2026-08-06 00:00:00,FLEXIADD,DSPAMC - FLEXIADD,10.41,10.41,10.30,10.30,10.36,-0.58,0.11,1.06,0.48,70548,730019.33,263
2026-08-06 00:00:00,ORIENTALTL,ORIENTAL TRIMEX LTD,5.44,5.44,5.11,5.15,5.14,0.19,0.33,6.07,5.84,70513,364756.26,204
2026-08-06 00:00:00,SURAJEST,SURAJ ESTATE DEVELOPERS L,207.00,207.00,202.94,204.06,205.36,-0.63,4.06,1.96,0.80,70493,14440181.12,457
2026-08-06 00:00:00,CUBEXTUB,CUBEX TUBINGS LTD,79.40,81.79,78.30,80.05,78.12,2.47,3.49,4.40,1.64,70407,5651175.33,1160
2026-08-06 00:00:00,MINDTECK,MINDTECK (INDIA) LIMITED,191.96,198.00,190.51,196.51,191.71,2.50,7.49,3.90,0.13,70285,13728443.44,2046
2026-08-06 00:00:00,MODIS,MODIS NAVNIRMAN LTD,415.00,423.00,407.05,411.15,410.65,0.12,15.95,3.84,1.06,70237,29090235.70,1559
2026-08-06 00:00:00,FLUOROCHEM,GUJARAT FLUOROCHEM LTD,4498.10,4589.80,4490.00,4548.00,4498.10,1.11,99.80,2.22,0.00,70208,319979837.60,14635
2026-08-06 00:00:00,SUMIT,SUMIT WOODS LIMITED,57.80,57.80,54.93,56.78,56.59,0.34,2.87,4.97,2.14,69473,3925426.77,711
2026-08-06 00:00:00,NEOGEN,NEOGEN CHEMICALS LIMITED,2012.00,2049.90,1984.60,2031.50,2012.80,0.93,65.30,3.25,-0.04,69468,140870119.40,12053
2026-08-06 00:00:00,SMALLADD,DSPAMC - SMALLADD,18.54,18.54,18.41,18.43,18.46,-0.16,0.13,0.70,0.43,69412,1283682.47,210
2026-08-06 00:00:00,RAYMONDLSL,RAYMOND LIFESTYLE LIMITED,759.00,759.85,744.00,745.55,753.40,-1.04,15.85,2.09,0.74,69374,51898145.40,2577
2026-08-06 00:00:00,CENTENKA,CENTURY ENKA LTD,613.00,614.95,600.10,602.70,612.95,-1.67,14.85,2.42,0.01,68935,41802981.20,2922
2026-08-06 00:00:00,MAKEINDIA,MIRAEAMC - MAMFGETF,168.26,169.41,168.18,168.89,168.57,0.19,1.23,0.73,-0.18,68820,11632476.71,450
2026-08-06 00:00:00,GHCL,GHCL LIMITED,440.00,443.95,436.50,438.00,438.15,-0.03,7.45,1.69,0.42,68657,30127639.55,2249
2026-08-06 00:00:00,INDOCO,INDOCO REMEDIES LTD.,224.62,226.25,221.00,221.83,222.72,-0.40,5.25,2.34,0.85,68629,15337136.57,1631
2026-08-06 00:00:00,BALAJITELE,BALAJI TELEFILMS LIMITED.,84.35,86.79,84.12,85.54,84.66,1.04,2.67,3.17,-0.37,68265,5814718.99,1063
2026-08-06 00:00:00,SOUTHWEST,SOUTH WEST PINNACLE LTD,233.37,236.39,231.20,232.42,234.68,-0.96,5.19,2.22,-0.56,68261,15943032.61,1836
2026-08-06 00:00:00,STUDDS,STUDDS ACCESSORIES LTD,442.80,458.95,440.65,446.55,439.50,1.60,18.30,4.13,0.75,67958,30588929.05,2774
2026-08-06 00:00:00,BIRLACORPN,BIRLA CORPORATION LTD,903.00,913.00,894.00,909.10,903.00,0.68,19.00,2.10,0.00,67934,61380509.55,5180
2026-08-06 00:00:00,RBZJEWEL,RBZ JEWELLERS LIMITED,151.20,152.16,150.00,150.96,149.76,0.80,2.16,1.43,0.96,67746,10220160.08,971
2026-08-06 00:00:00,PDSL,PDS LIMITED,363.00,363.90,354.10,358.05,357.80,0.07,9.80,2.70,1.45,67265,24214528.25,2646
2026-08-06 00:00:00,SOMANYCERA,SOMANY CERAMICS LIMITED,506.80,514.90,500.00,504.00,500.30,0.74,14.90,2.94,1.30,67244,34122770.75,8632
2026-08-06 00:00:00,YASHO,YASHO INDUSTRIES LIMITED,4120.20,4214.90,3985.80,4166.10,4157.50,0.21,229.10,5.56,-0.90,67222,277704625.60,12124
2026-08-06 00:00:00,SHREDIGCEM,SHREE DIGVIJAY CEM CO LTD,72.00,73.22,72.00,72.22,72.23,-0.01,1.22,1.69,-0.32,66999,4844506.95,1021
2026-08-06 00:00:00,MNC,KOTAKMAMC - KOTAKMNC,34.64,34.64,34.20,34.40,34.55,-0.43,0.44,1.27,0.26,66973,2310134.40,666
2026-08-06 00:00:00,STANLEY,STANLEY LIFESTYLES LTD,155.00,156.60,152.54,153.62,154.38,-0.49,4.06,2.62,0.40,66701,10272226.45,1878
2026-08-06 00:00:00,MAMATA,MAMATA MACHINERY LIMITED,428.80,429.90,425.00,425.10,425.15,-0.01,4.90,1.14,0.86,66698,28444810.55,2181
2026-08-06 00:00:00,TIMKEN,TIMKEN INDIA LTD.,3310.00,3390.40,3285.50,3343.10,3309.40,1.02,104.90,3.17,0.02,66427,222641549.20,13994
2026-08-06 00:00:00,ANTGRAPHIC,ANTARCTICA LTD,0.77,0.77,0.74,0.75,0.75,0.00,0.03,3.90,2.67,66373,50297.70,132
2026-08-06 00:00:00,ARSSBL,ANAND RATHI SH N STK BR L,515.00,518.45,509.30,510.80,515.35,-0.88,9.15,1.78,-0.07,66329,33990484.00,2247
2026-08-06 00:00:00,SEDEMAC,SEDEMAC MECHATRONICS LTD,2843.00,2866.30,2790.00,2794.30,2846.40,-1.83,76.30,2.68,-0.12,66308,187112929.60,9542
2026-08-06 00:00:00,JARO,JARO INS OF TEC MG N RE L,458.70,462.10,450.70,453.65,453.85,-0.04,11.40,2.49,1.07,66127,30100407.55,2732
2026-08-06 00:00:00,BETA,BETA DRUGS LIMITED,2400.00,2550.00,2398.90,2518.90,2366.90,6.42,151.10,6.30,1.40,66076,164673042.80,9238
2026-08-06 00:00:00,INTERARCH,INTERARCH BLDNG SOLTN LTD,1855.00,1900.00,1826.30,1860.40,1846.00,0.78,73.70,3.97,0.49,66069,122673167.70,6347
2026-08-06 00:00:00,INDIQUBE,INDIQUBE SPACES LIMITED,175.16,182.99,171.91,181.75,173.70,4.63,11.08,6.33,0.84,66036,11879500.66,1335
2026-08-06 00:00:00,GNRL,GUJARAT NATURAL RES L,93.91,97.00,93.00,95.25,94.07,1.25,4.00,4.26,-0.17,65685,6277043.32,1187
2026-08-06 00:00:00,AAATECH,AAA TECHNOLOGIES LIMITED,91.80,94.01,91.40,93.12,91.33,1.96,2.61,2.84,0.51,65396,6033697.00,259
2026-08-06 00:00:00,ENTERO,ENTERO HEALTHCARE SOLU L,1275.00,1275.00,1226.00,1242.50,1258.80,-1.29,49.00,3.84,1.29,65278,81204898.30,9166
2026-08-06 00:00:00,VEEDOL,VEEDOL CORPORATION LTD,1454.00,1517.00,1450.10,1489.90,1442.90,3.26,66.90,4.60,0.77,65239,97591751.50,5381
2026-08-06 00:00:00,MAHSEAMLES,MAHARASHTRA SEAMLESS LTD,585.70,590.30,580.00,583.80,582.60,0.21,10.30,1.76,0.53,65218,38186668.50,4759
2026-08-06 00:00:00,VOEPL,VIRTUOSO OPTOELECTRONIC L,504.95,514.80,495.15,508.70,498.10,2.13,19.65,3.89,1.38,65043,32943900.65,3301
2026-08-06 00:00:00,INDIAGLYCO,INDIA GLYCOLS LTD,1155.00,1163.20,1148.00,1151.00,1155.30,-0.37,15.20,1.32,-0.03,64880,74895531.10,5201
2026-08-06 00:00:00,POWERMECH,POWER MECH PROJECTS LTD.,2580.80,2644.60,2566.10,2617.00,2573.10,1.71,78.50,3.04,0.30,64814,169004152.30,6928
2026-08-06 00:00:00,ROSSELLIND,ROSSELL INDIA LIMITED,59.40,59.40,53.50,54.95,57.66,-4.70,5.90,9.93,3.02,64663,3659430.17,1112
2026-08-06 00:00:00,MAANALU,MAAN ALUMINIUM LIMITED,128.35,130.00,126.70,128.76,127.25,1.19,3.30,2.57,0.86,64496,8297506.33,978
2026-08-06 00:00:00,SHOPERSTOP,SHOPPERS STOP LIMITED,405.40,424.65,400.35,419.50,406.05,3.31,24.30,5.99,-0.16,64354,26719748.05,3327
2026-08-06 00:00:00,RAMKY,RAMKY INFRA LTD,392.60,408.00,390.95,405.30,393.50,3.00,17.05,4.34,-0.23,64332,25774140.95,2289
2026-08-06 00:00:00,NDTV,NDTV LTD,77.17,77.83,76.94,77.38,77.17,0.27,0.89,1.15,0.00,64051,4958517.07,935
2026-08-06 00:00:00,SPAL,S. P. APPARELS LIMITED,1057.40,1057.40,1003.50,1014.50,1052.20,-3.58,53.90,5.10,0.49,63563,64588678.20,5526
2026-08-06 00:00:00,GICHSGFIN,GIC HOUSING FINANCE LTD,150.00,150.00,148.01,149.59,149.83,-0.16,1.99,1.33,0.11,63528,9474125.92,954
2026-08-06 00:00:00,MEIL,MANGAL ELECTRICAL IND L,274.00,280.45,269.00,276.00,280.05,-1.45,11.45,4.18,-2.16,63417,17472450.10,2037
2026-08-06 00:00:00,SOLARINDS,SOLAR INDUSTRIES (I) LTD,18440.00,18830.00,18353.00,18496.00,18400.00,0.52,477.00,2.59,0.22,63360,1179341728.00,18417
2026-08-06 00:00:00,OMINFRAL,OM INFRA LIMITED,90.13,91.08,89.13,89.67,89.36,0.35,1.95,2.16,0.86,62719,5644319.81,1975
2026-08-06 00:00:00,MONARCH,MONARCH NETWORTH CAP LTD,398.95,398.95,386.00,388.60,390.55,-0.50,12.95,3.25,2.15,62306,24299524.95,2800
2026-08-06 00:00:00,VSTL,VIBHOR STEEL TUBES LTD,111.32,112.39,105.90,108.27,110.77,-2.26,6.49,5.83,0.50,61945,6650996.63,1288
2026-08-06 00:00:00,ESCORTS,ESCORTS KUBOTA LIMITED,3099.90,3099.90,3065.00,3081.00,3089.20,-0.27,34.90,1.13,0.35,61901,190592670.80,5363
2026-08-06 00:00:00,DCMFINSERV,DCM FINANCIAL SERVICES LT,5.02,5.89,5.02,5.55,5.36,3.54,0.87,17.33,-6.34,61809,351415.52,153
2026-08-06 00:00:00,MOHITIND,MOHIT INDUSTRIES LTD,26.25,27.30,25.03,25.51,26.72,-4.53,2.27,8.65,-1.76,61382,1614001.99,493
2026-08-06 00:00:00,RESPONIND,RESPONSIVE INDUSTRIES LTD,173.00,174.70,170.01,171.43,173.12,-0.98,4.69,2.71,-0.07,61225,10533101.99,1560
2026-08-06 00:00:00,BANKBETA,UTIAMC-BANKBETA,59.31,60.20,59.20,60.08,59.64,0.74,1.00,1.69,-0.55,61181,3667605.49,362
2026-08-06 00:00:00,STYLAMIND,STYLAM INDUSTRIES LIMITED,3459.60,3659.40,3455.40,3594.30,3465.90,3.70,204.00,5.90,-0.18,60951,219529434.80,12305
2026-08-06 00:00:00,TOP20,MIRAEAMC - TOP20,9.16,9.16,9.13,9.14,9.12,0.22,0.03,0.33,0.44,60675,554921.16,107
2026-08-06 00:00:00,GALAPREC,GALA PRECISION ENG LTD,1135.00,1184.00,1115.80,1162.20,1124.50,3.35,68.20,6.01,0.93,60231,69409068.20,7270
2026-08-06 00:00:00,ADVENTHTL,ADVENT HOTELS INTERNATI L,146.29,148.09,145.70,146.80,146.96,-0.11,2.39,1.63,-0.46,60150,8841346.21,1242
2026-08-06 00:00:00,RIIL,RELIANCE INDUSTRIAL INFRA,752.90,764.95,750.40,761.20,750.15,1.47,14.55,1.93,0.37,59892,45448895.45,2777
2026-08-06 00:00:00,GLOBAL,GLOBAL EDUCATION LIMITED,105.80,105.80,99.01,100.47,104.01,-3.40,6.79,6.42,1.72,59664,6049610.00,704
2026-08-06 00:00:00,MASFIN,MAS FINANCIAL SERV LTD,306.70,312.00,306.70,309.95,307.20,0.90,5.30,1.73,-0.16,59584,18476178.55,2520
2026-08-06 00:00:00,TERASOFT,TERA SOFTWARE LIMITED,444.00,444.00,419.65,424.05,428.95,-1.14,24.35,5.48,3.51,59266,25321087.85,1495
2026-08-06 00:00:00,JASH,JASH ENGINEERING LIMITED,495.00,503.00,490.00,493.00,494.25,-0.25,13.00,2.63,0.15,58844,29236702.95,3817
2026-08-06 00:00:00,NELCAST,NELCAST LIMITED,125.97,125.97,124.00,124.60,125.94,-1.06,1.97,1.56,0.02,58388,7276748.40,2104
2026-08-06 00:00:00,XCHANGING,XCHANGING SOLUTIONS LTD,68.15,68.84,67.71,68.26,68.15,0.16,1.13,1.66,0.00,58292,3985634.40,795
2026-08-06 00:00:00,HOMEFIRST,HOME FIRST FIN CO IND LTD,1188.20,1196.00,1182.30,1191.10,1186.90,0.35,13.70,1.15,0.11,57718,68687035.70,7231
2026-08-06 00:00:00,KOHINOOR,KOHINOOR FOODS LIMITED,23.48,23.48,22.85,23.14,23.04,0.43,0.63,2.68,1.91,57666,1332184.19,1553
2026-08-06 00:00:00,KDDL,KDDL LIMITED,3695.00,3799.00,3654.50,3706.10,3704.40,0.05,144.50,3.91,-0.25,57633,213928736.40,7032
2026-08-06 00:00:00,PVTBANKADD,DSPAMC - DSPPVBKETF,28.27,28.28,28.09,28.12,28.15,-0.11,0.19,0.67,0.43,57591,1622966.74,205
2026-08-06 00:00:00,MOOILGAS,MOTILALAMC - MOOILGAS,11.24,11.35,11.23,11.30,11.30,0.00,0.12,1.07,-0.53,57530,650001.78,24
2026-08-06 00:00:00,VASWANI,VASWANI IND LTD,52.42,52.51,50.50,51.68,52.76,-2.05,2.01,3.83,-0.64,57316,2957378.78,494
2026-08-06 00:00:00,ANUHPHR,ANUH PHARMA LIMITED,79.00,79.92,78.71,79.31,79.22,0.11,1.21,1.53,-0.28,57112,4514471.02,403
2026-08-06 00:00:00,ULTRAMAR,ULTRAMARINE & PIGMENTS L,390.15,395.00,385.35,389.40,392.25,-0.73,9.65,2.47,-0.54,56980,22304760.65,1225
2026-08-06 00:00:00,COUNCODOS,COUNTRY CONDO S LIMITED,6.05,6.49,5.80,6.22,5.93,4.89,0.69,11.40,2.02,56906,348164.69,223
2026-08-06 00:00:00,LCCINFOTEC,LCC INFOTECH LTD,4.11,4.13,3.86,3.88,4.05,-4.20,0.27,6.57,1.48,56785,224042.05,141
2026-08-06 00:00:00,STCINDIA,THE STATE TRADING CORPN,120.20,121.80,118.10,120.77,119.57,1.00,3.70,3.08,0.53,56484,6784222.44,1065
2026-08-06 00:00:00,MPSLTD,MPS LIMITED,2870.00,2873.60,2700.10,2763.90,2873.70,-3.82,173.50,6.05,-0.13,56267,155868537.90,7393
2026-08-06 00:00:00,MAHEPC,MAHINDRA EPC IRRIG LTD,108.79,109.88,106.40,107.70,107.61,0.08,3.48,3.20,1.10,56076,6081493.74,950
2026-08-06 00:00:00,PATELRMART,PATEL RETAIL LIMITED,224.20,226.39,219.51,221.02,224.53,-1.56,6.88,3.07,-0.15,54814,12202267.52,1392
2026-08-06 00:00:00,THOMASCOTT,THOMAS SCOTT (INDIA) LTD,320.00,324.00,307.20,310.50,302.40,2.68,16.80,5.25,5.82,54673,17199120.00,2043
2026-08-06 00:00:00,LOWVOL1,KOTAKMAMC - KOTAKLOVOL,21.91,21.97,21.60,21.78,21.97,-0.86,0.37,1.69,-0.27,54653,1192507.25,214
2026-08-06 00:00:00,DANGEE,DANGEE DUMS LIMITED,2.99,3.05,2.95,2.95,2.99,-1.34,0.10,3.34,0.00,54542,162475.61,100
2026-08-06 00:00:00,AVTNPL,AVT NATURAL PRODUCTS LTD,71.00,72.38,70.82,71.59,70.81,1.10,1.56,2.20,0.27,54031,3881027.51,813
2026-08-06 00:00:00,ERIS,ERIS LIFESCIENCES LIMITED,1375.10,1394.20,1368.50,1382.90,1375.10,0.57,25.70,1.87,0.00,53999,74484325.60,7344
2026-08-06 00:00:00,SATIA,SATIA INDUSTRIES LIMITED,63.60,64.00,62.42,63.80,63.31,0.77,1.58,2.48,0.46,53967,3415171.88,592
2026-08-06 00:00:00,DCMSHRIRAM,DCM SHRIRAM LIMITED,1017.90,1019.00,1006.90,1010.40,1010.00,0.04,12.10,1.19,0.78,53791,54416106.40,6634
2026-08-06 00:00:00,HDFCNIFBAN,HDFCAMC - HDFCNIFBAN,61.00,61.00,59.45,59.63,59.68,-0.08,1.55,2.54,2.21,53757,3207149.38,758
2026-08-06 00:00:00,TCC,TCC CONCEPT LIMITED,289.40,289.40,269.90,273.00,285.70,-4.45,19.50,6.74,1.30,53607,14866686.60,1789
2026-08-06 00:00:00,GEEKAYWIRE,GEEKAY WIRES LIMITED,22.30,22.87,22.15,22.52,22.30,0.99,0.72,3.23,0.00,53585,1208129.47,615
2026-08-06 00:00:00,GOYALALUM,GOYAL ALUMINIUMS LIMITED,6.58,6.62,6.46,6.49,6.52,-0.46,0.16,2.43,0.92,53526,349760.12,276
2026-08-06 00:00:00,LAXMIDENTL,LAXMI DENTAL LIMITED,220.40,220.50,215.83,218.58,219.60,-0.46,4.67,2.12,0.36,53415,11630131.53,1861
2026-08-06 00:00:00,SKFINDIA,SKF INDIA LTD,1509.90,1527.20,1503.10,1519.20,1509.90,0.62,24.10,1.60,0.00,53256,80982671.90,5994
2026-08-06 00:00:00,SIMPLEXINF,SIMPLEX INFRASTRUCTURES L,231.90,240.50,231.19,237.48,232.16,2.29,9.31,4.01,-0.11,53241,12617381.05,1476
2026-08-06 00:00:00,STEELCAS,STEELCAST LIMITED,340.00,343.00,335.50,337.75,337.00,0.22,7.50,2.21,0.89,52728,17844853.90,2518
2026-08-06 00:00:00,IGCL,INDOGULF CROPSCIENCES LTD,74.73,75.90,74.10,74.72,75.06,-0.45,1.80,2.41,-0.44,52606,3940109.15,898
2026-08-06 00:00:00,TINNARUBR,TINNA RUBBER AND INFR LTD,1131.00,1131.00,1076.30,1100.60,1127.80,-2.41,54.70,4.84,0.28,52591,58535276.10,5370
2026-08-06 00:00:00,JPOLYINVST,JIND POL INV & FIN CO LTD,1049.90,1084.50,1038.30,1065.80,1044.10,2.08,46.20,4.40,0.56,52573,55348226.50,1066
2026-08-06 00:00:00,VSTTILLERS,VST TILLERS TRACTORS LTD,4485.20,4700.70,4418.00,4545.10,4482.80,1.39,282.70,6.30,0.05,52403,240728611.80,9848
2026-08-06 00:00:00,MUNJALSHOW,MUNJAL SHOWA LTD,136.13,137.00,133.30,133.62,137.17,-2.59,3.70,2.72,-0.76,51995,6993364.92,1332
2026-08-06 00:00:00,KANANIIND,KANANI INDUSTRIES LTD,1.53,1.53,1.50,1.51,1.52,-0.66,0.03,1.96,0.66,51953,78689.67,149
2026-08-06 00:00:00,TGBHOTELS,TGB BANQUETS&HOTELS LTD,9.69,9.94,9.14,9.20,9.51,-3.26,0.80,8.26,1.89,51914,484260.45,202
2026-08-06 00:00:00,GENUSPAPER,GENUS P&B LIMITED,12.50,12.75,12.40,12.56,12.65,-0.71,0.35,2.80,-1.19,51708,649814.45,265
2026-08-06 00:00:00,SWELECTES,SWELECT ENERGY SYS LTD,632.00,667.00,610.45,663.30,632.05,4.94,56.55,8.95,-0.01,51698,33833945.10,2321
2026-08-06 00:00:00,FMGOETZE,FEDERAL-MOGUL GOETZE (IND,488.00,491.15,479.75,485.80,486.75,-0.20,11.40,2.34,0.26,51348,24927121.85,1695
2026-08-06 00:00:00,SALZERELEC,SALZER ELECTRONICS LTD,610.00,627.15,609.20,616.00,606.80,1.52,17.95,2.94,0.53,51182,31632709.50,2464
2026-08-06 00:00:00,SHREERAMA,SHREE RAMA MULTI TECH LTD,39.19,39.19,37.75,38.03,38.35,-0.83,1.44,3.67,2.19,51158,1959517.23,730
2026-08-06 00:00:00,HATSUN,HATSUN AGRO PRODUCT LTD.,910.60,939.00,909.00,927.25,910.60,1.83,30.00,3.29,0.00,51026,47293641.60,3089
2026-08-06 00:00:00,CARERATING,CARE RATINGS LIMITED,1751.40,1765.00,1722.00,1730.10,1749.10,-1.09,43.00,2.46,0.13,50498,88264460.80,10233
2026-08-06 00:00:00,INDTERRAIN,IND TERRAIN FASHIONS LTD,31.84,33.30,31.00,32.32,31.84,1.51,2.30,7.22,0.00,50380,1620540.42,458
2026-08-06 00:00:00,RAJTV,RAJ TV NETWORK LTD,10.15,10.20,9.93,9.95,10.15,-1.97,0.27,2.66,0.00,50242,503060.02,281
2026-08-06 00:00:00,ARIHANTCAP,ARIHANT CAPITAL MKTS LTD,77.75,77.75,76.50,76.79,77.75,-1.23,1.25,1.61,0.00,50052,3867452.25,730
2026-08-06 00:00:00,ATLANTAELE,ATLANTA ELECTRICALS LTD,1667.00,1667.00,1580.00,1592.90,1634.50,-2.55,87.00,5.22,1.99,49951,80701740.50,5600
2026-08-06 00:00:00,BUTTERFLY,BTRFLY GANDHI APPL LTD,673.25,698.40,661.30,681.65,667.60,2.10,37.10,5.51,0.85,49840,33823814.70,3212
2026-08-06 00:00:00,KMEW,KNOWLEDGE MARINE & EN W L,2535.00,2595.00,2502.00,2519.20,2542.20,-0.90,93.00,3.67,-0.28,49820,126971867.80,7791
2026-08-06 00:00:00,TOP10ADD,DSPAMC - TOP10ADD,89.45,89.99,88.81,89.27,89.45,-0.20,1.18,1.32,0.00,49409,4419638.22,819
2026-08-06 00:00:00,ORCHPHARMA,ORCHID PHARMA LIMITED,998.95,1015.65,985.10,997.55,990.35,0.73,30.55,3.06,0.87,49403,49303772.00,6501
2026-08-06 00:00:00,AJANTPHARM,AJANTA PHARMA LIMITED,3445.00,3491.00,3442.50,3470.40,3437.50,0.96,48.50,1.41,0.22,49287,170986089.20,7429
2026-08-06 00:00:00,ADVAIT,ADVAIT ENRGY TRANSITION L,2293.60,2330.60,2250.20,2313.10,2285.40,1.21,80.40,3.51,0.36,49255,112902859.10,6906
2026-08-06 00:00:00,APEX,APEX FROZEN FOODS LIMITED,379.80,381.90,373.50,375.15,377.75,-0.69,8.40,2.21,0.54,49137,18519660.05,2727
2026-08-06 00:00:00,BAJAJHLDNG,BAJAJ HOLDINGS & INVS LTD,11496.00,11583.00,11387.00,11387.00,11496.00,-0.95,196.00,1.70,0.00,49087,564813555.00,15331
2026-08-06 00:00:00,MIDQ50ADD,DSPAMC - DSPQ50ETF,25.65,25.70,25.50,25.52,25.63,-0.43,0.20,0.78,0.08,48792,1248891.09,517
2026-08-06 00:00:00,RIR,RIR POWER ELECTRONICS L,161.85,161.85,159.00,160.05,159.60,0.28,2.85,1.76,1.41,48782,7806716.71,1572
2026-08-06 00:00:00,ELMDIV,EDELAMC - ELMDIV,38.15,38.67,36.88,36.91,37.04,-0.35,1.79,4.69,3.00,48736,1827727.36,171
2026-08-06 00:00:00,NATHBIOGEN,NATH BIO-GENES (I) LTD,164.31,165.92,158.20,160.88,164.75,-2.35,7.72,4.70,-0.27,48707,7877676.52,585
2026-08-06 00:00:00,CAPLIPOINT,CAPLIN POINT LAB LTD.,2542.00,2599.90,2542.00,2585.80,2541.80,1.73,57.90,2.28,0.01,48098,123991908.40,8583
2026-08-06 00:00:00,AURUS,AURUS GEM CORP LIMITED,4.79,4.79,4.42,4.56,4.70,-2.98,0.37,7.72,1.91,48050,217818.34,273
2026-08-06 00:00:00,AAVAS,AAVAS FINANCIERS LIMITED,1390.00,1396.40,1367.70,1376.30,1375.70,0.04,28.70,2.06,1.04,47943,66088792.20,7758
2026-08-06 00:00:00,WSI,W.S.INDUSTRIES (I) LTD.,61.40,61.40,60.00,60.07,60.45,-0.63,1.40,2.28,1.57,47673,2901004.10,1003
2026-08-06 00:00:00,MAJESAUT,MAJESTIC AUTO LTD.,492.00,497.00,490.00,495.45,487.90,1.55,7.00,1.42,0.84,47654,23546129.90,2354
2026-08-06 00:00:00,TEGA,TEGA INDUSTRIES LIMITED,1585.00,1595.90,1554.20,1583.30,1580.60,0.17,41.70,2.63,0.28,47262,74545214.80,4175
2026-08-06 00:00:00,FACT,FACT LTD,844.00,850.25,840.00,843.10,840.60,0.30,10.25,1.21,0.40,46846,39528233.50,4001
2026-08-06 00:00:00,GSS,GSS INFOTECH LIMITED,13.54,14.29,13.32,13.54,14.02,-3.42,0.97,7.16,-3.42,46784,641270.24,175
2026-08-06 00:00:00,MOMOMENTUM,MOTILALAMC - MOMOMENTUM,62.40,62.83,62.40,62.56,62.40,0.26,0.43,0.69,0.00,46740,2926926.32,400
2026-08-06 00:00:00,MACPOWER,MACPOWER CNC MACHINES LTD,1534.90,1604.70,1479.00,1581.00,1534.90,3.00,125.70,8.19,0.00,46652,72045282.90,4655
2026-08-06 00:00:00,MASTEK,MASTEK LTD,1833.80,1857.90,1799.00,1823.00,1827.90,-0.27,58.90,3.21,0.32,46398,84713323.50,5453
2026-08-06 00:00:00,MOGSEC,MOTILALAMC - G5,65.24,66.70,65.24,66.01,65.39,0.95,1.46,2.24,-0.23,46199,3038441.48,104
2026-08-06 00:00:00,MARATHON,MARATHON NXTGEN REALT LTD,391.05,391.35,382.35,385.80,387.20,-0.36,9.00,2.30,0.99,46094,17851823.55,1451
2026-08-06 00:00:00,VESUVIUS,VESUVIUS INDIA LTD,453.90,454.10,444.60,445.85,450.20,-0.97,9.50,2.09,0.82,46036,20578377.45,2711
2026-08-06 00:00:00,BAYERCROP,BAYER CROPSCIENCE LTD,4302.00,4338.90,4201.00,4214.90,4302.90,-2.05,137.90,3.21,-0.02,45900,195276270.10,8231
2026-08-06 00:00:00,NIFTY1,KOTAK NIFTY ETF,274.00,274.00,271.70,272.83,272.44,0.14,2.30,0.84,0.57,45851,12532898.29,1520
2026-08-06 00:00:00,PRAVEG,PRAVEG LTD.,281.05,291.40,280.00,287.25,281.55,2.02,11.40,4.06,-0.18,45702,13084637.45,2465
2026-08-06 00:00:00,PIGL,POWER INSTRUMENT (G) LTD,108.21,109.86,104.15,105.71,108.53,-2.60,5.71,5.28,-0.29,45558,4861473.93,592
2026-08-06 00:00:00,RADIOCITY,MUSIC BROADCAST LIMITED,7.09,7.09,6.52,6.87,6.90,-0.43,0.57,8.04,2.75,45521,313890.57,160
2026-08-06 00:00:00,HDFCNIMEG,HDFCAMC - HDFCNIMEG,132.68,132.95,131.28,132.02,132.67,-0.49,1.67,1.26,0.01,45508,6002433.69,218
2026-08-06 00:00:00,INFRA,MIRAEAMC - INFRA,12.22,12.28,12.20,12.23,12.23,0.00,0.08,0.65,-0.08,45211,553250.46,153
2026-08-06 00:00:00,SAATVIKGL,SAATVIK GREEN ENERGY LTD,423.00,429.95,421.00,427.65,422.65,1.18,8.95,2.12,0.08,45101,19233152.85,1870
2026-08-06 00:00:00,SPLPETRO,SUPREME PETROCHEM LIMITED,700.30,712.10,698.00,702.65,706.00,-0.47,14.10,2.01,-0.81,44910,31522067.00,3372
2026-08-06 00:00:00,GEMAROMA,GEM AROMATICS LIMITED,186.15,186.49,182.00,182.87,184.63,-0.95,4.49,2.41,0.82,44776,8239822.27,1050
2026-08-06 00:00:00,DIGIDRIVE,DIGIDRIVE DISTRIBUTORS L,18.45,18.45,17.00,17.33,17.84,-2.86,1.45,7.86,3.42,44650,776915.44,385
2026-08-06 00:00:00,SUNDARMFIN,SUNDARAM FINANCE LTD,4699.00,4738.30,4630.90,4647.40,4736.00,-1.87,107.40,2.29,-0.78,44340,207399914.70,9202
2026-08-06 00:00:00,CORONA,CORONA REMEDIES LIMITED,2120.30,2123.90,2035.00,2045.50,2096.70,-2.44,88.90,4.19,1.13,44125,91235450.40,6352
2026-08-06 00:00:00,HINDWAREAP,HINDWARE HME INOVATON LTD,220.72,221.68,217.50,218.59,218.17,0.19,4.18,1.89,1.17,44036,9669324.90,1255
2026-08-06 00:00:00,EPIGRAL,EPIGRAL LIMITED,1120.00,1125.00,1091.00,1095.80,1119.20,-2.09,34.00,3.04,0.07,43941,48454134.10,3809
2026-08-06 00:00:00,MOHEALTH,MOTILALAMC - MOHEALTH,51.97,52.15,51.72,51.90,51.57,0.64,0.43,0.83,0.78,43542,2261817.44,486
2026-08-06 00:00:00,BLBLIMITED,BLB LIMITED,15.74,16.10,15.74,16.06,15.67,2.49,0.36,2.29,0.45,43483,696010.61,159
2026-08-06 00:00:00,PAUSHAKLTD,PAUSHAK LIMITED,715.00,719.30,685.25,691.70,712.55,-2.93,34.05,4.76,0.34,43267,30171332.60,3107
2026-08-06 00:00:00,GOODYEAR,GOODYEAR INDIA LIMITED,826.15,852.00,794.45,814.95,826.85,-1.44,57.55,6.97,-0.08,43257,35047319.05,2751
2026-08-06 00:00:00,SANGAMIND,SANGAM (INDIA) LTD,613.80,640.00,612.25,615.50,612.55,0.48,27.75,4.52,0.20,43200,26986703.45,2086
2026-08-06 00:00:00,MAXIND,MAX INDIA LIMITED,170.86,174.21,170.86,172.82,171.22,0.93,3.35,1.96,-0.21,42807,7409988.56,1411
2026-08-06 00:00:00,DNAMEDIA,DILIGENT MEDIA CORP LTD.,2.87,2.87,2.76,2.76,2.79,-1.08,0.11,3.83,2.87,42782,118990.29,73
2026-08-06 00:00:00,BFUTILITIE,BF UTILITIES LIMITED,560.80,564.95,558.00,560.15,560.80,-0.12,6.95,1.24,0.00,42520,23875031.15,1238
2026-08-06 00:00:00,DOMS,DOMS INDUSTRIES LIMITED,2250.00,2256.30,2226.10,2251.20,2250.50,0.03,30.20,1.34,-0.02,42508,95376575.90,7100
2026-08-06 00:00:00,GYFTR,GYFTR LIMITED,160.13,162.10,157.20,159.40,161.31,-1.18,4.90,3.06,-0.73,42413,6774026.77,339
2026-08-06 00:00:00,KSR,KSR FOOTWEAR LIMITED,29.50,30.30,28.65,29.05,29.48,-1.46,1.65,5.59,0.07,42277,1256326.82,152
2026-08-06 00:00:00,HPAL,HP ADHESIVES LIMITED,34.88,35.32,33.60,35.15,34.02,3.32,1.72,4.93,2.53,42143,1458387.30,492
2026-08-06 00:00:00,ORISSAMINE,ORISSA MIN DEV CO LTD,4480.00,4617.00,4231.60,4320.20,4411.70,-2.07,385.40,8.60,1.55,41906,188287105.30,5983
2026-08-06 00:00:00,DHANUKA,DHANUKA AGRITECH LTD,1005.30,1035.00,992.00,1026.60,1005.50,2.10,43.00,4.28,-0.02,41872,42534911.50,3285
2026-08-06 00:00:00,AMBIKCO,AMBIKA COTTON MILL LTD.,1827.00,1840.00,1791.00,1826.00,1802.30,1.31,49.00,2.68,1.37,41789,76288312.20,3402
2026-08-06 00:00:00,MONIFTY100,MOTILALAMC - MONIFTY100,26.35,26.35,25.78,26.02,25.78,0.93,0.57,2.16,2.21,41662,1082495.42,74
2026-08-06 00:00:00,HILINFRA,HIGHWAY INFRASTRUCTURE L,45.98,46.49,45.13,45.53,45.45,0.18,1.36,2.96,1.17,41642,1907055.22,485
2026-08-06 00:00:00,ISHANCH,ISHAN DYES N CHEMICALS L,50.50,50.99,48.40,49.00,50.97,-3.87,2.59,5.13,-0.92,41619,2063680.04,264
2026-08-06 00:00:00,ALPA,ALPA LABORATORIES LTD,68.90,72.50,67.06,69.97,67.32,3.94,5.44,7.90,2.35,41530,2925315.46,712
2026-08-06 00:00:00,PYRAMID,PYRAMID TECHNOPLAST LTD,182.22,183.50,177.22,178.55,182.22,-2.01,6.28,3.45,0.00,41360,7465108.02,864
2026-08-06 00:00:00,CEWATER,CONCORD ENVIRO SYSTEMS L,277.30,279.80,275.00,276.65,278.10,-0.52,4.80,1.73,-0.29,41336,11449880.95,1682
2026-08-06 00:00:00,JAYSREETEA,JAYSHREE TEA & INDUSTRIES,90.60,91.79,88.80,89.69,89.29,0.45,2.99,3.30,1.47,40982,3677560.12,876
2026-08-06 00:00:00,CRAFTSMAN,CRAFTSMAN AUTOMATION LTD,10464.50,10644.00,10316.50,10555.00,10408.50,1.41,327.50,3.13,0.54,40822,429231480.00,12069
2026-08-06 00:00:00,RRIL,R R I L LTD.,19.49,19.49,17.41,17.72,18.46,-4.01,2.08,10.67,5.58,40525,728656.91,341
2026-08-06 00:00:00,DIVGIITTS,DIVGI TORQTRANSFER SYST L,1002.20,1019.00,982.05,988.60,1002.20,-1.36,36.95,3.69,0.00,40463,40415683.50,5007
2026-08-06 00:00:00,GLAXO,GLAXOSMITHKLINE PHARMA LT,2546.90,2591.00,2540.50,2579.50,2569.70,0.38,50.50,1.98,-0.89,40361,103896080.60,6192
2026-08-06 00:00:00,ETHOSLTD,ETHOS LIMITED,2829.10,2900.30,2809.90,2824.50,2834.40,-0.35,90.40,3.20,-0.19,40277,115028092.90,7579
2026-08-06 00:00:00,GVPTECH,GVP INFOTECH LIMITED,7.08,7.08,6.85,6.90,7.03,-1.85,0.23,3.25,0.71,40133,278956.96,237
2026-08-06 00:00:00,WCIL,WESTERN CARRIERS (IND) L,90.70,91.19,89.10,89.88,90.66,-0.86,2.09,2.30,0.04,40126,3614161.48,941
2026-08-06 00:00:00,VENUSPIPES,VENUS PIPES & TUBES LTD,1632.00,1640.20,1580.00,1589.90,1629.00,-2.40,60.20,3.69,0.18,40022,64266633.60,4128
2026-08-06 00:00:00,KOTARISUG,KOTHARI SUG & CHEM LTD.,25.50,26.25,25.50,26.07,25.95,0.46,0.75,2.94,-1.73,39834,1035608.47,270
2026-08-06 00:00:00,COMPUSOFT,COMPUCOM SOFTWARE LTD,13.42,13.42,12.97,13.08,13.14,-0.46,0.45,3.35,2.13,39131,512973.93,388
2026-08-06 00:00:00,BLUEDART,BLUE DART EXPRESS LTD,5281.00,5281.00,5061.50,5112.50,5293.50,-3.42,219.50,4.16,-0.24,38960,201395531.50,6723
2026-08-06 00:00:00,INDIANHUME,INDIAN HUME PIPE CO. LTD.,388.10,398.10,382.85,387.80,390.30,-0.64,15.25,3.93,-0.56,38937,15215807.15,2106
2026-08-06 00:00:00,MANGLMCEM,MANGALAM CEMENT LTD,950.00,950.00,935.00,941.15,949.00,-0.83,15.00,1.58,0.11,38501,36361513.35,839
2026-08-06 00:00:00,SELECTIPO,MIRAEAMC - SELECTIPO,48.00,48.20,47.90,48.01,48.02,-0.02,0.30,0.63,-0.04,38052,1828351.43,96
2026-08-06 00:00:00,POLYMED,POLY MEDICURE LIMITED,1708.50,1718.40,1701.00,1709.30,1708.50,0.05,17.40,1.02,0.00,38010,64969134.10,5930
2026-08-06 00:00:00,CSLFINANCE,CSL FINANCE LIMITED,218.00,221.50,211.50,213.04,217.99,-2.27,10.00,4.59,0.00,37857,8154409.44,810
2026-08-06 00:00:00,SKFINDUS,SKF IND (INDUSTRIAL) LTD,2765.00,2850.20,2705.00,2747.80,2728.90,0.69,145.20,5.25,1.32,37614,104344375.40,9490
2026-08-06 00:00:00,KALPATARU,KALPATARU LIMITED,284.40,286.95,282.00,283.00,286.85,-1.34,4.95,1.74,-0.85,37424,10637846.85,1162
2026-08-06 00:00:00,MVGJL,MANOJ VAIBHAV GEM N JEW L,170.90,170.90,165.00,165.82,169.11,-1.95,5.90,3.45,1.06,37421,6222044.48,964
2026-08-06 00:00:00,ECAPINSURE,EDELAMC - ECAPINSURE,23.79,23.86,23.56,23.67,23.74,-0.29,0.30,1.26,0.21,37337,884929.53,308
2026-08-06 00:00:00,SCPL,SHEETAL COOL PRODUCTS LTD,647.00,660.00,635.05,648.60,644.75,0.60,24.95,3.86,0.35,37169,24115137.90,1418
2026-08-06 00:00:00,CREATIVEYE,CREATIVE EYE LIMITED,6.29,6.70,5.76,6.27,6.14,2.12,0.94,14.94,2.44,36956,225201.50,206
2026-08-06 00:00:00,AGI,AGI GREENPAC LIMITED,719.30,719.30,708.00,710.55,718.70,-1.13,11.30,1.57,0.08,36879,26289830.00,1900
2026-08-06 00:00:00,SHRIPISTON,SPR AUTO TECHNOLOGIES LTD,4510.00,4510.00,4312.50,4325.40,4440.80,-2.60,197.50,4.38,1.56,36877,161724978.60,7832
2026-08-06 00:00:00,SOMICONVEY,SOMI CONVEYOR BELT. LTD.,97.99,97.99,90.42,91.42,93.88,-2.62,7.57,7.73,4.38,36799,3423421.65,1175
2026-08-06 00:00:00,SAKHTISUG,SAKTHI SUGARS LTD,17.55,17.70,17.39,17.50,17.68,-1.02,0.31,1.77,-0.74,36769,645748.57,289
2026-08-06 00:00:00,ASHIANA,ASHIANA HOUSING LTD,386.00,389.95,380.00,381.80,386.00,-1.09,9.95,2.58,0.00,36743,14090111.45,2066
2026-08-06 00:00:00,TRF,TRF LIMITED,230.50,235.38,228.01,232.41,229.38,1.32,7.37,3.20,0.49,36738,8561419.31,1276
2026-08-06 00:00:00,SHREEPUSHK,SHRE PUSH CHEM & FERT LTD,416.45,430.00,408.10,424.75,416.45,1.99,21.90,5.26,0.00,36584,15319951.25,1548
2026-08-06 00:00:00,THEMISMED,THEMIS MEDICARE LTD.,116.06,116.88,112.50,112.78,116.06,-2.83,4.38,3.77,0.00,36207,4132806.39,809
2026-08-06 00:00:00,HARRMALAYA,HARRISON MALAYALAM LTD,224.80,228.00,215.00,222.27,223.12,-0.38,13.00,5.78,0.75,36047,7980569.96,1267
2026-08-06 00:00:00,BFINVEST,BF INVESTMENT LIMITED,481.00,485.25,471.00,472.95,477.40,-0.93,14.25,2.96,0.75,35930,17112837.65,1792
2026-08-06 00:00:00,TVTODAY,TV TODAY NETWORK LTD,118.99,119.56,114.45,115.65,116.60,-0.81,5.11,4.29,2.05,35529,4150236.04,673
2026-08-06 00:00:00,ELANTAS,ELANTAS BECK INDIA LTD.,12347.50,13200.00,12061.50,12376.50,11847.50,4.47,1138.50,9.22,4.22,35359,448022338.00,11812
2026-08-06 00:00:00,BALAXI,BALAXI PHARMA LTD,24.55,24.80,24.17,24.20,24.17,0.12,0.63,2.57,1.57,35022,854842.44,191
2026-08-06 00:00:00,PRABHA,PRABHA ENERGY LIMITED,157.80,159.40,153.00,156.44,156.69,-0.16,6.40,4.06,0.71,34854,5494500.25,690
2026-08-06 00:00:00,MOTOUR,MOTILALAMC - MOTOUR,81.03,81.20,80.10,80.45,81.15,-0.86,1.10,1.36,-0.15,34811,2808688.56,306
2026-08-06 00:00:00,RATNAMANI,RATNAMANI MET & TUB LTD.,2381.50,2420.00,2351.00,2370.60,2381.50,-0.46,69.00,2.90,0.00,34705,83039979.90,9128
2026-08-06 00:00:00,RPSGVENT,RPSG VENTURES LIMITED,960.00,969.90,915.15,921.05,960.45,-4.10,54.75,5.70,-0.05,34573,32491676.45,1876
2026-08-06 00:00:00,NIBL,NRB INDUS. BEARINGS LTD.,36.40,36.97,34.00,34.04,36.40,-6.48,2.97,8.16,0.00,34526,1196276.21,824
2026-08-06 00:00:00,BBL,BHARAT BIJLEE LTD,2330.00,2379.90,2322.00,2345.80,2320.10,1.11,57.90,2.48,0.43,34358,80777564.10,4166
2026-08-06 00:00:00,HEIDELBERG,HEIDELBERGCEMENT (I) LTD,156.75,157.75,156.02,157.17,156.49,0.43,1.73,1.10,0.17,34254,5372478.47,1163
2026-08-06 00:00:00,BIRLAMONEY,ADITYA BIRLA MONEY LTD,134.27,134.30,132.50,133.53,133.37,0.12,1.80,1.34,0.67,34206,4568400.20,846
2026-08-06 00:00:00,WORTHPERI,WORTH PERIPHERALS LIMITED,153.21,153.21,148.37,149.86,150.18,-0.21,4.84,3.16,2.02,34163,5140782.75,366
2026-08-06 00:00:00,SCHAEFFLER,SCHAEFFLER INDIA LIMITED,4089.00,4104.30,4026.00,4036.30,4089.50,-1.30,78.30,1.91,-0.01,34157,138337181.30,7182
2026-08-06 00:00:00,NURECA,NURECA LIMITED,339.00,354.00,335.85,338.65,343.95,-1.54,18.15,5.35,-1.44,34037,11711905.20,1861
2026-08-06 00:00:00,GODREJIND,GODREJ INDUSTRIES LTD,1326.90,1333.70,1300.10,1304.80,1320.40,-1.18,33.60,2.53,0.49,33908,44616206.60,4612
2026-08-06 00:00:00,TATVA,TATVA CHIN PHARM CHEM LTD,1720.00,1763.80,1701.00,1731.10,1720.80,0.60,62.80,3.65,-0.05,33841,58994968.90,3956
2026-08-06 00:00:00,AUTOAXLES,AUTOMOTIVE AXLES LIMITED,1900.00,1910.40,1837.80,1848.90,1939.20,-4.66,72.60,3.82,-2.02,33724,63201229.90,3770
2026-08-06 00:00:00,KRSNAA,KRSNAA DIAGNOSTICS LTD,560.00,563.30,553.50,559.90,561.45,-0.28,9.80,1.75,-0.26,33332,18635772.05,2430
2026-08-06 00:00:00,TTL,T T LIMITED,6.30,6.40,6.25,6.28,6.27,0.16,0.15,2.38,0.48,33025,208993.53,111
2026-08-06 00:00:00,RADAAN,RADAAN MEDIAWORKS (I) LTD,3.09,3.17,2.86,3.04,3.09,-1.62,0.31,10.03,0.00,32947,99395.12,104
2026-08-06 00:00:00,TNTELE,TAMILNADU TELECOMMUNICATI,9.12,9.22,8.91,8.93,8.90,0.34,0.31,3.40,2.47,32779,296071.12,94
2026-08-06 00:00:00,SURAKSHA,SURAKSHA DIAGNOSTIC LTD,252.30,254.85,249.20,250.75,252.30,-0.61,5.65,2.24,0.00,32676,8214924.30,1298
2026-08-06 00:00:00,JHS,JHS SVEND. LAB. LTD,7.70,7.85,7.60,7.80,7.76,0.52,0.25,3.25,-0.77,32612,253841.03,96
2026-08-06 00:00:00,ARMANFIN,ARMAN FIN SERV LTD,2064.90,2065.50,2011.00,2031.50,2049.80,-0.89,54.50,2.64,0.74,32572,66491254.00,3770
2026-08-06 00:00:00,SRTL,SHREE RAM TWISTEX LIMITED,40.96,40.96,39.00,39.72,40.33,-1.51,1.96,4.79,1.56,32509,1300331.64,462
2026-08-06 00:00:00,GUJTHEM,GUJARAT THEMIS BIOSYN LTD,357.10,366.00,352.15,361.90,355.95,1.67,13.85,3.88,0.32,32491,11724976.60,1393
2026-08-06 00:00:00,TAALTECH,TAAL TECH LTD.,4020.10,4348.00,3840.10,4110.20,3998.80,2.79,507.90,12.63,0.53,32272,132952434.50,5674
2026-08-06 00:00:00,ICRA,ICRA LIMITED,5122.00,5205.00,5089.30,5175.40,5121.90,1.04,115.70,2.26,0.00,32116,166058082.20,6280
2026-08-06 00:00:00,BPL,BPL LTD,53.11,54.29,53.01,53.42,53.43,-0.02,1.28,2.41,-0.60,32002,1720079.15,858
2026-08-06 00:00:00,HEALTHCARE,MIRAEAMC - HEALTHCARE,21.77,21.85,21.64,21.68,21.67,0.05,0.21,0.96,0.46,31934,695044.03,153
2026-08-06 00:00:00,MAHAPEXLTD,MAHA RASHTRA APEX COPR. L,46.90,46.90,44.00,44.88,46.90,-4.31,2.90,6.18,0.00,31919,1419659.38,225
2026-08-06 00:00:00,LINCOLN,LINCOLN PHARMA LTD,616.90,622.20,600.65,606.20,610.85,-0.76,21.55,3.49,0.99,31762,19459057.00,1574
2026-08-06 00:00:00,ATLANTAA,ATLANTAA LIMITED,39.71,41.67,39.16,40.31,40.30,0.02,2.51,6.32,-1.46,31647,1288651.80,553
2026-08-06 00:00:00,GRINDWELL,GRINDWELL NORTON LIMITED,2094.00,2124.00,2076.00,2107.60,2100.70,0.33,48.00,2.29,-0.32,31623,66423503.10,7154
2026-08-06 00:00:00,INDNIPPON,INDIA NIPPON ELECT  LTD,1137.00,1175.00,1136.20,1152.50,1136.60,1.40,38.80,3.41,0.04,31621,36492493.40,3847
2026-08-06 00:00:00,NILKAMAL,NILKAMAL LIMITED,1810.30,1820.00,1760.00,1776.70,1801.30,-1.37,60.00,3.31,0.50,31568,56647011.70,3568
2026-08-06 00:00:00,RAJSREESUG,RAJSHREE SUGAR & CHEMICAL,30.99,31.40,30.01,30.50,30.84,-1.10,1.39,4.49,0.49,31556,961164.81,344
2026-08-06 00:00:00,ISGEC,ISGEC HEAVY ENG LTD,832.05,838.35,815.80,820.35,830.95,-1.28,22.55,2.71,0.13,31532,26065429.85,2839
2026-08-06 00:00:00,PRIVISCL,PRIVI SPECIALITY CHE LTD,3645.00,3697.60,3601.80,3660.00,3648.00,0.33,95.80,2.63,-0.08,31098,114072465.30,6445
2026-08-06 00:00:00,ABSL10BANK,BIRLASLAMC - ABSL10BANK,171.21,172.50,170.73,171.96,170.74,0.71,1.77,1.03,0.28,30772,5272962.34,30
2026-08-06 00:00:00,BOSCHLTD,BOSCH LIMITED,42920.00,42920.00,41870.00,42000.00,42920.00,-2.14,1050.00,2.45,0.00,30753,1297609090.00,15285
2026-08-06 00:00:00,KPL,KWALITY PHARMACEUTICALS L,2550.00,2690.00,2550.00,2652.10,2559.10,3.63,140.00,5.49,-0.36,30735,81361783.80,4297
2026-08-06 00:00:00,MUTHOOTCAP,MUTHOOT CAP SERV LTD,266.00,266.00,261.19,263.94,261.19,1.05,4.81,1.81,1.84,30659,8109519.87,1132
2026-08-06 00:00:00,MID150,KOTAKMAMC - MID150,23.87,23.87,23.70,23.75,23.73,0.08,0.17,0.71,0.59,30572,726850.46,176
2026-08-06 00:00:00,HERANBA,HERANBA INDUSTRIES LTD,179.43,182.38,178.10,179.05,179.18,-0.07,4.28,2.39,0.14,30476,5497220.48,772
2026-08-06 00:00:00,DVL,DHUNSERI VENTURES LIMITED,269.70,277.00,266.00,273.01,264.00,3.41,11.00,4.08,2.16,30355,8262785.85,1077
2026-08-06 00:00:00,EXPLEOSOL,EXPLEO SOLUTIONS LIMITED,811.60,834.40,809.95,821.05,811.70,1.15,24.45,3.01,-0.01,30113,24828832.65,1986
2026-08-06 00:00:00,AARNAV,AARNAV FASHIONS LIMITED,30.25,31.49,30.25,30.86,30.44,1.38,1.24,4.10,-0.62,30002,923847.79,490
2026-08-06 00:00:00,WINDLAS,WINDLAS BIOTECH LIMITED,861.05,877.00,861.00,873.75,856.85,1.97,16.00,1.86,0.49,29896,26021528.05,1932
2026-08-06 00:00:00,RKEC,RKEC PROJECTS LIMITED,26.30,27.19,26.07,26.18,26.75,-2.13,1.12,4.26,-1.68,29786,788518.11,171
2026-08-06 00:00:00,LOWVOL,MIRAEAMC - MANV30F,213.22,214.13,212.95,213.27,213.02,0.12,1.18,0.55,0.09,29623,6331212.13,11
2026-08-06 00:00:00,CPL,CAPTAIN POLYPLAST LIMITED,72.50,73.20,71.11,72.20,72.88,-0.93,2.09,2.88,-0.52,29541,2126592.54,735
2026-08-06 00:00:00,FABTECH,FABTECH TECHNOLOGIES LTD,152.99,152.99,149.50,150.25,151.88,-1.07,3.49,2.28,0.73,29509,4434699.25,848
2026-08-06 00:00:00,CCHHL,COUNTRY CLUB HOSP HOL LTD,12.72,13.47,12.72,12.78,12.93,-1.16,0.75,5.90,-1.62,29499,382443.38,126
2026-08-06 00:00:00,DIAMINESQ,DIAMINES & CHEMICALS LTD,267.15,274.98,260.00,266.95,262.79,1.58,14.98,5.61,1.66,29496,7928659.57,885
2026-08-06 00:00:00,SASKEN,SASKEN TECHNOLOGIES LTD,2003.00,2015.00,1905.00,1917.10,1972.20,-2.79,110.00,5.49,1.56,29486,57033325.50,4118
2026-08-06 00:00:00,PTL,PTL ENTERPRISES LTD,40.28,40.40,39.90,39.94,40.06,-0.30,0.50,1.24,0.55,29476,1181650.88,659
2026-08-06 00:00:00,BBTC,BOMBAY BURMAH TRADING COR,1505.00,1533.80,1495.00,1498.00,1501.50,-0.23,38.80,2.58,0.23,29429,44312754.20,3669
2026-08-06 00:00:00,BALAJEE,SHREE TIRUPATI BALAJEE L,27.31,27.95,26.16,27.17,27.56,-1.42,1.79,6.55,-0.91,29212,794567.79,236
2026-08-06 00:00:00,ALPHAGEO,ALPHAGEO (INDIA) LIMITED,239.78,240.00,224.10,233.57,236.16,-1.10,15.90,6.63,1.53,29077,6773263.89,729
2026-08-06 00:00:00,ARVSMART,ARVIND SMARTSPACES LTD,598.00,605.85,590.70,603.30,596.30,1.17,15.15,2.53,0.29,29048,17423411.15,1252
2026-08-06 00:00:00,ZENITHSTL,ZENITH STEEL PIP IND LTD,5.69,5.72,5.49,5.65,5.64,0.18,0.23,4.04,0.89,29028,164069.24,120
2026-08-06 00:00:00,ESTER,ESTER INDUSTRIES LTD,88.88,89.66,87.12,88.00,88.20,-0.23,2.54,2.86,0.77,28795,2554850.30,669
2026-08-06 00:00:00,BLIL,BALMER LAWRIE INVSTS. L,71.33,71.33,70.71,71.12,70.95,0.24,0.62,0.87,0.54,28704,2040980.60,469
2026-08-06 00:00:00,SILLYMONKS,SILLY MONKS ENTERTAIN LTD,16.39,16.88,15.16,15.70,16.31,-3.74,1.72,10.49,0.49,28677,453714.26,204
2026-08-06 00:00:00,KENNAMET,KENNAMETAL INDIA LIMITED,3088.00,3182.80,3088.00,3123.70,3058.60,2.13,94.80,3.07,0.96,28478,89575752.60,3140
2026-08-06 00:00:00,VOLTAMP,VOLTAMP TRANSFORMERS LTD,10050.00,10129.50,9887.00,9941.00,10050.00,-1.08,242.50,2.41,0.00,28346,283253566.00,11347
2026-08-06 00:00:00,SUBROS,SUBROS LIMITED,829.50,835.35,823.40,826.70,829.50,-0.34,11.95,1.44,0.00,28041,23222509.55,1957
2026-08-06 00:00:00,SIL,STANDARD INDUSTRIES LTD.,17.15,17.15,16.80,17.02,16.97,0.29,0.35,2.04,1.06,27889,473272.54,160
2026-08-06 00:00:00,NOVARTIND,NOVARTIS INDIA LIMITED,1637.00,1681.60,1556.00,1609.70,1634.90,-1.54,125.60,7.67,0.13,27545,44395105.50,3549
2026-08-06 00:00:00,NATCAPSUQ,NATURAL CAPSULES LIMITED,150.00,159.99,145.61,149.91,148.14,1.19,14.38,9.59,1.26,27472,4190517.48,468
2026-08-06 00:00:00,HALDER,HALDER VENTURE LIMITED,261.00,265.00,255.80,260.77,256.56,1.64,9.20,3.52,1.73,27448,7067869.96,226
2026-08-06 00:00:00,DCI,DC INFOTECH AND COMUN LTD,355.00,360.20,344.40,350.90,350.20,0.20,15.80,4.45,1.37,27286,9546325.05,1032
2026-08-06 00:00:00,NIFTYBETA,UTIAMC-NIFTYBETA,277.96,277.96,270.48,272.82,271.19,0.60,7.48,2.69,2.50,27275,7447535.15,518
2026-08-06 00:00:00,NUCLEUS,NUCLEUS SOFTWARE EXPORTS,698.75,707.20,691.25,698.55,689.85,1.26,15.95,2.28,1.29,27141,18956120.80,1829
2026-08-06 00:00:00,HDFCNIF100,HDFCAMC - HDFCNIF100,26.58,26.66,26.30,26.55,26.36,0.72,0.36,1.35,0.83,27026,719537.69,268
2026-08-06 00:00:00,CAPITALSFB,CAPITAL SMALL FIN BANK L,295.90,298.20,294.05,295.85,296.35,-0.17,4.15,1.40,-0.15,27025,7992123.35,448
2026-08-06 00:00:00,RPEL,RAGHAV PRODUCTIVITY ENH L,1262.80,1275.00,1244.00,1267.40,1248.60,1.51,31.00,2.45,1.14,26798,33723646.30,2973
2026-08-06 00:00:00,JITFINFRA,JITF INFRALOGISTICS LTD,355.25,355.25,331.00,336.80,346.85,-2.90,24.25,6.83,2.42,26621,9060380.35,1079
2026-08-06 00:00:00,YUKEN,YUKEN INDIA LIMITED,749.55,827.40,741.05,803.40,749.40,7.21,86.35,11.52,0.02,26596,21260124.10,1705
2026-08-06 00:00:00,AARVI,AARVI ENCON LIMITED,158.93,159.49,155.00,155.87,156.36,-0.31,4.49,2.83,1.64,26550,4167055.96,850
2026-08-06 00:00:00,ARCHIDPLY,ARCHIDPLY IND. LTD,83.48,85.95,80.65,82.04,80.42,2.01,5.30,6.35,3.81,26416,2192114.55,543
2026-08-06 00:00:00,MADRASFERT,MADRAS FERTILISERS LTD,67.04,67.25,66.61,67.08,66.86,0.33,0.64,0.95,0.27,26346,1765453.67,302
2026-08-06 00:00:00,GSLSU,GLOBAL SURFACES LIMITED,29.33,29.50,28.32,29.21,28.65,1.95,1.18,4.02,2.37,26327,762993.94,344
2026-08-06 00:00:00,ADVANIHOTR,ADVANI HOT.& RES.(I) LTD,50.54,51.16,50.36,50.77,50.53,0.47,0.80,1.58,0.02,26013,1318525.67,573
2026-08-06 00:00:00,VLSFINANCE,VLS FINANCE LTD,264.90,269.85,256.95,261.45,264.05,-0.98,12.90,4.87,0.32,25940,6763672.70,935
2026-08-06 00:00:00,FINKURVE,FINKURVE FINANCIAL SERV L,60.00,60.84,58.72,59.20,59.05,0.25,2.12,3.53,1.61,25820,1531353.11,535
2026-08-06 00:00:00,CELEBRITY,CELEBRITY FASHIONS LTD,7.30,7.30,6.90,6.98,7.23,-3.46,0.40,5.48,0.97,25640,181407.26,136
2026-08-06 00:00:00,ARIHANTSUP,ARIHANT SUPERSTRUCT LTD,258.00,270.20,256.10,267.30,260.25,2.71,14.10,5.47,-0.86,25583,6832778.25,540
2026-08-06 00:00:00,PTCIL,PTC INDUSTRIES LIMITED,18110.00,18540.00,17973.00,18221.00,18092.00,0.71,567.00,3.13,0.10,25380,465415713.00,8805
2026-08-06 00:00:00,MAITHANALL,MAITHAN ALLOYS LTD,964.65,977.45,963.00,967.70,968.55,-0.09,14.45,1.50,-0.40,25353,24528724.50,1583
2026-08-06 00:00:00,KAYA,KAYA LIMITED,282.00,287.90,271.00,273.70,273.75,-0.02,16.90,5.99,3.01,25132,7009660.85,614
2026-08-06 00:00:00,KSOLVES,KSOLVES INDIA LIMITED,280.10,285.00,280.00,283.00,279.75,1.16,5.00,1.79,0.13,25107,7099381.20,1078
2026-08-06 00:00:00,SURANAT&P,SURANA TELECOM AND POW LT,18.19,18.27,17.87,17.97,18.01,-0.22,0.40,2.20,1.00,24962,451539.34,230
2026-08-06 00:00:00,CONS,KOTAKMAMC - KOTAKCONS,12.57,12.59,12.40,12.55,12.51,0.32,0.19,1.51,0.48,24961,313002.69,351
2026-08-06 00:00:00,RUCHINFRA,RUCHI INFRASTRUCTURE LTD,6.07,6.07,5.82,5.84,5.89,-0.85,0.25,4.12,3.06,24935,147114.63,101
2026-08-06 00:00:00,KINGFA,KINGFA SCI & TEC IND LTD.,5200.00,5450.00,5102.50,5344.00,5163.50,3.50,347.50,6.68,0.71,24750,132093483.50,5127
2026-08-06 00:00:00,MAFATIND,MAFATLAL INDUSTRIES LTD.,134.80,135.00,131.50,133.05,134.33,-0.95,3.50,2.60,0.35,24656,3295697.54,462
2026-08-06 00:00:00,PLATIND,PLATINUM INDUSTRIES LTD,229.50,229.50,225.55,226.14,227.46,-0.58,3.95,1.72,0.90,24615,5593215.20,723
2026-08-06 00:00:00,BRNL,BHARAT ROAD NETWORK LTD,17.85,18.10,17.50,17.62,17.49,0.74,0.60,3.36,2.06,24585,434801.46,196
2026-08-06 00:00:00,GRINFRA,G R INFRAPROJECTS LIMITED,899.00,904.35,882.00,889.95,897.50,-0.84,22.35,2.49,0.17,24525,21814332.80,2300
2026-08-06 00:00:00,SHREECEM,SHREE CEMENT LIMITED,26915.00,26920.00,26170.00,26245.00,26900.00,-2.43,750.00,2.79,0.06,24420,644363390.00,8243
2026-08-06 00:00:00,INNOVACAP,INNOVA CAPTAB LIMITED,949.90,970.00,942.55,954.05,945.00,0.96,27.45,2.89,0.52,24212,23202687.90,2930
2026-08-06 00:00:00,AGARIND,AGARWAL INDS CORP LTD.,525.00,527.85,515.20,524.20,523.25,0.18,12.65,2.41,0.33,24208,12616500.75,1609
2026-08-06 00:00:00,LICNMID100,LICNAMC - LICNMID100,64.20,64.50,63.57,63.94,64.20,-0.40,0.93,1.45,0.00,24181,1555421.76,103
2026-08-06 00:00:00,AIRAN,AIRAN LIMITED,14.96,15.16,14.96,15.05,15.16,-0.73,0.20,1.34,-1.32,23900,359535.00,195
2026-08-06 00:00:00,AONETMMQ50,AONEAMC - AONETMMQ50,10.26,10.26,10.15,10.20,10.21,-0.10,0.11,1.07,0.49,23891,243736.10,212
2026-08-06 00:00:00,TOLINS,TOLINS TYRES LIMITED,103.30,104.10,102.70,103.09,103.55,-0.44,1.40,1.36,-0.24,23759,2455030.88,533
2026-08-06 00:00:00,SPECTRUM,SPECTRUM ELECTRIC IND LTD,2523.20,2637.20,2504.40,2568.00,2514.20,2.14,132.80,5.26,0.36,23515,60849586.00,4106
2026-08-06 00:00:00,SANOFI,SANOFI INDIA LIMITED,3329.30,3360.00,3305.40,3352.60,3328.40,0.73,54.60,1.64,0.03,23429,78109811.50,3664
2026-08-06 00:00:00,5PAISA,5PAISA CAPITAL LIMITED,370.00,372.00,364.80,366.10,367.20,-0.30,7.20,1.95,0.76,23398,8580656.10,1386
2026-08-06 00:00:00,NESCO,NESCO LTD.,1059.00,1059.00,1040.80,1049.20,1049.40,-0.02,18.20,1.72,0.91,23204,24364102.80,1954
2026-08-06 00:00:00,KHAITANLTD,KHAITAN (INDIA)LTD.,158.99,162.40,153.00,157.13,155.30,1.18,9.40,5.91,2.38,23099,3656182.61,412
2026-08-06 00:00:00,CEINSYS,CEINSYS TECH LIMITED,858.00,858.00,840.00,844.50,858.05,-1.58,18.00,2.10,-0.01,23017,19562986.05,1507
2026-08-06 00:00:00,BAIDFIN,BAID FINSERV LIMITED,10.03,10.17,10.00,10.10,10.10,0.00,0.17,1.69,-0.69,22997,232021.50,75
2026-08-06 00:00:00,JKCEMENT,JK CEMENT LIMITED,5485.00,5504.50,5405.00,5421.00,5484.50,-1.16,99.50,1.81,0.01,22983,125118912.50,6083
2026-08-06 00:00:00,GOCLCORP,GOCL CORPORATION LIMITED,412.35,414.05,408.60,410.55,412.35,-0.44,5.45,1.32,0.00,22976,9434035.85,944
2026-08-06 00:00:00,LIKHITHA,LIKHITHA INFRASTRUC LTD,224.55,224.55,218.00,220.06,220.80,-0.34,6.55,2.92,1.70,22706,4989134.16,665
2026-08-06 00:00:00,NIFTY100EW,KOTAKMAMC - NIFTY100EW,36.08,36.17,35.75,36.05,35.91,0.39,0.42,1.16,0.47,22447,808983.43,166
2026-08-06 00:00:00,JSWDULUX,JSW DULUX LIMITED,3048.00,3109.90,3023.00,3077.00,3022.10,1.82,86.90,2.85,0.86,22234,68072723.50,5931
2026-08-06 00:00:00,SESHAPAPER,SESHASAYEE PAPER & BOARDS,232.00,234.66,230.81,233.05,230.77,0.99,3.85,1.66,0.53,22200,5151643.78,629
2026-08-06 00:00:00,ADOR,ADOR WELDING LTD,1518.00,1518.00,1462.70,1484.80,1508.10,-1.54,55.30,3.64,0.66,22159,33097247.40,3480
2026-08-06 00:00:00,VADILALIND,VADILAL INDUSTRIES LTD,7145.00,7386.00,7090.50,7327.50,7162.00,2.31,295.50,4.14,-0.24,22113,161191820.00,5793
2026-08-06 00:00:00,KSL,KALYANI STEELS LIMITED,885.00,899.00,877.00,882.25,882.45,-0.02,22.00,2.49,0.29,22097,19678992.00,1718
2026-08-06 00:00:00,SRHHYPOLTD,SREE RAYALSEEMA HHP LTD.,493.50,518.20,493.50,512.65,488.15,5.02,24.70,5.01,1.10,22054,11245921.80,1312
2026-08-06 00:00:00,PAKKA,PAKKA LIMITED,72.75,73.59,72.00,72.15,72.84,-0.95,1.59,2.19,-0.12,21974,1596217.96,907
2026-08-06 00:00:00,TECH,BIRLASLAMC - TECH,35.00,35.00,33.62,34.05,34.10,-0.15,1.38,3.94,2.64,21964,751215.00,295
2026-08-06 00:00:00,LUXIND,LUX INDUSTRIES LIMITED,1290.90,1291.80,1263.00,1266.40,1287.20,-1.62,28.80,2.23,0.29,21937,27987216.80,2017
2026-08-06 00:00:00,VENTIVE,VENTIVE HOSPITALITY LTD,615.60,621.35,610.00,612.80,621.30,-1.37,11.35,1.84,-0.92,21866,13482075.25,1163
2026-08-06 00:00:00,IVZINNIFTY,INVESCO INDIA NIFTY ETF,291.34,298.40,277.13,283.31,284.24,-0.33,21.27,7.30,2.50,21849,6186374.77,124
2026-08-06 00:00:00,EMKAY,EMKAY GLOBAL FIN SERV LTD,252.20,255.00,241.00,243.34,249.79,-2.58,14.00,5.55,0.96,21848,5382553.84,1140
2026-08-06 00:00:00,RANEHOLDIN,RANE HOLDINGS LIMITED,1795.10,1817.00,1740.00,1761.60,1841.00,-4.31,77.00,4.29,-2.49,21841,38510830.50,2793
2026-08-06 00:00:00,SANATHAN,SANATHAN TEXTILES LIMITED,476.75,480.20,470.05,474.70,476.75,-0.43,10.15,2.13,0.00,21789,10349822.90,1247
2026-08-06 00:00:00,LEXUS,LEXUS GRANITO (INDIA) LTD,14.93,14.94,14.16,14.79,14.55,1.65,0.78,5.22,2.61,21753,321606.06,65
2026-08-06 00:00:00,SAGCEM,SAGAR CEMENTS LIMITED,173.00,174.50,172.32,173.87,172.90,0.56,2.18,1.26,0.06,21741,3773135.92,633
2026-08-06 00:00:00,HEALTHAXIS,AXISAMC-HEALTHAXIS,171.01,171.22,169.38,169.90,169.55,0.21,1.84,1.08,0.86,21552,3678163.55,81
2026-08-06 00:00:00,LIBERTSHOE,LIBERTY SHOES LTD,268.50,268.80,262.90,264.25,268.20,-1.47,5.90,2.20,0.11,21496,5710132.95,867
2026-08-06 00:00:00,KAMATHOTEL,KAMAT HOTELS (I) LTD,175.00,175.00,171.25,172.06,172.76,-0.41,3.75,2.14,1.30,21459,3698894.52,712
2026-08-06 00:00:00,HDFCQUAL,HDFCAMC - HDFCQUAL,59.90,60.03,59.20,59.38,59.68,-0.50,0.83,1.39,0.37,21394,1280005.58,376
2026-08-06 00:00:00,RAMAPHO,RAMA PHOSPHATES LIMITED,125.05,126.96,124.20,124.50,124.47,0.02,2.76,2.21,0.47,21232,2656725.32,829
2026-08-06 00:00:00,EQUAL50,MIRAEAMC - EQUAL50,341.44,342.32,340.34,340.34,340.65,-0.09,1.98,0.58,0.23,21140,7221121.28,33
2026-08-06 00:00:00,LINC,LINC LIMITED,104.00,104.00,101.01,101.30,100.97,0.33,2.99,2.87,3.00,21044,2145576.39,463
2026-08-06 00:00:00,MOMETAL,MOTILALAMC - MOMETAL,13.29,13.29,13.15,13.17,12.88,2.25,0.14,1.05,3.18,20965,277378.23,28
2026-08-06 00:00:00,PRAENG,PRAJAY ENG. SYN. LTD.,20.30,20.79,20.12,20.49,20.50,-0.05,0.67,3.30,-0.98,20955,428396.28,91
2026-08-06 00:00:00,ALBERTDAVD,ALBERT DAVID LIMITED,709.00,745.00,696.00,730.55,692.80,5.45,49.00,6.91,2.34,20899,15143706.75,956
2026-08-06 00:00:00,CENTUM,CENTUM ELECTRONICS LTD,3785.20,3848.00,3716.00,3790.30,3789.50,0.02,132.00,3.49,-0.11,20538,77891990.60,5085
2026-08-06 00:00:00,MOQUALITY,MOTILALAMC - MOQUALITY,206.25,206.50,202.53,205.72,204.80,0.45,3.97,1.92,0.71,20463,4206992.39,25
2026-08-06 00:00:00,LGHL,LAXMI GOLDORNA HOUSE LTD,206.77,206.80,196.01,201.83,201.98,-0.07,10.79,5.22,2.37,20437,4125006.11,331
2026-08-06 00:00:00,DYNAMATECH,DYNAMATIC TECHNOLOGIES,11005.00,11499.00,10921.00,11403.00,10993.00,3.73,578.00,5.25,0.11,20383,231087555.00,8055
2026-08-06 00:00:00,SEAMECLTD,SEAMEC LIMITED,1531.50,1531.50,1480.00,1495.50,1509.70,-0.94,51.50,3.36,1.44,20316,30397032.90,2883
2026-08-06 00:00:00,FIBERWEB,FIBERWEB INDIA LIMITED,29.01,29.86,28.90,29.21,29.73,-1.75,0.96,3.31,-2.42,20139,588053.69,155
2026-08-06 00:00:00,GANESHHOU,GANESH HOUSING LIMITED,778.75,783.95,755.00,761.85,778.75,-2.17,28.95,3.72,0.00,20068,15470916.35,1367
2026-08-06 00:00:00,TEAMLEASE,TEAMLEASE SERVICES LTD.,1252.40,1271.30,1240.00,1253.50,1251.60,0.15,31.30,2.50,0.06,20052,25286430.50,4019
2026-08-06 00:00:00,ENERGYDEV,ENERGY DEVE. CO.LTD,17.27,17.27,16.71,16.79,16.69,0.60,0.56,3.24,3.48,20019,339207.02,212
2026-08-06 00:00:00,MOALPHA50,MOTILALAMC - MOALPHA50,55.69,55.88,55.25,55.72,55.25,0.85,0.63,1.13,0.80,19904,1106182.79,59
2026-08-06 00:00:00,SGL,STL GLOBAL LIMITED,10.15,10.15,9.70,9.92,9.77,1.54,0.45,4.43,3.89,19902,196814.15,102
2026-08-06 00:00:00,BANKPSU,MIRAEAMC - BANKPSU,86.11,88.00,86.11,87.90,86.01,2.20,1.89,2.19,0.12,19862,1733993.34,118
2026-08-06 00:00:00,ITBETA,UTIAMC-ITBETA,330.00,330.80,318.13,323.33,329.97,-2.01,12.67,3.84,0.01,19844,6419390.83,102
2026-08-06 00:00:00,RUCHIRA,RUCHIRA PAPERS LIMITED,111.99,111.99,110.01,111.21,110.41,0.72,1.98,1.77,1.43,19843,2198580.61,369
2026-08-06 00:00:00,HGS,HINDUJA GLOBAL SOLS. LTD.,423.50,429.00,422.00,423.05,423.50,-0.11,7.00,1.65,0.00,19812,8421126.55,871
2026-08-06 00:00:00,JINDALPOLY,JINDAL POLY FILMS LIMITED,626.45,648.00,625.55,632.75,626.45,1.01,22.45,3.58,0.00,19802,12582289.25,1345
2026-08-06 00:00:00,ASAL,AUTOMOTIVE STAMPINGS & AS,518.00,522.50,507.00,509.90,517.30,-1.43,15.50,2.99,0.14,19693,10069914.35,1307
2026-08-06 00:00:00,SUYOG,SUYOG TELEMATICS LIMITED,845.75,870.95,833.00,862.55,839.50,2.75,37.95,4.49,0.74,19656,16674932.00,840
2026-08-06 00:00:00,SRD,SHANKAR LAL RAMPAL LTD,39.45,39.45,36.75,37.11,38.16,-2.75,2.70,6.84,3.38,19642,742449.08,164
2026-08-06 00:00:00,POLYPLEX,POLYPLEX CORPORATION LTD,1112.10,1126.40,1110.00,1115.10,1118.80,-0.33,16.40,1.47,-0.60,19280,21563711.50,1626
2026-08-06 00:00:00,VENKEYS,VENKY S (INDIA) LIMITED,1581.90,1591.90,1551.50,1565.10,1581.90,-1.06,40.40,2.55,0.00,19180,30229631.60,1943
2026-08-06 00:00:00,PVSL,POPULAR VEHICLES N SER L,109.54,110.00,107.00,109.39,108.99,0.37,3.00,2.74,0.50,18935,2056798.67,577
2026-08-06 00:00:00,SIYSIL,SIYARAM SILK MILLS LTD,628.00,637.90,623.50,628.15,628.00,0.02,14.40,2.29,0.00,18900,11864022.55,1620
2026-08-06 00:00:00,VGL,VARVEE GLOBAL LIMITED,62.81,63.38,61.21,62.28,62.43,-0.24,2.17,3.45,0.61,18774,1168169.48,517
2026-08-06 00:00:00,SHILCTECH,SHILCHAR TECHNOLOGIES LTD,4480.10,4568.90,4459.40,4532.20,4480.40,1.16,109.50,2.44,-0.01,18764,84801696.20,5900
2026-08-06 00:00:00,QMSMEDI,QMS MEDICAL ALLIED S LTD,112.32,115.00,112.00,114.51,111.82,2.41,3.00,2.67,0.45,18708,2131281.25,777
2026-08-06 00:00:00,UFO,UFO MOVIEZ INDIA LTD.,69.41,69.41,67.55,67.86,69.40,-2.22,1.86,2.68,0.01,18641,1271322.46,575
2026-08-06 00:00:00,EIHAHOTELS,EIH ASSOCIATED HOTELS LTD,312.00,314.70,308.20,310.70,309.40,0.42,6.50,2.08,0.84,18592,5777663.65,591
2026-08-06 00:00:00,MEDICAMEQ,MEDICAMEN BIOTECH LIMITED,244.95,249.80,235.51,237.67,243.11,-2.24,14.29,5.83,0.76,18553,4487867.37,663
2026-08-06 00:00:00,DPABHUSHAN,D. P. ABHUSHAN LIMITED,1509.90,1510.10,1450.10,1458.80,1495.20,-2.43,60.00,3.97,0.98,18502,27179769.90,1949
2026-08-06 00:00:00,NDRAUTO,NDR AUTO COMPONENTS LTD,826.10,832.80,808.45,814.15,826.10,-1.45,24.35,2.95,0.00,18292,14990864.80,1414
2026-08-06 00:00:00,TCI,TRANSPORT CORPN OF INDIA,929.20,932.10,921.75,927.00,928.00,-0.11,10.35,1.11,0.13,18254,16906205.90,1916
2026-08-06 00:00:00,ASALCBR,ASSO ALCOHOLS & BREW LTD,765.00,780.60,764.75,767.25,764.25,0.39,15.85,2.07,0.10,18234,14071092.45,1811
2026-08-06 00:00:00,INTLCONV,INTL CONVEYORS LIMITED,76.10,76.30,74.60,75.14,75.67,-0.70,1.70,2.23,0.57,18194,1368671.76,631
2026-08-06 00:00:00,SPENCERS,SPENCER S RETAIL LIMITED,32.84,33.44,32.21,33.01,32.84,0.52,1.23,3.75,0.00,18158,600381.27,279
2026-08-06 00:00:00,SIKA,SIKA INTERPLANT SYSTEMS L,1108.00,1129.00,1100.70,1113.70,1105.50,0.74,28.30,2.55,0.23,18131,20146899.30,2036
2026-08-06 00:00:00,INTENTECH,INTENSE TECHNOLOGIES LTD,87.30,87.30,82.25,82.99,85.23,-2.63,5.05,5.78,2.43,18120,1518563.32,732
2026-08-06 00:00:00,BBTCL,B&B TRIPLEWALL CONT LTD,222.50,227.89,220.00,221.83,224.02,-0.98,7.89,3.55,-0.68,18107,4064349.11,300
2026-08-06 00:00:00,GMBREW,G M BREWERIES LTD,908.95,914.00,905.55,907.50,908.20,-0.08,8.45,0.93,0.08,18095,16469124.55,1321
2026-08-06 00:00:00,PGHH,P&G HYGIENE & HEALTH CARE,8484.50,8599.00,8462.00,8484.00,8484.50,-0.01,137.00,1.61,0.00,18092,154091542.50,4644
2026-08-06 00:00:00,SOLEX,SOLEX ENERGY LIMITED,929.00,949.00,911.55,914.50,923.75,-1.00,37.45,4.03,0.57,18074,16590821.50,1508
2026-08-06 00:00:00,SUNDROP,SUNDROP BRANDS LIMITED,672.00,675.00,661.20,664.80,665.50,-0.11,13.80,2.05,0.98,18026,12068358.85,463
2026-08-06 00:00:00,DODLA,DODLA DAIRY LIMITED,1048.00,1052.90,1040.00,1045.50,1044.60,0.09,12.90,1.23,0.33,18015,18834229.70,3867
2026-08-06 00:00:00,AMRUTANJAN,AMRUTAJAN HEALTH LTD,522.75,524.65,518.10,520.00,524.10,-0.78,6.55,1.25,-0.26,17958,9359126.85,1504
2026-08-06 00:00:00,GROWWPSUBK,GROWWAMC - GROWWPSUBK,85.37,87.89,85.37,87.81,85.58,2.61,2.52,2.95,-0.25,17947,1556412.16,94
2026-08-06 00:00:00,MANAKSIA,MANAKSIA LTD.,57.50,57.98,56.62,57.26,56.86,0.70,1.36,2.37,1.13,17850,1024583.74,158
2026-08-06 00:00:00,BCONCEPTS,BRAND CONCEPTS LIMITED,181.00,184.39,175.05,177.36,183.60,-3.40,9.34,5.16,-1.42,17843,3198998.29,825
2026-08-06 00:00:00,21STCENMGM,21ST CENTURY MGMT SERVICE,43.45,43.45,42.01,43.30,42.60,1.64,1.44,3.31,2.00,17825,771878.07,131
2026-08-06 00:00:00,ANMOL,ANMOL INDIA LIMITED,10.13,10.40,9.90,10.02,9.98,0.40,0.50,4.94,1.50,17738,177864.03,150
2026-08-06 00:00:00,JMA,JULLUNDUR MOT AGENCY LTD,90.40,90.40,86.00,87.29,89.47,-2.44,4.40,4.87,1.04,17641,1543227.99,286
2026-08-06 00:00:00,WPIL,W P I L LTD.,440.00,444.95,437.00,438.90,436.55,0.54,7.95,1.81,0.79,17629,7757037.55,1114
2026-08-06 00:00:00,SHANTIGEAR,SHANTHI GEARS LTD,417.40,417.45,407.10,408.20,418.55,-2.47,10.35,2.48,-0.27,17592,7222962.85,929
2026-08-06 00:00:00,AYMSYNTEX,AYM SYNTEX LIMITED,252.00,258.40,250.00,251.65,254.55,-1.14,8.40,3.33,-1.00,17588,4445033.85,843
2026-08-06 00:00:00,CTE,CAMBRIDGE TECH ENTER LTD,38.00,39.00,36.04,37.97,37.93,0.11,2.96,7.79,0.18,17520,659901.82,163
2026-08-06 00:00:00,RELIABLE,RELIABLE DATA SERVICE LTD,148.50,148.50,142.58,145.64,144.10,1.07,5.92,3.99,3.05,17500,2518544.84,240
2026-08-06 00:00:00,DEVIT,DEV INFO TECHNOLOGY LTD,27.01,27.55,27.01,27.06,27.13,-0.26,0.54,2.00,-0.44,17498,477362.87,214
2026-08-06 00:00:00,KANPRPLA,KANPUR PLASTIPACK LIMITED,209.99,211.59,205.00,207.03,209.57,-1.21,6.59,3.14,0.20,17184,3580969.13,621
2026-08-06 00:00:00,ORIENTCER,ORIENT CERATECH LIMITED,40.90,41.70,40.53,41.43,41.23,0.49,1.17,2.86,-0.80,17181,707542.17,219
2026-08-06 00:00:00,SCHAND,S CHAND AND COMPANY LTD,143.99,145.38,141.62,143.07,142.48,0.41,3.76,2.61,1.06,16990,2431584.67,668
2026-08-06 00:00:00,ENIL,ENTERTAIN NET. IND. LTD.,109.10,109.18,106.00,106.51,109.26,-2.52,3.18,2.91,-0.15,16925,1812665.93,590
2026-08-06 00:00:00,STEELCITY,STEEL CITY SECURITIES LTD,84.93,85.84,84.00,84.65,84.44,0.25,1.84,2.17,0.58,16909,1434920.80,249
2026-08-06 00:00:00,SHEKHAWATI,SHEKHAWATI INDUSTRIES LTD,14.01,14.47,13.53,13.92,13.94,-0.14,0.94,6.71,0.50,16890,235569.18,82
2026-08-06 00:00:00,AEPL,ARTEMIS ELECTRICALS & P L,14.53,14.59,14.05,14.52,14.34,1.26,0.54,3.72,1.32,16796,238432.24,116
2026-08-06 00:00:00,PFIZER,PFIZER LTD,4932.00,4934.60,4875.00,4900.00,4908.00,-0.16,59.60,1.21,0.49,16772,82249686.20,3666
2026-08-06 00:00:00,PITTIENG,PITTI ENGINEERING LIMITED,950.05,954.20,935.10,940.80,950.05,-0.97,19.10,2.01,0.00,16748,15795808.05,1697
2026-08-06 00:00:00,BVCL,BARAK VALLEY CEM. LTD.,42.85,42.88,41.56,42.53,41.84,1.65,1.32,3.08,2.41,16624,702740.43,149
2026-08-06 00:00:00,ZOTA,ZOTA HEALTH CARE LIMITED,1252.10,1264.40,1243.00,1246.40,1251.60,-0.42,21.40,1.71,0.04,16600,20791815.10,1323
2026-08-06 00:00:00,BAJAJST,BAJAJ STEEL INDS. LTD.,396.60,398.90,384.05,386.80,394.30,-1.90,14.85,3.74,0.58,16562,6440075.45,1038
2026-08-06 00:00:00,MURUDCERA,MURUDESHWAR CERAMICS LTD,31.00,31.63,30.82,30.95,31.10,-0.48,0.81,2.61,-0.32,16526,514544.23,72
2026-08-06 00:00:00,RUBFILA,RUBFILA INTERNATIONAL LTD,72.50,74.00,71.10,72.99,72.52,0.65,2.90,4.00,-0.03,16252,1176410.59,157
2026-08-06 00:00:00,EMULTIMQ,EDELAMC - EMULTIMQ,41.60,41.72,41.40,41.54,41.59,-0.12,0.32,0.77,0.02,16202,674393.75,150
2026-08-06 00:00:00,AGROPHOS,AGRO PHOS INDIA LIMITED,28.44,28.50,27.70,28.46,28.34,0.42,0.80,2.81,0.35,16101,453523.45,173
2026-08-06 00:00:00,BALPHARMA,BAL PHARMA LTD.,89.00,90.18,86.21,86.89,89.03,-2.40,3.97,4.46,-0.03,15870,1391437.17,942
2026-08-06 00:00:00,SAHYADRI,SAHYADRI INDUSTRIES LTD,319.60,335.00,313.55,332.15,316.80,4.85,21.45,6.71,0.88,15723,5144071.05,862
2026-08-06 00:00:00,PAGEIND,PAGE INDUSTRIES LTD,40175.00,40200.00,39765.00,40050.00,40355.00,-0.76,435.00,1.08,-0.45,15718,627480920.00,7571
2026-08-06 00:00:00,TEXMOPIPES,TEXMO PIPE & PRODUCTS LTD,42.70,43.00,42.50,42.83,42.95,-0.28,0.50,1.17,-0.58,15702,672439.38,235
2026-08-06 00:00:00,GRAVISSHO,GRAVISS HOSPITALITY LTD.,30.51,31.65,29.01,29.26,30.82,-5.06,2.64,8.65,-1.01,15698,462940.75,30
2026-08-06 00:00:00,SAMPANN,SAMPANN UTPADAN INDIA LTD,27.87,27.87,26.70,27.50,27.43,0.26,1.17,4.20,1.60,15645,427102.33,127
2026-08-06 00:00:00,INDBANK,INDBANK MERCH BANK,32.88,32.88,31.75,32.26,32.40,-0.43,1.13,3.44,1.48,15603,503949.05,214
2026-08-06 00:00:00,SSDL,SARASWATI SAREE DEPOT LTD,54.25,54.70,53.22,53.54,54.38,-1.54,1.48,2.73,-0.24,15487,830672.85,372
2026-08-06 00:00:00,OSWALSEEDS,SHREEOSWAL S AND CHE LTD,10.80,10.80,10.40,10.48,10.58,-0.95,0.40,3.70,2.08,15484,163455.56,137
2026-08-06 00:00:00,SANDESH,SANDESH LTD,1180.00,1187.75,1160.00,1187.75,989.80,20.00,27.75,2.35,19.22,15349,18202735.50,236
2026-08-06 00:00:00,SBINMID150,SBIAMC - SBINMID150,23.44,23.57,23.04,23.24,23.44,-0.85,0.53,2.26,0.00,15333,360228.39,160
2026-08-06 00:00:00,USK,UDAYSHIVAKUMAR INFRA LTD,22.50,23.30,22.32,22.90,22.96,-0.26,0.98,4.36,-2.00,15310,348671.28,84
2026-08-06 00:00:00,EMETAL,EDELAMC - EMETAL,13.27,13.28,13.17,13.17,13.16,0.08,0.11,0.83,0.84,15277,201710.74,36
2026-08-06 00:00:00,RVHL,RAVINDER HEIGHTS LIMITED,46.44,46.50,44.40,45.36,45.74,-0.83,2.10,4.52,1.53,15124,695196.35,112
2026-08-06 00:00:00,ICEMAKE,ICE MAKE REFRIGERAT LTD,817.85,834.00,810.00,828.10,817.85,1.25,24.00,2.93,0.00,15044,12391659.80,1458
2026-08-06 00:00:00,LUMAXIND,LUMAX INDUSTRIES LTD,5748.00,5832.00,5680.50,5799.50,5798.00,0.03,151.50,2.64,-0.86,15036,86830380.00,4305
2026-08-06 00:00:00,FINEORG,FINE ORGANIC IND. LTD.,4950.00,5014.70,4902.20,4989.00,4940.40,0.98,112.50,2.27,0.19,15029,74850970.20,3907
2026-08-06 00:00:00,ARCHIES,ARCHIES LTD,14.02,14.44,14.00,14.35,14.13,1.56,0.44,3.14,-0.78,14992,213501.03,108
2026-08-06 00:00:00,SBGLP,SURATWWALA BUS GROUP LTD,26.39,26.39,24.32,25.37,25.24,0.52,2.07,7.84,4.56,14969,375310.99,97
2026-08-06 00:00:00,LOVABLE,LOVABLE LINGERIE LTD,73.00,75.59,73.00,74.08,73.62,0.62,2.59,3.55,-0.84,14932,1111745.40,363
2026-08-06 00:00:00,KNAGRI,KN AGRI RESOURCES LIMITED,209.60,212.00,207.00,211.65,207.94,1.78,5.00,2.39,0.80,14930,3120244.15,123
2026-08-06 00:00:00,ELECTHERM,ELECTROTHERM (I) LTD.,992.00,1029.90,992.00,1007.70,1007.80,-0.01,37.90,3.82,-1.57,14919,15118093.90,993
2026-08-06 00:00:00,RUDRA,RUDRA GLOBAL INFRA PROD L,18.00,18.05,17.75,17.91,18.18,-1.49,0.30,1.67,-0.99,14910,267109.77,112
2026-08-06 00:00:00,PRECOT,PRECOT LIMITED,826.85,865.00,818.60,852.65,826.85,3.12,46.40,5.61,0.00,14748,12431812.80,722
2026-08-06 00:00:00,LPDC,LANDMARK PR.DEV.CO.LTD,6.38,6.48,6.20,6.42,6.37,0.78,0.28,4.39,0.16,14608,92988.79,230
2026-08-06 00:00:00,NGLFINE,NGL FINE CHEM LIMITED,3426.00,3529.00,3350.10,3428.50,3428.20,0.01,178.90,5.22,-0.06,14595,50376334.90,3249
2026-08-06 00:00:00,GTPL,GTPL HATHWAY LIMITED,60.77,60.77,59.80,59.86,59.91,-0.08,0.97,1.60,1.44,14586,874151.45,279
2026-08-06 00:00:00,CHEVIOT,CHEVIOT COMPANY LIMITED,1234.90,1236.00,1175.00,1179.40,1221.60,-3.45,61.00,4.94,1.09,14522,17520899.50,1428
2026-08-06 00:00:00,DIAMONDYD,PRATAAP SNACKS LIMITED,1189.00,1194.00,1164.10,1166.20,1174.20,-0.68,29.90,2.51,1.26,14509,16934902.80,870
2026-08-06 00:00:00,LINDEINDIA,LINDE INDIA LIMITED,7085.00,7188.50,7026.50,7152.50,7088.00,0.91,162.00,2.29,-0.04,14507,103252875.00,3868
2026-08-06 00:00:00,ORIENTBELL,ORIENT BELL LIMITED,314.00,318.70,314.00,315.55,314.90,0.21,4.70,1.50,-0.29,14448,4560564.20,361
2026-08-06 00:00:00,LAGNAM,LAGNAM SPINTEX LIMITED,86.31,86.90,84.50,84.54,86.43,-2.19,2.40,2.78,-0.14,14382,1230118.62,248
2026-08-06 00:00:00,MOBANK10,MOTILALAMC - MOBANK10,17.57,17.57,17.08,17.12,17.24,-0.70,0.49,2.79,1.91,14342,246350.68,138
2026-08-06 00:00:00,SBIMIDMOM,SBIAMC - SBIMIDMOM,64.57,64.57,62.90,63.21,63.56,-0.55,1.67,2.59,1.59,14280,909197.73,127
2026-08-06 00:00:00,SHRADHA,SHRADHA REALTY LIMITED,34.50,34.50,33.50,33.92,34.37,-1.31,1.00,2.90,0.38,14248,485754.88,122
2026-08-06 00:00:00,BIRLAPREC,BIRLA PRECISION TECH L,34.99,35.70,34.50,34.94,34.58,1.04,1.20,3.43,1.19,14206,496516.94,131
2026-08-06 00:00:00,LIBAS,LIBAS CONSU PRODUCTS LTD,10.00,10.00,9.62,9.71,9.75,-0.41,0.38,3.80,2.56,14141,138306.15,144
2026-08-06 00:00:00,CINELINE,CINELINE INDIA LIMITED,91.90,91.90,88.03,90.07,90.70,-0.69,3.87,4.21,1.32,14044,1276597.10,202
2026-08-06 00:00:00,INDOUS,INDO US BIOTECH LTD,83.77,83.77,79.67,80.35,81.50,-1.41,4.10,4.89,2.79,14043,1135255.24,560
2026-08-06 00:00:00,SHANTI,SHANTI OVERSEAS INDIA LTD,6.75,7.13,6.74,6.94,6.88,0.87,0.39,5.78,-1.89,13885,95315.33,69
2026-08-06 00:00:00,MSCI360,360ONEAMC - MSCI360,10.48,10.77,10.26,10.35,10.23,1.17,0.51,4.87,2.44,13879,143725.39,27
2026-08-06 00:00:00,TAINWALCHM,TAINWALA CHEMICAL AND PLA,219.49,219.50,205.00,206.16,220.58,-6.54,14.50,6.61,-0.49,13856,2888889.12,501
2026-08-06 00:00:00,S&SPOWER,S&S POWER SWITCHGEARS LTD,322.00,332.00,306.15,309.65,322.25,-3.91,25.85,8.03,-0.08,13584,4205661.50,412
2026-08-06 00:00:00,ROHLTD,ROYAL ORCHID HOTELS LTD,313.20,321.00,311.35,312.50,312.75,-0.08,9.65,3.08,0.14,13576,4275384.75,911
2026-08-06 00:00:00,SOMATEX,SOMA TEXTILES & INDUST LT,98.15,98.15,93.30,94.38,97.14,-2.84,4.85,4.94,1.04,13572,1287273.02,373
2026-08-06 00:00:00,DSSL,DYNACONS SYS & SOLN LTD,1264.70,1265.00,1226.00,1239.40,1243.30,-0.31,39.00,3.08,1.72,13441,16799365.90,1526
2026-08-06 00:00:00,NAHARINDUS,NAHAR INDS ENT LTD,119.25,123.00,119.11,121.08,118.05,2.57,3.89,3.26,1.02,13269,1607478.24,313
2026-08-06 00:00:00,PVTBKGROWW,GROWWAMC - PVTBKGROWW,27.76,27.98,27.70,27.90,27.76,0.50,0.28,1.01,0.00,13222,368936.34,145
2026-08-06 00:00:00,NAGREEKCAP,NAGREEKA CAP & INFR.LTD,22.23,23.49,22.23,22.62,22.84,-0.96,1.26,5.67,-2.67,13178,300358.11,128
2026-08-06 00:00:00,COCKERILL,JOHN COCKERILL INDIA LTD.,8894.50,9725.00,8871.00,9462.00,8897.00,6.35,854.00,9.60,-0.03,13096,123327256.00,4317
2026-08-06 00:00:00,ZFSTEERING,Z F STEERING GEAR (I) LTD,677.00,677.90,656.05,659.85,671.40,-1.72,21.85,3.23,0.83,12852,8534742.05,721
2026-08-06 00:00:00,HEALTHX,HEALTH X PLATFORM LIMITED,306.10,318.50,306.00,308.90,306.20,0.88,12.50,4.08,-0.03,12752,3960887.85,234
2026-08-06 00:00:00,UNIENTER,UNIPHOS ENTERPRISES LTD,99.01,99.01,96.23,97.37,96.93,0.45,2.78,2.81,2.15,12560,1228277.81,153
2026-08-06 00:00:00,TFL,TRANSWARRANTY FIN. LTD.,11.30,11.64,11.04,11.49,11.48,0.09,0.60,5.31,-1.57,12544,142643.45,83
2026-08-06 00:00:00,CONTROLPR,CONTROL PRINT LIMITED,572.55,572.70,561.30,562.15,571.00,-1.55,11.40,1.99,0.27,12479,7066653.00,1621
2026-08-06 00:00:00,CINEVISTA,CINEVISTA LIMITED,14.90,15.13,14.77,14.81,14.90,-0.60,0.36,2.42,0.00,12459,185546.05,50
2026-08-06 00:00:00,AHLUCONT,AHLUWALIA CONT IND LTD,835.60,838.95,825.00,829.25,835.60,-0.76,13.95,1.67,0.00,12407,10291403.25,2199
2026-08-06 00:00:00,VRAJ,VRAJ IRON AND STEEL LTD,124.80,125.19,122.01,122.26,124.18,-1.55,3.18,2.55,0.50,12389,1530172.67,588
2026-08-06 00:00:00,ZUARIIND,ZUARI INDUSTRIES LIMITED,265.00,266.00,260.20,262.15,260.70,0.56,5.80,2.19,1.65,12368,3260862.25,366
2026-08-06 00:00:00,NPST,NETWORK PEOPLE SRV TECH L,1533.50,1543.80,1506.00,1511.00,1539.60,-1.86,37.80,2.46,-0.40,12218,18562548.60,1502
2026-08-06 00:00:00,IRIS,IRIS REGTECH SOLUTION LTD,271.00,271.90,260.00,261.54,266.96,-2.03,11.90,4.39,1.51,12209,3216299.82,503
2026-08-06 00:00:00,PVTBANK,KOTAKMAMC - PVTBANK,27.95,28.10,27.70,27.84,27.75,0.32,0.40,1.43,0.72,12197,340592.10,21
2026-08-06 00:00:00,DECCANCE,DECCAN CEMENTS LIMITED,570.35,585.85,570.35,578.25,571.20,1.23,15.50,2.72,-0.15,12116,6995322.80,616
2026-08-06 00:00:00,SGIL,SYNERGY GREEN IND. LTD,600.00,603.00,590.00,597.10,600.65,-0.59,13.00,2.17,-0.11,12068,7202419.15,463
2026-08-06 00:00:00,VIDHIING,VIDHI SPCLTY F INGRDNTS L,320.05,327.95,320.05,322.05,321.45,0.19,7.90,2.47,-0.44,12002,3895431.35,815
2026-08-06 00:00:00,ACL,ANDHRA CEMENTS LIMITED,47.43,48.48,47.20,47.99,47.43,1.18,1.28,2.70,0.00,11990,575802.38,131
2026-08-06 00:00:00,EQUAL50ADD,DSPAMC - DSPNEWETF,351.77,355.07,351.77,352.85,352.83,0.01,3.30,0.94,-0.30,11971,4228657.62,571
2026-08-06 00:00:00,GALAXYSURF,GALAXY SURFACTANTS LTD,2005.00,2011.30,1969.00,1980.30,2005.80,-1.27,42.30,2.11,-0.04,11961,23757391.60,1716
2026-08-06 00:00:00,AKASH,AKASH INFRA-PROJECTS LTD,26.55,27.00,26.43,26.45,26.55,-0.38,0.57,2.15,0.00,11936,316996.44,63
2026-08-06 00:00:00,MANGALAM,MANGALAM DRUG & CHEM LTD,27.39,27.39,26.80,27.01,27.06,-0.18,0.59,2.15,1.22,11872,321575.58,141
2026-08-06 00:00:00,RKDL,RAVI KUMAR DIST. LTD.,19.28,19.28,19.00,19.07,19.17,-0.52,0.28,1.45,0.57,11672,222595.83,83
2026-08-06 00:00:00,BONLON,BONLON INDUSTRIES LIMITED,44.94,44.94,42.00,42.66,42.81,-0.35,2.94,6.54,4.98,11608,499763.63,145
2026-08-06 00:00:00,ARIES,ARIES AGRO LTD.,344.80,348.90,335.20,344.05,343.10,0.28,13.70,3.97,0.50,11553,3978207.15,608
2026-08-06 00:00:00,AMNPLST,AMINES & PLASTICIZERS LTD,198.00,201.70,192.90,195.43,198.52,-1.56,8.80,4.44,-0.26,11501,2244088.60,659
2026-08-06 00:00:00,PIXTRANS,PIX TRANSMISSIONS LIMITED,1730.00,1757.80,1680.70,1698.60,1722.60,-1.39,77.10,4.46,0.43,11352,19563536.40,1801
2026-08-06 00:00:00,ORICONENT,ORICON ENTERPRISES LTD,53.10,55.24,53.10,54.27,53.73,1.01,2.14,4.03,-1.17,11349,615708.53,227
2026-08-06 00:00:00,GLOBECIVIL,GLOBE CIVIL PROJECTS LTD,39.75,39.99,39.00,39.73,39.21,1.33,0.99,2.49,1.38,11274,446639.46,134
2026-08-06 00:00:00,INSECTICID,INSECTICIDES (I) LTD,645.60,659.00,640.20,650.65,649.00,0.25,18.80,2.91,-0.52,11255,7307623.50,1136
2026-08-06 00:00:00,DYNPRO,DYNEMIC PRODUCTS LIMITED,269.00,269.00,256.00,260.60,261.50,-0.34,13.00,4.83,2.87,11199,2898152.55,344
2026-08-06 00:00:00,SONAMLTD,SONAM LIMITED,54.31,55.50,53.61,54.65,54.57,0.15,1.89,3.48,-0.48,11168,606302.06,271
2026-08-06 00:00:00,NEXT50,MIRAEAMC - MANXT50,768.38,771.00,767.55,769.91,767.38,0.33,3.45,0.45,0.13,11116,8560196.02,1166
2026-08-06 00:00:00,BAJAJINDEF,INDEF MANUFACTURING LTD,232.10,238.00,231.21,236.77,230.89,2.55,6.79,2.93,0.52,11072,2602045.56,324
2026-08-06 00:00:00,FRONTSP,FRONTIER SPRINGS LTD.,1405.40,1428.90,1401.00,1409.70,1405.40,0.31,27.90,1.99,0.00,11068,15594509.90,1493
2026-08-06 00:00:00,RPGLIFE,RPG LIFE SCIENCES LTD,2724.00,2765.00,2657.00,2688.90,2707.80,-0.70,108.00,3.96,0.60,11038,29914953.40,2313
2026-08-06 00:00:00,ASTEC,ASTEC LIFESCIENCES LTD,618.40,627.90,615.00,620.35,616.55,0.62,12.90,2.09,0.30,11032,6845048.05,797
2026-08-06 00:00:00,GILLANDERS,GILLANDERS ARBUTHNOT LTD,88.00,94.90,88.00,88.55,90.76,-2.43,6.90,7.84,-3.04,11025,993545.73,110
2026-08-06 00:00:00,DIVIDEND,MIRAEAMC - DIVIDEND,36.67,36.70,36.40,36.40,36.67,-0.74,0.30,0.82,0.00,10715,390881.06,81
2026-08-06 00:00:00,SPLIL,SPL INDUSTRIES LIMITED,31.79,32.40,31.21,31.80,31.60,0.63,1.19,3.74,0.60,10650,340572.70,56
2026-08-06 00:00:00,HBESD,H B ESTATE DEVELOPERS L,78.00,78.00,74.10,75.28,78.00,-3.49,3.90,5.00,0.00,10624,805486.99,52
2026-08-06 00:00:00,LORDSCHLO,LORDS CHLORO ALKALI LTD,146.00,147.64,142.64,144.63,142.64,1.40,5.00,3.42,2.36,10615,1538221.05,468
2026-08-06 00:00:00,BLAL,BEML LAND ASSETS LIMITED,172.63,174.00,172.50,173.37,172.63,0.43,1.50,0.87,0.00,10563,1830553.69,274
2026-08-06 00:00:00,BCPL,BCPL RAILWAY INFRA LTD,70.10,71.68,68.05,70.09,69.85,0.34,3.63,5.18,0.36,10467,728625.36,360
2026-08-06 00:00:00,MALUPAPER,MALU PAPER MILLS LIMITED,33.20,34.25,32.82,33.75,33.30,1.35,1.43,4.31,-0.30,10340,347311.39,78
2026-08-06 00:00:00,AARON,AARON INDUSTRIES LIMITED,133.56,136.85,133.00,134.57,134.91,-0.25,3.85,2.88,-1.00,10219,1376622.69,350
2026-08-06 00:00:00,KOTIC,KOTHARI INDUSTRIAL CORP L,154.99,157.00,152.00,154.73,154.06,0.43,5.00,3.23,0.60,10200,1578652.03,391
2026-08-06 00:00:00,ESG,MIRAEAMC - MAESGETF,42.45,42.58,42.40,42.50,42.39,0.26,0.18,0.42,0.14,10112,429867.68,72
2026-08-06 00:00:00,HDFCLOWVOL,HDFCAMC - HDFCLOWVOL,21.75,21.75,21.17,21.18,21.22,-0.19,0.58,2.67,2.50,10009,212957.19,329
2026-08-06 00:00:00,GROWWNXT50,GROWWAMC - GROWWNXT50,74.97,76.00,74.40,75.18,74.97,0.28,1.60,2.13,0.00,9859,740143.17,100
2026-08-06 00:00:00,PRUDENT,PRUDENT CORP ADV SER LTD,3335.60,3378.90,3232.50,3266.70,3335.60,-2.07,146.40,4.39,0.00,9579,31573943.70,3204
2026-08-06 00:00:00,JAYAGROGN,JAYANT AGRO ORGANICS LTD,224.30,227.50,221.41,224.47,224.20,0.12,6.09,2.72,0.04,9566,2150444.60,262
2026-08-06 00:00:00,MIDWESTLTD,MIDWEST LIMITED,1210.00,1216.90,1198.10,1203.70,1204.70,-0.08,18.80,1.55,0.44,9497,11442044.20,780
2026-08-06 00:00:00,TREEHOUSE,TREE HOUSE EDU LTD,6.49,6.50,6.20,6.26,6.34,-1.26,0.30,4.62,2.37,9459,59828.70,81
2026-08-06 00:00:00,INNOVISION,INNOVISION LIMITED,285.20,286.45,285.00,285.10,285.80,-0.24,1.45,0.51,-0.21,9389,2679235.50,444
2026-08-06 00:00:00,OBCL,OBCL LIMITED,53.34,55.00,53.00,53.50,53.50,0.00,2.00,3.75,-0.30,9381,503444.69,40
2026-08-06 00:00:00,CPEDU,CAREER POINT EDUTECH LTD,210.60,216.98,210.60,212.82,211.62,0.57,6.38,3.03,-0.48,9359,1998095.54,207
2026-08-06 00:00:00,BHARATRAS,BHARAT RASAYAN LTD,1398.90,1403.00,1365.00,1375.30,1385.30,-0.72,38.00,2.72,0.98,9352,12906304.50,1250
2026-08-06 00:00:00,BEARDSELL,BEARDSELL LIMITED,27.26,27.75,26.80,27.29,27.13,0.59,0.95,3.48,0.48,9298,254804.10,115
2026-08-06 00:00:00,REPRO,REPRO INDIA LIMITED,376.75,380.00,368.80,375.10,374.75,0.09,11.20,2.97,0.53,9223,3457640.50,519
2026-08-06 00:00:00,ENIFTY,EDELAMC - ENIFTY,25.40,25.41,24.23,24.92,24.79,0.52,1.18,4.65,2.46,9210,229203.24,95
2026-08-06 00:00:00,LGBBROSLTD,LG BALAKRISHNAN & BROS,1522.60,1531.30,1515.00,1520.40,1514.70,0.38,16.30,1.07,0.52,9092,13846274.20,1316
2026-08-06 00:00:00,UEL,UJAAS ENERGY LIMITED,245.52,245.52,245.52,245.52,223.20,10.00,0.00,0.00,10.00,8985,2205997.20,172
2026-08-06 00:00:00,MONEYBOXX,MONEYBOXX FINANCE LIMITED,61.65,63.00,60.51,62.68,61.82,1.39,2.49,4.04,-0.27,8977,553480.71,194
2026-08-06 00:00:00,JISLDVREQS,JAIN DVR EQUITY SHARES,22.97,23.38,22.70,23.15,22.64,2.25,0.68,2.96,1.46,8895,206062.94,97
2026-08-06 00:00:00,SUKHJITS,SUKHJIT STARCH & CHEM LTD,164.88,165.58,160.00,161.20,163.69,-1.52,5.58,3.38,0.73,8798,1431188.36,318
2026-08-06 00:00:00,GROWWLOVOL,GROWWAMC - GROWWLOVOL,10.55,10.88,10.55,10.64,10.68,-0.37,0.33,3.13,-1.22,8788,93699.91,137
2026-08-06 00:00:00,EIMCOELECO,EIMCO ELECON (INDIA) LTD,1823.90,1823.90,1801.00,1811.70,1814.30,-0.14,22.90,1.26,0.53,8782,15904723.70,1547
2026-08-06 00:00:00,BIOFILCHEM,BIOFIL CHEM & PHARMA LTD,33.41,33.87,32.05,32.23,33.24,-3.04,1.82,5.45,0.51,8739,284034.93,181
2026-08-06 00:00:00,NILE,NILE LTD.,1635.70,1648.80,1579.90,1595.00,1630.10,-2.15,68.90,4.21,0.34,8688,14063304.70,1199
2026-08-06 00:00:00,GILLETTE,GILLETTE INDIA LTD,7690.00,7739.50,7678.00,7694.00,7688.00,0.08,61.50,0.80,0.03,8660,66716626.00,2697
2026-08-06 00:00:00,STARTECK,STARTECK FINANCE LIMITED,259.90,263.85,253.95,257.30,256.35,0.37,9.90,3.81,1.38,8590,2228577.60,244
2026-08-06 00:00:00,MHLXMIRU,MAHALAXMI RUBTECH LIMITED,162.99,163.47,153.32,156.34,161.38,-3.12,10.15,6.23,1.00,8410,1306063.96,284
2026-08-06 00:00:00,PONNIERODE,PONNIE SUGARS (ERODE) LTD,320.00,325.75,320.00,322.90,323.20,-0.09,5.75,1.80,-0.99,8384,2714458.15,266
2026-08-06 00:00:00,STARPAPER,STAR PAPER MILLS LTD,151.55,153.00,151.13,152.31,150.81,0.99,1.87,1.23,0.49,8290,1260865.94,148
2026-08-06 00:00:00,UMIYA-MRO,UMIYA BUILDCON LIMITED,92.00,92.00,90.01,90.17,91.38,-1.32,1.99,2.16,0.68,8232,743290.28,76
2026-08-06 00:00:00,HDFCGROWTH,HDFCAMC - HDFCGROWTH,123.00,123.76,122.20,122.40,122.94,-0.44,1.56,1.27,0.05,8172,1004571.27,169
2026-08-06 00:00:00,OAL,ORIENTAL AROMATICS LTD,376.15,383.90,372.30,380.95,376.15,1.28,11.60,3.08,0.00,8141,3092847.30,473
2026-08-06 00:00:00,NIFTYADD,DSPAMC - DSPNIFTY,258.70,269.00,257.00,258.89,258.70,0.07,12.00,4.64,0.00,8132,2114389.08,150
2026-08-06 00:00:00,BANSWRAS,BANSWARA SYNTEX LIMITED,124.80,125.00,123.06,123.78,122.56,1.00,1.94,1.55,1.83,8095,1005126.20,353
2026-08-06 00:00:00,SURYALAXMI,SURYALAKSHMI COT MIL LTD,59.60,61.20,58.50,58.85,59.32,-0.79,2.70,4.53,0.47,7936,475101.23,101
2026-08-06 00:00:00,HINDCON,HINDCON CHEMICALS LIMITED,23.40,23.40,22.80,22.85,22.97,-0.52,0.60,2.56,1.87,7908,181323.68,110
2026-08-06 00:00:00,VHL,VARDHMAN HOLDINGS LIMITED,3421.00,3650.00,3421.00,3579.00,3432.40,4.27,229.00,6.69,-0.33,7889,28346115.40,1250
2026-08-06 00:00:00,MAGNUM,MAGNUM VENTURES LTD.,19.85,19.85,19.25,19.51,19.42,0.46,0.60,3.02,2.21,7853,153573.60,64
2026-08-06 00:00:00,TARMAT,TARMAT LIMITED,50.15,51.30,49.32,49.48,49.66,-0.36,1.98,3.95,0.99,7574,384350.22,68
2026-08-06 00:00:00,DELTAMAGNT,DELTA MANUFACTURING LTD,59.40,59.40,57.50,58.44,57.15,2.26,1.90,3.20,3.94,7539,443630.07,85
2026-08-06 00:00:00,KIRLOSIND,KIRLOSKAR INDUSTRIES LTD,3803.80,3846.00,3750.00,3767.20,3803.80,-0.96,96.00,2.52,0.00,7482,28349605.70,1537
2026-08-06 00:00:00,SALONA,SALONA COTSPIN LTD.,249.00,256.90,200.00,236.17,248.30,-4.89,56.90,22.85,0.28,7386,1669603.93,248
2026-08-06 00:00:00,KRYSTAL,KRYSTAL INTEGRATED SER L,600.05,602.90,600.00,600.05,600.10,-0.01,2.90,0.48,-0.01,7347,4411812.85,161
2026-08-06 00:00:00,INFOMEDIA,INFOMEDIA PRESS LIMITED,5.53,5.53,5.26,5.40,5.43,-0.55,0.27,4.88,1.84,7265,39069.10,41
2026-08-06 00:00:00,PRIMESECU,PRIME SECURITIES LIMITED,285.00,289.85,282.00,283.70,291.35,-2.63,7.85,2.75,-2.18,7089,2022774.40,329
2026-08-06 00:00:00,APCL,ANJANI PORTLAND CEM LTD,108.60,108.60,104.10,105.43,106.55,-1.05,4.50,4.14,1.92,7046,751945.50,211
2026-08-06 00:00:00,MAHASTEEL,MAHAMAYA STEEL INDS LTD,1076.90,1076.90,1010.00,1024.10,1076.90,-4.90,66.90,6.21,0.00,7044,7372976.40,698
2026-08-06 00:00:00,GOACARBON,GOA CARBON LIMITED,386.95,386.95,377.25,380.00,384.35,-1.13,9.70,2.51,0.68,6913,2649318.55,511
2026-08-06 00:00:00,XELPMOC,XELPMOC DESIGN & TECH LTD,82.80,85.00,81.21,83.86,83.28,0.70,3.79,4.58,-0.58,6832,567719.04,132
2026-08-06 00:00:00,THEJO,THEJO ENGINEERING LIMITED,2112.30,2186.30,2088.30,2159.10,2100.20,2.80,98.00,4.64,0.58,6755,14357647.20,1011
2026-08-06 00:00:00,SAGARDEEP,SAGARDEEP ALLOYS LIMITED,25.90,25.90,24.51,25.23,25.20,0.12,1.39,5.37,2.78,6749,171291.54,62
2026-08-06 00:00:00,SWARAJENG,SWARAJ ENGINES LTD,3608.00,3645.00,3560.00,3595.80,3608.90,-0.36,85.00,2.36,-0.02,6734,24355050.00,1407
2026-08-06 00:00:00,BI,BILCARE LTD.,63.50,63.50,60.61,61.25,61.32,-0.11,2.89,4.55,3.56,6705,416265.09,64
2026-08-06 00:00:00,LMW,LMW LIMITED,16399.00,16980.00,16372.00,16635.00,16372.00,1.61,608.00,3.71,0.16,6652,111091531.00,2378
2026-08-06 00:00:00,BEEKAY,BEEKAY STEEL INDS. LTD.,396.45,410.00,394.00,394.45,402.35,-1.96,16.00,4.04,-1.47,6638,2632160.65,110
2026-08-06 00:00:00,PREMCO,PREMCO GLOBAL LTD.,386.00,394.05,375.00,385.00,384.05,0.25,19.05,4.94,0.51,6610,2531098.95,186
2026-08-06 00:00:00,SHBAJRG,SHRI BAJRANG ALLIANCE L,183.60,185.00,177.99,178.76,183.58,-2.63,7.01,3.82,0.01,6571,1187311.12,87
2026-08-06 00:00:00,ALLDIGI,ALLDIGI TECH LIMITED,815.70,815.70,801.60,808.80,811.60,-0.34,14.10,1.73,0.51,6526,5281943.45,883
2026-08-06 00:00:00,CERA,CERA SANITARYWARE LTD,6325.00,6439.00,6263.00,6324.50,6294.50,0.48,176.00,2.78,0.48,6508,41437153.50,2570
2026-08-06 00:00:00,DIGJAMLMTD,DIGJAM LTD,49.00,52.50,47.63,48.84,48.65,0.39,4.87,9.94,0.72,6503,321842.87,100
2026-08-06 00:00:00,SUMMITSEC,SUMMIT SECURITIES LTD,1523.40,1547.80,1507.00,1511.10,1531.10,-1.31,40.80,2.68,-0.50,6438,9767766.80,349
2026-08-06 00:00:00,FAZE3Q,FAZE THREE LIMITED,560.00,560.00,536.05,540.60,550.95,-1.88,23.95,4.28,1.64,6436,3503060.40,660
2026-08-06 00:00:00,INCREDIBLE,INCREDIBLE INDUSTRIES LTD,32.86,33.84,32.86,33.04,33.02,0.06,0.98,2.98,-0.48,6349,212658.86,59
2026-08-06 00:00:00,JSWHL,JSW HOLDINGS LIMITED,12355.00,12450.00,12001.00,12082.00,12327.00,-1.99,449.00,3.63,0.23,6338,77786994.00,3091
2026-08-06 00:00:00,ZODIAC,ZODIAC ENERGY LIMITED,255.00,258.00,252.00,253.35,255.20,-0.72,6.00,2.35,-0.08,6235,1580347.00,399
2026-08-06 00:00:00,MONEXT50,MOTILALAMC - MONEXT50,74.98,74.98,73.60,74.12,74.37,-0.34,1.38,1.84,0.82,6220,462768.41,74
2026-08-06 00:00:00,VINYLINDIA,VINYL CHEMICALS (I) LTD.,245.00,246.76,243.00,244.38,243.35,0.42,3.76,1.53,0.68,6163,1506606.56,258
2026-08-06 00:00:00,FOSECOIND,FOSECO INDIA LTD,5336.00,5495.00,5286.00,5409.00,5346.50,1.17,209.00,3.92,-0.20,6133,33276924.50,1194
2026-08-06 00:00:00,BANG,BANG OVERSEAS LTD.,30.50,30.50,29.71,30.16,30.22,-0.20,0.79,2.59,0.93,6104,183673.38,54
2026-08-06 00:00:00,ABBOTINDIA,ABBOTT INDIA LIMITED,27830.00,27990.00,27750.00,27855.00,27785.00,0.25,240.00,0.86,0.16,6071,169186515.00,1795
2026-08-06 00:00:00,HINDCOMPOS,HINDUSTAN COMPOSITES LTD.,430.00,432.65,415.00,419.90,424.85,-1.17,17.65,4.10,1.21,6035,2536464.25,545
2026-08-06 00:00:00,GUJAPOLLO,GUJ. APOLLO IND. LTD.,367.15,370.00,360.75,367.60,367.10,0.14,9.25,2.52,0.01,6028,2211462.15,178
2026-08-06 00:00:00,GRPLTD,GRP LIMITED,1977.00,2074.00,1950.00,2042.20,1977.30,3.28,124.00,6.27,-0.02,5989,12043705.30,975
2026-08-06 00:00:00,ACCELYA,ACCELYA SOLN INDIA LTD,1137.90,1147.40,1133.00,1137.20,1138.10,-0.08,14.40,1.27,-0.02,5880,6694630.50,996
2026-08-06 00:00:00,ATLASCYCLE,ATLAS CYCLE (HARYANA) LTD,97.85,98.30,96.25,97.68,97.26,0.43,2.05,2.10,0.61,5875,572918.07,97
2026-08-06 00:00:00,VALUE,MIRAEAMC - VALUE,16.45,16.47,16.39,16.44,16.43,0.06,0.08,0.49,0.12,5859,96282.65,61
2026-08-06 00:00:00,AMBICAAGAR,AMBICA AGAR & AROMAINDLTD,25.10,25.40,24.81,24.83,25.10,-1.08,0.59,2.35,0.00,5807,145154.50,28
2026-08-06 00:00:00,GRANDOAK,GRAND OAK CANYONS DIST L,39.00,41.84,39.00,41.75,39.85,4.77,2.84,7.28,-2.13,5804,239946.77,73
2026-08-06 00:00:00,ADROITINFO,ADROIT INFOTECH LIMITED,10.02,10.02,9.77,9.81,10.03,-2.19,0.25,2.50,-0.10,5796,57072.26,78
2026-08-06 00:00:00,GANDHITUBE,GANDHI SPL. TUBES LTD,872.00,899.10,870.55,893.15,896.95,-0.42,28.55,3.27,-2.78,5768,5138410.30,349
2026-08-06 00:00:00,NITTAGELA,NITTA GELATIN INDIA LTD.,1694.00,1720.00,1682.20,1695.50,1674.30,1.27,37.80,2.23,1.18,5760,9808608.50,829
2026-08-06 00:00:00,WIPL,THE WESTERN INDIA PLY LTD,170.51,170.51,164.98,167.00,170.00,-1.76,5.53,3.24,0.30,5700,943311.55,47
2026-08-06 00:00:00,FMCGADD,DSPAMC - FMCGADD,49.53,49.67,49.45,49.60,49.13,0.96,0.22,0.44,0.81,5651,280007.73,43
2026-08-06 00:00:00,HONDAPOWER,HONDA I POWER PRODUCT LTD,2110.70,2125.30,2082.00,2090.50,2099.60,-0.43,43.30,2.05,0.53,5642,11831940.00,598
2026-08-06 00:00:00,KARMAENG,KARMA ENERGY LIMITED,39.80,39.80,38.20,39.03,38.71,0.83,1.60,4.02,2.82,5634,217823.54,82
2026-08-06 00:00:00,AMJLAND,AMJ LAND HOLDINGS LIMITED,38.24,39.69,38.24,38.97,39.16,-0.49,1.45,3.79,-2.35,5609,218833.72,119
2026-08-06 00:00:00,BELLACASA,BELLA CASA FASH AND RET L,243.65,243.65,239.75,240.39,239.75,0.27,3.90,1.60,1.63,5597,1349072.67,205
2026-08-06 00:00:00,PUNJABCHEM,PUNJAB CHEM & CROP PROT L,1100.10,1119.70,1090.10,1110.60,1100.10,0.95,29.60,2.69,0.00,5529,6132768.80,910
2026-08-06 00:00:00,WENDT,WENDT (INDIA) LIMITED,8082.50,8189.00,8001.00,8063.50,8052.00,0.14,188.00,2.33,0.38,5466,44182719.50,1244
2026-08-06 00:00:00,3BBLACKBIO,3B BLACKBIO DX LTD.,1207.00,1226.80,1201.00,1205.90,1204.00,0.16,25.80,2.14,0.25,5430,6581510.10,481
2026-08-06 00:00:00,MOSERVICE,MOTILALAMC - MOSERVICE,31.68,31.83,31.65,31.76,31.67,0.28,0.18,0.57,0.03,5399,171498.47,32
2026-08-06 00:00:00,DENORA,DE NORA INDIA LIMITED,885.25,902.65,867.00,869.95,885.25,-1.73,35.65,4.03,0.00,5378,4744334.25,489
2026-08-06 00:00:00,HEADSUP,HEADS UP VENTURES LIMITED,7.08,7.09,6.87,7.02,7.04,-0.28,0.22,3.11,0.57,5289,37026.04,45
2026-08-06 00:00:00,HBSL,HB STOCKHOLDINGS LIMITED,59.15,59.93,57.00,58.11,59.08,-1.64,2.93,4.95,0.12,5287,305884.13,122
2026-08-06 00:00:00,DONEAR,DONEAR IND. LIMITED,85.25,85.44,84.23,84.53,84.99,-0.54,1.21,1.42,0.31,5236,442815.39,118
2026-08-06 00:00:00,RETAIL,JHS SVENDGAARD RETAIL V L,17.60,17.78,16.50,17.25,17.50,-1.43,1.28,7.27,0.57,5208,89895.73,62
2026-08-06 00:00:00,SMLT,SARTHAK METALS LIMITED,70.90,70.90,68.05,68.48,70.04,-2.23,2.85,4.02,1.23,5186,357422.01,106
2026-08-06 00:00:00,RHL,ROBUST HOTELS LIMITED,173.09,177.90,171.20,177.53,173.00,2.62,6.70,3.87,0.05,5078,892048.29,125
2026-08-06 00:00:00,DOLPHIN,DOLPHIN OFF ENT (IND) L,402.00,410.00,401.55,405.75,402.20,0.88,8.45,2.10,-0.05,5051,2049435.70,234
2026-08-06 00:00:00,ARENTERP,RAJDARSHAN INDUSTRIES LTD,38.93,41.40,36.60,37.82,39.12,-3.32,4.80,12.33,-0.49,5024,191625.69,99
2026-08-06 00:00:00,TIIL,TECHNOCRAFT IND LTD,2656.00,2687.10,2616.80,2635.20,2628.20,0.27,70.30,2.65,1.06,5022,13240587.00,875
2026-08-06 00:00:00,ASHOKAMET,ASHOKA METCAST LIMITED,14.48,14.48,14.08,14.11,14.18,-0.49,0.40,2.76,2.12,4995,70660.42,72
2026-08-06 00:00:00,BOHRAIND,BOHRA INDUSTRIES LIMITED,14.71,15.59,14.71,14.94,15.25,-2.03,0.88,5.98,-3.54,4861,72556.83,30
2026-08-06 00:00:00,BANKADD,DSPAMC - DSPBANK,59.02,59.45,58.80,59.39,58.93,0.78,0.65,1.10,0.15,4746,281596.36,65
2026-08-06 00:00:00,SENSEXADD,DSPAMC - DSPSENXETF,81.05,81.45,80.97,81.16,81.15,0.01,0.48,0.59,-0.12,4713,382658.07,94
2026-08-06 00:00:00,SRGHFL,SRG HOUSING FINANCE L,287.00,296.00,287.00,291.75,290.00,0.60,9.00,3.14,-1.03,4703,1366248.40,115
2026-08-06 00:00:00,3MINDIA,3M INDIA LIMITED,35805.00,36595.00,35710.00,36000.00,35805.00,0.54,885.00,2.47,0.00,4631,167325745.00,2479
2026-08-06 00:00:00,SUPREME,SUPREME HOLDIN N HOSP I L,46.54,46.57,45.50,45.82,45.91,-0.20,1.07,2.30,1.37,4493,206409.67,85
2026-08-06 00:00:00,TVSHLTD,TVS HOLDINGS LIMITED,14770.00,15067.00,14770.00,14908.00,14769.00,0.94,297.00,2.01,0.01,4451,66376852.00,2007
2026-08-06 00:00:00,NDLVENTURE,NDL VENTURES LIMITED,126.47,128.80,126.06,128.37,127.31,0.83,2.74,2.17,-0.66,4426,565981.03,112
2026-08-06 00:00:00,EUROBOND,EURO PANEL PRODUCTS LTD,162.95,164.35,160.30,161.60,161.98,-0.23,4.05,2.49,0.60,4342,704964.87,151
2026-08-06 00:00:00,HEXATRADEX,HEXA TRADEX LIMITED,159.01,164.85,159.01,164.01,160.22,2.37,5.84,3.67,-0.76,4318,704614.91,317
2026-08-06 00:00:00,NATIONSTD,NATIONAL STAND (INDIA) L,201.94,201.94,201.94,201.94,212.56,-5.00,0.00,0.00,-5.00,4281,864505.14,153
2026-08-06 00:00:00,NEXT30ADD,DSPAMC - NEXT30ADD,43.87,44.21,43.87,44.05,43.95,0.23,0.34,0.78,-0.18,4245,187151.73,253
2026-08-06 00:00:00,SUNCLAY,SUNDARAM CLAYTON LIMITED,1264.00,1301.50,1259.30,1269.40,1272.00,-0.20,42.20,3.34,-0.63,4177,5356730.00,593
2026-08-06 00:00:00,QUALITY30,KOTAKMAMC - QUALITY30,21.62,21.62,20.84,21.22,21.20,0.09,0.78,3.61,1.98,4165,88556.07,30
2026-08-06 00:00:00,AROGRANITE,ARO GRANITE IND. LTD.,25.60,26.90,25.51,26.05,26.12,-0.27,1.39,5.43,-1.99,4150,109592.87,87
2026-08-06 00:00:00,GUJRAFFIA,GUJARAT RAFFIA INDUST LTD,39.95,40.50,39.10,39.93,39.94,-0.03,1.40,3.50,0.03,4124,165952.90,76
2026-08-06 00:00:00,HECPROJECT,HEC INFRA PROJECTS LTD,130.22,134.40,130.00,131.74,131.80,-0.05,4.40,3.38,-1.20,4107,543835.31,193
2026-08-06 00:00:00,TIPSFILMS,TIPS FILMS LIMITED,386.00,386.00,375.50,376.85,380.35,-0.92,10.50,2.72,1.49,4103,1557733.20,373
2026-08-06 00:00:00,LAXMICOT,LAXMI COTSPIN LIMITED,14.30,14.97,14.10,14.78,14.16,4.38,0.87,6.08,0.99,4070,59554.00,60
2026-08-06 00:00:00,CROWN,CROWN LIFTERS LIMITED,115.50,115.50,113.06,113.98,115.42,-1.25,2.44,2.11,0.07,4048,463699.60,83
2026-08-06 00:00:00,GROWWPSE,GROWWAMC - GROWWPSE,99.82,101.48,99.13,100.04,99.91,0.13,2.35,2.35,-0.09,3993,399101.83,125
2026-08-06 00:00:00,RELCHEMQ,RELIANCE CHEMOTEX IND LTD,127.59,131.51,125.01,130.03,127.59,1.91,6.50,5.09,0.00,3990,515391.80,117
2026-08-06 00:00:00,UCAL,UCAL LIMITED,118.90,118.90,116.47,117.01,116.47,0.46,2.43,2.04,2.09,3949,463543.47,159
2026-08-06 00:00:00,SECURKLOUD,SECUREKLOUD TECH LIMITED,18.33,18.55,17.82,18.48,18.42,0.33,0.73,3.98,-0.49,3928,71865.01,68
2026-08-06 00:00:00,BSL,BSL LTD,126.26,127.76,123.13,123.92,126.26,-1.85,4.63,3.67,0.00,3912,487794.38,161
2026-08-06 00:00:00,NIPPOBATRY,INDO-NATIONAL LIMITED,328.00,335.00,320.20,333.45,327.05,1.96,14.80,4.51,0.29,3904,1292892.65,138
2026-08-06 00:00:00,BANARBEADS,BANARAS BEADS LTD,116.35,117.50,112.25,114.23,114.24,-0.01,5.25,4.51,1.85,3865,444092.29,271
2026-08-06 00:00:00,SHREYANIND,SHREYANS INDUSTRIES LTD,143.10,144.68,141.00,141.55,142.56,-0.71,3.68,2.57,0.38,3857,549734.95,81
2026-08-06 00:00:00,SAHLIBHFI,SHALIBHADRA FINANCE LTD,82.00,82.39,76.50,79.55,79.84,-0.36,5.89,7.18,2.71,3832,300630.47,45
2026-08-06 00:00:00,NIRLON,NIRLON LTD,624.20,624.20,619.90,620.95,621.50,-0.09,4.30,0.69,0.43,3756,2333337.60,180
2026-08-06 00:00:00,GLOBALVECT,GLOBAL VEC HELICORP LTD,162.00,165.31,162.00,163.79,162.58,0.74,3.31,2.04,-0.36,3746,612987.29,195
2026-08-06 00:00:00,AFSL,ABANS FINANCIAL SRVCS LTD,201.90,201.95,201.07,201.25,201.21,0.02,0.88,0.44,0.34,3729,750182.53,47
2026-08-06 00:00:00,MRF,MRF LTD,134500.00,135150.00,133300.00,133930.00,134405.00,-0.35,1850.00,1.38,0.07,3690,495677210.00,2629
2026-08-06 00:00:00,ROML,RAJ OIL MILLS LIMITED,45.40,45.40,44.25,45.13,44.55,1.30,1.15,2.53,1.91,3650,162987.17,35
2026-08-06 00:00:00,BIL,BHARTIYA INTERNATIONAL,811.65,824.90,800.00,809.90,808.15,0.22,24.90,3.07,0.43,3594,2916299.65,239
2026-08-06 00:00:00,KOVAI,KOVAI MEDICAL CENTER & HO,5950.50,5989.00,5833.50,5893.50,5927.00,-0.57,155.50,2.61,0.40,3575,21064166.50,876
2026-08-06 00:00:00,PALASHSECU,PALASH SECURITIES LTD,87.51,87.98,85.25,87.10,88.55,-1.64,2.73,3.12,-1.17,3530,305681.72,63
2026-08-06 00:00:00,AMDIND,AMD INDUSTRIES LIMITED,47.05,47.50,46.33,46.39,46.68,-0.62,1.17,2.49,0.79,3493,162774.70,89
2026-08-06 00:00:00,DTIL,DHUNSERI TEA & IND. LTD.,134.16,136.00,131.66,132.98,133.50,-0.39,4.34,3.23,0.49,3434,462500.47,96
2026-08-06 00:00:00,IWP,INDIAN WOOD PRODUCTS CO L,36.50,36.50,33.60,33.60,33.62,-0.06,2.90,7.95,8.57,3385,118098.79,85
2026-08-06 00:00:00,MON50EQUAL,MOTILALAMC - MON50EQUAL,34.36,34.60,33.71,34.44,34.19,0.73,0.89,2.59,0.50,3343,114845.10,58
2026-08-06 00:00:00,NITIRAJ,NITIRAJ ENGINEERS LTD,211.70,213.39,207.00,211.29,211.70,-0.19,6.39,3.02,0.00,3314,693204.99,97
2026-08-06 00:00:00,KREBSBIO,KREBS BIOCHEMICALS & IND,54.15,55.85,54.01,54.51,54.12,0.72,1.84,3.40,0.06,3238,176823.07,81
2026-08-06 00:00:00,ATAM,ATAM VALVES LIMITED,65.00,65.80,64.50,64.61,64.74,-0.20,1.30,2.00,0.40,3200,207920.16,120
2026-08-06 00:00:00,ASTRAZEN,ASTRAZENECA PHARMA IND LT,8099.00,8124.50,8050.00,8075.50,8108.50,-0.41,74.50,0.92,-0.12,3198,25886204.00,1048
2026-08-06 00:00:00,ACEINTEG,ACE INTEGRATED SOLU. LTD.,19.78,19.78,18.94,19.00,19.28,-1.45,0.84,4.25,2.59,3186,60767.87,47
2026-08-06 00:00:00,INGERRAND,INGERSOLL-RAND INDIA LTD,4275.60,4370.80,4275.60,4337.90,4304.70,0.77,95.20,2.23,-0.68,3173,13789913.30,939
2026-08-06 00:00:00,HESTERBIO,HESTER BIOSCIENCES LTD,2413.50,2470.00,2412.20,2458.50,2433.30,1.04,57.80,2.39,-0.81,3165,7731893.90,450
2026-08-06 00:00:00,TRANSPEK,TRANSPEK INDUSTRY LTD,1378.60,1378.60,1312.10,1321.40,1359.40,-2.80,66.50,4.82,1.41,3113,4162561.50,409
2026-08-06 00:00:00,NAGREEKEXP,NAGREEKA EXPORTS LTD.,22.01,23.22,22.01,22.81,22.66,0.66,1.21,5.50,-2.87,3055,69740.37,56
2026-08-06 00:00:00,KOTHARIPRO,KOTHARI PRODUCTS LTD,68.60,68.60,67.61,68.00,68.26,-0.38,0.99,1.44,0.50,3046,207375.89,37
2026-08-06 00:00:00,PAR,PAR DRUGS AND CHEM LTD,98.11,101.74,98.00,100.92,98.89,2.05,3.74,3.81,-0.79,3011,300301.99,95
2026-08-06 00:00:00,NEXTMEDIA,NEXT MEDIAWORKS LIMITED,4.02,4.02,3.82,3.95,3.90,1.28,0.20,4.98,3.08,2989,11819.67,40
2026-08-06 00:00:00,LAHOTIOV,LAHOTI OVERSEAS LTD.,41.97,42.00,41.26,41.26,41.97,-1.69,0.74,1.76,0.00,2959,122119.18,15
2026-08-06 00:00:00,ITAXIS,AXISAMC-ITAXIS,347.00,347.00,341.10,342.62,346.68,-1.17,5.90,1.70,0.09,2918,1007405.56,75
2026-08-06 00:00:00,SHAHALLOYS,SHAH ALLOYS LIMITED,72.90,72.90,69.75,71.26,70.26,1.42,3.15,4.32,3.76,2913,206759.74,64
2026-08-06 00:00:00,SREEL,SREELEATHERS LIMITED,213.00,217.89,213.00,215.37,214.78,0.27,4.89,2.30,-0.83,2904,625677.62,238
2026-08-06 00:00:00,AHLADA,AHLADA ENGINEERS LIMITED,37.79,37.80,37.00,37.57,37.60,-0.08,0.80,2.12,0.51,2849,107157.27,50
2026-08-06 00:00:00,ZODIACLOTH,ZODIAC CLOTHING CO. LTD.,77.54,78.24,76.00,76.42,77.54,-1.44,2.24,2.89,0.00,2838,217937.94,98
2026-08-06 00:00:00,EXCELINDUS,EXCEL INDUSTRIES LTD,1046.00,1049.00,1025.15,1029.55,1041.60,-1.16,23.85,2.28,0.42,2795,2892429.95,313
2026-08-06 00:00:00,PNC,PRITISH NANDY COMMUNICATI,19.80,20.40,19.26,19.48,19.66,-0.92,1.14,5.76,0.71,2762,54359.14,96
2026-08-06 00:00:00,HDFCVALUE,HDFCAMC - HDFCVALUE,126.92,128.71,126.92,128.52,127.55,0.76,1.79,1.41,-0.49,2755,353233.17,82
2026-08-06 00:00:00,TECHNVISN,TECHNVISION VENTURES LTD.,4825.60,5308.20,4592.10,5307.10,4825.70,9.98,716.10,14.84,-0.00,2711,14032188.30,539
2026-08-06 00:00:00,MOIPO,MOTILALAMC - MOIPO,47.97,48.19,47.96,48.02,48.06,-0.08,0.23,0.48,-0.19,2683,129229.53,35
2026-08-06 00:00:00,SMALLGROWW,GROWWAMC - SMALLGROWW,48.69,48.69,48.30,48.30,48.38,-0.17,0.39,0.80,0.64,2677,129676.39,56
2026-08-06 00:00:00,ISFT,INTRASOFT TECH. LTD,80.28,80.28,78.20,78.65,79.89,-1.55,2.08,2.59,0.49,2610,206534.93,87
2026-08-06 00:00:00,HONAUT,HONEYWELL AUTOMATION IND,38325.00,38695.00,38080.00,38315.00,38375.00,-0.16,615.00,1.60,-0.13,2587,99379265.00,1881
2026-08-06 00:00:00,SHIVAUM,SHIV AUM STEELS LIMITED,430.00,432.10,419.00,419.80,424.75,-1.17,13.10,3.05,1.24,2585,1097206.60,77
2026-08-06 00:00:00,DICIND,DIC INDIA LIMITED,514.95,528.00,504.10,523.25,514.95,1.61,23.90,4.64,0.00,2558,1330900.00,76
2026-08-06 00:00:00,KHANDSE,KHANDWALA SECURITIES LTD,17.75,17.75,16.75,17.05,17.40,-2.01,1.00,5.63,2.01,2553,43492.73,61
2026-08-06 00:00:00,MERCANTILE,MERCANTILE VENTURES LTD.,23.81,25.59,23.81,24.52,25.26,-2.93,1.78,7.48,-5.74,2548,62466.74,34
2026-08-06 00:00:00,IDFNIFTYET,BANDHANAMC - IDFNIFTYET,272.26,278.00,271.61,275.78,272.26,1.29,6.39,2.35,0.00,2540,691669.63,47
2026-08-06 00:00:00,SUPERHOUSE,SUPERHOUSE LIMITED,156.33,162.99,156.25,159.02,157.14,1.20,6.74,4.31,-0.52,2536,403309.64,259
2026-08-06 00:00:00,HPIL,HINDPRAKASH INDUSTRY LTD,129.61,130.99,125.00,128.85,129.61,-0.59,5.99,4.62,0.00,2518,324486.55,55
2026-08-06 00:00:00,LOTUSEYE,LOTUS EYE HOSP & INST L,117.01,118.49,116.70,117.24,117.83,-0.50,1.79,1.53,-0.70,2460,288642.52,128
2026-08-06 00:00:00,MIDCAPADD,DSPAMC - MIDCAPADD,23.52,23.52,23.42,23.43,23.26,0.73,0.10,0.43,1.12,2453,57597.63,26
2026-08-06 00:00:00,STEL,STEL HOLDINGS LIMITED,558.25,571.10,553.15,564.10,559.05,0.90,17.95,3.22,-0.14,2419,1355439.85,249
2026-08-06 00:00:00,MOINFRA,MOTILALAMC - MOINFRA,60.56,60.86,60.43,60.70,60.95,-0.41,0.43,0.71,-0.64,2399,145420.26,59
2026-08-06 00:00:00,APOLSINHOT,APOLLO SINDOORI HOTEL LTD,1216.90,1300.00,1195.20,1243.60,1200.80,3.56,104.80,8.61,1.34,2384,2983198.00,239
2026-08-06 00:00:00,KALYANIFRG,KALYANI FORGE LIMITED,612.40,613.80,595.05,606.35,614.70,-1.36,18.75,3.06,-0.37,2365,1432762.20,106
2026-08-06 00:00:00,MAHSCOOTER,MAHARASHTRA SCOOTERS LTD,13972.00,13972.00,13750.00,13817.00,13834.00,-0.12,222.00,1.59,1.00,2355,32687159.00,1133
2026-08-06 00:00:00,BEDMUTHA,BEDMUTHA INDUST LTD,116.02,119.00,112.00,112.41,115.00,-2.25,7.00,6.03,0.89,2335,268653.19,46
2026-08-06 00:00:00,RACE,RACE ECO CHAIN LIMITED,109.50,109.50,103.51,104.38,105.22,-0.80,5.99,5.47,4.07,2320,244100.20,115
2026-08-06 00:00:00,NSIL,NALWA SONS INVESTMENT LTD,5726.00,5775.00,5671.00,5711.50,5715.00,-0.06,104.00,1.82,0.19,2315,13233692.00,438
2026-08-06 00:00:00,ICDSLTD,ICDS LTD,43.52,47.60,40.13,40.72,43.52,-6.43,7.47,17.16,0.00,2285,102325.10,66
2026-08-06 00:00:00,TOUCHWOOD,TOUCHWOOD ENTERTAIN LTD.,66.90,67.60,65.30,67.09,65.89,1.82,2.30,3.44,1.53,2284,152197.51,67
2026-08-06 00:00:00,MOM50,MOTILAL OSWAL M50 ETF,258.80,258.80,257.48,258.49,257.23,0.49,1.32,0.51,0.61,2271,586429.44,100
2026-08-06 00:00:00,BALKRISHNA,BALKRISHNA PAPER MILLS L,17.50,17.99,17.37,17.37,17.52,-0.86,0.62,3.54,-0.11,2210,38859.89,46
2026-08-06 00:00:00,THEINVEST,THE INVEST TRUST OF IND L,101.70,102.45,100.02,101.06,101.79,-0.72,2.43,2.39,-0.09,2208,222069.23,76
2026-08-06 00:00:00,HGM,HANDSON GBL MNGMNT LTD,49.64,50.63,49.04,49.10,49.64,-1.09,1.59,3.20,0.00,2180,107407.56,62
2026-08-06 00:00:00,INDIANCARD,INDIAN CARD CLOTHING CO.,222.00,226.99,216.51,220.15,222.00,-0.83,10.48,4.72,0.00,2158,472751.97,69
2026-08-06 00:00:00,ANIKINDS,ANIK INDUSTRIES LTD,45.79,45.79,42.00,43.09,42.23,2.04,3.79,8.28,8.43,2145,92930.28,129
2026-08-06 00:00:00,KICL,KALYANI INVEST CO LTD,5545.00,5660.50,5500.00,5528.00,5522.00,0.11,160.50,2.89,0.42,2143,11980437.50,360
2026-08-06 00:00:00,TCPLPACK,TCPL PACKAGING LIMITED,3146.10,3191.90,3116.00,3131.40,3164.50,-1.05,75.90,2.41,-0.58,2137,6733453.40,483
2026-08-06 00:00:00,EBANKNIFTY,EDELAMC - EBANKNIFTY,58.40,58.60,58.18,58.43,58.60,-0.29,0.42,0.72,-0.34,2096,122241.08,18
2026-08-06 00:00:00,LAMBODHARA,LAMBODHARA TEXTILES LTD.,115.00,115.70,110.96,114.27,115.70,-1.24,4.74,4.12,-0.61,2081,236584.95,121
2026-08-06 00:00:00,ESABINDIA,ESAB INDIA LTD,5657.50,5674.00,5611.00,5624.00,5654.00,-0.53,63.00,1.11,0.06,2001,11290597.50,1171
2026-08-06 00:00:00,ABCOTS,A B COTSPIN INDIA LIMITED,202.90,202.90,199.15,200.87,199.53,0.67,3.75,1.85,1.69,1989,399037.82,172
2026-08-06 00:00:00,MSCIADD,DSPAMC - MSCIADD,30.08,30.27,30.08,30.23,30.18,0.17,0.19,0.63,-0.33,1964,59358.02,116
2026-08-06 00:00:00,JUBLCPL,JUBILANT AGRI N CON PRO L,1910.30,1917.00,1880.00,1890.30,1893.80,-0.18,37.00,1.94,0.87,1896,3604950.30,333
2026-08-06 00:00:00,INNOVANA,INNOVANA THINKLABS LTD,331.15,337.95,327.95,331.80,331.05,0.23,10.00,3.02,0.03,1891,627013.00,64
2026-08-06 00:00:00,QNIFTY,QUANTUM NIFTY 50 ETF,271.60,272.00,271.00,271.54,270.50,0.38,1.00,0.37,0.41,1864,506030.58,86
2026-08-06 00:00:00,ARTNIRMAN,ART NIRMAN LIMITED,41.38,42.78,40.06,41.75,40.75,2.45,2.72,6.57,1.55,1839,76320.76,44
2026-08-06 00:00:00,ARIHANT,ARIHANT FOUN & HOU LTD,1102.80,1147.00,1072.00,1130.40,1136.60,-0.55,75.00,6.80,-2.97,1815,2031574.00,278
2026-08-06 00:00:00,SENSEXAXIS,AXISAMC-SENSEXAXIS,80.28,82.90,80.28,81.82,80.28,1.92,2.62,3.26,0.00,1813,148342.04,90
2026-08-06 00:00:00,EBANK10,EDELAMC - EBANK10,16.95,17.06,16.88,17.05,16.95,0.59,0.18,1.06,0.00,1801,30613.24,15
2026-08-06 00:00:00,MOPSE,MOTILALAMC - MOPSE,101.34,103.05,100.79,101.24,100.98,0.26,2.26,2.23,0.36,1768,179551.44,29
2026-08-06 00:00:00,WEALTH,WEALTH FRST PORT. MG. LTD,936.60,947.45,920.05,925.95,937.10,-1.19,27.40,2.93,-0.05,1751,1629240.55,295
2026-08-06 00:00:00,MEGASTAR,MEGASTAR FOODS LIMITED,330.35,331.05,322.00,324.60,330.35,-1.74,9.05,2.74,0.00,1748,567705.15,121
2026-08-06 00:00:00,SELMC,SEL MANUFACTURING CO LTD,27.54,28.30,27.54,27.98,27.49,1.78,0.76,2.76,0.18,1741,48566.31,54
2026-08-06 00:00:00,ABMKNO,A B M KNOWLEDGEWARE LTD.,194.00,197.00,190.10,190.87,191.61,-0.39,6.90,3.56,1.25,1738,333960.08,27
2026-08-06 00:00:00,DRAGARWQ,DR. AGARWAL'S EYE HOSP L,5220.00,5300.00,5198.00,5253.00,5197.00,1.08,102.00,1.95,0.44,1730,9087594.50,498
2026-08-06 00:00:00,UMESLTD,USHA MARTIN EDU & SOL LTD,5.55,5.65,5.35,5.48,5.44,0.74,0.30,5.41,2.02,1694,9300.72,27
2026-08-06 00:00:00,GANGESSECU,GANGES SECURITIES LIMITED,120.23,122.49,118.10,118.85,120.87,-1.67,4.39,3.65,-0.53,1647,196134.29,108
2026-08-06 00:00:00,BANARISUG,BANNARI AMMAN SUGARS LTD,3475.00,3525.00,3475.00,3510.50,3475.10,1.02,50.00,1.44,-0.00,1600,5624969.10,92
2026-08-06 00:00:00,SILINV,SIL INVESTMENTS LIMITED,426.00,436.00,425.00,433.70,428.35,1.25,11.00,2.58,-0.55,1555,670530.00,90
2026-08-06 00:00:00,ASPINWALL,ASPINWALL & CO LTD,249.04,249.04,233.71,242.03,249.04,-2.81,15.33,6.16,0.00,1494,359178.61,131
2026-08-06 00:00:00,KEYFINSERV,KEYNOTE FIN SERV LTD.,264.75,264.75,250.25,252.45,258.35,-2.28,14.50,5.48,2.48,1440,365870.10,61
2026-08-06 00:00:00,AHLEAST,ASIAN HOTELS (EAST) LTD,141.20,145.80,141.20,142.41,142.09,0.23,4.60,3.26,-0.63,1431,204702.29,49
2026-08-06 00:00:00,PODDARMENT,PODDAR PIGMENTS LIMITED,250.05,258.45,250.00,256.90,249.65,2.90,8.45,3.38,0.16,1406,357941.70,72
2026-08-06 00:00:00,ADL,ARCHIDPLY DECOR LIMITED,71.75,73.49,70.00,70.10,71.75,-2.30,3.49,4.86,0.00,1377,97094.12,19
2026-08-06 00:00:00,SAYAJIHOTL,SAYAJI HOTELS LTD.,312.90,327.60,301.00,316.10,312.00,1.31,26.60,8.50,0.29,1361,427875.55,72
2026-08-06 00:00:00,IMPAL,IND MOTOR PART & ACC LTD,1081.10,1122.50,1081.10,1096.90,1115.30,-1.65,41.40,3.83,-3.07,1313,1447967.90,264
2026-08-06 00:00:00,TVSSRICHAK,TVS SRICHAKRA LIMITED,3996.30,4012.60,3952.00,3971.20,3982.90,-0.29,60.60,1.52,0.34,1295,5163012.60,320
2026-08-06 00:00:00,AKCAPIT,A K CAPITAL SERVICES LTD.,1741.00,1763.90,1671.40,1690.30,1749.10,-3.36,92.50,5.31,-0.46,1295,2226136.90,200
2026-08-06 00:00:00,SAPPL,SHREE AJIT PULP & PAPER L,290.00,294.90,281.00,294.80,285.10,3.40,13.90,4.79,1.72,1292,372389.10,27
2026-08-06 00:00:00,PILANIINVS,PILANI INV & IND COR LTD,4368.20,4368.20,4305.00,4315.00,4338.50,-0.54,63.20,1.45,0.68,1259,5450880.50,247
2026-08-06 00:00:00,3PLAND,3P LAND HOLDINGS LIMITED,31.76,32.10,31.47,32.10,31.76,1.07,0.63,1.98,0.00,1258,39934.03,45
2026-08-06 00:00:00,UNITEDTEA,UNITED NILGIRI TEA LTD,490.80,490.80,476.15,483.30,481.15,0.45,14.65,2.98,2.01,1216,590595.95,122
2026-08-06 00:00:00,HALEOSLABS,HALEOS LABS LIMITED,1431.00,1500.00,1430.00,1438.70,1427.70,0.77,70.00,4.89,0.23,1201,1746314.50,124
2026-08-06 00:00:00,SINTERCOM,SINTERCOM INDIA LIMITED,84.10,85.00,82.51,84.93,82.85,2.51,2.49,2.96,1.51,1201,101568.84,16
2026-08-06 00:00:00,NEXT50ADD,DSPAMC - NEXT50ADD,74.34,75.16,74.34,75.11,74.84,0.36,0.82,1.10,-0.67,1160,87080.77,141
2026-08-06 00:00:00,TASTYBITE,TASTY BITE EATABLES LTD,9296.00,9313.00,9151.00,9175.00,9293.50,-1.28,162.00,1.74,0.03,1149,10593081.00,456
2026-08-06 00:00:00,MOMGF,MOTILALAMC - MOMGF,165.49,167.00,165.21,166.75,165.49,0.76,1.79,1.08,0.00,1125,186819.47,16
2026-08-06 00:00:00,MADHAV,MADHAV MARBLE & GRANITE,35.00,36.00,34.91,35.74,35.76,-0.06,1.09,3.11,-2.13,1111,39585.29,39
2026-08-06 00:00:00,GLOSTERLTD,GLOSTER LIMITED,683.90,685.00,677.45,679.55,674.95,0.68,7.55,1.10,1.33,1101,749803.95,151
2026-08-06 00:00:00,JINDALPHOT,JINDAL PHOTO LIMITED,1088.90,1089.90,1058.10,1063.60,1068.60,-0.47,31.80,2.92,1.90,1077,1154024.80,214
2026-08-06 00:00:00,HISARMETAL,HISAR METAL IND. LIMITED,148.00,150.89,148.00,148.25,147.38,0.59,2.89,1.95,0.42,1058,157694.33,32
2026-08-06 00:00:00,MALLCOM,MALLCOM (INDIA) LIMITED,1011.00,1022.00,995.00,1015.10,1012.65,0.24,27.00,2.67,-0.16,1052,1058103.40,140
2026-08-06 00:00:00,AIROLAM,AIRO LAM LIMITED,91.19,93.00,88.34,90.80,91.19,-0.43,4.66,5.11,0.00,1040,94817.21,78
2026-08-06 00:00:00,KIRANVYPAR,KIRAN VYAPAR LTD.,202.00,203.00,196.50,197.57,203.60,-2.96,6.50,3.22,-0.79,1033,205746.08,29
2026-08-06 00:00:00,HAWKINCOOK,HAWKINS COOKERS LTD,8517.50,8578.50,8402.00,8465.00,8526.50,-0.72,176.50,2.07,-0.11,1032,8790917.00,395
2026-08-06 00:00:00,SNXT50BETA,UTIAMC-SNXT50BETA,97.20,97.20,96.00,96.18,96.22,-0.04,1.20,1.23,1.02,995,95886.93,69
2026-08-06 00:00:00,MIDCAPBETA,UTIAMC-MIDCAPBETA,236.73,237.28,233.55,235.73,236.77,-0.44,3.73,1.58,-0.02,979,231670.92,31
2026-08-06 00:00:00,METROGLOBL,METROGLOBAL LTD.,135.00,135.90,131.00,135.02,130.02,3.85,4.90,3.63,3.83,977,130985.99,78
2026-08-06 00:00:00,SENSEXBETA,UTIAMC-SENSEXBETA,870.00,876.00,862.00,863.74,868.30,-0.53,14.00,1.61,0.20,956,831410.27,155
2026-08-06 00:00:00,SHIVATEX,SHIVA TEXYARN LIMITED,166.99,167.09,161.01,164.69,167.09,-1.44,6.08,3.64,-0.06,934,154378.68,43
2026-08-06 00:00:00,ENEXT50,EDELAMC - ENEXT50,74.40,74.50,74.40,74.40,74.40,0.00,0.10,0.13,0.00,925,68850.00,10
2026-08-06 00:00:00,MOMNC,MOTILALAMC - MOMNC,33.40,33.54,33.40,33.49,33.40,0.27,0.14,0.42,0.00,887,29671.47,11
2026-08-06 00:00:00,DISAQ,DISA INDIA LTD.,12228.00,12239.00,11621.00,11769.00,12199.00,-3.52,618.00,5.05,0.24,874,10399925.00,495
2026-08-06 00:00:00,CURAA,CURA TECHNOLOGIES LIMITED,72.00,77.90,72.00,75.10,72.00,4.31,5.90,8.19,0.00,874,67191.84,42
2026-08-06 00:00:00,LICNFNHGP,LICNAMC - LICNFNHGP,282.34,282.34,275.16,281.79,282.13,-0.12,7.18,2.54,0.07,871,244423.30,18
2026-08-06 00:00:00,SANOFICONR,SANOFI CONS HEALTHC IND L,4541.70,4555.90,4521.00,4533.80,4551.40,-0.39,34.90,0.77,-0.21,869,3943393.40,406
2026-08-06 00:00:00,RAJPALAYAM,RAJAPALAYAM MILLS LTD.,840.00,842.00,826.00,833.60,833.70,-0.01,16.00,1.90,0.76,845,708178.65,54
2026-08-06 00:00:00,ABSLMSCIN,BIRLASLAMC - ABSLMSCIN,30.23,30.25,30.07,30.22,30.05,0.57,0.18,0.60,0.60,839,25298.18,17
2026-08-06 00:00:00,LFIC,LAKSHMI FIN IND CORP LTD,140.60,147.70,138.10,139.33,142.01,-1.89,9.60,6.83,-0.99,836,116184.10,53
2026-08-06 00:00:00,LOYALTEX,LOYAL TEXTILE MILLS LTD,212.00,219.30,212.00,214.53,210.00,2.16,7.30,3.44,0.95,831,178161.60,43
2026-08-06 00:00:00,PANSARI,PANSARI DEVELOPERS LTD,323.65,333.00,323.65,329.25,333.20,-1.19,9.35,2.89,-2.87,815,268409.80,50
2026-08-06 00:00:00,GROWWMC150,GROWWAMC - GROWWMC150,231.58,236.15,231.54,232.90,235.52,-1.11,4.61,1.99,-1.67,747,175234.57,50
2026-08-06 00:00:00,KAMAHOLD,KAMA HOLDINGS LTD.,2514.20,2522.90,2487.10,2510.40,2509.20,0.05,35.80,1.42,0.20,731,1833374.30,217
2026-08-06 00:00:00,CONSUMAXIS,AXISAMC-CONSUMAXIS,125.51,126.11,125.04,125.12,125.74,-0.49,1.07,0.85,-0.18,729,91408.79,27
2026-08-06 00:00:00,PIONEEREMB,PIONEER EMBROIDERIES LTD,24.26,24.89,24.00,24.30,24.26,0.16,0.89,3.67,0.00,668,16198.32,41
2026-08-06 00:00:00,ARVEE,ARVEE LABORATORIES I LTD,158.16,160.00,155.00,155.70,155.06,0.41,5.00,3.16,2.00,662,103178.54,27
2026-08-06 00:00:00,WILLAMAGOR,WILLIAMSON MAGOR,25.50,26.55,25.00,25.25,25.47,-0.86,1.55,6.08,0.12,626,15783.95,12
2026-08-06 00:00:00,CREST,CREST VENTURES LIMITED,388.15,389.95,376.45,378.90,380.80,-0.50,13.50,3.48,1.93,624,236889.30,64
2026-08-06 00:00:00,SURYALA,SURYALATA SPINNING MILL L,418.85,418.85,397.15,399.60,406.70,-1.75,21.70,5.18,2.99,585,236571.70,69
2026-08-06 00:00:00,BENGALASM,BENGAL & ASSAM CO. LTD.,6296.00,6296.00,6200.00,6230.50,6296.50,-1.05,96.00,1.52,-0.01,582,3635669.50,396
2026-08-06 00:00:00,NORBTEAEXP,NORBEN TEA & EXPORTS LTD,66.40,66.60,65.31,65.52,66.69,-1.75,1.29,1.94,-0.43,558,36626.14,15
2026-08-06 00:00:00,MODIRUBBER,MODI RUBBER LTD,123.18,123.18,120.12,121.11,123.55,-1.97,3.06,2.48,-0.30,454,55202.91,37
2026-08-06 00:00:00,PML,PAUL MERCHANTS LTD.,511.25,511.25,490.40,506.25,511.55,-1.04,20.85,4.08,-0.06,452,225598.55,40
2026-08-06 00:00:00,MCCHRLS-B,MAC CHARLES (INDIA) LTD.,715.00,715.00,660.00,675.90,674.75,0.17,55.00,7.69,5.97,439,297653.65,30
2026-08-06 00:00:00,SURAJLTD,SURAJ LIMITED,220.00,222.00,216.31,218.68,217.26,0.65,5.69,2.59,1.26,431,94615.26,29
2026-08-06 00:00:00,GROBTEA,THE GROB TEA COMPANY LTD,850.00,920.00,850.00,899.40,898.80,0.07,70.00,8.24,-5.43,423,379790.65,70
2026-08-06 00:00:00,NKIND,NK INDUSTRIES LTD,60.50,63.00,60.50,63.00,60.29,4.49,2.50,4.13,0.35,407,25226.30,9
2026-08-06 00:00:00,DHUNINV,DHUNSERI INVESTMENTS LTD,892.00,937.00,887.50,917.55,890.25,3.07,49.50,5.55,0.20,389,358597.25,84
2026-08-06 00:00:00,KRISHIVAL,KRISHIVAL FOODS LIMITED,391.00,391.20,388.00,390.10,387.75,0.61,3.20,0.82,0.84,360,140426.20,45
2026-08-06 00:00:00,ESENSEX,EDELAMC - ESENSEX,79.19,79.57,79.19,79.55,78.83,0.91,0.38,0.48,0.46,342,27151.10,13
2026-08-06 00:00:00,SHRIKRISH,SHRI KRISHNA DEVCON LTD.,42.29,42.89,42.29,42.29,42.29,0.00,0.60,1.42,0.00,325,13792.05,13
2026-08-06 00:00:00,REGENCERAM,REGENCY CERAMICS LTD.,32.03,33.99,32.03,33.50,32.03,4.59,1.96,6.12,0.00,291,9703.61,11
2026-08-06 00:00:00,QUINT,QUINT DIGITAL LTD.,39.89,39.89,39.86,39.86,39.89,-0.08,0.03,0.08,0.00,269,10724.94,45
2026-08-06 00:00:00,GILT5BETA,UTIAMC-GILT5BETA,65.47,67.27,65.47,67.26,65.71,2.36,1.80,2.75,-0.37,258,17340.20,10
2026-08-06 00:00:00,ABGSEC,BIRLASLAMC - ABGSEC,114.01,114.89,114.01,114.89,114.01,0.77,0.88,0.77,0.00,232,26458.10,8
2026-08-06 00:00:00,MFML,MAHALAXMI FABRIC MILLS LT,19.90,19.90,19.10,19.44,19.10,1.78,0.80,4.02,4.19,226,4397.27,14
2026-08-06 00:00:00,RVTH,REVATHI EQUIPMENT INDIA L,718.00,724.40,703.40,713.90,724.40,-1.45,21.00,2.92,-0.88,223,160842.50,17
2026-08-06 00:00:00,ABMINTLLTD,ABM INTERNATIONAL LTD,45.47,45.47,41.36,41.41,42.24,-1.96,4.11,9.04,7.65,192,8103.79,8
2026-08-06 00:00:00,BIMETAL,BIMETAL BEARINGS LTD.,638.00,662.00,638.00,660.15,647.05,2.02,24.00,3.76,-1.40,174,113233.50,33
2026-08-06 00:00:00,NBIFIN,N.B.I. IND. FIN. CO. LTD,2180.20,2183.20,2134.80,2158.10,2131.40,1.25,48.40,2.22,2.29,135,291657.60,57
2026-08-06 00:00:00,GSEC10YEAR,MIRAEAMC - MAGS813ETF,30.40,30.59,30.40,30.55,30.59,-0.13,0.19,0.63,-0.62,133,4068.20,11
2026-08-06 00:00:00,THAKDEV,THAKKERS DEVELOPERS LTD.,134.00,134.00,128.25,128.25,135.00,-5.00,5.75,4.29,-0.74,128,16843.23,22
2026-08-06 00:00:00,GILT10BETA,UTIAMC-GILT10BETA,26.43,26.96,26.43,26.83,26.67,0.60,0.53,2.01,-0.90,125,3369.34,10
2026-08-06 00:00:00,NDGL,NAGA DHUNSERI GROUP LTD,2760.00,2760.00,2650.00,2750.00,2756.60,-0.24,110.00,3.99,0.12,121,328241.70,30
2026-08-06 00:00:00,ZENITHEXPO,ZENITH EXPORTS LTD,199.39,199.40,194.29,197.24,194.28,1.52,5.11,2.56,2.63,109,21636.02,9
2026-08-06 00:00:00,SECMARK,SECMARK CONSULTANCY LTD,127.00,127.00,122.20,126.00,123.36,2.14,4.80,3.78,2.95,95,11713.11,8
2026-08-06 00:00:00,WEIZMANIND,WEIZMANN LTD,77.50,79.99,77.32,79.97,77.11,3.71,2.67,3.45,0.51,88,6910.61,8
2026-08-06 00:00:00,GKWLIMITED,GKW LIMITED,1627.30,1655.00,1624.00,1629.70,1646.80,-1.04,31.00,1.90,-1.18,75,122772.00,29
2026-08-06 00:00:00,ELCIDIN,ELCID INVESTMENTS LTD.,114480.00,114480.00,111010.00,112400.00,112860.00,-0.41,3470.00,3.03,1.44,67,7551325.00,61
2026-08-06 00:00:00,TEAMGTY,TEAM INDIA GUARANTY LTD,223.80,223.80,215.23,223.80,225.20,-0.62,8.57,3.83,-0.62,67,14781.78,11
2026-08-06 00:00:00,ASTAR,ASIAN STAR CO. LTD.,619.90,619.90,590.00,590.00,590.10,-0.02,29.90,4.82,5.05,63,37264.30,13
2026-08-06 00:00:00,INDPRUD,INDUSTRIAL & PRU INV CO L,6560.00,6560.00,6405.00,6472.50,6346.00,1.99,155.00,2.36,3.37,62,402516.00,28
2026-08-06 00:00:00,MODTHREAD,MODERN THREADS INDIA LTD,49.02,49.02,48.21,48.24,50.64,-4.74,0.81,1.65,-3.20,51,2477.23,5
2026-08-06 00:00:00,GSEC10ABSL,BIRLASLAMC - GSEC10ABSL,113.00,113.27,113.00,113.27,113.27,0.00,0.27,0.24,-0.24,46,5198.27,2
2026-08-06 00:00:00,NPBET,TATAAML - NPBET,288.38,288.65,287.35,287.35,286.47,0.31,1.30,0.45,0.67,45,12952.00,11
2026-08-06 00:00:00,NEAGI,NEELAMALAI AGRO INDS. L,3155.00,3155.00,3150.00,3150.00,3165.00,-0.47,5.00,0.16,-0.32,28,88335.00,4
2026-08-06 00:00:00,SONAL,SONAL MERCANTILE LTD.,92.00,92.00,89.95,89.95,88.00,2.22,2.05,2.23,4.55,21,1896.05,4
