Date,Symbol,Company,Open,High,Low,Close,PrevClose,DailyReturnPct,DailyRange,RangePct,GapPct,Volume,TradedValue,Trades
2026-09-23 00:00:00,PCJEWELLER,PC JEWELLER LTD,13.80,14.86,13.64,14.47,13.58,6.55,1.22,8.84,1.62,867441415,12483313464.52,328550
2026-09-23 00:00:00,OLAELEC,OLA ELECTRIC MOBILITY LTD,38.25,42.49,38.25,41.87,37.78,10.83,4.24,11.08,1.24,390177989,16179970183.07,572669
2026-09-23 00:00:00,IDEA,VODAFONE IDEA LIMITED,14.26,14.55,14.17,14.52,14.27,1.75,0.38,2.66,-0.07,272140999,3916932401.25,463863
2026-09-23 00:00:00,MOTISONS,MOTISONS JEWELLERS LTD,18.40,19.15,17.40,18.89,18.04,4.71,1.75,9.51,2.00,144251390,2668863071.31,158019
2026-09-23 00:00:00,HEROMOTORS,HERO MOTORS LIMITED,82.00,98.40,80.50,98.40,84.00,17.14,17.90,21.83,-2.38,139842838,12763316744.94,446645
2026-09-23 00:00:00,AHCL,ANLON HEALTHCARE LIMITED,30.30,31.29,26.55,29.68,28.86,2.84,4.74,15.64,4.99,113090092,3283635456.22,333842
2026-09-23 00:00:00,SUZLON,SUZLON ENERGY LIMITED,43.00,43.21,41.62,42.39,43.00,-1.42,1.59,3.70,0.00,99322778,4187685145.88,146954
2026-09-23 00:00:00,IFCI,IFCI LTD,76.30,80.07,75.60,79.49,75.94,4.67,4.47,5.86,0.47,77513063,6079702845.24,177255
2026-09-23 00:00:00,SUBEXLTD,SUBEX LTD,19.50,22.80,19.48,22.08,19.37,13.99,3.32,17.03,0.67,70960363,1544937833.90,258222
2026-09-23 00:00:00,IDFCFIRSTB,IDFC FIRST BANK LIMITED,85.98,89.61,85.90,87.90,85.37,2.96,3.71,4.31,0.71,64518343,5693513709.12,132127
2026-09-23 00:00:00,JPPOWER,JAIPRAKASH POWER VEN. LTD,16.20,16.35,16.00,16.04,16.17,-0.80,0.35,2.16,0.19,58181761,940005006.34,1059555
2026-09-23 00:00:00,CUPID,CUPID LIMITED,259.45,276.40,255.20,273.85,258.20,6.06,21.20,8.17,0.48,52637525,14132545448.00,274580
2026-09-23 00:00:00,YESBANK,YES BANK LIMITED,23.20,23.38,23.17,23.24,23.20,0.17,0.21,0.91,0.00,46135166,1072689608.95,91522
2026-09-23 00:00:00,SSRETAIL,SS RETAIL LIMITED,624.00,748.80,603.05,748.80,424.00,76.60,145.75,23.36,47.17,45735525,30745720416.60,729664
2026-09-23 00:00:00,STEELXIND,STEEL EXCHANGE INDIA LTD,11.21,12.84,11.21,12.01,11.18,7.42,1.63,14.54,0.27,43409817,533168765.46,54619
2026-09-23 00:00:00,BANDHANBNK,BANDHAN BANK LIMITED,185.95,193.00,185.70,191.38,184.70,3.62,7.30,3.93,0.68,41844761,7965124689.52,140391
2026-09-23 00:00:00,SAIL,STEEL AUTHORITY OF INDIA,174.50,185.70,174.50,185.44,174.01,6.57,11.20,6.42,0.28,41615771,7591795622.91,146880
2026-09-23 00:00:00,TATASTEEL,TATA STEEL LIMITED,184.88,191.50,184.87,190.82,184.97,3.16,6.63,3.59,-0.05,39798327,7544119648.53,179963
2026-09-23 00:00:00,PINELABS,PINE LABS LIMITED,196.99,200.70,187.11,188.30,197.58,-4.70,13.59,6.90,-0.30,37096342,7157228173.36,212669
2026-09-23 00:00:00,IRB,IRB INFRA DEV LTD.,18.40,18.66,17.51,18.03,17.98,0.28,1.15,6.25,2.34,36892063,673935817.12,43059
2026-09-23 00:00:00,GLASSWALL,GLASS WALL SYSTEM (I) LTD,309.99,314.29,278.37,286.41,309.29,-7.40,35.92,11.59,0.23,35196312,10451408076.94,291324
2026-09-23 00:00:00,TATSILV,TATAAML-TATSILV,22.60,22.70,22.32,22.37,22.36,0.04,0.38,1.68,1.07,33492729,754425805.64,34703
2026-09-23 00:00:00,VOGL,VEDANTA OIL AND GAS LTD,35.29,36.39,34.92,35.86,35.01,2.43,1.47,4.17,0.80,33407800,1199103022.31,60659
2026-09-23 00:00:00,FEDDERSHOL,FEDDERS HOLDING LTD.,65.11,69.75,60.71,67.22,64.80,3.73,9.04,13.88,0.48,32953487,2177031085.40,95216
2026-09-23 00:00:00,ELECON,ELECON ENG. CO. LTD,420.55,476.90,420.10,466.60,420.55,10.95,56.80,13.51,0.00,30987016,14335672449.95,428425
2026-09-23 00:00:00,MEESHO,MEESHO LIMITED,243.00,244.37,230.94,236.37,240.19,-1.59,13.43,5.53,1.17,29256339,6905214550.36,209262
2026-09-23 00:00:00,VEDPOWER,VEDANTA POWER LIMITED,31.29,33.44,31.28,32.98,31.07,6.15,2.16,6.90,0.71,28255830,927133035.65,79057
2026-09-23 00:00:00,ELITECON,ELITECON INTERNATIONAL L,9.09,9.17,8.61,9.13,8.74,4.46,0.56,6.16,4.00,24189173,220115900.63,23366
2026-09-23 00:00:00,EKC,EVEREST KANTO CYLINDERLTD,100.90,119.33,100.90,113.66,100.81,12.75,18.43,18.27,0.09,23855254,2723001037.03,148749
2026-09-23 00:00:00,HDFCBANK,HDFC BANK LTD,735.65,742.80,734.00,737.25,738.60,-0.18,8.80,1.20,-0.40,23197231,17154770350.35,225520
2026-09-23 00:00:00,ALOKINDS,ALOK INDUSTRIES LIMITED,7.44,7.70,7.35,7.64,7.34,4.09,0.35,4.70,1.36,22445047,168933818.85,13111
2026-09-23 00:00:00,ONEPOINT,ONE POINT ONE SOL LTD,63.90,70.50,63.60,68.41,63.20,8.24,6.90,10.80,1.11,21831475,1495649727.33,116383
2026-09-23 00:00:00,ADANIPOWER,ADANI POWER LTD,207.99,208.40,203.50,204.80,206.96,-1.04,4.90,2.36,0.50,20269523,4155119713.43,78841
2026-09-23 00:00:00,LLOYDSENGG,LLOYDS ENGG WORK LIMITED,86.01,92.75,85.85,91.52,85.73,6.75,6.90,8.02,0.33,20150065,1820347775.94,80281
2026-09-23 00:00:00,VMM,VISHAL MEGA MART LIMITED,105.00,107.45,104.04,106.00,104.03,1.89,3.41,3.25,0.93,19978362,2122224741.85,96170
2026-09-23 00:00:00,FILATEX,FILATEX INDIA LTD,101.24,111.50,100.61,108.72,101.07,7.57,10.89,10.76,0.17,19496415,2120821546.25,97681
2026-09-23 00:00:00,MARINE,MARINE ELECTRICAL (I) LTD,404.00,446.90,382.55,425.80,411.45,3.49,64.35,15.93,-1.81,19063839,7788053856.60,186671
2026-09-23 00:00:00,SWIGGY,SWIGGY LIMITED,284.30,289.65,276.65,278.50,284.05,-1.95,13.00,4.57,0.09,18748823,5264520235.15,152490
2026-09-23 00:00:00,RPOWER,RELIANCE POWER LTD.,20.81,21.30,20.81,21.03,20.89,0.67,0.49,2.35,-0.38,18429284,387630542.24,29088
2026-09-23 00:00:00,ETERNAL,ETERNAL LIMITED,344.40,344.40,340.55,342.65,342.00,0.19,3.85,1.12,0.70,18360484,6288247674.35,170827
2026-09-23 00:00:00,DELTACORP,DELTA CORP LIMITED,62.30,69.00,61.77,68.65,61.77,11.14,7.23,11.61,0.86,17802335,1191631166.68,78734
2026-09-23 00:00:00,GTLINFRA,GTL INFRA.LTD,1.12,1.15,1.12,1.14,1.12,1.79,0.03,2.68,0.00,17742687,20174532.62,9265
2026-09-23 00:00:00,INOXWIND,INOX WIND LIMITED,78.25,78.25,74.80,75.02,77.90,-3.70,3.45,4.41,0.45,17183824,1308160324.88,53299
2026-09-23 00:00:00,PAISALO,PAISALO DIGITAL LIMITED,93.88,93.89,89.10,90.39,93.43,-3.25,4.79,5.10,0.48,16379793,1501166468.39,37775
2026-09-23 00:00:00,CANBK,CANARA BANK,123.20,126.30,123.17,126.00,122.90,2.52,3.13,2.54,0.24,15597011,1954012034.62,72806
2026-09-23 00:00:00,EDELWEISS,EDELWEISS FIN SERV LTD,142.20,146.00,140.05,142.03,141.16,0.62,5.95,4.18,0.74,15211696,2173012785.64,71262
2026-09-23 00:00:00,MSUMI,MOTHERSON SUMI WRNG IND L,35.35,35.51,34.88,34.98,35.15,-0.48,0.63,1.78,0.57,15183566,532595955.70,40826
2026-09-23 00:00:00,SOUTHBANK,THE SOUTH INDIAN BANK LTD,45.26,47.20,45.26,47.08,45.23,4.09,1.94,4.29,0.07,14551891,677523712.09,43144
2026-09-23 00:00:00,ARCIL,ASSET RECONSTRUC CO (I) L,139.95,152.80,138.74,149.76,138.91,7.81,14.06,10.05,0.75,14251234,2095889199.55,137875
2026-09-23 00:00:00,LUMINO,LUMINO INDUSTRIES LIMITED,109.10,111.96,106.60,109.90,108.27,1.51,5.36,4.91,0.77,13801506,1509710540.53,63166
2026-09-23 00:00:00,ZEEL,ZEE ENTERTAINMENT ENT LTD,78.30,79.04,76.80,77.28,78.21,-1.19,2.24,2.86,0.12,13400743,1041057850.98,40654
2026-09-23 00:00:00,ITC,ITC LTD,265.85,271.05,265.15,270.15,265.80,1.64,5.90,2.22,0.02,13142058,3534946143.20,86367
2026-09-23 00:00:00,GROWW,BILLIONBRAINS GARAGE VN L,189.18,190.44,188.00,188.63,189.18,-0.29,2.44,1.29,0.00,12891618,2434734935.83,68822
2026-09-23 00:00:00,PNB,PUNJAB NATIONAL BANK,116.61,118.90,116.61,118.30,117.00,1.11,2.29,1.96,-0.33,12840968,1517447775.85,36389
2026-09-23 00:00:00,RAYMONDREL,RAYMOND REALTY LIMITED,591.00,679.00,591.00,671.45,589.50,13.90,88.00,14.89,0.25,12802316,8475401662.40,290981
2026-09-23 00:00:00,DAVANGERE,DAVANGERE SUGAR COMPANY L,2.31,2.31,2.16,2.20,2.26,-2.65,0.15,6.49,2.21,12500992,27736225.68,3755
2026-09-23 00:00:00,BAJAJHIND,BAJAJ HINDUSTHAN SUGAR LT,20.21,20.92,20.00,20.52,20.29,1.13,0.92,4.55,-0.39,12484841,257113369.99,17704
2026-09-23 00:00:00,FILATFASH,FILATEX FASHIONS LIMITED,0.18,0.18,0.17,0.18,0.17,5.88,0.01,5.56,5.88,12407028,2233252.19,637
2026-09-23 00:00:00,SEPC,SEPC LIMITED,5.18,5.35,5.15,5.22,5.16,1.16,0.20,3.86,0.39,12308628,64324003.24,5840
2026-09-23 00:00:00,MAHABANK,BANK OF MAHARASHTRA,82.65,84.70,82.32,84.11,82.40,2.08,2.38,2.88,0.30,12282011,1029821768.32,51047
2026-09-23 00:00:00,FCL,FINEOTEX CHEMICAL LIMITED,57.20,58.09,56.20,56.81,57.39,-1.01,1.89,3.30,-0.33,12216676,697171338.80,47438
2026-09-23 00:00:00,GMRAIRPORT,GMR AIRPORTS LIMITED,98.58,99.14,97.98,99.14,98.35,0.80,1.16,1.18,0.23,12088650,1191906069.93,35579
2026-09-23 00:00:00,WELSPUNLIV,WELSPUN LIVING LIMITED,229.20,233.00,221.01,223.77,221.51,1.02,11.99,5.23,3.47,12078998,2735956409.94,95811
2026-09-23 00:00:00,HCC,HINDUSTAN CONSTRUCTION CO,21.75,22.29,21.66,22.17,21.67,2.31,0.63,2.90,0.37,11996406,263910057.22,19866
2026-09-23 00:00:00,RTNPOWER,RATTANINDIA POWER LIMITED,7.09,7.16,7.03,7.11,7.06,0.71,0.13,1.83,0.42,11771033,83680474.55,9088
2026-09-23 00:00:00,VEDL,VEDANTA LIMITED,262.80,271.35,262.20,271.00,263.00,3.04,9.15,3.48,-0.08,11735115,3154082776.75,79925
2026-09-23 00:00:00,NMDC,NMDC LTD.,80.07,82.32,80.07,82.00,80.20,2.24,2.25,2.81,-0.16,11699092,953427489.49,45844
2026-09-23 00:00:00,TMCV,TATA MOTORS LIMITED,442.70,452.00,438.50,450.20,440.10,2.29,13.50,3.05,0.59,11532732,5124844860.75,134651
2026-09-23 00:00:00,MOREPENLAB,MOREPEN LAB. LTD,119.48,124.47,118.01,122.35,119.04,2.78,6.46,5.41,0.37,11266057,1378432759.81,45449
2026-09-23 00:00:00,ENGINERSIN,ENGINEERS INDIA LTD,301.40,309.50,292.85,306.20,302.55,1.21,16.65,5.52,-0.38,11229270,3404396744.60,116974
2026-09-23 00:00:00,VAML,VEDANTA ALUMINIUM METAL L,425.75,440.95,425.75,436.30,425.35,2.57,15.20,3.57,0.09,11194115,4889622718.55,128985
2026-09-23 00:00:00,PFC,POWER FIN CORP LTD.,345.55,349.95,344.55,346.00,345.80,0.06,5.40,1.56,-0.07,11150266,3874930625.55,119040
2026-09-23 00:00:00,TFCILTD,TOURISM FINANCE CORP. OF,141.80,142.99,140.86,141.55,140.80,0.53,2.13,1.50,0.71,11104195,1571273009.92,32258
2026-09-23 00:00:00,WIPRO,WIPRO LTD,164.70,165.70,164.10,164.90,166.00,-0.66,1.60,0.97,-0.78,10856986,1789715037.09,75493
2026-09-23 00:00:00,KANOHAR,KANOHAR ELECTRICALS LTD,888.70,937.70,870.45,907.00,870.50,4.19,67.25,7.57,2.09,10796574,9731074041.85,303566
2026-09-23 00:00:00,WHIRLPOOL,WHIRLPOOL OF INDIA LTD,723.45,865.25,722.20,865.25,721.05,20.00,143.05,19.77,0.33,10753329,8795184012.95,216194
2026-09-23 00:00:00,MANINDS,MAN INDUSTRIES (I) LTD.,875.00,1005.00,866.25,986.70,849.90,16.10,138.75,15.86,2.95,10691371,10186758471.70,314119
2026-09-23 00:00:00,OPTIEMUS,OPTIEMUS INFRACOM LTD,800.00,850.65,781.20,828.35,708.90,16.85,69.45,8.68,12.85,10628491,8699377465.40,203601
2026-09-23 00:00:00,ARIHANTCAP,ARIHANT CAPITAL MKTS LTD,93.00,98.80,93.00,94.06,90.99,3.37,5.80,6.24,2.21,10557223,1015399060.08,74884
2026-09-23 00:00:00,NTPC,NTPC LTD,326.50,329.40,325.00,326.00,327.80,-0.55,4.40,1.35,-0.40,10525477,3439123287.90,88503
2026-09-23 00:00:00,VISL,VEDANTA IRON AND STEEL L,32.55,33.82,32.47,33.82,32.21,5.00,1.35,4.15,1.06,10439050,348162135.60,15226
2026-09-23 00:00:00,TRANSRAILL,TRANSRAIL LIGHTING LTD,478.00,496.00,468.65,488.90,477.15,2.46,27.35,5.72,0.18,10396978,5035332361.15,171198
2026-09-23 00:00:00,JAYKAY,JAYKAY ENTERPRISES LTD,192.40,219.35,191.47,212.76,189.50,12.27,27.88,14.49,1.53,9950063,2112274735.74,140238
2026-09-23 00:00:00,KSHITIJPOL,KSHITIJ POLYLINE LIMITED,4.83,4.84,4.83,4.83,4.61,4.77,0.01,0.21,4.77,9790833,47372611.68,5248
2026-09-23 00:00:00,LALITHAA,LALITHAA JEWELLERY MART L,340.00,352.90,340.00,352.90,336.10,5.00,12.90,3.79,1.16,9509619,3339259655.25,26949
2026-09-23 00:00:00,SBC,SBC EXPORTS LIMITED,49.39,49.72,48.62,48.78,49.23,-0.91,1.10,2.23,0.33,9405721,462554959.96,5746
2026-09-23 00:00:00,EASEMYTRIP,EASY TRIP PLANNERS LTD,5.99,6.03,5.85,5.87,5.99,-2.00,0.18,3.01,0.00,9224928,54486660.61,7606
2026-09-23 00:00:00,BLUESTONE,BLUESTONE JEWEL LFSTL LTD,941.95,969.90,824.00,855.50,930.40,-8.05,145.90,15.49,1.24,9219890,7992198072.90,267836
2026-09-23 00:00:00,ONGC,OIL AND NATURAL GAS CORP.,235.50,236.90,234.20,236.90,236.13,0.33,2.70,1.15,-0.27,8913385,2102898780.13,77058
2026-09-23 00:00:00,ATALREAL,ATAL REALTECH LIMITED,13.30,14.37,13.01,14.36,13.07,9.87,1.36,10.23,1.76,8867970,123427340.15,4160
2026-09-23 00:00:00,MPIMANIPAL,MANIPAL PAYMENT & IDE S L,338.65,406.30,338.05,372.60,338.60,10.04,68.25,20.15,0.01,8835559,3369123833.35,142988
2026-09-23 00:00:00,RENUKA,SHREE RENUKA SUGARS LTD,22.75,23.74,22.75,23.04,22.82,0.96,0.99,4.35,-0.31,8743486,203656777.47,14071
2026-09-23 00:00:00,DCW,DCW LTD,48.50,51.44,48.16,50.02,48.02,4.16,3.28,6.76,1.00,8719090,438382315.98,37565
2026-09-23 00:00:00,JINDWORLD,JINDAL WORLDWIDE LTD,52.50,54.34,51.51,52.20,52.22,-0.04,2.83,5.39,0.54,8712868,461268725.96,25564
2026-09-23 00:00:00,KOTAKBANK,KOTAK MAHINDRA BANK LTD,414.65,417.25,411.35,413.25,412.65,0.15,5.90,1.42,0.48,8628172,3572584969.90,83373
2026-09-23 00:00:00,BAJFINANCE,BAJAJ FINANCE LIMITED,1034.70,1043.20,1022.00,1043.20,1008.80,3.41,21.20,2.05,2.57,8618523,8910239923.60,189164
2026-09-23 00:00:00,PWL,PHYSICSWALLAH LIMITED,137.00,140.00,134.33,136.11,136.35,-0.18,5.67,4.14,0.48,8529874,1168011830.27,57643
2026-09-23 00:00:00,NSLNISP,NMDC STEEL LIMITED,42.61,44.62,42.41,43.95,42.51,3.39,2.21,5.19,0.24,8502115,373384678.28,26715
2026-09-23 00:00:00,KWIL,KWALITY WALL'S (INDIA) L,42.10,43.33,41.78,41.92,41.99,-0.17,1.55,3.68,0.26,8406785,356930693.58,26053
2026-09-23 00:00:00,RELIANCE,RELIANCE INDUSTRIES LTD,1242.00,1252.80,1238.90,1248.00,1240.40,0.61,13.90,1.12,0.13,8352048,10417522387.90,147001
2026-09-23 00:00:00,CCAVENUE,AVENUESAI LIMITED,16.15,16.34,16.05,16.09,16.11,-0.12,0.29,1.80,0.25,8049310,129981305.90,10572
2026-09-23 00:00:00,COALINDIA,COAL INDIA LTD,428.25,429.40,421.55,424.55,428.00,-0.81,7.85,1.83,0.06,7956161,3376432466.95,70350
2026-09-23 00:00:00,RENTOMOJO,RENTOMOJO LIMITED,527.90,563.00,515.20,521.35,524.90,-0.68,47.80,9.05,0.57,7882264,4256505849.10,150570
2026-09-23 00:00:00,RATNAVEER,RATNAVEER PRECISION ENG L,334.00,343.75,322.10,331.40,332.30,-0.27,21.65,6.48,0.51,7495098,2481203520.65,46856
2026-09-23 00:00:00,SAMBHV,SAMBHV STEEL TUBES LTD,152.80,161.00,151.02,158.22,151.94,4.13,9.98,6.53,0.57,7438082,1167250005.51,65323
2026-09-23 00:00:00,NOCIL,NOCIL LIMITED,194.40,211.20,194.00,206.30,193.89,6.40,17.20,8.85,0.26,7384798,1519063059.96,58153
2026-09-23 00:00:00,MOTHERSON,SAMVRDHNA MTHRSN INTL LTD,162.99,165.20,162.33,164.40,161.77,1.63,2.87,1.76,0.75,7287266,1195810659.81,53501
2026-09-23 00:00:00,STEAMHOUSE,STEAMHOUSE INDIA LIMITED,112.31,113.55,109.55,110.73,112.02,-1.15,4.00,3.56,0.26,7268558,811863282.73,44953
2026-09-23 00:00:00,AVANCE,AVANCE TECHNOLOGIES LTD.,0.87,0.88,0.82,0.83,0.86,-3.49,0.06,6.90,1.16,7204800,6061787.88,1607
2026-09-23 00:00:00,ROLEXRINGS,ROLEX RINGS LIMITED,173.50,187.65,173.42,183.58,172.50,6.42,14.23,8.20,0.58,7085323,1292243349.75,72741
2026-09-23 00:00:00,ALLCARGO,ALLCARGO LOGISTICS LTD,10.93,11.45,10.93,11.38,10.93,4.12,0.52,4.76,0.00,7049122,79542552.65,9402
2026-09-23 00:00:00,AGIIL,AGI INFRA LIMITED,279.15,279.15,267.65,268.80,269.30,-0.19,11.50,4.12,3.66,7001540,1902445780.55,18873
2026-09-23 00:00:00,NHPC,NHPC LTD,76.02,76.85,76.02,76.74,76.01,0.96,0.83,1.09,0.01,6985170,534911798.17,28664
2026-09-23 00:00:00,JIOFIN,JIO FIN SERVICES LTD,230.70,232.40,230.55,232.15,230.70,0.63,1.85,0.80,0.00,6949246,1611177460.27,47174
2026-09-23 00:00:00,TEXRAIL,TEXMACO RAIL & ENG. LTD.,119.75,126.70,118.00,124.75,119.20,4.66,8.70,7.27,0.46,6899587,849451112.93,51627
2026-09-23 00:00:00,PFOCUS,PRIME FOCUS LIMITED,362.55,362.80,333.15,337.15,357.45,-5.68,29.65,8.18,1.43,6885605,2359720143.20,95266
2026-09-23 00:00:00,BEL,BHARAT ELECTRONICS LTD,397.90,399.50,395.60,396.05,397.90,-0.46,3.90,0.98,0.00,6731863,2678699168.80,68383
2026-09-23 00:00:00,ATHERENERG,ATHER ENERGY LIMITED,1544.00,1545.00,1483.70,1499.40,1543.80,-2.88,61.30,3.97,0.01,6687076,10019969522.00,198980
2026-09-23 00:00:00,ARVSMART,ARVIND SMARTSPACES LTD,625.00,668.80,606.05,634.05,588.20,7.79,62.75,10.04,6.26,6650986,4307281653.05,142730
2026-09-23 00:00:00,IOC,INDIAN OIL CORP LTD,138.50,138.75,137.10,138.15,137.80,0.25,1.65,1.19,0.51,6601919,910744576.97,44735
2026-09-23 00:00:00,PREMIERPOL,PREMIER POLYFILM LTD,81.70,97.22,81.14,96.72,81.02,19.38,16.08,19.68,0.84,6517058,613963551.47,41084
2026-09-23 00:00:00,NATIONALUM,NATIONAL ALUMINIUM CO LTD,352.50,363.95,352.50,363.45,352.20,3.19,11.45,3.25,0.09,6249209,2248029572.80,82761
2026-09-23 00:00:00,HINDCOPPER,HINDUSTAN COPPER LTD,513.00,521.30,509.40,513.00,508.20,0.94,11.90,2.32,0.94,6140632,3164711674.95,90388
2026-09-23 00:00:00,IBULLSLTD,INDIABULLS LIMITED,29.69,29.99,29.00,29.12,29.51,-1.32,0.99,3.33,0.61,6131763,180156772.57,11989
2026-09-23 00:00:00,POWERGRID,POWER GRID CORP. LTD.,265.95,270.85,265.95,270.20,265.95,1.60,4.90,1.84,0.00,6114433,1646182461.50,59995
2026-09-23 00:00:00,KROSS,KROSS LIMITED,260.85,283.00,257.50,278.56,256.13,8.76,25.50,9.78,1.84,6104799,1676737685.74,113352
2026-09-23 00:00:00,UJJIVANSFB,UJJIVAN SMALL FINANC BANK,64.50,66.34,64.50,66.01,64.74,1.96,1.84,2.85,-0.37,6091985,400291514.52,30239
2026-09-23 00:00:00,IRFC,INDIAN RAILWAY FIN CORP L,80.05,81.15,80.05,81.00,80.00,1.25,1.10,1.37,0.06,5999917,484767005.53,33423
2026-09-23 00:00:00,PRANAV,PRANAV CONSTRUCTIONS LTD,104.00,109.39,103.13,105.85,102.87,2.90,6.26,6.02,1.10,5998749,638991785.47,48490
2026-09-23 00:00:00,LTF,L&T FINANCE LIMITED,308.90,312.70,307.75,310.00,304.90,1.67,4.95,1.60,1.31,5926308,1836451004.35,52706
2026-09-23 00:00:00,SAGILITY,SAGILITY LIMITED,45.70,46.09,45.64,45.99,45.61,0.83,0.45,0.98,0.20,5919241,271803586.62,12984
2026-09-23 00:00:00,JTLIND,JTL INDUSTRIES LIMITED,89.77,92.85,89.50,91.31,89.21,2.35,3.35,3.73,0.63,5908069,542986766.68,22811
2026-09-23 00:00:00,UNIONBANK,UNION BANK OF INDIA,178.00,180.55,178.00,180.00,178.00,1.12,2.55,1.43,0.00,5681838,1019377216.02,37745
2026-09-23 00:00:00,BANKBARODA,BANK OF BARODA,233.20,237.70,233.20,236.87,234.35,1.08,4.50,1.93,-0.49,5657358,1336501174.88,41680
2026-09-23 00:00:00,NBCC,NBCC (INDIA) LIMITED,81.75,84.28,81.65,83.99,81.90,2.55,2.63,3.22,-0.18,5625306,468431304.23,31851
2026-09-23 00:00:00,CONFIPET,CONFIDENCE PETRO IND LTD.,87.39,92.75,86.77,89.12,86.76,2.72,5.98,6.84,0.73,5623265,509510298.52,41318
2026-09-23 00:00:00,MRPL,MRPL,164.40,169.95,164.30,166.32,164.44,1.14,5.65,3.44,-0.02,5593160,937308619.39,44960
2026-09-23 00:00:00,RECLTD,REC LIMITED,308.00,313.40,307.65,311.50,307.10,1.43,5.75,1.87,0.29,5448840,1694569051.70,38232
2026-09-23 00:00:00,SYNCOMF,SYNCOM FORMU (I) LTD,20.57,20.67,19.80,20.01,20.40,-1.91,0.87,4.23,0.83,5293142,106669968.29,9863
2026-09-23 00:00:00,URBANCO,URBAN COMPANY LIMITED,174.35,177.77,171.90,172.73,174.21,-0.85,5.87,3.37,0.08,5282197,919875838.28,42602
2026-09-23 00:00:00,BHEL,BHEL,427.25,430.00,419.05,423.10,425.80,-0.63,10.95,2.56,0.34,5244031,2213581975.60,58370
2026-09-23 00:00:00,NTPCGREEN,NTPC GREEN ENERGY LIMITED,93.78,95.80,93.77,95.42,93.31,2.26,2.03,2.16,0.50,5223366,497487132.54,41016
2026-09-23 00:00:00,JAINREC,JAIN RESOURCE RECYCLING L,293.60,308.30,293.10,302.95,291.25,4.02,15.20,5.18,0.81,5175026,1570882469.65,79492
2026-09-23 00:00:00,HINDALCO,HINDALCO  INDUSTRIES  LTD,979.50,1003.80,978.20,1003.80,973.00,3.17,25.60,2.61,0.67,5158521,5115554251.90,97602
2026-09-23 00:00:00,FEDERALBNK,FEDERAL BANK LTD,328.45,331.30,325.25,331.30,327.00,1.31,6.05,1.84,0.44,5137220,1683813496.20,60925
2026-09-23 00:00:00,INFY,INFOSYS LIMITED,1021.80,1029.40,1015.10,1020.50,1029.40,-0.86,14.30,1.40,-0.74,5108734,5212680733.80,124303
2026-09-23 00:00:00,SHADOWFAX,SHADOWFAX TECHNOLOGIES L,285.00,290.45,282.50,285.75,283.05,0.95,7.95,2.79,0.69,5096655,1457585421.50,105413
2026-09-23 00:00:00,TRIDENT,TRIDENT LIMITED,22.93,23.54,22.92,23.42,22.93,2.14,0.62,2.70,0.00,5005602,116703386.91,14034
2026-09-23 00:00:00,INDUSTOWER,INDUS TOWERS LIMITED,382.15,388.55,381.20,384.80,382.10,0.71,7.35,1.92,0.01,4979379,1920660941.40,51384
2026-09-23 00:00:00,SKYWAYS,SKYWAYS AIR SERVICES LTD,132.00,132.00,126.81,129.57,130.32,-0.58,5.19,3.93,1.29,4900366,630930552.96,33566
2026-09-23 00:00:00,RHIM,RHI MAGNESITA INDIA LTD,386.80,401.00,384.05,388.85,379.20,2.54,16.95,4.38,2.00,4858870,1909842390.65,77573
2026-09-23 00:00:00,LENSKART,LENSKART SOLUTIONS LTD,691.20,692.40,681.25,686.70,691.45,-0.69,11.15,1.61,-0.04,4785213,3283801808.05,108244
2026-09-23 00:00:00,ICICIBANK,ICICI BANK LTD.,1339.90,1344.50,1333.50,1340.00,1339.60,0.03,11.00,0.82,0.02,4758314,6370494129.00,120264
2026-09-23 00:00:00,JYOTISTRUC,JYOTI STRUCTURES LTD,9.20,9.56,9.20,9.33,9.19,1.52,0.36,3.91,0.11,4684974,43946237.40,4653
2026-09-23 00:00:00,TMPV,TATA MOTORS PASS VEH LTD,300.10,302.65,298.70,300.50,300.05,0.15,3.95,1.32,0.02,4683895,1410775307.00,56675
2026-09-23 00:00:00,APOLLO,APOLLO MICRO SYSTEMS LTD,410.00,412.40,402.25,404.60,406.75,-0.53,10.15,2.48,0.80,4669049,1901534281.40,56185
2026-09-23 00:00:00,REDINGTON,REDINGTON LIMITED,412.95,419.50,397.10,400.75,410.35,-2.34,22.40,5.42,0.63,4661529,1905503820.10,81549
2026-09-23 00:00:00,BCG,BRIGHTCOM GROUP LIMITED,9.60,9.77,9.54,9.59,9.60,-0.10,0.23,2.40,0.00,4593817,44186482.82,5213
2026-09-23 00:00:00,SHANKESH,SHANKESH JEWELLERS LTD,91.46,96.90,91.42,94.32,91.09,3.55,5.48,5.99,0.41,4538664,430820765.03,29803
2026-09-23 00:00:00,SBIN,STATE BANK OF INDIA,987.00,996.40,986.40,994.10,987.00,0.72,10.00,1.01,0.00,4522248,4486927140.60,90482
2026-09-23 00:00:00,EMAMILTD,EMAMI LIMITED,392.05,407.65,389.10,391.45,390.00,0.37,18.55,4.73,0.53,4467324,1788117979.25,75817
2026-09-23 00:00:00,RAYMOND,RAYMOND LTD,1130.05,1137.00,1074.40,1114.65,1116.95,-0.21,62.60,5.54,1.17,4461009,4945420515.40,145537
2026-09-23 00:00:00,LLOYDSENT,LLOYDS ENTERPRISES LTD,70.70,74.50,70.44,74.15,70.41,5.31,4.06,5.74,0.41,4441245,325531477.32,23232
2026-09-23 00:00:00,UTKARSHBNK,UTKARSH SMALL FIN BANK L,13.81,14.17,13.81,14.07,13.88,1.37,0.36,2.61,-0.50,4419587,61826201.34,4439
2026-09-23 00:00:00,CENTRALBK,CENTRAL BANK OF INDIA,31.32,31.80,31.26,31.63,31.37,0.83,0.54,1.72,-0.16,4418230,139770300.76,17388
2026-09-23 00:00:00,BIKAJI,BIKAJI FOODS INTERN LTD,554.05,607.50,553.50,591.10,553.65,6.76,54.00,9.75,0.07,4379438,2609220544.70,118896
2026-09-23 00:00:00,IDBI,IDBI BANK LIMITED,83.05,83.97,82.90,83.39,82.88,0.62,1.07,1.29,0.21,4228479,352733390.50,21710
2026-09-23 00:00:00,VBL,VARUN BEVERAGES LIMITED,430.10,438.60,429.75,436.15,430.00,1.43,8.85,2.06,0.02,4205329,1832950310.85,44329
2026-09-23 00:00:00,RGL,RENAISSANCE GLOBAL LTD,156.78,173.80,155.99,170.48,156.78,8.74,17.81,11.36,0.00,4184608,703259718.83,42898
2026-09-23 00:00:00,MILKYMIST,MILKY MIST DAIRY FOOD L,307.00,317.25,306.15,317.25,302.15,5.00,11.10,3.62,1.61,4163501,1314268870.61,20627
2026-09-23 00:00:00,EMBDL,EMBASSY DEVELOPMENTS LTD,58.78,61.84,57.72,61.22,58.43,4.77,4.12,7.01,0.60,4137653,247924790.25,24078
2026-09-23 00:00:00,PATANJALI,PATANJALI FOODS LIMITED,404.00,412.90,402.05,409.45,404.00,1.35,10.85,2.69,0.00,4117507,1683762998.45,48169
2026-09-23 00:00:00,HINDZINC,HINDUSTAN ZINC LIMITED,596.00,602.80,592.55,595.45,590.50,0.84,10.25,1.72,0.93,4064936,2426099088.60,57752
2026-09-23 00:00:00,ASHOKLEY,ASHOK LEYLAND LTD,160.99,163.13,160.85,162.89,160.75,1.33,2.28,1.42,0.15,4011012,651441966.07,34940
2026-09-23 00:00:00,LICI,LIFE INSURA CORP OF INDIA,404.40,407.50,401.65,407.50,404.55,0.73,5.85,1.45,-0.04,3944345,1595724607.85,49033
2026-09-23 00:00:00,CGCL,CAPRI GLOBAL CAPITAL LTD,268.00,276.60,268.00,268.60,267.05,0.58,8.60,3.21,0.36,3923518,1064766854.70,28437
2026-09-23 00:00:00,KPIGREEN,KPI GREEN ENERGY LIMITED,346.45,355.00,335.55,350.05,346.45,1.04,19.45,5.61,0.00,3884369,1346263565.05,68295
2026-09-23 00:00:00,WOCKPHARMA,WOCKHARDT LIMITED,2199.00,2360.00,2182.10,2329.70,2185.40,6.60,177.90,8.09,0.62,3834525,8867277491.90,171824
2026-09-23 00:00:00,EMIL,ELECTRONICS MART IND LTD,194.35,195.89,186.32,191.32,192.61,-0.67,9.57,4.92,0.90,3823676,735052440.17,47070
2026-09-23 00:00:00,MANAPPURAM,MANAPPURAM FINANCE LTD,320.00,323.00,317.50,320.40,319.30,0.34,5.50,1.72,0.22,3801599,1217635397.40,48118
2026-09-23 00:00:00,REGAAL,REGAAL RESOURCES LIMITED,100.00,103.00,93.30,94.56,97.21,-2.73,9.70,9.70,2.87,3705161,367492108.01,34190
2026-09-23 00:00:00,BHARTIARTL,BHARTI AIRTEL LIMITED,1818.10,1836.70,1818.00,1833.20,1817.20,0.88,18.70,1.03,0.05,3698253,6761279491.20,101538
2026-09-23 00:00:00,GMRP&UI,GMR POW AND URBAN INFRA L,94.60,100.12,94.50,98.13,95.26,3.01,5.62,5.94,-0.69,3658751,360794060.19,21701
2026-09-23 00:00:00,RBLBANK,RBL BANK LIMITED,423.20,429.60,422.05,428.00,423.20,1.13,7.55,1.78,0.00,3651779,1558494240.75,62406
2026-09-23 00:00:00,360ONE,360 ONE WAM LIMITED,1093.70,1122.00,1082.40,1108.00,1073.50,3.21,39.60,3.62,1.88,3642452,4049269734.20,95307
2026-09-23 00:00:00,TEMPSENS,TEMPSENS INST (INDIA) LTD,538.00,574.45,538.00,565.65,537.10,5.32,36.45,6.78,0.17,3639393,2054492087.50,80978
2026-09-23 00:00:00,CASTROLIND,CASTROL INDIA LIMITED,195.95,195.95,190.10,193.23,195.61,-1.22,5.85,2.99,0.17,3637883,702322513.71,32976
2026-09-23 00:00:00,LXCHEM,LAXMI ORGANIC INDUS LTD,178.00,189.00,177.60,188.44,178.01,5.86,11.40,6.40,-0.01,3615692,674315569.93,36027
2026-09-23 00:00:00,IIFL,IIFL FINANCE LIMITED,616.75,638.25,613.60,633.30,617.55,2.55,24.65,4.00,-0.13,3608407,2279127393.25,66633
2026-09-23 00:00:00,GNA,GNA AXLES LIMITED,561.70,601.00,550.60,596.65,561.65,6.23,50.40,8.97,0.01,3594624,2091765062.50,73641
2026-09-23 00:00:00,FIRSTCRY,BRAINBEES SOLUTIONS LTD,176.80,183.20,175.63,180.41,175.08,3.04,7.57,4.28,0.98,3586209,643198101.71,36722
2026-09-23 00:00:00,KTKBANK,KARNATAKA BANK LIMITED,331.50,344.00,330.10,343.05,331.50,3.48,13.90,4.19,0.00,3566531,1211783828.25,39199
2026-09-23 00:00:00,AEQUS,AEQUS LIMITED,243.50,245.80,236.17,243.94,242.87,0.44,9.63,3.95,0.26,3564314,865748010.10,53590
2026-09-23 00:00:00,BHARATCOAL,BHARAT COKING COAL LTD,32.34,32.80,32.31,32.62,32.24,1.18,0.49,1.52,0.31,3495396,113903591.23,12487
2026-09-23 00:00:00,IOLCP,IOL CHEM AND PHARMA LTD,200.26,211.35,200.01,206.60,200.39,3.10,11.34,5.66,-0.06,3474298,720847285.10,44569
2026-09-23 00:00:00,TIMETECHNO,TIME TECHNOPLAST LTD.,181.25,183.25,180.01,181.96,180.59,0.76,3.24,1.79,0.37,3467558,631668893.71,21330
2026-09-23 00:00:00,BANKINDIA,BANK OF INDIA,137.74,139.74,137.50,139.65,137.01,1.93,2.24,1.63,0.53,3463585,481348884.55,26752
2026-09-23 00:00:00,SHUKRAPHAR,SHUKRA PHARMACEUTICALS L,59.00,59.80,56.00,56.79,58.59,-3.07,3.80,6.44,0.70,3431554,198656767.18,18761
2026-09-23 00:00:00,MWL,MANGALAM WORLDWIDE LTD,42.40,45.00,41.58,44.63,42.03,6.19,3.42,8.07,0.88,3370765,149326398.26,11859
2026-09-23 00:00:00,JSWINFRA,JSW INFRASTRUCTURE LTD,369.00,370.20,362.20,363.60,367.60,-1.09,8.00,2.17,0.38,3338113,1219569504.55,68287
2026-09-23 00:00:00,TATACAP,TATA CAPITAL LIMITED,349.35,352.00,343.00,350.05,341.10,2.62,9.00,2.58,2.42,3331010,1154488747.10,69021
2026-09-23 00:00:00,ANANTRAJ,ANANT RAJ LIMITED,609.90,633.85,607.75,631.80,610.10,3.56,26.10,4.28,-0.03,3329387,2082991025.35,71987
2026-09-23 00:00:00,GAIL,GAIL (INDIA) LTD,172.48,173.79,172.00,172.95,171.84,0.65,1.79,1.04,0.37,3320082,574433974.05,42844
2026-09-23 00:00:00,MARKSANS,MARKSANS PHARMA LIMITED,332.95,348.95,331.00,347.60,332.95,4.40,17.95,5.39,0.00,3317178,1134954568.40,58912
2026-09-23 00:00:00,DEEPA,DEEPA JEWELLERS LIMITED,189.49,197.99,189.00,196.40,188.43,4.23,8.99,4.74,0.56,3305468,644200492.25,39501
2026-09-23 00:00:00,SAMMAANCAP,SAMMAAN CAPITAL LIMITED,142.25,145.94,142.25,144.48,142.36,1.49,3.69,2.59,-0.08,3230314,467458063.43,19793
2026-09-23 00:00:00,UCOBANK,UCO BANK,23.70,24.12,23.70,24.04,23.72,1.35,0.42,1.77,-0.08,3219016,77125696.18,13572
2026-09-23 00:00:00,UPL,UPL LIMITED,557.60,560.45,550.10,553.15,559.90,-1.21,10.35,1.86,-0.41,3211815,1780111443.40,40208
2026-09-23 00:00:00,SONACOMS,SONA BLW PRECISION FRGS L,808.55,833.00,804.75,833.00,809.00,2.97,28.25,3.49,-0.06,3183807,2620927288.10,81203
2026-09-23 00:00:00,APTUS,APTUS VALUE HSG FIN I LTD,243.89,253.23,241.01,251.33,242.08,3.82,12.22,5.01,0.75,3164338,791846302.55,45880
2026-09-23 00:00:00,PATELENG,PATEL ENGINEERING LTD.,27.00,27.64,26.95,27.27,26.85,1.56,0.69,2.56,0.56,3111930,84979943.84,9203
2026-09-23 00:00:00,ARDEE,ARDEE INDUSTRIES LIMITED,52.50,53.19,51.60,52.25,52.08,0.33,1.59,3.03,0.81,3110150,163464492.27,19664
2026-09-23 00:00:00,DELHIVERY,DELHIVERY LIMITED,430.75,436.80,429.00,435.00,430.75,0.99,7.80,1.81,0.00,3087778,1340119060.25,59772
2026-09-23 00:00:00,STLNETWORK,STL NETWORKS LIMITED,49.65,49.70,48.50,49.70,47.34,4.99,1.20,2.42,4.88,3086717,153054015.65,2131
2026-09-23 00:00:00,SHIPROCKET,SHIPROCKET LIMITED,127.00,128.28,123.97,127.23,126.19,0.82,4.31,3.39,0.64,3066223,386798601.24,34328
2026-09-23 00:00:00,ESDS,ESDS SOFTWARE SOLUTION L,1724.85,1811.05,1706.45,1770.70,1724.85,2.66,104.60,6.06,0.00,3048927,5446387696.80,70370
2026-09-23 00:00:00,LICHSGFIN,LIC HOUSING FINANCE LTD,565.10,576.70,564.05,572.50,565.00,1.33,12.65,2.24,0.02,3008551,1725543847.60,38561
2026-09-23 00:00:00,AASTHA,AASTHA SPINTEX LIMITED,83.00,89.78,83.00,89.77,81.62,9.99,6.78,8.17,1.69,2984740,262895673.36,14820
2026-09-23 00:00:00,RAIN,RAIN INDUSTRIES LIMITED,219.80,224.70,218.15,221.86,219.54,1.06,6.55,2.98,0.12,2970299,657765529.83,26373
2026-09-23 00:00:00,TECHNOCRAF,TECHNOCRAFT VENTURES LTD,464.00,482.55,463.05,475.65,457.50,3.97,19.50,4.20,1.42,2956605,1402920565.20,64973
2026-09-23 00:00:00,FISCHER,FISCHER MEDICAL VENTURE L,33.20,36.15,33.13,35.03,32.95,6.31,3.02,9.10,0.76,2948354,103144856.36,13693
2026-09-23 00:00:00,AARTIPHARM,AARTI PHARMALABS LIMITED,885.00,957.30,885.00,940.10,883.75,6.38,72.30,8.17,0.14,2945650,2760139164.50,117728
2026-09-23 00:00:00,SIGACHI,SIGACHI INDUSTRIES LTD,30.51,31.94,30.51,31.34,30.61,2.38,1.43,4.69,-0.33,2943639,91896038.24,8754
2026-09-23 00:00:00,ASIANTILES,ASIAN GRANITO IND. LTD.,50.15,52.22,49.61,51.16,50.09,2.14,2.61,5.20,0.12,2932333,149088076.18,8341
2026-09-23 00:00:00,SCODATUBES,SCODA TUBES LIMITED,139.95,145.76,130.72,137.74,128.85,6.90,15.04,10.75,8.61,2930843,409213532.97,31715
2026-09-23 00:00:00,INDOTHAI,INDO THAI SEC LTD,30.90,31.80,30.77,30.77,32.38,-4.97,1.03,3.33,-4.57,2927782,90416058.67,5090
2026-09-23 00:00:00,HUDCO,HSG & URBAN DEV CORPN LTD,172.40,179.20,172.40,177.92,172.40,3.20,6.80,3.94,0.00,2918388,515845066.03,34413
2026-09-23 00:00:00,SHRIRAMFIN,SHRIRAM FINANCE LIMITED,1012.00,1018.00,1005.50,1010.80,1006.00,0.48,12.50,1.24,0.60,2916356,2944723451.50,72500
2026-09-23 00:00:00,KARAMTARA,KARAMTARA ENGINEERING L,368.20,371.25,354.15,361.95,365.10,-0.86,17.10,4.64,0.85,2896481,1051490778.05,50975
2026-09-23 00:00:00,RVNL,RAIL VIKAS NIGAM LIMITED,211.80,213.86,210.45,211.77,211.15,0.29,3.41,1.61,0.31,2894169,613856764.01,26498
2026-09-23 00:00:00,HORIZONIND,HORIZON INDUSTRIAL PRKS L,52.80,53.65,52.70,53.28,52.76,0.99,0.95,1.80,0.08,2893202,153940371.39,14764
2026-09-23 00:00:00,PPLPHARMA,PIRAMAL PHARMA LIMITED,210.60,214.47,209.00,210.74,210.12,0.30,5.47,2.60,0.23,2879998,608583767.33,46852
2026-09-23 00:00:00,INDOMIM,INDO-MIM LIMITED,1226.00,1294.95,1225.00,1251.90,1233.30,1.51,69.95,5.71,-0.59,2863505,3629376338.90,97943
2026-09-23 00:00:00,MONQ50,MOTILALAMC - MONQ50,228.28,228.28,202.92,202.92,253.64,-20.00,25.36,11.11,-10.00,2862484,602076898.14,27786
2026-09-23 00:00:00,PARAGMILK,PARAG MILK FOODS LTD.,281.95,286.20,263.20,268.90,279.40,-3.76,23.00,8.16,0.91,2858071,784656846.50,47549
2026-09-23 00:00:00,BELRISE,BELRISE INDUSTRIES LTD,246.90,250.90,246.75,249.78,244.74,2.06,4.15,1.68,0.88,2848133,708994629.16,40067
2026-09-23 00:00:00,NIACL,THE NEW INDIA ASSU CO LTD,188.34,193.20,187.50,191.16,187.41,2.00,5.70,3.03,0.50,2811596,536796505.36,27210
2026-09-23 00:00:00,BSE,BSE LIMITED,3249.00,3280.00,3214.20,3270.70,3235.00,1.10,65.80,2.03,0.43,2796681,9088212947.90,118373
2026-09-23 00:00:00,EMMVEE,EMMVEE PHOTOVOLTAIC PWR L,340.80,341.90,327.10,333.10,339.75,-1.96,14.80,4.34,0.31,2792865,927299123.90,59565
2026-09-23 00:00:00,TEXINFRA,TEXMACO INFRA & HOLDG LTD,118.05,126.59,117.69,123.47,115.02,7.35,8.90,7.54,2.63,2791859,342216930.76,21573
2026-09-23 00:00:00,NETWORK18,NETWORK18 MEDIA & INV LTD,26.91,27.28,26.82,27.14,26.91,0.85,0.46,1.71,0.00,2785721,75442956.97,6226
2026-09-23 00:00:00,SALASAR,SALASAR TECHNO ENGG. LTD.,4.96,5.03,4.91,4.94,4.96,-0.40,0.12,2.42,0.00,2776406,13757816.54,3189
2026-09-23 00:00:00,KALYANKJIL,KALYAN JEWELLERS IND LTD,585.00,589.35,582.55,584.25,583.10,0.20,6.80,1.16,0.33,2741044,1604928344.90,33896
2026-09-23 00:00:00,JAMNAAUTO,JAMNA AUTO IND LTD,128.13,134.20,127.95,129.55,127.99,1.22,6.25,4.88,0.11,2732676,357771475.22,32929
2026-09-23 00:00:00,HCLTECH,HCL TECHNOLOGIES LTD,1270.00,1279.80,1250.00,1256.70,1270.40,-1.08,29.80,2.35,-0.03,2724431,3439335222.10,65117
2026-09-23 00:00:00,ACMESOLAR,ACME SOLAR HOLDINGS LTD,461.60,476.40,445.60,452.30,458.65,-1.38,30.80,6.67,0.64,2719156,1239365039.35,95699
2026-09-23 00:00:00,ARIS,ARISINFRA SOLUTIONS LTD,141.00,147.39,139.48,143.72,140.10,2.58,7.91,5.61,0.64,2711866,391180299.36,23184
2026-09-23 00:00:00,ESSENTIA,INTEGRA ESSENTIA LIMITED,1.04,1.05,1.03,1.03,1.04,-0.96,0.02,1.92,0.00,2710049,2822843.68,762
2026-09-23 00:00:00,UNITECH,UNITECH LTD,4.10,4.23,4.09,4.17,4.09,1.96,0.14,3.41,0.24,2708184,11293913.60,1636
2026-09-23 00:00:00,ABFRL,ADITYA BIRLA FASHION & RT,49.29,49.59,48.90,49.09,49.22,-0.26,0.69,1.40,0.14,2699462,132747444.57,14896
2026-09-23 00:00:00,TIRUMALCHM,THIRUMALAI CHEMICALS LTD,159.20,171.43,157.37,165.22,157.32,5.02,14.06,8.83,1.20,2671402,443945461.28,30145
2026-09-23 00:00:00,BIOCON,BIOCON LIMITED.,389.00,397.20,388.60,395.00,390.00,1.28,8.60,2.21,-0.26,2665586,1051763668.05,34056
2026-09-23 00:00:00,SAKUMA,SAKUMA EXPORTS LIMITED,1.53,1.67,1.52,1.67,1.52,9.87,0.15,9.80,0.66,2655959,4367278.35,1128
2026-09-23 00:00:00,INDUSINDBK,INDUSIND BANK LIMITED,951.80,970.80,951.80,959.30,955.00,0.45,19.00,2.00,-0.34,2626452,2526433012.00,54624
2026-09-23 00:00:00,M&M,MAHINDRA & MAHINDRA LTD,3048.40,3052.00,3022.40,3035.00,3044.50,-0.31,29.60,0.97,0.13,2600352,7895250420.50,101519
2026-09-23 00:00:00,VINCOFE,VINTAGE COFFEE N BVRGS L,174.20,185.00,171.70,183.79,174.20,5.51,13.30,7.63,0.00,2596563,469399143.96,33539
2026-09-23 00:00:00,MUKANDLTD,MUKAND LTD.,141.41,158.80,141.41,157.11,141.41,11.10,17.39,12.30,0.00,2525436,387070744.08,17901
2026-09-23 00:00:00,NAVKARCORP,NAVKAR CORPORATION LTD.,89.38,96.06,87.30,87.94,89.38,-1.61,8.76,9.80,0.00,2483269,223595847.97,15071
2026-09-23 00:00:00,POLICYBZR,PB FINTECH LIMITED,1800.00,1904.90,1793.00,1886.30,1805.00,4.50,111.90,6.22,-0.28,2477939,4635926186.60,83218
2026-09-23 00:00:00,MITTAL,MITTAL LIFE STYLE LIMITED,0.77,0.77,0.74,0.74,0.76,-2.63,0.03,3.90,1.32,2465145,1855951.24,476
2026-09-23 00:00:00,VIKASECO,VIKAS ECOTECH LIMITED,1.04,1.06,1.04,1.04,1.04,0.00,0.02,1.92,0.00,2459356,2577460.88,933
2026-09-23 00:00:00,DLF,DLF LIMITED,669.00,681.00,668.00,675.00,669.50,0.82,13.00,1.94,-0.07,2425745,1638484644.80,50627
2026-09-23 00:00:00,JSWCEMENT,JSW CEMENT LIMITED,117.50,119.02,116.71,118.18,116.70,1.27,2.31,1.97,0.69,2422590,286217797.26,55461
2026-09-23 00:00:00,PAYTM,ONE 97 COMMUNICATIONS LTD,1814.40,1819.90,1763.30,1775.00,1814.40,-2.17,56.60,3.12,0.00,2410487,4285997459.20,96696
2026-09-23 00:00:00,IIFLCAPS,IIFL CAPITAL SERVICES LTD,345.90,356.40,344.10,353.05,345.05,2.32,12.30,3.56,0.25,2410124,848192903.15,36937
2026-09-23 00:00:00,JISLJALEQS,JAIN IRRIGATION SYSTEMS,28.93,29.29,28.75,28.90,28.93,-0.10,0.54,1.87,0.00,2400307,69522709.96,7040
2026-09-23 00:00:00,INOXGREEN,INOX GREEN ENERGY SER LTD,171.41,177.75,169.79,174.81,171.41,1.98,7.96,4.64,0.00,2391071,416218459.08,24860
2026-09-23 00:00:00,DISHTV,DISH TV INDIA LTD.,2.50,2.54,2.42,2.46,2.50,-1.60,0.12,4.80,0.00,2361940,5847476.45,1728
2026-09-23 00:00:00,GRAPHITE,GRAPHITE INDIA LTD,832.00,853.20,815.00,821.00,827.75,-0.82,38.20,4.59,0.51,2358335,1972917514.10,67398
2026-09-23 00:00:00,LCCPROJECT,LCC PROJECTS LIMITED,146.90,148.25,142.11,146.59,147.56,-0.66,6.14,4.18,-0.45,2358279,342814949.24,29285
2026-09-23 00:00:00,SMCGLOBAL,SMC GLOBAL SECURITIES LTD,82.43,89.80,82.35,87.14,82.43,5.71,7.45,9.04,0.00,2330867,203268469.57,20311
2026-09-23 00:00:00,ABDL,ALLIED BLEND N DISTILS L,651.75,664.35,647.40,656.40,647.90,1.31,16.95,2.60,0.59,2319309,1515102975.90,48128
2026-09-23 00:00:00,AXISBANK,AXIS BANK LIMITED,1242.20,1252.00,1238.90,1243.20,1242.70,0.04,13.10,1.05,-0.04,2287837,2850727053.20,64055
2026-09-23 00:00:00,GREENPOWER,ORIENT GREEN POWER CO LTD,9.18,9.18,9.03,9.08,9.00,0.89,0.15,1.63,2.00,2257309,20499778.09,3049
2026-09-23 00:00:00,NCC,NCC LIMITED,134.55,136.50,134.00,136.05,134.41,1.22,2.50,1.86,0.10,2256139,305308366.55,24316
2026-09-23 00:00:00,MCX,MULTI COMMODITY EXCHANGE,3269.00,3374.00,3237.50,3374.00,3262.60,3.41,136.50,4.18,0.20,2249890,7454687224.80,125537
2026-09-23 00:00:00,NYKAA,FSN E COMMERCE VENTURES,333.55,340.85,332.05,340.85,333.55,2.19,8.80,2.64,0.00,2246914,759960401.25,29276
2026-09-23 00:00:00,TCS,TATA CONSULTANCY SERV LT,2099.00,2104.20,2077.60,2089.60,2105.00,-0.73,26.60,1.27,-0.29,2228402,4652482720.10,112320
2026-09-23 00:00:00,GREAVESCOT,GREAVES COTTON LTD.,198.75,209.20,197.51,206.01,199.67,3.18,11.69,5.88,-0.46,2224825,457208708.14,31676
2026-09-23 00:00:00,CROMPTON,CROMPT GREA CON ELEC LTD,223.30,226.76,222.60,223.43,222.00,0.64,4.16,1.86,0.59,2224190,498664040.77,22306
2026-09-23 00:00:00,MOLBIO,MOLBIO DIAGNOSTICS LTD,1274.70,1338.30,1260.20,1313.20,1263.80,3.91,78.10,6.13,0.86,2192517,2878830943.60,104608
2026-09-23 00:00:00,METAL,MIRAEAMC - METAL,13.43,13.43,12.78,13.40,13.11,2.21,0.65,4.84,2.44,2189340,29196622.30,4251
2026-09-23 00:00:00,BAJAJHFL,BAJAJ HOUSING FINANCE LTD,83.12,84.28,83.12,83.52,83.12,0.48,1.16,1.40,0.00,2176881,182141622.66,16622
2026-09-23 00:00:00,GANGAFORGE,GANGA FORGING LIMITED,1.57,1.58,1.54,1.55,1.57,-1.27,0.04,2.55,0.00,2172488,3375177.09,1221
2026-09-23 00:00:00,OSWALPUMPS,OSWAL PUMPS LIMITED,290.10,296.35,282.30,284.25,273.60,3.89,14.05,4.84,6.03,2158898,625498637.45,32058
2026-09-23 00:00:00,MOTILALOFS,MOTILAL OSWAL FIN LTD,1016.00,1058.00,1009.20,1042.50,1007.00,3.53,48.80,4.80,0.89,2096581,2193339722.90,56550
2026-09-23 00:00:00,IREDA,INDIAN RENEWABLE ENERGY,110.60,111.39,110.29,111.00,110.25,0.68,1.10,0.99,0.32,2079281,230666948.48,15462
2026-09-23 00:00:00,MANALIPETC,MANALI PETROCHEMICALS LT,85.69,88.80,84.94,87.69,84.87,3.32,3.86,4.50,0.97,2077751,181853758.38,14013
2026-09-23 00:00:00,BODALCHEM,BODAL CHEMICALS LTD,193.90,202.54,193.90,199.53,192.90,3.44,8.64,4.46,0.52,2073889,414724611.03,12728
2026-09-23 00:00:00,MGEL,MANGALAM GLOBAL ENT LTD,15.41,15.76,15.33,15.49,15.52,-0.19,0.43,2.79,-0.71,2068588,32040811.66,635
2026-09-23 00:00:00,BPCL,BHARAT PETROLEUM CORP  LT,314.65,315.90,312.55,315.75,313.60,0.69,3.35,1.06,0.33,2065484,650173667.25,19394
2026-09-23 00:00:00,IXIGO,LE TRAVENUES TECHNOLOGY L,163.25,169.40,162.44,163.90,163.28,0.38,6.96,4.26,-0.02,2055136,337875403.46,42380
2026-09-23 00:00:00,MASPTOP50,MIRAEAMC - MASPTOP50,102.00,102.94,93.02,97.56,98.01,-0.46,9.92,9.73,4.07,2051032,201999165.73,22622
2026-09-23 00:00:00,ANGELONE,ANGEL ONE LIMITED,295.25,301.10,295.25,300.00,295.10,1.66,5.85,1.98,0.05,2026293,604893657.90,20676
2026-09-23 00:00:00,HDFCLIFE,HDFC LIFE INS CO LTD,561.90,565.50,556.40,561.50,559.20,0.41,9.10,1.62,0.48,2018805,1136308558.55,35379
2026-09-23 00:00:00,INDORAMA,INDO RAMA SYNTHETICS LTD,104.29,105.54,97.62,100.00,103.57,-3.45,7.92,7.59,0.70,1969705,198547767.25,23336
2026-09-23 00:00:00,HINDPETRO,HINDUSTAN PETROLEUM CORP,362.50,364.65,358.00,360.00,360.70,-0.19,6.65,1.83,0.50,1968247,711404185.05,25468
2026-09-23 00:00:00,GAJA,GAJA ALT ASSET MGT LTD,158.60,158.60,148.41,150.04,159.34,-5.84,10.19,6.42,-0.46,1964327,297892857.56,27271
2026-09-23 00:00:00,ABCAPITAL,ADITYA BIRLA CAPITAL LTD.,398.85,402.75,397.60,402.45,397.00,1.37,5.15,1.29,0.47,1960710,786114313.45,45714
2026-09-23 00:00:00,FCSSOFT,FCS SOFTWARE SOLN. LTD.,1.38,1.39,1.36,1.36,1.38,-1.45,0.03,2.17,0.00,1939753,2665742.82,1011
2026-09-23 00:00:00,VIYASH,VIYASH SCIENTIFIC LIMITED,252.90,257.45,251.50,253.75,251.50,0.89,5.95,2.35,0.56,1936724,493063770.95,31967
2026-09-23 00:00:00,SPARC,SUN PHARMA ADV.RES.CO.LTD,197.96,208.70,197.07,205.65,197.96,3.88,11.63,5.87,0.00,1935408,396872505.05,27962
2026-09-23 00:00:00,RBA,RESTAURANT BRAND ASIA LTD,94.11,95.86,93.12,94.86,93.64,1.30,2.74,2.91,0.50,1931704,182639310.79,16228
2026-09-23 00:00:00,ICIL,INDO COUNT INDUSTRIES LTD,448.85,485.95,446.05,476.55,448.90,6.16,39.90,8.89,-0.01,1924680,911782818.55,56267
2026-09-23 00:00:00,JSWENERGY,JSW ENERGY LIMITED,517.20,525.85,516.00,521.00,518.00,0.58,9.85,1.90,-0.15,1923195,1004937420.70,43932
2026-09-23 00:00:00,PROSTARM,PROSTARM INFO SYSTEMS LTD,139.40,141.60,131.42,138.08,127.84,8.01,10.18,7.30,9.04,1923182,264378636.91,19995
2026-09-23 00:00:00,GNFC,GUJ NAR VAL FER & CHEM L,601.00,628.10,594.55,623.05,598.70,4.07,33.55,5.58,0.38,1894770,1171225428.90,44169
2026-09-23 00:00:00,PROTEAN,PROTEAN EGOV TECHNO LTD,629.20,645.00,605.20,636.20,620.65,2.51,39.80,6.33,1.38,1881519,1171175235.80,52949
2026-09-23 00:00:00,POONAWALLA,POONAWALLA FINCORP LTD,473.10,483.95,469.00,478.85,471.90,1.47,14.95,3.16,0.25,1880797,895944570.00,52831
2026-09-23 00:00:00,SHAREINDIA,SHARE IND. SECURITIES LTD,223.32,223.67,217.00,219.98,223.32,-1.50,6.67,2.99,0.00,1845463,405435198.90,20963
2026-09-23 00:00:00,TDPOWERSYS,TD POWER SYSTEMS LTD.,760.00,783.35,752.15,765.50,756.40,1.20,31.20,4.11,0.48,1842284,1408665114.30,71833
2026-09-23 00:00:00,IRCON,IRCON INTERNATIONAL LTD,108.80,111.40,108.62,110.13,109.09,0.95,2.78,2.56,-0.27,1837678,202452444.00,21033
2026-09-23 00:00:00,MANINFRA,MAN INFRA LTD,123.90,125.47,122.90,124.75,124.04,0.57,2.57,2.07,-0.11,1822660,227041849.03,9400
2026-09-23 00:00:00,PACEDIGITK,PACE DIGITEK LIMITED,168.57,172.35,167.54,169.39,167.74,0.98,4.81,2.85,0.49,1797594,305290278.35,20430
2026-09-23 00:00:00,OLECTRA,OLECTRA GREENTECH LIMITED,1229.00,1295.20,1226.50,1275.90,1217.20,4.82,68.70,5.59,0.97,1782067,2271924604.40,76890
2026-09-23 00:00:00,SUNTV,SUN TV NETWORK LIMITED,490.10,503.30,485.60,490.20,490.10,0.02,17.70,3.61,0.00,1771617,871676957.70,42628
2026-09-23 00:00:00,SJVN,SJVN LTD,63.59,63.59,63.06,63.25,63.11,0.22,0.53,0.83,0.76,1763204,111508313.99,18492
2026-09-23 00:00:00,KELLTONTEC,KELLTON TECH SOL LTD,13.73,13.85,13.60,13.76,13.70,0.44,0.25,1.82,0.22,1761639,24206838.93,3078
2026-09-23 00:00:00,MANUGRAPH,MANUGRAPH INDIA LIMITED,20.99,24.26,20.99,23.52,20.22,16.32,3.27,15.58,3.81,1740711,41339289.58,4082
2026-09-23 00:00:00,WELCORP,WELSPUN CORP LIMITED,2740.50,2836.00,2736.00,2796.80,2731.50,2.39,100.00,3.65,0.33,1740034,4892677350.00,93912
2026-09-23 00:00:00,MOSMALL250,MOTILALAMC - MOSMALL250,18.35,18.53,18.31,18.48,18.30,0.98,0.22,1.20,0.27,1739141,32103121.33,1720
2026-09-23 00:00:00,HMAAGRO,HMA AGRO INDUSTRIES LTD,23.91,23.96,23.48,23.61,23.72,-0.46,0.48,2.01,0.80,1717160,40628830.92,2710
2026-09-23 00:00:00,SHAH,SHAH METACORP LIMITED,3.24,3.29,3.22,3.25,3.25,0.00,0.07,2.16,-0.31,1707745,5564185.36,660
2026-09-23 00:00:00,PENIND,PENNAR INDUSTRIES LTD,174.87,185.40,174.15,183.31,174.14,5.27,11.25,6.43,0.42,1703156,310426994.63,20833
2026-09-23 00:00:00,NILASPACES,NILA SPACES LIMITED,12.27,12.27,11.67,11.81,12.02,-1.75,0.60,4.89,2.08,1683147,19940426.78,3221
2026-09-23 00:00:00,ANNU,ANNU PROJECTS LIMITED,54.40,56.49,52.20,53.04,54.17,-2.09,4.29,7.89,0.42,1682230,90645349.74,13355
2026-09-23 00:00:00,USHAMART,USHA MARTIN LTD.,533.10,536.50,523.65,535.05,531.30,0.71,12.85,2.41,0.34,1681147,893582230.15,28494
2026-09-23 00:00:00,EXICOM,EXICOM TELE SYSTEMS LTD,162.35,171.20,162.35,168.09,161.44,4.12,8.85,5.45,0.56,1676574,283069426.89,16595
2026-09-23 00:00:00,TCC,TCC CONCEPT LIMITED,53.55,55.00,52.50,53.89,52.62,2.41,2.50,4.67,1.77,1667565,89941654.77,10420
2026-09-23 00:00:00,KAMDHENU,KAMDHENU LIMITED,41.17,42.04,39.65,40.77,41.51,-1.78,2.39,5.81,-0.82,1666669,67895181.71,6261
2026-09-23 00:00:00,GNRL,GUJARAT NATURAL RES L,98.60,99.60,95.00,98.07,98.42,-0.36,4.60,4.67,0.18,1665342,160471586.08,8858
2026-09-23 00:00:00,BLUECLOUDS,BLUE CLOUD SOFTECH SOLU L,19.18,20.15,19.10,19.73,19.17,2.92,1.05,5.47,0.05,1660415,32548795.74,4736
2026-09-23 00:00:00,GUJENERGY,GUJARAT ENERGY LIMITED,231.00,238.74,229.78,237.32,230.40,3.00,8.96,3.88,0.26,1653518,388912269.83,37494
2026-09-23 00:00:00,EMPOWER,EMPOWER INDIA LTD.,2.06,2.06,2.06,2.06,2.16,-4.63,0.00,0.00,-4.63,1644283,3387222.98,1162
2026-09-23 00:00:00,GLOBE,GLOBE ENTERPRISE (I) LTD,2.27,2.44,2.17,2.24,2.22,0.90,0.27,11.89,2.25,1630865,3726344.79,753
2026-09-23 00:00:00,JAYNECOIND,JAYASWAL NECO INDUSTR LTD,90.50,92.07,90.50,91.36,90.28,1.20,1.57,1.73,0.24,1604836,146625039.65,9616
2026-09-23 00:00:00,TI,TILAKNAGAR INDUSTRIES LTD,573.50,607.80,572.10,601.50,574.65,4.67,35.70,6.22,-0.20,1593921,947028075.05,41974
2026-09-23 00:00:00,EQUITASBNK,EQUITAS SMALL FIN BNK LTD,72.91,74.06,72.05,72.27,72.91,-0.88,2.01,2.76,0.00,1571676,114564432.72,12305
2026-09-23 00:00:00,LEAPIND,LEAP INDIA LIMITED,147.80,150.86,146.25,148.62,148.44,0.12,4.61,3.12,-0.43,1571060,233094090.95,22046
2026-09-23 00:00:00,AUBANK,AU SMALL FINANCE BANK LTD,1034.00,1055.80,1032.60,1053.00,1036.40,1.60,23.20,2.24,-0.23,1565213,1643565581.80,51068
2026-09-23 00:00:00,WEBELSOLAR,WEBSOL ENERGY SYSTEM LTD,72.50,74.32,72.20,73.93,71.80,2.97,2.12,2.92,0.97,1555207,114320754.44,9962
2026-09-23 00:00:00,CMPDI,CENTRAL MINE P N D INST L,209.29,218.76,208.51,213.53,209.34,2.00,10.25,4.90,-0.02,1555190,334369095.48,25057
2026-09-23 00:00:00,CLEANMAX,CLEAN MAX ENVIRO EN SOL L,1439.00,1481.00,1373.30,1457.50,1367.50,6.58,107.70,7.48,5.23,1550273,2228197952.30,114893
2026-09-23 00:00:00,NAUKRI,INFO EDGE (I) LTD,1295.60,1322.70,1291.10,1297.00,1304.00,-0.54,31.60,2.44,-0.64,1549637,2023610411.10,69175
2026-09-23 00:00:00,LANDSMILL,LANDSMILL GREEN LIMITED,0.55,0.55,0.54,0.54,0.54,0.00,0.01,1.82,1.85,1546188,842207.82,678
2026-09-23 00:00:00,GABRIEL,GABRIEL INDIA LTD,1475.50,1494.90,1417.30,1428.10,1471.40,-2.94,77.60,5.26,0.28,1533195,2231029856.20,73855
2026-09-23 00:00:00,NRBBEARING,NRB BEARING LIMITED,519.85,548.80,518.10,541.05,520.50,3.95,30.70,5.91,-0.12,1530829,830016458.15,45852
2026-09-23 00:00:00,HBLENGINE,HBL ENGINEERING LTD,769.80,786.40,758.60,764.35,767.15,-0.36,27.80,3.61,0.35,1528909,1183286892.75,45038
2026-09-23 00:00:00,DUCON,DUCON INFRATECHNOLOGIES L,1.57,1.60,1.54,1.60,1.46,9.59,0.06,3.82,7.53,1509806,2398912.31,273
2026-09-23 00:00:00,VIKASLIFE,VIKAS LIFECARE LIMITED,1.27,1.29,1.26,1.28,1.26,1.59,0.03,2.36,0.79,1508572,1922082.66,7721
2026-09-23 00:00:00,WALCHANNAG,WALCHANDNAGAR INDUSTRIES,199.95,216.00,199.95,212.63,199.05,6.82,16.05,8.03,0.45,1487437,315065822.26,21672
2026-09-23 00:00:00,HIMATSEIDE,HIMATSINGKA SEIDE LTD,63.60,68.38,63.41,67.87,63.21,7.37,4.97,7.81,0.62,1480818,98825208.90,15429
2026-09-23 00:00:00,DABUR,DABUR INDIA LTD,388.30,395.45,387.40,387.40,388.10,-0.18,8.05,2.07,0.05,1480659,579536100.25,26981
2026-09-23 00:00:00,COFORGE,COFORGE LIMITED,1812.00,1817.40,1774.10,1782.40,1803.00,-1.14,43.30,2.39,0.50,1473720,2642156036.70,70801
2026-09-23 00:00:00,DWARKESH,DWARIKESH SUGAR IND LTD,41.68,42.84,41.58,41.86,41.68,0.43,1.26,3.02,0.00,1468253,61914998.48,7637
2026-09-23 00:00:00,KARURVYSYA,KARUR VYSYA BANK LTD,322.05,326.00,320.65,324.45,320.15,1.34,5.35,1.66,0.59,1465001,474107165.25,33689
2026-09-23 00:00:00,AGL,ALLCARGO GLOBAL LIMITED,14.05,14.39,13.84,14.22,13.94,2.01,0.55,3.91,0.79,1464781,20651988.46,3307
2026-09-23 00:00:00,LASERPOWER,LASER POWER & INFRA LTD,277.00,291.75,275.65,287.40,275.05,4.49,16.10,5.81,0.71,1452647,414278520.65,20768
2026-09-23 00:00:00,SYMBIOTEC,SYMBIOTEC PHARMALAB LTD,1127.00,1128.20,1051.65,1062.00,1120.90,-5.25,76.55,6.79,0.54,1444410,1557485743.00,72182
2026-09-23 00:00:00,IEX,INDIAN ENERGY EXC LTD,112.90,113.90,112.75,113.16,112.90,0.23,1.15,1.02,0.00,1437722,163050821.14,20091
2026-09-23 00:00:00,HATHWAY,HATHWAY CABLE & DATACOM,9.95,10.15,9.95,10.10,9.99,1.10,0.20,2.01,-0.40,1433477,14419436.71,1839
2026-09-23 00:00:00,PCBL,PCBL CHEMICAL LIMITED,346.55,356.00,344.05,345.45,347.75,-0.66,11.95,3.45,-0.35,1432331,501850936.05,27688
2026-09-23 00:00:00,GPIL,GODAWARI POW & ISP LTD,232.89,236.80,232.89,234.68,232.89,0.77,3.91,1.68,0.00,1428181,335684370.71,19698
2026-09-23 00:00:00,TATAPOWER,TATA POWER CO LTD,367.00,369.90,367.00,369.00,367.00,0.54,2.90,0.79,0.00,1418458,522925011.30,30207
2026-09-23 00:00:00,MOBIKWIK,ONE MOBIKWIK SYSTEMS LTD,208.48,209.69,202.00,202.93,209.02,-2.91,7.69,3.69,-0.26,1411387,288524592.78,18961
2026-09-23 00:00:00,LEMONTREE,LEMON TREE HOTELS LTD,108.20,108.49,107.50,107.92,107.51,0.38,0.99,0.91,0.64,1411299,152283896.84,17816
2026-09-23 00:00:00,PRECAM,PRECISION CAMSHAFTS LTD.,117.60,127.88,117.60,122.11,118.87,2.73,10.28,8.74,-1.07,1402615,173973170.90,16508
2026-09-23 00:00:00,SYRMA,SYRMA SGS TECHNOLOGY LTD,1750.30,1750.30,1702.10,1719.40,1741.80,-1.29,48.20,2.75,0.49,1400218,2416294215.80,88776
2026-09-23 00:00:00,ELECTCAST,ELECTROSTEEL CASTINGS LTD,72.80,74.52,72.55,74.22,72.88,1.84,1.97,2.71,-0.11,1390274,102568709.63,12015
2026-09-23 00:00:00,TEMBO,TEMBO GLOBAL IND LTD,57.63,61.48,57.30,59.31,57.36,3.40,4.18,7.25,0.47,1389438,81210118.62,4377
2026-09-23 00:00:00,MVELECTRO,MV ELECTROSYSTEMS LIMITED,875.00,903.75,855.50,871.60,877.35,-0.66,48.25,5.51,-0.27,1374608,1202532413.95,37105
2026-09-23 00:00:00,HSCL,HIMADRI SPECIALITY CHEM L,672.00,674.45,666.40,667.75,669.45,-0.25,8.05,1.20,0.38,1372793,920953124.35,18145
2026-09-23 00:00:00,ITCHOTELS,ITC HOTELS LIMITED,159.09,162.25,158.60,161.23,158.60,1.66,3.65,2.29,0.31,1371792,221103553.45,33906
2026-09-23 00:00:00,CONCOR,CONTAINER CORP OF IND LTD,469.00,473.65,463.15,464.65,467.00,-0.50,10.50,2.24,0.43,1369351,639485209.40,22951
2026-09-23 00:00:00,STYLEBAAZA,BAAZAR STYLE RETAIL LTD,367.30,385.20,363.10,378.05,375.05,0.80,22.10,6.02,-2.07,1367688,510048157.10,17041
2026-09-23 00:00:00,SMALLCAP,MIRAEAMC - SMALLCAP,48.80,49.27,48.76,49.12,48.74,0.78,0.51,1.05,0.12,1366686,67145837.33,2530
2026-09-23 00:00:00,LAURUSLABS,LAURUS LABS LIMITED,2009.50,2037.20,1999.70,2034.00,2006.50,1.37,37.50,1.87,0.15,1363988,2761427475.80,38551
2026-09-23 00:00:00,IOB,INDIAN OVERSEAS BANK,31.83,32.25,31.83,32.13,31.92,0.66,0.42,1.32,-0.28,1360796,43699355.37,8751
2026-09-23 00:00:00,ALGOQUANT,ALGOQUANT FINTECH LIMITED,72.27,74.80,71.00,72.10,72.24,-0.19,3.80,5.26,0.04,1356453,98046210.95,6056
2026-09-23 00:00:00,JSWSTEEL,JSW STEEL LIMITED,1273.00,1304.00,1270.80,1297.80,1267.00,2.43,33.20,2.61,0.47,1356042,1751645496.70,69654
2026-09-23 00:00:00,HDFCBSE500,HDFCAMC - HDFCBSE500,36.96,36.97,36.75,36.92,36.79,0.35,0.22,0.60,0.46,1349938,49700138.94,259
2026-09-23 00:00:00,DEVYANI,DEVYANI INTERNATIONAL LTD,144.31,144.39,139.20,140.11,144.51,-3.04,5.19,3.60,-0.14,1344367,190475732.75,18036
2026-09-23 00:00:00,GRAUWEIL,GRAUER & WEIL IND LTD,83.48,87.60,82.60,86.18,83.24,3.53,5.00,5.99,0.29,1342329,115398825.39,13985
2026-09-23 00:00:00,AWL,AWL AGRI BUSINESS LIMITED,183.45,186.90,183.23,186.18,183.10,1.68,3.67,2.00,0.19,1339573,248719665.91,19822
2026-09-23 00:00:00,JYOTICNC,JYOTI CNC AUTOMATION LTD,1098.90,1117.60,1077.00,1100.80,1084.30,1.52,40.60,3.69,1.35,1338131,1467752187.65,58512
2026-09-23 00:00:00,NACLIND,NACL INDUSTRIES LIMITED,139.91,145.58,138.13,139.23,138.62,0.44,7.45,5.32,0.93,1336755,188108163.71,20510
2026-09-23 00:00:00,CAMS,COMPUTER AGE MNGT SER LTD,706.90,725.05,706.00,723.90,704.00,2.83,19.05,2.69,0.41,1333519,959904122.50,62552
2026-09-23 00:00:00,SWSOLAR,STRLNG & WIL REN ENE LTD,179.26,181.80,178.22,180.76,178.42,1.31,3.58,2.00,0.47,1333410,240749382.66,13979
2026-09-23 00:00:00,CGPOWER,CG POWER AND IND SOL LTD,904.45,906.80,890.50,895.00,896.10,-0.12,16.30,1.80,0.93,1329293,1193913766.00,26093
2026-09-23 00:00:00,LODHA,LODHA DEVELOPERS LIMITED,1143.30,1177.50,1143.00,1162.50,1144.00,1.62,34.50,3.02,-0.06,1327880,1546283283.70,28472
2026-09-23 00:00:00,NAZARA,NAZARA TECHNOLOGIES LTD,370.45,376.15,368.90,372.70,370.45,0.61,7.25,1.96,0.00,1327663,495907602.55,12973
2026-09-23 00:00:00,HIKAL,HIKAL LIMITED,229.00,240.88,227.10,232.43,227.00,2.39,13.78,6.02,0.88,1322731,311318795.08,27346
2026-09-23 00:00:00,ARFIN,ARFIN INDIA LIMITED,89.30,92.00,89.00,91.42,89.28,2.40,3.00,3.36,0.02,1313201,118827149.04,5961
2026-09-23 00:00:00,PETRONET,PETRONET LNG LIMITED,282.05,286.90,282.05,285.85,281.75,1.46,4.85,1.72,0.11,1300396,371383649.25,27193
2026-09-23 00:00:00,SBFC,SBFC FINANCE LIMITED,90.84,92.40,90.56,91.21,90.41,0.88,1.84,2.03,0.48,1300327,118821571.77,11606
2026-09-23 00:00:00,KUSUMGAR,KUSUMGAR LIMITED,616.25,652.00,616.25,635.10,616.15,3.08,35.75,5.80,0.02,1299181,828941115.50,60360
2026-09-23 00:00:00,INDHOTEL,THE INDIAN HOTELS CO. LTD,738.25,744.00,736.15,743.70,736.25,1.01,7.85,1.06,0.27,1295095,959830635.95,35781
2026-09-23 00:00:00,EBGNG,GNG ELECTRONICS LIMITED,698.80,730.00,697.30,715.15,692.30,3.30,32.70,4.68,0.94,1292762,929109442.15,52443
2026-09-23 00:00:00,INVENTURE,INVENTURE GRO & SEC LTD,0.89,0.92,0.89,0.90,0.89,1.12,0.03,3.37,0.00,1291066,1171464.54,341
2026-09-23 00:00:00,OPTIFIN,OPTIMUS FINANCE LTD.,15.88,17.00,14.69,15.46,16.70,-7.43,2.31,14.55,-4.91,1281812,20341110.49,3030
2026-09-23 00:00:00,GROWWSLVR,GROWWAMC - GROWWSLVR,22.84,22.92,22.53,22.57,22.56,0.04,0.39,1.71,1.24,1279570,29062338.67,1682
2026-09-23 00:00:00,AWHCL,ANTONY WASTE HDG CELL LTD,365.05,404.00,364.30,387.95,364.30,6.49,39.70,10.88,0.21,1277403,501149891.10,37362
2026-09-23 00:00:00,J&KBANK,J & K BANK LTD.,145.50,149.60,145.50,149.25,145.94,2.27,4.10,2.82,-0.30,1272524,188815419.27,20305
2026-09-23 00:00:00,CUB,CITY UNION BANK LTD,227.00,230.79,224.71,225.34,227.21,-0.82,6.08,2.68,-0.09,1269250,288923739.10,18320
2026-09-23 00:00:00,PRIORITY,PRIORITY JEWELS LIMITED,224.00,268.20,223.80,263.35,223.50,17.83,44.40,19.82,0.22,1265732,320887910.47,15632
2026-09-23 00:00:00,HDFCSML250,HDFCAMC - HDFCSML250,184.91,186.39,183.98,185.99,183.98,1.09,2.41,1.30,0.51,1260149,233769975.49,7549
2026-09-23 00:00:00,TARIL,TRANS & RECTI. LTD,280.95,289.95,280.95,289.00,280.75,2.94,9.00,3.20,0.07,1257349,360700324.05,25962
2026-09-23 00:00:00,AEGISVOPAK,AEGIS VOPAK TERMINALS LTD,300.20,308.00,299.20,302.80,301.40,0.46,8.80,2.93,-0.40,1254083,381498752.75,32072
2026-09-23 00:00:00,CORDELIA,WATERWAYS LEISURE TOUR L,112.50,115.08,110.26,112.97,112.18,0.70,4.82,4.28,0.29,1248838,140950495.96,11639
2026-09-23 00:00:00,BCLIND,BCL INDUSTRIES LIMITED,33.58,34.84,32.70,34.14,33.48,1.97,2.14,6.37,0.30,1248255,42585506.34,5846
2026-09-23 00:00:00,PNCINFRA,PNC INFRATECH LTD.,138.81,142.24,138.01,139.17,139.62,-0.32,4.23,3.05,-0.58,1243417,173842624.38,27261
2026-09-23 00:00:00,TOYAMSL,TOYAM SPORTS LTD.,0.88,0.88,0.86,0.88,0.84,4.76,0.02,2.27,4.76,1227535,1080051.07,291
2026-09-23 00:00:00,CHOLAFIN,CHOLAMANDALAM IN & FIN CO,1760.00,1784.00,1758.70,1774.00,1759.10,0.85,25.30,1.44,0.05,1227152,2174442429.30,44980
2026-09-23 00:00:00,WEL,WONDER ELECTRICALS LTD,81.00,81.79,76.38,76.93,80.40,-4.32,5.41,6.68,0.75,1221695,95670607.05,6867
2026-09-23 00:00:00,SENCO,SENCO GOLD LIMITED,338.35,346.35,337.10,342.25,337.35,1.45,9.25,2.73,0.30,1218885,414917249.25,27960
2026-09-23 00:00:00,RCF,RASHTRIYA CHEMICALS & FER,107.95,109.98,107.60,109.63,107.63,1.86,2.38,2.20,0.30,1218290,133017921.99,10373
2026-09-23 00:00:00,JINDALSAW,JINDAL SAW LIMITED,286.85,295.10,286.85,292.60,286.45,2.15,8.25,2.88,0.14,1218110,356675426.05,25707
2026-09-23 00:00:00,EPL,EPL LIMITED,238.50,240.85,234.20,239.10,236.65,1.04,6.65,2.79,0.78,1215471,288747476.05,21442
2026-09-23 00:00:00,VIKRAN,VIKRAN ENGINEERING LTD,55.95,56.43,55.51,56.14,55.38,1.37,0.92,1.64,1.03,1212167,67838246.66,4729
2026-09-23 00:00:00,IGL,INDRAPRASTHA GAS LTD,147.41,148.65,146.23,147.09,146.68,0.28,2.42,1.64,0.50,1211876,178653549.23,31235
2026-09-23 00:00:00,PARACABLES,PARAMOUNT COMM LTD,61.49,63.35,61.49,62.29,61.75,0.87,1.86,3.02,-0.42,1209778,75594918.93,7097
2026-09-23 00:00:00,MANIPALHOS,MANIPAL HEALTH ENTERPRI L,751.70,767.00,746.00,760.95,746.10,1.99,21.00,2.79,0.75,1201772,909685943.00,34868
2026-09-23 00:00:00,TIMEX,TIMEX GROUP INDIA LTD.,705.00,748.00,705.00,725.75,703.80,3.12,43.00,6.10,0.17,1193305,872713812.90,61723
2026-09-23 00:00:00,ADANIPORTS,ADANI PORT & SEZ LTD,1799.00,1810.10,1790.50,1807.30,1795.00,0.69,19.60,1.09,0.22,1185484,2137100173.10,48881
2026-09-23 00:00:00,KIRIINDUS,KIRI INDUSTRIES LIMITED,546.00,577.00,543.60,572.75,540.50,5.97,33.40,6.12,1.02,1184732,668091389.15,22939
2026-09-23 00:00:00,PARADEEP,PARADEEP PHOSPHATES LTD,154.50,156.34,153.33,154.26,154.17,0.06,3.01,1.95,0.21,1182398,183038441.22,16160
2026-09-23 00:00:00,TATACHEM,TATA CHEMICALS LTD,677.00,677.90,667.10,669.90,674.00,-0.61,10.80,1.60,0.45,1179765,791449308.55,22552
2026-09-23 00:00:00,DHOOTTRANS,DHOOT TRANSMISSION LTD,1674.00,1685.00,1602.10,1615.40,1653.20,-2.29,82.90,4.95,1.26,1167338,1926486171.00,60917
2026-09-23 00:00:00,SBGLP,SURATWWALA BUS GROUP LTD,23.81,28.00,23.34,24.31,23.34,4.16,4.66,19.57,2.01,1163972,30421935.14,8273
2026-09-23 00:00:00,KPITTECH,KPIT TECHNOLOGIES LIMITED,532.00,533.35,525.00,527.00,529.05,-0.39,8.35,1.57,0.56,1154889,610108113.40,25229
2026-09-23 00:00:00,HTEL,HY-TECH ENGINEERS LIMITED,72.50,72.79,70.70,71.27,70.96,0.44,2.09,2.88,2.17,1149415,82239533.01,9812
2026-09-23 00:00:00,ANTELOPUS,ANTELOPUS SELAN ENRGY LTD,1115.00,1189.20,1110.40,1161.20,1110.40,4.57,78.80,7.07,0.41,1138872,1324510478.20,54937
2026-09-23 00:00:00,MSPL,MSP STEEL & POWER LTD.,33.61,36.23,33.61,35.57,33.39,6.53,2.62,7.80,0.66,1132883,39752043.27,4469
2026-09-23 00:00:00,JMFINANCIL,JM FINANCIAL LIMITED,126.00,127.74,126.00,127.51,126.31,0.95,1.74,1.38,-0.25,1131723,143820523.09,19588
2026-09-23 00:00:00,VIDYAWIRES,VIDYA WIRES LIMITED,84.90,89.00,84.90,88.71,84.77,4.65,4.10,4.83,0.15,1131104,98862710.53,8501
2026-09-23 00:00:00,SARVESHWAR,SARVESHWAR FOODS LIMITED,3.70,3.72,3.64,3.66,3.67,-0.27,0.08,2.16,0.82,1124278,4128163.28,1481
2026-09-23 00:00:00,MAXHEALTH,MAX HEALTHCARE INS LTD,1056.50,1067.30,1053.20,1059.90,1056.50,0.32,14.10,1.33,0.00,1122755,1190505746.40,30582
2026-09-23 00:00:00,SOLEX,SOLEX ENERGY LIMITED,698.95,770.00,694.25,735.20,678.95,8.28,75.75,10.84,2.95,1119045,832711711.70,53324
2026-09-23 00:00:00,CAMLINFINE,CAMLIN FINE SCIENCES LTD,97.90,102.00,96.97,98.69,96.45,2.32,5.03,5.14,1.50,1115122,110703721.42,11311
2026-09-23 00:00:00,EXIDEIND,EXIDE INDUSTRIES LTD,430.05,432.20,423.65,425.95,429.70,-0.87,8.55,1.99,0.08,1111617,475248184.35,27126
2026-09-23 00:00:00,COHANCE,COHANCE LIFESCIENCES LTD,458.95,465.55,451.20,461.45,452.75,1.92,14.35,3.13,1.37,1107159,506149576.45,42024
2026-09-23 00:00:00,VIKRAMSOLR,VIKRAM SOLAR LIMITED,163.96,164.45,162.61,163.34,162.35,0.61,1.84,1.12,0.99,1102920,180279655.38,11642
2026-09-23 00:00:00,ZYDUSLIFE,ZYDUS LIFESCIENCES LTD,1156.00,1175.00,1156.00,1170.10,1162.30,0.67,19.00,1.64,-0.54,1088359,1269326263.40,24324
2026-09-23 00:00:00,JSFB,JANA SMALL FIN BANK LTD,533.95,551.00,533.95,546.60,533.70,2.42,17.05,3.19,0.05,1082667,591475939.75,21791
2026-09-23 00:00:00,CHENNPETRO,CHENNAI PETROLEUM CORP LT,1398.50,1423.00,1380.80,1388.60,1392.00,-0.24,42.20,3.02,0.47,1081696,1512835503.90,44010
2026-09-23 00:00:00,TTML,TATA TELESERV(MAHARASTRA),35.64,36.09,35.50,35.63,35.62,0.03,0.59,1.66,0.06,1081213,38635481.38,6041
2026-09-23 00:00:00,MODEFENCE,MOTILALAMC - MODEFENCE,104.40,104.46,103.50,103.76,103.81,-0.05,0.96,0.92,0.57,1076465,112045772.57,5346
2026-09-23 00:00:00,SKIPPER,SKIPPER LIMITED,568.00,580.00,562.55,567.50,561.55,1.06,17.45,3.07,1.15,1071979,613144246.05,38417
2026-09-23 00:00:00,NAVKARURB,NAVKAR URBANSTRUCTURE LTD,0.94,0.95,0.92,0.93,0.91,2.20,0.03,3.19,3.30,1070470,1009990.77,409
2026-09-23 00:00:00,AVTNPL,AVT NATURAL PRODUCTS LTD,100.00,102.00,95.80,96.88,98.26,-1.40,6.20,6.20,1.77,1064371,105142835.74,14084
2026-09-23 00:00:00,CUBEXTUB,CUBEX TUBINGS LTD,125.82,125.82,117.00,125.82,104.85,20.00,8.82,7.01,20.00,1061637,132882148.42,3936
2026-09-23 00:00:00,SSWL,STEEL STRIPS WHEELS LTD.,369.50,380.00,367.80,371.95,364.80,1.96,12.20,3.30,1.29,1061277,396673649.85,33894
2026-09-23 00:00:00,ZEEMEDIA,ZEE MEDIA CORPORATION LTD,7.65,7.84,7.42,7.51,7.56,-0.66,0.42,5.49,1.19,1052962,7968891.72,1488
2026-09-23 00:00:00,FEDFINA,FEDBANK FINANCIAL SER L,153.40,156.00,151.14,153.42,152.14,0.84,4.86,3.17,0.83,1046301,161136955.12,12730
2026-09-23 00:00:00,PASUPTAC,PASUPATI ACRYLON LIMITED,77.00,81.29,75.02,79.82,76.37,4.52,6.27,8.14,0.82,1040321,82046717.78,8039
2026-09-23 00:00:00,ROUTE,ROUTE MOBILE LIMITED,467.30,497.25,467.30,473.25,463.95,2.00,29.95,6.41,0.72,1039348,501615377.00,27642
2026-09-23 00:00:00,HEGAM,HEG ADVANCED MATERIAL LTD,233.00,240.95,232.20,237.30,232.90,1.89,8.75,3.76,0.04,1038595,245690616.00,23144
2026-09-23 00:00:00,DBREALTY,VALOR ESTATE LIMITED,96.65,101.48,96.40,101.48,96.65,5.00,5.08,5.26,0.00,1033102,103544099.29,7465
2026-09-23 00:00:00,XTRANET,XTRANET TECHNOLOGIES LTD,336.35,337.70,317.65,317.65,334.36,-5.00,20.05,5.96,0.60,1030477,334845240.03,15830
2026-09-23 00:00:00,BALRAMCHIN,BALRAMPUR CHINI MILLS LTD,661.05,682.90,658.85,676.40,661.05,2.32,24.05,3.64,0.00,1023714,693238857.55,27064
2026-09-23 00:00:00,ABLBL,ADITYA BIRLA LIFES BRAN L,80.74,82.33,79.65,79.81,80.74,-1.15,2.68,3.32,0.00,1021258,82061230.61,8998
2026-09-23 00:00:00,TURTLEMINT,TURTLEMINT FINTECH SOLS L,141.36,143.37,135.00,136.30,140.23,-2.80,8.37,5.92,0.81,1014985,141489825.01,14169
2026-09-23 00:00:00,ALPHA,KOTAKMAMC - KOTAKALPHA,54.48,54.48,53.05,53.42,53.16,0.49,1.43,2.62,2.48,1014532,54043748.76,1973
2026-09-23 00:00:00,RESPONIND,RESPONSIVE INDUSTRIES LTD,157.38,167.70,157.38,162.24,157.38,3.09,10.32,6.56,0.00,1012730,164976554.10,8336
2026-09-23 00:00:00,IKS,INVENTURUS KNOWLEDGE SO L,1881.20,1970.00,1871.00,1937.80,1869.20,3.67,99.00,5.26,0.64,1011998,1967744694.80,70677
2026-09-23 00:00:00,GSFC,GUJ STATE FERT & CHEM LTD,152.79,157.79,151.81,155.34,152.19,2.07,5.98,3.91,0.39,1011816,156987035.58,14167
2026-09-23 00:00:00,COMSYN,COMMERCIAL SYN BAGS LTD,305.95,310.05,298.75,299.30,301.25,-0.65,11.30,3.69,1.56,1010524,305167250.45,7552
2026-09-23 00:00:00,ZENSARTECH,ZENSAR TECHNOLOGIES  LTD,435.60,435.60,426.60,430.75,432.60,-0.43,9.00,2.07,0.69,1009826,434199109.70,23001
2026-09-23 00:00:00,SUPRIYA,SUPRIYA LIFESCIENCE LTD,945.05,1005.00,945.05,1000.90,939.10,6.58,59.95,6.34,0.63,1007970,999248624.75,55390
2026-09-23 00:00:00,JAIBALAJI,JAI BALAJI INDUSTRIES LTD,64.50,67.54,63.60,66.78,64.33,3.81,3.94,6.11,0.26,1003915,66837996.65,4128
2026-09-23 00:00:00,JINDALSTEL,JINDAL STEEL LIMITED,1138.20,1187.40,1138.20,1175.30,1141.00,3.01,49.20,4.32,-0.25,994851,1166359036.60,30797
2026-09-23 00:00:00,WESTLIFE,WESTLIFE FOODWORLD LTD,572.05,612.00,559.00,598.70,574.00,4.30,53.00,9.26,-0.34,991841,592332723.60,6811
2026-09-23 00:00:00,FORTIS,FORTIS HEALTHCARE LTD,895.00,898.40,887.40,894.00,896.55,-0.28,11.00,1.23,-0.17,989288,882326943.45,37362
2026-09-23 00:00:00,DRREDDY,DR. REDDY S LABORATORIES,1210.00,1220.50,1205.90,1211.20,1211.00,0.02,14.60,1.21,-0.08,987420,1198381997.20,52294
2026-09-23 00:00:00,TENNIND,TENNECO CLEAN AIR INDIA L,531.00,541.70,516.30,518.60,532.75,-2.66,25.40,4.78,-0.33,986500,519352309.35,39546
2026-09-23 00:00:00,INDIANB,INDIAN BANK,841.00,851.70,838.85,842.00,840.80,0.14,12.85,1.53,0.02,975762,823295597.40,27901
2026-09-23 00:00:00,GENUSPOWER,GENUS POWER INFRASTRU LTD,310.00,312.40,306.10,308.35,309.45,-0.36,6.30,2.03,0.18,967695,298391426.60,14637
2026-09-23 00:00:00,EMUDHRA,EMUDHRA LIMITED,647.00,676.00,630.10,637.80,649.25,-1.76,45.90,7.09,-0.35,966799,631989441.60,32772
2026-09-23 00:00:00,ONIDA,ONIDA ELECTRONICS LIMITED,35.09,35.75,34.15,34.30,34.73,-1.24,1.60,4.56,1.04,965764,33593258.04,2756
2026-09-23 00:00:00,AUROPHARMA,AUROBINDO PHARMA LTD,1700.00,1724.70,1692.60,1721.50,1700.00,1.26,32.10,1.89,0.00,951081,1625234344.40,50665
2026-09-23 00:00:00,GAEL,GUJARAT AMBUJA EXPORTS LT,157.50,165.00,157.41,163.19,157.08,3.89,7.59,4.82,0.27,947394,154142664.30,20427
2026-09-23 00:00:00,LT,LARSEN & TOUBRO LTD.,3870.00,3945.00,3870.00,3929.90,3866.40,1.64,75.00,1.94,0.09,945462,3705549356.40,63470
2026-09-23 00:00:00,ATGL,ADANI TOTAL GAS LIMITED,630.00,633.25,623.05,625.25,626.25,-0.16,10.20,1.62,0.60,944768,591928049.00,27043
2026-09-23 00:00:00,VASCONEQ,VASCON ENGINEERS LTD,31.44,33.46,31.40,32.99,31.44,4.93,2.06,6.55,0.00,942948,30816617.78,3874
2026-09-23 00:00:00,AEROFLEX,AEROFLEX INDUSTRIES LTD,516.70,539.40,514.25,520.80,516.70,0.79,25.15,4.87,0.00,939383,495759078.75,28111
2026-09-23 00:00:00,GROWWPOWER,GROWWAMC - GROWWPOWER,11.18,11.23,11.11,11.16,11.17,-0.09,0.12,1.07,0.09,937400,10466919.29,1662
2026-09-23 00:00:00,ADANIENSOL,ADANI ENERGY SOLUTION LTD,1386.00,1389.90,1372.60,1380.00,1381.70,-0.12,17.30,1.25,0.31,933961,1289107752.00,35382
2026-09-23 00:00:00,REDTAPE,REDTAPE LIMITED,119.30,123.75,117.51,121.10,118.80,1.94,6.24,5.23,0.42,932477,112573647.46,15429
2026-09-23 00:00:00,MCLOUD,MAGELLANIC CLOUD LIMITED,25.80,25.80,25.00,25.41,25.18,0.91,0.80,3.10,2.46,930478,23585444.72,2916
2026-09-23 00:00:00,PREMIERENE,PREMIER ENERGIES LIMITED,909.80,919.70,903.50,915.00,907.20,0.86,16.20,1.78,0.29,930143,850162385.10,18967
2026-09-23 00:00:00,MUFIN,MUFIN GREEN FINANCE LTD,132.60,135.32,132.12,133.11,132.69,0.32,3.20,2.41,-0.07,928541,124290946.57,4883
2026-09-23 00:00:00,GOODLUCK,GOODLUCK INDIA LIMITED,546.10,552.00,533.75,537.10,538.05,-0.18,18.25,3.34,1.50,928120,504105859.10,33847
2026-09-23 00:00:00,CRAMC,CANARA ROBECO AMC LIMITED,230.20,232.00,226.75,230.35,227.90,1.08,5.25,2.28,1.01,925674,211909374.50,17923
2026-09-23 00:00:00,KISSHT,ONEMI TECHNOLOGY SOL LTD,352.70,357.80,347.20,355.15,352.55,0.74,10.60,3.01,0.04,925450,326513114.35,41041
2026-09-23 00:00:00,IRCTC,INDIAN RAIL TOUR CORP LTD,469.50,472.10,461.00,463.80,469.65,-1.25,11.10,2.36,-0.03,920265,428387967.15,28854
2026-09-23 00:00:00,GRMOVER,GRM OVERSEAS LIMITED,80.25,82.20,80.25,81.54,80.59,1.18,1.95,2.43,-0.42,917723,74781342.34,4837
2026-09-23 00:00:00,UGARSUGAR,THE UGAR SUGAR WORKS LTD,55.36,58.64,55.36,57.22,55.35,3.38,3.28,5.92,0.02,915900,52608548.44,9712
2026-09-23 00:00:00,KALAMANDIR,SAI SILKS (KALAMANDIR) L,78.00,81.90,78.00,79.99,78.08,2.45,3.90,5.00,-0.10,913575,73551739.41,9328
2026-09-23 00:00:00,SUNFLAG,SUNFLAG IRON AND STEEL CO,356.90,390.55,356.55,390.55,355.05,10.00,34.00,9.53,0.52,912957,347354154.90,13926
2026-09-23 00:00:00,ZAGGLE,ZAGGLE PREPA OCEAN SER L,180.87,185.02,178.97,179.86,179.95,-0.05,6.05,3.34,0.51,907401,164560005.04,11610
2026-09-23 00:00:00,MARSONS,MARSONS LIMITED,128.70,132.10,127.10,128.05,127.88,0.13,5.00,3.89,0.64,906853,117266334.53,9263
2026-09-23 00:00:00,JSL,JINDAL STAINLESS LIMITED,748.95,766.85,744.10,758.55,743.45,2.03,22.75,3.04,0.74,906824,685512576.15,42992
2026-09-23 00:00:00,SUNPHARMA,SUN PHARMACEUTICAL IND L,1846.40,1869.60,1844.00,1865.00,1846.40,1.01,25.60,1.39,0.00,902514,1677514370.20,66824
2026-09-23 00:00:00,RTNINDIA,RATTANINDIA ENT LIMITED,27.47,27.94,27.25,27.45,27.22,0.84,0.69,2.51,0.92,900767,24875837.84,4626
2026-09-23 00:00:00,PNBHOUSING,PNB HOUSING FIN LTD.,1125.10,1149.00,1125.10,1138.50,1125.60,1.15,23.90,2.12,-0.04,896182,1019612353.80,33077
2026-09-23 00:00:00,KEC,KEC INTL. LIMITED,393.90,403.65,393.90,402.40,391.55,2.77,9.75,2.48,0.60,891865,356915962.20,21741
2026-09-23 00:00:00,EPACKPEB,EPACK PREFAB TECHN LTD,251.99,257.38,249.85,253.95,250.34,1.44,7.53,2.99,0.66,891746,226087633.74,20139
2026-09-23 00:00:00,TEJASNET,TEJAS NETWORKS LIMITED,517.90,525.40,511.95,521.55,516.30,1.02,13.45,2.60,0.31,890300,462925498.80,23141
2026-09-23 00:00:00,SCI,SHIPPING CORP OF INDIA LT,281.65,282.20,278.70,279.05,281.10,-0.73,3.50,1.24,0.20,888953,248788370.00,11733
2026-09-23 00:00:00,ASTERDM,ASTER DM QUALITY CARE LTD,734.35,762.00,734.35,760.05,750.70,1.25,27.65,3.77,-2.18,882021,664117828.15,55326
2026-09-23 00:00:00,OMAXE,OMAXE LIMITED,117.00,124.90,114.30,123.13,116.50,5.69,10.60,9.06,0.43,873922,106211165.27,12111
2026-09-23 00:00:00,FIVESTAR,FIVE-STAR BUS FIN LTD,524.50,552.00,524.50,549.70,524.85,4.73,27.50,5.24,-0.07,871098,472307539.80,43199
2026-09-23 00:00:00,HINDUNILVR,HINDUSTAN UNILEVER LTD.,1938.00,1954.00,1936.00,1950.00,1933.80,0.84,18.00,0.93,0.22,870342,1695321736.50,38393
2026-09-23 00:00:00,GUJTHEM,GUJARAT THEMIS BIOSYN LTD,411.75,418.00,408.00,410.75,411.65,-0.22,10.00,2.43,0.02,865520,355689414.60,7966
2026-09-23 00:00:00,TRUALT,TRUALT BIOENERGY LIMITED,418.70,445.00,415.20,438.90,414.45,5.90,29.80,7.12,1.03,864019,367001713.15,11442
2026-09-23 00:00:00,AFCONS,AFCONS INFRASTRUCTURE LTD,262.00,262.70,257.20,258.30,260.35,-0.79,5.50,2.10,0.63,862881,224083989.95,14031
2026-09-23 00:00:00,TVSMOTOR,TVS MOTOR COMPANY  LTD,4130.20,4164.80,4100.40,4135.00,4140.00,-0.12,64.40,1.56,-0.24,862827,3565242737.80,48904
2026-09-23 00:00:00,MMTC,MMTC LIMITED,59.75,60.99,59.75,60.47,59.67,1.34,1.24,2.08,0.13,861890,52148510.01,6406
2026-09-23 00:00:00,GAYAPROJ,GAYATRI PROJECTS LTD,23.90,24.36,23.00,24.17,23.68,2.07,1.36,5.69,0.93,858564,20403654.57,2891
2026-09-23 00:00:00,JWL,JUPITER WAGONS LIMITED,228.95,234.63,228.95,233.16,228.63,1.98,5.68,2.48,0.14,858020,199494488.81,15976
2026-09-23 00:00:00,ADANIENT,ADANI ENTERPRISES LIMITED,3015.50,3023.90,2978.20,2993.20,2997.00,-0.13,45.70,1.52,0.62,855435,2565963177.40,35686
2026-09-23 00:00:00,TECHM,TECH MAHINDRA LIMITED,1540.00,1558.00,1539.30,1557.00,1551.60,0.35,18.70,1.21,-0.75,851068,1320342921.10,49591
2026-09-23 00:00:00,TATACONSUM,TATA CONSUMER PRODUCT LTD,988.40,997.10,985.00,994.30,984.10,1.04,12.10,1.22,0.44,850774,844932672.80,34856
2026-09-23 00:00:00,BTML,BODHI TREE MULTIMEDIA LTD,7.20,7.32,6.90,7.15,7.15,0.00,0.42,5.83,0.70,844976,6077680.78,405
2026-09-23 00:00:00,TRENT,TRENT LTD,2782.90,2794.40,2764.50,2774.00,2782.90,-0.32,29.90,1.07,0.00,839769,2332333175.70,36016
2026-09-23 00:00:00,MARICO,MARICO LIMITED,830.50,833.20,828.00,832.30,830.00,0.28,5.20,0.63,0.06,836702,695162409.45,37543
2026-09-23 00:00:00,RHETAN,RHETAN TMT LIMITED,16.79,16.79,16.79,16.79,17.67,-4.98,0.00,0.00,-4.98,828372,13908365.88,1415
2026-09-23 00:00:00,MTNL,MAHANAGAR TELEPHONE NIGAM,23.89,24.63,23.76,24.36,23.67,2.92,0.87,3.64,0.93,828289,20092491.12,3569
2026-09-23 00:00:00,DCBBANK,DCB BANK LIMITED,218.89,224.71,218.11,223.69,218.58,2.34,6.60,3.02,0.14,812051,181018456.34,19467
2026-09-23 00:00:00,GARUDA,GARUDA CONSTRUCT N ENG L,183.45,187.60,181.50,184.48,181.56,1.61,6.10,3.33,1.04,811718,150257355.26,12446
2026-09-23 00:00:00,VAKRANGEE,VAKRANGEE LIMITED,5.32,5.37,5.25,5.35,5.26,1.71,0.12,2.26,1.14,809142,4310486.99,1425
2026-09-23 00:00:00,KEI,KEI INDUSTRIES LTD.,4575.00,4760.00,4574.00,4722.50,4575.00,3.22,186.00,4.07,0.00,808984,3801673923.00,57038
2026-09-23 00:00:00,MOSCHIP,MOSCHIP TECHNOLOGIES LTD,207.61,210.25,207.00,207.32,207.37,-0.02,3.25,1.57,0.12,808871,168584116.47,11412
2026-09-23 00:00:00,INDSWFTLAB,IND SWIFT LABORATORIES LT,409.00,412.00,391.95,405.05,405.55,-0.12,20.05,4.90,0.85,807681,325308719.05,18802
2026-09-23 00:00:00,PSB,PUNJAB & SIND BANK,21.92,22.24,21.92,22.10,21.93,0.78,0.32,1.46,-0.05,807656,17828207.50,3801
2026-09-23 00:00:00,MBAPL,MADHYA BHARAT AGRO P. LTD,169.00,170.50,165.09,167.51,165.68,1.10,5.41,3.20,2.00,806244,135744761.02,8158
2026-09-23 00:00:00,CHEMPLASTS,CHEMPLAST SANMAR LIMITED,198.95,202.39,195.00,199.40,198.67,0.37,7.39,3.71,0.14,804982,159942951.77,14735
2026-09-23 00:00:00,KAYNES,KAYNES TECHNOLOGY IND LTD,3460.00,3499.00,3428.50,3458.00,3455.00,0.09,70.50,2.04,0.14,804616,2787315807.30,51187
2026-09-23 00:00:00,SMSPHARMA,SMS PHARMACEUTICALS LTD.,485.80,491.90,477.30,482.95,483.35,-0.08,14.60,3.01,0.51,801318,388589408.95,21604
2026-09-23 00:00:00,ATL,ALLCARGO TERMINALS LTD,25.00,26.30,24.86,25.93,24.35,6.49,1.44,5.76,2.67,796192,20414114.77,5172
2026-09-23 00:00:00,COFFEEDAY,COFFEE DAY ENTERPRISE LTD,30.59,32.00,29.88,31.00,30.59,1.34,2.12,6.93,0.00,793052,24436267.08,2767
2026-09-23 00:00:00,VOLTAS,VOLTAS LTD,1092.90,1131.40,1090.80,1130.00,1100.80,2.65,40.60,3.71,-0.72,791314,881993224.30,27964
2026-09-23 00:00:00,MANBA,MANBA FINANCE LIMITED,139.48,151.00,137.03,139.19,136.41,2.04,13.97,10.02,2.25,789795,112634412.41,11060
2026-09-23 00:00:00,LGEINDIA,LG ELECTRONICS INDIA LTD,1673.90,1715.00,1664.40,1694.20,1663.70,1.83,50.60,3.02,0.61,786043,1332843588.10,56590
2026-09-23 00:00:00,MON100,MOTILAL OS NASDAQ100 ETF,333.07,333.07,320.55,327.37,324.95,0.74,12.52,3.76,2.50,780598,254333092.46,15346
2026-09-23 00:00:00,BEPL,BHANSALI ENG. POLYMERS LT,130.78,132.15,129.50,130.49,130.23,0.20,2.65,2.03,0.42,778846,101712656.30,9560
2026-09-23 00:00:00,MAHKTECH,MIRAEAMC - MAHKTECH,22.35,22.35,21.45,21.86,22.01,-0.68,0.90,4.03,1.54,777289,17014131.17,4674
2026-09-23 00:00:00,SWANCORP,SWAN CORP LIMITED,302.15,304.95,299.10,300.05,302.75,-0.89,5.85,1.94,-0.20,775263,233757008.60,14508
2026-09-23 00:00:00,YATRA,YATRA ONLINE LIMITED,110.01,111.45,107.35,108.74,108.82,-0.07,4.10,3.73,1.09,774397,84609541.39,7660
2026-09-23 00:00:00,TITAN,TITAN COMPANY LIMITED,4928.50,4951.00,4852.50,4880.00,4928.50,-0.98,98.50,2.00,0.00,769737,3762125682.50,68371
2026-09-23 00:00:00,PGIL,PEARL GLOBAL IND LIMITED,1195.00,1309.80,1190.00,1300.80,1194.90,8.86,119.80,10.03,0.01,767765,983196204.50,54667
2026-09-23 00:00:00,UNITDSPR,UNITED SPIRITS LIMITED,1398.00,1442.00,1397.10,1441.00,1398.00,3.08,44.90,3.21,0.00,767514,1097199604.20,34554
2026-09-23 00:00:00,JKTYRE,JK TYRE & INDUSTRIES LTD,349.85,358.30,348.60,355.35,346.50,2.55,9.70,2.77,0.97,764630,270820772.70,21926
2026-09-23 00:00:00,MVGJL,MANOJ VAIBHAV GEM N JEW L,213.26,225.00,212.40,221.29,213.26,3.77,12.60,5.91,0.00,764238,167356800.74,16638
2026-09-23 00:00:00,DYCL,DYNAMIC CABLES LIMITED,455.00,482.10,446.05,476.90,453.75,5.10,36.05,7.92,0.28,762315,357880026.75,20530
2026-09-23 00:00:00,BHARATFORG,BHARAT FORGE LTD,2010.00,2016.00,1982.50,2004.00,2009.00,-0.25,33.50,1.67,0.05,759299,1518971946.00,34319
2026-09-23 00:00:00,NLCINDIA,NLC INDIA LIMITED,267.00,269.15,265.30,267.10,267.00,0.04,3.85,1.44,0.00,758960,202767478.20,21151
2026-09-23 00:00:00,AFIL,AKME FINTRADE (INDIA) LTD,8.32,8.55,8.12,8.22,8.32,-1.20,0.43,5.17,0.00,752891,6237655.35,849
2026-09-23 00:00:00,APOLLOTYRE,APOLLO TYRES LTD,403.10,406.80,401.35,405.70,402.55,0.78,5.45,1.35,0.14,751954,303530481.45,30753
2026-09-23 00:00:00,ICICIPRULI,ICICI PRU LIFE INS CO LTD,491.55,491.55,481.50,484.50,486.65,-0.44,10.05,2.04,1.01,750732,364140927.80,20909
2026-09-23 00:00:00,MOMMIDCAP,MIRAEAMC - MOMMIDCAP,12.89,13.00,12.85,12.98,12.82,1.25,0.15,1.16,0.55,747696,9686532.81,522
2026-09-23 00:00:00,BAJAJFINSV,BAJAJ FINSERV LTD.,1825.00,1864.80,1825.00,1846.50,1823.40,1.27,39.80,2.18,0.09,746622,1381590759.90,37659
2026-09-23 00:00:00,JNPR,JUNIPER GREEN ENERGY LTD,270.00,277.75,261.70,267.30,268.70,-0.52,16.05,5.94,0.48,743855,201625222.35,52561
2026-09-23 00:00:00,UNOMINDA,UNO MINDA LIMITED,1235.00,1244.90,1220.30,1223.10,1226.00,-0.24,24.60,1.99,0.73,742953,918524683.90,28216
2026-09-23 00:00:00,LLOYDSME,LLOYDS METALS N ENERGY L,1861.10,1911.00,1861.10,1890.90,1857.40,1.80,49.90,2.68,0.20,739451,1400985604.60,43609
2026-09-23 00:00:00,MOLOWVOL,MOTILALAMC - MOLOWVOL,34.55,37.00,34.55,35.25,35.25,0.00,2.45,7.09,-1.99,736337,25803671.61,84
2026-09-23 00:00:00,AKSHAR,AKSHAR SPINTEX LIMITED,0.41,0.42,0.41,0.41,0.41,0.00,0.01,2.44,0.00,733762,303796.44,192
2026-09-23 00:00:00,AVANTEL,AVANTEL LIMITED,146.89,149.08,143.94,146.17,146.71,-0.37,5.14,3.50,0.12,729108,106796072.09,9067
2026-09-23 00:00:00,PTC,PTC INDIA LIMITED,156.05,157.40,155.68,157.08,155.63,0.93,1.72,1.10,0.27,724814,113632284.71,11934
2026-09-23 00:00:00,BSLNIFTY,ADITYBIRLA SL NIF ETF-GR,28.16,28.16,27.25,27.56,27.48,0.29,0.91,3.23,2.47,724016,19948370.23,3187
2026-09-23 00:00:00,SAPPHIRE,SAPPHIRE FOODS INDIA LTD,235.19,237.24,230.41,231.48,237.24,-2.43,6.83,2.90,-0.86,716679,167100888.92,14311
2026-09-23 00:00:00,BLKASHYAP,B.L.KASHYAP & SON LTD,51.90,54.68,51.85,53.97,51.53,4.74,2.83,5.45,0.72,716221,38550017.53,3552
2026-09-23 00:00:00,PRECWIRE,PRECISION WIRES INDIA LTD,495.00,505.00,488.25,498.85,491.10,1.58,16.75,3.38,0.79,715914,357238268.10,30566
2026-09-23 00:00:00,ELLEN,ELLENBARRIE INDUS GASES L,359.60,375.90,357.00,371.30,357.10,3.98,18.90,5.26,0.70,714065,263106386.65,20262
2026-09-23 00:00:00,PRASOLCHEM,PRASOL CHEMICALS LIMITED,710.00,747.50,707.25,740.90,704.75,5.13,40.25,5.67,0.74,713648,523541873.20,48926
2026-09-23 00:00:00,HONASA,HONASA CONSUMER LIMITED,476.00,488.00,474.00,484.90,473.65,2.38,14.00,2.94,0.50,712921,343431659.35,22470
2026-09-23 00:00:00,OIL,OIL INDIA LTD,467.00,471.45,466.60,470.00,467.00,0.64,4.85,1.04,0.00,711993,334317655.20,16091
2026-09-23 00:00:00,MUTHOOTFIN,MUTHOOT FINANCE LIMITED,2831.00,2856.50,2814.10,2856.50,2831.50,0.88,42.40,1.50,-0.02,711064,2019839160.30,91069
2026-09-23 00:00:00,PVP,PVP VENTURES LIMITED,66.99,68.61,66.50,68.61,65.35,4.99,2.11,3.15,2.51,709084,48272411.76,2407
2026-09-23 00:00:00,ICICIGI,ICICI LOMBARD GIC LIMITED,1482.60,1505.00,1482.30,1500.60,1480.00,1.39,22.70,1.53,0.18,708998,1056433025.20,18852
2026-09-23 00:00:00,CESC,CESC LTD,142.55,143.15,142.00,142.56,142.52,0.03,1.15,0.81,0.02,699865,99893223.69,11204
2026-09-23 00:00:00,LOWVOL1,KOTAKMAMC - KOTAKLOVOL,20.55,20.57,20.36,20.39,20.48,-0.44,0.21,1.02,0.34,699280,14322548.23,4712
2026-09-23 00:00:00,AMBUJACEM,AMBUJA CEMENTS LTD,387.30,392.85,387.30,392.75,386.90,1.51,5.55,1.43,0.10,697717,272874797.50,12743
2026-09-23 00:00:00,ALEMBICLTD,ALEMBIC LIMITED,105.90,108.00,105.20,106.04,104.79,1.19,2.80,2.64,1.06,694993,73955982.52,6670
2026-09-23 00:00:00,NEWGEN,NEWGEN SOFTWARE TECH LTD,496.00,514.05,494.45,504.15,495.70,1.70,19.60,3.95,0.06,688103,347791235.60,21896
2026-09-23 00:00:00,NESTLEIND,NESTLE INDIA LIMITED,1370.00,1387.20,1361.60,1387.20,1363.90,1.71,25.60,1.87,0.45,685984,946745679.80,47104
2026-09-23 00:00:00,RACE,RACE ECO CHAIN LIMITED,143.97,143.97,122.00,122.91,119.98,2.44,21.97,15.26,19.99,685875,92232749.95,8038
2026-09-23 00:00:00,ADVIKCA,ADVIK CAPITAL LTD.,0.95,1.14,0.92,1.01,0.95,6.32,0.22,23.16,0.00,682962,692321.34,495
2026-09-23 00:00:00,CIEINDIA,CIE AUTOMOTIVE INDIA LTD,392.60,394.65,382.55,384.20,390.60,-1.64,12.10,3.08,0.51,676768,261435820.75,26123
2026-09-23 00:00:00,BLUSPRING,BLUSPRING ENTERPRISES LTD,127.00,138.01,127.00,132.59,125.47,5.67,11.01,8.67,1.22,675699,91099779.17,3653
2026-09-23 00:00:00,AYE,AYE FINANCE LIMITED,184.70,188.90,179.29,180.66,183.43,-1.51,9.61,5.20,0.69,674407,124047375.31,11557
2026-09-23 00:00:00,SBIFUNDS,SBI FUNDS MANAGEMENT LTD,546.20,556.15,544.60,551.35,546.00,0.98,11.55,2.11,0.04,674153,370134781.55,25375
2026-09-23 00:00:00,M&MFIN,M&M FIN. SERVICES LTD,351.85,357.00,347.85,348.60,352.40,-1.08,9.15,2.60,-0.16,672466,236661484.40,31421
2026-09-23 00:00:00,TEGA,TEGA INDUSTRIES LIMITED,2067.00,2125.00,2061.50,2078.80,2069.00,0.47,63.50,3.07,-0.10,671454,1406496644.90,38882
2026-09-23 00:00:00,NFL,NATIONAL FERT. LTD,66.51,68.00,66.50,67.84,66.71,1.69,1.50,2.26,-0.30,671132,45288550.69,4449
2026-09-23 00:00:00,NDL,NANDAN DENIM LIMITED,2.79,2.82,2.75,2.76,2.76,0.00,0.07,2.51,1.09,666203,1852186.66,820
2026-09-23 00:00:00,STARHEALTH,STAR HEALTH & AL INS CO L,544.60,551.90,542.00,549.20,544.60,0.84,9.90,1.82,0.00,664468,364434952.80,42077
2026-09-23 00:00:00,MERCURYEV,MERCURY EV-TECH LIMITED,40.22,40.24,38.01,38.72,39.93,-3.03,2.23,5.54,0.73,664358,26215863.43,2864
2026-09-23 00:00:00,AEROPLANE,AMIR CHAND JAG KUM (E) L,204.00,211.39,203.25,205.74,204.80,0.46,8.14,3.99,-0.39,661546,137214711.08,9267
2026-09-23 00:00:00,GPPL,GUJARAT PIPAVAV PORT LTD,165.23,166.35,163.70,164.12,164.41,-0.18,2.65,1.60,0.50,658410,108251637.04,17318
2026-09-23 00:00:00,AQYLON,AQYLON NEXUS LIMITED,20.39,20.74,18.81,18.81,19.80,-5.00,1.93,9.47,2.98,654709,12708203.11,2163
2026-09-23 00:00:00,RICOAUTO,RICO AUTO INDUSTRIES LTD,128.14,131.24,128.14,129.23,128.14,0.85,3.10,2.42,0.00,654611,84935535.86,8596
2026-09-23 00:00:00,CIPLA,CIPLA LTD,1382.40,1387.00,1371.80,1383.00,1384.10,-0.08,15.20,1.10,-0.12,651221,897020664.80,22885
2026-09-23 00:00:00,NATCOPHARM,NATCO PHARMA LTD.,815.15,840.00,811.00,837.60,815.05,2.77,29.00,3.56,0.01,650820,541716017.30,40793
2026-09-23 00:00:00,BECTORFOOD,MRS BECTORS FOOD SPE LTD,218.62,222.50,217.05,219.30,217.81,0.68,5.45,2.49,0.37,649769,142835029.22,15273
2026-09-23 00:00:00,LUPIN,LUPIN LIMITED,2125.00,2125.00,2090.10,2102.80,2135.00,-1.51,34.90,1.64,-0.47,648814,1363111487.80,41407
2026-09-23 00:00:00,BDL,BHARAT DYNAMICS LIMITED,1167.50,1183.00,1157.30,1161.00,1168.00,-0.60,25.70,2.20,-0.04,648782,757054417.00,21892
2026-09-23 00:00:00,KSL,KALYANI STEELS LIMITED,968.10,1032.90,956.05,998.25,959.15,4.08,76.85,7.94,0.93,646949,654822518.10,29967
2026-09-23 00:00:00,ADANIGREEN,ADANI GREEN ENERGY LTD,1316.90,1317.00,1289.60,1300.90,1304.00,-0.24,27.40,2.08,0.99,639643,831864872.00,23815
2026-09-23 00:00:00,ARVIND,ARVIND LIMITED,533.55,550.50,533.00,548.25,533.55,2.76,17.50,3.28,0.00,639484,348678699.35,30555
2026-09-23 00:00:00,PHOENIXLTD,THE PHOENIX MILLS LTD,1960.00,2015.30,1954.20,1993.20,1953.40,2.04,61.10,3.12,0.34,639296,1274288056.30,36185
2026-09-23 00:00:00,HEALTHY,BIRLASLAMC - HEALTHY,17.08,17.54,17.08,17.36,17.24,0.70,0.46,2.69,-0.93,636884,11042567.53,815
2026-09-23 00:00:00,MOIL,MOIL LIMITED,243.00,251.79,242.55,248.70,243.20,2.26,9.24,3.80,-0.08,633513,157384953.47,9933
2026-09-23 00:00:00,HAPPSTMNDS,HAPPIEST MINDS TECHNO LTD,316.20,320.80,313.85,317.70,313.40,1.37,6.95,2.20,0.89,632423,200298301.65,17336
2026-09-23 00:00:00,AUGMONT,AUGMONT ENTERPRISES LTD,853.00,893.70,846.65,886.30,853.35,3.86,47.05,5.52,-0.04,631751,552862784.80,27926
2026-09-23 00:00:00,BALUFORGE,BALU FORGE INDUSTRIES LTD,509.60,512.40,502.00,506.25,505.25,0.20,10.40,2.04,0.86,631352,320265722.45,11112
2026-09-23 00:00:00,TATATECH,TATA TECHNOLOGIES LIMITED,715.55,721.25,709.00,716.45,715.55,0.13,12.25,1.71,0.00,625279,447817275.20,42263
2026-09-23 00:00:00,JUBLFOOD,JUBILANT FOODWORKS LTD,491.65,493.70,483.30,483.30,491.10,-1.59,10.40,2.12,0.11,625258,305357129.25,24404
2026-09-23 00:00:00,BLEL,BEHARI LAL ENGINEERING L,473.80,476.00,463.55,469.60,469.05,0.12,12.45,2.63,1.01,625105,294019163.00,20151
2026-09-23 00:00:00,V2RETAIL,V2 RETAIL LIMITED,213.18,216.90,212.49,215.63,213.18,1.15,4.41,2.07,0.00,622820,133798942.77,11931
2026-09-23 00:00:00,HARDWYN,HARDWYN INDIA LIMITED,9.10,9.28,9.05,9.22,9.09,1.43,0.23,2.53,0.11,619192,5664065.76,677
2026-09-23 00:00:00,RAJRATAN,RAJRATAN GLOBAL WIRE LTD,452.00,500.00,452.00,483.20,450.20,7.33,48.00,10.62,0.40,618194,300306487.75,26203
2026-09-23 00:00:00,INDIAGLYCO,INDIA GLYCOLS LTD,255.60,262.70,253.00,257.70,253.60,1.62,9.70,3.79,0.79,615316,158988949.20,10211
2026-09-23 00:00:00,TVSSCS,TVS SUPPLY CHAIN SOL L,132.02,134.45,131.72,132.48,132.31,0.13,2.73,2.07,-0.22,614308,81580085.78,8695
2026-09-23 00:00:00,SHILPAMED,SHILPA MEDICARE LTD,1040.00,1054.00,1010.00,1037.70,1033.15,0.44,44.00,4.23,0.66,613628,634908215.50,37996
2026-09-23 00:00:00,HLEGLAS,HLE GLASCOAT LIMITED,433.00,459.95,422.45,446.85,445.75,0.25,37.50,8.66,-2.86,611311,268054531.75,18899
2026-09-23 00:00:00,CEIGALL,CEIGALL INDIA LIMITED,379.05,396.00,377.00,388.85,377.20,3.09,19.00,5.01,0.49,610450,238028376.25,13155
2026-09-23 00:00:00,CAPILLARY,CAPILLARY TECHNO INDIA L,550.95,563.50,541.15,545.55,547.10,-0.28,22.35,4.06,0.70,607870,334876817.20,19277
2026-09-23 00:00:00,FINPIPE,FINOLEX INDUSTRIES LTD,152.95,155.95,152.05,154.16,152.94,0.80,3.90,2.55,0.01,604745,93044118.49,9952
2026-09-23 00:00:00,RUBICON,RUBICON RESEARCH LIMITED,1670.00,1682.50,1632.20,1674.80,1671.20,0.22,50.30,3.01,-0.07,600567,999251077.50,45681
2026-09-23 00:00:00,ARE&M,AMARA RAJA ENERGY MOB LTD,794.00,815.00,794.00,812.85,793.20,2.48,21.00,2.64,0.10,600363,484855155.85,24125
2026-09-23 00:00:00,BANKNIFTY1,KOTAKMAMC-KOTAKBKETF,58.66,58.89,58.50,58.68,58.40,0.48,0.39,0.66,0.45,600339,35274889.89,594
2026-09-23 00:00:00,BAJAJCON,BAJAJ CONSUMER CARE LTD,514.00,516.00,502.60,505.85,513.75,-1.54,13.40,2.61,0.05,599193,303634527.50,25871
2026-09-23 00:00:00,CARBORUNIV,CARBORUNDUM UNIVERSAL LTD,1217.50,1272.90,1212.50,1264.50,1211.30,4.39,60.40,4.96,0.51,597871,743599789.90,38043
2026-09-23 00:00:00,KRBL,KRBL LIMITED,388.00,409.60,387.85,404.85,389.90,3.83,21.75,5.61,-0.49,597218,241304152.85,17920
2026-09-23 00:00:00,GLENMARK,GLENMARK PHARMACEUTICALS,2472.00,2482.60,2453.60,2475.00,2461.40,0.55,29.00,1.17,0.43,597118,1476566465.20,37704
2026-09-23 00:00:00,MAFANG,MIRAEAMC - MAFANG,242.95,242.95,233.00,234.14,238.18,-1.70,9.95,4.10,2.00,597087,140592810.50,13999
2026-09-23 00:00:00,FINCABLES,FINOLEX CABLES LTD,1475.00,1488.40,1441.00,1470.20,1468.10,0.14,47.40,3.21,0.47,594101,871037179.70,31177
2026-09-23 00:00:00,GMDCLTD,GUJARAT MINERAL DEV CORP,557.00,561.85,554.70,556.70,563.65,-1.23,7.15,1.28,-1.18,588607,328341823.65,16439
2026-09-23 00:00:00,NORTHARC,NORTHERN ARC CAPITAL LTD,317.70,317.75,311.40,313.80,315.90,-0.66,6.35,2.00,0.57,587471,184703006.20,14867
2026-09-23 00:00:00,MEDICO,MEDICO REMEDIES LIMITED,34.15,34.74,31.82,32.65,33.96,-3.86,2.92,8.55,0.56,586464,19272301.19,4274
2026-09-23 00:00:00,SUNSHINE,SUNSHINE PICTURES LIMITED,441.00,456.00,437.35,441.45,440.40,0.24,18.65,4.23,0.14,585436,260009353.00,7992
2026-09-23 00:00:00,PARKHOSPS,PARK MEDI WORLD LIMITED,286.40,291.45,284.90,286.55,285.10,0.51,6.55,2.29,0.46,582522,167501268.45,11144
2026-09-23 00:00:00,INDIGO,INTERGLOBE AVIATION LTD,5026.00,5061.00,5000.00,5028.50,5030.00,-0.03,61.00,1.21,-0.08,581998,2931114862.00,49996
2026-09-23 00:00:00,KNRCON,KNR CONSTRU LTD.,120.25,122.30,120.20,121.77,120.04,1.44,2.10,1.75,0.17,581131,70548076.36,5931
2026-09-23 00:00:00,DHAMPURSUG,DHAMPUR SUGAR MILLS LTD.,165.00,172.09,164.81,168.39,164.13,2.60,7.28,4.41,0.53,581058,98301439.61,12133
2026-09-23 00:00:00,MOCAPITAL,MOTILALAMC - MOCAPITAL,53.18,53.99,52.85,53.88,52.94,1.78,1.14,2.14,0.45,575974,30875725.64,2127
2026-09-23 00:00:00,KOPRAN,KOPRAN LTD,275.40,287.20,275.00,279.42,276.44,1.08,12.20,4.43,-0.38,573639,161747406.97,9899
2026-09-23 00:00:00,BSOFT,BIRLASOFT LIMITED,281.10,282.80,280.00,281.10,281.15,-0.02,2.80,1.00,-0.02,572371,160921910.20,10538
2026-09-23 00:00:00,RAILTEL,RAILTEL CORP OF IND LTD,264.10,270.00,263.30,268.75,263.90,1.84,6.70,2.54,0.08,570785,152347675.85,13275
2026-09-23 00:00:00,MOREALTY,MOTILALAMC - MOREALTY,86.54,87.85,86.41,87.24,86.08,1.35,1.44,1.66,0.53,568354,49614239.03,1414
2026-09-23 00:00:00,GVT&D,GE VERNOVA T&D INDIA LTD,4381.00,4433.00,4335.20,4417.00,4348.00,1.59,97.80,2.23,0.76,566900,2493683802.60,87820
2026-09-23 00:00:00,RADAAN,RADAAN MEDIAWORKS (I) LTD,2.87,3.44,2.52,3.13,2.87,9.06,0.92,32.06,0.00,566770,1795861.18,613
2026-09-23 00:00:00,RAMBHAJO,ADVIT JEWELS LIMITED,283.68,294.89,281.77,286.10,284.10,0.70,13.12,4.62,-0.15,564484,162653795.01,9158
2026-09-23 00:00:00,GKSL,GUJARAT KIDNEY N SUP SP L,176.03,180.45,175.00,177.71,175.17,1.45,5.45,3.10,0.49,561223,100190449.31,8120
2026-09-23 00:00:00,NITCO,NITCO LIMITED,91.90,93.00,91.44,92.38,91.89,0.53,1.56,1.70,0.01,561111,51585081.06,2944
2026-09-23 00:00:00,JBMA,JBM AUTO LIMITED,593.50,610.35,593.50,601.80,593.15,1.46,16.85,2.84,0.06,559877,337600322.05,23838
2026-09-23 00:00:00,YATHARTH,YATHARTH HOSP & TRA C S L,1132.00,1170.00,1123.90,1162.20,1129.10,2.93,46.10,4.07,0.26,551293,633022601.40,31501
2026-09-23 00:00:00,NETWEB,NETWEB TECH INDIA LTD,4839.50,4845.00,4700.00,4736.00,4817.00,-1.68,145.00,3.00,0.47,549732,2621897763.50,43870
2026-09-23 00:00:00,INTELLECT,INTELLECT DESIGN ARENA,648.20,674.35,642.90,668.05,647.75,3.13,31.45,4.85,0.07,549685,363148574.05,28879
2026-09-23 00:00:00,SANDUMA,SANDUR MANG & IRON ORES L,183.99,190.09,183.24,188.06,183.24,2.63,6.85,3.72,0.41,548326,102907610.78,10758
2026-09-23 00:00:00,BLACKBUCK,BLACKBUCK LIMITED,628.75,630.25,614.10,616.05,620.35,-0.69,16.15,2.57,1.35,548088,340090392.50,22762
2026-09-23 00:00:00,PGEL,PG ELECTROPLAST LTD,522.85,527.50,519.00,521.15,520.20,0.18,8.50,1.63,0.51,546381,285922489.00,10696
2026-09-23 00:00:00,SANSERA,SANSERA ENGINEERING LTD,4589.10,4743.50,4530.00,4621.40,4586.50,0.76,213.50,4.65,0.06,546223,2535170527.50,95001
2026-09-23 00:00:00,CORDSCABLE,CORDS CABLE INDUS LTD.,398.00,406.95,342.35,369.65,382.90,-3.46,64.60,16.23,3.94,545284,207318703.55,18103
2026-09-23 00:00:00,GROWWMETAL,GROWWAMC - GROWWMETAL,12.36,12.67,12.36,12.60,12.36,1.94,0.31,2.51,0.00,542690,6822379.00,1074
2026-09-23 00:00:00,SHK,S H KELKAR AND CO. LTD.,138.88,146.65,138.88,144.45,138.28,4.46,7.77,5.59,0.43,536940,76877425.57,8886
2026-09-23 00:00:00,IMAGICAA,IMAGICAAWORLD ENT LTD,52.87,53.50,52.05,52.84,52.40,0.84,1.45,2.74,0.90,536551,28330317.32,2525
2026-09-23 00:00:00,PIDILITIND,PIDILITE INDUSTRIES LTD,1575.10,1591.70,1575.10,1588.10,1572.70,0.98,16.60,1.05,0.15,536262,848787339.40,25089
2026-09-23 00:00:00,BLUEJET,BLUE JET HEALTHCARE LTD,589.95,594.75,578.30,585.75,587.30,-0.26,16.45,2.79,0.45,535536,312982351.55,27868
2026-09-23 00:00:00,ADVANCE,ADVANCE AGROLIFE LIMITED,107.59,121.30,107.59,119.37,108.14,10.38,13.71,12.74,-0.51,531664,61681377.10,6039
2026-09-23 00:00:00,BESTAGRO,BEST AGROLIFE LIMITED,18.35,18.93,18.35,18.59,18.34,1.36,0.58,3.16,0.05,530764,9871501.74,1683
2026-09-23 00:00:00,RADICO,RADICO KHAITAN LTD,4450.40,4614.10,4450.40,4601.90,4448.80,3.44,163.70,3.68,0.04,528324,2424785946.30,63981
2026-09-23 00:00:00,KRISHANA,KRISHANA PHOSCHEM LIMITED,192.00,193.00,186.21,188.15,189.55,-0.74,6.79,3.54,1.29,526685,99410974.97,7318
2026-09-23 00:00:00,PARAS,PARAS DEF AND SPCE TECH L,1383.80,1411.00,1362.10,1381.20,1375.50,0.41,48.90,3.53,0.60,526157,727617974.60,28546
2026-09-23 00:00:00,IGIL,INTL GEMOLOGICAL INST LTD,328.90,333.80,324.00,331.65,326.95,1.44,9.80,2.98,0.60,525286,172387295.25,22547
2026-09-23 00:00:00,CYIENTDLM,CYIENT DLM LIMITED,917.70,968.00,915.00,963.50,917.20,5.05,53.00,5.78,0.05,523966,497607823.25,28024
2026-09-23 00:00:00,GROWWNIFTY,GROWWAMC - GROWWNIFTY,9.47,9.58,9.41,9.51,9.47,0.42,0.17,1.80,0.00,521396,4944410.08,4304
2026-09-23 00:00:00,BIRLACABLE,BIRLA CABLE LIMITED,375.20,385.25,358.05,361.90,375.25,-3.56,27.20,7.25,-0.01,519169,189971731.55,13691
2026-09-23 00:00:00,UNIECOM,UNICOMMERCE ESOLUTIONS L,85.24,86.30,82.97,83.26,86.32,-3.54,3.33,3.91,-1.25,516602,43433379.52,6381
2026-09-23 00:00:00,MEDIASSIST,MEDI ASSIST HEALTH SER L,331.25,337.40,324.50,334.60,328.60,1.83,12.90,3.89,0.81,516290,169064389.85,9642
2026-09-23 00:00:00,CIFL,CAPITAL INDIA FINANCE LTD,20.65,24.29,20.65,21.34,21.27,0.33,3.64,17.63,-2.91,516089,11092724.59,1994
2026-09-23 00:00:00,GODREJCP,GODREJ CONSUMER PRODUCTS,871.50,883.65,871.50,879.75,873.60,0.70,12.15,1.39,-0.24,515092,453587447.05,12425
2026-09-23 00:00:00,CMLL,CALIBER MINING AND LOG L,495.00,513.30,483.95,504.65,490.90,2.80,29.35,5.93,0.84,514379,258662049.30,18090
2026-09-23 00:00:00,RAYMONDLSL,RAYMOND LIFESTYLE LIMITED,657.70,685.00,653.10,677.45,652.80,3.78,31.90,4.85,0.75,513403,346555865.20,25108
2026-09-23 00:00:00,SBILIFE,SBI LIFE INSURANCE CO LTD,1758.00,1770.10,1744.40,1760.00,1756.30,0.21,25.70,1.46,0.10,513341,902994370.20,21435
2026-09-23 00:00:00,NELCO,NELCO LTD,1012.10,1058.80,1012.10,1020.75,1011.75,0.89,46.70,4.61,0.03,511625,530183401.10,20300
2026-09-23 00:00:00,WHEELS,WHEELS INDIA LTD,2185.30,2320.50,2185.30,2240.30,2174.00,3.05,135.20,6.19,0.52,510095,1150811068.80,27725
2026-09-23 00:00:00,63MOONS,63 MOONS TECHNOLOGIES LTD,849.80,873.20,831.65,852.95,841.75,1.33,41.55,4.89,0.96,510000,435303408.55,24250
2026-09-23 00:00:00,INA,INSOLATION ENERGY LIMITED,94.00,94.01,90.95,91.47,92.56,-1.18,3.06,3.26,1.56,509267,46800264.53,4268
2026-09-23 00:00:00,ANDREWYU,ANDREW YULE & CO. LTD.,26.75,28.99,26.13,28.09,26.49,6.04,2.86,10.69,0.98,506185,14262319.41,3812
2026-09-23 00:00:00,NARMADA,NARMADA AGROBASE LIMITED,13.46,13.52,13.27,13.34,13.42,-0.60,0.25,1.86,0.30,505348,6766877.57,658
2026-09-23 00:00:00,AWFIS,AWFIS SPACE SOLUTIONS LTD,268.00,271.95,264.30,269.05,266.55,0.94,7.65,2.85,0.54,505043,135249200.50,11670
2026-09-23 00:00:00,RIR,RIR POWER ELECTRONICS L,191.37,193.00,188.00,189.75,191.56,-0.94,5.00,2.61,-0.10,501113,95226522.68,10222
2026-09-23 00:00:00,KLBRENG-B,KILBURN ENGINEERING LTD.,519.50,535.00,512.80,518.60,519.50,-0.17,22.20,4.27,0.00,500546,261888979.15,16926
2026-09-23 00:00:00,JAICORPLTD,JAI CORP LIMITED,94.40,97.80,94.40,96.73,94.25,2.63,3.40,3.60,0.16,498373,47915414.91,6528
2026-09-23 00:00:00,NAM-INDIA,NIPPON L I A M LTD,1153.30,1175.80,1153.30,1165.00,1159.00,0.52,22.50,1.95,-0.49,494842,578064265.50,17539
2026-09-23 00:00:00,JASH,JASH ENGINEERING LIMITED,585.50,594.40,575.25,588.95,584.75,0.72,19.15,3.27,0.13,492872,289670436.65,17573
2026-09-23 00:00:00,FMNL,FUTURE MKT NETWORKS LTD,8.49,8.64,8.01,8.10,8.43,-3.91,0.63,7.42,0.71,492846,3978022.87,685
2026-09-23 00:00:00,HAVELLS,HAVELLS INDIA LIMITED,1091.10,1098.00,1086.10,1096.50,1088.90,0.70,11.90,1.09,0.20,492115,538316410.90,29928
2026-09-23 00:00:00,SOLARA,SOLARA ACTIVE PHA SCI LTD,744.55,759.50,715.00,722.90,744.55,-2.91,44.50,5.98,0.00,491844,360971331.00,20826
2026-09-23 00:00:00,DIVISLAB,DIVI S LABORATORIES LTD,9330.00,9624.00,9312.50,9624.00,9352.00,2.91,311.50,3.34,-0.24,489382,4653361195.00,50350
2026-09-23 00:00:00,GIPCL,GUJ IND POW CO. LTD,187.36,195.08,185.69,191.64,186.92,2.53,9.39,5.01,0.24,488506,93217138.29,8166
2026-09-23 00:00:00,OMNI,OMNITECH ENGINEERING LTD,556.00,570.45,551.15,553.70,562.50,-1.56,19.30,3.47,-1.16,487489,272326374.40,20213
2026-09-23 00:00:00,TNPETRO,TAMILNADU PETROPRODUCTS L,129.00,130.39,127.83,128.98,129.00,-0.02,2.56,1.98,0.00,486120,62822104.45,11139
2026-09-23 00:00:00,PFS,PTC INDIA FIN SERV LTD,26.50,27.14,26.43,26.72,26.43,1.10,0.71,2.68,0.26,485229,13065175.81,4322
2026-09-23 00:00:00,URJA,URJA GLOBAL LIMITED,9.05,9.15,9.00,9.05,9.04,0.11,0.15,1.66,0.11,485177,4394038.77,1892
2026-09-23 00:00:00,SANATHAN,SANATHAN TEXTILES LIMITED,474.70,510.00,472.45,506.35,471.30,7.44,37.55,7.91,0.72,484976,244063793.20,14137
2026-09-23 00:00:00,CMSINFO,CMS INFO SYSTEMS LIMITED,234.62,237.50,233.00,234.12,234.62,-0.21,4.50,1.92,0.00,482023,113185284.29,12838
2026-09-23 00:00:00,PVRINOX,PVR INOX LIMITED,1329.30,1329.30,1292.40,1317.50,1334.80,-1.30,36.90,2.78,-0.41,481134,632309490.50,33903
2026-09-23 00:00:00,GHCLTEXTIL,GHCL TEXTILES LIMITED,134.89,137.00,134.25,134.61,133.92,0.52,2.75,2.04,0.72,479396,64943149.49,9971
2026-09-23 00:00:00,BLS,BLS INTL SERVS LTD,229.40,231.20,228.05,230.07,228.71,0.59,3.15,1.37,0.30,477976,109737756.66,11698
2026-09-23 00:00:00,KITEX,KITEX GARMENTS LTD,120.00,124.16,119.99,121.33,119.48,1.55,4.17,3.48,0.44,475593,57951173.21,5751
2026-09-23 00:00:00,TANLA,TANLA PLATFORMS LIMITED,489.45,502.70,487.30,500.40,485.35,3.10,15.40,3.15,0.84,473046,235468720.05,16573
2026-09-23 00:00:00,IT,KOTAKMAMC - KOTAKIT,31.75,31.76,31.27,31.43,31.78,-1.10,0.49,1.54,-0.09,472169,14893562.84,1285
2026-09-23 00:00:00,GEEKAYWIRE,GEEKAY WIRES LIMITED,32.85,33.98,31.10,33.25,32.73,1.59,2.88,8.77,0.37,471955,15449748.28,1725
2026-09-23 00:00:00,BOMDYEING,BOMBAY DYEING & MFG. CO L,109.99,113.72,109.71,111.52,109.58,1.77,4.01,3.65,0.37,471331,52494711.50,4934
2026-09-23 00:00:00,WELSPLSOL,WELSPUN SPECIALTY SOL L,53.18,54.28,53.00,53.59,53.06,1.00,1.28,2.41,0.23,468338,25125367.51,3903
2026-09-23 00:00:00,KFINTECH,KFIN TECHNOLOGIES LIMITED,897.00,917.35,895.50,911.95,898.00,1.55,21.85,2.44,-0.11,467472,424277627.10,16003
2026-09-23 00:00:00,SBICARD,SBI CARDS & PAY SER LTD,636.00,639.85,633.35,635.00,634.95,0.01,6.50,1.02,0.17,461549,293528004.05,28416
2026-09-23 00:00:00,SPCENET,SPACENET ENTERS IND LTD,3.35,3.44,3.28,3.39,3.29,3.04,0.16,4.78,1.82,460845,1554626.33,548
2026-09-23 00:00:00,EXCELSOFT,EXCELSOFT TECHNOLOGIES L,83.96,83.96,80.22,80.94,82.85,-2.31,3.74,4.45,1.34,457531,37376552.27,4166
2026-09-23 00:00:00,RADIANTCMS,RADIANT CASH MGMT SER LTD,35.24,35.99,33.62,35.54,35.24,0.85,2.37,6.73,0.00,455125,15958020.40,1944
2026-09-23 00:00:00,INNOVACAP,INNOVA CAPTAB LIMITED,1230.00,1353.50,1226.40,1297.60,1226.70,5.78,127.10,10.33,0.27,454203,589788464.20,39083
2026-09-23 00:00:00,WAAREERTL,WAAREE RENEWABLE TECH LTD,815.00,860.15,810.00,848.00,816.95,3.80,50.15,6.15,-0.24,453569,383603307.55,24262
2026-09-23 00:00:00,ANTHEM,ANTHEM BIOSCIENCES LTD,891.70,902.00,879.00,881.90,891.70,-1.10,23.00,2.58,0.00,452800,401479787.85,23695
2026-09-23 00:00:00,ACUTAAS,ACUTAAS CHEMICALS LIMITED,3209.10,3276.00,3167.00,3265.20,3213.70,1.60,109.00,3.40,-0.14,448482,1449672611.40,58372
2026-09-23 00:00:00,AEGISLOG,AEGIS LOGISTICS LIMITED,1416.00,1423.80,1388.10,1404.50,1424.50,-1.40,35.70,2.52,-0.60,447832,629816892.40,23997
2026-09-23 00:00:00,CSBBANK,CSB BANK LIMITED,334.40,337.50,332.75,336.40,334.95,0.43,4.75,1.42,-0.16,447626,150029222.20,19168
2026-09-23 00:00:00,RELIGARE,RELIGARE ENTER. LTD.,248.55,254.02,248.00,251.77,249.17,1.04,6.02,2.42,-0.25,447019,112248083.42,5460
2026-09-23 00:00:00,MOOILGAS,MOTILALAMC - MOOILGAS,11.37,11.37,10.95,11.06,11.51,-3.91,0.42,3.69,-1.22,444509,4921015.58,276
2026-09-23 00:00:00,FSL,FIRSTSOURCE SOLU. LTD.,267.00,271.75,267.00,267.85,269.50,-0.61,4.75,1.78,-0.93,443067,119121157.75,10802
2026-09-23 00:00:00,EIEL,ENVIRO INFRA ENGINEERS L,201.55,206.19,201.34,203.32,201.07,1.12,4.85,2.41,0.24,442187,89934213.90,8450
2026-09-23 00:00:00,LTFOODS,LT FOODS LIMITED,421.05,431.75,421.05,430.00,421.35,2.05,10.70,2.54,-0.07,440150,188573047.45,18332
2026-09-23 00:00:00,MAHSEAMLES,MAHARASHTRA SEAMLESS LTD,700.00,729.35,696.65,702.75,697.35,0.77,32.70,4.67,0.38,439951,311264773.60,19092
2026-09-23 00:00:00,PNGJL,P N GADGIL JEWELLERS LTD,598.40,611.00,593.70,605.00,598.40,1.10,17.30,2.89,0.00,438608,264752443.80,21379
2026-09-23 00:00:00,SAREGAMA,SAREGAMA INDIA LIMITED,505.00,517.20,500.00,507.00,503.35,0.73,17.20,3.41,0.33,438443,224017732.85,18860
2026-09-23 00:00:00,BAJAJHCARE,BAJAJ HEALTHCARE LIMITED,337.00,357.00,337.00,352.70,336.10,4.94,20.00,5.93,0.27,438116,153732539.30,14032
2026-09-23 00:00:00,SETL,STANDARD ENGNG TCNLGY LTD,402.50,415.55,402.00,407.00,402.55,1.11,13.55,3.37,-0.01,437953,178897385.00,8742
2026-09-23 00:00:00,AEROENTER,AEROFLEX ENTERPRISES LTD,124.75,127.99,123.32,126.51,123.60,2.35,4.67,3.74,0.93,436225,55043528.83,7356
2026-09-23 00:00:00,AKUMS,AKUMS DRUGS AND PHARMA L,810.00,838.80,810.00,823.30,807.90,1.91,28.80,3.56,0.26,434249,359518605.65,27853
2026-09-23 00:00:00,RITES,RITES LIMITED,205.90,206.18,202.40,204.05,203.60,0.22,3.78,1.84,1.13,433416,88359627.34,16349
2026-09-23 00:00:00,HAL,HINDUSTAN AERONAUTICS LTD,4810.00,4849.00,4802.00,4836.00,4800.00,0.75,47.00,0.98,0.21,432866,2090961928.70,27087
2026-09-23 00:00:00,ENERGY,MIRAEAMC - ENERGY,39.16,39.16,37.88,38.13,38.02,0.29,1.28,3.27,3.00,432395,16465769.28,791
2026-09-23 00:00:00,CENTRUM,CENTRUM CAPITAL LIMITED,21.85,21.85,20.91,21.21,21.43,-1.03,0.94,4.30,1.96,431850,9152598.63,793
2026-09-23 00:00:00,GCSL,GRETEX CORPORATE SERVICES,643.00,649.00,638.55,642.70,639.20,0.55,10.45,1.63,0.59,431390,278082178.80,4293
2026-09-23 00:00:00,GAUDIUMIVF,GAUDIUM IVF N WOMEN H L,109.12,119.40,109.12,117.69,111.35,5.69,10.28,9.42,-2.00,430439,49730067.35,4842
2026-09-23 00:00:00,BLSE,BLS E-SERVICES LIMITED,329.00,331.15,319.20,322.45,328.10,-1.72,11.95,3.63,0.27,430157,139443402.95,11192
2026-09-23 00:00:00,MOL,MEGHMANI ORGANICS LIMITED,61.53,62.45,61.31,61.63,61.45,0.29,1.14,1.85,0.13,430151,26577135.47,3574
2026-09-23 00:00:00,PRAKASH,PRAKASH INDUSTRIES LTD,119.30,120.40,118.51,119.79,119.12,0.56,1.89,1.58,0.15,429269,51338591.03,5285
2026-09-23 00:00:00,ADROITINFO,ADROIT INFOTECH LIMITED,12.54,14.29,12.41,13.53,12.17,11.18,1.88,14.99,3.04,428270,5744035.68,1521
2026-09-23 00:00:00,DMART,AVENUE SUPERMARTS LIMITED,3776.80,3868.10,3755.10,3834.80,3777.00,1.53,113.00,2.99,-0.01,426919,1635824287.70,30937
2026-09-23 00:00:00,JSLL,JEENA SIKHO LIFECARE LTD,517.40,528.90,516.20,524.30,515.40,1.73,12.70,2.45,0.39,426083,223182029.30,17445
2026-09-23 00:00:00,ASHOKA,ASHOKA BUILDCON LTD,111.50,113.09,111.30,112.80,111.96,0.75,1.79,1.61,-0.41,424088,47706803.10,4522
2026-09-23 00:00:00,GREENPLY,GREENPLY INDUSTRIES LTD,296.95,306.80,296.10,298.40,296.65,0.59,10.70,3.60,0.10,423550,127241257.80,14878
2026-09-23 00:00:00,APOLLOHOSP,APOLLO HOSPITALS ENTER. L,8875.00,9070.50,8865.00,9069.00,8835.50,2.64,205.50,2.32,0.45,419571,3768803213.50,43935
2026-09-23 00:00:00,SHYAMMETL,SHYAM METALICS AND ENGY L,1099.50,1124.80,1095.60,1105.80,1094.10,1.07,29.20,2.66,0.49,418859,465336086.40,22017
2026-09-23 00:00:00,MAHLOG,MAHINDRA LOGISTIC LIMITED,401.90,425.00,400.15,416.55,400.30,4.06,24.85,6.18,0.40,418086,174124687.15,14582
2026-09-23 00:00:00,JUBLINGREA,JUBILANT INGREVIA LIMITED,625.20,643.90,625.00,640.95,617.60,3.78,18.90,3.02,1.23,414480,264718556.10,19056
2026-09-23 00:00:00,TTL,T T LIMITED,7.02,7.50,7.02,7.26,7.29,-0.41,0.48,6.84,-3.70,413643,2995658.50,458
2026-09-23 00:00:00,ARSSBL,ANAND RATHI SH N STK BR L,502.00,521.80,497.70,510.80,496.25,2.93,24.10,4.80,1.16,413000,211085314.35,9757
2026-09-23 00:00:00,GESHIP,THE GE SHPG.LTD,1462.90,1489.10,1459.00,1483.80,1462.00,1.49,30.10,2.06,0.06,411769,608627788.50,36278
2026-09-23 00:00:00,CCCL,CONS. CONST. CONSORT LTD,13.89,13.89,13.06,13.26,13.60,-2.50,0.83,5.98,2.13,411657,5463815.91,1044
2026-09-23 00:00:00,GRASIM,GRASIM INDUSTRIES LTD,3138.00,3190.00,3127.10,3188.50,3128.20,1.93,62.90,2.00,0.31,411551,1302961088.70,32915
2026-09-23 00:00:00,ISFT,INTRASOFT TECH. LTD,104.90,114.95,104.02,107.63,104.02,3.47,10.93,10.42,0.85,410493,45191559.56,8546
2026-09-23 00:00:00,ALMONDZ,ALMONDZ GLOBAL SEC LTD,19.24,20.00,18.70,19.55,18.65,4.83,1.30,6.76,3.16,407792,7907602.79,951
2026-09-23 00:00:00,JAYBARMARU,JAY BHARAT MARUTI LTD,110.00,116.10,108.12,116.10,110.58,4.99,7.98,7.25,-0.52,407073,45261521.19,5550
2026-09-23 00:00:00,SERVOTECH,SERVOTECH REN POW SYS LTD,70.65,71.90,70.50,71.67,70.64,1.46,1.40,1.98,0.01,406657,29034459.44,4343
2026-09-23 00:00:00,DIGITIDE,DIGITIDE SOLUTIONS LTD,81.20,83.50,80.13,81.13,81.82,-0.84,3.37,4.15,-0.76,403826,32843082.52,5381
2026-09-23 00:00:00,COCHINSHIP,COCHIN SHIPYARD LIMITED,1388.00,1393.20,1369.10,1370.00,1388.90,-1.36,24.10,1.74,-0.06,402906,554470793.40,17056
2026-09-23 00:00:00,SAMHI,SAMHI HOTELS LIMITED,159.63,161.71,159.40,160.01,159.52,0.31,2.31,1.45,0.07,402854,64581553.99,7195
2026-09-23 00:00:00,KABRAEXTRU,KABRA EXTRUSION TECHNIK L,693.95,732.85,678.55,732.85,666.25,10.00,54.30,7.82,4.16,402751,287875467.80,15490
2026-09-23 00:00:00,GROWWNET,GROWWAMC - GROWWNET,11.21,11.57,11.05,11.15,11.11,0.36,0.52,4.64,0.90,402523,4481590.42,661
2026-09-23 00:00:00,AARTIIND,AARTI INDUSTRIES LTD,493.00,504.25,489.20,491.35,496.00,-0.94,15.05,3.05,-0.60,402389,199590957.90,14299
2026-09-23 00:00:00,CDSL,CENTRAL DEPO SER (I) LTD,1348.00,1359.50,1347.20,1351.10,1348.00,0.23,12.30,0.91,0.00,400345,542324800.60,18318
2026-09-23 00:00:00,ASIANPAINT,ASIAN PAINTS LIMITED,2469.00,2471.90,2448.20,2455.00,2448.50,0.27,23.70,0.96,0.84,398823,980566812.30,33351
2026-09-23 00:00:00,GENESYS,GENESYS INTL CORPN LTD,280.10,283.80,274.61,281.62,280.10,0.54,9.19,3.28,0.00,396510,110605058.59,6911
2026-09-23 00:00:00,KIRLOSENG,KIRLOSKAR OIL ENG LTD,2165.00,2240.00,2120.20,2219.50,2165.00,2.52,119.80,5.53,0.00,395759,860881749.50,35479
2026-09-23 00:00:00,GRANULES,GRANULES INDIA LIMITED,861.95,873.95,857.35,860.25,864.05,-0.44,16.60,1.93,-0.24,394983,340807176.80,18114
2026-09-23 00:00:00,CHAMBLFERT,CHAMBAL FERTILIZERS LTD,418.50,421.65,417.75,419.60,418.50,0.26,3.90,0.93,0.00,394631,165661348.55,17483
2026-09-23 00:00:00,BBOX,BLACK BOX LIMITED,815.00,834.50,803.00,809.85,810.05,-0.02,31.50,3.87,0.61,393313,321156992.60,24092
2026-09-23 00:00:00,IRISDOREME,IRIS CLOTHINGS LIMITED,66.86,67.00,65.51,66.26,66.24,0.03,1.49,2.23,0.94,392682,26094556.54,4725
2026-09-23 00:00:00,NIVABUPA,NIVA BUPA HEALTH INS CO L,80.83,80.83,79.92,80.23,80.83,-0.74,0.91,1.13,0.00,390877,31390174.74,7339
2026-09-23 00:00:00,OBEROIRLTY,OBEROI REALTY LIMITED,1842.10,1878.10,1831.00,1850.00,1845.60,0.24,47.10,2.56,-0.19,389012,721537386.80,41428
2026-09-23 00:00:00,PERSISTENT,PERSISTENT SYSTEMS LTD,5400.00,5413.00,5213.50,5240.00,5366.00,-2.35,199.50,3.69,0.63,388889,2049237120.00,33273
2026-09-23 00:00:00,ASMS,AVIO SMART MRKT STACK LTD,6.68,6.68,6.42,6.47,6.61,-2.12,0.26,3.89,1.06,388816,2532776.62,961
2026-09-23 00:00:00,AMAGI,AMAGI MEDIA LABS LIMITED,583.00,591.00,569.75,578.70,581.10,-0.41,21.25,3.64,0.33,388203,226638222.95,15942
2026-09-23 00:00:00,PIRAMALFIN,PIRAMAL FINANCE LIMITED,2200.00,2250.30,2199.90,2226.50,2206.70,0.90,50.40,2.29,-0.30,387676,859165914.40,34297
2026-09-23 00:00:00,SPLPETRO,SUPREME PETROCHEM LIMITED,868.25,899.00,860.55,882.20,864.75,2.02,38.45,4.43,0.40,387021,342841322.25,27420
2026-09-23 00:00:00,DHANBANK,DHANLAXMI BANK LIMITED,29.16,30.10,29.16,30.01,29.18,2.84,0.94,3.22,-0.07,385760,11454995.18,1996
2026-09-23 00:00:00,RPTECH,RASHI PERIPHERALS LIMITED,900.00,900.95,877.60,898.70,883.55,1.71,23.35,2.59,1.86,382200,341849405.70,19884
2026-09-23 00:00:00,SHRINGARMS,SHRINGAR HOU OF MANGALS L,211.43,212.85,209.60,210.22,208.56,0.80,3.25,1.54,1.38,381776,80372200.70,1869
2026-09-23 00:00:00,WABAG,VA TECH WABAG LTD,2075.00,2075.30,2027.00,2048.70,2072.10,-1.13,48.30,2.33,0.14,380343,777147017.50,24327
2026-09-23 00:00:00,JGCHEM,J.G.CHEMICALS LIMITED,615.00,637.00,612.75,621.55,610.35,1.84,24.25,3.94,0.76,380279,238806028.30,16553
2026-09-23 00:00:00,AVONMORE,AVONMORE CAP&MGT SERV LTD,12.87,13.88,12.81,13.48,12.87,4.74,1.07,8.31,0.00,375571,5060283.38,870
2026-09-23 00:00:00,TATAINVEST,TATA INVESTMENT CORP LTD,681.05,685.95,672.00,674.30,682.25,-1.17,13.95,2.05,-0.18,375242,253990005.30,13432
2026-09-23 00:00:00,MAZDOCK,MAZAGON DOCK SHIPBUIL LTD,2210.60,2225.00,2203.50,2211.50,2204.00,0.34,21.50,0.97,0.30,373859,827133402.20,18409
2026-09-23 00:00:00,RKFORGE,RAMKRISHNA FORGINGS LTD,714.00,723.05,705.50,710.20,716.25,-0.84,17.55,2.46,-0.31,373182,266307922.90,13176
2026-09-23 00:00:00,GATEWAY,GATEWAY DISTRIPARKS LTD,52.28,52.94,52.10,52.67,52.28,0.75,0.84,1.61,0.00,372655,19603439.22,2335
2026-09-23 00:00:00,PANORAMA,PANORAMA STUDIOS INTL. L,56.48,56.99,55.34,56.87,55.32,2.80,1.65,2.92,2.10,371956,21071455.23,2788
2026-09-23 00:00:00,KNACK,KNACK PACKAGING LIMITED,185.90,188.78,184.00,184.25,185.55,-0.70,4.78,2.57,0.19,370798,68920183.14,4601
2026-09-23 00:00:00,SUMICHEM,SUMITOMO CHEM INDIA LTD,459.95,468.00,455.40,464.20,457.50,1.46,12.60,2.74,0.54,370058,171370457.70,17778
2026-09-23 00:00:00,SYNGENE,SYNGENE INTERNATIONAL LTD,379.40,386.85,375.15,381.85,377.50,1.15,11.70,3.08,0.50,369046,141113494.35,12673
2026-09-23 00:00:00,DBEIL,DEEPAK BUILDERS & ENG I L,7.00,7.14,6.31,6.80,7.00,-2.86,0.83,11.86,0.00,368295,2517305.34,1038
2026-09-23 00:00:00,TITAGARH,TITAGARH RAIL SYSTEMS LTD,834.95,845.70,827.10,842.05,834.85,0.86,18.60,2.23,0.01,367272,307280238.00,15707
2026-09-23 00:00:00,GANDHAR,GANDHAR OIL REFINE IND L,269.00,274.00,266.50,268.40,269.05,-0.24,7.50,2.79,-0.02,365423,98638434.95,6156
2026-09-23 00:00:00,POCL,PONDY OXIDES & CHEM LTD,476.45,489.00,476.40,487.40,472.95,3.06,12.60,2.64,0.74,365156,177043280.35,12465
2026-09-23 00:00:00,WAAREEENER,WAAREE ENERGIES LIMITED,2505.10,2534.40,2500.00,2512.00,2494.80,0.69,34.40,1.37,0.41,364884,916998391.60,23367
2026-09-23 00:00:00,ARVINDFASN,ARVIND FASHIONS LIMITED,420.95,427.70,417.00,425.45,419.40,1.44,10.70,2.54,0.37,364577,153643199.30,14027
2026-09-23 00:00:00,INDOFARM,INDO FARM EQUIPMENT LTD,140.79,146.00,140.01,144.03,139.90,2.95,5.99,4.25,0.64,364454,52470521.18,5316
2026-09-23 00:00:00,DATAPATTNS,DATA PATTERNS INDIA LTD,4504.60,4516.00,4383.00,4422.40,4484.90,-1.39,133.00,2.95,0.44,361812,1606057703.30,34864
2026-09-23 00:00:00,MUNJALAU,MUNJAL AUTO IND. LTD.,104.80,108.97,104.66,107.27,104.80,2.36,4.31,4.11,0.00,361795,38801319.07,8883
2026-09-23 00:00:00,SALSTEEL,S.A.L. STEEL LTD.,82.95,85.02,81.72,85.02,80.98,4.99,3.30,3.98,2.43,359860,30248022.69,2037
2026-09-23 00:00:00,LCL,LOHIA CORP LIMITED,586.05,598.00,571.30,577.55,580.30,-0.47,26.70,4.56,0.99,359664,209610432.80,23349
2026-09-23 00:00:00,HYUNDAI,HYUNDAI MOTOR INDIA LTD,2110.80,2110.80,2077.00,2095.00,2101.00,-0.29,33.80,1.60,0.47,358724,750212446.90,29474
2026-09-23 00:00:00,SBCL,SHIVALIK BIMETAL CON. LTD,1143.30,1177.80,1130.10,1156.00,1126.90,2.58,47.70,4.17,1.46,358667,413755653.60,22165
2026-09-23 00:00:00,RANASUG,RANA SUGARS LTD.,14.11,14.39,14.01,14.06,14.11,-0.35,0.38,2.69,0.00,358493,5083238.08,1155
2026-09-23 00:00:00,GRAVITA,GRAVITA INDIA LIMITED,1571.00,1583.00,1554.50,1561.10,1564.90,-0.24,28.50,1.81,0.39,358210,559999281.00,31944
2026-09-23 00:00:00,APLAPOLLO,APL APOLLO TUBES LTD,2199.00,2204.00,2178.00,2195.00,2195.00,0.00,26.00,1.18,0.18,357496,782901682.80,23344
2026-09-23 00:00:00,SPIC,SPIC LTD,66.01,67.60,65.75,67.00,66.09,1.38,1.85,2.80,-0.12,356978,23761252.46,2975
2026-09-23 00:00:00,VPRPL,VISHNU PRAKASH R PUNGLI L,33.90,33.93,32.20,32.83,33.56,-2.18,1.73,5.10,1.01,356561,11819663.54,1907
2026-09-23 00:00:00,FRONTSP,FRONTIER SPRINGS LTD.,1175.40,1394.60,1175.40,1394.60,1162.20,20.00,219.20,18.65,1.14,353549,473411651.50,21247
2026-09-23 00:00:00,SCILAL,SHIPPING CORP OF ILA LTD,38.06,38.79,37.92,38.20,38.27,-0.18,0.87,2.29,-0.55,353501,13512764.38,1673
2026-09-23 00:00:00,MANKIND,MANKIND PHARMA LIMITED,2475.10,2493.00,2458.10,2465.00,2480.00,-0.60,34.90,1.41,-0.20,352575,871447766.80,25765
2026-09-23 00:00:00,AAREYDRUGS,AAREY DRUGS & PHARM LTD,102.37,103.90,100.85,102.63,102.52,0.11,3.05,2.98,-0.15,352115,36317377.49,1184
2026-09-23 00:00:00,HINDOILEXP,HINDUSTAN OIL EXPLORATION,174.43,178.63,173.00,173.58,174.83,-0.71,5.63,3.23,-0.23,350306,61355575.89,6840
2026-09-23 00:00:00,EPACK,EPACK DURABLE LIMITED,182.00,186.90,181.51,184.82,181.55,1.80,5.39,2.96,0.25,348177,64362982.82,6074
2026-09-23 00:00:00,GOPAL,GOPAL SNACKS LIMITED,260.00,274.75,257.00,262.45,258.35,1.59,17.75,6.83,0.64,345990,91152762.60,18177
2026-09-23 00:00:00,VGL,VARVEE GLOBAL LIMITED,69.60,72.50,69.17,70.63,68.34,3.35,3.33,4.78,1.84,345260,24294068.35,1636
2026-09-23 00:00:00,MONIFTY500,MOTILALAMC - MONIFTY500,24.02,24.02,23.38,23.52,23.44,0.34,0.64,2.66,2.47,342348,8048810.24,841
2026-09-23 00:00:00,HERITGFOOD,HERITAGE FOODS LTD,414.40,427.00,411.15,424.05,414.70,2.25,15.85,3.82,-0.07,338968,142041735.25,9408
2026-09-23 00:00:00,VGUARD,V-GUARD IND LTD.,320.50,320.50,314.30,316.40,320.50,-1.28,6.20,1.93,0.00,338894,107192837.50,14775
2026-09-23 00:00:00,IDEAFORGE,IDEAFORGE TECHNO LTD,730.00,738.00,718.00,720.45,741.40,-2.83,20.00,2.74,-1.54,337370,244795999.90,24170
2026-09-23 00:00:00,MIDHANI,MISHRA DHATU NIGAM LTD,415.00,421.90,414.50,416.20,415.20,0.24,7.40,1.78,-0.05,337218,140850068.40,11749
2026-09-23 00:00:00,ANANDRATHI,ANAND RATHI WEALTH LTD,2179.00,2190.00,2160.00,2169.20,2179.00,-0.45,30.00,1.38,0.00,336940,730702747.20,35266
2026-09-23 00:00:00,DEEPINDS,DEEP INDUSTRIES LIMITED,763.60,785.00,755.40,772.90,761.60,1.48,29.60,3.88,0.26,335966,259747450.00,18064
2026-09-23 00:00:00,ASTEC,ASTEC LIFESCIENCES LTD,772.50,788.40,750.10,757.45,794.50,-4.66,38.30,4.96,-2.77,335710,258664760.60,17438
2026-09-23 00:00:00,VERANDA,VERANDA LEARNING SOL LTD,230.00,237.00,227.04,231.50,230.13,0.60,9.96,4.33,-0.06,333658,77807066.09,6095
2026-09-23 00:00:00,REMSONSIND,REMSONS INDUSTRIES LTD,98.20,103.50,96.28,99.87,97.82,2.10,7.22,7.35,0.39,332855,33193266.95,4515
2026-09-23 00:00:00,HITECH,HI-TECH PIPES LIMITED,74.57,76.49,74.57,75.86,74.62,1.66,1.92,2.57,-0.07,331801,25089402.93,3461
2026-09-23 00:00:00,SHAKTIPUMP,SHAKTI PUMPS (I) LTD,470.00,479.75,470.00,476.80,469.10,1.64,9.75,2.07,0.19,331661,157990412.45,14792
2026-09-23 00:00:00,UNIDT,UNITED DRILLING TOOLS LTD,211.00,254.90,211.00,235.24,212.42,10.74,43.90,20.81,-0.67,330560,79064742.39,4432
2026-09-23 00:00:00,EUROPRATIK,EURO PRATIK SALES LIMITED,219.80,229.00,218.45,220.15,218.45,0.78,10.55,4.80,0.62,330401,73707485.60,8519
2026-09-23 00:00:00,DEEPAKFERT,DEEPAK FERTILIZERS & PETR,1349.90,1389.00,1349.80,1386.20,1340.40,3.42,39.20,2.90,0.71,330051,452712796.90,16492
2026-09-23 00:00:00,AGARWALEYE,DR AGARWALS HEALTH CARE L,494.45,498.70,484.80,494.80,493.05,0.35,13.90,2.81,0.28,329131,161664461.05,13880
2026-09-23 00:00:00,ASKAUTOLTD,ASK AUTOMOTIVE LIMITED,663.50,678.75,648.00,651.25,663.40,-1.83,30.75,4.63,0.02,327609,216669847.75,17444
2026-09-23 00:00:00,TIPSMUSIC,TIPS MUSIC LIMITED,665.00,682.50,660.00,670.50,661.80,1.31,22.50,3.38,0.48,326612,219869792.65,14381
2026-09-23 00:00:00,QPOWER,QUALITY POWER ELEC EQUP L,1509.00,1566.00,1509.00,1555.60,1491.60,4.29,57.00,3.78,1.17,326604,506047334.30,19343
2026-09-23 00:00:00,ICICIB22,ICICIPRAMC - BHARATIWIN,113.23,113.62,112.46,113.36,112.46,0.80,1.16,1.02,0.68,326462,36986282.58,1792
2026-09-23 00:00:00,ASHOKAMET,ASHOKA METCAST LIMITED,14.30,16.50,14.30,15.54,14.30,8.67,2.20,15.38,0.00,325089,5161465.89,1103
2026-09-23 00:00:00,MFSL,MAX FINANCIAL SERV LTD,1562.40,1563.50,1548.10,1562.90,1554.20,0.56,15.40,0.99,0.53,324133,504908081.40,17491
2026-09-23 00:00:00,KIMS,KRISHNA INST OF MED SCI L,791.70,802.45,791.25,798.05,789.80,1.04,11.20,1.41,0.24,323371,257917582.55,15548
2026-09-23 00:00:00,TARC,TARC LIMITED,130.66,131.00,128.70,129.65,130.66,-0.77,2.30,1.76,0.00,322713,41847067.86,3024
2026-09-23 00:00:00,SHREEJISPG,SHREEJI SHIPPING GLOBAL L,721.25,728.90,720.05,723.75,719.35,0.61,8.85,1.23,0.26,321372,233008461.40,5292
2026-09-23 00:00:00,RSYSTEMS,R SYS INTERNATIONAL LTD,242.04,246.79,239.12,239.60,239.45,0.06,7.67,3.17,1.08,320943,77518406.46,4814
2026-09-23 00:00:00,BERGEPAINT,BERGER PAINTS (I) LTD,459.70,462.00,455.30,459.75,452.60,1.58,6.70,1.46,1.57,320195,147172804.40,18094
2026-09-23 00:00:00,DEN,DEN NETWORKS LTD,26.26,26.96,26.26,26.84,26.26,2.21,0.70,2.67,0.00,319639,8539056.34,1356
2026-09-23 00:00:00,GLOBAL,GLOBAL EDUCATION LIMITED,134.20,135.60,131.00,134.45,132.23,1.68,4.60,3.43,1.49,318189,42581587.38,3331
2026-09-23 00:00:00,SONATSOFTW,SONATA SOFTWARE LTD,284.25,286.70,281.50,282.00,284.45,-0.86,5.20,1.83,-0.07,317370,89850662.85,7709
2026-09-23 00:00:00,VARROC,VARROC ENGINEERING LTD.,866.55,877.85,832.25,836.50,864.50,-3.24,45.60,5.26,0.24,317228,269299490.10,21530
2026-09-23 00:00:00,SOLARINDS,SOLAR INDUSTRIES (I) LTD,20050.00,20370.00,19625.00,19730.00,19890.00,-0.80,745.00,3.72,0.80,316329,6334557700.00,54574
2026-09-23 00:00:00,ANURAS,ANUPAM RASAYAN INDIA LTD,1200.10,1214.80,1188.10,1193.40,1197.90,-0.38,26.70,2.22,0.18,313061,376041301.90,29655
2026-09-23 00:00:00,NUVOCO,NUVOCO VISTAS CORP LTD,338.40,348.75,337.00,344.75,338.85,1.74,11.75,3.47,-0.13,312009,107482281.45,12094
2026-09-23 00:00:00,WARDINMOBI,WARDWIZARD INNO & MOB L,5.73,5.73,5.60,5.66,5.63,0.53,0.13,2.27,1.78,311648,1760939.72,806
2026-09-23 00:00:00,GROWWCAPM,GROWWAMC - GROWWCAPM,11.19,11.39,11.07,11.29,11.16,1.16,0.32,2.86,0.27,311014,3504947.11,740
2026-09-23 00:00:00,CYIENT,CYIENT LIMITED,1076.30,1087.70,1052.00,1072.20,1079.00,-0.63,35.70,3.32,-0.25,310466,333817058.30,28595
2026-09-23 00:00:00,BLBLIMITED,BLB LIMITED,16.50,17.44,16.15,17.33,16.22,6.84,1.29,7.82,1.73,310344,5280835.98,1266
2026-09-23 00:00:00,TNPL,TAMILNADU NEWSPRT & PAPER,142.05,147.70,142.05,144.37,142.56,1.27,5.65,3.98,-0.36,310131,44940627.12,3775
2026-09-23 00:00:00,WELENT,WELSPUN ENTERPRISES LTD.,783.40,789.85,770.40,774.00,783.75,-1.24,19.45,2.48,-0.04,310123,241650381.20,8495
2026-09-23 00:00:00,TORNTPHARM,TORRENT PHARMACEUTICALS L,4924.00,4992.00,4884.00,4985.00,4935.00,1.01,108.00,2.19,-0.22,309574,1533831017.00,23927
2026-09-23 00:00:00,SEIL,SHANTI EDU INITIATIVES L,194.54,198.88,192.00,197.86,191.74,3.19,6.88,3.54,1.46,309195,60658281.75,3012
2026-09-23 00:00:00,ASIANENE,ASIAN ENERGY SERVICES LTD,493.60,513.00,488.00,489.70,489.60,0.02,25.00,5.06,0.82,308700,154434845.65,11158
2026-09-23 00:00:00,ZEELEARN,ZEE LEARN LIMITED,6.94,6.99,6.11,6.84,6.81,0.44,0.88,12.68,1.91,308015,2063146.80,690
2026-09-23 00:00:00,SURYAROSNI,SURYA ROSHNI LTD,212.70,215.50,212.05,214.64,212.05,1.22,3.45,1.62,0.31,307551,65869431.56,7698
2026-09-23 00:00:00,GODREJPROP,GODREJ PROPERTIES LTD,1700.90,1720.00,1700.90,1707.60,1699.50,0.48,19.10,1.12,0.08,307495,526261934.00,17971
2026-09-23 00:00:00,HCL-INSYS,HCL INFOSYSTEMS LTD,10.94,11.10,10.73,10.93,10.79,1.30,0.37,3.38,1.39,306094,3353363.22,801
2026-09-23 00:00:00,CPPLUS,ADITYA INFOTECH LIMITED,3679.00,3831.90,3679.00,3831.90,3649.50,5.00,152.90,4.16,0.81,305859,1167621881.50,7254
2026-09-23 00:00:00,LTM,LTM LIMITED,4160.00,4190.60,4057.80,4085.00,4158.30,-1.76,132.80,3.19,0.04,305311,1253844308.90,26662
2026-09-23 00:00:00,TRITURBINE,TRIVENI TURBINE LIMITED,553.90,563.85,552.85,562.10,550.30,2.14,11.00,1.99,0.65,304911,170319663.95,41226
2026-09-23 00:00:00,HEROMOTOCO,HERO MOTOCORP LIMITED,5395.00,5448.50,5365.00,5394.00,5373.00,0.39,83.50,1.55,0.41,304703,1646169363.50,27642
2026-09-23 00:00:00,PENINLAND,PENINSULA LAND LIMITED,17.36,17.70,16.47,17.38,17.03,2.06,1.23,7.09,1.94,304151,5226415.37,797
2026-09-23 00:00:00,IVALUE,IVALUE INFOSOLUTIONS LTD,227.12,235.00,223.85,233.07,225.48,3.37,11.15,4.91,0.73,303178,70284541.28,5696
2026-09-23 00:00:00,VASWANI,VASWANI IND LTD,46.39,49.50,44.60,45.68,45.61,0.15,4.90,10.56,1.71,300339,14110141.78,3517
2026-09-23 00:00:00,QUADFUTURE,QUADRANT FUTURE TEK LTD,525.00,537.05,524.80,526.55,522.40,0.79,12.25,2.33,0.50,298871,158315000.20,10538
2026-09-23 00:00:00,SCHNEIDER,SCHNEIDER ELECTRIC INFRA,1220.00,1253.60,1205.10,1243.40,1214.20,2.40,48.50,3.98,0.48,298693,367587402.80,19484
2026-09-23 00:00:00,GROWWRAIL,GROWWAMC - GROWWRAIL,27.20,27.27,27.00,27.07,27.16,-0.33,0.27,0.99,0.15,297097,8058940.48,2017
2026-09-23 00:00:00,AUTOIND,AUTOLINE INDUSTRIES LTD,84.84,88.80,84.35,87.79,84.82,3.50,4.45,5.25,0.02,296038,25722587.11,3587
2026-09-23 00:00:00,ORIENTHOT,ORIENT HOTELS LTD,144.12,144.38,142.46,143.58,142.88,0.49,1.92,1.33,0.87,295043,42322754.33,2237
2026-09-23 00:00:00,UNICHEMLAB,UNICHEM LABORATORIES LTD,539.00,576.00,539.00,573.20,538.75,6.39,37.00,6.86,0.05,294887,167157646.35,12643
2026-09-23 00:00:00,RAJMET,RAJNANDINI METAL LIMITED,3.17,3.17,3.11,3.12,3.14,-0.64,0.06,1.89,0.96,293642,920920.28,634
2026-09-23 00:00:00,PROZONER,PROZONE REALTY LIMITED,51.50,52.99,50.76,52.19,52.23,-0.08,2.23,4.33,-1.40,291649,14997843.57,2483
2026-09-23 00:00:00,AXISCADES,AXISCADES TECH LTD,1905.00,1985.00,1900.00,1940.20,1891.10,2.60,85.00,4.46,0.74,291136,567252819.00,26300
2026-09-23 00:00:00,MOMENTUM50,MOTILALAMC - MOMENTUM50,53.89,54.07,53.65,54.00,53.53,0.88,0.42,0.78,0.67,290112,15625492.68,8483
2026-09-23 00:00:00,SIRCA,SIRCA PAINT INDIA LIMITED,405.90,416.30,405.00,414.40,404.60,2.42,11.30,2.78,0.32,289848,119547832.40,4416
2026-09-23 00:00:00,MGL,MAHANAGAR GAS LTD.,1068.00,1112.00,1068.00,1092.80,1067.30,2.39,44.00,4.12,0.07,289762,318304410.50,27195
2026-09-23 00:00:00,TRIVENI,TRIVENI ENGG. & INDS. LTD,239.50,246.90,238.80,242.35,239.55,1.17,8.10,3.38,-0.02,289387,70403024.10,6540
2026-09-23 00:00:00,PRAJIND,PRAJ INDUSTRIES LTD,318.00,324.80,318.00,320.15,317.55,0.82,6.80,2.14,0.14,289121,93021448.00,9034
2026-09-23 00:00:00,CSM,CSM TECHNOLOGIES LIMITED,105.15,108.27,102.80,103.93,105.15,-1.16,5.47,5.20,0.00,288893,30206279.68,3636
2026-09-23 00:00:00,CMRGREEN,CMR GREEN TECHNOLOGIES L,230.60,233.66,226.84,227.73,229.49,-0.77,6.82,2.96,0.48,287593,65981226.38,11669
2026-09-23 00:00:00,ANDHRAPAP,ANDHRA PAPER LIMITED,72.92,73.30,71.00,71.19,71.43,-0.34,2.30,3.15,2.09,286782,20559163.82,3661
2026-09-23 00:00:00,AJOONI,AJOONI BIOTECH LIMITED,3.17,3.29,3.17,3.28,3.16,3.80,0.12,3.79,0.32,286000,927276.75,409
2026-09-23 00:00:00,SHRIRAMPPS,SHRIRAM PROPERTIES LTD,71.00,73.48,71.00,72.69,71.03,2.34,2.48,3.49,-0.04,285463,20594574.92,2634
2026-09-23 00:00:00,RALLIS,RALLIS INDIA LTD,201.52,203.53,201.49,202.62,201.95,0.33,2.04,1.01,-0.21,285026,57712799.48,11890
2026-09-23 00:00:00,GICRE,GENERAL INS CORP OF INDIA,341.70,345.75,341.50,344.15,341.20,0.86,4.25,1.24,0.15,284469,97882989.25,10143
2026-09-23 00:00:00,DCMSIL,DCM SHRIRAM INTERNATNL L,70.78,77.46,70.01,77.46,70.42,10.00,7.45,10.53,0.51,281648,20906539.75,1393
2026-09-23 00:00:00,KHAICHEM,KHAITAN CHEM & FERT LTD,50.02,52.00,49.82,50.13,50.02,0.22,2.18,4.36,0.00,281525,14240528.74,2196
2026-09-23 00:00:00,GOCLCORP,GOCL CORPORATION LIMITED,407.75,413.80,389.15,392.75,411.05,-4.45,24.65,6.05,-0.80,281400,111484596.40,10711
2026-09-23 00:00:00,LUMAXTECH,LUMAX AUTO TECH LTD,2135.00,2190.00,2040.00,2044.90,2116.40,-3.38,150.00,7.03,0.88,280450,591527589.00,33794
2026-09-23 00:00:00,INDGN,INDEGENE LIMITED,594.80,602.20,587.25,598.40,592.10,1.06,14.95,2.51,0.46,279828,166472500.80,13723
2026-09-23 00:00:00,ORCHASP,ORCHASP LIMITED,1.38,1.43,1.34,1.37,1.37,0.00,0.09,6.52,0.73,279036,383273.37,374
2026-09-23 00:00:00,SOLARWORLD,SOLARWORLD ENERGY SOL LTD,139.39,142.55,137.80,138.52,139.46,-0.67,4.75,3.41,-0.05,278134,38837280.48,3850
2026-09-23 00:00:00,HDFCNIFBAN,HDFCAMC - HDFCNIFBAN,58.03,58.32,58.02,58.14,58.03,0.19,0.30,0.52,0.00,277775,16169758.98,344
2026-09-23 00:00:00,SUNDRMFAST,SUNDRAM FASTENERS LTD,1190.90,1199.80,1179.80,1185.40,1190.90,-0.46,20.00,1.68,0.00,277085,328626240.90,11183
2026-09-23 00:00:00,SUVEN,SUVEN LIFE SCIENCES LTD,337.00,343.95,336.80,341.85,335.45,1.91,7.15,2.12,0.46,276928,94654935.90,7196
2026-09-23 00:00:00,ROSSTECH,ROSSELL TECHSYS LIMITED,1494.50,1499.80,1425.00,1449.80,1494.10,-2.96,74.80,5.01,0.03,276498,402119517.40,24268
2026-09-23 00:00:00,INDRAMEDCO,INDRAPRASTHA MEDICAL CORP,359.50,379.95,358.95,374.60,360.95,3.78,21.00,5.84,-0.40,272880,101105673.80,7030
2026-09-23 00:00:00,FINOPB,FINO PAYMENTS BANK LTD,132.00,134.29,132.00,132.68,133.02,-0.26,2.29,1.73,-0.77,272069,36111485.22,3400
2026-09-23 00:00:00,TAKE,TAKE LIMITED,16.11,16.39,15.75,15.86,15.84,0.13,0.64,3.97,1.70,271857,4341305.88,649
2026-09-23 00:00:00,COLPAL,COLGATE PALMOLIVE LTD.,1869.00,1901.30,1863.30,1886.70,1869.00,0.95,38.00,2.03,0.00,271591,513001771.60,14606
2026-09-23 00:00:00,ASTRAL,ASTRAL LIMITED,1388.90,1404.00,1383.00,1394.80,1381.60,0.96,21.00,1.51,0.53,271088,378872919.70,19598
2026-09-23 00:00:00,CRESTO,CRESTO TECHNO LIMITED,20.00,20.90,16.17,20.14,19.21,4.84,4.73,23.65,4.11,270186,5085241.09,1189
2026-09-23 00:00:00,JKPAPER,JK PAPER LIMITED,417.40,422.00,413.95,415.25,416.40,-0.28,8.05,1.93,0.24,268928,112344327.90,12856
2026-09-23 00:00:00,STEELCAS,STEELCAST LIMITED,350.85,361.00,346.55,359.70,350.15,2.73,14.45,4.12,0.20,268681,95413529.10,11312
2026-09-23 00:00:00,RRKABEL,R R KABEL LIMITED,2475.00,2519.60,2460.00,2476.70,2472.50,0.17,59.60,2.41,0.10,268514,668139217.30,28557
2026-09-23 00:00:00,GODIGIT,GO DIGIT GENERAL INS LTD,240.20,245.60,239.30,245.00,241.85,1.30,6.30,2.62,-0.68,267080,65005202.90,10152
2026-09-23 00:00:00,HDFCAMC,HDFC AMC LIMITED,2426.40,2454.00,2426.00,2448.30,2430.00,0.75,28.00,1.15,-0.15,266881,652854407.40,23068
2026-09-23 00:00:00,SAILIFE,SAI LIFE SCIENCES LIMITED,1606.90,1633.40,1600.20,1609.60,1600.50,0.57,33.20,2.07,0.40,265789,429000386.80,21694
2026-09-23 00:00:00,GKENERGY,GK ENERGY LIMITED,129.00,129.46,126.41,127.14,127.77,-0.49,3.05,2.36,0.96,264474,33709620.07,3447
2026-09-23 00:00:00,AXITA,AXITA COTTON LIMITED,8.01,8.06,7.99,8.00,7.99,0.13,0.07,0.87,0.25,264291,2115610.20,405
2026-09-23 00:00:00,GEOJITFSL,GEOJIT FINANCIAL SER L,80.80,83.12,80.80,81.98,80.64,1.66,2.32,2.87,0.20,263464,21622882.83,2693
2026-09-23 00:00:00,JTEKTINDIA,JTEKT INDIA LIMITED,117.80,122.06,117.80,119.99,116.49,3.00,4.26,3.62,1.12,262966,31640679.42,3488
2026-09-23 00:00:00,ASAHIINDIA,ASAHI INDIA GLASS LIMITED,962.00,985.15,957.25,971.30,965.15,0.64,27.90,2.90,-0.33,262585,254284548.65,9522
2026-09-23 00:00:00,CANHLIFE,CANARA HSBC LIFE INS CO L,152.98,154.24,150.50,151.63,153.40,-1.15,3.74,2.44,-0.27,262543,39929741.82,6246
2026-09-23 00:00:00,ACI,ARCHEAN CHEMICAL IND LTD,466.90,478.00,463.05,474.60,463.05,2.49,14.95,3.20,0.83,262279,123978255.15,10056
2026-09-23 00:00:00,CHEMICAL,KOTAKMAMC - CHEMICAL,29.66,29.79,29.48,29.56,29.45,0.37,0.31,1.05,0.71,260675,7718171.72,816
2026-09-23 00:00:00,GOKULAGRO,GOKUL AGRO RESOURCES LTD,220.12,229.00,220.12,225.81,221.15,2.11,8.88,4.03,-0.47,260169,58713367.19,8719
2026-09-23 00:00:00,JAGRAN,JAGRAN PRAKASHAN LIMITED,62.89,64.00,62.11,63.41,62.44,1.55,1.89,3.01,0.72,259841,16383447.83,1976
2026-09-23 00:00:00,RATEGAIN,RATEGAIN TRAVEL TECHN LTD,841.30,853.95,828.30,851.80,837.50,1.71,25.65,3.05,0.45,259610,218973394.20,20181
2026-09-23 00:00:00,ACE,ACTION CONST EQUIP LTD,1242.10,1259.10,1225.00,1253.90,1241.90,0.97,34.10,2.75,0.02,259422,323958733.70,22176
2026-09-23 00:00:00,RELAXO,RELAXO FOOT LTD.,293.70,300.95,293.60,298.30,292.65,1.93,7.35,2.50,0.36,258882,77200270.60,10613
2026-09-23 00:00:00,CHOICEIN,CHOICE INTERNATIONAL LTD,757.85,757.85,750.50,751.85,760.90,-1.19,7.35,0.97,-0.40,258470,194533269.10,6152
2026-09-23 00:00:00,EFCIL,EFC (I) LIMITED,179.47,184.00,176.50,183.08,177.99,2.86,7.50,4.18,0.83,258227,46633017.22,5140
2026-09-23 00:00:00,BOROSCI,BOROSIL SCIENTIFIC LTD,119.50,121.01,117.00,117.74,119.81,-1.73,4.01,3.36,-0.26,257217,30529730.59,2419
2026-09-23 00:00:00,FRACTAL,FRACTAL ANALYTICS LIMITED,763.00,768.80,756.50,761.65,761.40,0.03,12.30,1.61,0.21,256784,195745024.75,13742
2026-09-23 00:00:00,WANBURY,WANBURY LIMITED,222.70,241.75,222.65,233.10,222.70,4.67,19.10,8.58,0.00,256087,59689057.50,5920
2026-09-23 00:00:00,GOKEX,GOKALDAS EXPORTS LTD.,698.00,717.20,698.00,710.25,695.05,2.19,19.20,2.75,0.42,255593,181922325.00,18604
2026-09-23 00:00:00,GROWWRLTY,GROWWAMC - GROWWRLTY,9.76,9.82,9.64,9.74,9.56,1.88,0.18,1.84,2.09,255255,2490717.88,460
2026-09-23 00:00:00,ANTGRAPHIC,ANTARCTICA LTD,0.72,0.73,0.71,0.73,0.71,2.82,0.02,2.78,1.41,254770,183681.72,139
2026-09-23 00:00:00,UTLSOLAR,FUJIYAMA POWER SYSTEMS L,438.00,461.00,431.00,446.10,434.60,2.65,30.00,6.85,0.78,253333,111464349.90,14447
2026-09-23 00:00:00,CENTEXT,CENTURY EXTRUSIONS LTD,18.63,18.90,18.25,18.79,18.63,0.86,0.65,3.49,0.00,252857,4720932.74,826
2026-09-23 00:00:00,ELGIEQUIP,ELGI EQUIPMENTS LTD,608.90,619.80,606.10,614.70,608.95,0.94,13.70,2.25,-0.01,252822,155347187.25,17277
2026-09-23 00:00:00,BALAMINES,BALAJI AMINES LIMITED,2154.80,2280.20,2145.00,2271.20,2138.90,6.19,135.20,6.27,0.74,252681,564737006.40,25533
2026-09-23 00:00:00,MOMSBELIEF,RAYS OF BELIEF LIMITED,228.85,239.00,224.02,227.70,228.33,-0.28,14.98,6.55,0.23,252520,58996723.27,3654
2026-09-23 00:00:00,RSL,RAJPUTANA STAINLESS LTD,187.00,192.65,183.33,184.02,187.27,-1.74,9.32,4.98,-0.14,251660,46910355.23,7482
2026-09-23 00:00:00,DEEDEV,DEE DEVELOPMENT ENG LTD,690.00,721.90,690.00,711.15,691.80,2.80,31.90,4.62,-0.26,250940,178417912.70,13180
2026-09-23 00:00:00,HDFCMID150,HDFCAMC - HDFCMID150,23.20,23.29,23.14,23.25,23.16,0.39,0.15,0.65,0.17,250079,5805187.01,957
2026-09-23 00:00:00,JINDRILL,JINDAL DRILLING IND. LTD,588.90,609.00,584.00,606.80,587.65,3.26,25.00,4.25,0.21,247992,148241846.65,10513
2026-09-23 00:00:00,MCL,M TEK COPPER LIMITED,57.21,63.73,56.51,60.75,56.35,7.81,7.22,12.62,1.53,247844,15052953.62,3420
2026-09-23 00:00:00,SOTL,SAVITA OIL TECHNOLO. LTD,720.00,748.90,713.10,715.60,724.35,-1.21,35.80,4.97,-0.60,247265,180909220.45,10937
2026-09-23 00:00:00,ITI,ITI LTD,254.00,259.90,252.75,257.20,253.25,1.56,7.15,2.81,0.30,247138,63451713.75,6546
2026-09-23 00:00:00,GMMPFAUDLR,GMM PFAUDLER LIMITED,1470.90,1486.00,1425.60,1432.60,1462.30,-2.03,60.40,4.11,0.59,245810,356015808.40,21123
2026-09-23 00:00:00,BORORENEW,BOROSIL RENEWABLES LTD,476.90,482.75,472.80,475.00,474.70,0.06,9.95,2.09,0.46,244086,116383444.50,11814
2026-09-23 00:00:00,VISHWARAJ,VISHWARAJ SUGAR IND LTD,5.36,5.46,5.31,5.35,5.32,0.56,0.15,2.80,0.75,244083,1316388.27,699
2026-09-23 00:00:00,KMCSHIL,K M C SPECIALITY HOSP I L,160.60,165.00,159.91,162.20,159.61,1.62,5.09,3.17,0.62,244025,39482241.03,4552
2026-09-23 00:00:00,RAMRAT,RAM RATNA WIRES LIMITED,569.80,578.20,550.65,558.65,562.75,-0.73,27.55,4.84,1.25,243033,136521415.80,13149
2026-09-23 00:00:00,HUBTOWN,HUBTOWN LIMITED,175.00,180.39,175.00,177.35,175.61,0.99,5.39,3.08,-0.35,242204,43139801.33,3731
2026-09-23 00:00:00,GSPCROP,GSP CROP SCIENCE LIMITED,487.95,498.80,486.35,488.85,484.90,0.81,12.45,2.55,0.63,242198,119367187.50,3037
2026-09-23 00:00:00,CAPACITE,CAPACITE INFRAPROJECT LTD,195.49,199.74,194.60,198.25,194.73,1.81,5.14,2.63,0.39,242003,47657738.12,3632
2026-09-23 00:00:00,PRICOLLTD,PRICOL LIMITED,776.30,786.00,760.05,763.65,768.10,-0.58,25.95,3.34,1.07,240689,185259802.20,13316
2026-09-23 00:00:00,ATLASCYCLE,ATLAS CYCLE (HARYANA) LTD,97.15,108.00,97.15,100.46,93.55,7.39,10.85,11.17,3.85,239595,24665299.17,5011
2026-09-23 00:00:00,VETO,VETO SWITCHGEAR CABLE LTD,141.44,150.00,137.05,145.57,139.57,4.30,12.95,9.16,1.34,239302,34575477.19,3428
2026-09-23 00:00:00,VINNY,VINNY OVERSEAS LIMITED,0.93,0.93,0.91,0.92,0.92,0.00,0.02,2.15,1.09,238328,219887.36,213
2026-09-23 00:00:00,TMB,TAMILNAD MERCA BANK LTD,893.00,931.10,886.00,921.40,883.75,4.26,45.10,5.05,1.05,237718,216566836.05,15922
2026-09-23 00:00:00,GENCON,GENERIC ENG CONS PROJ LTD,39.16,40.29,39.11,39.31,39.84,-1.33,1.18,3.01,-1.71,237708,9490106.98,627
2026-09-23 00:00:00,LANCER,LANCER CONTAINER LINES L,11.90,11.95,11.70,11.78,11.69,0.77,0.25,2.10,1.80,237499,2802620.43,807
2026-09-23 00:00:00,RAMCOCEM,THE RAMCO CEMENTS LIMITED,883.75,889.65,878.00,885.05,883.50,0.18,11.65,1.32,0.03,237490,210101710.85,7545
2026-09-23 00:00:00,THOMASCOOK,THOMAS COOK (INDIA) LTD,104.60,106.16,104.60,105.12,104.85,0.26,1.56,1.49,-0.24,237088,24963300.22,2985
2026-09-23 00:00:00,IGPL,I G PETROCHEMICALS LTD,560.00,591.90,557.00,588.95,563.40,4.53,34.90,6.23,-0.60,237014,138491803.50,7410
2026-09-23 00:00:00,DALMIASUG,DALMIA BHARAT SUG IN LTD,389.00,411.60,388.15,407.75,388.10,5.06,23.45,6.03,0.23,236658,96003686.75,9920
2026-09-23 00:00:00,CCL,CCL PRODUCTS (I) LTD,1047.10,1053.90,1028.70,1043.20,1050.00,-0.65,25.20,2.41,-0.28,235839,244765681.20,18290
2026-09-23 00:00:00,CUMMINSIND,CUMMINS INDIA LTD,5000.00,5053.50,4928.00,5010.00,4962.50,0.96,125.50,2.51,0.76,235682,1180462639.00,32822
2026-09-23 00:00:00,AJMERA,AJMERA REALTY & INF I LTD,118.99,122.99,118.65,120.63,119.87,0.63,4.34,3.65,-0.73,235230,28615447.98,2773
2026-09-23 00:00:00,PRIVISCL,PRIVI SPECIALITY CHE LTD,3485.00,3497.00,3402.60,3483.80,3515.20,-0.89,94.40,2.71,-0.86,235188,812025851.90,44282
2026-09-23 00:00:00,LATENTVIEW,LATENT VIEW ANALYTICS LTD,250.55,255.00,250.30,253.40,250.55,1.14,4.70,1.88,0.00,235148,59504452.75,6695
2026-09-23 00:00:00,AUSTENG,AUSTIN ENGINEERING CO. L,174.80,178.00,163.15,164.19,162.85,0.82,14.85,8.50,7.34,234205,40295924.44,3987
2026-09-23 00:00:00,CHOLAHLDNG,CHOLAMANDALAM FIN HOL LTD,1460.10,1478.00,1446.00,1472.40,1459.60,0.88,32.00,2.19,0.03,233988,342891778.20,21437
2026-09-23 00:00:00,HDBFS,HDB FINANCIAL SERVICES L,674.00,678.15,669.80,670.80,674.55,-0.56,8.35,1.24,-0.08,233723,157119287.35,11311
2026-09-23 00:00:00,PRISMX,PRISMX GLOBAL VENTURES L,0.55,0.55,0.53,0.53,0.55,-3.64,0.02,3.64,0.00,233005,124556.59,116
2026-09-23 00:00:00,REFEX,REFEX INDUSTRIES LIMITED,291.95,292.80,285.05,286.65,291.00,-1.49,7.75,2.65,0.33,232580,67134663.10,4005
2026-09-23 00:00:00,EIDPARRY,EID PARRY INDIA LTD,695.70,708.20,692.55,701.40,695.55,0.84,15.65,2.25,0.02,231077,162142132.55,14587
2026-09-23 00:00:00,GOYALALUM,GOYAL ALUMINIUMS LIMITED,6.09,6.49,5.52,5.92,5.97,-0.84,0.97,15.93,2.01,230349,1360549.54,994
2026-09-23 00:00:00,LALPATHLAB,DR. LAL PATH LABS LTD.,1903.00,1930.00,1890.00,1924.30,1909.80,0.76,40.00,2.10,-0.36,230347,439587668.90,42768
2026-09-23 00:00:00,ALPINETEX,ALPINE TEXWORLD LIMITED,52.36,53.69,51.45,52.44,52.36,0.15,2.24,4.28,0.00,229195,11968208.22,2194
2026-09-23 00:00:00,SAKHTISUG,SAKTHI SUGARS LTD,18.30,18.95,18.10,18.23,18.30,-0.38,0.85,4.64,0.00,228906,4217672.34,687
2026-09-23 00:00:00,SAKAR,SAKAR HEALTHCARE LIMITED,1198.00,1229.85,1151.00,1162.65,1188.40,-2.17,78.85,6.58,0.81,228348,271680296.45,16465
2026-09-23 00:00:00,POLYCAB,POLYCAB INDIA LIMITED,8398.50,8454.00,8367.00,8417.00,8350.00,0.80,87.00,1.04,0.58,226275,1906155544.00,26269
2026-09-23 00:00:00,CRIZAC,CRIZAC LIMITED,178.56,180.85,175.80,176.50,177.03,-0.30,5.05,2.83,0.86,226048,40271856.78,4863
2026-09-23 00:00:00,AZAD,AZAD ENGINEERING LIMITED,2776.20,2804.10,2700.10,2713.20,2776.20,-2.27,104.00,3.75,0.00,225494,617343308.10,22087
2026-09-23 00:00:00,KPEL,K.P. ENERGY LIMITED,230.31,231.80,225.46,228.80,230.94,-0.93,6.34,2.75,-0.27,225215,51453906.26,6085
2026-09-23 00:00:00,SHALBY,SHALBY LIMITED,136.35,150.62,136.00,145.67,136.70,6.56,14.62,10.72,-0.26,224182,32229090.56,4584
2026-09-23 00:00:00,KSHINTL,KSH INTERNATIONAL LIMITED,1044.95,1083.00,1040.00,1046.80,1040.95,0.56,43.00,4.12,0.38,224075,236918506.50,17672
2026-09-23 00:00:00,CLEAN,CLEAN SCIENCE & TECH LTD,838.00,850.00,830.00,836.60,833.20,0.41,20.00,2.39,0.58,224043,188238437.85,14849
2026-09-23 00:00:00,AADHARHFC,AADHAR HOUSING FINANCE L,457.80,462.40,451.00,454.55,457.85,-0.72,11.40,2.49,-0.01,222625,101368338.45,8710
2026-09-23 00:00:00,LIBAS,LIBAS CONSU PRODUCTS LTD,12.85,12.85,12.01,12.09,12.58,-3.90,0.84,6.54,2.15,222387,2714432.68,291
2026-09-23 00:00:00,UTTAMSUGAR,UTTAM SUGAR MILLS LTD.,260.00,272.35,256.35,266.35,258.25,3.14,16.00,6.15,0.68,222196,59245965.50,5183
2026-09-23 00:00:00,NIFTYAXIS,AXISAMC-NIFTYAXIS,252.86,260.50,252.86,260.08,259.35,0.28,7.64,3.02,-2.50,221852,57623259.68,248
2026-09-23 00:00:00,UNIMECH,UNIMECH AEROSPACE N MFG L,1765.40,1777.00,1710.20,1716.10,1732.50,-0.95,66.80,3.78,1.90,221674,385833532.20,23318
2026-09-23 00:00:00,QUESS,QUESS CORP LIMITED,361.00,364.55,356.55,359.00,360.45,-0.40,8.00,2.22,0.15,220486,79513664.05,14936
2026-09-23 00:00:00,MARUTI,MARUTI SUZUKI INDIA LTD.,12240.00,12255.00,12106.00,12230.00,12190.00,0.33,149.00,1.22,0.41,220483,2687914221.00,34559
2026-09-23 00:00:00,MPHASIS,MPHASIS LIMITED,2265.00,2274.30,2229.90,2259.00,2265.00,-0.26,44.40,1.96,0.00,219169,492786192.60,16849
2026-09-23 00:00:00,METROPOLIS,METROPOLIS HEALTHCARE LTD,591.30,595.45,581.00,585.50,592.40,-1.16,14.45,2.44,-0.19,218722,128232061.75,14186
2026-09-23 00:00:00,DAMCAPITAL,DAM CAPITAL ADVISORS LTD,137.40,142.45,137.40,140.39,137.70,1.95,5.05,3.68,-0.22,218160,30576608.15,3721
2026-09-23 00:00:00,ULTRACEMCO,ULTRATECH CEMENT LIMITED,11050.00,11198.00,11044.00,11155.00,11000.00,1.41,154.00,1.39,0.45,218031,2427923282.00,22558
2026-09-23 00:00:00,HLVLTD,HLV LIMITED,6.44,6.71,6.33,6.59,6.40,2.97,0.38,5.90,0.63,217455,1440050.82,659
2026-09-23 00:00:00,CANFINHOME,CAN FIN HOMES LTD,761.00,767.40,753.75,757.95,759.55,-0.21,13.65,1.79,0.19,216630,165003267.70,7812
2026-09-23 00:00:00,ADVENZYMES,ADVANCED ENZYME TECH LTD,297.00,300.80,295.00,297.00,296.60,0.13,5.80,1.95,0.13,216525,64423414.05,5579
2026-09-23 00:00:00,MOMENTUM30,KOTAKMAMC - MOMENTUM30,30.87,30.87,30.14,30.53,30.93,-1.29,0.73,2.36,-0.19,215721,6582814.30,928
2026-09-23 00:00:00,JYOTHYLAB,JYOTHY LABS LIMITED,193.97,195.61,193.32,194.11,193.97,0.07,2.29,1.18,0.00,215274,41821004.27,7525
2026-09-23 00:00:00,KOHINOOR,KOHINOOR FOODS LIMITED,31.45,32.24,30.67,31.75,31.06,2.22,1.57,4.99,1.26,215225,6783958.53,3495
2026-09-23 00:00:00,DATAMATICS,DATAMATICS GLOBAL SER LTD,766.80,814.90,766.80,789.85,765.30,3.21,48.10,6.27,0.20,215120,171778974.30,10032
2026-09-23 00:00:00,EICHERMOT,EICHER MOTORS LTD,7468.50,7485.00,7414.00,7470.00,7427.00,0.58,71.00,0.95,0.56,215015,1602404293.00,29281
2026-09-23 00:00:00,ESSARSHPNG,ESSAR SHIPPING LTD,15.61,16.50,15.61,16.38,15.63,4.80,0.89,5.70,-0.13,214690,3498602.70,790
2026-09-23 00:00:00,AVANTIFEED,AVANTI FEEDS LIMITED,756.90,768.75,753.40,767.20,753.15,1.87,15.35,2.03,0.50,214188,163693217.75,14115
2026-09-23 00:00:00,ANDHRSUGAR,ANDHRA SUGARS LTD,95.73,97.30,94.92,95.20,95.35,-0.16,2.38,2.49,0.40,213868,20500046.12,6420
2026-09-23 00:00:00,CAMPUS,CAMPUS ACTIVEWEAR LIMITED,212.00,213.19,210.90,211.05,211.35,-0.14,2.29,1.08,0.31,212531,44964058.52,6904
2026-09-23 00:00:00,SAKSOFT,SAKSOFT LIMITED,145.00,149.01,144.36,147.79,144.36,2.38,4.65,3.21,0.44,212364,31242939.72,3771
2026-09-23 00:00:00,SINDHUTRAD,SINDHU TRADE LINKS LTD,24.01,24.27,23.77,23.96,24.11,-0.62,0.50,2.08,-0.41,211935,5084836.86,790
2026-09-23 00:00:00,NAVA,NAVA LIMITED,551.10,555.25,548.70,553.65,550.90,0.50,6.55,1.19,0.04,210862,116463323.60,20318
2026-09-23 00:00:00,NIFTYJBLK,JIOBLACKROCKAMC-NIFTYJBLK,12.28,12.28,11.95,12.02,11.99,0.25,0.33,2.69,2.42,210215,2526487.26,477
2026-09-23 00:00:00,SUDEEPPHRM,SUDEEP PHARMA LIMITED,1197.00,1210.00,1172.30,1199.60,1197.10,0.21,37.70,3.15,-0.01,209732,249935576.10,13259
2026-09-23 00:00:00,VIJAYA,VIJAYA DIAGNOSTIC CEN LTD,1510.00,1593.60,1505.70,1570.70,1516.00,3.61,87.90,5.82,-0.40,209302,327142395.50,24150
2026-09-23 00:00:00,SURAJEST,SURAJ ESTATE DEVELOPERS L,216.50,222.20,213.90,220.41,217.00,1.57,8.30,3.83,-0.23,208291,45593601.73,3809
2026-09-23 00:00:00,FOODSIN,FOODS & INNS LIMITED,53.03,54.19,53.03,53.41,53.83,-0.78,1.16,2.19,-1.49,207867,11129597.48,1066
2026-09-23 00:00:00,BRITANNIA,BRITANNIA INDUSTRIES LTD,4927.50,4965.00,4905.00,4929.00,4918.00,0.22,60.00,1.22,0.19,207441,1026256489.00,22494
2026-09-23 00:00:00,TALBROAUTO,TALBROS AUTO. COMP. LTD,474.70,482.60,465.15,466.90,475.30,-1.77,17.45,3.68,-0.13,206297,97333394.20,8726
2026-09-23 00:00:00,ASTRAMICRO,ASTRA MICROWAVE LTD,1612.10,1638.20,1591.80,1602.10,1616.30,-0.88,46.40,2.88,-0.26,206138,331913010.90,25015
2026-09-23 00:00:00,AVROIND,AVRO INDIA LIMITED,7.29,7.39,7.02,7.13,7.24,-1.52,0.37,5.08,0.69,205089,1466515.15,824
2026-09-23 00:00:00,ITDC,INDIA TOUR. DEV. CO. LTD.,705.20,714.75,690.35,702.65,705.75,-0.44,24.40,3.46,-0.08,204985,143358266.35,15645
2026-09-23 00:00:00,BEML,BEML LIMITED,2105.10,2134.00,2086.00,2095.40,2096.80,-0.07,48.00,2.28,0.40,204095,430307743.20,15980
2026-09-23 00:00:00,SUNDARAM,SUNDARAM MULTI PAP LTD,1.19,1.19,1.17,1.17,1.17,0.00,0.02,1.68,1.71,203956,240206.25,252
2026-09-23 00:00:00,SPORTKING,SPORTKING INDIA LIMITED,215.01,221.50,210.00,211.26,214.49,-1.51,11.50,5.35,0.24,203482,43978126.30,5807
2026-09-23 00:00:00,BANSALWIRE,BANSAL WIRE INDUSTRIES L,315.25,324.00,312.50,315.90,315.25,0.21,11.50,3.65,0.00,203102,64222301.20,3907
2026-09-23 00:00:00,GROWWEV,GROWWAMC - GROWWEV,31.41,31.75,31.30,31.50,31.41,0.29,0.45,1.43,0.00,202614,6391268.25,1284
2026-09-23 00:00:00,VAISHALI,VAISHALI PHARMA LIMITED,8.41,8.97,8.35,8.45,8.58,-1.52,0.62,7.37,-1.98,200416,1690724.87,415
2026-09-23 00:00:00,FMGOETZE,FEDERAL-MOGUL GOETZE (IND,448.50,459.50,445.10,453.55,446.75,1.52,14.40,3.21,0.39,200283,90941410.75,5640
2026-09-23 00:00:00,OMAXAUTO,OMAX AUTOS LTD,193.80,209.94,192.21,209.94,190.86,10.00,17.73,9.15,1.54,199826,40668321.52,1942
2026-09-23 00:00:00,ASHAPURMIN,ASHAPURA MINECHEM LTD,538.00,545.00,531.10,532.85,537.35,-0.84,13.90,2.58,0.12,199250,107078338.50,7916
2026-09-23 00:00:00,AARTIDRUGS,AARTI DRUGS LTD.,428.95,443.50,428.00,436.25,425.75,2.47,15.50,3.61,0.75,198653,86874293.85,10861
2026-09-23 00:00:00,PASHUPATI,PASHUPATI COTSPIN LIMITED,80.76,82.21,80.20,80.39,80.20,0.24,2.01,2.49,0.70,198559,15994003.24,4333
2026-09-23 00:00:00,LEMERITE,LE MERITE EXPORTS LIMITED,19.26,19.88,19.02,19.88,18.94,4.96,0.86,4.47,1.69,198181,3890001.57,418
2026-09-23 00:00:00,ORIENTELEC,ORIENT ELECTRIC LIMITED,165.81,171.90,165.80,168.08,166.54,0.92,6.10,3.68,-0.44,197695,33235830.00,6761
2026-09-23 00:00:00,BANKBETA,UTIAMC-BANKBETA,58.39,58.59,58.23,58.42,58.21,0.36,0.36,0.62,0.31,197155,11526900.63,208
2026-09-23 00:00:00,VAIBHAVGBL,VAIBHAV GLOBAL LIMITED,208.05,212.00,208.00,209.49,208.18,0.63,4.00,1.92,-0.06,196618,41281134.27,5476
2026-09-23 00:00:00,CEMPRO,CEMINDIA PROJECTS LIMITED,1327.00,1344.60,1305.10,1311.20,1319.30,-0.61,39.50,2.98,0.58,196274,259127520.60,16157
2026-09-23 00:00:00,CENTUM,CENTUM ELECTRONICS LTD,4887.00,4999.50,4760.10,4826.10,4858.70,-0.67,239.40,4.90,0.58,196068,956379650.00,36346
2026-09-23 00:00:00,AONETMMQ50,AONEAMC - AONETMMQ50,10.30,10.30,10.13,10.21,10.16,0.49,0.17,1.65,1.38,194288,1981194.93,223
2026-09-23 00:00:00,KAMOPAINTS,KAMDHENU VENTURES LIMITED,4.26,4.36,4.16,4.27,4.26,0.23,0.20,4.69,0.00,194143,827472.55,675
2026-09-23 00:00:00,A2ZINFRA,A2Z INFRA ENGINEERING LTD,14.73,15.19,14.65,14.79,14.73,0.41,0.54,3.67,0.00,192304,2851320.72,756
2026-09-23 00:00:00,DIXON,DIXON TECHNO (INDIA) LTD,13084.00,13250.00,13055.00,13200.00,13084.00,0.89,195.00,1.49,0.00,191704,2525229376.00,28890
2026-09-23 00:00:00,GRSE,GARDEN REACH SHIP&ENG LTD,2407.00,2415.30,2376.00,2380.60,2399.70,-0.80,39.30,1.63,0.30,190681,455339612.90,14862
2026-09-23 00:00:00,MASFIN,MAS FINANCIAL SERV LTD,289.50,290.05,283.10,284.50,289.35,-1.68,6.95,2.40,0.05,188916,53857527.10,6623
2026-09-23 00:00:00,AGI,AGI GREENPAC LIMITED,847.00,850.40,825.00,837.20,845.70,-1.01,25.40,3.00,0.15,188739,158166327.50,12996
2026-09-23 00:00:00,IKIO,IKIO TECHNOLOGIES LIMITED,206.80,212.00,205.42,207.89,205.98,0.93,6.58,3.18,0.40,188483,39353178.03,4735
2026-09-23 00:00:00,CHALET,CHALET HOTELS LIMITED,875.00,904.40,871.20,884.05,872.35,1.34,33.20,3.79,0.30,188427,168156351.45,18429
2026-09-23 00:00:00,DEFENCE,MIRAEAMC - DEFENCE,79.51,79.57,78.87,79.10,79.24,-0.18,0.70,0.88,0.34,188347,14897780.73,714
2026-09-23 00:00:00,DCXINDIA,DCX SYSTEMS LIMITED,163.50,166.37,163.50,164.73,163.50,0.75,2.87,1.76,0.00,187156,30854117.46,3476
2026-09-23 00:00:00,ABREL,ADITYA BIRLA REAL EST LTD,1197.30,1223.00,1197.30,1206.40,1201.10,0.44,25.70,2.15,-0.32,186515,225887480.00,21278
2026-09-23 00:00:00,PARKHOTELS,PARKHOTELS,108.00,108.67,105.51,106.29,107.75,-1.35,3.16,2.93,0.23,186387,19847987.61,2785
2026-09-23 00:00:00,ORIENTPPR,ORIENT PAPER AND INDS LTD,17.01,17.10,16.75,16.90,16.99,-0.53,0.35,2.06,0.12,185833,3147481.86,987
2026-09-23 00:00:00,MAPMYINDIA,C.E. INFO SYSTEMS LIMITED,923.90,935.80,894.80,906.80,922.00,-1.65,41.00,4.44,0.21,184879,169277636.90,9989
2026-09-23 00:00:00,LIKHITHA,LIKHITHA INFRASTRUC LTD,229.90,245.99,226.52,229.21,227.96,0.55,19.47,8.47,0.85,184606,43498059.16,3065
2026-09-23 00:00:00,SANSTAR,SANSTAR LIMITED,111.50,114.76,110.91,111.15,112.61,-1.30,3.85,3.45,-0.99,184575,20733005.41,2657
2026-09-23 00:00:00,DCMSRIND,DCM SHRIRAM IND LTD,37.60,38.43,37.60,38.01,37.87,0.37,0.83,2.21,-0.71,184417,7020439.29,1644
2026-09-23 00:00:00,WCIL,WESTERN CARRIERS (IND) L,95.98,98.18,94.54,97.33,95.14,2.30,3.64,3.79,0.88,183868,17879797.63,2372
2026-09-23 00:00:00,CARTRADE,CARTRADE TECH LIMITED,2910.00,3016.00,2910.00,3001.80,2907.90,3.23,106.00,3.64,0.07,183741,547781422.90,26576
2026-09-23 00:00:00,SIGNATURE,SIGNATUREGLOBAL INDIA LTD,767.30,780.95,766.00,768.75,763.10,0.74,14.95,1.95,0.55,183486,141949766.45,5580
2026-09-23 00:00:00,MOM100,MOTILAL OS MIDCAP100 ETF,68.54,68.54,65.19,67.29,66.87,0.63,3.35,4.89,2.50,183430,12328751.86,1758
2026-09-23 00:00:00,TANAA,TANEJA AEROSPACE & AVIA L,366.70,375.00,347.10,352.45,367.05,-3.98,27.90,7.61,-0.10,183283,66412481.20,8466
2026-09-23 00:00:00,PRSMJOHNSN,PRISM JOHNSON LIMITED,116.05,116.90,115.65,116.43,116.08,0.30,1.25,1.08,-0.03,181974,21170694.63,2674
2026-09-23 00:00:00,SHAILY,SHAILY ENG PLASTICS LTD,3172.20,3229.00,3151.00,3211.00,3168.80,1.33,78.00,2.46,0.11,181675,580163949.40,18971
2026-09-23 00:00:00,MANAKCOAT,MAN COAT METAL & IND LTD,132.50,134.99,131.01,131.99,132.67,-0.51,3.98,3.00,-0.13,181350,24101455.05,2871
2026-09-23 00:00:00,PREMEXPLN,PREMIER EXPLOSIVES LTD,675.90,676.85,668.60,675.15,674.25,0.13,8.25,1.22,0.24,180909,121785323.30,3355
2026-09-23 00:00:00,GVPIL,GE POWER INDIA LIMITED,685.00,694.05,666.00,686.30,673.10,1.96,28.05,4.09,1.77,180685,123211647.85,8218
2026-09-23 00:00:00,RUSHIL,RUSHIL DECOR LIMITED,16.67,17.28,16.67,16.78,16.70,0.48,0.61,3.66,-0.18,180245,3052528.94,545
2026-09-23 00:00:00,ANSALBU,ANSAL BUILDWELL LTD.,97.75,107.50,95.60,100.14,90.12,11.12,11.90,12.17,8.47,179538,18494062.11,2600
2026-09-23 00:00:00,MAMATA,MAMATA MACHINERY LIMITED,403.55,427.00,403.55,423.35,403.55,4.91,23.45,5.81,0.00,178742,75309307.00,6929
2026-09-23 00:00:00,BMWVENTLTD,BMW VENTURES LIMITED,52.49,52.83,50.55,51.20,51.92,-1.39,2.28,4.34,1.10,178615,9274108.88,1172
2026-09-23 00:00:00,ROTO,ROTO PUMPS LIMITED,62.85,63.63,62.50,63.13,62.80,0.53,1.13,1.80,0.08,177737,11212775.49,1844
2026-09-23 00:00:00,MAANALU,MAAN ALUMINIUM LIMITED,105.00,108.45,101.90,103.93,104.81,-0.84,6.55,6.24,0.18,177522,18551068.18,2258
2026-09-23 00:00:00,SKMEGGPROD,SKM EGG PROD EXPORT(I) LT,220.95,229.90,220.50,229.75,221.25,3.84,9.40,4.25,-0.14,176443,40220694.55,2882
2026-09-23 00:00:00,SUMEETINDS,SUMEET IND LIMITED,11.05,11.05,11.05,11.05,10.53,4.94,0.00,0.00,4.94,175844,1943076.20,75
2026-09-23 00:00:00,GODREJAGRO,GODREJ AGROVET LIMITED,654.00,674.95,653.90,670.05,653.90,2.47,21.05,3.22,0.02,175495,117102455.40,10341
2026-09-23 00:00:00,BRIGADE,BRIGADE ENTER. LTD,616.55,624.90,614.15,616.45,616.55,-0.02,10.75,1.74,0.00,175436,108537094.20,11832
2026-09-23 00:00:00,VISHAL,VISHAL FABRICS LTD.,18.08,18.40,18.05,18.18,18.19,-0.05,0.35,1.94,-0.60,175136,3185282.88,391
2026-09-23 00:00:00,OFSS,ORACLE FIN SERV SOFT LTD.,10989.00,11072.00,10801.00,10849.00,10989.00,-1.27,271.00,2.47,0.00,174209,1897645510.00,34574
2026-09-23 00:00:00,NAVINFLUOR,NAVIN FLUORINE INT. LTD,8490.00,8495.00,8360.00,8457.50,8438.00,0.23,135.00,1.59,0.62,173778,1461410339.00,22657
2026-09-23 00:00:00,NILAINFRA,NILA INFRASTRUCTURES LTD,6.66,6.88,6.66,6.82,6.66,2.40,0.22,3.30,0.00,173728,1183182.86,509
2026-09-23 00:00:00,NEOGEN,NEOGEN CHEMICALS LIMITED,2405.00,2423.90,2356.00,2392.10,2379.20,0.54,67.90,2.82,1.08,171733,411343482.50,27292
2026-09-23 00:00:00,SULA,SULA VINEYARDS LIMITED,135.48,138.38,135.48,137.76,135.48,1.68,2.90,2.14,0.00,171641,23563407.14,3669
2026-09-23 00:00:00,ICICIAMC,ICICI PRUDENTIAL AMC LTD,3151.90,3189.80,3150.40,3179.00,3151.20,0.88,39.40,1.25,0.02,171584,544741688.30,20393
2026-09-23 00:00:00,TGVSL,T G V SRAAC LTD.,106.92,109.35,106.10,108.55,107.45,1.02,3.25,3.04,-0.49,171548,18541624.26,2684
2026-09-23 00:00:00,ENRIN,SIEMENS ENERGY INDIA LTD,3235.00,3276.70,3206.00,3214.40,3235.00,-0.64,70.70,2.19,0.00,170478,551672579.00,25945
2026-09-23 00:00:00,CANTABIL,CANTABIL RETAIL LTD,239.90,241.00,235.81,238.55,238.85,-0.13,5.19,2.16,0.44,169647,40461595.41,2695
2026-09-23 00:00:00,ALKALI,ALKALI METALS LTD,103.80,103.90,98.12,101.63,103.20,-1.52,5.78,5.57,0.58,169113,17181891.65,2060
2026-09-23 00:00:00,GLAXO,GLAXOSMITHKLINE PHARMA LT,2859.60,2922.00,2839.90,2876.90,2873.60,0.11,82.10,2.87,-0.49,167009,483167888.10,11844
2026-09-23 00:00:00,IPL,INDIA PESTICIDES LIMITED,133.90,134.85,133.00,133.52,133.47,0.04,1.85,1.38,0.32,166962,22306615.39,2423
2026-09-23 00:00:00,MIDCAP,KOTAKMAMC - KOTAKMID50,18.39,18.49,18.26,18.31,18.22,0.49,0.23,1.25,0.93,166823,3053245.55,594
2026-09-23 00:00:00,NIITLTD,NIIT LIMITED,89.99,92.80,89.75,91.67,89.52,2.40,3.05,3.39,0.53,166415,15237346.53,2329
2026-09-23 00:00:00,SGMART,SG MART LIMITED,721.00,742.95,720.15,731.45,721.80,1.34,22.80,3.16,-0.11,166323,121741028.75,9908
2026-09-23 00:00:00,AVALON,AVALON TECHNOLOGIES LTD,2477.10,2488.80,2426.50,2445.60,2468.50,-0.93,62.30,2.52,0.35,165657,406577329.80,16878
2026-09-23 00:00:00,PNBGILTS,PNB GILTS LIMITED,76.26,77.79,76.00,76.33,76.23,0.13,1.79,2.35,0.04,165650,12689406.50,2239
2026-09-23 00:00:00,ENTERO,ENTERO HEALTHCARE SOLU L,1853.90,1867.00,1821.90,1842.50,1841.80,0.04,45.10,2.43,0.66,164838,303606182.30,17075
2026-09-23 00:00:00,TRACXN,TRACXN TECHNOLOGIES LTD,32.80,33.32,32.69,32.95,32.69,0.80,0.63,1.92,0.34,164668,5429911.36,3869
2026-09-23 00:00:00,PANAMAPET,PANAMA PETROCHEM LTD,481.10,490.90,474.05,480.70,481.25,-0.11,16.85,3.50,-0.03,164568,79717266.05,5329
2026-09-23 00:00:00,ORKLAINDIA,ORKLA INDIA LIMITED,573.00,578.55,556.00,557.45,569.25,-2.07,22.55,3.94,0.66,164395,93223298.20,10962
2026-09-23 00:00:00,SFL,SHEELA FOAM LIMITED,654.90,654.90,638.00,643.10,648.25,-0.79,16.90,2.58,1.03,164118,105468020.95,12918
2026-09-23 00:00:00,GOKUL,GOKUL REFOILS & SOLV LTD,40.59,41.39,39.62,40.42,40.40,0.05,1.77,4.36,0.47,163693,6713438.39,534
2026-09-23 00:00:00,KAJARIACER,KAJARIA CERAMICS LTD,1186.10,1224.00,1175.70,1216.40,1183.60,2.77,48.30,4.07,0.21,163666,197490749.60,17854
2026-09-23 00:00:00,HEMIPROP,HEMISPHERE PROP IND LTD,119.50,122.28,119.31,120.91,119.16,1.47,2.97,2.49,0.29,162616,19721821.69,2414
2026-09-23 00:00:00,ADVENTHTL,ADVENT HOTELS INTERNATI L,126.70,131.50,126.40,130.36,126.76,2.84,5.10,4.03,-0.05,162425,20943631.98,2459
2026-09-23 00:00:00,PITTIENG,PITTI ENGINEERING LIMITED,1121.90,1175.00,1121.90,1167.10,1121.90,4.03,53.10,4.73,0.00,162348,187583127.00,17388
2026-09-23 00:00:00,VSTIND,VST INDUSTRIES LTD,205.69,210.44,205.00,208.80,205.69,1.51,5.44,2.64,0.00,162276,33662510.37,3708
2026-09-23 00:00:00,SIMPLEXINF,SIMPLEX INFRASTRUCTURES L,256.80,265.00,255.00,256.40,256.30,0.04,10.00,3.89,0.20,161513,41776928.60,2956
2026-09-23 00:00:00,SHARDAMOTR,SHARDA MOTOR INDS LTD,990.00,1024.95,968.20,971.85,985.75,-1.41,56.75,5.73,0.43,161127,160065205.60,14923
2026-09-23 00:00:00,KUANTUM,KUANTUM PAPERS LIMITED,85.00,86.50,81.65,82.87,84.95,-2.45,4.85,5.71,0.06,160358,13465935.19,3024
2026-09-23 00:00:00,GLAND,GLAND PHARMA LIMITED,2913.00,2938.80,2888.10,2910.20,2916.60,-0.22,50.70,1.74,-0.12,160041,466810791.00,25282
2026-09-23 00:00:00,TATAELXSI,TATA ELXSI LIMITED,3220.00,3253.00,3210.00,3212.00,3220.00,-0.25,43.00,1.34,0.00,159930,516263057.00,14498
2026-09-23 00:00:00,KRN,KRN HEAT EXCHANGE N REF L,1440.00,1458.00,1407.00,1412.60,1420.10,-0.53,51.00,3.54,1.40,159649,228004543.50,19340
2026-09-23 00:00:00,IPCALAB,IPCA LABORATORIES LTD,1993.00,1999.40,1948.50,1962.60,1992.40,-1.50,50.90,2.55,0.03,159445,313560907.70,18623
2026-09-23 00:00:00,SARDAEN,SARDA ENERGY & MIN LTD,507.85,511.00,504.05,505.95,503.35,0.52,6.95,1.37,0.89,159141,80765448.85,8618
2026-09-23 00:00:00,BAJAJ-AUTO,BAJAJ AUTO LIMITED,11363.00,11425.00,11293.00,11400.00,11363.00,0.33,132.00,1.16,0.00,158704,1802608827.00,16705
2026-09-23 00:00:00,ONESOURCE,ONESOURCE SPECL PHARMA L,1595.00,1609.50,1587.90,1596.70,1587.90,0.55,21.60,1.35,0.45,158650,253813818.90,12741
2026-09-23 00:00:00,SDBL,SOM DIST & BREW LTD,67.31,68.25,67.31,67.89,67.45,0.65,0.94,1.40,-0.21,158194,10746199.05,1952
2026-09-23 00:00:00,VIPIND,VIP INDUSTRIES LTD,297.30,300.00,296.85,298.90,297.20,0.57,3.15,1.06,0.03,158141,47211880.25,6688
2026-09-23 00:00:00,TATACOMM,TATA COMMUNICATIONS LTD,1692.90,1708.70,1681.20,1700.60,1692.40,0.48,27.50,1.62,0.03,157911,267826094.30,19438
2026-09-23 00:00:00,FUSION,FUSION FINANCE LIMITED,184.60,186.90,183.03,184.20,183.60,0.33,3.87,2.10,0.54,157826,29148713.26,3256
2026-09-23 00:00:00,SURYODAY,SURYODAY SMALL FIN BK LTD,146.95,149.90,146.60,149.30,146.40,1.98,3.30,2.25,0.38,157818,23448089.87,2629
2026-09-23 00:00:00,VENUSPIPES,VENUS PIPES & TUBES LTD,2224.00,2297.80,2204.00,2235.50,2223.30,0.55,93.80,4.22,0.03,156866,352287950.10,17260
2026-09-23 00:00:00,GAYAHWS,GAYATRI HIGHWAYS LIMITED,1.92,1.92,1.87,1.88,1.90,-1.05,0.05,2.60,1.05,156707,296213.23,270
2026-09-23 00:00:00,TORNTPOWER,TORRENT POWER LTD,1247.10,1268.00,1247.10,1259.40,1246.30,1.05,20.90,1.68,0.06,156538,197342643.30,14623
2026-09-23 00:00:00,UGROCAP,UGRO CAPITAL LIMITED,82.64,85.70,82.64,84.29,82.74,1.87,3.06,3.70,-0.12,156479,13206538.45,2142
2026-09-23 00:00:00,CARRARO,CARRARO INDIA LIMITED,543.00,556.90,538.00,554.60,542.30,2.27,18.90,3.48,0.13,156054,85874165.35,8784
2026-09-23 00:00:00,ARTEMISMED,ARTEMIS MED SERVICE LTD,342.80,343.80,338.50,341.90,340.85,0.31,5.30,1.55,0.57,155838,53119935.30,6500
2026-09-23 00:00:00,INTERNET,MIRAEAMC - INTERNET,15.34,15.34,14.94,15.03,14.97,0.40,0.40,2.61,2.47,155530,2332779.35,209
2026-09-23 00:00:00,SUVIDHAA,SUVIDHAA INFOSERVE LTD,2.24,2.40,2.16,2.19,2.22,-1.35,0.24,10.71,0.90,155367,348962.21,233
2026-09-23 00:00:00,SANGHVIMOV,SANGHVI MOVERS LTD,438.20,444.20,435.00,441.75,438.80,0.67,9.20,2.10,-0.14,154318,67776162.30,5943
2026-09-23 00:00:00,SNOWMAN,SNOWMAN LOGISTICS LTD.,34.76,35.50,34.62,35.18,34.85,0.95,0.88,2.53,-0.26,154134,5398641.28,1406
2026-09-23 00:00:00,STAR,STRIDES PHARMA SCI LTD,1217.00,1242.20,1217.00,1223.30,1217.40,0.48,25.20,2.07,-0.03,153250,188454250.10,12742
2026-09-23 00:00:00,KDDL,KDDL LIMITED,3974.00,4270.00,3973.90,4251.90,3973.10,7.02,296.10,7.45,0.02,153006,639393248.80,20567
2026-09-23 00:00:00,THERMAX,THERMAX LTD,3460.10,3507.90,3445.10,3464.90,3472.20,-0.21,62.80,1.81,-0.35,153000,532319173.70,34598
2026-09-23 00:00:00,MINDACORP,MINDA CORPORATION LTD,687.05,695.55,682.80,689.05,685.40,0.53,12.75,1.86,0.24,152854,105474125.80,11419
2026-09-23 00:00:00,ARKADE,ARKADE DEVELOPERS LIMITED,128.99,131.00,127.00,127.73,128.40,-0.52,4.00,3.10,0.46,151561,19503678.84,2389
2026-09-23 00:00:00,UFLEX,UFLEX LIMITED,651.40,675.00,650.00,670.45,648.15,3.44,25.00,3.84,0.50,150879,100762063.90,5920
2026-09-23 00:00:00,COMFINTE,COMFORT INTECH LTD.,5.85,5.90,5.71,5.73,5.80,-1.21,0.19,3.25,0.86,150694,868826.08,412
2026-09-23 00:00:00,TOP10ADD,DSPAMC - TOP10ADD,84.69,85.09,84.44,84.58,84.53,0.06,0.65,0.77,0.19,149597,12669670.72,431
2026-09-23 00:00:00,VISAKAIND,VISAKA INDUSTRIES LIMITED,95.00,97.55,94.38,96.08,94.47,1.70,3.17,3.34,0.56,149545,14347601.91,2129
2026-09-23 00:00:00,DBL,DILIP BUILDCON LIMITED,424.00,424.40,412.45,413.55,423.10,-2.26,11.95,2.82,0.21,149163,62212998.95,5382
2026-09-23 00:00:00,WAKEFIT,WAKEFIT INNOVATIONS LTD,148.00,150.80,146.00,146.78,146.86,-0.05,4.80,3.24,0.78,148579,21988144.49,2715
2026-09-23 00:00:00,MIRZAINT,MIRZA INTERNATIONAL LIMIT,29.00,29.70,29.00,29.35,29.12,0.79,0.70,2.41,-0.41,148475,4360926.27,1353
2026-09-23 00:00:00,GPTINFRA,GPT INFRAPROJECTS LTD,118.99,119.94,115.45,116.29,118.16,-1.58,4.49,3.77,0.70,148368,17293795.70,1999
2026-09-23 00:00:00,CONCORDBIO,CONCORD BIOTECH LIMITED,1540.20,1568.00,1518.90,1560.30,1532.40,1.82,49.10,3.19,0.51,147508,228205491.20,14978
2026-09-23 00:00:00,BHAGYANGR,BHAGYANAGAR INDIA LIMITED,430.05,447.35,426.05,444.65,426.05,4.37,21.30,4.95,0.94,147276,64580919.65,5773
2026-09-23 00:00:00,BHAGERIA,BHAGERIA INDUSTRIES LTD,352.00,356.00,341.40,351.75,345.25,1.88,14.60,4.15,1.96,147240,51537450.25,2428
2026-09-23 00:00:00,KANSAINER,KANSAI NEROLAC PAINTS LTD,181.99,185.00,181.30,182.58,180.98,0.88,3.70,2.03,0.56,147219,27000569.78,3959
2026-09-23 00:00:00,APLLTD,ALEMBIC PHARMA LTD,837.00,860.00,837.00,844.40,840.15,0.51,23.00,2.75,-0.37,146755,124587975.65,13052
2026-09-23 00:00:00,THYROCARE,THYROCARE TECH LTD,580.00,584.75,572.35,573.75,577.50,-0.65,12.40,2.14,0.43,146553,84556741.10,9605
2026-09-23 00:00:00,MANOMAY,MANOMAY TEX INDIA LTD,229.95,229.95,221.43,224.48,227.35,-1.26,8.52,3.71,1.14,146401,33049134.69,5608
2026-09-23 00:00:00,SMALL250,MIRAEAMC - SMALL250,18.35,18.70,18.34,18.50,18.35,0.82,0.36,1.96,0.00,145765,2691845.49,502
2026-09-23 00:00:00,CREDITACC,CREDITACCESS GRAMEEN LTD,1353.00,1359.80,1343.50,1349.60,1357.90,-0.61,16.30,1.20,-0.36,145556,196579310.00,16216
2026-09-23 00:00:00,HDFCNIFIT,HDFCAMC - HDFCNIFIT,30.97,30.97,30.10,30.26,30.49,-0.75,0.87,2.81,1.57,145162,4404572.27,510
2026-09-23 00:00:00,GODFRYPHLP,GODFREY PHILLIPS INDIA LT,1979.90,2019.10,1977.80,2003.00,1970.00,1.68,41.30,2.09,0.50,144961,290418351.00,10284
2026-09-23 00:00:00,COROMANDEL,COROMANDEL INTERNTL. LTD,1944.20,1989.00,1936.20,1956.00,1944.90,0.57,52.80,2.72,-0.04,144853,284677648.20,17653
2026-09-23 00:00:00,DIVGIITTS,DIVGI TORQTRANSFER SYST L,1118.80,1186.00,1108.20,1177.10,1118.90,5.20,77.80,6.95,-0.01,144698,167074445.40,13054
2026-09-23 00:00:00,ORIENTCEM,ORIENT CEMENT LTD.,124.43,125.50,123.31,124.89,123.19,1.38,2.19,1.76,1.01,144462,18015683.33,1578
2026-09-23 00:00:00,INOXINDIA,INOX INDIA LIMITED,2154.80,2189.00,2144.00,2168.90,2133.70,1.65,45.00,2.09,0.99,144053,312321217.10,21135
2026-09-23 00:00:00,GALAPREC,GALA PRECISION ENG LTD,1066.50,1175.00,1064.00,1164.20,1058.00,10.04,111.00,10.41,0.80,143631,163068056.00,11969
2026-09-23 00:00:00,MSTCLTD,MSTC LIMITED,745.65,760.90,743.55,752.25,746.95,0.71,17.35,2.33,-0.17,143600,108018249.25,5697
2026-09-23 00:00:00,RPGLIFE,RPG LIFE SCIENCES LTD,2771.60,3047.20,2727.10,3025.40,2746.90,10.14,320.10,11.55,0.90,143445,424235521.90,14001
2026-09-23 00:00:00,SHIVALIK,SHIVALIK RASAYAN LIMITED,425.00,436.90,423.35,431.65,416.90,3.54,13.55,3.19,1.94,143393,61864296.20,5541
2026-09-23 00:00:00,MANCREDIT,MANGAL CREDIT N FINCORP L,219.30,227.48,219.30,225.17,222.53,1.19,8.18,3.73,-1.45,143066,32326589.21,1594
2026-09-23 00:00:00,NDTV,NDTV LTD,72.30,72.31,70.10,71.11,72.31,-1.66,2.21,3.06,-0.01,142777,10169568.48,1308
2026-09-23 00:00:00,VARDMNPOLY,VARDHMAN POLYTEX LTD.,5.93,5.95,5.77,5.91,5.80,1.90,0.18,3.04,2.24,142333,834210.00,353
2026-09-23 00:00:00,MANORAMA,MANORAMA INDUSTRIES LTD,1925.30,1955.00,1914.30,1929.40,1911.00,0.96,40.70,2.11,0.75,141711,274159050.50,23747
2026-09-23 00:00:00,SELECTIPO,MIRAEAMC - SELECTIPO,48.85,49.11,48.72,48.93,48.84,0.18,0.39,0.80,0.02,141493,6922328.25,157
2026-09-23 00:00:00,PRESTIGE,PRESTIGE ESTATE LTD,1479.60,1507.40,1479.10,1490.00,1479.60,0.70,28.30,1.91,0.00,141420,211084068.10,10592
2026-09-23 00:00:00,ORIENTALTL,ORIENTAL TRIMEX LTD,5.07,5.10,4.90,4.96,4.98,-0.40,0.20,3.94,1.81,140278,695943.07,356
2026-09-23 00:00:00,ALKEM,ALKEM LABORATORIES LTD.,5344.00,5445.00,5316.00,5417.50,5331.50,1.61,129.00,2.41,0.23,140012,755583105.00,17334
2026-09-23 00:00:00,INDIANHUME,INDIAN HUME PIPE CO. LTD.,368.20,375.75,359.30,366.25,367.90,-0.45,16.45,4.47,0.08,139861,51310729.50,4692
2026-09-23 00:00:00,VIVIDHA,VISAGAR POLYTEX LTD,0.52,0.54,0.52,0.52,0.52,0.00,0.02,3.85,0.00,139801,73964.35,149
2026-09-23 00:00:00,PSPPROJECT,PSP PROJECTS LIMITED,834.00,848.25,827.10,832.55,828.70,0.46,21.15,2.54,0.64,139703,117023815.20,4079
2026-09-23 00:00:00,AIIL,AUTHUM INVEST & INFRA LTD,545.50,564.80,544.15,561.45,546.90,2.66,20.65,3.79,-0.26,139672,77679339.05,8279
2026-09-23 00:00:00,RADIOCITY,MUSIC BROADCAST LIMITED,6.12,6.17,5.90,6.04,6.09,-0.82,0.27,4.41,0.49,138537,833829.04,154
2026-09-23 00:00:00,MHRIL,MAHINDRA HOLIDAYS LTD,198.90,204.89,198.90,201.39,199.07,1.17,5.99,3.01,-0.09,137743,27835352.53,3314
2026-09-23 00:00:00,TBOTEK,TBO TEK LIMITED,1700.00,1721.80,1700.00,1704.50,1703.70,0.05,21.80,1.28,-0.22,137694,235208566.70,10362
2026-09-23 00:00:00,VLEGOV,VL E GOV AND IT SOL LTD,10.35,10.79,9.88,10.42,10.29,1.26,0.91,8.79,0.58,137354,1432112.59,471
2026-09-23 00:00:00,TREL,TRANSINDIA REAL ESTATE L,27.31,28.39,27.11,27.78,27.31,1.72,1.28,4.69,0.00,137169,3825202.94,3670
2026-09-23 00:00:00,ZENTEC,ZEN TECHNOLOGIES LIMITED,1673.00,1685.00,1661.10,1672.30,1673.80,-0.09,23.90,1.43,-0.05,136927,228782071.00,13124
2026-09-23 00:00:00,MOENERGY,MOTILALAMC - MOENERGY,38.10,38.29,37.86,38.02,37.91,0.29,0.43,1.13,0.50,136700,5186812.69,424
2026-09-23 00:00:00,SIL,STANDARD INDUSTRIES LTD.,16.25,17.48,16.25,17.13,16.01,7.00,1.23,7.57,1.50,136655,2317484.76,1398
2026-09-23 00:00:00,UDS,UPDATER SERVICES LIMITED,198.10,208.70,198.10,205.27,198.14,3.60,10.60,5.35,-0.02,135877,27855651.33,3161
2026-09-23 00:00:00,JUBLPHARMA,JUBILANT PHARMOVA LTD,1076.20,1088.10,1052.90,1058.00,1070.85,-1.20,35.20,3.27,0.50,135144,144423901.65,15589
2026-09-23 00:00:00,TIINDIA,TUBE INVEST OF INDIA LTD,2574.00,2603.00,2565.00,2578.60,2574.00,0.18,38.00,1.48,0.00,135053,349462958.40,10701
2026-09-23 00:00:00,SENORES,SENORES PHARMACEUTICALS L,1377.10,1417.90,1377.00,1383.40,1379.90,0.25,40.90,2.97,-0.20,134952,188345362.00,11858
2026-09-23 00:00:00,ORCHPHARMA,ORCHID PHARMA LIMITED,1105.00,1129.20,1090.00,1102.05,1107.20,-0.47,39.20,3.55,-0.20,134909,149383672.60,11866
2026-09-23 00:00:00,VIMTALABS,VIMTA LABS LIMITED,612.50,619.00,605.15,610.70,610.15,0.09,13.85,2.26,0.39,134851,82489621.45,7129
2026-09-23 00:00:00,ANUHPHR,ANUH PHARMA LIMITED,94.26,96.38,93.02,93.39,93.48,-0.10,3.36,3.56,0.83,134416,12650778.16,2321
2026-09-23 00:00:00,GROWWDEFNC,GROWWAMC - GROWWDEFNC,95.21,95.21,93.77,94.32,94.27,0.05,1.44,1.51,1.00,134196,12698485.94,1781
2026-09-23 00:00:00,MAWANASUG,MAWANA SUGARS LIMITED,132.53,137.66,131.33,133.07,131.43,1.25,6.33,4.78,0.84,134159,18031170.32,2832
2026-09-23 00:00:00,DCAL,DISHMAN CARBO AMCIS LTD,170.65,174.46,169.51,173.33,169.88,2.03,4.95,2.90,0.45,134136,23104778.56,3014
2026-09-23 00:00:00,SHREDIGCEM,SHREE DIGVIJAY CEM CO LTD,66.19,69.15,66.19,68.80,66.92,2.81,2.96,4.47,-1.09,133898,9064310.24,1413
2026-09-23 00:00:00,FACT,FACT LTD,794.75,804.85,792.70,796.70,798.45,-0.22,12.15,1.53,-0.46,133669,106707124.40,8100
2026-09-23 00:00:00,SPMLINFRA,SPML INFRA LIMITED,166.90,171.00,166.60,168.58,166.44,1.29,4.40,2.64,0.28,133400,22572904.53,2035
2026-09-23 00:00:00,SIEMENS,SIEMENS LTD,3878.30,3903.00,3828.00,3886.00,3858.00,0.73,75.00,1.93,0.53,133100,516348475.40,16216
2026-09-23 00:00:00,HINDWAREAP,HINDWARE HME INOVATON LTD,174.77,181.90,174.77,177.02,174.77,1.29,7.13,4.08,0.00,132825,23704145.49,5633
2026-09-23 00:00:00,KALPATARU,KALPATARU LIMITED,265.10,281.00,262.40,272.55,268.40,1.55,18.60,7.02,-1.23,132733,35782987.20,2175
2026-09-23 00:00:00,KOTHARIPRO,KOTHARI PRODUCTS LTD,65.60,76.40,65.60,69.64,63.67,9.38,10.80,16.46,3.03,132714,9495556.51,1997
2026-09-23 00:00:00,LIBERTSHOE,LIBERTY SHOES LTD,221.54,239.40,218.70,235.48,218.54,7.75,20.70,9.34,1.37,132090,30772413.56,4314
2026-09-23 00:00:00,KPRMILL,KPR MILL LTD.,1120.80,1145.50,1117.00,1136.70,1120.80,1.42,28.50,2.54,0.00,130890,148853920.80,11505
2026-09-23 00:00:00,SAATVIKGL,SAATVIK GREEN ENERGY LTD,451.70,457.45,445.00,447.60,446.75,0.19,12.45,2.76,1.11,130510,58836190.75,5582
2026-09-23 00:00:00,PDMJEPAPER,PUDUMJEE PAPER PRO. LTD,99.25,101.45,98.00,98.27,97.36,0.93,3.45,3.48,1.94,130398,12911397.85,2549
2026-09-23 00:00:00,STOVEKRAFT,STOVE KRAFT LIMITED,834.85,842.90,818.40,829.10,827.80,0.16,24.50,2.93,0.85,130160,108064721.00,10773
2026-09-23 00:00:00,APARINDS,APAR INDUSTRIES LTD.,18300.00,18740.00,17799.00,17876.00,18233.00,-1.96,941.00,5.14,0.37,129819,2353896852.00,42882
2026-09-23 00:00:00,SHINDL,SHARAT INDUSTRIES LTD.,163.42,166.00,160.68,164.13,162.53,0.98,5.32,3.26,0.55,129807,21140506.42,820
2026-09-23 00:00:00,PERNIASPOP,PURPLE STYLE LABS LIMITED,545.00,559.85,538.05,549.05,545.75,0.60,21.80,4.00,-0.14,129229,71172526.45,5180
2026-09-23 00:00:00,LAXMIDENTL,LAXMI DENTAL LIMITED,194.76,196.60,192.03,195.09,193.18,0.99,4.57,2.35,0.82,128908,25119628.30,4785
2026-09-23 00:00:00,FDC,FDC LIMITED,356.50,357.80,349.00,349.95,356.50,-1.84,8.80,2.47,0.00,128884,45457576.15,5888
2026-09-23 00:00:00,BOROLTD,BOROSIL LIMITED,264.40,269.99,262.00,267.50,263.57,1.49,7.99,3.02,0.31,128862,34358049.93,3254
2026-09-23 00:00:00,MASTERTR,MASTER TRUST LIMITED,86.46,88.94,86.46,88.14,86.46,1.94,2.48,2.87,0.00,128635,11312338.04,1346
2026-09-23 00:00:00,MCLEODRUSS,MCLEOD RUSSEL INDIA LTD.,45.69,47.20,44.96,47.20,44.96,4.98,2.24,4.90,1.62,128566,5916206.22,735
2026-09-23 00:00:00,SGFIN,SG FINSERVE LIMITED,629.00,637.65,620.00,622.15,624.60,-0.39,17.65,2.81,0.70,128081,80260006.15,6208
2026-09-23 00:00:00,ROSSARI,ROSSARI BIOTECH LIMITED,442.25,474.20,440.95,454.80,442.25,2.84,33.25,7.52,0.00,128013,57927296.90,5324
2026-09-23 00:00:00,RUPA,RUPA & COMPANY LTD,140.00,141.37,137.97,140.63,138.52,1.52,3.40,2.43,1.07,127805,17890536.75,3529
2026-09-23 00:00:00,TEXMOPIPES,TEXMO PIPE & PRODUCTS LTD,59.25,61.29,59.15,59.63,59.38,0.42,2.14,3.61,-0.22,126916,7586635.09,1390
2026-09-23 00:00:00,KIRLFER,KIRLOSKAR FERROUS IND LTD,475.95,486.40,470.00,478.10,479.85,-0.36,16.40,3.45,-0.81,126883,61081399.15,7032
2026-09-23 00:00:00,AURIONPRO,AURIONPRO SOLN LTD,685.05,709.90,685.05,689.40,681.90,1.10,24.85,3.63,0.46,126195,88082548.45,7087
2026-09-23 00:00:00,SSDL,SARASWATI SAREE DEPOT LTD,65.95,67.95,65.00,65.62,65.71,-0.14,2.95,4.47,0.37,125706,8339336.92,1569
2026-09-23 00:00:00,VTL,VARDHMAN TEXTILES LIMITED,554.90,565.00,554.90,561.45,551.20,1.86,10.10,1.82,0.67,125583,70569402.55,7860
2026-09-23 00:00:00,EUREKAFORB,EUREKA FORBES LIMITED,377.40,383.00,376.35,378.45,377.30,0.30,6.65,1.76,0.03,125260,47572006.40,7694
2026-09-23 00:00:00,EMSLIMITED,EMS LIMITED,367.20,369.85,363.35,366.35,365.25,0.30,6.50,1.77,0.53,125060,45826446.90,3890
2026-09-23 00:00:00,JUSTDIAL,JUSTDIAL LTD.,682.60,698.00,680.25,693.55,682.60,1.60,17.75,2.60,0.00,124710,86292485.80,6197
2026-09-23 00:00:00,AONETOTAL,AONEAMC - AONETOTAL,11.73,11.76,11.63,11.72,11.68,0.34,0.13,1.11,0.43,124629,1461412.56,810
2026-09-23 00:00:00,AURUS,AURUS GEM CORP LIMITED,4.91,5.00,4.50,4.67,4.89,-4.50,0.50,10.18,0.41,124303,582351.11,276
2026-09-23 00:00:00,HEXT,HEXAWARE TECHNOLOGIES LTD,504.80,509.30,498.25,500.00,504.20,-0.83,11.05,2.19,0.12,124075,62361642.70,6638
2026-09-23 00:00:00,TIGERLOGS,TIGER LOGISTICS (INDIA) L,26.95,27.50,26.12,26.87,26.57,1.13,1.38,5.12,1.43,123476,3292411.57,973
2026-09-23 00:00:00,TARSONS,TARSONS PRODUCTS LIMITED,326.10,339.25,326.10,335.45,331.50,1.19,13.15,4.03,-1.63,123431,41346633.80,4243
2026-09-23 00:00:00,NEPHROPLUS,NEPHROCARE HEALTH SERV L,755.10,758.40,740.00,741.90,749.45,-1.01,18.40,2.44,0.75,122493,91396228.95,16721
2026-09-23 00:00:00,IITL,INDUSTRIAL INV TRUST LTD,144.24,145.90,138.48,140.39,143.40,-2.10,7.42,5.14,0.59,122009,17545346.38,2635
2026-09-23 00:00:00,OSWALSEEDS,SHREEOSWAL S AND CHE LTD,14.00,14.30,13.47,13.57,13.81,-1.74,0.83,5.93,1.38,121958,1685400.74,575
2026-09-23 00:00:00,GROWWHOSPI,GROWWAMC - GROWWHOSPI,52.85,53.50,52.44,53.20,52.85,0.66,1.06,2.01,0.00,121823,6459718.06,552
2026-09-23 00:00:00,GROWWSC250,GROWWAMC - GROWWSC250,10.54,10.63,10.51,10.62,10.54,0.76,0.12,1.14,0.00,121793,1290820.81,373
2026-09-23 00:00:00,GTL,GTL LTD,7.05,7.09,6.98,7.03,6.99,0.57,0.11,1.56,0.86,121517,854791.39,496
2026-09-23 00:00:00,CELLO,CELLO WORLD LIMITED,320.30,326.55,319.80,324.10,320.30,1.19,6.75,2.11,0.00,121087,39248487.15,5161
2026-09-23 00:00:00,HEALTHADD,DSPAMC - HEALTHADD,16.90,17.05,16.88,16.90,16.90,0.00,0.17,1.01,0.00,121051,2057022.26,62
2026-09-23 00:00:00,AFFLE,AFFLE 3I LIMITED,1585.10,1595.00,1568.10,1584.30,1592.30,-0.50,26.90,1.70,-0.45,121001,191544657.80,13884
2026-09-23 00:00:00,CCHHL,COUNTRY CLUB HOSP HOL LTD,13.09,13.89,12.90,13.42,12.94,3.71,0.99,7.56,1.16,120817,1613824.67,461
2026-09-23 00:00:00,NOIDATOLL,NOIDA TOLL BRIDGE CO LTD,4.00,4.01,3.92,3.93,4.00,-1.75,0.09,2.25,0.00,120653,479217.57,269
2026-09-23 00:00:00,UNIPARTS,UNIPARTS INDIA LIMITED,860.10,872.65,849.55,861.20,851.70,1.12,23.10,2.69,0.99,120514,103760182.55,8708
2026-09-23 00:00:00,GANESHCP,GANESH CONSUMER PRODUCT L,167.43,168.07,163.75,164.48,166.59,-1.27,4.32,2.58,0.50,120311,19888173.88,2035
2026-09-23 00:00:00,ZYDUSWELL,ZYDUS WELLNESS LIMITED,519.00,533.15,519.00,531.00,520.55,2.01,14.15,2.73,-0.30,120286,63379468.85,6827
2026-09-23 00:00:00,MIIL,MEGHNA INFRACON INFRA L,716.75,717.80,686.50,698.10,710.45,-1.74,31.30,4.37,0.89,118649,83283398.25,2580
2026-09-23 00:00:00,MBEL,M AND B ENGINEERING LTD,261.70,266.60,258.10,261.00,259.25,0.68,8.50,3.25,0.95,118607,31136103.80,4179
2026-09-23 00:00:00,INDOCO,INDOCO REMEDIES LTD.,252.60,259.51,249.50,251.16,254.51,-1.32,10.01,3.96,-0.75,118278,30024374.57,3486
2026-09-23 00:00:00,ZIMLAB,ZIM LABORATORIES LIMITED,133.70,135.80,130.75,133.56,133.80,-0.18,5.05,3.78,-0.07,118261,15773703.37,1634
2026-09-23 00:00:00,IONEXCHANG,ION EXCHANGE (INDIA) LTD,430.05,438.90,428.65,430.10,429.80,0.07,10.25,2.38,0.06,117980,51078586.65,8808
2026-09-23 00:00:00,RUCHINFRA,RUCHI INFRASTRUCTURE LTD,5.20,5.38,5.06,5.25,5.01,4.79,0.32,6.15,3.79,117662,619158.66,280
2026-09-23 00:00:00,BATAINDIA,BATA INDIA LTD,631.75,644.00,631.75,637.20,631.75,0.86,12.25,1.94,0.00,117043,74624754.70,6398
2026-09-23 00:00:00,KMSUGAR,K M SUGAR MILLS LTD,29.08,29.77,28.85,29.50,28.85,2.25,0.92,3.16,0.80,116949,3439327.01,1206
2026-09-23 00:00:00,AAATECH,AAA TECHNOLOGIES LIMITED,94.00,94.90,90.20,93.56,93.73,-0.18,4.70,5.00,0.29,116561,10909248.59,464
2026-09-23 00:00:00,CONSUMER,MIRAEAMC - CONSUMER,12.37,12.37,11.83,11.91,11.84,0.59,0.54,4.37,4.48,116323,1384220.23,244
2026-09-23 00:00:00,HPL,HPL ELECTRIC & POWER LTD,280.00,286.00,279.00,280.55,279.85,0.25,7.00,2.50,0.05,116184,32793384.50,4573
2026-09-23 00:00:00,ZFCVINDIA,ZF COM VE CTR SYS IND LTD,2355.10,2365.00,2320.10,2357.20,2362.20,-0.21,44.90,1.91,-0.30,114999,268991596.20,23302
2026-09-23 00:00:00,THELEELA,LEELA PALACES HOTEL LTD,540.00,547.00,537.30,544.95,537.05,1.47,9.70,1.80,0.55,114049,62032957.45,11965
2026-09-23 00:00:00,JARO,JARO INS OF TEC MG N RE L,460.45,466.40,460.45,462.50,460.40,0.46,5.95,1.29,0.01,113920,52810250.70,1667
2026-09-23 00:00:00,HAZOOR,HAZOOR MULTI PROJECTS LTD,19.27,19.30,19.05,19.05,19.11,-0.31,0.25,1.30,0.84,113893,2179453.22,336
2026-09-23 00:00:00,MEDPLUS,MEDPLUS HEALTH SERV LTD,659.30,677.25,655.20,662.00,655.55,0.98,22.05,3.34,0.57,113333,75557306.95,9757
2026-09-23 00:00:00,HARIOMPIPE,HARIOM PIPE INDUSTRIES L,361.85,367.45,355.80,357.20,361.85,-1.29,11.65,3.22,0.00,113058,40826793.55,4702
2026-09-23 00:00:00,KAMATHOTEL,KAMAT HOTELS (I) LTD,238.00,246.00,237.10,240.35,237.05,1.39,8.90,3.74,0.40,112995,27386594.03,4524
2026-09-23 00:00:00,RITCO,RITCO LOGISTICS LIMITED,287.20,293.40,284.00,289.75,287.20,0.89,9.40,3.27,0.00,112853,32574800.00,2811
2026-09-23 00:00:00,DIFFNKG,DIFFUSION ENGINEERS LTD,442.10,454.80,438.00,439.30,441.60,-0.52,16.80,3.80,0.11,112607,50085101.90,5056
2026-09-23 00:00:00,GREENPANEL,GREENPANEL INDUSTRIES LTD,171.00,171.54,167.69,169.08,170.18,-0.65,3.85,2.25,0.48,112565,19081893.78,3387
2026-09-23 00:00:00,INDIACEM,THE INDIA CEMENTS LIMITED,345.00,347.20,339.00,340.05,340.65,-0.18,8.20,2.38,1.28,112453,38438418.55,5574
2026-09-23 00:00:00,UNITEDPOLY,UNITED POLYFAB GUJ. LTD.,46.74,46.75,45.05,45.94,45.57,0.81,1.70,3.64,2.57,112261,5165409.91,670
2026-09-23 00:00:00,DJML,DJ MEDIAPRINT & LOG LTD,74.30,74.90,71.25,72.70,74.45,-2.35,3.65,4.91,-0.20,112048,8199067.77,1096
2026-09-23 00:00:00,RUBYMILLS,THE RUBY MILLS LTD,432.00,515.00,432.00,490.20,459.95,6.58,83.00,19.21,-6.08,111992,55539368.90,6017
2026-09-23 00:00:00,KSB,KSB LIMITED,820.00,825.05,808.05,823.20,820.15,0.37,17.00,2.07,-0.02,111806,91659961.10,10825
2026-09-23 00:00:00,MAITHANALL,MAITHAN ALLOYS LTD,1000.40,1020.85,995.05,1009.90,994.95,1.50,25.80,2.58,0.55,111790,112687190.35,5450
2026-09-23 00:00:00,VINATIORGA,VINATI ORGANICS LTD,1202.00,1241.30,1199.80,1222.80,1202.70,1.67,41.50,3.45,-0.06,111759,136472044.30,15566
2026-09-23 00:00:00,HDFCPVTBAN,HDFCAMC - HDFCPVTBAN,28.01,28.05,27.86,27.95,27.88,0.25,0.19,0.68,0.47,111094,3105011.87,304
2026-09-23 00:00:00,PICCADIL,PICCADILY AGRO INDUSTRI L,618.80,628.40,611.85,621.60,614.80,1.11,16.55,2.67,0.65,110953,69005997.25,8741
2026-09-23 00:00:00,KRITIKA,KRITIKA WIRES LIMITED,5.15,5.15,4.90,5.00,5.04,-0.79,0.25,4.85,2.18,110757,560181.96,481
2026-09-23 00:00:00,BLUESTARCO,BLUE STAR LIMITED,1533.00,1547.90,1526.20,1532.60,1525.00,0.50,21.70,1.42,0.52,110416,169677547.40,8391
2026-09-23 00:00:00,SADBHIN,SADBHAV INFRA PROJ LTD.,2.59,2.61,2.55,2.59,2.58,0.39,0.06,2.32,0.39,110108,284251.31,181
2026-09-23 00:00:00,BHARATWIRE,BHARAT WIRE ROPES LTD.,167.89,173.20,167.89,170.10,167.89,1.32,5.31,3.16,0.00,109975,18808163.29,2426
2026-09-23 00:00:00,ZOTA,ZOTA HEALTH CARE LIMITED,1365.00,1396.00,1334.50,1390.60,1356.00,2.55,61.50,4.51,0.66,109803,150647703.00,11088
2026-09-23 00:00:00,DEEPAKNTR,DEEPAK NITRITE LTD,1614.00,1639.00,1605.20,1635.80,1613.20,1.40,33.80,2.09,0.05,109445,177786170.20,10474
2026-09-23 00:00:00,PONNIERODE,PONNIE SUGARS (ERODE) LTD,362.80,392.80,362.00,375.25,362.80,3.43,30.80,8.49,0.00,109319,41361963.55,3595
2026-09-23 00:00:00,INDNIPPON,INDIA NIPPON ELECT  LTD,1241.90,1310.00,1241.90,1260.70,1237.00,1.92,68.10,5.48,0.40,109262,139892913.70,11705
2026-09-23 00:00:00,HDFCNIFTY,HDFCAMC - HDFCNIFTY,270.56,270.56,263.62,264.65,263.97,0.26,6.94,2.57,2.50,109200,28887874.59,829
2026-09-23 00:00:00,SOMANYCERA,SOMANY CERAMICS LIMITED,595.00,602.00,581.20,596.30,594.75,0.26,20.80,3.50,0.04,108719,64371745.25,5255
2026-09-23 00:00:00,TPLPLASTEH,TPL PLASTECH LIMITED,65.48,67.38,65.42,67.15,65.09,3.16,1.96,2.99,0.60,108318,7198628.42,1067
2026-09-23 00:00:00,GHCL,GHCL LIMITED,426.90,432.45,422.15,424.00,420.30,0.88,10.30,2.41,1.57,108262,46095080.50,6004
2026-09-23 00:00:00,DHARMAJ,DHARMAJ CROP GUARD LTD,283.95,302.00,282.00,299.10,281.60,6.21,20.00,7.04,0.83,108051,31711813.60,4093
2026-09-23 00:00:00,DMCC,DMCC SPECIALITY CHEMICALS,290.70,301.40,288.00,296.30,290.65,1.94,13.40,4.61,0.02,107730,32085131.10,4071
2026-09-23 00:00:00,EKI,EKI ENERGY SERVICES LTD,69.95,82.54,68.03,82.54,68.79,19.99,14.51,20.74,1.69,106374,8451752.20,1593
2026-09-23 00:00:00,DOLPHIN,DOLPHIN OFF ENT (IND) L,722.00,749.50,702.65,723.55,724.30,-0.10,46.85,6.49,-0.32,105950,76994612.00,7009
2026-09-23 00:00:00,KPIL,KALPATARU PROJECT INT LTD,1400.10,1422.00,1389.80,1411.80,1400.10,0.84,32.20,2.30,0.00,105907,148831651.80,12982
2026-09-23 00:00:00,GRWRHITECH,GARWARE HI-TECH FILMS LTD,6366.50,6666.00,6240.00,6537.50,6366.50,2.69,426.00,6.69,0.00,105577,685015469.00,25727
2026-09-23 00:00:00,WEWORK,WEWORK INDIA MANAGEMENT L,671.15,679.90,664.85,668.50,671.15,-0.39,15.05,2.24,0.00,104857,70209254.40,5063
2026-09-23 00:00:00,20MICRONS,20 MICRONS LTD,220.80,223.95,215.80,219.21,216.45,1.28,8.15,3.69,2.01,104573,23012738.72,3299
2026-09-23 00:00:00,HILTON,HILTON METAL FORGING LTD,16.59,17.05,16.50,16.73,16.59,0.84,0.55,3.32,0.00,104278,1748397.73,539
2026-09-23 00:00:00,NH,NARAYANA HRUDAYALAYA LTD.,1892.80,1927.20,1872.00,1919.30,1883.30,1.91,55.20,2.92,0.50,104223,198522330.60,14840
2026-09-23 00:00:00,FLEXIADD,DSPAMC - FLEXIADD,9.89,9.94,9.71,9.74,9.76,-0.20,0.23,2.33,1.33,103672,1011102.05,497
2026-09-23 00:00:00,VSSL,VARDHMAN SPC STEEL LTD,413.75,416.65,406.85,413.60,407.80,1.42,9.80,2.37,1.46,103560,42700886.80,4076
2026-09-23 00:00:00,AETHER,AETHER INDUSTRIES LIMITED,1643.50,1662.00,1633.10,1648.20,1643.50,0.29,28.90,1.76,0.00,103556,170396856.30,15862
2026-09-23 00:00:00,JNKINDIA,JNK INDIA LIMITED,410.20,427.00,410.20,418.40,413.95,1.08,16.80,4.10,-0.91,103325,43274264.55,4412
2026-09-23 00:00:00,PARASPETRO,PARAS PETROFILS LTD.,2.07,2.12,2.05,2.08,2.09,-0.48,0.07,3.38,-0.96,103163,215016.65,260
2026-09-23 00:00:00,PLAZACABLE,PLAZA WIRES LIMITED,62.35,63.99,61.55,62.84,62.27,0.92,2.44,3.91,0.13,103082,6477362.73,1358
2026-09-23 00:00:00,AAKASH,AAKASH EXPLORATION SER L,9.00,9.18,8.95,9.13,8.96,1.90,0.23,2.56,0.45,102979,932585.81,297
2026-09-23 00:00:00,PIIND,PI INDUSTRIES LTD,2407.20,2417.10,2381.00,2386.00,2410.00,-1.00,36.10,1.50,-0.12,102874,246455288.60,13718
2026-09-23 00:00:00,UDAYJEW,UDAY JEWELLERY INDS. LTD.,148.87,156.50,148.87,153.87,148.87,3.36,7.63,5.13,0.00,102864,15842937.11,886
2026-09-23 00:00:00,HUHTAMAKI,HUHTAMAKI INDIA LIMITED,244.10,251.90,242.85,250.00,246.55,1.40,9.05,3.71,-0.99,102814,25645808.45,3441
2026-09-23 00:00:00,BAGFILMS,B.A.G FILMS AND MEDIA LTD,4.43,4.43,4.25,4.34,4.31,0.70,0.18,4.06,2.78,102573,442806.45,272
2026-09-23 00:00:00,MITCON,MITCON CON & ENG SER LTD,80.12,92.84,79.10,82.62,80.12,3.12,13.74,17.15,0.00,102341,8437427.92,181
2026-09-23 00:00:00,MUTHOOTMF,MUTHOOT MICROFIN LIMITED,188.60,190.87,187.50,189.19,188.32,0.46,3.37,1.79,0.15,102096,19348373.37,2779
2026-09-23 00:00:00,DBOL,DHAMPUR BIO ORGANICS LTD,114.24,117.55,114.24,115.63,114.81,0.71,3.31,2.90,-0.50,101634,11810332.07,2774
2026-09-23 00:00:00,TAALTECH,TAAL TECH LTD.,1151.40,1174.70,1080.30,1094.80,1185.40,-7.64,94.40,8.20,-2.87,101517,113905711.10,10298
2026-09-23 00:00:00,TATVA,TATVA CHIN PHARM CHEM LTD,1742.90,1822.00,1713.00,1778.10,1744.20,1.94,109.00,6.25,-0.07,100979,181431932.10,10583
2026-09-23 00:00:00,DOLATALGO,DOLAT ALGOTECH LIMITED,68.30,69.90,67.30,68.72,68.16,0.82,2.60,3.81,0.21,100410,6859947.93,871
2026-09-23 00:00:00,OMINFRAL,OM INFRA LIMITED,80.58,81.40,77.25,78.34,78.93,-0.75,4.15,5.15,2.09,99989,7925395.12,1527
2026-09-23 00:00:00,RAMCOSYS,RAMCO SYSTEMS LTD.,598.00,612.00,592.40,598.00,592.40,0.95,19.60,3.28,0.95,99924,60305933.00,3937
2026-09-23 00:00:00,SRD,SHANKAR LAL RAMPAL LTD,40.50,40.90,39.40,40.88,40.32,1.39,1.50,3.70,0.45,99577,4003513.10,353
2026-09-23 00:00:00,KERNEX,KERNEX MICROSYS(I) LTD,1756.00,1756.00,1708.50,1731.00,1744.70,-0.79,47.50,2.71,0.65,99303,171650929.00,11192
2026-09-23 00:00:00,DNAMEDIA,DILIGENT MEDIA CORP LTD.,2.55,2.75,2.45,2.50,2.55,-1.96,0.30,11.76,0.00,99123,252417.86,128
2026-09-23 00:00:00,EIHOTEL,EIH LIMITED,303.00,304.70,300.15,301.15,303.90,-0.90,4.55,1.50,-0.30,98871,29836636.65,4698
2026-09-23 00:00:00,SIS,SIS LIMITED,423.95,430.50,419.00,421.45,424.05,-0.61,11.50,2.71,-0.02,98041,41724490.75,5465
2026-09-23 00:00:00,NATHBIOGEN,NATH BIO-GENES (I) LTD,148.38,151.90,147.13,148.02,148.38,-0.24,4.77,3.21,0.00,97539,14451032.70,156
2026-09-23 00:00:00,NAGREEKEXP,NAGREEKA EXPORTS LTD.,22.25,25.40,21.00,24.21,21.66,11.77,4.40,19.78,2.72,97332,2299903.51,610
2026-09-23 00:00:00,HARSHA,HARSHA ENGINEERS INT LTD,469.55,474.00,461.55,464.50,465.10,-0.13,12.45,2.65,0.96,97147,45349071.30,4204
2026-09-23 00:00:00,LAXMIINDIA,LAXMI INDIA FINANCE LTD,124.57,126.45,123.42,126.12,123.73,1.93,3.03,2.43,0.68,97062,12182525.14,1576
2026-09-23 00:00:00,ATULAUTO,ATUL AUTO LIMITED,445.70,461.80,445.50,457.75,446.60,2.50,16.30,3.66,-0.20,96934,44187387.45,4010
2026-09-23 00:00:00,KCP,KCP LTD,157.00,158.50,155.41,157.05,157.40,-0.22,3.09,1.97,-0.25,96770,15163548.23,1829
2026-09-23 00:00:00,MMP,MMP INDUSTRIES LIMITED,463.00,483.95,460.00,464.80,461.30,0.76,23.95,5.17,0.37,96752,45590876.65,4166
2026-09-23 00:00:00,ALIVUS,ALIVUS LIFE SCIENCES LTD,1381.00,1422.10,1370.00,1383.10,1374.20,0.65,52.10,3.77,0.49,96644,134348288.90,14369
2026-09-23 00:00:00,RISHABH,RISHABH INSTRUMENTS LTD,734.40,752.00,725.75,738.95,736.55,0.33,26.25,3.57,-0.29,96353,70795784.40,5511
2026-09-23 00:00:00,MAYURUNIQ,MAYUR UNIQUOTERS LTD,730.45,734.10,711.40,722.90,726.15,-0.45,22.70,3.11,0.59,95827,69202809.70,5634
2026-09-23 00:00:00,ESCORTS,ESCORTS KUBOTA LIMITED,2803.90,2829.00,2784.90,2796.90,2793.60,0.12,44.10,1.57,0.37,95760,268744606.00,12625
2026-09-23 00:00:00,IVC,IL&FS INVESTMENT MANAGERS,7.90,7.90,7.66,7.83,7.78,0.64,0.24,3.04,1.54,95399,745945.53,806
2026-09-23 00:00:00,WINDLAS,WINDLAS BIOTECH LIMITED,1105.00,1107.65,1070.00,1077.45,1102.30,-2.25,37.65,3.41,0.24,95358,103083742.65,9256
2026-09-23 00:00:00,SHIVAMAUTO,SHIVAM AUTO.LTD,17.80,18.50,17.60,18.21,17.75,2.59,0.90,5.06,0.28,94746,1704317.25,503
2026-09-23 00:00:00,PURVA,PURAVANKARA LIMITED,218.79,218.79,215.92,216.82,216.69,0.06,2.87,1.31,0.97,94686,20534459.15,2677
2026-09-23 00:00:00,FLAIR,FLAIR WRITING INDUST LTD,241.50,246.20,232.50,240.79,241.29,-0.21,13.70,5.67,0.09,94056,22551560.80,2745
2026-09-23 00:00:00,DSFCL,DCM SHRIRAM FINE CHEM LTD,29.70,30.25,28.02,30.25,28.81,5.00,2.23,7.51,3.09,93917,2787539.93,506
2026-09-23 00:00:00,RAINBOW,RAINBOW CHILDRENS MED LTD,1429.80,1443.40,1400.60,1406.50,1430.90,-1.71,42.80,2.99,-0.08,93353,132151414.60,12653
2026-09-23 00:00:00,SGLRES,SGL RESOURCES LIMITED,2.46,2.52,2.28,2.44,2.40,1.67,0.24,9.76,2.50,93094,224715.61,238
2026-09-23 00:00:00,BALKRISIND,BALKRISHNA IND. LTD,2205.00,2225.90,2190.00,2199.60,2216.90,-0.78,35.90,1.63,-0.54,93043,205419085.10,12519
2026-09-23 00:00:00,BAYERCROP,BAYER CROPSCIENCE LTD,3775.00,3787.10,3733.00,3762.60,3765.80,-0.08,54.10,1.43,0.24,92860,350494936.30,9600
2026-09-23 00:00:00,NECLIFE,NECTAR LIFESCIENCES LTD.,10.98,11.20,10.83,11.06,10.83,2.12,0.37,3.37,1.39,92820,1023488.11,319
2026-09-23 00:00:00,MARKOLINES,MARKOLINES PAVEMENT TEC L,169.50,171.85,169.27,169.90,169.24,0.39,2.58,1.52,0.15,92158,15731764.17,715
2026-09-23 00:00:00,IGARASHI,IGARASHI MOTORS INDIA LTD,425.00,439.65,423.30,431.80,424.00,1.84,16.35,3.85,0.24,92008,39783000.45,4471
2026-09-23 00:00:00,PNGSREVA,PNGS REVA DIAMOND JEWEL L,515.50,527.80,510.65,525.95,511.70,2.78,17.15,3.33,0.74,91990,47900948.90,4717
2026-09-23 00:00:00,VESUVIUS,VESUVIUS INDIA LTD,391.00,399.45,391.00,396.10,392.75,0.85,8.45,2.16,-0.45,91924,36444714.75,7564
2026-09-23 00:00:00,ABB,ABB INDIA LIMITED,7141.50,7185.00,7077.00,7120.00,7120.50,-0.01,108.00,1.51,0.29,91561,652394630.50,14446
2026-09-23 00:00:00,BAJAJELEC,BAJAJ ELECT.LTD,323.05,331.50,323.00,329.40,323.45,1.84,8.50,2.63,-0.12,91278,29941192.90,3097
2026-09-23 00:00:00,ISGEC,ISGEC HEAVY ENG LTD,843.60,871.10,837.55,867.85,840.75,3.22,33.55,3.98,0.34,91136,78433034.00,8218
2026-09-23 00:00:00,BHAGCHEM,BHAGIRADHA CHEM & INDS L,243.50,249.65,242.55,247.00,243.85,1.29,7.10,2.92,-0.14,91103,22512980.40,1308
2026-09-23 00:00:00,SATIN,SATIN CREDIT NET LTD,222.64,226.70,221.87,225.30,223.20,0.94,4.83,2.17,-0.25,90821,20377559.61,1995
2026-09-23 00:00:00,SUNTECK,SUNTECK REALTY LIMITED,289.20,294.85,288.00,290.10,287.90,0.76,6.85,2.37,0.45,90649,26406686.35,3525
2026-09-23 00:00:00,BHANDARI,BHANDARI HOSIERY EXP LTD,2.93,2.99,2.93,2.95,2.96,-0.34,0.06,2.05,-1.01,90463,267574.77,236
2026-09-23 00:00:00,ELIN,ELIN ELECTRONICS LIMITED,90.65,91.58,89.20,89.95,90.71,-0.84,2.38,2.63,-0.07,89944,8093613.34,1421
2026-09-23 00:00:00,INTLCONV,INTL CONVEYORS LIMITED,77.10,81.51,77.10,80.99,77.86,4.02,4.41,5.72,-0.98,89727,7165299.51,1467
2026-09-23 00:00:00,BFSI,MIRAEAMC - MAFSETF,26.99,26.99,26.46,26.58,26.46,0.45,0.53,1.96,2.00,89631,2383069.69,456
2026-09-23 00:00:00,ARROWGREEN,ARROW GREENTECH LIMITED,940.05,948.90,888.60,900.00,913.05,-1.43,60.30,6.41,2.96,89479,82431219.50,7499
2026-09-23 00:00:00,DIGISPICE,DIGISPICE TECHNOLOGIES LT,16.59,16.80,16.11,16.50,16.40,0.61,0.69,4.16,1.16,89439,1467834.10,282
2026-09-23 00:00:00,GOCOLORS,GO FASHION INDIA LTD,308.00,323.95,308.00,317.55,307.90,3.13,15.95,5.18,0.03,89102,28252829.45,3224
2026-09-23 00:00:00,ASHIMASYN,ASHIMA LTD,16.00,16.32,15.55,15.81,15.68,0.83,0.77,4.81,2.04,89060,1414884.06,341
2026-09-23 00:00:00,INFOBEAN,INFOBEANS TECHNO. LTD.,151.49,153.50,150.01,151.81,151.05,0.50,3.49,2.30,0.29,88517,13359760.26,1923
2026-09-23 00:00:00,STYLAMIND,STYLAM INDUSTRIES LIMITED,3400.00,3423.30,3325.10,3355.60,3309.40,1.40,98.20,2.89,2.74,88259,297955485.00,15697
2026-09-23 00:00:00,GUFICBIO,GUFIC BIOSCIENCES LTD.,443.05,446.80,431.45,437.45,442.15,-1.06,15.35,3.46,0.20,87869,38698367.30,2843
2026-09-23 00:00:00,SOUTHWEST,SOUTH WEST PINNACLE LTD,190.00,198.00,190.00,194.64,190.79,2.02,8.00,4.21,-0.41,87484,17062080.91,2418
2026-09-23 00:00:00,AVADHSUGAR,AVADH SUG & ENERGY LTD,732.00,751.00,725.10,730.80,732.80,-0.27,25.90,3.54,-0.11,87245,64475651.10,4710
2026-09-23 00:00:00,MANYAVAR,VEDANT FASHIONS LIMITED,532.00,542.95,529.05,531.15,535.35,-0.78,13.90,2.61,-0.63,87124,46701887.35,5653
2026-09-23 00:00:00,MAHLIFE,MAHINDRA LIFESPACE DEVLTD,358.10,361.65,352.15,356.60,359.05,-0.68,9.50,2.65,-0.26,86955,30939218.15,8705
2026-09-23 00:00:00,JSWDULUX,JSW DULUX LIMITED,3186.00,3268.00,3135.00,3160.90,3137.10,0.76,133.00,4.17,1.56,86927,277149328.20,14748
2026-09-23 00:00:00,AONENIFTY,AONEAMC - AONENIFTY,9.71,9.73,9.63,9.69,9.67,0.21,0.10,1.03,0.41,86750,839596.91,971
2026-09-23 00:00:00,RIIL,RELIANCE INDUSTRIAL INFRA,711.95,731.00,707.05,719.95,709.70,1.44,23.95,3.36,0.32,86618,62527815.90,3976
2026-09-23 00:00:00,ABSLPSE,BIRLASLAMC-ABSLPSE,9.95,10.09,9.95,10.02,10.00,0.20,0.14,1.41,-0.50,86429,868988.22,270
2026-09-23 00:00:00,AGARIND,AGARWAL INDS CORP LTD.,404.10,425.00,403.40,408.65,405.80,0.70,21.60,5.35,-0.42,86387,35569785.10,3928
2026-09-23 00:00:00,DOLLEX,DOLLEX AGROTECH LIMITED,38.00,38.25,36.50,37.75,36.60,3.14,1.75,4.61,3.83,86114,3263691.90,229
2026-09-23 00:00:00,SHREERAMA,SHREE RAMA MULTI TECH LTD,43.75,46.29,43.72,45.79,43.69,4.81,2.57,5.87,0.14,86110,3879439.41,1056
2026-09-23 00:00:00,NELCAST,NELCAST LIMITED,108.81,110.66,106.80,106.98,108.90,-1.76,3.86,3.55,-0.08,85930,9286964.56,1754
2026-09-23 00:00:00,THANGAMAYL,THANGAMAYIL JEWELLERY LTD,5174.00,5349.50,5173.50,5317.00,5119.50,3.86,176.00,3.40,1.06,85826,454562127.50,17190
2026-09-23 00:00:00,BANKADD,DSPAMC - DSPBANK,57.82,58.08,57.78,58.01,57.68,0.57,0.30,0.52,0.24,85517,4962933.77,63
2026-09-23 00:00:00,INDIASHLTR,INDIA SHELTER FIN CORP L,660.00,675.00,652.05,667.15,662.15,0.76,22.95,3.48,-0.32,85267,56600967.65,5993
2026-09-23 00:00:00,PRABHA,PRABHA ENERGY LIMITED,235.80,238.83,233.02,234.80,235.72,-0.39,5.81,2.46,0.03,84663,19953507.86,1542
2026-09-23 00:00:00,STARCEMENT,STAR CEMENT LIMITED,189.35,190.99,187.71,189.23,189.51,-0.15,3.28,1.73,-0.08,84627,16030886.25,2114
2026-09-23 00:00:00,SGIL,SYNERGY GREEN IND. LTD,660.00,697.95,632.05,668.50,636.80,4.98,65.90,9.98,3.64,84520,56468118.65,4128
2026-09-23 00:00:00,SADBHAV,SADBHAV ENGINEERING LTD,7.68,7.80,7.55,7.71,7.68,0.39,0.25,3.26,0.00,84305,645416.81,230
2026-09-23 00:00:00,ETHOSLTD,ETHOS LIMITED,2657.30,2749.00,2617.60,2660.20,2613.30,1.79,131.40,4.94,1.68,84295,227502010.30,17542
2026-09-23 00:00:00,WSTCSTPAPR,WEST COAST PAPER MILLS LT,751.00,757.75,742.00,747.25,749.75,-0.33,15.75,2.10,0.17,83716,62654681.75,6437
2026-09-23 00:00:00,FABTECH,FABTECH TECHNOLOGIES LTD,148.25,149.80,147.01,148.64,147.02,1.10,2.79,1.88,0.84,83406,12412063.60,1327
2026-09-23 00:00:00,JLHL,JUPITER LIFE LINE HOSP L,274.05,278.65,271.85,274.05,274.80,-0.27,6.80,2.48,-0.27,83065,22776379.80,6113
2026-09-23 00:00:00,NUVAMA,NUVAMA WEALTH MANAGE LTD,1669.70,1696.80,1669.60,1688.20,1675.70,0.75,27.20,1.63,-0.36,82852,140077897.80,11882
2026-09-23 00:00:00,SHARDACROP,SHARDA CROPCHEM LTD.,750.50,765.70,748.05,758.05,747.35,1.43,17.65,2.35,0.42,82837,62848759.60,6020
2026-09-23 00:00:00,GSLSU,GLOBAL SURFACES LIMITED,32.00,32.45,31.51,32.43,30.91,4.92,0.94,2.94,3.53,82751,2679793.21,541
2026-09-23 00:00:00,RAJTV,RAJ TV NETWORK LTD,9.55,9.77,9.35,9.77,9.31,4.94,0.42,4.40,2.58,82629,800879.41,118
2026-09-23 00:00:00,HAPPYFORGE,HAPPY FORGINGS LIMITED,2108.50,2138.90,2091.10,2099.80,2108.50,-0.41,47.80,2.27,0.00,82497,174473324.30,13325
2026-09-23 00:00:00,HEIDELBERG,HEIDELBERGCEMENT (I) LTD,142.10,142.10,140.94,141.58,141.13,0.32,1.16,0.82,0.69,82223,11634622.94,1983
2026-09-23 00:00:00,JUNIPER,JUNIPER HOTELS LIMITED,224.65,224.95,221.01,221.77,222.80,-0.46,3.94,1.75,0.83,82050,18269521.83,2199
2026-09-23 00:00:00,POWERICA,POWERICA LIMITED,553.00,576.20,553.00,570.85,559.30,2.07,23.20,4.20,-1.13,82043,46401636.10,3479
2026-09-23 00:00:00,QUICKHEAL,QUICK HEAL TECH LTD,152.48,154.00,150.25,151.57,152.32,-0.49,3.75,2.46,0.11,82002,12459906.78,2330
2026-09-23 00:00:00,NIITMTS,NIIT LEARNING SYSTEMS LTD,219.45,221.50,216.81,220.27,217.81,1.13,4.69,2.14,0.75,81817,17945389.17,4535
2026-09-23 00:00:00,HCG,HEALTHCARE GLOB. ENT. LTD,713.10,723.25,706.20,712.70,713.10,-0.06,17.05,2.39,0.00,81683,58454781.55,11869
2026-09-23 00:00:00,BALAXI,BALAXI PHARMA LTD,23.12,23.58,22.42,22.94,23.12,-0.78,1.16,5.02,0.00,81169,1857050.52,494
2026-09-23 00:00:00,XPROINDIA,XPRO INDIA LIMITED,1205.00,1244.00,1202.40,1223.50,1201.00,1.87,41.60,3.45,0.33,80425,98374572.10,10031
2026-09-23 00:00:00,KMEW,KNOWLEDGE MARINE & EN W L,3000.20,3020.00,2925.30,2996.60,2976.70,0.67,94.70,3.16,0.79,80182,239089371.00,13033
2026-09-23 00:00:00,VOEPL,VIRTUOSO OPTOELECTRONIC L,494.95,521.00,494.95,515.10,493.05,4.47,26.05,5.26,0.39,79459,40686429.15,3146
2026-09-23 00:00:00,IGCL,INDOGULF CROPSCIENCES LTD,65.17,65.75,63.07,63.55,64.85,-2.00,2.68,4.11,0.49,79146,5051756.93,2265
2026-09-23 00:00:00,ATLANTAELE,ATLANTA ELECTRICALS LTD,1680.00,1707.00,1640.00,1656.30,1664.90,-0.52,67.00,3.99,0.91,78945,131324766.50,10588
2026-09-23 00:00:00,TARACHAND,TARA CHAND INFRA SOLN LTD,47.90,47.90,45.16,45.97,47.08,-2.36,2.74,5.72,1.74,78744,3654829.95,731
2026-09-23 00:00:00,NAVNETEDUL,NAVNEET EDUCATION LTD,123.00,125.90,123.00,123.75,123.12,0.51,2.90,2.36,-0.10,78660,9776486.98,2415
2026-09-23 00:00:00,BHARATSE,BHARAT SEATS LIMITED,219.86,222.59,218.60,220.05,219.86,0.09,3.99,1.81,0.00,78657,17333138.31,3288
2026-09-23 00:00:00,SAURASHCEM,SAURASHTRA CEMENT LIMITED,52.98,54.00,52.90,53.86,53.15,1.34,1.10,2.08,-0.32,78627,4232754.90,706
2026-09-23 00:00:00,BROOKS,BROOKS LAB LIMITED,60.74,62.49,59.09,61.00,59.09,3.23,3.40,5.60,2.79,78607,4814722.98,657
2026-09-23 00:00:00,MOLDTKPAC,MOLD-TEK PACKAGING LTD,641.50,685.80,641.50,679.95,639.95,6.25,44.30,6.91,0.24,78593,52859436.60,5961
2026-09-23 00:00:00,SPANDANA,SPANDANA SPHOORTY FIN LTD,227.25,233.32,227.20,232.18,227.38,2.11,6.12,2.69,-0.06,78579,18190597.24,1983
2026-09-23 00:00:00,JHS,JHS SVEND. LAB. LTD,8.15,8.60,8.15,8.47,8.34,1.56,0.45,5.52,-2.28,78452,661974.33,370
2026-09-23 00:00:00,RAMCOIND,RAMCO INDUSTRIES LIMITED,319.15,326.90,319.15,325.95,320.85,1.59,7.75,2.43,-0.53,78432,25384412.60,3778
2026-09-23 00:00:00,APCOTEXIND,APCOTEX INDUSTRIES LIMITE,612.00,614.00,593.50,609.80,609.45,0.06,20.50,3.35,0.42,78328,47580257.80,4017
2026-09-23 00:00:00,MEDANTA,GLOBAL HEALTH LIMITED,1495.30,1499.00,1475.50,1496.10,1487.80,0.56,23.50,1.57,0.50,78256,116582310.70,10636
2026-09-23 00:00:00,SANDHAR,SANDHAR TECHNOLOGIES LTD,589.20,595.00,584.60,591.75,586.30,0.93,10.40,1.77,0.49,78228,46257916.40,3871
2026-09-23 00:00:00,SIGMA,SIGMA SOLVE LIMITED,46.46,46.50,45.85,46.04,46.46,-0.90,0.65,1.40,0.00,78069,3602268.55,591
2026-09-23 00:00:00,SUPREMEIND,SUPREME INDUSTRIES LTD,3477.80,3513.00,3465.10,3497.10,3460.50,1.06,47.90,1.38,0.50,78063,272208715.10,12744
2026-09-23 00:00:00,APEX,APEX FROZEN FOODS LIMITED,356.90,364.10,355.55,362.50,356.90,1.57,8.55,2.40,0.00,77992,28204752.55,3925
2026-09-23 00:00:00,AAVAS,AAVAS FINANCIERS LIMITED,1313.20,1339.80,1280.30,1285.80,1313.10,-2.08,59.50,4.53,0.01,77904,101574938.10,11609
2026-09-23 00:00:00,NOVARTIND,NOVARTIS INDIA LIMITED,1998.00,2099.00,1959.90,2027.40,1973.30,2.74,139.10,6.96,1.25,77712,157580925.70,10817
2026-09-23 00:00:00,ZUARI,ZUARI AGRO CHEMICALS LTD,227.80,227.80,222.61,224.09,225.72,-0.72,5.19,2.28,0.92,77398,17373102.07,2438
2026-09-23 00:00:00,ORIENTTECH,ORIENT TECHNOLOGIES LTD,235.08,239.80,233.50,238.06,235.08,1.27,6.30,2.68,0.00,76929,18179234.23,2239
2026-09-23 00:00:00,LOKESHMACH,LOKESH MACHINES LTD,335.05,364.00,335.05,359.25,337.15,6.55,28.95,8.64,-0.62,76824,27359585.90,2850
2026-09-23 00:00:00,LAOPALA,LA OPALA RG LIMITED,160.00,163.83,160.00,163.06,160.61,1.53,3.83,2.39,-0.38,76706,12452522.52,1862
2026-09-23 00:00:00,ADSL,ALLIED DIGITAL SERV. LTD,96.63,98.50,96.12,97.78,96.44,1.39,2.38,2.46,0.20,76698,7481865.93,1577
2026-09-23 00:00:00,KOTHARIPET,KOTHARI PETROCHEM LTD,134.16,139.00,134.06,136.81,134.16,1.98,4.94,3.68,0.00,76642,10491399.12,1432
2026-09-23 00:00:00,RELTD,RAVINDRA ENERGY LIMITED,150.51,151.39,147.40,149.36,151.26,-1.26,3.99,2.65,-0.50,76395,11384146.49,1791
2026-09-23 00:00:00,IMFA,INDIAN METALS & FERRO,1261.80,1279.00,1249.90,1266.10,1252.80,1.06,29.10,2.31,0.72,75849,96002818.00,8410
2026-09-23 00:00:00,PATINTLOG,PATEL INT. LOG. LTD,14.29,14.53,14.06,14.42,14.19,1.62,0.47,3.29,0.70,75782,1093928.66,233
2026-09-23 00:00:00,BYKE,THE BYKE HOSPITALITY LTD,30.30,30.85,28.75,30.35,30.31,0.13,2.10,6.93,-0.03,75426,2251413.60,500
2026-09-23 00:00:00,MOMOMENTUM,MOTILALAMC - MOMOMENTUM,60.09,61.97,60.09,61.77,61.32,0.73,1.88,3.13,-2.01,74495,4596665.39,248
2026-09-23 00:00:00,BALAJITELE,BALAJI TELEFILMS LIMITED.,94.45,96.72,93.65,94.18,93.71,0.50,3.07,3.25,0.79,74370,7043689.52,1697
2026-09-23 00:00:00,HTMEDIA,HT MEDIA LIMITED,23.85,25.40,23.69,24.86,24.45,1.68,1.71,7.17,-2.45,74352,1822021.34,543
2026-09-23 00:00:00,DENTA,DENTA WATER N INFRA SOL L,273.90,278.40,272.75,274.80,272.65,0.79,5.65,2.06,0.46,74195,20406442.95,1651
2026-09-23 00:00:00,IFBIND,IFB INDUSTRIES LTD,1213.20,1269.60,1205.00,1258.70,1213.10,3.76,64.60,5.32,0.01,74193,92203449.70,5603
2026-09-23 00:00:00,NAGREEKCAP,NAGREEKA CAP & INFR.LTD,29.04,31.00,28.21,30.20,28.46,6.11,2.79,9.61,2.04,74186,2202125.59,540
2026-09-23 00:00:00,INDOWIND,INDOWIND ENERGY LTD,9.09,9.09,8.82,8.94,9.00,-0.67,0.27,2.97,1.00,74042,660483.69,456
2026-09-23 00:00:00,SRF,SRF LTD,2545.00,2562.00,2540.00,2550.00,2538.30,0.46,22.00,0.86,0.26,73197,186900289.30,9414
2026-09-23 00:00:00,AURUM,AURUM PROPTECH LIMITED,223.80,225.00,220.00,223.19,222.04,0.52,5.00,2.23,0.79,73019,16239677.80,2380
2026-09-23 00:00:00,NV20,KOTAKMAMC - KTKNV20ETF,13.67,13.67,13.50,13.56,13.58,-0.15,0.17,1.24,0.66,72893,987919.03,272
2026-09-23 00:00:00,SURAKSHA,SURAKSHA DIAGNOSTIC LTD,359.00,359.00,346.00,355.35,353.40,0.55,13.00,3.62,1.58,72845,25740389.65,3142
2026-09-23 00:00:00,APTECHT,APTECH LIMITED,92.48,94.00,91.40,92.06,91.78,0.31,2.60,2.81,0.76,72405,6696117.13,1001
2026-09-23 00:00:00,ORIRAIL,ORIENTAL RAIL INFRA L,127.00,128.22,124.37,126.81,126.96,-0.12,3.85,3.03,0.03,72334,9154976.26,1964
2026-09-23 00:00:00,TGBHOTELS,TGB BANQUETS&HOTELS LTD,9.84,10.15,9.36,9.43,9.64,-2.18,0.79,8.03,2.07,72038,708707.15,183
2026-09-23 00:00:00,VALIANTORG,VALIANT ORGANICS LIMITED,410.10,428.00,410.10,420.80,418.35,0.59,17.90,4.36,-1.97,71996,30309332.55,2063
2026-09-23 00:00:00,SUPREME,SUPREME HOLDIN N HOSP I L,32.60,33.53,31.21,31.97,32.19,-0.68,2.32,7.12,1.27,71938,2358293.07,443
2026-09-23 00:00:00,SUDARSCHEM,SUDARSHAN CHEMICAL INDS L,1234.20,1257.50,1229.10,1236.90,1230.30,0.54,28.40,2.30,0.32,71876,89487320.80,6017
2026-09-23 00:00:00,GALLANTT,GALLANTT ISPAT LIMITED,541.10,562.70,541.10,556.45,545.70,1.97,21.60,3.99,-0.84,71669,39771174.20,4479
2026-09-23 00:00:00,RSWM,RSWM LIMITED,228.99,229.00,222.00,225.28,227.01,-0.76,7.00,3.06,0.87,71503,16087273.51,1501
2026-09-23 00:00:00,MANAKSIA,MANAKSIA LTD.,65.34,67.90,64.51,66.80,65.34,2.23,3.39,5.19,0.00,71359,4754339.03,811
2026-09-23 00:00:00,TECHNOE,TECHNO ELEC & ENG CO. LTD,1005.65,1021.80,1005.65,1012.05,1005.65,0.64,16.15,1.61,0.00,71021,72046356.60,7276
2026-09-23 00:00:00,INDIAMART,INDIAMART INTERMESH LTD,1644.70,1657.00,1636.00,1652.40,1635.20,1.05,21.00,1.28,0.58,71004,117078618.30,8218
2026-09-23 00:00:00,OSWALGREEN,OSWAL GREENTECH LIMITED,19.75,20.30,19.75,20.20,20.06,0.70,0.55,2.78,-1.55,70616,1417569.35,658
2026-09-23 00:00:00,HDFCNIF100,HDFCAMC - HDFCNIF100,25.42,25.51,25.36,25.45,25.31,0.55,0.15,0.59,0.43,70609,1799250.78,198
2026-09-23 00:00:00,MONEYBOXX,MONEYBOXX FINANCE LIMITED,57.40,58.40,54.53,54.96,57.40,-4.25,3.87,6.74,0.00,70488,3955341.09,471
2026-09-23 00:00:00,NIBE,NIBE LIMITED,1360.00,1383.30,1333.10,1346.90,1369.90,-1.68,50.20,3.69,-0.72,70122,95280098.00,4823
2026-09-23 00:00:00,FERMENTA,FERMENTA BIOTECH LTD.,470.30,490.00,470.30,475.50,470.60,1.04,19.70,4.19,-0.06,69810,33578087.60,3655
2026-09-23 00:00:00,VRLLOG,VRL LOGISTICS LIMITED,291.75,295.20,291.45,291.75,291.75,0.00,3.75,1.29,0.00,69734,20411998.30,2423
2026-09-23 00:00:00,APOLLOPIPE,APOLLO PIPES LIMITED,526.20,532.45,517.60,522.45,526.10,-0.69,14.85,2.82,0.02,69429,36485372.95,2987
2026-09-23 00:00:00,MIDSMALL,MIRAEAMC - MIDSMALL,51.15,51.60,51.15,51.56,51.14,0.82,0.45,0.88,0.02,69229,3563086.05,445
2026-09-23 00:00:00,MANGLMCEM,MANGALAM CEMENT LTD,1014.60,1052.40,1014.60,1033.30,1006.30,2.68,37.80,3.73,0.82,69168,71799015.20,3263
2026-09-23 00:00:00,BHARTIHEXA,BHARTI HEXACOM LIMITED,1527.80,1549.00,1521.60,1525.20,1534.30,-0.59,27.40,1.79,-0.42,69109,105830287.60,17641
2026-09-23 00:00:00,EVINDIA,MIRAEAMC - EVINDIA,31.69,31.83,31.65,31.72,31.64,0.25,0.18,0.57,0.16,68944,2189212.64,1019
2026-09-23 00:00:00,BAJEL,BAJEL PROJECTS LIMITED,172.50,174.98,171.00,174.06,172.47,0.92,3.98,2.31,0.02,68789,11915659.90,2125
2026-09-23 00:00:00,KECL,KIRLOSKAR ELECTRIC CO LTD,122.05,122.05,119.00,120.24,121.21,-0.80,3.05,2.50,0.69,68644,8283144.64,1462
2026-09-23 00:00:00,GULFOILLUB,GULF OIL LUB. IND. LTD.,1048.00,1104.30,1048.00,1098.70,1050.90,4.55,56.30,5.37,-0.28,68465,74023904.50,4502
2026-09-23 00:00:00,RACLGEAR,RACL GEARTECH LIMITED,1758.00,1795.00,1640.00,1689.60,1758.00,-3.89,155.00,8.82,0.00,68163,115907294.60,9768
2026-09-23 00:00:00,SURANAT&P,SURANA TELECOM AND POW LT,16.05,16.40,15.90,16.04,16.19,-0.93,0.50,3.12,-0.86,67954,1088411.86,676
2026-09-23 00:00:00,POWERINDIA,HITACHI ENERGY INDIA LTD,31565.00,31660.00,31050.00,31150.00,31415.00,-0.84,610.00,1.93,0.48,67887,2121301680.00,21384
2026-09-23 00:00:00,VMSTMT,VMS TMT LIMITED,47.27,47.51,45.50,45.92,47.23,-2.77,2.01,4.25,0.08,67791,3153842.15,823
2026-09-23 00:00:00,EXXARO,EXXARO TILES LIMITED,6.27,6.32,6.15,6.27,6.23,0.64,0.17,2.71,0.64,67787,423999.38,250
2026-09-23 00:00:00,DDEVPLSTIK,DDEV PLASTIKS IND LTD,262.65,263.55,260.50,262.60,260.45,0.83,3.05,1.16,0.84,67705,17755735.40,2079
2026-09-23 00:00:00,CARYSIL,CARYSIL LIMITED,1067.90,1089.70,1059.10,1085.10,1065.30,1.86,30.60,2.87,0.24,67696,73068702.40,5788
2026-09-23 00:00:00,PDSL,PDS LIMITED,362.40,364.00,359.05,361.40,361.45,-0.01,4.95,1.37,0.26,67691,24512101.45,3337
2026-09-23 00:00:00,PRINCEPIPE,PRINCE PIPES FITTINGS LTD,265.50,268.15,264.55,265.75,265.25,0.19,3.60,1.36,0.09,67525,17968743.80,2741
2026-09-23 00:00:00,FIEMIND,FIEM INDUSTRIES LIMITED,1907.10,1938.00,1897.00,1924.50,1906.70,0.93,41.00,2.15,0.02,67467,129681807.50,11026
2026-09-23 00:00:00,ASHIANA,ASHIANA HOUSING LTD,392.70,393.95,383.10,391.05,385.00,1.57,10.85,2.76,2.00,67327,26160876.65,2225
2026-09-23 00:00:00,LCCINFOTEC,LCC INFOTECH LTD,3.84,3.84,3.66,3.84,3.66,4.92,0.18,4.69,4.92,67198,257316.84,134
2026-09-23 00:00:00,KRSNAA,KRSNAA DIAGNOSTICS LTD,558.00,567.90,557.10,560.05,557.85,0.39,10.80,1.94,0.03,67117,37789267.80,3194
2026-09-23 00:00:00,SAGCEM,SAGAR CEMENTS LIMITED,153.98,154.88,150.55,152.68,151.32,0.90,4.33,2.81,1.76,67000,10218587.54,1180
2026-09-23 00:00:00,SARLAPOLY,SARLA PERF. FIBERS LTD,98.40,101.70,97.60,100.03,99.26,0.78,4.10,4.17,-0.87,66846,6649908.90,673
2026-09-23 00:00:00,POLYMED,POLY MEDICURE LIMITED,1699.90,1734.00,1699.90,1726.60,1699.00,1.62,34.10,2.01,0.05,66841,114922219.40,8210
2026-09-23 00:00:00,KRISHNADEF,KRISHNA DEF AND ALD IND L,1027.60,1048.30,1025.60,1032.90,1025.60,0.71,22.70,2.21,0.20,66368,68761091.20,5885
2026-09-23 00:00:00,TSFINV,TSF INVESTMENTS LIMITED,465.00,465.70,458.00,462.05,461.35,0.15,7.70,1.66,0.79,66149,30535772.25,6364
2026-09-23 00:00:00,GPTHEALTH,GPT HEALTHCARE LIMITED,162.79,166.00,160.35,161.50,162.79,-0.79,5.65,3.47,0.00,65970,10715990.38,2101
2026-09-23 00:00:00,ABSLAMC,ADIT BIRL SUN LIF AMC LTD,1027.00,1041.00,1022.50,1026.60,1027.00,-0.04,18.50,1.80,0.00,65947,68063951.80,10450
2026-09-23 00:00:00,INDOSTAR,INDOSTAR CAPITAL FIN LTD,231.58,233.90,225.25,227.26,231.58,-1.87,8.65,3.74,0.00,65443,15041364.05,1943
2026-09-23 00:00:00,ZENITHSTL,ZENITH STEEL PIP IND LTD,5.33,5.44,5.20,5.34,5.31,0.56,0.24,4.50,0.38,65372,350255.75,213
2026-09-23 00:00:00,PRAKASHSTL,PRAKASH STEELAGE LTD,3.72,3.82,3.70,3.72,3.72,0.00,0.12,3.23,0.00,65249,242922.47,399
2026-09-23 00:00:00,AYMSYNTEX,AYM SYNTEX LIMITED,290.00,308.00,288.05,292.80,295.40,-0.88,19.95,6.88,-1.83,65117,19526951.75,2215
2026-09-23 00:00:00,KANANIIND,KANANI INDUSTRIES LTD,1.41,1.43,1.41,1.42,1.42,0.00,0.02,1.42,-0.70,65112,92201.30,139
2026-09-23 00:00:00,HDFCMOMENT,HDFCAMC - HDFCMOMENT,30.68,30.97,30.60,30.87,30.69,0.59,0.37,1.21,-0.03,65064,2001535.76,399
2026-09-23 00:00:00,VENKEYS,VENKY S (INDIA) LIMITED,1675.10,1741.90,1672.10,1692.20,1675.90,0.97,69.80,4.17,-0.05,64935,111143360.20,7419
2026-09-23 00:00:00,ALPA,ALPA LABORATORIES LTD,61.50,62.35,59.55,60.39,61.36,-1.58,2.80,4.55,0.23,64455,3909281.02,789
2026-09-23 00:00:00,CAPLIPOINT,CAPLIN POINT LAB LTD.,2777.30,2834.90,2777.20,2793.80,2777.30,0.59,57.70,2.08,0.00,64325,180160763.30,12295
2026-09-23 00:00:00,IZMO,IZMO LIMITED,935.55,944.75,915.15,931.15,931.55,-0.04,29.60,3.16,0.43,64061,59561496.25,4750
2026-09-23 00:00:00,SEDEMAC,SEDEMAC MECHATRONICS LTD,3028.20,3080.00,2980.00,3035.20,3034.30,0.03,100.00,3.30,-0.20,63985,193706281.70,9647
2026-09-23 00:00:00,AMBER,AMBER ENTERPRISES (I) LTD,7020.00,7107.00,7020.00,7064.50,7000.00,0.92,87.00,1.24,0.29,63504,448543399.50,10950
2026-09-23 00:00:00,PSUBANK,KOTAK PSU BANK,82.57,83.82,82.57,83.41,82.66,0.91,1.25,1.51,-0.11,63408,5292848.79,315
2026-09-23 00:00:00,GULPOLY,GULSHAN POLYOLS LIMITED,174.54,177.01,173.03,174.22,173.10,0.65,3.98,2.28,0.83,63175,11032764.03,2216
2026-09-23 00:00:00,BIRLAMONEY,ADITYA BIRLA MONEY LTD,118.63,121.51,118.63,120.34,118.44,1.60,2.88,2.43,0.16,63124,7580873.72,1047
2026-09-23 00:00:00,KIRLPNU,KIRLOSKAR PNEUMATIC COM L,706.80,717.00,705.00,711.95,706.80,0.73,12.00,1.70,0.00,62999,44881191.60,5523
2026-09-23 00:00:00,ADFFOODS,ADF FOODS LIMITED,263.20,269.35,262.75,268.05,263.15,1.86,6.60,2.51,0.02,62842,16780889.55,2828
2026-09-23 00:00:00,SAIPARENT,SAI PARENTERALS LIMITED,509.20,514.20,501.65,509.30,506.65,0.52,12.55,2.46,0.50,62456,31832962.85,2620
2026-09-23 00:00:00,UNIVCABLES,UNIVERSAL CABLES LTD,1482.00,1519.90,1470.40,1508.80,1478.20,2.07,49.50,3.34,0.26,62316,93282636.30,5404
2026-09-23 00:00:00,BIGBLOC,BIGBLOC CONSTRUCTION LTD,40.75,40.96,39.45,39.97,40.40,-1.06,1.51,3.71,0.87,62239,2483810.28,630
2026-09-23 00:00:00,DBCORP,D.B.CORP LTD,184.56,184.56,181.87,182.22,183.04,-0.45,2.69,1.46,0.83,61966,11324408.60,2725
2026-09-23 00:00:00,JKCEMENT,JK CEMENT LIMITED,5104.00,5160.00,5005.00,5085.00,5104.00,-0.37,155.00,3.04,0.00,61858,317265954.50,7156
2026-09-23 00:00:00,BRNL,BHARAT ROAD NETWORK LTD,16.67,17.41,16.13,16.66,16.67,-0.06,1.28,7.68,0.00,61714,1027101.63,363
2026-09-23 00:00:00,RUSTOMJEE,KEYSTONE REALTORS LIMITED,361.00,372.30,359.95,365.75,363.55,0.61,12.35,3.42,-0.70,61398,22524128.10,5155
2026-09-23 00:00:00,UBL,UNITED BREWERIES LTD,1215.00,1248.10,1215.00,1242.30,1215.20,2.23,33.10,2.72,-0.02,61203,75646163.00,6502
2026-09-23 00:00:00,CENTURYPLY,CENTURY PLYBOARDS (I) LTD,695.00,716.80,695.00,711.90,695.60,2.34,21.80,3.14,-0.09,61115,43319352.70,5539
2026-09-23 00:00:00,DLINKINDIA,D-LINK INDIA LTD,427.00,431.00,422.50,426.10,423.55,0.60,8.50,1.99,0.81,61110,26037585.55,2293
2026-09-23 00:00:00,GENUSPAPER,GENUS P&B LIMITED,11.20,11.57,11.20,11.34,11.28,0.53,0.37,3.30,-0.71,60793,688925.14,336
2026-09-23 00:00:00,GLOBUSSPR,GLOBUS SPIRITS LTD,821.30,835.00,821.30,829.10,821.30,0.95,13.70,1.67,0.00,60628,50298196.75,6698
2026-09-23 00:00:00,HALDER,HALDER VENTURE LIMITED,278.65,283.75,260.00,266.15,277.30,-4.02,23.75,8.52,0.49,60410,16354777.65,1219
2026-09-23 00:00:00,XCHANGING,XCHANGING SOLUTIONS LTD,60.10,61.88,60.10,61.79,60.32,2.44,1.78,2.96,-0.36,60220,3680324.96,1053
2026-09-23 00:00:00,BRIGHOTEL,BRIGADE HOTEL VENTURE LTD,56.95,57.35,56.48,57.05,56.48,1.01,0.87,1.53,0.83,60089,3422540.07,1806
2026-09-23 00:00:00,ECLERX,ECLERX SERVICES LTD,1924.10,1940.00,1909.60,1924.20,1924.10,0.01,30.40,1.58,0.00,60071,115484010.40,8321
2026-09-23 00:00:00,TECH,BIRLASLAMC - TECH,31.37,31.50,31.00,31.05,31.37,-1.02,0.50,1.59,0.00,59892,1861456.85,300
2026-09-23 00:00:00,YASHO,YASHO INDUSTRIES LIMITED,3993.50,4180.00,3902.00,4144.70,3959.40,4.68,278.00,6.96,0.86,59622,244465523.20,13270
2026-09-23 00:00:00,HILINFRA,HIGHWAY INFRASTRUCTURE L,43.70,43.88,43.20,43.56,43.26,0.69,0.68,1.56,1.02,59582,2597394.85,596
2026-09-23 00:00:00,CREATIVEYE,CREATIVE EYE LIMITED,6.68,6.68,5.60,6.19,6.25,-0.96,1.08,16.17,6.88,59489,356769.98,299
2026-09-23 00:00:00,BANCOINDIA,BANCO PRODUCTS (I) LTD,612.00,618.20,607.30,611.75,605.65,1.01,10.90,1.78,1.05,59280,36352387.20,5700
2026-09-23 00:00:00,KDGREEN,KD GREEN INDUSTRIES LTD,50.26,52.00,49.97,50.03,50.01,0.04,2.03,4.04,0.50,59171,2986443.98,566
2026-09-23 00:00:00,VIRINCHI,VIRINCHI LIMITED,14.00,14.19,13.81,14.03,14.00,0.21,0.38,2.71,0.00,59083,825878.40,281
2026-09-23 00:00:00,PAKKA,PAKKA LIMITED,77.02,79.00,76.50,77.15,77.02,0.17,2.50,3.25,0.00,58981,4585833.60,722
2026-09-23 00:00:00,MBLINFRA,MBL INFRASTRUCTURE LTD,22.20,22.49,21.31,21.72,21.76,-0.18,1.18,5.32,2.02,58613,1276784.64,418
2026-09-23 00:00:00,SCHAND,S CHAND AND COMPANY LTD,135.37,142.78,133.92,137.86,133.75,3.07,8.86,6.55,1.21,58188,7998809.09,1870
2026-09-23 00:00:00,POKARNA,POKARNA LIMITED,737.00,750.00,736.05,741.05,732.55,1.16,13.95,1.89,0.61,57910,43012105.95,3635
2026-09-23 00:00:00,ENDURANCE,ENDURANCE TECHNO. LTD.,2698.00,2745.60,2656.90,2669.60,2693.70,-0.89,88.70,3.29,0.16,57593,155460832.70,17193
2026-09-23 00:00:00,RPEL,RAGHAV PRODUCTIVITY ENH L,1742.00,1783.30,1701.00,1711.70,1742.30,-1.76,82.30,4.72,-0.02,57548,100126660.00,8525
2026-09-23 00:00:00,LANDMARK,LANDMARK CARS LIMITED,514.80,518.00,500.65,506.40,510.50,-0.80,17.35,3.37,0.84,57410,29111585.45,3355
2026-09-23 00:00:00,TVTODAY,TV TODAY NETWORK LTD,109.85,110.70,107.15,107.70,107.67,0.03,3.55,3.23,2.02,57092,6166916.10,584
2026-09-23 00:00:00,DEVX,DEV ACCELERATOR LIMITED,34.81,35.46,34.81,35.00,35.06,-0.17,0.65,1.87,-0.71,56997,1997747.16,471
2026-09-23 00:00:00,MEIL,MANGAL ELECTRICAL IND L,274.45,284.00,266.00,274.25,271.75,0.92,18.00,6.56,0.99,56811,15710471.90,2050
2026-09-23 00:00:00,MADHAVIPL,MADHAV INFRA PROJECTS L,7.65,7.78,7.50,7.67,7.39,3.79,0.28,3.66,3.52,56608,432595.55,248
2026-09-23 00:00:00,VMART,VMART RETAIL LTD,790.30,797.50,781.35,786.60,795.60,-1.13,16.15,2.04,-0.67,56513,44668351.75,5159
2026-09-23 00:00:00,ANUP,THE ANUP ENGINEERING LTD,1673.00,1728.00,1664.40,1698.40,1663.00,2.13,63.60,3.80,0.60,56184,95405427.40,7109
2026-09-23 00:00:00,MAXESTATES,MAX ESTATES LIMITED,597.00,605.75,593.00,603.20,595.05,1.37,12.75,2.14,0.33,56043,33650116.75,3128
2026-09-23 00:00:00,PVSL,POPULAR VEHICLES N SER L,98.92,100.37,97.60,98.71,99.92,-1.21,2.77,2.80,-1.00,56036,5530333.41,800
2026-09-23 00:00:00,JISLDVREQS,JAIN DVR EQUITY SHARES,20.58,21.00,20.15,20.36,20.53,-0.83,0.85,4.13,0.24,55586,1133313.34,196
2026-09-23 00:00:00,MOKSH,MOKSH ORNAMENTS LIMITED,10.19,10.25,9.95,10.13,10.06,0.70,0.30,2.94,1.29,55566,559689.87,188
2026-09-23 00:00:00,PATELRMART,PATEL RETAIL LIMITED,204.34,211.28,204.05,210.33,205.36,2.42,7.23,3.54,-0.50,55309,11542309.01,1295
2026-09-23 00:00:00,GICHSGFIN,GIC HOUSING FINANCE LTD,139.00,139.79,138.16,139.48,138.86,0.45,1.63,1.17,0.10,55197,7683728.53,612
2026-09-23 00:00:00,TIMKEN,TIMKEN INDIA LTD.,3152.00,3299.00,3133.60,3287.90,3178.50,3.44,165.40,5.25,-0.83,55180,178670862.90,10700
2026-09-23 00:00:00,LUXIND,LUX INDUSTRIES LIMITED,1167.00,1202.00,1161.20,1186.50,1157.50,2.51,40.80,3.50,0.82,55135,65222332.50,4083
2026-09-23 00:00:00,JAGSNPHARM,JAGSONPAL PHARMACEUTICALS,227.00,228.40,221.44,225.63,225.68,-0.02,6.96,3.07,0.58,54990,12379376.72,3061
2026-09-23 00:00:00,MASTEK,MASTEK LTD,1573.00,1585.00,1557.00,1573.30,1567.90,0.34,28.00,1.78,0.33,54954,86188763.90,6117
2026-09-23 00:00:00,NEXT50BETA,UTIAMC-NEXT50BETA,77.65,78.41,77.30,78.10,77.27,1.07,1.11,1.43,0.49,54728,4270729.42,399
2026-09-23 00:00:00,GEMAROMA,GEM AROMATICS LIMITED,153.62,157.00,152.86,154.94,153.72,0.79,4.14,2.69,-0.07,54609,8485136.63,1302
2026-09-23 00:00:00,INGERRAND,INGERSOLL-RAND INDIA LTD,4146.70,4299.00,4121.20,4228.40,4146.70,1.97,177.80,4.29,0.00,54585,230924441.40,6472
2026-09-23 00:00:00,MOHEALTH,MOTILALAMC - MOHEALTH,53.17,53.17,52.60,52.80,52.65,0.28,0.57,1.07,0.99,54326,2874730.77,413
2026-09-23 00:00:00,SRTL,SHREE RAM TWISTEX LIMITED,38.50,39.61,38.50,38.90,38.84,0.15,1.11,2.88,-0.88,54296,2116105.42,643
2026-09-23 00:00:00,MUNJALSHOW,MUNJAL SHOWA LTD,133.65,135.87,132.00,133.44,133.32,0.09,3.87,2.90,0.25,54209,7279545.85,845
2026-09-23 00:00:00,STUDDS,STUDDS ACCESSORIES LTD,422.00,424.80,412.70,415.75,421.45,-1.35,12.10,2.87,0.13,54012,22511427.45,4191
2026-09-23 00:00:00,DREDGECORP,DREDGING CORP OF INDIA,993.80,1022.10,992.70,1017.50,993.80,2.38,29.40,2.96,0.00,53819,54430451.30,4025
2026-09-23 00:00:00,LATTEYS,LATTEYS INDUSTRIES LTD,20.80,20.90,19.70,20.35,20.48,-0.63,1.20,5.77,1.56,53669,1079978.08,315
2026-09-23 00:00:00,SMLMAH,SML MAHINDRA LIMITED,6790.00,6898.50,6720.00,6794.00,6719.50,1.11,178.50,2.63,1.05,53537,363254414.50,12367
2026-09-23 00:00:00,ACC,ACC LIMITED,1242.60,1254.60,1240.50,1251.40,1238.20,1.07,14.10,1.13,0.36,53120,66402775.20,6590
2026-09-23 00:00:00,ALANKIT,ALANKIT LIMITED,7.80,8.16,7.80,8.04,7.94,1.26,0.36,4.62,-1.76,53018,424589.06,367
2026-09-23 00:00:00,VIPCLOTHNG,VIP CLOTHING LIMITED,21.79,21.98,21.27,21.72,21.66,0.28,0.71,3.26,0.60,52932,1148534.84,184
2026-09-23 00:00:00,ARVEE,ARVEE LABORATORIES I LTD,232.50,255.00,231.20,242.18,236.07,2.59,23.80,10.24,-1.51,52699,12857591.09,1286
2026-09-23 00:00:00,FREDUN,FREDUN PHARMACEUTICALS L,1409.00,1410.00,1385.10,1394.00,1382.60,0.82,24.90,1.77,1.91,52582,73587730.20,4515
2026-09-23 00:00:00,GLOTTIS,GLOTTIS LIMITED,57.25,58.50,57.25,58.10,57.41,1.20,1.25,2.18,-0.28,52488,3045613.51,580
2026-09-23 00:00:00,AVL,ADITYA VISION LIMITED,626.30,629.40,620.60,624.40,627.10,-0.43,8.80,1.41,-0.13,52482,32796811.35,3439
2026-09-23 00:00:00,ULTRAMAR,ULTRAMARINE & PIGMENTS L,427.40,441.30,422.60,439.15,423.90,3.60,18.70,4.38,0.83,52370,22777411.50,2634
2026-09-23 00:00:00,MMFL,MM FORGINGS LTD,599.50,624.50,599.50,614.65,603.40,1.86,25.00,4.17,-0.65,52247,32127786.00,4295
2026-09-23 00:00:00,SUBROS,SUBROS LIMITED,725.00,742.00,721.60,731.50,720.65,1.51,20.40,2.81,0.60,52234,38304575.35,3810
2026-09-23 00:00:00,SUNDARMFIN,SUNDARAM FINANCE LTD,4729.20,4741.50,4640.00,4654.90,4751.90,-2.04,101.50,2.15,-0.48,52156,243975362.70,13913
2026-09-23 00:00:00,LEXUS,LEXUS GRANITO (INDIA) LTD,12.89,13.38,12.40,12.50,12.47,0.24,0.98,7.60,3.37,52072,657839.41,416
2026-09-23 00:00:00,LOYALTEX,LOYAL TEXTILE MILLS LTD,222.55,257.94,219.25,231.23,214.95,7.57,38.69,17.38,3.54,52037,12677097.86,1475
2026-09-23 00:00:00,INTERARCH,INTERARCH BLDNG SOLTN LTD,1716.60,1733.00,1687.20,1693.10,1701.60,-0.50,45.80,2.67,0.88,51512,87943011.80,4051
2026-09-23 00:00:00,CRAFTSMAN,CRAFTSMAN AUTOMATION LTD,10600.00,10990.00,10509.00,10904.00,10602.00,2.85,481.00,4.54,-0.02,51402,554356214.00,18212
2026-09-23 00:00:00,SHREEPUSHK,SHRE PUSH CHEM & FERT LTD,503.05,517.00,492.20,495.80,505.85,-1.99,24.80,4.93,-0.55,50695,25502281.35,2532
2026-09-23 00:00:00,EVEREADY,EVEREADY INDS. IND.  LTD.,329.05,332.00,325.50,328.50,329.05,-0.17,6.50,1.98,0.00,50486,16604729.30,1979
2026-09-23 00:00:00,MULTICAP,MIRAEAMC - MULTICAP,16.52,16.57,16.47,16.53,16.45,0.49,0.10,0.61,0.43,50466,834320.35,332
2026-09-23 00:00:00,PYRAMID,PYRAMID TECHNOPLAST LTD,159.60,160.88,155.11,159.33,157.79,0.98,5.77,3.62,1.15,50286,8027732.84,815
2026-09-23 00:00:00,ALICON,ALICON CASTALLOY LIMITED,742.55,749.80,734.30,739.05,744.50,-0.73,15.50,2.09,-0.26,50192,37205428.45,2648
2026-09-23 00:00:00,MADRASFERT,MADRAS FERTILISERS LTD,61.35,62.49,60.00,61.47,61.35,0.20,2.49,4.06,0.00,49965,3078597.24,1062
2026-09-23 00:00:00,GODAVARIB,GODAVARI BIOREFINERIES L,244.30,244.90,238.05,239.43,243.40,-1.63,6.85,2.80,0.37,49964,12051639.25,1336
2026-09-23 00:00:00,KSCL,KAVERI SEED CO. LTD.,705.85,715.00,699.95,710.70,699.70,1.57,15.05,2.13,0.88,49831,35225438.35,2556
2026-09-23 00:00:00,DECCANCE,DECCAN CEMENTS LIMITED,567.25,570.50,557.65,560.45,562.25,-0.32,12.85,2.27,0.89,49757,28095879.05,1230
2026-09-23 00:00:00,PVTBANKADD,DSPAMC - DSPPVBKETF,27.82,27.93,27.76,27.77,27.91,-0.50,0.17,0.61,-0.32,49593,1381100.66,93
2026-09-23 00:00:00,KIOCL,KIOCL LIMITED,344.70,351.00,342.75,349.35,342.55,1.99,8.25,2.39,0.63,49267,17149370.15,2648
2026-09-23 00:00:00,AHLUCONT,AHLUWALIA CONT IND LTD,582.40,591.85,575.40,580.60,582.40,-0.31,16.45,2.82,0.00,49246,28613112.00,4515
2026-09-23 00:00:00,GMBREW,G M BREWERIES LTD,948.05,973.00,945.10,968.30,948.05,2.14,27.90,2.94,0.00,49050,47259297.90,3591
2026-09-23 00:00:00,AIRAN,AIRAN LIMITED,17.10,17.47,16.70,16.78,17.02,-1.41,0.77,4.50,0.47,48993,826248.32,440
2026-09-23 00:00:00,MOMENTUM,BIRLASLAMC - MOMENTUM,29.98,30.98,29.98,30.94,30.75,0.62,1.00,3.34,-2.50,48982,1514448.68,127
2026-09-23 00:00:00,GANECOS,GANESHA ECOSPHERE LIMITED,998.40,1040.00,998.40,1036.60,998.40,3.83,41.60,4.17,0.00,48904,50175295.40,4807
2026-09-23 00:00:00,BBTC,BOMBAY BURMAH TRADING COR,1466.00,1480.90,1442.10,1450.20,1460.40,-0.70,38.80,2.65,0.38,48883,71240675.80,4055
2026-09-23 00:00:00,GYFTR,GYFTR LIMITED,169.80,170.48,166.46,168.03,168.50,-0.28,4.02,2.37,0.77,48837,8237639.73,2136
2026-09-23 00:00:00,SRHHYPOLTD,SREE RAYALSEEMA HHP LTD.,603.80,620.90,585.05,587.50,599.25,-1.96,35.85,5.94,0.76,48715,29244059.65,3372
2026-09-23 00:00:00,LTTS,L&T TECHNOLOGY SER. LTD.,3285.00,3300.00,3198.20,3231.30,3293.60,-1.89,101.80,3.10,-0.26,48247,156909223.20,9557
2026-09-23 00:00:00,VIDHIING,VIDHI SPCLTY F INGRDNTS L,362.95,364.00,354.85,359.85,359.95,-0.03,9.15,2.52,0.83,48059,17243846.80,2453
2026-09-23 00:00:00,VINEETLAB,VINEET LABORATORIES LTD,35.60,35.89,34.25,34.82,34.81,0.03,1.64,4.61,2.27,48043,1681210.38,561
2026-09-23 00:00:00,NESCO,NESCO LTD.,1069.00,1094.00,1069.00,1078.50,1069.00,0.89,25.00,2.34,0.00,47959,51768295.60,6316
2026-09-23 00:00:00,DREAMFOLKS,DREAMFOLKS SERVICES LTD,63.88,64.25,62.10,63.91,63.04,1.38,2.15,3.37,1.33,47951,3027816.48,1221
2026-09-23 00:00:00,KOLTEPATIL,KOLTE PATIL DEV. LTD.,437.50,442.60,435.40,440.05,435.55,1.03,7.20,1.65,0.45,47783,21001311.45,2557
2026-09-23 00:00:00,CEWATER,CONCORD ENVIRO SYSTEMS L,278.20,280.00,270.60,274.40,278.75,-1.56,9.40,3.38,-0.20,47694,13188416.05,2503
2026-09-23 00:00:00,TAJGVK,TAJ GVK HOTELS & RESORTS,327.65,333.00,327.30,329.90,328.85,0.32,5.70,1.74,-0.36,47479,15680912.40,2051
2026-09-23 00:00:00,TIIL,TECHNOCRAFT IND LTD,3004.60,3155.30,3000.00,3019.90,2983.00,1.24,155.30,5.17,0.72,47403,145283374.30,9122
2026-09-23 00:00:00,PEARLPOLY,PEARL POLYMERS LTD,19.06,19.77,19.06,19.70,18.83,4.62,0.71,3.73,1.22,47273,926989.44,192
2026-09-23 00:00:00,REPCOHOME,REPCO HOME FINANCE LTD,356.00,361.20,354.20,355.85,357.25,-0.39,7.00,1.97,-0.35,47082,16773868.95,2061
2026-09-23 00:00:00,PAUSHAKLTD,PAUSHAK LIMITED,700.95,711.60,680.00,687.20,700.95,-1.96,31.60,4.51,0.00,46827,32486891.10,3100
2026-09-23 00:00:00,HGINFRA,H.G.INFRA ENGINEERING LTD,444.00,452.80,444.00,450.70,444.45,1.41,8.80,1.98,-0.10,46742,20979062.50,3932
2026-09-23 00:00:00,RUBFILA,RUBFILA INTERNATIONAL LTD,66.53,67.19,65.76,66.04,66.97,-1.39,1.43,2.15,-0.66,46712,3112044.22,909
2026-09-23 00:00:00,NITINSPIN,NITIN SPINNERS LIMITED,613.75,619.90,610.70,617.80,608.40,1.55,9.20,1.50,0.88,46585,28695172.30,2906
2026-09-23 00:00:00,JKLAKSHMI,JK LAKSHMI CEMENT LTD,505.60,514.45,505.60,511.20,507.80,0.67,8.85,1.75,-0.43,46467,23788419.45,4109
2026-09-23 00:00:00,WAAREEINDO,INDOSOLAR LIMITED,261.20,261.20,253.00,255.70,254.45,0.49,8.20,3.14,2.65,46439,11885216.10,975
2026-09-23 00:00:00,UTIAMC,UTI ASSET MNGMT CO LTD,921.55,926.35,907.50,909.95,919.95,-1.09,18.85,2.05,0.17,46356,42358757.25,5460
2026-09-23 00:00:00,BALMLAWRIE,BALMER LAWRIE & CO LTD,167.20,168.00,166.61,167.43,167.43,0.00,1.39,0.83,-0.14,46338,7753117.98,976
2026-09-23 00:00:00,MUFTI,CREDO BRANDS MARKETING L,73.34,73.89,72.31,73.20,73.34,-0.19,1.58,2.15,0.00,46267,3391370.96,587
2026-09-23 00:00:00,TVSELECT,TVS ELECTRONICS LTD,390.00,400.00,390.00,391.80,391.15,0.17,10.00,2.56,-0.29,46174,18266894.80,2239
2026-09-23 00:00:00,SRGHFL,SRG HOUSING FINANCE L,150.00,158.10,147.85,158.10,143.75,9.98,10.25,6.83,4.35,46174,7119875.25,603
2026-09-23 00:00:00,NPST,NETWORK PEOPLE SRV TECH L,1905.30,1905.30,1837.60,1844.70,1888.80,-2.33,67.70,3.55,0.87,46146,85879034.70,5937
2026-09-23 00:00:00,ERIS,ERIS LIFESCIENCES LIMITED,1271.20,1285.70,1265.10,1269.90,1271.20,-0.10,20.60,1.62,0.00,45891,58332663.40,3204
2026-09-23 00:00:00,VTMLTD,V T M LTD.,45.89,46.75,41.35,44.50,45.40,-1.98,5.40,11.77,1.08,45862,2089973.40,1135
2026-09-23 00:00:00,CROWN,CROWN LIFTERS LIMITED,130.00,130.32,120.57,122.53,124.96,-1.94,9.75,7.50,4.03,45823,5754359.54,519
2026-09-23 00:00:00,MOVALUE,MOTILALAMC - MOVALUE,110.44,112.23,110.40,111.73,110.44,1.17,1.83,1.66,0.00,45664,5088816.10,501
2026-09-23 00:00:00,MKPL,M K PROTEINS LIMITED,4.10,4.10,3.98,4.04,4.03,0.25,0.12,2.93,1.74,45612,183861.63,242
2026-09-23 00:00:00,PRIMO,PRIMO CHEMICALS LIMITED,23.15,23.27,22.60,22.92,22.69,1.01,0.67,2.89,2.03,45589,1045394.96,423
2026-09-23 00:00:00,SCHAEFFLER,SCHAEFFLER INDIA LIMITED,4054.20,4098.70,4035.30,4085.70,4054.20,0.78,63.40,1.56,0.00,45556,185817327.50,17468
2026-09-23 00:00:00,EMKAY,EMKAY GLOBAL FIN SERV LTD,266.75,277.00,262.15,270.60,264.55,2.29,14.85,5.57,0.83,45325,12332097.95,1140
2026-09-23 00:00:00,BAIDFIN,BAID FINSERV LIMITED,10.44,10.83,10.41,10.55,10.55,0.00,0.42,4.02,-1.04,45319,477823.55,239
2026-09-23 00:00:00,SBIMIDMOM,SBIAMC - SBIMIDMOM,63.64,63.69,63.04,63.65,63.01,1.02,0.65,1.02,1.00,45297,2877266.34,109
2026-09-23 00:00:00,KRITI,KRITI INDUSTRIES IND LTD,62.89,66.00,60.11,63.19,59.75,5.76,5.89,9.37,5.26,45222,2840431.43,304
2026-09-23 00:00:00,OBCL,OBCL LIMITED,59.60,61.00,59.60,60.27,58.16,3.63,1.40,2.35,2.48,45135,2715647.50,251
2026-09-23 00:00:00,SINGERIND,SINGER INDIA LIMITED,76.38,79.85,76.38,79.13,77.26,2.42,3.47,4.54,-1.14,45095,3549548.27,621
2026-09-23 00:00:00,HNDFDS,HINDUSTAN FOODS LIMITED,622.00,625.00,612.15,621.10,622.15,-0.17,12.85,2.07,-0.02,44647,27681517.65,3880
2026-09-23 00:00:00,TNTELE,TAMILNADU TELECOMMUNICATI,9.15,9.60,8.42,9.06,9.11,-0.55,1.18,12.90,0.44,44578,398510.27,259
2026-09-23 00:00:00,GUJALKALI,GUJARAT ALKALIES & CHEM,626.90,634.90,625.00,633.00,626.55,1.03,9.90,1.58,0.06,44404,28070532.20,2747
2026-09-23 00:00:00,CEMNTGROWW,GROWWAMC - CEMNTGROWW,14.30,14.38,14.08,14.28,14.30,-0.14,0.30,2.10,0.00,44323,630155.10,290
2026-09-23 00:00:00,DOLLAR,DOLLAR INDUSTRIES LIMITED,272.80,276.00,269.00,274.45,272.80,0.60,7.00,2.57,0.00,44194,12038086.90,1784
2026-09-23 00:00:00,BPL,BPL LTD,45.78,46.40,44.25,45.09,45.20,-0.24,2.15,4.70,1.28,44133,1995662.19,685
2026-09-23 00:00:00,PARNAXLAB,PARNAX LAB LTD.,134.98,134.98,125.00,128.73,129.22,-0.38,9.98,7.39,4.46,44059,5512166.95,83
2026-09-23 00:00:00,SOBHA,SOBHA LIMITED,1230.00,1251.00,1222.10,1243.80,1230.90,1.05,28.90,2.35,-0.07,43906,54359369.40,7162
2026-09-23 00:00:00,ELM250,EDELAMC - ELM250,16.36,16.40,16.14,16.20,16.26,-0.37,0.26,1.59,0.62,43871,714369.94,188
2026-09-23 00:00:00,MACPOWER,MACPOWER CNC MACHINES LTD,2139.00,2141.90,2030.60,2059.50,2096.50,-1.76,111.30,5.20,2.03,43775,90987327.00,5886
2026-09-23 00:00:00,TTKPRESTIG,TTK PRESTIGE LTD,519.15,528.00,517.15,525.80,517.15,1.67,10.85,2.09,0.39,43374,22697231.35,4762
2026-09-23 00:00:00,SJS,SJS ENTERPRISES LIMITED,2310.80,2347.00,2310.40,2334.10,2310.80,1.01,36.60,1.58,0.00,43229,100858523.70,9587
2026-09-23 00:00:00,MANAKALUCO,MANAK ALUMINIUM CO. LTD.,35.99,36.39,35.31,35.96,35.36,1.70,1.08,3.00,1.78,42954,1545735.41,430
2026-09-23 00:00:00,SAFARI,SAFARI IND (INDIA) LTD,1498.00,1506.40,1472.10,1491.60,1498.50,-0.46,34.30,2.29,-0.03,42901,63883924.90,6066
2026-09-23 00:00:00,ORIENTCER,ORIENT CERATECH LIMITED,48.60,48.84,47.69,47.70,48.08,-0.79,1.15,2.37,1.08,42804,2049229.84,575
2026-09-23 00:00:00,MONARCH,MONARCH NETWORTH CAP LTD,370.55,370.60,361.00,363.45,366.90,-0.94,9.60,2.59,0.99,42773,15609621.85,1147
2026-09-23 00:00:00,SHANTIGEAR,SHANTHI GEARS LTD,664.30,680.55,655.50,668.05,673.70,-0.84,25.05,3.77,-1.40,42582,28446217.75,2309
2026-09-23 00:00:00,TCI,TRANSPORT CORPN OF INDIA,813.45,834.95,813.45,829.75,813.45,2.00,21.50,2.64,0.00,42256,35027654.90,6432
2026-09-23 00:00:00,DCI,DC INFOTECH AND COMUN LTD,275.85,277.25,266.40,268.60,275.85,-2.63,10.85,3.93,0.00,41762,11345914.15,1964
2026-09-23 00:00:00,INDBANK,INDBANK MERCH BANK,25.65,26.39,25.65,26.14,25.65,1.91,0.74,2.88,0.00,41698,1085552.60,655
2026-09-23 00:00:00,GREENLAM,GREENLAM INDUSTRIES LTD.,225.07,229.19,223.08,227.83,226.17,0.73,6.11,2.71,-0.49,41627,9451894.17,1402
2026-09-23 00:00:00,GROWWMOM50,GROWWAMC - GROWWMOM50,10.88,10.94,10.83,10.92,10.88,0.37,0.11,1.01,0.00,41322,450992.77,302
2026-09-23 00:00:00,ECOSMOBLTY,ECOS (INDIA) MOB & HOSP L,108.80,112.00,108.00,109.11,108.62,0.45,4.00,3.68,0.17,41289,4514493.39,1049
2026-09-23 00:00:00,HOMEFIRST,HOME FIRST FIN CO IND LTD,1200.40,1217.30,1198.00,1205.80,1212.50,-0.55,19.30,1.61,-1.00,41253,49688712.90,4947
2026-09-23 00:00:00,PRIMESECU,PRIME SECURITIES LIMITED,287.05,300.00,286.55,296.35,290.20,2.12,13.45,4.69,-1.09,41199,12129864.65,837
2026-09-23 00:00:00,INDIQUBE,INDIQUBE SPACES LIMITED,190.13,193.00,187.00,192.46,187.96,2.39,6.00,3.16,1.15,40955,7826226.05,2850
2026-09-23 00:00:00,ZUARIIND,ZUARI INDUSTRIES LIMITED,274.95,280.55,271.20,278.90,275.10,1.38,9.35,3.40,-0.05,40853,11343209.25,1246
2026-09-23 00:00:00,UMESLTD,USHA MARTIN EDU & SOL LTD,4.30,4.67,4.30,4.60,4.57,0.66,0.37,8.60,-5.91,40679,186265.16,129
2026-09-23 00:00:00,SVPGLOB,SVP GLOBAL TEXTILES LTD,3.35,3.47,3.21,3.35,3.34,0.30,0.26,7.76,0.30,40480,134058.89,69
2026-09-23 00:00:00,KPL,KWALITY PHARMACEUTICALS L,3773.00,3840.00,3705.00,3724.50,3752.80,-0.75,135.00,3.58,0.54,40372,151808553.40,6969
2026-09-23 00:00:00,INDOBORAX,INDO BORAX & CHEMICAL LTD,463.00,471.90,460.00,462.55,463.55,-0.22,11.90,2.57,-0.12,40341,18714457.05,2284
2026-09-23 00:00:00,CSLFINANCE,CSL FINANCE LIMITED,222.00,223.00,213.95,216.95,220.24,-1.49,9.05,4.08,0.80,40117,8701249.15,1000
2026-09-23 00:00:00,RUDRA,RUDRA GLOBAL INFRA PROD L,20.47,20.47,19.74,19.81,20.10,-1.44,0.73,3.57,1.84,39703,790723.86,167
2026-09-23 00:00:00,KAPSTON,KAPSTON SERVICES LIMITED,570.75,588.50,570.75,585.90,570.55,2.69,17.75,3.11,0.04,39643,23099814.15,1445
2026-09-23 00:00:00,RKSWAMY,R K SWAMY LIMITED,89.94,94.00,88.00,92.45,87.80,5.30,6.00,6.67,2.44,39564,3595145.72,514
2026-09-23 00:00:00,VINDHYATEL,VINDHYA TELELINKS LTD,2865.00,2917.00,2850.00,2864.60,2865.40,-0.03,67.00,2.34,-0.01,39450,113668450.00,5168
2026-09-23 00:00:00,COSMOFIRST,COSMO FIRST LIMITED,861.55,883.30,860.00,867.20,862.75,0.52,23.30,2.70,-0.14,39315,34148754.25,3101
2026-09-23 00:00:00,MODIS,MODIS NAVNIRMAN LTD,347.00,370.00,341.00,356.35,347.30,2.61,29.00,8.36,-0.09,39231,14150619.55,1278
2026-09-23 00:00:00,STYL,SESHAASAI TECHNOLOGIES L,360.05,366.20,358.05,359.80,361.25,-0.40,8.15,2.26,-0.33,39184,14167746.40,2134
2026-09-23 00:00:00,MOALPHA50,MOTILALAMC - MOALPHA50,56.50,56.83,54.89,55.69,55.44,0.45,1.94,3.43,1.91,39162,2183157.32,149
2026-09-23 00:00:00,MANGALAM,MANGALAM DRUG & CHEM LTD,32.95,34.30,32.06,32.32,32.24,0.25,2.24,6.80,2.20,39080,1284832.08,405
2026-09-23 00:00:00,SYMPHONY,SYMPHONY LIMITED,594.00,596.00,586.00,592.60,590.55,0.35,10.00,1.68,0.58,39027,23067401.75,2150
2026-09-23 00:00:00,ANNAPURNA,ANNAPURNA SWADISHT LTD,132.90,135.15,130.20,130.68,131.71,-0.78,4.95,3.72,0.90,38808,5121485.28,811
2026-09-23 00:00:00,EMAMIREAL,EMAMI REALTY LIMITED,69.00,71.40,69.00,69.58,68.00,2.32,2.40,3.48,1.47,38442,2696058.28,349
2026-09-23 00:00:00,THOMASCOTT,THOMAS SCOTT (INDIA) LTD,236.00,239.40,232.55,235.15,236.90,-0.74,6.85,2.90,-0.38,38180,8997573.90,1010
2026-09-23 00:00:00,SKFINDUS,SKF IND (INDUSTRIAL) LTD,2813.10,2928.00,2782.00,2885.90,2790.80,3.41,146.00,5.19,0.80,38160,108667934.30,12399
2026-09-23 00:00:00,BANG,BANG OVERSEAS LTD.,32.60,32.80,31.57,31.78,32.46,-2.09,1.23,3.77,0.43,37947,1210947.31,376
2026-09-23 00:00:00,SATIA,SATIA INDUSTRIES LIMITED,67.60,68.38,66.81,67.24,67.41,-0.25,1.57,2.32,0.28,37855,2557172.68,712
2026-09-23 00:00:00,ORICONENT,ORICON ENTERPRISES LTD,55.78,55.80,52.31,53.84,55.78,-3.48,3.49,6.26,0.00,37842,2046121.40,701
2026-09-23 00:00:00,NIFTY1,KOTAK NIFTY ETF,259.86,260.93,258.94,260.14,259.86,0.11,1.99,0.77,0.00,37795,9834348.34,1075
2026-09-23 00:00:00,PTL,PTL ENTERPRISES LTD,38.35,38.50,38.11,38.18,38.35,-0.44,0.39,1.02,0.00,37612,1443488.55,385
2026-09-23 00:00:00,EMCURE,EMCURE PHARMACEUTICALS L,1955.00,1992.30,1955.00,1981.70,1975.00,0.34,37.30,1.91,-1.01,37562,74243554.20,5893
2026-09-23 00:00:00,BLIL,BALMER LAWRIE INVSTS. L,67.48,67.48,67.01,67.28,67.35,-0.10,0.47,0.70,0.19,37398,2514029.85,1234
2026-09-23 00:00:00,DYNAMATECH,DYNAMATIC TECHNOLOGIES,12659.00,12966.00,12463.00,12561.00,12516.00,0.36,503.00,3.97,1.14,37310,472905986.00,12351
2026-09-23 00:00:00,PSUBANKADD,DSPAMC - DSPPSBKETF,83.84,84.65,83.84,84.44,83.20,1.49,0.81,0.97,0.77,37270,3145271.18,112
2026-09-23 00:00:00,JAYSREETEA,JAYSHREE TEA & INDUSTRIES,89.95,91.00,89.12,89.55,88.75,0.90,1.88,2.09,1.35,37234,3347620.64,489
2026-09-23 00:00:00,NIBL,NRB INDUS. BEARINGS LTD.,34.00,34.30,33.00,33.52,33.08,1.33,1.30,3.82,2.78,37193,1258979.04,419
2026-09-23 00:00:00,TERASOFT,TERA SOFTWARE LIMITED,240.30,246.95,228.60,230.80,240.80,-4.15,18.35,7.64,-0.21,37055,8720528.25,1778
2026-09-23 00:00:00,SWARNSAR,SWARNSARITA JEWELS IND L,38.21,44.50,38.21,42.04,39.69,5.92,6.29,16.46,-3.73,36942,1536995.39,194
2026-09-23 00:00:00,CEINSYS,CEINSYS TECH LIMITED,707.70,715.00,701.05,712.05,701.50,1.50,13.95,1.97,0.88,36833,26106466.95,2246
2026-09-23 00:00:00,BALPHARMA,BAL PHARMA LTD.,108.52,111.58,107.10,108.28,108.16,0.11,4.48,4.13,0.33,36829,4021074.28,815
2026-09-23 00:00:00,AJAXENGG,AJAX ENGINEERING LIMITED,560.25,572.45,560.25,569.15,564.60,0.81,12.20,2.18,-0.77,36816,20893241.15,6663
2026-09-23 00:00:00,GFLLIMITED,GFL LIMITED,56.00,58.49,56.00,56.74,56.95,-0.37,2.49,4.45,-1.67,36697,2079609.41,728
2026-09-23 00:00:00,RKEC,RKEC PROJECTS LIMITED,18.97,19.19,18.50,19.04,18.43,3.31,0.69,3.64,2.93,36623,693542.78,201
2026-09-23 00:00:00,ALKYLAMINE,ALKYL AMINES CHEM. LTD,1872.60,1900.00,1864.50,1883.00,1863.80,1.03,35.50,1.90,0.47,36583,69077120.80,5967
2026-09-23 00:00:00,SKFINDIA,SKF INDIA LTD,1507.20,1534.70,1502.10,1519.80,1507.20,0.84,32.60,2.16,0.00,36312,55141539.30,6831
2026-09-23 00:00:00,SUNDROP,SUNDROP BRANDS LIMITED,748.90,756.65,725.00,744.30,742.35,0.26,31.65,4.23,0.88,36238,26861795.85,1751
2026-09-23 00:00:00,UFO,UFO MOVIEZ INDIA LTD.,61.20,61.50,60.11,60.64,60.64,0.00,1.39,2.27,0.92,36229,2207926.22,356
2026-09-23 00:00:00,KOKUYOCMLN,KOKUYO CAMLIN LIMITED,75.50,76.80,75.12,76.35,75.71,0.85,1.68,2.23,-0.28,36023,2752758.20,464
2026-09-23 00:00:00,MMWL,MEDIA MATRIX WORLDWIDE L,13.35,13.85,13.28,13.70,13.29,3.09,0.57,4.27,0.45,35980,486666.68,127
2026-09-23 00:00:00,GODREJIND,GODREJ INDUSTRIES LTD,1099.60,1117.00,1094.70,1106.00,1099.60,0.58,22.30,2.03,0.00,35933,39769065.50,4092
2026-09-23 00:00:00,FINKURVE,FINKURVE FINANCIAL SERV L,71.69,71.70,69.50,70.12,70.39,-0.38,2.20,3.07,1.85,35900,2527363.95,805
2026-09-23 00:00:00,HPAL,HP ADHESIVES LIMITED,35.26,36.85,35.05,35.65,35.39,0.73,1.80,5.10,-0.37,35795,1276778.87,576
2026-09-23 00:00:00,PLATIND,PLATINUM INDUSTRIES LTD,216.07,218.17,214.82,216.58,216.07,0.24,3.35,1.55,0.00,35738,7730539.02,1240
2026-09-23 00:00:00,DANGEE,DANGEE DUMS LIMITED,2.70,2.83,2.67,2.70,2.70,0.00,0.16,5.93,0.00,35687,97134.62,89
2026-09-23 00:00:00,RAMKY,RAMKY INFRA LTD,319.20,327.70,317.40,325.15,316.55,2.72,10.30,3.23,0.84,35578,11466353.30,1447
2026-09-23 00:00:00,INNOVANA,INNOVANA THINKLABS LTD,304.00,304.00,295.30,299.10,295.30,1.29,8.70,2.86,2.95,35551,10621992.50,532
2026-09-23 00:00:00,CLSEL,CHAMAN LAL SETIA EXP LTD,293.45,298.60,293.00,296.25,293.40,0.97,5.60,1.91,0.02,35431,10494304.10,1259
2026-09-23 00:00:00,GOACARBON,GOA CARBON LIMITED,381.20,409.00,381.20,402.35,386.90,3.99,27.80,7.29,-1.47,35405,14180409.70,1415
2026-09-23 00:00:00,BANSWRAS,BANSWARA SYNTEX LIMITED,115.21,115.21,110.62,111.28,113.33,-1.81,4.59,3.98,1.66,35341,3957326.10,578
2026-09-23 00:00:00,BIRLACORPN,BIRLA CORPORATION LTD,819.50,842.00,819.50,839.95,817.60,2.73,22.50,2.75,0.23,35065,29278596.50,4203
2026-09-23 00:00:00,ADVAIT,ADVAIT ENRGY TRANSITION L,1992.40,2013.50,1965.00,1976.80,2005.60,-1.44,48.50,2.43,-0.66,35052,69621379.60,4645
2026-09-23 00:00:00,THEMISMED,THEMIS MEDICARE LTD.,125.85,125.85,121.50,121.97,122.60,-0.51,4.35,3.46,2.65,35037,4312531.03,1022
2026-09-23 00:00:00,WSI,W.S.INDUSTRIES (I) LTD.,58.00,59.75,57.45,58.13,58.32,-0.33,2.30,3.97,-0.55,34947,2038604.01,400
2026-09-23 00:00:00,AMRUTANJAN,AMRUTAJAN HEALTH LTD,500.05,513.35,498.00,510.05,500.05,2.00,15.35,3.07,0.00,34784,17597050.00,2032
2026-09-23 00:00:00,TOLINS,TOLINS TYRES LIMITED,89.70,93.00,89.48,91.58,89.60,2.21,3.52,3.92,0.11,34684,3167566.31,739
2026-09-23 00:00:00,BAJAJINDEF,INDEF MANUFACTURING LTD,223.00,228.00,217.12,221.90,219.02,1.31,10.88,4.88,1.82,34631,7761188.16,741
2026-09-23 00:00:00,STANLEY,STANLEY LIFESTYLES LTD,136.43,137.95,135.00,137.43,135.43,1.48,2.95,2.16,0.74,34505,4727816.52,850
2026-09-23 00:00:00,ALLTIME,ALL TIME PLASTICS LIMITED,204.90,206.92,203.71,205.36,203.73,0.80,3.21,1.57,0.57,34329,7047087.86,1419
2026-09-23 00:00:00,BFUTILITIE,BF UTILITIES LIMITED,528.00,537.45,521.85,530.50,527.45,0.58,15.60,2.95,0.10,34192,18180869.60,1636
2026-09-23 00:00:00,VALUEAXIS,AXISAMC-VALUEAXIS,32.36,32.64,32.20,32.48,32.04,1.37,0.44,1.36,1.00,34078,1104558.28,216
2026-09-23 00:00:00,PANACEABIO,PANACEA BIOTEC LTD,382.60,386.70,378.00,381.75,382.65,-0.24,8.70,2.27,-0.01,34025,13019164.55,1698
2026-09-23 00:00:00,ONWARDTEC,ONWARD TECHNOLOGIES LTD,287.20,296.00,287.00,294.00,286.60,2.58,9.00,3.13,0.21,33949,9940831.30,1187
2026-09-23 00:00:00,SRM,SRM CONTRACTORS LIMITED,423.30,425.40,418.95,422.45,419.80,0.63,6.45,1.52,0.83,33857,14306610.00,1986
2026-09-23 00:00:00,INDIGOPNTS,INDIGO PAINTS LIMITED,1142.00,1148.00,1132.10,1140.00,1142.00,-0.18,15.90,1.39,0.00,33681,38373948.90,5012
2026-09-23 00:00:00,AFFORDABLE,AFFORD ROBO & AUTO LTD,173.00,179.30,166.50,174.65,170.77,2.27,12.80,7.40,1.31,33674,5891472.00,728
2026-09-23 00:00:00,DHATRE,DHATRE UDYOG LTD.,4.30,4.39,4.12,4.15,4.27,-2.81,0.27,6.28,0.70,33591,141499.46,180
2026-09-23 00:00:00,VISHNU,VISHNU CHEMICALS LIMITED,721.90,730.00,716.15,723.95,720.90,0.42,13.85,1.92,0.14,33418,24196499.35,2491
2026-09-23 00:00:00,CAPITALSFB,CAPITAL SMALL FIN BANK L,281.30,286.70,279.05,284.60,281.30,1.17,7.65,2.72,0.00,33387,9477370.00,665
2026-09-23 00:00:00,VENUSREM,VENUS REMEDIES LIMITED,1603.40,1679.30,1603.40,1643.70,1611.50,2.00,75.90,4.73,-0.50,33367,54924524.70,2409
2026-09-23 00:00:00,CENTENKA,CENTURY ENKA LTD,565.65,584.00,565.65,580.55,567.40,2.32,18.35,3.24,-0.31,33020,19042973.20,2237
2026-09-23 00:00:00,SIKA,SIKA INTERPLANT SYSTEMS L,1089.90,1089.90,1044.20,1059.75,1062.80,-0.29,45.70,4.19,2.55,33001,35040455.50,2941
2026-09-23 00:00:00,SHANKARA,SHANKARA BLDG PRODUCT LTD,141.39,144.38,141.39,143.39,141.39,1.41,2.99,2.11,0.00,32951,4713799.85,497
2026-09-23 00:00:00,SHILGRAVQ,SHILP GRAVURES LTD.,154.57,160.00,144.00,147.67,154.57,-4.46,16.00,10.35,0.00,32843,4914681.98,493
2026-09-23 00:00:00,CRISIL,CRISIL LTD,4525.00,4635.00,4510.50,4605.80,4559.80,1.01,124.50,2.75,-0.76,32752,150112158.60,6483
2026-09-23 00:00:00,SPENCERS,SPENCER S RETAIL LIMITED,28.35,29.86,28.01,29.44,28.47,3.41,1.85,6.53,-0.42,32720,955876.24,515
2026-09-23 00:00:00,HDFCNEXT50,HDFCAMC - HDFCNEXT50,73.67,74.20,73.66,74.12,73.66,0.62,0.54,0.73,0.01,32428,2399387.95,360
2026-09-23 00:00:00,RAMANEWS,SHREE RAMA NEWSPRINT LTD,31.47,32.75,31.30,31.81,32.11,-0.93,1.45,4.61,-1.99,32276,1030312.86,280
2026-09-23 00:00:00,BORANA,BORANA WEAVES LIMITED,298.00,304.95,293.55,295.50,292.40,1.06,11.40,3.83,1.92,32247,9635140.90,505
2026-09-23 00:00:00,DOMS,DOMS INDUSTRIES LIMITED,2098.80,2147.00,2091.60,2141.50,2098.80,2.03,55.40,2.64,0.00,32015,67992362.80,5898
2026-09-23 00:00:00,INNOVISION,INNOVISION LIMITED,254.00,260.50,249.10,257.05,254.45,1.02,11.40,4.49,-0.18,31843,8086155.25,977
2026-09-23 00:00:00,FORCEMOT,FORCE MOTORS LIMITED,17395.00,17469.00,17304.00,17352.00,17275.00,0.45,165.00,0.95,0.69,31775,552084013.00,9956
2026-09-23 00:00:00,HDFCSENSEX,HDFCAMC - HDFCSENSEX,85.18,85.23,84.54,85.00,84.80,0.24,0.69,0.81,0.45,31734,2694064.14,431
2026-09-23 00:00:00,HEALTHCARE,MIRAEAMC - HEALTHCARE,21.35,23.80,21.35,22.09,21.90,0.87,2.45,11.48,-2.51,31580,694759.31,170
2026-09-23 00:00:00,AIAENG,AIA ENGINEERING LIMITED,3930.00,3976.40,3890.30,3970.00,3923.40,1.19,86.10,2.19,0.17,31467,124188224.50,10027
2026-09-23 00:00:00,DRCSYSTEMS,DRC SYSTEMS INDIA LIMITED,12.76,12.88,12.31,12.67,12.29,3.09,0.57,4.47,3.82,31414,393960.78,299
2026-09-23 00:00:00,PGHH,P&G HYGIENE & HEALTH CARE,7325.00,7325.00,7170.00,7193.50,7282.00,-1.22,155.00,2.12,0.59,31383,226645577.50,10293
2026-09-23 00:00:00,SMALLADD,DSPAMC - SMALLADD,18.45,18.62,18.43,18.56,18.43,0.71,0.19,1.03,0.11,31383,581484.43,101
2026-09-23 00:00:00,MOHITE,MOHITE INDUSTRIES LTD.,2.52,2.53,2.42,2.45,2.47,-0.81,0.11,4.37,2.02,31356,76648.37,84
2026-09-23 00:00:00,PILITA,PIL ITALICA LIFESTYLE LTD,7.38,7.73,7.31,7.43,7.38,0.68,0.42,5.69,0.00,31307,235746.53,154
2026-09-23 00:00:00,KOTIC,KOTHARI INDUSTRIAL CORP L,147.78,152.67,147.00,147.11,146.89,0.15,5.67,3.84,0.61,31010,4630491.36,1239
2026-09-23 00:00:00,HDFCPSUBK,HDFCAMC HDFCPSUBK,83.03,84.70,83.03,84.34,83.44,1.08,1.67,2.01,-0.49,30982,2614561.36,170
2026-09-23 00:00:00,5PAISA,5PAISA CAPITAL LIMITED,317.25,321.70,315.00,318.15,315.30,0.90,6.70,2.11,0.62,30838,9775108.95,1069
2026-09-23 00:00:00,COASTCORP,COASTAL CORPORATION LTD,38.97,38.97,37.80,38.04,38.19,-0.39,1.17,3.00,2.04,30799,1181623.25,408
2026-09-23 00:00:00,DHANUKA,DHANUKA AGRITECH LTD,979.90,991.95,965.50,982.65,966.40,1.68,26.45,2.70,1.40,30647,30043200.95,2987
2026-09-23 00:00:00,PRAXIS,PRAXIS HOME RETAIL LTD,4.44,4.44,4.20,4.28,4.35,-1.61,0.24,5.41,2.07,30589,132031.87,139
2026-09-23 00:00:00,NIMBSPROJ,NIMBUS PROJECTS LIMITED,188.01,197.00,186.00,194.79,188.54,3.31,11.00,5.85,-0.28,30579,5870934.64,480
2026-09-23 00:00:00,AJANTPHARM,AJANTA PHARMA LIMITED,3519.60,3575.10,3518.70,3568.10,3519.30,1.39,56.40,1.60,0.01,30430,108180560.80,6497
2026-09-23 00:00:00,IRMENERGY,IRM ENERGY LIMITED,268.00,274.00,268.00,272.90,268.35,1.70,6.00,2.24,-0.13,30224,8206724.20,1506
2026-09-23 00:00:00,AZADIND,AZAD INDIA MOBILITY LTD.,80.98,81.00,79.29,80.93,78.44,3.17,1.71,2.11,3.24,29970,2399126.43,361
2026-09-23 00:00:00,BETA,BETA DRUGS LIMITED,2121.00,2233.90,2105.00,2187.80,2105.00,3.93,128.90,6.08,0.76,29966,65531084.30,4141
2026-09-23 00:00:00,TOP20,MIRAEAMC - TOP20,8.64,8.67,8.62,8.65,8.64,0.12,0.05,0.58,0.00,29905,258560.88,125
2026-09-23 00:00:00,NOVAAGRI,NOVA AGRITECH LIMITED,22.90,23.40,22.90,23.11,23.08,0.13,0.50,2.18,-0.78,29754,689409.28,239
2026-09-23 00:00:00,MIDQ50ADD,DSPAMC - DSPQ50ETF,24.44,24.47,24.28,24.28,24.35,-0.29,0.19,0.78,0.37,29716,724262.89,90
2026-09-23 00:00:00,PRAENG,PRAJAY ENG. SYN. LTD.,21.55,22.00,20.99,21.38,21.56,-0.83,1.01,4.69,-0.05,29712,635365.23,228
2026-09-23 00:00:00,GROWWCHEM,GROWWAMC - GROWWCHEM,28.53,29.90,28.53,29.60,29.27,1.13,1.37,4.80,-2.53,29661,876615.16,156
2026-09-23 00:00:00,ODIGMA,ODIGMA CONSULTANCY SOL L,21.00,21.41,20.70,21.10,20.92,0.86,0.71,3.38,0.38,29650,627592.07,1000
2026-09-23 00:00:00,MIDWESTLTD,MIDWEST LIMITED,1020.00,1085.00,982.80,993.40,1018.30,-2.45,102.20,10.02,0.17,29595,29716779.10,3035
2026-09-23 00:00:00,KIRLOSBROS,KIRLOSKAR BROTHERS LTD,1770.30,1816.00,1769.30,1794.30,1775.30,1.07,46.70,2.64,-0.28,29352,52424581.90,5249
2026-09-23 00:00:00,GILLETTE,GILLETTE INDIA LTD,7009.00,7113.00,6970.00,7094.00,7009.00,1.21,143.00,2.04,0.00,29337,207192831.50,8492
2026-09-23 00:00:00,SAHLIBHFI,SHALIBHADRA FINANCE LTD,78.50,78.50,75.50,76.03,77.36,-1.72,3.00,3.82,1.47,29319,2242658.55,631
2026-09-23 00:00:00,MOMIDMTM,MOTILALAMC - MOMIDMTM,63.64,64.40,63.62,64.22,63.64,0.91,0.78,1.23,0.00,29211,1870449.37,189
2026-09-23 00:00:00,GROWWN200,GROWWAMC - GROWWN200,11.27,11.27,11.04,11.15,11.05,0.90,0.23,2.04,1.99,29199,325113.70,235
2026-09-23 00:00:00,SALZERELEC,SALZER ELECTRONICS LTD,551.45,555.00,545.05,549.05,545.95,0.57,9.95,1.80,1.01,29178,16039125.10,1382
2026-09-23 00:00:00,KANPRPLA,KANPUR PLASTIPACK LIMITED,268.90,276.60,252.85,257.05,266.75,-3.64,23.75,8.83,0.81,28977,7600860.20,1115
2026-09-23 00:00:00,FLUOROCHEM,GUJARAT FLUOROCHEM LTD,4487.20,4529.00,4460.00,4476.40,4487.20,-0.24,69.00,1.54,0.00,28976,130227820.50,8440
2026-09-23 00:00:00,SUPRAJIT,SUPRAJIT ENGINEERING LTD,483.45,491.55,481.60,485.05,483.45,0.33,9.95,2.06,0.00,28891,14069796.90,2722
2026-09-23 00:00:00,KSOLVES,KSOLVES INDIA LIMITED,251.95,260.00,250.75,259.05,250.75,3.31,9.25,3.67,0.48,28863,7357852.55,1254
2026-09-23 00:00:00,HINDCON,HINDCON CHEMICALS LIMITED,24.56,25.40,24.56,25.21,24.73,1.94,0.84,3.42,-0.69,28851,721090.12,291
2026-09-23 00:00:00,CEATLTD,CEAT LIMITED,3403.00,3474.00,3393.00,3432.20,3401.40,0.91,81.00,2.38,0.05,28791,98966571.40,6029
2026-09-23 00:00:00,MAXIND,MAX INDIA LIMITED,151.86,152.94,148.53,149.82,151.86,-1.34,4.41,2.90,0.00,28760,4319468.07,652
2026-09-23 00:00:00,RRIL,R R I L LTD.,16.19,16.24,15.80,16.04,16.11,-0.43,0.44,2.72,0.50,28739,457089.62,138
2026-09-23 00:00:00,ORIENTBELL,ORIENT BELL LIMITED,386.90,397.95,382.40,391.50,392.80,-0.33,15.55,4.02,-1.50,28548,11113514.35,1985
2026-09-23 00:00:00,GRINFRA,G R INFRAPROJECTS LIMITED,808.20,827.80,808.20,825.65,805.15,2.55,19.60,2.43,0.38,28505,23378011.30,2536
2026-09-23 00:00:00,STYRENIX,STYRENIX PERFORMANCE LTD,2078.30,2154.10,2077.60,2130.10,2078.30,2.49,76.50,3.68,0.00,28464,60569465.60,4536
2026-09-23 00:00:00,ASIANHOTNR,ASIAN HOTELS (NORTH) LTD,381.90,394.70,378.05,390.45,385.10,1.39,16.65,4.36,-0.83,28435,11072763.50,575
2026-09-23 00:00:00,EQUAL50ADD,DSPAMC - DSPNEWETF,333.00,335.92,333.00,334.44,334.34,0.03,2.92,0.88,-0.40,28426,9514686.51,237
2026-09-23 00:00:00,DALBHARAT,DALMIA BHARAT LIMITED,1741.10,1749.90,1729.10,1744.00,1741.60,0.14,20.80,1.19,-0.03,28368,49446601.50,4543
2026-09-23 00:00:00,GTPL,GTPL HATHWAY LIMITED,55.61,56.70,54.86,56.07,55.06,1.83,1.84,3.31,1.00,28237,1569704.19,623
2026-09-23 00:00:00,RATNAMANI,RATNAMANI MET & TUB LTD.,2771.00,2841.00,2771.00,2800.80,2781.70,0.69,70.00,2.53,-0.38,28051,79017269.20,7549
2026-09-23 00:00:00,TINNARUBR,TINNA RUBBER AND INFR LTD,1016.50,1026.55,1000.00,1007.25,1008.10,-0.08,26.55,2.61,0.83,27984,28267071.95,2994
2026-09-23 00:00:00,WINDMACHIN,WINDSOR MACHINES LIMITED,300.00,300.50,293.60,295.40,300.00,-1.53,6.90,2.30,0.00,27943,8285037.05,880
2026-09-23 00:00:00,AERONEU,AEROFLEX NEU LIMITED,66.55,67.50,66.02,67.20,66.06,1.73,1.48,2.22,0.74,27894,1859980.40,228
2026-09-23 00:00:00,SMARTWORKS,SMARTWORKS COWORKING SP L,540.80,554.10,539.20,541.05,543.90,-0.52,14.90,2.76,-0.57,27592,15029552.50,1195
2026-09-23 00:00:00,POLYPLEX,POLYPLEX CORPORATION LTD,1090.00,1128.60,1090.00,1117.10,1091.60,2.34,38.60,3.54,-0.15,27586,30803154.60,3815
2026-09-23 00:00:00,EPIGRAL,EPIGRAL LIMITED,1105.90,1114.90,1084.20,1093.60,1100.90,-0.66,30.70,2.78,0.45,27575,30330642.70,2578
2026-09-23 00:00:00,JKIL,JKUMAR INFR.LTD.,478.00,484.95,476.25,479.60,478.00,0.33,8.70,1.82,0.00,27434,13202244.35,1973
2026-09-23 00:00:00,MONTECARLO,MONTE CARLO FASHIONS LTD.,528.20,529.90,523.00,527.60,524.35,0.62,6.90,1.31,0.73,27432,14430552.65,1256
2026-09-23 00:00:00,BUILDPRO,SHANKARA BUILDPRO LIMITED,1314.80,1332.80,1280.60,1292.30,1310.80,-1.41,52.20,3.97,0.31,27400,35600218.60,3142
2026-09-23 00:00:00,ALUFLUOR,ALUFLUORIDE LTD.,538.00,581.75,537.90,577.55,543.35,6.29,43.85,8.15,-0.98,27329,15506029.05,1345
2026-09-23 00:00:00,METROBRAND,METRO BRANDS LIMITED,920.00,920.80,906.00,911.10,920.30,-1.00,14.80,1.61,-0.03,27326,24943288.05,5719
2026-09-23 00:00:00,GANDHITUBE,GANDHI SPL. TUBES LTD,1014.00,1024.00,990.00,995.05,1003.20,-0.81,34.00,3.35,1.08,27224,27419758.75,2626
2026-09-23 00:00:00,KENNAMET,KENNAMETAL INDIA LIMITED,4370.00,4394.70,4261.10,4316.70,4379.40,-1.43,133.60,3.06,-0.21,27181,117380262.80,5902
2026-09-23 00:00:00,ROSSELLIND,ROSSELL INDIA LIMITED,52.00,52.45,51.68,52.03,51.92,0.21,0.77,1.48,0.15,27087,1412186.62,511
2026-09-23 00:00:00,NEULANDLAB,NEULAND LAB LTD.,22605.00,22945.00,22285.00,22490.00,22550.00,-0.27,660.00,2.92,0.24,27009,607772035.00,11958
2026-09-23 00:00:00,BALAJEE,SHREE TIRUPATI BALAJEE L,25.01,25.90,24.90,25.68,25.19,1.95,1.00,4.00,-0.71,26960,687746.00,252
2026-09-23 00:00:00,INTENTECH,INTENSE TECHNOLOGIES LTD,82.00,84.50,79.15,83.69,81.35,2.88,5.35,6.52,0.80,26912,2216907.66,283
2026-09-23 00:00:00,WONDERLA,WONDERLA HOLIDAYS LTD.,515.40,515.40,510.00,510.75,511.15,-0.08,5.40,1.05,0.83,26910,13773791.35,2622
2026-09-23 00:00:00,ASALCBR,ASSO ALCOHOLS & BREW LTD,651.80,662.85,650.00,657.90,651.80,0.94,12.85,1.97,0.00,26870,17657642.20,2457
2026-09-23 00:00:00,SINCLAIR,SINCLAIRS HOTELS LIMITED,81.79,83.97,81.30,82.04,81.79,0.31,2.67,3.26,0.00,26798,2193372.80,313
2026-09-23 00:00:00,GROWWNXT50,GROWWAMC - GROWWNXT50,72.28,73.25,70.52,72.02,71.52,0.70,2.73,3.78,1.06,26606,1923537.56,402
2026-09-23 00:00:00,ADOR,ADOR WELDING LTD,1602.00,1622.00,1588.40,1598.00,1594.80,0.20,33.60,2.10,0.45,26565,42606713.70,2612
2026-09-23 00:00:00,MNC,KOTAKMAMC - KOTAKMNC,32.44,32.64,32.36,32.49,32.28,0.65,0.28,0.86,0.50,26562,863630.90,293
2026-09-23 00:00:00,SGRL,SHREE GANESH REMEDIES LTD,705.10,749.85,705.10,735.55,704.80,4.36,44.75,6.35,0.04,26491,19371306.00,1259
2026-09-23 00:00:00,SEAMECLTD,SEAMEC LIMITED,1745.00,1764.70,1722.20,1752.70,1734.70,1.04,42.50,2.44,0.59,26431,46106500.50,3527
2026-09-23 00:00:00,SPAL,S. P. APPARELS LIMITED,984.50,999.00,976.60,989.50,979.70,1.00,22.40,2.28,0.49,26317,26093605.70,2687
2026-09-23 00:00:00,USK,UDAYSHIVAKUMAR INFRA LTD,19.97,20.50,19.70,19.85,19.97,-0.60,0.80,4.01,0.00,26310,525109.13,1857
2026-09-23 00:00:00,TRU,TRUCAP FINANCE LIMITED,4.17,4.26,4.15,4.23,4.17,1.44,0.11,2.64,0.00,26307,110480.39,142
2026-09-23 00:00:00,TARAPUR,TARAPUR TRANSFORMERS LTD,12.08,12.22,11.88,12.16,12.08,0.66,0.34,2.81,0.00,25949,315845.88,197
2026-09-23 00:00:00,RML,RANE (MADRAS) LIMITED,1338.10,1380.00,1338.10,1356.70,1347.90,0.65,41.90,3.13,-0.73,25789,34983352.00,3508
2026-09-23 00:00:00,CELEBRITY,CELEBRITY FASHIONS LTD,6.72,6.80,6.32,6.65,6.79,-2.06,0.48,7.14,-1.03,25774,169373.90,174
2026-09-23 00:00:00,BELLACASA,BELLA CASA FASH AND RET L,280.69,285.00,273.99,284.12,279.30,1.73,11.01,3.92,0.50,25599,7205532.29,1470
2026-09-23 00:00:00,ESTER,ESTER INDUSTRIES LTD,86.51,88.59,86.50,88.32,87.11,1.39,2.09,2.42,-0.69,25566,2252075.61,645
2026-09-23 00:00:00,DCMSHRIRAM,DCM SHRIRAM LIMITED,980.00,986.90,975.20,980.00,979.30,0.07,11.70,1.19,0.07,25367,24917133.90,4359
2026-09-23 00:00:00,NIFTY100EW,KOTAKMAMC - NIFTY100EW,34.53,34.55,34.40,34.48,34.53,-0.14,0.15,0.43,0.00,25323,873159.70,173
2026-09-23 00:00:00,AKG,AKG EXIM LIMITED,10.48,10.48,9.83,9.97,10.20,-2.25,0.65,6.20,2.75,25308,253231.69,169
2026-09-23 00:00:00,HAVISHA,SRI HAVISHA HOSP & INFR L,1.34,1.40,1.34,1.38,1.36,1.47,0.06,4.48,-1.47,25254,34642.81,69
2026-09-23 00:00:00,ROHLTD,ROYAL ORCHID HOTELS LTD,313.00,313.00,302.35,309.75,306.00,1.23,10.65,3.40,2.29,25196,7735732.25,769
2026-09-23 00:00:00,CPL,CAPTAIN POLYPLAST LIMITED,63.30,63.30,62.05,62.46,62.70,-0.38,1.25,1.97,0.96,25157,1576374.78,334
2026-09-23 00:00:00,SURANASOL,SURANA SOLAR LIMITED,25.74,25.90,25.11,25.86,25.53,1.29,0.79,3.07,0.82,25081,639551.70,344
2026-09-23 00:00:00,RPPINFRA,R.P.P INFRA PROJECTS LTD,53.94,55.60,53.94,55.05,54.98,0.13,1.66,3.08,-1.89,25033,1379089.24,496
2026-09-23 00:00:00,RMC,RMC SWITCHGEARS LIMITED,226.00,229.85,219.24,221.94,225.20,-1.45,10.61,4.69,0.36,25030,5616847.01,1149
2026-09-23 00:00:00,PNC,PNC MEDIA AND ENT LTD,16.10,17.50,16.10,17.33,16.42,5.54,1.40,8.70,-1.95,24978,425707.69,225
2026-09-23 00:00:00,NCLIND,NCL INDUSTRIES LIMITED,175.20,178.00,175.20,176.22,175.51,0.40,2.80,1.60,-0.18,24946,4408257.69,562
2026-09-23 00:00:00,DEVIT,DEV INFO TECHNOLOGY LTD,23.12,23.99,22.79,23.24,23.12,0.52,1.20,5.19,0.00,24914,583495.36,504
2026-09-23 00:00:00,JUBLCPL,JUBILANT AGRI N CON PRO L,2119.70,2244.60,2109.70,2202.40,2099.10,4.92,134.90,6.36,0.98,24809,54551672.80,2903
2026-09-23 00:00:00,CONTROLPR,CONTROL PRINT LIMITED,585.05,591.85,580.00,584.55,589.15,-0.78,11.85,2.03,-0.70,24800,14472576.70,1038
2026-09-23 00:00:00,GLOBECIVIL,GLOBE CIVIL PROJECTS LTD,44.00,45.00,43.00,44.18,43.66,1.19,2.00,4.55,0.78,24584,1090246.86,413
2026-09-23 00:00:00,PRUDENT,PRUDENT CORP ADV SER LTD,3400.00,3498.00,3338.30,3352.70,3403.70,-1.50,159.70,4.70,-0.11,24467,83204152.90,4159
2026-09-23 00:00:00,CPCAP,CP CAPITAL LIMITED,156.79,156.79,150.90,152.95,151.70,0.82,5.89,3.76,3.36,24373,3745589.63,980
2026-09-23 00:00:00,DCMNVL,DCM NOUVELLE LIMITED,179.99,185.00,178.00,179.43,178.04,0.78,7.00,3.89,1.10,24354,4396436.18,285
2026-09-23 00:00:00,NIF500BETA,UTIAMC - NIF500BETA,37.63,37.67,36.78,36.78,36.72,0.16,0.89,2.37,2.48,24328,896333.36,17
2026-09-23 00:00:00,MID150,KOTAKMAMC - MID150,23.48,23.48,23.17,23.33,23.17,0.69,0.31,1.32,1.34,24216,563810.66,140
2026-09-23 00:00:00,MAFATIND,MAFATLAL INDUSTRIES LTD.,120.80,121.85,120.08,121.05,120.32,0.61,1.77,1.47,0.40,24203,2925039.40,510
2026-09-23 00:00:00,UEL,UJAAS ENERGY LIMITED,190.10,198.00,186.40,191.86,191.30,0.29,11.60,6.10,-0.63,24169,4638692.33,912
2026-09-23 00:00:00,TTKHLTCARE,TTK HEALTHCARE LIMITED,1054.10,1070.30,1046.70,1051.20,1050.20,0.10,23.60,2.24,0.37,24101,25473233.30,2397
2026-09-23 00:00:00,CINEVISTA,CINEVISTA LIMITED,14.98,14.98,14.05,14.10,14.51,-2.83,0.93,6.21,3.24,24093,342560.88,175
2026-09-23 00:00:00,NIFTYBETA,UTIAMC-NIFTYBETA,260.23,260.80,259.21,259.97,259.33,0.25,1.59,0.61,0.35,23982,6242325.12,299
2026-09-23 00:00:00,HERANBA,HERANBA INDUSTRIES LTD,167.68,172.96,167.46,171.49,166.47,3.02,5.50,3.28,0.73,23980,4094695.99,1253
2026-09-23 00:00:00,MARATHON,MARATHON NXTGEN REALT LTD,416.00,422.20,416.00,419.40,417.80,0.38,6.20,1.49,-0.43,23856,10013855.05,1471
2026-09-23 00:00:00,SBIBPB,SBIAMC - SBIBPB,48.24,48.66,48.14,48.41,47.86,1.15,0.52,1.08,0.79,23829,1154916.08,200
2026-09-23 00:00:00,PAVNAIND,PAVNA INDUSTRIES LIMITED,15.33,15.83,15.02,15.50,15.46,0.26,0.81,5.28,-0.84,23798,368044.67,239
2026-09-23 00:00:00,OAL,ORIENTAL AROMATICS LTD,562.00,568.35,548.00,558.35,556.90,0.26,20.35,3.62,0.92,23735,13327943.60,1299
2026-09-23 00:00:00,BOSCH-HCIL,BOSCH HOME COMFRT IND LTD,1739.90,1776.80,1723.60,1769.80,1720.80,2.85,53.20,3.06,1.11,23705,41713284.40,3163
2026-09-23 00:00:00,XTGLOBAL,XTGLOBAL INFOTECH LIMITED,30.77,30.99,29.14,29.93,30.14,-0.70,1.85,6.01,2.09,23704,709943.95,275
2026-09-23 00:00:00,JITFINFRA,JITF INFRALOGISTICS LTD,283.15,289.70,278.10,280.45,282.70,-0.80,11.60,4.10,0.16,23637,6670304.35,853
2026-09-23 00:00:00,HATSUN,HATSUN AGRO PRODUCT LTD.,1169.20,1184.30,1148.10,1155.70,1168.00,-1.05,36.20,3.10,0.10,23574,27370038.50,2872
2026-09-23 00:00:00,BAJAJHLDNG,BAJAJ HOLDINGS & INVS LTD,11267.00,11449.00,11195.00,11449.00,11185.00,2.36,254.00,2.25,0.73,23489,266433839.00,7563
2026-09-23 00:00:00,AXTEL,AXTEL INDUSTRIES LTD.,434.20,457.70,434.00,450.35,439.15,2.55,23.70,5.46,-1.13,23425,10446370.60,443
2026-09-23 00:00:00,DPABHUSHAN,D. P. ABHUSHAN LIMITED,1462.10,1497.00,1449.00,1455.90,1469.40,-0.92,48.00,3.28,-0.50,23394,34349339.20,2085
2026-09-23 00:00:00,WPIL,W P I L LTD.,439.35,444.05,434.10,440.00,439.35,0.15,9.95,2.26,0.00,23281,10199777.25,1370
2026-09-23 00:00:00,ATLANTAA,ATLANTAA LIMITED,35.80,36.48,35.02,35.83,35.64,0.53,1.46,4.08,0.45,23261,824677.93,447
2026-09-23 00:00:00,RSSOFTWARE,R. S. SOFTWARE (INDIA) LI,31.05,32.90,31.05,32.39,31.60,2.50,1.85,5.96,-1.74,22923,738754.04,349
2026-09-23 00:00:00,RAMAPHO,RAMA PHOSPHATES LIMITED,121.20,124.99,120.00,123.21,120.16,2.54,4.99,4.12,0.87,22878,2805929.65,621
2026-09-23 00:00:00,TCIEXP,TCI EXPRESS LIMITED,488.55,512.45,488.55,505.60,486.15,4.00,23.90,4.89,0.49,22609,11364264.75,1888
2026-09-23 00:00:00,EASTWEST,EAST WEST FREIGHT CARRI L,2.41,2.42,2.30,2.39,2.30,3.91,0.12,4.98,4.78,22527,53567.22,68
2026-09-23 00:00:00,ADVANIHOTR,ADVANI HOT.& RES.(I) LTD,47.79,48.70,47.13,47.57,47.78,-0.44,1.57,3.29,0.02,22499,1077852.42,445
2026-09-23 00:00:00,ECAPINSURE,EDELAMC - ECAPINSURE,23.77,23.84,23.52,23.71,23.57,0.59,0.32,1.35,0.85,22469,531822.40,151
2026-09-23 00:00:00,MFML,MAHALAXMI FABRIC MILLS LT,19.00,19.87,18.00,18.22,19.26,-5.40,1.87,9.84,-1.35,22464,413625.08,218
2026-09-23 00:00:00,SICAGEN,SICAGEN INDIA LIMITED,53.00,53.45,51.25,52.98,52.05,1.79,2.20,4.15,1.83,22378,1172598.43,134
2026-09-23 00:00:00,TRAVELFOOD,TRAVEL FOOD SERVICES LTD,1230.00,1233.90,1204.60,1214.50,1230.30,-1.28,29.30,2.38,-0.02,22319,27172493.20,4385
2026-09-23 00:00:00,GRINDWELL,GRINDWELL NORTON LIMITED,1942.20,1999.40,1942.00,1977.60,1941.90,1.84,57.40,2.96,0.02,22292,44170977.10,4454
2026-09-23 00:00:00,ENERGYDEV,ENERGY DEVE. CO.LTD,14.55,15.14,14.55,14.71,14.54,1.17,0.59,4.05,0.07,22249,329214.72,313
2026-09-23 00:00:00,LAXMICOT,LAXMI COTSPIN LIMITED,13.50,13.50,12.36,13.40,13.05,2.68,1.14,8.44,3.45,22247,290275.07,214
2026-09-23 00:00:00,ARCHIES,ARCHIES LTD,12.96,13.19,12.78,12.93,12.75,1.41,0.41,3.16,1.65,22162,287165.00,94
2026-09-23 00:00:00,SHRIPISTON,SPR AUTO TECHNOLOGIES LTD,4512.60,4550.60,4469.30,4489.80,4512.60,-0.51,81.30,1.80,0.00,22138,99512083.50,5866
2026-09-23 00:00:00,NEXTMEDIA,NEXT MEDIAWORKS LIMITED,3.72,3.84,3.65,3.79,3.74,1.34,0.19,5.11,-0.53,22067,83179.55,106
2026-09-23 00:00:00,SIGNPOST,SIGNPOST INDIA LIMITED,268.85,275.60,267.25,273.90,267.05,2.57,8.35,3.11,0.67,21965,5963054.30,896
2026-09-23 00:00:00,WATERBASE,WATERBASE LTD.,45.06,47.50,45.06,46.66,45.52,2.50,2.44,5.42,-1.01,21745,1004625.75,276
2026-09-23 00:00:00,SAMPANN,SAMPANN UTPADAN INDIA LTD,24.80,24.80,23.87,24.34,24.10,1.00,0.93,3.75,2.90,21633,522265.57,214
2026-09-23 00:00:00,NEXT50,MIRAEAMC - MANXT50,745.98,749.15,744.44,748.46,742.39,0.82,4.71,0.63,0.48,21450,16035892.45,3037
2026-09-23 00:00:00,SEKURITIND,SAINT GOBAIN SEKUR IND L,114.20,117.35,113.65,113.82,114.35,-0.46,3.70,3.24,-0.13,21432,2457214.68,425
2026-09-23 00:00:00,MAGNUM,MAGNUM VENTURES LTD.,19.21,19.29,18.55,19.00,19.02,-0.11,0.74,3.85,1.00,21394,406547.40,153
2026-09-23 00:00:00,POWERMECH,POWER MECH PROJECTS LTD.,2430.00,2465.00,2414.20,2453.50,2443.10,0.43,50.80,2.09,-0.54,21384,52354311.60,4215
2026-09-23 00:00:00,SAMBHAAV,SAMBHAAV MEDIA LTD,5.96,6.15,5.92,5.98,5.96,0.34,0.23,3.86,0.00,21203,127349.00,128
2026-09-23 00:00:00,JAYAGROGN,JAYANT AGRO ORGANICS LTD,233.92,238.98,232.00,237.12,233.47,1.56,6.98,2.98,0.19,21040,4970720.48,655
2026-09-23 00:00:00,SECLEDBETA,UTIAMC - SECLEDBETA,14.92,14.92,14.30,14.36,14.31,0.35,0.62,4.16,4.26,21005,301659.31,18
2026-09-23 00:00:00,RUCHIRA,RUCHIRA PAPERS LIMITED,105.10,106.50,105.10,105.77,105.93,-0.15,1.40,1.33,-0.78,20838,2199885.37,629
2026-09-23 00:00:00,ISHANCH,ISHAN DYES N CHEMICALS L,51.15,51.98,48.45,49.87,50.78,-1.79,3.53,6.90,0.73,20744,1037776.75,593
2026-09-23 00:00:00,SILGO,SILGO RETAIL LIMITED,71.00,71.30,69.64,70.43,70.92,-0.69,1.66,2.34,0.11,20664,1453894.66,276
2026-09-23 00:00:00,SHIVACEM,SHIVA CEMENT LTD.,15.79,15.82,15.50,15.60,15.50,0.65,0.32,2.03,1.87,20634,323731.32,149
2026-09-23 00:00:00,SHOPERSTOP,SHOPPERS STOP LIMITED,391.35,400.00,388.65,391.10,392.50,-0.36,11.35,2.90,-0.29,20604,8112742.50,1947
2026-09-23 00:00:00,HGS,HINDUJA GLOBAL SOLS. LTD.,379.65,384.00,376.10,378.50,379.65,-0.30,7.90,2.08,0.00,20489,7768802.10,910
2026-09-23 00:00:00,VERTOZ,VERTOZ LIMITED,36.50,37.95,36.50,36.84,36.89,-0.14,1.45,3.97,-1.06,20416,755652.55,259
2026-09-23 00:00:00,SESHAPAPER,SESHASAYEE PAPER & BOARDS,246.69,250.99,246.69,247.95,246.94,0.41,4.30,1.74,-0.10,20258,5032061.45,608
2026-09-23 00:00:00,IFGLEXPOR,IFGL REFRACTORIES LIMITED,195.00,199.51,195.00,197.16,194.65,1.29,4.51,2.31,0.18,20059,3951563.17,733
2026-09-23 00:00:00,MAKEINDIA,MIRAEAMC - MAMFGETF,161.92,163.13,161.75,163.01,161.65,0.84,1.38,0.85,0.17,19962,3248520.45,264
2026-09-23 00:00:00,KRIDHANINF,KRIDHAN INFRA LIMITED,1.86,1.86,1.83,1.84,1.85,-0.54,0.03,1.61,0.54,19835,36743.52,44
2026-09-23 00:00:00,LINC,LINC LIMITED,92.37,95.00,90.50,93.85,92.37,1.60,4.50,4.87,0.00,19605,1807661.20,444
2026-09-23 00:00:00,PIGL,POWER INSTRUMENT (G) LTD,100.05,101.75,99.32,99.92,101.06,-1.13,2.43,2.43,-1.00,19603,1964259.20,494
2026-09-23 00:00:00,GARFIBRES,GARWARE TECH FIBRES LTD,800.45,806.45,783.00,787.15,800.45,-1.66,23.45,2.93,0.00,19548,15498730.25,2342
2026-09-23 00:00:00,ENERGYAXIS,AXISAMC - ENERGYAXIS,19.37,19.37,18.88,18.92,18.89,0.16,0.49,2.53,2.54,19447,368013.91,72
2026-09-23 00:00:00,NRAIL,N R AGARWAL INDS LTD,669.85,677.00,650.20,657.90,652.10,0.89,26.80,4.00,2.72,19435,12933463.10,1778
2026-09-23 00:00:00,PIXTRANS,PIX TRANSMISSIONS LIMITED,1736.00,1818.00,1736.00,1758.70,1733.00,1.48,82.00,4.72,0.17,19427,34571370.00,3179
2026-09-23 00:00:00,DODLA,DODLA DAIRY LIMITED,1047.60,1064.80,1045.00,1048.60,1047.60,0.10,19.80,1.89,0.00,19425,20432239.80,1761
2026-09-23 00:00:00,LPDC,LANDMARK PR.DEV.CO.LTD,6.55,6.80,6.35,6.66,6.58,1.22,0.45,6.87,-0.46,19317,128291.27,278
2026-09-23 00:00:00,HIRECT,HIRECT LIMITED,1245.00,1259.00,1230.10,1239.90,1242.20,-0.19,28.90,2.32,0.23,19164,23843983.60,2329
2026-09-23 00:00:00,SHILCTECH,SHILCHAR TECHNOLOGIES LTD,4009.00,4200.00,3984.10,4147.60,3989.00,3.98,215.90,5.39,0.50,19084,78245403.30,5397
2026-09-23 00:00:00,OMPOWER,OM POWER TRANSMISSION LTD,170.24,171.53,168.67,170.39,170.34,0.03,2.86,1.68,-0.06,18985,3236320.29,686
2026-09-23 00:00:00,MAHEPC,MAHINDRA EPC IRRIG LTD,99.00,101.98,98.00,100.45,98.75,1.72,3.98,4.02,0.25,18962,1898246.04,648
2026-09-23 00:00:00,SIYSIL,SIYARAM SILK MILLS LTD,539.00,543.40,532.65,540.55,535.75,0.90,10.75,1.99,0.61,18844,10160782.15,2035
2026-09-23 00:00:00,BANK10ADD,DSPAMC - BANK10ADD,16.63,16.72,16.57,16.59,16.56,0.18,0.15,0.90,0.42,18817,313384.63,89
2026-09-23 00:00:00,CARERATING,CARE RATINGS LIMITED,1633.90,1650.00,1623.10,1639.60,1627.80,0.72,26.90,1.65,0.37,18775,30771675.10,4476
2026-09-23 00:00:00,MOHITIND,MOHIT INDUSTRIES LTD,23.00,23.90,22.90,23.50,22.87,2.75,1.00,4.35,0.57,18667,438471.53,119
2026-09-23 00:00:00,AGROPHOS,AGRO PHOS INDIA LIMITED,23.99,24.30,23.65,24.25,23.97,1.17,0.65,2.71,0.08,18600,450346.72,150
2026-09-23 00:00:00,RAJSREESUG,RAJSHREE SUGAR & CHEMICAL,32.49,32.88,31.55,32.00,32.16,-0.50,1.33,4.09,1.03,18445,592726.11,303
2026-09-23 00:00:00,PRAVEG,PRAVEG LTD.,253.10,263.70,253.10,261.05,255.85,2.03,10.60,4.19,-1.07,18266,4761938.25,1002
2026-09-23 00:00:00,INDTERRAIN,IND TERRAIN FASHIONS LTD,29.40,29.69,28.55,29.37,29.20,0.58,1.14,3.88,0.68,18208,533749.08,383
2026-09-23 00:00:00,ICEMAKE,ICE MAKE REFRIGERAT LTD,700.00,710.95,696.00,699.45,702.10,-0.38,14.95,2.14,-0.30,17987,12653302.90,1358
2026-09-23 00:00:00,MODTHREAD,MODERN THREADS INDIA LTD,46.10,47.90,45.00,45.92,46.37,-0.97,2.90,6.29,-0.58,17661,806450.24,194
2026-09-23 00:00:00,IRIS,IRIS REGTECH SOLUTION LTD,239.96,240.00,233.00,234.87,236.43,-0.66,7.00,2.92,1.49,17600,4139593.29,424
2026-09-23 00:00:00,PFIZER,PFIZER LTD,4021.00,4050.00,3991.00,4025.50,3998.90,0.67,59.00,1.47,0.55,17586,70778476.40,4299
2026-09-23 00:00:00,PGHL,PROCTER & GAMBLE HEALTH L,5480.00,5515.50,5410.00,5452.00,5459.00,-0.13,105.50,1.93,0.38,17583,95844406.50,3618
2026-09-23 00:00:00,PAGEIND,PAGE INDUSTRIES LTD,37480.00,37545.00,37055.00,37340.00,37150.00,0.51,490.00,1.31,0.89,17565,655322400.00,7672
2026-09-23 00:00:00,AEPL,ARTEMIS ELECTRICALS & P L,16.02,16.76,16.02,16.49,16.35,0.86,0.74,4.62,-2.02,17404,286576.93,178
2026-09-23 00:00:00,EIMCOELECO,EIMCO ELECON (INDIA) LTD,2260.00,2328.80,2250.40,2297.80,2256.10,1.85,78.40,3.47,0.17,17385,39852658.40,2811
2026-09-23 00:00:00,GALAXYSURF,GALAXY SURFACTANTS LTD,2210.60,2241.00,2182.60,2222.00,2188.00,1.55,58.40,2.64,1.03,17378,38598154.70,5392
2026-09-23 00:00:00,ONIXSOLAR,ONIX SOLAR ENERGY LTD.,306.50,306.50,306.50,306.50,322.60,-4.99,0.00,0.00,-4.99,17334,5312871.00,147
2026-09-23 00:00:00,BATLIBOI,BATLIBOI LTD.,83.06,85.95,82.41,84.28,82.96,1.59,3.54,4.26,0.12,17309,1448510.94,484
2026-09-23 00:00:00,NDRAUTO,NDR AUTO COMPONENTS LTD,769.40,769.40,746.10,763.15,753.20,1.32,23.30,3.03,2.15,17294,13097115.05,1310
2026-09-23 00:00:00,LAL,LORENZINI APPARELS LTD,8.74,8.89,8.52,8.57,8.66,-1.04,0.37,4.23,0.92,17230,149015.74,151
2026-09-23 00:00:00,VIVIANA,VIVIANA POWER TECH LTD,747.00,747.00,720.00,724.55,734.00,-1.29,27.00,3.61,1.77,17172,12473695.45,1486
2026-09-23 00:00:00,AHLADA,AHLADA ENGINEERS LIMITED,38.00,42.00,36.25,39.15,37.28,5.02,5.75,15.13,1.93,17116,677774.83,202
2026-09-23 00:00:00,POEL,P O C L ENTERPRISES LTD.,138.05,143.99,137.41,140.57,138.05,1.83,6.58,4.77,0.00,17106,2384406.59,446
2026-09-23 00:00:00,MOTOGENFIN,MOTOR & GENERAL FINANCE L,26.30,26.90,25.72,26.09,26.28,-0.72,1.18,4.49,0.08,16794,439847.31,128
2026-09-23 00:00:00,CORONA,CORONA REMEDIES LIMITED,2186.00,2197.30,2152.00,2163.40,2181.50,-0.83,45.30,2.07,0.21,16520,35856647.70,2556
2026-09-23 00:00:00,DSSL,DYNACONS SYS & SOLN LTD,1055.00,1055.00,1018.00,1030.40,1022.20,0.80,37.00,3.51,3.21,16469,16940615.50,1707
2026-09-23 00:00:00,SGL,STL GLOBAL LIMITED,9.07,9.64,8.56,8.93,9.07,-1.54,1.08,11.91,0.00,16455,146808.31,158
2026-09-23 00:00:00,VRAJ,VRAJ IRON AND STEEL LTD,126.70,128.99,125.10,127.90,125.88,1.60,3.89,3.07,0.65,16413,2086161.78,529
2026-09-23 00:00:00,MAGADSUGAR,MAGADH SUGAR & ENERGY LTD,500.00,518.00,500.00,509.20,500.75,1.69,18.00,3.60,-0.15,16374,8378135.10,1555
2026-09-23 00:00:00,BBL,BHARAT BIJLEE LTD,2224.90,2258.80,2215.20,2231.10,2220.40,0.48,43.60,1.96,0.20,16265,36356091.10,3222
2026-09-23 00:00:00,AMJLAND,AMJ LAND HOLDINGS LIMITED,39.75,39.75,37.65,37.97,37.75,0.58,2.10,5.28,5.30,16007,618473.58,188
2026-09-23 00:00:00,SHANTI,SHANTI OVERSEAS INDIA LTD,5.84,5.84,5.40,5.70,5.56,2.52,0.44,7.53,5.04,15934,90012.13,80
2026-09-23 00:00:00,REPRO,REPRO INDIA LIMITED,295.00,323.95,295.00,301.35,298.20,1.06,28.95,9.81,-1.07,15927,4921166.80,842
2026-09-23 00:00:00,LINCOLN,LINCOLN PHARMA LTD,595.80,608.25,595.80,603.55,594.35,1.55,12.45,2.09,0.24,15739,9491310.25,1204
2026-09-23 00:00:00,ELGIRUBCO,ELGI RUBBER CO. LTD,58.05,59.88,58.05,59.35,59.77,-0.70,1.83,3.15,-2.88,15662,928115.42,303
2026-09-23 00:00:00,SHREYANIND,SHREYANS INDUSTRIES LTD,128.00,130.80,127.02,129.10,127.31,1.41,3.78,2.95,0.54,15638,2019028.76,122
2026-09-23 00:00:00,KKCL,KEWAL KIRAN CLOTHING LTD,484.80,487.50,475.10,477.55,484.80,-1.50,12.40,2.56,0.00,15632,7499882.40,918
2026-09-23 00:00:00,SUYOG,SUYOG TELEMATICS LIMITED,650.60,676.00,649.05,671.55,644.65,4.17,26.95,4.14,0.92,15611,10435940.75,1133
2026-09-23 00:00:00,VISACHROME,VISA CHROME LIMITED,34.81,34.81,34.81,34.81,33.16,4.98,0.00,0.00,4.98,15590,542687.90,42
2026-09-23 00:00:00,SASKEN,SASKEN TECHNOLOGIES LTD,1789.00,1810.00,1764.10,1780.60,1755.60,1.42,45.90,2.57,1.90,15461,27683932.40,2060
2026-09-23 00:00:00,NAHARSPING,NAHAR SPINNING MILLS LTD.,278.95,283.00,271.70,277.45,277.85,-0.14,11.30,4.05,0.40,15456,4289227.55,271
2026-09-23 00:00:00,RPSGVENT,RPSG VENTURES LIMITED,840.00,859.95,828.30,851.75,841.65,1.20,31.65,3.77,-0.20,15423,13062977.70,944
2026-09-23 00:00:00,NIRAJ,NIRAJ CEMENT STRUC LTD,28.16,28.87,27.98,27.99,28.16,-0.60,0.89,3.16,0.00,15392,431375.92,55
2026-09-23 00:00:00,MATRIMONY,MATRIMONY.COM LIMITED,555.00,555.00,535.10,544.95,550.75,-1.05,19.90,3.59,0.77,15296,8320949.25,969
2026-09-23 00:00:00,FINEORG,FINE ORGANIC IND. LTD.,5175.00,5189.00,5063.00,5096.50,5159.50,-1.22,126.00,2.43,0.30,15254,78154651.00,4710
2026-09-23 00:00:00,MOMETAL,MOTILALAMC - MOMETAL,13.28,13.36,12.82,13.36,13.02,2.61,0.54,4.07,2.00,15114,198274.00,40
2026-09-23 00:00:00,STCINDIA,THE STATE TRADING CORPN,111.85,113.00,111.25,111.98,111.06,0.83,1.75,1.56,0.71,15098,1692870.43,296
2026-09-23 00:00:00,TRIGYN,TRIGYN TECHNOLOGIES LTD,55.98,58.10,55.51,56.14,55.76,0.68,2.59,4.63,0.39,14943,843002.31,346
2026-09-23 00:00:00,ITADD,DSPAMC - DSPIT,30.37,30.49,30.01,30.17,30.45,-0.92,0.48,1.58,-0.26,14942,450068.61,226
2026-09-23 00:00:00,LICNMID100,LICNAMC - LICNMID100,62.49,63.32,62.03,62.75,61.89,1.39,1.29,2.06,0.97,14881,933748.80,140
2026-09-23 00:00:00,PRECOT,PRECOT LIMITED,659.00,697.95,640.00,646.90,674.60,-4.11,57.95,8.79,-2.31,14779,9744476.15,359
2026-09-23 00:00:00,SBINMID150,SBIAMC - SBINMID150,23.39,23.39,22.51,23.01,22.93,0.35,0.88,3.76,2.01,14740,337737.97,110
2026-09-23 00:00:00,MINDTECK,MINDTECK (INDIA) LIMITED,160.40,161.60,158.11,159.65,157.94,1.08,3.49,2.18,1.56,14739,2359353.89,795
2026-09-23 00:00:00,MURUDCERA,MURUDESHWAR CERAMICS LTD,29.00,29.97,28.95,29.06,29.23,-0.58,1.02,3.52,-0.79,14709,429250.91,335
2026-09-23 00:00:00,DIGIDRIVE,DIGIDRIVE DISTRIBUTORS L,17.50,18.00,17.32,17.90,17.76,0.79,0.68,3.89,-1.46,14700,263208.23,148
2026-09-23 00:00:00,STLSTRINF,STEEL STRIPS INFRA L,25.40,25.40,23.65,24.01,23.16,3.67,1.75,6.89,9.67,14638,350030.57,115
2026-09-23 00:00:00,ELECTHERM,ELECTROTHERM (I) LTD.,907.00,942.95,898.65,904.65,903.85,0.09,44.30,4.88,0.35,14486,13271135.55,785
2026-09-23 00:00:00,LGBBROSLTD,LG BALAKRISHNAN & BROS,1745.50,1745.50,1719.10,1734.50,1730.20,0.25,26.40,1.51,0.88,14459,25039151.50,2237
2026-09-23 00:00:00,AMBICAAGAR,AMBICA AGAR & AROMAINDLTD,24.84,25.95,24.60,25.45,24.83,2.50,1.35,5.43,0.04,14272,361587.00,185
2026-09-23 00:00:00,NPBET,TATAAML - NPBET,285.11,285.64,284.00,284.00,284.26,-0.09,1.64,0.58,0.30,14232,4041996.79,17
2026-09-23 00:00:00,VEDAVAAG,VEDAVAAG SYSTEMS LTD.,22.75,22.75,21.23,22.16,21.80,1.65,1.52,6.68,4.36,14206,313000.20,123
2026-09-23 00:00:00,NIFTYQLITY,BIRLASLAMC - NIFTYQLITY,20.39,20.63,20.39,20.56,20.39,0.83,0.24,1.18,0.00,14102,289628.11,112
2026-09-23 00:00:00,CINELINE,CINELINE INDIA LIMITED,89.25,92.68,89.00,90.01,89.16,0.95,3.68,4.12,0.10,14051,1266238.54,278
2026-09-23 00:00:00,HARRMALAYA,HARRISON MALAYALAM LTD,180.00,182.68,176.10,178.03,176.66,0.78,6.58,3.66,1.89,13996,2502653.23,426
2026-09-23 00:00:00,JINDALPOLY,JINDAL POLY FILMS LIMITED,721.95,729.50,705.00,715.20,721.90,-0.93,24.50,3.39,0.01,13978,9976012.40,1035
2026-09-23 00:00:00,FAZE3Q,FAZE THREE LIMITED,424.00,442.80,424.00,438.05,422.85,3.59,18.80,4.43,0.27,13944,6044392.30,834
2026-09-23 00:00:00,ASAL,AUTOMOTIVE STAMPINGS & AS,449.15,456.55,446.10,452.00,449.15,0.63,10.45,2.33,0.00,13874,6256268.95,852
2026-09-23 00:00:00,ARCHIDPLY,ARCHIDPLY IND. LTD,109.02,110.97,107.65,109.77,107.68,1.94,3.32,3.05,1.24,13856,1513404.81,381
2026-09-23 00:00:00,KRYSTAL,KRYSTAL INTEGRATED SER L,638.00,652.40,628.30,643.65,638.80,0.76,24.10,3.78,-0.13,13836,8853646.40,682
2026-09-23 00:00:00,ATUL,ATUL LTD,6199.00,6199.00,6095.00,6118.00,6176.50,-0.95,104.00,1.68,0.36,13834,84728708.50,4178
2026-09-23 00:00:00,HDFCNIMEG,HDFCAMC - HDFCNIMEG,131.28,132.99,131.05,132.45,129.68,2.14,1.94,1.48,1.23,13650,1801158.52,87
2026-09-23 00:00:00,ICRA,ICRA LIMITED,4579.80,4601.90,4515.00,4533.30,4579.80,-1.02,86.90,1.90,0.00,13598,61856221.10,2941
2026-09-23 00:00:00,DONEAR,DONEAR IND. LIMITED,82.60,83.75,82.16,83.13,82.50,0.76,1.59,1.92,0.12,13479,1118355.82,139
2026-09-23 00:00:00,BRAHMINFRA,BRAHMAPUTRA INFRA L,162.50,162.50,154.00,154.55,156.51,-1.25,8.50,5.23,3.83,13444,2124789.08,566
2026-09-23 00:00:00,MOTOUR,MOTILALAMC - MOTOUR,78.45,79.98,78.15,78.33,78.52,-0.24,1.83,2.33,-0.09,13409,1051732.86,102
2026-09-23 00:00:00,VITAL,VITAL CHEMTECH LIMITED,55.49,55.67,53.09,55.66,53.02,4.98,2.58,4.65,4.66,13392,732990.80,81
2026-09-23 00:00:00,MADHUCON,MADHUCON PROJECTS LTD.,4.15,4.20,4.05,4.14,4.07,1.72,0.15,3.61,1.97,13373,55681.60,48
2026-09-23 00:00:00,OSWALAGRO,OSWAL AGRO MILLS LTD,35.20,35.20,34.21,34.96,35.12,-0.46,0.99,2.81,0.23,13284,462112.17,326
2026-09-23 00:00:00,TCPLPACK,TCPL PACKAGING LIMITED,3814.00,4079.10,3814.00,4003.00,3833.80,4.41,265.10,6.95,-0.52,13166,52563568.40,3732
2026-09-23 00:00:00,LINDEINDIA,LINDE INDIA LIMITED,6327.00,6390.00,6250.50,6286.00,6320.00,-0.54,139.50,2.20,0.11,13113,82700813.50,3297
2026-09-23 00:00:00,DHRUV,DHRUV CONSULTANCY SER LTD,21.99,22.55,20.75,21.07,21.57,-2.32,1.80,8.19,1.95,12966,273423.42,173
2026-09-23 00:00:00,EMETAL,EDELAMC - EMETAL,12.99,13.31,12.99,13.23,12.92,2.40,0.32,2.46,0.54,12959,170570.03,36
2026-09-23 00:00:00,GSS,GSS INFOTECH LIMITED,10.17,10.89,10.17,10.51,10.54,-0.28,0.72,7.08,-3.51,12957,136753.43,226
2026-09-23 00:00:00,BASF,BASF INDIA LTD,3581.00,3626.40,3570.00,3580.40,3572.20,0.23,56.40,1.57,0.25,12952,46548548.20,2509
2026-09-23 00:00:00,SUPREMEINF,SUPREME INFRA. LTD.,84.89,84.89,80.61,81.00,80.50,0.62,4.28,5.04,5.45,12781,1042642.76,221
2026-09-23 00:00:00,ARMANFIN,ARMAN FIN SERV LTD,1950.10,2004.90,1946.20,1968.90,1974.90,-0.30,58.70,3.01,-1.26,12730,25088953.30,2144
2026-09-23 00:00:00,BIOFILCHEM,BIOFIL CHEM & PHARMA LTD,32.50,33.00,32.01,32.29,32.88,-1.79,0.99,3.05,-1.16,12512,406038.36,194
2026-09-23 00:00:00,VADILALIND,VADILAL INDUSTRIES LTD,7680.00,7680.00,7452.50,7492.00,7598.00,-1.40,227.50,2.96,1.08,12252,92241128.50,4471
2026-09-23 00:00:00,GANESHHOU,GANESH HOUSING LIMITED,736.95,751.00,736.80,746.10,736.80,1.26,14.20,1.93,0.02,12216,9100833.90,968
2026-09-23 00:00:00,TREJHARA,TREJHARA SOLUTIONS LTD,136.97,138.97,132.10,135.22,136.21,-0.73,6.87,5.02,0.56,12151,1634629.06,484
2026-09-23 00:00:00,LUMAXIND,LUMAX INDUSTRIES LTD,5920.00,5964.00,5748.00,5788.00,5846.00,-0.99,216.00,3.65,1.27,11965,70132681.50,3462
2026-09-23 00:00:00,STEL,STEL HOLDINGS LIMITED,684.00,684.00,617.95,640.60,663.55,-3.46,66.05,9.66,3.08,11945,7765136.75,864
2026-09-23 00:00:00,KEEPLEARN,DSJ KEEP LEARNING LTD,1.88,1.89,1.81,1.84,1.84,0.00,0.08,4.26,2.17,11868,21978.01,74
2026-09-23 00:00:00,NILKAMAL,NILKAMAL LIMITED,1859.60,1915.00,1859.60,1880.20,1864.80,0.83,55.40,2.98,-0.28,11814,22362870.80,2586
2026-09-23 00:00:00,SOMICONVEY,SOMI CONVEYOR BELT. LTD.,92.01,93.12,91.00,91.51,92.66,-1.24,2.12,2.30,-0.70,11638,1070162.02,156
2026-09-23 00:00:00,EXPLEOSOL,EXPLEO SOLUTIONS LIMITED,881.40,883.95,866.75,872.45,877.20,-0.54,17.20,1.95,0.48,11577,10138389.20,1051
2026-09-23 00:00:00,TECILCHEM,TECIL CHEMICALS,9.48,9.60,8.90,9.50,9.31,2.04,0.70,7.38,1.83,11556,107694.91,100
2026-09-23 00:00:00,PVTBKGROWW,GROWWAMC - PVTBKGROWW,27.14,28.32,27.14,28.03,27.39,2.34,1.18,4.35,-0.91,11550,320535.97,56
2026-09-23 00:00:00,YUKEN,YUKEN INDIA LIMITED,1141.90,1148.00,1110.05,1138.90,1137.95,0.08,37.95,3.32,0.35,11505,13002533.90,1315
2026-09-23 00:00:00,BLAL,BEML LAND ASSETS LIMITED,164.24,166.70,163.05,165.33,164.24,0.66,3.65,2.22,0.00,11378,1870130.68,338
2026-09-23 00:00:00,BEARDSELL,BEARDSELL LIMITED,24.99,24.99,24.21,24.75,24.41,1.39,0.78,3.12,2.38,11349,281383.96,110
2026-09-23 00:00:00,UMIYA-MRO,UMIYA BUILDCON LIMITED,97.50,97.50,94.50,95.10,97.29,-2.25,3.00,3.08,0.22,11302,1084230.59,386
2026-09-23 00:00:00,LORDSCHLO,LORDS CHLORO ALKALI LTD,138.61,142.58,136.00,137.38,138.30,-0.67,6.58,4.75,0.22,11249,1545660.14,344
2026-09-23 00:00:00,CHEMCRUX,CHEMCRUX ENTERPRISES LTD.,78.57,79.90,77.50,78.16,78.57,-0.52,2.40,3.05,0.00,11227,877999.30,183
2026-09-23 00:00:00,SANOFI,SANOFI INDIA LIMITED,3061.00,3076.90,3049.00,3052.40,3058.80,-0.21,27.90,0.91,0.07,11216,34293761.20,2154
2026-09-23 00:00:00,FOSECOIND,FOSECO INDIA LTD,6630.00,6704.50,6531.50,6555.00,6562.00,-0.11,173.00,2.61,1.04,11166,73813677.50,3973
2026-09-23 00:00:00,VENTIVE,VENTIVE HOSPITALITY LTD,579.60,582.00,572.10,578.35,579.60,-0.22,9.90,1.71,0.00,11148,6423014.05,880
2026-09-23 00:00:00,BOSCHLTD,BOSCH LIMITED,48290.00,48330.00,47585.00,47955.00,48290.00,-0.69,745.00,1.54,0.00,11137,533367565.00,5774
2026-09-23 00:00:00,VEEDOL,VEEDOL CORPORATION LTD,1376.40,1384.00,1360.00,1365.80,1369.90,-0.30,24.00,1.74,0.47,11106,15213825.30,1636
2026-09-23 00:00:00,PLASTIBLEN,PLASTIBLENDS INDIA LTD,183.70,189.50,183.70,187.50,185.94,0.84,5.80,3.16,-1.20,11036,2069217.89,521
2026-09-23 00:00:00,DYNPRO,DYNEMIC PRODUCTS LIMITED,231.08,235.00,227.71,234.58,231.51,1.33,7.29,3.15,-0.19,10982,2543213.01,393
2026-09-23 00:00:00,RELIABLE,RELIABLE DATA SERVICE LTD,143.98,147.00,142.02,145.70,142.05,2.57,4.98,3.46,1.36,10930,1574135.62,314
2026-09-23 00:00:00,SWELECTES,SWELECT ENERGY SYS LTD,560.05,589.00,560.00,581.85,564.95,2.99,29.00,5.18,-0.87,10914,6316082.85,887
2026-09-23 00:00:00,BANKPSU,MIRAEAMC - BANKPSU,83.59,84.45,83.59,84.16,83.55,0.73,0.86,1.03,0.05,10850,913929.54,59
2026-09-23 00:00:00,HAMPTON,HAMPTON SKY REALTY LTD.,8.17,8.45,8.00,8.09,8.17,-0.98,0.45,5.51,0.00,10823,88709.75,73
2026-09-23 00:00:00,COMPUSOFT,COMPUCOM SOFTWARE LTD,13.49,13.50,13.10,13.35,13.24,0.83,0.40,2.97,1.89,10773,143479.89,137
2026-09-23 00:00:00,KNAGRI,KN AGRI RESOURCES LIMITED,205.00,213.15,202.30,211.63,203.95,3.77,10.85,5.29,0.51,10750,2244580.71,283
2026-09-23 00:00:00,MARALOVER,MARAL OVERSEAS LTD,62.50,62.50,60.30,61.11,61.11,0.00,2.20,3.52,2.27,10749,663673.31,153
2026-09-23 00:00:00,WILLAMAGOR,WILLIAMSON MAGOR,24.00,24.00,22.50,22.78,23.60,-3.47,1.50,6.25,1.69,10733,247150.92,143
2026-09-23 00:00:00,ASIANTNE,ASIAN TEA & EXPORTS LTD.,10.08,10.08,9.21,9.24,9.38,-1.49,0.87,8.63,7.46,10680,99946.67,61
2026-09-23 00:00:00,GKB,GKB OPHTHALMICS LTD.,66.38,70.52,66.38,69.73,68.37,1.99,4.14,6.24,-2.91,10666,732086.14,190
2026-09-23 00:00:00,LAMBODHARA,LAMBODHARA TEXTILES LTD.,117.24,121.00,116.86,119.93,116.08,3.32,4.14,3.53,1.00,10636,1271103.12,333
2026-09-23 00:00:00,SECURKLOUD,SECUREKLOUD TECH LIMITED,16.90,17.29,16.51,16.61,16.85,-1.42,0.78,4.62,0.30,10593,177032.28,125
2026-09-23 00:00:00,BFINVEST,BF INVESTMENT LIMITED,447.45,449.50,442.20,446.70,443.75,0.66,7.30,1.63,0.83,10556,4706142.75,842
2026-09-23 00:00:00,BVCL,BARAK VALLEY CEM. LTD.,41.97,42.43,41.60,42.12,41.57,1.32,0.83,1.98,0.96,10537,442752.60,174
2026-09-23 00:00:00,XELPMOC,XELPMOC DESIGN & TECH LTD,73.02,75.29,73.00,74.03,73.32,0.97,2.29,3.14,-0.41,10523,782948.93,141
2026-09-23 00:00:00,GROWWPSE,GROWWAMC - GROWWPSE,96.99,98.00,95.97,96.84,96.99,-0.15,2.03,2.09,0.00,10511,1019822.68,125
2026-09-23 00:00:00,TREEHOUSE,TREE HOUSE EDU LTD,6.05,6.14,5.84,5.93,6.05,-1.98,0.30,4.96,0.00,10437,61878.64,72
2026-09-23 00:00:00,THEINVEST,THE INVEST TRUST OF IND L,95.00,95.04,93.00,94.06,95.25,-1.25,2.04,2.15,-0.26,10403,976199.61,282
2026-09-23 00:00:00,SHREECEM,SHREE CEMENT LIMITED,22210.00,22500.00,22210.00,22500.00,22200.00,1.35,290.00,1.31,0.05,10207,228188485.00,5645
2026-09-23 00:00:00,QUALITY30,KOTAKMAMC - QUALITY30,20.05,20.05,19.90,19.95,19.96,-0.05,0.15,0.75,0.45,10142,201995.86,24
2026-09-23 00:00:00,KRITINUT,KRITI NUTRIENTS LIMITED,81.99,81.99,79.53,80.21,80.66,-0.56,2.46,3.00,1.65,10008,801868.94,194
2026-09-23 00:00:00,ONEGLOBAL,ONE GLOBAL SERVICE PROV L,547.90,556.95,534.05,543.35,547.90,-0.83,22.90,4.18,0.00,9969,5395984.40,362
2026-09-23 00:00:00,EMULTIMQ,EDELAMC - EMULTIMQ,41.38,41.76,41.11,41.32,41.52,-0.48,0.65,1.57,-0.34,9962,413505.64,114
2026-09-23 00:00:00,ODYCORP,ODYSSEY CORPORATION LTD.,7.39,7.39,6.99,7.13,7.02,1.57,0.40,5.41,5.27,9889,70303.60,178
2026-09-23 00:00:00,TRF,TRF LIMITED,215.00,221.40,214.00,216.31,216.06,0.12,7.40,3.44,-0.49,9874,2148854.80,612
2026-09-23 00:00:00,SUNRAKSHAK,SUNRAKSHAKK INDUS IND L,363.10,370.00,362.50,366.60,364.85,0.48,7.50,2.07,-0.48,9864,3610870.55,230
2026-09-23 00:00:00,NUCLEUS,NUCLEUS SOFTWARE EXPORTS,685.95,695.10,681.05,685.00,685.95,-0.14,14.05,2.05,0.00,9840,6735755.55,1006
2026-09-23 00:00:00,CONS,KOTAKMAMC - KOTAKCONS,11.85,11.93,11.85,11.86,11.85,0.08,0.08,0.68,0.00,9806,116359.14,81
2026-09-23 00:00:00,SUMIT,SUMIT WOODS LIMITED,51.80,51.80,48.25,49.91,50.06,-0.30,3.55,6.85,3.48,9795,487793.60,217
2026-09-23 00:00:00,ACL,ANDHRA CEMENTS LIMITED,42.49,43.20,42.10,42.58,42.92,-0.79,1.10,2.59,-1.00,9773,417427.72,190
2026-09-23 00:00:00,MALUPAPER,MALU PAPER MILLS LIMITED,32.15,32.48,31.90,31.99,31.98,0.03,0.58,1.80,0.53,9660,309764.20,224
2026-09-23 00:00:00,SUKHJITS,SUKHJIT STARCH & CHEM LTD,163.30,163.98,160.69,162.58,161.00,0.98,3.29,2.01,1.43,9597,1556641.16,471
2026-09-23 00:00:00,MAHAPEXLTD,MAHA RASHTRA APEX COPR. L,53.35,54.98,52.67,53.00,53.79,-1.47,2.31,4.33,-0.82,9557,510355.85,124
2026-09-23 00:00:00,DCM,DCM LTD,76.42,77.79,74.81,75.34,76.37,-1.35,2.98,3.90,0.07,9428,714229.48,263
2026-09-23 00:00:00,ARIHANTSUP,ARIHANT SUPERSTRUCT LTD,236.95,245.95,233.05,239.95,234.90,2.15,12.90,5.44,0.87,9298,2229060.40,232
2026-09-23 00:00:00,BUTTERFLY,BTRFLY GANDHI APPL LTD,566.70,577.95,564.30,566.00,562.30,0.66,13.65,2.41,0.78,9270,5266286.80,541
2026-09-23 00:00:00,CHEMFAB,CHEMFAB ALKALIS LIMITED,359.45,360.45,346.40,351.60,354.00,-0.68,14.05,3.91,1.54,9224,3244648.80,243
2026-09-23 00:00:00,SHIVAUM,SHIV AUM STEELS LIMITED,519.00,519.00,512.00,513.20,515.05,-0.36,7.00,1.35,0.77,9201,4728736.55,330
2026-09-23 00:00:00,SPLIL,SPL INDUSTRIES LIMITED,30.22,31.40,29.62,30.19,30.52,-1.08,1.78,5.89,-0.98,9157,278423.96,118
2026-09-23 00:00:00,SINTERCOM,SINTERCOM INDIA LIMITED,84.98,84.98,77.52,78.75,80.49,-2.16,7.46,8.78,5.58,9120,740075.53,170
2026-09-23 00:00:00,BONLON,BONLON INDUSTRIES LIMITED,41.00,41.81,40.19,40.93,40.07,2.15,1.62,3.95,2.32,9103,371671.48,138
2026-09-23 00:00:00,TCIFINANCE,TCI FINANCE LTD,15.60,15.60,14.85,15.19,15.26,-0.46,0.75,4.81,2.23,9089,138379.76,127
2026-09-23 00:00:00,ECORECO,ECO RECYCLING LTD.,425.90,431.80,416.05,419.55,422.90,-0.79,15.75,3.70,0.71,9062,3851222.95,770
2026-09-23 00:00:00,DVL,DHUNSERI VENTURES LIMITED,281.90,294.95,281.90,292.20,283.25,3.16,13.05,4.63,-0.48,9043,2617595.40,350
2026-09-23 00:00:00,AROGRANITE,ARO GRANITE IND. LTD.,23.88,24.70,22.11,24.23,23.09,4.94,2.59,10.85,3.42,9021,212063.82,180
2026-09-23 00:00:00,VOLTAMP,VOLTAMP TRANSFORMERS LTD,10797.00,10860.00,10730.00,10799.00,10747.00,0.48,130.00,1.20,0.47,8987,96970675.00,3988
2026-09-23 00:00:00,WEWIN,WE WIN LIMITED,43.99,47.30,43.05,46.76,43.00,8.74,4.25,9.66,2.30,8968,409971.22,154
2026-09-23 00:00:00,MPSLTD,MPS LIMITED,2619.00,2710.00,2606.00,2691.20,2603.20,3.38,104.00,3.97,0.61,8951,23942494.40,1898
2026-09-23 00:00:00,MERCANTILE,MERCANTILE VENTURES LTD.,21.90,24.50,21.90,22.01,22.10,-0.41,2.60,11.87,-0.90,8946,199156.11,81
2026-09-23 00:00:00,EXCELINDUS,EXCEL INDUSTRIES LTD,957.30,973.30,952.10,963.30,952.60,1.12,21.20,2.21,0.49,8868,8521453.00,1374
2026-09-23 00:00:00,SANGAMIND,SANGAM (INDIA) LTD,574.30,576.75,563.10,570.85,569.30,0.27,13.65,2.38,0.88,8865,5050486.30,665
2026-09-23 00:00:00,ANIKINDS,ANIK INDUSTRIES LTD,43.41,46.00,42.60,44.98,42.99,4.63,3.40,7.83,0.98,8864,394776.96,58
2026-09-23 00:00:00,VSTTILLERS,VST TILLERS TRACTORS LTD,4326.90,4432.90,4320.00,4425.00,4305.40,2.78,112.90,2.61,0.50,8792,38581061.30,1778
2026-09-23 00:00:00,CHEMBOND,CHEMBOND MATERIALTECH LTD,197.44,197.44,190.02,193.68,192.77,0.47,7.42,3.76,2.42,8790,1709204.73,597
2026-09-23 00:00:00,RTSPOWR,R T S POWER CORPN. LTD.,85.51,90.89,85.51,89.00,90.06,-1.18,5.38,6.29,-5.05,8753,780389.07,49
2026-09-23 00:00:00,MKEXIM,M K EXIM (INDIA) LTD.,70.00,70.38,66.02,68.13,68.04,0.13,4.36,6.23,2.88,8695,590792.49,165
2026-09-23 00:00:00,EIHAHOTELS,EIH ASSOCIATED HOTELS LTD,296.10,300.35,294.40,296.85,298.80,-0.65,5.95,2.01,-0.90,8693,2581463.50,583
2026-09-23 00:00:00,MOM50,MOTILAL OSWAL M50 ETF,245.63,246.06,244.50,244.51,243.74,0.32,1.56,0.64,0.78,8638,2118833.51,114
2026-09-23 00:00:00,SAGARDEEP,SAGARDEEP ALLOYS LIMITED,23.10,24.39,23.10,24.36,23.39,4.15,1.29,5.58,-1.24,8632,205922.08,143
2026-09-23 00:00:00,ZODIAC,ZODIAC ENERGY LIMITED,227.72,231.21,226.00,229.94,227.72,0.97,5.21,2.29,0.00,8604,1969012.29,548
2026-09-23 00:00:00,STEELCITY,STEEL CITY SECURITIES LTD,84.23,86.00,83.10,84.82,85.59,-0.90,2.90,3.44,-1.59,8558,723475.00,211
2026-09-23 00:00:00,EUROBOND,EURO PANEL PRODUCTS LTD,153.11,157.90,146.34,152.22,153.10,-0.57,11.56,7.55,0.01,8543,1295171.43,126
2026-09-23 00:00:00,PIONEEREMB,PIONEER EMBROIDERIES LTD,22.06,23.40,21.71,22.24,22.28,-0.18,1.69,7.66,-0.99,8501,190387.29,118
2026-09-23 00:00:00,VIVOBIOT,VIVO BIO TECH LTD.,16.07,16.95,16.07,16.67,16.71,-0.24,0.88,5.48,-3.83,8460,140372.17,77
2026-09-23 00:00:00,ATAM,ATAM VALVES LIMITED,58.27,59.40,58.27,59.24,58.27,1.66,1.13,1.94,0.00,8442,499207.86,215
2026-09-23 00:00:00,INFRA,MIRAEAMC - INFRA,11.82,11.89,11.81,11.87,11.78,0.76,0.08,0.68,0.34,8414,99832.25,102
2026-09-23 00:00:00,WENDT,WENDT (INDIA) LIMITED,8680.00,8815.00,8588.00,8678.50,8627.00,0.60,227.00,2.62,0.61,8377,72780531.00,2450
2026-09-23 00:00:00,AARVI,AARVI ENCON LIMITED,138.21,140.40,136.00,136.48,138.18,-1.23,4.40,3.18,0.02,8363,1150569.03,191
2026-09-23 00:00:00,NAHARINDUS,NAHAR INDS ENT LTD,132.93,133.30,130.55,131.86,131.71,0.11,2.75,2.07,0.93,8358,1102552.64,396
2026-09-23 00:00:00,LOVABLE,LOVABLE LINGERIE LTD,72.00,72.40,70.81,71.38,71.27,0.15,1.59,2.21,1.02,8273,590616.93,260
2026-09-23 00:00:00,ORISSAMINE,ORISSA MIN DEV CO LTD,3880.60,3932.80,3825.30,3841.20,3879.70,-0.99,107.50,2.77,0.02,8069,31279072.00,1528
2026-09-23 00:00:00,JMA,JULLUNDUR MOT AGENCY LTD,90.75,90.75,88.52,89.89,90.82,-1.02,2.23,2.46,-0.08,8068,725248.99,153
2026-09-23 00:00:00,IMPAL,IND MOTOR PART & ACC LTD,1088.00,1088.00,1050.00,1059.50,1075.00,-1.44,38.00,3.49,1.21,8050,8553094.90,654
2026-09-23 00:00:00,TEAMLEASE,TEAMLEASE SERVICES LTD.,1210.50,1211.00,1186.60,1196.00,1201.00,-0.42,24.40,2.02,0.79,7971,9523082.30,2185
2026-09-23 00:00:00,KINGFA,KINGFA SCI & TEC IND LTD.,6219.50,6300.00,6201.00,6240.50,6168.50,1.17,99.00,1.59,0.83,7818,48906668.00,2771
2026-09-23 00:00:00,PODDARMENT,PODDAR PIGMENTS LIMITED,288.70,291.00,277.70,281.80,288.70,-2.39,13.30,4.61,0.00,7794,2197180.25,397
2026-09-23 00:00:00,HGM,HANDSON GBL MNGMNT LTD,42.66,43.45,42.00,42.64,42.66,-0.05,1.45,3.40,0.00,7787,333220.47,128
2026-09-23 00:00:00,AARON,AARON INDUSTRIES LIMITED,121.00,124.00,119.63,122.60,120.48,1.76,4.37,3.61,0.43,7785,948687.93,266
2026-09-23 00:00:00,DCMFINSERV,DCM FINANCIAL SERVICES LT,4.80,5.16,4.80,5.01,5.09,-1.57,0.36,7.50,-5.70,7680,38149.21,93
2026-09-23 00:00:00,BHARATRAS,BHARAT RASAYAN LTD,1129.40,1147.90,1125.80,1134.00,1129.40,0.41,22.10,1.96,0.00,7663,8708019.20,1111
2026-09-23 00:00:00,PTCIL,PTC INDUSTRIES LIMITED,22130.00,22500.00,22130.00,22355.00,22130.00,1.02,370.00,1.67,0.00,7635,170910920.00,3137
2026-09-23 00:00:00,SEJALLTD,SEJAL GLASS LIMITED,666.30,699.60,651.00,699.60,666.30,5.00,48.60,7.29,0.00,7610,5218330.40,465
2026-09-23 00:00:00,SUPERHOUSE,SUPERHOUSE LIMITED,172.00,173.00,167.50,168.47,169.17,-0.41,5.50,3.20,1.67,7485,1270999.26,209
2026-09-23 00:00:00,AFSL,ABANS FINANCIAL SRVCS LTD,201.00,205.97,201.00,204.56,201.00,1.77,4.97,2.47,0.00,7352,1485232.59,173
2026-09-23 00:00:00,GROWWLOVOL,GROWWAMC - GROWWLOVOL,10.32,10.32,10.10,10.19,10.18,0.10,0.22,2.13,1.38,7317,74169.31,87
2026-09-23 00:00:00,LGHL,LAXMI GOLDORNA HOUSE LTD,180.93,182.94,174.10,176.62,177.38,-0.43,8.84,4.89,2.00,7259,1306455.65,290
2026-09-23 00:00:00,KRISHIVAL,KRISHIVAL FOODS LIMITED,416.80,417.50,413.05,417.35,415.70,0.40,4.45,1.07,0.26,7240,3010885.70,266
2026-09-23 00:00:00,CNL,CREATIVE NEWTECH LIMITED,1101.00,1151.60,1101.00,1146.10,1108.10,3.43,50.60,4.60,-0.64,7197,8181429.50,928
2026-09-23 00:00:00,GTECJAINX,G-TEC JAINX EDUCATION LTD,29.30,29.30,26.55,28.07,28.43,-1.27,2.75,9.39,3.06,7134,197860.79,102
2026-09-23 00:00:00,ORTINGLOBE,ORTIN GLOBAL LIMITED,14.70,15.19,14.70,15.10,14.74,2.44,0.49,3.33,-0.27,7046,106165.09,65
2026-09-23 00:00:00,NDLVENTURE,NDL VENTURES LIMITED,125.25,125.25,121.17,124.06,124.01,0.04,4.08,3.26,1.00,7042,867042.05,217
2026-09-23 00:00:00,HECPROJECT,HEC INFRA PROJECTS LTD,115.69,117.50,114.00,115.42,115.68,-0.22,3.50,3.03,0.01,6902,799302.86,162
2026-09-23 00:00:00,INSECTICID,INSECTICIDES (I) LTD,613.20,617.00,606.00,608.90,611.60,-0.44,11.00,1.79,0.26,6894,4216547.65,629
2026-09-23 00:00:00,AMAL,AMAL LTD.,712.45,719.65,701.05,704.30,711.90,-1.07,18.60,2.61,0.08,6891,4892364.10,510
2026-09-23 00:00:00,HDFCVALUE,HDFCAMC - HDFCVALUE,121.26,122.39,121.26,122.17,121.26,0.75,1.13,0.93,0.00,6856,837784.46,50
2026-09-23 00:00:00,HDFCGROWTH,HDFCAMC - HDFCGROWTH,114.04,114.75,113.67,114.12,114.34,-0.19,1.08,0.95,-0.26,6815,776825.49,152
2026-09-23 00:00:00,ABANSENT,ABANS ENTERPRISES LTD.,27.70,28.38,26.50,26.86,27.29,-1.58,1.88,6.79,1.50,6771,184607.30,101
2026-09-23 00:00:00,SOMATEX,SOMA TEXTILES & INDUST LT,81.62,83.70,80.02,82.35,80.02,2.91,3.68,4.51,2.00,6703,547198.71,130
2026-09-23 00:00:00,INDOTECH,INDO TECH TRANSFORM LTD.,3292.90,3343.90,3279.10,3286.80,3279.00,0.24,64.80,1.97,0.42,6695,22150448.40,1822
2026-09-23 00:00:00,3BBLACKBIO,3B BLACKBIO DX LTD.,1400.00,1440.00,1391.10,1431.60,1369.30,4.55,48.90,3.49,2.24,6553,9242899.20,1115
2026-09-23 00:00:00,MON50EQUAL,MOTILALAMC - MON50EQUAL,32.95,34.00,32.40,33.90,32.63,3.89,1.60,4.86,0.98,6530,213345.91,61
2026-09-23 00:00:00,ITAXIS,AXISAMC-ITAXIS,318.85,322.00,311.37,313.65,315.69,-0.65,10.63,3.33,1.00,6530,2045298.81,92
2026-09-23 00:00:00,SAHYADRI,SAHYADRI INDUSTRIES LTD,360.25,371.00,354.10,369.60,360.25,2.60,16.90,4.69,0.00,6499,2358786.35,642
2026-09-23 00:00:00,GLOBALVECT,GLOBAL VEC HELICORP LTD,137.41,139.00,134.25,137.46,133.41,3.04,4.75,3.46,3.00,6493,891302.93,210
2026-09-23 00:00:00,MAHESHWARI,MAHESHWARI LOGISTICS LTD.,71.70,73.00,71.70,72.83,71.53,1.82,1.30,1.81,0.24,6431,466867.47,78
2026-09-23 00:00:00,EQUAL200,MIRAEAMC - EQUAL200,13.58,13.65,13.58,13.64,13.57,0.52,0.07,0.52,0.07,6344,86540.53,28
2026-09-23 00:00:00,NATIONSTD,NATIONAL STAND (INDIA) L,114.00,115.49,112.00,113.38,114.98,-1.39,3.49,3.06,-0.85,6340,720928.31,299
2026-09-23 00:00:00,LOTUSCHO,LOTUS CHOCOLATE CO. LTD.,589.95,589.95,533.70,562.40,586.40,-4.09,56.25,9.53,0.61,6277,3519979.60,611
2026-09-23 00:00:00,KSE,KSE LTD.,180.02,180.82,175.81,178.79,179.96,-0.65,5.01,2.78,0.03,6217,1112704.51,277
2026-09-23 00:00:00,PVTBANK,KOTAKMAMC - PVTBANK,27.47,27.58,27.39,27.39,27.30,0.33,0.19,0.69,0.62,6185,169419.18,6
2026-09-23 00:00:00,SMLT,SARTHAK METALS LIMITED,60.16,62.00,59.50,60.61,60.77,-0.26,2.50,4.16,-1.00,6155,377593.32,196
2026-09-23 00:00:00,NIFTYADD,DSPAMC - DSPNIFTY,243.92,247.78,243.92,246.62,246.38,0.10,3.86,1.58,-1.00,6083,1502493.50,97
2026-09-23 00:00:00,21STCENMGM,21ST CENTURY MGMT SERVICE,39.94,39.95,39.01,39.92,39.62,0.76,0.94,2.35,0.81,6072,241957.42,118
2026-09-23 00:00:00,FMCGADD,DSPAMC - FMCGADD,45.84,46.65,45.43,45.86,45.84,0.04,1.22,2.66,0.00,5975,275832.86,58
2026-09-23 00:00:00,BCPL,BCPL RAILWAY INFRA LTD,68.97,70.58,68.97,69.47,69.31,0.23,1.61,2.33,-0.49,5970,414215.25,161
2026-09-23 00:00:00,BEDMUTHA,BEDMUTHA INDUST LTD,102.00,105.00,100.50,104.89,102.57,2.26,4.50,4.41,-0.56,5964,608525.70,73
2026-09-23 00:00:00,HINDCOMPOS,HINDUSTAN COMPOSITES LTD.,376.55,393.80,376.55,389.10,376.55,3.33,17.25,4.58,0.00,5952,2319254.05,327
2026-09-23 00:00:00,GOODYEAR,GOODYEAR INDIA LIMITED,707.05,719.60,705.05,709.70,706.25,0.49,14.55,2.06,0.11,5945,4220050.25,523
2026-09-23 00:00:00,RKDL,RAVI KUMAR DIST. LTD.,19.00,19.00,18.25,18.49,18.85,-1.91,0.75,3.95,0.80,5843,108852.20,94
2026-09-23 00:00:00,MONIFTY100,MOTILALAMC - MONIFTY100,24.74,24.90,24.66,24.67,24.72,-0.20,0.24,0.97,0.08,5815,143774.63,52
2026-09-23 00:00:00,VALUE,MIRAEAMC - VALUE,15.83,15.95,15.82,15.94,15.79,0.95,0.13,0.82,0.25,5761,91504.34,51
2026-09-23 00:00:00,HEADSUP,HEADS UP VENTURES LIMITED,6.75,6.88,6.61,6.77,6.77,0.00,0.27,4.00,-0.30,5722,38435.15,85
2026-09-23 00:00:00,CRAVATEX,CRAVATEX LTD.,326.10,349.70,323.00,341.70,326.15,4.77,26.70,8.19,-0.02,5646,1927177.30,57
2026-09-23 00:00:00,MIDBANKADD,DSPAMC - MIDBANKADD,17.19,17.31,17.19,17.25,17.06,1.11,0.12,0.70,0.76,5644,97330.35,18
2026-09-23 00:00:00,BIRLANU,BIRLANU LIMITED,1397.20,1416.70,1373.50,1407.30,1385.60,1.57,43.20,3.09,0.84,5607,7808141.20,1094
2026-09-23 00:00:00,SHIVAAGRO,SHIVA GLOBAL AGRO INDS. L,41.20,42.78,38.12,39.74,40.03,-0.72,4.66,11.31,2.92,5592,228492.60,137
2026-09-23 00:00:00,TUTIALKA,TUTICORIN ALKAL CH & FE L,55.34,57.49,55.00,55.64,55.34,0.54,2.49,4.50,0.00,5587,313696.39,106
2026-09-23 00:00:00,NIRLON,NIRLON LTD,604.30,615.00,597.00,610.05,601.35,1.45,18.00,2.98,0.49,5520,3340084.25,627
2026-09-23 00:00:00,SURYALAXMI,SURYALAKSHMI COT MIL LTD,57.22,60.00,57.22,58.82,57.40,2.47,2.78,4.86,-0.31,5497,323629.75,113
2026-09-23 00:00:00,NBIFIN,N.B.I. IND. FIN. CO. LTD,1941.30,1982.30,1937.00,1948.90,1948.00,0.05,45.30,2.33,-0.34,5488,10644152.90,81
2026-09-23 00:00:00,FIBERWEB,FIBERWEB INDIA LIMITED,26.00,26.89,26.00,26.48,26.14,1.30,0.89,3.42,-0.54,5470,144176.11,95
2026-09-23 00:00:00,RVHL,RAVINDER HEIGHTS LIMITED,40.79,40.79,39.07,39.48,39.65,-0.43,1.72,4.22,2.88,5411,215060.58,128
2026-09-23 00:00:00,ABSLNN50ET,BIRLASLAMC - ABSLNN50ET,76.00,76.39,75.88,76.24,75.97,0.36,0.51,0.67,0.04,5408,411587.48,158
2026-09-23 00:00:00,SMALLGROWW,GROWWAMC - SMALLGROWW,48.84,49.50,48.84,49.47,48.84,1.29,0.66,1.35,0.00,5404,265075.28,68
2026-09-23 00:00:00,ALBERTDAVD,ALBERT DAVID LIMITED,847.60,885.95,842.00,878.55,848.90,3.49,43.95,5.19,-0.15,5385,4646247.45,373
2026-09-23 00:00:00,RANEHOLDIN,RANE HOLDINGS LIMITED,1575.10,1600.00,1570.00,1591.90,1585.60,0.40,30.00,1.90,-0.66,5363,8512761.80,653
2026-09-23 00:00:00,GROWWPSUBK,GROWWAMC - GROWWPSUBK,80.57,84.50,80.57,83.60,82.64,1.16,3.93,4.88,-2.50,5332,446325.47,130
2026-09-23 00:00:00,LOTUSEYE,LOTUS EYE HOSP & INST L,113.11,116.59,113.11,115.24,114.97,0.23,3.48,3.08,-1.62,5314,611674.41,147
2026-09-23 00:00:00,HINDADH,HINDUSTAN ADHESIVES LTD.,386.70,387.95,377.30,380.40,384.45,-1.05,10.65,2.75,0.59,5308,2020210.25,139
2026-09-23 00:00:00,REGENCERAM,REGENCY CERAMICS LTD.,36.75,36.75,30.40,34.89,33.30,4.77,6.35,17.28,10.36,5232,176605.79,203
2026-09-23 00:00:00,ZODIACLOTH,ZODIAC CLOTHING CO. LTD.,70.90,70.90,69.59,69.71,69.89,-0.26,1.31,1.85,1.45,5230,365583.40,96
2026-09-23 00:00:00,UNIENTER,UNIPHOS ENTERPRISES LTD,91.10,91.15,89.50,91.09,91.15,-0.07,1.65,1.81,-0.05,5224,473204.67,71
2026-09-23 00:00:00,BSHSL,BOMBAY SUPER HYBRID SEEDS,87.70,87.70,84.90,85.57,85.64,-0.08,2.80,3.19,2.41,5188,448362.21,88
2026-09-23 00:00:00,TARMAT,TARMAT LIMITED,54.27,55.96,54.25,54.73,54.22,0.94,1.71,3.15,0.09,5172,283909.50,180
2026-09-23 00:00:00,GUJRAFFIA,GUJARAT RAFFIA INDUST LTD,39.21,41.38,39.20,40.00,39.21,2.01,2.18,5.56,0.00,5157,204890.76,193
2026-09-23 00:00:00,TVSSRICHAK,TVS SRICHAKRA LIMITED,4651.50,4730.00,4620.50,4651.00,4650.00,0.02,109.50,2.35,0.03,5138,24072666.00,1243
2026-09-23 00:00:00,DICIND,DIC INDIA LIMITED,669.00,674.00,658.70,665.65,654.25,1.74,15.30,2.29,2.25,5033,3352556.30,602
2026-09-23 00:00:00,DIAMINESQ,DIAMINES & CHEMICALS LTD,260.00,260.00,246.60,249.38,254.85,-2.15,13.40,5.15,2.02,5025,1256532.12,162
2026-09-23 00:00:00,3MINDIA,3M INDIA LIMITED,34225.00,35000.00,34225.00,34615.00,34220.00,1.15,775.00,2.26,0.01,4992,173397635.00,2592
2026-09-23 00:00:00,BLUEDART,BLUE DART EXPRESS LTD,4786.60,4835.00,4780.00,4799.50,4786.60,0.27,55.00,1.15,0.00,4902,23530669.90,1800
2026-09-23 00:00:00,SHRADDHA,SHRADDHA PRIME PROJECTS L,142.10,153.30,142.10,149.58,144.78,3.32,11.20,7.88,-1.85,4858,722576.79,102
2026-09-23 00:00:00,TRITONV,TRITON VALVES LTD.,1062.10,1160.00,1062.10,1133.80,1080.10,4.97,97.90,9.22,-1.67,4857,5485357.10,667
2026-09-23 00:00:00,ACCELYA,ACCELYA SOLN INDIA LTD,1124.40,1125.00,1114.10,1124.60,1118.80,0.52,10.90,0.97,0.50,4790,5367876.10,465
2026-09-23 00:00:00,SWARAJENG,SWARAJ ENGINES LTD,3557.00,3581.90,3550.00,3559.30,3556.00,0.09,31.90,0.90,0.03,4678,16642769.80,864
2026-09-23 00:00:00,VIRAT,VIRAT INDUSTRIES LTD.,365.00,387.45,364.00,371.20,376.55,-1.42,23.45,6.42,-3.07,4658,1744072.45,306
2026-09-23 00:00:00,TVSHLTD,TVS HOLDINGS LIMITED,12545.00,12668.00,12361.00,12591.00,12543.00,0.38,307.00,2.45,0.02,4611,57795849.00,2066
2026-09-23 00:00:00,BIL,BHARTIYA INTERNATIONAL,1055.90,1060.00,1031.00,1034.95,1050.50,-1.48,29.00,2.75,0.51,4569,4760615.20,527
2026-09-23 00:00:00,ABBOTINDIA,ABBOTT INDIA LIMITED,27225.00,27490.00,26905.00,26935.00,27225.00,-1.07,585.00,2.15,0.00,4547,123389685.00,2501
2026-09-23 00:00:00,BALKRISHNA,BALKRISHNA PAPER MILLS L,16.41,16.55,16.01,16.15,16.41,-1.58,0.54,3.29,0.00,4520,73294.98,64
2026-09-23 00:00:00,MIDCAPADD,DSPAMC - MIDCAPADD,22.89,22.96,22.86,22.86,22.89,-0.13,0.10,0.44,0.00,4503,103189.86,21
2026-09-23 00:00:00,SVLL,SHREE VASU LOGISTICS LTD,895.00,895.00,840.00,861.30,867.65,-0.73,55.00,6.15,3.15,4492,3851607.25,144
2026-09-23 00:00:00,NTCIND,N T C INDUSTRIES LTD.,133.81,143.00,131.49,141.63,133.81,5.84,11.51,8.60,0.00,4487,623367.70,64
2026-09-23 00:00:00,JYOTIRES,JYOTI RESINS & ADHESIVE L,840.00,854.60,839.70,848.45,840.00,1.01,14.90,1.77,0.00,4485,3802316.55,350
2026-09-23 00:00:00,SVGLOBAL,S V GLOBAL MILL LTD.,161.90,163.00,146.55,151.93,155.60,-2.36,16.45,10.16,4.05,4466,691697.39,143
2026-09-23 00:00:00,VSTL,VIBHOR STEEL TUBES LTD,114.95,115.08,112.50,113.48,114.19,-0.62,2.58,2.24,0.67,4457,505490.82,320
2026-09-23 00:00:00,MUTHOOTCAP,MUTHOOT CAP SERV LTD,225.51,231.12,225.01,227.71,229.85,-0.93,6.11,2.71,-1.89,4428,1013063.27,257
2026-09-23 00:00:00,SAYAJIIND,SAYAJI INDUSTRIES LTD.,121.00,124.00,115.50,122.00,121.00,0.83,8.50,7.02,0.00,4423,529961.78,35
2026-09-23 00:00:00,VINYLINDIA,VINYL CHEMICALS (I) LTD.,221.88,223.00,219.00,221.54,220.20,0.61,4.00,1.80,0.76,4415,975638.35,378
2026-09-23 00:00:00,INSPIRISYS,INSPIRISYS SOLUTIONS LTD,88.11,92.00,88.00,91.69,88.99,3.03,4.00,4.54,-0.99,4405,396107.29,88
2026-09-23 00:00:00,HDFCQUAL,HDFCAMC - HDFCQUAL,57.09,57.19,56.90,56.93,56.82,0.19,0.29,0.51,0.48,4383,249807.73,51
2026-09-23 00:00:00,PUNJABCHEM,PUNJAB CHEM & CROP PROT L,1051.00,1087.00,1051.00,1064.90,1066.20,-0.12,36.00,3.43,-1.43,4369,4679204.30,631
2026-09-23 00:00:00,KIRLOSIND,KIRLOSKAR INDUSTRIES LTD,3667.00,3696.50,3655.00,3681.00,3667.20,0.38,41.50,1.13,-0.01,4319,15877483.10,578
2026-09-23 00:00:00,AMBIKCO,AMBIKA COTTON MILL LTD.,1571.80,1593.50,1567.20,1582.70,1577.70,0.32,26.30,1.67,-0.37,4291,6775058.50,684
2026-09-23 00:00:00,MONEXT50,MOTILALAMC - MONEXT50,71.00,72.70,70.54,72.69,71.54,1.61,2.16,3.04,-0.75,4257,307543.06,48
2026-09-23 00:00:00,GLOBALE,GLOBALE TESSILE LIMITED,11.13,11.41,10.61,11.34,11.15,1.70,0.80,7.19,-0.18,4225,45279.92,28
2026-09-23 00:00:00,GILLANDERS,GILLANDERS ARBUTHNOT LTD,105.00,106.00,103.02,104.91,105.00,-0.09,2.98,2.84,0.00,4202,439559.81,40
2026-09-23 00:00:00,GRANDOAK,GRAND OAK CANYONS DIST L,34.70,35.18,34.00,35.06,33.60,4.35,1.18,3.40,3.27,4167,145456.59,220
2026-09-23 00:00:00,CPEDU,CAREER POINT EDUTECH LTD,173.00,181.00,173.00,179.52,177.35,1.22,8.00,4.62,-2.45,4137,737915.56,106
2026-09-23 00:00:00,PRITI,PRITI INTERNATIONAL LTD,33.80,33.80,32.60,33.17,32.90,0.82,1.20,3.55,2.74,4115,137251.00,119
2026-09-23 00:00:00,DENORA,DE NORA INDIA LIMITED,800.30,817.40,790.00,795.65,798.40,-0.34,27.40,3.42,0.24,4096,3287406.55,586
2026-09-23 00:00:00,DIAMONDYD,PRATAAP SNACKS LIMITED,1113.30,1114.30,1080.30,1088.00,1090.30,-0.21,34.00,3.05,2.11,4080,4464823.00,559
2026-09-23 00:00:00,MALLCOM,MALLCOM (INDIA) LIMITED,951.40,980.00,950.50,975.35,951.70,2.49,29.50,3.10,-0.03,3973,3835230.70,407
2026-09-23 00:00:00,ALLDIGI,ALLDIGI TECH LIMITED,771.00,791.95,771.00,780.25,784.60,-0.55,20.95,2.72,-1.73,3923,3058501.90,442
2026-09-23 00:00:00,INCREDIBLE,INCREDIBLE INDUSTRIES LTD,32.51,33.18,31.80,32.08,32.51,-1.32,1.38,4.24,0.00,3898,125885.24,86
2026-09-23 00:00:00,KREBSBIO,KREBS BIOCHEMICALS & IND,56.30,59.60,56.30,57.54,56.86,1.20,3.30,5.86,-0.98,3816,218215.85,85
2026-09-23 00:00:00,BBTCL,B&B TRIPLEWALL CONT LTD,234.70,236.77,227.70,231.30,234.00,-1.15,9.07,3.86,0.30,3777,872886.28,243
2026-09-23 00:00:00,NIPPOBATRY,INDO-NATIONAL LIMITED,318.10,334.00,318.10,329.60,325.55,1.24,15.90,5.00,-2.29,3772,1239942.05,226
2026-09-23 00:00:00,ASTRAZEN,ASTRAZENECA PHARMA IND LT,6708.00,6745.00,6656.00,6706.00,6711.50,-0.08,89.00,1.33,-0.05,3764,25211310.50,1105
2026-09-23 00:00:00,GROWWMC150,GROWWAMC - GROWWMC150,227.00,230.65,227.00,230.65,227.56,1.36,3.65,1.61,-0.25,3762,859973.32,24
2026-09-23 00:00:00,BAJAJST,BAJAJ STEEL INDS. LTD.,354.60,354.60,347.10,349.80,348.05,0.50,7.50,2.12,1.88,3742,1310296.35,290
2026-09-23 00:00:00,HBSL,HB STOCKHOLDINGS LIMITED,55.26,56.50,54.99,55.68,54.45,2.26,1.51,2.73,1.49,3738,207293.39,58
2026-09-23 00:00:00,IWP,INDIAN WOOD PRODUCTS CO L,34.47,35.50,34.46,35.34,34.47,2.52,1.04,3.02,0.00,3719,130130.20,87
2026-09-23 00:00:00,NSIL,NALWA SONS INVESTMENT LTD,5515.00,5648.00,5476.00,5624.00,5524.00,1.81,172.00,3.12,-0.16,3677,20530419.00,549
2026-09-23 00:00:00,AUSOMENT,AUSOM ENTERPRISE LIMITED,147.23,150.00,145.01,147.63,147.23,0.27,4.99,3.39,0.00,3667,537614.36,147
2026-09-23 00:00:00,TASTYBITE,TASTY BITE EATABLES LTD,9823.00,10229.00,9791.00,10180.00,9829.00,3.57,438.00,4.46,-0.06,3654,36860429.00,1233
2026-09-23 00:00:00,MCCHRLS-B,MAC CHARLES (INDIA) LTD.,679.65,679.65,610.50,657.10,654.80,0.35,69.15,10.17,3.80,3649,2360860.00,212
2026-09-23 00:00:00,JKIPL,JINKUSHAL INDUSTRIES LTD,99.96,101.55,99.26,100.25,99.24,1.02,2.29,2.29,0.73,3606,360908.97,125
2026-09-23 00:00:00,ZFSTEERING,Z F STEERING GEAR (I) LTD,700.00,709.90,691.00,703.65,689.70,2.02,18.90,2.70,1.49,3509,2461463.70,279
2026-09-23 00:00:00,GLFL,GUJARAT LEASE FINANCING L,4.85,5.25,4.85,5.09,5.09,0.00,0.40,8.25,-4.72,3499,17536.68,23
2026-09-23 00:00:00,CORALFINAC,CORAL INDIA FIN & HOUS LT,31.82,32.70,31.52,31.90,32.14,-0.75,1.18,3.71,-1.00,3482,111177.26,123
2026-09-23 00:00:00,ELPROINTL,ELPRO INTERNATIONAL LTD,171.46,172.89,171.08,171.50,172.24,-0.43,1.81,1.06,-0.45,3459,593442.32,119
2026-09-23 00:00:00,NAHARPOLY,NAHAR POLY FILMS LIMITED,235.99,236.00,228.00,228.81,232.84,-1.73,8.00,3.39,1.35,3369,777817.64,156
2026-09-23 00:00:00,VGCL,VIBRANT GLOBAL CAPITAL L,47.00,48.99,46.25,47.18,46.90,0.60,2.74,5.83,0.21,3369,159742.30,223
2026-09-23 00:00:00,ELANTAS,ELANTAS BECK INDIA LTD.,14481.00,14510.00,14000.00,14308.00,14410.00,-0.71,510.00,3.52,0.49,3349,47714804.00,1445
2026-09-23 00:00:00,AIROLAM,AIRO LAM LIMITED,87.40,91.66,86.97,90.79,87.69,3.54,4.69,5.37,-0.33,3338,300664.48,57
2026-09-23 00:00:00,RETAIL,JHS SVENDGAARD RETAIL V L,17.13,17.30,16.50,17.25,17.11,0.82,0.80,4.67,0.12,3320,56657.05,70
2026-09-23 00:00:00,ESG,MIRAEAMC - MAESGETF,40.22,40.36,40.11,40.29,40.09,0.50,0.25,0.62,0.32,3312,133364.91,30
2026-09-23 00:00:00,COCKERILL,JOHN COCKERILL INDIA LTD.,8125.00,8201.00,8068.00,8144.00,8178.00,-0.42,133.00,1.64,-0.65,3308,26895789.00,986
2026-09-23 00:00:00,KHAITANLTD,KHAITAN (INDIA)LTD.,151.00,154.39,145.21,153.14,151.82,0.87,9.18,6.08,-0.54,3281,496506.70,157
2026-09-23 00:00:00,HONAUT,HONEYWELL AUTOMATION IND,34050.00,34500.00,33700.00,34275.00,34025.00,0.73,800.00,2.35,0.07,3275,111341475.00,1752
2026-09-23 00:00:00,TRANSCOR,TRANSCORP INTERNATIONAL L,25.00,25.70,24.20,24.28,24.92,-2.57,1.50,6.00,0.32,3261,80818.87,91
2026-09-23 00:00:00,NGLFINE,NGL FINE CHEM LIMITED,2838.10,2858.50,2788.10,2830.40,2859.40,-1.01,70.40,2.48,-0.74,3251,9214117.10,879
2026-09-23 00:00:00,GUJAPOLLO,GUJ. APOLLO IND. LTD.,344.95,344.95,336.50,336.95,337.40,-0.13,8.45,2.45,2.24,3229,1093521.45,175
2026-09-23 00:00:00,CERA,CERA SANITARYWARE LTD,5520.00,5544.00,5501.00,5520.00,5501.00,0.35,43.00,0.78,0.35,3192,17635256.50,990
2026-09-23 00:00:00,PERMAGN,PERMANENT MAGNETS LTD.,837.85,839.85,827.20,832.50,837.85,-0.64,12.65,1.51,0.00,3174,2644893.10,235
2026-09-23 00:00:00,SENSEXAXIS,AXISAMC-SENSEXAXIS,75.74,77.92,75.74,77.86,77.69,0.22,2.18,2.88,-2.51,3174,246271.54,50
2026-09-23 00:00:00,INDOUS,INDO US BIOTECH LTD,82.80,82.80,78.05,78.10,78.99,-1.13,4.75,5.74,4.82,3148,248089.78,157
2026-09-23 00:00:00,HINDALUMI,HIND ALUMINIUM INDS. LTD.,94.50,95.00,92.00,93.78,94.08,-0.32,3.00,3.17,0.45,3123,292156.70,101
2026-09-23 00:00:00,THEJO,THEJO ENGINEERING LIMITED,2194.30,2194.30,2151.20,2173.50,2167.90,0.26,43.10,1.96,1.22,3114,6768029.10,399
2026-09-23 00:00:00,HEALTHX,HEALTH X PLATFORM LIMITED,290.00,299.80,290.00,293.30,289.40,1.35,9.80,3.38,0.21,3099,913222.30,129
2026-09-23 00:00:00,SOFTTECH,SOFTTECH ENGINEERS LTD,475.00,503.35,475.00,491.85,498.25,-1.28,28.35,5.97,-4.67,3096,1522572.45,179
2026-09-23 00:00:00,ARCL,ARCL ORGANICS LTD.,274.95,274.95,251.00,255.79,262.06,-2.39,23.95,8.71,4.92,3088,819947.93,62
2026-09-23 00:00:00,QNIFTY,QUANTUM NIFTY 50 ETF,257.80,259.00,257.40,258.62,257.60,0.40,1.60,0.62,0.08,3050,786545.38,117
2026-09-23 00:00:00,SUDARCOLOR,SUDARSHAN COLORNT IND LTD,392.05,394.95,386.70,390.70,390.20,0.13,8.25,2.10,0.47,2976,1165129.70,192
2026-09-23 00:00:00,YOGI,YOGI LTD.,163.10,163.10,156.00,161.95,161.00,0.59,7.10,4.35,1.30,2971,475715.20,26
2026-09-23 00:00:00,LAHOTIOV,LAHOTI OVERSEAS LTD.,40.67,42.00,40.67,40.77,40.68,0.22,1.33,3.27,-0.02,2957,121744.32,44
2026-09-23 00:00:00,MOBANK10,MOTILALAMC - MOBANK10,16.93,16.93,16.59,16.70,16.77,-0.42,0.34,2.01,0.95,2791,46472.43,52
2026-09-23 00:00:00,JENBURPH,JENBURKT PHARMACEUTICAL L,961.30,979.80,930.00,952.00,957.20,-0.54,49.80,5.18,0.43,2772,2659373.00,327
2026-09-23 00:00:00,BOHRAIND,BOHRA INDUSTRIES LIMITED,13.26,13.87,13.26,13.64,13.26,2.87,0.61,4.60,0.00,2758,37618.64,19
2026-09-23 00:00:00,LKPSEC,L K P SECURITIES LTD.,15.16,15.66,15.00,15.27,15.31,-0.26,0.66,4.35,-0.98,2723,41291.99,65
2026-09-23 00:00:00,MAHSCOOTER,MAHARASHTRA SCOOTERS LTD,13313.00,13485.00,13200.00,13269.00,13313.00,-0.33,285.00,2.14,0.00,2712,35996599.00,705
2026-09-23 00:00:00,PRUDMOULI,PRUDENTIAL SUGAR CORPORAT,14.00,14.00,13.70,13.80,13.71,0.66,0.30,2.14,2.12,2692,37635.54,28
2026-09-23 00:00:00,3PLAND,3P LAND HOLDINGS LIMITED,30.75,31.05,30.35,30.91,30.74,0.55,0.70,2.28,0.03,2691,82798.65,63
2026-09-23 00:00:00,IDFNIFTYET,BANDHANAMC - IDFNIFTYET,258.98,259.94,258.07,259.52,259.13,0.15,1.87,0.72,-0.06,2669,690868.11,29
2026-09-23 00:00:00,STARPAPER,STAR PAPER MILLS LTD,157.71,158.00,155.30,156.27,156.79,-0.33,2.70,1.71,0.59,2666,417752.52,79
2026-09-23 00:00:00,ESABINDIA,ESAB INDIA LTD,5650.00,5699.00,5590.00,5604.50,5654.50,-0.88,109.00,1.93,-0.08,2657,14959416.00,1059
2026-09-23 00:00:00,SHBAJRG,SHRI BAJRANG ALLIANCE L,154.00,162.84,150.00,161.24,153.79,4.84,12.84,8.34,0.14,2653,416971.39,128
2026-09-23 00:00:00,CLEDUCATE,CL EDUCATE LIMITED,55.25,56.49,55.01,56.31,55.38,1.68,1.48,2.68,-0.23,2635,147120.81,65
2026-09-23 00:00:00,ROML,RAJ OIL MILLS LIMITED,42.00,42.25,41.14,41.87,41.14,1.77,1.11,2.64,2.09,2617,109611.92,26
2026-09-23 00:00:00,TAINWALCHM,TAINWALA CHEMICAL AND PLA,218.02,222.00,212.29,214.31,219.29,-2.27,9.71,4.45,-0.58,2583,561261.00,83
2026-09-23 00:00:00,LAGNAM,LAGNAM SPINTEX LIMITED,74.50,75.00,73.34,75.00,74.01,1.34,1.66,2.23,0.66,2578,192549.55,41
2026-09-23 00:00:00,SILINV,SIL INVESTMENTS LIMITED,440.80,460.00,440.80,452.80,440.80,2.72,19.20,4.36,0.00,2531,1128916.65,71
2026-09-23 00:00:00,ASPINWALL,ASPINWALL & CO LTD,253.30,262.00,248.75,255.55,252.35,1.27,13.25,5.23,0.38,2515,647473.40,76
2026-09-23 00:00:00,BCONCEPTS,BRAND CONCEPTS LIMITED,150.71,156.60,150.70,153.06,152.58,0.31,5.90,3.91,-1.23,2512,385300.86,277
2026-09-23 00:00:00,AUTOAXLES,AUTOMOTIVE AXLES LIMITED,1670.00,1687.90,1664.60,1682.00,1664.40,1.06,23.30,1.40,0.34,2485,4173740.10,343
2026-09-23 00:00:00,ITBETA,UTIAMC-ITBETA,300.00,304.90,297.83,299.00,309.00,-3.24,7.07,2.36,-2.91,2466,736651.18,107
2026-09-23 00:00:00,APCL,ANJANI PORTLAND CEM LTD,98.00,99.00,94.00,95.93,94.80,1.19,5.00,5.10,3.38,2451,237370.01,136
2026-09-23 00:00:00,HPIL,HINDPRAKASH INDUSTRY LTD,116.60,121.50,115.11,116.49,118.71,-1.87,6.39,5.48,-1.78,2443,286320.33,119
2026-09-23 00:00:00,TOKYOPLAST,TOKYO PLAST INTL LTD,79.00,79.50,78.00,79.40,78.40,1.28,1.50,1.90,0.77,2420,189996.76,37
2026-09-23 00:00:00,INFOMEDIA,INFOMEDIA PRESS LIMITED,5.50,5.50,5.30,5.48,5.34,2.62,0.20,3.64,3.00,2413,12994.54,22
2026-09-23 00:00:00,SHRADHA,SHRADHA REALTY LIMITED,30.50,30.96,30.01,30.45,30.78,-1.07,0.95,3.11,-0.91,2406,73186.92,48
2026-09-23 00:00:00,BSL,BSL LTD,124.28,125.90,123.01,124.24,125.54,-1.04,2.89,2.33,-1.00,2400,298867.32,164
2026-09-23 00:00:00,MADHAV,MADHAV MARBLE & GRANITE,36.40,36.40,34.17,34.57,34.46,0.32,2.23,6.13,5.63,2394,82818.40,48
2026-09-23 00:00:00,SANOFICONR,SANOFI CONS HEALTHC IND L,3994.00,4035.20,3955.00,4005.40,3993.00,0.31,80.20,2.01,0.03,2377,9485790.10,893
2026-09-23 00:00:00,MSCI360,360ONEAMC - MSCI360,9.91,10.29,9.90,10.25,9.91,3.43,0.39,3.94,0.00,2370,23558.24,18
2026-09-23 00:00:00,MRF,MRF LTD,124940.00,125250.00,124415.00,124580.00,124770.00,-0.15,835.00,0.67,0.14,2354,293397675.00,1980
2026-09-23 00:00:00,CREST,CREST VENTURES LIMITED,369.95,370.00,357.55,366.00,363.70,0.63,12.45,3.37,1.72,2311,840050.55,103
2026-09-23 00:00:00,JAIPURKURT,NANDANI CREATION LIMITED,24.79,25.01,24.23,24.95,24.79,0.65,0.78,3.15,0.00,2305,57026.35,82
2026-09-23 00:00:00,NAHARCAP,NAHAR CAP & FIN.,248.10,256.20,248.10,252.30,249.95,0.94,8.10,3.26,-0.74,2275,571562.55,72
2026-09-23 00:00:00,NITTAGELA,NITTA GELATIN INDIA LTD.,1691.60,1737.70,1691.60,1730.20,1700.10,1.77,46.10,2.73,-0.50,2246,3849052.80,311
2026-09-23 00:00:00,KJMCFIN,K J M C FINANCIAL SERV L,61.80,61.80,58.71,61.50,61.80,-0.49,3.09,5.00,0.00,2220,132731.25,78
2026-09-23 00:00:00,SUNSHIEL,SUNSHIELD CHEMICALS LTD.,1191.80,1215.00,1160.00,1164.30,1192.00,-2.32,55.00,4.61,-0.02,2201,2594141.30,328
2026-09-23 00:00:00,BPLPHARMA,BHARAT PARENTERALS LTD.,1549.80,1560.30,1511.00,1545.50,1531.70,0.90,49.30,3.18,1.18,2199,3403268.80,167
2026-09-23 00:00:00,INDOKEM,INDOKEM LTD.,610.35,622.40,605.25,614.90,607.20,1.27,17.15,2.81,0.52,2170,1326996.90,163
2026-09-23 00:00:00,TIPSFILMS,TIPS FILMS LIMITED,327.00,327.00,313.00,314.75,316.35,-0.51,14.00,4.28,3.37,2164,683932.80,207
2026-09-23 00:00:00,RELCHEMQ,RELIANCE CHEMOTEX IND LTD,117.03,120.00,117.03,117.71,117.61,0.09,2.97,2.54,-0.49,2158,255809.44,90
2026-09-23 00:00:00,AMNPLST,AMINES & PLASTICIZERS LTD,168.81,175.70,167.00,169.00,169.65,-0.38,8.70,5.15,-0.50,2132,359719.47,119
2026-09-23 00:00:00,MLKFOOD,MILKFOOD LTD.,83.50,87.00,82.00,82.88,82.45,0.52,5.00,5.99,1.27,2130,177049.64,95
2026-09-23 00:00:00,ENIL,ENTERTAIN NET. IND. LTD.,99.50,100.80,99.15,100.17,99.64,0.53,1.65,1.66,-0.14,2106,210814.25,88
2026-09-23 00:00:00,SUMEDHA,SUMEDHA FISCAL SERVICES L,44.85,45.00,44.00,44.08,44.04,0.09,1.00,2.23,1.84,2063,90954.51,19
2026-09-23 00:00:00,MOINFRA,MOTILALAMC - MOINFRA,58.14,59.00,58.14,58.32,57.56,1.32,0.86,1.48,1.01,2057,119990.88,44
2026-09-23 00:00:00,PALASHSECU,PALASH SECURITIES LTD,87.11,88.90,85.00,85.69,86.70,-1.16,3.90,4.48,0.47,2003,172491.96,169
2026-09-23 00:00:00,SAB,S A B INDUSTRIES LTD.,174.15,174.15,170.00,170.00,174.15,-2.38,4.15,2.38,0.00,2001,340174.15,3
2026-09-23 00:00:00,JINDALPHOT,JINDAL PHOTO LIMITED,1116.00,1116.00,1082.00,1084.80,1097.20,-1.13,34.00,3.05,1.71,1986,2165522.40,197
2026-09-23 00:00:00,JOCIL,JOCIL LIMITED,148.50,151.50,145.41,148.71,146.40,1.58,6.09,4.10,1.43,1970,290982.69,42
2026-09-23 00:00:00,S&SPOWER,S&S POWER SWITCHGEARS LTD,338.00,338.00,314.10,318.05,325.45,-2.27,23.90,7.07,3.86,1967,628823.95,193
2026-09-23 00:00:00,VLSFINANCE,VLS FINANCE LTD,240.75,242.40,235.35,241.15,236.46,1.98,7.05,2.93,1.81,1965,471458.18,97
2026-09-23 00:00:00,PHOENXINTL,PHOENIX INTERNATIONAL LTD,29.00,29.00,27.80,28.16,28.35,-0.67,1.20,4.14,2.29,1955,54979.77,38
2026-09-23 00:00:00,LMW,LMW LIMITED,17077.00,17318.00,17010.00,17126.00,17077.00,0.29,308.00,1.80,0.00,1936,33217348.00,1062
2026-09-23 00:00:00,SECMARK,SECMARK CONSULTANCY LTD,143.80,143.80,137.47,141.03,136.11,3.61,6.33,4.40,5.65,1930,272178.75,48
2026-09-23 00:00:00,HEALTHAXIS,AXISAMC-HEALTHAXIS,170.32,175.00,170.32,173.88,171.22,1.55,4.68,2.75,-0.53,1915,328641.53,71
2026-09-23 00:00:00,NGIL,NAKODA GROUP OF IND. LTD,40.90,40.90,38.65,39.78,39.04,1.90,2.25,5.50,4.76,1886,74438.72,50
2026-09-23 00:00:00,REPL,RUDRABHISHEK ENTERP LTD,57.10,59.20,57.10,58.23,57.67,0.97,2.10,3.68,-0.99,1861,107949.46,57
2026-09-23 00:00:00,MOGSEC,MOTILALAMC - G5,65.25,65.49,64.95,65.44,65.03,0.63,0.54,0.83,0.34,1851,121050.40,41
2026-09-23 00:00:00,AMARJOTHI,AMARJOTHI SPINNING MILL L,149.00,149.74,147.50,148.12,148.91,-0.53,2.24,1.50,0.06,1820,270216.94,27
2026-09-23 00:00:00,IFBAGRO,IFB AGRO INDUSTRIES LTD,865.90,880.00,861.25,864.80,865.70,-0.10,18.75,2.17,0.02,1763,1528561.90,279
2026-09-23 00:00:00,LOWVOL,MIRAEAMC - MANV30F,199.91,200.17,199.67,200.09,199.77,0.16,0.50,0.25,0.07,1760,351889.39,14
2026-09-23 00:00:00,NINSYS,NINTEC SYSTEMS LIMITED,711.05,714.55,705.25,710.30,711.05,-0.11,9.30,1.31,0.00,1759,1251888.25,248
2026-09-23 00:00:00,WORTHPERI,WORTH PERIPHERALS LIMITED,149.99,149.99,144.71,149.21,148.82,0.26,5.28,3.52,0.79,1746,258926.05,61
2026-09-23 00:00:00,MAKERSL,MAKERS LABORATORIES LTD.,182.00,187.89,180.10,182.88,181.26,0.89,7.79,4.28,0.41,1736,316936.65,40
2026-09-23 00:00:00,KAMAHOLD,KAMA HOLDINGS LTD.,2257.70,2257.70,2230.10,2239.20,2236.40,0.13,27.60,1.22,0.95,1734,3884565.40,256
2026-09-23 00:00:00,INDIANCARD,INDIAN CARD CLOTHING CO.,208.03,214.84,206.53,208.64,212.95,-2.02,8.31,3.99,-2.31,1719,360212.40,118
2026-09-23 00:00:00,SUNCLAY,SUNDARAM CLAYTON LIMITED,1276.70,1276.70,1250.10,1253.90,1252.50,0.11,26.60,2.08,1.93,1684,2119428.10,180
2026-09-23 00:00:00,ARIHANT,ARIHANT FOUN & HOU LTD,929.05,929.05,890.00,900.80,923.90,-2.50,39.05,4.20,0.56,1682,1520756.30,205
2026-09-23 00:00:00,KOVAI,KOVAI MEDICAL CENTER & HO,6182.50,6197.00,6102.00,6160.50,6153.50,0.11,95.00,1.54,0.47,1680,10328641.00,649
2026-09-23 00:00:00,WIPL,THE WESTERN INDIA PLY LTD,164.90,164.90,160.02,160.91,159.40,0.95,4.88,2.96,3.45,1666,269521.08,37
2026-09-23 00:00:00,KARMAENG,KARMA ENERGY LIMITED,40.20,40.99,39.72,40.18,40.10,0.20,1.27,3.16,0.25,1654,66782.28,68
2026-09-23 00:00:00,MOIPO,MOTILALAMC - MOIPO,49.23,49.84,48.70,48.97,48.98,-0.02,1.14,2.32,0.51,1650,81046.54,45
2026-09-23 00:00:00,HONDAPOWER,HONDA I POWER PRODUCT LTD,1910.40,1935.00,1910.00,1931.70,1916.50,0.79,25.00,1.31,-0.32,1632,3141922.50,360
2026-09-23 00:00:00,SENSEXBETA,UTIAMC-SENSEXBETA,828.01,836.00,824.23,828.72,828.37,0.04,11.77,1.42,-0.04,1606,1329909.59,103
2026-09-23 00:00:00,HESTERBIO,HESTER BIOSCIENCES LTD,2178.00,2261.20,2177.40,2241.80,2178.70,2.90,83.80,3.85,-0.03,1601,3569615.60,410
2026-09-23 00:00:00,HAWKINCOOK,HAWKINS COOKERS LTD,7971.50,8130.00,7971.50,7992.00,8009.50,-0.22,158.50,1.99,-0.47,1600,12807021.50,451
2026-09-23 00:00:00,NILE,NILE LTD.,1444.00,1464.60,1424.20,1436.60,1444.90,-0.57,40.40,2.80,-0.06,1589,2289055.90,291
2026-09-23 00:00:00,MEGASTAR,MEGASTAR FOODS LIMITED,265.65,281.90,265.65,277.60,276.10,0.54,16.25,6.12,-3.78,1586,441343.90,132
2026-09-23 00:00:00,AHLEAST,ASIAN HOTELS (EAST) LTD,137.85,138.98,135.35,136.36,135.13,0.91,3.63,2.63,2.01,1584,217907.70,35
2026-09-23 00:00:00,APOORVA,APOORVA LEAS F & INV C L,35.58,35.58,32.25,34.32,33.89,1.27,3.33,9.36,4.99,1539,50709.81,33
2026-09-23 00:00:00,DIVIDEND,MIRAEAMC - DIVIDEND,35.00,35.07,34.92,35.00,34.86,0.40,0.15,0.43,0.40,1526,53361.16,21
2026-09-23 00:00:00,THAKDEV,THAKKERS DEVELOPERS LTD.,129.15,137.90,129.15,133.78,126.36,5.87,8.75,6.78,2.21,1517,203538.67,63
2026-09-23 00:00:00,EMPIND,EMPIRE INDUSTRIES LTD.,1049.90,1080.00,1044.50,1074.80,1038.10,3.54,35.50,3.38,1.14,1503,1597759.80,209
2026-09-23 00:00:00,ELMDIV,EDELAMC - ELMDIV,35.70,36.70,35.46,35.76,35.52,0.68,1.24,3.47,0.51,1472,52729.88,26
2026-09-23 00:00:00,SENSEXADD,DSPAMC - DSPSENXETF,77.22,77.53,77.00,77.06,77.06,0.00,0.53,0.69,0.21,1463,112893.98,31
2026-09-23 00:00:00,PALREDTEC,PALRED TECHNOLOGIES LTD,45.00,49.29,45.00,46.73,46.95,-0.47,4.29,9.53,-4.15,1460,71863.04,40
2026-09-23 00:00:00,JSWHL,JSW HOLDINGS LIMITED,11307.00,11404.00,11180.00,11333.00,11219.00,1.02,224.00,1.98,0.78,1430,16124801.00,696
2026-09-23 00:00:00,AKASH,AKASH INFRA-PROJECTS LTD,24.75,25.40,24.64,24.76,24.99,-0.92,0.76,3.07,-0.96,1427,35395.25,23
2026-09-23 00:00:00,MOSERVICE,MOTILALAMC - MOSERVICE,30.32,30.38,30.15,30.38,30.20,0.60,0.23,0.76,0.40,1424,43007.84,26
2026-09-23 00:00:00,MSCIINDIA,KOTAKMAMC - MSCIINDIA,29.23,29.31,29.13,29.29,29.19,0.34,0.18,0.62,0.14,1386,40479.95,66
2026-09-23 00:00:00,SUMMITSEC,SUMMIT SECURITIES LTD,1410.00,1410.00,1385.00,1403.70,1404.00,-0.02,25.00,1.77,0.43,1357,1899036.30,290
2026-09-23 00:00:00,SHYAMTEL,SHYAM TELECOM LIMITED,10.30,11.25,10.30,11.14,11.05,0.81,0.95,9.22,-6.79,1339,14664.67,27
2026-09-23 00:00:00,ARENTERP,RAJDARSHAN INDUSTRIES LTD,34.77,35.75,34.00,34.98,34.77,0.60,1.75,5.03,0.00,1317,45464.97,56
2026-09-23 00:00:00,MANORG,MANGALAM ORGANICS LIMITED,457.40,460.00,456.00,458.15,459.50,-0.29,4.00,0.87,-0.46,1281,586529.05,116
2026-09-23 00:00:00,AGRITECH,AGRI-TECH (INDIA) LIMITED,96.90,98.79,96.00,97.83,97.38,0.46,2.79,2.88,-0.49,1258,122889.38,72
2026-09-23 00:00:00,POLYSPIN,POLYSPIN EXPORTS LTD.,28.65,32.00,28.65,30.78,28.51,7.96,3.35,11.69,0.49,1253,38618.06,30
2026-09-23 00:00:00,PML,PAUL MERCHANTS LTD.,498.85,498.85,474.10,486.00,498.85,-2.58,24.75,4.96,0.00,1239,601395.45,43
2026-09-23 00:00:00,RVTH,REVATHI EQUIPMENT INDIA L,718.75,719.00,620.00,641.15,671.55,-4.53,99.00,13.77,7.03,1230,820699.65,96
2026-09-23 00:00:00,SAMBANDAM,SAMBANDAM SPINNING MILL L,102.50,102.50,102.50,102.50,101.00,1.49,0.00,0.00,1.49,1229,125972.50,3
2026-09-23 00:00:00,AKCAPIT,A K CAPITAL SERVICES LTD.,1751.30,1760.00,1733.90,1753.90,1766.80,-0.73,26.10,1.49,-0.88,1197,2094687.70,109
2026-09-23 00:00:00,HALEOSLABS,HALEOS LABS LIMITED,1533.00,1554.00,1488.40,1510.70,1500.00,0.71,65.60,4.28,2.20,1188,1815679.60,213
2026-09-23 00:00:00,BNAGROCHEM,BN AGROCHEM LTD.,204.46,208.00,200.85,206.88,200.85,3.00,7.15,3.50,1.80,1181,243501.11,26
2026-09-23 00:00:00,ADL,ARCHIDPLY DECOR LIMITED,69.41,72.00,69.05,69.87,69.00,1.26,2.95,4.25,0.59,1168,81466.11,66
2026-09-23 00:00:00,RAJPALAYAM,RAJAPALAYAM MILLS LTD.,769.00,794.95,769.00,790.45,758.50,4.21,25.95,3.37,1.38,1133,883794.50,30
2026-09-23 00:00:00,RRECL,RDB REAL ESTATE CONS L,133.00,137.00,133.00,137.00,137.00,0.00,4.00,3.01,-2.92,1120,149229.00,14
2026-09-23 00:00:00,TFL,TRANSWARRANTY FIN. LTD.,11.75,12.19,11.65,11.77,11.75,0.17,0.54,4.60,0.00,1112,13238.96,37
2026-09-23 00:00:00,BANARBEADS,BANARAS BEADS LTD,113.50,118.00,112.80,113.28,111.28,1.80,5.20,4.58,1.99,1110,126122.15,40
2026-09-23 00:00:00,ENIFTY,EDELAMC - ENIFTY,23.04,23.73,23.04,23.65,23.64,0.04,0.69,2.99,-2.54,1107,26162.84,51
2026-09-23 00:00:00,BEEKAY,BEEKAY STEEL INDS. LTD.,422.30,430.45,417.00,423.25,420.80,0.58,13.45,3.18,0.36,1077,451669.20,118
2026-09-23 00:00:00,ARTNIRMAN,ART NIRMAN LIMITED,41.40,41.40,39.05,40.01,40.49,-1.19,2.35,5.68,2.25,1071,42043.14,16
2026-09-23 00:00:00,NEXT50ADD,DSPAMC - NEXT50ADD,72.70,72.88,72.61,72.88,72.57,0.43,0.27,0.37,0.18,1066,77490.03,28
2026-09-23 00:00:00,JPOLYINVST,JIND POL INV & FIN CO LTD,975.45,984.00,972.25,978.95,972.75,0.64,11.75,1.20,0.28,1063,1037188.55,218
2026-09-23 00:00:00,COMPEAU,COMPETENT AUTOMOB CO. L,364.00,375.00,364.00,364.40,364.00,0.11,11.00,3.02,0.00,1049,384228.15,36
2026-09-23 00:00:00,DGCONTENT,DIGICONTENT LIMITED,24.10,25.60,23.86,24.90,23.92,4.10,1.74,7.22,0.75,1040,25357.92,18
2026-09-23 00:00:00,KHANDSE,KHANDWALA SECURITIES LTD,18.29,18.29,17.15,18.00,17.91,0.50,1.14,6.23,2.12,1007,18038.47,28
2026-09-23 00:00:00,MODINATUR,MODI NATURALS LIMITED,354.25,360.00,351.25,352.65,355.75,-0.87,8.75,2.47,-0.42,1006,358432.10,111
2026-09-23 00:00:00,NORBTEAEXP,NORBEN TEA & EXPORTS LTD,65.93,67.39,64.00,65.55,66.26,-1.07,3.39,5.14,-0.50,996,65250.83,32
2026-09-23 00:00:00,ASTAR,ASIAN STAR CO. LTD.,702.45,733.95,692.10,708.95,702.45,0.93,41.85,5.96,0.00,987,702899.30,163
2026-09-23 00:00:00,KIRANVYPAR,KIRAN VYAPAR LTD.,218.90,218.90,211.00,215.10,218.79,-1.69,7.90,3.61,0.05,972,209694.49,106
2026-09-23 00:00:00,SEMAC,SEMAC CONSTRUCTION LTD,288.40,288.40,265.05,265.65,279.00,-4.78,23.35,8.10,3.37,970,261473.15,78
2026-09-23 00:00:00,KAKATCEM,KAKATIYA CEM SUGAR &IND L,109.70,109.75,107.05,107.97,109.75,-1.62,2.70,2.46,-0.05,964,104154.75,35
2026-09-23 00:00:00,SURYALA,SURYALATA SPINNING MILL L,394.75,409.90,382.15,400.05,390.80,2.37,27.75,7.03,1.01,933,371542.75,34
2026-09-23 00:00:00,NEXT30ADD,DSPAMC - NEXT30ADD,42.10,42.33,42.05,42.25,42.10,0.36,0.28,0.67,0.00,910,38446.44,38
2026-09-23 00:00:00,DRAGARWQ,DR. AGARWAL'S EYE HOSP L,5206.50,5253.00,5194.00,5202.00,5200.00,0.04,59.00,1.13,0.12,910,4735513.50,176
2026-09-23 00:00:00,IPRINGLTD,IP RINGS LTD.,136.22,138.00,133.24,136.89,135.95,0.69,4.76,3.49,0.20,891,121371.91,52
2026-09-23 00:00:00,LFIC,LAKSHMI FIN IND CORP LTD,138.50,138.69,133.12,136.14,135.30,0.62,5.57,4.02,2.37,881,120215.07,55
2026-09-23 00:00:00,SHIVAMILLS,SHIVA MILLS LIMITED,61.24,61.24,59.30,59.92,61.24,-2.16,1.94,3.17,0.00,876,52531.26,24
2026-09-23 00:00:00,ESENSEX,EDELAMC - ESENSEX,75.58,75.68,75.28,75.54,75.40,0.19,0.40,0.53,0.24,872,65649.46,17
2026-09-23 00:00:00,MODIRUBBER,MODI RUBBER LTD,121.81,124.00,118.40,121.51,122.04,-0.43,5.60,4.60,-0.19,870,106035.79,62
2026-09-23 00:00:00,GLOSTERLTD,GLOSTER LIMITED,562.00,580.00,562.00,578.00,572.15,1.02,18.00,3.20,-1.77,847,484119.75,67
2026-09-23 00:00:00,UNITEDTEA,UNITED NILGIRI TEA LTD,427.40,432.35,424.05,428.00,427.35,0.15,8.30,1.94,0.01,840,359077.85,53
2026-09-23 00:00:00,HDFCLOWVOL,HDFCAMC - HDFCLOWVOL,20.05,20.05,19.93,19.93,19.96,-0.15,0.12,0.60,0.45,836,16680.47,44
2026-09-23 00:00:00,ACEINTEG,ACE INTEGRATED SOLU. LTD.,17.90,18.00,17.41,17.43,17.31,0.69,0.59,3.30,3.41,834,14699.65,49
2026-09-23 00:00:00,NITIRAJ,NITIRAJ ENGINEERS LTD,225.05,230.95,225.05,228.34,229.33,-0.43,5.90,2.62,-1.87,827,187895.56,36
2026-09-23 00:00:00,SALONA,SALONA COTSPIN LTD.,271.55,278.90,260.10,270.65,271.50,-0.31,18.80,6.92,0.02,807,215325.70,69
2026-09-23 00:00:00,EBANK10,EDELAMC - EBANK10,16.45,16.64,16.41,16.64,16.40,1.46,0.23,1.40,0.30,763,12567.23,9
2026-09-23 00:00:00,ITL,ITL INDUSTRIES LTD.,370.00,370.00,363.00,364.75,365.75,-0.27,7.00,1.89,1.16,760,278191.35,34
2026-09-23 00:00:00,EQUAL50,MIRAEAMC - EQUAL50,323.66,325.17,323.63,325.16,323.49,0.52,1.54,0.48,0.05,757,245896.50,21
2026-09-23 00:00:00,ABCOTS,A B COTSPIN INDIA LIMITED,209.00,209.00,202.13,203.57,205.25,-0.82,6.87,3.29,1.83,755,153802.73,81
2026-09-23 00:00:00,PILANIINVS,PILANI INV & IND COR LTD,4008.30,4070.00,4000.00,4041.80,4008.30,0.84,70.00,1.75,0.00,736,2977342.80,190
2026-09-23 00:00:00,SNXT50BETA,UTIAMC-SNXT50BETA,92.66,94.35,92.52,93.45,92.66,0.85,1.83,1.97,0.00,731,68534.20,80
2026-09-23 00:00:00,GSEC10YEAR,MIRAEAMC - MAGS813ETF,30.13,30.50,30.13,30.44,30.12,1.06,0.37,1.23,0.03,727,22061.42,12
2026-09-23 00:00:00,IVZINNIFTY,INVESCO INDIA NIFTY ETF,274.70,274.70,267.97,269.47,268.00,0.55,6.73,2.45,2.50,711,191060.24,36
2026-09-23 00:00:00,BANKA,BANKA BIOLOO LIMITED,76.50,76.50,76.20,76.50,76.14,0.47,0.30,0.39,0.47,695,53164.50,9
2026-09-23 00:00:00,DELTAMAGNT,DELTA MANUFACTURING LTD,55.00,56.65,54.45,56.57,55.00,2.85,2.20,4.00,0.00,695,38589.33,42
2026-09-23 00:00:00,HEXATRADEX,HEXA TRADEX LIMITED,158.81,160.00,158.35,158.95,158.81,0.09,1.65,1.04,0.00,682,108761.18,29
2026-09-23 00:00:00,CHEVIOT,CHEVIOT COMPANY LIMITED,1171.70,1189.80,1170.70,1176.70,1170.40,0.54,19.10,1.63,0.11,676,797649.00,105
2026-09-23 00:00:00,MOMGF,MOTILALAMC - MOMGF,159.40,160.04,158.49,159.93,159.42,0.32,1.55,0.97,-0.01,673,107024.32,22
2026-09-23 00:00:00,PREMCO,PREMCO GLOBAL LTD.,402.05,409.00,400.05,400.75,402.00,-0.31,8.95,2.23,0.01,672,271052.05,93
2026-09-23 00:00:00,SANDESH,SANDESH LTD,1021.50,1050.00,1021.40,1027.00,1038.70,-1.13,28.60,2.80,-1.66,644,668008.70,186
2026-09-23 00:00:00,MSL,MANGALAM SEEDS LTD.,137.00,143.00,131.30,136.00,138.00,-1.45,11.70,8.54,-0.72,633,86310.00,30
2026-09-23 00:00:00,STARTECK,STARTECK FINANCE LIMITED,268.00,268.00,250.10,253.85,242.00,4.90,17.90,6.68,10.74,621,160049.25,53
2026-09-23 00:00:00,IVZSENSEX,RELIGARAMC - IVZSENSEX,74.60,75.11,73.80,75.11,74.60,0.68,1.31,1.76,0.00,620,46430.79,13
2026-09-23 00:00:00,VOITHPAPR,VOITH PAPER FABRICS IND L,1458.90,1458.90,1430.40,1440.00,1440.00,0.00,28.50,1.95,1.31,619,890905.10,57
2026-09-23 00:00:00,GILT5BETA,UTIAMC-GILT5BETA,65.55,66.59,65.55,66.25,66.59,-0.51,1.04,1.59,-1.56,603,39716.77,13
2026-09-23 00:00:00,LARGEMID50,MIRAEAMC - LARGEMID50,35.48,35.62,35.48,35.61,35.46,0.42,0.14,0.39,0.06,584,20752.08,9
2026-09-23 00:00:00,WEALTH,WEALTH FRST PORT. MG. LTD,826.45,844.95,826.45,840.45,836.40,0.48,18.50,2.24,-1.19,582,488523.20,117
2026-09-23 00:00:00,SAICAPI,SAI CAPITAL LTD.,153.00,159.80,152.00,155.69,152.52,2.08,7.80,5.10,0.31,578,90739.40,38
2026-09-23 00:00:00,TECHNVISN,TECHNVISION VENTURES LTD.,3982.50,4181.50,3982.50,4181.50,3982.50,5.00,199.00,5.00,0.00,550,2275608.50,125
2026-09-23 00:00:00,ABSL10BANK,BIRLASLAMC - ABSL10BANK,166.48,166.80,166.09,166.32,164.29,1.24,0.71,0.43,1.33,546,90898.43,17
2026-09-23 00:00:00,KANCHI,KANCHI KARPOORAM LTD.,394.00,394.00,390.00,390.30,395.45,-1.30,4.00,1.02,-0.37,530,207141.70,31
2026-09-23 00:00:00,CGVAK,C G V A K SOFTWARE & EX L,145.00,149.00,145.00,148.67,145.41,2.24,4.00,2.76,-0.28,526,77818.83,48
2026-09-23 00:00:00,SAPPL,SHREE AJIT PULP & PAPER L,298.70,298.70,271.00,273.10,272.15,0.35,27.70,9.27,9.76,524,148504.00,48
2026-09-23 00:00:00,BRIGHTBR,BRIGHT BROTHERS LTD.,253.00,253.00,249.20,251.10,252.95,-0.73,3.80,1.50,0.02,515,129139.50,29
2026-09-23 00:00:00,KEYFINSERV,KEYNOTE FIN SERV LTD.,240.05,246.80,239.10,244.05,240.05,1.67,7.70,3.21,0.00,497,121774.40,23
2026-09-23 00:00:00,NKIND,NK INDUSTRIES LTD,56.56,57.99,56.51,56.78,56.55,0.41,1.48,2.62,0.02,485,27495.99,28
2026-09-23 00:00:00,NICCOPAR,NICCO PARKS & RESORTS LTD,80.00,83.99,80.00,80.00,81.50,-1.84,3.99,4.99,-1.84,485,39558.43,42
2026-09-23 00:00:00,MIDCAPBETA,UTIAMC-MIDCAPBETA,232.00,232.00,230.67,230.80,232.00,-0.52,1.33,0.57,0.00,480,111250.02,19
2026-09-23 00:00:00,RHL,ROBUST HOTELS LIMITED,174.00,179.69,173.10,173.10,174.82,-0.98,6.59,3.79,-0.47,467,81486.16,19
2026-09-23 00:00:00,ADDIND,ADDI INDUSTRIES LTD.,76.00,79.90,72.00,74.05,76.70,-3.46,7.90,10.39,-0.91,467,35670.92,30
2026-09-23 00:00:00,ABGSEC,BIRLASLAMC - ABGSEC,114.15,114.40,114.02,114.39,114.15,0.21,0.38,0.33,0.00,464,53071.78,9
2026-09-23 00:00:00,ENKEIWHEL,ENKEI WHEELS (INDIA) LTD.,393.00,402.00,390.00,399.45,395.20,1.08,12.00,3.05,-0.56,444,176194.95,32
2026-09-23 00:00:00,SHIVATEX,SHIVA TEXYARN LIMITED,172.52,173.28,170.75,172.00,172.07,-0.04,2.53,1.47,0.26,436,75152.85,26
2026-09-23 00:00:00,SURAJLTD,SURAJ LIMITED,203.43,203.43,197.01,197.01,202.41,-2.67,6.42,3.16,0.50,430,85975.19,30
2026-09-23 00:00:00,ELDEHSG,ELDECO HSG & IND LTD.,773.80,789.90,771.00,779.75,780.00,-0.03,18.90,2.44,-0.79,423,328794.95,39
2026-09-23 00:00:00,SIMPLXREA,SIMPLEX REALTY LTD.,120.15,126.00,114.17,126.00,120.17,4.85,11.83,9.85,-0.02,423,49079.20,11
2026-09-23 00:00:00,DHUNINV,DHUNSERI INVESTMENTS LTD,997.00,1017.00,985.00,1001.75,983.60,1.85,32.00,3.21,1.36,423,421090.95,56
2026-09-23 00:00:00,VHL,VARDHMAN HOLDINGS LIMITED,3340.00,3438.00,3336.00,3383.80,3342.80,1.23,102.00,3.05,-0.08,409,1382821.10,99
2026-09-23 00:00:00,MOQUALITY,MOTILALAMC - MOQUALITY,193.46,195.28,193.46,195.28,193.97,0.68,1.82,0.94,-0.26,396,77021.48,17
2026-09-23 00:00:00,SHERVANI,SHERVANI INDUSTRIAL SYN L,340.00,340.00,308.10,320.10,343.00,-6.68,31.90,9.38,-0.87,389,124422.65,30
2026-09-23 00:00:00,KICL,KALYANI INVEST CO LTD,4920.50,5048.00,4920.50,5000.00,5005.50,-0.11,127.50,2.59,-1.70,386,1931475.50,161
2026-09-23 00:00:00,ACGL,AUTOMOBILE CORPN OF GOA L,1728.50,1746.00,1725.00,1731.80,1728.50,0.19,21.00,1.21,0.00,379,658151.70,70
2026-09-23 00:00:00,KANCOTEA,KANCO TEA & INDS. LTD.,56.97,56.97,51.00,54.72,56.85,-3.75,5.97,10.48,0.21,375,19949.26,19
2026-09-23 00:00:00,GANGESSECU,GANGES SECURITIES LIMITED,114.32,117.00,114.30,115.63,115.04,0.51,2.70,2.36,-0.63,344,39774.07,31
2026-09-23 00:00:00,ISTLTD,I S T LTD.,650.20,666.00,648.95,655.00,675.75,-3.07,17.05,2.62,-3.78,335,219298.25,58
2026-09-23 00:00:00,HRYNSHP,HARIYANA SHIP BREAKERS L,99.85,101.90,98.15,99.52,99.85,-0.33,3.75,3.76,0.00,332,33109.98,34
2026-09-23 00:00:00,ABMKNO,A B M KNOWLEDGEWARE LTD.,173.34,177.90,171.10,171.41,173.34,-1.11,6.80,3.92,0.00,293,50401.94,12
2026-09-23 00:00:00,LICNFNHGP,LICNAMC - LICNFNHGP,270.71,275.00,269.66,274.19,272.55,0.60,5.34,1.97,-0.68,276,75012.98,35
2026-09-23 00:00:00,APOLSINHOT,APOLLO SINDOORI HOTEL LTD,1223.00,1230.90,1212.00,1214.00,1223.30,-0.76,18.90,1.55,-0.02,269,326935.00,48
2026-09-23 00:00:00,BANARISUG,BANNARI AMMAN SUGARS LTD,3333.00,3400.00,3331.60,3342.80,3322.80,0.60,68.40,2.05,0.31,263,887126.80,119
2026-09-23 00:00:00,EBANKNIFTY,EDELAMC - EBANKNIFTY,57.20,57.23,56.99,57.21,56.95,0.46,0.24,0.42,0.44,261,14930.72,12
2026-09-23 00:00:00,MSCIADD,DSPAMC - MSCIADD,28.91,28.91,28.88,28.88,28.91,-0.10,0.03,0.10,0.00,258,7455.34,6
2026-09-23 00:00:00,KAMANWALA,KAMANWALA HOUSING CONST L,17.10,17.10,16.50,16.50,16.56,-0.36,0.60,3.51,3.26,255,4276.10,5
2026-09-23 00:00:00,METROGLOBL,METROGLOBAL LTD.,129.07,132.90,129.07,130.38,132.97,-1.95,3.83,2.97,-2.93,247,32447.35,16
2026-09-23 00:00:00,MOMNC,MOTILALAMC - MOMNC,31.53,31.63,31.38,31.61,31.41,0.64,0.25,0.79,0.38,247,7792.42,10
2026-09-23 00:00:00,HBESD,H B ESTATE DEVELOPERS L,71.00,71.00,70.55,70.65,70.52,0.18,0.45,0.63,0.68,246,17359.05,12
2026-09-23 00:00:00,TOUCHWOOD,TOUCHWOOD ENTERTAIN LTD.,61.97,61.97,61.07,61.85,61.67,0.29,0.90,1.45,0.49,245,15121.69,9
2026-09-23 00:00:00,GRPLTD,GRP LIMITED,2000.00,2009.90,1985.10,2001.20,2000.00,0.06,24.80,1.24,0.00,244,487631.80,88
2026-09-23 00:00:00,GKWLIMITED,GKW LIMITED,1608.00,1608.80,1599.00,1605.00,1565.40,2.53,9.80,0.61,2.72,238,381291.60,23
2026-09-23 00:00:00,WHBRADY,W H BRADY & CO. LTD.,462.00,503.60,451.30,502.60,464.40,8.23,52.30,11.32,-0.52,232,113090.20,43
2026-09-23 00:00:00,SHRJAGP,SHRI JAGDAMBA POLYMERS L,634.00,639.95,625.00,632.25,630.50,0.28,14.95,2.36,0.56,231,146129.80,30
2026-09-23 00:00:00,BIMETAL,BIMETAL BEARINGS LTD.,661.00,665.00,645.20,660.65,661.45,-0.12,19.80,3.00,-0.07,228,150573.85,29
2026-09-23 00:00:00,HISARMETAL,HISAR METAL IND. LIMITED,156.00,157.85,155.85,156.13,156.05,0.05,2.00,1.28,-0.03,226,35269.37,12
2026-09-23 00:00:00,PACIFICI,PACIFIC INDUSTRIES LTD.,140.00,144.79,138.60,142.34,140.00,1.67,6.19,4.42,0.00,225,31490.35,15
2026-09-23 00:00:00,MUKESHB,MUKESH BABU FINANC SER L,130.50,133.00,125.00,132.98,130.50,1.90,8.00,6.13,0.00,217,27971.10,6
2026-09-23 00:00:00,IVZBANKNF,RELIGARAMC - IVZBANKNF,56.46,56.53,56.38,56.53,56.24,0.52,0.15,0.27,0.39,216,12193.30,5
2026-09-23 00:00:00,PANSARI,PANSARI DEVELOPERS LTD,271.65,289.05,271.65,277.00,278.10,-0.40,17.40,6.41,-2.32,201,55484.10,12
2026-09-23 00:00:00,SONAL,SONAL MERCANTILE LTD.,83.50,83.55,83.50,83.55,84.01,-0.55,0.05,0.06,-0.61,201,16783.55,6
2026-09-23 00:00:00,SIEL,SUPERIOR INDUSTRIAL ENT L,30.48,30.48,30.00,30.48,30.48,0.00,0.48,1.57,0.00,194,5823.95,8
2026-09-23 00:00:00,TEAMGTY,TEAM INDIA GUARANTY LTD,240.99,241.00,235.00,239.95,240.77,-0.34,6.00,2.49,0.09,186,44429.57,67
2026-09-23 00:00:00,GILT10BETA,UTIAMC-GILT10BETA,26.50,26.75,26.36,26.58,26.60,-0.08,0.39,1.47,-0.38,183,4852.73,15
2026-09-23 00:00:00,WEIZMANIND,WEIZMANN LTD,72.85,73.00,71.10,71.57,72.80,-1.69,1.90,2.61,0.07,171,12322.38,22
2026-09-23 00:00:00,SHRIKRISH,SHRI KRISHNA DEVCON LTD.,35.45,37.71,35.45,35.45,34.75,2.01,2.26,6.38,2.01,157,5694.01,7
2026-09-23 00:00:00,CONSUMAXIS,AXISAMC-CONSUMAXIS,118.49,119.10,118.35,118.44,118.47,-0.03,0.75,0.63,0.02,145,17221.15,20
2026-09-23 00:00:00,BENGALASM,BENGAL & ASSAM CO. LTD.,6142.00,6224.50,6140.00,6182.50,6173.50,0.15,84.50,1.38,-0.51,138,853682.50,87
2026-09-23 00:00:00,DISAQ,DISA INDIA LTD.,12168.00,12200.00,11940.00,12088.00,12185.00,-0.80,260.00,2.14,-0.14,134,1618007.00,99
2026-09-23 00:00:00,PBMPOLY,P B M POLYTEX LTD.,64.00,64.00,63.68,63.68,65.01,-2.05,0.32,0.50,-1.55,134,8575.68,7
2026-09-23 00:00:00,ABSLMSCIN,BIRLASLAMC - ABSLMSCIN,28.94,29.03,28.83,29.03,28.80,0.80,0.20,0.69,0.49,77,2221.99,5
2026-09-23 00:00:00,VADILENT,VADILAL ENTERPRISES LTD.,10380.00,10380.00,10370.00,10370.00,10350.00,0.19,10.00,0.10,0.29,76,788130.00,2
2026-09-23 00:00:00,GROBTEA,THE GROB TEA COMPANY LTD,920.00,920.00,900.00,919.35,904.20,1.68,20.00,2.17,1.75,65,59037.85,12
2026-09-23 00:00:00,BENARAS,BENARES HOTELS LTD.,10300.00,10625.00,10300.00,10470.00,10254.00,2.11,325.00,3.16,0.45,59,618508.00,22
2026-09-23 00:00:00,NDGL,NAGA DHUNSERI GROUP LTD,2590.00,2625.00,2565.00,2579.00,2590.00,-0.42,60.00,2.32,0.00,56,145102.20,19
2026-09-23 00:00:00,VIJSOLX,VIJAY SOLVEX LTD.,638.00,638.00,632.00,632.30,638.00,-0.89,6.00,0.94,0.00,52,33040.45,17
2026-09-23 00:00:00,ZENITHEXPO,ZENITH EXPORTS LTD,197.00,197.00,197.00,197.00,197.62,-0.31,0.00,0.00,-0.31,51,10047.00,1
2026-09-23 00:00:00,BLUECOAST,BLUE COAST HOTELS LIMITED,20.82,20.82,19.83,20.82,19.83,4.99,0.99,4.76,4.99,41,847.29,12
2026-09-23 00:00:00,PANCHMAHQ,PANCHMAHAL STEEL LTD.,291.00,291.00,290.95,290.95,301.00,-3.34,0.05,0.02,-3.32,40,11639.85,4
2026-09-23 00:00:00,MOPSE,MOTILALAMC - MOPSE,98.42,98.42,98.12,98.42,98.42,0.00,0.30,0.30,0.00,38,3739.53,11
2026-09-23 00:00:00,HBPOR,HB PORTFOLIO LTD.,61.99,62.00,61.99,62.00,61.99,0.02,0.01,0.02,0.00,37,2293.97,6
2026-09-23 00:00:00,VASUPRADA,SHRI VASUPRADA PLANTATI L,100.00,100.00,95.05,95.05,100.00,-4.95,4.95,4.95,0.00,31,2951.50,2
2026-09-23 00:00:00,UPHOT,U P HOTELS LTD.,1475.00,1500.00,1475.00,1500.00,1507.80,-0.52,25.00,1.69,-2.18,29,43400.00,4
2026-09-23 00:00:00,MASKINVEST,MASK INVESTMENTS LIMITED,148.00,148.00,137.22,146.67,144.31,1.64,10.78,7.28,2.56,23,3382.74,8
2026-09-23 00:00:00,LAKSHMIMIL,LAKSHMI MILLS CO. LTD.,7943.00,7943.00,7716.00,7716.50,7700.00,0.21,227.00,2.86,3.16,19,148147.00,10
2026-09-23 00:00:00,THACKER,THACKER & CO. LTD.,1000.00,1050.00,980.00,1008.00,1008.75,-0.07,70.00,7.00,-0.87,18,18040.00,8
2026-09-23 00:00:00,ENEXT50,EDELAMC - ENEXT50,72.25,72.25,71.81,72.16,71.90,0.36,0.44,0.61,0.49,18,1296.52,3
2026-09-23 00:00:00,ALFREDHE,ALFRED HERBERT INDIA L,2830.00,2830.00,2796.90,2796.90,2811.00,-0.50,33.10,1.17,0.68,13,36701.90,13
2026-09-23 00:00:00,ZSARACOM,SARASWATI COMM (INDIA) L,10400.00,10400.00,10186.00,10294.00,10485.00,-1.82,214.00,2.06,-0.81,13,133963.00,12
2026-09-23 00:00:00,ELCIDIN,ELCID INVESTMENTS LTD.,105000.00,105900.00,103220.00,105800.00,105000.00,0.76,2680.00,2.55,0.00,11,1154650.00,11
2026-09-23 00:00:00,TERAI,TERAI TEA CO. LTD.,115.00,115.00,110.70,111.36,118.00,-5.63,4.30,3.74,-2.54,10,1113.60,3
2026-09-23 00:00:00,ARYAMAN,ARYAMAN FINANCIAL SERV L,633.75,633.75,611.05,611.05,633.95,-3.61,22.70,3.58,-0.03,4,2489.60,2
2026-09-23 00:00:00,INDPRUD,INDUSTRIAL & PRU INV CO L,6350.00,6350.00,6202.00,6225.00,6273.00,-0.77,148.00,2.33,1.23,4,24979.50,4
2026-09-23 00:00:00,ASSAMENT,ASSAM ENTRADE LIMITED,780.00,780.00,780.00,780.00,788.00,-1.02,0.00,0.00,-1.02,2,1560.00,2
2026-09-23 00:00:00,SAYAJIHOTL,SAYAJI HOTELS LTD.,311.00,327.00,311.00,327.00,309.15,5.77,16.00,5.14,0.60,2,638.00,2
2026-09-23 00:00:00,NEAGI,NEELAMALAI AGRO INDS. L,3468.80,3468.80,3468.80,3468.80,3468.80,0.00,0.00,0.00,0.00,1,3468.80,1
2026-09-23 00:00:00,UNIINFO,UNIINFO TELECOM SERVI LTD,11.40,11.40,11.40,11.40,11.45,-0.44,0.00,0.00,-0.44,1,11.40,1
2026-09-23 00:00:00,GSEC10ABSL,BIRLASLAMC - GSEC10ABSL,112.00,112.00,112.00,112.00,112.10,-0.09,0.00,0.00,-0.09,1,112.00,1
