Date,Symbol,Company,Open,High,Low,Close,PrevClose,DailyReturnPct,DailyRange,RangePct,GapPct,Volume,TradedValue,Trades
2026-07-24 00:00:00,IDEA,VODAFONE IDEA LIMITED,13.11,13.18,12.76,13.13,13.20,-0.53,0.42,3.20,-0.68,382797982,4964471724.39,677018
2026-07-24 00:00:00,PCJEWELLER,PC JEWELLER LTD,9.37,9.50,9.15,9.28,9.35,-0.75,0.35,3.74,0.21,266635676,2478998342.60,80177
2026-07-24 00:00:00,SHADOWFAX,SHADOWFAX TECHNOLOGIES L,209.00,217.40,204.25,214.48,218.58,-1.88,13.15,6.29,-4.38,158421094,32727187271.98,279924
2026-07-24 00:00:00,SURYODAY,SURYODAY SMALL FIN BK LTD,197.60,218.00,189.05,193.10,194.31,-0.62,28.95,14.65,1.69,78669391,16205214780.14,482656
2026-07-24 00:00:00,JINDWORLD,JINDAL WORLDWIDE LTD,34.89,39.71,33.34,37.83,34.04,11.13,6.37,18.26,2.50,74088630,2750898442.36,149012
2026-07-24 00:00:00,ASIANTILES,ASIAN GRANITO IND. LTD.,52.10,56.99,52.10,53.47,51.88,3.06,4.89,9.39,0.42,72415948,3952816587.58,204058
2026-07-24 00:00:00,UJJIVANSFB,UJJIVAN SMALL FINANC BANK,71.50,71.50,67.91,70.72,68.78,2.82,3.59,5.02,3.95,68534652,4768957539.83,180877
2026-07-24 00:00:00,YESBANK,YES BANK LIMITED,22.82,23.02,22.64,22.95,22.93,0.09,0.38,1.67,-0.48,53804519,1228118915.15,65217
2026-07-24 00:00:00,SUZLON,SUZLON ENERGY LIMITED,52.25,52.58,51.79,52.28,52.39,-0.21,0.79,1.51,-0.27,45263052,2360850664.84,66089
2026-07-24 00:00:00,VOGL,VEDANTA OIL AND GAS LTD,32.50,34.52,32.12,34.23,32.78,4.42,2.40,7.38,-0.85,42802896,1436611125.07,70539
2026-07-24 00:00:00,TATSILV,TATAAML-TATSILV,21.28,21.50,20.89,21.41,21.43,-0.09,0.61,2.87,-0.70,42199738,895156361.84,40954
2026-07-24 00:00:00,OLAELEC,OLA ELECTRIC MOBILITY LTD,36.52,37.75,36.27,37.08,37.00,0.22,1.48,4.05,-1.30,40506448,1492368821.02,64603
2026-07-24 00:00:00,ETERNAL,ETERNAL LIMITED,285.00,285.00,276.55,280.00,287.10,-2.47,8.45,2.96,-0.73,37050034,10369594250.85,199520
2026-07-24 00:00:00,CANBK,CANARA BANK,124.22,126.83,123.00,125.65,125.22,0.34,3.83,3.08,-0.80,36714624,4601684441.72,88888
2026-07-24 00:00:00,SHAH,SHAH METACORP LIMITED,4.95,5.13,4.17,4.37,4.74,-7.81,0.96,19.39,4.43,36638747,178584585.34,11333
2026-07-24 00:00:00,GANDHAR,GANDHAR OIL REFINE IND L,290.25,303.17,275.53,282.46,281.95,0.18,27.64,9.52,2.94,35869266,10364766014.01,325614
2026-07-24 00:00:00,FCL,FINEOTEX CHEMICAL LIMITED,43.40,43.40,39.02,39.59,41.91,-5.54,4.38,10.09,3.56,35167975,1424362438.93,64397
2026-07-24 00:00:00,JPPOWER,JAIPRAKASH POWER VEN. LTD,16.90,17.06,16.75,16.95,17.06,-0.64,0.31,1.83,-0.94,34499622,582692473.06,26445
2026-07-24 00:00:00,SWIGGY,SWIGGY LIMITED,259.27,259.27,242.51,251.42,261.55,-3.87,16.76,6.46,-0.87,34389852,8542703045.40,202192
2026-07-24 00:00:00,VISL,VEDANTA IRON AND STEEL L,30.95,31.25,30.20,30.35,31.10,-2.41,1.05,3.39,-0.48,32371875,990954745.47,53589
2026-07-24 00:00:00,HFCL,HFCL LIMITED,202.00,204.78,196.66,196.85,207.01,-4.91,8.12,4.02,-2.42,31552378,6254764658.21,94797
2026-07-24 00:00:00,BANDHANBNK,BANDHAN BANK LIMITED,165.50,167.71,161.95,165.93,165.84,0.05,5.76,3.48,-0.21,29585433,4878075011.61,135448
2026-07-24 00:00:00,ADANIPOWER,ADANI POWER LTD,212.22,215.10,210.10,213.66,212.23,0.67,5.00,2.36,-0.00,29273015,6234535165.42,115153
2026-07-24 00:00:00,INFY,INFOSYS LIMITED,1028.00,1043.40,1013.90,1040.90,1047.40,-0.62,29.50,2.87,-1.85,29036900,29911299063.80,390894
2026-07-24 00:00:00,HCC,HINDUSTAN CONSTRUCTION CO,21.16,21.70,20.92,21.43,21.44,-0.05,0.78,3.69,-1.31,27590434,589621924.78,34938
2026-07-24 00:00:00,GTLINFRA,GTL INFRA.LTD,1.20,1.24,1.18,1.22,1.21,0.83,0.06,5.00,-0.83,27434475,33059244.41,11220
2026-07-24 00:00:00,BLUESTONE,BLUESTONE JEWEL LFSTL LTD,760.30,792.30,712.00,772.40,747.00,3.40,80.30,10.56,1.78,26038844,19650382370.70,493364
2026-07-24 00:00:00,CUPID,CUPID LIMITED,208.72,213.99,206.09,213.43,208.52,2.35,7.90,3.78,0.10,25099817,5320301501.68,105277
2026-07-24 00:00:00,TFCILTD,TOURISM FINANCE CORP. OF,81.44,88.20,79.94,87.27,82.09,6.31,8.26,10.14,-0.79,24964652,2153914446.35,65630
2026-07-24 00:00:00,ITC,ITC LTD,279.55,284.85,279.55,283.45,281.30,0.76,5.30,1.90,-0.62,24954082,7061186932.20,313376
2026-07-24 00:00:00,RTNPOWER,RATTANINDIA POWER LIMITED,8.52,9.19,8.40,8.63,8.54,1.05,0.79,9.27,-0.23,24274112,211790320.85,29118
2026-07-24 00:00:00,HDFCBANK,HDFC BANK LTD,738.50,748.25,737.25,742.80,747.25,-0.60,11.00,1.49,-1.17,23837859,17701080022.35,385478
2026-07-24 00:00:00,RPOWER,RELIANCE POWER LTD.,23.86,24.40,23.14,24.06,23.44,2.65,1.26,5.28,1.79,23575748,556613462.81,32324
2026-07-24 00:00:00,CMLL,CALIBER MINING AND LOG L,500.25,538.75,463.35,528.20,424.00,24.58,75.40,15.07,17.98,23156167,11572500200.35,372412
2026-07-24 00:00:00,VEDPOWER,VEDANTA POWER LIMITED,34.54,35.42,33.88,35.01,34.65,1.04,1.54,4.46,-0.32,20588022,715493634.26,45290
2026-07-24 00:00:00,FILATEX,FILATEX INDIA LTD,71.51,77.54,70.54,73.83,72.00,2.54,7.00,9.79,-0.68,20405543,1530936523.60,83339
2026-07-24 00:00:00,MEESHO,MEESHO LIMITED,188.30,188.30,177.50,185.24,188.95,-1.96,10.80,5.74,-0.34,20220263,3701281066.14,116232
2026-07-24 00:00:00,SAGILITY,SAGILITY LIMITED,41.34,41.57,40.28,40.42,41.32,-2.18,1.29,3.12,0.05,18644024,756957190.30,54948
2026-07-24 00:00:00,MOTISONS,MOTISONS JEWELLERS LTD,14.00,14.40,13.93,14.17,14.18,-0.07,0.47,3.36,-1.27,18513704,262186763.21,15445
2026-07-24 00:00:00,BAJFINANCE,BAJAJ FINANCE LIMITED,1027.30,1030.20,1001.30,1012.80,1039.80,-2.60,28.90,2.81,-1.20,18416962,18641955484.60,145678
2026-07-24 00:00:00,MAHABANK,BANK OF MAHARASHTRA,78.10,81.49,78.02,81.03,78.48,3.25,3.47,4.44,-0.48,18251458,1464088106.55,51807
2026-07-24 00:00:00,AASTHA,AASTHA SPINTEX LIMITED,104.00,105.97,101.96,102.62,103.00,-0.37,4.01,3.86,0.97,17809358,1832655407.70,64817
2026-07-24 00:00:00,DBL,DILIP BUILDCON LIMITED,386.00,433.75,381.55,420.25,386.80,8.65,52.20,13.52,-0.21,17567771,7309303538.30,248919
2026-07-24 00:00:00,GROWW,BILLIONBRAINS GARAGE VN L,202.50,204.98,200.25,202.15,202.50,-0.17,4.73,2.34,0.00,17472638,3541003020.44,94221
2026-07-24 00:00:00,WAKEFIT,WAKEFIT INNOVATIONS LTD,134.49,137.16,123.25,129.70,134.18,-3.34,13.91,10.34,0.23,17371629,2235645380.62,91097
2026-07-24 00:00:00,IDFCFIRSTB,IDFC FIRST BANK LIMITED,79.70,81.09,78.88,80.79,79.90,1.11,2.21,2.77,-0.25,16260314,1303090697.62,44109
2026-07-24 00:00:00,NMDC,NMDC LTD.,82.35,83.69,81.77,83.56,82.64,1.11,1.92,2.33,-0.35,16131661,1333997671.61,52681
2026-07-24 00:00:00,TATASTEEL,TATA STEEL LIMITED,183.41,183.52,181.20,182.67,184.23,-0.85,2.32,1.26,-0.45,16117953,2942883760.80,133636
2026-07-24 00:00:00,NTPCGREEN,NTPC GREEN ENERGY LIMITED,96.89,98.22,94.88,96.32,97.22,-0.93,3.34,3.45,-0.34,16099089,1558316912.51,95748
2026-07-24 00:00:00,DIACABS,DIAMOND POWER INFRA LTD,266.00,299.00,263.50,295.15,273.93,7.75,35.50,13.35,-2.89,15515902,4383590654.66,127447
2026-07-24 00:00:00,MOTILALOFS,MOTILAL OSWAL FIN LTD,944.50,944.50,839.90,871.95,940.25,-7.26,104.60,11.07,0.45,14328752,12384842109.10,235861
2026-07-24 00:00:00,SBIN,STATE BANK OF INDIA,1006.00,1017.80,1000.80,1015.00,1012.60,0.24,17.00,1.69,-0.65,13797053,13923168257.40,251434
2026-07-24 00:00:00,PAISALO,PAISALO DIGITAL LIMITED,71.80,73.88,69.65,70.17,72.49,-3.20,4.23,5.89,-0.95,13674419,982975006.31,37460
2026-07-24 00:00:00,UNIONBANK,UNION BANK OF INDIA,167.89,171.50,165.81,170.50,168.40,1.25,5.69,3.39,-0.30,13551971,2286478829.93,67844
2026-07-24 00:00:00,ZEEL,ZEE ENTERTAINMENT ENT LTD,102.80,106.90,101.20,105.46,103.42,1.97,5.70,5.54,-0.60,13489797,1400120119.13,41497
2026-07-24 00:00:00,KOTAKBANK,KOTAK MAHINDRA BANK LTD,378.60,386.50,378.60,384.75,383.35,0.37,7.90,2.09,-1.24,13308317,5107302662.20,130244
2026-07-24 00:00:00,WIPRO,WIPRO LTD,174.00,177.90,172.80,177.12,174.82,1.32,5.10,2.93,-0.47,13282944,2339048353.90,83516
2026-07-24 00:00:00,LOTUSDEV,SRI LOTUS DEVLPRS N RTY L,175.00,180.90,174.50,180.39,173.57,3.93,6.40,3.66,0.82,13259101,2373347081.99,44616
2026-07-24 00:00:00,IFCI,IFCI LTD,70.66,70.78,68.81,70.12,71.14,-1.43,1.97,2.79,-0.67,12585981,878407376.67,34842
2026-07-24 00:00:00,ASHOKLEY,ASHOK LEYLAND LTD,150.00,151.38,147.59,151.07,150.65,0.28,3.79,2.53,-0.43,12276303,1831855614.87,68794
2026-07-24 00:00:00,PWL,PHYSICSWALLAH LIMITED,132.60,132.60,124.81,128.05,133.25,-3.90,7.79,5.87,-0.49,12191137,1555431837.66,98795
2026-07-24 00:00:00,THYROCARE,THYROCARE TECH LTD,560.00,597.60,543.00,564.25,545.25,3.48,54.60,9.75,2.71,12158394,6926284712.75,275090
2026-07-24 00:00:00,IOC,INDIAN OIL CORP LTD,138.85,138.89,136.78,138.47,139.92,-1.04,2.11,1.52,-0.76,11902268,1642619190.59,73458
2026-07-24 00:00:00,PNB,PUNJAB NATIONAL BANK,109.00,110.64,108.71,110.38,110.15,0.21,1.93,1.77,-1.04,11902256,1307810467.80,47652
2026-07-24 00:00:00,SHRIRAMFIN,SHRIRAM FINANCE LIMITED,1018.10,1051.00,992.90,1005.10,1025.80,-2.02,58.10,5.71,-0.75,11775846,11936634723.50,205540
2026-07-24 00:00:00,SEPC,SEPC LIMITED,5.93,6.05,5.83,6.01,5.94,1.18,0.22,3.71,-0.17,11770578,69721574.53,5073
2026-07-24 00:00:00,ESAFSFB,ESAF SMALL FINANCE BANK L,35.77,39.00,35.12,38.69,35.55,8.83,3.88,10.85,0.62,11588732,438030543.11,37213
2026-07-24 00:00:00,KALYANKJIL,KALYAN JEWELLERS IND LTD,585.55,588.00,569.50,573.55,585.60,-2.06,18.50,3.16,-0.01,11499577,6650580226.70,99169
2026-07-24 00:00:00,VMM,VISHAL MEGA MART LIMITED,109.11,109.30,106.80,108.04,109.87,-1.67,2.50,2.29,-0.69,11375041,1229930794.39,67501
2026-07-24 00:00:00,SOUTHBANK,THE SOUTH INDIAN BANK LTD,47.50,47.50,45.90,46.52,47.50,-2.06,1.60,3.37,0.00,11314533,526551697.59,27758
2026-07-24 00:00:00,ICICIBANK,ICICI BANK LTD.,1428.00,1440.00,1415.40,1432.90,1434.60,-0.12,24.60,1.72,-0.46,10870914,15525253507.70,215086
2026-07-24 00:00:00,CCAVENUE,AVENUESAI LIMITED,16.17,16.57,15.85,16.34,16.15,1.18,0.72,4.45,0.12,10658537,172601916.06,15116
2026-07-24 00:00:00,IEX,INDIAN ENERGY EXC LTD,120.50,125.70,120.49,124.26,121.94,1.90,5.21,4.32,-1.18,10633033,1318926350.19,55095
2026-07-24 00:00:00,INDOBORAX,INDO BORAX & CHEMICAL LTD,365.00,439.80,361.05,416.10,373.50,11.41,78.75,21.58,-2.28,10596863,4346941745.70,227171
2026-07-24 00:00:00,JIOFIN,JIO FIN SERVICES LTD,232.00,235.48,231.21,234.71,233.16,0.66,4.27,1.84,-0.50,10217898,2383594466.23,72676
2026-07-24 00:00:00,DAVANGERE,DAVANGERE SUGAR COMPANY L,3.29,3.49,3.24,3.42,3.29,3.95,0.25,7.60,0.00,9880418,33438805.06,6308
2026-07-24 00:00:00,RELIANCE,RELIANCE INDUSTRIES LTD,1265.00,1283.40,1249.80,1278.00,1272.20,0.46,33.60,2.66,-0.57,9817000,12509975780.10,240418
2026-07-24 00:00:00,SAMMAANCAP,SAMMAAN CAPITAL LIMITED,157.79,161.00,154.49,160.64,157.94,1.71,6.51,4.13,-0.09,9791627,1540578750.17,30985
2026-07-24 00:00:00,CGPOWER,CG POWER AND IND SOL LTD,860.00,894.00,838.80,867.70,883.80,-1.82,55.20,6.42,-2.69,9684764,8406871987.45,188709
2026-07-24 00:00:00,ATALREAL,ATAL REALTECH LIMITED,31.20,32.17,31.00,31.44,30.99,1.45,1.17,3.75,0.68,9521105,298974391.03,48838
2026-07-24 00:00:00,KPITTECH,KPIT TECHNOLOGIES LIMITED,547.05,587.00,546.15,583.20,550.90,5.86,40.85,7.47,-0.70,9475364,5454485657.10,115660
2026-07-24 00:00:00,SBC,SBC EXPORTS LIMITED,42.21,42.30,42.05,42.07,42.15,-0.19,0.25,0.59,0.14,9350041,393530507.18,3134
2026-07-24 00:00:00,MOTHERSON,SAMVRDHNA MTHRSN INTL LTD,144.20,146.66,143.00,145.55,145.57,-0.01,3.66,2.54,-0.94,9305257,1348691587.03,54812
2026-07-24 00:00:00,GAEL,GUJARAT AMBUJA EXPORTS LT,138.95,152.89,137.70,151.64,139.14,8.98,15.19,10.93,-0.14,9152593,1363610470.21,71693
2026-07-24 00:00:00,MRPL,MRPL,175.95,177.48,168.61,169.75,175.95,-3.52,8.87,5.04,0.00,9099976,1554407243.97,54328
2026-07-24 00:00:00,SAIL,STEEL AUTHORITY OF INDIA,160.25,162.80,158.01,161.45,160.91,0.34,4.79,2.99,-0.41,8938065,1437918647.84,44625
2026-07-24 00:00:00,BEPL,BHANSALI ENG. POLYMERS LT,116.70,122.84,116.25,121.81,117.23,3.91,6.59,5.65,-0.45,8891160,1068682994.88,53030
2026-07-24 00:00:00,BHEL,BHEL,405.00,418.00,402.15,417.30,409.60,1.88,15.85,3.91,-1.12,8874814,3644816951.00,98011
2026-07-24 00:00:00,SONACOMS,SONA BLW PRECISION FRGS L,710.95,741.65,705.00,717.95,719.75,-0.25,36.65,5.16,-1.22,8733705,6334021896.50,142908
2026-07-24 00:00:00,EASEMYTRIP,EASY TRIP PLANNERS LTD,6.80,6.85,6.73,6.83,6.84,-0.15,0.12,1.76,-0.58,8679182,58933736.08,5705
2026-07-24 00:00:00,HINDPETRO,HINDUSTAN PETROLEUM CORP,381.00,383.35,372.05,381.10,385.15,-1.05,11.30,2.97,-1.08,8650504,3269766784.85,111765
2026-07-24 00:00:00,NHPC,NHPC LTD,79.25,79.98,78.78,79.39,80.25,-1.07,1.20,1.51,-1.25,8630234,685537045.76,28392
2026-07-24 00:00:00,BANKBARODA,BANK OF BARODA,242.00,247.10,239.25,246.45,243.15,1.36,7.85,3.24,-0.47,8475748,2069553983.25,51323
2026-07-24 00:00:00,POWERGRID,POWER GRID CORP. LTD.,286.50,290.05,286.40,288.20,289.80,-0.55,3.65,1.27,-1.14,8474555,2445922956.90,63263
2026-07-24 00:00:00,AXISBANK,AXIS BANK LIMITED,1216.80,1233.90,1210.60,1227.30,1223.00,0.35,23.30,1.91,-0.51,8088828,9897263186.00,129314
2026-07-24 00:00:00,BHARATCOAL,BHARAT COKING COAL LTD,34.47,35.29,34.04,34.99,34.84,0.43,1.25,3.63,-1.06,8061215,278544254.16,20776
2026-07-24 00:00:00,GMRAIRPORT,GMR AIRPORTS LIMITED,106.70,107.39,105.55,107.12,107.37,-0.23,1.84,1.72,-0.62,7913951,842727524.39,32519
2026-07-24 00:00:00,PINELABS,PINE LABS LIMITED,146.23,147.40,142.80,145.67,147.48,-1.23,4.60,3.15,-0.85,7741143,1124080502.53,39721
2026-07-24 00:00:00,HEG,HEG LTD,608.00,654.00,608.00,643.15,623.85,3.09,46.00,7.57,-2.54,7737580,4968198810.60,131223
2026-07-24 00:00:00,ONGC,OIL AND NATURAL GAS CORP.,252.50,253.56,248.27,248.76,252.37,-1.43,5.29,2.10,0.05,7645869,1912009813.99,84607
2026-07-24 00:00:00,BANKINDIA,BANK OF INDIA,142.00,143.20,139.82,142.62,142.20,0.30,3.38,2.38,-0.14,7635246,1081330984.66,40651
2026-07-24 00:00:00,IDBI,IDBI BANK LIMITED,84.20,85.49,82.66,84.93,85.06,-0.15,2.83,3.36,-1.01,7500047,629459531.62,27750
2026-07-24 00:00:00,EXIDEIND,EXIDE INDUSTRIES LTD,435.05,448.15,435.05,443.00,439.75,0.74,13.10,3.01,-1.07,7333676,3242190336.75,62097
2026-07-24 00:00:00,TMPV,TATA MOTORS PASS VEH LTD,321.00,325.75,318.25,323.80,324.30,-0.15,7.50,2.34,-1.02,7171058,2311006425.75,77813
2026-07-24 00:00:00,E2E,E2E NETWORKS LIMITED,509.00,516.70,492.10,516.70,492.10,5.00,24.60,4.83,3.43,7140040,3666025114.15,27917
2026-07-24 00:00:00,CENTRALBK,CENTRAL BANK OF INDIA,30.72,31.17,30.52,31.03,30.95,0.26,0.65,2.12,-0.74,7107736,219012728.18,15294
2026-07-24 00:00:00,PATELENG,PATEL ENGINEERING LTD.,28.10,28.83,27.65,28.02,28.05,-0.11,1.18,4.20,0.18,6877588,193430850.17,16252
2026-07-24 00:00:00,VEDL,VEDANTA LIMITED,262.00,266.05,260.10,264.65,264.60,0.02,5.95,2.27,-0.98,6744189,1773088708.00,60551
2026-07-24 00:00:00,SBIFUNDS,SBI FUNDS MANAGEMENT LTD,577.40,589.40,572.00,587.30,577.40,1.71,17.40,3.01,0.00,6738164,3912840587.90,136756
2026-07-24 00:00:00,NBCC,NBCC (INDIA) LIMITED,92.40,94.07,91.35,93.84,93.15,0.74,2.72,2.94,-0.81,6730344,623795074.13,36190
2026-07-24 00:00:00,LLOYDSENGG,LLOYDS ENGG WORK LIMITED,87.00,88.90,84.88,88.42,87.36,1.21,4.02,4.62,-0.41,6572695,571637442.08,24286
2026-07-24 00:00:00,LASERPOWER,LASER POWER & INFRA LTD,277.40,307.52,272.52,307.52,279.57,10.00,35.00,12.62,-0.78,6556933,1928609994.34,58092
2026-07-24 00:00:00,BECTORFOOD,MRS BECTORS FOOD SPE LTD,196.51,211.16,196.51,206.63,199.34,3.66,14.65,7.46,-1.42,6513496,1331191772.32,60721
2026-07-24 00:00:00,MOREPENLAB,MOREPEN LAB. LTD,51.90,54.19,51.38,53.80,52.45,2.57,2.81,5.41,-1.05,6492856,342631973.19,20558
2026-07-24 00:00:00,NTPC,NTPC LTD,347.95,350.00,345.10,347.20,348.60,-0.40,4.90,1.41,-0.19,6300466,2191842036.95,82900
2026-07-24 00:00:00,IRFC,INDIAN RAILWAY FIN CORP L,86.50,87.85,86.02,87.62,87.03,0.68,1.83,2.12,-0.61,6225546,541810568.84,41905
2026-07-24 00:00:00,BEL,BHARAT ELECTRONICS LTD,404.20,406.10,401.00,405.00,405.35,-0.09,5.10,1.26,-0.28,6176660,2495007925.20,85975
2026-07-24 00:00:00,INOXWIND,INOX WIND LIMITED,75.80,77.39,75.20,76.97,76.21,1.00,2.19,2.89,-0.54,6163215,470093697.89,23072
2026-07-24 00:00:00,HUHTAMAKI,HUHTAMAKI INDIA LIMITED,291.99,320.78,288.06,318.68,297.38,7.16,32.72,11.21,-1.81,6080629,1877629012.26,52620
2026-07-24 00:00:00,IRB,IRB INFRA DEV LTD.,19.45,19.70,19.28,19.61,19.48,0.67,0.42,2.16,-0.15,6006254,117036329.89,13987
2026-07-24 00:00:00,GAIL,GAIL (INDIA) LTD,171.14,171.18,167.27,170.02,171.99,-1.15,3.91,2.28,-0.49,5814293,987487527.89,32969
2026-07-24 00:00:00,BPCL,BHARAT PETROLEUM CORP  LT,306.90,311.80,305.50,310.15,309.85,0.10,6.30,2.05,-0.95,5796307,1791996082.40,60279
2026-07-24 00:00:00,BAJAJHIND,BAJAJ HINDUSTHAN SUGAR LT,16.73,17.40,16.58,17.29,16.82,2.79,0.82,4.90,-0.54,5751687,97621627.91,7606
2026-07-24 00:00:00,PATANJALI,PATANJALI FOODS LIMITED,336.35,342.90,330.80,340.95,337.65,0.98,12.10,3.60,-0.39,5715863,1938066842.15,54170
2026-07-24 00:00:00,CNL,CREATIVE NEWTECH LIMITED,881.10,1049.00,870.00,987.00,879.05,12.28,179.00,20.32,0.23,5646074,5490654131.60,210768
2026-07-24 00:00:00,HINDZINC,HINDUSTAN ZINC LIMITED,528.00,534.40,522.45,531.95,531.15,0.15,11.95,2.26,-0.59,5497135,2910037857.25,79361
2026-07-24 00:00:00,COALINDIA,COAL INDIA LTD,427.00,428.90,424.75,427.40,427.05,0.08,4.15,0.97,-0.01,5403125,2305075089.55,50435
2026-07-24 00:00:00,SAPPHIRE,SAPPHIRE FOODS INDIA LTD,179.96,185.36,171.90,179.12,179.96,-0.47,13.46,7.48,0.00,5304468,955858897.61,72492
2026-07-24 00:00:00,ADANIGREEN,ADANI GREEN ENERGY LTD,1356.00,1405.00,1352.00,1395.10,1379.90,1.10,53.00,3.91,-1.73,5247088,7269607140.40,103230
2026-07-24 00:00:00,KWIL,KWALITY WALL'S (INDIA) L,31.60,32.18,31.05,32.00,31.75,0.79,1.13,3.58,-0.47,5210851,164737092.24,14063
2026-07-24 00:00:00,RVNL,RAIL VIKAS NIGAM LIMITED,221.90,225.98,220.84,224.53,224.13,0.18,5.14,2.32,-0.99,5204038,1163994787.15,38768
2026-07-24 00:00:00,BLSE,BLS E-SERVICES LIMITED,263.00,287.70,260.01,282.32,263.47,7.15,27.69,10.53,-0.18,4956426,1389179865.70,45977
2026-07-24 00:00:00,VAML,VEDANTA ALUMINIUM METAL L,432.00,439.95,427.10,435.60,436.85,-0.29,12.85,2.97,-1.11,4905988,2136022201.05,91555
2026-07-24 00:00:00,UNITECH,UNITECH LTD,4.40,4.47,4.34,4.38,4.48,-2.23,0.13,2.95,-1.79,4870402,21376549.23,2469
2026-07-24 00:00:00,PFC,POWER FIN CORP LTD.,406.00,414.15,405.30,411.90,410.05,0.45,8.85,2.18,-0.99,4851080,1989824672.55,53769
2026-07-24 00:00:00,ELITECON,ELITECON INTERNATIONAL L,16.32,16.66,15.30,15.51,16.07,-3.48,1.36,8.33,1.56,4787316,76027752.42,8958
2026-07-24 00:00:00,IREDA,INDIAN RENEWABLE ENERGY,118.61,120.75,117.42,120.48,119.58,0.75,3.33,2.81,-0.81,4773314,570234055.05,37054
2026-07-24 00:00:00,DRREDDY,DR. REDDY S LABORATORIES,1147.00,1166.30,1131.40,1151.70,1166.30,-1.25,34.90,3.04,-1.65,4750512,5447881953.70,123522
2026-07-24 00:00:00,UCOBANK,UCO BANK,25.60,25.95,25.28,25.88,26.00,-0.46,0.67,2.62,-1.54,4743797,121598215.61,11744
2026-07-24 00:00:00,RAIN,RAIN INDUSTRIES LIMITED,220.20,226.80,216.36,225.23,223.44,0.80,10.44,4.74,-1.45,4677755,1038859019.35,41109
2026-07-24 00:00:00,TRIDENT,TRIDENT LIMITED,25.10,25.24,24.71,25.12,25.19,-0.28,0.53,2.11,-0.36,4673170,116751898.61,16232
2026-07-24 00:00:00,GODIGIT,GO DIGIT GENERAL INS LTD,271.35,274.90,253.00,256.20,280.85,-8.78,21.90,8.07,-3.38,4579160,1189607873.50,78918
2026-07-24 00:00:00,RECLTD,REC LIMITED,354.90,364.50,354.90,361.60,358.45,0.88,9.60,2.70,-0.99,4578306,1647414829.40,45391
2026-07-24 00:00:00,GRAPHITE,GRAPHITE INDIA LTD,657.05,687.50,653.90,672.75,657.90,2.26,33.60,5.11,-0.13,4550797,3074373742.60,93542
2026-07-24 00:00:00,JAYNECOIND,JAYASWAL NECO INDUSTR LTD,83.68,87.75,82.52,86.76,84.27,2.95,5.23,6.25,-0.70,4545447,388423079.80,24711
2026-07-24 00:00:00,HINDALCO,HINDALCO  INDUSTRIES  LTD,947.60,950.90,939.70,942.80,955.65,-1.34,11.20,1.18,-0.84,4494329,4242237740.35,115160
2026-07-24 00:00:00,CROMPTON,CROMPT GREA CON ELEC LTD,249.55,251.45,240.20,250.15,252.45,-0.91,11.25,4.51,-1.15,4490954,1106876349.35,63701
2026-07-24 00:00:00,BHARTIARTL,BHARTI AIRTEL LIMITED,1900.20,1905.00,1878.00,1898.20,1931.00,-1.70,27.00,1.42,-1.60,4483600,8476001400.90,103200
2026-07-24 00:00:00,APOLLO,APOLLO MICRO SYSTEMS LTD,388.05,396.15,385.95,394.30,395.50,-0.30,10.20,2.63,-1.88,4476533,1752963996.25,41349
2026-07-24 00:00:00,ZENSARTECH,ZENSAR TECHNOLOGIES  LTD,487.00,510.00,484.00,505.90,487.05,3.87,26.00,5.34,-0.01,4472153,2228925725.20,75863
2026-07-24 00:00:00,HSCL,HIMADRI SPECIALITY CHEM L,774.10,792.60,768.80,789.55,777.65,1.53,23.80,3.07,-0.46,4447225,3480938696.65,60265
2026-07-24 00:00:00,ROUTE,ROUTE MOBILE LIMITED,589.50,609.90,562.00,568.55,600.45,-5.31,47.90,8.13,-1.82,4437820,2586742179.70,87358
2026-07-24 00:00:00,NSLNISP,NMDC STEEL LIMITED,41.52,41.65,40.66,41.41,41.65,-0.58,0.99,2.38,-0.31,4399097,180773223.95,17406
2026-07-24 00:00:00,M&MFIN,M&M FIN. SERVICES LTD,365.00,368.00,355.55,356.50,370.35,-3.74,12.45,3.41,-1.44,4252062,1535380124.15,54289
2026-07-24 00:00:00,TMCV,TATA MOTORS LIMITED,403.00,407.90,398.00,406.15,407.90,-0.43,9.90,2.46,-1.20,4173312,1684266209.85,121485
2026-07-24 00:00:00,UNITDSPR,UNITED SPIRITS LIMITED,1416.00,1480.00,1410.50,1467.20,1418.00,3.47,69.50,4.91,-0.14,3954221,5796802336.60,109019
2026-07-24 00:00:00,KCPSUGIND,KCP SUGAR IND CORP LTD.,24.10,28.75,24.10,27.85,24.19,15.13,4.65,19.29,-0.37,3946850,107945947.42,17691
2026-07-24 00:00:00,PPLPHARMA,PIRAMAL PHARMA LIMITED,179.04,182.32,178.24,181.27,180.83,0.24,4.08,2.28,-0.99,3895346,704198163.71,33032
2026-07-24 00:00:00,RBA,RESTAURANT BRAND ASIA LTD,64.80,66.00,63.57,65.16,64.90,0.40,2.43,3.75,-0.15,3860698,250512756.25,10663
2026-07-24 00:00:00,UTKARSHBNK,UTKARSH SMALL FIN BANK L,14.40,14.53,14.15,14.45,14.46,-0.07,0.38,2.64,-0.41,3841832,55217617.18,6500
2026-07-24 00:00:00,HCLTECH,HCL TECHNOLOGIES LTD,1237.00,1276.00,1236.60,1271.00,1244.70,2.11,39.40,3.19,-0.62,3674904,4632142242.50,97009
2026-07-24 00:00:00,MSUMI,MOTHERSON SUMI WRNG IND L,39.75,40.20,39.37,40.11,39.93,0.45,0.83,2.09,-0.45,3663165,145943151.42,20638
2026-07-24 00:00:00,ATHERENERG,ATHER ENERGY LIMITED,1224.10,1224.70,1188.10,1208.70,1233.20,-1.99,36.60,2.99,-0.74,3613338,4353921917.00,126181
2026-07-24 00:00:00,PAYTM,ONE 97 COMMUNICATIONS LTD,1246.00,1296.70,1236.50,1283.20,1256.80,2.10,60.20,4.83,-0.86,3609944,4583771446.50,111522
2026-07-24 00:00:00,FEDERALBNK,FEDERAL BANK LTD,352.10,354.90,349.90,354.30,354.40,-0.03,5.00,1.42,-0.65,3590425,1264671064.60,57571
2026-07-24 00:00:00,KARURVYSYA,KARUR VYSYA BANK LTD,334.00,340.00,331.30,338.90,336.90,0.59,8.70,2.60,-0.86,3587695,1203189780.50,71731
2026-07-24 00:00:00,NUVAMA,NUVAMA WEALTH MANAGE LTD,1933.20,2066.00,1921.10,1980.10,1947.20,1.69,144.90,7.50,-0.72,3576148,7162061586.60,145583
2026-07-24 00:00:00,KRISHANA,KRISHANA PHOSCHEM LIMITED,153.50,163.95,149.60,162.05,155.75,4.04,14.35,9.35,-1.44,3503242,554867874.65,21480
2026-07-24 00:00:00,RHETAN,RHETAN TMT LIMITED,28.40,29.18,28.21,28.35,28.57,-0.77,0.97,3.42,-0.60,3457900,98474158.59,4315
2026-07-24 00:00:00,COFORGE,COFORGE LIMITED,1430.00,1489.00,1430.00,1484.70,1439.90,3.11,59.00,4.13,-0.69,3441351,5050273329.30,91413
2026-07-24 00:00:00,ANGELONE,ANGEL ONE LIMITED,304.50,310.80,301.20,307.95,306.05,0.62,9.60,3.15,-0.51,3428982,1048153572.40,39031
2026-07-24 00:00:00,ABCAPITAL,ADITYA BIRLA CAPITAL LTD.,390.00,395.30,384.35,393.85,392.25,0.41,10.95,2.81,-0.57,3424162,1337935852.85,38550
2026-07-24 00:00:00,TANLA,TANLA PLATFORMS LIMITED,615.00,626.85,593.10,599.75,618.50,-3.03,33.75,5.49,-0.57,3415846,2074166877.70,66057
2026-07-24 00:00:00,NETWORK18,NETWORK18 MEDIA & INV LTD,28.00,28.85,27.78,28.62,28.13,1.74,1.07,3.82,-0.46,3407920,96226344.79,7458
2026-07-24 00:00:00,BAJAJHFL,BAJAJ HOUSING FINANCE LTD,84.00,84.52,83.55,84.19,84.81,-0.73,0.97,1.15,-0.96,3387116,284899588.39,29574
2026-07-24 00:00:00,TIPSMUSIC,TIPS MUSIC LIMITED,670.00,722.55,667.45,699.45,676.60,3.38,55.10,8.22,-0.98,3378998,2370177800.90,84163
2026-07-24 00:00:00,MANAPPURAM,MANAPPURAM FINANCE LTD,346.45,354.20,343.55,352.95,352.45,0.14,10.65,3.07,-1.70,3371207,1180131811.15,48289
2026-07-24 00:00:00,BTML,BODHI TREE MULTIMEDIA LTD,6.08,7.29,5.25,6.96,6.08,14.47,2.04,33.55,0.00,3313634,21922053.91,1809
2026-07-24 00:00:00,VIKASLIFE,VIKAS LIFECARE LIMITED,1.28,1.36,1.28,1.31,1.28,2.34,0.08,6.25,0.00,3308484,4350540.40,11690
2026-07-24 00:00:00,RENUKA,SHREE RENUKA SUGARS LTD,21.65,22.40,21.50,22.23,21.68,2.54,0.90,4.16,-0.14,3308107,72324190.35,6749
2026-07-24 00:00:00,RICOAUTO,RICO AUTO INDUSTRIES LTD,134.00,141.90,132.07,139.07,135.43,2.69,9.83,7.34,-1.06,3252527,450084320.80,28160
2026-07-24 00:00:00,RKFORGE,RAMKRISHNA FORGINGS LTD,583.00,588.90,569.60,580.70,584.00,-0.57,19.30,3.31,-0.17,3245747,1878428554.15,51882
2026-07-24 00:00:00,MAXIND,MAX INDIA LIMITED,178.50,186.00,173.00,182.11,165.65,9.94,13.00,7.28,7.76,3223259,579880929.71,31924
2026-07-24 00:00:00,TCS,TATA CONSULTANCY SERV LT,2205.10,2264.30,2205.10,2254.30,2242.90,0.51,59.20,2.68,-1.69,3211699,7213656139.40,123535
2026-07-24 00:00:00,ALLCARGO,ALLCARGO LOGISTICS LTD,7.93,8.11,7.89,8.06,7.99,0.88,0.22,2.77,-0.75,3196864,25637520.29,8239
2026-07-24 00:00:00,INDUSTOWER,INDUS TOWERS LIMITED,388.10,396.10,385.15,394.60,390.25,1.11,10.95,2.82,-0.55,3130489,1228016229.35,50347
2026-07-24 00:00:00,TTML,TATA TELESERV(MAHARASTRA),40.50,40.50,38.75,39.38,39.40,-0.05,1.75,4.32,2.79,3130193,123441479.55,14792
2026-07-24 00:00:00,AEQUS,AEQUS LIMITED,220.00,230.40,220.00,229.23,221.59,3.45,10.40,4.73,-0.72,3121246,708587248.88,33636
2026-07-24 00:00:00,GREENPOWER,ORIENT GREEN POWER CO LTD,9.90,10.16,9.76,10.03,9.90,1.31,0.40,4.04,0.00,3075678,30682087.59,5219
2026-07-24 00:00:00,CONFIPET,CONFIDENCE PETRO IND LTD.,74.40,79.50,73.50,78.30,74.45,5.17,6.00,8.06,-0.07,3047292,235654897.25,18126
2026-07-24 00:00:00,NESTLEIND,NESTLE INDIA LIMITED,1439.80,1467.80,1431.00,1443.50,1447.90,-0.30,36.80,2.56,-0.56,3041475,4408616110.50,74394
2026-07-24 00:00:00,DEVYANI,DEVYANI INTERNATIONAL LTD,108.80,113.28,107.00,112.30,109.87,2.21,6.28,5.77,-0.97,3027081,336344187.66,28348
2026-07-24 00:00:00,HINDCOPPER,HINDUSTAN COPPER LTD,486.00,486.00,478.20,483.15,491.80,-1.76,7.80,1.60,-1.18,3002317,1445417166.05,54069
2026-07-24 00:00:00,ANANTRAJ,ANANT RAJ LIMITED,580.20,591.65,576.00,586.55,587.15,-0.10,15.65,2.70,-1.18,3000923,1755945434.60,36654
2026-07-24 00:00:00,LLOYDSENT,LLOYDS ENTERPRISES LTD,77.01,78.45,75.70,78.04,77.98,0.08,2.75,3.57,-1.24,2984293,230084071.08,13188
2026-07-24 00:00:00,BELRISE,BELRISE INDUSTRIES LTD,227.00,230.32,224.00,228.26,229.31,-0.46,6.32,2.78,-1.01,2981139,677480934.30,29956
2026-07-24 00:00:00,JYOTISTRUC,JYOTI STRUCTURES LTD,10.84,11.10,10.53,10.97,10.85,1.11,0.57,5.26,-0.09,2962053,31892337.42,3346
2026-07-24 00:00:00,CYIENT,CYIENT LIMITED,834.95,873.00,814.45,840.05,830.65,1.13,58.55,7.01,0.52,2956680,2488938066.30,110818
2026-07-24 00:00:00,CIPLA,CIPLA LTD,1390.10,1444.80,1390.10,1410.60,1393.00,1.26,54.70,3.93,-0.21,2917791,4154799266.50,91889
2026-07-24 00:00:00,OIL,OIL INDIA LTD,460.50,465.00,448.95,449.75,458.80,-1.97,16.05,3.49,0.37,2893431,1315569290.35,42976
2026-07-24 00:00:00,INDIGO,INTERGLOBE AVIATION LTD,4950.00,5009.00,4886.00,4985.00,5023.50,-0.77,123.00,2.48,-1.46,2880861,14225791021.00,155179
2026-07-24 00:00:00,LTF,L&T FINANCE LIMITED,303.00,304.80,297.15,302.40,305.05,-0.87,7.65,2.52,-0.67,2838253,854576985.30,40257
2026-07-24 00:00:00,JSWINFRA,JSW INFRASTRUCTURE LTD,320.20,325.20,316.55,322.70,324.50,-0.55,8.65,2.70,-1.33,2835528,907943239.50,47158
2026-07-24 00:00:00,AHCL,ANLON HEALTHCARE LIMITED,14.94,15.15,14.81,15.01,15.08,-0.46,0.34,2.28,-0.93,2826907,42400739.35,4240
2026-07-24 00:00:00,IOB,INDIAN OVERSEAS BANK,33.73,34.00,33.23,33.88,33.82,0.18,0.77,2.28,-0.27,2789486,93802334.84,10388
2026-07-24 00:00:00,HDFCNIFIT,HDFCAMC - HDFCNIFIT,30.40,31.00,30.13,30.80,30.48,1.05,0.87,2.86,-0.26,2766747,84753103.40,1039
2026-07-24 00:00:00,EMMVEE,EMMVEE PHOTOVOLTAIC PWR L,317.75,332.25,314.15,331.00,319.75,3.52,18.10,5.70,-0.63,2762319,898473723.80,39865
2026-07-24 00:00:00,IGIL,INTL GEMOLOGICAL INST LTD,350.70,353.25,325.65,338.15,345.60,-2.16,27.60,7.87,1.48,2757818,920787078.85,89084
2026-07-24 00:00:00,HARDWYN,HARDWYN INDIA LIMITED,15.70,16.45,14.06,15.82,15.62,1.28,2.39,15.22,0.51,2748495,42542982.18,5629
2026-07-24 00:00:00,BIOCON,BIOCON LIMITED.,431.20,435.00,426.70,433.65,435.20,-0.36,8.30,1.92,-0.92,2748079,1184434720.10,28323
2026-07-24 00:00:00,ALOKINDS,ALOK INDUSTRIES LIMITED,12.00,12.13,11.93,12.07,12.02,0.42,0.20,1.67,-0.17,2737970,32919078.20,5488
2026-07-24 00:00:00,INDOTHAI,INDO THAI SEC LTD,217.59,221.70,214.52,216.30,217.38,-0.50,7.18,3.30,0.10,2736587,595174482.30,12067
2026-07-24 00:00:00,CMPDI,CENTRAL MINE P N D INST L,251.50,254.90,245.80,248.43,253.57,-2.03,9.10,3.62,-0.82,2726233,681116067.59,34143
2026-07-24 00:00:00,RBLBANK,RBL BANK LIMITED,348.00,354.60,347.85,352.90,353.85,-0.27,6.75,1.94,-1.65,2705750,949510553.15,40584
2026-07-24 00:00:00,TIMETECHNO,TIME TECHNOPLAST LTD.,197.00,202.03,195.60,201.26,200.03,0.61,6.43,3.26,-1.51,2688187,535866912.07,23115
2026-07-24 00:00:00,AGL,ALLCARGO GLOBAL LIMITED,12.56,12.75,12.21,12.58,12.70,-0.94,0.54,4.30,-1.10,2678802,33445575.42,3339
2026-07-24 00:00:00,LAURUSLABS,LAURUS LABS LIMITED,1560.00,1610.00,1554.90,1601.20,1568.30,2.10,55.10,3.53,-0.53,2647403,4200507275.40,72133
2026-07-24 00:00:00,MOSCHIP,MOSCHIP TECHNOLOGIES LTD,228.50,236.00,224.95,231.79,233.69,-0.81,11.05,4.84,-2.22,2636913,609235800.92,30071
2026-07-24 00:00:00,VBL,VARUN BEVERAGES LIMITED,452.00,459.50,451.15,457.20,459.05,-0.40,8.35,1.85,-1.54,2597541,1183899868.85,44141
2026-07-24 00:00:00,ADANIENSOL,ADANI ENERGY SOLUTION LTD,1676.00,1713.90,1668.80,1702.20,1683.80,1.09,45.10,2.69,-0.46,2585952,4384667817.20,64268
2026-07-24 00:00:00,NLCINDIA,NLC INDIA LIMITED,287.40,294.05,279.90,292.80,290.70,0.72,14.15,4.92,-1.14,2551137,732896207.85,41017
2026-07-24 00:00:00,BANKNIFTY1,KOTAKMAMC-KOTAKBKETF,58.40,59.07,58.17,58.90,58.76,0.24,0.90,1.54,-0.61,2539446,148307206.37,1013
2026-07-24 00:00:00,ITCHOTELS,ITC HOTELS LIMITED,160.00,160.79,158.40,159.92,161.93,-1.24,2.39,1.49,-1.19,2484261,396526787.16,42556
2026-07-24 00:00:00,PETRONET,PETRONET LNG LIMITED,268.95,275.15,267.90,274.70,269.45,1.95,7.25,2.70,-0.19,2466930,673853095.10,24013
2026-07-24 00:00:00,LENSKART,LENSKART SOLUTIONS LTD,548.80,559.75,545.30,555.90,557.40,-0.27,14.45,2.63,-1.54,2426138,1349261938.55,60934
2026-07-24 00:00:00,LEMONTREE,LEMON TREE HOTELS LTD,109.45,110.44,107.61,109.36,110.04,-0.62,2.83,2.59,-0.54,2400874,260732504.68,41888
2026-07-24 00:00:00,ALGOQUANT,ALGOQUANT FINTECH LIMITED,65.39,70.00,65.17,68.41,65.42,4.57,4.83,7.39,-0.05,2380736,161390197.69,12467
2026-07-24 00:00:00,GROWWPOWER,GROWWAMC - GROWWPOWER,12.02,12.02,11.55,11.67,11.73,-0.51,0.47,3.91,2.47,2374289,27667377.26,2999
2026-07-24 00:00:00,SALASAR,SALASAR TECHNO ENGG. LTD.,5.81,6.03,5.81,5.97,5.90,1.19,0.22,3.79,-1.53,2362332,13978139.82,2394
2026-07-24 00:00:00,SCI,SHIPPING CORP OF INDIA LT,265.50,277.20,260.20,275.10,268.60,2.42,17.00,6.40,-1.15,2357392,631287772.20,33871
2026-07-24 00:00:00,ORCHASP,ORCHASP LIMITED,1.72,1.73,1.47,1.58,1.71,-7.60,0.26,15.12,0.58,2356060,3601182.44,1171
2026-07-24 00:00:00,J&KBANK,J & K BANK LTD.,172.90,174.99,170.12,172.57,173.41,-0.48,4.87,2.82,-0.29,2341658,403987674.96,21443
2026-07-24 00:00:00,RUSHIL,RUSHIL DECOR LIMITED,17.00,18.44,16.50,17.76,16.98,4.59,1.94,11.41,0.12,2305661,40166123.47,4132
2026-07-24 00:00:00,ABFRL,ADITYA BIRLA FASHION & RT,55.90,56.75,55.10,56.25,56.03,0.39,1.65,2.95,-0.23,2288618,127647708.55,12168
2026-07-24 00:00:00,MCLOUD,MAGELLANIC CLOUD LIMITED,27.00,27.20,26.40,26.61,27.25,-2.35,0.80,2.96,-0.92,2286973,61335659.44,6299
2026-07-24 00:00:00,NATIONALUM,NATIONAL ALUMINIUM CO LTD,341.80,344.90,339.65,343.90,346.00,-0.61,5.25,1.54,-1.21,2253982,772212625.15,28396
2026-07-24 00:00:00,BCG,BRIGHTCOM GROUP LIMITED,9.35,9.49,9.22,9.40,9.36,0.43,0.27,2.89,-0.11,2252865,20984615.93,3088
2026-07-24 00:00:00,AEROFLEX,AEROFLEX INDUSTRIES LTD,415.00,437.80,403.65,420.85,420.10,0.18,34.15,8.23,-1.21,2248858,953484621.30,37373
2026-07-24 00:00:00,GATECH,GACM TECHNOLOGIES LIMITED,0.50,0.50,0.48,0.48,0.49,-2.04,0.02,4.00,2.04,2248348,1099111.41,646
2026-07-24 00:00:00,MARSONS,MARSONS LIMITED,113.02,114.18,109.11,109.92,113.27,-2.96,5.07,4.49,-0.22,2244547,251546106.87,12052
2026-07-24 00:00:00,STALLION,STALLION IND FLUOROCHEM L,250.50,251.30,240.00,241.90,253.22,-4.47,11.30,4.51,-1.07,2228655,544314535.50,26168
2026-07-24 00:00:00,KELLTONTEC,KELLTON TECH SOL LTD,14.43,14.47,14.01,14.09,14.37,-1.95,0.46,3.19,0.42,2222911,31494580.07,4349
2026-07-24 00:00:00,PIDILITIND,PIDILITE INDUSTRIES LTD,1562.00,1585.00,1537.10,1570.90,1564.20,0.43,47.90,3.07,-0.14,2199982,3442184519.00,53164
2026-07-24 00:00:00,JTLIND,JTL INDUSTRIES LIMITED,70.10,73.48,70.10,72.64,72.05,0.82,3.38,4.82,-2.71,2186978,157545452.40,10982
2026-07-24 00:00:00,FISCHER,FISCHER MEDICAL VENTURE L,38.16,39.48,37.71,37.94,39.03,-2.79,1.77,4.64,-2.23,2182724,83781896.27,2772
2026-07-24 00:00:00,DELHIVERY,DELHIVERY LIMITED,463.00,466.80,458.15,462.55,465.45,-0.62,8.65,1.87,-0.53,2176831,1006489480.35,56922
2026-07-24 00:00:00,VIKASECO,VIKAS ECOTECH LIMITED,1.11,1.14,1.10,1.11,1.10,0.91,0.04,3.60,0.91,2160292,2400960.28,1465
2026-07-24 00:00:00,FEDDERSHOL,FEDDERS HOLDING LTD.,47.00,47.94,45.25,45.64,47.87,-4.66,2.69,5.72,-1.82,2141017,98692464.59,6848
2026-07-24 00:00:00,M&M,MAHINDRA & MAHINDRA LTD,3215.30,3217.00,3135.10,3161.40,3229.70,-2.11,81.90,2.55,-0.45,2135688,6749097070.80,138788
2026-07-24 00:00:00,ACE,ACTION CONST EQUIP LTD,975.20,1051.00,971.60,1039.40,979.00,6.17,79.40,8.14,-0.39,2105588,2163842028.20,80353
2026-07-24 00:00:00,MPHASIS,MPHASIS LIMITED,2247.00,2340.00,2192.10,2288.10,2232.40,2.50,147.90,6.58,0.65,2105429,4777068623.70,112803
2026-07-24 00:00:00,ACMESOLAR,ACME SOLAR HOLDINGS LTD,361.40,374.90,361.40,365.85,363.05,0.77,13.50,3.74,-0.45,2104262,772935115.40,39534
2026-07-24 00:00:00,TARIL,TRANS & RECTI. LTD,292.00,296.60,288.10,295.00,293.70,0.44,8.50,2.91,-0.58,2073057,606184439.70,32756
2026-07-24 00:00:00,NYKAA,FSN E COMMERCE VENTURES,323.30,323.55,317.05,322.80,324.80,-0.62,6.50,2.01,-0.46,2040730,654792551.00,21851
2026-07-24 00:00:00,DLF,DLF LIMITED,639.15,648.65,630.60,645.20,642.20,0.47,18.05,2.82,-0.47,2002254,1280973318.10,39103
2026-07-24 00:00:00,SGFIN,SG FINSERVE LIMITED,663.90,723.60,658.00,696.05,663.20,4.95,65.60,9.88,0.11,2000660,1402628141.80,57453
2026-07-24 00:00:00,INDUSINDBK,INDUSIND BANK LIMITED,1000.00,1003.45,984.05,996.05,1005.50,-0.94,19.40,1.94,-0.55,1995292,1984877118.25,62688
2026-07-24 00:00:00,LT,LARSEN & TOUBRO LTD.,3751.00,3805.00,3720.00,3785.60,3792.40,-0.18,85.00,2.27,-1.09,1994087,7505228139.70,135397
2026-07-24 00:00:00,SPANDANA,SPANDANA SPHOORTY FIN LTD,288.00,288.00,257.80,261.50,292.25,-10.52,30.20,10.49,-1.45,1984220,530849159.45,47982
2026-07-24 00:00:00,GREAVESCOT,GREAVES COTTON LTD.,236.90,248.61,231.55,246.32,237.17,3.86,17.06,7.20,-0.11,1981826,478318198.04,32027
2026-07-24 00:00:00,MARICO,MARICO LIMITED,851.80,858.00,841.50,855.60,853.20,0.28,16.50,1.94,-0.16,1968480,1675119546.75,66467
2026-07-24 00:00:00,KTKBANK,KARNATAKA BANK LIMITED,278.60,282.40,274.20,279.70,281.80,-0.75,8.20,2.94,-1.14,1964088,547553971.90,19979
2026-07-24 00:00:00,CHOLAFIN,CHOLAMANDALAM IN & FIN CO,1702.00,1741.30,1660.40,1724.40,1717.30,0.41,80.90,4.75,-0.89,1912110,3229610155.50,64948
2026-07-24 00:00:00,INDHOTEL,THE INDIAN HOTELS CO. LTD,718.00,728.60,713.25,727.45,724.05,0.47,15.35,2.14,-0.84,1864296,1344501499.35,30220
2026-07-24 00:00:00,PVRINOX,PVR INOX LIMITED,1010.00,1070.00,1008.20,1063.95,1007.40,5.61,61.80,6.12,0.26,1849646,1939286424.65,68487
2026-07-24 00:00:00,JMFINANCIL,JM FINANCIAL LIMITED,121.05,122.60,118.81,122.05,122.19,-0.11,3.79,3.13,-0.93,1845468,222702403.98,17852
2026-07-24 00:00:00,ORIENTHOT,ORIENT HOTELS LTD,128.00,137.00,125.42,134.84,127.41,5.83,11.58,9.05,0.46,1834562,244263719.23,19482
2026-07-24 00:00:00,BSLNIFTY,ADITYBIRLA SL NIF ETF-GR,28.70,28.70,27.69,27.88,28.00,-0.43,1.01,3.52,2.50,1826643,50790097.64,4112
2026-07-24 00:00:00,AUBANK,AU SMALL FINANCE BANK LTD,969.00,1015.90,967.40,1004.00,978.70,2.59,48.50,5.01,-0.99,1826523,1805921317.20,48487
2026-07-24 00:00:00,TEJASNET,TEJAS NETWORKS LIMITED,494.00,503.95,488.05,495.40,497.30,-0.38,15.90,3.22,-0.66,1817857,901771801.15,35550
2026-07-24 00:00:00,ARFIN,ARFIN INDIA LIMITED,90.44,92.50,89.00,91.99,90.34,1.83,3.50,3.87,0.11,1809673,163746096.48,6603
2026-07-24 00:00:00,GROWWSLVR,GROWWAMC - GROWWSLVR,21.22,21.65,21.16,21.59,21.63,-0.18,0.49,2.31,-1.90,1793121,38392016.42,2074
2026-07-24 00:00:00,HUDCO,HSG & URBAN DEV CORPN LTD,194.80,197.51,191.75,195.54,196.83,-0.66,5.76,2.96,-1.03,1792361,347753330.76,20943
2026-07-24 00:00:00,EDELWEISS,EDELWEISS FIN SERV LTD,115.50,117.70,114.00,117.02,116.09,0.80,3.70,3.20,-0.51,1777040,205322122.41,16902
2026-07-24 00:00:00,EMBDL,EMBASSY DEVELOPMENTS LTD,61.30,62.10,60.01,61.21,61.43,-0.36,2.09,3.41,-0.21,1775065,108252884.27,14428
2026-07-24 00:00:00,PARADEEP,PARADEEP PHOSPHATES LTD,135.10,136.95,132.90,136.07,136.31,-0.18,4.05,3.00,-0.89,1765247,238121094.86,21691
2026-07-24 00:00:00,BANK10ADD,DSPAMC - BANK10ADD,16.73,16.90,16.69,16.83,16.86,-0.18,0.21,1.26,-0.77,1730421,28953467.99,1294
2026-07-24 00:00:00,SMALLCAP,MIRAEAMC - SMALLCAP,46.10,46.63,46.01,46.52,46.78,-0.56,0.62,1.34,-1.45,1726789,80064322.07,4122
2026-07-24 00:00:00,TATAPOWER,TATA POWER CO LTD,373.40,375.75,371.40,374.40,376.15,-0.47,4.35,1.16,-0.73,1700724,635707427.10,31991
2026-07-24 00:00:00,MAHLOG,MAHINDRA LOGISTIC LIMITED,393.85,428.65,390.10,416.35,391.85,6.25,38.55,9.79,0.51,1696338,706287788.35,40010
2026-07-24 00:00:00,ICICIGI,ICICI LOMBARD GIC LIMITED,1614.30,1666.20,1605.00,1661.80,1619.00,2.64,61.20,3.79,-0.29,1693997,2802893941.60,99822
2026-07-24 00:00:00,ADANIPORTS,ADANI PORT & SEZ LTD,1764.90,1784.90,1755.20,1768.30,1778.50,-0.57,29.70,1.68,-0.76,1685770,2986564026.80,80950
2026-07-24 00:00:00,EXICOM,EXICOM TELE SYSTEMS LTD,158.99,162.50,155.20,160.30,161.48,-0.73,7.30,4.59,-1.54,1677455,266682472.55,12899
2026-07-24 00:00:00,JAMNAAUTO,JAMNA AUTO IND LTD,129.20,133.29,128.22,132.67,130.80,1.43,5.07,3.92,-1.22,1657697,216506398.26,17605
2026-07-24 00:00:00,EIEL,ENVIRO INFRA ENGINEERS L,217.61,221.40,212.11,220.16,217.62,1.17,9.29,4.27,-0.00,1653480,359174969.89,15953
2026-07-24 00:00:00,TATACONSUM,TATA CONSUMER PRODUCT LTD,1100.00,1117.10,1079.00,1088.00,1107.70,-1.78,38.10,3.46,-0.70,1644917,1807937432.80,47467
2026-07-24 00:00:00,JISLJALEQS,JAIN IRRIGATION SYSTEMS,29.47,30.55,29.16,30.37,29.47,3.05,1.39,4.72,0.00,1643469,49306370.17,6896
2026-07-24 00:00:00,CUB,CITY UNION BANK LTD,219.40,220.99,217.01,219.75,219.89,-0.06,3.98,1.81,-0.22,1635177,357352557.76,35451
2026-07-24 00:00:00,MOSMALL250,MOTILALAMC - MOSMALL250,17.70,17.73,17.47,17.66,17.76,-0.56,0.26,1.47,-0.34,1620989,28536488.03,2879
2026-07-24 00:00:00,JSWENERGY,JSW ENERGY LIMITED,552.10,554.50,546.10,551.65,557.35,-1.02,8.40,1.52,-0.94,1620670,891093767.20,29020
2026-07-24 00:00:00,SJVN,SJVN LTD,67.30,67.74,66.81,67.58,67.68,-0.15,0.93,1.38,-0.56,1605432,108055761.33,12990
2026-07-24 00:00:00,HINDUNILVR,HINDUSTAN UNILEVER LTD.,2148.00,2163.00,2139.00,2145.00,2161.80,-0.78,24.00,1.12,-0.64,1603494,3438745572.90,76073
2026-07-24 00:00:00,GREENPLY,GREENPLY INDUSTRIES LTD,324.90,327.90,293.10,298.15,321.15,-7.16,34.80,10.71,1.17,1587525,480311687.00,41692
2026-07-24 00:00:00,SUNPHARMA,SUN PHARMACEUTICAL IND L,1945.00,1959.80,1934.80,1941.10,1954.00,-0.66,25.00,1.29,-0.46,1578929,3071104757.90,92680
2026-07-24 00:00:00,LXCHEM,LAXMI ORGANIC INDUS LTD,180.06,186.60,178.22,182.28,182.98,-0.38,8.38,4.65,-1.60,1572439,286658410.97,21156
2026-07-24 00:00:00,JUBLFOOD,JUBILANT FOODWORKS LTD,410.00,420.00,408.55,418.25,412.30,1.44,11.45,2.79,-0.56,1545685,641685608.00,27156
2026-07-24 00:00:00,CHENNPETRO,CHENNAI PETROLEUM CORP LT,1265.00,1281.90,1209.00,1214.80,1269.60,-4.32,72.90,5.76,-0.36,1544056,1887551747.30,56834
2026-07-24 00:00:00,VINCOFE,VINTAGE COFFEE N BVRGS L,155.01,157.20,154.55,156.18,156.53,-0.22,2.65,1.71,-0.97,1501128,234152551.64,8717
2026-07-24 00:00:00,MMTC,MMTC LIMITED,61.00,61.80,60.21,61.52,61.94,-0.68,1.59,2.61,-1.52,1489504,91106468.73,9376
2026-07-24 00:00:00,SATIN,SATIN CREDIT NET LTD,255.00,270.50,251.40,268.87,256.25,4.92,19.10,7.49,-0.49,1479864,392070638.39,24269
2026-07-24 00:00:00,SGMART,SG MART LIMITED,675.00,718.00,670.05,713.55,674.60,5.77,47.95,7.10,0.06,1478903,1032555585.55,39231
2026-07-24 00:00:00,EQUITASBNK,EQUITAS SMALL FIN BNK LTD,77.99,78.80,76.55,78.34,78.42,-0.10,2.25,2.88,-0.55,1477032,114620665.36,16550
2026-07-24 00:00:00,IIFL,IIFL FINANCE LIMITED,563.00,565.25,548.00,556.55,568.75,-2.15,17.25,3.06,-1.01,1476692,820881115.50,34827
2026-07-24 00:00:00,RMDRIP,R M DRIP & SPRINK SYS LTD,17.70,18.40,17.68,18.11,18.07,0.22,0.72,4.07,-2.05,1461146,26360397.51,1939
2026-07-24 00:00:00,LODHA,LODHA DEVELOPERS LIMITED,1137.00,1166.30,1124.00,1144.10,1146.40,-0.20,42.30,3.72,-0.82,1446063,1656462163.80,39098
2026-07-24 00:00:00,LALPATHLAB,DR. LAL PATH LABS LTD.,1670.20,1791.40,1650.90,1759.20,1687.10,4.27,140.50,8.41,-1.00,1445810,2477895243.80,133399
2026-07-24 00:00:00,IOLCP,IOL CHEM AND PHARMA LTD,145.00,150.11,143.66,149.22,146.99,1.52,6.45,4.45,-1.35,1441046,212275901.39,22657
2026-07-24 00:00:00,ELECTCAST,ELECTROSTEEL CASTINGS LTD,70.39,72.50,69.52,72.10,70.43,2.37,2.98,4.23,-0.06,1439547,102350357.01,11350
2026-07-24 00:00:00,INDIANB,INDIAN BANK,819.00,828.85,814.55,826.10,827.30,-0.15,14.30,1.75,-1.00,1435233,1178995891.50,31065
2026-07-24 00:00:00,ARIS,ARISINFRA SOLUTIONS LTD,122.16,126.80,121.61,123.06,122.19,0.71,5.19,4.25,-0.02,1428668,177768057.68,18092
2026-07-24 00:00:00,HDFCSML250,HDFCAMC - HDFCSML250,179.87,179.87,175.21,177.58,178.09,-0.29,4.66,2.59,1.00,1420920,251043939.73,12655
2026-07-24 00:00:00,RAJRATAN,RAJRATAN GLOBAL WIRE LTD,490.00,524.00,481.10,488.30,501.55,-2.64,42.90,8.76,-2.30,1415765,714558769.55,45934
2026-07-24 00:00:00,BAJAJFINSV,BAJAJ FINSERV LTD.,1878.90,1892.90,1866.50,1876.70,1889.40,-0.67,26.40,1.41,-0.56,1412443,2652137375.20,60221
2026-07-24 00:00:00,AMBUJACEM,AMBUJA CEMENTS LTD,420.00,427.50,415.45,425.15,423.55,0.38,12.05,2.87,-0.84,1403208,592021648.90,24125
2026-07-24 00:00:00,PARACABLES,PARAMOUNT COMM LTD,60.70,62.27,59.50,61.64,62.28,-1.03,2.77,4.56,-2.54,1393474,84887334.47,6891
2026-07-24 00:00:00,GVT&D,GE VERNOVA T&D INDIA LTD,4330.00,4334.00,4115.60,4157.40,4328.50,-3.95,218.40,5.04,0.03,1388191,5815930120.20,74921
2026-07-24 00:00:00,BSE,BSE LIMITED,3563.00,3571.60,3526.00,3549.70,3579.00,-0.82,45.60,1.28,-0.45,1386676,4918978972.10,75818
2026-07-24 00:00:00,METAL,MIRAEAMC - METAL,12.89,12.89,12.41,12.53,12.58,-0.40,0.48,3.72,2.46,1374093,17168959.75,4254
2026-07-24 00:00:00,WEBELSOLAR,WEBSOL ENERGY SYSTEM LTD,99.12,100.56,97.86,99.77,100.16,-0.39,2.70,2.72,-1.04,1370328,135842553.41,8902
2026-07-24 00:00:00,JAYBARMARU,JAY BHARAT MARUTI LTD,151.69,164.60,151.69,161.36,159.67,1.06,12.91,8.51,-5.00,1357381,211768121.19,12201
2026-07-24 00:00:00,3IINFOLTD,3I INFOTECH LIMITED,20.00,20.23,19.41,19.74,20.43,-3.38,0.82,4.10,-2.10,1355100,26775001.77,4006
2026-07-24 00:00:00,HDFCLIFE,HDFC LIFE INS CO LTD,548.00,556.75,547.20,555.05,550.95,0.74,9.55,1.74,-0.54,1354038,749778085.80,32358
2026-07-24 00:00:00,DATAPATTNS,DATA PATTERNS INDIA LTD,4540.00,4668.30,4421.20,4584.50,4597.50,-0.28,247.10,5.44,-1.25,1344404,6114046070.90,108893
2026-07-24 00:00:00,STEELXIND,STEEL EXCHANGE INDIA LTD,11.40,11.70,11.07,11.57,11.43,1.22,0.63,5.53,-0.26,1337561,15181149.38,2576
2026-07-24 00:00:00,CASTROLIND,CASTROL INDIA LIMITED,186.00,186.35,184.00,184.79,185.29,-0.27,2.35,1.26,0.38,1334968,246688681.48,15823
2026-07-24 00:00:00,PTC,PTC INDIA LIMITED,168.00,168.18,163.80,164.40,168.38,-2.36,4.38,2.61,-0.23,1325001,218532248.42,14883
2026-07-24 00:00:00,QUADFUTURE,QUADRANT FUTURE TEK LTD,376.75,381.85,338.80,361.05,381.10,-5.26,43.05,11.43,-1.14,1318885,471830934.25,32118
2026-07-24 00:00:00,PCBL,PCBL CHEMICAL LIMITED,318.90,320.35,307.40,317.90,319.60,-0.53,12.95,4.06,-0.22,1308687,411236590.80,22936
2026-07-24 00:00:00,TATAELXSI,TATA ELXSI LIMITED,3359.00,3556.60,3353.90,3538.00,3387.60,4.44,202.70,6.03,-0.84,1304975,4562982063.70,74118
2026-07-24 00:00:00,AEGISVOPAK,AEGIS VOPAK TERMINALS LTD,290.00,296.00,282.25,292.64,294.82,-0.74,13.75,4.74,-1.63,1300277,376824313.34,25355
2026-07-24 00:00:00,JSWCEMENT,JSW CEMENT LIMITED,132.86,133.28,129.88,132.12,133.84,-1.29,3.40,2.56,-0.73,1298867,170897602.04,21367
2026-07-24 00:00:00,MODEFENCE,MOTILALAMC - MODEFENCE,102.87,103.40,101.50,102.55,102.86,-0.30,1.90,1.85,0.01,1293769,132250231.61,6783
2026-07-24 00:00:00,ALPHA,KOTAKMAMC - KOTAKALPHA,51.16,51.16,50.38,50.84,51.16,-0.63,0.78,1.52,0.00,1291451,65386148.46,3230
2026-07-24 00:00:00,FRACTAL,FRACTAL ANALYTICS LIMITED,829.00,844.80,778.00,786.75,861.45,-8.67,66.80,8.06,-3.77,1291231,1039054650.50,63217
2026-07-24 00:00:00,ADANIENT,ADANI ENTERPRISES LIMITED,3010.00,3041.90,2992.50,3026.40,3010.00,0.54,49.40,1.64,0.00,1280635,3867180811.20,55852
2026-07-24 00:00:00,KISSHT,ONEMI TECHNOLOGY SOL LTD,342.15,350.50,334.30,340.15,345.95,-1.68,16.20,4.73,-1.10,1265697,431722073.15,23238
2026-07-24 00:00:00,EXXARO,EXXARO TILES LIMITED,6.26,6.76,6.20,6.54,6.26,4.47,0.56,8.95,0.00,1259542,8193086.54,1267
2026-07-24 00:00:00,IGL,INDRAPRASTHA GAS LTD,148.20,149.95,147.20,149.33,149.90,-0.38,2.75,1.86,-1.13,1256239,186552230.95,18282
2026-07-24 00:00:00,PSB,PUNJAB & SIND BANK,24.01,24.05,23.41,23.77,24.14,-1.53,0.64,2.67,-0.54,1249417,29556563.34,5032
2026-07-24 00:00:00,NAUKRI,INFO EDGE (I) LTD,1150.00,1177.50,1140.00,1165.50,1169.95,-0.38,37.50,3.26,-1.71,1248750,1449554717.30,52684
2026-07-24 00:00:00,SRF,SRF LTD,2672.90,2698.00,2635.80,2664.70,2622.70,1.60,62.20,2.33,1.91,1246513,3329597187.60,71999
2026-07-24 00:00:00,SAMHI,SAMHI HOTELS LIMITED,168.00,180.00,167.08,177.66,169.87,4.59,12.92,7.69,-1.10,1245766,216471361.11,22861
2026-07-24 00:00:00,ACUTAAS,ACUTAAS CHEMICALS LIMITED,3330.10,3457.10,3209.00,3259.50,3459.10,-5.77,248.10,7.45,-3.73,1243383,4104845524.70,112183
2026-07-24 00:00:00,SYNCOMF,SYNCOM FORMU (I) LTD,13.00,13.25,12.79,13.09,13.15,-0.46,0.46,3.54,-1.14,1233461,15983681.14,3163
2026-07-24 00:00:00,TECHM,TECH MAHINDRA LIMITED,1549.00,1579.80,1531.10,1559.50,1555.80,0.24,48.70,3.14,-0.44,1231512,1914430958.90,47967
2026-07-24 00:00:00,TVSMOTOR,TVS MOTOR COMPANY  LTD,3879.80,3899.90,3823.30,3870.20,3919.80,-1.27,76.60,1.97,-1.02,1226472,4743274215.40,61812
2026-07-24 00:00:00,URBANCO,URBAN COMPANY LIMITED,129.20,130.14,126.80,129.76,130.58,-0.63,3.34,2.59,-1.06,1214127,156415393.82,25387
2026-07-24 00:00:00,KNACK,KNACK PACKAGING LIMITED,190.99,195.90,189.01,194.88,193.13,0.91,6.89,3.61,-1.11,1207259,232591193.44,11689
2026-07-24 00:00:00,FINOPB,FINO PAYMENTS BANK LTD,167.79,168.44,163.07,167.06,170.04,-1.75,5.37,3.20,-1.32,1195595,198365297.35,11068
2026-07-24 00:00:00,BSOFT,BIRLASOFT LIMITED,277.45,286.00,277.25,282.40,278.95,1.24,8.75,3.15,-0.54,1171839,329211866.05,22290
2026-07-24 00:00:00,AEGISLOG,AEGIS LOGISTICS LIMITED,1360.00,1360.00,1298.40,1349.60,1368.90,-1.41,61.60,4.53,-0.65,1168708,1554541762.30,47702
2026-07-24 00:00:00,HATHWAY,HATHWAY CABLE & DATACOM,10.51,10.84,10.51,10.76,10.64,1.13,0.33,3.14,-1.22,1159488,12330028.71,2844
2026-07-24 00:00:00,MCX,MULTI COMMODITY EXCHANGE,2735.00,2747.30,2706.00,2730.00,2752.60,-0.82,41.30,1.51,-0.64,1157955,3158566733.80,100070
2026-07-24 00:00:00,ASTRAL,ASTRAL LIMITED,1405.10,1476.80,1402.40,1468.10,1413.40,3.87,74.40,5.29,-0.59,1157687,1681682206.10,50002
2026-07-24 00:00:00,POLICYBZR,PB FINTECH LIMITED,1516.70,1546.60,1502.10,1537.20,1526.70,0.69,44.50,2.93,-0.66,1154630,1759114439.70,55517
2026-07-24 00:00:00,DYCL,DYNAMIC CABLES LIMITED,400.85,425.00,397.00,402.40,406.00,-0.89,28.00,6.99,-1.27,1153622,472505410.95,24832
2026-07-24 00:00:00,OSWALPUMPS,OSWAL PUMPS LIMITED,338.00,360.55,335.50,359.15,338.85,5.99,25.05,7.41,-0.25,1144502,400760606.25,24010
2026-07-24 00:00:00,NIITLTD,NIIT LIMITED,91.50,97.80,89.81,94.62,92.51,2.28,7.99,8.73,-1.09,1140450,107488705.16,12641
2026-07-24 00:00:00,DALBHARAT,DALMIA BHARAT LIMITED,1854.90,1872.10,1780.80,1810.80,1854.70,-2.37,91.30,4.92,0.01,1119018,2039962681.50,72414
2026-07-24 00:00:00,SHAREINDIA,SHARE IND. SECURITIES LTD,193.50,194.07,186.50,191.57,193.49,-0.99,7.57,3.91,0.01,1118621,212755976.00,8930
2026-07-24 00:00:00,AWL,AWL AGRI BUSINESS LIMITED,186.10,189.18,185.35,188.16,187.42,0.39,3.83,2.06,-0.70,1118052,209620698.67,13529
2026-07-24 00:00:00,NIVABUPA,NIVA BUPA HEALTH INS CO L,84.00,86.97,83.99,86.64,84.62,2.39,2.98,3.55,-0.73,1115705,95592714.34,14189
2026-07-24 00:00:00,CIEINDIA,CIE AUTOMOTIVE INDIA LTD,412.00,416.80,401.90,413.75,419.00,-1.25,14.90,3.62,-1.67,1114765,458009442.20,46933
2026-07-24 00:00:00,MOL,MEGHMANI ORGANICS LIMITED,55.50,56.34,53.54,54.46,55.74,-2.30,2.80,5.05,-0.43,1114446,60869668.49,7761
2026-07-24 00:00:00,MFSL,MAX FINANCIAL SERV LTD,1497.50,1520.80,1484.80,1515.50,1503.90,0.77,36.00,2.40,-0.43,1113093,1675718507.20,38677
2026-07-24 00:00:00,VMART,VMART RETAIL LTD,758.00,792.30,715.00,724.65,759.70,-4.61,77.30,10.20,-0.22,1110278,843768279.40,65139
2026-07-24 00:00:00,CGCL,CAPRI GLOBAL CAPITAL LTD,240.99,241.61,237.01,238.23,243.71,-2.25,4.60,1.91,-1.12,1109602,264505198.12,12545
2026-07-24 00:00:00,TURTLEMINT,TURTLEMINT FINTECH SOLS L,125.25,130.76,123.53,130.07,127.11,2.33,7.23,5.77,-1.46,1109049,142003230.77,17392
2026-07-24 00:00:00,BLUEJET,BLUE JET HEALTHCARE LTD,573.20,595.75,563.70,566.90,576.50,-1.67,32.05,5.59,-0.57,1101312,637469901.30,27829
2026-07-24 00:00:00,PHOENIXLTD,THE PHOENIX MILLS LTD,2014.00,2035.40,1978.30,2010.70,2035.60,-1.22,57.10,2.84,-1.06,1100435,2207854655.10,39261
2026-07-24 00:00:00,SYRMA,SYRMA SGS TECHNOLOGY LTD,1360.00,1368.00,1272.10,1288.30,1380.00,-6.64,95.90,7.05,-1.45,1098492,1440927375.50,54287
2026-07-24 00:00:00,SWSOLAR,STRLNG & WIL REN ENE LTD,205.00,208.90,200.11,207.93,206.36,0.76,8.79,4.29,-0.66,1091125,223155700.78,13573
2026-07-24 00:00:00,ORIENTELEC,ORIENT ELECTRIC LIMITED,175.00,177.75,169.57,170.74,174.33,-2.06,8.18,4.67,0.38,1084287,188460534.44,18830
2026-07-24 00:00:00,JSWSTEEL,JSW STEEL LIMITED,1238.60,1245.00,1228.10,1240.80,1246.80,-0.48,16.90,1.36,-0.66,1083729,1339682358.50,36822
2026-07-24 00:00:00,GENUSPOWER,GENUS POWER INFRASTRU LTD,310.00,316.55,307.00,315.60,313.85,0.56,9.55,3.08,-1.23,1076880,336053954.55,16567
2026-07-24 00:00:00,DHANBANK,DHANLAXMI BANK LIMITED,34.00,34.62,33.26,34.29,34.36,-0.20,1.36,4.00,-1.05,1076129,36623778.78,3691
2026-07-24 00:00:00,AYE,AYE FINANCE LIMITED,169.00,175.44,164.71,172.03,170.78,0.73,10.73,6.35,-1.04,1074084,182872251.81,14774
2026-07-24 00:00:00,LANDSMILL,LANDSMILL GREEN LIMITED,0.75,0.77,0.75,0.75,0.75,0.00,0.02,2.67,0.00,1072049,808524.92,547
2026-07-24 00:00:00,NACLIND,NACL INDUSTRIES LIMITED,192.00,198.50,186.90,196.80,192.35,2.31,11.60,6.04,-0.18,1070739,206874927.13,17554
2026-07-24 00:00:00,HAVELLS,HAVELLS INDIA LIMITED,1201.10,1239.50,1195.80,1226.90,1209.90,1.41,43.70,3.64,-0.73,1065814,1306714742.90,36977
2026-07-24 00:00:00,VAKRANGEE,VAKRANGEE LIMITED,5.76,5.89,5.68,5.81,5.76,0.87,0.21,3.65,0.00,1065096,6149572.23,1453
2026-07-24 00:00:00,ATGL,ADANI TOTAL GAS LIMITED,655.00,664.00,648.75,652.85,662.60,-1.47,15.25,2.33,-1.15,1062001,695983373.05,27105
2026-07-24 00:00:00,JKPAPER,JK PAPER LIMITED,391.35,405.50,388.60,401.45,391.55,2.53,16.90,4.32,-0.05,1060056,421948673.60,24933
2026-07-24 00:00:00,MUTHOOTFIN,MUTHOOT FINANCE LIMITED,2995.00,2998.40,2925.10,2986.70,3010.40,-0.79,73.30,2.45,-0.51,1056004,3129405359.40,65156
2026-07-24 00:00:00,PANAMAPET,PANAMA PETROCHEM LTD,502.00,518.50,490.15,498.25,500.75,-0.50,28.35,5.65,0.25,1047958,528123881.75,31485
2026-07-24 00:00:00,DCBBANK,DCB BANK LIMITED,189.60,189.60,184.75,186.24,189.72,-1.83,4.85,2.56,-0.06,1034468,192937285.96,22245
2026-07-24 00:00:00,SBILIFE,SBI LIFE INSURANCE CO LTD,1844.10,1889.50,1830.10,1858.60,1853.50,0.28,59.40,3.22,-0.51,1034104,1921600350.20,53983
2026-07-24 00:00:00,RELIGARE,RELIGARE ENTER. LTD.,250.25,259.65,249.60,258.05,253.05,1.98,10.05,4.02,-1.11,1033687,264569257.95,11944
2026-07-24 00:00:00,JINDALSAW,JINDAL SAW LIMITED,259.20,260.45,253.10,255.35,260.95,-2.15,7.35,2.84,-0.67,1031851,265088574.45,30111
2026-07-24 00:00:00,AVANTEL,AVANTEL LIMITED,163.87,164.39,160.40,163.49,164.47,-0.60,3.99,2.43,-0.36,1029362,167266038.32,9196
2026-07-24 00:00:00,EPL,EPL LIMITED,231.26,234.20,221.98,233.06,233.04,0.01,12.22,5.28,-0.76,1019639,233524884.84,18241
2026-07-24 00:00:00,MARINE,MARINE ELECTRICAL (I) LTD,243.45,257.55,241.00,254.80,247.85,2.80,16.55,6.80,-1.78,1018743,255621418.30,20040
2026-07-24 00:00:00,REDINGTON,REDINGTON LIMITED,261.10,263.65,255.70,259.05,262.05,-1.14,7.95,3.04,-0.36,1016983,263039518.60,31118
2026-07-24 00:00:00,AQYLON,AQYLON NEXUS LIMITED,26.25,26.61,26.25,26.25,27.63,-4.99,0.36,1.37,-4.99,1012703,26626072.34,1046
2026-07-24 00:00:00,SSWL,STEEL STRIPS WHEELS LTD.,286.50,291.50,277.20,288.31,286.73,0.55,14.30,4.99,-0.08,1012687,288120979.08,16761
2026-07-24 00:00:00,MON100,MOTILAL OS NASDAQ100 ETF,328.15,328.15,323.75,328.15,328.84,-0.21,4.40,1.34,-0.21,1012670,331409784.69,17354
2026-07-24 00:00:00,UTIAMC,UTI ASSET MNGMT CO LTD,904.50,906.95,876.00,881.40,904.05,-2.51,30.95,3.42,0.05,1009475,892006660.65,30792
2026-07-24 00:00:00,HBLENGINE,HBL ENGINEERING LTD,701.50,704.95,685.20,698.60,704.95,-0.90,19.75,2.82,-0.49,1005133,697571657.60,34900
2026-07-24 00:00:00,LOWVOL1,KOTAKMAMC - KOTAKLOVOL,20.95,21.13,20.83,20.95,21.11,-0.76,0.30,1.43,-0.76,1004891,21125180.02,195
2026-07-24 00:00:00,UNOMINDA,UNO MINDA LIMITED,1125.00,1132.30,1101.10,1127.00,1129.90,-0.26,31.20,2.77,-0.43,1004753,1123600012.40,61176
2026-07-24 00:00:00,VIKRAMSOLR,VIKRAM SOLAR LIMITED,182.80,183.28,179.50,182.80,183.75,-0.52,3.78,2.07,-0.52,1004475,182607495.63,12244
2026-07-24 00:00:00,NAZARA,NAZARA TECHNOLOGIES LTD,304.00,304.05,295.30,302.30,304.20,-0.62,8.75,2.88,-0.07,1001751,300670199.35,12312
2026-07-24 00:00:00,THOMASCOOK,THOMAS COOK (INDIA) LTD,99.96,99.96,97.08,97.85,100.29,-2.43,2.88,2.88,-0.33,992594,97320176.10,6650
2026-07-24 00:00:00,MAXHEALTH,MAX HEALTHCARE INS LTD,1076.00,1085.90,1068.80,1080.40,1084.20,-0.35,17.10,1.59,-0.76,983063,1059367501.50,32336
2026-07-24 00:00:00,NEWGEN,NEWGEN SOFTWARE TECH LTD,503.00,512.10,497.05,505.70,508.80,-0.61,15.05,2.99,-1.14,975202,491509911.60,26465
2026-07-24 00:00:00,TARC,TARC LIMITED,128.00,131.90,124.90,131.45,130.70,0.57,7.00,5.47,-2.07,970224,124639296.09,11123
2026-07-24 00:00:00,TEXRAIL,TEXMACO RAIL & ENG. LTD.,108.45,110.99,106.75,110.08,109.10,0.90,4.24,3.91,-0.60,969916,105576605.15,8965
2026-07-24 00:00:00,CDSL,CENTRAL DEPO SER (I) LTD,1310.00,1340.00,1305.00,1333.10,1323.40,0.73,35.00,2.67,-1.01,969219,1282092840.70,42512
2026-07-24 00:00:00,ARIHANTCAP,ARIHANT CAPITAL MKTS LTD,81.31,82.50,79.32,81.62,81.45,0.21,3.18,3.91,-0.17,967198,78293375.59,6852
2026-07-24 00:00:00,CAMS,COMPUTER AGE MNGT SER LTD,760.00,766.75,747.35,761.45,758.15,0.44,19.40,2.55,0.24,966899,732707737.95,33270
2026-07-24 00:00:00,MANALIPETC,MANALI PETROCHEMICALS LT,64.80,66.99,64.50,66.77,64.80,3.04,2.49,3.84,0.00,963190,63818607.89,6536
2026-07-24 00:00:00,CRAMC,CANARA ROBECO AMC LIMITED,264.89,264.89,256.55,259.95,266.02,-2.28,8.34,3.15,-0.42,962997,250346517.63,23770
2026-07-24 00:00:00,VIDYAWIRES,VIDYA WIRES LIMITED,87.55,89.89,86.41,88.54,88.05,0.56,3.48,3.97,-0.57,957456,84638931.47,7671
2026-07-24 00:00:00,TBZ,TRIB BHIMJI ZAVERI LTD,263.91,267.30,256.14,258.89,266.67,-2.92,11.16,4.23,-1.03,951116,247161762.24,15672
2026-07-24 00:00:00,SPARC,SUN PHARMA ADV.RES.CO.LTD,212.61,217.77,211.62,216.23,214.48,0.82,6.15,2.89,-0.87,947229,203476151.23,13326
2026-07-24 00:00:00,MOBIKWIK,ONE MOBIKWIK SYSTEMS LTD,203.97,204.44,196.80,201.02,205.48,-2.17,7.64,3.75,-0.73,944363,189061676.31,14539
2026-07-24 00:00:00,RRKABEL,R R KABEL LIMITED,2379.90,2506.00,2330.20,2493.60,2378.30,4.85,175.80,7.39,0.07,943722,2308035945.20,58212
2026-07-24 00:00:00,GUJALKALI,GUJARAT ALKALIES & CHEM,708.40,708.40,667.10,674.80,644.00,4.78,41.30,5.83,10.00,940628,649062033.10,19334
2026-07-24 00:00:00,PREMIERENE,PREMIER ENERGIES LIMITED,1020.00,1024.10,1007.50,1019.30,1024.70,-0.53,16.60,1.63,-0.46,934272,950437620.00,27716
2026-07-24 00:00:00,VIKRAN,VIKRAN ENGINEERING LTD,70.96,71.60,70.01,71.43,71.82,-0.54,1.59,2.24,-1.20,934117,66229787.73,5811
2026-07-24 00:00:00,PACEDIGITK,PACE DIGITEK LIMITED,195.00,196.85,191.21,195.25,197.19,-0.98,5.64,2.89,-1.11,933719,181403123.86,11736
2026-07-24 00:00:00,SAKSOFT,SAKSOFT LIMITED,164.59,170.00,160.50,168.30,164.59,2.25,9.50,5.77,0.00,932311,153953309.82,11396
2026-07-24 00:00:00,NCC,NCC LIMITED,134.81,137.74,134.10,137.09,136.18,0.67,3.64,2.70,-1.01,932229,127074113.35,12666
2026-07-24 00:00:00,APTUS,APTUS VALUE HSG FIN I LTD,284.50,284.50,276.50,277.15,284.70,-2.65,8.00,2.81,-0.07,932035,259414744.00,20427
2026-07-24 00:00:00,JAINREC,JAIN RESOURCE RECYCLING L,331.50,345.50,328.15,341.00,337.30,1.10,17.35,5.23,-1.72,927914,313076305.35,20742
2026-07-24 00:00:00,VIYASH,VIYASH SCIENTIFIC LIMITED,250.70,254.75,248.00,250.90,253.25,-0.93,6.75,2.69,-1.01,926335,232247287.30,16300
2026-07-24 00:00:00,360ONE,360 ONE WAM LIMITED,1068.30,1105.00,1065.00,1102.30,1083.20,1.76,40.00,3.74,-1.38,918262,998829497.50,36716
2026-07-24 00:00:00,ABDL,ALLIED BLEND N DISTILS L,585.00,626.70,580.00,620.75,602.55,3.02,46.70,7.98,-2.91,917748,561707822.80,43061
2026-07-24 00:00:00,HYUNDAI,HYUNDAI MOTOR INDIA LTD,1949.80,1975.00,1927.50,1952.60,1954.40,-0.09,47.50,2.44,-0.24,917025,1791616014.60,36206
2026-07-24 00:00:00,TATACAP,TATA CAPITAL LIMITED,339.75,343.35,335.65,341.90,341.45,0.13,7.70,2.27,-0.50,900008,305155746.80,28259
2026-07-24 00:00:00,GPPL,GUJARAT PIPAVAV PORT LTD,147.00,149.60,146.60,149.23,147.14,1.42,3.00,2.04,-0.10,896015,132982216.63,24040
2026-07-24 00:00:00,SINDHUTRAD,SINDHU TRADE LINKS LTD,24.83,24.86,24.07,24.45,24.83,-1.53,0.79,3.18,0.00,893658,21784463.81,1789
2026-07-24 00:00:00,ROLEXRINGS,ROLEX RINGS LIMITED,137.04,140.00,134.55,139.64,137.05,1.89,5.45,3.98,-0.01,892279,122795795.15,11242
2026-07-24 00:00:00,MOMMIDCAP,MIRAEAMC - MOMMIDCAP,12.43,12.43,12.21,12.34,12.37,-0.24,0.22,1.77,0.49,891111,10962013.05,242
2026-07-24 00:00:00,MOCAPITAL,MOTILALAMC - MOCAPITAL,52.96,53.32,52.10,52.81,52.96,-0.28,1.22,2.30,0.00,889771,46741275.50,4241
2026-07-24 00:00:00,KAYNES,KAYNES TECHNOLOGY IND LTD,3213.00,3236.10,3131.00,3176.20,3240.30,-1.98,105.10,3.27,-0.84,887346,2808615198.80,64138
2026-07-24 00:00:00,KIRLPNU,KIRLOSKAR PNEUMATIC COM L,1494.80,1523.30,1464.40,1497.10,1517.60,-1.35,58.90,3.94,-1.50,885456,1314718864.80,80171
2026-07-24 00:00:00,AEROPLANE,AMIR CHAND JAG KUM (E) L,186.90,190.77,181.73,187.84,189.37,-0.81,9.04,4.84,-1.30,882981,165333060.13,2621
2026-07-24 00:00:00,SERVOTECH,SERVOTECH REN POW SYS LTD,95.80,96.78,93.01,95.64,97.31,-1.72,3.77,3.94,-1.55,882979,83789976.96,7847
2026-07-24 00:00:00,MUFIN,MUFIN GREEN FINANCE LTD,125.00,125.99,122.05,124.32,125.20,-0.70,3.94,3.15,-0.16,879853,109084656.62,4054
2026-07-24 00:00:00,AONETMMQ50,AONEAMC - AONETMMQ50,10.16,10.16,9.90,9.94,10.00,-0.60,0.26,2.56,1.60,873829,8734769.36,496
2026-07-24 00:00:00,GRANULES,GRANULES INDIA LIMITED,846.00,856.90,830.75,833.55,852.55,-2.23,26.15,3.09,-0.77,870853,733438156.70,41851
2026-07-24 00:00:00,PGEL,PG ELECTROPLAST LTD,570.95,575.90,561.40,572.45,576.65,-0.73,14.50,2.54,-0.99,870572,495764404.25,16554
2026-07-24 00:00:00,LICI,LIFE INSURA CORP OF INDIA,421.40,424.00,416.60,421.30,421.40,-0.02,7.40,1.76,0.00,862880,362742715.30,15427
2026-07-24 00:00:00,ELECON,ELECON ENG. CO. LTD,427.00,431.70,419.20,421.65,433.00,-2.62,12.50,2.93,-1.39,859460,363645991.80,31260
2026-07-24 00:00:00,SENCO,SENCO GOLD LIMITED,383.90,388.95,377.20,382.85,386.25,-0.88,11.75,3.06,-0.61,858782,328261296.60,19840
2026-07-24 00:00:00,ENGINERSIN,ENGINEERS INDIA LTD,223.14,226.60,219.44,225.21,224.25,0.43,7.16,3.21,-0.49,856408,191085866.86,16064
2026-07-24 00:00:00,MBAPL,MADHYA BHARAT AGRO P. LTD,146.00,149.00,144.05,148.25,146.80,0.99,4.95,3.39,-0.54,855884,125775219.90,11033
2026-07-24 00:00:00,WELSPUNLIV,WELSPUN LIVING LIMITED,163.19,163.91,160.31,162.00,164.99,-1.81,3.60,2.21,-1.09,855247,138605258.84,10321
2026-07-24 00:00:00,MTNL,MAHANAGAR TELEPHONE NIGAM,26.60,27.20,26.27,27.11,26.75,1.35,0.93,3.50,-0.56,852105,22760958.76,3465
2026-07-24 00:00:00,WELCORP,WELSPUN CORP LIMITED,1596.80,1622.40,1566.20,1596.90,1612.80,-0.99,56.20,3.52,-0.99,843386,1343546743.80,56429
2026-07-24 00:00:00,URJA,URJA GLOBAL LIMITED,9.05,9.26,8.94,9.22,9.05,1.88,0.32,3.54,0.00,843060,7662147.09,2859
2026-07-24 00:00:00,ZYDUSLIFE,ZYDUS LIFESCIENCES LTD,1109.00,1119.60,1099.00,1108.70,1113.80,-0.46,20.60,1.86,-0.43,837032,927432326.20,30275
2026-07-24 00:00:00,TOP10ADD,DSPAMC - TOP10ADD,86.03,86.50,85.55,86.41,86.28,0.15,0.95,1.10,-0.29,834900,71640653.61,640
2026-07-24 00:00:00,IRCON,IRCON INTERNATIONAL LTD,124.20,126.48,123.51,126.07,125.44,0.50,2.97,2.39,-0.99,833685,104220844.52,11215
2026-07-24 00:00:00,SONATSOFTW,SONATA SOFTWARE LTD,286.00,292.00,280.50,288.10,287.40,0.24,11.50,4.02,-0.49,829035,237316777.15,17597
2026-07-24 00:00:00,KEC,KEC INTL. LIMITED,469.20,477.70,462.40,469.90,472.95,-0.64,15.30,3.26,-0.79,819658,384846986.05,21472
2026-07-24 00:00:00,SETL,STANDARD ENGNG TCNLGY LTD,284.00,284.60,272.65,272.70,286.95,-4.97,11.95,4.21,-1.03,817269,224545980.70,7369
2026-07-24 00:00:00,BLS,BLS INTL SERVS LTD,227.60,234.95,226.55,233.60,230.30,1.43,8.40,3.69,-1.17,814649,188485505.60,17136
2026-07-24 00:00:00,MARKSANS,MARKSANS PHARMA LIMITED,244.90,248.60,242.40,246.30,246.10,0.08,6.20,2.53,-0.49,806514,198102154.90,21255
2026-07-24 00:00:00,GROWWNIFTY,GROWWAMC - GROWWNIFTY,9.87,9.87,9.55,9.61,9.63,-0.21,0.32,3.24,2.49,803104,7701228.94,2929
2026-07-24 00:00:00,FEDFINA,FEDBANK FINANCIAL SER L,149.82,151.37,147.40,150.53,150.26,0.18,3.97,2.65,-0.29,798404,119359722.65,10795
2026-07-24 00:00:00,PRESTIGE,PRESTIGE ESTATE LTD,1614.90,1618.60,1579.30,1592.80,1624.00,-1.92,39.30,2.43,-0.56,793038,1263718362.50,27888
2026-07-24 00:00:00,KIMS,KRISHNA INST OF MED SCI L,780.00,799.90,779.05,797.85,781.55,2.09,20.85,2.67,-0.20,792395,623330323.75,26428
2026-07-24 00:00:00,NDL,NANDAN DENIM LIMITED,2.32,2.34,2.28,2.31,2.32,-0.43,0.06,2.59,0.00,792308,1823399.12,1053
2026-07-24 00:00:00,SOTL,SAVITA OIL TECHNOLO. LTD,649.35,657.95,615.90,645.75,645.10,0.10,42.05,6.48,0.66,788544,503437522.75,23422
2026-07-24 00:00:00,AFIL,AKME FINTRADE (INDIA) LTD,9.11,9.53,9.11,9.21,9.27,-0.65,0.42,4.61,-1.73,786350,7277650.83,609
2026-07-24 00:00:00,CMRGREEN,CMR GREEN TECHNOLOGIES L,216.00,218.80,213.05,218.05,217.35,0.32,5.75,2.66,-0.62,784000,169581338.90,13166
2026-07-24 00:00:00,SYNGENE,SYNGENE INTERNATIONAL LTD,402.00,408.25,399.00,406.65,403.25,0.84,9.25,2.30,-0.31,777845,315104208.70,28433
2026-07-24 00:00:00,MOREALTY,MOTILALAMC - MOREALTY,88.57,89.07,86.66,88.28,88.57,-0.33,2.41,2.72,0.00,774528,67925396.00,3299
2026-07-24 00:00:00,INOXGREEN,INOX GREEN ENERGY SER LTD,187.17,193.27,183.49,191.87,187.17,2.51,9.78,5.23,0.00,771954,146119440.22,10835
2026-07-24 00:00:00,EPACKPEB,EPACK PREFAB TECHN LTD,240.80,255.12,237.75,251.92,243.08,3.64,17.37,7.21,-0.94,768123,191088477.87,14464
2026-07-24 00:00:00,NAM-INDIA,NIPPON L I A M LTD,1100.00,1119.00,1079.40,1112.50,1105.80,0.61,39.60,3.60,-0.52,764070,843694899.80,33220
2026-07-24 00:00:00,RATNAVEER,RATNAVEER PRECISION ENG L,176.50,181.46,175.07,178.61,177.47,0.64,6.39,3.62,-0.55,762108,136196749.11,9575
2026-07-24 00:00:00,RALLIS,RALLIS INDIA LTD,220.05,222.00,216.60,218.72,221.97,-1.46,5.40,2.45,-0.86,760800,166597344.82,13274
2026-07-24 00:00:00,MANINFRA,MAN INFRA LTD,97.00,97.75,95.52,96.68,97.68,-1.02,2.23,2.30,-0.70,758346,73500641.86,4211
2026-07-24 00:00:00,WELSPLSOL,WELSPUN SPECIALTY SOL L,49.35,51.98,48.75,51.30,49.35,3.95,3.23,6.55,0.00,752175,37953305.46,5550
2026-07-24 00:00:00,KFINTECH,KFIN TECHNOLOGIES LIMITED,868.00,872.20,855.60,857.75,868.25,-1.21,16.60,1.91,-0.03,749479,646463514.00,24818
2026-07-24 00:00:00,SDBL,SOM DIST & BREW LTD,73.00,73.22,71.47,72.89,73.38,-0.67,1.75,2.40,-0.52,746821,53940112.05,5705
2026-07-24 00:00:00,FINPIPE,FINOLEX INDUSTRIES LTD,159.50,164.40,158.00,163.67,159.93,2.34,6.40,4.01,-0.27,746248,121203700.60,28683
2026-07-24 00:00:00,RHIM,RHI MAGNESITA INDIA LTD,396.05,404.45,388.25,398.95,395.60,0.85,16.20,4.09,0.11,745087,295014571.35,18834
2026-07-24 00:00:00,HDFCPVTBAN,HDFCAMC - HDFCPVTBAN,27.59,29.30,27.53,27.86,27.83,0.11,1.77,6.42,-0.86,741547,20630432.52,548
2026-07-24 00:00:00,CYIENTDLM,CYIENT DLM LIMITED,655.15,680.85,654.05,670.45,665.10,0.80,26.80,4.09,-1.50,740669,496052065.20,28673
2026-07-24 00:00:00,JUSTDIAL,JUSTDIAL LTD.,724.40,734.00,700.10,728.95,724.40,0.63,33.90,4.68,0.00,738916,530632624.85,15487
2026-07-24 00:00:00,RTNINDIA,RATTANINDIA ENT LIMITED,31.52,31.90,30.71,31.60,31.52,0.25,1.19,3.78,0.00,737118,23109604.84,4469
2026-07-24 00:00:00,KUSUMGAR,KUSUMGAR LIMITED,602.30,613.30,588.75,601.35,608.25,-1.13,24.55,4.08,-0.98,735445,441913519.95,20076
2026-07-24 00:00:00,PERSISTENT,PERSISTENT SYSTEMS LTD,4974.10,5217.80,4965.10,5200.50,5001.90,3.97,252.70,5.08,-0.56,732328,3758910630.30,55582
2026-07-24 00:00:00,ASTERDM,ASTER DM HEALTHCARE LTD.,784.00,791.90,770.00,785.65,784.30,0.17,21.90,2.79,-0.04,731330,574093234.30,23908
2026-07-24 00:00:00,LUPIN,LUPIN LIMITED,2360.00,2388.40,2340.00,2370.50,2396.30,-1.08,48.40,2.05,-1.51,725528,1716354662.00,64176
2026-07-24 00:00:00,HINDOILEXP,HINDUSTAN OIL EXPLORATION,168.80,168.80,160.50,162.04,167.50,-3.26,8.30,4.92,0.78,719854,117366900.71,7285
2026-07-24 00:00:00,AFCONS,AFCONS INFRASTRUCTURE LTD,279.15,288.95,279.15,285.95,283.80,0.76,9.80,3.51,-1.64,718967,204442625.70,13270
2026-07-24 00:00:00,HDFCAMC,HDFC AMC LIMITED,2499.90,2530.60,2468.50,2505.70,2508.70,-0.12,62.10,2.48,-0.35,717284,1799314442.30,62302
2026-07-24 00:00:00,GCSL,GRETEX CORPORATE SERVICES,518.40,534.00,510.75,531.00,521.05,1.91,23.25,4.48,-0.51,714401,370633743.05,8155
2026-07-24 00:00:00,ICICIPRULI,ICICI PRU LIFE INS CO LTD,498.25,503.05,495.55,500.55,501.50,-0.19,7.50,1.51,-0.65,711372,355611149.20,25480
2026-07-24 00:00:00,FSL,FIRSTSOURCE SOLU. LTD.,253.00,257.50,251.10,253.58,255.94,-0.92,6.40,2.53,-1.15,710618,180421426.45,18315
2026-07-24 00:00:00,AEROENTER,AEROFLEX ENTERPRISES LTD,125.00,129.69,120.10,127.30,123.60,2.99,9.59,7.67,1.13,704414,88420537.83,9105
2026-07-24 00:00:00,TPHQ,TEAMO PRODUCTIONS HQ LTD,0.42,0.42,0.40,0.40,0.41,-2.44,0.02,4.76,2.44,697835,286788.59,278
2026-07-24 00:00:00,SBFC,SBFC FINANCE LIMITED,90.50,92.48,90.01,92.18,90.52,1.83,2.47,2.73,-0.02,696691,63711241.32,6434
2026-07-24 00:00:00,NITCO,NITCO LIMITED,101.93,104.99,99.82,104.11,103.20,0.88,5.17,5.07,-1.23,695339,71197592.38,4676
2026-07-24 00:00:00,RAILTEL,RAILTEL CORP OF IND LTD,285.00,287.60,279.30,284.75,287.55,-0.97,8.30,2.91,-0.89,695273,196797043.45,16999
2026-07-24 00:00:00,HEROMOTOCO,HERO MOTOCORP LIMITED,5101.20,5102.00,4982.00,5011.10,5173.80,-3.14,120.00,2.35,-1.40,694927,3494697886.20,59842
2026-07-24 00:00:00,EMAMILTD,EMAMI LIMITED,412.65,414.85,406.30,407.90,416.25,-2.01,8.55,2.07,-0.86,694321,284435748.80,19317
2026-07-24 00:00:00,GATEWAY,GATEWAY DISTRIPARKS LTD,56.96,57.00,56.00,56.38,57.09,-1.24,1.00,1.76,-0.23,689650,38878490.55,11143
2026-07-24 00:00:00,SMALL250,MIRAEAMC - SMALL250,18.47,18.47,17.27,17.65,17.71,-0.34,1.20,6.50,4.29,688184,12097405.25,1055
2026-07-24 00:00:00,AZAD,AZAD ENGINEERING LIMITED,2349.00,2444.00,2333.00,2439.00,2347.80,3.88,111.00,4.73,0.05,688100,1654418013.80,41633
2026-07-24 00:00:00,WPIL,W P I L LTD.,442.50,507.90,431.75,450.45,442.55,1.79,76.15,17.21,-0.01,686898,316628476.05,28809
2026-07-24 00:00:00,ABINFRA,A B INFRABUILD LIMITED,9.99,10.95,9.78,10.32,10.01,3.10,1.17,11.71,-0.20,680928,6862605.35,1174
2026-07-24 00:00:00,PARAS,PARAS DEF AND SPCE TECH L,1183.00,1205.00,1152.40,1195.20,1197.50,-0.19,52.60,4.45,-1.21,680838,804997202.90,27959
2026-07-24 00:00:00,ZAGGLE,ZAGGLE PREPA OCEAN SER L,200.50,202.32,198.90,199.97,201.15,-0.59,3.42,1.71,-0.32,676394,135338226.10,10303
2026-07-24 00:00:00,SKMEGGPROD,SKM EGG PROD EXPORT(I) LT,320.75,332.80,318.20,324.75,322.00,0.85,14.60,4.55,-0.39,675469,221385730.60,12449
2026-07-24 00:00:00,AGIIL,AGI INFRA LIMITED,316.00,319.75,310.65,311.75,317.35,-1.76,9.10,2.88,-0.43,670622,211365929.75,8234
2026-07-24 00:00:00,GMDCLTD,GUJARAT MINERAL DEV CORP,558.00,564.90,551.00,562.55,562.95,-0.07,13.90,2.49,-0.88,664245,370756305.40,19389
2026-07-24 00:00:00,AJOONI,AJOONI BIOTECH LIMITED,3.90,4.22,3.90,4.03,3.95,2.03,0.32,8.21,-1.27,660297,2712167.37,828
2026-07-24 00:00:00,RCF,RASHTRIYA CHEMICALS & FER,122.25,124.77,121.62,124.22,124.16,0.05,3.15,2.58,-1.54,654634,80713361.87,7635
2026-07-24 00:00:00,TRENT,TRENT LTD,2841.30,2913.00,2836.00,2890.50,2874.80,0.55,77.00,2.71,-1.17,654165,1884844784.20,52850
2026-07-24 00:00:00,GALLANTT,GALLANTT ISPAT LIMITED,537.00,549.90,513.10,521.20,537.75,-3.08,36.80,6.85,-0.14,652399,344105120.55,15338
2026-07-24 00:00:00,VAIBHAVGBL,VAIBHAV GLOBAL LIMITED,252.50,254.39,245.64,251.94,254.99,-1.20,8.75,3.47,-0.98,649583,162542130.88,15506
2026-07-24 00:00:00,CAMPUS,CAMPUS ACTIVEWEAR LIMITED,218.70,220.48,215.55,216.55,219.16,-1.19,4.93,2.25,-0.21,647461,141071191.86,9539
2026-07-24 00:00:00,ASIANPAINT,ASIAN PAINTS LIMITED,2620.10,2657.10,2620.10,2637.90,2668.80,-1.16,37.00,1.41,-1.82,645563,1706262276.40,53401
2026-07-24 00:00:00,JAICORPLTD,JAI CORP LIMITED,101.00,101.33,98.03,100.33,101.57,-1.22,3.30,3.27,-0.56,645063,64585314.61,5278
2026-07-24 00:00:00,YATRA,YATRA ONLINE LIMITED,105.81,108.21,105.21,107.67,107.45,0.20,3.00,2.84,-1.53,644181,69021467.43,8022
2026-07-24 00:00:00,DABUR,DABUR INDIA LTD,420.75,424.80,419.40,423.20,423.15,0.01,5.40,1.28,-0.57,641619,270849292.45,18351
2026-07-24 00:00:00,TDPOWERSYS,TD POWER SYSTEMS LTD.,1127.00,1144.00,1110.00,1113.60,1139.40,-2.26,34.00,3.02,-1.09,634662,710932028.60,34823
2026-07-24 00:00:00,BHARATFORG,BHARAT FORGE LTD,2162.00,2169.00,2128.10,2151.60,2175.30,-1.09,40.90,1.89,-0.61,634484,1361038927.20,29316
2026-07-24 00:00:00,DCW,DCW LTD,45.66,46.45,44.70,46.23,45.66,1.25,1.75,3.83,0.00,633362,28882611.29,3105
2026-07-24 00:00:00,ARE&M,AMARA RAJA ENERGY MOB LTD,876.00,885.55,865.45,872.90,876.40,-0.40,20.10,2.29,-0.05,631693,551782226.35,22732
2026-07-24 00:00:00,RELAXO,RELAXO FOOT LTD.,393.20,405.55,386.25,402.95,396.10,1.73,19.30,4.91,-0.73,626262,248624849.40,17252
2026-07-24 00:00:00,SHAKTIPUMP,SHAKTI PUMPS (I) LTD,543.55,557.90,534.05,553.00,543.25,1.79,23.85,4.39,0.06,624043,341036341.80,22425
2026-07-24 00:00:00,POONAWALLA,POONAWALLA FINCORP LTD,464.00,466.30,451.00,459.70,464.95,-1.13,15.30,3.30,-0.20,623865,285390446.60,15435
2026-07-24 00:00:00,UPL,UPL LIMITED,603.10,604.90,594.95,602.45,607.00,-0.75,9.95,1.65,-0.64,622872,373910359.45,14045
2026-07-24 00:00:00,DELTACORP,DELTA CORP LIMITED,62.20,63.43,61.53,62.99,62.53,0.74,1.90,3.05,-0.53,621323,38755902.13,5272
2026-07-24 00:00:00,NARMADA,NARMADA AGROBASE LIMITED,35.10,35.99,34.36,34.92,35.21,-0.82,1.63,4.64,-0.31,618646,21701232.15,3082
2026-07-24 00:00:00,SANGHVIMOV,SANGHVI MOVERS LTD,425.00,460.80,420.00,455.70,425.75,7.03,40.80,9.60,-0.18,616922,273635393.55,15495
2026-07-24 00:00:00,SBICARD,SBI CARDS & PAY SER LTD,616.00,625.90,611.00,618.75,622.05,-0.53,14.90,2.42,-0.97,616274,381009363.40,16841
2026-07-24 00:00:00,HIMATSEIDE,HIMATSINGKA SEIDE LTD,80.21,81.04,79.26,80.52,81.41,-1.09,1.78,2.22,-1.47,615496,49347580.95,5108
2026-07-24 00:00:00,SOLARA,SOLARA ACTIVE PHA SCI LTD,521.00,529.70,487.00,491.95,523.75,-6.07,42.70,8.20,-0.53,612629,307245514.45,21082
2026-07-24 00:00:00,INVENTURE,INVENTURE GRO & SEC LTD,0.89,0.90,0.88,0.89,0.89,0.00,0.02,2.25,0.00,609362,542695.54,280
2026-07-24 00:00:00,SAMBHV,SAMBHV STEEL TUBES LTD,116.00,116.55,113.00,115.92,115.25,0.58,3.55,3.06,0.65,606802,69582077.52,5519
2026-07-24 00:00:00,KNRCON,KNR CONSTRU LTD.,119.00,121.89,117.72,121.22,119.28,1.63,4.17,3.50,-0.23,605172,72607021.14,9311
2026-07-24 00:00:00,BCLIND,BCL INDUSTRIES LIMITED,34.90,35.95,34.45,35.74,34.97,2.20,1.50,4.30,-0.20,595940,21024021.42,4665
2026-07-24 00:00:00,HAPPSTMNDS,HAPPIEST MINDS TECHNO LTD,364.00,374.65,353.80,372.55,365.75,1.86,20.85,5.73,-0.48,594661,218827781.55,16403
2026-07-24 00:00:00,LEMERITE,LE MERITE EXPORTS LIMITED,20.30,21.08,20.06,20.50,20.18,1.59,1.02,5.02,0.59,594209,12169940.65,1273
2026-07-24 00:00:00,EBGNG,GNG ELECTRONICS LIMITED,535.00,572.35,535.00,572.35,545.10,5.00,37.35,6.98,-1.85,593781,331717911.95,19052
2026-07-24 00:00:00,SPORTKING,SPORTKING INDIA LIMITED,205.80,215.49,204.17,213.74,206.87,3.32,11.32,5.50,-0.52,591817,124927144.77,15372
2026-07-24 00:00:00,JSFB,JANA SMALL FIN BANK LTD,539.70,545.00,525.00,536.95,541.60,-0.86,20.00,3.71,-0.35,589753,314848707.00,24325
2026-07-24 00:00:00,SUVEN,SUVEN LIFE SCIENCES LTD,315.00,320.05,311.20,316.00,317.00,-0.32,8.85,2.81,-0.63,588295,185344889.05,13525
2026-07-24 00:00:00,AMAGI,AMAGI MEDIA LABS LIMITED,641.00,653.95,605.20,609.05,655.35,-7.06,48.75,7.61,-2.19,587821,362816261.55,32650
2026-07-24 00:00:00,GULPOLY,GULSHAN POLYOLS LIMITED,189.00,196.90,186.00,195.12,186.57,4.58,10.90,5.77,1.30,583164,111576052.58,8342
2026-07-24 00:00:00,CONCOR,CONTAINER CORP OF IND LTD,478.90,484.20,474.40,477.55,480.50,-0.61,9.80,2.05,-0.33,579577,277112248.60,12574
2026-07-24 00:00:00,HONASA,HONASA CONSUMER LIMITED,444.55,456.05,444.50,448.60,445.45,0.71,11.55,2.60,-0.20,579025,260230198.50,21258
2026-07-24 00:00:00,JKTYRE,JK TYRE & INDUSTRIES LTD,382.95,391.85,379.05,390.60,386.85,0.97,12.80,3.34,-1.01,576399,222521664.90,13060
2026-07-24 00:00:00,GPIL,GODAWARI POW & ISP LTD,241.50,243.25,237.10,240.15,241.25,-0.46,6.15,2.55,0.10,574648,137985354.15,11757
2026-07-24 00:00:00,GODREJPROP,GODREJ PROPERTIES LTD,2018.00,2104.40,1965.20,2028.70,2041.00,-0.60,139.20,6.90,-1.13,569927,1152533638.00,25125
2026-07-24 00:00:00,VOLTAS,VOLTAS LTD,1303.40,1333.20,1291.00,1327.30,1310.20,1.31,42.20,3.24,-0.52,569448,749503238.40,18242
2026-07-24 00:00:00,OMNI,OMNITECH ENGINEERING LTD,587.55,627.65,583.05,612.00,591.70,3.43,44.60,7.59,-0.70,564205,343674611.90,25342
2026-07-24 00:00:00,MAHLIFE,MAHINDRA LIFESPACE DEVLTD,377.50,381.85,364.00,374.65,377.50,-0.75,17.85,4.73,0.00,560925,209262285.65,23773
2026-07-24 00:00:00,NIACL,THE NEW INDIA ASSU CO LTD,172.50,175.99,169.20,173.20,173.06,0.08,6.79,3.94,-0.32,560258,96306761.26,9743
2026-07-24 00:00:00,ADSL,ALLIED DIGITAL SERV. LTD,112.95,121.70,111.51,118.14,113.93,3.70,10.19,9.02,-0.86,560121,66004927.34,9696
2026-07-24 00:00:00,SHALPAINTS,SHALIM PAINTS LTD,62.65,68.91,60.90,68.90,62.65,9.98,8.01,12.79,0.00,553792,37343933.43,3668
2026-07-24 00:00:00,CESC,CESC LTD,161.88,163.69,161.52,163.18,162.68,0.31,2.17,1.34,-0.49,551918,89728999.41,11918
2026-07-24 00:00:00,CANHLIFE,CANARA HSBC LIFE INS CO L,150.49,151.70,147.00,147.31,152.91,-3.66,4.70,3.12,-1.58,551464,82035702.80,9442
2026-07-24 00:00:00,BDL,BHARAT DYNAMICS LIMITED,1230.00,1251.20,1221.00,1243.00,1239.80,0.26,30.20,2.46,-0.79,550236,680998803.40,22000
2026-07-24 00:00:00,LLOYDSME,LLOYDS METALS N ENERGY L,1920.00,1950.00,1875.10,1940.50,1930.60,0.51,74.90,3.90,-0.55,548561,1054550440.30,27757
2026-07-24 00:00:00,SAKAR,SAKAR HEALTHCARE LIMITED,845.00,876.00,785.60,802.20,827.60,-3.07,90.40,10.70,2.10,547254,448102764.85,35430
2026-07-24 00:00:00,ABSLAMC,ADIT BIRL SUN LIF AMC LTD,975.00,1022.40,974.00,1017.00,986.00,3.14,48.40,4.96,-1.12,546485,551431387.80,34036
2026-07-24 00:00:00,ORIENTCEM,ORIENT CEMENT LTD.,132.00,134.68,130.62,133.80,134.35,-0.41,4.06,3.08,-1.75,544248,71910403.78,4452
2026-07-24 00:00:00,COCHINSHIP,COCHIN SHIPYARD LIMITED,1381.90,1399.50,1375.30,1392.40,1395.70,-0.24,24.20,1.75,-0.99,543772,755841481.00,25149
2026-07-24 00:00:00,ASIANHOTNR,ASIAN HOTELS (NORTH) LTD,288.00,327.80,280.20,306.65,291.00,5.38,47.60,16.53,-1.03,542969,170411812.75,16446
2026-07-24 00:00:00,MIDCAP,KOTAKMAMC - KOTAKMID50,18.46,18.55,17.83,18.06,18.10,-0.22,0.72,3.90,1.99,542509,9736660.19,1165
2026-07-24 00:00:00,MOMENTUM50,MOTILALAMC - MOMENTUM50,52.15,52.48,51.50,51.90,52.15,-0.48,0.98,1.88,0.00,538077,27881421.04,1981
2026-07-24 00:00:00,TATATECH,TATA TECHNOLOGIES LIMITED,690.00,714.60,690.00,711.00,696.25,2.12,24.60,3.57,-0.90,536734,377145700.00,25599
2026-07-24 00:00:00,GUJENERGY,GUJARAT ENERGY LIMITED,262.95,267.45,261.25,265.45,263.15,0.87,6.20,2.36,-0.08,535428,141557304.10,28656
2026-07-24 00:00:00,ASHOKA,ASHOKA BUILDCON LTD,120.02,121.32,119.25,120.87,120.89,-0.02,2.07,1.72,-0.72,534290,64220916.84,9873
2026-07-24 00:00:00,KANPRPLA,KANPUR PLASTIPACK LIMITED,213.00,241.00,204.83,221.25,210.52,5.10,36.17,16.98,1.18,531640,121573249.84,14549
2026-07-24 00:00:00,SIKKO,SIKKO INDUSTRIES LIMITED,4.63,4.89,4.42,4.70,4.72,-0.42,0.47,10.15,-1.91,529309,2455776.64,821
2026-07-24 00:00:00,PFOCUS,PRIME FOCUS LIMITED,286.60,292.25,283.51,289.29,286.52,0.97,8.74,3.05,0.03,524647,151158277.06,10678
2026-07-24 00:00:00,GPTHEALTH,GPT HEALTHCARE LIMITED,156.77,164.69,154.70,159.64,156.75,1.84,9.99,6.37,0.01,519007,83827337.12,9908
2026-07-24 00:00:00,STYL,SESHAASAI TECHNOLOGIES L,375.00,389.90,363.00,384.45,400.15,-3.92,26.90,7.17,-6.29,518436,194723121.30,16094
2026-07-24 00:00:00,LICHSGFIN,LIC HOUSING FINANCE LTD,530.15,542.15,529.25,538.95,533.70,0.98,12.90,2.43,-0.67,516519,277241399.70,14693
2026-07-24 00:00:00,MOIL,MOIL LIMITED,264.00,269.85,257.90,268.85,265.50,1.26,11.95,4.53,-0.56,516209,136263476.95,14010
2026-07-24 00:00:00,TITAN,TITAN COMPANY LIMITED,4605.00,4697.00,4604.10,4677.00,4697.30,-0.43,92.90,2.02,-1.96,513858,2400107931.80,49813
2026-07-24 00:00:00,ASKAUTOLTD,ASK AUTOMOTIVE LIMITED,501.00,512.35,497.15,509.30,502.95,1.26,15.20,3.03,-0.39,512575,259544749.60,21345
2026-07-24 00:00:00,RPTECH,RASHI PERIPHERALS LIMITED,749.75,787.95,749.75,779.85,761.55,2.40,38.20,5.10,-1.55,511769,395696722.80,24343
2026-07-24 00:00:00,DWARKESH,DWARIKESH SUGAR IND LTD,42.43,43.65,41.36,43.31,42.43,2.07,2.29,5.40,0.00,510306,21735542.41,2978
2026-07-24 00:00:00,TORNTPOWER,TORRENT POWER LTD,1418.10,1442.30,1410.50,1434.10,1430.00,0.29,31.80,2.24,-0.83,509230,729136155.50,24199
2026-07-24 00:00:00,FORTIS,FORTIS HEALTHCARE LTD,940.00,951.05,927.70,948.70,943.65,0.54,23.35,2.48,-0.39,503448,474441286.60,16635
2026-07-24 00:00:00,JSLL,JEENA SIKHO LIFECARE LTD,559.00,560.00,544.00,554.80,559.80,-0.89,16.00,2.86,-0.14,503062,277600736.05,13466
2026-07-24 00:00:00,PRICOLLTD,PRICOL LIMITED,626.00,633.30,613.15,628.70,626.10,0.42,20.15,3.22,-0.02,501687,313549239.65,29094
2026-07-24 00:00:00,IRCTC,INDIAN RAIL TOUR CORP LTD,492.30,495.75,488.80,495.05,494.05,0.20,6.95,1.41,-0.35,498071,245111835.30,23364
2026-07-24 00:00:00,NUVOCO,NUVOCO VISTAS CORP LTD,355.95,361.75,351.00,356.05,361.85,-1.60,10.75,3.02,-1.63,495896,176400839.15,12120
2026-07-24 00:00:00,FIVESTAR,FIVE-STAR BUS FIN LTD,535.20,538.00,520.50,535.20,534.30,0.17,17.50,3.27,0.17,495386,263492578.75,19845
2026-07-24 00:00:00,KALAMANDIR,SAI SILKS (KALAMANDIR) L,88.56,88.64,86.25,88.43,88.56,-0.15,2.39,2.70,0.00,494954,43354766.13,6915
2026-07-24 00:00:00,SHREEJISPG,SHREEJI SHIPPING GLOBAL L,615.00,627.30,608.25,625.80,616.60,1.49,19.05,3.10,-0.26,494576,307851161.65,7513
2026-07-24 00:00:00,EMIL,ELECTRONICS MART IND LTD,127.85,130.13,125.60,129.64,127.86,1.39,4.53,3.54,-0.01,490978,62877700.09,7824
2026-07-24 00:00:00,CSM,CSM TECHNOLOGIES LIMITED,97.22,102.00,95.10,99.62,96.99,2.71,6.90,7.10,0.24,490228,48658404.59,3472
2026-07-24 00:00:00,APOLLOTYRE,APOLLO TYRES LTD,419.90,420.25,413.40,419.65,424.35,-1.11,6.85,1.63,-1.05,488448,204267231.00,15115
2026-07-24 00:00:00,PROTEAN,PROTEAN EGOV TECHNO LTD,568.05,600.30,565.00,593.90,571.70,3.88,35.30,6.21,-0.64,488295,287662230.10,16678
2026-07-24 00:00:00,APARINDS,APAR INDUSTRIES LTD.,13400.00,14685.00,13282.00,13889.00,13423.00,3.47,1403.00,10.47,-0.17,485027,6768773000.00,132491
2026-07-24 00:00:00,SHRIRAMPPS,SHRIRAM PROPERTIES LTD,83.25,85.44,82.05,85.02,84.08,1.12,3.39,4.07,-0.99,483789,40630389.73,4669
2026-07-24 00:00:00,VRLLOG,VRL LOGISTICS LIMITED,239.70,248.42,237.00,243.11,241.40,0.71,11.42,4.76,-0.70,483055,117014058.66,10202
2026-07-24 00:00:00,KPIGREEN,KPI GREEN ENERGY LIMITED,385.50,395.00,382.65,390.20,390.30,-0.03,12.35,3.20,-1.23,482779,187883410.65,15036
2026-07-24 00:00:00,GSFC,GUJ STATE FERT & CHEM LTD,154.00,155.25,152.61,154.56,154.60,-0.03,2.64,1.71,-0.39,482121,74216818.39,7986
2026-07-24 00:00:00,FUSION,FUSION FINANCE LIMITED,217.00,221.25,208.65,216.48,221.27,-2.16,12.60,5.81,-1.93,481999,103278543.95,10693
2026-07-24 00:00:00,KROSS,KROSS LIMITED,203.00,207.50,200.68,206.13,205.20,0.45,6.82,3.36,-1.07,481606,98178332.30,8332
2026-07-24 00:00:00,MIDHANI,MISHRA DHATU NIGAM LTD,390.50,395.60,386.60,392.70,394.60,-0.48,9.00,2.30,-1.04,480859,188165070.50,12844
2026-07-24 00:00:00,JWL,JUPITER WAGONS LIMITED,243.00,247.85,241.80,246.55,245.65,0.37,6.05,2.49,-1.08,477720,117080655.30,12744
2026-07-24 00:00:00,GEOJITFSL,GEOJIT FINANCIAL SER L,77.70,78.44,75.00,76.15,78.65,-3.18,3.44,4.43,-1.21,471512,35895627.00,5013
2026-07-24 00:00:00,CHOICEIN,CHOICE INTERNATIONAL LTD,802.00,805.00,788.40,797.15,805.25,-1.01,16.60,2.07,-0.40,471316,375791145.10,9394
2026-07-24 00:00:00,CAMLINFINE,CAMLIN FINE SCIENCES LTD,119.70,125.00,118.75,124.47,120.61,3.20,6.25,5.22,-0.75,470517,57681435.92,6621
2026-07-24 00:00:00,ACC,ACC LIMITED,1329.00,1354.70,1312.00,1340.90,1333.90,0.52,42.70,3.21,-0.37,470047,626389468.30,28526
2026-07-24 00:00:00,IMAGICAA,IMAGICAAWORLD ENT LTD,46.82,47.49,45.89,46.66,46.82,-0.34,1.60,3.42,0.00,467567,21734798.36,2071
2026-07-24 00:00:00,SUNTECK,SUNTECK REALTY LIMITED,305.90,310.15,300.50,306.25,302.60,1.21,9.65,3.15,1.09,467373,142652048.45,9813
2026-07-24 00:00:00,HAL,HINDUSTAN AERONAUTICS LTD,4550.10,4598.70,4519.00,4573.40,4592.50,-0.42,79.70,1.75,-0.92,467141,2131832470.80,36674
2026-07-24 00:00:00,V2RETAIL,V2 RETAIL LIMITED,218.00,221.94,216.09,219.29,220.21,-0.42,5.85,2.68,-1.00,459515,100506219.39,13350
2026-07-24 00:00:00,GHCLTEXTIL,GHCL TEXTILES LIMITED,114.40,117.00,112.34,115.82,114.98,0.73,4.66,4.07,-0.50,458966,52680893.58,5963
2026-07-24 00:00:00,KPRMILL,KPR MILL LTD.,1034.40,1066.10,1015.00,1061.50,1033.40,2.72,51.10,4.94,0.10,458555,476933249.40,35719
2026-07-24 00:00:00,GMRP&UI,GMR POW AND URBAN INFRA L,99.00,99.01,96.72,97.59,99.71,-2.13,2.29,2.31,-0.71,457033,44542735.52,5062
2026-07-24 00:00:00,MONIFTY500,MOTILALAMC - MONIFTY500,23.45,23.55,23.26,23.51,23.45,0.26,0.29,1.24,0.00,453528,10619271.77,1463
2026-07-24 00:00:00,OFSS,ORACLE FIN SERV SOFT LTD.,10688.00,10930.00,10549.00,10652.00,10843.00,-1.76,381.00,3.56,-1.43,452845,4848690103.00,66088
2026-07-24 00:00:00,ANDHRAPAP,ANDHRA PAPER LIMITED,61.85,63.00,60.80,61.33,62.08,-1.21,2.20,3.56,-0.37,452521,27991585.61,1674
2026-07-24 00:00:00,SWANCORP,SWAN CORP LIMITED,308.90,312.05,304.00,310.30,308.20,0.68,8.05,2.61,0.23,449427,138373610.70,9692
2026-07-24 00:00:00,CREATIVEYE,CREATIVE EYE LIMITED,5.97,7.16,5.70,6.66,5.97,11.56,1.46,24.46,0.00,448979,3103068.58,773
2026-07-24 00:00:00,MSPL,MSP STEEL & POWER LTD.,34.11,35.99,34.11,35.37,34.75,1.78,1.88,5.51,-1.84,448436,15692263.23,4214
2026-07-24 00:00:00,INDSWFTLAB,IND SWIFT LABORATORIES LT,225.02,229.99,217.77,227.49,225.99,0.66,12.22,5.43,-0.43,447383,100076203.85,6764
2026-07-24 00:00:00,AUROPHARMA,AUROBINDO PHARMA LTD,1512.00,1541.00,1512.00,1532.00,1523.40,0.56,29.00,1.92,-0.75,446834,684179901.30,24807
2026-07-24 00:00:00,BAJAJCON,BAJAJ CONSUMER CARE LTD,550.00,559.20,540.25,549.80,555.90,-1.10,18.95,3.45,-1.06,446292,245280796.70,13503
2026-07-24 00:00:00,HITECH,HI-TECH PIPES LIMITED,84.25,85.20,82.59,84.79,85.05,-0.31,2.61,3.10,-0.94,445350,37363102.10,3586
2026-07-24 00:00:00,BAJAJ-AUTO,BAJAJ AUTO LIMITED,11229.00,11320.00,11100.00,11130.00,11283.50,-1.36,220.00,1.96,-0.48,442440,4959936305.50,52113
2026-07-24 00:00:00,GROWWRAIL,GROWWAMC - GROWWRAIL,28.51,28.69,28.22,28.63,28.51,0.42,0.47,1.65,0.00,441783,12580897.01,2094
2026-07-24 00:00:00,IT,KOTAKMAMC - KOTAKIT,31.70,32.05,31.33,31.99,31.71,0.88,0.72,2.27,-0.03,441347,13970844.57,988
2026-07-24 00:00:00,HDBFS,HDB FINANCIAL SERVICES L,690.05,693.80,682.00,691.50,692.20,-0.10,11.80,1.71,-0.31,439241,303028109.65,37589
2026-07-24 00:00:00,PRAJIND,PRAJ INDUSTRIES LTD,322.00,326.00,315.10,323.50,322.50,0.31,10.90,3.39,-0.16,439056,140685481.70,16457
2026-07-24 00:00:00,GROWWCAPM,GROWWAMC - GROWWCAPM,11.15,11.49,10.94,11.19,11.15,0.36,0.55,4.93,0.00,436977,4834861.32,1112
2026-07-24 00:00:00,WEL,WONDER ELECTRICALS LTD,101.26,110.00,98.54,107.24,101.45,5.71,11.46,11.32,-0.19,435717,45693619.66,2902
2026-07-24 00:00:00,JGCHEM,J.G.CHEMICALS LIMITED,475.05,511.95,467.40,505.35,476.45,6.07,44.55,9.38,-0.29,431629,214775228.30,15808
2026-07-24 00:00:00,CHAMBLFERT,CHAMBAL FERTILIZERS LTD,431.00,434.00,425.10,431.00,431.85,-0.20,8.90,2.06,-0.20,431603,185121290.45,11336
2026-07-24 00:00:00,WAAREEENER,WAAREE ENERGIES LIMITED,2700.00,2718.00,2678.00,2702.00,2711.80,-0.36,40.00,1.48,-0.44,431356,1164098959.30,28393
2026-07-24 00:00:00,WALCHANNAG,WALCHANDNAGAR INDUSTRIES,234.10,239.85,232.90,237.10,237.70,-0.25,6.95,2.97,-1.51,430554,101759702.55,6102
2026-07-24 00:00:00,NORTHARC,NORTHERN ARC CAPITAL LTD,295.90,301.10,291.60,299.40,296.95,0.83,9.50,3.21,-0.35,430335,127790690.70,9773
2026-07-24 00:00:00,MAZDOCK,MAZAGON DOCK SHIPBUIL LTD,2275.90,2311.90,2272.00,2293.80,2298.90,-0.22,39.90,1.75,-1.00,430126,986360422.40,23496
2026-07-24 00:00:00,REFEX,REFEX INDUSTRIES LIMITED,313.50,318.95,307.00,316.00,313.85,0.69,11.95,3.81,-0.11,429930,134600618.35,7304
2026-07-24 00:00:00,DCXINDIA,DCX SYSTEMS LIMITED,178.00,181.90,175.65,180.68,179.81,0.48,6.25,3.51,-1.01,429789,77115703.17,7877
2026-07-24 00:00:00,GLENMARK,GLENMARK PHARMACEUTICALS,2182.00,2248.80,2182.00,2192.00,2205.10,-0.59,66.80,3.06,-1.05,429562,942167256.80,15211
2026-07-24 00:00:00,PNBHOUSING,PNB HOUSING FIN LTD.,1055.00,1080.00,1043.00,1058.00,1066.80,-0.82,37.00,3.51,-1.11,429139,453155712.80,22806
2026-07-24 00:00:00,MUTHOOTMF,MUTHOOT MICROFIN LIMITED,240.00,252.00,238.01,250.11,241.35,3.63,13.99,5.83,-0.56,427922,105106794.95,8641
2026-07-24 00:00:00,GREENLAM,GREENLAM INDUSTRIES LTD.,241.00,258.40,238.40,256.00,241.85,5.85,20.00,8.30,-0.35,425580,107542476.55,12151
2026-07-24 00:00:00,IXIGO,LE TRAVENUES TECHNOLOGY L,184.81,185.87,180.50,184.60,186.81,-1.18,5.37,2.91,-1.07,424728,77872000.61,8108
2026-07-24 00:00:00,SHILPAMED,SHILPA MEDICARE LTD,601.00,614.45,597.50,606.20,603.60,0.43,16.95,2.82,-0.43,423846,256786878.90,17033
2026-07-24 00:00:00,UYFINCORP,U. Y. FINCORP LIMITED,19.01,19.29,18.22,18.57,19.25,-3.53,1.07,5.63,-1.25,423697,7900300.23,1336
2026-07-24 00:00:00,TI,TILAKNAGAR INDUSTRIES LTD,436.00,444.70,429.95,441.80,437.95,0.88,14.75,3.38,-0.45,422361,185252207.00,15722
2026-07-24 00:00:00,PREMIERPOL,PREMIER POLYFILM LTD,79.90,80.64,76.30,79.30,78.65,0.83,4.34,5.43,1.59,421135,33039993.68,5612
2026-07-24 00:00:00,SAREGAMA,SAREGAMA INDIA LIMITED,485.00,498.30,470.40,496.50,488.75,1.59,27.90,5.75,-0.77,417896,202856493.30,17620
2026-07-24 00:00:00,SURYAROSNI,SURYA ROSHNI LTD,234.20,242.00,232.80,237.95,235.50,1.04,9.20,3.93,-0.55,413128,98279779.95,10719
2026-07-24 00:00:00,GODREJCP,GODREJ CONSUMER PRODUCTS,1050.50,1066.20,1044.90,1059.50,1058.60,0.09,21.30,2.03,-0.77,413015,437298857.90,21305
2026-07-24 00:00:00,MITTAL,MITTAL LIFE STYLE LIMITED,0.90,0.93,0.85,0.91,0.90,1.11,0.08,8.89,0.00,411075,365739.98,291
2026-07-24 00:00:00,EICHERMOT,EICHER MOTORS LTD,7710.00,7710.00,7575.00,7628.00,7721.50,-1.21,135.00,1.75,-0.15,409577,3121910968.00,43113
2026-07-24 00:00:00,GODFRYPHLP,GODFREY PHILLIPS INDIA LT,2038.00,2140.00,2027.40,2129.60,2046.50,4.06,112.60,5.53,-0.42,408425,853422011.50,28665
2026-07-24 00:00:00,NAVKARCORP,NAVKAR CORPORATION LTD.,100.00,102.50,99.15,102.15,100.63,1.51,3.35,3.35,-0.63,406576,41153376.07,3402
2026-07-24 00:00:00,IONEXCHANG,ION EXCHANGE (INDIA) LTD,411.10,426.55,408.45,425.10,415.00,2.43,18.10,4.40,-0.94,405046,170007811.15,17847
2026-07-24 00:00:00,ATUL,ATUL LTD,6136.00,6524.50,6077.00,6407.50,6130.00,4.53,447.50,7.29,0.10,403648,2527888569.00,67264
2026-07-24 00:00:00,TVSSCS,TVS SUPPLY CHAIN SOL L,132.00,133.70,129.22,133.13,132.28,0.64,4.48,3.39,-0.21,401846,52861389.16,5948
2026-07-24 00:00:00,IIFLCAPS,IIFL CAPITAL SERVICES LTD,337.60,342.90,337.55,340.20,339.60,0.18,5.35,1.58,-0.59,401303,136183125.90,7504
2026-07-24 00:00:00,CHEMPLASTS,CHEMPLAST SANMAR LIMITED,206.00,207.79,198.61,202.29,209.90,-3.63,9.18,4.46,-1.86,400593,81087590.33,7916
2026-07-24 00:00:00,POCL,PONDY OXIDES & CHEM LTD,526.30,535.00,512.00,526.20,531.30,-0.96,23.00,4.37,-0.94,399659,208798887.60,11912
2026-07-24 00:00:00,MAPMYINDIA,C.E. INFO SYSTEMS LIMITED,1078.00,1135.00,1073.00,1117.10,1081.85,3.26,62.00,5.75,-0.36,399157,439319985.05,20863
2026-07-24 00:00:00,ARKADE,ARKADE DEVELOPERS LIMITED,140.75,140.75,133.00,135.61,140.34,-3.37,7.75,5.51,0.29,398950,54001775.32,4732
2026-07-24 00:00:00,GROWWMETAL,GROWWAMC - GROWWMETAL,11.70,11.98,11.60,11.84,11.86,-0.17,0.38,3.25,-1.35,396225,4677362.23,1865
2026-07-24 00:00:00,SHRINGARMS,SHRINGAR HOU OF MANGALS L,219.50,220.70,215.06,219.66,220.38,-0.33,5.64,2.57,-0.40,396143,86656924.23,3109
2026-07-24 00:00:00,ZEEMEDIA,ZEE MEDIA CORPORATION LTD,7.95,8.00,7.79,7.97,7.87,1.27,0.21,2.64,1.02,393336,3113549.39,1041
2026-07-24 00:00:00,PNGJL,P N GADGIL JEWELLERS LTD,650.65,654.20,630.35,647.00,650.60,-0.55,23.85,3.67,0.01,392452,252406958.40,14232
2026-07-24 00:00:00,HDFCMID150,HDFCAMC - HDFCMID150,23.11,23.20,22.70,22.99,22.99,0.00,0.50,2.16,0.52,391555,8949532.34,1579
2026-07-24 00:00:00,TIPSFILMS,TIPS FILMS LIMITED,408.90,434.90,391.10,409.15,375.10,9.08,43.80,10.71,9.01,390502,161885544.75,12382
2026-07-24 00:00:00,DJML,DJ MEDIAPRINT & LOG LTD,110.90,116.00,108.66,114.39,109.39,4.57,7.34,6.62,1.38,389557,44225651.60,5973
2026-07-24 00:00:00,NFL,NATIONAL FERT. LTD,69.69,70.49,69.10,70.31,70.15,0.23,1.39,1.99,-0.66,387667,27063452.50,3127
2026-07-24 00:00:00,TITAGARH,TITAGARH RAIL SYSTEMS LTD,807.00,822.90,792.00,819.45,815.50,0.48,30.90,3.83,-1.04,387023,312289914.35,22977
2026-07-24 00:00:00,RAYMONDREL,RAYMOND REALTY LIMITED,640.00,659.00,627.15,654.55,643.90,1.65,31.85,4.98,-0.61,383921,247287818.25,12229
2026-07-24 00:00:00,MPSLTD,MPS LIMITED,2655.00,2800.00,2600.10,2769.70,2642.80,4.80,199.90,7.53,0.46,381275,1036677189.20,26349
2026-07-24 00:00:00,CMSINFO,CMS INFO SYSTEMS LIMITED,268.50,278.00,268.05,273.90,271.70,0.81,9.95,3.71,-1.18,380671,104474517.80,10981
2026-07-24 00:00:00,PFS,PTC INDIA FIN SERV LTD,29.22,29.53,28.92,29.28,29.54,-0.88,0.61,2.09,-1.08,379611,11084107.24,1857
2026-07-24 00:00:00,NETWEB,NETWEB TECH INDIA LTD,4201.90,4222.00,4115.00,4156.00,4243.80,-2.07,107.00,2.55,-0.99,378694,1575003632.50,31266
2026-07-24 00:00:00,ASHAPURMIN,ASHAPURA MINECHEM LTD,683.00,703.10,669.75,697.05,686.95,1.47,33.35,4.88,-0.58,378083,259632005.55,13194
2026-07-24 00:00:00,CARTRADE,CARTRADE TECH LIMITED,2689.80,2741.60,2635.60,2656.40,2692.20,-1.33,106.00,3.94,-0.09,376776,1008285259.50,37225
2026-07-24 00:00:00,GANESHBE,GANESH BENZOPLAST LIMITED,113.00,114.22,109.10,111.41,113.61,-1.94,5.12,4.53,-0.54,376242,41992539.56,5335
2026-07-24 00:00:00,GABRIEL,GABRIEL INDIA LTD,1375.00,1386.90,1335.10,1363.50,1377.70,-1.03,51.80,3.77,-0.20,376116,510610746.80,23451
2026-07-24 00:00:00,SANDUMA,SANDUR MANG & IRON ORES L,193.36,195.91,191.00,195.04,194.52,0.27,4.91,2.54,-0.60,374296,72393106.18,7199
2026-07-24 00:00:00,JUBLINGREA,JUBILANT INGREVIA LIMITED,745.00,745.05,723.00,725.55,745.05,-2.62,22.05,2.96,-0.01,373158,273064198.45,19079
2026-07-24 00:00:00,JINDALSTEL,JINDAL STEEL LIMITED,1032.00,1042.70,1021.00,1035.80,1041.90,-0.59,21.70,2.10,-0.95,372876,385280094.00,13379
2026-07-24 00:00:00,ENDURANCE,ENDURANCE TECHNO. LTD.,2688.00,2688.00,2548.60,2634.00,2720.30,-3.17,139.40,5.19,-1.19,369867,963771953.30,49189
2026-07-24 00:00:00,BORORENEW,BOROSIL RENEWABLES LTD,575.00,582.40,570.45,580.65,577.90,0.48,11.95,2.08,-0.50,367645,212385305.95,10549
2026-07-24 00:00:00,LTM,LTM LIMITED,3945.50,4102.40,3937.00,4091.80,3965.30,3.19,165.40,4.19,-0.50,367416,1485990964.80,29480
2026-07-24 00:00:00,INA,INSOLATION ENERGY LIMITED,112.01,113.99,110.85,112.57,113.15,-0.51,3.14,2.80,-1.01,366531,41135632.47,3847
2026-07-24 00:00:00,CSBBANK,CSB BANK LIMITED,335.30,342.20,331.45,340.90,338.15,0.81,10.75,3.21,-0.84,366137,123326186.95,14293
2026-07-24 00:00:00,AARON,AARON INDUSTRIES LIMITED,112.71,135.25,111.50,135.25,112.71,20.00,23.75,21.07,0.00,364489,48023445.35,4552
2026-07-24 00:00:00,HERITGFOOD,HERITAGE FOODS LTD,327.00,338.00,325.80,335.30,330.05,1.59,12.20,3.73,-0.92,363327,121046170.30,8537
2026-07-24 00:00:00,TIINDIA,TUBE INVEST OF INDIA LTD,2800.00,2821.10,2746.60,2767.00,2824.50,-2.04,74.50,2.66,-0.87,361452,1005450591.00,43809
2026-07-24 00:00:00,ACSTECH,A C S TECHNOLOGIES LTD.,40.91,42.24,39.20,40.82,40.23,1.47,3.04,7.43,1.69,360328,14601079.28,1590
2026-07-24 00:00:00,UDS,UPDATER SERVICES LIMITED,209.00,209.00,198.10,201.19,208.14,-3.34,10.90,5.22,0.41,360035,73028570.75,7323
2026-07-24 00:00:00,RAYMOND,RAYMOND LTD,602.00,602.10,581.55,588.40,605.60,-2.84,20.55,3.41,-0.59,358794,211495825.55,13231
2026-07-24 00:00:00,GOKEX,GOKALDAS EXPORTS LTD.,797.30,834.00,788.05,830.50,795.05,4.46,45.95,5.76,0.28,356788,290773870.95,18736
2026-07-24 00:00:00,GATECHDVR,GACM TECHNOLOGIES LIMITED,0.46,0.46,0.43,0.43,0.45,-4.44,0.03,6.52,2.22,356125,156585.06,151
2026-07-24 00:00:00,UTLSOLAR,FUJIYAMA POWER SYSTEMS L,370.05,389.75,368.05,383.80,375.95,2.09,21.70,5.86,-1.57,355697,135941157.40,15886
2026-07-24 00:00:00,CHEMICAL,KOTAKMAMC - CHEMICAL,30.16,30.44,29.86,30.18,30.15,0.10,0.58,1.92,0.03,352175,10594665.98,1012
2026-07-24 00:00:00,RITES,RITES LIMITED,211.11,214.71,210.24,213.70,213.37,0.15,4.47,2.12,-1.06,351076,74642603.68,8596
2026-07-24 00:00:00,AMBER,AMBER ENTERPRISES (I) LTD,7377.00,7399.00,7214.50,7261.50,7430.00,-2.27,184.50,2.50,-0.71,351056,2555151582.50,43247
2026-07-24 00:00:00,PNCINFRA,PNC INFRATECH LTD.,231.95,240.11,229.65,238.21,234.03,1.79,10.46,4.51,-0.89,348936,82501098.32,13423
2026-07-24 00:00:00,FIRSTCRY,BRAINBEES SOLUTIONS LTD,209.00,209.49,205.02,208.30,209.34,-0.50,4.47,2.14,-0.16,348144,72191240.27,7241
2026-07-24 00:00:00,ITDC,INDIA TOUR. DEV. CO. LTD.,744.95,749.80,722.15,737.40,747.60,-1.36,27.65,3.71,-0.35,347330,255489751.05,16708
2026-07-24 00:00:00,HIKAL,HIKAL LIMITED,211.00,220.00,208.00,217.40,211.95,2.57,12.00,5.69,-0.45,344016,74003277.78,8299
2026-07-24 00:00:00,MOM100,MOTILAL OS MIDCAP100 ETF,66.50,66.69,65.81,66.54,66.65,-0.17,0.88,1.32,-0.23,343930,22765646.85,2569
2026-07-24 00:00:00,MIDSMALL,MIRAEAMC - MIDSMALL,49.95,50.30,49.50,50.07,50.07,0.00,0.80,1.60,-0.24,343765,17149570.04,1950
2026-07-24 00:00:00,RADICO,RADICO KHAITAN LTD,4065.00,4118.00,4038.90,4091.30,4065.30,0.64,79.10,1.95,-0.01,343711,1403594920.70,42550
2026-07-24 00:00:00,KITEX,KITEX GARMENTS LTD,143.00,147.95,142.85,147.04,144.19,1.98,5.10,3.57,-0.83,342753,49841011.38,5031
2026-07-24 00:00:00,GRASIM,GRASIM INDUSTRIES LTD,3100.00,3100.00,3066.40,3089.40,3113.00,-0.76,33.60,1.08,-0.42,341560,1053182917.20,32955
2026-07-24 00:00:00,BOMDYEING,BOMBAY DYEING & MFG. CO L,119.10,121.90,117.90,121.71,120.40,1.09,4.00,3.36,-1.08,339888,40766419.32,4718
2026-07-24 00:00:00,DEEPINDS,DEEP INDUSTRIES LIMITED,460.00,484.40,453.60,479.60,459.50,4.37,30.80,6.70,0.11,339272,160201017.85,11980
2026-07-24 00:00:00,ENRIN,SIEMENS ENERGY INDIA LTD,3290.10,3301.00,3225.00,3240.20,3326.80,-2.60,76.00,2.31,-1.10,338787,1103557508.50,31616
2026-07-24 00:00:00,VSTIND,VST INDUSTRIES LTD,229.00,232.95,226.55,230.05,227.90,0.94,6.40,2.79,0.48,338023,77587583.95,7954
2026-07-24 00:00:00,CREDITACC,CREDITACCESS GRAMEEN LTD,1503.50,1522.00,1456.50,1517.60,1503.50,0.94,65.50,4.36,0.00,335461,504576691.90,30467
2026-07-24 00:00:00,GNA,GNA AXLES LIMITED,500.00,512.75,485.25,507.00,500.75,1.25,27.50,5.50,-0.15,334580,166065238.40,10284
2026-07-24 00:00:00,IKIO,IKIO TECHNOLOGIES LIMITED,204.80,207.59,199.16,204.82,206.30,-0.72,8.43,4.12,-0.73,332979,67825862.11,4708
2026-07-24 00:00:00,TIRUMALCHM,THIRUMALAI CHEMICALS LTD,167.78,170.69,165.92,167.74,167.78,-0.02,4.77,2.84,0.00,332948,55908490.95,5054
2026-07-24 00:00:00,NOCIL,NOCIL LIMITED,161.90,162.34,158.80,160.11,162.11,-1.23,3.54,2.19,-0.13,332673,53320893.96,5480
2026-07-24 00:00:00,DMART,AVENUE SUPERMARTS LIMITED,4010.00,4074.80,3990.00,4018.80,4035.00,-0.40,84.80,2.11,-0.62,332480,1337799157.80,35585
2026-07-24 00:00:00,VIVIDHA,VISAGAR POLYTEX LTD,0.51,0.54,0.51,0.53,0.51,3.92,0.03,5.88,0.00,332341,175819.98,154
2026-07-24 00:00:00,USHAMART,USHA MARTIN LTD.,498.40,499.95,488.80,495.70,496.40,-0.14,11.15,2.24,0.40,330938,164178050.80,10252
2026-07-24 00:00:00,WOCKPHARMA,WOCKHARDT LIMITED,1835.10,1859.00,1825.70,1849.20,1849.70,-0.03,33.30,1.81,-0.79,330095,609236577.40,16865
2026-07-24 00:00:00,SBCL,SHIVALIK BIMETAL CON. LTD,740.00,780.00,735.10,755.70,753.15,0.34,44.90,6.07,-1.75,329450,248886774.30,15776
2026-07-24 00:00:00,DIVISLAB,DIVI S LABORATORIES LTD,7230.00,7280.00,7177.00,7248.50,7305.00,-0.77,103.00,1.42,-1.03,328948,2380399260.00,32645
2026-07-24 00:00:00,STARHEALTH,STAR HEALTH & AL INS CO L,570.10,589.55,570.10,580.80,577.00,0.66,19.45,3.41,-1.20,328746,191147532.85,19891
2026-07-24 00:00:00,FINCABLES,FINOLEX CABLES LTD,974.00,1005.00,956.20,998.90,977.80,2.16,48.80,5.01,-0.39,328672,323378060.80,24397
2026-07-24 00:00:00,HUBTOWN,HUBTOWN LIMITED,196.05,198.35,193.01,194.98,198.36,-1.70,5.34,2.72,-1.16,326659,63869853.06,4607
2026-07-24 00:00:00,MANAKCOAT,MAN COAT METAL & IND LTD,125.82,127.63,123.40,126.02,125.82,0.16,4.23,3.36,0.00,326266,41144014.26,3263
2026-07-24 00:00:00,SULA,SULA VINEYARDS LIMITED,149.30,151.44,147.81,149.79,149.34,0.30,3.63,2.43,-0.03,325048,48707883.72,4581
2026-07-24 00:00:00,DAMCAPITAL,DAM CAPITAL ADVISORS LTD,155.51,159.98,153.61,157.88,157.60,0.18,6.37,4.10,-1.33,324717,50907240.09,4211
2026-07-24 00:00:00,HDFCBSE500,HDFCAMC - HDFCBSE500,37.48,37.50,36.52,37.00,36.99,0.03,0.98,2.61,1.32,321946,11887133.88,305
2026-07-24 00:00:00,METROPOLIS,METROPOLIS HEALTHCARE LTD,569.90,575.00,565.85,570.25,567.45,0.49,9.15,1.61,0.43,321877,183458607.30,9570
2026-07-24 00:00:00,ZFCVINDIA,ZF COM VE CTR SYS IND LTD,2368.30,2386.00,2260.00,2320.60,2365.80,-1.91,126.00,5.32,0.11,319971,744236661.00,36160
2026-07-24 00:00:00,SANSERA,SANSERA ENGINEERING LTD,3148.00,3201.00,3100.90,3184.70,3188.70,-0.13,100.10,3.18,-1.28,319400,1009011569.60,29269
2026-07-24 00:00:00,BLUSPRING,BLUSPRING ENTERPRISES LTD,104.00,109.00,100.90,108.42,104.31,3.94,8.10,7.79,-0.30,319346,33510625.89,4905
2026-07-24 00:00:00,WABAG,VA TECH WABAG LTD,2045.00,2067.20,2011.00,2041.20,2057.30,-0.78,56.20,2.75,-0.60,318035,648290708.10,25261
2026-07-24 00:00:00,CANFINHOME,CAN FIN HOMES LTD,819.00,819.50,799.00,813.90,818.55,-0.57,20.50,2.50,0.05,317704,256457316.70,32088
2026-07-24 00:00:00,RAJMET,RAJNANDINI METAL LIMITED,3.40,3.43,3.22,3.36,3.41,-1.47,0.21,6.18,-0.29,317292,1056149.26,654
2026-07-24 00:00:00,ROTO,ROTO PUMPS LIMITED,66.00,68.50,65.76,68.08,67.31,1.14,2.74,4.15,-1.95,315528,21182410.28,2799
2026-07-24 00:00:00,KABRAEXTRU,KABRA EXTRUSION TECHNIK L,353.00,382.60,345.65,376.80,351.05,7.34,36.95,10.47,0.56,315343,115287955.85,13072
2026-07-24 00:00:00,TRANSRAILL,TRANSRAIL LIGHTING LTD,479.00,485.90,473.60,482.70,480.95,0.36,12.30,2.57,-0.41,314503,150920837.35,11550
2026-07-24 00:00:00,EMSLIMITED,EMS LIMITED,401.10,406.70,391.55,403.30,406.35,-0.75,15.15,3.78,-1.29,314326,125652277.70,9145
2026-07-24 00:00:00,OMAXE,OMAXE LIMITED,85.25,88.70,85.25,87.66,86.88,0.90,3.45,4.05,-1.88,314132,27461799.40,3608
2026-07-24 00:00:00,AAKASH,AAKASH EXPLORATION SER L,9.03,9.38,8.67,8.92,9.15,-2.51,0.71,7.86,-1.31,313973,2862921.11,433
2026-07-24 00:00:00,JSL,JINDAL STAINLESS LIMITED,731.90,731.90,712.65,714.25,735.85,-2.94,19.25,2.63,-0.54,313931,225372987.10,14509
2026-07-24 00:00:00,GROWWHOSPI,GROWWAMC - GROWWHOSPI,53.33,53.82,52.80,53.52,53.55,-0.06,1.02,1.91,-0.41,313009,16692018.17,993
2026-07-24 00:00:00,INTELLECT,INTELLECT DESIGN ARENA,726.70,735.20,710.00,732.20,733.70,-0.20,25.20,3.47,-0.95,312739,226371867.35,21375
2026-07-24 00:00:00,SPCENET,SPACENET ENTERS IND LTD,3.52,3.59,3.46,3.51,3.59,-2.23,0.13,3.69,-1.95,311769,1097572.45,379
2026-07-24 00:00:00,BLKASHYAP,B.L.KASHYAP & SON LTD,54.10,55.34,53.65,54.56,54.83,-0.49,1.69,3.12,-1.33,310889,16931230.17,1979
2026-07-24 00:00:00,PNBGILTS,PNB GILTS LIMITED,84.95,86.75,83.12,85.51,84.55,1.14,3.63,4.27,0.47,310440,26429146.80,3524
2026-07-24 00:00:00,AARTIIND,AARTI INDUSTRIES LTD,475.00,480.55,469.00,477.80,478.20,-0.08,11.55,2.43,-0.67,309677,147288434.40,9876
2026-07-24 00:00:00,ASTRAMICRO,ASTRA MICROWAVE LTD,1770.00,1818.00,1750.00,1813.40,1783.10,1.70,68.00,3.84,-0.73,304402,543325459.50,26998
2026-07-24 00:00:00,ARVINDFASN,ARVIND FASHIONS LIMITED,476.00,476.00,460.10,462.65,477.80,-3.17,15.90,3.34,-0.38,302548,141428376.35,15446
2026-07-24 00:00:00,JYOTICNC,JYOTI CNC AUTOMATION LTD,786.05,800.00,777.00,795.05,788.20,0.87,23.00,2.93,-0.27,302127,238308271.05,14377
2026-07-24 00:00:00,EPIGRAL,EPIGRAL LIMITED,1156.00,1214.00,1139.10,1162.70,1152.00,0.93,74.90,6.48,0.35,301772,357158394.30,20886
2026-07-24 00:00:00,BAJAJHCARE,BAJAJ HEALTHCARE LIMITED,316.00,326.00,313.35,323.35,317.70,1.78,12.65,4.00,-0.54,301696,96402701.90,8903
2026-07-24 00:00:00,ANDHRSUGAR,ANDHRA SUGARS LTD,83.90,87.10,83.51,86.33,85.42,1.07,3.59,4.28,-1.78,301296,25741248.28,4870
2026-07-24 00:00:00,JYOTHYLAB,JYOTHY LABS LIMITED,198.01,199.30,195.10,198.57,198.53,0.02,4.20,2.12,-0.26,301251,59511596.49,12363
2026-07-24 00:00:00,REDTAPE,REDTAPE LIMITED,131.99,131.99,125.00,126.77,127.83,-0.83,6.99,5.30,3.25,301077,38302903.59,5776
2026-07-24 00:00:00,ADVENTHTL,ADVENT HOTELS INTERNATI L,143.26,147.58,140.00,142.31,144.32,-1.39,7.58,5.29,-0.73,299994,42912057.04,5067
2026-07-24 00:00:00,MALUPAPER,MALU PAPER MILLS LIMITED,34.99,38.80,34.51,35.68,34.93,2.15,4.29,12.26,0.17,299384,11004964.53,3343
2026-07-24 00:00:00,CAPACITE,CAPACITE INFRAPROJECT LTD,214.00,214.45,211.00,212.75,214.35,-0.75,3.45,1.61,-0.16,297746,63415863.65,4647
2026-07-24 00:00:00,INTERNET,MIRAEAMC - INTERNET,12.97,13.03,12.75,12.97,13.12,-1.14,0.28,2.16,-1.14,297194,3826778.61,352
2026-07-24 00:00:00,DEN,DEN NETWORKS LTD,26.80,27.35,26.62,27.16,26.97,0.70,0.73,2.72,-0.63,296792,8009953.84,1778
2026-07-24 00:00:00,SOBHA,SOBHA LIMITED,1355.30,1375.00,1325.70,1362.30,1376.10,-1.00,49.30,3.64,-1.51,295336,399235379.40,26119
2026-07-24 00:00:00,AKSHAR,AKSHAR SPINTEX LIMITED,0.42,0.43,0.41,0.42,0.42,0.00,0.02,4.76,0.00,294708,124246.96,196
2026-07-24 00:00:00,TNPL,TAMILNADU NEWSPRT & PAPER,151.99,153.00,149.01,149.75,151.44,-1.12,3.99,2.63,0.36,293288,44222112.77,4560
2026-07-24 00:00:00,ENERGY,MIRAEAMC - ENERGY,39.00,39.18,38.76,39.06,39.21,-0.38,0.42,1.08,-0.54,291022,11356632.16,918
2026-07-24 00:00:00,BALAMINES,BALAJI AMINES LIMITED,2314.20,2332.70,2123.50,2174.50,2349.20,-7.44,209.20,9.04,-1.49,290913,646397791.20,27121
2026-07-24 00:00:00,DOLLAR,DOLLAR INDUSTRIES LIMITED,251.00,258.65,248.05,258.00,252.35,2.24,10.60,4.22,-0.53,290796,74413082.75,5759
2026-07-24 00:00:00,CUMMINSIND,CUMMINS INDIA LTD,5571.00,5652.50,5533.00,5600.50,5599.00,0.03,119.50,2.15,-0.50,290705,1630044351.50,28450
2026-07-24 00:00:00,SKIPPER,SKIPPER LIMITED,520.00,534.95,519.65,528.65,528.95,-0.06,15.30,2.94,-1.69,290608,153489995.10,10764
2026-07-24 00:00:00,RADHIKAJWE,RADHIKA JEWELTECH LIMITED,63.66,64.75,62.20,63.63,63.97,-0.53,2.55,4.01,-0.48,289847,18354541.53,3950
2026-07-24 00:00:00,SMCGLOBAL,SMC GLOBAL SECURITIES LTD,77.28,77.41,74.78,75.46,77.87,-3.09,2.63,3.40,-0.76,287924,21769187.82,2211
2026-07-24 00:00:00,TRUALT,TRUALT BIOENERGY LIMITED,430.00,439.00,426.50,428.95,431.90,-0.68,12.50,2.91,-0.44,287154,124308506.40,8439
2026-07-24 00:00:00,PDSL,PDS LIMITED,354.00,356.75,347.30,352.00,356.50,-1.26,9.45,2.67,-0.70,285160,100409406.35,14350
2026-07-24 00:00:00,GRSE,GARDEN REACH SHIP&ENG LTD,2551.00,2587.50,2535.50,2565.80,2574.40,-0.33,52.00,2.04,-0.91,284650,728454410.60,19750
2026-07-24 00:00:00,GKENERGY,GK ENERGY LIMITED,135.50,137.00,132.30,136.14,136.04,0.07,4.70,3.47,-0.40,283084,38241958.46,4367
2026-07-24 00:00:00,PARAGMILK,PARAG MILK FOODS LTD.,215.00,215.00,210.10,214.20,215.16,-0.45,4.90,2.28,-0.07,282921,60271363.73,4118
2026-07-24 00:00:00,ANURAS,ANUPAM RASAYAN INDIA LTD,1227.70,1259.90,1214.60,1249.60,1239.10,0.85,45.30,3.69,-0.92,281938,350034111.10,17830
2026-07-24 00:00:00,ICIL,INDO COUNT INDUSTRIES LTD,398.50,407.90,388.50,403.45,398.55,1.23,19.40,4.87,-0.01,281840,112742724.45,12485
2026-07-24 00:00:00,HEALTHY,BIRLASLAMC - HEALTHY,16.83,16.83,16.65,16.68,16.73,-0.30,0.18,1.07,0.60,280416,4681588.67,786
2026-07-24 00:00:00,EMAMIPAP,EMAMI PAPER MILLS LIMITED,120.00,122.47,117.10,118.18,122.88,-3.82,5.37,4.48,-2.34,280286,33599274.06,4909
2026-07-24 00:00:00,SUMICHEM,SUMITOMO CHEM INDIA LTD,525.00,530.10,515.00,520.45,531.05,-2.00,15.10,2.88,-1.14,280141,145994364.35,13012
2026-07-24 00:00:00,DIXON,DIXON TECHNO (INDIA) LTD,13750.00,13898.00,13586.00,13846.00,13829.00,0.12,312.00,2.27,-0.57,278708,3826974882.00,47943
2026-07-24 00:00:00,ARVIND,ARVIND LIMITED,510.90,529.00,505.80,527.20,513.45,2.68,23.20,4.54,-0.50,278288,144726994.50,12658
2026-07-24 00:00:00,WAAREERTL,WAAREE RENEWABLE TECH LTD,945.00,950.30,920.60,932.00,943.40,-1.21,29.70,3.14,0.17,276473,257125746.20,16958
2026-07-24 00:00:00,ABLBL,ADITYA BIRLA LIFES BRAN L,93.00,94.50,91.90,94.01,92.85,1.25,2.60,2.80,0.16,276457,25685084.52,3649
2026-07-24 00:00:00,ONEPOINT,ONE POINT ONE SOL LTD,54.20,54.56,53.24,53.98,54.07,-0.17,1.32,2.44,0.24,275426,14910335.77,1749
2026-07-24 00:00:00,SAILIFE,SAI LIFE SCIENCES LIMITED,1225.40,1242.30,1223.80,1232.90,1240.30,-0.60,18.50,1.51,-1.20,273980,337953662.70,22186
2026-07-24 00:00:00,WSTCSTPAPR,WEST COAST PAPER MILLS LT,559.00,562.15,543.50,553.55,560.70,-1.28,18.65,3.34,-0.30,272324,150049691.00,14126
2026-07-24 00:00:00,PSUBANK,KOTAK PSU BANK,83.33,83.95,82.26,83.49,83.00,0.59,1.69,2.03,0.40,271305,22588662.08,638
2026-07-24 00:00:00,IRISDOREME,IRIS CLOTHINGS LIMITED,46.55,48.90,46.10,47.83,46.83,2.14,2.80,6.02,-0.60,268515,12699106.69,1893
2026-07-24 00:00:00,EPACK,EPACK DURABLE LIMITED,227.30,235.55,227.10,234.57,231.00,1.55,8.45,3.72,-1.60,268101,62060120.24,5161
2026-07-24 00:00:00,NAVA,NAVA LIMITED,550.00,562.40,547.00,554.80,555.55,-0.14,15.40,2.80,-1.00,266730,147930133.65,13565
2026-07-24 00:00:00,HDFCNIFBAN,HDFCAMC - HDFCNIFBAN,58.33,58.56,57.74,58.45,58.33,0.21,0.82,1.41,0.00,266470,15438542.16,1675
2026-07-24 00:00:00,BANSALWIRE,BANSAL WIRE INDUSTRIES L,308.00,325.00,307.20,324.00,307.25,5.45,17.80,5.78,0.24,264854,84234929.50,7953
2026-07-24 00:00:00,IVALUE,IVALUE INFOSOLUTIONS LTD,282.15,292.60,274.05,287.70,279.80,2.82,18.55,6.57,0.84,264741,75186135.60,8257
2026-07-24 00:00:00,TATACHEM,TATA CHEMICALS LTD,679.75,689.00,675.50,685.35,679.40,0.88,13.50,1.99,0.05,264678,180620964.15,11530
2026-07-24 00:00:00,ITAXIS,AXISAMC-ITAXIS,316.03,317.99,311.00,316.49,315.31,0.37,6.99,2.21,0.23,263786,83007585.80,546
2026-07-24 00:00:00,GROWWNET,GROWWAMC - GROWWNET,9.85,9.91,9.47,9.64,9.75,-1.13,0.44,4.47,1.03,263419,2531663.81,813
2026-07-24 00:00:00,ORIENTPPR,ORIENT PAPER AND INDS LTD,17.50,17.80,17.10,17.58,17.76,-1.01,0.70,4.00,-1.46,263417,4602390.58,959
2026-07-24 00:00:00,CEIGALL,CEIGALL INDIA LIMITED,332.00,338.65,329.10,337.10,336.05,0.31,9.55,2.88,-1.21,263186,88108846.10,10163
2026-07-24 00:00:00,CORDELIA,WATERWAYS LEISURE TOUR L,823.00,825.00,801.10,806.40,826.65,-2.45,23.90,2.90,-0.44,262312,212680999.25,10465
2026-07-24 00:00:00,TORNTPHARM,TORRENT PHARMACEUTICALS L,5026.00,5049.90,4951.70,4961.50,5065.20,-2.05,98.20,1.95,-0.77,262189,1307151405.60,27140
2026-07-24 00:00:00,PREMEXPLN,PREMIER EXPLOSIVES LTD,660.10,674.10,657.00,662.10,663.60,-0.23,17.10,2.59,-0.53,261823,173925322.90,5512
2026-07-24 00:00:00,AJMERA,AJMERA REALTY & INF I LTD,122.14,124.80,121.22,122.57,123.10,-0.43,3.58,2.93,-0.78,261697,32136018.25,4168
2026-07-24 00:00:00,AVANTIFEED,AVANTI FEEDS LIMITED,958.90,984.40,952.00,977.05,959.20,1.86,32.40,3.38,-0.03,261695,252934802.90,13240
2026-07-24 00:00:00,HOMEFIRST,HOME FIRST FIN CO IND LTD,1192.00,1194.20,1155.00,1174.00,1202.30,-2.35,39.20,3.29,-0.86,259050,302832883.90,21085
2026-07-24 00:00:00,ABB,ABB INDIA LIMITED,7498.00,7583.00,7333.00,7375.50,7528.00,-2.03,250.00,3.33,-0.40,258917,1931671225.00,31965
2026-07-24 00:00:00,VIMTALABS,VIMTA LABS LIMITED,563.50,574.80,553.00,570.45,563.50,1.23,21.80,3.87,0.00,257296,145074383.80,9584
2026-07-24 00:00:00,TRITURBINE,TRIVENI TURBINE LIMITED,605.00,618.00,599.30,611.80,609.55,0.37,18.70,3.09,-0.75,253366,154286466.10,15225
2026-07-24 00:00:00,BLUESTARCO,BLUE STAR LIMITED,1630.00,1654.40,1601.30,1637.20,1633.90,0.20,53.10,3.26,-0.24,253186,413276385.10,25351
2026-07-24 00:00:00,VGUARD,V-GUARD IND LTD.,294.00,294.00,288.80,290.80,294.40,-1.22,5.20,1.77,-0.14,251907,73251643.95,14276
2026-07-24 00:00:00,EXCELSOFT,EXCELSOFT TECHNOLOGIES L,73.77,75.00,73.12,74.38,74.54,-0.21,1.88,2.55,-1.03,251103,18565337.26,1900
2026-07-24 00:00:00,KANSAINER,KANSAI NEROLAC PAINTS LTD,194.00,194.27,191.07,193.19,194.22,-0.53,3.20,1.65,-0.11,250885,48385136.40,9489
2026-07-24 00:00:00,MWL,MANGALAM WORLDWIDE LTD,35.55,36.25,34.75,36.00,35.80,0.56,1.50,4.22,-0.70,250421,8982974.30,638
2026-07-24 00:00:00,BFSI,MIRAEAMC - MAFSETF,26.93,27.05,26.70,26.95,27.02,-0.26,0.35,1.30,-0.33,249270,6702155.01,1179
2026-07-24 00:00:00,SHREDIGCEM,SHREE DIGVIJAY CEM CO LTD,74.88,77.22,73.53,76.16,74.89,1.70,3.69,4.93,-0.01,247680,18825699.79,1807
2026-07-24 00:00:00,HARSHA,HARSHA ENGINEERS INT LTD,402.15,417.80,395.00,405.65,403.65,0.50,22.80,5.67,-0.37,247324,101008871.30,8030
2026-07-24 00:00:00,GSPCROP,GSP CROP SCIENCE LIMITED,546.80,557.95,525.05,530.50,546.20,-2.87,32.90,6.02,0.11,246804,132465250.60,9992
2026-07-24 00:00:00,AWFIS,AWFIS SPACE SOLUTIONS LTD,273.30,276.95,270.05,271.85,278.30,-2.32,6.90,2.52,-1.80,245295,66745533.25,6372
2026-07-24 00:00:00,LANDMARK,LANDMARK CARS LIMITED,500.15,522.00,487.10,512.80,505.85,1.37,34.90,6.98,-1.13,244103,122412510.55,9663
2026-07-24 00:00:00,TENNIND,TENNECO CLEAN AIR INDIA L,543.40,546.35,535.00,539.95,543.40,-0.63,11.35,2.09,0.00,243226,131586835.20,21778
2026-07-24 00:00:00,ANTHEM,ANTHEM BIOSCIENCES LTD,775.10,779.40,767.35,769.90,777.85,-1.02,12.05,1.55,-0.35,242556,187047341.30,16605
2026-07-24 00:00:00,GENCON,GENERIC ENG CONS PROJ LTD,40.58,42.00,39.68,40.52,40.88,-0.88,2.32,5.72,-0.73,241553,9694302.42,2025
2026-07-24 00:00:00,BANCOINDIA,BANCO PRODUCTS (I) LTD,600.00,615.50,588.00,608.45,608.05,0.07,27.50,4.58,-1.32,241401,144702515.05,16066
2026-07-24 00:00:00,HDFCNIF100,HDFCAMC - HDFCNIF100,25.59,25.77,25.51,25.64,25.77,-0.50,0.26,1.02,-0.70,239728,6148766.71,297
2026-07-24 00:00:00,PIIND,PI INDUSTRIES LTD,2706.00,2773.30,2703.30,2731.20,2742.60,-0.42,70.00,2.59,-1.33,239371,658045584.10,22190
2026-07-24 00:00:00,AFFLE,AFFLE 3I LIMITED,1460.90,1470.00,1419.10,1445.30,1461.00,-1.07,50.90,3.48,-0.01,238606,344807092.30,20826
2026-07-24 00:00:00,BALUFORGE,BALU FORGE INDUSTRIES LTD,431.80,435.00,425.00,433.60,431.80,0.42,10.00,2.32,0.00,237564,102200907.50,9172
2026-07-24 00:00:00,BALRAMCHIN,BALRAMPUR CHINI MILLS LTD,612.00,620.50,607.25,610.15,612.80,-0.43,13.25,2.17,-0.13,237043,144991578.10,7920
2026-07-24 00:00:00,MSTCLTD,MSTC LIMITED,596.00,613.55,586.00,607.20,598.05,1.53,27.55,4.62,-0.34,236250,141839385.80,8511
2026-07-24 00:00:00,HDFCNEXT50,HDFCAMC - HDFCNEXT50,73.01,73.48,72.27,73.33,73.32,0.01,1.21,1.66,-0.42,235060,17128098.60,783
2026-07-24 00:00:00,CONSUMER,MIRAEAMC - CONSUMER,11.67,11.67,11.48,11.60,11.68,-0.68,0.19,1.63,-0.09,234428,2713002.25,558
2026-07-24 00:00:00,ALEMBICLTD,ALEMBIC LIMITED,87.90,88.80,86.81,87.94,88.30,-0.41,1.99,2.26,-0.45,234145,20553791.54,1861
2026-07-24 00:00:00,SIEMENS,SIEMENS LTD,3631.20,3711.60,3622.60,3689.80,3686.30,0.09,89.00,2.45,-1.49,232607,854352788.70,24688
2026-07-24 00:00:00,KPEL,K.P. ENERGY LIMITED,302.00,306.35,298.10,302.80,304.15,-0.44,8.25,2.73,-0.71,232177,69865748.25,5274
2026-07-24 00:00:00,BHARATSE,BHARAT SEATS LIMITED,211.26,220.95,208.44,218.14,215.44,1.25,12.51,5.92,-1.94,232003,49483540.58,5965
2026-07-24 00:00:00,ANANDRATHI,ANAND RATHI WEALTH LTD,2034.00,2056.80,2002.10,2042.10,2049.10,-0.34,54.70,2.69,-0.74,231997,470001975.60,14284
2026-07-24 00:00:00,APLAPOLLO,APL APOLLO TUBES LTD,1820.00,1834.80,1802.50,1822.80,1830.90,-0.44,32.30,1.77,-0.60,230999,420326071.10,21899
2026-07-24 00:00:00,HMAAGRO,HMA AGRO INDUSTRIES LTD,21.20,21.75,21.10,21.34,21.28,0.28,0.65,3.07,-0.38,230033,4911709.60,994
2026-07-24 00:00:00,UFLEX,UFLEX LIMITED,478.95,484.70,470.00,478.50,485.20,-1.38,14.70,3.07,-1.29,229366,109245848.45,6524
2026-07-24 00:00:00,AVL,ADITYA VISION LIMITED,615.00,617.80,602.70,611.05,619.50,-1.36,15.10,2.46,-0.73,229342,139884878.85,10962
2026-07-24 00:00:00,ULTRACEMCO,ULTRATECH CEMENT LIMITED,11750.00,11899.00,11690.00,11846.00,11908.00,-0.52,209.00,1.78,-1.33,229015,2699231867.00,30902
2026-07-24 00:00:00,ZENTEC,ZEN TECHNOLOGIES LIMITED,1783.00,1792.00,1746.00,1768.70,1800.70,-1.78,46.00,2.58,-0.98,228777,403916563.70,16512
2026-07-24 00:00:00,DEFENCE,MIRAEAMC - DEFENCE,77.80,78.50,77.05,77.94,78.20,-0.33,1.45,1.86,-0.51,228626,17795760.90,690
2026-07-24 00:00:00,MAFANG,MIRAEAMC - MAFANG,196.15,196.15,195.16,196.13,197.77,-0.83,0.99,0.50,-0.82,227679,44653787.39,7082
2026-07-24 00:00:00,RAMCOSYS,RAMCO SYSTEMS LTD.,711.00,727.25,710.95,710.95,789.90,-9.99,16.30,2.29,-9.99,227614,162850015.70,4106
2026-07-24 00:00:00,STYLAMIND,STYLAM INDUSTRIES LIMITED,3448.00,3478.30,3281.10,3416.80,3391.90,0.73,197.20,5.72,1.65,227223,768316375.10,39455
2026-07-24 00:00:00,LATENTVIEW,LATENT VIEW ANALYTICS LTD,292.60,297.00,289.30,296.05,293.90,0.73,7.70,2.63,-0.44,227178,66813487.15,7337
2026-07-24 00:00:00,RAMBHAJO,ADVIT JEWELS LIMITED,202.00,202.23,192.40,194.07,202.34,-4.09,9.83,4.87,-0.17,226098,44491201.74,4544
2026-07-24 00:00:00,TIJARIA,TIJARIA POLYPIPES LTD,4.33,4.74,4.21,4.64,4.31,7.66,0.53,12.24,0.46,225966,1031140.32,312
2026-07-24 00:00:00,HEMIPROP,HEMISPHERE PROP IND LTD,133.10,133.80,131.10,133.37,133.46,-0.07,2.70,2.03,-0.27,225807,29905133.45,2850
2026-07-24 00:00:00,MANOMAY,MANOMAY TEX INDIA LTD,203.00,204.00,197.11,202.68,203.55,-0.43,6.89,3.39,-0.27,225729,45751129.98,1173
2026-07-24 00:00:00,JBMA,JBM AUTO LIMITED,652.00,658.00,642.90,656.05,659.10,-0.46,15.10,2.32,-1.08,225514,146566168.55,11370
2026-07-24 00:00:00,OLECTRA,OLECTRA GREENTECH LIMITED,1305.90,1343.70,1297.20,1336.30,1318.30,1.37,46.50,3.56,-0.94,224871,295973948.10,14228
2026-07-24 00:00:00,UFBL,UNITED FOODBRANDS LIMITED,658.15,691.00,625.20,674.85,658.10,2.55,65.80,10.00,0.01,224855,143210149.50,4298
2026-07-24 00:00:00,COHANCE,COHANCE LIFESCIENCES LTD,420.00,425.00,411.00,417.10,422.10,-1.18,14.00,3.33,-0.50,224345,93310271.30,9366
2026-07-24 00:00:00,ADFFOODS,ADF FOODS LIMITED,296.60,308.50,286.05,307.05,296.65,3.51,22.45,7.57,-0.02,224298,66292214.95,6294
2026-07-24 00:00:00,MARUTI,MARUTI SUZUKI INDIA LTD.,13340.00,13495.00,13197.00,13442.00,13403.00,0.29,298.00,2.23,-0.47,223369,2986400053.00,42940
2026-07-24 00:00:00,CEMPRO,CEMINDIA PROJECTS LIMITED,1441.00,1467.60,1441.00,1441.00,1516.80,-5.00,26.60,1.85,-5.00,222376,321221558.20,5002
2026-07-24 00:00:00,BRIGADE,BRIGADE ENTER. LTD,521.00,528.55,515.60,525.45,526.80,-0.26,12.95,2.49,-1.10,221965,116155730.15,14612
2026-07-24 00:00:00,LTFOODS,LT FOODS LIMITED,370.20,377.05,369.40,375.60,373.25,0.63,7.65,2.07,-0.82,220480,82241184.70,11508
2026-07-24 00:00:00,MUNJALAU,MUNJAL AUTO IND. LTD.,100.55,100.90,98.01,99.77,100.96,-1.18,2.89,2.87,-0.41,219262,21745948.32,2964
2026-07-24 00:00:00,CRIZAC,CRIZAC LIMITED,186.86,187.65,183.12,184.44,186.86,-1.30,4.53,2.42,0.00,218551,40447412.93,5374
2026-07-24 00:00:00,GROWWMOM50,GROWWAMC - GROWWMOM50,10.69,10.69,10.43,10.53,10.62,-0.85,0.26,2.43,0.66,218078,2290623.44,529
2026-07-24 00:00:00,ASIANENE,ASIAN ENERGY SERVICES LTD,352.90,362.70,341.55,355.70,350.60,1.45,21.15,5.99,0.66,217670,76891688.40,6578
2026-07-24 00:00:00,ZENITHSTL,ZENITH STEEL PIP IND LTD,5.51,6.19,5.51,5.83,5.66,3.00,0.68,12.34,-2.65,217603,1294920.00,475
2026-07-24 00:00:00,SHK,S H KELKAR AND CO. LTD.,140.00,142.00,137.11,140.65,140.58,0.05,4.89,3.49,-0.41,217037,30339241.11,3672
2026-07-24 00:00:00,BBOX,BLACK BOX LIMITED,778.70,786.85,769.35,778.45,786.60,-1.04,17.50,2.25,-1.00,213912,165941882.45,13878
2026-07-24 00:00:00,FERMENTA,FERMENTA BIOTECH LTD.,399.80,435.40,395.15,432.05,401.00,7.74,40.25,10.07,-0.30,213384,90258477.25,8824
2026-07-24 00:00:00,HLEGLAS,HLE GLASCOAT LIMITED,410.00,422.05,404.05,418.95,412.35,1.60,18.00,4.39,-0.57,213185,88261936.40,11365
2026-07-24 00:00:00,ZYDUSWELL,ZYDUS WELLNESS LIMITED,554.00,567.95,544.05,563.05,550.90,2.21,23.90,4.31,0.56,212435,117950563.25,12325
2026-07-24 00:00:00,KIRLOSENG,KIRLOSKAR OIL ENG LTD,2174.90,2211.00,2132.40,2182.50,2179.00,0.16,78.60,3.61,-0.19,212143,458955820.90,16100
2026-07-24 00:00:00,NATCOPHARM,NATCO PHARMA LTD.,918.60,926.90,911.60,921.45,918.55,0.32,15.30,1.67,0.01,211503,194417164.60,15191
2026-07-24 00:00:00,HLVLTD,HLV LIMITED,7.14,7.20,7.04,7.06,7.15,-1.26,0.16,2.24,-0.14,211043,1497005.28,529
2026-07-24 00:00:00,MULTICAP,MIRAEAMC - MULTICAP,16.40,16.42,16.20,16.38,16.43,-0.30,0.22,1.34,-0.18,210778,3435377.26,655
2026-07-24 00:00:00,MKPL,M K PROTEINS LIMITED,4.17,4.23,4.05,4.13,4.17,-0.96,0.18,4.32,0.00,210683,873678.60,429
2026-07-24 00:00:00,GENESYS,GENESYS INTL CORPN LTD,289.00,303.00,289.00,297.70,298.95,-0.42,14.00,4.84,-3.33,210547,62365424.05,7465
2026-07-24 00:00:00,SPLPETRO,SUPREME PETROCHEM LIMITED,735.45,756.75,735.00,741.60,735.45,0.84,21.75,2.96,0.00,210520,156451653.00,12775
2026-07-24 00:00:00,BANKBETA,UTIAMC-BANKBETA,58.21,58.82,57.18,58.74,58.65,0.15,1.64,2.82,-0.75,210059,12206987.91,532
2026-07-24 00:00:00,DENTA,DENTA WATER N INFRA SOL L,329.90,340.00,323.30,336.65,330.70,1.80,16.70,5.06,-0.24,209624,69588649.65,7135
2026-07-24 00:00:00,SIGNATURE,SIGNATUREGLOBAL INDIA LTD,767.30,785.00,755.00,768.35,767.30,0.14,30.00,3.91,0.00,208099,158715246.55,5165
2026-07-24 00:00:00,BRITANNIA,BRITANNIA INDUSTRIES LTD,5383.00,5450.00,5316.50,5379.50,5388.00,-0.16,133.50,2.48,-0.09,208047,1118427288.50,22282
2026-07-24 00:00:00,INDIASHLTR,INDIA SHELTER FIN CORP L,740.10,746.15,715.30,723.90,746.50,-3.03,30.85,4.17,-0.86,206940,150236218.05,13212
2026-07-24 00:00:00,ECLERX,ECLERX SERVICES LTD,1880.50,1898.60,1811.00,1861.50,1889.40,-1.48,87.60,4.66,-0.47,205758,380424804.50,23659
2026-07-24 00:00:00,SEIL,SHANTI EDU INITIATIVES L,208.00,208.00,201.99,203.23,208.37,-2.47,6.01,2.89,-0.18,205325,41951159.06,2557
2026-07-24 00:00:00,SANSTAR,SANSTAR LIMITED,106.25,109.99,103.15,108.97,105.95,2.85,6.84,6.44,0.28,204890,21936455.47,4254
2026-07-24 00:00:00,JNKINDIA,JNK INDIA LIMITED,457.00,475.90,452.25,470.90,461.50,2.04,23.65,5.18,-0.98,204648,94689096.95,5695
2026-07-24 00:00:00,KRBL,KRBL LIMITED,341.00,351.85,339.50,350.75,343.85,2.01,12.35,3.62,-0.83,204492,70818157.95,6423
2026-07-24 00:00:00,PIRAMALFIN,PIRAMAL FINANCE LIMITED,2106.10,2112.90,2046.00,2085.40,2106.10,-0.98,66.90,3.18,0.00,204392,423142735.20,14545
2026-07-24 00:00:00,NILASPACES,NILA SPACES LIMITED,11.75,11.98,11.65,11.89,11.75,1.19,0.33,2.81,0.00,203806,2404809.23,562
2026-07-24 00:00:00,LGEINDIA,LG ELECTRONICS INDIA LTD,1520.00,1537.70,1510.10,1527.20,1528.60,-0.09,27.60,1.82,-0.56,203768,310414354.60,12579
2026-07-24 00:00:00,GOKULAGRO,GOKUL AGRO RESOURCES LTD,209.00,212.92,207.21,209.93,209.11,0.39,5.71,2.73,-0.05,201648,42256551.74,4342
2026-07-24 00:00:00,VCL,VAXTEX COTFAB LIMITED,1.00,1.05,0.99,0.99,1.02,-2.94,0.06,6.00,-1.96,200714,202399.80,210
2026-07-24 00:00:00,LANCORHOL,LANCOR HOLDINGS LIMITED,23.75,26.59,23.73,25.81,24.18,6.74,2.86,12.04,-1.78,199891,5101899.36,1119
2026-07-24 00:00:00,BIRLACORPN,BIRLA CORPORATION LTD,966.00,979.00,939.00,956.60,974.05,-1.79,40.00,4.14,-0.83,199139,190631387.90,16851
2026-07-24 00:00:00,VARROC,VARROC ENGINEERING LTD.,639.50,646.60,629.55,642.75,640.75,0.31,17.05,2.67,-0.20,197767,126711059.45,4354
2026-07-24 00:00:00,COLPAL,COLGATE PALMOLIVE LTD.,2065.00,2103.80,2065.00,2086.10,2085.80,0.01,38.80,1.88,-1.00,197445,412209239.30,18450
2026-07-24 00:00:00,SIRCA,SIRCA PAINT INDIA LIMITED,393.45,395.80,389.00,393.45,393.35,0.03,6.80,1.73,0.03,197023,77356576.05,3269
2026-07-24 00:00:00,RITCO,RITCO LOGISTICS LIMITED,290.05,305.00,290.00,297.20,294.30,0.99,15.00,5.17,-1.44,196846,58865980.70,4808
2026-07-24 00:00:00,GROWWDEFNC,GROWWAMC - GROWWDEFNC,94.10,94.10,92.52,93.47,94.10,-0.67,1.58,1.68,0.00,196393,18297795.85,2712
2026-07-24 00:00:00,GROWWEV,GROWWAMC - GROWWEV,31.68,31.80,31.18,31.64,31.56,0.25,0.62,1.96,0.38,196088,6172272.85,1566
2026-07-24 00:00:00,HTMEDIA,HT MEDIA LIMITED,25.15,25.15,24.01,24.26,24.66,-1.62,1.14,4.53,1.99,195595,4744725.17,748
2026-07-24 00:00:00,HDFCMOMENT,HDFCAMC - HDFCMOMENT,30.46,30.60,30.14,30.38,30.55,-0.56,0.46,1.51,-0.29,194758,5899422.69,759
2026-07-24 00:00:00,PARKHOSPS,PARK MEDI WORLD LIMITED,283.00,283.00,276.00,280.25,283.80,-1.25,7.00,2.47,-0.28,194207,54207003.10,5907
2026-07-24 00:00:00,AXITA,AXITA COTTON LIMITED,7.43,7.43,7.31,7.36,7.31,0.68,0.12,1.62,1.64,193833,1425869.12,604
2026-07-24 00:00:00,MASPTOP50,MIRAEAMC - MASPTOP50,79.53,79.53,79.12,79.53,79.53,0.00,0.41,0.52,0.00,193708,15399417.22,2484
2026-07-24 00:00:00,ELLEN,ELLENBARRIE INDUS GASES L,277.90,284.90,273.00,281.20,277.90,1.19,11.90,4.28,0.00,192997,54067261.55,5984
2026-07-24 00:00:00,FABTECH,FABTECH TECHNOLOGIES LTD,150.00,153.50,146.60,149.73,148.60,0.76,6.90,4.60,0.94,192898,28814335.58,3231
2026-07-24 00:00:00,MINDACORP,MINDA CORPORATION LTD,650.50,678.95,650.00,676.45,657.75,2.84,28.95,4.45,-1.10,192716,128392111.50,16349
2026-07-24 00:00:00,RATEGAIN,RATEGAIN TRAVEL TECHN LTD,870.00,904.80,850.65,900.40,877.20,2.64,54.15,6.22,-0.82,192327,169759532.00,12485
2026-07-24 00:00:00,WESTLIFE,WESTLIFE FOODWORLD LTD,475.00,476.85,454.50,459.15,477.80,-3.90,22.35,4.71,-0.59,192069,88833991.65,6803
2026-07-24 00:00:00,OBEROIRLTY,OBEROI REALTY LIMITED,1801.60,1830.00,1785.60,1821.20,1818.10,0.17,44.40,2.46,-0.91,191482,346645578.50,18540
2026-07-24 00:00:00,WANBURY,WANBURY LIMITED,329.30,334.85,323.50,331.90,329.30,0.79,11.35,3.45,0.00,190197,62831245.60,5502
2026-07-24 00:00:00,POLYCAB,POLYCAB INDIA LIMITED,8900.00,8970.00,8841.00,8907.50,8935.00,-0.31,129.00,1.45,-0.39,189569,1689265121.00,28412
2026-07-24 00:00:00,SHAILY,SHAILY ENG PLASTICS LTD,2956.10,2982.60,2902.00,2969.70,2952.90,0.57,80.60,2.73,0.11,189552,560173333.30,21250
2026-07-24 00:00:00,APOLLOHOSP,APOLLO HOSPITALS ENTER. L,8801.00,8869.50,8792.50,8805.50,8862.00,-0.64,77.00,0.87,-0.69,189462,1670253479.50,34505
2026-07-24 00:00:00,GESHIP,THE GE SHPG.LTD,1448.00,1449.00,1419.30,1437.90,1441.90,-0.28,29.70,2.05,0.42,188630,269914772.30,15775
2026-07-24 00:00:00,GICRE,GENERAL INS CORP OF INDIA,356.55,359.90,356.50,357.50,359.85,-0.65,3.40,0.95,-0.92,188457,67433637.90,5327
2026-07-24 00:00:00,MANBA,MANBA FINANCE LIMITED,137.41,139.04,137.00,138.21,137.09,0.82,2.04,1.48,0.23,188188,26020005.50,1422
2026-07-24 00:00:00,TATACOMM,TATA COMMUNICATIONS LTD,1799.90,1799.90,1751.70,1775.30,1800.70,-1.41,48.20,2.68,-0.04,187353,331932716.10,30886
2026-07-24 00:00:00,SUNDARAM,SUNDARAM MULTI PAP LTD,1.31,1.31,1.27,1.28,1.29,-0.78,0.04,3.05,1.55,186814,239631.35,258
2026-07-24 00:00:00,PIGL,POWER INSTRUMENT (G) LTD,111.64,111.66,101.41,105.29,109.56,-3.90,10.25,9.18,1.90,186532,19541102.62,3681
2026-07-24 00:00:00,AETHER,AETHER INDUSTRIES LIMITED,1435.50,1442.70,1400.20,1427.50,1435.50,-0.56,42.50,2.96,0.00,186183,264813182.30,25315
2026-07-24 00:00:00,MANKIND,MANKIND PHARMA LIMITED,2548.00,2554.80,2501.30,2507.20,2557.40,-1.96,53.50,2.10,-0.37,186027,468944882.60,15864
2026-07-24 00:00:00,PROZONER,PROZONE REALTY LIMITED,44.91,45.49,43.26,43.80,44.91,-2.47,2.23,4.97,0.00,184409,8137535.36,1616
2026-07-24 00:00:00,RUBICON,RUBICON RESEARCH LIMITED,1529.70,1560.00,1489.50,1520.20,1525.40,-0.34,70.50,4.61,0.28,183736,278790425.40,12224
2026-07-24 00:00:00,UNIECOM,UNICOMMERCE ESOLUTIONS L,84.20,84.50,83.10,84.38,84.46,-0.09,1.40,1.66,-0.31,183251,15383416.14,2187
2026-07-24 00:00:00,UGROCAP,UGRO CAPITAL LIMITED,93.30,93.52,91.36,92.77,93.78,-1.08,2.16,2.32,-0.51,182903,16902763.75,2328
2026-07-24 00:00:00,MANINDS,MAN INDUSTRIES (I) LTD.,529.50,534.70,515.85,527.35,533.30,-1.12,18.85,3.56,-0.71,182399,95977543.55,6768
2026-07-24 00:00:00,COROMANDEL,COROMANDEL INTERNTL. LTD,1980.10,1998.70,1955.00,1980.80,2022.90,-2.08,43.70,2.21,-2.12,182304,360129902.70,19252
2026-07-24 00:00:00,APCOTEXIND,APCOTEX INDUSTRIES LIMITE,560.00,579.75,555.00,561.05,560.60,0.08,24.75,4.42,-0.11,181899,102952559.70,7895
2026-07-24 00:00:00,EKC,EVEREST KANTO CYLINDERLTD,108.88,109.90,106.45,108.76,108.89,-0.12,3.45,3.17,-0.01,181134,19538225.36,2318
2026-07-24 00:00:00,THANGAMAYL,THANGAMAYIL JEWELLERY LTD,6849.00,7015.00,6742.00,6906.50,6871.00,0.52,273.00,3.99,-0.32,180944,1247037512.50,27253
2026-07-24 00:00:00,ASHIKA,ASHIKA CREDIT CAPITAL L,402.90,402.90,392.40,399.25,396.75,0.63,10.50,2.61,1.55,180568,71677458.35,1356
2026-07-24 00:00:00,DIGITIDE,DIGITIDE SOLUTIONS LTD,100.00,101.80,98.00,101.22,101.42,-0.20,3.80,3.80,-1.40,180485,18034185.34,3359
2026-07-24 00:00:00,MARKOLINES,MARKOLINES PAVEMENT TEC L,176.35,178.58,173.50,175.85,176.26,-0.23,5.08,2.88,0.05,179629,31569739.63,2561
2026-07-24 00:00:00,RSYSTEMS,R SYS INTERNATIONAL LTD,248.01,248.01,241.14,245.51,248.64,-1.26,6.87,2.77,-0.25,178765,43603802.26,4786
2026-07-24 00:00:00,MANCREDIT,MANGAL CREDIT N FINCORP L,215.90,218.11,209.49,215.03,215.68,-0.30,8.62,3.99,0.10,178401,38388287.45,2014
2026-07-24 00:00:00,PDMJEPAPER,PUDUMJEE PAPER PRO. LTD,93.00,93.40,89.41,91.72,93.24,-1.63,3.99,4.29,-0.26,177844,16240300.04,2561
2026-07-24 00:00:00,63MOONS,63 MOONS TECHNOLOGIES LTD,695.80,711.65,686.00,708.30,704.00,0.61,25.65,3.69,-1.16,177622,123871322.15,5478
2026-07-24 00:00:00,EFCIL,EFC (I) LIMITED,193.50,196.97,190.00,195.30,196.19,-0.45,6.97,3.60,-1.37,177306,34476410.13,2822
2026-07-24 00:00:00,MEDPLUS,MEDPLUS HEALTH SERV LTD,718.20,722.50,713.00,720.55,715.20,0.75,9.50,1.32,0.42,176996,126982433.85,10458
2026-07-24 00:00:00,ITI,ITI LTD,276.00,276.90,272.05,275.15,277.60,-0.88,4.85,1.76,-0.58,176666,48523313.50,5851
2026-07-24 00:00:00,JINDRILL,JINDAL DRILLING IND. LTD,619.90,620.00,601.00,605.10,611.80,-1.10,19.00,3.07,1.32,176640,107214504.20,5881
2026-07-24 00:00:00,PVP,PVP VENTURES LIMITED,27.72,28.04,27.06,27.31,27.72,-1.48,0.98,3.54,0.00,176625,4865882.69,1190
2026-07-24 00:00:00,TIMEX,TIMEX GROUP INDIA LTD.,573.45,581.00,559.60,578.85,573.75,0.89,21.40,3.73,-0.05,175926,100571597.25,11642
2026-07-24 00:00:00,INFOBEAN,INFOBEANS TECHNO. LTD.,154.99,160.99,154.99,157.33,156.58,0.48,6.00,3.87,-1.02,175897,27712975.47,3689
2026-07-24 00:00:00,RADIOCITY,MUSIC BROADCAST LIMITED,6.40,6.49,6.33,6.40,6.54,-2.14,0.16,2.50,-2.14,173587,1112851.55,352
2026-07-24 00:00:00,ELGIEQUIP,ELGI EQUIPMENTS LTD,578.00,581.95,568.10,577.30,586.05,-1.49,13.85,2.40,-1.37,173421,99716950.60,10006
2026-07-24 00:00:00,GOCOLORS,GO FASHION INDIA LTD,325.00,327.00,317.05,324.15,320.80,1.04,9.95,3.06,1.31,173267,55754522.30,4358
2026-07-24 00:00:00,AVALON,AVALON TECHNOLOGIES LTD,1735.00,1765.00,1717.80,1741.50,1740.80,0.04,47.20,2.72,-0.33,173064,301478551.40,19753
2026-07-24 00:00:00,DLINKINDIA,D-LINK INDIA LTD,435.05,454.90,433.30,452.20,440.80,2.59,21.60,4.96,-1.30,173007,77316186.85,5477
2026-07-24 00:00:00,INTLCONV,INTL CONVEYORS LIMITED,72.30,76.20,72.30,75.05,73.68,1.86,3.90,5.39,-1.87,172919,12962509.15,617
2026-07-24 00:00:00,PANACEABIO,PANACEA BIOTEC LTD,440.00,449.00,433.00,441.20,445.40,-0.94,16.00,3.64,-1.21,172526,75963004.00,5763
2026-07-24 00:00:00,GVPIL,GE POWER INDIA LIMITED,772.10,808.00,772.10,800.70,776.95,3.06,35.90,4.65,-0.62,171723,136188843.90,7388
2026-07-24 00:00:00,A2ZINFRA,A2Z INFRA ENGINEERING LTD,12.25,12.60,12.00,12.46,12.12,2.81,0.60,4.90,1.07,170866,2096931.18,554
2026-07-24 00:00:00,INDIAMART,INDIAMART INTERMESH LTD,1792.20,1799.90,1751.10,1759.90,1790.60,-1.71,48.80,2.72,0.09,170780,301426581.10,23052
2026-07-24 00:00:00,JAGRAN,JAGRAN PRAKASHAN LIMITED,62.00,63.10,61.81,62.85,61.96,1.44,1.29,2.08,0.06,170241,10632323.14,2209
2026-07-24 00:00:00,BATAINDIA,BATA INDIA LTD,676.00,694.45,667.00,689.95,676.25,2.03,27.45,4.06,-0.04,170171,115739533.90,8973
2026-07-24 00:00:00,MIRZAINT,MIRZA INTERNATIONAL LIMIT,34.94,36.08,34.60,35.06,35.50,-1.24,1.48,4.24,-1.58,169638,5966318.30,1247
2026-07-24 00:00:00,PENIND,PENNAR INDUSTRIES LTD,163.08,164.32,160.00,162.84,163.06,-0.13,4.32,2.65,0.01,169251,27418457.42,2851
2026-07-24 00:00:00,INDIACEM,THE INDIA CEMENTS LIMITED,402.00,409.45,397.70,407.00,408.20,-0.29,11.75,2.92,-1.52,168482,68032264.45,5740
2026-07-24 00:00:00,PRAKASH,PRAKASH INDUSTRIES LTD,122.50,124.23,122.35,123.77,123.40,0.30,1.88,1.53,-0.73,167798,20743100.07,1926
2026-07-24 00:00:00,ARENTERP,RAJDARSHAN INDUSTRIES LTD,50.60,52.90,42.20,44.24,49.46,-10.55,10.70,21.15,2.30,166894,7741488.25,1627
2026-07-24 00:00:00,SJS,SJS ENTERPRISES LIMITED,2295.00,2365.50,2245.10,2335.60,2275.20,2.65,120.40,5.25,0.87,166714,383531865.20,23979
2026-07-24 00:00:00,EVINDIA,MIRAEAMC - EVINDIA,32.40,33.00,31.33,31.90,31.76,0.44,1.67,5.15,2.02,166314,5255967.15,1574
2026-07-24 00:00:00,MAHKTECH,MIRAEAMC - MAHKTECH,23.16,23.16,23.16,23.16,23.31,-0.64,0.00,0.00,-0.64,166114,3847200.24,1867
2026-07-24 00:00:00,RGL,RENAISSANCE GLOBAL LTD,117.99,118.70,116.01,118.11,118.10,0.01,2.69,2.28,-0.09,165862,19497147.65,1642
2026-07-24 00:00:00,IKS,INVENTURUS KNOWLEDGE SO L,1798.00,1807.50,1738.00,1759.80,1799.30,-2.20,69.50,3.87,-0.07,165781,291698003.20,17712
2026-07-24 00:00:00,SCILAL,SHIPPING CORP OF ILA LTD,41.40,41.55,41.05,41.33,41.59,-0.63,0.50,1.21,-0.46,165704,6846371.00,1445
2026-07-24 00:00:00,EUROPRATIK,EURO PRATIK SALES LIMITED,295.30,304.45,291.10,301.65,296.75,1.65,13.35,4.52,-0.49,164872,49022700.35,3699
2026-07-24 00:00:00,AIIL,AUTHUM INVEST & INFRA LTD,539.90,540.35,525.00,531.10,540.65,-1.77,15.35,2.84,-0.14,164861,87584585.80,9078
2026-07-24 00:00:00,IGCL,INDOGULF CROPSCIENCES LTD,77.40,77.40,72.80,74.55,74.84,-0.39,4.60,5.94,3.42,164701,12285676.04,1996
2026-07-24 00:00:00,TAKE,TAKE SOLUTIONS LTD,21.00,21.00,20.56,20.79,20.77,0.10,0.44,2.10,1.11,164538,3414436.73,664
2026-07-24 00:00:00,ELIN,ELIN ELECTRONICS LIMITED,100.06,101.88,98.10,101.13,100.49,0.64,3.78,3.78,-0.43,163777,16400885.74,1920
2026-07-24 00:00:00,NELCO,NELCO LTD,934.95,944.95,915.10,932.80,933.90,-0.12,29.85,3.19,0.11,163636,152124910.45,7242
2026-07-24 00:00:00,GSLSU,GLOBAL SURFACES LIMITED,28.01,28.01,27.00,28.01,26.68,4.99,1.01,3.61,4.99,162986,4543520.18,631
2026-07-24 00:00:00,LASA,LASA SUPERGENERICS LTD,7.02,7.25,6.75,6.94,7.10,-2.25,0.50,7.12,-1.13,162692,1120823.99,267
2026-07-24 00:00:00,CLEANMAX,CLEAN MAX ENVIRO EN SOL L,1410.00,1472.00,1390.00,1456.90,1425.00,2.24,82.00,5.82,-1.05,162549,233339704.80,16243
2026-07-24 00:00:00,GTL,GTL LTD,7.10,7.21,7.09,7.17,7.15,0.28,0.12,1.69,-0.70,162450,1159232.52,526
2026-07-24 00:00:00,AONETOTAL,AONEAMC - AONETOTAL,11.92,11.92,11.60,11.68,11.69,-0.09,0.32,2.68,1.97,162277,1891413.60,995
2026-07-24 00:00:00,INOXINDIA,INOX INDIA LIMITED,2004.00,2015.00,1968.10,2004.00,2011.90,-0.39,46.90,2.34,-0.39,162161,323366440.10,21236
2026-07-24 00:00:00,MASTERTR,MASTER TRUST LIMITED,84.60,84.89,83.16,84.71,85.07,-0.42,1.73,2.04,-0.55,162120,13634363.12,908
2026-07-24 00:00:00,RSL,RAJPUTANA STAINLESS LTD,132.00,134.24,130.00,132.72,134.24,-1.13,4.24,3.21,-1.67,160809,21400438.15,1983
2026-07-24 00:00:00,CELLO,CELLO WORLD LIMITED,340.30,346.00,336.60,344.30,340.25,1.19,9.40,2.76,0.01,160528,54811862.45,10577
2026-07-24 00:00:00,NH,NARAYANA HRUDAYALAYA LTD.,1980.10,1982.90,1953.10,1961.50,1982.50,-1.06,29.80,1.50,-0.12,160451,315429389.90,19701
2026-07-24 00:00:00,SFL,SHEELA FOAM LIMITED,750.00,769.30,742.45,761.95,751.75,1.36,26.85,3.58,-0.23,160425,121459317.70,10788
2026-07-24 00:00:00,SNOWMAN,SNOWMAN LOGISTICS LTD.,35.88,37.00,35.47,36.40,35.88,1.45,1.53,4.26,0.00,159644,5795074.69,1095
2026-07-24 00:00:00,SUNDRMFAST,SUNDRAM FASTENERS LTD,939.00,954.00,935.00,940.60,946.45,-0.62,19.00,2.02,-0.79,158031,149513752.35,10729
2026-07-24 00:00:00,TARSONS,TARSONS PRODUCTS LIMITED,313.05,317.85,310.00,312.75,316.55,-1.20,7.85,2.51,-1.11,157009,49316947.90,4813
2026-07-24 00:00:00,EIHOTEL,EIH LIMITED,319.00,328.95,317.00,326.40,321.35,1.57,11.95,3.75,-0.73,156876,50602282.20,6747
2026-07-24 00:00:00,GLAND,GLAND PHARMA LIMITED,2379.00,2415.00,2366.20,2379.80,2377.70,0.09,48.80,2.05,0.05,156545,373484865.20,21468
2026-07-24 00:00:00,TATVA,TATVA CHIN PHARM CHEM LTD,1672.00,1729.00,1658.40,1722.40,1700.80,1.27,70.60,4.22,-1.69,156269,265525606.20,11356
2026-07-24 00:00:00,ACI,ARCHEAN CHEMICAL IND LTD,551.00,558.00,545.60,554.85,553.35,0.27,12.40,2.25,-0.42,156065,86089153.55,12235
2026-07-24 00:00:00,SILGO,SILGO RETAIL LIMITED,74.01,74.60,73.00,74.06,74.52,-0.62,1.60,2.16,-0.68,155508,11522437.64,820
2026-07-24 00:00:00,UBL,UNITED BREWERIES LTD,1392.00,1423.00,1388.00,1398.60,1397.70,0.06,35.00,2.51,-0.41,155336,217986775.70,16478
2026-07-24 00:00:00,THELEELA,LEELA PALACES HOTEL LTD,468.00,478.10,461.05,474.70,475.95,-0.26,17.05,3.64,-1.67,153341,71839020.85,12730
2026-07-24 00:00:00,DBCORP,D.B.CORP LTD,204.10,210.90,203.99,208.75,208.27,0.23,6.91,3.39,-2.00,153203,31862152.80,4827
2026-07-24 00:00:00,RAMAPHO,RAMA PHOSPHATES LIMITED,124.01,138.90,121.36,131.10,125.21,4.70,17.54,14.14,-0.96,153019,20033416.90,2703
2026-07-24 00:00:00,NRBBEARING,NRB BEARING LIMITED,388.00,399.00,382.40,397.65,393.00,1.18,16.60,4.28,-1.27,152822,59666973.20,5199
2026-07-24 00:00:00,GRMOVER,GRM OVERSEAS LIMITED,89.02,91.00,88.35,90.20,89.87,0.37,2.65,2.98,-0.95,152553,13631213.68,11290
2026-07-24 00:00:00,HEXT,HEXAWARE TECHNOLOGIES LTD,536.60,554.40,532.00,551.85,540.70,2.06,22.40,4.17,-0.76,152303,82919893.50,9392
2026-07-24 00:00:00,GEEKAYWIRE,GEEKAY WIRES LIMITED,24.00,24.63,23.65,23.79,23.81,-0.08,0.98,4.08,0.80,152037,3650101.83,2020
2026-07-24 00:00:00,GARUDA,GARUDA CONSTRUCT N ENG L,170.00,175.01,168.56,174.69,172.72,1.14,6.45,3.79,-1.57,151770,26056346.88,3111
2026-07-24 00:00:00,RAMCOIND,RAMCO INDUSTRIES LIMITED,334.05,334.05,326.00,329.15,334.05,-1.47,8.05,2.41,0.00,151711,49983737.50,4146
2026-07-24 00:00:00,OPTIEMUS,OPTIEMUS INFRACOM LTD,606.40,609.95,591.05,599.95,615.55,-2.53,18.90,3.12,-1.49,151624,90774034.15,7665
2026-07-24 00:00:00,GROWWRLTY,GROWWAMC - GROWWRLTY,10.10,10.10,9.70,9.88,9.92,-0.40,0.40,3.96,1.81,151268,1485574.75,631
2026-07-24 00:00:00,NIBL,NRB INDUS. BEARINGS LTD.,35.39,38.00,35.00,36.98,35.44,4.35,3.00,8.48,-0.14,151055,5540560.32,14205
2026-07-24 00:00:00,POWERICA,POWERICA LIMITED,550.00,575.00,549.05,568.25,552.85,2.79,25.95,4.72,-0.52,150639,84391888.80,7514
2026-07-24 00:00:00,CPPLUS,ADITYA INFOTECH LIMITED,3584.70,3598.00,3479.50,3543.40,3612.60,-1.92,118.50,3.31,-0.77,150044,528304283.60,16318
2026-07-24 00:00:00,KAMOPAINTS,KAMDHENU VENTURES LIMITED,4.57,4.58,4.45,4.55,4.50,1.11,0.13,2.84,1.56,149843,677307.39,455
2026-07-24 00:00:00,AXISCADES,AXISCADES TECH LTD,1546.00,1618.60,1535.10,1608.00,1562.40,2.92,83.50,5.40,-1.05,149242,236238522.40,8968
2026-07-24 00:00:00,PRAENG,PRAJAY ENG. SYN. LTD.,22.73,22.73,21.45,22.42,22.98,-2.44,1.28,5.63,-1.09,149159,3283468.88,663
2026-07-24 00:00:00,YATHARTH,YATHARTH HOSP & TRA C S L,836.00,849.85,825.20,838.80,841.60,-0.33,24.65,2.95,-0.67,148599,124354939.45,9308
2026-07-24 00:00:00,ATLANTAELE,ATLANTA ELECTRICALS LTD,1550.00,1617.60,1550.00,1589.80,1540.60,3.19,67.60,4.36,0.61,148198,236424223.80,9937
2026-07-24 00:00:00,SPIC,SPIC LTD,64.37,65.06,63.80,64.94,64.78,0.25,1.26,1.96,-0.63,148083,9545694.78,1687
2026-07-24 00:00:00,VIPIND,VIP INDUSTRIES LTD,290.85,296.70,288.00,295.40,290.85,1.56,8.70,2.99,0.00,147769,43098113.05,2798
2026-07-24 00:00:00,AKUMS,AKUMS DRUGS AND PHARMA L,688.40,692.90,678.10,687.30,695.90,-1.24,14.80,2.15,-1.08,146336,100361331.65,13919
2026-07-24 00:00:00,ARSSBL,ANAND RATHI SH N STK BR L,504.00,513.15,500.00,508.20,508.60,-0.08,13.15,2.61,-0.90,145302,73793920.00,4409
2026-07-24 00:00:00,SPENCERS,SPENCER S RETAIL LIMITED,34.70,34.99,32.41,33.06,34.35,-3.76,2.58,7.44,1.02,145222,4830777.37,1762
2026-07-24 00:00:00,KSHINTL,KSH INTERNATIONAL LIMITED,855.05,895.00,853.15,888.45,867.75,2.39,41.85,4.89,-1.46,144915,126724519.80,8694
2026-07-24 00:00:00,AONENIFTY,AONEAMC - AONENIFTY,10.10,10.10,9.75,9.82,9.86,-0.41,0.35,3.47,2.43,144752,1418710.99,1072
2026-07-24 00:00:00,SURAKSHA,SURAKSHA DIAGNOSTIC LTD,258.40,263.70,240.40,252.95,259.65,-2.58,23.30,9.02,-0.48,144138,36338086.15,3412
2026-07-24 00:00:00,RNBDENIMS,R&B DENIMS LIMITED,9.52,9.52,9.15,9.27,9.42,-1.59,0.37,3.89,1.06,143563,1331479.99,858
2026-07-24 00:00:00,CCCL,CONS. CONST. CONSORT LTD,15.98,16.11,15.79,15.88,15.98,-0.63,0.32,2.00,0.00,143007,2281015.30,600
2026-07-24 00:00:00,SAURASHCEM,SAURASHTRA CEMENT LIMITED,56.68,57.48,54.96,55.66,57.04,-2.42,2.52,4.45,-0.63,142831,7990483.85,2226
2026-07-24 00:00:00,MEDANTA,GLOBAL HEALTH LIMITED,1379.00,1379.00,1351.10,1371.00,1378.20,-0.52,27.90,2.02,0.06,142741,195012400.80,15035
2026-07-24 00:00:00,IVC,IL&FS INVESTMENT MANAGERS,8.26,8.29,8.16,8.23,8.26,-0.36,0.13,1.57,0.00,141853,1165572.54,423
2026-07-24 00:00:00,BHARATWIRE,BHARAT WIRE ROPES LTD.,193.95,194.86,188.86,193.31,194.27,-0.49,6.00,3.09,-0.16,141718,27172193.30,2898
2026-07-24 00:00:00,GNFC,GUJ NAR VAL FER & CHEM L,494.45,506.05,492.10,503.05,497.45,1.13,13.95,2.82,-0.60,141290,70386966.70,9889
2026-07-24 00:00:00,KIRIINDUS,KIRI INDUSTRIES LIMITED,407.00,409.80,398.20,405.55,411.05,-1.34,11.60,2.85,-0.99,141246,56995081.05,3600
2026-07-24 00:00:00,TATAINVEST,TATA INVESTMENT CORP LTD,632.00,634.95,621.15,630.75,632.20,-0.23,13.80,2.18,-0.03,141003,88599175.95,9351
2026-07-24 00:00:00,SUDARSCHEM,SUDARSHAN CHEMICAL INDS L,1014.90,1044.80,989.05,1041.05,1014.90,2.58,55.75,5.49,0.00,140933,144386578.45,9160
2026-07-24 00:00:00,MONARCH,MONARCH NETWORTH CAP LTD,352.80,361.40,346.55,357.75,356.20,0.44,14.85,4.21,-0.95,140737,49729107.35,3306
2026-07-24 00:00:00,ADVANCE,ADVANCE AGROLIFE LIMITED,110.01,112.00,106.92,109.89,110.20,-0.28,5.08,4.62,-0.17,140590,15383532.34,1572
2026-07-24 00:00:00,AHLUCONT,AHLUWALIA CONT IND LTD,800.20,838.55,791.10,827.70,800.20,3.44,47.45,5.93,0.00,140514,115221570.40,13275
2026-07-24 00:00:00,PARKHOTELS,PARKHOTELS,121.49,123.45,120.06,122.39,123.36,-0.79,3.39,2.79,-1.52,140321,17067834.46,3965
2026-07-24 00:00:00,INDORAMA,INDO RAMA SYNTHETICS LTD,47.00,49.00,46.20,48.43,47.68,1.57,2.80,5.96,-1.43,139569,6642125.53,1450
2026-07-24 00:00:00,ASAL,AUTOMOTIVE STAMPINGS & AS,546.65,555.00,494.85,508.75,546.55,-6.92,60.15,11.00,0.02,139558,72667459.35,8474
2026-07-24 00:00:00,MOMENTUM30,KOTAKMAMC - MOMENTUM30,30.08,30.99,29.89,30.17,30.26,-0.30,1.10,3.66,-0.59,139459,4175437.70,156
2026-07-24 00:00:00,TTL,T T LIMITED,6.30,6.50,6.22,6.37,6.40,-0.47,0.28,4.44,-1.56,139192,881104.93,230
2026-07-24 00:00:00,BLACKBUCK,BLACKBUCK LIMITED,541.85,543.90,533.10,539.35,544.25,-0.90,10.80,1.99,-0.44,138956,74764778.35,11836
2026-07-24 00:00:00,CANTABIL,CANTABIL RETAIL LTD,237.30,244.80,233.28,239.83,241.15,-0.55,11.52,4.85,-1.60,138860,33076587.93,4008
2026-07-24 00:00:00,VISHWARAJ,VISHWARAJ SUGAR IND LTD,5.27,5.27,5.10,5.19,5.26,-1.33,0.17,3.23,0.19,138587,718616.54,419
2026-07-24 00:00:00,GRAVITA,GRAVITA INDIA LIMITED,1745.10,1782.90,1713.80,1775.70,1755.70,1.14,69.10,3.96,-0.60,138494,242509940.10,17897
2026-07-24 00:00:00,PICCADIL,PICCADILY AGRO INDUSTRI L,736.75,739.90,721.00,737.20,736.75,0.06,18.90,2.57,0.00,138360,101105760.75,6981
2026-07-24 00:00:00,WHIRLPOOL,WHIRLPOOL OF INDIA LTD,763.10,774.10,757.25,771.45,770.75,0.09,16.85,2.21,-0.99,138135,105761746.95,8241
2026-07-24 00:00:00,EMUDHRA,EMUDHRA LIMITED,455.40,465.90,448.45,455.75,457.70,-0.43,17.45,3.83,-0.50,137001,62512461.70,4356
2026-07-24 00:00:00,AADHARHFC,AADHAR HOUSING FINANCE L,500.90,502.95,492.50,495.00,500.80,-1.16,10.45,2.09,0.02,136978,67811250.55,8559
2026-07-24 00:00:00,SUNTV,SUN TV NETWORK LIMITED,486.80,492.45,481.75,486.90,488.65,-0.36,10.70,2.20,-0.38,136971,66671582.80,9047
2026-07-24 00:00:00,VOEPL,VIRTUOSO OPTOELECTRONIC L,496.10,512.95,480.65,484.05,498.60,-2.92,32.30,6.51,-0.50,136848,68276553.45,3227
2026-07-24 00:00:00,DCAL,DISHMAN CARBO AMCIS LTD,178.19,184.60,176.10,183.58,179.24,2.42,8.50,4.77,-0.59,136614,24697959.47,3554
2026-07-24 00:00:00,SPMLINFRA,SPML INFRA LIMITED,196.01,201.00,194.00,199.39,198.71,0.34,7.00,3.57,-1.36,136563,27048215.05,3073
2026-07-24 00:00:00,SOUTHWEST,SOUTH WEST PINNACLE LTD,232.20,234.65,229.25,233.67,236.19,-1.07,5.40,2.33,-1.69,136429,31649650.24,3118
2026-07-24 00:00:00,CLEAN,CLEAN SCIENCE & TECH LTD,728.80,729.50,716.10,721.00,728.85,-1.08,13.40,1.84,-0.01,135581,97958632.35,12939
2026-07-24 00:00:00,ICICIB22,ICICIPRAMC - BHARATIWIN,114.50,115.63,114.25,115.36,115.36,0.00,1.38,1.21,-0.75,135182,15537939.08,3037
2026-07-24 00:00:00,BESTAGRO,BEST AGROLIFE LIMITED,15.22,15.39,14.95,15.16,15.13,0.20,0.44,2.89,0.59,134875,2032794.61,719
2026-07-24 00:00:00,GOPAL,GOPAL SNACKS LIMITED,258.00,260.00,257.00,258.25,258.40,-0.06,3.00,1.16,-0.15,134381,34697243.20,3478
2026-07-24 00:00:00,NIITMTS,NIIT LEARNING SYSTEMS LTD,228.50,234.00,225.03,230.18,231.77,-0.69,8.97,3.93,-1.41,134322,30651392.10,5365
2026-07-24 00:00:00,DREDGECORP,DREDGING CORP OF INDIA,981.50,1010.90,961.50,1003.30,984.60,1.90,49.40,5.03,-0.31,133976,132249556.20,8288
2026-07-24 00:00:00,XTGLOBAL,XTGLOBAL INFOTECH LIMITED,28.16,28.25,27.05,27.99,28.25,-0.92,1.20,4.26,-0.32,133769,3737184.50,294
2026-07-24 00:00:00,VARDMNPOLY,VARDHMAN POLYTEX LTD.,6.10,6.11,5.96,6.01,6.11,-1.64,0.15,2.46,-0.16,133102,801399.57,401
2026-07-24 00:00:00,MUKKA,MUKKA PROTEINS LIMITED,23.29,23.29,22.51,22.94,22.74,0.88,0.78,3.35,2.42,133024,3038328.80,829
2026-07-24 00:00:00,SHYAMMETL,SHYAM METALICS AND ENGY L,1025.45,1033.75,1010.35,1027.45,1039.75,-1.18,23.40,2.28,-1.38,132990,136339914.80,11022
2026-07-24 00:00:00,MHRIL,MAHINDRA HOLIDAYS LTD,214.00,220.74,211.81,218.85,218.07,0.36,8.93,4.17,-1.87,132660,28726655.63,4365
2026-07-24 00:00:00,VISHNU,VISHNU CHEMICALS LIMITED,615.50,634.75,611.50,632.40,620.70,1.88,23.25,3.78,-0.84,132409,82439124.90,6776
2026-07-24 00:00:00,PRINCEPIPE,PRINCE PIPES FITTINGS LTD,257.25,262.60,251.50,261.20,257.20,1.56,11.10,4.31,0.02,131722,33775434.05,4611
2026-07-24 00:00:00,GOKUL,GOKUL REFOILS & SOLV LTD,39.01,39.98,39.01,39.28,39.80,-1.31,0.97,2.49,-1.98,131415,5184815.80,413
2026-07-24 00:00:00,SARDAEN,SARDA ENERGY & MIN LTD,500.00,504.30,491.65,502.25,502.45,-0.04,12.65,2.53,-0.49,131350,65329627.65,7818
2026-07-24 00:00:00,KPIL,KALPATARU PROJECT INT LTD,1289.50,1309.40,1273.10,1299.90,1297.90,0.15,36.30,2.82,-0.65,131284,169756737.80,14456
2026-07-24 00:00:00,VTL,VARDHMAN TEXTILES LIMITED,606.30,620.00,598.05,614.60,610.10,0.74,21.95,3.62,-0.62,130927,79862560.50,9225
2026-07-24 00:00:00,SCHNEIDER,SCHNEIDER ELECTRIC INFRA,1339.90,1372.70,1322.40,1352.60,1341.40,0.83,50.30,3.75,-0.11,130128,175724104.90,16883
2026-07-24 00:00:00,HCL-INSYS,HCL INFOSYSTEMS LTD,11.60,11.60,11.28,11.34,11.47,-1.13,0.32,2.76,1.13,130081,1478183.67,659
2026-07-24 00:00:00,KAJARIACER,KAJARIA CERAMICS LTD,1202.00,1221.60,1190.00,1214.90,1209.60,0.44,31.60,2.63,-0.63,130038,157286607.70,15062
2026-07-24 00:00:00,SUPREMEIND,SUPREME INDUSTRIES LTD,3380.10,3499.00,3380.10,3458.90,3417.00,1.23,118.90,3.52,-1.08,129919,449537393.30,15230
2026-07-24 00:00:00,DUCON,DUCON INFRATECHNOLOGIES L,3.00,3.03,2.81,3.01,3.00,0.33,0.22,7.33,0.00,129876,387552.37,279
2026-07-24 00:00:00,HARIOMPIPE,HARIOM PIPE INDUSTRIES L,382.60,396.00,378.00,391.80,382.60,2.40,18.00,4.70,0.00,129838,50176924.30,3936
2026-07-24 00:00:00,SUNFLAG,SUNFLAG IRON AND STEEL CO,343.60,351.90,340.45,348.70,349.60,-0.26,11.45,3.33,-1.72,129423,44913157.65,3068
2026-07-24 00:00:00,EIDPARRY,EID PARRY INDIA LTD,752.00,766.15,750.25,758.00,759.15,-0.15,15.90,2.11,-0.94,128554,97452989.95,9309
2026-07-24 00:00:00,TINNARUBR,TINNA RUBBER AND INFR LTD,1069.95,1123.65,1061.00,1098.85,1078.60,1.88,62.65,5.86,-0.80,128094,140217347.00,10871
2026-07-24 00:00:00,ARVSMART,ARVIND SMARTSPACES LTD,592.20,637.90,587.30,608.80,591.05,3.00,50.60,8.54,0.19,127890,78862204.90,4892
2026-07-24 00:00:00,HDFCPSUBK,HDFCAMC HDFCPSUBK,83.33,85.95,83.21,84.63,84.07,0.67,2.74,3.29,-0.88,127518,10704870.35,325
2026-07-24 00:00:00,SCODATUBES,SCODA TUBES LIMITED,141.27,148.00,140.51,146.93,142.32,3.24,7.49,5.30,-0.74,127434,18482454.33,2251
2026-07-24 00:00:00,KEI,KEI INDUSTRIES LTD.,4897.00,4900.00,4792.00,4868.00,4897.50,-0.60,108.00,2.21,-0.01,127284,617447020.50,14243
2026-07-24 00:00:00,HDFCNIFTY,HDFCAMC - HDFCNIFTY,268.35,268.62,266.22,268.19,268.89,-0.26,2.40,0.89,-0.20,127256,34030133.04,1004
2026-07-24 00:00:00,PSPPROJECT,PSP PROJECTS LIMITED,972.60,1039.90,972.60,1031.20,987.40,4.44,67.30,6.92,-1.50,126098,127831557.60,7785
2026-07-24 00:00:00,TPLPLASTEH,TPL PLASTECH LIMITED,77.00,77.72,75.26,76.90,76.80,0.13,2.46,3.19,0.26,125636,9627564.37,2042
2026-07-24 00:00:00,SUDEEPPHRM,SUDEEP PHARMA LIMITED,806.00,832.00,806.00,825.15,815.30,1.21,26.00,3.23,-1.14,125532,103161082.55,7927
2026-07-24 00:00:00,PROSTARM,PROSTARM INFO SYSTEMS LTD,120.65,124.85,119.24,123.67,121.65,1.66,5.61,4.65,-0.82,125192,15216975.73,2371
2026-07-24 00:00:00,NAVNETEDUL,NAVNEET EDUCATION LTD,140.20,144.90,139.62,143.97,140.64,2.37,5.28,3.77,-0.31,123284,17521887.79,1836
2026-07-24 00:00:00,IPL,INDIA PESTICIDES LIMITED,148.73,150.98,146.41,149.98,150.22,-0.16,4.57,3.07,-0.99,123172,18357953.74,2540
2026-07-24 00:00:00,GHCL,GHCL LIMITED,430.50,438.00,427.10,436.20,429.50,1.56,10.90,2.53,0.23,123167,53247425.35,3001
2026-07-24 00:00:00,VINNY,VINNY OVERSEAS LIMITED,1.08,1.09,1.06,1.07,1.08,-0.93,0.03,2.78,0.00,123100,131682.40,134
2026-07-24 00:00:00,NRAIL,N R AGARWAL INDS LTD,498.00,531.00,490.00,508.95,487.60,4.38,41.00,8.23,2.13,123055,63411544.45,4808
2026-07-24 00:00:00,UNIVCABLES,UNIVERSAL CABLES LTD,1190.00,1245.00,1172.00,1234.80,1204.30,2.53,73.00,6.13,-1.19,122846,149311916.90,7979
2026-07-24 00:00:00,KRITIKA,KRITIKA WIRES LIMITED,5.52,5.65,5.40,5.47,5.53,-1.08,0.25,4.53,-0.18,122730,670057.75,378
2026-07-24 00:00:00,SENORES,SENORES PHARMACEUTICALS L,1390.00,1403.60,1371.50,1387.50,1395.60,-0.58,32.10,2.31,-0.40,122571,170145084.60,11249
2026-07-24 00:00:00,LAOPALA,LA OPALA RG LIMITED,185.10,187.49,181.55,184.35,187.52,-1.69,5.94,3.21,-1.29,121977,22446413.30,3756
2026-07-24 00:00:00,RELTD,RAVINDRA ENERGY LIMITED,171.80,173.60,167.42,171.45,173.28,-1.06,6.18,3.60,-0.85,121950,20808811.89,3278
2026-07-24 00:00:00,NILAINFRA,NILA INFRASTRUCTURES LTD,7.41,7.41,7.25,7.32,7.43,-1.48,0.16,2.16,-0.27,120038,877682.80,463
2026-07-24 00:00:00,AARTIPHARM,AARTI PHARMALABS LIMITED,658.60,684.45,654.85,673.80,659.80,2.12,29.60,4.49,-0.18,119965,80400567.00,13567
2026-07-24 00:00:00,DEEPAKFERT,DEEPAK FERTILIZERS & PETR,1578.00,1589.50,1559.20,1573.20,1580.30,-0.45,30.30,1.92,-0.15,119918,188569749.60,10292
2026-07-24 00:00:00,20MICRONS,20 MICRONS LTD,210.00,210.00,202.63,204.23,209.81,-2.66,7.37,3.51,0.09,119240,24526344.21,2971
2026-07-24 00:00:00,KOLTEPATIL,KOLTE PATIL DEV. LTD.,388.00,395.00,384.25,391.25,388.30,0.76,10.75,2.77,-0.08,119088,46601006.85,3623
2026-07-24 00:00:00,KRSNAA,KRSNAA DIAGNOSTICS LTD,544.00,550.35,525.85,544.80,536.40,1.57,24.50,4.50,1.42,118998,64149234.75,7133
2026-07-24 00:00:00,SOLARWORLD,SOLARWORLD ENERGY SOL LTD,198.80,203.19,194.61,201.93,198.85,1.55,8.58,4.32,-0.03,118896,23662637.98,2379
2026-07-24 00:00:00,JLHL,JUPITER LIFE LINE HOSP L,313.90,327.00,306.30,323.20,1574.50,-79.47,20.70,6.59,-80.06,118808,37888545.30,5725
2026-07-24 00:00:00,INDOFARM,INDO FARM EQUIPMENT LTD,151.45,155.59,150.10,152.25,153.19,-0.61,5.49,3.62,-1.14,118332,18059274.07,2744
2026-07-24 00:00:00,POWERINDIA,HITACHI ENERGY INDIA LTD,32100.00,32395.00,30980.00,31070.00,32065.00,-3.10,1415.00,4.41,0.11,118166,3728702450.00,38958
2026-07-24 00:00:00,CEATLTD,CEAT LIMITED,3321.00,3357.00,3310.30,3328.60,3344.50,-0.48,46.70,1.41,-0.70,116666,388335420.50,21023
2026-07-24 00:00:00,MADHAVIPL,MADHAV INFRA PROJECTS L,8.05,8.18,7.69,7.85,7.99,-1.75,0.49,6.09,0.75,115513,910347.05,394
2026-07-24 00:00:00,CIFL,CAPITAL INDIA FINANCE LTD,20.93,20.93,19.80,20.05,20.49,-2.15,1.13,5.40,2.15,115314,2325320.23,654
2026-07-24 00:00:00,QUESS,QUESS CORP LIMITED,299.80,299.80,292.00,295.40,297.65,-0.76,7.80,2.60,0.72,115166,33963103.60,6353
2026-07-24 00:00:00,AURUM,AURUM PROPTECH LIMITED,225.01,227.00,220.00,221.25,226.19,-2.18,7.00,3.11,-0.52,114511,25524918.09,2451
2026-07-24 00:00:00,DOLATALGO,DOLAT ALGOTECH LIMITED,68.20,70.00,67.22,68.76,68.29,0.69,2.78,4.08,-0.13,114290,7766743.05,1429
2026-07-24 00:00:00,RESPONIND,RESPONSIVE INDUSTRIES LTD,176.20,177.25,172.98,176.02,176.97,-0.54,4.27,2.42,-0.44,114048,19979341.56,2598
2026-07-24 00:00:00,ABREL,ADITYA BIRLA REAL EST LTD,1390.10,1394.50,1359.10,1374.20,1398.10,-1.71,35.40,2.55,-0.57,113460,156068043.20,11691
2026-07-24 00:00:00,RADIANTCMS,RADIANT CASH MGMT SER LTD,37.50,37.50,36.70,36.93,36.93,0.00,0.80,2.13,1.54,113215,4184847.28,1135
2026-07-24 00:00:00,TIL,TIL LTD,205.69,215.50,202.24,211.39,205.77,2.73,13.26,6.45,-0.04,112645,23683964.33,2065
2026-07-24 00:00:00,SUPRIYA,SUPRIYA LIFESCIENCE LTD,832.90,846.00,820.00,840.50,832.90,0.91,26.00,3.12,0.00,112250,93793285.80,7766
2026-07-24 00:00:00,FORCEMOT,FORCE MOTORS LIMITED,17400.00,17880.00,17172.00,17620.00,17410.00,1.21,708.00,4.07,-0.06,112140,1978115974.00,30357
2026-07-24 00:00:00,WELENT,WELSPUN ENTERPRISES LTD.,600.00,604.30,591.10,598.80,602.00,-0.53,13.20,2.20,-0.33,112104,67010182.25,8526
2026-07-24 00:00:00,AKI,AKI INDIA LIMITED,4.46,4.46,4.23,4.26,4.44,-4.05,0.23,5.16,0.45,112055,478291.92,256
2026-07-24 00:00:00,GRAUWEIL,GRAUER & WEIL IND LTD,72.72,74.90,72.72,73.97,73.79,0.24,2.18,3.00,-1.45,111702,8222198.63,2079
2026-07-24 00:00:00,CENTRUM,CENTRUM CAPITAL LIMITED,23.00,23.97,22.76,23.66,23.18,2.07,1.21,5.26,-0.78,111324,2596531.29,818
2026-07-24 00:00:00,GODREJAGRO,GODREJ AGROVET LIMITED,562.05,577.85,556.50,573.60,561.20,2.21,21.35,3.80,0.15,111216,63231678.45,8738
2026-07-24 00:00:00,EUREKAFORB,EUREKA FORBES LIMITED,430.00,434.75,424.90,432.15,433.65,-0.35,9.85,2.29,-0.84,110367,47421652.50,11233
2026-07-24 00:00:00,CARBORUNIV,CARBORUNDUM UNIVERSAL LTD,1050.00,1072.00,1035.50,1064.30,1056.10,0.78,36.50,3.48,-0.58,110297,116718781.50,9885
2026-07-24 00:00:00,DHAMPURSUG,DHAMPUR SUGAR MILLS LTD.,142.00,142.99,139.50,142.12,142.18,-0.04,3.49,2.46,-0.13,109650,15463929.10,1680
2026-07-24 00:00:00,BRIGHOTEL,BRIGADE HOTEL VENTURE LTD,60.30,61.72,59.98,60.16,61.41,-2.04,1.74,2.89,-1.81,109432,6613857.59,2448
2026-07-24 00:00:00,SHINDL,SHARAT INDUSTRIES LTD.,162.64,162.64,158.00,158.12,162.62,-2.77,4.64,2.85,0.01,109378,17445329.66,469
2026-07-24 00:00:00,FACT,FACT LTD,805.00,814.80,789.10,809.30,805.75,0.44,25.70,3.19,-0.09,109204,87299913.15,7915
2026-07-24 00:00:00,SCANSTL,SCAN STEELS LTD.,49.60,50.00,47.42,49.79,49.60,0.38,2.58,5.20,0.00,109025,5358548.15,1413
2026-07-24 00:00:00,PRECWIRE,PRECISION WIRES INDIA LTD,364.10,374.00,363.05,372.50,367.80,1.28,10.95,3.01,-1.01,108921,40284901.55,7544
2026-07-24 00:00:00,AVONMORE,AVONMORE CAP&MGT SERV LTD,9.50,9.80,9.22,9.39,9.61,-2.29,0.58,6.11,-1.14,107725,1016825.49,762
2026-07-24 00:00:00,ANTGRAPHIC,ANTARCTICA LTD,0.76,0.77,0.75,0.75,0.75,0.00,0.02,2.63,1.33,106797,80494.37,129
2026-07-24 00:00:00,RISHABH,RISHABH INSTRUMENTS LTD,622.20,633.05,612.00,622.30,632.25,-1.57,21.05,3.38,-1.59,106428,66129522.30,5585
2026-07-24 00:00:00,BEML,BEML LIMITED,1716.00,1730.00,1697.00,1713.20,1730.70,-1.01,33.00,1.92,-0.85,106026,181694801.60,14266
2026-07-24 00:00:00,SBIBPB,SBIAMC - SBIBPB,48.34,48.52,47.48,48.32,48.10,0.46,1.04,2.15,0.50,105555,5080946.59,452
2026-07-24 00:00:00,ARTEMISMED,ARTEMIS MED SERVICE LTD,271.85,277.50,267.30,275.75,271.85,1.43,10.20,3.75,0.00,104825,28706169.95,3934
2026-07-24 00:00:00,NDTV,NDTV LTD,75.20,76.95,74.63,76.66,75.68,1.29,2.32,3.09,-0.63,104226,7909227.15,1176
2026-07-24 00:00:00,MOENERGY,MOTILALAMC - MOENERGY,39.27,39.36,38.71,39.06,39.08,-0.05,0.65,1.66,0.49,104122,4058991.52,703
2026-07-24 00:00:00,ICEMAKE,ICE MAKE REFRIGERAT LTD,850.00,901.00,845.20,865.70,853.95,1.38,55.80,6.56,-0.46,103589,90381430.45,6855
2026-07-24 00:00:00,SIGNPOST,SIGNPOST INDIA LIMITED,310.00,311.90,300.05,309.40,301.30,2.69,11.85,3.82,2.89,103543,31794622.70,3942
2026-07-24 00:00:00,OMPOWER,OM POWER TRANSMISSION LTD,166.00,169.56,165.14,169.20,165.84,2.03,4.42,2.66,0.10,102833,17216446.93,1691
2026-07-24 00:00:00,PRIMESECU,PRIME SECURITIES LIMITED,276.00,292.00,272.20,274.45,279.40,-1.77,19.80,7.17,-1.22,102738,28846854.65,3037
2026-07-24 00:00:00,TECHNOE,TECHNO ELEC & ENG CO. LTD,990.00,1004.00,985.40,991.80,995.20,-0.34,18.60,1.88,-0.52,102586,101922060.20,9170
2026-07-24 00:00:00,HMVL,HINDUSTAN MEDIA VENT LTD,88.85,93.64,87.10,93.40,88.90,5.06,6.54,7.36,-0.06,102542,9435679.62,2285
2026-07-24 00:00:00,DANGEE,DANGEE DUMS LIMITED,2.97,3.07,2.87,2.95,3.01,-1.99,0.20,6.73,-1.33,102415,301572.51,155
2026-07-24 00:00:00,GANECOS,GANESHA ECOSPHERE LIMITED,1188.00,1214.70,1158.30,1209.40,1194.75,1.23,56.40,4.75,-0.56,102377,121803849.70,7230
2026-07-24 00:00:00,POLYPLEX,POLYPLEX CORPORATION LTD,1150.00,1150.00,1110.15,1128.95,1142.15,-1.16,39.85,3.47,0.69,101805,114549227.15,6536
2026-07-24 00:00:00,PURVA,PURAVANKARA LIMITED,210.00,214.69,209.00,213.35,211.70,0.78,5.69,2.71,-0.80,101573,21542222.40,3219
2026-07-24 00:00:00,SIS,SIS LIMITED,440.80,441.05,434.00,437.55,438.70,-0.26,7.05,1.60,0.48,101463,44369707.45,4958
2026-07-24 00:00:00,INDRAMEDCO,INDRAPRASTHA MEDICAL CORP,366.10,366.75,360.00,364.60,366.90,-0.63,6.75,1.84,-0.22,101164,36738471.60,3819
2026-07-24 00:00:00,BFINVEST,BF INVESTMENT LIMITED,450.00,464.40,438.50,460.05,451.10,1.98,25.90,5.76,-0.24,101143,45669083.35,3326
2026-07-24 00:00:00,ESSARSHPNG,ESSAR SHIPPING LTD,20.50,20.50,19.61,20.17,20.03,0.70,0.89,4.34,2.35,100904,2014191.47,714
2026-07-24 00:00:00,ESCORTS,ESCORTS KUBOTA LIMITED,2900.00,2923.70,2880.00,2905.10,2907.10,-0.07,43.70,1.51,-0.24,100725,292265324.40,17763
2026-07-24 00:00:00,WEWORK,WEWORK INDIA MANAGEMENT L,695.00,714.90,686.60,711.95,700.00,1.71,28.30,4.07,-0.71,100600,70568001.75,8788
2026-07-24 00:00:00,MONQ50,MOTILALAMC - MONQ50,142.45,142.45,142.45,142.45,142.42,0.02,0.00,0.00,0.02,100538,14321638.10,262
2026-07-24 00:00:00,TMB,TAMILNAD MERCA BANK LTD,799.00,808.95,788.00,804.50,799.40,0.64,20.95,2.62,-0.05,100157,80050127.10,7045
2026-07-24 00:00:00,ADVENZYMES,ADVANCED ENZYME TECH LTD,312.80,319.30,309.45,317.35,314.25,0.99,9.85,3.15,-0.46,100149,31505312.00,4619
2026-07-24 00:00:00,RIIL,RELIANCE INDUSTRIAL INFRA,736.00,741.95,719.45,729.55,742.15,-1.70,22.50,3.06,-0.83,100144,72956623.60,4972
2026-07-24 00:00:00,CONTROLPR,CONTROL PRINT LIMITED,568.00,595.90,561.00,590.55,573.70,2.94,34.90,6.14,-0.99,99847,58307918.40,6296
2026-07-24 00:00:00,MEDIASSIST,MEDI ASSIST HEALTH SER L,337.00,341.00,334.55,340.05,338.25,0.53,6.45,1.91,-0.37,99737,33748871.15,4421
2026-07-24 00:00:00,APEX,APEX FROZEN FOODS LIMITED,380.10,388.20,378.20,381.00,382.35,-0.35,10.00,2.63,-0.59,99690,38055138.80,4134
2026-07-24 00:00:00,CARYSIL,CARYSIL LIMITED,1111.00,1144.70,1094.20,1125.70,1116.50,0.82,50.50,4.55,-0.49,99644,111226068.60,8202
2026-07-24 00:00:00,MANYAVAR,VEDANT FASHIONS LIMITED,398.00,406.90,396.00,402.30,402.15,0.04,10.90,2.74,-1.03,99319,39843029.20,7889
2026-07-24 00:00:00,JTEKTINDIA,JTEKT INDIA LIMITED,130.50,132.50,129.05,131.62,131.34,0.21,3.45,2.64,-0.64,99286,13034449.43,1683
2026-07-24 00:00:00,VSSL,VARDHMAN SPC STEEL LTD,292.30,298.40,288.85,296.25,297.70,-0.49,9.55,3.27,-1.81,99167,29158104.75,2896
2026-07-24 00:00:00,BERGEPAINT,BERGER PAINTS (I) LTD,489.70,499.90,488.90,497.95,493.60,0.88,11.00,2.25,-0.79,99047,49057579.75,9344
2026-07-24 00:00:00,MUKANDLTD,MUKAND LTD.,137.50,139.35,136.11,138.40,138.55,-0.11,3.24,2.36,-0.76,98875,13623304.28,2218
2026-07-24 00:00:00,COSMOFIRST,COSMO FIRST LIMITED,877.55,886.30,862.00,881.00,877.55,0.39,24.30,2.77,0.00,98772,86633080.15,8220
2026-07-24 00:00:00,CORALFINAC,CORAL INDIA FIN & HOUS LT,30.71,36.74,30.61,32.50,31.33,3.73,6.13,19.96,-1.98,98092,3259018.03,898
2026-07-24 00:00:00,INDIANHUME,INDIAN HUME PIPE CO. LTD.,371.45,389.40,368.60,387.15,371.40,4.24,20.80,5.60,0.01,97958,37413449.45,4005
2026-07-24 00:00:00,GLOBE,GLOBE ENTERPRISE (I) LTD,2.09,2.16,2.09,2.14,2.13,0.47,0.07,3.35,-1.88,97937,208851.46,128
2026-07-24 00:00:00,KERNEX,KERNEX MICROSYS(I) LTD,2178.00,2215.90,2129.00,2205.20,2220.50,-0.69,86.90,3.99,-1.91,97918,213551831.60,7244
2026-07-24 00:00:00,SANDHAR,SANDHAR TECHNOLOGIES LTD,584.65,598.25,575.00,593.95,585.70,1.41,23.25,3.98,-0.18,97744,57624638.85,5901
2026-07-24 00:00:00,NIFTY1,KOTAK NIFTY ETF,267.60,267.60,262.22,264.09,264.95,-0.32,5.38,2.01,1.00,97704,25720646.25,1604
2026-07-24 00:00:00,FLUOROCHEM,GUJARAT FLUOROCHEM LTD,4527.30,4600.10,4470.00,4573.70,4577.20,-0.08,130.10,2.87,-1.09,97679,443566306.10,12818
2026-07-24 00:00:00,LAXMIDENTL,LAXMI DENTAL LIMITED,212.10,219.05,211.00,216.44,215.27,0.54,8.05,3.80,-1.47,97347,20839843.39,2642
2026-07-24 00:00:00,IZMO,IZMO LIMITED,1070.00,1124.00,1045.10,1104.50,1077.60,2.50,78.90,7.37,-0.71,96895,105615716.80,7984
2026-07-24 00:00:00,FDC,FDC LIMITED,399.50,416.05,397.05,412.95,401.25,2.92,19.00,4.76,-0.44,96778,39500780.55,4968
2026-07-24 00:00:00,ASHIMASYN,ASHIMA LTD,17.00,17.19,16.74,16.85,16.95,-0.59,0.45,2.65,0.29,96050,1622743.61,334
2026-07-24 00:00:00,KIRLFER,KIRLOSKAR FERROUS IND LTD,462.35,476.00,457.05,470.65,464.70,1.28,18.95,4.10,-0.51,95458,44719669.80,6719
2026-07-24 00:00:00,MASFIN,MAS FINANCIAL SERV LTD,311.10,314.80,309.10,313.55,315.00,-0.46,5.70,1.83,-1.24,95018,29755932.85,5174
2026-07-24 00:00:00,ICICIAMC,ICICI PRUDENTIAL AMC LTD,3108.00,3130.50,3091.00,3125.60,3132.00,-0.20,39.50,1.27,-0.77,94889,295762740.50,10669
2026-07-24 00:00:00,TALBROAUTO,TALBROS AUTO. COMP. LTD,390.00,396.00,386.95,391.75,395.20,-0.87,9.05,2.32,-1.32,94804,37049578.60,3783
2026-07-24 00:00:00,NELCAST,NELCAST LIMITED,130.50,135.99,130.50,134.47,133.08,1.04,5.49,4.21,-1.94,94731,12594009.31,1896
2026-07-24 00:00:00,KAYA,KAYA LIMITED,266.00,284.80,258.00,282.63,264.99,6.66,26.80,10.08,0.38,94336,25978424.42,1837
2026-07-24 00:00:00,ANTELOPUS,ANTELOPUS SELAN ENRGY LTD,904.00,907.75,865.15,894.45,893.75,0.08,42.60,4.71,1.15,93995,83459461.25,5512
2026-07-24 00:00:00,GOODLUCK,GOODLUCK INDIA LIMITED,1518.00,1534.60,1488.20,1511.60,1525.60,-0.92,46.40,3.06,-0.50,93900,141892036.70,10813
2026-07-24 00:00:00,ORIENTLTD,ORIENT PRESS LIMITED,74.00,89.29,73.00,89.29,74.41,20.00,16.29,22.01,-0.55,93729,8015566.08,918
2026-07-24 00:00:00,CARRARO,CARRARO INDIA LIMITED,535.10,541.80,526.00,534.00,537.05,-0.57,15.80,2.95,-0.36,93645,49933591.80,9022
2026-07-24 00:00:00,CINELINE,CINELINE INDIA LIMITED,80.32,87.50,78.02,86.71,80.32,7.96,9.48,11.80,0.00,93602,7894477.66,1222
2026-07-24 00:00:00,MOLDTKPAC,MOLD-TEK PACKAGING LTD,724.45,736.00,707.25,727.45,713.75,1.92,28.75,3.97,1.50,93298,67330333.00,6604
2026-07-24 00:00:00,KUANTUM,KUANTUM PAPERS LIMITED,79.70,80.19,76.99,77.36,79.68,-2.91,3.20,4.02,0.03,93014,7260110.61,1429
2026-07-24 00:00:00,XCHANGING,XCHANGING SOLUTIONS LTD,63.60,64.50,62.70,64.04,63.91,0.20,1.80,2.83,-0.49,92873,5903337.68,1110
2026-07-24 00:00:00,JASH,JASH ENGINEERING LIMITED,501.70,512.50,500.00,508.00,510.55,-0.50,12.50,2.49,-1.73,92362,46774586.50,5189
2026-07-24 00:00:00,GMMPFAUDLR,GMM PFAUDLER LIMITED,791.00,817.00,786.15,808.05,796.50,1.45,30.85,3.90,-0.69,92348,74032901.15,5666
2026-07-24 00:00:00,CAPITALSFB,CAPITAL SMALL FIN BANK L,298.15,298.15,287.00,292.00,299.55,-2.52,11.15,3.74,-0.47,92246,27010244.60,2959
2026-07-24 00:00:00,DEEPAKNTR,DEEPAK NITRITE LTD,1647.00,1663.50,1634.50,1649.60,1653.80,-0.25,29.00,1.76,-0.41,91731,151390232.90,11421
2026-07-24 00:00:00,IITL,INDUSTRIAL INV TRUST LTD,128.27,139.98,125.56,132.02,127.28,3.72,14.42,11.24,0.78,91522,11752156.57,437
2026-07-24 00:00:00,MOMIDMTM,MOTILALAMC - MOMIDMTM,63.58,63.58,61.71,62.64,62.48,0.26,1.87,2.94,1.76,91475,5686343.44,718
2026-07-24 00:00:00,SPAL,S. P. APPARELS LIMITED,963.40,1026.60,963.40,1002.80,977.40,2.60,63.20,6.56,-1.43,91370,91318811.50,12589
2026-07-24 00:00:00,MURUDCERA,MURUDESHWAR CERAMICS LTD,31.00,31.94,29.30,30.40,30.92,-1.68,2.64,8.52,0.26,91031,2830086.17,502
2026-07-24 00:00:00,GRINDWELL,GRINDWELL NORTON LIMITED,1990.00,2043.40,1984.80,2011.60,2004.00,0.38,58.60,2.94,-0.70,90565,182050781.20,16881
2026-07-24 00:00:00,NIFTYAXIS,AXISAMC-NIFTYAXIS,262.45,263.68,261.16,263.28,263.93,-0.25,2.52,0.96,-0.56,89516,23489640.70,343
2026-07-24 00:00:00,BAJEL,BAJEL PROJECTS LIMITED,180.75,180.75,175.95,178.90,179.18,-0.16,4.80,2.66,0.88,89469,15915816.53,1787
2026-07-24 00:00:00,MAGNUM,MAGNUM VENTURES LTD.,19.08,20.20,18.52,19.42,19.08,1.78,1.68,8.81,0.00,89282,1737724.17,169
2026-07-24 00:00:00,PRSMJOHNSN,PRISM JOHNSON LIMITED,107.50,109.50,106.01,108.02,108.02,0.00,3.49,3.25,-0.48,89164,9554714.87,2532
2026-07-24 00:00:00,CAPTRUST,CAPITAL TRUST LIMITED,14.72,15.48,14.65,14.65,15.42,-4.99,0.83,5.64,-4.54,89085,1322344.01,286
2026-07-24 00:00:00,GICL,GLOBE INTL CARRIERS LTD,16.11,16.88,16.11,16.72,16.26,2.83,0.77,4.78,-0.92,88413,1461472.68,339
2026-07-24 00:00:00,THERMAX,THERMAX LTD,4568.00,4573.00,4465.50,4514.00,4578.00,-1.40,107.50,2.35,-0.22,88245,398200077.50,16947
2026-07-24 00:00:00,PRAVEG,PRAVEG LTD.,293.00,294.74,283.00,285.08,295.48,-3.52,11.74,4.01,-0.84,88092,25292870.60,1696
2026-07-24 00:00:00,GREENPANEL,GREENPANEL INDUSTRIES LTD,192.40,194.99,189.30,194.24,193.34,0.47,5.69,2.96,-0.49,87815,16848670.88,3746
2026-07-24 00:00:00,MGL,MAHANAGAR GAS LTD.,1065.00,1082.90,1064.50,1077.00,1067.40,0.90,18.40,1.73,-0.22,87747,94349993.70,10890
2026-07-24 00:00:00,ONESOURCE,ONESOURCE SPECL PHARMA L,1637.00,1663.20,1631.90,1653.90,1654.30,-0.02,31.30,1.91,-1.05,87251,143548583.40,11825
2026-07-24 00:00:00,NEPHROPLUS,NEPHROCARE HEALTH SERV L,677.90,687.00,668.50,673.10,677.90,-0.71,18.50,2.73,0.00,87056,58937562.35,8269
2026-07-24 00:00:00,GIPCL,GUJ IND POW CO. LTD,155.50,157.93,154.06,157.23,156.77,0.29,3.87,2.49,-0.81,86967,13581074.63,1809
2026-07-24 00:00:00,LPDC,LANDMARK PR.DEV.CO.LTD,6.11,6.35,6.00,6.10,6.18,-1.29,0.35,5.73,-1.13,86801,526659.94,322
2026-07-24 00:00:00,KRONOX,KRONOX LAB SCIENCES LTD,152.41,155.88,148.00,154.39,152.41,1.30,7.88,5.17,0.00,86661,13176533.76,1829
2026-07-24 00:00:00,STARCEMENT,STAR CEMENT LIMITED,203.10,205.39,201.83,204.88,204.01,0.43,3.56,1.75,-0.45,86528,17634528.65,2776
2026-07-24 00:00:00,JARO,JARO INS OF TEC MG N RE L,460.15,478.20,460.10,475.70,463.10,2.72,18.10,3.93,-0.64,86394,40819056.65,3296
2026-07-24 00:00:00,GNRL,GUJARAT NATURAL RES L,90.50,94.00,88.20,92.53,91.88,0.71,5.80,6.41,-1.50,86374,7848939.57,1671
2026-07-24 00:00:00,WSI,W.S.INDUSTRIES (I) LTD.,61.40,63.29,60.10,62.31,61.40,1.48,3.19,5.20,0.00,86023,5251293.51,734
2026-07-24 00:00:00,AURIONPRO,AURIONPRO SOLN LTD,803.05,829.00,800.00,825.45,808.45,2.10,29.00,3.61,-0.67,86003,70102628.75,5079
2026-07-24 00:00:00,SATIA,SATIA INDUSTRIES LIMITED,61.55,62.28,60.10,60.45,62.54,-3.34,2.18,3.54,-1.58,85926,5249389.92,1190
2026-07-24 00:00:00,HPL,HPL ELECTRIC & POWER LTD,337.00,337.00,326.00,333.50,337.15,-1.08,11.00,3.26,-0.04,85249,28342225.80,3391
2026-07-24 00:00:00,GLOBUSSPR,GLOBUS SPIRITS LTD,860.70,884.75,853.05,880.45,860.70,2.29,31.70,3.68,0.00,84956,74298692.50,6610
2026-07-24 00:00:00,INDGN,INDEGENE LIMITED,487.00,495.00,486.10,492.65,488.50,0.85,8.90,1.83,-0.31,84358,41426313.65,5727
2026-07-24 00:00:00,LTTS,L&T TECHNOLOGY SER. LTD.,3365.00,3448.00,3337.50,3418.10,3375.30,1.27,110.50,3.28,-0.31,84347,286969524.10,12420
2026-07-24 00:00:00,CRISIL,CRISIL LTD,4401.80,4420.80,4261.10,4347.20,4399.60,-1.19,159.70,3.63,0.05,84133,365025421.10,18901
2026-07-24 00:00:00,INDIAGLYCO,INDIA GLYCOLS LTD,1162.00,1175.30,1142.05,1157.80,1173.30,-1.32,33.25,2.86,-0.96,83732,96881632.30,6127
2026-07-24 00:00:00,RKSWAMY,R K SWAMY LIMITED,101.87,103.30,99.92,101.37,99.86,1.51,3.38,3.32,2.01,83008,8417326.31,1409
2026-07-24 00:00:00,AARTIDRUGS,AARTI DRUGS LTD.,409.00,410.00,401.00,404.50,410.00,-1.34,9.00,2.20,-0.24,82935,33527313.05,3031
2026-07-24 00:00:00,GODAVARIB,GODAVARI BIOREFINERIES L,274.95,280.20,271.85,278.90,275.90,1.09,8.35,3.04,-0.34,82909,22967499.95,2411
2026-07-24 00:00:00,SUPREMEINF,SUPREME INFRA. LTD.,84.16,85.31,82.00,82.53,85.31,-3.26,3.31,3.93,-1.35,82318,6879327.47,1970
2026-07-24 00:00:00,ATULAUTO,ATUL AUTO LIMITED,468.10,477.70,461.95,473.40,473.70,-0.06,15.75,3.36,-1.18,82160,38565608.85,3904
2026-07-24 00:00:00,ORIENTTECH,ORIENT TECHNOLOGIES LTD,255.50,259.95,253.16,258.78,257.16,0.63,6.79,2.66,-0.65,82147,21111378.28,3201
2026-07-24 00:00:00,SUVIDHAA,SUVIDHAA INFOSERVE LTD,2.63,2.63,2.41,2.50,2.51,-0.40,0.22,8.37,4.78,81859,204180.67,151
2026-07-24 00:00:00,GROWWSC250,GROWWAMC - GROWWSC250,10.21,10.28,10.02,10.17,10.21,-0.39,0.26,2.55,0.00,81613,826058.40,585
2026-07-24 00:00:00,SADBHAV,SADBHAV ENGINEERING LTD,7.98,7.99,7.70,7.90,7.84,0.77,0.29,3.63,1.79,81419,635665.42,275
2026-07-24 00:00:00,COUNCODOS,COUNTRY CONDO S LIMITED,6.65,6.65,6.25,6.40,6.52,-1.84,0.40,6.02,1.99,81339,519287.74,208
2026-07-24 00:00:00,SHARDACROP,SHARDA CROPCHEM LTD.,859.05,877.00,855.00,872.95,868.60,0.50,22.00,2.56,-1.10,81034,70089539.80,6027
2026-07-24 00:00:00,LUMAXTECH,LUMAX AUTO TECH LTD,1462.50,1472.50,1430.00,1465.80,1474.50,-0.59,42.50,2.91,-0.81,80809,117228736.30,11295
2026-07-24 00:00:00,MUFTI,CREDO BRANDS MARKETING L,83.00,84.50,81.38,82.92,83.37,-0.54,3.12,3.76,-0.44,80754,6708038.08,2055
2026-07-24 00:00:00,STAR,STRIDES PHARMA SCI LTD,1031.60,1034.40,1014.60,1020.00,1031.60,-1.12,19.80,1.92,0.00,80520,82332362.30,9526
2026-07-24 00:00:00,UNIMECH,UNIMECH AEROSPACE N MFG L,1216.80,1247.90,1190.00,1237.40,1215.30,1.82,57.90,4.76,0.12,80383,98319462.90,7387
2026-07-24 00:00:00,UNIPARTS,UNIPARTS INDIA LIMITED,672.95,692.00,660.00,689.50,673.00,2.45,32.00,4.76,-0.01,80350,54614782.70,4590
2026-07-24 00:00:00,SUPRAJIT,SUPRAJIT ENGINEERING LTD,488.45,488.45,467.00,484.45,487.50,-0.63,21.45,4.39,0.19,80033,38492259.15,5791
2026-07-24 00:00:00,SCHAEFFLER,SCHAEFFLER INDIA LIMITED,4050.00,4125.00,3950.10,4107.70,4093.20,0.35,174.90,4.32,-1.06,79917,324943479.30,16989
2026-07-24 00:00:00,RANASUG,RANA SUGARS LTD.,11.80,11.87,11.52,11.78,11.64,1.20,0.35,2.97,1.37,79816,936444.28,380
2026-07-24 00:00:00,DATAMATICS,DATAMATICS GLOBAL SER LTD,830.00,830.05,814.35,821.50,833.90,-1.49,15.70,1.89,-0.47,79520,65268215.10,4506
2026-07-24 00:00:00,ZUARI,ZUARI AGRO CHEMICALS LTD,219.90,224.99,215.25,219.86,220.70,-0.38,9.74,4.43,-0.36,79247,17326493.03,3616
2026-07-24 00:00:00,IPCALAB,IPCA LABORATORIES LTD,1765.00,1788.90,1747.00,1762.70,1771.20,-0.48,41.90,2.37,-0.35,79195,139849463.80,9987
2026-07-24 00:00:00,GROWWN200,GROWWAMC - GROWWN200,11.35,11.35,11.10,11.23,11.25,-0.18,0.25,2.20,0.89,78967,881349.02,270
2026-07-24 00:00:00,ATL,ALLCARGO TERMINALS LTD,22.50,23.08,22.18,22.81,22.81,0.00,0.90,4.00,-1.36,78830,1795503.73,508
2026-07-24 00:00:00,TARACHAND,TARA CHAND INFRA SOLN LTD,55.16,55.35,53.56,54.99,55.16,-0.31,1.79,3.25,0.00,78706,4301058.91,970
2026-07-24 00:00:00,TRU,TRUCAP FINANCE LIMITED,4.88,5.08,4.72,4.88,4.88,0.00,0.36,7.38,0.00,78567,379704.90,198
2026-07-24 00:00:00,FLAIR,FLAIR WRITING INDUST LTD,245.55,254.75,242.90,252.50,245.55,2.83,11.85,4.83,0.00,78394,19584445.90,1859
2026-07-24 00:00:00,VALUE,MIRAEAMC - VALUE,15.91,16.00,15.81,15.99,16.01,-0.12,0.19,1.19,-0.62,77948,1238305.84,96
2026-07-24 00:00:00,TIMKEN,TIMKEN INDIA LTD.,3083.50,3168.00,3053.80,3127.00,3083.10,1.42,114.20,3.70,0.01,77943,243472534.60,14909
2026-07-24 00:00:00,AKG,AKG EXIM LIMITED,9.32,10.80,9.01,10.46,9.32,12.23,1.79,19.21,0.00,77896,796569.54,262
2026-07-24 00:00:00,RAYMONDLSL,RAYMOND LIFESTYLE LIMITED,712.00,718.25,700.05,714.95,715.95,-0.14,18.20,2.56,-0.55,77620,55066044.65,4263
2026-07-24 00:00:00,BELLACASA,BELLA CASA FASH AND RET L,240.00,253.40,236.60,239.50,244.75,-2.15,16.80,7.00,-1.94,77588,19140141.00,1340
2026-07-24 00:00:00,GANESHCP,GANESH CONSUMER PRODUCT L,171.83,175.19,169.31,171.84,170.57,0.74,5.88,3.42,0.74,77531,13385337.79,2360
2026-07-24 00:00:00,KOHINOOR,KOHINOOR FOODS LIMITED,22.56,23.20,22.32,22.92,22.56,1.60,0.88,3.90,0.00,77468,1763462.43,2124
2026-07-24 00:00:00,KMSUGAR,K M SUGAR MILLS LTD,27.80,27.98,27.00,27.66,27.88,-0.79,0.98,3.53,-0.29,77377,2124590.18,988
2026-07-24 00:00:00,IMFA,INDIAN METALS & FERRO,1330.00,1349.00,1300.10,1340.10,1336.30,0.28,48.90,3.68,-0.47,77233,102258970.30,8894
2026-07-24 00:00:00,MAXESTATES,MAX ESTATES LIMITED,378.00,389.95,378.00,387.15,384.25,0.75,11.95,3.16,-1.63,76888,29434263.90,2058
2026-07-24 00:00:00,MBEL,M AND B ENGINEERING LTD,291.00,297.75,287.45,296.30,291.25,1.73,10.30,3.54,-0.09,76520,22421594.05,5920
2026-07-24 00:00:00,UGARSUGAR,THE UGAR SUGAR WORKS LTD,39.28,39.97,38.80,39.72,39.16,1.43,1.17,2.98,0.31,76448,3000109.61,1011
2026-07-24 00:00:00,SOLARINDS,SOLAR INDUSTRIES (I) LTD,18540.00,18619.00,18333.00,18494.00,18621.00,-0.68,286.00,1.54,-0.43,75835,1401088166.00,18474
2026-07-24 00:00:00,SAKHTISUG,SAKTHI SUGARS LTD,17.39,17.39,16.78,17.28,17.06,1.29,0.61,3.51,1.93,75811,1296300.33,301
2026-07-24 00:00:00,PLASTIBLEN,PLASTIBLENDS INDIA LTD,186.37,190.89,185.57,188.85,189.77,-0.48,5.32,2.85,-1.79,75608,14243577.65,1674
2026-07-24 00:00:00,SRM,SRM CONTRACTORS LIMITED,502.45,512.90,487.10,507.60,502.45,1.02,25.80,5.13,0.00,75111,37525259.40,2594
2026-07-24 00:00:00,EVEREADY,EVEREADY INDS. IND.  LTD.,350.00,358.60,343.55,357.00,352.35,1.32,15.05,4.30,-0.67,74671,26275183.20,2581
2026-07-24 00:00:00,TRACXN,TRACXN TECHNOLOGIES LTD,30.10,30.32,29.51,29.70,29.99,-0.97,0.81,2.69,0.37,74556,2226907.70,656
2026-07-24 00:00:00,GICHSGFIN,GIC HOUSING FINANCE LTD,146.22,147.48,144.42,146.87,147.19,-0.22,3.06,2.09,-0.66,74492,10878867.67,1504
2026-07-24 00:00:00,ELPROINTL,ELPRO INTERNATIONAL LTD,175.00,177.20,174.50,176.52,175.02,0.86,2.70,1.54,-0.01,74371,13092153.28,505
2026-07-24 00:00:00,GKSL,GUJARAT KIDNEY N SUP SP L,127.00,129.25,126.70,128.20,127.30,0.71,2.55,2.01,-0.24,73624,9420287.05,1595
2026-07-24 00:00:00,BAJAJHLDNG,BAJAJ HOLDINGS & INVS LTD,10625.00,10750.00,10555.00,10679.00,10636.00,0.40,195.00,1.84,-0.10,73470,783969185.00,21827
2026-07-24 00:00:00,KMEW,KNOWLEDGE MARINE & EN W L,2311.00,2468.00,2310.40,2430.30,2341.60,3.79,157.60,6.82,-1.31,73439,175593069.60,10541
2026-07-24 00:00:00,DIFFNKG,DIFFUSION ENGINEERS LTD,385.15,398.80,377.30,395.35,385.10,2.66,21.50,5.58,0.01,72764,28350591.15,2914
2026-07-24 00:00:00,BOROLTD,BOROSIL LIMITED,231.45,237.49,226.37,232.34,233.45,-0.48,11.12,4.80,-0.86,72312,16770482.43,2533
2026-07-24 00:00:00,ALLTIME,ALL TIME PLASTICS LIMITED,224.39,225.00,219.00,220.87,223.86,-1.34,6.00,2.67,0.24,71787,15935701.35,1444
2026-07-24 00:00:00,STYRENIX,STYRENIX PERFORMANCE LTD,2432.90,2494.30,2403.50,2455.00,2432.80,0.91,90.80,3.73,0.00,71766,176881787.00,8770
2026-07-24 00:00:00,FOODSIN,FOODS & INNS LIMITED,55.87,55.87,53.85,55.05,55.24,-0.34,2.02,3.62,1.14,71555,3918461.83,984
2026-07-24 00:00:00,NEXT50BETA,UTIAMC-NEXT50BETA,77.57,78.00,76.75,77.75,77.48,0.35,1.25,1.61,0.12,71409,5509462.27,652
2026-07-24 00:00:00,SYMPHONY,SYMPHONY LIMITED,679.00,684.45,670.00,676.85,679.75,-0.43,14.45,2.13,-0.11,71198,48045627.40,5016
2026-07-24 00:00:00,ROSSARI,ROSSARI BIOTECH LIMITED,495.00,497.75,487.00,489.80,491.95,-0.44,10.75,2.17,0.62,71170,35002294.20,3024
2026-07-24 00:00:00,CAPLIPOINT,CAPLIN POINT LAB LTD.,2470.30,2515.10,2451.40,2467.10,2486.60,-0.78,63.70,2.58,-0.66,70836,176002204.30,10620
2026-07-24 00:00:00,KRISHNADEF,KRISHNA DEF AND ALD IND L,1296.20,1325.00,1271.90,1316.80,1309.30,0.57,53.10,4.10,-1.00,70677,91700318.00,6237
2026-07-24 00:00:00,FLEXIADD,DSPAMC - FLEXIADD,10.10,10.10,9.82,9.92,9.90,0.20,0.28,2.77,2.02,70558,697758.54,224
2026-07-24 00:00:00,ABSLPSE,BIRLASLAMC-ABSLPSE,10.35,10.35,10.23,10.33,10.35,-0.19,0.12,1.16,0.00,70463,725521.34,298
2026-07-24 00:00:00,NAVINFLUOR,NAVIN FLUORINE INT. LTD,7675.00,7708.00,7505.00,7520.00,7673.50,-2.00,203.00,2.64,0.02,70434,532900408.00,11827
2026-07-24 00:00:00,KALPATARU,KALPATARU LIMITED,270.55,270.55,265.15,266.35,270.55,-1.55,5.40,2.00,0.00,70067,18704564.10,2456
2026-07-24 00:00:00,MMFL,MM FORGINGS LTD,550.15,554.90,538.00,551.85,547.95,0.71,16.90,3.07,0.40,69897,38105417.20,2559
2026-07-24 00:00:00,BAIDFIN,BAID FINSERV LIMITED,9.81,10.90,9.42,9.86,9.88,-0.20,1.48,15.09,-0.71,69838,690805.53,305
2026-07-24 00:00:00,HINDWAREAP,HINDWARE HME INOVATON LTD,209.10,213.90,206.10,211.90,211.30,0.28,7.80,3.73,-1.04,69721,14691141.95,1922
2026-07-24 00:00:00,NDRAUTO,NDR AUTO COMPONENTS LTD,805.90,920.00,785.50,812.75,819.10,-0.78,134.50,16.69,-1.61,69694,58005099.75,14841
2026-07-24 00:00:00,ASHIANA,ASHIANA HOUSING LTD,382.20,389.00,375.10,386.70,379.25,1.96,13.90,3.64,0.78,69649,26625550.80,2729
2026-07-24 00:00:00,TAJGVK,TAJ GVK HOTELS & RESORTS,361.95,361.95,351.60,359.90,362.60,-0.74,10.35,2.86,-0.18,69629,24810862.30,2707
2026-07-24 00:00:00,JKIL,JKUMAR INFR.LTD.,491.00,492.20,480.75,485.65,492.45,-1.38,11.45,2.33,-0.29,69390,33575913.45,2726
2026-07-24 00:00:00,COMFINTE,COMFORT INTECH LTD.,5.61,5.61,5.41,5.44,5.49,-0.91,0.20,3.57,2.19,69279,378489.42,276
2026-07-24 00:00:00,MOKSH,MOKSH ORNAMENTS LIMITED,10.99,10.99,10.65,10.72,10.95,-2.10,0.34,3.09,0.37,69013,743833.39,218
2026-07-24 00:00:00,SEDEMAC,SEDEMAC MECHATRONICS LTD,2728.90,2773.80,2673.50,2689.20,2749.90,-2.21,100.30,3.68,-0.76,68966,187330128.30,11653
2026-07-24 00:00:00,MANGLMCEM,MANGALAM CEMENT LTD,950.25,986.20,950.25,984.05,982.65,0.14,35.95,3.78,-3.30,68805,67300055.15,1519
2026-07-24 00:00:00,CHOLAHLDNG,CHOLAMANDALAM FIN HOL LTD,1503.30,1528.80,1491.20,1516.70,1516.00,0.05,37.60,2.50,-0.84,68574,103752573.50,8717
2026-07-24 00:00:00,AGI,AGI GREENPAC LIMITED,665.00,680.45,657.50,672.85,669.75,0.46,22.95,3.45,-0.71,68125,45437102.30,4188
2026-07-24 00:00:00,MANORAMA,MANORAMA INDUSTRIES LTD,1579.90,1600.10,1567.30,1585.50,1579.90,0.35,32.80,2.08,0.00,67923,107675075.30,7291
2026-07-24 00:00:00,KSOLVES,KSOLVES INDIA LIMITED,285.10,285.20,273.05,280.90,280.70,0.07,12.15,4.26,1.57,67468,18787753.60,2583
2026-07-24 00:00:00,ENTERO,ENTERO HEALTHCARE SOLU L,1183.00,1235.10,1183.00,1229.60,1206.70,1.90,52.10,4.40,-1.96,67396,82371043.60,6213
2026-07-24 00:00:00,STOVEKRAFT,STOVE KRAFT LIMITED,742.00,779.00,735.40,773.40,745.60,3.73,43.60,5.88,-0.48,66837,50828864.75,5312
2026-07-24 00:00:00,BALMLAWRIE,BALMER LAWRIE & CO LTD,173.70,175.68,173.70,174.60,175.74,-0.65,1.98,1.14,-1.16,66405,11593347.02,1675
2026-07-24 00:00:00,VALUEAXIS,AXISAMC-VALUEAXIS,32.53,32.78,32.18,32.55,32.52,0.09,0.60,1.84,0.03,66296,2145871.47,346
2026-07-24 00:00:00,SESHAPAPER,SESHASAYEE PAPER & BOARDS,229.16,232.02,224.20,230.23,229.64,0.26,7.82,3.41,-0.21,66022,15076292.18,1684
2026-07-24 00:00:00,TEGA,TEGA INDUSTRIES LIMITED,1540.00,1581.90,1539.20,1560.30,1555.80,0.29,42.70,2.77,-1.02,65882,102853715.60,5367
2026-07-24 00:00:00,SURANASOL,SURANA SOLAR LIMITED,25.81,26.49,25.81,26.26,26.14,0.46,0.68,2.63,-1.26,65632,1720922.05,392
2026-07-24 00:00:00,JKLAKSHMI,JK LAKSHMI CEMENT LTD,570.55,577.60,564.30,572.50,573.55,-0.18,13.30,2.33,-0.52,65616,37387949.75,6086
2026-07-24 00:00:00,KSB,KSB LIMITED,865.00,875.00,840.10,866.05,870.25,-0.48,34.90,4.03,-0.60,65587,56532765.15,8945
2026-07-24 00:00:00,PRIVISCL,PRIVI SPECIALITY CHE LTD,3555.00,3622.00,3491.00,3595.20,3585.90,0.26,131.00,3.68,-0.86,65489,233752366.10,7997
2026-07-24 00:00:00,REPCOHOME,REPCO HOME FINANCE LTD,390.55,391.60,384.00,388.40,390.55,-0.55,7.60,1.95,0.00,65396,25368564.35,1878
2026-07-24 00:00:00,MAYURUNIQ,MAYUR UNIQUOTERS LTD,782.00,800.00,769.65,788.65,790.15,-0.19,30.35,3.88,-1.03,65366,51170960.55,11129
2026-07-24 00:00:00,AMRUTANJAN,AMRUTAJAN HEALTH LTD,518.00,518.00,505.05,509.00,519.80,-2.08,12.95,2.50,-0.35,65158,33304305.45,2555
2026-07-24 00:00:00,REMSONSIND,REMSONS INDUSTRIES LTD,77.70,79.20,76.20,78.31,78.82,-0.65,3.00,3.86,-1.42,64864,5036528.38,1291
2026-07-24 00:00:00,LOTUSEYE,LOTUS EYE HOSP & INST L,119.54,121.98,117.01,119.06,118.36,0.59,4.97,4.16,1.00,64806,7729120.22,500
2026-07-24 00:00:00,SPECTRUM,SPECTRUM ELECTRIC IND LTD,2344.90,2363.30,2203.60,2281.60,2331.00,-2.12,159.70,6.81,0.60,64610,147052394.40,6735
2026-07-24 00:00:00,VERANDA,VERANDA LEARNING SOL LTD,235.00,235.19,230.00,233.78,236.62,-1.20,5.19,2.21,-0.68,64532,15030024.14,2063
2026-07-24 00:00:00,HNDFDS,HINDUSTAN FOODS LIMITED,560.55,579.95,560.55,577.20,568.45,1.54,19.40,3.46,-1.39,64383,36935534.20,4082
2026-07-24 00:00:00,HIRECT,HIND RECTIFIER LIMITED,1266.10,1324.80,1255.50,1301.90,1285.00,1.32,69.30,5.47,-1.47,64247,83051613.70,5933
2026-07-24 00:00:00,BALKRISIND,BALKRISHNA IND. LTD,2002.00,2030.00,1982.10,2013.50,2011.40,0.10,47.90,2.39,-0.47,64236,129046935.30,7819
2026-07-24 00:00:00,ATLANTAA,ATLANTAA LIMITED,36.17,36.68,34.71,35.18,36.15,-2.68,1.97,5.45,0.06,64100,2278472.29,1767
2026-07-24 00:00:00,VISAKAIND,VISAKA INDUSTRIES LIMITED,80.00,80.60,79.01,79.85,80.24,-0.49,1.59,1.99,-0.30,63946,5107958.10,1048
2026-07-24 00:00:00,BUILDPRO,SHANKARA BUILDPRO LIMITED,1228.20,1258.00,1205.00,1236.20,1245.00,-0.71,53.00,4.32,-1.35,63942,79326271.40,5252
2026-07-24 00:00:00,SAIPARENT,SAI PARENTERALS LIMITED,535.85,546.05,529.00,535.60,539.70,-0.76,17.05,3.18,-0.71,63939,34340621.10,3535
2026-07-24 00:00:00,COASTCORP,COASTAL CORPORATION LTD,50.17,51.60,49.50,49.93,50.17,-0.48,2.10,4.19,0.00,63862,3207970.47,607
2026-07-24 00:00:00,ASAHISONG,ASAHI SONGWON COLOR LTD,322.00,336.00,317.00,332.95,318.90,4.41,19.00,5.90,0.97,63845,20970522.80,2826
2026-07-24 00:00:00,GLAXO,GLAXOSMITHKLINE PHARMA LT,2490.20,2525.80,2455.00,2514.30,2495.00,0.77,70.80,2.84,-0.19,63793,159024269.30,16875
2026-07-24 00:00:00,NILKAMAL,NILKAMAL LIMITED,1630.00,1703.00,1615.10,1676.10,1646.50,1.80,87.90,5.39,-1.00,63340,104576552.40,6418
2026-07-24 00:00:00,UNICHEMLAB,UNICHEM LABORATORIES LTD,531.05,542.45,526.10,537.35,531.05,1.19,16.35,3.08,0.00,63182,33880608.95,4898
2026-07-24 00:00:00,GSS,GSS INFOTECH LIMITED,12.27,12.27,11.90,12.11,12.28,-1.38,0.37,3.02,-0.08,63182,760899.54,105
2026-07-24 00:00:00,PRIMO,PRIMO CHEMICALS LIMITED,22.25,22.50,21.96,22.34,22.35,-0.04,0.54,2.43,-0.45,63165,1403309.31,339
2026-07-24 00:00:00,PARASPETRO,PARAS PETROFILS LTD.,2.02,2.02,1.96,1.99,1.99,0.00,0.06,2.97,1.51,62965,125151.69,142
2026-07-24 00:00:00,KIOCL,KIOCL LIMITED,348.00,350.85,341.25,348.75,351.15,-0.68,9.60,2.76,-0.90,62924,21810105.15,3405
2026-07-24 00:00:00,GENUSPAPER,GENUS P&B LIMITED,12.10,12.27,11.80,11.92,12.22,-2.45,0.47,3.88,-0.98,62817,753895.29,287
2026-07-24 00:00:00,ROSSTECH,ROSSELL TECHSYS LIMITED,972.00,989.00,950.00,983.30,974.45,0.91,39.00,4.01,-0.25,62779,60768550.65,4766
2026-07-24 00:00:00,MENNPIS,MENON PISTONS LTD.,75.90,77.20,73.60,73.97,75.62,-2.18,3.60,4.74,0.37,62729,4709832.87,1351
2026-07-24 00:00:00,ENERGYDEV,ENERGY DEVE. CO.LTD,16.45,17.95,16.45,17.45,16.83,3.68,1.50,9.12,-2.26,62692,1082431.06,358
2026-07-24 00:00:00,SHOPERSTOP,SHOPPERS STOP LIMITED,377.00,380.10,363.20,377.75,380.85,-0.81,16.90,4.48,-1.01,62560,23249104.00,5365
2026-07-24 00:00:00,VENUSPIPES,VENUS PIPES & TUBES LTD,1671.90,1714.90,1658.90,1700.10,1683.30,1.00,56.00,3.35,-0.68,62206,105046600.70,8152
2026-07-24 00:00:00,AAVAS,AAVAS FINANCIERS LIMITED,1350.00,1399.90,1350.00,1379.00,1385.90,-0.50,49.90,3.70,-2.59,62171,85154041.90,10892
2026-07-24 00:00:00,BHARTIHEXA,BHARTI HEXACOM LIMITED,1598.00,1612.50,1571.20,1607.60,1608.00,-0.02,41.30,2.58,-0.62,61953,98950538.30,12300
2026-07-24 00:00:00,CENTENKA,CENTURY ENKA LTD,555.35,583.50,555.35,574.20,565.25,1.58,28.15,5.07,-1.75,61703,35335253.30,3149
2026-07-24 00:00:00,OSWALGREEN,OSWAL GREENTECH LIMITED,20.81,20.94,20.37,20.71,20.81,-0.48,0.57,2.74,0.00,61627,1274648.87,655
2026-07-24 00:00:00,CORONA,CORONA REMEDIES LIMITED,2032.00,2120.90,2032.00,2113.00,2029.70,4.10,88.90,4.38,0.11,61596,128967701.90,9689
2026-07-24 00:00:00,EMULTIMQ,EDELAMC - EMULTIMQ,40.76,41.88,40.28,40.76,40.84,-0.20,1.60,3.93,-0.20,61477,2488739.90,234
2026-07-24 00:00:00,STANLEY,STANLEY LIFESTYLES LTD,154.50,155.00,152.40,153.85,154.18,-0.21,2.60,1.68,0.21,61432,9434171.22,1607
2026-07-24 00:00:00,TEXINFRA,TEXMACO INFRA & HOLDG LTD,111.77,113.86,111.00,112.42,113.51,-0.96,2.86,2.56,-1.53,61157,6869771.58,849
2026-07-24 00:00:00,PGIL,PEARL GLOBAL IND LIMITED,1936.90,1997.80,1932.10,1974.50,1949.80,1.27,65.70,3.39,-0.66,61015,120090476.10,8726
2026-07-24 00:00:00,ONWARDTEC,ONWARD TECHNOLOGIES LTD,292.00,293.95,282.00,290.65,291.45,-0.27,11.95,4.09,0.19,60942,17679399.75,2222
2026-07-24 00:00:00,GAYAHWS,GAYATRI HIGHWAYS LIMITED,1.89,1.92,1.83,1.88,1.89,-0.53,0.09,4.76,0.00,60814,113897.35,202
2026-07-24 00:00:00,DDEVPLSTIK,DDEV PLASTIKS IND LTD,270.60,278.00,267.40,275.65,272.25,1.25,10.60,3.92,-0.61,60174,16400251.15,2670
2026-07-24 00:00:00,GODREJIND,GODREJ INDUSTRIES LTD,1345.00,1345.00,1309.80,1332.20,1345.60,-1.00,35.20,2.62,-0.04,60119,79798105.40,8691
2026-07-24 00:00:00,LICNMID100,LICNAMC - LICNMID100,61.38,62.23,61.30,62.07,62.01,0.10,0.93,1.52,-1.02,59777,3687933.43,91
2026-07-24 00:00:00,APOLLOPIPE,APOLLO PIPES LIMITED,484.90,494.75,475.05,490.30,487.35,0.61,19.70,4.06,-0.50,59507,28805125.85,2952
2026-07-24 00:00:00,PRUDENT,PRUDENT CORP ADV SER LTD,2895.00,2895.00,2762.00,2858.90,2871.40,-0.44,133.00,4.59,0.82,59039,165342396.50,10754
2026-07-24 00:00:00,POLYMED,POLY MEDICURE LIMITED,1621.40,1676.00,1611.10,1664.00,1630.30,2.07,64.90,4.00,-0.55,59004,97387964.00,9553
2026-07-24 00:00:00,INNOVACAP,INNOVA CAPTAB LIMITED,964.35,965.90,934.55,950.45,967.95,-1.81,31.35,3.25,-0.37,58779,55699147.05,4589
2026-07-24 00:00:00,EMCURE,EMCURE PHARMACEUTICALS L,1864.20,1892.00,1855.40,1881.00,1869.50,0.62,36.60,1.96,-0.28,58594,109739972.20,9262
2026-07-24 00:00:00,POWERMECH,POWER MECH PROJECTS LTD.,2537.00,2616.40,2512.60,2593.60,2555.60,1.49,103.80,4.09,-0.73,58433,149926316.90,10562
2026-07-24 00:00:00,SHRIPISTON,SPR AUTO TECHNOLOGIES LTD,4265.10,4270.00,4121.50,4159.90,4277.90,-2.76,148.50,3.48,-0.30,58423,243595414.80,13543
2026-07-24 00:00:00,SMLMAH,SML MAHINDRA LIMITED,3903.40,3903.40,3766.00,3844.40,3899.30,-1.41,137.40,3.52,0.11,58187,222614934.20,9324
2026-07-24 00:00:00,AVROIND,AVRO INDIA LIMITED,8.99,9.15,8.65,8.82,8.80,0.23,0.50,5.56,2.16,57909,509257.38,327
2026-07-24 00:00:00,HAPPYFORGE,HAPPY FORGINGS LIMITED,1597.90,1630.90,1569.30,1615.50,1588.40,1.71,61.60,3.86,0.60,57255,92328731.40,9402
2026-07-24 00:00:00,RUPA,RUPA & COMPANY LTD,161.20,164.48,160.40,163.19,162.61,0.36,4.08,2.53,-0.87,57237,9287662.69,1954
2026-07-24 00:00:00,JUBLPHARMA,JUBILANT PHARMOVA LTD,960.20,971.10,950.60,965.35,970.80,-0.56,20.50,2.13,-1.09,57028,54899647.10,5393
2026-07-24 00:00:00,TGBHOTELS,TGB BANQUETS&HOTELS LTD,8.86,8.90,8.40,8.56,8.91,-3.93,0.50,5.64,-0.56,56827,490585.30,288
2026-07-24 00:00:00,KAVDEFENCE,KAVVERI DFS & WIR TEC LTD,57.40,57.40,55.25,57.06,56.95,0.19,2.15,3.75,0.79,56766,3216863.26,877
2026-07-24 00:00:00,PVSL,POPULAR VEHICLES N SER L,103.80,108.00,103.40,106.01,105.33,0.65,4.60,4.43,-1.45,56743,6018815.87,997
2026-07-24 00:00:00,RAINBOW,RAINBOW CHILDRENS MED LTD,1463.90,1475.30,1428.00,1457.80,1466.10,-0.57,47.30,3.23,-0.15,56582,82029068.90,7531
2026-07-24 00:00:00,RIR,RIR POWER ELECTRONICS L,157.00,158.00,155.10,157.51,157.66,-0.10,2.90,1.85,-0.42,56559,8857415.01,1651
2026-07-24 00:00:00,NV20,KOTAKMAMC - KTKNV20ETF,14.18,14.18,13.75,13.86,13.88,-0.14,0.43,3.03,2.16,56474,780778.28,219
2026-07-24 00:00:00,DMCC,DMCC SPECIALITY CHEMICALS,263.00,280.00,258.30,272.75,262.85,3.77,21.70,8.25,0.06,56294,15132142.00,2068
2026-07-24 00:00:00,COMSYN,COMMERCIAL SYN BAGS LTD,178.90,181.77,177.02,178.52,180.02,-0.83,4.75,2.66,-0.62,56288,10065500.78,1478
2026-07-24 00:00:00,JUNIPER,JUNIPER HOTELS LIMITED,195.00,195.00,190.81,193.07,194.86,-0.92,4.19,2.15,0.07,56221,10802309.71,1985
2026-07-24 00:00:00,AGARWALEYE,DR AGARWALS HEALTH CARE L,480.70,482.90,476.00,478.90,478.10,0.17,6.90,1.44,0.54,56096,26847029.40,8093
2026-07-24 00:00:00,ELECTHERM,ELECTROTHERM (I) LTD.,1029.00,1097.10,990.10,1008.20,997.40,1.08,107.00,10.40,3.17,55825,58296866.10,4280
2026-07-24 00:00:00,BAJAJELEC,BAJAJ ELECT.LTD,322.75,331.90,321.10,328.90,326.20,0.83,10.80,3.35,-1.06,55400,18016965.90,2539
2026-07-24 00:00:00,CCL,CCL PRODUCTS (I) LTD,1180.00,1199.50,1165.50,1183.60,1185.30,-0.14,34.00,2.88,-0.45,55391,65139085.70,9816
2026-07-24 00:00:00,ALKEM,ALKEM LABORATORIES LTD.,5561.50,5644.50,5561.50,5633.50,5602.00,0.56,83.00,1.49,-0.72,55151,309745429.50,12615
2026-07-24 00:00:00,TOP20,MIRAEAMC - TOP20,8.69,8.77,8.65,8.73,8.75,-0.23,0.12,1.38,-0.69,54931,476710.80,137
2026-07-24 00:00:00,HCG,HEALTHCARE GLOB. ENT. LTD,674.80,675.00,660.65,666.55,669.90,-0.50,14.35,2.13,0.73,54767,36518139.30,6940
2026-07-24 00:00:00,VENKEYS,VENKY S (INDIA) LIMITED,1509.10,1534.80,1490.10,1505.20,1508.50,-0.22,44.70,2.96,0.04,54554,82229217.00,4151
2026-07-24 00:00:00,BIKAJI,BIKAJI FOODS INTERN LTD,628.00,639.65,624.55,630.70,630.80,-0.02,15.10,2.40,-0.44,54522,34468483.20,7742
2026-07-24 00:00:00,NOVARTIND,NOVARTIS INDIA LIMITED,1690.00,1724.00,1614.40,1641.20,1673.00,-1.90,109.60,6.49,1.02,54369,90155629.70,6477
2026-07-24 00:00:00,RPPL,RAJSHREE POLYPACK LTD,22.40,22.40,21.08,21.47,21.96,-2.23,1.32,5.89,2.00,54235,1164540.29,380
2026-07-24 00:00:00,PATELRMART,PATEL RETAIL LIMITED,220.00,224.50,217.00,223.44,221.57,0.84,7.50,3.41,-0.71,54148,11949403.08,2220
2026-07-24 00:00:00,NEOGEN,NEOGEN CHEMICALS LIMITED,2080.00,2121.90,2025.00,2062.80,2087.00,-1.16,96.90,4.66,-0.34,54018,111326891.10,11699
2026-07-24 00:00:00,SURANAT&P,SURANA TELECOM AND POW LT,18.10,18.39,18.05,18.25,18.22,0.16,0.34,1.88,-0.66,53845,980053.02,393
2026-07-24 00:00:00,RUCHINFRA,RUCHI INFRASTRUCTURE LTD,6.15,6.15,5.76,5.99,5.95,0.67,0.39,6.34,3.36,53651,322191.22,178
2026-07-24 00:00:00,DBOL,DHAMPUR BIO ORGANICS LTD,101.58,102.78,100.00,102.09,101.40,0.68,2.78,2.74,0.18,53471,5416564.96,528
2026-07-24 00:00:00,ALMONDZ,ALMONDZ GLOBAL SEC LTD,12.98,13.15,12.70,12.86,12.98,-0.92,0.45,3.47,0.00,53051,683900.55,257
2026-07-24 00:00:00,SEAMECLTD,SEAMEC LIMITED,1410.00,1411.10,1375.60,1396.30,1402.10,-0.41,35.50,2.52,0.56,52979,74154660.40,4163
2026-07-24 00:00:00,TSFINV,TSF INVESTMENTS LIMITED,434.75,436.00,424.85,432.80,434.75,-0.45,11.15,2.56,0.00,52916,22802333.35,3513
2026-07-24 00:00:00,SPECIALITY,SPECIALITY REST LTD,137.92,139.99,133.24,137.73,137.93,-0.15,6.75,4.89,-0.01,52855,7205747.81,1062
2026-07-24 00:00:00,OMINFRAL,OM INFRA LIMITED,86.64,87.86,86.50,87.10,88.16,-1.20,1.36,1.57,-1.72,52200,4546644.59,1658
2026-07-24 00:00:00,MOVALUE,MOTILALAMC - MOVALUE,112.20,113.95,111.52,112.70,113.02,-0.28,2.43,2.17,-0.73,52093,5847688.26,905
2026-07-24 00:00:00,LCCINFOTEC,LCC INFOTECH LTD,4.73,4.73,4.33,4.38,4.55,-3.74,0.40,8.46,3.96,51278,223426.16,114
2026-07-24 00:00:00,WHEELS,WHEELS INDIA LTD,1441.00,1450.90,1410.20,1441.70,1445.20,-0.24,40.70,2.82,-0.29,51097,73302189.90,6500
2026-07-24 00:00:00,ORCHPHARMA,ORCHID PHARMA LIMITED,966.00,999.00,951.95,988.60,962.50,2.71,47.05,4.87,0.36,51067,49832418.30,5508
2026-07-24 00:00:00,SARLAPOLY,SARLA PERF. FIBERS LTD,101.79,102.78,97.71,100.01,101.78,-1.74,5.07,4.98,0.01,50925,5086798.99,1297
2026-07-24 00:00:00,ZOTA,ZOTA HEALTH CARE LIMITED,1294.00,1294.00,1244.20,1258.40,1296.40,-2.93,49.80,3.85,-0.19,50694,63836734.70,4203
2026-07-24 00:00:00,JAYKAY,JAYKAY ENTERPRISES LTD,167.99,167.99,161.30,165.16,163.42,1.06,6.69,3.98,2.80,50667,8327771.64,1325
2026-07-24 00:00:00,CONCORDBIO,CONCORD BIOTECH LIMITED,1268.50,1272.20,1238.00,1248.50,1268.50,-1.58,34.20,2.70,0.00,50664,63410710.90,8862
2026-07-24 00:00:00,CROWN,CROWN LIFTERS LIMITED,121.00,121.00,112.80,114.38,121.01,-5.48,8.20,6.78,-0.01,50491,5856517.95,724
2026-07-24 00:00:00,SAATVIKGL,SAATVIK GREEN ENERGY LTD,435.00,442.95,430.45,440.55,437.15,0.78,12.50,2.87,-0.49,50435,22004373.30,2775
2026-07-24 00:00:00,SUNDARMFIN,SUNDARAM FINANCE LTD,4419.90,4463.00,4343.00,4447.80,4415.50,0.73,120.00,2.71,0.10,50414,223273919.10,12469
2026-07-24 00:00:00,AJANTPHARM,AJANTA PHARMA LIMITED,3433.00,3455.80,3358.50,3369.50,3439.90,-2.05,97.30,2.83,-0.20,50410,170925439.80,16297
2026-07-24 00:00:00,CUBEXTUB,CUBEX TUBINGS LTD,77.99,79.16,76.22,76.99,77.61,-0.80,2.94,3.77,0.49,50374,3908010.68,1316
2026-07-24 00:00:00,TREL,TRANSINDIA REAL ESTATE L,24.01,24.75,23.80,24.32,24.27,0.21,0.95,3.96,-1.07,50283,1217286.82,470
2026-07-24 00:00:00,WONDERLA,WONDERLA HOLIDAYS LTD.,464.00,470.85,456.20,468.75,464.60,0.89,14.65,3.16,-0.13,50265,23268089.10,2947
2026-07-24 00:00:00,INDOCO,INDOCO REMEDIES LTD.,238.50,245.00,234.41,243.42,238.15,2.21,10.59,4.44,0.15,50120,12055283.65,2015
2026-07-24 00:00:00,GEMAROMA,GEM AROMATICS LIMITED,176.00,179.55,174.61,178.10,177.53,0.32,4.94,2.81,-0.86,50103,8877336.80,1438
2026-07-24 00:00:00,DOMS,DOMS INDUSTRIES LIMITED,2201.50,2241.10,2201.50,2221.00,2230.10,-0.41,39.60,1.80,-1.28,49967,110954367.00,7568
2026-07-24 00:00:00,MASTEK,MASTEK LTD,1671.80,1693.00,1632.10,1690.90,1679.40,0.68,60.90,3.64,-0.45,49928,83216489.50,9455
2026-07-24 00:00:00,MAFATIND,MAFATLAL INDUSTRIES LTD.,130.55,134.69,130.50,132.90,132.36,0.41,4.19,3.21,-1.37,49727,6579071.19,800
2026-07-24 00:00:00,PRAKASHSTL,PRAKASH STEELAGE LTD,4.05,4.05,4.00,4.01,4.01,0.00,0.05,1.23,1.00,49703,199635.68,178
2026-07-24 00:00:00,MOHEALTH,MOTILALAMC - MOHEALTH,50.95,50.95,49.96,50.24,50.20,0.08,0.99,1.94,1.49,49645,2496537.90,509
2026-07-24 00:00:00,IGARASHI,IGARASHI MOTORS INDIA LTD,443.30,459.30,436.45,456.10,443.30,2.89,22.85,5.15,0.00,49460,22219751.50,2819
2026-07-24 00:00:00,CEWATER,CONCORD ENVIRO SYSTEMS L,294.00,301.00,290.35,298.35,297.50,0.29,10.65,3.62,-1.18,49404,14620447.05,3347
2026-07-24 00:00:00,AYMSYNTEX,AYM SYNTEX LIMITED,234.01,239.00,226.65,234.49,236.98,-1.05,12.35,5.28,-1.25,49271,11402703.42,1775
2026-07-24 00:00:00,PRECAM,PRECISION CAMSHAFTS LTD.,138.00,139.69,133.00,138.65,138.28,0.27,6.69,4.85,-0.20,49216,6781370.77,1680
2026-07-24 00:00:00,ASALCBR,ASSO ALCOHOLS & BREW LTD,802.40,830.20,793.05,821.45,804.40,2.12,37.15,4.63,-0.25,49142,40033211.40,3323
2026-07-24 00:00:00,TNPETRO,TAMILNADU PETROPRODUCTS L,94.00,95.82,93.22,95.00,95.07,-0.07,2.60,2.77,-1.13,49037,4623627.32,1257
2026-07-24 00:00:00,HDFCSENSEX,HDFCAMC - HDFCSENSEX,86.43,86.55,85.68,86.40,86.72,-0.37,0.87,1.01,-0.33,49030,4223355.45,764
2026-07-24 00:00:00,RPEL,RAGHAV PRODUCTIVITY ENH L,1275.00,1309.90,1275.00,1303.20,1292.20,0.85,34.90,2.74,-1.33,48925,63269235.50,4519
2026-07-24 00:00:00,SAMBHAAV,SAMBHAAV MEDIA LTD,6.28,6.28,6.11,6.11,6.14,-0.49,0.17,2.71,2.28,48447,298219.16,44
2026-07-24 00:00:00,DCMSRIND,DCM SHRIRAM IND LTD,39.96,40.26,39.01,39.86,39.88,-0.05,1.25,3.13,0.20,48418,1918919.15,856
2026-07-24 00:00:00,SMSPHARMA,SMS PHARMACEUTICALS LTD.,385.50,386.00,378.30,381.10,384.65,-0.92,7.70,2.00,0.22,48295,18445576.00,2045
2026-07-24 00:00:00,RBZJEWEL,RBZ JEWELLERS LIMITED,140.00,141.71,136.10,140.91,140.90,0.01,5.61,4.01,-0.64,48185,6747907.24,2474
2026-07-24 00:00:00,BIGBLOC,BIGBLOC CONSTRUCTION LTD,46.10,48.48,46.10,47.75,46.49,2.71,2.38,5.16,-0.84,47542,2241816.49,493
2026-07-24 00:00:00,KIRLOSBROS,KIRLOSKAR BROTHERS LTD,1835.00,1844.90,1795.10,1836.10,1847.60,-0.62,49.80,2.71,-0.68,47527,86465998.50,5785
2026-07-24 00:00:00,PLATIND,PLATINUM INDUSTRIES LTD,226.50,230.00,222.50,227.82,228.85,-0.45,7.50,3.31,-1.03,47451,10753655.06,2600
2026-07-24 00:00:00,KCP,KCP LTD,162.00,164.64,161.00,162.64,163.19,-0.34,3.64,2.25,-0.73,47375,7705924.68,1572
2026-07-24 00:00:00,BALAJITELE,BALAJI TELEFILMS LIMITED.,85.00,85.25,83.32,84.04,85.30,-1.48,1.93,2.27,-0.35,47289,3977065.33,823
2026-07-24 00:00:00,PVTBANKADD,DSPAMC - DSPPVBKETF,27.62,28.00,27.44,27.74,27.69,0.18,0.56,2.03,-0.25,47235,1306410.92,161
2026-07-24 00:00:00,BIRLAMONEY,ADITYA BIRLA MONEY LTD,132.79,134.16,129.35,131.99,132.79,-0.60,4.81,3.62,0.00,47154,6213133.00,1587
2026-07-24 00:00:00,GUFICBIO,GUFIC BIOSCIENCES LTD.,379.25,384.00,362.50,378.85,377.15,0.45,21.50,5.67,0.56,47082,17697917.70,2349
2026-07-24 00:00:00,ZFSTEERING,Z F STEERING GEAR (I) LTD,666.05,798.90,652.10,694.15,665.95,4.23,146.80,22.04,0.02,47046,33479052.30,2268
2026-07-24 00:00:00,RAMRAT,RAM RATNA WIRES LIMITED,407.95,416.00,401.35,414.10,407.95,1.51,14.65,3.59,0.00,47043,19250419.95,2406
2026-07-24 00:00:00,VIJAYA,VIJAYA DIAGNOSTIC CEN LTD,1300.00,1322.30,1291.00,1313.90,1318.80,-0.37,31.30,2.41,-1.43,46949,61447147.20,5924
2026-07-24 00:00:00,MOMOMENTUM,MOTILALAMC - MOMOMENTUM,60.90,61.40,60.50,60.95,61.15,-0.33,0.90,1.48,-0.41,46929,2855422.06,396
2026-07-24 00:00:00,MAHSEAMLES,MAHARASHTRA SEAMLESS LTD,561.70,573.90,557.20,571.55,565.10,1.14,16.70,2.97,-0.60,46882,26611305.85,5132
2026-07-24 00:00:00,RKDL,RAVI KUMAR DIST. LTD.,19.81,19.98,18.96,19.91,19.72,0.96,1.02,5.15,0.46,46872,924613.63,121
2026-07-24 00:00:00,MAMATA,MAMATA MACHINERY LIMITED,393.25,398.45,393.00,395.45,397.15,-0.43,5.45,1.39,-0.98,46859,18565033.35,1268
2026-07-24 00:00:00,DALMIASUG,DALMIA BHARAT SUG IN LTD,360.50,364.00,356.30,361.95,363.10,-0.32,7.70,2.14,-0.72,46685,16801731.10,1798
2026-07-24 00:00:00,NEXT50,MIRAEAMC - MANXT50,739.04,742.30,733.01,740.35,740.84,-0.07,9.29,1.26,-0.24,46577,34337487.45,1821
2026-07-24 00:00:00,MODIS,MODIS NAVNIRMAN LTD,408.00,412.00,387.75,392.10,402.25,-2.52,24.25,5.94,1.43,46428,18517948.65,2129
2026-07-24 00:00:00,ALKYLAMINE,ALKYL AMINES CHEM. LTD,1798.90,1810.80,1764.90,1789.50,1812.20,-1.25,45.90,2.55,-0.73,46231,82595831.80,8152
2026-07-24 00:00:00,CONSUMAXIS,AXISAMC-CONSUMAXIS,120.38,120.53,119.50,120.30,121.42,-0.92,1.03,0.86,-0.86,46171,5522752.79,37
2026-07-24 00:00:00,ADOR,ADOR WELDING LTD,1440.00,1520.00,1439.10,1493.90,1462.70,2.13,80.90,5.62,-1.55,46158,67247692.30,3769
2026-07-24 00:00:00,KPL,KWALITY PHARMACEUTICALS L,2671.90,2820.00,2664.00,2781.70,2672.30,4.09,156.00,5.84,-0.01,45996,127032902.50,8576
2026-07-24 00:00:00,GANESHHOU,GANESH HOUSING LIMITED,790.30,818.90,785.25,799.40,808.40,-1.11,33.65,4.26,-2.24,45945,36608463.50,3712
2026-07-24 00:00:00,KOTARISUG,KOTHARI SUG & CHEM LTD.,24.90,24.90,24.15,24.45,24.68,-0.93,0.75,3.01,0.89,45876,1125853.73,230
2026-07-24 00:00:00,DOLPHIN,DOLPHIN OFF ENT (IND) L,408.00,408.00,369.25,376.95,397.00,-5.05,38.75,9.50,2.77,45492,17465183.60,1770
2026-07-24 00:00:00,OAL,ORIENTAL AROMATICS LTD,343.65,377.40,343.50,373.00,352.25,5.89,33.90,9.86,-2.44,45325,16747711.00,1635
2026-07-24 00:00:00,INTENTECH,INTENSE TECHNOLOGIES LTD,90.61,90.81,90.01,90.45,91.01,-0.62,0.80,0.88,-0.44,45254,4086547.45,197
2026-07-24 00:00:00,BFUTILITIE,BF UTILITIES LIMITED,577.25,582.60,564.30,580.40,580.50,-0.02,18.30,3.17,-0.56,44867,25801450.00,2753
2026-07-24 00:00:00,ROSSELLIND,ROSSELL INDIA LIMITED,60.30,60.60,57.50,58.94,60.01,-1.78,3.10,5.14,0.48,44757,2629648.80,1089
2026-07-24 00:00:00,PNGSREVA,PNGS REVA DIAMOND JEWEL L,394.95,413.60,394.95,405.95,410.30,-1.06,18.65,4.72,-3.74,44627,17991315.95,2397
2026-07-24 00:00:00,BHAGCHEM,BHAGIRADHA CHEM & INDS L,258.85,266.95,255.10,263.45,258.85,1.78,11.85,4.58,0.00,44505,11582590.15,1353
2026-07-24 00:00:00,SANATHAN,SANATHAN TEXTILES LIMITED,497.95,499.00,475.00,483.00,483.60,-0.12,24.00,4.82,2.97,44303,21480540.00,3489
2026-07-24 00:00:00,CARERATING,CARE RATINGS LIMITED,1737.30,1749.90,1651.00,1680.00,1729.20,-2.85,98.90,5.69,0.47,44292,74403727.00,8696
2026-07-24 00:00:00,ECAPINSURE,EDELAMC - ECAPINSURE,23.56,23.74,23.32,23.64,23.67,-0.13,0.42,1.78,-0.46,44248,1041874.72,354
2026-07-24 00:00:00,VRAJ,VRAJ IRON AND STEEL LTD,132.00,132.00,122.11,129.21,131.75,-1.93,9.89,7.49,0.19,44159,5604013.09,857
2026-07-24 00:00:00,AERONEU,AEROFLEX NEU LIMITED,85.75,87.46,84.11,85.38,85.96,-0.67,3.35,3.91,-0.24,44090,3778655.53,285
2026-07-24 00:00:00,MAHEPC,MAHINDRA EPC IRRIG LTD,105.90,107.09,103.51,105.38,104.69,0.66,3.58,3.38,1.16,43999,4627253.93,803
2026-07-24 00:00:00,WENDT,WENDT (INDIA) LIMITED,7427.00,8295.50,7300.00,8074.50,7426.00,8.73,995.50,13.40,0.01,43930,347655844.50,12169
2026-07-24 00:00:00,AWHCL,ANTONY WASTE HDG CELL LTD,433.30,436.50,428.00,433.40,435.35,-0.45,8.50,1.96,-0.47,43922,18971956.30,2905
2026-07-24 00:00:00,TOLINS,TOLINS TYRES LIMITED,102.63,105.00,100.60,102.70,102.98,-0.27,4.40,4.29,-0.34,43907,4490118.34,685
2026-07-24 00:00:00,ASAHIINDIA,ASAHI INDIA GLASS LIMITED,874.05,892.00,863.95,888.30,872.45,1.82,28.05,3.21,0.18,43801,38581357.35,5857
2026-07-24 00:00:00,NIFTYQLITY,BIRLASLAMC - NIFTYQLITY,21.20,21.20,20.91,21.16,21.03,0.62,0.29,1.37,0.81,43782,918916.65,142
2026-07-24 00:00:00,NURECA,NURECA LIMITED,295.30,309.68,290.12,301.64,296.76,1.64,19.56,6.62,-0.49,43709,13010919.50,1639
2026-07-24 00:00:00,BMWVENTLTD,BMW VENTURES LIMITED,57.00,57.28,56.12,56.52,57.00,-0.84,1.16,2.04,0.00,43696,2469749.67,1098
2026-07-24 00:00:00,ARMANFIN,ARMAN FIN SERV LTD,1917.30,1988.40,1902.00,1917.30,1926.00,-0.45,86.40,4.51,-0.45,43603,84414377.90,5467
2026-07-24 00:00:00,TVSELECT,TVS ELECTRONICS LTD,487.55,502.00,486.25,496.65,489.95,1.37,15.75,3.23,-0.49,43555,21502926.25,1988
2026-07-24 00:00:00,DPABHUSHAN,D. P. ABHUSHAN LIMITED,1349.00,1361.65,1307.15,1328.05,1350.15,-1.64,54.50,4.04,-0.09,43366,57494149.25,3362
2026-07-24 00:00:00,MAITHANALL,MAITHAN ALLOYS LTD,965.00,980.00,956.60,959.30,969.00,-1.00,23.40,2.42,-0.41,43318,41719442.10,3066
2026-07-24 00:00:00,THEMISMED,THEMIS MEDICARE LTD.,107.30,110.70,106.23,109.86,107.79,1.92,4.47,4.17,-0.45,43055,4709936.82,1110
2026-07-24 00:00:00,KOTHARIPET,KOTHARI PETROCHEM LTD,132.20,134.65,130.00,131.82,133.71,-1.41,4.65,3.52,-1.13,43007,5676004.22,1119
2026-07-24 00:00:00,INDOSTAR,INDOSTAR CAPITAL FIN LTD,262.70,262.80,257.00,260.50,262.85,-0.89,5.80,2.21,-0.06,42995,11161756.90,1394
2026-07-24 00:00:00,GOYALALUM,GOYAL ALUMINIUMS LIMITED,6.48,6.69,6.40,6.54,6.48,0.93,0.29,4.48,0.00,42753,279556.54,297
2026-07-24 00:00:00,BAJAJST,BAJAJ STEEL INDS. LTD.,388.00,410.50,375.70,395.70,388.20,1.93,34.80,8.97,-0.05,42514,16726429.55,2807
2026-07-24 00:00:00,IRIS,IRIS REGTECH SOLUTION LTD,235.00,245.90,230.10,244.50,236.50,3.38,15.80,6.72,-0.63,42470,10259089.00,1062
2026-07-24 00:00:00,GOCLCORP,GOCL CORPORATION LIMITED,389.00,398.95,385.00,396.55,390.80,1.47,13.95,3.59,-0.46,42185,16563682.20,1896
2026-07-24 00:00:00,RAMKY,RAMKY INFRA LTD,371.90,374.10,368.00,371.10,372.30,-0.32,6.10,1.64,-0.11,41637,15426704.60,1416
2026-07-24 00:00:00,NIFTYBETA,UTIAMC-NIFTYBETA,262.55,264.40,262.25,263.98,264.78,-0.30,2.15,0.82,-0.84,41566,10945970.59,445
2026-07-24 00:00:00,PYRAMID,PYRAMID TECHNOPLAST LTD,163.19,165.58,158.95,164.21,162.92,0.79,6.63,4.06,0.17,41343,6697193.41,916
2026-07-24 00:00:00,ELGIRUBCO,ELGI RUBBER CO. LTD,55.70,56.18,54.10,54.58,56.16,-2.81,2.08,3.73,-0.82,41186,2266481.43,686
2026-07-24 00:00:00,ESTER,ESTER INDUSTRIES LTD,89.20,90.55,87.82,88.53,89.01,-0.54,2.73,3.06,0.21,41113,3643844.03,915
2026-07-24 00:00:00,STUDDS,STUDDS ACCESSORIES LTD,442.60,460.00,438.60,450.60,442.60,1.81,21.40,4.84,0.00,41021,18466007.95,2211
2026-07-24 00:00:00,RKEC,RKEC PROJECTS LIMITED,28.07,28.30,26.08,26.73,27.71,-3.54,2.22,7.91,1.30,40232,1097197.40,262
2026-07-24 00:00:00,MMP,MMP INDUSTRIES LIMITED,283.00,286.95,280.85,281.70,286.30,-1.61,6.10,2.16,-1.15,40023,11363105.00,1279
2026-07-24 00:00:00,ERIS,ERIS LIFESCIENCES LIMITED,1375.10,1409.00,1373.00,1400.60,1395.60,0.36,36.00,2.62,-1.47,39620,55234445.70,8841
2026-07-24 00:00:00,HEIDELBERG,HEIDELBERGCEMENT (I) LTD,156.01,158.00,155.01,156.41,156.73,-0.20,2.99,1.92,-0.46,39423,6167305.04,1285
2026-07-24 00:00:00,MIDQ50ADD,DSPAMC - DSPQ50ETF,25.05,25.05,24.30,24.65,24.56,0.37,0.75,2.99,2.00,39318,964027.37,90
2026-07-24 00:00:00,UTTAMSUGAR,UTTAM SUGAR MILLS LTD.,229.00,229.39,225.74,228.46,228.73,-0.12,3.65,1.59,0.12,39135,8910088.14,827
2026-07-24 00:00:00,SHANKARA,SHANKARA BLDG PRODUCT LTD,136.51,140.56,136.51,140.07,138.99,0.78,4.05,2.97,-1.78,39054,5445241.73,465
2026-07-24 00:00:00,WCIL,WESTERN CARRIERS (IND) L,89.50,90.38,88.10,89.98,89.24,0.83,2.28,2.55,0.29,39052,3482753.74,1109
2026-07-24 00:00:00,TEMBO,TEMBO GLOBAL IND LTD,540.80,540.80,524.45,530.40,532.25,-0.35,16.35,3.02,1.61,38991,20689372.55,1570
2026-07-24 00:00:00,LORDSCHLO,LORDS CHLORO ALKALI LTD,148.00,152.00,144.00,149.05,145.07,2.74,8.00,5.41,2.02,38825,5778556.57,1606
2026-07-24 00:00:00,MARATHON,MARATHON NXTGEN REALT LTD,381.80,390.45,376.20,382.75,383.75,-0.26,14.25,3.73,-0.51,38695,14831253.85,2435
2026-07-24 00:00:00,LGHL,LAXMI GOLDORNA HOUSE LTD,224.85,224.90,200.90,203.91,206.24,-1.13,24.00,10.67,9.02,38600,8034728.14,1067
2026-07-24 00:00:00,HGINFRA,H.G.INFRA ENGINEERING LTD,539.00,542.00,530.85,536.85,541.90,-0.93,11.15,2.07,-0.54,38530,20630743.65,3640
2026-07-24 00:00:00,AIRAN,AIRAN LIMITED,15.08,15.35,14.94,15.03,15.22,-1.25,0.41,2.72,-0.92,38460,578607.99,245
2026-07-24 00:00:00,ALANKIT,ALANKIT LIMITED,7.90,8.06,7.75,7.96,7.90,0.76,0.31,3.92,0.00,38370,302612.45,332
2026-07-24 00:00:00,SHALBY,SHALBY LIMITED,162.00,164.78,159.59,163.10,162.60,0.31,5.19,3.20,-0.37,37971,6161813.61,1182
2026-07-24 00:00:00,MADRASFERT,MADRAS FERTILISERS LTD,66.01,67.50,65.60,66.35,66.63,-0.42,1.90,2.88,-0.93,37915,2514713.15,725
2026-07-24 00:00:00,INFRA,MIRAEAMC - INFRA,12.01,12.08,11.93,12.05,12.12,-0.58,0.15,1.25,-0.91,37781,454741.40,193
2026-07-24 00:00:00,SICALLOG,SICAL LOGISTICS LIMITED,96.07,98.86,94.56,97.07,97.49,-0.43,4.30,4.48,-1.46,37753,3653923.84,525
2026-07-24 00:00:00,NIBE,NIBE LIMITED,1475.40,1516.20,1475.00,1504.30,1504.80,-0.03,41.20,2.79,-1.95,37570,56193408.10,3464
2026-07-24 00:00:00,BALAJEE,SHREE TIRUPATI BALAJEE L,27.61,28.00,26.50,27.07,27.61,-1.96,1.50,5.43,0.00,37391,1011520.26,351
2026-07-24 00:00:00,SRGHFL,SRG HOUSING FINANCE L,303.25,335.00,303.25,309.50,305.65,1.26,31.75,10.47,-0.79,37144,11824341.60,624
2026-07-24 00:00:00,LIBAS,LIBAS CONSU PRODUCTS LTD,10.35,10.45,9.97,10.04,10.35,-3.00,0.48,4.64,0.00,37048,372131.79,175
2026-07-24 00:00:00,POKARNA,POKARNA LIMITED,938.80,939.00,909.60,926.50,936.60,-1.08,29.40,3.13,0.23,37000,34149769.60,4068
2026-07-24 00:00:00,DEVX,DEV ACCELERATOR LIMITED,33.00,34.39,33.00,33.90,34.06,-0.47,1.39,4.21,-3.11,36936,1251594.36,232
2026-07-24 00:00:00,AIAENG,AIA ENGINEERING LIMITED,4552.00,4612.00,4505.50,4583.00,4582.00,0.02,106.50,2.34,-0.65,36931,168351165.00,8477
2026-07-24 00:00:00,SMARTWORKS,SMARTWORKS COWORKING SP L,485.15,485.15,471.00,482.55,481.30,0.26,14.15,2.92,0.80,36916,17640305.70,2783
2026-07-24 00:00:00,HPAL,HP ADHESIVES LIMITED,32.27,34.00,32.25,33.29,32.43,2.65,1.75,5.42,-0.49,36773,1210333.60,464
2026-07-24 00:00:00,SKFINDIA,SKF INDIA LTD,1470.00,1510.70,1450.00,1484.80,1470.80,0.95,60.70,4.13,-0.05,36573,54112725.50,5924
2026-07-24 00:00:00,SELECTIPO,MIRAEAMC - SELECTIPO,45.25,45.47,44.85,45.44,45.74,-0.66,0.62,1.37,-1.07,36526,1650393.96,135
2026-07-24 00:00:00,THOMASCOTT,THOMAS SCOTT (INDIA) LTD,288.35,313.00,284.15,307.05,288.35,6.49,28.85,10.01,0.00,36520,10847727.45,1415
2026-07-24 00:00:00,FIEMIND,FIEM INDUSTRIES LIMITED,2329.60,2340.00,2299.90,2331.90,2354.10,-0.94,40.10,1.72,-1.04,36394,84729127.60,7806
2026-07-24 00:00:00,BOHRAIND,BOHRA INDUSTRIES LIMITED,12.55,12.99,12.31,12.62,12.81,-1.48,0.68,5.42,-2.03,36261,457455.76,64
2026-07-24 00:00:00,APLLTD,ALEMBIC PHARMA LTD,789.00,803.10,787.40,797.60,798.35,-0.09,15.70,1.99,-1.17,36166,28800783.75,3778
2026-07-24 00:00:00,CHALET,CHALET HOTELS LIMITED,817.30,824.30,808.35,814.40,819.95,-0.68,15.95,1.95,-0.32,36008,29318326.00,8280
2026-07-24 00:00:00,IRMENERGY,IRM ENERGY LIMITED,253.90,258.00,251.90,254.55,255.15,-0.24,6.10,2.40,-0.49,35706,9059972.40,1099
2026-07-24 00:00:00,KKCL,KEWAL KIRAN CLOTHING LTD,498.30,507.90,497.00,502.30,500.85,0.29,10.90,2.19,-0.51,35688,17943297.10,1264
2026-07-24 00:00:00,BLUEDART,BLUE DART EXPRESS LTD,4756.00,4975.00,4716.10,4911.50,4765.40,3.07,258.90,5.44,-0.20,35686,175184574.80,8412
2026-07-24 00:00:00,IFBIND,IFB INDUSTRIES LTD,1305.00,1310.40,1272.20,1304.10,1302.60,0.12,38.20,2.93,0.18,35635,46202105.70,5368
2026-07-24 00:00:00,TECH,BIRLASLAMC - TECH,32.20,32.20,30.50,31.37,31.20,0.54,1.70,5.28,3.21,35542,1107221.60,249
2026-07-24 00:00:00,SHREERAMA,SHREE RAMA MULTI TECH LTD,40.60,40.82,39.70,40.18,40.61,-1.06,1.12,2.76,-0.02,35525,1429031.77,485
2026-07-24 00:00:00,SHILCTECH,SHILCHAR TECHNOLOGIES LTD,4104.80,4316.90,4096.30,4267.70,4122.00,3.53,220.60,5.37,-0.42,35241,148213592.20,7972
2026-07-24 00:00:00,ISHANCH,ISHAN DYES N CHEMICALS L,54.25,55.10,51.54,52.14,53.29,-2.16,3.56,6.56,1.80,35106,1850773.81,245
2026-07-24 00:00:00,JAGSNPHARM,JAGSONPAL PHARMACEUTICALS,217.30,223.85,214.24,221.61,217.82,1.74,9.61,4.42,-0.24,35039,7628693.36,1396
2026-07-24 00:00:00,KANANIIND,KANANI INDUSTRIES LTD,1.48,1.51,1.48,1.49,1.49,0.00,0.03,2.03,-0.67,35030,52542.95,112
2026-07-24 00:00:00,PAKKA,PAKKA LIMITED,72.35,72.35,70.01,71.49,71.52,-0.04,2.34,3.23,1.16,34937,2478091.52,609
2026-07-24 00:00:00,KSCL,KAVERI SEED CO. LTD.,828.80,838.90,819.05,835.50,828.80,0.81,19.85,2.40,0.00,34869,28905373.35,3391
2026-07-24 00:00:00,RAMCOCEM,THE RAMCO CEMENTS LIMITED,914.20,918.00,902.00,914.80,915.10,-0.03,16.00,1.75,-0.10,34800,31784394.05,5128
2026-07-24 00:00:00,SIYSIL,SIYARAM SILK MILLS LTD,612.95,615.00,595.05,609.45,615.55,-0.99,19.95,3.25,-0.42,34666,20986811.70,3601
2026-07-24 00:00:00,IFGLEXPOR,IFGL REFRACTORIES LIMITED,196.00,202.05,192.39,197.67,196.33,0.68,9.66,4.93,-0.17,34659,6808273.90,2131
2026-07-24 00:00:00,MANAKALUCO,MANAK ALUMINIUM CO. LTD.,34.99,35.80,34.33,35.23,35.73,-1.40,1.47,4.20,-2.07,34625,1222383.89,719
2026-07-24 00:00:00,MID150,KOTAKMAMC - MID150,23.14,23.14,22.80,23.08,23.08,0.00,0.34,1.47,0.26,34597,793579.41,250
2026-07-24 00:00:00,AARNAV,AARNAV FASHIONS LIMITED,28.13,29.18,28.11,28.32,28.70,-1.32,1.07,3.80,-1.99,34548,983752.90,255
2026-07-24 00:00:00,MOMENTUM,BIRLASLAMC - MOMENTUM,30.64,30.99,30.25,30.38,30.64,-0.85,0.74,2.42,0.00,34494,1048576.19,273
2026-07-24 00:00:00,GPTINFRA,GPT INFRAPROJECTS LTD,114.50,117.80,112.64,116.41,114.24,1.90,5.16,4.51,0.23,34480,3938157.40,740
2026-07-24 00:00:00,DREAMFOLKS,DREAMFOLKS SERVICES LTD,66.50,68.25,65.50,67.03,66.79,0.36,2.75,4.14,-0.43,34364,2289866.54,763
2026-07-24 00:00:00,GFLLIMITED,GFL LIMITED,44.92,46.30,44.01,45.95,44.92,2.29,2.29,5.10,0.00,34190,1546997.21,912
2026-07-24 00:00:00,DSSL,DYNACONS SYS & SOLN LTD,1170.00,1240.60,1160.00,1240.60,1181.60,4.99,80.60,6.89,-0.98,34008,40997574.70,2712
2026-07-24 00:00:00,TRF,TRF LIMITED,232.00,236.44,229.71,232.96,232.52,0.19,6.73,2.90,-0.22,33968,7918544.69,1518
2026-07-24 00:00:00,CENTURYPLY,CENTURY PLYBOARDS (I) LTD,777.45,800.00,761.95,792.20,773.65,2.40,38.05,4.89,0.49,33967,26761986.10,5511
2026-07-24 00:00:00,SIGMA,SIGMA SOLVE LIMITED,37.15,38.50,37.15,38.07,37.90,0.45,1.35,3.63,-1.98,33904,1287168.07,1117
2026-07-24 00:00:00,SHREEPUSHK,SHRE PUSH CHEM & FERT LTD,388.65,390.00,381.75,386.85,390.40,-0.91,8.25,2.12,-0.45,33695,12988018.00,1487
2026-07-24 00:00:00,SANGAMIND,SANGAM (INDIA) LTD,614.40,624.60,602.05,615.85,619.70,-0.62,22.55,3.67,-0.86,33676,20569651.35,2527
2026-07-24 00:00:00,TVTODAY,TV TODAY NETWORK LTD,115.84,117.60,114.40,116.45,115.84,0.53,3.20,2.76,0.00,33664,3899789.02,911
2026-07-24 00:00:00,MVGJL,MANOJ VAIBHAV GEM N JEW L,154.00,157.58,153.00,155.76,154.84,0.59,4.58,2.97,-0.54,33508,5197979.60,1461
2026-07-24 00:00:00,LIBERTSHOE,LIBERTY SHOES LTD,261.95,261.95,252.00,258.25,257.40,0.33,9.95,3.80,1.77,33450,8584589.90,1712
2026-07-24 00:00:00,TREEHOUSE,TREE HOUSE EDU LTD,6.35,6.48,6.03,6.35,6.16,3.08,0.45,7.09,3.08,33354,209912.40,105
2026-07-24 00:00:00,SREEL,SREELEATHERS LIMITED,221.89,232.00,219.01,227.97,222.71,2.36,12.99,5.85,-0.37,33290,7537689.50,607
2026-07-24 00:00:00,GOACARBON,GOA CARBON LIMITED,372.00,388.00,371.15,375.65,380.00,-1.14,16.85,4.53,-2.11,33188,12556933.60,1354
2026-07-24 00:00:00,SUBROS,SUBROS LIMITED,769.95,787.00,759.65,781.95,776.30,0.73,27.35,3.55,-0.82,33068,25483647.90,3008
2026-07-24 00:00:00,TBOTEK,TBO TEK LIMITED,1420.00,1444.30,1400.10,1429.00,1436.10,-0.49,44.20,3.11,-1.12,32920,46812004.90,8016
2026-07-24 00:00:00,BPL,BPL LTD,54.49,54.49,53.11,53.78,54.09,-0.57,1.38,2.53,0.74,32716,1758404.11,806
2026-07-24 00:00:00,AMBALALSA,AMBALAL SARABHAI ENT L,33.00,33.00,31.60,32.39,32.66,-0.83,1.40,4.24,1.04,32650,1052737.32,369
2026-07-24 00:00:00,BLIL,BALMER LAWRIE INVSTS. L,70.19,70.20,69.60,69.88,70.17,-0.41,0.60,0.85,0.03,32619,2280759.00,630
2026-07-24 00:00:00,VIRINCHI,VIRINCHI LIMITED,15.63,15.80,15.12,15.53,15.63,-0.64,0.68,4.35,0.00,32597,503420.89,207
2026-07-24 00:00:00,GYFTR,GYFTR LIMITED,149.13,151.99,147.70,149.51,149.83,-0.21,4.29,2.88,-0.47,32578,4894268.79,995
2026-07-24 00:00:00,GRWRHITECH,GARWARE HI-TECH FILMS LTD,6806.00,6928.00,6745.00,6903.00,6846.00,0.83,183.00,2.69,-0.58,32473,222327976.00,8044
2026-07-24 00:00:00,GUJTHEM,GUJARAT THEMIS BIOSYN LTD,352.00,361.20,347.00,360.50,356.30,1.18,14.20,4.03,-1.21,32351,11439033.10,1335
2026-07-24 00:00:00,NITINSPIN,NITIN SPINNERS LIMITED,525.00,537.90,520.10,535.20,528.80,1.21,17.80,3.39,-0.72,32325,17097486.80,1912
2026-07-24 00:00:00,EMKAY,EMKAY GLOBAL FIN SERV LTD,232.00,244.90,231.05,239.50,235.65,1.63,13.85,5.97,-1.55,32291,7677117.75,2077
2026-07-24 00:00:00,KAPSTON,KAPSTON SERVICES LIMITED,455.00,464.50,454.45,460.70,460.35,0.08,10.05,2.21,-1.16,32196,14864084.20,1610
2026-07-24 00:00:00,SOMANYCERA,SOMANY CERAMICS LIMITED,490.25,498.00,483.30,496.70,490.20,1.33,14.70,3.00,0.01,32186,15831246.45,1804
2026-07-24 00:00:00,ORIENTALTL,ORIENTAL TRIMEX LTD,5.21,5.34,5.21,5.31,5.31,0.00,0.13,2.50,-1.88,31831,168495.22,162
2026-07-24 00:00:00,WINDLAS,WINDLAS BIOTECH LIMITED,861.45,863.95,835.55,857.95,861.45,-0.41,28.40,3.30,0.00,31663,26894336.80,2995
2026-07-24 00:00:00,INDIQUBE,INDIQUBE SPACES LIMITED,180.00,182.74,175.05,181.31,180.29,0.57,7.69,4.27,-0.16,31337,5631123.30,985
2026-07-24 00:00:00,MAANALU,MAAN ALUMINIUM LIMITED,113.00,116.00,112.00,114.86,113.99,0.76,4.00,3.54,-0.87,31311,3561323.04,899
2026-07-24 00:00:00,SIMPLEXINF,SIMPLEX INFRASTRUCTURES L,233.00,240.00,231.50,239.25,236.15,1.31,8.50,3.65,-1.33,31093,7343063.30,689
2026-07-24 00:00:00,CLSEL,CHAMAN LAL SETIA EXP LTD,279.05,280.95,273.60,279.80,279.85,-0.02,7.35,2.63,-0.29,30992,8633516.60,1122
2026-07-24 00:00:00,BOROSCI,BOROSIL SCIENTIFIC LTD,151.00,154.00,151.00,152.09,152.47,-0.25,3.00,1.99,-0.96,30948,4706898.00,1067
2026-07-24 00:00:00,BRNL,BHARAT ROAD NETWORK LTD,17.20,18.80,17.20,18.06,17.45,3.50,1.60,9.30,-1.43,30941,552696.08,268
2026-07-24 00:00:00,LMW,LMW LIMITED,15859.00,17699.00,15600.00,15763.00,15934.00,-1.07,2099.00,13.24,-0.47,30751,504431831.00,10155
2026-07-24 00:00:00,HALDER,HALDER VENTURE LIMITED,231.82,235.80,230.58,234.54,232.52,0.87,5.22,2.25,-0.30,30553,7092085.19,267
2026-07-24 00:00:00,ORKLAINDIA,ORKLA INDIA LIMITED,559.45,562.20,553.55,556.75,559.45,-0.48,8.65,1.55,0.00,30536,17020396.50,3855
2026-07-24 00:00:00,MONTECARLO,MONTE CARLO FASHIONS LTD.,535.30,542.65,531.30,537.10,538.00,-0.17,11.35,2.12,-0.50,30472,16361161.30,1403
2026-07-24 00:00:00,TTKPRESTIG,TTK PRESTIGE LTD,648.00,650.00,631.00,643.35,645.75,-0.37,19.00,2.93,0.35,30308,19434279.25,3213
2026-07-24 00:00:00,BALPHARMA,BAL PHARMA LTD.,87.00,87.94,86.21,87.34,88.39,-1.19,1.73,1.99,-1.57,30207,2634716.25,284
2026-07-24 00:00:00,TTKHLTCARE,TTK HEALTHCARE LIMITED,1019.90,1060.00,1006.60,1047.20,1012.55,3.42,53.40,5.24,0.73,29893,31185437.70,2219
2026-07-24 00:00:00,VIDHIING,VIDHI SPCLTY F INGRDNTS L,308.90,315.00,300.15,310.55,304.45,2.00,14.85,4.81,1.46,29756,9172617.60,1028
2026-07-24 00:00:00,BORANA,BORANA WEAVES LIMITED,328.60,333.00,315.00,327.45,326.85,0.18,18.00,5.48,0.54,29735,9727489.50,641
2026-07-24 00:00:00,DCMSHRIRAM,DCM SHRIRAM LIMITED,1011.20,1018.90,992.60,1005.80,1008.80,-0.30,26.30,2.60,0.24,29673,29964180.70,4089
2026-07-24 00:00:00,GTPL,GTPL HATHWAY LIMITED,60.00,62.25,58.50,60.68,59.30,2.33,3.75,6.25,1.18,29652,1780588.57,1518
2026-07-24 00:00:00,JKCEMENT,JK CEMENT LIMITED,5618.00,5671.00,5578.00,5649.00,5668.00,-0.34,93.00,1.66,-0.88,29550,166550544.50,8808
2026-07-24 00:00:00,RAJTV,RAJ TV NETWORK LTD,11.99,12.00,11.60,11.67,11.92,-2.10,0.40,3.34,0.59,29485,346536.90,189
2026-07-24 00:00:00,SALZERELEC,SALZER ELECTRONICS LTD,573.00,586.95,571.15,575.95,578.10,-0.37,15.80,2.76,-0.88,29366,16991287.70,1917
2026-07-24 00:00:00,METROBRAND,METRO BRANDS LIMITED,1029.10,1029.10,1006.20,1021.90,1024.90,-0.29,22.90,2.23,0.41,29362,29857525.60,6104
2026-07-24 00:00:00,GROWWCHEM,GROWWAMC - GROWWCHEM,30.35,30.35,29.78,30.01,30.15,-0.46,0.57,1.88,0.66,29289,879865.75,254
2026-07-24 00:00:00,SMALLADD,DSPAMC - SMALLADD,17.72,17.72,17.44,17.67,17.72,-0.28,0.28,1.58,0.00,29231,514158.89,99
2026-07-24 00:00:00,INDBANK,INDBANK MERCH BANK,32.50,33.60,32.50,33.21,32.51,2.15,1.10,3.38,-0.03,29136,962383.42,594
2026-07-24 00:00:00,PVTBKGROWW,GROWWAMC - PVTBKGROWW,27.41,27.52,26.85,27.35,27.27,0.29,0.67,2.44,0.51,29009,793329.33,618
2026-07-24 00:00:00,CONS,KOTAKMAMC - KOTAKCONS,12.05,12.12,11.98,12.08,12.13,-0.41,0.14,1.16,-0.66,28934,348711.89,130
2026-07-24 00:00:00,FMGOETZE,FEDERAL-MOGUL GOETZE (IND,476.70,480.00,472.00,478.85,479.05,-0.04,8.00,1.68,-0.49,28932,13787844.45,1167
2026-07-24 00:00:00,GULFOILLUB,GULF OIL LUB. IND. LTD.,1038.00,1038.00,1012.00,1015.70,1035.70,-1.93,26.00,2.50,0.22,28916,29504074.20,4767
2026-07-24 00:00:00,CEINSYS,CEINSYS TECH LIMITED,875.00,885.00,855.10,870.05,870.35,-0.03,29.90,3.42,0.53,28693,24840033.70,1832
2026-07-24 00:00:00,SECURKLOUD,SECUREKLOUD TECH LIMITED,17.65,17.99,16.82,17.47,17.71,-1.36,1.17,6.63,-0.34,28667,498645.63,162
2026-07-24 00:00:00,INVPRECQ,INVESTMENT & PREC CAST L,942.80,999.00,889.00,979.85,942.80,3.93,110.00,11.67,0.00,28627,27621944.05,1597
2026-07-24 00:00:00,SANOFI,SANOFI INDIA LIMITED,3394.00,3428.70,3360.60,3388.90,3394.30,-0.16,68.10,2.01,-0.01,28483,96772202.20,5769
2026-07-24 00:00:00,AMDIND,AMD INDUSTRIES LIMITED,49.20,51.90,46.51,49.68,48.88,1.64,5.39,10.96,0.65,28455,1395346.32,515
2026-07-24 00:00:00,PASHUPATI,PASHUPATI COTSPIN LIMITED,87.50,87.55,86.05,87.09,86.99,0.11,1.50,1.71,0.59,28377,2475058.92,830
2026-07-24 00:00:00,DCI,DC INFOTECH AND COMUN LTD,278.90,290.80,271.05,287.85,273.40,5.29,19.75,7.08,2.01,28337,7972686.80,848
2026-07-24 00:00:00,BAGFILMS,B.A.G FILMS AND MEDIA LTD,4.60,4.60,4.43,4.54,4.57,-0.66,0.17,3.70,0.66,28175,127224.42,142
2026-07-24 00:00:00,ORIENTCER,ORIENT CERATECH LIMITED,41.20,41.85,39.80,40.77,40.60,0.42,2.05,4.98,1.48,28171,1139267.16,767
2026-07-24 00:00:00,INDIGOPNTS,INDIGO PAINTS LIMITED,1041.50,1059.70,1032.60,1048.90,1047.60,0.12,27.10,2.60,-0.58,28153,29446255.90,4626
2026-07-24 00:00:00,ALIVUS,ALIVUS LIFE SCIENCES LTD,1107.50,1115.10,1086.10,1101.20,1102.80,-0.15,29.00,2.62,0.43,28113,30956568.80,4908
2026-07-24 00:00:00,PAGEIND,PAGE INDUSTRIES LTD,40105.00,40480.00,39780.00,40275.00,40270.00,0.01,700.00,1.75,-0.41,28105,1131246595.00,10127
2026-07-24 00:00:00,HECPROJECT,HEC INFRA PROJECTS LTD,141.50,142.99,135.02,139.46,140.22,-0.54,7.97,5.63,0.91,27930,3858073.40,641
2026-07-24 00:00:00,HATSUN,HATSUN AGRO PRODUCT LTD.,877.60,891.75,871.70,886.85,875.55,1.29,20.05,2.28,0.23,27878,24539291.65,3656
2026-07-24 00:00:00,ADVAIT,ADVAIT ENRGY TRANSITION L,2225.00,2259.90,2162.70,2252.40,2239.50,0.58,97.20,4.37,-0.65,27825,61587870.20,4607
2026-07-24 00:00:00,SRTL,SHREE RAM TWISTEX LIMITED,40.75,41.06,39.80,40.28,40.84,-1.37,1.26,3.09,-0.22,27573,1108461.03,372
2026-07-24 00:00:00,XELPMOC,XELPMOC DESIGN & TECH LTD,80.50,82.20,76.00,81.19,80.47,0.89,6.20,7.70,0.04,27473,2172018.31,797
2026-07-24 00:00:00,VINATIORGA,VINATI ORGANICS LTD,1291.60,1309.00,1275.90,1300.10,1291.60,0.66,33.10,2.56,0.00,27386,35315834.10,3805
2026-07-24 00:00:00,DIGJAMLMTD,DIGJAM LTD,42.42,43.77,40.01,40.40,42.00,-3.81,3.76,8.86,1.00,27304,1120802.58,221
2026-07-24 00:00:00,STCINDIA,THE STATE TRADING CORPN,117.00,118.50,115.23,117.89,116.83,0.91,3.27,2.79,0.15,27183,3186843.00,576
2026-07-24 00:00:00,AJAXENGG,AJAX ENGINEERING LIMITED,580.00,580.00,557.40,567.60,572.60,-0.87,22.60,3.90,1.29,27055,15314815.00,2548
2026-07-24 00:00:00,MINDTECK,MINDTECK (INDIA) LIMITED,191.51,196.64,189.70,195.04,193.50,0.80,6.94,3.62,-1.03,26982,5206010.31,843
2026-07-24 00:00:00,BBL,BHARAT BIJLEE LTD,2510.80,2546.60,2449.00,2519.40,2509.00,0.41,97.60,3.89,0.07,26884,67061646.40,5077
2026-07-24 00:00:00,SASKEN,SASKEN TECHNOLOGIES LTD,1802.10,1851.70,1801.80,1821.00,1833.60,-0.69,49.90,2.77,-1.72,26604,48479004.40,3150
2026-07-24 00:00:00,RATNAMANI,RATNAMANI MET & TUB LTD.,2410.00,2447.80,2381.00,2394.50,2425.20,-1.27,66.80,2.77,-0.63,26552,63763483.40,5718
2026-07-24 00:00:00,TECHNVISN,TECHNVISION VENTURES LTD.,4799.90,5315.80,4515.10,5074.50,4429.90,14.55,800.70,16.68,8.35,26430,126935080.70,4760
2026-07-24 00:00:00,MOTOUR,MOTILALAMC - MOTOUR,76.71,77.50,75.97,77.30,77.23,0.09,1.53,1.99,-0.67,26411,2020871.43,385
2026-07-24 00:00:00,CENTEXT,CENTURY EXTRUSIONS LTD,19.00,19.22,18.52,18.95,18.96,-0.05,0.70,3.68,0.21,26127,491264.46,311
2026-07-24 00:00:00,BATLIBOI,BATLIBOI LTD.,87.00,87.80,83.00,84.93,87.17,-2.57,4.80,5.52,-0.20,26096,2238386.29,528
2026-07-24 00:00:00,INTERARCH,INTERARCH BLDNG SOLTN LTD,1778.20,1828.60,1772.00,1799.30,1810.60,-0.62,56.60,3.18,-1.79,26025,46858748.00,3070
2026-07-24 00:00:00,SINGERIND,SINGER INDIA LIMITED,65.70,66.90,64.65,65.82,66.89,-1.60,2.25,3.42,-1.78,25790,1691571.62,497
2026-07-24 00:00:00,VESUVIUS,VESUVIUS INDIA LTD,445.00,453.85,441.05,452.30,446.30,1.34,12.80,2.88,-0.29,25481,11451880.85,2175
2026-07-24 00:00:00,BANKPSU,MIRAEAMC - BANKPSU,83.12,85.00,82.90,84.43,83.85,0.69,2.10,2.53,-0.87,25154,2101041.33,142
2026-07-24 00:00:00,ELM250,EDELAMC - ELM250,16.39,16.40,16.22,16.38,16.31,0.43,0.18,1.10,0.49,25068,408794.09,176
2026-07-24 00:00:00,CRAFTSMAN,CRAFTSMAN AUTOMATION LTD,9226.00,9312.00,9113.50,9284.00,9311.50,-0.30,198.50,2.15,-0.92,25045,231349641.00,7013
2026-07-24 00:00:00,MNC,KOTAKMAMC - KOTAKMNC,33.23,33.48,33.11,33.37,33.41,-0.12,0.37,1.11,-0.54,24591,818966.24,311
2026-07-24 00:00:00,STARPAPER,STAR PAPER MILLS LTD,150.45,151.99,145.00,147.75,149.57,-1.22,6.99,4.65,0.59,24544,3618654.78,580
2026-07-24 00:00:00,AVTNPL,AVT NATURAL PRODUCTS LTD,69.80,70.82,69.10,70.02,70.07,-0.07,1.72,2.46,-0.39,24474,1710790.23,948
2026-07-24 00:00:00,SIKA,SIKA INTERPLANT SYSTEMS L,1131.20,1155.00,1101.10,1139.60,1133.20,0.56,53.90,4.76,-0.18,24222,27285607.80,3039
2026-07-24 00:00:00,INDNIPPON,INDIA NIPPON ELECT  LTD,1211.80,1224.30,1167.00,1198.00,1207.40,-0.78,57.30,4.73,0.36,24164,28647569.80,2609
2026-07-24 00:00:00,NESCO,NESCO LTD.,1041.00,1059.90,1036.00,1055.90,1050.10,0.55,23.90,2.30,-0.87,24073,25268072.50,3470
2026-07-24 00:00:00,DRCSYSTEMS,DRC SYSTEMS INDIA LIMITED,13.42,13.54,13.07,13.41,13.42,-0.07,0.47,3.50,0.00,23967,319076.59,151
2026-07-24 00:00:00,MEDICO,MEDICO REMEDIES LIMITED,38.27,38.51,37.50,37.99,38.29,-0.78,1.01,2.64,-0.05,23871,904747.83,277
2026-07-24 00:00:00,WINDMACHIN,WINDSOR MACHINES LIMITED,291.00,295.70,285.00,292.20,291.35,0.29,10.70,3.68,-0.12,23870,6926984.30,1137
2026-07-24 00:00:00,PONNIERODE,PONNIE SUGARS (ERODE) LTD,323.70,323.70,309.00,316.00,321.20,-1.62,14.70,4.54,0.78,23701,7456724.85,861
2026-07-24 00:00:00,SAGCEM,SAGAR CEMENTS LIMITED,175.00,179.04,174.03,177.54,176.60,0.53,5.01,2.86,-0.91,23592,4171224.03,756
2026-07-24 00:00:00,ANMOL,ANMOL INDIA LIMITED,10.22,10.28,10.00,10.14,10.22,-0.78,0.28,2.74,0.00,23410,237587.85,213
2026-07-24 00:00:00,NPST,NETWORK PEOPLE SRV TECH L,1520.00,1548.00,1501.10,1519.20,1530.00,-0.71,46.90,3.09,-0.65,23373,35611343.90,2228
2026-07-24 00:00:00,BANG,BANG OVERSEAS LTD.,27.23,28.40,27.23,28.10,27.23,3.20,1.17,4.30,0.00,23369,652999.40,402
2026-07-24 00:00:00,5PAISA,5PAISA CAPITAL LIMITED,368.00,373.55,363.10,373.10,367.30,1.58,10.45,2.84,0.19,23335,8606117.65,1476
2026-07-24 00:00:00,WAAREEINDO,INDOSOLAR LIMITED,352.65,352.65,352.65,352.65,371.20,-5.00,0.00,0.00,-5.00,23322,8224503.30,467
2026-07-24 00:00:00,RAMANEWS,SHREE RAMA NEWSPRINT LTD,28.48,28.97,27.69,28.57,28.48,0.32,1.28,4.49,0.00,23096,657163.87,160
2026-07-24 00:00:00,SUPERHOUSE,SUPERHOUSE LIMITED,156.02,161.80,151.00,154.97,157.41,-1.55,10.80,6.92,-0.88,22960,3571377.22,1146
2026-07-24 00:00:00,BANKADD,DSPAMC - DSPBANK,57.70,58.21,57.37,58.08,58.00,0.14,0.84,1.46,-0.52,22955,1324052.19,163
2026-07-24 00:00:00,GALAPREC,GALA PRECISION ENG LTD,1157.80,1158.90,1126.00,1146.30,1158.20,-1.03,32.90,2.84,-0.03,22954,26218192.00,2191
2026-07-24 00:00:00,SHANTIGEAR,SHANTHI GEARS LTD,416.10,424.55,412.60,420.00,415.25,1.14,11.95,2.87,0.20,22825,9569567.60,950
2026-07-24 00:00:00,COMPUSOFT,COMPUCOM SOFTWARE LTD,13.30,13.65,13.15,13.33,13.37,-0.30,0.50,3.76,-0.52,22788,303445.16,108
2026-07-24 00:00:00,NEXTMEDIA,NEXT MEDIAWORKS LIMITED,3.96,4.05,3.71,3.98,3.80,4.74,0.34,8.59,4.21,22745,90418.68,77
2026-07-24 00:00:00,SHANTI,SHANTI OVERSEAS INDIA LTD,7.00,7.10,6.62,7.07,6.93,2.02,0.48,6.86,1.01,22712,158046.35,74
2026-07-24 00:00:00,JISLDVREQS,JAIN DVR EQUITY SHARES,21.30,22.35,20.60,21.28,21.13,0.71,1.75,8.22,0.80,22710,484628.15,181
2026-07-24 00:00:00,PAUSHAKLTD,PAUSHAK LIMITED,543.30,572.00,538.10,562.45,546.00,3.01,33.90,6.24,-0.49,22691,12561847.25,1783
2026-07-24 00:00:00,BANARBEADS,BANARAS BEADS LTD,116.80,124.00,111.28,121.95,114.10,6.88,12.72,10.89,2.37,22613,2701383.31,439
2026-07-24 00:00:00,PSUBANKADD,DSPAMC - DSPPSBKETF,83.29,85.70,83.15,84.48,84.03,0.54,2.55,3.06,-0.88,22612,1896540.60,390
2026-07-24 00:00:00,PVTBANK,KOTAKMAMC - PVTBANK,27.28,27.44,27.04,27.41,27.29,0.44,0.40,1.47,-0.04,22534,614391.60,39
2026-07-24 00:00:00,GMBREW,G M BREWERIES LTD,900.00,908.75,892.00,904.45,904.30,0.02,16.75,1.86,-0.48,22393,20155053.25,1903
2026-07-24 00:00:00,RUCHIRA,RUCHIRA PAPERS LIMITED,108.07,108.29,106.00,106.47,108.07,-1.48,2.29,2.12,0.00,22322,2382820.75,472
2026-07-24 00:00:00,SBINMID150,SBIAMC - SBINMID150,22.99,23.23,22.41,22.80,22.81,-0.04,0.82,3.57,0.79,22315,505759.13,115
2026-07-24 00:00:00,AMBIKCO,AMBIKA COTTON MILL LTD.,1745.00,1749.90,1657.50,1708.20,1697.10,0.65,92.40,5.30,2.82,22297,37965295.50,3430
2026-07-24 00:00:00,BIRLAPREC,BIRLA PRECISION TECH L,34.05,34.77,33.50,34.19,34.64,-1.30,1.27,3.73,-1.70,22245,756275.72,311
2026-07-24 00:00:00,TCIEXP,TCI EXPRESS LIMITED,563.15,565.00,550.00,561.15,562.30,-0.20,15.00,2.66,0.15,22177,12339529.90,1721
2026-07-24 00:00:00,HEALTHCARE,MIRAEAMC - HEALTHCARE,21.16,21.16,20.86,20.96,21.06,-0.47,0.30,1.42,0.47,22064,462320.72,188
2026-07-24 00:00:00,PTL,PTL ENTERPRISES LTD,39.10,40.11,39.10,39.26,39.32,-0.15,1.01,2.58,-0.56,22059,865695.46,487
2026-07-24 00:00:00,LIKHITHA,LIKHITHA INFRASTRUC LTD,222.20,230.00,222.20,226.60,231.20,-1.99,7.80,3.51,-3.89,22042,4983704.45,988
2026-07-24 00:00:00,ADVANIHOTR,ADVANI HOT.& RES.(I) LTD,51.58,51.99,50.83,51.12,51.33,-0.41,1.16,2.25,0.49,22036,1129461.70,461
2026-07-24 00:00:00,MOLDTECH,MOLD-TEK TECHNOLOGIES LTD,135.00,136.72,130.35,134.68,134.09,0.44,6.37,4.72,0.68,21942,2918067.29,625
2026-07-24 00:00:00,SONAMLTD,SONAM LIMITED,54.80,54.80,52.60,53.01,53.43,-0.79,2.20,4.01,2.56,21906,1158866.62,757
2026-07-24 00:00:00,HAVISHA,SRI HAVISHA HOSP & INFR L,1.26,1.26,1.18,1.23,1.23,0.00,0.08,6.35,2.44,21708,26251.57,78
2026-07-24 00:00:00,BBTC,BOMBAY BURMAH TRADING COR,1465.00,1469.00,1434.40,1458.20,1469.50,-0.77,34.60,2.36,-0.31,21332,30898399.10,3013
2026-07-24 00:00:00,VOLTAMP,VOLTAMP TRANSFORMERS LTD,9245.00,9280.00,9110.00,9180.00,9304.00,-1.33,170.00,1.84,-0.63,21326,196206300.00,7389
2026-07-24 00:00:00,RRIL,R R I L LTD.,16.55,16.94,16.01,16.63,16.67,-0.24,0.93,5.62,-0.72,21307,352490.16,98
2026-07-24 00:00:00,NIFTY100EW,KOTAKMAMC - NIFTY100EW,34.89,35.79,34.27,34.75,34.71,0.12,1.52,4.36,0.52,21264,733540.95,228
2026-07-24 00:00:00,BLBLIMITED,BLB LIMITED,15.40,16.43,15.40,15.70,15.77,-0.44,1.03,6.69,-2.35,21255,336154.36,141
2026-07-24 00:00:00,PITTIENG,PITTI ENGINEERING LIMITED,913.65,926.80,900.00,920.65,913.65,0.77,26.80,2.93,0.00,21212,19419122.95,2190
2026-07-24 00:00:00,FIBERWEB,FIBERWEB INDIA LIMITED,29.20,30.88,29.20,30.43,30.15,0.93,1.68,5.75,-3.15,21174,631758.24,195
2026-07-24 00:00:00,EQUAL50ADD,DSPAMC - DSPNEWETF,339.95,340.50,337.48,339.64,340.71,-0.31,3.02,0.89,-0.22,21133,7172023.75,254
2026-07-24 00:00:00,PAVNAIND,PAVNA INDUSTRIES LIMITED,15.61,16.49,15.61,16.09,15.92,1.07,0.88,5.64,-1.95,21107,338304.18,161
2026-07-24 00:00:00,TEAMLEASE,TEAMLEASE SERVICES LTD.,1309.90,1330.00,1301.00,1313.70,1311.80,0.14,29.00,2.21,-0.14,21023,27689146.00,4315
2026-07-24 00:00:00,NUCLEUS,NUCLEUS SOFTWARE EXPORTS,725.00,735.65,718.05,724.55,730.30,-0.79,17.60,2.43,-0.73,21022,15264490.80,1681
2026-07-24 00:00:00,RPPINFRA,R.P.P INFRA PROJECTS LTD,61.50,62.00,60.80,61.50,61.79,-0.47,1.20,1.95,-0.47,20904,1284094.51,444
2026-07-24 00:00:00,SAMPANN,SAMPANN UTPADAN INDIA LTD,26.31,27.84,26.31,27.57,27.25,1.17,1.53,5.82,-3.45,20823,569901.95,229
2026-07-24 00:00:00,DIVGIITTS,DIVGI TORQTRANSFER SYST L,931.65,960.00,905.55,945.60,931.65,1.50,54.45,5.84,0.00,20676,19273469.70,2426
2026-07-24 00:00:00,AGARIND,AGARWAL INDS CORP LTD.,481.75,481.75,471.10,477.70,486.65,-1.84,10.65,2.21,-1.01,20588,9825394.00,1184
2026-07-24 00:00:00,MAKEINDIA,MIRAEAMC - MAMFGETF,160.82,162.50,160.01,161.52,162.06,-0.33,2.49,1.55,-0.77,20574,3314965.67,408
2026-07-24 00:00:00,ITADD,DSPAMC - DSPIT,30.18,30.80,29.90,30.53,30.21,1.06,0.90,2.98,-0.10,20570,620826.13,116
2026-07-24 00:00:00,BOSCHLTD,BOSCH LIMITED,42200.00,42200.00,41500.00,41755.00,42240.00,-1.15,700.00,1.66,-0.09,20543,857622555.00,11095
2026-07-24 00:00:00,BAYERCROP,BAYER CROPSCIENCE LTD,4251.00,4272.00,4210.00,4217.50,4275.60,-1.36,62.00,1.46,-0.58,20517,86823975.90,4226
2026-07-24 00:00:00,NAHARPOLY,NAHAR POLY FILMS LIMITED,274.00,278.00,265.60,273.80,271.75,0.75,12.40,4.53,0.83,20472,5576622.65,791
2026-07-24 00:00:00,GRPLTD,GRP LIMITED,2071.00,2071.00,1963.00,2007.50,1972.60,1.77,108.00,5.21,4.99,20374,41061774.80,2805
2026-07-24 00:00:00,DHARMAJ,DHARMAJ CROP GUARD LTD,259.45,262.80,258.40,260.95,259.70,0.48,4.40,1.70,-0.10,20361,5311221.80,571
2026-07-24 00:00:00,STEELCITY,STEEL CITY SECURITIES LTD,75.02,75.99,73.00,74.36,75.79,-1.89,2.99,3.99,-1.02,20280,1502909.76,256
2026-07-24 00:00:00,BANSWRAS,BANSWARA SYNTEX LIMITED,127.00,129.00,125.80,127.94,127.59,0.27,3.20,2.52,-0.46,20272,2584644.76,462
2026-07-24 00:00:00,MUNJALSHOW,MUNJAL SHOWA LTD,136.12,136.40,134.01,135.82,136.07,-0.18,2.39,1.76,0.04,20179,2730769.90,376
2026-07-24 00:00:00,OSWALSEEDS,SHREEOSWAL S AND CHE LTD,10.25,10.25,9.91,10.03,10.19,-1.57,0.34,3.32,0.59,20078,201531.47,139
2026-07-24 00:00:00,RADAAN,RADAAN MEDIAWORKS (I) LTD,2.98,2.98,2.78,2.88,2.91,-1.03,0.20,6.71,2.41,19992,57101.04,174
2026-07-24 00:00:00,GARFIBRES,GARWARE TECH FIBRES LTD,741.00,751.00,737.05,748.45,746.25,0.29,13.95,1.88,-0.70,19880,14846612.20,2543
2026-07-24 00:00:00,TNTELE,TAMILNADU TELECOMMUNICATI,9.14,9.23,8.89,9.14,8.88,2.93,0.34,3.72,2.93,19736,176506.18,72
2026-07-24 00:00:00,GVPTECH,GVP INFOTECH LIMITED,6.48,6.82,6.48,6.75,6.67,1.20,0.34,5.25,-2.85,19723,132057.32,154
2026-07-24 00:00:00,STEELCAS,STEELCAST LIMITED,310.90,310.90,304.00,306.65,310.45,-1.22,6.90,2.22,0.14,19567,6003489.75,960
2026-07-24 00:00:00,DEVIT,DEV INFO TECHNOLOGY LTD,25.77,26.18,25.77,26.07,26.04,0.12,0.41,1.59,-1.04,19467,506021.18,161
2026-07-24 00:00:00,LINDEINDIA,LINDE INDIA LIMITED,6677.50,6813.50,6651.50,6731.00,6709.50,0.32,162.00,2.43,-0.48,19371,130369218.00,5639
2026-07-24 00:00:00,SURAJEST,SURAJ ESTATE DEVELOPERS L,193.60,194.54,190.00,193.56,194.54,-0.50,4.54,2.35,-0.48,19357,3717184.90,849
2026-07-24 00:00:00,HERANBA,HERANBA INDUSTRIES LTD,176.04,178.94,172.00,174.96,175.57,-0.35,6.94,3.94,0.27,19355,3362065.16,716
2026-07-24 00:00:00,BETA,BETA DRUGS LIMITED,2258.00,2340.00,2242.20,2315.60,2277.20,1.69,97.80,4.33,-0.84,19164,43937868.70,3690
2026-07-24 00:00:00,NATHBIOGEN,NATH BIO-GENES (I) LTD,159.45,161.98,153.61,161.13,154.65,4.19,8.37,5.25,3.10,19108,3028352.96,677
2026-07-24 00:00:00,DODLA,DODLA DAIRY LIMITED,1030.00,1070.00,1024.60,1061.20,1037.30,2.30,45.40,4.41,-0.70,19101,19965156.40,3247
2026-07-24 00:00:00,TCI,TRANSPORT CORPN OF INDIA,928.00,935.10,913.50,917.75,930.10,-1.33,21.60,2.33,-0.23,18864,17443964.85,2268
2026-07-24 00:00:00,MCL,M TEK COPPER LIMITED,54.00,54.00,52.30,53.37,52.68,1.31,1.70,3.15,2.51,18743,1004450.96,496
2026-07-24 00:00:00,ORICONENT,ORICON ENTERPRISES LTD,55.63,55.70,53.75,55.03,54.81,0.40,1.95,3.51,1.50,18709,1021614.18,696
2026-07-24 00:00:00,CINEVISTA,CINEVISTA LIMITED,15.49,15.75,15.14,15.29,15.17,0.79,0.61,3.94,2.11,18663,286807.26,197
2026-07-24 00:00:00,JHS,JHS SVEND. LAB. LTD,7.43,7.60,7.32,7.49,7.31,2.46,0.28,3.77,1.64,18572,139339.34,96
2026-07-24 00:00:00,QMSMEDI,QMS MEDICAL ALLIED S LTD,112.89,117.00,108.25,110.60,108.18,2.24,8.75,7.75,4.35,18570,2084066.92,774
2026-07-24 00:00:00,JITFINFRA,JITF INFRALOGISTICS LTD,363.00,372.60,355.00,365.40,360.10,1.47,17.60,4.85,0.81,18565,6741932.65,705
2026-07-24 00:00:00,GROWWLOVOL,GROWWAMC - GROWWLOVOL,10.33,10.45,10.29,10.35,10.38,-0.29,0.16,1.55,-0.48,18549,192189.01,100
2026-07-24 00:00:00,SWELECTES,SWELECT ENERGY SYS LTD,603.45,617.30,596.60,613.30,604.15,1.51,20.70,3.43,-0.12,18366,11134956.60,1238
2026-07-24 00:00:00,FRONTSP,FRONTIER SPRINGS LTD.,1340.00,1358.50,1309.10,1328.80,1350.10,-1.58,49.40,3.69,-0.75,18339,24430308.60,2411
2026-07-24 00:00:00,MANAKSIA,MANAKSIA LTD.,56.61,56.61,55.15,55.82,56.33,-0.91,1.46,2.58,0.50,18168,1011059.40,319
2026-07-24 00:00:00,RMC,RMC SWITCHGEARS LIMITED,267.90,270.90,262.90,268.05,268.00,0.02,8.00,2.99,-0.04,18124,4868334.95,797
2026-07-24 00:00:00,PRABHA,PRABHA ENERGY LIMITED,139.92,143.98,138.18,139.86,140.39,-0.38,5.80,4.15,-0.33,18056,2548504.00,508
2026-07-24 00:00:00,ASTEC,ASTEC LIFESCIENCES LTD,663.00,667.00,638.05,659.10,665.55,-0.97,28.95,4.37,-0.38,18024,11763429.20,1575
2026-07-24 00:00:00,CELEBRITY,CELEBRITY FASHIONS LTD,7.04,7.28,6.93,7.04,7.17,-1.81,0.35,4.97,-1.81,17641,124550.20,115
2026-07-24 00:00:00,ISGEC,ISGEC HEAVY ENG LTD,850.00,864.75,844.00,855.60,854.75,0.10,20.75,2.44,-0.56,17547,14987079.40,2663
2026-07-24 00:00:00,TCC,TCC CONCEPT LIMITED,280.00,280.00,270.20,271.95,277.45,-1.98,9.80,3.50,0.92,17525,4797389.20,707
2026-07-24 00:00:00,BUTTERFLY,BTRFLY GANDHI APPL LTD,750.00,763.40,731.70,761.90,756.70,0.69,31.70,4.23,-0.89,17396,13035038.65,1502
2026-07-24 00:00:00,INSECTICID,INSECTICIDES (I) LTD,596.20,620.80,596.20,616.10,605.25,1.79,24.60,4.13,-1.50,17357,10559508.45,1500
2026-07-24 00:00:00,ANUHPHR,ANUH PHARMA LIMITED,77.56,79.75,77.56,79.07,79.45,-0.48,2.19,2.82,-2.38,17342,1367159.78,316
2026-07-24 00:00:00,INDOUS,INDO US BIOTECH LTD,88.69,88.80,84.60,84.98,86.93,-2.24,4.20,4.74,2.02,17311,1486313.05,810
2026-07-24 00:00:00,ROHLTD,ROYAL ORCHID HOTELS LTD,311.00,314.50,306.00,310.95,312.35,-0.45,8.50,2.73,-0.43,17182,5330191.75,707
2026-07-24 00:00:00,SSDL,SARASWATI SAREE DEPOT LTD,52.49,53.53,51.53,52.47,52.49,-0.04,2.00,3.81,0.00,17154,897707.00,369
2026-07-24 00:00:00,TFL,TRANSWARRANTY FIN. LTD.,10.55,10.95,10.21,10.41,10.66,-2.35,0.74,7.01,-1.03,16946,180921.63,129
2026-07-24 00:00:00,TARAPUR,TARAPUR TRANSFORMERS LTD,18.02,18.23,17.69,18.16,18.02,0.78,0.54,3.00,0.00,16944,305167.17,131
2026-07-24 00:00:00,VINDHYATEL,VINDHYA TELELINKS LTD,1821.90,1900.90,1810.00,1886.00,1851.80,1.85,90.90,4.99,-1.61,16872,31393027.10,3152
2026-07-24 00:00:00,SUYOG,SUYOG TELEMATICS LIMITED,834.90,859.90,820.05,850.45,841.10,1.11,39.85,4.77,-0.74,16747,14143839.75,1562
2026-07-24 00:00:00,SUMEETINDS,SUMEET IND LIMITED,28.77,28.77,28.77,28.77,30.28,-4.99,0.00,0.00,-4.99,16684,479998.68,140
2026-07-24 00:00:00,SOLEX,SOLEX ENERGY LIMITED,925.00,950.40,917.10,938.00,933.20,0.51,33.30,3.60,-0.88,16680,15572852.60,1961
2026-07-24 00:00:00,EIHAHOTELS,EIH ASSOCIATED HOTELS LTD,311.80,313.70,302.65,310.90,308.75,0.70,11.05,3.54,0.99,16640,5132350.00,1629
2026-07-24 00:00:00,JAYSREETEA,JAYSHREE TEA & INDUSTRIES,81.65,81.65,79.50,80.68,80.68,0.00,2.15,2.63,1.20,16608,1337924.81,588
2026-07-24 00:00:00,LGBBROSLTD,LG BALAKRISHNAN & BROS,1540.80,1553.00,1506.50,1540.40,1540.80,-0.03,46.50,3.02,0.00,16520,25241150.30,2335
2026-07-24 00:00:00,MAJESAUT,MAJESTIC AUTO LTD.,428.80,428.80,410.00,422.80,429.45,-1.55,18.80,4.38,-0.15,16463,6873318.20,1148
2026-07-24 00:00:00,KLBRENG-B,KILBURN ENGINEERING LTD.,440.35,442.50,435.00,439.50,437.80,0.39,7.50,1.70,0.58,16406,7194588.65,1228
2026-07-24 00:00:00,ZUARIIND,ZUARI INDUSTRIES LIMITED,255.00,259.80,251.20,257.00,256.10,0.35,8.60,3.37,-0.43,16395,4212084.35,533
2026-07-24 00:00:00,LAL,LORENZINI APPARELS LTD,8.74,8.89,8.30,8.38,8.74,-4.12,0.59,6.75,0.00,16361,139392.51,181
2026-07-24 00:00:00,RAJSREESUG,RAJSHREE SUGAR & CHEMICAL,29.85,30.45,29.40,29.97,30.32,-1.15,1.05,3.52,-1.55,16358,488610.11,325
2026-07-24 00:00:00,RACLGEAR,RACL GEARTECH LIMITED,1325.50,1326.40,1285.10,1315.50,1325.50,-0.75,41.30,3.12,0.00,15982,20863725.30,2265
2026-07-24 00:00:00,ANUP,THE ANUP ENGINEERING LTD,2100.60,2150.00,2068.60,2119.60,2107.00,0.60,81.40,3.88,-0.30,15972,33633990.00,3848
2026-07-24 00:00:00,SHARDAMOTR,SHARDA MOTOR INDS LTD,830.00,834.45,816.45,826.45,829.95,-0.42,18.00,2.17,0.01,15945,13143611.20,2214
2026-07-24 00:00:00,ULTRAMAR,ULTRAMARINE & PIGMENTS L,383.00,385.00,376.15,379.50,385.05,-1.44,8.85,2.31,-0.53,15894,6049365.55,2338
2026-07-24 00:00:00,CPL,CAPTAIN POLYPLAST LIMITED,68.06,70.92,68.00,69.84,70.89,-1.48,2.92,4.29,-3.99,15889,1105388.45,280
2026-07-24 00:00:00,ACL,ANDHRA CEMENTS LIMITED,47.99,48.48,46.34,47.06,47.64,-1.22,2.14,4.46,0.73,15817,750707.69,286
2026-07-24 00:00:00,EXPLEOSOL,EXPLEO SOLUTIONS LIMITED,811.00,814.80,796.00,801.55,814.10,-1.54,18.80,2.32,-0.38,15810,12694909.00,1494
2026-07-24 00:00:00,ARIES,ARIES AGRO LTD.,340.00,348.15,331.35,341.05,339.65,0.41,16.80,4.94,0.10,15771,5333101.10,570
2026-07-24 00:00:00,DHANUKA,DHANUKA AGRITECH LTD,1010.90,1019.00,999.00,1013.30,1010.90,0.24,20.00,1.98,0.00,15754,15894670.60,2472
2026-07-24 00:00:00,HDFCGROWTH,HDFCAMC - HDFCGROWTH,115.86,116.27,115.10,115.89,116.58,-0.59,1.17,1.01,-0.62,15718,1818627.69,188
2026-07-24 00:00:00,ADROITINFO,ADROIT INFOTECH LIMITED,9.17,9.30,8.91,9.25,9.17,0.87,0.39,4.25,0.00,15677,144499.49,75
2026-07-24 00:00:00,MSCIINDIA,KOTAKMAMC - MSCIINDIA,29.39,29.51,29.26,29.41,29.48,-0.24,0.25,0.85,-0.31,15634,459266.51,128
2026-07-24 00:00:00,PFIZER,PFIZER LTD,4601.20,4648.70,4554.00,4623.60,4652.40,-0.62,94.70,2.06,-1.10,15577,71833488.30,4488
2026-07-24 00:00:00,AARVI,AARVI ENCON LIMITED,155.00,158.69,153.01,154.89,156.63,-1.11,5.68,3.66,-1.04,15483,2403693.84,578
2026-07-24 00:00:00,KOKUYOCMLN,KOKUYO CAMLIN LIMITED,84.93,85.00,82.30,83.87,84.25,-0.45,2.70,3.18,0.81,15456,1290521.12,291
2026-07-24 00:00:00,PGHH,P&G HYGIENE & HEALTH CARE,8910.00,9027.50,8910.00,8974.50,8984.00,-0.11,117.50,1.32,-0.82,15433,138374121.00,2719
2026-07-24 00:00:00,BLAL,BEML LAND ASSETS LIMITED,179.95,180.99,175.00,175.92,177.43,-0.85,5.99,3.33,1.42,15413,2717956.58,333
2026-07-24 00:00:00,CENTUM,CENTUM ELECTRONICS LTD,3545.00,3650.40,3530.00,3593.80,3570.70,0.65,120.40,3.40,-0.72,15364,55096702.40,4693
2026-07-24 00:00:00,UFO,UFO MOVIEZ INDIA LTD.,66.90,67.69,66.30,67.02,67.27,-0.37,1.39,2.08,-0.55,15194,1017589.54,366
2026-07-24 00:00:00,AGROPHOS,AGRO PHOS INDIA LIMITED,29.22,29.87,28.54,29.04,29.08,-0.14,1.33,4.55,0.48,15185,440511.55,115
2026-07-24 00:00:00,PTCIL,PTC INDUSTRIES LIMITED,17874.00,17965.00,17536.00,17732.00,17836.00,-0.58,429.00,2.40,0.21,15178,268268074.00,4918
2026-07-24 00:00:00,AEPL,ARTEMIS ELECTRICALS & P L,15.26,15.42,14.70,14.96,15.19,-1.51,0.72,4.72,0.46,15091,225741.82,84
2026-07-24 00:00:00,EIMCOELECO,EIMCO ELECON (INDIA) LTD,1792.30,1800.90,1746.00,1789.20,1792.20,-0.17,54.90,3.06,0.01,14969,26498561.70,2084
2026-07-24 00:00:00,VGL,VARVEE GLOBAL LIMITED,61.80,63.28,60.62,61.20,62.11,-1.47,2.66,4.30,-0.50,14908,915771.24,666
2026-07-24 00:00:00,VENTIVE,VENTIVE HOSPITALITY LTD,610.00,623.85,601.20,617.75,615.30,0.40,22.65,3.71,-0.86,14839,9053458.20,1466
2026-07-24 00:00:00,MEDICAMEQ,MEDICAMEN BIOTECH LIMITED,233.20,243.00,233.20,241.85,237.65,1.77,9.80,4.20,-1.87,14741,3539352.05,431
2026-07-24 00:00:00,SCPL,SHEETAL COOL PRODUCTS LTD,576.00,579.75,566.55,570.85,583.35,-2.14,13.20,2.29,-1.26,14665,8396883.95,1184
2026-07-24 00:00:00,LUXIND,LUX INDUSTRIES LIMITED,1215.00,1233.00,1205.10,1226.60,1229.60,-0.24,27.90,2.30,-1.19,14548,17697647.60,1485
2026-07-24 00:00:00,MONIFTY100,MOTILALAMC - MONIFTY100,26.17,26.17,24.78,25.00,25.25,-0.99,1.39,5.31,3.64,14519,362037.86,138
2026-07-24 00:00:00,SHRADHA,SHRADHA REALTY LIMITED,34.66,35.00,34.25,34.79,34.66,0.38,0.75,2.16,0.00,14478,502580.76,129
2026-07-24 00:00:00,KSL,KALYANI STEELS LIMITED,880.00,899.40,867.60,892.95,888.60,0.49,31.80,3.61,-0.97,14327,12660235.00,1948
2026-07-24 00:00:00,KDDL,KDDL LIMITED,3094.00,3159.00,3045.00,3135.20,3094.90,1.30,114.00,3.68,-0.03,14325,44576713.00,3196
2026-07-24 00:00:00,RML,RANE (MADRAS) LIMITED,1121.00,1142.90,1105.10,1130.40,1124.80,0.50,37.80,3.37,-0.34,14317,16124236.70,2451
2026-07-24 00:00:00,ASTRAZEN,ASTRAZENECA PHARMA IND LT,7865.50,8024.50,7827.00,8005.50,7872.00,1.70,197.50,2.51,-0.08,14182,113146353.50,1976
2026-07-24 00:00:00,HEALTHADD,DSPAMC - HEALTHADD,16.42,16.47,16.34,16.40,16.42,-0.12,0.13,0.79,0.00,14094,230805.74,65
2026-07-24 00:00:00,MADHAV,MADHAV MARBLE & GRANITE,34.06,34.06,32.10,33.79,34.06,-0.79,1.96,5.75,0.00,13892,461019.94,338
2026-07-24 00:00:00,HEALTHAXIS,AXISAMC-HEALTHAXIS,166.98,166.98,164.49,165.10,165.62,-0.31,2.49,1.49,0.82,13795,2274762.97,100
2026-07-24 00:00:00,GROWWPSUBK,GROWWAMC - GROWWPSUBK,81.31,84.47,81.31,84.05,82.97,1.30,3.16,3.89,-2.00,13646,1135817.41,127
2026-07-24 00:00:00,SHREECEM,SHREE CEMENT LIMITED,26575.00,27000.00,26425.00,26740.00,26825.00,-0.32,575.00,2.16,-0.93,13408,357915305.00,7275
2026-07-24 00:00:00,ORIENTBELL,ORIENT BELL LIMITED,317.80,323.10,310.05,319.50,316.10,1.08,13.05,4.11,0.54,13382,4264102.90,347
2026-07-24 00:00:00,AMJLAND,AMJ LAND HOLDINGS LIMITED,38.10,38.19,36.61,37.99,37.28,1.90,1.58,4.15,2.20,13373,504179.43,259
2026-07-24 00:00:00,INGERRAND,INGERSOLL-RAND INDIA LTD,4378.00,4405.50,4320.00,4354.30,4378.90,-0.56,85.50,1.95,-0.02,13370,58466007.00,2256
2026-07-24 00:00:00,LAGNAM,LAGNAM SPINTEX LIMITED,89.35,92.00,86.51,90.31,89.59,0.80,5.49,6.14,-0.27,13259,1187968.66,196
2026-07-24 00:00:00,SCHAND,S CHAND AND COMPANY LTD,147.60,149.52,146.00,147.69,148.63,-0.63,3.52,2.38,-0.69,13250,1945912.56,669
2026-07-24 00:00:00,MOSERVICE,MOTILALAMC - MOSERVICE,30.66,30.69,30.33,30.57,30.78,-0.68,0.36,1.17,-0.39,13245,403737.33,75
2026-07-24 00:00:00,SIGIND,SIGNET INDUSTRIES LIMITED,45.45,45.45,43.20,44.57,43.98,1.34,2.25,4.95,3.34,13210,582008.37,218
2026-07-24 00:00:00,ETHOSLTD,ETHOS LIMITED,2565.00,2600.00,2527.70,2562.80,2574.40,-0.45,72.30,2.82,-0.37,13096,33557118.30,3363
2026-07-24 00:00:00,ICRA,ICRA LIMITED,4785.00,4815.00,4755.00,4804.00,4774.50,0.62,60.00,1.25,0.22,12911,61795739.50,3475
2026-07-24 00:00:00,VASWANI,VASWANI IND LTD,53.30,53.40,51.50,52.52,52.37,0.29,1.90,3.56,1.78,12896,676338.13,248
2026-07-24 00:00:00,SAFARI,SAFARI IND (INDIA) LTD,1543.90,1562.40,1530.00,1538.90,1551.60,-0.82,32.40,2.10,-0.50,12888,19858089.50,2204
2026-07-24 00:00:00,TARMAT,TARMAT LIMITED,49.95,51.00,49.54,50.95,49.95,2.00,1.46,2.92,0.00,12831,650219.96,90
2026-07-24 00:00:00,XPROINDIA,XPRO INDIA LIMITED,1356.90,1400.00,1329.10,1386.20,1351.50,2.57,70.90,5.23,0.40,12812,17564192.80,1750
2026-07-24 00:00:00,SUNDROP,SUNDROP BRANDS LIMITED,692.40,692.40,672.35,687.05,692.40,-0.77,20.05,2.90,0.00,12738,8702612.50,951
2026-07-24 00:00:00,SUKHJITS,SUKHJIT STARCH & CHEM LTD,163.00,164.62,154.41,159.43,162.16,-1.68,10.21,6.26,0.52,12665,2005167.80,360
2026-07-24 00:00:00,TRANSPEK,TRANSPEK INDUSTRY LTD,1041.80,1085.00,1001.00,1064.90,1022.10,4.19,84.00,8.06,1.93,12644,13205309.65,1539
2026-07-24 00:00:00,SUPREME,SUPREME HOLDIN N HOSP I L,45.49,45.78,44.21,45.27,44.53,1.66,1.57,3.45,2.16,12488,561532.49,146
2026-07-24 00:00:00,LUMAXIND,LUMAX INDUSTRIES LTD,5093.50,5150.00,5020.50,5142.00,5093.50,0.95,129.50,2.54,0.00,12385,63054884.50,1881
2026-07-24 00:00:00,SINCLAIR,SINCLAIRS HOTELS LIMITED,74.45,74.96,73.00,74.77,73.93,1.14,1.96,2.63,0.70,12355,914097.47,335
2026-07-24 00:00:00,DONEAR,DONEAR IND. LIMITED,82.66,87.30,82.66,85.79,84.37,1.68,4.64,5.61,-2.03,12348,1047317.07,260
2026-07-24 00:00:00,LINCOLN,LINCOLN PHARMA LTD,584.90,590.35,574.55,580.00,587.30,-1.24,15.80,2.70,-0.41,12329,7147939.65,842
2026-07-24 00:00:00,ASHOKAMET,ASHOKA METCAST LIMITED,14.55,14.55,14.02,14.16,14.23,-0.49,0.53,3.64,2.25,12306,174300.02,142
2026-07-24 00:00:00,TRAVELFOOD,TRAVEL FOOD SERVICES LTD,1272.30,1291.00,1255.50,1286.30,1279.20,0.56,35.50,2.79,-0.54,12291,15678566.50,3654
2026-07-24 00:00:00,OBCL,OBCL LIMITED,53.00,53.77,51.51,52.39,53.11,-1.36,2.26,4.26,-0.21,12262,645495.28,72
2026-07-24 00:00:00,MACPOWER,MACPOWER CNC MACHINES LTD,1353.20,1384.60,1317.90,1344.50,1353.20,-0.64,66.70,4.93,0.00,12213,16492913.80,1900
2026-07-24 00:00:00,RPGLIFE,RPG LIFE SCIENCES LTD,2870.00,3010.20,2800.00,2937.00,2902.50,1.19,210.20,7.32,-1.12,12138,35230830.70,1917
2026-07-24 00:00:00,BEARDSELL,BEARDSELL LIMITED,26.95,27.99,26.62,27.64,27.16,1.77,1.37,5.08,-0.77,12102,328633.47,99
2026-07-24 00:00:00,MANGALAM,MANGALAM DRUG & CHEM LTD,27.17,27.67,26.40,27.22,27.17,0.18,1.27,4.67,0.00,12092,327849.95,121
2026-07-24 00:00:00,PAR,PAR DRUGS AND CHEM LTD,96.31,96.99,93.21,93.79,96.18,-2.48,3.78,3.92,0.14,12063,1144818.25,233
2026-07-24 00:00:00,FINKURVE,FINKURVE FINANCIAL SERV L,63.99,64.39,61.64,62.15,62.83,-1.08,2.75,4.30,1.85,11910,740616.99,321
2026-07-24 00:00:00,INNOVISION,INNOVISION LIMITED,285.00,286.65,281.00,285.30,285.55,-0.09,5.65,1.98,-0.19,11841,3359542.15,647
2026-07-24 00:00:00,HEADSUP,HEADS UP VENTURES LIMITED,6.95,7.18,6.95,7.11,7.06,0.71,0.23,3.31,-1.56,11822,83612.86,40
2026-07-24 00:00:00,SAHYADRI,SAHYADRI INDUSTRIES LTD,276.30,282.95,270.05,281.25,279.15,0.75,12.90,4.67,-1.02,11721,3241566.55,323
2026-07-24 00:00:00,BAJAJINDEF,INDEF MANUFACTURING LTD,234.90,235.00,227.00,230.25,234.20,-1.69,8.00,3.41,0.30,11684,2689744.05,372
2026-07-24 00:00:00,BASF,BASF INDIA LTD,3690.00,3698.00,3626.00,3670.20,3698.00,-0.75,72.00,1.95,-0.22,11446,41947316.80,2573
2026-07-24 00:00:00,AAATECH,AAA TECHNOLOGIES LIMITED,90.55,90.80,88.84,89.66,90.55,-0.98,1.96,2.16,0.00,11408,1025690.36,584
2026-07-24 00:00:00,NEULANDLAB,NEULAND LAB LTD.,18250.00,18664.00,18234.00,18546.00,18431.00,0.62,430.00,2.36,-0.98,11320,208866320.00,5098
2026-07-24 00:00:00,PIXTRANS,PIX TRANSMISSIONS LIMITED,1782.00,1792.10,1750.40,1766.10,1790.00,-1.34,41.70,2.34,-0.45,11270,19893851.90,1750
2026-07-24 00:00:00,LEXUS,LEXUS GRANITO (INDIA) LTD,14.85,15.40,14.47,15.13,15.01,0.80,0.93,6.26,-1.07,11135,166903.66,90
2026-07-24 00:00:00,TEXMOPIPES,TEXMO PIPE & PRODUCTS LTD,42.00,43.81,42.00,43.04,42.80,0.56,1.81,4.31,-1.87,11083,472208.52,175
2026-07-24 00:00:00,IGPL,I G PETROCHEMICALS LTD,448.65,454.00,442.00,451.55,451.95,-0.09,12.00,2.67,-0.73,11034,4941152.25,842
2026-07-24 00:00:00,HINDCOMPOS,HINDUSTAN COMPOSITES LTD.,436.00,443.20,425.00,428.40,448.35,-4.45,18.20,4.17,-2.75,10842,4663638.20,916
2026-07-24 00:00:00,ABBOTINDIA,ABBOTT INDIA LIMITED,27900.00,28050.00,27650.00,28005.00,28690.00,-2.39,400.00,1.43,-2.75,10811,301616940.00,4178
2026-07-24 00:00:00,CCHHL,COUNTRY CLUB HOSP HOL LTD,12.30,12.90,12.30,12.74,12.73,0.08,0.60,4.88,-3.38,10799,136623.59,115
2026-07-24 00:00:00,ABSL10BANK,BIRLASLAMC - ABSL10BANK,167.00,168.98,166.80,168.46,169.06,-0.35,2.18,1.31,-1.22,10794,1805070.61,380
2026-07-24 00:00:00,GUJAPOLLO,GUJ. APOLLO IND. LTD.,348.00,369.00,338.05,364.35,345.35,5.50,30.95,8.89,0.77,10722,3838929.55,561
2026-07-24 00:00:00,HDFCQUAL,HDFCAMC - HDFCQUAL,57.22,57.80,57.10,57.45,57.61,-0.28,0.70,1.22,-0.68,10659,610644.80,121
2026-07-24 00:00:00,GLOBAL,GLOBAL EDUCATION LIMITED,100.00,102.99,100.00,101.99,102.77,-0.76,2.99,2.99,-2.70,10617,1080451.05,170
2026-07-24 00:00:00,KRYSTAL,KRYSTAL INTEGRATED SER L,602.55,602.70,600.05,601.40,600.60,0.13,2.65,0.44,0.32,10594,6365887.70,258
2026-07-24 00:00:00,EXCELINDUS,EXCEL INDUSTRIES LTD,911.35,945.25,907.00,932.15,914.35,1.95,38.25,4.20,-0.33,10520,9814197.25,600
2026-07-24 00:00:00,KINGFA,KINGFA SCI & TEC IND LTD.,5025.00,5250.00,4983.00,5212.00,5025.00,3.72,267.00,5.31,0.00,10477,54109455.50,2348
2026-07-24 00:00:00,AFSL,ABANS FINANCIAL SRVCS LTD,201.02,202.84,201.00,201.00,201.06,-0.03,1.84,0.92,-0.02,10465,2104195.76,59
2026-07-24 00:00:00,HGS,HINDUJA GLOBAL SOLS. LTD.,426.05,430.95,420.20,422.55,425.70,-0.74,10.75,2.52,0.08,10430,4413381.70,674
2026-07-24 00:00:00,SBGLP,SURATWWALA BUS GROUP LTD,24.25,25.84,24.25,24.42,25.15,-2.90,1.59,6.56,-3.58,10415,260783.52,167
2026-07-24 00:00:00,BHARATRAS,BHARAT RASAYAN LTD,1260.00,1272.70,1250.00,1261.10,1266.60,-0.43,22.70,1.80,-0.52,10330,13033269.00,1190
2026-07-24 00:00:00,MONEYBOXX,MONEYBOXX FINANCE LIMITED,57.72,60.36,56.00,59.97,57.98,3.43,4.36,7.55,-0.45,10323,605808.23,306
2026-07-24 00:00:00,CSLFINANCE,CSL FINANCE LIMITED,216.79,216.85,211.49,213.84,213.64,0.09,5.36,2.47,1.47,10258,2184430.17,200
2026-07-24 00:00:00,NCLIND,NCL INDUSTRIES LIMITED,184.76,185.00,183.00,184.67,184.81,-0.08,2.00,1.08,-0.03,10162,1870016.27,467
2026-07-24 00:00:00,TERASOFT,TERA SOFTWARE LIMITED,383.95,397.45,378.15,393.70,382.35,2.97,19.30,5.03,0.42,10145,3928630.50,829
2026-07-24 00:00:00,MOBANK10,MOTILALAMC - MOBANK10,16.65,16.91,16.50,16.88,16.82,0.36,0.41,2.46,-1.01,10117,170409.10,69
2026-07-24 00:00:00,HESTERBIO,HESTER BIOSCIENCES LTD,2365.80,2377.00,2301.00,2367.40,2365.00,0.10,76.00,3.21,0.03,10109,23706556.70,1438
2026-07-24 00:00:00,WORTHPERI,WORTH PERIPHERALS LIMITED,142.00,145.00,138.67,142.83,140.77,1.46,6.33,4.46,0.87,10071,1429817.22,91
2026-07-24 00:00:00,SKFINDUS,SKF IND (INDUSTRIAL) LTD,2762.20,2781.00,2722.90,2731.20,2762.20,-1.12,58.10,2.10,0.00,9990,27457763.40,2234
2026-07-24 00:00:00,ALLDIGI,ALLDIGI TECH LIMITED,838.00,838.00,809.50,822.75,836.05,-1.59,28.50,3.40,0.23,9915,8127087.40,2159
2026-07-24 00:00:00,ARIHANTSUP,ARIHANT SUPERSTRUCT LTD,258.65,263.80,255.40,262.60,257.70,1.90,8.40,3.25,0.37,9903,2582768.60,287
2026-07-24 00:00:00,LOVABLE,LOVABLE LINGERIE LTD,72.13,72.88,70.53,71.96,71.93,0.04,2.35,3.26,0.28,9826,705502.85,267
2026-07-24 00:00:00,KEEPLEARN,DSJ KEEP LEARNING LTD,1.85,1.88,1.76,1.85,1.89,-2.12,0.12,6.49,-2.12,9483,17532.65,63
2026-07-24 00:00:00,SBIMIDMOM,SBIAMC - SBIMIDMOM,61.90,61.98,60.85,61.35,61.60,-0.41,1.13,1.83,0.49,9450,577372.83,161
2026-07-24 00:00:00,YASHO,YASHO INDUSTRIES LIMITED,3080.30,3120.00,3030.00,3072.00,3079.00,-0.23,90.00,2.92,0.04,9430,28991472.70,2139
2026-07-24 00:00:00,ESG,MIRAEAMC - MAESGETF,40.86,41.08,40.62,40.97,41.00,-0.07,0.46,1.13,-0.34,9419,384514.87,102
2026-07-24 00:00:00,MHLXMIRU,MAHALAXMI RUBTECH LIMITED,135.50,139.88,135.29,139.58,138.71,0.63,4.59,3.39,-2.31,9404,1299267.37,215
2026-07-24 00:00:00,TVVISION,TV VISION LIMITED,4.76,4.76,4.60,4.70,4.76,-1.26,0.16,3.36,0.00,9385,43603.07,43
2026-07-24 00:00:00,STARTECK,STARTECK FINANCE LIMITED,265.20,269.00,264.30,266.20,264.70,0.57,4.70,1.77,0.19,9374,2506218.40,185
2026-07-24 00:00:00,ORISSAMINE,ORISSA MIN DEV CO LTD,3669.90,3782.00,3551.00,3747.00,3648.50,2.70,231.00,6.29,0.59,9339,34344036.80,2201
2026-07-24 00:00:00,SABEVENTS,SAB EVENTS & GOVERNANCE,7.90,7.91,7.31,7.67,7.58,1.19,0.60,7.59,4.22,9282,70379.95,60
2026-07-24 00:00:00,KIRLOSIND,KIRLOSKAR INDUSTRIES LTD,3700.00,3805.50,3700.00,3787.70,3737.30,1.35,105.50,2.85,-1.00,9238,34603579.50,1835
2026-07-24 00:00:00,IWP,INDIAN WOOD PRODUCTS CO L,32.60,32.83,31.30,32.36,33.50,-3.40,1.53,4.69,-2.69,9144,292745.25,72
2026-07-24 00:00:00,MUTHOOTCAP,MUTHOOT CAP SERV LTD,220.73,220.73,212.11,213.77,215.26,-0.69,8.62,3.91,2.54,9128,1963922.81,357
2026-07-24 00:00:00,SOMATEX,SOMA TEXTILES & INDUST LT,104.95,104.95,100.05,101.06,101.06,0.00,4.90,4.67,3.85,9022,915910.93,171
2026-07-24 00:00:00,GRANDOAK,GRAND OAK CANYONS DIST L,37.53,38.89,36.88,37.48,38.09,-1.60,2.01,5.36,-1.47,8868,334590.16,92
2026-07-24 00:00:00,KAMATHOTEL,KAMAT HOTELS (I) LTD,169.62,170.19,167.41,169.11,169.64,-0.31,2.78,1.64,-0.01,8782,1481918.35,455
2026-07-24 00:00:00,SOMICONVEY,SOMI CONVEYOR BELT. LTD.,96.30,98.99,95.23,97.31,98.43,-1.14,3.76,3.90,-2.16,8768,851253.02,364
2026-07-24 00:00:00,GILT10BETA,UTIAMC-GILT10BETA,26.57,26.72,26.27,26.69,26.44,0.95,0.45,1.69,0.49,8727,231246.20,11
2026-07-24 00:00:00,ARCHIDPLY,ARCHIDPLY IND. LTD,82.00,85.40,80.05,82.94,82.48,0.56,5.35,6.52,-0.58,8680,718780.66,210
2026-07-24 00:00:00,GRINFRA,G R INFRAPROJECTS LIMITED,860.00,878.00,860.00,869.85,871.00,-0.13,18.00,2.09,-1.26,8665,7525453.30,1102
2026-07-24 00:00:00,BOSCH-HCIL,BOSCH HOME COMFRT IND LTD,1311.00,1335.00,1300.50,1332.80,1311.20,1.65,34.50,2.63,-0.02,8658,11376808.30,664
2026-07-24 00:00:00,DYNAMATECH,DYNAMATIC TECHNOLOGIES,10100.00,10497.00,10100.00,10458.00,10181.00,2.72,397.00,3.93,-0.80,8615,89149126.00,3102
2026-07-24 00:00:00,JPOLYINVST,JIND POL INV & FIN CO LTD,1017.30,1040.00,1015.00,1029.10,1017.30,1.16,25.00,2.46,0.00,8541,8772604.30,653
2026-07-24 00:00:00,NIRLON,NIRLON LTD,617.05,625.00,606.15,620.60,620.15,0.07,18.85,3.05,-0.50,8456,5238792.45,298
2026-07-24 00:00:00,GOODYEAR,GOODYEAR INDIA LIMITED,820.00,829.95,818.25,822.85,824.80,-0.24,11.70,1.43,-0.58,8423,6932681.95,630
2026-07-24 00:00:00,VINYLINDIA,VINYL CHEMICALS (I) LTD.,241.00,243.00,236.35,242.65,242.00,0.27,6.65,2.76,-0.41,8317,1996252.40,516
2026-07-24 00:00:00,DELTAMAGNT,DELTA MANUFACTURING LTD,58.90,58.90,55.00,55.83,57.31,-2.58,3.90,6.62,2.77,8261,459047.62,113
2026-07-24 00:00:00,AMNPLST,AMINES & PLASTICIZERS LTD,196.43,198.02,191.00,194.27,194.59,-0.16,7.02,3.57,0.95,8244,1597778.75,658
2026-07-24 00:00:00,KSR,KSR FOOTWEAR LIMITED,29.40,29.80,28.20,29.52,28.72,2.79,1.60,5.44,2.37,8224,239082.80,63
2026-07-24 00:00:00,ALPA,ALPA LABORATORIES LTD,66.80,68.00,65.00,67.17,66.81,0.54,3.00,4.49,-0.01,8160,538827.30,211
2026-07-24 00:00:00,SWARAJENG,SWARAJ ENGINES LTD,3560.30,3593.20,3525.00,3569.00,3576.60,-0.21,68.20,1.92,-0.46,8115,28895840.20,1616
2026-07-24 00:00:00,DECCANCE,DECCAN CEMENTS LIMITED,562.05,564.40,550.30,553.65,559.85,-1.11,14.10,2.51,0.39,8097,4503908.25,622
2026-07-24 00:00:00,MATRIMONY,MATRIMONY.COM LIMITED,429.50,429.50,412.85,426.05,425.25,0.19,16.65,3.88,1.00,8090,3391482.65,441
2026-07-24 00:00:00,RUSTOMJEE,KEYSTONE REALTORS LIMITED,404.85,405.00,395.30,399.75,401.65,-0.47,9.70,2.40,0.80,8024,3206639.00,819
2026-07-24 00:00:00,NAHARINDUS,NAHAR INDS ENT LTD,119.90,119.90,115.00,116.64,116.09,0.47,4.90,4.09,3.28,8021,926931.37,236
2026-07-24 00:00:00,CAPILLARY,CAPILLARY TECHNO INDIA L,477.05,483.10,471.20,476.25,477.05,-0.17,11.90,2.49,0.00,7996,3800301.70,731
2026-07-24 00:00:00,SIL,STANDARD INDUSTRIES LTD.,16.10,16.39,15.81,15.89,15.95,-0.38,0.58,3.60,0.94,7966,127876.10,170
2026-07-24 00:00:00,HEALTHX,HEALTH X PLATFORM LIMITED,317.10,317.10,302.00,312.85,316.05,-1.01,15.10,4.76,0.33,7889,2429572.20,560
2026-07-24 00:00:00,MIDWESTLTD,MIDWEST LIMITED,1235.00,1246.20,1204.00,1234.20,1236.50,-0.19,42.20,3.42,-0.12,7810,9595749.60,1151
2026-07-24 00:00:00,MAHAPEXLTD,MAHA RASHTRA APEX COPR. L,44.26,44.50,42.00,43.53,44.02,-1.11,2.50,5.65,0.55,7751,334665.12,136
2026-07-24 00:00:00,LINC,LINC LIMITED,103.31,103.31,100.80,102.67,103.31,-0.62,2.51,2.43,0.00,7563,771406.75,485
2026-07-24 00:00:00,FINEORG,FINE ORGANIC IND. LTD.,4745.50,4850.00,4692.00,4828.50,4745.50,1.75,158.00,3.33,0.00,7556,36133237.50,2637
2026-07-24 00:00:00,EUROBOND,EURO PANEL PRODUCTS LTD,165.00,165.00,151.50,161.61,160.77,0.52,13.50,8.18,2.63,7550,1206327.17,287
2026-07-24 00:00:00,PIONRINV,PIONEER INVESTCORP LTD.,97.73,97.73,91.70,94.14,97.25,-3.20,6.03,6.17,0.49,7513,704657.01,177
2026-07-24 00:00:00,FAZE3Q,FAZE THREE LIMITED,545.60,553.85,532.65,546.95,545.00,0.36,21.20,3.89,0.11,7488,4067256.25,515
2026-07-24 00:00:00,SHREYANIND,SHREYANS INDUSTRIES LTD,140.99,141.80,136.00,138.65,137.46,0.87,5.80,4.11,2.57,7473,1038811.49,332
2026-07-24 00:00:00,HARRMALAYA,HARRISON MALAYALAM LTD,219.57,220.39,216.50,216.96,221.66,-2.12,3.89,1.77,-0.94,7419,1616849.14,365
2026-07-24 00:00:00,RANEHOLDIN,RANE HOLDINGS LIMITED,1715.00,1740.00,1692.20,1738.40,1723.20,0.88,47.80,2.79,-0.48,7386,12695385.40,1169
2026-07-24 00:00:00,TVSHLTD,TVS HOLDINGS LIMITED,14810.00,14810.00,14430.00,14633.00,14807.00,-1.18,380.00,2.57,0.02,7356,107432859.00,2778
2026-07-24 00:00:00,JSWDULUX,JSW DULUX LIMITED,2890.00,2955.00,2862.00,2943.90,2918.40,0.87,93.00,3.22,-0.97,7291,21258990.50,2601
2026-07-24 00:00:00,SAGARDEEP,SAGARDEEP ALLOYS LIMITED,25.06,25.50,24.50,25.16,25.06,0.40,1.00,3.99,0.00,7277,180478.38,75
2026-07-24 00:00:00,GILLETTE,GILLETTE INDIA LTD,7780.50,7855.00,7730.00,7828.50,7787.00,0.53,125.00,1.61,-0.08,7271,56705253.00,3109
2026-07-24 00:00:00,DNAMEDIA,DILIGENT MEDIA CORP LTD.,2.78,2.81,2.72,2.79,2.78,0.36,0.09,3.24,0.00,7249,20042.54,49
2026-07-24 00:00:00,ACCELYA,ACCELYA SOLN INDIA LTD,1135.00,1163.90,1135.00,1158.90,1145.80,1.14,28.90,2.55,-0.94,7198,8307650.80,1831
2026-07-24 00:00:00,ALICON,ALICON CASTALLOY LIMITED,649.45,650.00,625.00,636.35,637.10,-0.12,25.00,3.85,1.94,7112,4503694.75,398
2026-07-24 00:00:00,BALKRISHNA,BALKRISHNA PAPER MILLS L,17.60,18.74,17.40,17.54,17.93,-2.18,1.34,7.61,-1.84,7098,125087.36,72
2026-07-24 00:00:00,RPSGVENT,RPSG VENTURES LIMITED,903.00,903.00,890.20,893.95,900.60,-0.74,12.80,1.42,0.27,7077,6319454.40,530
2026-07-24 00:00:00,SENSEXAXIS,AXISAMC-SENSEXAXIS,78.86,79.11,78.45,79.07,79.38,-0.39,0.66,0.84,-0.66,6914,544328.70,64
2026-07-24 00:00:00,FMCGADD,DSPAMC - FMCGADD,49.15,49.35,49.05,49.25,49.26,-0.02,0.30,0.61,-0.22,6909,339912.56,25
2026-07-24 00:00:00,GSEC10YEAR,MIRAEAMC - MAGS813ETF,30.54,30.54,30.21,30.44,30.60,-0.52,0.33,1.08,-0.20,6855,207267.36,20
2026-07-24 00:00:00,GANDHITUBE,GANDHI SPL. TUBES LTD,870.00,875.00,863.05,868.00,870.75,-0.32,11.95,1.37,-0.09,6814,5928066.05,314
2026-07-24 00:00:00,SGL,STL GLOBAL LIMITED,9.86,9.94,9.63,9.74,9.86,-1.22,0.31,3.14,0.00,6788,66096.66,43
2026-07-24 00:00:00,AHLADA,AHLADA ENGINEERS LIMITED,38.40,38.40,37.20,38.01,37.60,1.09,1.20,3.12,2.13,6747,253938.74,104
2026-07-24 00:00:00,INDIANCARD,INDIAN CARD CLOTHING CO.,216.00,234.70,215.00,223.97,220.99,1.35,19.70,9.12,-2.26,6624,1511515.34,170
2026-07-24 00:00:00,KNAGRI,KN AGRI RESOURCES LIMITED,212.70,214.89,206.90,213.64,207.76,2.83,7.99,3.76,2.38,6554,1391476.39,183
2026-07-24 00:00:00,JINDALPOLY,JINDAL POLY FILMS LIMITED,638.00,642.05,627.55,637.35,637.90,-0.09,14.50,2.27,0.02,6544,4154230.00,838
2026-07-24 00:00:00,TRIGYN,TRIGYN TECHNOLOGIES LTD,54.89,55.45,53.53,54.50,54.01,0.91,1.92,3.50,1.63,6543,356602.75,151
2026-07-24 00:00:00,MERCANTILE,MERCANTILE VENTURES LTD.,25.90,25.90,24.02,24.52,25.67,-4.48,1.88,7.26,0.90,6541,161414.50,70
2026-07-24 00:00:00,BIRLANU,BIRLANU LIMITED,1340.20,1369.80,1330.20,1351.90,1347.00,0.36,39.60,2.95,-0.50,6522,8821634.60,907
2026-07-24 00:00:00,NEXT50ADD,DSPAMC - NEXT50ADD,71.73,73.50,71.52,72.24,72.23,0.01,1.98,2.76,-0.69,6423,462073.81,33
2026-07-24 00:00:00,GROWWNXT50,GROWWAMC - GROWWNXT50,72.60,72.60,71.40,72.22,72.47,-0.34,1.20,1.65,0.18,6343,456220.61,112
2026-07-24 00:00:00,ENIL,ENTERTAIN NET. IND. LTD.,107.07,107.49,105.50,105.63,106.55,-0.86,1.99,1.86,0.49,6311,668575.92,221
2026-07-24 00:00:00,VADILALIND,VADILAL INDUSTRIES LTD,6739.50,6774.00,6627.00,6710.50,6749.50,-0.58,147.00,2.18,-0.15,6278,42034777.50,1460
2026-07-24 00:00:00,AARTISURF,AARTI SURFACTANTS LIMITED,387.00,387.00,374.30,381.60,385.80,-1.09,12.70,3.28,0.31,6247,2377996.65,656
2026-07-24 00:00:00,DVL,DHUNSERI VENTURES LIMITED,243.95,245.85,239.77,243.97,242.86,0.46,6.08,2.49,0.45,6245,1515033.10,237
2026-07-24 00:00:00,ABCOTS,A B COTSPIN INDIA LIMITED,203.50,203.59,198.42,200.38,200.38,0.00,5.17,2.54,1.56,6206,1240908.20,396
2026-07-24 00:00:00,KENNAMET,KENNAMETAL INDIA LIMITED,2712.70,2798.80,2712.40,2782.90,2773.80,0.33,86.40,3.19,-2.20,6177,17076000.70,1169
2026-07-24 00:00:00,RUBFILA,RUBFILA INTERNATIONAL LTD,72.76,73.80,72.00,73.08,72.75,0.45,1.80,2.47,0.01,6158,446150.17,153
2026-07-24 00:00:00,NITTAGELA,NITTA GELATIN INDIA LTD.,1935.40,1935.40,1861.20,1909.00,1920.80,-0.61,74.20,3.83,0.76,6134,11645324.20,1072
2026-07-24 00:00:00,DIGIDRIVE,DIGIDRIVE DISTRIBUTORS L,18.35,18.35,17.61,17.95,17.95,0.00,0.74,4.03,2.23,6128,109072.50,92
2026-07-24 00:00:00,MAHASTEEL,MAHAMAYA STEEL INDS LTD,770.95,799.95,718.25,757.35,781.60,-3.10,81.70,10.60,-1.36,6046,4659609.00,438
2026-07-24 00:00:00,KOTHARIPRO,KOTHARI PRODUCTS LTD,70.00,70.00,65.60,68.08,67.73,0.52,4.40,6.29,3.35,6039,404127.08,163
2026-07-24 00:00:00,VSTL,VIBHOR STEEL TUBES LTD,111.93,111.97,109.32,111.14,109.94,1.09,2.65,2.37,1.81,5999,664936.43,130
2026-07-24 00:00:00,SMALLGROWW,GROWWAMC - SMALLGROWW,46.75,46.80,46.15,46.61,46.81,-0.43,0.65,1.39,-0.13,5900,274028.26,75
2026-07-24 00:00:00,ARIHANT,ARIHANT FOUN & HOU LTD,930.10,1039.40,930.10,1021.70,969.80,5.35,109.30,11.75,-4.09,5725,5717227.65,540
2026-07-24 00:00:00,NATCAPSUQ,NATURAL CAPSULES LIMITED,152.00,154.00,145.00,148.86,150.08,-0.81,9.00,5.92,1.28,5606,830534.48,132
2026-07-24 00:00:00,NDLVENTURE,NDL VENTURES LIMITED,128.06,128.06,124.07,125.06,127.47,-1.89,3.99,3.12,0.46,5559,697770.24,230
2026-07-24 00:00:00,GALAXYSURF,GALAXY SURFACTANTS LTD,1916.00,1955.00,1914.00,1945.00,1928.30,0.87,41.00,2.14,-0.64,5547,10711180.70,659
2026-07-24 00:00:00,KOTIC,KOTHARI INDUSTRIAL CORP L,155.50,165.40,155.50,163.00,164.19,-0.72,9.90,6.37,-5.29,5480,886220.12,382
2026-07-24 00:00:00,INCREDIBLE,INCREDIBLE INDUSTRIES LTD,34.50,34.50,33.28,33.39,34.16,-2.25,1.22,3.54,1.00,5480,186159.89,76
2026-07-24 00:00:00,MFML,MAHALAXMI FABRIC MILLS LT,19.59,19.60,18.61,18.75,19.21,-2.39,0.99,5.05,1.98,5449,103221.11,92
2026-07-24 00:00:00,VSTTILLERS,VST TILLERS TRACTORS LTD,4410.00,4484.10,4355.20,4416.70,4412.00,0.11,128.90,2.92,-0.05,5308,23511785.10,1222
2026-07-24 00:00:00,USK,UDAYSHIVAKUMAR INFRA LTD,21.84,21.85,21.40,21.75,21.80,-0.23,0.45,2.06,0.18,5306,114452.37,70
2026-07-24 00:00:00,NIFTYADD,DSPAMC - DSPNIFTY,250.84,251.17,249.00,250.86,251.52,-0.26,2.17,0.87,-0.27,5302,1324958.00,186
2026-07-24 00:00:00,RELIABLE,RELIABLE DATA SERVICE LTD,143.92,145.32,141.00,143.88,143.83,0.03,4.32,3.00,0.06,5297,760439.12,154
2026-07-24 00:00:00,TIIL,TECHNOCRAFT IND LTD,2542.00,2607.80,2520.50,2566.50,2565.90,0.02,87.30,3.43,-0.93,5238,13378191.50,1029
2026-07-24 00:00:00,PNC,PRITISH NANDY COMMUNICATI,19.67,20.00,18.90,19.35,19.28,0.36,1.10,5.59,2.02,5189,100582.95,141
2026-07-24 00:00:00,BBTCL,B&B TRIPLEWALL CONT LTD,211.10,220.08,211.10,217.09,213.42,1.72,8.98,4.25,-1.09,5178,1119568.74,174
2026-07-24 00:00:00,SINTERCOM,SINTERCOM INDIA LIMITED,79.00,82.40,79.00,82.04,80.89,1.42,3.40,4.30,-2.34,5163,417247.69,84
2026-07-24 00:00:00,PODDARMENT,PODDAR PIGMENTS LIMITED,261.27,265.93,258.00,263.98,261.61,0.91,7.93,3.04,-0.13,5129,1339286.01,165
2026-07-24 00:00:00,MON50EQUAL,MOTILALAMC - MON50EQUAL,32.70,34.00,32.70,33.04,32.98,0.18,1.30,3.98,-0.85,5077,166826.75,54
2026-07-24 00:00:00,REPRO,REPRO INDIA LIMITED,375.00,375.65,369.65,371.90,370.25,0.45,6.00,1.60,1.28,5059,1876299.70,204
2026-07-24 00:00:00,JAYAGROGN,JAYANT AGRO ORGANICS LTD,220.60,227.00,220.60,222.32,224.73,-1.07,6.40,2.90,-1.84,4999,1119758.29,382
2026-07-24 00:00:00,DICIND,DIC INDIA LIMITED,516.95,521.00,512.00,517.50,509.15,1.64,9.00,1.74,1.53,4921,2548137.50,51
2026-07-24 00:00:00,CTE,CAMBRIDGE TECH ENTER LTD,31.35,32.17,30.70,31.50,31.35,0.48,1.47,4.69,0.00,4890,152680.20,76
2026-07-24 00:00:00,S&SPOWER,S&S POWER SWITCHGEARS LTD,344.60,358.00,340.00,347.30,344.65,0.77,18.00,5.22,-0.01,4791,1688229.90,153
2026-07-24 00:00:00,AKCAPIT,A K CAPITAL SERVICES LTD.,1775.50,1814.00,1749.10,1759.50,1756.00,0.20,64.90,3.66,1.11,4790,8528941.10,282
2026-07-24 00:00:00,LAMBODHARA,LAMBODHARA TEXTILES LTD.,112.50,113.02,110.61,112.27,112.96,-0.61,2.41,2.14,-0.41,4770,533663.55,158
2026-07-24 00:00:00,MSCIADD,DSPAMC - MSCIADD,29.00,29.19,28.90,29.06,29.31,-0.85,0.29,1.00,-1.06,4769,138336.30,26
2026-07-24 00:00:00,VEEDOL,VEEDOL CORPORATION LTD,1405.00,1409.00,1384.00,1398.80,1396.30,0.18,25.00,1.78,0.62,4754,6634589.50,726
2026-07-24 00:00:00,SGIL,SYNERGY GREEN IND. LTD,585.05,602.00,585.05,596.30,597.75,-0.24,16.95,2.90,-2.12,4731,2815182.90,196
2026-07-24 00:00:00,DIAMONDYD,PRATAAP SNACKS LIMITED,1109.80,1120.90,1100.80,1111.40,1114.70,-0.30,20.10,1.81,-0.44,4707,5229565.40,584
2026-07-24 00:00:00,ALPHAGEO,ALPHAGEO (INDIA) LIMITED,206.90,206.90,196.98,204.65,200.77,1.93,9.92,4.79,3.05,4649,938863.01,251
2026-07-24 00:00:00,MEGASTAR,MEGASTAR FOODS LIMITED,340.05,344.90,334.00,340.80,345.05,-1.23,10.90,3.21,-1.45,4553,1539655.50,411
2026-07-24 00:00:00,HONAUT,HONEYWELL AUTOMATION IND,37905.00,37945.00,37205.00,37345.00,37905.00,-1.48,740.00,1.95,0.00,4536,169528105.00,1450
2026-07-24 00:00:00,MOIPO,MOTILALAMC - MOIPO,45.90,45.90,45.08,45.59,45.90,-0.68,0.82,1.79,0.00,4533,205809.61,45
2026-07-24 00:00:00,HGM,HANDSON GBL MNGMNT LTD,45.63,48.49,45.00,46.73,46.14,1.28,3.49,7.65,-1.11,4507,210981.29,81
2026-07-24 00:00:00,BCONCEPTS,BRAND CONCEPTS LIMITED,186.30,190.84,185.10,186.53,189.14,-1.38,5.74,3.08,-1.50,4502,839785.58,271
2026-07-24 00:00:00,SUDARCOLOR,SUDARSHAN COLORNT IND LTD,360.10,362.00,349.60,360.60,358.30,0.64,12.40,3.44,0.50,4448,1588930.65,191
2026-07-24 00:00:00,SHBAJRG,SHRI BAJRANG ALLIANCE L,182.09,193.99,181.31,183.93,188.60,-2.48,12.68,6.96,-3.45,4428,816096.53,111
2026-07-24 00:00:00,AUTOAXLES,AUTOMOTIVE AXLES LIMITED,1814.00,1814.00,1776.10,1798.90,1814.00,-0.83,37.90,2.09,0.00,4410,7904965.60,949
2026-07-24 00:00:00,SHAHALLOYS,SHAH ALLOYS LIMITED,67.67,67.92,66.25,66.56,67.68,-1.65,1.67,2.47,-0.01,4398,293627.66,549
2026-07-24 00:00:00,ESABINDIA,ESAB INDIA LTD,5723.00,5740.00,5633.00,5649.50,5725.50,-1.33,107.00,1.87,-0.04,4389,24949405.50,1150
2026-07-24 00:00:00,AURUS,AURUS GEM CORP LIMITED,4.82,4.95,4.73,4.80,4.83,-0.62,0.22,4.56,-0.21,4331,20905.18,304
2026-07-24 00:00:00,REGENCERAM,REGENCY CERAMICS LTD.,34.60,36.98,32.81,33.94,34.64,-2.02,4.17,12.05,-0.12,4305,144975.92,76
2026-07-24 00:00:00,CHEVIOT,CHEVIOT COMPANY LIMITED,1130.50,1172.00,1120.10,1153.60,1130.50,2.04,51.90,4.59,0.00,4259,4880682.00,460
2026-07-24 00:00:00,BIOFILCHEM,BIOFIL CHEM & PHARMA LTD,33.20,33.20,31.61,32.07,32.44,-1.14,1.59,4.79,2.34,4169,134120.58,110
2026-07-24 00:00:00,SRHHYPOLTD,SREE RAYALSEEMA HHP LTD.,480.00,482.10,475.10,477.85,482.00,-0.86,7.00,1.46,-0.41,4090,1957843.25,262
2026-07-24 00:00:00,INNOVANA,INNOVANA THINKLABS LTD,324.65,347.00,323.10,344.35,324.20,6.22,23.90,7.36,0.14,4090,1366408.85,329
2026-07-24 00:00:00,3BBLACKBIO,3B BLACKBIO DX LTD.,1260.20,1301.80,1260.20,1278.10,1275.70,0.19,41.60,3.30,-1.22,4086,5243704.80,578
2026-07-24 00:00:00,JMA,JULLUNDUR MOT AGENCY LTD,87.00,88.78,86.80,88.35,87.24,1.27,1.98,2.28,-0.28,4085,359064.98,86
2026-07-24 00:00:00,TCPLPACK,TCPL PACKAGING LIMITED,3281.90,3299.90,3193.50,3226.50,3281.50,-1.68,106.40,3.24,0.01,4068,13140798.80,787
2026-07-24 00:00:00,JAIPURKURT,NANDANI CREATION LIMITED,27.99,27.99,26.05,27.01,27.75,-2.67,1.94,6.93,0.86,4064,109161.59,83
2026-07-24 00:00:00,ATAM,ATAM VALVES LIMITED,66.00,66.89,65.01,65.88,66.12,-0.36,1.88,2.85,-0.18,4034,266505.80,90
2026-07-24 00:00:00,ENEXT50,EDELAMC - ENEXT50,71.82,71.82,70.62,71.72,71.82,-0.14,1.20,1.67,0.00,4025,288823.48,9
2026-07-24 00:00:00,EQUAL200,MIRAEAMC - EQUAL200,13.58,13.65,13.50,13.63,13.64,-0.07,0.15,1.10,-0.44,4010,54295.88,44
2026-07-24 00:00:00,MIDCAPADD,DSPAMC - MIDCAPADD,22.61,22.80,22.50,22.78,22.83,-0.22,0.30,1.33,-0.96,4003,90615.36,34
2026-07-24 00:00:00,BI,BILCARE LTD.,60.00,60.99,59.25,59.27,61.51,-3.64,1.74,2.90,-2.45,3990,237057.24,53
2026-07-24 00:00:00,THEINVEST,THE INVEST TRUST OF IND L,96.98,97.00,93.32,95.21,97.02,-1.87,3.68,3.79,-0.04,3978,379479.09,131
2026-07-24 00:00:00,ZODIACLOTH,ZODIAC CLOTHING CO. LTD.,75.99,76.00,74.16,75.84,76.15,-0.41,1.84,2.42,-0.21,3968,299564.38,90
2026-07-24 00:00:00,RHL,ROBUST HOTELS LIMITED,167.57,168.55,165.98,167.34,168.81,-0.87,2.57,1.53,-0.73,3943,657203.80,88
2026-07-24 00:00:00,ABSLNN50ET,BIRLASLAMC - ABSLNN50ET,75.36,75.61,74.58,75.56,75.36,0.27,1.03,1.37,0.00,3937,295805.83,184
2026-07-24 00:00:00,SICAGEN,SICAGEN INDIA LIMITED,50.11,50.89,50.00,50.63,50.10,1.06,0.89,1.78,0.02,3890,196152.16,37
2026-07-24 00:00:00,UMIYA-MRO,UMIYA BUILDCON LIMITED,88.98,90.00,88.02,89.29,89.15,0.16,1.98,2.23,-0.19,3853,342703.19,54
2026-07-24 00:00:00,APCL,ANJANI PORTLAND CEM LTD,103.24,103.24,100.42,102.97,103.24,-0.26,2.82,2.73,0.00,3837,391488.77,317
2026-07-24 00:00:00,MALLCOM,MALLCOM (INDIA) LIMITED,980.00,1058.00,980.00,1038.90,1001.60,3.72,78.00,7.96,-2.16,3833,3874673.20,448
2026-07-24 00:00:00,BEEKAY,BEEKAY STEEL INDS. LTD.,400.00,411.95,386.35,400.40,401.95,-0.39,25.60,6.40,-0.49,3806,1522560.25,67
2026-07-24 00:00:00,BONLON,BONLON INDUSTRIES LIMITED,40.50,42.37,40.22,40.92,41.77,-2.03,2.15,5.31,-3.04,3778,155180.81,82
2026-07-24 00:00:00,SHIVAUM,SHIV AUM STEELS LIMITED,402.00,402.00,365.00,391.25,402.35,-2.76,37.00,9.20,-0.09,3725,1400855.60,101
2026-07-24 00:00:00,MOINFRA,MOTILALAMC - MOINFRA,60.56,60.56,59.63,60.46,60.47,-0.02,0.93,1.54,0.15,3706,223318.91,63
2026-07-24 00:00:00,MOALPHA50,MOTILALAMC - MOALPHA50,52.71,52.94,52.18,52.90,53.22,-0.60,0.76,1.44,-0.96,3649,191951.75,66
2026-07-24 00:00:00,SANOFICONR,SANOFI CONS HEALTHC IND L,4610.00,4709.30,4552.00,4674.70,4652.10,0.49,157.30,3.41,-0.90,3636,16972565.80,1021
2026-07-24 00:00:00,SELMC,SEL MANUFACTURING CO LTD,28.59,28.59,27.80,28.24,28.18,0.21,0.79,2.76,1.45,3593,100780.08,49
2026-07-24 00:00:00,GLOSTERLTD,GLOSTER LIMITED,675.00,688.30,665.00,683.65,675.45,1.21,23.30,3.45,-0.07,3581,2433292.25,378
2026-07-24 00:00:00,DYNPRO,DYNEMIC PRODUCTS LIMITED,235.15,237.44,230.25,231.33,234.08,-1.17,7.19,3.06,0.46,3465,808083.45,237
2026-07-24 00:00:00,TREJHARA,TREJHARA SOLUTIONS LTD,142.47,142.47,136.60,138.75,141.47,-1.92,5.87,4.12,0.71,3389,469058.91,171
2026-07-24 00:00:00,MSCI360,360ONEAMC - MSCI360,10.05,10.05,9.90,9.99,10.05,-0.60,0.15,1.49,0.00,3373,33489.43,27
2026-07-24 00:00:00,PIONEEREMB,PIONEER EMBROIDERIES LTD,22.38,22.40,21.50,22.05,21.83,1.01,0.90,4.02,2.52,3343,73195.25,33
2026-07-24 00:00:00,KIRANVYPAR,KIRAN VYAPAR LTD.,199.70,202.00,196.25,200.32,199.70,0.31,5.75,2.88,0.00,3343,672807.80,105
2026-07-24 00:00:00,PGHL,PROCTER & GAMBLE HEALTH L,6673.50,6745.00,6631.50,6714.00,6703.50,0.16,113.50,1.70,-0.45,3296,22048884.50,1317
2026-07-24 00:00:00,CERA,CERA SANITARYWARE LTD,6021.00,6065.00,5952.00,6017.00,6021.00,-0.07,113.00,1.88,0.00,3265,19639260.00,1223
2026-07-24 00:00:00,COCKERILL,JOHN COCKERILL INDIA LTD.,8879.00,8999.50,8700.50,8937.50,8930.00,0.08,299.00,3.37,-0.57,3192,28234952.00,1154
2026-07-24 00:00:00,DTIL,DHUNSERI TEA & IND. LTD.,133.17,134.69,130.24,132.36,133.17,-0.61,4.45,3.34,0.00,3115,409687.22,134
2026-07-24 00:00:00,VLSFINANCE,VLS FINANCE LTD,252.05,255.40,252.05,253.50,254.05,-0.22,3.35,1.33,-0.79,3068,778834.15,131
2026-07-24 00:00:00,RVHL,RAVINDER HEIGHTS LIMITED,45.99,46.00,45.00,45.87,45.59,0.61,1.00,2.17,0.88,3043,139369.16,58
2026-07-24 00:00:00,AHLEAST,ASIAN HOTELS (EAST) LTD,150.14,150.85,143.25,146.23,150.05,-2.55,7.60,5.06,0.06,3036,448484.01,120
2026-07-24 00:00:00,UNITEDTEA,UNITED NILGIRI TEA LTD,485.00,486.05,464.60,469.80,483.30,-2.79,21.45,4.42,0.35,3032,1430297.90,236
2026-07-24 00:00:00,NILE,NILE LTD.,1806.90,1831.60,1757.00,1802.60,1798.00,0.26,74.60,4.13,0.49,3032,5437625.50,515
2026-07-24 00:00:00,GLOBALVECT,GLOBAL VEC HELICORP LTD,147.90,151.61,147.90,148.95,150.32,-0.91,3.71,2.51,-1.61,3031,452988.72,230
2026-07-24 00:00:00,CPEDU,CAREER POINT EDUTECH LTD,186.90,190.90,181.10,186.47,187.95,-0.79,9.80,5.24,-0.56,2998,560130.14,187
2026-07-24 00:00:00,NEXT30ADD,DSPAMC - NEXT30ADD,42.00,42.21,41.81,42.05,42.29,-0.57,0.40,0.95,-0.69,2952,123884.02,63
2026-07-24 00:00:00,KREBSBIO,KREBS BIOCHEMICALS & IND,52.99,53.22,50.81,51.90,52.60,-1.33,2.41,4.55,0.74,2932,153038.50,76
2026-07-24 00:00:00,AROGRANITE,ARO GRANITE IND. LTD.,25.80,25.80,24.51,25.01,25.15,-0.56,1.29,5.00,2.58,2877,71713.20,40
2026-07-24 00:00:00,SMLT,SARTHAK METALS LIMITED,67.74,68.00,65.70,66.79,66.64,0.23,2.30,3.40,1.65,2839,188837.26,91
2026-07-24 00:00:00,RELCHEMQ,RELIANCE CHEMOTEX IND LTD,126.81,128.10,122.35,127.29,126.81,0.38,5.75,4.53,0.00,2838,355101.22,114
2026-07-24 00:00:00,HDFCLOWVOL,HDFCAMC - HDFCLOWVOL,20.55,20.58,20.45,20.53,20.56,-0.15,0.13,0.63,-0.05,2818,57802.73,49
2026-07-24 00:00:00,WEALTH,WEALTH FRST PORT. MG. LTD,942.65,974.90,925.10,940.25,962.35,-2.30,49.80,5.28,-2.05,2809,2661241.20,383
2026-07-24 00:00:00,JUBLCPL,JUBILANT AGRI N CON PRO L,1851.90,1867.80,1820.10,1851.50,1851.30,0.01,47.70,2.58,0.03,2807,5179904.50,717
2026-07-24 00:00:00,UNIENTER,UNIPHOS ENTERPRISES LTD,101.47,103.99,96.70,98.27,98.08,0.19,7.29,7.18,3.46,2791,275315.86,376
2026-07-24 00:00:00,BCPL,BCPL RAILWAY INFRA LTD,70.07,70.99,69.01,70.39,70.07,0.46,1.98,2.83,0.00,2768,193165.91,192
2026-07-24 00:00:00,MAGADSUGAR,MAGADH SUGAR & ENERGY LTD,494.10,498.90,487.55,493.85,495.85,-0.40,11.35,2.30,-0.35,2754,1359452.50,271
2026-07-24 00:00:00,TAINWALCHM,TAINWALA CHEMICAL AND PLA,197.52,205.00,197.52,201.87,202.92,-0.52,7.48,3.79,-2.66,2745,551035.68,88
2026-07-24 00:00:00,21STCENMGM,21ST CENTURY MGMT SERVICE,37.11,37.11,35.81,37.11,36.39,1.98,1.30,3.50,1.98,2743,101745.43,32
2026-07-24 00:00:00,3MINDIA,3M INDIA LIMITED,35110.00,35790.00,34915.00,35500.00,35245.00,0.72,875.00,2.49,-0.38,2736,97004215.00,1537
2026-07-24 00:00:00,YUKEN,YUKEN INDIA LIMITED,709.65,719.50,703.60,708.25,709.75,-0.21,15.90,2.24,-0.01,2722,1922224.60,156
2026-07-24 00:00:00,ROML,RAJ OIL MILLS LIMITED,44.02,44.81,43.57,44.51,44.45,0.13,1.24,2.82,-0.97,2720,120435.70,46
2026-07-24 00:00:00,MOPSE,MOTILALAMC - MOPSE,100.55,102.80,99.30,101.00,101.24,-0.24,3.50,3.48,-0.68,2716,274469.55,42
2026-07-24 00:00:00,JSWHL,JSW HOLDINGS LIMITED,10622.00,10964.00,10530.00,10865.00,10655.00,1.97,434.00,4.09,-0.31,2693,28918172.00,1259
2026-07-24 00:00:00,SHIVATEX,SHIVA TEXYARN LIMITED,156.20,156.20,149.06,154.92,150.35,3.04,7.14,4.57,3.89,2680,412926.77,68
2026-07-24 00:00:00,HONDAPOWER,HONDA I POWER PRODUCT LTD,2075.00,2103.80,2062.00,2089.20,2095.50,-0.30,41.80,2.01,-0.98,2652,5530137.60,459
2026-07-24 00:00:00,DENORA,DE NORA INDIA LIMITED,863.00,867.90,846.45,852.55,867.35,-1.71,21.45,2.49,-0.50,2641,2263552.55,409
2026-07-24 00:00:00,HBESD,H B ESTATE DEVELOPERS L,77.95,77.95,73.50,74.01,77.68,-4.72,4.45,5.71,0.35,2633,195481.28,51
2026-07-24 00:00:00,SPLIL,SPL INDUSTRIES LIMITED,31.74,32.39,30.84,31.25,31.74,-1.54,1.55,4.88,0.00,2620,82339.92,59
2026-07-24 00:00:00,MRF,MRF LTD,131050.00,131490.00,130300.00,130755.00,132030.00,-0.97,1190.00,0.91,-0.74,2595,339414880.00,2008
2026-07-24 00:00:00,TOTAL,TOTAL TRANSPORT SYS LTD,49.10,51.39,49.05,49.98,49.47,1.03,2.34,4.77,-0.75,2594,129830.71,89
2026-07-24 00:00:00,JINDALPHOT,JINDAL PHOTO LIMITED,1055.10,1089.00,1043.00,1076.10,1053.30,2.16,46.00,4.36,0.17,2499,2650617.00,484
2026-07-24 00:00:00,UEL,UJAAS ENERGY LIMITED,120.00,123.29,117.51,119.98,119.58,0.33,5.78,4.82,0.35,2491,300654.61,151
2026-07-24 00:00:00,LAXMICOT,LAXMI COTSPIN LIMITED,14.46,14.46,14.02,14.12,14.46,-2.35,0.44,3.04,0.00,2474,35131.31,48
2026-07-24 00:00:00,SENSEXBETA,UTIAMC-SENSEXBETA,845.00,847.84,837.31,843.04,846.03,-0.35,10.53,1.25,-0.12,2463,2069511.23,130
2026-07-24 00:00:00,PUNJABCHEM,PUNJAB CHEM & CROP PROT L,1128.10,1134.30,1108.00,1121.60,1136.20,-1.28,26.30,2.33,-0.71,2432,2721578.00,580
2026-07-24 00:00:00,MOMGF,MOTILALAMC - MOMGF,158.33,162.00,157.64,158.72,159.48,-0.48,4.36,2.75,-0.72,2410,382234.80,32
2026-07-24 00:00:00,UCAL,UCAL LIMITED,115.51,115.98,114.50,114.90,116.28,-1.19,1.48,1.28,-0.66,2361,271431.18,162
2026-07-24 00:00:00,BSL,BSL LTD,125.08,126.00,122.14,124.74,124.46,0.22,3.86,3.09,0.50,2310,284947.01,78
2026-07-24 00:00:00,SRD,SHANKAR LAL RAMPAL LTD,38.00,38.00,37.00,37.92,37.38,1.44,1.00,2.63,1.66,2276,85904.71,48
2026-07-24 00:00:00,NITIRAJ,NITIRAJ ENGINEERS LTD,227.00,227.00,215.09,220.22,220.30,-0.04,11.91,5.25,3.04,2255,496586.58,85
2026-07-24 00:00:00,QUALITY30,KOTAKMAMC - QUALITY30,20.42,20.54,20.30,20.46,20.43,0.15,0.24,1.18,-0.05,2243,45816.39,21
2026-07-24 00:00:00,SURYALAXMI,SURYALAKSHMI COT MIL LTD,57.50,58.99,55.11,57.51,56.48,1.82,3.88,6.75,1.81,2240,128213.95,65
2026-07-24 00:00:00,SALONA,SALONA COTSPIN LTD.,252.00,254.90,245.15,248.80,255.05,-2.45,9.75,3.87,-1.20,2240,559017.65,101
2026-07-24 00:00:00,HEXATRADEX,HEXA TRADEX LIMITED,157.21,157.21,155.00,155.04,157.21,-1.38,2.21,1.41,0.00,2204,344132.42,38
2026-07-24 00:00:00,SURYALA,SURYALATA SPINNING MILL L,443.00,447.90,430.30,440.00,443.05,-0.69,17.60,3.97,-0.01,2182,958992.90,83
2026-07-24 00:00:00,AIROLAM,AIRO LAM LIMITED,84.25,86.89,84.25,85.88,87.15,-1.46,2.64,3.13,-3.33,2177,186085.11,75
2026-07-24 00:00:00,NGLFINE,NGL FINE CHEM LIMITED,3141.60,3218.90,3132.20,3205.50,3198.00,0.23,86.70,2.76,-1.76,2155,6846352.30,697
2026-07-24 00:00:00,SUNCLAY,SUNDARAM CLAYTON LIMITED,1374.50,1404.00,1350.60,1363.20,1364.00,-0.06,53.40,3.89,0.77,2150,2944097.20,467
2026-07-24 00:00:00,KOVAI,KOVAI MEDICAL CENTER & HO,5755.00,5890.00,5700.50,5845.00,5750.50,1.64,189.50,3.29,0.08,2149,12425289.00,557
2026-07-24 00:00:00,ARCHIES,ARCHIES LTD,13.80,14.00,13.73,13.75,13.97,-1.57,0.27,1.96,-1.22,2135,29458.93,38
2026-07-24 00:00:00,DIVIDEND,MIRAEAMC - DIVIDEND,35.09,35.13,34.70,35.10,35.11,-0.03,0.43,1.23,-0.06,2094,73092.88,82
2026-07-24 00:00:00,DIAMINESQ,DIAMINES & CHEMICALS LTD,251.43,254.00,246.00,246.90,250.08,-1.27,8.00,3.18,0.54,2085,516761.27,137
2026-07-24 00:00:00,PKTEA,THE P K TEA PROD CO LTD,712.30,728.00,605.00,677.15,743.40,-8.91,123.00,17.27,-4.18,2063,1364440.55,157
2026-07-24 00:00:00,SILLYMONKS,SILLY MONKS ENTERTAIN LTD,16.20,16.20,15.46,15.79,15.83,-0.25,0.74,4.57,2.34,2057,32284.29,28
2026-07-24 00:00:00,FOSECOIND,FOSECO INDIA LTD,5000.00,5138.00,4962.50,5048.00,5032.00,0.32,175.50,3.51,-0.64,2042,10339868.50,524
2026-07-24 00:00:00,KAMAHOLD,KAMA HOLDINGS LTD.,2535.70,2555.00,2512.10,2527.90,2519.50,0.33,42.90,1.69,0.64,2037,5149993.80,536
2026-07-24 00:00:00,ISFT,INTRASOFT TECH. LTD,75.01,76.89,72.80,76.24,75.75,0.65,4.09,5.45,-0.98,2025,151940.35,115
2026-07-24 00:00:00,PRECOT,PRECOT LIMITED,813.30,831.00,801.05,823.75,825.60,-0.22,29.95,3.68,-1.49,2025,1650828.05,207
2026-07-24 00:00:00,GROWWMC150,GROWWAMC - GROWWMC150,230.91,230.91,223.86,227.37,228.72,-0.59,7.05,3.05,0.96,1998,452616.30,47
2026-07-24 00:00:00,GROWWPSE,GROWWAMC - GROWWPSE,98.25,100.19,98.25,100.06,100.25,-0.19,1.94,1.97,-2.00,1986,198403.97,40
2026-07-24 00:00:00,HAWKINCOOK,HAWKINS COOKERS LTD,8415.00,8820.00,8220.50,8704.00,8451.50,2.99,599.50,7.12,-0.43,1974,16809110.00,647
2026-07-24 00:00:00,PANSARI,PANSARI DEVELOPERS LTD,357.00,362.00,352.05,355.20,357.60,-0.67,9.95,2.79,-0.17,1923,684573.15,92
2026-07-24 00:00:00,MIDCAPBETA,UTIAMC-MIDCAPBETA,231.01,231.01,226.00,227.86,229.87,-0.87,5.01,2.17,0.50,1868,424230.64,54
2026-07-24 00:00:00,CREST,CREST VENTURES LIMITED,361.00,381.00,361.00,377.70,372.35,1.44,20.00,5.54,-3.05,1826,687851.65,98
2026-07-24 00:00:00,NSIL,NALWA SONS INVESTMENT LTD,5456.00,5522.00,5380.50,5452.50,5514.00,-1.12,141.50,2.59,-1.05,1818,9900887.00,400
2026-07-24 00:00:00,EBANKNIFTY,EDELAMC - EBANKNIFTY,56.50,57.46,56.50,57.37,56.91,0.81,0.96,1.70,-0.72,1804,103191.80,39
2026-07-24 00:00:00,THEJO,THEJO ENGINEERING LIMITED,1860.00,1935.00,1851.20,1898.80,1875.40,1.25,83.80,4.51,-0.82,1775,3346873.00,428
2026-07-24 00:00:00,MOGSEC,MOTILALAMC - G5,65.20,65.74,64.81,64.97,65.20,-0.35,0.93,1.43,0.00,1768,115475.52,67
2026-07-24 00:00:00,STEL,STEL HOLDINGS LIMITED,547.70,559.95,532.80,555.55,547.45,1.48,27.15,4.96,0.05,1765,970037.40,244
2026-07-24 00:00:00,AMBICAAGAR,AMBICA AGAR & AROMAINDLTD,24.66,25.36,24.26,24.64,24.66,-0.08,1.10,4.46,0.00,1726,42623.28,31
2026-07-24 00:00:00,MOM50,MOTILAL OSWAL M50 ETF,250.55,250.55,247.53,248.99,249.06,-0.03,3.02,1.21,0.60,1685,418921.25,102
2026-07-24 00:00:00,GUJRAFFIA,GUJARAT RAFFIA INDUST LTD,38.20,40.78,38.20,40.56,39.92,1.60,2.58,6.75,-4.31,1674,67776.99,39
2026-07-24 00:00:00,BEDMUTHA,BEDMUTHA INDUST LTD,106.41,108.80,106.00,106.89,106.41,0.45,2.80,2.63,0.00,1628,173521.95,38
2026-07-24 00:00:00,TECILCHEM,TECIL CHEMICALS,9.78,10.50,9.00,9.96,9.80,1.63,1.50,15.34,-0.20,1614,16176.18,42
2026-07-24 00:00:00,QNIFTY,QUANTUM NIFTY 50 ETF,263.75,263.75,260.00,261.60,262.44,-0.32,3.75,1.42,0.50,1564,407955.05,117
2026-07-24 00:00:00,SENSEXADD,DSPAMC - DSPSENXETF,78.35,78.58,77.89,78.57,78.63,-0.08,0.69,0.88,-0.36,1564,122585.72,30
2026-07-24 00:00:00,SILINV,SIL INVESTMENTS LIMITED,422.00,422.00,412.10,414.95,419.15,-1.00,9.90,2.35,0.68,1555,644513.70,74
2026-07-24 00:00:00,SURAJLTD,SURAJ LIMITED,221.05,223.26,210.50,221.30,230.47,-3.98,12.76,5.77,-4.09,1526,333215.40,82
2026-07-24 00:00:00,BVCL,BARAK VALLEY CEM. LTD.,40.51,41.30,40.51,40.79,40.78,0.02,0.79,1.95,-0.66,1525,62271.89,24
2026-07-24 00:00:00,IMPAL,IND MOTOR PART & ACC LTD,1066.20,1094.90,1060.00,1076.10,1071.10,0.47,34.90,3.27,-0.46,1481,1587726.00,234
2026-07-24 00:00:00,TAALTECH,TAAL TECH LTD.,3930.00,3930.00,3800.00,3816.10,3902.00,-2.20,130.00,3.31,0.72,1463,5624689.80,335
2026-07-24 00:00:00,UMESLTD,USHA MARTIN EDU & SOL LTD,5.36,5.50,5.36,5.39,5.38,0.19,0.14,2.61,-0.37,1451,7806.15,34
2026-07-24 00:00:00,SNXT50BETA,UTIAMC-SNXT50BETA,92.50,93.10,92.01,92.64,92.83,-0.20,1.09,1.18,-0.36,1420,131525.68,71
2026-07-24 00:00:00,MAHSCOOTER,MAHARASHTRA SCOOTERS LTD,12561.00,12795.00,12407.00,12672.00,12575.00,0.77,388.00,3.09,-0.11,1418,17837179.00,725
2026-07-24 00:00:00,ATLASCYCLE,ATLAS CYCLE (HARYANA) LTD,99.00,99.00,97.00,97.10,97.95,-0.87,2.00,2.02,1.07,1408,137584.55,47
2026-07-24 00:00:00,NATIONSTD,NATIONAL STAND (INDIA) L,320.20,320.20,320.20,320.20,337.00,-4.99,0.00,0.00,-4.99,1406,450201.20,117
2026-07-24 00:00:00,TVSSRICHAK,TVS SRICHAKRA LIMITED,3910.00,3998.00,3882.00,3964.20,3921.20,1.10,116.00,2.97,-0.29,1378,5392862.70,447
2026-07-24 00:00:00,EQUAL50,MIRAEAMC - EQUAL50,327.81,328.50,326.50,328.36,329.52,-0.35,2.00,0.61,-0.52,1376,451353.40,29
2026-07-24 00:00:00,ADL,ARCHIDPLY DECOR LIMITED,73.00,73.51,73.00,73.49,69.35,5.97,0.51,0.70,5.26,1357,99678.14,16
2026-07-24 00:00:00,SHRIKRISH,SHRI KRISHNA DEVCON LTD.,41.05,41.05,39.00,39.32,41.00,-4.10,2.05,4.99,0.12,1317,52296.26,32
2026-07-24 00:00:00,HISARMETAL,HISAR METAL IND. LIMITED,148.01,152.98,147.00,147.49,148.72,-0.83,5.98,4.04,-0.48,1317,195569.67,39
2026-07-24 00:00:00,TASTYBITE,TASTY BITE EATABLES LTD,9040.00,9201.50,8956.50,8999.00,9187.00,-2.05,245.00,2.71,-1.60,1308,11896806.50,505
2026-07-24 00:00:00,AKASH,AKASH INFRA-PROJECTS LTD,26.62,27.04,26.27,26.95,26.62,1.24,0.77,2.89,0.00,1251,33342.77,20
2026-07-24 00:00:00,3PLAND,3P LAND HOLDINGS LIMITED,32.01,32.49,31.50,31.57,31.85,-0.88,0.99,3.09,0.50,1224,38902.96,37
2026-07-24 00:00:00,LFIC,LAKSHMI FIN IND CORP LTD,144.98,144.98,140.00,143.30,144.99,-1.17,4.98,3.43,-0.01,1220,172890.04,44
2026-07-24 00:00:00,KICL,KALYANI INVEST CO LTD,5355.50,5384.50,5288.50,5298.00,5365.00,-1.25,96.00,1.79,-0.18,1197,6372271.00,238
2026-07-24 00:00:00,BIL,BHARTIYA INTERNATIONAL,740.15,760.00,725.00,729.90,740.15,-1.38,35.00,4.73,0.00,1190,875655.65,94
2026-07-24 00:00:00,KRISHIVAL,KRISHIVAL FOODS LIMITED,400.00,400.00,386.25,387.55,391.15,-0.92,13.75,3.44,2.26,1184,460908.00,118
2026-07-24 00:00:00,ALBERTDAVD,ALBERT DAVID LIMITED,688.00,699.70,680.20,698.35,683.55,2.17,19.50,2.83,0.65,1133,782372.50,115
2026-07-24 00:00:00,HALEOSLABS,HALEOS LABS LIMITED,1605.00,1605.00,1530.30,1538.40,1552.30,-0.90,74.70,4.65,3.39,1088,1709416.60,216
2026-07-24 00:00:00,ACEINTEG,ACE INTEGRATED SOLU. LTD.,19.96,19.96,19.14,19.70,19.60,0.51,0.82,4.11,1.84,1076,21119.92,46
2026-07-24 00:00:00,HDFCVALUE,HDFCAMC - HDFCVALUE,128.19,128.19,123.90,124.90,125.07,-0.14,4.29,3.35,2.49,1038,129136.80,93
2026-07-24 00:00:00,NKIND,NK INDUSTRIES LTD,64.40,64.40,54.64,59.72,64.89,-7.97,9.76,15.16,-0.76,1033,60586.11,53
2026-07-24 00:00:00,KEYFINSERV,KEYNOTE FIN SERV LTD.,262.90,262.90,246.51,253.89,256.32,-0.95,16.39,6.23,2.57,1018,257779.30,79
2026-07-24 00:00:00,INFOMEDIA,INFOMEDIA PRESS LIMITED,5.63,5.63,5.40,5.57,5.48,1.64,0.23,4.09,2.74,993,5461.93,35
2026-07-24 00:00:00,MOLOWVOL,MOTILALAMC - MOLOWVOL,36.79,36.87,36.48,36.82,36.79,0.08,0.39,1.06,0.00,982,36025.66,32
2026-07-24 00:00:00,GANGESSECU,GANGES SECURITIES LIMITED,115.00,117.00,114.10,116.24,116.19,0.04,2.90,2.52,-1.02,963,112441.58,32
2026-07-24 00:00:00,INDTERRAIN,IND TERRAIN FASHIONS LTD,29.00,29.78,29.00,29.26,28.63,2.20,0.78,2.69,1.29,961,28081.53,30
2026-07-24 00:00:00,MODTHREAD,MODERN THREADS INDIA LTD,48.80,48.80,46.02,47.66,49.56,-3.83,2.78,5.70,-1.53,934,45093.88,33
2026-07-24 00:00:00,PILANIINVS,PILANI INV & IND COR LTD,4249.90,4334.90,4240.50,4311.40,4303.20,0.19,94.40,2.22,-1.24,928,3979557.40,178
2026-07-24 00:00:00,NAGREEKEXP,NAGREEKA EXPORTS LTD.,22.36,23.65,22.36,23.14,22.99,0.65,1.29,5.77,-2.74,919,21389.56,23
2026-07-24 00:00:00,ENIFTY,EDELAMC - ENIFTY,24.04,24.04,23.82,23.99,24.04,-0.21,0.22,0.92,0.00,914,21900.77,35
2026-07-24 00:00:00,GKWLIMITED,GKW LIMITED,1685.00,1685.00,1620.10,1640.70,1685.00,-2.63,64.90,3.85,0.00,907,1490982.00,66
2026-07-24 00:00:00,KARMAENG,KARMA ENERGY LIMITED,38.80,38.80,37.10,38.18,37.60,1.54,1.70,4.38,3.19,901,34395.72,31
2026-07-24 00:00:00,WEIZMANIND,WEIZMANN LTD,76.80,79.36,76.80,77.19,78.00,-1.04,2.56,3.33,-1.54,881,68308.49,38
2026-07-24 00:00:00,APOLSINHOT,APOLLO SINDOORI HOTEL LTD,1170.00,1197.70,1164.20,1173.00,1180.30,-0.62,33.50,2.86,-0.87,833,977600.10,100
2026-07-24 00:00:00,DGCONTENT,DIGICONTENT LIMITED,24.00,24.49,23.50,24.10,24.37,-1.11,0.99,4.12,-1.52,801,19259.00,29
2026-07-24 00:00:00,ABMINTLLTD,ABM INTERNATIONAL LTD,42.00,42.00,40.69,41.02,42.07,-2.50,1.31,3.12,-0.17,794,32837.11,13
2026-07-24 00:00:00,NIPPOBATRY,INDO-NATIONAL LIMITED,325.00,328.70,323.05,326.30,326.50,-0.06,5.65,1.74,-0.46,786,256780.90,114
2026-07-24 00:00:00,SAPPL,SHREE AJIT PULP & PAPER L,312.00,312.00,291.50,293.55,301.40,-2.60,20.50,6.57,3.52,770,227335.10,41
2026-07-24 00:00:00,ELANTAS,ELANTAS BECK INDIA LTD.,9197.00,9357.00,9197.00,9266.00,9250.00,0.17,160.00,1.74,-0.57,762,7086160.00,296
2026-07-24 00:00:00,ABSLMSCIN,BIRLASLAMC - ABSLMSCIN,29.16,29.16,28.97,29.13,29.08,0.17,0.19,0.65,0.28,735,21379.51,12
2026-07-24 00:00:00,DHUNINV,DHUNSERI INVESTMENTS LTD,895.25,895.25,850.00,864.70,890.80,-2.93,45.25,5.05,0.50,734,636043.95,96
2026-07-24 00:00:00,WIPL,THE WESTERN INDIA PLY LTD,166.59,171.00,163.00,165.06,164.80,0.16,8.00,4.80,1.09,683,113742.63,34
2026-07-24 00:00:00,DISAQ,DISA INDIA LTD.,12100.00,12169.00,11968.00,12110.00,12099.00,0.09,201.00,1.66,0.01,659,7957613.00,581
2026-07-24 00:00:00,SUMMITSEC,SUMMIT SECURITIES LTD,1499.90,1499.90,1453.00,1482.80,1486.80,-0.27,46.90,3.13,0.88,657,973372.00,212
2026-07-24 00:00:00,GILLANDERS,GILLANDERS ARBUTHNOT LTD,86.20,88.22,86.00,87.98,87.00,1.13,2.22,2.58,-0.92,650,56325.14,18
2026-07-24 00:00:00,KALYANIFRG,KALYANI FORGE LIMITED,603.40,604.00,593.00,601.90,604.45,-0.42,11.00,1.82,-0.17,623,374285.50,56
2026-07-24 00:00:00,RETAIL,JHS SVENDGAARD RETAIL V L,16.75,17.39,16.56,16.65,16.66,-0.06,0.83,4.96,0.54,598,9987.77,18
2026-07-24 00:00:00,NPBET,TATAAML - NPBET,282.62,283.67,279.47,282.47,283.11,-0.23,4.20,1.49,-0.17,592,167036.12,27
2026-07-24 00:00:00,SAHLIBHFI,SHALIBHADRA FINANCE LTD,79.34,79.34,77.70,77.93,79.34,-1.78,1.64,2.07,0.00,589,46194.41,39
2026-07-24 00:00:00,VHL,VARDHMAN HOLDINGS LIMITED,3480.00,3570.00,3450.00,3503.30,3477.60,0.74,120.00,3.45,0.07,564,1968637.10,78
2026-07-24 00:00:00,MOHITIND,MOHIT INDUSTRIES LTD,23.00,23.00,22.41,23.00,22.82,0.79,0.59,2.57,0.79,563,12931.11,15
2026-07-24 00:00:00,PALASHSECU,PALASH SECURITIES LTD,89.20,89.50,88.05,88.31,90.11,-2.00,1.45,1.63,-1.01,515,45645.64,114
2026-07-24 00:00:00,RAJPALAYAM,RAJAPALAYAM MILLS LTD.,803.15,825.00,802.00,807.75,823.10,-1.86,23.00,2.86,-2.42,493,400629.25,41
2026-07-24 00:00:00,NAHARCAP,NAHAR CAP & FIN.,249.00,252.00,242.80,245.33,249.00,-1.47,9.20,3.69,0.00,490,119761.54,26
2026-07-24 00:00:00,METROGLOBL,METROGLOBAL LTD.,132.00,132.00,127.32,129.79,128.05,1.36,4.68,3.55,3.08,466,60283.87,53
2026-07-24 00:00:00,ASPINWALL,ASPINWALL & CO LTD,249.00,252.98,247.00,250.40,249.03,0.55,5.98,2.40,-0.01,463,115294.84,30
2026-07-24 00:00:00,ARVEE,ARVEE LABORATORIES I LTD,154.01,160.54,147.15,153.66,158.39,-2.99,13.39,8.69,-2.77,462,71046.15,41
2026-07-24 00:00:00,ABGSEC,BIRLASLAMC - ABGSEC,114.77,114.77,113.11,113.32,114.77,-1.26,1.66,1.45,0.00,459,52006.69,12
2026-07-24 00:00:00,LOWVOL,MIRAEAMC - MANV30F,205.21,206.36,205.21,205.73,206.32,-0.29,1.15,0.56,-0.54,444,91387.88,8
2026-07-24 00:00:00,ITBETA,UTIAMC-ITBETA,302.78,303.83,297.82,303.03,300.65,0.79,6.01,1.98,0.71,438,130934.01,34
2026-07-24 00:00:00,MOQUALITY,MOTILALAMC - MOQUALITY,198.94,199.98,198.17,199.23,200.02,-0.39,1.81,0.91,-0.54,424,84387.54,15
2026-07-24 00:00:00,PREMCO,PREMCO GLOBAL LTD.,365.00,379.90,360.00,363.90,367.00,-0.84,19.90,5.45,-0.54,423,154276.30,50
2026-07-24 00:00:00,MONEXT50,MOTILALAMC - MONEXT50,71.42,73.45,71.00,72.07,71.75,0.45,2.45,3.43,-0.46,423,30177.41,55
2026-07-24 00:00:00,NBIFIN,N.B.I. IND. FIN. CO. LTD,2268.60,2268.60,2202.10,2216.50,2253.90,-1.66,66.50,2.93,0.65,416,924131.10,170
2026-07-24 00:00:00,CURAA,CURA TECHNOLOGIES LIMITED,70.80,72.00,65.11,71.37,69.46,2.75,6.89,9.73,1.93,406,28712.34,26
2026-07-24 00:00:00,ESENSEX,EDELAMC - ESENSEX,76.69,76.93,76.21,76.72,76.58,0.18,0.72,0.94,0.14,403,30856.79,29
2026-07-24 00:00:00,ELDEHSG,ELDECO HSG & IND LTD.,807.00,807.00,770.10,778.30,783.15,-0.62,36.90,4.57,3.05,402,317445.15,76
2026-07-24 00:00:00,TEAMGTY,TEAM INDIA GUARANTY LTD,231.52,239.75,220.50,226.72,225.88,0.37,19.25,8.31,2.50,346,80119.41,20
2026-07-24 00:00:00,TOUCHWOOD,TOUCHWOOD ENTERTAIN LTD.,66.00,67.40,66.00,67.29,66.21,1.63,1.40,2.12,-0.32,331,22163.63,17
2026-07-24 00:00:00,BIMETAL,BIMETAL BEARINGS LTD.,649.00,679.00,632.00,667.40,649.20,2.80,47.00,7.24,-0.03,312,202377.45,34
2026-07-24 00:00:00,ARTNIRMAN,ART NIRMAN LIMITED,40.50,40.50,38.70,40.19,38.68,3.90,1.80,4.44,4.71,291,11613.13,17
2026-07-24 00:00:00,IDFNIFTYET,BANDHANAMC - IDFNIFTYET,261.65,263.00,260.98,262.78,263.42,-0.24,2.02,0.77,-0.67,276,72253.91,33
2026-07-24 00:00:00,MODIRUBBER,MODI RUBBER LTD,122.50,128.40,122.50,125.86,123.61,1.82,5.90,4.82,-0.90,253,31922.99,15
2026-07-24 00:00:00,KHANDSE,KHANDWALA SECURITIES LTD,17.40,17.90,16.91,17.83,17.61,1.25,0.99,5.69,-1.19,253,4511.68,17
2026-07-24 00:00:00,MCCHRLS-B,MAC CHARLES (INDIA) LTD.,671.90,714.60,671.90,709.95,707.00,0.42,42.70,6.36,-4.96,235,164523.15,8
2026-07-24 00:00:00,RACE,RACE ECO CHAIN LIMITED,108.00,110.97,107.02,109.25,108.29,0.89,3.95,3.66,-0.27,215,23516.45,16
2026-07-24 00:00:00,QUINT,QUINT DIGITAL LTD.,38.64,38.64,38.64,38.64,38.16,1.26,0.00,0.00,1.26,210,8114.40,4
2026-07-24 00:00:00,LICNFNHGP,LICNAMC - LICNFNHGP,271.84,273.40,271.24,273.40,273.80,-0.15,2.16,0.79,-0.72,208,56524.06,10
2026-07-24 00:00:00,ZENITHEXPO,ZENITH EXPORTS LTD,190.41,202.00,190.40,200.17,198.90,0.64,11.60,6.09,-4.27,197,38696.74,15
2026-07-24 00:00:00,WILLAMAGOR,WILLIAMSON MAGOR,25.20,26.46,25.01,25.27,25.50,-0.90,1.45,5.75,-1.18,186,4716.06,10
2026-07-24 00:00:00,MOMNC,MOTILALAMC - MOMNC,32.27,32.40,32.21,32.27,32.44,-0.52,0.19,0.59,-0.52,185,5976.66,9
2026-07-24 00:00:00,ABMKNO,A B M KNOWLEDGEWARE LTD.,199.00,199.00,190.00,190.11,197.61,-3.80,9.00,4.52,0.70,183,34863.50,8
2026-07-24 00:00:00,GILT5BETA,UTIAMC-GILT5BETA,66.30,66.68,66.30,66.67,66.11,0.85,0.38,0.57,0.29,179,11933.97,8
2026-07-24 00:00:00,HPIL,HINDPRAKASH INDUSTRY LTD,118.65,125.84,118.65,125.66,122.12,2.90,7.19,6.06,-2.84,168,20419.78,25
2026-07-24 00:00:00,RVTH,REVATHI EQUIPMENT INDIA L,695.30,706.00,675.00,685.05,690.80,-0.83,31.00,4.46,0.65,165,113313.95,25
2026-07-24 00:00:00,DRAGARWQ,DR. AGARWAL'S EYE HOSP L,5034.50,5034.50,4957.00,5021.50,5016.50,0.10,77.50,1.54,0.36,164,820341.00,94
2026-07-24 00:00:00,BANARISUG,BANNARI AMMAN SUGARS LTD,3475.00,3515.00,3475.00,3501.80,3491.00,0.31,40.00,1.15,-0.46,160,559344.40,34
2026-07-24 00:00:00,LOYALTEX,LOYAL TEXTILE MILLS LTD,225.00,225.00,204.70,205.05,207.06,-0.97,20.30,9.02,8.66,158,33985.42,24
2026-07-24 00:00:00,PML,PAUL MERCHANTS LTD.,497.75,497.75,480.00,485.60,485.25,0.07,17.75,3.57,2.58,142,69304.45,11
2026-07-24 00:00:00,IVZINNIFTY,INVESCO INDIA NIFTY ETF,2731.40,2733.00,2710.50,2726.94,2739.25,-0.45,22.50,0.82,-0.29,98,267066.32,39
2026-07-24 00:00:00,NDGL,NAGA DHUNSERI GROUP LTD,2610.00,2889.90,2600.00,2774.50,2610.60,6.28,289.90,11.11,-0.02,95,258993.10,35
2026-07-24 00:00:00,SANDESH,SANDESH LTD,965.00,979.40,949.00,979.00,966.60,1.28,30.40,3.15,-0.17,88,85151.40,23
2026-07-24 00:00:00,ZSARACOM,SARASWATI COMM (INDIA) L,12650.00,12900.00,12168.50,12364.50,12918.50,-4.29,731.50,5.78,-2.08,58,721113.50,24
2026-07-24 00:00:00,THAKDEV,THAKKERS DEVELOPERS LTD.,157.79,157.79,155.70,155.70,150.72,3.30,2.09,1.32,4.69,51,7942.97,6
2026-07-24 00:00:00,GRAVISSHO,GRAVISS HOSPITALITY LTD.,29.70,30.55,29.05,30.55,29.00,5.34,1.50,5.05,2.41,36,1076.70,5
2026-07-24 00:00:00,INDPRUD,INDUSTRIAL & PRU INV CO L,6669.50,6669.50,6301.00,6570.00,6480.00,1.39,368.50,5.53,2.92,32,204438.50,9
2026-07-24 00:00:00,BENGALASM,BENGAL & ASSAM CO. LTD.,6195.50,6210.00,6195.50,6202.00,6217.00,-0.24,14.50,0.23,-0.35,30,186096.50,7
2026-07-24 00:00:00,ICDSLTD,ICDS LTD,40.49,40.49,39.01,40.48,40.80,-0.78,1.48,3.66,-0.76,29,1156.30,6
2026-07-24 00:00:00,ASTAR,ASIAN STAR CO. LTD.,600.00,610.10,600.00,606.50,610.10,-0.59,10.10,1.68,-1.66,22,13321.25,8
2026-07-24 00:00:00,GROBTEA,THE GROB TEA COMPANY LTD,899.80,899.80,883.00,899.80,887.75,1.36,16.80,1.87,1.36,19,16845.90,8
2026-07-24 00:00:00,SECMARK,SECMARK CONSULTANCY LTD,130.00,130.00,127.40,128.18,125.75,1.93,2.60,2.00,3.38,18,2305.20,5
2026-07-24 00:00:00,LAHOTIOV,LAHOTI OVERSEAS LTD.,43.98,43.98,43.95,43.95,42.34,3.80,0.03,0.07,3.87,14,615.52,4
2026-07-24 00:00:00,ELCIDIN,ELCID INVESTMENTS LTD.,111000.00,111000.00,109500.00,109500.00,110100.00,-0.54,1500.00,1.35,0.82,8,881575.00,7
2026-07-24 00:00:00,SAYAJIHOTL,SAYAJI HOTELS LTD.,298.50,300.00,298.50,299.60,300.00,-0.13,1.50,0.50,-0.50,4,1198.50,2
2026-07-24 00:00:00,RSDFIN,R S D FINANCE LTD.,82.81,82.81,82.81,82.81,82.82,-0.01,0.00,0.00,-0.01,4,331.24,2
2026-07-24 00:00:00,NIRAJISPAT,NIRAJ ISPAT IND LTD,190.50,190.50,190.50,190.50,190.50,0.00,0.00,0.00,0.00,2,381.00,1
2026-07-24 00:00:00,NEAGI,NEELAMALAI AGRO INDS. L,3035.10,3035.10,3035.10,3035.10,3134.50,-3.17,0.00,0.00,-3.17,1,3035.10,1
