Date,Symbol,Company,Open,High,Low,Close,PrevClose,DailyReturnPct,DailyRange,RangePct,GapPct,Volume,TradedValue,Trades
2026-09-15 00:00:00,IDEA,VODAFONE IDEA LIMITED,15.06,15.07,14.43,14.45,14.97,-3.47,0.64,4.25,0.60,368743044,5413886511.80,428504
2026-09-15 00:00:00,PCJEWELLER,PC JEWELLER LTD,13.85,13.87,12.72,12.89,13.70,-5.91,1.15,8.30,1.09,356317461,4707444257.06,157305
2026-09-15 00:00:00,AHCL,ANLON HEALTHCARE LIMITED,21.05,22.94,19.37,20.18,19.57,3.12,3.57,16.96,7.56,165056337,3393749956.48,924280
2026-09-15 00:00:00,YESBANK,YES BANK LIMITED,23.68,23.90,22.99,23.07,23.48,-1.75,0.91,3.84,0.85,95413759,2222997118.10,98296
2026-09-15 00:00:00,IFCI,IFCI LTD,83.00,83.98,76.34,76.95,82.29,-6.49,7.64,9.20,0.86,81195084,6401430472.74,201604
2026-09-15 00:00:00,PINELABS,PINE LABS LIMITED,201.40,201.40,191.00,193.80,202.17,-4.14,10.40,5.16,-0.38,62792856,12276725053.70,427021
2026-09-15 00:00:00,OLAELEC,OLA ELECTRIC MOBILITY LTD,38.95,40.10,37.63,38.03,38.54,-1.32,2.47,6.34,1.06,60999122,2359102024.56,129690
2026-09-15 00:00:00,FIRSTCRY,BRAINBEES SOLUTIONS LTD,170.00,189.75,167.01,171.53,168.83,1.60,22.74,13.38,0.69,53340405,9524804311.19,462473
2026-09-15 00:00:00,HDFCBANK,HDFC BANK LTD,722.40,730.75,715.05,716.55,708.25,1.17,15.70,2.17,2.00,50387632,36418644740.65,511980
2026-09-15 00:00:00,IDBI,IDBI BANK LIMITED,84.00,88.53,82.69,82.95,83.43,-0.58,5.84,6.95,0.68,50187288,4313920789.13,142330
2026-09-15 00:00:00,ZENSARTECH,ZENSAR TECHNOLOGIES  LTD,430.00,479.90,430.00,440.20,425.25,3.52,49.90,11.60,1.12,42017111,19393026390.20,601675
2026-09-15 00:00:00,PRANAV,PRANAV CONSTRUCTIONS LTD,165.00,165.10,132.00,132.00,124.00,6.45,33.10,20.06,33.06,41828214,5980026104.81,245765
2026-09-15 00:00:00,SUZLON,SUZLON ENERGY LIMITED,44.53,44.97,42.58,42.90,44.12,-2.77,2.39,5.37,0.93,40276349,1753342036.62,100810
2026-09-15 00:00:00,GTLINFRA,GTL INFRA.LTD,1.16,1.17,1.12,1.13,1.16,-2.59,0.05,4.31,0.00,39824241,45647415.38,13345
2026-09-15 00:00:00,DAVANGERE,DAVANGERE SUGAR COMPANY L,2.27,2.31,2.20,2.24,2.10,6.67,0.11,4.85,8.10,38601423,87497240.44,7830
2026-09-15 00:00:00,HMAAGRO,HMA AGRO INDUSTRIES LTD,20.08,24.05,19.99,23.41,20.07,16.64,4.06,20.22,0.05,35613186,826166910.02,92216
2026-09-15 00:00:00,FSL,FIRSTSOURCE SOLU. LTD.,250.15,292.00,250.15,283.35,247.60,14.44,41.85,16.73,1.03,33931358,9589359643.85,356090
2026-09-15 00:00:00,REDTAPE,REDTAPE LIMITED,115.07,132.75,114.11,120.87,116.10,4.11,18.64,16.20,-0.89,33802011,4211869766.27,246510
2026-09-15 00:00:00,TATASTEEL,TATA STEEL LIMITED,186.10,186.49,182.38,183.65,183.00,0.36,4.11,2.21,1.69,31857708,5846309696.85,199901
2026-09-15 00:00:00,JPPOWER,JAIPRAKASH POWER VEN. LTD,16.02,16.20,15.55,15.64,16.02,-2.37,0.65,4.06,0.00,30754969,486439355.84,235713
2026-09-15 00:00:00,TATSILV,TATAAML-TATSILV,21.94,21.99,21.72,21.78,21.99,-0.95,0.27,1.23,-0.23,30441996,665512706.96,69384
2026-09-15 00:00:00,GROWW,BILLIONBRAINS GARAGE VN L,200.20,203.70,196.40,197.59,200.24,-1.32,7.30,3.65,-0.02,30383521,6087979874.39,272504
2026-09-15 00:00:00,FCL,FINEOTEX CHEMICAL LIMITED,58.00,58.39,52.25,53.88,57.72,-6.65,6.14,10.59,0.49,29470137,1596612738.39,95559
2026-09-15 00:00:00,RTNPOWER,RATTANINDIA POWER LIMITED,7.22,7.30,6.95,6.99,7.17,-2.51,0.35,4.85,0.70,27592104,195749296.37,23412
2026-09-15 00:00:00,AFCONS,AFCONS INFRASTRUCTURE LTD,281.00,304.55,260.25,262.25,253.80,3.33,44.30,15.77,10.72,26501568,7521945523.25,233701
2026-09-15 00:00:00,SUBEXLTD,SUBEX LTD,21.30,21.85,20.05,20.44,20.80,-1.73,1.80,8.45,2.40,25531437,541584728.45,53560
2026-09-15 00:00:00,IDFCFIRSTB,IDFC FIRST BANK LIMITED,86.56,86.65,84.80,84.80,86.21,-1.64,1.85,2.14,0.41,25183922,2157985375.59,68446
2026-09-15 00:00:00,TATAINVEST,TATA INVESTMENT CORP LTD,700.15,750.50,700.15,718.35,650.90,10.36,50.35,7.19,7.57,24516580,17734859217.70,544693
2026-09-15 00:00:00,SAGILITY,SAGILITY LIMITED,45.85,46.62,45.21,45.60,45.20,0.88,1.41,3.08,1.44,23912914,1100047687.85,41167
2026-09-15 00:00:00,VOGL,VEDANTA OIL AND GAS LTD,36.89,36.95,34.70,34.83,36.71,-5.12,2.25,6.10,0.49,23297053,825969719.29,54557
2026-09-15 00:00:00,RAYMOND,RAYMOND LTD,1015.60,1122.00,971.30,995.95,1002.80,-0.68,150.70,14.84,1.28,22726056,24304130702.15,658853
2026-09-15 00:00:00,MEESHO,MEESHO LIMITED,219.44,220.90,210.61,212.40,217.08,-2.16,10.29,4.69,1.09,20742207,4500570075.12,154470
2026-09-15 00:00:00,HCC,HINDUSTAN CONSTRUCTION CO,22.95,22.95,21.25,21.32,22.73,-6.20,1.70,7.41,0.97,20566631,449712940.61,31498
2026-09-15 00:00:00,SIGACHI,SIGACHI INDUSTRIES LTD,37.80,37.80,30.35,31.51,37.93,-16.93,7.45,19.71,-0.34,20492367,656105087.23,49614
2026-09-15 00:00:00,EMPOWER,EMPOWER INDIA LTD.,2.34,2.39,2.32,2.38,2.28,4.39,0.07,2.99,2.63,20036776,47599788.46,4522
2026-09-15 00:00:00,BAJAJHIND,BAJAJ HINDUSTHAN SUGAR LT,21.15,21.19,19.51,19.71,20.94,-5.87,1.68,7.94,1.00,19892199,400121316.42,28825
2026-09-15 00:00:00,TMPV,TATA MOTORS PASS VEH LTD,320.00,320.15,303.50,303.60,301.10,0.83,16.65,5.20,6.28,19003987,5926302389.90,122574
2026-09-15 00:00:00,MOREPENLAB,MOREPEN LAB. LTD,116.00,116.68,104.80,106.22,115.78,-8.26,11.88,10.24,0.19,18625874,2024438773.31,76167
2026-09-15 00:00:00,VISL,VEDANTA IRON AND STEEL L,33.49,33.49,31.68,31.68,33.34,-4.98,1.81,5.40,0.45,18491355,590949858.00,51777
2026-09-15 00:00:00,ASHOKLEY,ASHOK LEYLAND LTD,164.50,165.36,156.65,156.65,163.75,-4.34,8.71,5.29,0.46,17917014,2859116549.56,105198
2026-09-15 00:00:00,RPOWER,RELIANCE POWER LTD.,21.60,21.74,20.90,21.03,21.58,-2.55,0.84,3.89,0.09,17702828,375536112.45,37128
2026-09-15 00:00:00,FILATFASH,FILATEX FASHIONS LIMITED,0.18,0.19,0.18,0.18,0.18,0.00,0.01,5.56,0.00,17462471,3169457.31,1930
2026-09-15 00:00:00,BEL,BHARAT ELECTRONICS LTD,402.00,403.65,382.90,382.90,404.35,-5.30,20.75,5.16,-0.58,16741114,6533686971.95,195383
2026-09-15 00:00:00,ALOKINDS,ALOK INDUSTRIES LIMITED,7.40,7.65,7.35,7.38,7.36,0.27,0.30,4.05,0.54,16675898,124093959.51,13212
2026-09-15 00:00:00,CCAVENUE,AVENUESAI LIMITED,16.47,16.47,15.55,15.69,16.29,-3.68,0.92,5.59,1.10,16515500,262264816.94,20414
2026-09-15 00:00:00,KOPRAN,KOPRAN LTD,235.26,267.00,233.15,249.90,235.26,6.22,33.85,14.39,0.00,15857726,4017194139.23,214546
2026-09-15 00:00:00,VEDPOWER,VEDANTA POWER LIMITED,33.51,33.55,31.56,31.68,33.62,-5.77,1.99,5.94,-0.33,15567840,502765618.02,65324
2026-09-15 00:00:00,STLNETWORK,STL NETWORKS LIMITED,38.43,38.43,35.37,37.20,36.60,1.64,3.06,7.96,5.00,14945148,562303956.70,61157
2026-09-15 00:00:00,INFY,INFOSYS LIMITED,1085.00,1097.70,1071.70,1077.00,1037.70,3.79,26.00,2.40,4.56,14816117,16054680919.90,246743
2026-09-15 00:00:00,MAHABANK,BANK OF MAHARASHTRA,84.20,84.61,79.56,79.56,84.20,-5.51,5.05,6.00,0.00,14589564,1192891280.95,47561
2026-09-15 00:00:00,ONGC,OIL AND NATURAL GAS CORP.,234.90,236.30,233.33,235.95,232.50,1.48,2.97,1.26,1.03,14549134,3415764536.34,85752
2026-09-15 00:00:00,PAISALO,PAISALO DIGITAL LIMITED,84.92,85.25,83.47,84.47,84.23,0.28,1.78,2.10,0.82,14460925,1223967956.55,69326
2026-09-15 00:00:00,ADANIPOWER,ADANI POWER LTD,211.05,212.00,201.40,202.00,209.97,-3.80,10.60,5.02,0.51,14417003,2950155393.01,137013
2026-09-15 00:00:00,KOTAKBANK,KOTAK MAHINDRA BANK LTD,420.50,420.50,409.80,409.80,419.00,-2.20,10.70,2.54,0.36,14367343,5938776539.20,181030
2026-09-15 00:00:00,EASEMYTRIP,EASY TRIP PLANNERS LTD,5.83,5.93,5.77,5.78,5.83,-0.86,0.16,2.74,0.00,14324287,83705018.79,9669
2026-09-15 00:00:00,ZEEL,ZEE ENTERTAINMENT ENT LTD,80.00,80.29,77.11,77.41,79.36,-2.46,3.18,3.98,0.81,13904557,1091911658.91,48764
2026-09-15 00:00:00,MOTHERSON,SAMVRDHNA MTHRSN INTL LTD,165.00,165.41,158.15,158.15,164.45,-3.83,7.26,4.40,0.33,13755237,2212629243.54,94793
2026-09-15 00:00:00,RELIANCE,RELIANCE INDUSTRIES LTD,1252.50,1259.40,1235.30,1235.30,1257.50,-1.77,24.10,1.92,-0.40,13754376,17182833543.90,234801
2026-09-15 00:00:00,ATALREAL,ATAL REALTECH LIMITED,12.38,14.74,12.38,14.40,13.75,4.73,2.36,19.06,-9.96,13631375,181834328.41,8751
2026-09-15 00:00:00,JIOFIN,JIO FIN SERVICES LTD,230.50,231.80,225.60,225.60,229.90,-1.87,6.20,2.69,0.26,13273805,3042274075.66,85352
2026-09-15 00:00:00,SWIGGY,SWIGGY LIMITED,278.20,282.00,275.00,275.00,278.20,-1.15,7.00,2.52,0.00,13233851,3679413089.75,78581
2026-09-15 00:00:00,IGARASHI,IGARASHI MOTORS INDIA LTD,414.90,476.90,411.00,437.05,414.30,5.49,65.90,15.88,0.14,13011373,5919044613.60,265188
2026-09-15 00:00:00,SOUTHBANK,THE SOUTH INDIAN BANK LTD,46.38,47.89,44.88,45.00,46.18,-2.56,3.01,6.49,0.43,12742655,586158140.57,43834
2026-09-15 00:00:00,CANBK,CANARA BANK,123.25,124.48,122.05,122.37,124.00,-1.31,2.43,1.97,-0.60,12696568,1562134825.72,71447
2026-09-15 00:00:00,ETERNAL,ETERNAL LIMITED,327.50,327.95,314.65,315.25,323.50,-2.55,13.30,4.06,1.24,12538697,4006292162.00,99234
2026-09-15 00:00:00,ELITECON,ELITECON INTERNATIONAL L,8.48,8.58,8.36,8.57,8.18,4.77,0.22,2.59,3.67,12249273,104959257.68,10533
2026-09-15 00:00:00,LICI,LIFE INSURA CORP OF INDIA,402.60,404.70,390.65,391.50,404.10,-3.12,14.05,3.49,-0.37,12174521,4813772573.15,120726
2026-09-15 00:00:00,ITC,ITC LTD,261.00,264.20,258.00,258.00,259.85,-0.71,6.20,2.38,0.44,12133201,3169116204.55,168656
2026-09-15 00:00:00,PNB,PUNJAB NATIONAL BANK,116.75,117.23,114.70,114.70,116.75,-1.76,2.53,2.17,0.00,12031284,1391797541.32,42616
2026-09-15 00:00:00,WIPRO,WIPRO LTD,172.20,173.35,169.01,170.00,167.40,1.55,4.34,2.52,2.87,11722173,2010603632.02,87437
2026-09-15 00:00:00,RENUKA,SHREE RENUKA SUGARS LTD,25.00,25.05,23.05,23.49,24.87,-5.55,2.00,8.00,0.52,11649203,279007655.17,21437
2026-09-15 00:00:00,ALLCARGO,ALLCARGO LOGISTICS LTD,12.40,12.40,11.38,11.60,12.16,-4.61,1.02,8.23,1.97,11548427,136811693.29,14507
2026-09-15 00:00:00,SALASAR,SALASAR TECHNO ENGG. LTD.,5.07,5.09,4.71,4.81,5.05,-4.75,0.38,7.50,0.40,11156788,54129475.70,8278
2026-09-15 00:00:00,KWIL,KWALITY WALL'S (INDIA) L,43.60,43.69,40.51,40.83,43.04,-5.13,3.18,7.29,1.30,11063147,461964404.91,31759
2026-09-15 00:00:00,CUPID,CUPID LIMITED,280.55,286.85,279.00,284.40,280.00,1.57,7.85,2.80,0.20,10885946,3091715553.50,77919
2026-09-15 00:00:00,IOC,INDIAN OIL CORP LTD,135.50,135.69,132.03,132.03,135.11,-2.28,3.66,2.70,0.29,10870933,1453956241.35,62817
2026-09-15 00:00:00,MSUMI,MOTHERSON SUMI WRNG IND L,36.50,36.58,34.76,35.06,36.30,-3.42,1.82,4.99,0.55,10784713,384018302.06,80850
2026-09-15 00:00:00,MILKYMIST,MILKY MIST DAIRY FOOD L,290.00,304.70,278.14,278.14,292.77,-5.00,26.56,9.16,-0.95,10778708,3104897420.40,83785
2026-09-15 00:00:00,BCG,BRIGHTCOM GROUP LIMITED,10.09,10.40,9.74,9.85,9.99,-1.40,0.66,6.54,1.00,10744108,108446726.20,9278
2026-09-15 00:00:00,UTKARSHBNK,UTKARSH SMALL FIN BANK L,14.61,14.75,14.14,14.20,14.52,-2.20,0.61,4.18,0.62,10678279,153815453.74,10673
2026-09-15 00:00:00,UNITECH,UNITECH LTD,4.20,4.40,4.02,4.21,4.17,0.96,0.38,9.05,0.72,10640815,44993907.47,9053
2026-09-15 00:00:00,POWERGRID,POWER GRID CORP. LTD.,267.15,268.50,262.80,262.80,269.10,-2.34,5.70,2.13,-0.72,10519594,2788885704.00,115111
2026-09-15 00:00:00,NMDC,NMDC LTD.,82.80,82.89,80.50,80.50,82.40,-2.31,2.39,2.89,0.49,10462679,852937417.05,42633
2026-09-15 00:00:00,GMRAIRPORT,GMR AIRPORTS LIMITED,98.00,98.28,92.92,92.97,97.98,-5.11,5.36,5.47,0.02,10370386,978315440.97,70939
2026-09-15 00:00:00,BANDHANBNK,BANDHAN BANK LIMITED,177.00,179.11,172.24,172.45,176.52,-2.31,6.87,3.88,0.27,10329258,1815965985.95,52778
2026-09-15 00:00:00,JINDWORLD,JINDAL WORLDWIDE LTD,53.50,54.09,47.60,49.44,52.88,-6.51,6.49,12.13,1.17,10265488,522858413.36,27587
2026-09-15 00:00:00,SAIL,STEEL AUTHORITY OF INDIA,179.53,180.00,172.92,173.00,179.00,-3.35,7.08,3.94,0.30,10217048,1791532149.61,43272
2026-09-15 00:00:00,JYOTISTRUC,JYOTI STRUCTURES LTD,9.74,9.90,9.04,9.21,9.69,-4.95,0.86,8.83,0.52,10215578,95586866.78,11190
2026-09-15 00:00:00,ICICIBANK,ICICI BANK LTD.,1379.30,1390.00,1350.40,1350.40,1379.30,-2.10,39.60,2.87,0.00,10133488,13759686190.60,210192
2026-09-15 00:00:00,SBIN,STATE BANK OF INDIA,994.00,999.80,968.00,968.00,995.70,-2.78,31.80,3.20,-0.17,10004115,9797602880.20,206073
2026-09-15 00:00:00,DABUR,DABUR INDIA LTD,379.00,390.95,376.75,384.90,376.00,2.37,14.20,3.75,0.80,9936721,3835612898.40,57767
2026-09-15 00:00:00,SBC,SBC EXPORTS LIMITED,48.15,48.55,47.35,47.73,48.33,-1.24,1.20,2.49,-0.37,9919587,474162257.25,7684
2026-09-15 00:00:00,TFCILTD,TOURISM FINANCE CORP. OF,141.75,142.44,137.32,138.18,141.49,-2.34,5.12,3.61,0.18,9687578,1351082070.26,30419
2026-09-15 00:00:00,APOLLO,APOLLO MICRO SYSTEMS LTD,424.35,424.60,384.00,386.60,422.25,-8.44,40.60,9.57,0.50,9564451,3824973991.60,110177
2026-09-15 00:00:00,MOTISONS,MOTISONS JEWELLERS LTD,16.00,16.09,15.32,15.47,15.95,-3.01,0.77,4.81,0.31,9434969,147699888.57,12867
2026-09-15 00:00:00,IRB,IRB INFRA DEV LTD.,19.83,19.83,19.08,19.18,19.64,-2.34,0.75,3.78,0.97,9392762,180914031.72,20153
2026-09-15 00:00:00,EDELWEISS,EDELWEISS FIN SERV LTD,133.00,133.14,125.10,127.40,132.43,-3.80,8.04,6.05,0.43,9385808,1213624277.77,108001
2026-09-15 00:00:00,VEDL,VEDANTA LIMITED,263.70,264.40,253.55,257.00,263.70,-2.54,10.85,4.11,0.00,9234199,2380789016.65,97366
2026-09-15 00:00:00,ABFRL,ADITYA BIRLA FASHION & RT,50.35,50.68,48.71,49.02,50.44,-2.82,1.97,3.91,-0.18,9099306,447803935.02,20957
2026-09-15 00:00:00,INOXWIND,INOX WIND LIMITED,76.88,76.94,73.72,74.35,76.50,-2.81,3.22,4.19,0.50,9034365,674823751.28,31232
2026-09-15 00:00:00,MRPL,MRPL,175.50,176.07,166.00,166.81,175.86,-5.15,10.07,5.74,-0.20,8734694,1488249356.62,59028
2026-09-15 00:00:00,SEPC,SEPC LIMITED,5.30,5.32,5.08,5.12,5.27,-2.85,0.24,4.53,0.57,8695082,45036994.98,5504
2026-09-15 00:00:00,IRFC,INDIAN RAILWAY FIN CORP L,81.09,81.87,79.00,79.15,81.09,-2.39,2.87,3.54,0.00,8655447,693533237.60,66490
2026-09-15 00:00:00,BSOFT,BIRLASOFT LIMITED,291.00,302.85,285.10,286.45,281.65,1.70,17.75,6.10,3.32,8595221,2524482365.45,114839
2026-09-15 00:00:00,NHPC,NHPC LTD,76.55,77.07,75.56,76.04,76.38,-0.45,1.51,1.97,0.22,8558617,651457004.66,42881
2026-09-15 00:00:00,KALYANKJIL,KALYAN JEWELLERS IND LTD,610.00,616.00,604.20,604.20,601.15,0.51,11.80,1.93,1.47,8522494,5207762005.80,87287
2026-09-15 00:00:00,NTPC,NTPC LTD,333.00,333.30,326.40,329.50,333.40,-1.17,6.90,2.07,-0.12,8445501,2773161043.50,88696
2026-09-15 00:00:00,VAML,VEDANTA ALUMINIUM METAL L,422.00,423.95,403.90,406.00,421.75,-3.73,20.05,4.75,0.06,8429673,3459844215.25,161543
2026-09-15 00:00:00,FILATEX,FILATEX INDIA LTD,89.50,91.30,80.05,82.41,87.41,-5.72,11.25,12.57,2.39,8356838,719814737.12,40662
2026-09-15 00:00:00,PWL,PHYSICSWALLAH LIMITED,137.00,137.70,130.10,130.72,136.10,-3.95,7.60,5.55,0.66,7983867,1069800192.94,48279
2026-09-15 00:00:00,KSHITIJPOL,KSHITIJ POLYLINE LIMITED,3.45,3.65,3.40,3.65,3.48,4.89,0.25,7.25,-0.86,7902695,28356974.60,1592
2026-09-15 00:00:00,VMM,VISHAL MEGA MART LIMITED,102.25,102.29,100.10,100.10,101.71,-1.58,2.19,2.14,0.53,7678106,776117083.63,51939
2026-09-15 00:00:00,LUMINO,LUMINO INDUSTRIES LIMITED,109.70,110.64,100.62,103.16,108.81,-5.19,10.02,9.13,0.82,7645621,805465187.95,42918
2026-09-15 00:00:00,UJJIVANSFB,UJJIVAN SMALL FINANC BANK,65.71,66.56,63.85,64.07,65.54,-2.24,2.71,4.12,0.26,7611153,494595917.07,36504
2026-09-15 00:00:00,HSCL,HIMADRI SPECIALITY CHEM L,665.00,667.40,632.50,637.25,664.90,-4.16,34.90,5.25,0.02,7510515,4883275941.25,75233
2026-09-15 00:00:00,PFC,POWER FIN CORP LTD.,352.45,353.30,344.00,344.00,353.45,-2.67,9.30,2.64,-0.28,7488255,2603887005.85,62781
2026-09-15 00:00:00,BANKBARODA,BANK OF BARODA,238.13,238.51,232.44,232.70,238.13,-2.28,6.07,2.55,0.00,7383660,1735773243.42,62138
2026-09-15 00:00:00,BHEL,BHEL,431.25,432.00,412.85,412.85,431.00,-4.21,19.15,4.44,0.06,7340842,3086053394.25,73943
2026-09-15 00:00:00,SUNSHINE,SUNSHINE PICTURES LIMITED,385.00,394.60,326.25,333.95,407.80,-18.11,68.35,17.75,-5.59,7326036,2708754263.80,117545
2026-09-15 00:00:00,SMALLCAP,MIRAEAMC - SMALLCAP,49.49,49.49,46.87,47.76,49.14,-2.81,2.62,5.29,0.71,7245494,348483439.07,9861
2026-09-15 00:00:00,MWL,MANGALAM WORLDWIDE LTD,41.90,48.00,39.29,41.03,40.60,1.06,8.71,20.79,3.20,7108354,309211287.90,41600
2026-09-15 00:00:00,HINDCOPPER,HINDUSTAN COPPER LTD,513.95,513.95,490.55,492.10,514.50,-4.35,23.40,4.55,-0.11,6982438,3490676067.80,141993
2026-09-15 00:00:00,SONATSOFTW,SONATA SOFTWARE LTD,274.75,291.95,272.45,281.30,265.85,5.81,19.50,7.10,3.35,6788610,1917198016.80,86249
2026-09-15 00:00:00,ESDS,ESDS SOFTWARE SOLUTION L,1800.00,1827.40,1681.00,1824.70,1740.40,4.84,146.40,8.13,3.42,6742443,11867622957.40,315746
2026-09-15 00:00:00,RATNAVEER,RATNAVEER PRECISION ENG L,285.90,296.30,278.30,289.60,288.30,0.45,18.00,6.30,-0.83,6487828,1871260046.85,39607
2026-09-15 00:00:00,LENSKART,LENSKART SOLUTIONS LTD,691.20,701.25,679.50,685.40,681.75,0.54,21.75,3.15,1.39,6456204,4438772447.70,132165
2026-09-15 00:00:00,GAIL,GAIL (INDIA) LTD,173.62,173.82,169.73,170.88,173.62,-1.58,4.09,2.36,0.00,6202446,1062711156.37,59419
2026-09-15 00:00:00,COALINDIA,COAL INDIA LTD,426.40,427.00,418.00,419.25,426.40,-1.68,9.00,2.11,0.00,6128458,2589290909.50,75556
2026-09-15 00:00:00,SHRIRAMFIN,SHRIRAM FINANCE LIMITED,1044.90,1044.90,979.80,979.80,1028.60,-4.74,65.10,6.23,1.58,5927612,5909042399.00,116757
2026-09-15 00:00:00,NBCC,NBCC (INDIA) LIMITED,83.25,83.49,80.13,80.69,82.90,-2.67,3.36,4.04,0.42,5854402,476567305.09,31974
2026-09-15 00:00:00,BAJFINANCE,BAJAJ FINANCE LIMITED,1035.00,1038.60,1005.50,1009.20,1034.50,-2.45,33.10,3.20,0.05,5792124,5881747914.90,164946
2026-09-15 00:00:00,GANGAFORGE,GANGA FORGING LIMITED,1.59,1.65,1.56,1.63,1.58,3.16,0.09,5.66,0.63,5791282,9383505.72,1497
2026-09-15 00:00:00,TDPOWERSYS,TD POWER SYSTEMS LTD.,814.15,817.55,720.10,725.50,804.90,-9.86,97.45,11.97,1.15,5769493,4320315655.90,175611
2026-09-15 00:00:00,SHANKESH,SHANKESH JEWELLERS LTD,103.49,104.19,92.22,94.35,101.30,-6.86,11.97,11.57,2.16,5763565,563054764.03,35085
2026-09-15 00:00:00,STEELXIND,STEEL EXCHANGE INDIA LTD,12.19,12.25,11.30,11.44,12.14,-5.77,0.95,7.79,0.41,5762202,67704284.49,6115
2026-09-15 00:00:00,AXISBANK,AXIS BANK LIMITED,1254.00,1254.00,1219.90,1222.90,1246.00,-1.85,34.10,2.72,0.64,5698466,7028810700.90,131467
2026-09-15 00:00:00,KELLTONTEC,KELLTON TECH SOL LTD,13.82,14.70,13.45,13.65,13.77,-0.87,1.25,9.04,0.36,5613507,79609945.80,13374
2026-09-15 00:00:00,ANGELONE,ANGEL ONE LIMITED,306.45,310.00,297.30,297.50,305.00,-2.46,12.70,4.14,0.48,5536817,1676991964.45,50926
2026-09-15 00:00:00,ONEPOINT,ONE POINT ONE SOL LTD,57.49,61.38,56.00,56.68,56.39,0.51,5.38,9.36,1.95,5466042,323161268.66,27821
2026-09-15 00:00:00,IEX,INDIAN ENERGY EXC LTD,113.88,114.24,111.82,112.00,113.88,-1.65,2.42,2.13,0.00,5438969,612852185.08,41894
2026-09-15 00:00:00,TCS,TATA CONSULTANCY SERV LT,2275.50,2323.00,2251.00,2251.00,2200.80,2.28,72.00,3.16,3.39,5406210,12411828916.10,181099
2026-09-15 00:00:00,SYNCOMF,SYNCOM FORMU (I) LTD,19.69,19.85,18.44,18.53,19.46,-4.78,1.41,7.16,1.18,5369736,101575226.11,11696
2026-09-15 00:00:00,IOLCP,IOL CHEM AND PHARMA LTD,195.11,197.90,176.30,179.52,194.31,-7.61,21.60,11.07,0.41,5315214,980722778.29,58525
2026-09-15 00:00:00,RAIN,RAIN INDUSTRIES LIMITED,216.00,216.48,195.30,196.74,215.97,-8.90,21.18,9.81,0.01,5273699,1072236957.74,42631
2026-09-15 00:00:00,ACMESOLAR,ACME SOLAR HOLDINGS LTD,402.15,426.15,402.15,420.40,402.30,4.50,24.00,5.97,-0.04,5262214,2193853764.35,101707
2026-09-15 00:00:00,ARDEE,ARDEE INDUSTRIES LIMITED,51.60,52.65,47.50,47.78,50.91,-6.15,5.15,9.98,1.36,5215440,254602044.12,28386
2026-09-15 00:00:00,SAMMAANCAP,SAMMAAN CAPITAL LIMITED,148.00,148.30,141.21,141.96,147.30,-3.63,7.09,4.79,0.48,5171011,745052900.15,29640
2026-09-15 00:00:00,WELSPUNLIV,WELSPUN LIVING LIMITED,208.00,208.83,199.25,201.63,207.68,-2.91,9.58,4.61,0.15,5087632,1040707044.54,32144
2026-09-15 00:00:00,CENTRALBK,CENTRAL BANK OF INDIA,30.85,31.03,30.35,30.46,30.74,-0.91,0.68,2.20,0.36,5054888,154814977.26,19611
2026-09-15 00:00:00,KEC,KEC INTL. LIMITED,427.10,429.60,403.45,406.90,406.40,0.12,26.15,6.12,5.09,5009834,2061239643.60,89448
2026-09-15 00:00:00,PNCINFRA,PNC INFRATECH LTD.,165.00,165.00,140.32,140.32,175.40,-20.00,24.68,14.96,-5.93,4938381,720201327.38,39791
2026-09-15 00:00:00,CONFIPET,CONFIDENCE PETRO IND LTD.,90.20,91.65,84.10,86.10,89.22,-3.50,7.55,8.37,1.10,4869333,431952438.37,34469
2026-09-15 00:00:00,HDFCLIFE,HDFC LIFE INS CO LTD,530.00,530.65,516.10,516.10,530.00,-2.62,14.55,2.75,0.00,4844755,2534948832.25,86634
2026-09-15 00:00:00,MOSMALL250,MOTILALAMC - MOSMALL250,18.87,18.87,17.58,17.98,18.41,-2.34,1.29,6.84,2.50,4772214,86310954.71,4922
2026-09-15 00:00:00,INDORAMA,INDO RAMA SYNTHETICS LTD,90.00,96.50,81.56,82.81,86.50,-4.27,14.94,16.60,4.05,4750924,427808797.42,39425
2026-09-15 00:00:00,RECLTD,REC LIMITED,313.00,314.80,308.50,308.50,312.70,-1.34,6.30,2.01,0.10,4665696,1459539581.65,37970
2026-09-15 00:00:00,MODEFENCE,MOTILALAMC - MODEFENCE,110.00,110.00,100.30,100.76,106.73,-5.59,9.70,8.82,3.06,4664150,477775230.01,29773
2026-09-15 00:00:00,DELHIVERY,DELHIVERY LIMITED,439.00,441.85,416.50,420.50,439.00,-4.21,25.35,5.77,0.00,4661661,1973112223.35,66022
2026-09-15 00:00:00,LLOYDSENGG,LLOYDS ENGG WORK LIMITED,83.09,83.19,79.35,79.71,82.76,-3.69,3.84,4.62,0.40,4655333,374176208.16,19324
2026-09-15 00:00:00,LICHSGFIN,LIC HOUSING FINANCE LTD,563.90,565.25,538.50,542.00,562.90,-3.71,26.75,4.74,0.18,4654811,2553477253.60,42617
2026-09-15 00:00:00,AVANCE,AVANCE TECHNOLOGIES LTD.,0.81,0.83,0.80,0.81,0.81,0.00,0.03,3.70,0.00,4652378,3790604.74,1415
2026-09-15 00:00:00,WELENT,WELSPUN ENTERPRISES LTD.,790.65,796.35,728.05,737.60,786.20,-6.18,68.30,8.64,0.57,4638248,3540854568.65,22521
2026-09-15 00:00:00,COFORGE,COFORGE LIMITED,1887.30,1893.60,1765.60,1775.50,1846.50,-3.85,128.00,6.78,2.21,4583784,8301177307.40,179465
2026-09-15 00:00:00,BANKINDIA,BANK OF INDIA,140.00,140.41,137.00,137.61,140.00,-1.71,3.41,2.44,0.00,4479489,620087552.39,28773
2026-09-15 00:00:00,AEGISVOPAK,AEGIS VOPAK TERMINALS LTD,298.40,311.00,292.80,302.00,295.10,2.34,18.20,6.10,1.12,4447657,1349817980.35,75497
2026-09-15 00:00:00,UNIONBANK,UNION BANK OF INDIA,179.57,179.69,174.74,175.00,178.10,-1.74,4.95,2.76,0.83,4444675,784714092.66,46615
2026-09-15 00:00:00,HCLTECH,HCL TECHNOLOGIES LTD,1252.00,1290.00,1250.00,1253.70,1206.10,3.95,40.00,3.19,3.81,4443984,5664689912.00,134519
2026-09-15 00:00:00,REDINGTON,REDINGTON LIMITED,395.70,398.85,375.00,378.95,393.70,-3.75,23.85,6.03,0.51,4338609,1655230685.90,67164
2026-09-15 00:00:00,SMSPHARMA,SMS PHARMACEUTICALS LTD.,477.95,482.00,397.50,410.15,463.45,-11.50,84.50,17.68,3.13,4315277,1817468387.45,105763
2026-09-15 00:00:00,TMCV,TATA MOTORS LIMITED,441.20,446.70,424.05,427.15,434.55,-1.70,22.65,5.13,1.53,4286778,1853041727.90,98217
2026-09-15 00:00:00,KISSHT,ONEMI TECHNOLOGY SOL LTD,332.00,350.50,332.00,339.55,328.70,3.30,18.50,5.57,1.00,4238984,1452113203.90,88035
2026-09-15 00:00:00,SHAREINDIA,SHARE IND. SECURITIES LTD,204.28,207.36,193.06,197.20,198.93,-0.87,14.30,7.00,2.69,4211096,839374960.62,38753
2026-09-15 00:00:00,AQYLON,AQYLON NEXUS LIMITED,21.65,21.90,20.18,20.71,21.24,-2.50,1.72,7.94,1.93,4195907,87043741.60,1311
2026-09-15 00:00:00,URBANCO,URBAN COMPANY LIMITED,166.98,167.71,157.55,158.22,166.89,-5.20,10.16,6.08,0.05,4152047,666814150.07,35086
2026-09-15 00:00:00,KPITTECH,KPIT TECHNOLOGIES LIMITED,560.00,580.95,560.00,563.00,553.75,1.67,20.95,3.74,1.13,4090759,2343971589.15,67873
2026-09-15 00:00:00,BHARTIARTL,BHARTI AIRTEL LIMITED,1844.00,1844.00,1819.60,1830.40,1831.10,-0.04,24.40,1.32,0.70,4066471,7444061033.50,124050
2026-09-15 00:00:00,QUADFUTURE,QUADRANT FUTURE TEK LTD,482.00,519.60,473.60,484.60,478.50,1.27,46.00,9.54,0.73,4009846,2005959648.50,110257
2026-09-15 00:00:00,DCI,DC INFOTECH AND COMUN LTD,272.00,295.00,251.15,264.70,271.70,-2.58,43.85,16.12,0.11,4004396,1087834006.70,92664
2026-09-15 00:00:00,HORIZONIND,HORIZON INDUSTRIAL PRKS L,56.10,56.55,53.10,53.59,55.67,-3.74,3.45,6.15,0.77,3996553,218566963.64,13425
2026-09-15 00:00:00,BAJAJHFL,BAJAJ HOUSING FINANCE LTD,84.26,84.53,83.08,84.00,84.11,-0.13,1.45,1.72,0.18,3993670,334998267.01,22748
2026-09-15 00:00:00,IREDA,INDIAN RENEWABLE ENERGY,111.71,112.08,108.27,109.00,111.71,-2.43,3.81,3.41,0.00,3982851,437959857.25,35782
2026-09-15 00:00:00,RVNL,RAIL VIKAS NIGAM LIMITED,205.00,207.00,198.29,199.00,204.90,-2.88,8.71,4.25,0.05,3967219,802328796.30,46275
2026-09-15 00:00:00,BSE,BSE LIMITED,3417.00,3452.70,3295.00,3310.00,3384.00,-2.19,157.70,4.62,0.98,3901579,13135692287.40,169621
2026-09-15 00:00:00,LTF,L&T FINANCE LIMITED,310.60,311.30,296.60,296.80,309.10,-3.98,14.70,4.73,0.49,3858315,1158692033.90,37426
2026-09-15 00:00:00,INDUSTOWER,INDUS TOWERS LIMITED,390.80,390.80,378.70,379.00,388.00,-2.32,12.10,3.10,0.72,3807593,1461070494.40,56789
2026-09-15 00:00:00,AWFIS,AWFIS SPACE SOLUTIONS LTD,297.85,304.50,268.30,275.15,293.20,-6.16,36.20,12.15,1.59,3801941,1087785042.15,71339
2026-09-15 00:00:00,MOLBIO,MOLBIO DIAGNOSTICS LTD,1419.70,1419.70,1273.00,1356.80,1438.20,-5.66,146.70,10.33,-1.29,3774360,5016793719.60,171177
2026-09-15 00:00:00,METAL,MIRAEAMC - METAL,12.83,14.18,12.74,12.80,13.16,-2.74,1.44,11.22,-2.51,3768383,48675341.90,10436
2026-09-15 00:00:00,NSLNISP,NMDC STEEL LIMITED,43.68,43.69,41.35,41.45,43.66,-5.06,2.34,5.36,0.05,3741526,157909012.73,17388
2026-09-15 00:00:00,MANAPPURAM,MANAPPURAM FINANCE LTD,327.10,330.45,317.70,318.85,329.00,-3.09,12.75,3.90,-0.58,3726323,1198818230.20,33308
2026-09-15 00:00:00,ATHERENERG,ATHER ENERGY LIMITED,1660.70,1662.00,1545.50,1568.50,1656.00,-5.28,116.50,7.02,0.28,3713971,5909919877.50,116278
2026-09-15 00:00:00,TATAPOWER,TATA POWER CO LTD,375.00,377.65,362.95,363.00,364.65,-0.45,14.70,3.92,2.84,3710579,1365056980.30,44583
2026-09-15 00:00:00,TCC,TCC CONCEPT LIMITED,56.00,57.30,52.36,54.63,55.32,-1.25,4.94,8.82,1.23,3680305,201173866.42,19807
2026-09-15 00:00:00,DLF,DLF LIMITED,644.50,647.15,620.85,620.85,644.50,-3.67,26.30,4.08,0.00,3668098,2311822222.20,57280
2026-09-15 00:00:00,NATIONALUM,NATIONAL ALUMINIUM CO LTD,359.60,360.35,350.25,350.55,361.00,-2.89,10.10,2.81,-0.39,3640356,1294764218.95,58392
2026-09-15 00:00:00,GAYAPROJ,GAYATRI PROJECTS LTD,27.28,27.33,24.73,26.15,26.03,0.46,2.60,9.53,4.80,3617474,94985175.30,8172
2026-09-15 00:00:00,GPPL,GUJARAT PIPAVAV PORT LTD,162.50,165.50,160.80,161.18,161.32,-0.09,4.70,2.89,0.73,3555183,581266350.71,44937
2026-09-15 00:00:00,BPCL,BHARAT PETROLEUM CORP  LT,304.20,308.15,298.65,298.65,304.50,-1.92,9.50,3.12,-0.10,3512731,1065960575.85,55298
2026-09-15 00:00:00,KTKBANK,KARNATAKA BANK LIMITED,324.70,331.35,314.30,315.95,325.35,-2.89,17.05,5.25,-0.20,3508307,1134419559.15,52359
2026-09-15 00:00:00,NIACL,THE NEW INDIA ASSU CO LTD,200.00,200.30,184.00,185.41,198.39,-6.54,16.30,8.15,0.81,3487564,663137882.35,35947
2026-09-15 00:00:00,CGPOWER,CG POWER AND IND SOL LTD,909.00,911.30,858.00,858.00,909.00,-5.61,53.30,5.86,0.00,3474919,3035809892.30,72177
2026-09-15 00:00:00,NETWORK18,NETWORK18 MEDIA & INV LTD,27.12,27.19,25.85,25.95,26.64,-2.59,1.34,4.94,1.80,3466061,91122604.18,8056
2026-09-15 00:00:00,LEAPIND,LEAP INDIA LIMITED,145.31,145.31,132.92,134.61,144.34,-6.74,12.39,8.53,0.67,3444783,473493090.30,38124
2026-09-15 00:00:00,JSWINFRA,JSW INFRASTRUCTURE LTD,345.50,349.20,324.55,325.85,343.15,-5.04,24.65,7.13,0.68,3396380,1139248560.10,113352
2026-09-15 00:00:00,UCOBANK,UCO BANK,24.12,24.14,23.66,23.72,24.12,-1.66,0.48,1.99,0.00,3373905,80589024.51,15111
2026-09-15 00:00:00,SHADOWFAX,SHADOWFAX TECHNOLOGIES L,253.40,254.90,239.00,241.15,253.40,-4.83,15.90,6.27,0.00,3355837,818862326.10,41737
2026-09-15 00:00:00,WELCORP,WELSPUN CORP LIMITED,2661.20,2718.40,2363.60,2413.30,2676.60,-9.84,354.80,13.33,-0.58,3340619,8274169487.70,201146
2026-09-15 00:00:00,VIYASH,VIYASH SCIENTIFIC LIMITED,258.45,258.45,245.40,246.90,257.60,-4.15,13.05,5.05,0.33,3290032,825290438.20,32687
2026-09-15 00:00:00,HDFCSML250,HDFCAMC - HDFCSML250,186.62,186.62,180.40,180.83,185.17,-2.34,6.22,3.33,0.78,3283413,598566892.08,38142
2026-09-15 00:00:00,DEEPA,DEEPA JEWELLERS LIMITED,185.87,187.62,165.00,169.14,185.86,-9.00,22.62,12.17,0.01,3282691,576635831.05,37690
2026-09-15 00:00:00,SHREEJISPG,SHREEJI SHIPPING GLOBAL L,691.75,711.65,655.85,684.00,691.75,-1.12,55.80,8.07,0.00,3269593,2243517344.15,31867
2026-09-15 00:00:00,JTLIND,JTL INDUSTRIES LIMITED,89.39,89.39,80.25,82.47,88.68,-7.00,9.14,10.22,0.80,3227041,273362889.75,19617
2026-09-15 00:00:00,PAYTM,ONE 97 COMMUNICATIONS LTD,1808.00,1811.00,1730.00,1730.00,1807.50,-4.29,81.00,4.48,0.03,3226150,5683403744.90,134172
2026-09-15 00:00:00,JAMNAAUTO,JAMNA AUTO IND LTD,137.50,139.40,127.99,129.06,135.46,-4.72,11.41,8.30,1.51,3184124,421494367.69,50315
2026-09-15 00:00:00,GROWWPOWER,GROWWAMC - GROWWPOWER,11.59,11.59,10.98,11.02,11.36,-2.99,0.61,5.26,2.02,3180372,35313448.08,6307
2026-09-15 00:00:00,HARDWYN,HARDWYN INDIA LIMITED,9.23,9.25,8.81,9.06,9.16,-1.09,0.44,4.77,0.76,3135827,28496270.10,1135
2026-09-15 00:00:00,VBL,VARUN BEVERAGES LIMITED,417.50,419.75,409.10,409.60,416.50,-1.66,10.65,2.55,0.24,3118516,1287820417.00,40467
2026-09-15 00:00:00,DUCON,DUCON INFRATECHNOLOGIES L,1.80,1.81,1.52,1.59,1.78,-10.67,0.29,16.11,1.12,3110461,5136946.12,1538
2026-09-15 00:00:00,PPLPHARMA,PIRAMAL PHARMA LIMITED,211.07,211.35,202.55,203.47,211.35,-3.73,8.80,4.17,-0.13,3104010,639344915.01,47956
2026-09-15 00:00:00,FEDERALBNK,FEDERAL BANK LTD,344.45,344.50,339.45,343.00,344.50,-0.44,5.05,1.47,-0.01,3090047,1056091272.40,50376
2026-09-15 00:00:00,BHARATCOAL,BHARAT COKING COAL LTD,33.01,33.17,32.30,32.40,33.01,-1.85,0.87,2.64,0.00,3087850,100902135.41,19492
2026-09-15 00:00:00,MOBIKWIK,ONE MOBIKWIK SYSTEMS LTD,211.88,215.70,197.70,200.86,209.70,-4.22,18.00,8.50,1.04,3070663,634296126.26,41290
2026-09-15 00:00:00,J&KBANK,J & K BANK LTD.,145.27,147.50,143.75,144.75,145.27,-0.36,3.75,2.58,0.00,3037724,442668766.66,31862
2026-09-15 00:00:00,EMBDL,EMBASSY DEVELOPMENTS LTD,55.32,56.38,53.90,55.01,55.28,-0.49,2.48,4.48,0.07,3033004,167571914.92,8995
2026-09-15 00:00:00,DWARKESH,DWARIKESH SUGAR IND LTD,45.10,45.15,41.51,41.72,44.74,-6.75,3.64,8.07,0.80,3030956,129748746.97,11661
2026-09-15 00:00:00,CORDELIA,WATERWAYS LEISURE TOUR L,114.29,115.49,109.87,112.33,112.85,-0.46,5.62,4.92,1.28,2990405,336863307.42,20443
2026-09-15 00:00:00,IXIGO,LE TRAVENUES TECHNOLOGY L,159.20,167.29,159.00,161.02,158.63,1.51,8.29,5.21,0.36,2920496,476427313.17,51635
2026-09-15 00:00:00,GREENPOWER,ORIENT GREEN POWER CO LTD,9.31,9.36,8.88,9.09,9.31,-2.36,0.48,5.16,0.00,2901357,26490782.60,6334
2026-09-15 00:00:00,BODALCHEM,BODAL CHEMICALS LTD,173.12,181.02,172.00,176.66,172.40,2.47,9.02,5.21,0.42,2894993,511523065.22,20780
2026-09-15 00:00:00,EMMVEE,EMMVEE PHOTOVOLTAIC PWR L,346.00,349.70,322.45,328.55,346.00,-5.04,27.25,7.88,0.00,2890305,971476431.85,64058
2026-09-15 00:00:00,CGCL,CAPRI GLOBAL CAPITAL LTD,264.00,264.80,254.25,255.10,266.00,-4.10,10.55,4.00,-0.75,2889142,746327746.50,26571
2026-09-15 00:00:00,EMAMILTD,EMAMI LIMITED,374.00,382.65,371.20,373.70,363.80,2.72,11.45,3.06,2.80,2883728,1089788968.15,57777
2026-09-15 00:00:00,ASIANTILES,ASIAN GRANITO IND. LTD.,50.00,50.44,48.86,50.03,50.34,-0.62,1.58,3.16,-0.68,2855354,142256607.82,8032
2026-09-15 00:00:00,JAYNECOIND,JAYASWAL NECO INDUSTR LTD,90.79,90.79,87.50,88.63,89.97,-1.49,3.29,3.62,0.91,2854456,253413144.20,20575
2026-09-15 00:00:00,TRIDENT,TRIDENT LIMITED,23.45,23.55,23.03,23.12,23.39,-1.15,0.52,2.22,0.26,2850365,66199380.11,13415
2026-09-15 00:00:00,TTML,TATA TELESERV(MAHARASTRA),36.01,36.92,35.85,36.15,35.60,1.54,1.07,2.97,1.15,2840915,102852783.35,13732
2026-09-15 00:00:00,MAXHEALTH,MAX HEALTHCARE INS LTD,1048.00,1048.00,1030.00,1030.00,1037.70,-0.74,18.00,1.72,0.99,2836517,2937757176.00,53394
2026-09-15 00:00:00,MITTAL,MITTAL LIFE STYLE LIMITED,0.80,0.81,0.77,0.77,0.80,-3.75,0.04,5.00,0.00,2832041,2230837.45,637
2026-09-15 00:00:00,RBA,RESTAURANT BRAND ASIA LTD,98.05,99.46,94.27,95.23,98.05,-2.88,5.19,5.29,0.00,2819981,272537188.18,20766
2026-09-15 00:00:00,SWANCORP,SWAN CORP LIMITED,296.00,307.30,288.00,292.60,296.45,-1.30,19.30,6.52,-0.15,2810162,836365555.95,42904
2026-09-15 00:00:00,JMFINANCIL,JM FINANCIAL LIMITED,124.80,125.70,120.10,121.21,124.47,-2.62,5.60,4.49,0.27,2800356,344933509.11,35051
2026-09-15 00:00:00,SHIPROCKET,SHIPROCKET LIMITED,134.39,134.39,125.85,127.82,133.99,-4.60,8.54,6.35,0.30,2797182,363189021.36,23643
2026-09-15 00:00:00,SHOPERSTOP,SHOPPERS STOP LIMITED,378.20,442.00,372.55,398.50,375.45,6.14,69.45,18.36,0.73,2756422,1158282733.50,88607
2026-09-15 00:00:00,MIDHANI,MISHRA DHATU NIGAM LTD,448.35,450.50,402.15,405.85,447.40,-9.29,48.35,10.78,0.21,2748265,1146376181.15,55647
2026-09-15 00:00:00,RAYMONDREL,RAYMOND REALTY LIMITED,600.05,615.00,575.00,584.00,583.55,0.08,40.00,6.67,2.83,2720847,1628661062.10,69375
2026-09-15 00:00:00,TEJASNET,TEJAS NETWORKS LIMITED,554.00,558.30,516.75,521.25,552.65,-5.68,41.55,7.50,0.24,2713607,1439920992.80,59064
2026-09-15 00:00:00,BELRISE,BELRISE INDUSTRIES LTD,228.59,232.56,226.00,226.66,228.00,-0.59,6.56,2.87,0.26,2660988,610862217.15,41547
2026-09-15 00:00:00,TEMPSENS,TEMPSENS INST (INDIA) LTD,589.00,592.00,517.25,523.65,584.80,-10.46,74.75,12.69,0.72,2634136,1435810057.90,59437
2026-09-15 00:00:00,XTRANET,XTRANET TECHNOLOGIES LTD,278.00,292.94,271.00,276.09,271.34,1.75,21.94,7.89,2.45,2631980,736977194.98,45991
2026-09-15 00:00:00,MARSONS,MARSONS LIMITED,128.00,129.00,121.00,121.30,127.24,-4.67,8.00,6.25,0.60,2630119,324300042.49,12728
2026-09-15 00:00:00,MONIFTY500,MOTILALAMC - MONIFTY500,24.11,24.11,23.09,23.19,23.53,-1.44,1.02,4.23,2.46,2616214,60795752.93,3330
2026-09-15 00:00:00,AGL,ALLCARGO GLOBAL LIMITED,15.14,15.23,14.01,14.23,15.13,-5.95,1.22,8.06,0.07,2608653,37768821.56,4057
2026-09-15 00:00:00,IBULLSLTD,INDIABULLS LIMITED,27.44,27.44,27.44,27.44,26.14,4.97,0.00,0.00,4.97,2593006,71152084.64,1849
2026-09-15 00:00:00,JINDALSAW,JINDAL SAW LIMITED,313.00,313.90,286.25,289.00,311.95,-7.36,27.65,8.83,0.34,2584168,766608064.45,50788
2026-09-15 00:00:00,TECHM,TECH MAHINDRA LIMITED,1588.00,1633.20,1575.90,1575.90,1541.00,2.26,57.30,3.61,3.05,2577135,4139003104.90,123110
2026-09-15 00:00:00,PATANJALI,PATANJALI FOODS LIMITED,341.00,342.40,335.75,338.55,341.00,-0.72,6.65,1.95,0.00,2567906,867580727.40,22890
2026-09-15 00:00:00,BIOCON,BIOCON LIMITED.,391.95,392.05,381.00,382.00,390.65,-2.21,11.05,2.82,0.33,2543144,981132626.05,34921
2026-09-15 00:00:00,ABCAPITAL,ADITYA BIRLA CAPITAL LTD.,395.15,396.80,378.80,378.80,395.00,-4.10,18.00,4.56,0.04,2529778,976663061.50,43358
2026-09-15 00:00:00,HINDPETRO,HINDUSTAN PETROLEUM CORP,352.65,355.20,344.20,345.30,352.00,-1.90,11.00,3.12,0.18,2494296,872101840.20,36050
2026-09-15 00:00:00,INDHOTEL,THE INDIAN HOTELS CO. LTD,724.00,737.75,710.85,715.00,718.50,-0.49,26.90,3.72,0.77,2423706,1758981805.05,42390
2026-09-15 00:00:00,ENGINERSIN,ENGINEERS INDIA LTD,270.00,273.00,261.60,262.45,268.95,-2.42,11.40,4.22,0.39,2408462,639346926.05,59518
2026-09-15 00:00:00,HINDZINC,HINDUSTAN ZINC LIMITED,574.95,574.95,560.90,560.90,576.45,-2.70,14.05,2.44,-0.26,2402454,1362855458.35,64983
2026-09-15 00:00:00,SHUKRAPHAR,SHUKRA PHARMACEUTICALS L,54.06,56.20,54.06,55.27,53.94,2.47,2.14,3.96,0.22,2366428,130750784.39,7424
2026-09-15 00:00:00,EXCELSOFT,EXCELSOFT TECHNOLOGIES L,81.05,84.70,76.15,77.63,81.03,-4.20,8.55,10.55,0.02,2340141,189574142.04,18670
2026-09-15 00:00:00,NYKAA,FSN E COMMERCE VENTURES,345.40,346.15,336.20,336.20,344.50,-2.41,9.95,2.88,0.26,2338555,799247528.25,33498
2026-09-15 00:00:00,MARKSANS,MARKSANS PHARMA LIMITED,330.00,331.40,301.10,312.85,329.40,-5.02,30.30,9.18,0.18,2298117,728978021.00,53798
2026-09-15 00:00:00,BECTORFOOD,MRS BECTORS FOOD SPE LTD,239.70,240.00,221.50,223.40,242.50,-7.88,18.50,7.72,-1.15,2295967,518869617.35,52052
2026-09-15 00:00:00,MUKKA,MUKKA PROTEINS LIMITED,33.00,33.29,30.95,31.39,32.17,-2.42,2.34,7.09,2.58,2284101,74083392.82,8722
2026-09-15 00:00:00,HINDALCO,HINDALCO  INDUSTRIES  LTD,980.10,981.00,958.70,958.70,981.50,-2.32,22.30,2.28,-0.14,2245506,2174882668.30,92323
2026-09-15 00:00:00,AEQUS,AEQUS LIMITED,229.00,234.00,220.00,221.52,225.97,-1.97,14.00,6.11,1.34,2201591,498031030.05,33775
2026-09-15 00:00:00,IOB,INDIAN OVERSEAS BANK,33.24,33.30,32.12,32.38,33.07,-2.09,1.18,3.55,0.51,2198392,71745695.90,13676
2026-09-15 00:00:00,M&M,MAHINDRA & MAHINDRA LTD,3114.60,3119.60,3029.50,3029.50,3107.00,-2.49,90.10,2.89,0.24,2176832,6704390069.80,112625
2026-09-15 00:00:00,IIFL,IIFL FINANCE LIMITED,599.00,599.00,573.30,581.05,600.60,-3.26,25.70,4.29,-0.27,2152091,1256335673.90,58307
2026-09-15 00:00:00,TEXRAIL,TEXMACO RAIL & ENG. LTD.,118.00,119.01,110.27,110.71,117.81,-6.03,8.74,7.41,0.16,2149805,243696040.62,19508
2026-09-15 00:00:00,LEMONTREE,LEMON TREE HOTELS LTD,104.75,105.13,102.30,102.58,104.78,-2.10,2.83,2.70,-0.03,2149510,222655634.01,28895
2026-09-15 00:00:00,VIKRAMSOLR,VIKRAM SOLAR LIMITED,167.06,168.62,162.84,163.46,166.86,-2.04,5.78,3.46,0.12,2131509,351561850.19,15861
2026-09-15 00:00:00,VINCOFE,VINTAGE COFFEE N BVRGS L,176.00,179.00,165.81,166.54,174.35,-4.48,13.19,7.49,0.95,2128186,361750427.18,20752
2026-09-15 00:00:00,PARADEEP,PARADEEP PHOSPHATES LTD,155.51,156.71,148.50,149.34,155.96,-4.24,8.21,5.28,-0.29,2126737,322907831.01,31994
2026-09-15 00:00:00,DEVYANI,DEVYANI INTERNATIONAL LTD,138.50,139.95,135.56,136.22,137.97,-1.27,4.39,3.17,0.38,2125386,290936800.75,35083
2026-09-15 00:00:00,RTNINDIA,RATTANINDIA ENT LIMITED,27.83,28.28,26.00,27.01,27.68,-2.42,2.28,8.19,0.54,2120638,57984242.98,6638
2026-09-15 00:00:00,GRANULES,GRANULES INDIA LIMITED,917.00,923.65,872.50,872.60,909.30,-4.04,51.15,5.58,0.85,2106282,1863125408.25,64730
2026-09-15 00:00:00,KAVDEFENCE,KAVVERI DFS & WIR TEC LTD,69.00,80.00,63.80,75.17,69.33,8.42,16.20,23.48,-0.48,2090584,155395056.59,18467
2026-09-15 00:00:00,CASTROLIND,CASTROL INDIA LIMITED,187.80,188.25,187.20,187.82,188.03,-0.11,1.05,0.56,-0.12,2080994,390812238.62,33735
2026-09-15 00:00:00,QUICKHEAL,QUICK HEAL TECH LTD,160.00,172.00,155.15,158.81,147.52,7.65,16.85,10.53,8.46,2076441,342799072.24,26919
2026-09-15 00:00:00,NTPCGREEN,NTPC GREEN ENERGY LIMITED,86.94,87.02,85.75,85.86,86.94,-1.24,1.27,1.46,0.00,2073084,178507639.43,24646
2026-09-15 00:00:00,CHENNPETRO,CHENNAI PETROLEUM CORP LT,1580.00,1583.20,1461.10,1471.80,1572.90,-6.43,122.10,7.73,0.45,2061830,3110770932.00,85784
2026-09-15 00:00:00,COCHINSHIP,COCHIN SHIPYARD LIMITED,1389.00,1389.00,1320.00,1325.00,1381.00,-4.06,69.00,4.97,0.58,1989625,2686054877.00,69513
2026-09-15 00:00:00,OPTIEMUS,OPTIEMUS INFRACOM LTD,569.60,622.10,567.85,604.95,566.25,6.83,54.25,9.52,0.59,1979704,1191437837.20,71271
2026-09-15 00:00:00,KARURVYSYA,KARUR VYSYA BANK LTD,333.80,339.90,322.75,324.45,333.80,-2.80,17.15,5.14,0.00,1975015,653726947.40,48676
2026-09-15 00:00:00,CAMS,COMPUTER AGE MNGT SER LTD,711.30,732.60,708.05,717.35,711.00,0.89,24.55,3.45,0.04,1973247,1420866137.75,49305
2026-09-15 00:00:00,SCI,SHIPPING CORP OF INDIA LT,281.00,281.85,268.00,269.05,280.60,-4.12,13.85,4.93,0.14,1967345,537590900.75,36763
2026-09-15 00:00:00,OIL,OIL INDIA LTD,494.40,494.40,483.00,485.60,489.80,-0.86,11.40,2.31,0.94,1967012,959641279.55,33818
2026-09-15 00:00:00,DHOOTTRANS,DHOOT TRANSMISSION LTD,1735.30,1735.30,1555.90,1555.90,1728.70,-10.00,179.40,10.34,0.38,1966272,3138847998.10,61069
2026-09-15 00:00:00,EPL,EPL LIMITED,240.65,240.80,234.50,235.90,239.30,-1.42,6.30,2.62,0.56,1961583,464393907.25,38667
2026-09-15 00:00:00,HATHWAY,HATHWAY CABLE & DATACOM,10.25,10.25,9.80,9.95,10.23,-2.74,0.45,4.39,0.20,1951309,19607565.23,3488
2026-09-15 00:00:00,TBZ,TRIB BHIMJI ZAVERI LTD,552.60,552.60,511.40,524.45,526.30,-0.35,41.20,7.46,5.00,1933695,1036008701.10,39120
2026-09-15 00:00:00,AEROENTER,AEROFLEX ENTERPRISES LTD,137.77,137.77,113.85,116.93,137.09,-14.71,23.92,17.36,0.50,1916380,235245555.38,26166
2026-09-15 00:00:00,NETWEB,NETWEB TECH INDIA LTD,4962.00,4977.50,4570.00,4614.00,5027.00,-8.22,407.50,8.21,-1.29,1907037,9017749497.50,165544
2026-09-15 00:00:00,SARVESHWAR,SARVESHWAR FOODS LIMITED,4.04,4.04,3.78,3.85,4.01,-3.99,0.26,6.44,0.75,1905933,7400050.39,2437
2026-09-15 00:00:00,PATELENG,PATEL ENGINEERING LTD.,27.65,27.65,26.00,26.08,26.61,-1.99,1.65,5.97,3.91,1903899,50360835.20,6898
2026-09-15 00:00:00,LLOYDSENT,LLOYDS ENTERPRISES LTD,70.00,70.33,67.28,67.64,69.79,-3.08,3.05,4.36,0.30,1887015,129452942.48,10447
2026-09-15 00:00:00,BSLNIFTY,ADITYBIRLA SL NIF ETF-GR,28.23,28.23,27.20,27.33,27.55,-0.80,1.03,3.65,2.47,1886384,51583958.76,8908
2026-09-15 00:00:00,PARACABLES,PARAMOUNT COMM LTD,65.00,65.29,61.00,61.31,64.87,-5.49,4.29,6.60,0.20,1879764,117178648.91,11378
2026-09-15 00:00:00,SKYWAYS,SKYWAYS AIR SERVICES LTD,117.00,117.50,110.31,111.29,116.01,-4.07,7.19,6.15,0.85,1875473,213737731.19,16241
2026-09-15 00:00:00,GRAPHITE,GRAPHITE INDIA LTD,825.50,830.00,776.05,781.50,825.80,-5.36,53.95,6.54,-0.04,1871773,1504553681.40,49108
2026-09-15 00:00:00,IRCON,IRCON INTERNATIONAL LTD,113.26,113.95,109.00,109.42,113.26,-3.39,4.95,4.37,0.00,1868607,207842193.31,33788
2026-09-15 00:00:00,LANDSMILL,LANDSMILL GREEN LIMITED,0.56,0.58,0.55,0.57,0.56,1.79,0.03,5.36,0.00,1865848,1067977.09,1373
2026-09-15 00:00:00,BLUECLOUDS,BLUE CLOUD SOFTECH SOLU L,19.35,20.47,19.05,19.19,19.13,0.31,1.42,7.34,1.15,1858911,36552818.66,5555
2026-09-15 00:00:00,ALPHA,KOTAKMAMC - KOTAKALPHA,54.07,54.24,51.95,52.18,54.06,-3.48,2.29,4.24,0.02,1858489,98146001.61,8073
2026-09-15 00:00:00,AVANTEL,AVANTEL LIMITED,156.46,159.00,143.00,144.50,156.46,-7.64,16.00,10.23,0.00,1853714,277594834.90,25176
2026-09-15 00:00:00,INA,INSOLATION ENERGY LIMITED,90.00,90.81,84.78,86.93,92.98,-6.51,6.03,6.70,-3.20,1853188,161676717.14,14108
2026-09-15 00:00:00,LT,LARSEN & TOUBRO LTD.,3959.00,3959.00,3835.70,3850.70,3930.70,-2.04,123.30,3.11,0.72,1848703,7142700025.70,125439
2026-09-15 00:00:00,AEROFLEX,AEROFLEX INDUSTRIES LTD,565.40,567.45,507.60,507.60,563.95,-9.99,59.85,10.59,0.26,1836440,945913159.70,29038
2026-09-15 00:00:00,BEPL,BHANSALI ENG. POLYMERS LT,128.80,129.30,120.00,120.69,128.08,-5.77,9.30,7.22,0.56,1830786,224923589.05,15124
2026-09-15 00:00:00,GPIL,GODAWARI POW & ISP LTD,244.95,245.51,235.20,237.16,244.45,-2.98,10.31,4.21,0.20,1827411,435609704.92,25872
2026-09-15 00:00:00,TATACHEM,TATA CHEMICALS LTD,734.90,734.90,734.90,734.90,612.45,19.99,0.00,0.00,19.99,1823658,1340206264.20,15456
2026-09-15 00:00:00,TRITURBINE,TRIVENI TURBINE LIMITED,567.10,569.65,535.65,546.90,569.65,-3.99,34.00,6.00,-0.45,1820501,993837474.80,168949
2026-09-15 00:00:00,HDFCNIFTY,HDFCAMC - HDFCNIFTY,257.19,266.79,257.19,261.49,263.79,-0.87,9.60,3.73,-2.50,1811012,474957890.75,3491
2026-09-15 00:00:00,DRREDDY,DR. REDDY S LABORATORIES,1163.70,1168.50,1141.00,1145.00,1165.50,-1.76,27.50,2.36,-0.15,1810974,2092589544.10,61378
2026-09-15 00:00:00,PFOCUS,PRIME FOCUS LIMITED,310.95,323.70,310.10,319.00,310.85,2.62,13.60,4.37,0.03,1807027,576141363.65,35204
2026-09-15 00:00:00,ANANTRAJ,ANANT RAJ LIMITED,601.05,605.30,583.05,585.90,598.35,-2.08,22.25,3.70,0.45,1793456,1065746664.70,32622
2026-09-15 00:00:00,ADANIENT,ADANI ENTERPRISES LIMITED,3080.00,3083.70,2921.30,2928.60,3060.00,-4.29,162.40,5.27,0.65,1783310,5303899695.60,77398
2026-09-15 00:00:00,BLACKBUCK,BLACKBUCK LIMITED,641.00,644.00,609.25,611.90,628.15,-2.59,34.75,5.42,2.05,1773025,1115030202.65,61673
2026-09-15 00:00:00,MVELECTRO,MV ELECTROSYSTEMS LIMITED,856.00,856.00,757.55,777.00,841.70,-7.69,98.45,11.50,1.70,1768387,1425290849.20,43017
2026-09-15 00:00:00,WEBELSOLAR,WEBSOL ENERGY SYSTEM LTD,75.33,75.80,72.10,72.75,75.84,-4.07,3.70,4.91,-0.67,1752314,129557580.32,12357
2026-09-15 00:00:00,SBICARD,SBI CARDS & PAY SER LTD,652.10,655.75,617.10,618.60,655.20,-5.59,38.65,5.93,-0.47,1751822,1102224096.40,43216
2026-09-15 00:00:00,EQUITASBNK,EQUITAS SMALL FIN BNK LTD,73.04,73.55,71.05,71.35,73.15,-2.46,2.50,3.42,-0.15,1749775,126039915.93,19891
2026-09-15 00:00:00,ZEEMEDIA,ZEE MEDIA CORPORATION LTD,7.50,7.56,7.25,7.27,7.43,-2.15,0.31,4.13,0.94,1749367,12824899.41,1751
2026-09-15 00:00:00,MCX,MULTI COMMODITY EXCHANGE,3265.00,3267.60,3156.40,3173.50,3276.00,-3.13,111.20,3.41,-0.34,1746940,5579971014.60,125726
2026-09-15 00:00:00,MANINFRA,MAN INFRA LTD,127.48,127.48,122.89,124.83,126.87,-1.61,4.59,3.60,0.48,1734690,216091230.43,11594
2026-09-15 00:00:00,MANALIPETC,MANALI PETROCHEMICALS LT,84.93,87.40,79.00,80.19,84.93,-5.58,8.40,9.89,0.00,1729990,141445475.27,13157
2026-09-15 00:00:00,SSWL,STEEL STRIPS WHEELS LTD.,370.00,370.00,336.00,339.00,370.65,-8.54,34.00,9.19,-0.18,1724329,598063770.55,43626
2026-09-15 00:00:00,TIMETECHNO,TIME TECHNOPLAST LTD.,180.80,181.79,176.00,176.30,180.80,-2.49,5.79,3.20,0.00,1721801,308879903.24,17609
2026-09-15 00:00:00,CESC,CESC LTD,146.00,146.76,141.10,141.70,145.37,-2.52,5.66,3.88,0.43,1720693,246948698.70,27331
2026-09-15 00:00:00,NAUKRI,INFO EDGE (I) LTD,1268.10,1310.00,1261.50,1261.50,1250.80,0.86,48.50,3.82,1.38,1716983,2203145368.30,57023
2026-09-15 00:00:00,HINDUNILVR,HINDUSTAN UNILEVER LTD.,1944.00,1969.40,1933.80,1938.10,1927.00,0.58,35.60,1.83,0.88,1715702,3355645993.20,59743
2026-09-15 00:00:00,GROWWSLVR,GROWWAMC - GROWWSLVR,22.03,22.21,21.92,22.00,22.20,-0.90,0.29,1.32,-0.77,1709364,37727108.04,3710
2026-09-15 00:00:00,CHOLAFIN,CHOLAMANDALAM IN & FIN CO,1834.80,1842.00,1784.20,1791.60,1845.90,-2.94,57.80,3.15,-0.60,1709145,3079372133.30,55394
2026-09-15 00:00:00,SJVN,SJVN LTD,66.17,66.77,64.38,64.58,66.18,-2.42,2.39,3.61,-0.02,1708205,111193365.30,17689
2026-09-15 00:00:00,MOMMIDCAP,MIRAEAMC - MOMMIDCAP,12.96,13.13,12.56,12.58,12.99,-3.16,0.57,4.40,-0.23,1704461,21647438.35,1666
2026-09-15 00:00:00,NEWGEN,NEWGEN SOFTWARE TECH LTD,512.00,528.60,498.00,499.35,501.40,-0.41,30.60,5.98,2.11,1695640,875124296.85,48798
2026-09-15 00:00:00,MCLOUD,MAGELLANIC CLOUD LIMITED,25.67,27.10,25.55,25.58,25.67,-0.35,1.55,6.04,0.00,1685258,43971330.59,5742
2026-09-15 00:00:00,SWSOLAR,STRLNG & WIL REN ENE LTD,184.70,187.58,173.01,174.30,180.22,-3.28,14.57,7.89,2.49,1684846,304165374.89,21475
2026-09-15 00:00:00,CMPDI,CENTRAL MINE P N D INST L,216.70,217.90,202.00,203.74,215.23,-5.34,15.90,7.34,0.68,1650955,343665109.82,28910
2026-09-15 00:00:00,GENUSPOWER,GENUS POWER INFRASTRU LTD,323.95,325.30,301.10,306.50,323.10,-5.14,24.20,7.47,0.26,1644408,513465838.95,29709
2026-09-15 00:00:00,EXICOM,EXICOM TELE SYSTEMS LTD,183.20,184.34,167.00,168.43,182.28,-7.60,17.34,9.47,0.50,1644397,286300578.34,21457
2026-09-15 00:00:00,SAMBHV,SAMBHV STEEL TUBES LTD,131.60,132.00,128.32,128.96,131.08,-1.62,3.68,2.80,0.40,1638704,212622765.78,13807
2026-09-15 00:00:00,SONACOMS,SONA BLW PRECISION FRGS L,788.00,793.90,777.45,790.00,788.00,0.25,16.45,2.09,0.00,1635076,1287956127.15,26487
2026-09-15 00:00:00,ADANIPORTS,ADANI PORT & SEZ LTD,1791.40,1791.40,1713.80,1713.80,1764.60,-2.88,77.60,4.33,1.52,1610729,2806377604.90,60024
2026-09-15 00:00:00,PTC,PTC INDIA LIMITED,154.00,155.55,152.05,152.41,152.78,-0.24,3.50,2.27,0.80,1610691,246779651.27,24388
2026-09-15 00:00:00,VIKASLIFE,VIKAS LIFECARE LIMITED,1.22,1.23,1.20,1.21,1.22,-0.82,0.03,2.46,0.00,1607155,1944294.77,8377
2026-09-15 00:00:00,BALAJITELE,BALAJI TELEFILMS LIMITED.,90.71,98.00,90.51,95.48,90.63,5.35,7.49,8.26,0.09,1605822,153826653.60,14623
2026-09-15 00:00:00,NESTLEIND,NESTLE INDIA LIMITED,1383.30,1395.00,1362.00,1362.00,1383.30,-1.54,33.00,2.39,0.00,1597455,2196401584.80,73893
2026-09-15 00:00:00,UPL,UPL LIMITED,573.40,575.95,558.00,560.80,572.95,-2.12,17.95,3.13,0.08,1588857,898526026.50,34540
2026-09-15 00:00:00,ARVIND,ARVIND LIMITED,578.80,597.90,542.25,550.60,575.10,-4.26,55.65,9.61,0.64,1581072,902930265.35,69913
2026-09-15 00:00:00,TATACONSUM,TATA CONSUMER PRODUCT LTD,990.10,1009.30,986.00,986.10,991.00,-0.49,23.30,2.35,-0.09,1567952,1563028902.20,42724
2026-09-15 00:00:00,SUMEETINDS,SUMEET IND LIMITED,10.80,10.82,10.24,10.24,10.77,-4.92,0.58,5.37,0.28,1550724,16121961.77,1846
2026-09-15 00:00:00,EMUDHRA,EMUDHRA LIMITED,535.00,592.85,531.00,592.85,494.05,20.00,61.85,11.56,8.29,1550701,904287167.70,27013
2026-09-15 00:00:00,PARAGMILK,PARAG MILK FOODS LTD.,269.00,276.75,250.00,252.15,268.50,-6.09,26.75,9.94,0.19,1542890,399894549.00,26019
2026-09-15 00:00:00,FEDDERSHOL,FEDDERS HOLDING LTD.,49.65,49.90,49.01,49.14,48.51,1.30,0.89,1.79,2.35,1540025,76025856.34,5603
2026-09-15 00:00:00,LAURUSLABS,LAURUS LABS LIMITED,1975.00,1981.00,1915.60,1926.90,1969.00,-2.14,65.40,3.31,0.30,1538262,2980735743.50,45711
2026-09-15 00:00:00,EXIDEIND,EXIDE INDUSTRIES LTD,412.65,417.95,405.10,409.20,412.65,-0.84,12.85,3.11,0.00,1537472,635741215.00,45216
2026-09-15 00:00:00,MARICO,MARICO LIMITED,809.65,809.80,791.25,791.25,802.10,-1.35,18.55,2.29,0.94,1533193,1224949462.90,73976
2026-09-15 00:00:00,INDUSINDBK,INDUSIND BANK LIMITED,978.20,984.50,955.00,956.50,978.20,-2.22,29.50,3.02,0.00,1511601,1457642068.40,55410
2026-09-15 00:00:00,BBOX,BLACK BOX LIMITED,815.00,834.35,727.10,745.80,800.80,-6.87,107.25,13.16,1.77,1510478,1184612996.55,66216
2026-09-15 00:00:00,INOXGREEN,INOX GREEN ENERGY SER LTD,177.92,177.92,169.66,173.22,178.21,-2.80,8.26,4.64,-0.16,1508686,261313804.19,11303
2026-09-15 00:00:00,ANDHRAPAP,ANDHRA PAPER LIMITED,73.36,75.00,71.00,71.64,73.36,-2.34,4.00,5.45,0.00,1506455,110042100.77,9894
2026-09-15 00:00:00,TECHNOCRAF,TECHNOCRAFT VENTURES LTD,440.25,446.05,414.90,424.35,442.30,-4.06,31.15,7.08,-0.46,1500330,644528444.45,33686
2026-09-15 00:00:00,CROMPTON,CROMPT GREA CON ELEC LTD,231.00,231.60,226.11,226.15,231.00,-2.10,5.49,2.38,0.00,1492514,340268142.41,29208
2026-09-15 00:00:00,LODHA,LODHA DEVELOPERS LIMITED,1128.00,1128.00,1064.80,1064.80,1116.90,-4.66,63.20,5.60,0.99,1480215,1611647880.90,42384
2026-09-15 00:00:00,HUDCO,HSG & URBAN DEV CORPN LTD,173.00,174.75,168.50,168.92,172.76,-2.22,6.25,3.61,0.14,1454761,247980167.97,27132
2026-09-15 00:00:00,AMDIND,AMD INDUSTRIES LIMITED,66.29,74.39,65.80,69.64,64.03,8.76,8.59,12.96,3.53,1440694,102091599.20,17696
2026-09-15 00:00:00,INDOMIM,INDO-MIM LIMITED,1026.00,1026.00,960.10,975.65,1018.20,-4.18,65.90,6.42,0.77,1440023,1425020462.85,56087
2026-09-15 00:00:00,SUNPHARMA,SUN PHARMACEUTICAL IND L,1854.60,1856.80,1828.00,1835.00,1840.00,-0.27,28.80,1.55,0.79,1437151,2645882089.40,101840
2026-09-15 00:00:00,GROWWRLTY,GROWWAMC - GROWWRLTY,9.69,9.69,9.16,9.22,9.53,-3.25,0.53,5.47,1.68,1423895,13273824.42,1702
2026-09-15 00:00:00,JISLJALEQS,JAIN IRRIGATION SYSTEMS,29.70,29.83,29.15,29.23,29.71,-1.62,0.68,2.29,-0.03,1419781,41623590.61,3766
2026-09-15 00:00:00,HDFCMID150,HDFCAMC - HDFCMID150,23.33,23.33,22.63,22.71,23.13,-1.82,0.70,3.00,0.86,1419493,32502560.32,2659
2026-09-15 00:00:00,NIVABUPA,NIVA BUPA HEALTH INS CO L,79.92,83.90,79.63,81.50,79.93,1.96,4.27,5.34,-0.01,1416460,114745679.38,13849
2026-09-15 00:00:00,NCC,NCC LIMITED,141.33,142.23,136.60,137.33,140.94,-2.56,5.63,3.98,0.28,1413062,196550939.67,21116
2026-09-15 00:00:00,CMSINFO,CMS INFO SYSTEMS LIMITED,224.98,236.90,220.99,222.91,224.38,-0.66,15.91,7.07,0.27,1409704,321232925.50,21336
2026-09-15 00:00:00,ESSENTIA,INTEGRA ESSENTIA LIMITED,1.06,1.07,1.04,1.04,1.06,-1.89,0.03,2.83,0.00,1407735,1484448.23,847
2026-09-15 00:00:00,SHAH,SHAH METACORP LIMITED,3.50,3.50,3.19,3.35,3.51,-4.56,0.31,8.86,-0.28,1406837,4734073.11,1158
2026-09-15 00:00:00,ALGOQUANT,ALGOQUANT FINTECH LIMITED,64.61,66.59,63.50,64.13,64.61,-0.74,3.09,4.78,0.00,1404240,90620888.40,3529
2026-09-15 00:00:00,EMIL,ELECTRONICS MART IND LTD,190.49,191.82,183.50,185.06,188.38,-1.76,8.32,4.37,1.12,1398144,259836318.69,31940
2026-09-15 00:00:00,DATAMATICS,DATAMATICS GLOBAL SER LTD,764.50,857.50,755.50,766.25,760.20,0.80,102.00,13.34,0.57,1393528,1129069819.75,67021
2026-09-15 00:00:00,MAHKTECH,MIRAEAMC - MAHKTECH,22.58,22.80,21.60,21.74,22.03,-1.32,1.20,5.31,2.50,1392067,30525019.72,9876
2026-09-15 00:00:00,DBREALTY,VALOR ESTATE LIMITED,97.80,100.50,95.70,96.96,97.79,-0.85,4.80,4.91,0.01,1376663,134058363.92,12181
2026-09-15 00:00:00,M&MFIN,M&M FIN. SERVICES LTD,356.15,358.75,341.00,342.30,356.15,-3.89,17.75,4.98,0.00,1375707,475731405.55,37453
2026-09-15 00:00:00,AMBUJACEM,AMBUJA CEMENTS LTD,392.60,393.85,380.10,381.75,391.85,-2.58,13.75,3.50,0.19,1367462,527542444.05,28941
2026-09-15 00:00:00,ELECTCAST,ELECTROSTEEL CASTINGS LTD,77.50,78.20,74.66,75.23,77.62,-3.08,3.54,4.57,-0.15,1365788,103452290.30,12246
2026-09-15 00:00:00,GUJENERGY,GUJARAT ENERGY LIMITED,241.98,246.80,241.98,243.56,241.59,0.82,4.82,1.99,0.16,1350191,330660131.86,40361
2026-09-15 00:00:00,NLCINDIA,NLC INDIA LIMITED,264.45,266.40,256.30,261.05,264.40,-1.27,10.10,3.82,0.02,1337838,349445094.25,30188
2026-09-15 00:00:00,GRASIM,GRASIM INDUSTRIES LTD,3263.30,3272.00,3171.00,3171.00,3281.90,-3.38,101.00,3.10,-0.57,1332882,4266909726.70,62025
2026-09-15 00:00:00,RADHIKAJWE,RADHIKA JEWELTECH LIMITED,84.00,85.99,73.61,75.47,83.21,-9.30,12.38,14.74,0.95,1325850,104501394.23,13799
2026-09-15 00:00:00,ARIS,ARISINFRA SOLUTIONS LTD,125.25,127.26,119.15,120.63,125.46,-3.85,8.11,6.48,-0.17,1323454,163538276.98,9267
2026-09-15 00:00:00,FCSSOFT,FCS SOFTWARE SOLN. LTD.,1.46,1.47,1.42,1.42,1.44,-1.39,0.05,3.42,1.39,1322981,1907974.40,1545
2026-09-15 00:00:00,SYMBIOTEC,SYMBIOTEC PHARMALAB LTD,1133.50,1174.90,1070.05,1080.10,1133.45,-4.71,104.85,9.25,0.00,1313080,1466633018.30,65930
2026-09-15 00:00:00,GROWWNIFTY,GROWWAMC - GROWWNIFTY,9.52,9.65,9.35,9.41,9.49,-0.84,0.30,3.15,0.32,1309024,12367776.56,6074
2026-09-15 00:00:00,TENNIND,TENNECO CLEAN AIR INDIA L,521.00,532.80,510.25,512.90,506.35,1.29,22.55,4.33,2.89,1307869,681355775.25,57057
2026-09-15 00:00:00,EBGNG,GNG ELECTRONICS LIMITED,690.00,712.00,666.10,671.45,679.65,-1.21,45.90,6.65,1.52,1306597,899472518.60,49643
2026-09-15 00:00:00,SOLARINDS,SOLAR INDUSTRIES (I) LTD,22320.00,22700.00,19065.00,19250.00,22290.00,-13.64,3635.00,16.29,0.13,1304570,26306072715.00,195264
2026-09-15 00:00:00,CSM,CSM TECHNOLOGIES LIMITED,83.44,95.00,81.59,89.85,83.44,7.68,13.41,16.07,0.00,1303153,115182146.73,16566
2026-09-15 00:00:00,GHCLTEXTIL,GHCL TEXTILES LIMITED,131.80,132.08,118.11,119.62,130.76,-8.52,13.97,10.60,0.80,1302642,160870720.98,15053
2026-09-15 00:00:00,MASTERTR,MASTER TRUST LIMITED,89.25,90.38,83.45,87.55,90.61,-3.38,6.93,7.76,-1.50,1302449,112947836.56,11433
2026-09-15 00:00:00,BDL,BHARAT DYNAMICS LIMITED,1191.00,1194.60,1123.00,1135.00,1190.00,-4.62,71.60,6.01,0.08,1293584,1486932703.00,56924
2026-09-15 00:00:00,NOCIL,NOCIL LIMITED,191.61,192.00,182.15,183.60,189.65,-3.19,9.85,5.14,1.03,1291473,241783842.84,13757
2026-09-15 00:00:00,VIKASECO,VIKAS ECOTECH LIMITED,1.05,1.07,1.05,1.05,1.05,0.00,0.02,1.90,0.00,1278805,1349936.74,1274
2026-09-15 00:00:00,PARAS,PARAS DEF AND SPCE TECH L,1437.00,1443.70,1306.00,1339.20,1435.60,-6.71,137.70,9.58,0.10,1276494,1735286814.20,60703
2026-09-15 00:00:00,FINCABLES,FINOLEX CABLES LTD,1420.00,1421.60,1326.40,1339.90,1424.00,-5.91,95.20,6.70,-0.28,1266116,1731608861.60,63170
2026-09-15 00:00:00,CDSL,CENTRAL DEPO SER (I) LTD,1360.00,1361.30,1302.50,1311.00,1360.00,-3.60,58.80,4.32,0.00,1265342,1677753480.70,53148
2026-09-15 00:00:00,CUB,CITY UNION BANK LTD,227.32,231.00,223.25,225.78,227.32,-0.68,7.75,3.41,0.00,1260751,287686826.79,31448
2026-09-15 00:00:00,BLS,BLS INTL SERVS LTD,231.59,242.15,227.49,228.51,231.58,-1.33,14.66,6.33,0.00,1252796,293992705.43,22950
2026-09-15 00:00:00,SMCGLOBAL,SMC GLOBAL SECURITIES LTD,86.47,87.29,81.16,81.94,86.00,-4.72,6.13,7.09,0.55,1251208,104676490.20,13013
2026-09-15 00:00:00,RBLBANK,RBL BANK LIMITED,412.65,414.30,402.15,403.60,412.55,-2.17,12.15,2.94,0.02,1249135,507274460.95,17579
2026-09-15 00:00:00,IVC,IL&FS INVESTMENT MANAGERS,8.58,8.58,7.78,7.92,9.11,-13.06,0.80,9.32,-5.82,1241350,9985213.83,3046
2026-09-15 00:00:00,NAM-INDIA,NIPPON L I A M LTD,1184.00,1194.40,1153.10,1153.10,1189.60,-3.07,41.30,3.49,-0.47,1238154,1460754570.00,115150
2026-09-15 00:00:00,TATACAP,TATA CAPITAL LIMITED,365.00,365.00,350.95,353.35,362.90,-2.63,14.05,3.85,0.58,1237142,441469828.55,43038
2026-09-15 00:00:00,TATATECH,TATA TECHNOLOGIES LIMITED,772.70,789.95,752.25,759.30,762.15,-0.37,37.70,4.88,1.38,1235230,956566916.90,57292
2026-09-15 00:00:00,MARINE,MARINE ELECTRICAL (I) LTD,422.00,426.55,373.30,376.75,419.15,-10.12,53.25,12.62,0.68,1230221,479051928.75,52256
2026-09-15 00:00:00,CIPLA,CIPLA LTD,1355.00,1362.70,1347.70,1351.00,1366.00,-1.10,15.00,1.11,-0.81,1225305,1660047265.70,77711
2026-09-15 00:00:00,RGL,RENAISSANCE GLOBAL LTD,157.30,163.45,151.20,151.77,155.49,-2.39,12.25,7.79,1.16,1223848,192077431.07,21371
2026-09-15 00:00:00,MERCURYEV,MERCURY EV-TECH LIMITED,42.60,43.99,40.70,40.87,41.86,-2.37,3.29,7.72,1.77,1209534,50945386.41,4665
2026-09-15 00:00:00,MBAPL,MADHYA BHARAT AGRO P. LTD,161.99,163.10,153.98,155.82,160.87,-3.14,9.12,5.63,0.70,1205876,189222825.45,10537
2026-09-15 00:00:00,ELLEN,ELLENBARRIE INDUS GASES L,382.05,382.45,351.10,355.10,380.20,-6.60,31.35,8.21,0.49,1197962,433930736.80,31081
2026-09-15 00:00:00,UGARSUGAR,THE UGAR SUGAR WORKS LTD,54.60,57.50,52.36,53.22,54.30,-1.99,5.14,9.41,0.55,1194220,65967447.86,9445
2026-09-15 00:00:00,GESHIP,THE GE SHPG.LTD,1415.00,1415.00,1375.00,1390.40,1412.20,-1.54,40.00,2.83,0.20,1189720,1664557285.90,73431
2026-09-15 00:00:00,ARIHANTCAP,ARIHANT CAPITAL MKTS LTD,79.47,83.00,79.13,81.45,79.00,3.10,3.87,4.87,0.59,1185062,96672140.52,10814
2026-09-15 00:00:00,GCSL,GRETEX CORPORATE SERVICES,604.75,610.90,588.35,601.55,600.70,0.14,22.55,3.73,0.67,1181049,709601976.55,7881
2026-09-15 00:00:00,SYRMA,SYRMA SGS TECHNOLOGY LTD,1613.70,1614.00,1500.30,1507.70,1589.30,-5.13,113.70,7.05,1.54,1180574,1814291515.80,62086
2026-09-15 00:00:00,ZAGGLE,ZAGGLE PREPA OCEAN SER L,188.52,188.54,178.42,179.41,187.00,-4.06,10.12,5.37,0.81,1178475,213850143.83,14612
2026-09-15 00:00:00,MPHASIS,MPHASIS LIMITED,2353.00,2461.10,2353.00,2378.00,2295.00,3.62,108.10,4.59,2.53,1176828,2828006248.40,86231
2026-09-15 00:00:00,GODREJCP,GODREJ CONSUMER PRODUCTS,867.00,877.00,856.60,857.00,865.00,-0.92,20.40,2.35,0.23,1176819,1022220002.20,25602
2026-09-15 00:00:00,VAKRANGEE,VAKRANGEE LIMITED,5.44,5.45,5.24,5.27,5.37,-1.86,0.21,3.86,1.30,1176438,6231098.06,2123
2026-09-15 00:00:00,PETRONET,PETRONET LNG LIMITED,287.05,288.40,280.50,283.95,287.20,-1.13,7.90,2.75,-0.05,1170508,332745184.05,26473
2026-09-15 00:00:00,HAPPSTMNDS,HAPPIEST MINDS TECHNO LTD,336.05,343.70,324.10,325.60,332.35,-2.03,19.60,5.83,1.11,1167686,390378075.00,28457
2026-09-15 00:00:00,TARIL,TRANS & RECTI. LTD,289.85,290.65,276.60,277.95,288.50,-3.66,14.05,4.85,0.47,1167264,329946801.25,27733
2026-09-15 00:00:00,LATENTVIEW,LATENT VIEW ANALYTICS LTD,254.05,264.80,251.70,252.90,252.45,0.18,13.10,5.16,0.63,1164017,301878754.90,24793
2026-09-15 00:00:00,PDMJEPAPER,PUDUMJEE PAPER PRO. LTD,97.85,107.49,95.15,96.81,97.70,-0.91,12.34,12.61,0.15,1160437,117988493.61,14644
2026-09-15 00:00:00,GMMPFAUDLR,GMM PFAUDLER LIMITED,1325.00,1384.80,1323.70,1348.00,1307.90,3.07,61.10,4.61,1.31,1157001,1570784775.90,70256
2026-09-15 00:00:00,LASERPOWER,LASER POWER & INFRA LTD,289.80,290.55,267.60,271.90,289.75,-6.16,22.95,7.92,0.02,1156486,318059152.00,14939
2026-09-15 00:00:00,AYE,AYE FINANCE LIMITED,185.00,189.28,176.11,177.25,179.46,-1.23,13.17,7.12,3.09,1154930,210936689.44,19664
2026-09-15 00:00:00,AWL,AWL AGRI BUSINESS LIMITED,185.50,185.94,181.05,183.14,185.02,-1.02,4.89,2.64,0.26,1154132,211413580.40,22121
2026-09-15 00:00:00,MOSCHIP,MOSCHIP TECHNOLOGIES LTD,210.35,211.70,202.00,203.02,210.29,-3.46,9.70,4.61,0.03,1146326,236335814.20,19584
2026-09-15 00:00:00,DISHTV,DISH TV INDIA LTD.,2.59,2.62,2.57,2.62,2.50,4.80,0.05,1.93,3.60,1142262,2987937.09,770
2026-09-15 00:00:00,ITCHOTELS,ITC HOTELS LIMITED,153.60,155.25,152.00,152.22,153.69,-0.96,3.25,2.12,-0.06,1141335,175037161.83,19040
2026-09-15 00:00:00,SBILIFE,SBI LIFE INSURANCE CO LTD,1672.10,1683.10,1652.90,1654.10,1684.70,-1.82,30.20,1.81,-0.75,1139205,1893849052.90,46830
2026-09-15 00:00:00,SPCENET,SPACENET ENTERS IND LTD,3.38,3.43,3.20,3.27,3.39,-3.54,0.23,6.80,-0.29,1132328,3711851.41,830
2026-09-15 00:00:00,ANTELOPUS,ANTELOPUS SELAN ENRGY LTD,1146.10,1173.15,1036.95,1057.80,1139.35,-7.16,136.20,11.88,0.59,1129576,1250972803.65,38516
2026-09-15 00:00:00,SANDUMA,SANDUR MANG & IRON ORES L,191.01,191.99,181.20,181.98,190.35,-4.40,10.79,5.65,0.35,1127169,207523184.65,20627
2026-09-15 00:00:00,ORIENTHOT,ORIENT HOTELS LTD,142.18,144.00,138.50,138.98,141.35,-1.68,5.50,3.87,0.59,1117544,157523966.68,7982
2026-09-15 00:00:00,BTML,BODHI TREE MULTIMEDIA LTD,7.68,8.00,6.42,7.62,7.48,1.87,1.58,20.57,2.67,1112013,7977098.20,1410
2026-09-15 00:00:00,GVT&D,GE VERNOVA T&D INDIA LTD,4520.00,4520.00,4191.60,4246.90,4548.10,-6.62,328.40,7.27,-0.62,1106490,4762625906.80,97820
2026-09-15 00:00:00,ROLEXRINGS,ROLEX RINGS LIMITED,173.64,176.00,164.92,166.47,171.37,-2.86,11.08,6.38,1.32,1102758,187705038.09,20223
2026-09-15 00:00:00,DATAPATTNS,DATA PATTERNS INDIA LTD,4829.00,4829.00,4306.00,4358.80,4829.20,-9.74,523.00,10.83,-0.00,1100262,4963301122.90,126524
2026-09-15 00:00:00,RALLIS,RALLIS INDIA LTD,204.15,208.50,199.50,200.82,201.99,-0.58,9.00,4.41,1.07,1097997,224033882.92,20301
2026-09-15 00:00:00,HBLENGINE,HBL ENGINEERING LTD,725.00,725.20,706.00,720.15,722.20,-0.28,19.20,2.65,0.39,1095218,785911163.55,32106
2026-09-15 00:00:00,SKIPPER,SKIPPER LIMITED,557.50,557.80,531.00,534.15,551.55,-3.15,26.80,4.81,1.08,1092523,590353151.70,30626
2026-09-15 00:00:00,ARFIN,ARFIN INDIA LIMITED,85.30,86.51,82.02,82.72,85.98,-3.79,4.49,5.26,-0.79,1085971,91022267.58,4697
2026-09-15 00:00:00,BALRAMCHIN,BALRAMPUR CHINI MILLS LTD,697.30,698.00,667.55,677.10,691.40,-2.07,30.45,4.37,0.85,1081870,738783928.45,27562
2026-09-15 00:00:00,SBIFUNDS,SBI FUNDS MANAGEMENT LTD,545.80,549.00,533.10,536.50,544.30,-1.43,15.90,2.91,0.28,1079997,580139431.85,74142
2026-09-15 00:00:00,MASPTOP50,MIRAEAMC - MASPTOP50,96.31,100.48,93.97,95.31,93.97,1.43,6.51,6.76,2.49,1078493,104332991.51,13208
2026-09-15 00:00:00,MOMENTUM50,MOTILALAMC - MOMENTUM50,55.47,55.47,52.46,52.63,54.52,-3.47,3.01,5.43,1.74,1075624,57205741.83,19548
2026-09-15 00:00:00,GODREJPROP,GODREJ PROPERTIES LTD,1754.00,1759.70,1657.40,1659.30,1748.00,-5.07,102.30,5.83,0.34,1071741,1807427550.80,49572
2026-09-15 00:00:00,MTNL,MAHANAGAR TELEPHONE NIGAM,24.94,25.12,23.62,23.70,24.74,-4.20,1.50,6.01,0.81,1071039,26014173.76,4582
2026-09-15 00:00:00,RCF,RASHTRIYA CHEMICALS & FER,112.36,112.57,108.20,108.59,111.45,-2.57,4.37,3.89,0.82,1070656,117695539.11,10292
2026-09-15 00:00:00,IGL,INDRAPRASTHA GAS LTD,151.98,152.42,149.00,150.03,151.98,-1.28,3.42,2.25,0.00,1069089,161571427.76,28957
2026-09-15 00:00:00,ONIDA,ONIDA ELECTRONICS LIMITED,32.00,33.78,32.00,33.33,32.18,3.57,1.78,5.56,-0.56,1068890,35646317.38,2830
2026-09-15 00:00:00,GSFC,GUJ STATE FERT & CHEM LTD,155.80,156.50,150.85,151.55,155.95,-2.82,5.65,3.63,-0.10,1068484,163407151.92,12937
2026-09-15 00:00:00,NDL,NANDAN DENIM LIMITED,2.87,2.88,2.65,2.75,2.86,-3.85,0.23,8.01,0.35,1065293,2952289.65,1619
2026-09-15 00:00:00,ROSSTECH,ROSSELL TECHSYS LIMITED,1234.90,1308.20,1211.80,1265.40,1214.30,4.21,96.40,7.81,1.70,1062808,1358883842.20,68922
2026-09-15 00:00:00,GROWWRAIL,GROWWAMC - GROWWRAIL,27.58,27.58,26.71,26.86,27.32,-1.68,0.87,3.15,0.95,1062100,28658458.26,4424
2026-09-15 00:00:00,NILASPACES,NILA SPACES LIMITED,12.28,12.56,12.00,12.23,12.28,-0.41,0.56,4.56,0.00,1058264,12953296.03,1933
2026-09-15 00:00:00,DEFENCE,MIRAEAMC - DEFENCE,83.56,83.56,76.50,76.88,81.92,-6.15,7.06,8.45,2.00,1049090,81911555.76,4272
2026-09-15 00:00:00,NORTHARC,NORTHERN ARC CAPITAL LTD,305.90,308.20,292.00,294.20,305.10,-3.57,16.20,5.30,0.26,1045895,310145907.40,19080
2026-09-15 00:00:00,APTUS,APTUS VALUE HSG FIN I LTD,249.01,249.66,240.40,244.83,249.11,-1.72,9.26,3.72,-0.04,1042351,254422090.21,25725
2026-09-15 00:00:00,ASTERDM,ASTER DM QUALITY CARE LTD,762.95,762.95,738.00,741.25,763.05,-2.86,24.95,3.27,-0.01,1030702,771717112.60,61817
2026-09-15 00:00:00,GRMOVER,GRM OVERSEAS LIMITED,84.50,85.90,82.00,82.70,84.45,-2.07,3.90,4.62,0.06,1030464,85869071.63,15036
2026-09-15 00:00:00,JSWSTEEL,JSW STEEL LIMITED,1265.00,1267.70,1229.20,1229.20,1265.00,-2.83,38.50,3.04,0.00,1030088,1284016822.50,76625
2026-09-15 00:00:00,MANINDS,MAN INDUSTRIES (I) LTD.,866.10,866.65,802.60,808.20,866.10,-6.69,64.05,7.40,0.00,1027095,846031569.50,41806
2026-09-15 00:00:00,BIRLACABLE,BIRLA CABLE LIMITED,384.95,411.95,372.75,377.95,392.35,-3.67,39.20,10.18,-1.89,1025099,404260142.05,22205
2026-09-15 00:00:00,TNPETRO,TAMILNADU PETROPRODUCTS L,132.90,132.90,122.68,125.71,128.90,-2.47,10.22,7.69,3.10,1021991,128829388.62,14960
2026-09-15 00:00:00,HAVELLS,HAVELLS INDIA LIMITED,1117.00,1117.00,1081.10,1087.00,1111.00,-2.16,35.90,3.21,0.54,1017899,1111926028.40,44878
2026-09-15 00:00:00,NAZARA,NAZARA TECHNOLOGIES LTD,369.05,375.05,354.90,357.40,370.30,-3.48,20.15,5.46,-0.34,1012532,368155277.25,18757
2026-09-15 00:00:00,IT,KOTAKMAMC - KOTAKIT,32.77,33.85,32.43,32.85,32.13,2.24,1.42,4.33,1.99,995806,33287586.75,2115
2026-09-15 00:00:00,THOMASCOOK,THOMAS COOK (INDIA) LTD,108.60,109.60,102.83,103.37,108.63,-4.84,6.77,6.23,-0.03,989497,104244381.18,8040
2026-09-15 00:00:00,OSWALSEEDS,SHREEOSWAL S AND CHE LTD,15.70,16.49,13.46,15.83,15.54,1.87,3.03,19.30,1.03,988892,14702736.42,2991
2026-09-15 00:00:00,DELTACORP,DELTA CORP LIMITED,54.14,54.53,52.82,53.79,54.15,-0.66,1.71,3.16,-0.02,983195,52797013.17,6725
2026-09-15 00:00:00,ADANIGREEN,ADANI GREEN ENERGY LTD,1282.30,1294.00,1249.00,1255.00,1281.30,-2.05,45.00,3.51,0.08,980470,1241234187.80,33211
2026-09-15 00:00:00,ANMOL,ANMOL INDIA LIMITED,17.00,18.55,15.20,15.27,16.87,-9.48,3.35,19.71,0.77,977450,16450488.09,3710
2026-09-15 00:00:00,GROWWDEFNC,GROWWAMC - GROWWDEFNC,97.41,97.70,91.54,91.97,97.41,-5.58,6.16,6.32,0.00,976099,91066860.46,9213
2026-09-15 00:00:00,MMTC,MMTC LIMITED,62.42,62.99,60.34,60.77,61.92,-1.86,2.65,4.25,0.81,973978,59590504.15,7577
2026-09-15 00:00:00,MOCAPITAL,MOTILALAMC - MOCAPITAL,54.04,55.33,52.67,52.85,53.99,-2.11,2.66,4.92,0.09,972221,51863677.67,5440
2026-09-15 00:00:00,YATRA,YATRA ONLINE LIMITED,114.28,115.67,107.50,107.96,115.42,-6.46,8.17,7.15,-0.99,969513,107580449.08,8952
2026-09-15 00:00:00,TEMBO,TEMBO GLOBAL IND LTD,56.60,56.98,55.10,55.52,56.08,-1.00,1.88,3.32,0.93,967188,53831469.33,3400
2026-09-15 00:00:00,PCBL,PCBL CHEMICAL LIMITED,334.80,335.00,311.30,314.05,331.05,-5.14,23.70,7.08,1.13,962916,309088849.20,23971
2026-09-15 00:00:00,DCW,DCW LTD,46.72,46.84,44.50,44.72,46.63,-4.10,2.34,5.01,0.19,962522,43607924.87,5974
2026-09-15 00:00:00,RESPONIND,RESPONSIVE INDUSTRIES LTD,172.30,172.96,160.00,160.82,173.27,-7.19,12.96,7.52,-0.56,957892,159517001.56,7259
2026-09-15 00:00:00,KNRCON,KNR CONSTRU LTD.,126.05,126.45,120.62,121.22,125.66,-3.53,5.83,4.63,0.31,956758,117933286.08,10716
2026-09-15 00:00:00,ICICIGI,ICICI LOMBARD GIC LIMITED,1460.00,1463.00,1423.10,1427.70,1459.80,-2.20,39.90,2.73,0.01,951910,1367630253.70,34745
2026-09-15 00:00:00,BLUESTONE,BLUESTONE JEWEL LFSTL LTD,899.00,904.00,822.35,828.55,890.35,-6.94,81.65,9.08,0.97,950222,815117709.65,44908
2026-09-15 00:00:00,GMDCLTD,GUJARAT MINERAL DEV CORP,577.00,580.00,552.00,553.45,575.35,-3.81,28.00,4.85,0.29,947898,531398236.65,28256
2026-09-15 00:00:00,LALITHAA,LALITHAA JEWELLERY MART L,321.70,321.70,321.70,321.70,338.60,-4.99,0.00,0.00,-4.99,947094,304680139.80,5286
2026-09-15 00:00:00,GENESYS,GENESYS INTL CORPN LTD,307.00,314.49,280.19,285.51,307.81,-7.24,34.30,11.17,-0.26,945103,283077543.94,20016
2026-09-15 00:00:00,ICICIPRULI,ICICI PRU LIFE INS CO LTD,471.60,472.20,457.60,457.60,471.50,-2.95,14.60,3.10,0.02,941756,437431104.50,50150
2026-09-15 00:00:00,VIKRAN,VIKRAN ENGINEERING LTD,57.09,57.80,55.20,55.54,57.08,-2.70,2.60,4.55,0.02,936506,52562712.43,6418
2026-09-15 00:00:00,MAFANG,MIRAEAMC - MAFANG,241.44,243.68,226.55,234.20,235.56,-0.58,17.13,7.09,2.50,931372,222093552.64,25136
2026-09-15 00:00:00,AUGMONT,AUGMONT ENTERPRISES LTD,889.95,889.95,825.30,832.25,886.15,-6.08,64.65,7.26,0.43,930427,789098451.80,31309
2026-09-15 00:00:00,JSWCEMENT,JSW CEMENT LIMITED,118.70,119.33,116.20,116.88,118.87,-1.67,3.13,2.64,-0.14,928470,108951587.46,25759
2026-09-15 00:00:00,V2RETAIL,V2 RETAIL LIMITED,218.09,219.59,210.00,212.12,218.00,-2.70,9.59,4.40,0.04,925313,197637020.74,16659
2026-09-15 00:00:00,AEROPLANE,AMIR CHAND JAG KUM (E) L,205.12,205.13,195.00,199.72,205.13,-2.64,10.13,4.94,-0.00,921171,184188087.13,8611
2026-09-15 00:00:00,DCAL,DISHMAN CARBO AMCIS LTD,174.99,177.57,160.77,163.16,167.25,-2.45,16.80,9.60,4.63,903157,153591881.08,12188
2026-09-15 00:00:00,LXCHEM,LAXMI ORGANIC INDUS LTD,175.56,176.01,167.01,167.83,175.56,-4.40,9.00,5.13,0.00,901508,153522229.87,9755
2026-09-15 00:00:00,ASHOKAMET,ASHOKA METCAST LIMITED,19.40,19.40,14.70,15.14,17.20,-11.98,4.70,24.23,12.79,900455,15440769.19,3124
2026-09-15 00:00:00,JSWENERGY,JSW ENERGY LIMITED,526.45,526.45,505.00,505.00,526.45,-4.07,21.45,4.07,0.00,897315,460895198.80,36374
2026-09-15 00:00:00,360ONE,360 ONE WAM LIMITED,1092.00,1092.90,1052.10,1052.10,1091.00,-3.57,40.80,3.74,0.09,896308,953364343.30,54476
2026-09-15 00:00:00,WABAG,VA TECH WABAG LTD,2283.00,2289.00,2091.10,2103.40,2277.90,-7.66,197.90,8.67,0.22,894663,1934225684.80,57621
2026-09-15 00:00:00,CENTEXT,CENTURY EXTRUSIONS LTD,21.95,21.95,19.80,19.98,22.37,-10.68,2.15,9.79,-1.88,888517,18115419.26,3188
2026-09-15 00:00:00,GANDHAR,GANDHAR OIL REFINE IND L,274.20,275.85,257.80,260.45,272.70,-4.49,18.05,6.58,0.55,886074,237812814.45,21996
2026-09-15 00:00:00,KROSS,KROSS LIMITED,240.00,243.29,226.01,228.87,239.07,-4.27,17.28,7.20,0.39,885883,207248088.55,18579
2026-09-15 00:00:00,BALUFORGE,BALU FORGE INDUSTRIES LTD,533.40,534.90,494.00,498.20,533.40,-6.60,40.90,7.67,0.00,876986,445055694.10,19853
2026-09-15 00:00:00,EIEL,ENVIRO INFRA ENGINEERS L,207.11,208.25,196.00,196.91,207.11,-4.92,12.25,5.91,0.00,875481,175676450.50,15031
2026-09-15 00:00:00,HATSUN,HATSUN AGRO PRODUCT LTD.,1207.20,1349.70,1207.20,1275.00,1224.40,4.13,142.50,11.80,-1.40,874664,1134697013.10,63939
2026-09-15 00:00:00,STARHEALTH,STAR HEALTH & AL INS CO L,562.70,565.00,537.00,540.80,562.70,-3.89,28.00,4.98,0.00,873422,475530536.10,49819
2026-09-15 00:00:00,SUVEN,SUVEN LIFE SCIENCES LTD,356.35,363.95,327.10,333.45,355.55,-6.22,36.85,10.34,0.23,870622,296174438.35,20872
2026-09-15 00:00:00,INDIGO,INTERGLOBE AVIATION LTD,4955.50,4963.50,4773.00,4776.00,4973.00,-3.96,190.50,3.84,-0.35,860472,4155379992.50,59691
2026-09-15 00:00:00,POONAWALLA,POONAWALLA FINCORP LTD,446.00,447.65,431.00,434.60,445.25,-2.39,16.65,3.73,0.17,859283,376439663.55,38622
2026-09-15 00:00:00,CYIENT,CYIENT LIMITED,1076.60,1107.20,1065.60,1078.90,1059.40,1.84,41.60,3.86,1.62,857646,930596137.70,56503
2026-09-15 00:00:00,ASIANENE,ASIAN ENERGY SERVICES LTD,541.75,541.75,477.50,485.25,535.10,-9.32,64.25,11.86,1.24,855416,425055084.85,33495
2026-09-15 00:00:00,PVP,PVP VENTURES LIMITED,63.99,64.79,61.58,61.58,64.82,-5.00,3.21,5.02,-1.28,853205,53154712.92,3648
2026-09-15 00:00:00,GKSL,GUJARAT KIDNEY N SUP SP L,170.70,183.05,170.00,173.60,171.09,1.47,13.05,7.64,-0.23,852318,150621428.72,9073
2026-09-15 00:00:00,WOCKPHARMA,WOCKHARDT LIMITED,2190.00,2193.80,2055.00,2064.10,2179.40,-5.29,138.80,6.34,0.49,851928,1793672671.20,51838
2026-09-15 00:00:00,HIKAL,HIKAL LIMITED,227.87,227.87,210.15,212.22,224.95,-5.66,17.72,7.78,1.30,851825,185054277.79,21184
2026-09-15 00:00:00,DCBBANK,DCB BANK LIMITED,226.23,228.94,220.81,221.89,226.37,-1.98,8.13,3.59,-0.06,845015,189319853.22,22364
2026-09-15 00:00:00,SERVOTECH,SERVOTECH REN POW SYS LTD,76.91,76.91,72.31,72.86,77.28,-5.72,4.60,5.98,-0.48,844722,62286020.29,9052
2026-09-15 00:00:00,HINDOILEXP,HINDUSTAN OIL EXPLORATION,185.50,186.30,174.01,175.72,185.22,-5.13,12.29,6.63,0.15,844381,151666592.18,12344
2026-09-15 00:00:00,FORTIS,FORTIS HEALTHCARE LTD,894.00,896.55,875.20,880.10,887.80,-0.87,21.35,2.39,0.70,842800,747771598.10,21044
2026-09-15 00:00:00,JNPR,JUNIPER GREEN ENERGY LTD,265.40,272.90,261.80,264.50,265.35,-0.32,11.10,4.18,0.02,840795,225445191.30,31215
2026-09-15 00:00:00,ALEMBICLTD,ALEMBIC LIMITED,105.30,106.49,100.00,100.51,104.33,-3.66,6.49,6.16,0.93,840743,85665486.87,9350
2026-09-15 00:00:00,ICICIAMC,ICICI PRUDENTIAL AMC LTD,3021.70,3114.90,3021.70,3065.00,3041.50,0.77,93.20,3.08,-0.65,840166,2586903006.10,61053
2026-09-15 00:00:00,PGEL,PG ELECTROPLAST LTD,543.75,545.00,515.15,518.00,545.00,-4.95,29.85,5.49,-0.23,837345,441360444.00,21648
2026-09-15 00:00:00,MOL,MEGHMANI ORGANICS LIMITED,62.86,63.15,58.58,58.86,62.52,-5.85,4.57,7.27,0.54,828296,49913116.61,6294
2026-09-15 00:00:00,TOP10ADD,DSPAMC - TOP10ADD,86.55,86.70,85.25,85.39,85.56,-0.20,1.45,1.68,1.16,826254,70900291.45,590
2026-09-15 00:00:00,BAJAJCON,BAJAJ CONSUMER CARE LTD,517.00,529.80,496.80,503.80,520.50,-3.21,33.00,6.38,-0.67,824896,423736163.50,33732
2026-09-15 00:00:00,ADANIENSOL,ADANI ENERGY SOLUTION LTD,1377.60,1379.80,1337.00,1347.50,1373.00,-1.86,42.80,3.11,0.34,822951,1115752178.70,33783
2026-09-15 00:00:00,JINDALSTEL,JINDAL STEEL LIMITED,1119.70,1119.70,1090.50,1095.00,1120.50,-2.28,29.20,2.61,-0.07,816410,898146062.70,21349
2026-09-15 00:00:00,AUBANK,AU SMALL FINANCE BANK LTD,1061.40,1065.70,1024.60,1028.00,1058.90,-2.92,41.10,3.87,0.24,815819,847077018.80,39542
2026-09-15 00:00:00,GMRP&UI,GMR POW AND URBAN INFRA L,93.55,94.38,90.00,90.35,94.07,-3.95,4.38,4.68,-0.55,813767,74971304.29,7148
2026-09-15 00:00:00,PERSISTENT,PERSISTENT SYSTEMS LTD,5654.00,5759.00,5456.50,5477.50,5516.00,-0.70,302.50,5.35,2.50,812335,4565786047.50,66185
2026-09-15 00:00:00,HAL,HINDUSTAN AERONAUTICS LTD,4920.00,4940.00,4674.00,4695.00,4905.00,-4.28,266.00,5.41,0.31,809202,3850296516.10,68013
2026-09-15 00:00:00,OMAXE,OMAXE LIMITED,123.03,123.54,116.65,118.04,123.98,-4.79,6.89,5.60,-0.77,801155,95811099.23,8746
2026-09-15 00:00:00,GAJA,GAJA ALT ASSET MGT LTD,152.61,153.09,141.20,142.55,152.60,-6.59,11.89,7.79,0.01,792538,116013267.87,9188
2026-09-15 00:00:00,MOREALTY,MOTILALAMC - MOREALTY,86.06,86.59,82.10,82.37,85.21,-3.33,4.49,5.22,1.00,790268,65857156.45,4858
2026-09-15 00:00:00,AARTIIND,AARTI INDUSTRIES LTD,492.70,494.50,466.10,468.70,492.70,-4.87,28.40,5.76,0.00,789421,376820407.75,34942
2026-09-15 00:00:00,TI,TILAKNAGAR INDUSTRIES LTD,524.05,526.40,503.10,510.75,521.60,-2.08,23.30,4.45,0.47,786869,404336493.80,24132
2026-09-15 00:00:00,MON100,MOTILAL OS NASDAQ100 ETF,338.44,342.81,330.02,330.62,332.83,-0.66,12.79,3.78,1.69,785006,261662402.43,31130
2026-09-15 00:00:00,QUESS,QUESS CORP LIMITED,346.35,359.00,340.15,342.10,348.00,-1.70,18.85,5.44,-0.47,783201,273009319.35,29444
2026-09-15 00:00:00,AASTHA,AASTHA SPINTEX LIMITED,78.43,80.26,76.00,76.38,78.43,-2.61,4.26,5.43,0.00,772986,59341684.41,2378
2026-09-15 00:00:00,BESTAGRO,BEST AGROLIFE LIMITED,19.47,19.48,18.06,18.39,19.05,-3.46,1.42,7.29,2.20,767826,14325605.43,3302
2026-09-15 00:00:00,ORCHASP,ORCHASP LIMITED,1.44,1.64,1.41,1.58,1.41,12.06,0.23,15.97,2.13,766655,1170243.80,652
2026-09-15 00:00:00,MAZDOCK,MAZAGON DOCK SHIPBUIL LTD,2339.00,2346.90,2225.10,2236.00,2339.00,-4.40,121.80,5.21,0.00,762530,1731470642.10,47715
2026-09-15 00:00:00,KFINTECH,KFIN TECHNOLOGIES LIMITED,901.80,903.85,880.00,884.80,900.00,-1.69,23.85,2.64,0.20,761367,678072926.60,23211
2026-09-15 00:00:00,SHILPAMED,SHILPA MEDICARE LTD,968.00,968.75,902.25,911.90,961.15,-5.12,66.50,6.87,0.71,756740,703681334.60,35157
2026-09-15 00:00:00,MOIL,MOIL LIMITED,246.00,247.40,237.26,238.54,244.93,-2.61,10.14,4.12,0.44,756254,182643600.04,13455
2026-09-15 00:00:00,BOMDYEING,BOMBAY DYEING & MFG. CO L,111.80,112.10,107.00,107.58,111.27,-3.32,5.10,4.56,0.48,754544,82055231.40,9714
2026-09-15 00:00:00,INDIANB,INDIAN BANK,854.20,859.50,833.80,836.75,853.50,-1.96,25.70,3.01,0.08,754029,636504341.30,28271
2026-09-15 00:00:00,POLICYBZR,PB FINTECH LIMITED,1799.00,1804.30,1736.00,1736.00,1797.30,-3.41,68.30,3.80,0.09,750563,1338360089.20,44185
2026-09-15 00:00:00,KALAMANDIR,SAI SILKS (KALAMANDIR) L,82.57,83.04,78.45,78.97,82.57,-4.36,4.59,5.56,0.00,748945,60248197.56,7014
2026-09-15 00:00:00,WELSPLSOL,WELSPUN SPECIALTY SOL L,55.59,56.00,52.55,53.52,55.59,-3.72,3.45,6.21,0.00,746478,40013890.17,4710
2026-09-15 00:00:00,HLEGLAS,HLE GLASCOAT LIMITED,415.00,429.80,388.90,395.40,404.35,-2.21,40.90,9.86,2.63,745010,306495520.20,30046
2026-09-15 00:00:00,GREAVESCOT,GREAVES COTTON LTD.,192.25,194.08,185.10,187.13,192.25,-2.66,8.98,4.67,0.00,743150,140418881.03,10579
2026-09-15 00:00:00,SAKUMA,SAKUMA EXPORTS LIMITED,1.60,1.60,1.55,1.56,1.57,-0.64,0.05,3.13,1.91,742269,1165033.61,1059
2026-09-15 00:00:00,WAAREEENER,WAAREE ENERGIES LIMITED,2590.00,2624.90,2540.00,2555.00,2625.00,-2.67,84.90,3.28,-1.33,734115,1902370198.30,47553
2026-09-15 00:00:00,GRADIENTE,GRADIENTE INFOTAINMENT L,2.54,2.62,2.40,2.46,2.51,-1.99,0.22,8.66,1.20,732804,1835743.02,369
2026-09-15 00:00:00,ONESOURCE,ONESOURCE SPECL PHARMA L,1614.90,1657.50,1589.00,1599.60,1592.20,0.46,68.50,4.24,1.43,724751,1176492418.00,61518
2026-09-15 00:00:00,VPRPL,VISHNU PRAKASH R PUNGLI L,36.00,36.68,30.76,32.26,36.17,-10.81,5.92,16.44,-0.47,723981,24316487.25,3917
2026-09-15 00:00:00,HDFCBSE500,HDFCAMC - HDFCBSE500,36.89,37.18,36.07,36.33,36.89,-1.52,1.11,3.01,0.00,722175,26447025.31,493
2026-09-15 00:00:00,MSPL,MSP STEEL & POWER LTD.,34.90,34.90,32.60,32.96,33.96,-2.94,2.30,6.59,2.77,721973,23982593.35,2632
2026-09-15 00:00:00,BORORENEW,BOROSIL RENEWABLES LTD,496.00,499.00,448.55,461.30,495.65,-6.93,50.45,10.17,0.07,720224,340810666.45,31997
2026-09-15 00:00:00,URJA,URJA GLOBAL LIMITED,9.15,9.15,8.80,8.81,9.02,-2.33,0.35,3.83,1.44,719687,6417783.52,3107
2026-09-15 00:00:00,PRAKASH,PRAKASH INDUSTRIES LTD,123.57,124.01,117.99,119.49,123.14,-2.96,6.02,4.87,0.35,716947,86112574.57,4665
2026-09-15 00:00:00,GOODLUCK,GOODLUCK INDIA LIMITED,520.00,528.70,513.35,519.15,516.85,0.45,15.35,2.95,0.61,708900,369236034.90,24519
2026-09-15 00:00:00,HONASA,HONASA CONSUMER LIMITED,471.15,476.20,455.15,457.25,471.15,-2.95,21.05,4.47,0.00,707821,328127095.50,25195
2026-09-15 00:00:00,VIDYAWIRES,VIDYA WIRES LIMITED,88.50,89.90,84.00,85.12,88.25,-3.55,5.90,6.67,0.28,707334,60988747.14,7157
2026-09-15 00:00:00,EPACKPEB,EPACK PREFAB TECHN LTD,244.05,245.65,215.46,221.26,240.44,-7.98,30.19,12.37,1.50,705316,161318163.64,14104
2026-09-15 00:00:00,AEGISLOG,AEGIS LOGISTICS LIMITED,1365.30,1385.00,1320.00,1323.50,1353.60,-2.22,65.00,4.76,0.86,701470,947443206.70,37560
2026-09-15 00:00:00,KRISHANA,KRISHANA PHOSCHEM LIMITED,180.90,183.00,173.29,177.20,179.66,-1.37,9.71,5.37,0.69,700166,123781688.99,9131
2026-09-15 00:00:00,GROWWNET,GROWWAMC - GROWWNET,11.18,11.18,10.59,10.70,10.96,-2.37,0.59,5.28,2.01,698152,7549721.06,1223
2026-09-15 00:00:00,WEL,WONDER ELECTRICALS LTD,72.51,73.60,68.73,69.18,72.34,-4.37,4.87,6.72,0.24,697448,48498298.17,4906
2026-09-15 00:00:00,KRBL,KRBL LIMITED,423.65,423.65,391.00,397.15,421.05,-5.68,32.65,7.71,0.62,697222,281384013.55,16956
2026-09-15 00:00:00,SOLARA,SOLARA ACTIVE PHA SCI LTD,761.45,774.00,711.10,715.80,749.15,-4.45,62.90,8.26,1.64,696761,515796451.30,31814
2026-09-15 00:00:00,JAINREC,JAIN RESOURCE RECYCLING L,286.90,286.90,273.15,274.70,284.70,-3.51,13.75,4.79,0.77,694511,193630038.15,18137
2026-09-15 00:00:00,COFFEEDAY,COFFEE DAY ENTERPRISE LTD,32.00,32.47,30.12,30.37,31.67,-4.10,2.35,7.34,1.04,693779,21454671.38,2464
2026-09-15 00:00:00,YATHARTH,YATHARTH HOSP & TRA C S L,1000.00,1024.00,972.00,981.80,966.30,1.60,52.00,5.20,3.49,693776,691595759.30,31803
2026-09-15 00:00:00,INDOTHAI,INDO THAI SEC LTD,39.12,40.00,39.12,39.12,41.17,-4.98,0.88,2.25,-4.98,690854,27035253.91,1333
2026-09-15 00:00:00,KAYNES,KAYNES TECHNOLOGY IND LTD,3505.00,3527.80,3387.00,3392.00,3505.00,-3.22,140.80,4.02,0.00,689922,2366909573.80,55037
2026-09-15 00:00:00,IMAGICAA,IMAGICAAWORLD ENT LTD,52.35,52.68,50.05,50.43,52.33,-3.63,2.63,5.02,0.04,686219,35195234.70,4180
2026-09-15 00:00:00,KPIGREEN,KPI GREEN ENERGY LIMITED,281.75,286.95,275.80,277.15,281.70,-1.62,11.15,3.96,0.02,686169,192823429.20,21972
2026-09-15 00:00:00,RKFORGE,RAMKRISHNA FORGINGS LTD,715.00,715.20,684.60,688.20,711.20,-3.23,30.60,4.28,0.53,685117,475933933.95,23266
2026-09-15 00:00:00,BLKASHYAP,B.L.KASHYAP & SON LTD,54.08,54.79,51.00,51.50,53.91,-4.47,3.79,7.01,0.32,679073,35657484.08,3305
2026-09-15 00:00:00,RAYMONDLSL,RAYMOND LIFESTYLE LIMITED,700.00,717.55,670.00,672.65,692.00,-2.80,47.55,6.79,1.16,675263,467121141.10,30339
2026-09-15 00:00:00,JAIBALAJI,JAI BALAJI INDUSTRIES LTD,65.38,65.89,62.00,62.25,65.07,-4.33,3.89,5.95,0.48,672658,42585084.15,4421
2026-09-15 00:00:00,RSL,RAJPUTANA STAINLESS LTD,191.62,193.09,180.00,181.63,190.10,-4.46,13.09,6.83,0.80,670942,125097377.78,5510
2026-09-15 00:00:00,COLPAL,COLGATE PALMOLIVE LTD.,1797.40,1846.60,1788.80,1820.30,1797.40,1.27,57.80,3.22,0.00,670867,1227851148.90,29805
2026-09-15 00:00:00,TEXMOPIPES,TEXMO PIPE & PRODUCTS LTD,61.20,64.50,60.00,60.56,60.08,0.80,4.50,7.35,1.86,669660,42042983.54,4327
2026-09-15 00:00:00,WALCHANNAG,WALCHANDNAGAR INDUSTRIES,212.40,212.40,199.00,200.03,210.10,-4.79,13.40,6.31,1.09,668236,137180430.43,10864
2026-09-15 00:00:00,GUJTHEM,GUJARAT THEMIS BIOSYN LTD,424.80,438.45,417.00,430.45,422.65,1.85,21.45,5.05,0.51,668088,284973078.00,15821
2026-09-15 00:00:00,TOYAMSL,TOYAM SPORTS LTD.,0.69,0.69,0.68,0.68,0.66,3.03,0.01,1.45,4.55,667929,460800.39,206
2026-09-15 00:00:00,PASUPTAC,PASUPATI ACRYLON LIMITED,70.50,72.80,68.10,70.48,67.08,5.07,4.70,6.67,5.10,667184,47207347.79,3436
2026-09-15 00:00:00,HEROMOTOCO,HERO MOTOCORP LIMITED,5287.50,5327.50,5166.00,5166.00,5221.50,-1.06,161.50,3.05,1.26,666103,3504788094.50,51649
2026-09-15 00:00:00,LTM,LTM LIMITED,4404.30,4568.90,4323.30,4346.60,4275.00,1.67,245.60,5.58,3.02,663212,2961798547.80,56670
2026-09-15 00:00:00,TRIVENI,TRIVENI ENGG. & INDS. LTD,257.00,257.80,243.70,246.45,255.40,-3.50,14.10,5.49,0.63,661461,163637035.70,18681
2026-09-15 00:00:00,IRCTC,INDIAN RAIL TOUR CORP LTD,464.00,466.55,457.00,458.55,462.90,-0.94,9.55,2.06,0.24,660178,304245740.90,34676
2026-09-15 00:00:00,KNACK,KNACK PACKAGING LIMITED,184.11,184.18,177.27,178.58,183.27,-2.56,6.91,3.75,0.46,656445,117539605.64,8802
2026-09-15 00:00:00,MONQ50,MOTILALAMC - MONQ50,221.75,234.00,210.94,229.73,216.35,6.18,23.06,10.40,2.50,656015,150575161.64,14301
2026-09-15 00:00:00,PNGJL,P N GADGIL JEWELLERS LTD,613.20,617.55,605.45,611.60,613.20,-0.26,12.10,1.97,0.00,655158,400980307.45,19477
2026-09-15 00:00:00,PSB,PUNJAB & SIND BANK,22.78,22.78,22.31,22.38,22.73,-1.54,0.47,2.06,0.22,653723,14733833.49,2649
2026-09-15 00:00:00,HDFCAMC,HDFC AMC LIMITED,2416.90,2423.90,2385.00,2409.00,2403.90,0.21,38.90,1.61,0.54,652383,1567116536.60,62225
2026-09-15 00:00:00,BCLIND,BCL INDUSTRIES LIMITED,34.60,34.64,32.10,32.95,34.18,-3.60,2.54,7.34,1.23,648439,21737327.52,4256
2026-09-15 00:00:00,TIRUMALCHM,THIRUMALAI CHEMICALS LTD,158.00,162.50,153.10,154.48,155.98,-0.96,9.40,5.95,1.30,646717,102884703.07,8869
2026-09-15 00:00:00,BLEL,BEHARI LAL ENGINEERING L,445.00,447.70,433.85,439.65,442.15,-0.57,13.85,3.11,0.64,646232,285219176.35,20564
2026-09-15 00:00:00,RICOAUTO,RICO AUTO INDUSTRIES LTD,133.97,135.70,128.21,128.58,134.17,-4.17,7.49,5.59,-0.15,643528,84043498.08,9121
2026-09-15 00:00:00,KIRLOSENG,KIRLOSKAR OIL ENG LTD,2183.60,2212.50,2030.00,2041.60,2168.60,-5.86,182.50,8.36,0.69,639048,1354199838.90,66465
2026-09-15 00:00:00,GIPCL,GUJ IND POW CO. LTD,199.50,200.50,187.00,188.31,199.72,-5.71,13.50,6.77,-0.11,638722,122589897.50,10467
2026-09-15 00:00:00,CAMLINFINE,CAMLIN FINE SCIENCES LTD,101.86,103.90,97.75,99.21,101.68,-2.43,6.15,6.04,0.18,634588,63210147.77,5447
2026-09-15 00:00:00,AFIL,AKME FINTRADE (INDIA) LTD,9.00,9.00,8.39,8.54,8.92,-4.26,0.61,6.78,0.90,634241,5465748.47,861
2026-09-15 00:00:00,SBFC,SBFC FINANCE LIMITED,98.00,98.75,94.01,94.43,98.19,-3.83,4.74,4.84,-0.19,630989,60559291.99,11131
2026-09-15 00:00:00,JWL,JUPITER WAGONS LIMITED,241.00,242.82,230.40,231.17,239.58,-3.51,12.42,5.15,0.59,630241,148208517.18,17139
2026-09-15 00:00:00,PACEDIGITK,PACE DIGITEK LIMITED,159.51,161.97,152.90,153.60,158.33,-2.99,9.07,5.69,0.75,628622,97813710.27,8844
2026-09-15 00:00:00,SPARC,SUN PHARMA ADV.RES.CO.LTD,197.26,198.09,186.99,188.00,196.01,-4.09,11.10,5.63,0.64,627126,119918136.59,13552
2026-09-15 00:00:00,ELGIEQUIP,ELGI EQUIPMENTS LTD,627.55,641.40,606.80,612.05,617.70,-0.91,34.60,5.51,1.59,626303,392095037.40,45285
2026-09-15 00:00:00,ABLBL,ADITYA BIRLA LIFES BRAN L,83.50,85.35,82.71,82.95,83.61,-0.79,2.64,3.16,-0.13,625654,52578648.58,9985
2026-09-15 00:00:00,LGEINDIA,LG ELECTRONICS INDIA LTD,1636.80,1658.00,1622.60,1629.60,1636.80,-0.44,35.40,2.16,0.00,617142,1017305212.20,37315
2026-09-15 00:00:00,SHAKTIPUMP,SHAKTI PUMPS (I) LTD,492.90,493.75,473.15,474.20,493.80,-3.97,20.60,4.18,-0.18,609362,292997785.05,21514
2026-09-15 00:00:00,ASTRAL,ASTRAL LIMITED,1410.00,1414.10,1372.80,1379.60,1411.40,-2.25,41.30,2.93,-0.10,609291,844989506.70,37296
2026-09-15 00:00:00,USHAMART,USHA MARTIN LTD.,493.00,494.40,477.50,480.25,494.50,-2.88,16.90,3.43,-0.30,604747,293113285.20,25107
2026-09-15 00:00:00,GAEL,GUJARAT AMBUJA EXPORTS LT,163.01,163.40,157.16,158.72,163.08,-2.67,6.24,3.83,-0.04,602826,96334724.15,12859
2026-09-15 00:00:00,LUPIN,LUPIN LIMITED,2095.00,2099.50,2049.50,2063.20,2095.00,-1.52,50.00,2.39,0.00,599677,1242663569.10,45545
2026-09-15 00:00:00,ANTHEM,ANTHEM BIOSCIENCES LTD,944.95,962.00,938.20,942.85,940.90,0.21,23.80,2.52,0.43,599280,569370307.60,37150
2026-09-15 00:00:00,FEDFINA,FEDBANK FINANCIAL SER L,158.60,160.04,152.82,153.51,158.53,-3.17,7.22,4.55,0.04,598566,93072958.26,10400
2026-09-15 00:00:00,DHANBANK,DHANLAXMI BANK LIMITED,31.15,31.30,29.54,29.79,31.15,-4.37,1.76,5.65,0.00,593184,18003207.12,2615
2026-09-15 00:00:00,CANHLIFE,CANARA HSBC LIFE INS CO L,151.70,153.00,149.00,151.78,151.92,-0.09,4.00,2.64,-0.14,591395,89427237.85,12348
2026-09-15 00:00:00,MANIPALHOS,MANIPAL HEALTH ENTERPRI L,720.00,721.90,698.00,701.70,717.35,-2.18,23.90,3.32,0.37,589061,416827654.20,21168
2026-09-15 00:00:00,LLOYDSME,LLOYDS METALS N ENERGY L,1789.10,1809.90,1741.00,1778.80,1799.60,-1.16,68.90,3.85,-0.58,587090,1044000067.00,39552
2026-09-15 00:00:00,FLEXIADD,DSPAMC - FLEXIADD,9.91,9.99,9.65,9.67,9.77,-1.02,0.34,3.43,1.43,585333,5698034.91,804
2026-09-15 00:00:00,RELIGARE,RELIGARE ENTER. LTD.,256.81,256.81,245.14,247.55,256.81,-3.61,11.67,4.54,0.00,584107,146109269.47,11943
2026-09-15 00:00:00,MOTILALOFS,MOTILAL OSWAL FIN LTD,1029.00,1030.00,985.10,990.80,1026.50,-3.48,44.90,4.36,0.24,581522,579813151.20,20098
2026-09-15 00:00:00,HERITGFOOD,HERITAGE FOODS LTD,419.50,419.95,391.30,393.85,417.40,-5.64,28.65,6.83,0.50,572936,231622789.85,18907
2026-09-15 00:00:00,PANORAMA,PANORAMA STUDIOS INTL. L,55.40,56.18,50.35,51.92,53.78,-3.46,5.83,10.52,3.01,572747,30851848.49,5482
2026-09-15 00:00:00,HIMATSEIDE,HIMATSINGKA SEIDE LTD,67.99,68.21,64.81,65.12,67.83,-4.00,3.40,5.00,0.24,571755,37769441.91,5094
2026-09-15 00:00:00,PREMIERENE,PREMIER ENERGIES LIMITED,967.10,972.80,940.50,945.00,974.20,-3.00,32.30,3.34,-0.73,569740,544846936.90,24045
2026-09-15 00:00:00,PNBGILTS,PNB GILTS LIMITED,80.20,80.80,76.01,76.29,80.34,-5.04,4.79,5.97,-0.17,569582,44302649.74,5202
2026-09-15 00:00:00,CONCOR,CONTAINER CORP OF IND LTD,499.95,501.50,483.70,483.70,499.25,-3.11,17.80,3.56,0.14,566088,278152440.55,19003
2026-09-15 00:00:00,MFSL,MAX FINANCIAL SERV LTD,1478.40,1482.00,1425.90,1425.90,1477.00,-3.46,56.10,3.79,0.09,557252,805713557.20,46778
2026-09-15 00:00:00,HITECH,HI-TECH PIPES LIMITED,76.77,77.00,73.23,73.61,76.39,-3.64,3.77,4.91,0.50,553825,41342148.53,5549
2026-09-15 00:00:00,BAIDFIN,BAID FINSERV LIMITED,11.82,11.90,9.97,10.08,11.88,-15.15,1.93,16.33,-0.51,552693,5718817.78,1728
2026-09-15 00:00:00,KIRIINDUS,KIRI INDUSTRIES LIMITED,540.65,544.15,520.00,522.85,537.35,-2.70,24.15,4.47,0.61,551796,292990081.40,14613
2026-09-15 00:00:00,JYOTICNC,JYOTI CNC AUTOMATION LTD,989.00,990.60,954.00,961.45,985.00,-2.39,36.60,3.70,0.41,550288,535968812.00,39974
2026-09-15 00:00:00,JSL,JINDAL STAINLESS LIMITED,755.00,760.00,721.25,723.55,756.10,-4.30,38.75,5.13,-0.15,547512,402775644.25,28959
2026-09-15 00:00:00,ALMONDZ,ALMONDZ GLOBAL SEC LTD,19.25,19.40,15.77,16.84,19.13,-11.97,3.63,18.86,0.63,546923,9929471.32,1364
2026-09-15 00:00:00,GATEWAY,GATEWAY DISTRIPARKS LTD,53.50,54.00,52.35,52.49,53.35,-1.61,1.65,3.08,0.28,543148,28790158.35,5263
2026-09-15 00:00:00,ASHOKA,ASHOKA BUILDCON LTD,114.32,114.32,110.90,111.37,113.86,-2.19,3.42,2.99,0.40,542158,60807560.50,5792
2026-09-15 00:00:00,ASIANPAINT,ASIAN PAINTS LIMITED,2472.50,2473.00,2402.80,2402.80,2472.50,-2.82,70.20,2.84,0.00,539643,1310755516.40,51457
2026-09-15 00:00:00,MOM100,MOTILAL OS MIDCAP100 ETF,67.29,67.80,65.74,65.95,67.29,-1.99,2.06,3.06,0.00,539284,35839740.90,5282
2026-09-15 00:00:00,RAMBHAJO,ADVIT JEWELS LIMITED,269.17,269.17,250.00,253.22,269.28,-5.96,19.17,7.12,-0.04,537792,138900311.53,6409
2026-09-15 00:00:00,MIDBANKADD,DSPAMC - MIDBANKADD,17.32,17.32,17.01,17.07,17.39,-1.84,0.31,1.79,-0.40,536738,9221143.16,98
2026-09-15 00:00:00,SDBL,SOM DIST & BREW LTD,70.00,71.96,67.75,68.13,70.07,-2.77,4.21,6.01,-0.10,535458,36712813.93,4537
2026-09-15 00:00:00,INOXINDIA,INOX INDIA LIMITED,2250.00,2265.00,1982.00,1992.80,2246.60,-11.30,283.00,12.58,0.15,531067,1098489528.20,64629
2026-09-15 00:00:00,PARKHOSPS,PARK MEDI WORLD LIMITED,279.20,286.00,275.00,279.15,279.30,-0.05,11.00,3.94,-0.04,530232,149086686.30,13245
2026-09-15 00:00:00,ZENTEC,ZEN TECHNOLOGIES LIMITED,1730.00,1732.80,1630.00,1638.90,1722.60,-4.86,102.80,5.94,0.43,529917,884179432.20,39848
2026-09-15 00:00:00,DHAMPURSUG,DHAMPUR SUGAR MILLS LTD.,164.11,165.00,155.00,156.61,163.59,-4.27,10.00,6.09,0.32,529298,84183784.14,10584
2026-09-15 00:00:00,TVSSCS,TVS SUPPLY CHAIN SOL L,130.80,131.38,126.00,127.16,130.49,-2.55,5.38,4.11,0.24,528148,67576583.45,11464
2026-09-15 00:00:00,PRISMX,PRISMX GLOBAL VENTURES L,0.58,0.63,0.54,0.55,0.58,-5.17,0.09,15.52,0.00,524693,290353.93,258
2026-09-15 00:00:00,HEMIPROP,HEMISPHERE PROP IND LTD,122.55,122.97,116.20,117.18,120.62,-2.85,6.77,5.52,1.60,524451,61999999.77,5740
2026-09-15 00:00:00,ZYDUSLIFE,ZYDUS LIFESCIENCES LTD,1120.10,1124.50,1099.00,1099.00,1119.10,-1.80,25.50,2.28,0.09,522672,580418225.40,27925
2026-09-15 00:00:00,ABDL,ALLIED BLEND N DISTILS L,635.00,644.40,622.00,631.60,632.50,-0.14,22.40,3.53,0.40,522432,330454022.25,27373
2026-09-15 00:00:00,JAYKAY,JAYKAY ENTERPRISES LTD,169.40,169.50,156.25,158.45,165.32,-4.16,13.25,7.82,2.47,519085,82944754.46,8636
2026-09-15 00:00:00,ATGL,ADANI TOTAL GAS LIMITED,595.00,602.90,576.40,580.15,594.80,-2.46,26.50,4.45,0.03,517239,304103500.65,26332
2026-09-15 00:00:00,IRISDOREME,IRIS CLOTHINGS LIMITED,61.89,62.42,57.21,58.09,61.47,-5.50,5.21,8.42,0.68,514737,30285806.56,3213
2026-09-15 00:00:00,SANGHVIMOV,SANGHVI MOVERS LTD,427.85,438.15,400.00,401.50,426.50,-5.86,38.15,8.92,0.32,514577,211731553.65,16672
2026-09-15 00:00:00,FIVESTAR,FIVE-STAR BUS FIN LTD,558.00,558.00,536.35,541.95,551.05,-1.65,21.65,3.88,1.26,513721,280583056.55,37495
2026-09-15 00:00:00,RIR,RIR POWER ELECTRONICS L,180.00,181.00,170.27,171.50,177.26,-3.25,10.73,5.96,1.55,512746,89611095.23,8199
2026-09-15 00:00:00,LOWVOL1,KOTAKMAMC - KOTAKLOVOL,19.99,20.84,19.99,20.27,20.51,-1.17,0.85,4.25,-2.54,511920,10474248.49,14453
2026-09-15 00:00:00,CHEMICAL,KOTAKMAMC - CHEMICAL,30.36,30.36,28.73,28.94,29.97,-3.44,1.63,5.37,1.30,511729,14978482.04,3189
2026-09-15 00:00:00,XCHANGING,XCHANGING SOLUTIONS LTD,62.90,66.50,62.32,64.50,62.34,3.46,4.18,6.65,0.90,511238,33349178.31,4239
2026-09-15 00:00:00,BLUESTARCO,BLUE STAR LIMITED,1559.50,1562.80,1475.30,1483.00,1558.00,-4.81,87.50,5.61,0.10,509083,769418378.10,34140
2026-09-15 00:00:00,SMALL250,MIRAEAMC - SMALL250,18.86,18.86,17.93,17.98,18.40,-2.28,0.93,4.93,2.50,505834,9174133.24,1780
2026-09-15 00:00:00,SAKSOFT,SAKSOFT LIMITED,146.50,150.98,141.00,142.25,146.49,-2.89,9.98,6.81,0.01,505365,73707888.75,8462
2026-09-15 00:00:00,NRBBEARING,NRB BEARING LIMITED,516.00,516.80,478.00,480.85,514.65,-6.57,38.80,7.52,0.26,504748,247758805.15,25017
2026-09-15 00:00:00,PRAJIND,PRAJ INDUSTRIES LTD,321.05,322.80,316.25,318.00,322.15,-1.29,6.55,2.04,-0.34,504700,160666570.70,13655
2026-09-15 00:00:00,TITAN,TITAN COMPANY LIMITED,5003.00,5003.00,4856.00,4856.00,5009.50,-3.06,147.00,2.94,-0.13,504447,2476039017.00,62428
2026-09-15 00:00:00,SENCO,SENCO GOLD LIMITED,348.95,351.00,335.15,336.40,346.40,-2.89,15.85,4.54,0.74,504318,172068649.65,17479
2026-09-15 00:00:00,IGIL,INTL GEMOLOGICAL INST LTD,320.00,323.60,312.25,313.10,314.30,-0.38,11.35,3.55,1.81,503750,159706158.70,26434
2026-09-15 00:00:00,KSHINTL,KSH INTERNATIONAL LIMITED,1184.00,1186.90,1048.25,1058.85,1170.90,-9.57,138.65,11.71,1.12,500166,542387110.50,44108
2026-09-15 00:00:00,GLAND,GLAND PHARMA LIMITED,2930.00,2940.00,2856.90,2895.50,2922.30,-0.92,83.10,2.84,0.26,497958,1441792553.60,47249
2026-09-15 00:00:00,ASTRAMICRO,ASTRA MICROWAVE LTD,1688.50,1688.50,1581.00,1593.80,1680.60,-5.16,107.50,6.37,0.47,496962,807086340.70,37671
2026-09-15 00:00:00,DMART,AVENUE SUPERMARTS LIMITED,3692.90,3735.90,3680.00,3680.00,3688.00,-0.22,55.90,1.51,0.13,496744,1845111506.70,35511
2026-09-15 00:00:00,CSBBANK,CSB BANK LIMITED,303.25,307.15,295.00,296.35,305.70,-3.06,12.15,4.01,-0.80,496189,149572346.25,14695
2026-09-15 00:00:00,TVSMOTOR,TVS MOTOR COMPANY  LTD,4150.00,4155.00,4022.10,4050.00,4125.00,-1.82,132.90,3.20,0.61,496058,2016436518.40,51850
2026-09-15 00:00:00,FUSION,FUSION FINANCE LIMITED,189.90,193.68,187.45,188.18,189.72,-0.81,6.23,3.28,0.09,495689,94134452.23,15323
2026-09-15 00:00:00,TRENT,TRENT LTD,2802.40,2817.60,2730.00,2730.00,2802.40,-2.58,87.60,3.13,0.00,494769,1372207575.50,43757
2026-09-15 00:00:00,MIDCAP,KOTAKMAMC - KOTAKMID50,18.48,18.48,17.95,18.03,18.31,-1.53,0.53,2.87,0.93,493281,8957652.76,1775
2026-09-15 00:00:00,ANURAS,ANUPAM RASAYAN INDIA LTD,1224.80,1227.30,1115.80,1170.40,1219.40,-4.02,111.50,9.10,0.44,493232,581068276.20,24790
2026-09-15 00:00:00,KIMS,KRISHNA INST OF MED SCI L,770.00,772.15,755.00,766.85,768.95,-0.27,17.15,2.23,0.14,493213,376039262.05,36816
2026-09-15 00:00:00,DEEPINDS,DEEP INDUSTRIES LIMITED,778.40,778.40,724.55,730.40,774.40,-5.68,53.85,6.92,0.52,492116,364985300.70,21060
2026-09-15 00:00:00,GNFC,GUJ NAR VAL FER & CHEM L,564.20,564.30,540.00,540.60,562.40,-3.88,24.30,4.31,0.32,486266,266593217.10,12409
2026-09-15 00:00:00,BAJAJFINSV,BAJAJ FINSERV LTD.,1921.40,1930.60,1855.50,1855.50,1913.50,-3.03,75.10,3.91,0.41,486164,911829295.20,46968
2026-09-15 00:00:00,SBCL,SHIVALIK BIMETAL CON. LTD,1087.00,1120.00,1000.00,1020.20,1087.00,-6.15,120.00,11.04,0.00,482862,497063268.80,24538
2026-09-15 00:00:00,GROWWMETAL,GROWWAMC - GROWWMETAL,12.46,12.64,12.10,12.14,12.45,-2.49,0.54,4.33,0.08,481451,5888704.36,2589
2026-09-15 00:00:00,NACLIND,NACL INDUSTRIES LIMITED,158.29,158.68,149.46,149.92,157.62,-4.89,9.22,5.82,0.43,481375,73369386.04,9295
2026-09-15 00:00:00,ASKAUTOLTD,ASK AUTOMOTIVE LIMITED,634.00,649.95,600.35,604.70,624.55,-3.18,49.60,7.82,1.51,480326,299631672.30,22741
2026-09-15 00:00:00,TRACXN,TRACXN TECHNOLOGIES LTD,32.50,33.04,30.61,31.21,31.90,-2.16,2.43,7.48,1.88,478090,15221720.53,3420
2026-09-15 00:00:00,VOLTAS,VOLTAS LTD,1168.00,1179.00,1137.00,1137.00,1165.00,-2.40,42.00,3.60,0.26,477143,553389113.00,24440
2026-09-15 00:00:00,TITAGARH,TITAGARH RAIL SYSTEMS LTD,847.70,848.40,809.00,811.45,842.15,-3.65,39.40,4.65,0.66,476266,393414047.40,27476
2026-09-15 00:00:00,TARC,TARC LIMITED,132.00,132.40,126.10,126.61,131.39,-3.64,6.30,4.77,0.46,473899,60783963.33,5130
2026-09-15 00:00:00,WINDMACHIN,WINDSOR MACHINES LIMITED,302.80,306.00,283.80,300.70,300.65,0.02,22.20,7.33,0.72,472746,141239979.00,5305
2026-09-15 00:00:00,JUBLFOOD,JUBILANT FOODWORKS LTD,468.95,472.95,461.60,466.00,470.25,-0.90,11.35,2.42,-0.28,471771,219830279.55,15035
2026-09-15 00:00:00,SPORTKING,SPORTKING INDIA LIMITED,215.00,215.00,199.00,201.01,214.77,-6.41,16.00,7.44,0.11,471319,96605984.86,10958
2026-09-15 00:00:00,NFL,NATIONAL FERT. LTD,68.42,68.86,67.10,67.18,68.49,-1.91,1.76,2.57,-0.10,471098,31843511.75,3893
2026-09-15 00:00:00,FDC,FDC LIMITED,340.00,354.85,339.75,349.70,341.45,2.42,15.10,4.44,-0.42,470213,164473865.55,13560
2026-09-15 00:00:00,CYIENTDLM,CYIENT DLM LIMITED,910.00,924.60,874.00,882.70,904.40,-2.40,50.60,5.56,0.62,468701,418317789.15,29279
2026-09-15 00:00:00,SAMHI,SAMHI HOTELS LIMITED,157.00,158.99,152.25,152.73,157.07,-2.76,6.74,4.29,-0.04,468454,72531487.23,14287
2026-09-15 00:00:00,NITCO,NITCO LIMITED,93.32,94.03,87.15,88.24,93.71,-5.84,6.88,7.37,-0.42,464560,41900372.77,3239
2026-09-15 00:00:00,SOLARWORLD,SOLARWORLD ENERGY SOL LTD,142.00,143.45,130.15,131.42,141.48,-7.11,13.30,9.37,0.37,463874,62643834.34,9736
2026-09-15 00:00:00,GEEKAYWIRE,GEEKAY WIRES LIMITED,27.84,31.72,27.84,29.34,27.83,5.43,3.88,13.94,0.04,463841,13958675.52,3614
2026-09-15 00:00:00,ICICIB22,ICICIPRAMC - BHARATIWIN,115.42,115.42,111.14,111.33,113.16,-1.62,4.28,3.71,2.00,463142,51881384.01,6924
2026-09-15 00:00:00,OMNI,OMNITECH ENGINEERING LTD,555.00,565.95,535.50,540.30,549.75,-1.72,30.45,5.49,0.95,457673,251255717.30,15220
2026-09-15 00:00:00,PANAMAPET,PANAMA PETROCHEM LTD,475.05,476.90,445.15,450.75,483.15,-6.71,31.75,6.68,-1.68,455986,208754371.20,12896
2026-09-15 00:00:00,PIDILITIND,PIDILITE INDUSTRIES LTD,1566.90,1575.70,1521.10,1521.10,1566.90,-2.92,54.60,3.48,0.00,455854,703755164.80,32555
2026-09-15 00:00:00,WCIL,WESTERN CARRIERS (IND) L,87.95,93.39,87.44,91.45,87.51,4.50,5.95,6.77,0.50,455441,41592611.98,4547
2026-09-15 00:00:00,TALBROAUTO,TALBROS AUTO. COMP. LTD,425.00,443.45,418.00,421.30,423.75,-0.58,25.45,5.99,0.29,454628,196459260.95,14576
2026-09-15 00:00:00,TANLA,TANLA PLATFORMS LIMITED,508.05,516.00,488.00,490.55,502.80,-2.44,28.00,5.51,1.04,453227,227446660.35,18321
2026-09-15 00:00:00,HYUNDAI,HYUNDAI MOTOR INDIA LTD,2187.90,2217.90,2130.50,2140.00,2174.00,-1.56,87.40,3.99,0.64,451786,984734531.50,33770
2026-09-15 00:00:00,MUTHOOTFIN,MUTHOOT FINANCE LIMITED,2792.10,2794.00,2722.30,2722.30,2792.10,-2.50,71.70,2.57,0.00,451554,1243061490.10,54842
2026-09-15 00:00:00,GROWWHOSPI,GROWWAMC - GROWWHOSPI,52.58,52.78,51.75,51.92,52.32,-0.76,1.03,1.96,0.50,451511,23448919.88,1307
2026-09-15 00:00:00,RANASUG,RANA SUGARS LTD.,14.61,14.93,14.61,14.82,14.74,0.54,0.32,2.19,-0.88,451004,6682195.29,516
2026-09-15 00:00:00,SIS,SIS LIMITED,418.45,425.65,412.25,414.90,419.30,-1.05,13.40,3.20,-0.20,450780,189403116.65,10036
2026-09-15 00:00:00,CHAMBLFERT,CHAMBAL FERTILIZERS LTD,420.00,421.00,415.45,416.65,418.80,-0.51,5.55,1.32,0.29,447469,186666078.95,21389
2026-09-15 00:00:00,MANKIND,MANKIND PHARMA LIMITED,2280.00,2300.90,2251.80,2280.50,2280.00,0.02,49.10,2.15,0.00,446450,1018145048.40,23888
2026-09-15 00:00:00,POCL,PONDY OXIDES & CHEM LTD,455.00,459.55,432.10,435.30,454.15,-4.15,27.45,6.03,0.19,443507,194821011.65,15317
2026-09-15 00:00:00,LAOPALA,LA OPALA RG LIMITED,158.93,165.79,158.70,160.63,158.93,1.07,7.09,4.46,0.00,442956,71849857.26,10552
2026-09-15 00:00:00,HEXT,HEXAWARE TECHNOLOGIES LTD,497.75,527.20,497.75,517.50,497.05,4.11,29.45,5.92,0.14,441056,228898799.95,26504
2026-09-15 00:00:00,ENERGY,MIRAEAMC - ENERGY,37.34,39.00,37.34,37.40,38.30,-2.35,1.66,4.45,-2.51,440593,16600418.95,2214
2026-09-15 00:00:00,VGUARD,V-GUARD IND LTD.,323.70,326.80,319.60,321.90,323.70,-0.56,7.20,2.22,0.00,439497,141496249.70,13467
2026-09-15 00:00:00,AUROPHARMA,AUROBINDO PHARMA LTD,1688.00,1688.00,1642.10,1660.00,1679.80,-1.18,45.90,2.72,0.49,438757,729876015.20,23981
2026-09-15 00:00:00,JKTYRE,JK TYRE & INDUSTRIES LTD,353.95,355.00,343.10,345.25,353.95,-2.46,11.90,3.36,0.00,438110,153096612.70,21960
2026-09-15 00:00:00,TORNTPOWER,TORRENT POWER LTD,1325.00,1326.90,1291.50,1300.90,1297.60,0.25,35.40,2.67,2.11,436537,571404178.40,37596
2026-09-15 00:00:00,NATCOPHARM,NATCO PHARMA LTD.,816.95,831.45,812.30,819.15,815.35,0.47,19.15,2.34,0.20,434634,356360767.00,31839
2026-09-15 00:00:00,APLAPOLLO,APL APOLLO TUBES LTD,2157.00,2160.00,2107.70,2119.30,2153.50,-1.59,52.30,2.42,0.16,434016,921753709.30,24611
2026-09-15 00:00:00,ORIENTCEM,ORIENT CEMENT LTD.,125.58,125.99,121.20,121.98,125.58,-2.87,4.79,3.81,0.00,433788,53560889.95,4802
2026-09-15 00:00:00,SAILIFE,SAI LIFE SCIENCES LIMITED,1587.90,1601.00,1535.80,1541.50,1585.00,-2.74,65.20,4.11,0.18,433185,677475798.60,36268
2026-09-15 00:00:00,CAMPUS,CAMPUS ACTIVEWEAR LIMITED,214.50,215.39,207.92,212.90,214.36,-0.68,7.47,3.48,0.07,432209,91401916.94,10409
2026-09-15 00:00:00,ADVIKCA,ADVIK CAPITAL LTD.,1.02,1.02,0.94,0.98,1.02,-3.92,0.08,7.84,0.00,431765,428055.76,428
2026-09-15 00:00:00,DIXON,DIXON TECHNO (INDIA) LTD,13490.00,13575.00,13093.00,13180.00,13425.00,-1.82,482.00,3.57,0.48,431603,5732238151.00,60849
2026-09-15 00:00:00,STYLEBAAZA,BAAZAR STYLE RETAIL LTD,388.05,395.45,374.40,376.05,388.10,-3.10,21.05,5.42,-0.01,431277,164265069.35,7776
2026-09-15 00:00:00,DCXINDIA,DCX SYSTEMS LIMITED,167.60,168.70,160.00,161.62,166.63,-3.01,8.70,5.19,0.58,430267,70209061.10,7962
2026-09-15 00:00:00,CAPILLARY,CAPILLARY TECHNO INDIA L,466.00,477.40,464.80,472.20,461.95,2.22,12.60,2.70,0.88,428715,202703707.00,14382
2026-09-15 00:00:00,FINPIPE,FINOLEX INDUSTRIES LTD,153.67,154.43,150.51,151.33,153.45,-1.38,3.92,2.55,0.14,428132,64899555.47,20054
2026-09-15 00:00:00,AZAD,AZAD ENGINEERING LIMITED,2865.00,2904.20,2692.90,2704.90,2849.10,-5.06,211.30,7.38,0.56,427305,1189967193.60,32355
2026-09-15 00:00:00,AXITA,AXITA COTTON LIMITED,8.03,8.04,7.99,8.00,7.98,0.25,0.05,0.62,0.63,425828,3408355.54,620
2026-09-15 00:00:00,TATAELXSI,TATA ELXSI LIMITED,3450.00,3532.10,3418.10,3440.00,3383.00,1.68,114.00,3.30,1.98,424602,1480523342.50,34122
2026-09-15 00:00:00,EPACK,EPACK DURABLE LIMITED,185.49,186.79,176.72,177.70,185.15,-4.02,10.07,5.43,0.18,422360,76442326.96,8220
2026-09-15 00:00:00,WAKEFIT,WAKEFIT INNOVATIONS LTD,154.27,156.00,147.90,148.61,155.13,-4.20,8.10,5.25,-0.55,422271,64306657.11,6678
2026-09-15 00:00:00,AJMERA,AJMERA REALTY & INF I LTD,117.61,117.61,111.83,114.37,116.75,-2.04,5.78,4.91,0.74,421507,47927558.01,4439
2026-09-15 00:00:00,STAR,STRIDES PHARMA SCI LTD,1183.00,1203.00,1127.00,1150.60,1183.40,-2.77,76.00,6.42,-0.03,421480,495603789.60,38107
2026-09-15 00:00:00,AVL,ADITYA VISION LIMITED,616.45,622.35,595.20,611.20,616.45,-0.85,27.15,4.40,0.00,421337,258425890.80,21570
2026-09-15 00:00:00,SPIC,SPIC LTD,69.00,69.17,67.00,67.38,69.00,-2.35,2.17,3.14,0.00,418875,28576177.02,3073
2026-09-15 00:00:00,RAILTEL,RAILTEL CORP OF IND LTD,259.95,261.30,251.05,252.40,259.90,-2.89,10.25,3.94,0.02,418439,107303306.30,13462
2026-09-15 00:00:00,UNOMINDA,UNO MINDA LIMITED,1212.30,1213.90,1159.70,1159.70,1201.60,-3.49,54.20,4.47,0.89,417139,494385409.00,24348
2026-09-15 00:00:00,INFOBEAN,INFOBEANS TECHNO. LTD.,154.22,161.75,152.15,153.13,154.01,-0.57,9.60,6.22,0.14,416949,65514377.85,5373
2026-09-15 00:00:00,SHANKARA,SHANKARA BLDG PRODUCT LTD,148.40,150.39,147.11,149.83,148.29,1.04,3.28,2.21,0.07,415745,62151008.77,2865
2026-09-15 00:00:00,GRAUWEIL,GRAUER & WEIL IND LTD,75.60,77.00,72.80,73.08,75.60,-3.33,4.20,5.56,0.00,415681,31233923.06,4490
2026-09-15 00:00:00,QPOWER,QUALITY POWER ELEC EQUP L,1456.00,1459.00,1355.20,1355.20,1426.50,-5.00,103.80,7.13,2.07,415519,573805583.60,26652
2026-09-15 00:00:00,PRECWIRE,PRECISION WIRES INDIA LTD,462.90,465.60,435.35,440.05,462.55,-4.86,30.25,6.53,0.08,413745,184398531.65,21736
2026-09-15 00:00:00,GROWWEV,GROWWAMC - GROWWEV,31.66,32.87,31.01,31.48,31.91,-1.35,1.86,5.87,-0.78,410821,13008544.27,3863
2026-09-15 00:00:00,PRESTIGE,PRESTIGE ESTATE LTD,1498.20,1514.90,1417.00,1417.00,1498.00,-5.41,97.90,6.53,0.01,410061,594198216.90,19620
2026-09-15 00:00:00,PVTBANKADD,DSPAMC - DSPPVBKETF,27.97,28.02,27.26,27.64,27.89,-0.90,0.76,2.72,0.29,409732,11385203.07,256
2026-09-15 00:00:00,ARE&M,AMARA RAJA ENERGY MOB LTD,817.95,824.00,794.60,799.55,813.90,-1.76,29.40,3.59,0.50,408139,330365018.60,29434
2026-09-15 00:00:00,MVGJL,MANOJ VAIBHAV GEM N JEW L,197.80,212.00,193.23,196.05,197.37,-0.67,18.77,9.49,0.22,407195,82248464.72,9359
2026-09-15 00:00:00,DYCL,DYNAMIC CABLES LIMITED,459.00,459.75,430.20,432.60,455.45,-5.02,29.55,6.44,0.78,406393,178746829.05,13523
2026-09-15 00:00:00,APOLLOPIPE,APOLLO PIPES LIMITED,553.15,554.15,516.45,520.20,554.90,-6.25,37.70,6.82,-0.32,406249,215507159.25,13600
2026-09-15 00:00:00,CLEANMAX,CLEAN MAX ENVIRO EN SOL L,1429.00,1430.00,1292.60,1321.50,1431.00,-7.65,137.40,9.62,-0.14,405886,542486782.50,40441
2026-09-15 00:00:00,JYOTHYLAB,JYOTHY LABS LIMITED,196.25,197.09,191.00,192.22,195.06,-1.46,6.09,3.10,0.61,405665,78917995.69,10312
2026-09-15 00:00:00,INTELLECT,INTELLECT DESIGN ARENA,684.15,696.60,659.50,662.85,682.60,-2.89,37.10,5.42,0.23,405465,274835433.90,19597
2026-09-15 00:00:00,AETHER,AETHER INDUSTRIES LIMITED,1674.70,1680.00,1567.70,1583.10,1674.70,-5.47,112.30,6.71,0.00,405221,646176253.20,48990
2026-09-15 00:00:00,FRACTAL,FRACTAL ANALYTICS LIMITED,765.95,780.00,743.10,748.10,764.45,-2.14,36.90,4.82,0.20,404374,304971173.30,19883
2026-09-15 00:00:00,MUFIN,MUFIN GREEN FINANCE LTD,135.33,135.90,131.31,132.49,134.76,-1.68,4.59,3.39,0.42,403703,53684473.57,2402
2026-09-15 00:00:00,IONEXCHANG,ION EXCHANGE (INDIA) LTD,446.85,457.20,430.00,432.00,445.70,-3.07,27.20,6.09,0.26,401926,177950390.10,19674
2026-09-15 00:00:00,SAPPHIRE,SAPPHIRE FOODS INDIA LTD,225.95,228.79,221.51,222.37,225.74,-1.49,7.28,3.22,0.09,399696,89638432.00,17121
2026-09-15 00:00:00,MANYAVAR,VEDANT FASHIONS LIMITED,584.00,584.00,556.00,566.65,582.35,-2.70,28.00,4.79,0.28,399110,226732804.70,20515
2026-09-15 00:00:00,TORNTPHARM,TORRENT PHARMACEUTICALS L,4931.00,4959.50,4837.50,4850.00,4965.50,-2.33,122.00,2.47,-0.69,397030,1941997328.50,33214
2026-09-15 00:00:00,AKSHAR,AKSHAR SPINTEX LIMITED,0.41,0.42,0.41,0.41,0.41,0.00,0.01,2.44,0.00,395939,163825.09,180
2026-09-15 00:00:00,PRICOLLTD,PRICOL LIMITED,760.90,760.90,737.00,740.75,761.40,-2.71,23.90,3.14,-0.07,392758,292192733.45,29322
2026-09-15 00:00:00,PERNIASPOP,PURPLE STYLE LABS LIMITED,564.95,565.00,529.20,542.00,569.90,-4.90,35.80,6.34,-0.87,391989,214410314.75,14027
2026-09-15 00:00:00,NIITLTD,NIIT LIMITED,91.77,94.29,86.69,87.32,92.49,-5.59,7.60,8.28,-0.78,391512,35281472.65,5154
2026-09-15 00:00:00,FINKURVE,FINKURVE FINANCIAL SERV L,75.00,76.83,70.30,72.68,72.49,0.26,6.53,8.71,3.46,389220,29019893.78,6021
2026-09-15 00:00:00,GSPCROP,GSP CROP SCIENCE LIMITED,471.25,486.45,465.00,472.35,471.25,0.23,21.45,4.55,0.00,389136,185466301.25,10238
2026-09-15 00:00:00,MSTCLTD,MSTC LIMITED,741.95,746.00,700.00,701.20,738.55,-5.06,46.00,6.20,0.46,387780,276823414.15,14054
2026-09-15 00:00:00,AARTIPHARM,AARTI PHARMALABS LIMITED,831.95,832.00,785.15,789.45,826.95,-4.53,46.85,5.63,0.60,386201,311001790.65,26089
2026-09-15 00:00:00,SINDHUTRAD,SINDHU TRADE LINKS LTD,24.02,24.02,23.23,23.53,23.99,-1.92,0.79,3.29,0.13,385853,9119686.61,887
2026-09-15 00:00:00,GARUDA,GARUDA CONSTRUCT N ENG L,182.90,184.17,175.00,176.05,181.90,-3.22,9.17,5.01,0.55,384253,68783784.03,5964
2026-09-15 00:00:00,WHEELS,WHEELS INDIA LTD,2249.90,2249.90,2084.00,2129.10,2230.10,-4.53,165.90,7.37,0.89,383920,823523833.10,23512
2026-09-15 00:00:00,COHANCE,COHANCE LIFESCIENCES LTD,440.10,443.15,421.35,423.60,440.20,-3.77,21.80,4.95,-0.02,383863,164850735.45,18708
2026-09-15 00:00:00,JAYBARMARU,JAY BHARAT MARUTI LTD,116.65,119.13,110.80,112.34,116.58,-3.64,8.33,7.14,0.06,383222,43367135.75,5051
2026-09-15 00:00:00,AGIIL,AGI INFRA LIMITED,272.95,274.85,255.80,264.15,272.95,-3.22,19.05,6.98,0.00,382898,102811372.95,5329
2026-09-15 00:00:00,SEIL,SHANTI EDU INITIATIVES L,193.50,195.00,188.30,190.09,192.68,-1.34,6.70,3.46,0.43,382765,73268986.61,2313
2026-09-15 00:00:00,CELLO,CELLO WORLD LIMITED,335.45,337.00,325.05,327.55,332.80,-1.58,11.95,3.56,0.80,382117,126304745.15,13022
2026-09-15 00:00:00,OLECTRA,OLECTRA GREENTECH LIMITED,1216.70,1249.00,1166.10,1179.20,1209.50,-2.51,82.90,6.81,0.60,381768,462758614.60,27113
2026-09-15 00:00:00,SARDAEN,SARDA ENERGY & MIN LTD,523.00,525.00,499.50,501.35,524.15,-4.35,25.50,4.88,-0.22,380876,193853639.75,15021
2026-09-15 00:00:00,DIVISLAB,DIVI S LABORATORIES LTD,9367.50,9397.50,9118.50,9198.00,9322.00,-1.33,279.00,2.98,0.49,380826,3516150559.00,79828
2026-09-15 00:00:00,ARTEMISMED,ARTEMIS MED SERVICE LTD,347.50,347.50,326.45,330.55,344.90,-4.16,21.05,6.06,0.75,380378,126595452.75,14773
2026-09-15 00:00:00,RPTECH,RASHI PERIPHERALS LIMITED,815.00,815.00,788.30,797.35,819.65,-2.72,26.70,3.28,-0.57,377031,302016917.75,30565
2026-09-15 00:00:00,LTFOODS,LT FOODS LIMITED,439.90,440.00,420.10,421.05,438.10,-3.89,19.90,4.52,0.41,376661,160824459.20,23400
2026-09-15 00:00:00,JHS,JHS SVEND. LAB. LTD,8.45,9.39,8.45,8.79,8.43,4.27,0.94,11.12,0.24,376577,3384028.91,838
2026-09-15 00:00:00,SURYAROSNI,SURYA ROSHNI LTD,214.40,216.76,208.15,209.80,214.27,-2.09,8.61,4.02,0.06,375749,79822230.10,11788
2026-09-15 00:00:00,KITEX,KITEX GARMENTS LTD,124.72,125.79,118.50,119.13,123.87,-3.83,7.29,5.85,0.69,375463,45527230.59,5215
2026-09-15 00:00:00,WSTCSTPAPR,WEST COAST PAPER MILLS LT,713.00,734.00,705.85,713.30,713.80,-0.07,28.15,3.95,-0.11,375037,269000821.55,15803
2026-09-15 00:00:00,RAJMET,RAJNANDINI METAL LIMITED,3.20,3.35,3.11,3.14,3.20,-1.88,0.24,7.50,0.00,372173,1173169.46,793
2026-09-15 00:00:00,ZEELEARN,ZEE LEARN LIMITED,7.15,7.25,6.60,6.63,6.78,-2.21,0.65,9.09,5.46,371367,2553831.40,774
2026-09-15 00:00:00,KEI,KEI INDUSTRIES LTD.,4570.00,4574.50,4449.00,4500.00,4578.00,-1.70,125.50,2.75,-0.17,371320,1669428193.00,33443
2026-09-15 00:00:00,GICRE,GENERAL INS CORP OF INDIA,350.00,350.20,337.10,338.20,349.40,-3.21,13.10,3.74,0.17,370114,126800504.95,13004
2026-09-15 00:00:00,VASCONEQ,VASCON ENGINEERS LTD,30.05,30.48,28.86,29.10,30.08,-3.26,1.62,5.39,-0.10,368759,10935024.22,1468
2026-09-15 00:00:00,TRANSRAILL,TRANSRAIL LIGHTING LTD,415.50,418.50,402.00,404.90,410.35,-1.33,16.50,3.97,1.26,368086,150533186.95,19066
2026-09-15 00:00:00,PHOENIXLTD,THE PHOENIX MILLS LTD,1890.00,1890.00,1833.60,1833.60,1890.00,-2.98,56.40,2.98,0.00,366872,683368710.70,44483
2026-09-15 00:00:00,ANDHRSUGAR,ANDHRA SUGARS LTD,97.60,97.60,94.00,94.66,96.38,-1.78,3.60,3.69,1.27,366347,34978093.35,4827
2026-09-15 00:00:00,INDSWFTLAB,IND SWIFT LABORATORIES LT,394.45,394.60,376.00,378.75,385.35,-1.71,18.60,4.72,2.36,366134,139828483.45,7619
2026-09-15 00:00:00,BLUEJET,BLUE JET HEALTHCARE LTD,572.00,572.00,548.10,550.65,568.55,-3.15,23.90,4.18,0.61,364930,202757655.90,19311
2026-09-15 00:00:00,MCLEODRUSS,MCLEOD RUSSEL INDIA LTD.,43.11,43.69,41.15,41.57,43.28,-3.95,2.54,5.89,-0.39,364882,15472562.82,1868
2026-09-15 00:00:00,SHALBY,SHALBY LIMITED,144.78,149.00,136.35,137.21,144.78,-5.23,12.65,8.74,0.00,364825,51545589.26,4477
2026-09-15 00:00:00,GROWWCAPM,GROWWAMC - GROWWCAPM,11.28,11.39,11.06,11.10,11.28,-1.60,0.33,2.93,0.00,363928,4069966.94,1385
2026-09-15 00:00:00,HAMPTON,HAMPTON SKY REALTY LTD.,8.10,8.38,7.33,7.95,8.05,-1.24,1.05,12.96,0.62,363072,3023429.17,114
2026-09-15 00:00:00,RADIANTCMS,RADIANT CASH MGMT SER LTD,36.17,36.62,34.95,35.89,35.99,-0.28,1.67,4.62,0.50,362902,13002226.47,1724
2026-09-15 00:00:00,OBEROIRLTY,OBEROI REALTY LIMITED,1746.00,1749.50,1668.50,1668.50,1741.10,-4.17,81.00,4.64,0.28,362748,615273662.10,34922
2026-09-15 00:00:00,NV20,KOTAKMAMC - KTKNV20ETF,13.56,13.81,13.47,13.51,13.56,-0.37,0.34,2.51,0.00,362180,4924726.61,479
2026-09-15 00:00:00,VGL,VARVEE GLOBAL LIMITED,66.82,70.49,64.05,66.21,66.82,-0.91,6.44,9.64,0.00,361556,24475398.36,2599
2026-09-15 00:00:00,ADVENTHTL,ADVENT HOTELS INTERNATI L,128.67,136.00,125.11,126.42,128.56,-1.66,10.89,8.46,0.09,361220,47031321.90,6799
2026-09-15 00:00:00,PREMIERPOL,PREMIER POLYFILM LTD,85.99,86.06,80.16,81.90,85.91,-4.67,5.90,6.86,0.09,359684,29679050.49,4458
2026-09-15 00:00:00,HDFCNIFIT,HDFCAMC - HDFCNIFIT,31.90,32.49,31.30,31.64,31.01,2.03,1.19,3.73,2.87,358822,11449912.87,548
2026-09-15 00:00:00,INVENTURE,INVENTURE GRO & SEC LTD,0.93,0.93,0.91,0.91,0.92,-1.09,0.02,2.15,1.09,357866,327785.93,422
2026-09-15 00:00:00,TURTLEMINT,TURTLEMINT FINTECH SOLS L,137.30,138.39,130.00,131.04,136.12,-3.73,8.39,6.11,0.87,357604,47509427.00,6204
2026-09-15 00:00:00,VAISHALI,VAISHALI PHARMA LIMITED,9.25,9.25,8.81,9.02,8.77,2.85,0.44,4.76,5.47,357226,3253755.61,584
2026-09-15 00:00:00,AVALON,AVALON TECHNOLOGIES LTD,2272.70,2312.00,2150.20,2160.70,2264.50,-4.58,161.80,7.12,0.36,355969,786144291.00,36683
2026-09-15 00:00:00,INDOCO,INDOCO REMEDIES LTD.,263.02,265.92,238.50,241.39,263.02,-8.22,27.42,10.43,0.00,354504,88193966.58,9676
2026-09-15 00:00:00,SULA,SULA VINEYARDS LIMITED,138.00,138.89,134.00,134.14,136.38,-1.64,4.89,3.54,1.19,354017,47781120.36,6010
2026-09-15 00:00:00,EICHERMOT,EICHER MOTORS LTD,7567.50,7570.50,7440.00,7452.50,7530.00,-1.03,130.50,1.72,0.50,353472,2645483425.50,45085
2026-09-15 00:00:00,SALSTEEL,S.A.L. STEEL LTD.,75.55,75.55,71.07,71.07,74.81,-5.00,4.48,5.93,0.99,351889,25266347.88,2476
2026-09-15 00:00:00,CEMNTGROWW,GROWWAMC - CEMNTGROWW,14.37,14.48,13.88,13.95,14.37,-2.92,0.60,4.18,0.00,351863,4937072.88,1349
2026-09-15 00:00:00,IKIO,IKIO TECHNOLOGIES LIMITED,223.85,223.87,210.00,211.06,223.87,-5.72,13.87,6.20,-0.01,350513,75516004.60,7979
2026-09-15 00:00:00,OSWALPUMPS,OSWAL PUMPS LIMITED,282.45,289.20,274.30,275.45,282.45,-2.48,14.90,5.28,0.00,347502,97096763.70,7317
2026-09-15 00:00:00,SIEMENS,SIEMENS LTD,3957.40,3964.00,3770.00,3770.00,3957.00,-4.73,194.00,4.90,0.01,347469,1335321773.10,33063
2026-09-15 00:00:00,VIVIDHA,VISAGAR POLYTEX LTD,0.51,0.57,0.51,0.52,0.51,1.96,0.06,11.76,0.00,347149,184770.63,290
2026-09-15 00:00:00,JINDALPOLY,JINDAL POLY FILMS LIMITED,671.30,738.40,666.00,737.90,671.30,9.92,72.40,10.79,0.00,346025,251539604.85,7097
2026-09-15 00:00:00,ORIENTTECH,ORIENT TECHNOLOGIES LTD,249.64,256.00,240.25,242.28,249.64,-2.95,15.75,6.31,0.00,345230,85175786.74,10740
2026-09-15 00:00:00,AKUMS,AKUMS DRUGS AND PHARMA L,780.25,792.00,762.15,765.65,776.35,-1.38,29.85,3.83,0.50,345164,268352832.65,26631
2026-09-15 00:00:00,JSFB,JANA SMALL FIN BANK LTD,517.50,527.70,486.95,488.65,516.85,-5.46,40.75,7.87,0.13,344324,172904117.45,14394
2026-09-15 00:00:00,UNITDSPR,UNITED SPIRITS LIMITED,1392.10,1403.60,1370.60,1370.60,1395.00,-1.75,33.00,2.37,-0.21,343060,475533207.40,28185
2026-09-15 00:00:00,UTLSOLAR,FUJIYAMA POWER SYSTEMS L,445.00,447.80,419.05,421.90,447.80,-5.78,28.75,6.46,-0.63,342061,145607485.10,19578
2026-09-15 00:00:00,ORIENTPPR,ORIENT PAPER AND INDS LTD,17.78,17.94,16.60,16.69,17.78,-6.13,1.34,7.54,0.00,341559,5806837.45,1491
2026-09-15 00:00:00,CONSUMER,MIRAEAMC - CONSUMER,12.06,12.06,11.58,11.61,11.82,-1.78,0.48,3.98,2.03,341421,3999429.82,722
2026-09-15 00:00:00,MASTEK,MASTEK LTD,1661.00,1743.00,1642.10,1652.10,1626.30,1.59,100.90,6.07,2.13,341353,578800271.80,37847
2026-09-15 00:00:00,CRAMC,CANARA ROBECO AMC LIMITED,240.35,241.00,231.10,232.40,238.90,-2.72,9.90,4.12,0.61,341060,80421104.55,8047
2026-09-15 00:00:00,EIDPARRY,EID PARRY INDIA LTD,721.00,721.00,700.05,702.75,721.05,-2.54,20.95,2.91,-0.01,339905,240096017.75,24768
2026-09-15 00:00:00,PENIND,PENNAR INDUSTRIES LTD,175.54,175.58,166.69,167.30,175.54,-4.69,8.89,5.06,0.00,338236,57585300.66,9432
2026-09-15 00:00:00,CARTRADE,CARTRADE TECH LIMITED,3090.00,3170.20,3001.10,3017.10,3087.90,-2.29,169.10,5.47,0.07,337654,1044727686.40,46234
2026-09-15 00:00:00,SYNGENE,SYNGENE INTERNATIONAL LTD,382.95,383.80,377.25,378.85,382.65,-0.99,6.55,1.71,0.08,337576,128244893.75,12261
2026-09-15 00:00:00,JAICORPLTD,JAI CORP LIMITED,97.40,97.40,92.30,92.64,95.73,-3.23,5.10,5.24,1.74,336929,31664365.52,4118
2026-09-15 00:00:00,ULTRACEMCO,ULTRATECH CEMENT LIMITED,11045.00,11045.00,10697.00,10697.00,11000.00,-2.75,348.00,3.15,0.41,335172,3621395214.00,51589
2026-09-15 00:00:00,MUTHOOTMF,MUTHOOT MICROFIN LIMITED,196.48,199.31,183.60,187.61,196.48,-4.51,15.71,8.00,0.00,333669,63942317.46,6047
2026-09-15 00:00:00,ACE,ACTION CONST EQUIP LTD,1135.00,1141.50,1105.00,1132.10,1129.00,0.27,36.50,3.22,0.53,332640,375397917.30,25282
2026-09-15 00:00:00,BANKNIFTY1,KOTAKMAMC-KOTAKBKETF,59.08,59.21,58.00,58.06,58.70,-1.09,1.21,2.05,0.65,332242,19407026.53,1590
2026-09-15 00:00:00,JARO,JARO INS OF TEC MG N RE L,457.00,478.20,454.05,469.95,454.05,3.50,24.15,5.28,0.65,330906,155252071.90,13019
2026-09-15 00:00:00,LAXMIINDIA,LAXMI INDIA FINANCE LTD,128.00,130.00,120.30,121.59,129.07,-5.80,9.70,7.58,-0.83,330864,41223821.02,5720
2026-09-15 00:00:00,APOLLOTYRE,APOLLO TYRES LTD,415.00,417.75,405.05,406.20,417.65,-2.74,12.70,3.06,-0.63,329820,135405799.95,18719
2026-09-15 00:00:00,VISHWARAJ,VISHWARAJ SUGAR IND LTD,5.47,5.48,5.33,5.37,5.38,-0.19,0.15,2.74,1.67,329218,1771910.38,564
2026-09-15 00:00:00,MAHSEAMLES,MAHARASHTRA SEAMLESS LTD,735.00,738.60,696.00,701.10,728.90,-3.81,42.60,5.80,0.84,328878,233415708.80,22713
2026-09-15 00:00:00,GROWWMOM50,GROWWAMC - GROWWMOM50,11.14,11.14,10.62,10.65,11.02,-3.36,0.52,4.67,1.09,325305,3505439.36,1133
2026-09-15 00:00:00,KUANTUM,KUANTUM PAPERS LIMITED,76.88,80.49,75.15,75.99,76.43,-0.58,5.34,6.95,0.59,324561,25232744.49,3867
2026-09-15 00:00:00,KPEL,K.P. ENERGY LIMITED,215.90,219.94,208.15,210.24,214.91,-2.17,11.79,5.46,0.46,324350,69254690.03,8092
2026-09-15 00:00:00,SUNTV,SUN TV NETWORK LIMITED,476.00,476.00,461.15,464.25,476.00,-2.47,14.85,3.12,0.00,323101,151751450.00,16955
2026-09-15 00:00:00,CRIZAC,CRIZAC LIMITED,190.00,192.00,178.12,179.89,186.68,-3.64,13.88,7.31,1.78,323052,58707991.07,7514
2026-09-15 00:00:00,SURYODAY,SURYODAY SMALL FIN BK LTD,148.05,150.36,143.43,144.81,148.05,-2.19,6.93,4.68,0.00,322480,47248815.09,4175
2026-09-15 00:00:00,PNBHOUSING,PNB HOUSING FIN LTD.,1178.80,1178.90,1135.90,1145.00,1178.90,-2.88,43.00,3.65,-0.01,321850,369238315.50,18970
2026-09-15 00:00:00,NUVOCO,NUVOCO VISTAS CORP LTD,330.15,330.95,312.05,313.75,330.15,-4.97,18.90,5.72,0.00,321519,102406993.80,14864
2026-09-15 00:00:00,CAPACITE,CAPACITE INFRAPROJECT LTD,191.00,196.53,187.75,189.57,191.98,-1.26,8.78,4.60,-0.51,319841,61295010.58,7114
2026-09-15 00:00:00,JINDRILL,JINDAL DRILLING IND. LTD,640.00,643.80,596.00,598.65,633.25,-5.46,47.80,7.47,1.07,319605,196110752.15,12825
2026-09-15 00:00:00,INDGN,INDEGENE LIMITED,581.80,584.85,568.30,571.50,578.35,-1.18,16.55,2.84,0.60,317962,182538838.45,20544
2026-09-15 00:00:00,HDFCMOMENT,HDFCAMC - HDFCMOMENT,30.92,31.07,29.96,30.05,30.91,-2.78,1.11,3.59,0.03,317341,9629654.08,1710
2026-09-15 00:00:00,AJOONI,AJOONI BIOTECH LIMITED,3.42,3.49,3.36,3.43,3.47,-1.15,0.13,3.80,-1.44,317027,1085973.05,670
2026-09-15 00:00:00,CEIGALL,CEIGALL INDIA LIMITED,382.35,383.40,370.00,382.25,380.40,0.49,13.40,3.50,0.51,317006,119472461.15,6440
2026-09-15 00:00:00,TIMEX,TIMEX GROUP INDIA LTD.,637.25,637.25,600.00,605.65,631.70,-4.12,37.25,5.85,0.88,315563,194252515.10,23129
2026-09-15 00:00:00,MAYURUNIQ,MAYUR UNIQUOTERS LTD,743.30,770.75,725.00,745.20,740.05,0.70,45.75,6.15,0.44,314452,236809049.55,14427
2026-09-15 00:00:00,KABRAEXTRU,KABRA EXTRUSION TECHNIK L,741.90,741.90,650.85,650.85,723.15,-10.00,91.05,12.27,2.59,313142,209799570.20,10465
2026-09-15 00:00:00,GREENPANEL,GREENPANEL INDUSTRIES LTD,155.85,155.85,150.25,151.24,153.60,-1.54,5.60,3.59,1.46,312484,47783377.81,6743
2026-09-15 00:00:00,PROZONER,PROZONE REALTY LIMITED,52.12,53.49,51.12,52.72,52.88,-0.30,2.37,4.55,-1.44,311137,16343415.43,2148
2026-09-15 00:00:00,SHREEPUSHK,SHRE PUSH CHEM & FERT LTD,487.50,524.00,470.00,501.45,486.90,2.99,54.00,11.08,0.12,310949,155630402.30,14712
2026-09-15 00:00:00,63MOONS,63 MOONS TECHNOLOGIES LTD,911.70,914.25,858.10,864.00,908.90,-4.94,56.15,6.16,0.31,310775,273953993.85,13943
2026-09-15 00:00:00,HUBTOWN,HUBTOWN LIMITED,182.28,182.28,172.20,173.18,181.21,-4.43,10.08,5.53,0.59,309472,54582045.93,4173
2026-09-15 00:00:00,PRABHA,PRABHA ENERGY LIMITED,247.40,251.00,235.25,239.42,244.64,-2.13,15.75,6.37,1.13,307312,74881497.44,3811
2026-09-15 00:00:00,AURIONPRO,AURIONPRO SOLN LTD,691.00,725.95,687.00,698.65,680.85,2.61,38.95,5.64,1.49,306875,217930718.80,15618
2026-09-15 00:00:00,NEPHROPLUS,NEPHROCARE HEALTH SERV L,770.00,774.95,725.00,734.95,765.35,-3.97,49.95,6.49,0.61,306493,227640277.85,25012
2026-09-15 00:00:00,JSLL,JEENA SIKHO LIFECARE LTD,514.80,515.00,497.00,500.25,511.85,-2.27,18.00,3.50,0.58,305700,154037923.70,12989
2026-09-15 00:00:00,BAJEL,BAJEL PROJECTS LIMITED,178.67,182.60,168.01,168.87,179.89,-6.13,14.59,8.17,-0.68,305666,52728987.04,6960
2026-09-15 00:00:00,IIFLCAPS,IIFL CAPITAL SERVICES LTD,340.00,340.40,335.45,336.50,339.05,-0.75,4.95,1.46,0.28,305457,103079445.40,8386
2026-09-15 00:00:00,ENRIN,SIEMENS ENERGY INDIA LTD,3200.00,3200.00,3010.00,3028.70,3181.30,-4.80,190.00,5.94,0.59,304976,941390675.80,44977
2026-09-15 00:00:00,CUMMINSIND,CUMMINS INDIA LTD,5070.00,5121.50,4874.00,4874.00,5070.00,-3.87,247.50,4.88,0.00,304824,1508397179.00,48707
2026-09-15 00:00:00,WEWORK,WEWORK INDIA MANAGEMENT L,666.15,680.00,666.15,673.55,670.25,0.49,13.85,2.08,-0.61,304823,205306352.30,28888
2026-09-15 00:00:00,SOUTHWEST,SOUTH WEST PINNACLE LTD,213.35,213.35,200.05,201.59,213.35,-5.51,13.30,6.23,0.00,304793,62367915.92,7198
2026-09-15 00:00:00,PFS,PTC INDIA FIN SERV LTD,27.44,27.49,26.41,26.51,27.42,-3.32,1.08,3.94,0.07,303757,8143915.86,1814
2026-09-15 00:00:00,BLSE,BLS E-SERVICES LIMITED,313.00,315.95,307.25,310.10,312.80,-0.86,8.70,2.78,0.06,302523,94073892.85,6628
2026-09-15 00:00:00,POLYCAB,POLYCAB INDIA LIMITED,8258.50,8294.50,8115.00,8143.50,8241.00,-1.18,179.50,2.17,0.21,301764,2471766944.00,44287
2026-09-15 00:00:00,REGAAL,REGAAL RESOURCES LIMITED,84.00,84.86,79.02,79.72,83.71,-4.77,5.84,6.95,0.35,301749,24460591.64,2843
2026-09-15 00:00:00,FISCHER,FISCHER MEDICAL VENTURE L,35.95,35.98,33.70,34.02,35.87,-5.16,2.28,6.34,0.22,300708,10436968.60,1880
2026-09-15 00:00:00,MUNJALAU,MUNJAL AUTO IND. LTD.,106.64,108.24,103.09,103.80,106.64,-2.66,5.15,4.83,0.00,299371,31401232.42,4760
2026-09-15 00:00:00,MIRZAINT,MIRZA INTERNATIONAL LIMIT,30.63,31.48,29.03,29.40,30.63,-4.02,2.45,8.00,0.00,299174,8965349.38,2495
2026-09-15 00:00:00,ASHAPURMIN,ASHAPURA MINECHEM LTD,542.80,546.80,515.65,518.40,542.90,-4.51,31.15,5.74,-0.02,299127,158012627.70,17912
2026-09-15 00:00:00,AVONMORE,AVONMORE CAP&MGT SERV LTD,14.00,14.29,13.66,13.79,14.00,-1.50,0.63,4.50,0.00,298526,4179060.65,932
2026-09-15 00:00:00,SHK,S H KELKAR AND CO. LTD.,141.20,141.88,135.00,135.89,141.22,-3.77,6.88,4.87,-0.01,298458,41331742.13,5253
2026-09-15 00:00:00,HAZOOR,HAZOOR MULTI PROJECTS LTD,19.02,19.51,18.50,18.74,19.22,-2.50,1.01,5.31,-1.04,297628,5634926.84,829
2026-09-15 00:00:00,LCL,LOHIA CORP LIMITED,550.20,551.70,532.15,535.50,553.05,-3.17,19.55,3.55,-0.52,297525,160281317.00,11905
2026-09-15 00:00:00,NIITMTS,NIIT LEARNING SYSTEMS LTD,231.98,238.45,227.82,232.02,229.84,0.95,10.63,4.58,0.93,297370,69315399.23,11091
2026-09-15 00:00:00,ACI,ARCHEAN CHEMICAL IND LTD,476.70,478.00,453.05,455.25,470.45,-3.23,24.95,5.23,1.33,295921,136097343.80,15469
2026-09-15 00:00:00,KAMOPAINTS,KAMDHENU VENTURES LIMITED,4.45,4.45,4.02,4.22,4.33,-2.54,0.43,9.66,2.77,295047,1246537.53,878
2026-09-15 00:00:00,BHARATFORG,BHARAT FORGE LTD,1944.90,1950.00,1869.10,1877.20,1944.90,-3.48,80.90,4.16,0.00,293090,556279096.80,34305
2026-09-15 00:00:00,PANACEABIO,PANACEA BIOTEC LTD,396.95,396.95,371.00,375.75,397.65,-5.51,25.95,6.54,-0.18,292361,112178725.85,8832
2026-09-15 00:00:00,CMLL,CALIBER MINING AND LOG L,475.50,486.30,467.00,474.70,474.15,0.12,19.30,4.06,0.28,292036,139137258.90,9730
2026-09-15 00:00:00,PVRINOX,PVR INOX LIMITED,1234.90,1234.90,1206.20,1221.00,1237.10,-1.30,28.70,2.32,-0.18,291985,356976779.90,19143
2026-09-15 00:00:00,AMAGI,AMAGI MEDIA LABS LIMITED,581.25,587.85,567.05,569.40,578.35,-1.55,20.80,3.58,0.50,291602,168053690.00,14489
2026-09-15 00:00:00,ROTO,ROTO PUMPS LIMITED,63.80,64.68,62.57,63.01,64.29,-1.99,2.11,3.31,-0.76,289946,18420881.98,2671
2026-09-15 00:00:00,SHRIRAMPPS,SHRIRAM PROPERTIES LTD,72.22,72.60,70.20,70.41,71.83,-1.98,2.40,3.32,0.54,287955,20419702.51,2775
2026-09-15 00:00:00,PIIND,PI INDUSTRIES LTD,2260.00,2288.30,2240.50,2255.00,2259.00,-0.18,47.80,2.12,0.04,286400,647251424.50,18900
2026-09-15 00:00:00,MARUTI,MARUTI SUZUKI INDIA LTD.,12470.00,12470.00,12231.00,12231.00,12400.00,-1.36,239.00,1.92,0.56,286167,3533602385.00,59948
2026-09-15 00:00:00,TATACOMM,TATA COMMUNICATIONS LTD,1767.90,1819.80,1742.40,1748.20,1761.60,-0.76,77.40,4.38,0.36,285951,511973129.80,32861
2026-09-15 00:00:00,PROSTARM,PROSTARM INFO SYSTEMS LTD,132.80,133.57,125.11,126.04,133.63,-5.68,8.46,6.37,-0.62,284943,36510315.00,3741
2026-09-15 00:00:00,HEIDELBERG,HEIDELBERGCEMENT (I) LTD,153.50,154.00,145.10,145.97,149.80,-2.56,8.90,5.80,2.47,283324,42198091.40,3996
2026-09-15 00:00:00,CMRGREEN,CMR GREEN TECHNOLOGIES L,217.90,224.83,211.39,212.76,216.58,-1.76,13.44,6.17,0.61,282768,60847623.56,6001
2026-09-15 00:00:00,AVANTIFEED,AVANTI FEEDS LIMITED,798.50,805.70,769.35,771.95,798.60,-3.34,36.35,4.55,-0.01,282723,221638683.55,16252
2026-09-15 00:00:00,ICIL,INDO COUNT INDUSTRIES LTD,443.25,444.35,423.10,427.10,443.25,-3.64,21.25,4.79,0.00,281524,122517395.95,13589
2026-09-15 00:00:00,CLEAN,CLEAN SCIENCE & TECH LTD,843.45,850.80,815.50,820.30,842.05,-2.58,35.30,4.19,0.17,281497,233492769.75,18006
2026-09-15 00:00:00,AVTNPL,AVT NATURAL PRODUCTS LTD,89.40,90.19,84.54,86.24,90.13,-4.32,5.65,6.32,-0.81,279706,24231440.27,3220
2026-09-15 00:00:00,AIIL,AUTHUM INVEST & INFRA LTD,539.00,539.00,524.20,529.85,544.35,-2.66,14.80,2.75,-0.98,279515,148758420.05,14196
2026-09-15 00:00:00,ONIXSOLAR,ONIX SOLAR ENERGY LTD.,416.75,436.00,416.75,416.75,438.65,-4.99,19.25,4.62,-4.99,279187,116632869.80,942
2026-09-15 00:00:00,PRAKASHSTL,PRAKASH STEELAGE LTD,3.73,3.92,3.48,3.56,3.75,-5.07,0.44,11.80,-0.53,278843,1022125.82,818
2026-09-15 00:00:00,VARROC,VARROC ENGINEERING LTD.,872.00,884.50,831.15,836.00,872.00,-4.13,53.35,6.12,0.00,278443,236625512.45,21359
2026-09-15 00:00:00,SANSERA,SANSERA ENGINEERING LTD,4155.00,4183.60,3820.00,3871.70,4129.90,-6.25,363.60,8.75,0.61,276179,1095715388.90,45368
2026-09-15 00:00:00,GLENMARK,GLENMARK PHARMACEUTICALS,2420.80,2429.80,2346.60,2371.70,2419.20,-1.96,83.20,3.44,0.07,275789,657483323.00,30418
2026-09-15 00:00:00,FMGOETZE,FEDERAL-MOGUL GOETZE (IND,466.25,466.40,441.00,445.65,461.00,-3.33,25.40,5.45,1.14,274593,123243268.65,9760
2026-09-15 00:00:00,IPCALAB,IPCA LABORATORIES LTD,1976.70,1995.90,1924.00,1932.40,1968.50,-1.83,71.90,3.64,0.42,274487,536245068.10,41195
2026-09-15 00:00:00,LANCER,LANCER CONTAINER LINES L,13.18,13.18,12.40,12.47,12.74,-2.12,0.78,5.92,3.45,274163,3467856.58,812
2026-09-15 00:00:00,STARCEMENT,STAR CEMENT LIMITED,195.14,195.91,184.00,184.93,195.14,-5.23,11.91,6.10,0.00,272570,51790764.00,6182
2026-09-15 00:00:00,SGFIN,SG FINSERVE LIMITED,665.00,666.00,625.00,629.75,660.75,-4.69,41.00,6.17,0.64,272203,174355559.00,12644
2026-09-15 00:00:00,GRSE,GARDEN REACH SHIP&ENG LTD,2434.50,2437.60,2350.00,2358.80,2427.50,-2.83,87.60,3.60,0.29,270785,644202228.80,26926
2026-09-15 00:00:00,CEMPRO,CEMINDIA PROJECTS LIMITED,1246.00,1285.70,1196.00,1207.10,1244.30,-2.99,89.70,7.20,0.14,270250,332628835.30,24364
2026-09-15 00:00:00,UNIMECH,UNIMECH AEROSPACE N MFG L,1625.00,1631.40,1533.00,1538.50,1610.00,-4.44,98.40,6.06,0.93,269490,421609501.70,30475
2026-09-15 00:00:00,NEOGEN,NEOGEN CHEMICALS LIMITED,2381.00,2399.80,2234.30,2310.30,2373.00,-2.64,165.50,6.95,0.34,264415,613627104.70,35847
2026-09-15 00:00:00,ACUTAAS,ACUTAAS CHEMICALS LIMITED,3384.00,3447.60,3232.20,3266.20,3383.70,-3.47,215.40,6.37,0.01,264234,879101855.70,47895
2026-09-15 00:00:00,DBOL,DHAMPUR BIO ORGANICS LTD,117.94,121.23,111.00,113.26,118.55,-4.46,10.23,8.67,-0.51,264141,30403180.53,3326
2026-09-15 00:00:00,SUMICHEM,SUMITOMO CHEM INDIA LTD,478.20,479.55,450.25,451.95,476.40,-5.13,29.30,6.13,0.38,263903,121668450.10,14783
2026-09-15 00:00:00,RITES,RITES LIMITED,209.60,211.19,205.55,206.53,209.15,-1.25,5.64,2.69,0.22,262779,54785531.57,11001
2026-09-15 00:00:00,RATEGAIN,RATEGAIN TRAVEL TECHN LTD,879.00,897.00,868.65,878.65,878.25,0.05,28.35,3.23,0.09,262687,232106372.10,13386
2026-09-15 00:00:00,NAVKARCORP,NAVKAR CORPORATION LTD.,93.58,93.90,90.60,91.58,93.58,-2.14,3.30,3.53,0.00,261219,23990681.62,3024
2026-09-15 00:00:00,NAVA,NAVA LIMITED,552.10,561.85,533.90,536.95,551.85,-2.70,27.95,5.06,0.05,261101,142663708.65,20468
2026-09-15 00:00:00,DEN,DEN NETWORKS LTD,26.98,27.19,26.51,26.62,26.98,-1.33,0.68,2.52,0.00,260934,6977998.61,1109
2026-09-15 00:00:00,KHAICHEM,KHAITAN CHEM & FERT LTD,54.43,54.50,50.11,50.60,54.03,-6.35,4.39,8.07,0.74,260512,13414754.71,2516
2026-09-15 00:00:00,ZYDUSWELL,ZYDUS WELLNESS LIMITED,549.35,558.45,544.35,549.95,552.00,-0.37,14.10,2.57,-0.48,260004,143195905.00,24968
2026-09-15 00:00:00,SILGO,SILGO RETAIL LIMITED,70.53,71.36,68.41,69.08,70.01,-1.33,2.95,4.18,0.74,259419,18148553.08,1261
2026-09-15 00:00:00,INDRAMEDCO,INDRAPRASTHA MEDICAL CORP,355.00,360.00,351.35,354.55,355.00,-0.13,8.65,2.44,0.00,259219,92131962.90,9105
2026-09-15 00:00:00,WARDINMOBI,WARDWIZARD INNO & MOB L,5.72,5.92,5.60,5.62,5.72,-1.75,0.32,5.59,0.00,258296,1459881.10,785
2026-09-15 00:00:00,PIRAMALFIN,PIRAMAL FINANCE LIMITED,2299.00,2299.00,2214.00,2224.40,2255.60,-1.38,85.00,3.70,1.92,257641,580883386.80,26078
2026-09-15 00:00:00,MAXESTATES,MAX ESTATES LIMITED,559.75,571.50,542.00,568.90,560.45,1.51,29.50,5.27,-0.12,257350,144315664.60,5663
2026-09-15 00:00:00,BALAMINES,BALAJI AMINES LIMITED,2288.00,2288.00,2093.00,2105.70,2276.50,-7.50,195.00,8.52,0.51,256830,554355543.50,27373
2026-09-15 00:00:00,JKPAPER,JK PAPER LIMITED,414.25,417.00,400.00,402.10,414.25,-2.93,17.00,4.10,0.00,256584,104754991.75,8639
2026-09-15 00:00:00,HTMEDIA,HT MEDIA LIMITED,25.36,25.49,22.81,23.55,24.92,-5.50,2.68,10.57,1.77,254895,6118791.48,628
2026-09-15 00:00:00,ALKEM,ALKEM LABORATORIES LTD.,5170.00,5290.00,5140.50,5161.00,5087.50,1.44,149.50,2.89,1.62,253213,1327494447.00,31431
2026-09-15 00:00:00,PRSMJOHNSN,PRISM JOHNSON LIMITED,112.80,113.69,111.56,112.14,113.35,-1.07,2.13,1.89,-0.49,251455,28207197.91,2725
2026-09-15 00:00:00,VINNY,VINNY OVERSEAS LIMITED,0.99,0.99,0.97,0.97,0.97,0.00,0.02,2.02,2.06,250857,245680.02,265
2026-09-15 00:00:00,GOKULAGRO,GOKUL AGRO RESOURCES LTD,226.18,226.89,218.00,218.69,226.76,-3.56,8.89,3.93,-0.26,250526,55595493.11,7448
2026-09-15 00:00:00,JGCHEM,J.G.CHEMICALS LIMITED,598.45,600.00,561.10,564.65,592.05,-4.63,38.90,6.50,1.08,249766,143170804.80,10264
2026-09-15 00:00:00,NH,NARAYANA HRUDAYALAYA LTD.,1899.00,1914.90,1878.90,1894.90,1869.20,1.37,36.00,1.90,1.59,249620,474608029.40,39145
2026-09-15 00:00:00,ADVENZYMES,ADVANCED ENZYME TECH LTD,293.40,297.00,286.15,287.70,293.40,-1.94,10.85,3.70,0.00,247159,72313553.45,4964
2026-09-15 00:00:00,APOLLOHOSP,APOLLO HOSPITALS ENTER. L,8937.00,8950.50,8714.00,8714.00,8836.00,-1.38,236.50,2.65,1.14,247091,2181536220.00,42293
2026-09-15 00:00:00,EVINDIA,MIRAEAMC - EVINDIA,32.78,32.78,31.41,31.50,31.99,-1.53,1.37,4.18,2.47,246999,7861944.37,3272
2026-09-15 00:00:00,MIDSMALL,MIRAEAMC - MIDSMALL,51.56,51.67,50.16,50.28,51.56,-2.48,1.51,2.93,0.00,246418,12473562.12,5444
2026-09-15 00:00:00,RHETAN,RHETAN TMT LIMITED,22.81,22.81,22.81,22.81,24.01,-5.00,0.00,0.00,-5.00,246294,5617966.14,682
2026-09-15 00:00:00,PRECAM,PRECISION CAMSHAFTS LTD.,117.06,118.17,112.40,113.69,116.81,-2.67,5.77,4.93,0.21,244954,28077576.35,4371
2026-09-15 00:00:00,SUNTECK,SUNTECK REALTY LIMITED,289.00,289.95,275.00,276.20,288.00,-4.10,14.95,5.17,0.35,243697,68399375.20,5701
2026-09-15 00:00:00,SOTL,SAVITA OIL TECHNOLO. LTD,715.80,723.00,684.00,688.30,716.25,-3.90,39.00,5.45,-0.06,243431,169377719.00,15669
2026-09-15 00:00:00,RADICO,RADICO KHAITAN LTD,4370.10,4431.00,4298.80,4360.00,4368.10,-0.19,132.20,3.03,0.05,242365,1058438903.10,36247
2026-09-15 00:00:00,LEMERITE,LE MERITE EXPORTS LIMITED,20.41,20.95,20.06,20.06,21.11,-4.97,0.89,4.36,-3.32,242138,4939396.07,626
2026-09-15 00:00:00,EXXARO,EXXARO TILES LIMITED,6.38,6.48,6.20,6.35,6.38,-0.47,0.28,4.39,0.00,241706,1526782.87,577
2026-09-15 00:00:00,HUHTAMAKI,HUHTAMAKI INDIA LIMITED,258.00,258.00,239.45,242.15,254.40,-4.82,18.55,7.19,1.42,241632,59243099.60,5217
2026-09-15 00:00:00,CHEMPLASTS,CHEMPLAST SANMAR LIMITED,173.50,174.45,164.29,165.12,171.35,-3.64,10.16,5.86,1.25,241434,40533269.03,6348
2026-09-15 00:00:00,DCMSRIND,DCM SHRIRAM IND LTD,41.10,41.10,38.16,38.56,40.56,-4.93,2.94,7.15,1.33,241420,9430809.46,2470
2026-09-15 00:00:00,GLOBE,GLOBE ENTERPRISE (I) LTD,1.81,1.85,1.76,1.76,1.81,-2.76,0.09,4.97,0.00,241250,435073.81,340
2026-09-15 00:00:00,UTTAMSUGAR,UTTAM SUGAR MILLS LTD.,278.90,280.70,255.50,256.65,279.85,-8.29,25.20,9.04,-0.34,240789,63673814.20,7753
2026-09-15 00:00:00,TNPL,TAMILNADU NEWSPRT & PAPER,154.25,156.60,151.56,152.39,153.27,-0.57,5.04,3.27,0.64,240597,36949031.60,4539
2026-09-15 00:00:00,GROWWSC250,GROWWAMC - GROWWSC250,10.69,10.72,10.36,10.38,10.64,-2.44,0.36,3.37,0.47,240576,2517808.01,1139
2026-09-15 00:00:00,SENSEXBETA,UTIAMC-SENSEXBETA,822.02,844.00,822.02,824.00,832.37,-1.01,21.98,2.67,-1.24,240273,198003256.70,252
2026-09-15 00:00:00,GENCON,GENERIC ENG CONS PROJ LTD,41.31,41.80,39.25,39.67,41.01,-3.27,2.55,6.17,0.73,240268,9753633.02,771
2026-09-15 00:00:00,HEALTHY,BIRLASLAMC - HEALTHY,16.72,17.54,16.72,16.84,16.96,-0.71,0.82,4.90,-1.42,239809,4053638.19,1671
2026-09-15 00:00:00,EMCURE,EMCURE PHARMACEUTICALS L,1977.00,2014.30,1974.00,1993.00,1978.90,0.71,40.30,2.04,-0.10,239137,477733914.40,29588
2026-09-15 00:00:00,IDEAFORGE,IDEAFORGE TECHNO LTD,733.90,740.25,702.30,704.25,733.95,-4.05,37.95,5.17,-0.01,238794,170961646.65,19129
2026-09-15 00:00:00,VENUSPIPES,VENUS PIPES & TUBES LTD,2026.00,2033.90,1931.10,1941.60,2020.10,-3.89,102.80,5.07,0.29,238550,470379421.00,19279
2026-09-15 00:00:00,IGCL,INDOGULF CROPSCIENCES LTD,67.99,67.99,62.63,65.59,67.61,-2.99,5.36,7.88,0.56,238447,15343579.92,2715
2026-09-15 00:00:00,AONENIFTY,AONEAMC - AONENIFTY,9.95,9.95,9.55,9.58,9.71,-1.34,0.40,4.02,2.47,237957,2299218.77,2223
2026-09-15 00:00:00,INTERNET,MIRAEAMC - INTERNET,14.86,14.87,14.39,14.45,14.87,-2.82,0.48,3.23,-0.07,237631,3479620.51,580
2026-09-15 00:00:00,BAJAJ-AUTO,BAJAJ AUTO LIMITED,11693.00,11709.00,11416.00,11424.00,11678.00,-2.18,293.00,2.51,0.13,236796,2727070138.00,42064
2026-09-15 00:00:00,VTMLTD,V T M LTD.,48.65,49.16,40.90,42.17,48.42,-12.91,8.26,16.98,0.48,235189,10078992.48,2410
2026-09-15 00:00:00,UNIVCABLES,UNIVERSAL CABLES LTD,1492.50,1501.60,1387.00,1417.30,1492.50,-5.04,114.60,7.68,0.00,235116,334293268.50,26348
2026-09-15 00:00:00,PROTEAN,PROTEAN EGOV TECHNO LTD,492.40,501.90,485.20,488.85,492.35,-0.71,16.70,3.39,0.01,234669,115842785.25,7153
2026-09-15 00:00:00,BEML,BEML LIMITED,2033.40,2033.40,1922.00,1939.30,2023.40,-4.16,111.40,5.48,0.49,234307,460071751.10,23342
2026-09-15 00:00:00,SCHNEIDER,SCHNEIDER ELECTRIC INFRA,1227.00,1228.90,1185.00,1193.10,1227.00,-2.76,43.90,3.58,0.00,233496,279641083.00,20099
2026-09-15 00:00:00,LUMAXTECH,LUMAX AUTO TECH LTD,2019.90,2048.90,1951.90,1991.30,1993.70,-0.12,97.00,4.80,1.31,233217,467079171.60,36667
2026-09-15 00:00:00,ARVSMART,ARVIND SMARTSPACES LTD,581.00,586.10,554.10,564.15,598.05,-5.67,32.00,5.51,-2.85,232819,131094038.95,8010
2026-09-15 00:00:00,KRN,KRN HEAT EXCHANGE N REF L,1593.60,1601.10,1514.00,1514.00,1593.60,-4.99,87.10,5.47,0.00,232761,353667462.20,10107
2026-09-15 00:00:00,DEEPAKFERT,DEEPAK FERTILIZERS & PETR,1321.80,1353.00,1277.90,1284.80,1320.40,-2.70,75.10,5.68,0.11,232642,305813163.30,18140
2026-09-15 00:00:00,SHYAMMETL,SHYAM METALICS AND ENGY L,1082.30,1082.70,1045.10,1050.50,1074.80,-2.26,37.60,3.47,0.70,231835,246024074.80,19129
2026-09-15 00:00:00,AADHARHFC,AADHAR HOUSING FINANCE L,457.00,460.20,444.50,448.35,456.80,-1.85,15.70,3.44,0.04,231528,103868282.90,14071
2026-09-15 00:00:00,EUROPRATIK,EURO PRATIK SALES LIMITED,249.40,250.05,238.00,240.50,245.70,-2.12,12.05,4.83,1.51,231445,55842257.90,2954
2026-09-15 00:00:00,DIFFNKG,DIFFUSION ENGINEERS LTD,449.00,459.25,423.25,427.25,449.50,-4.95,36.00,8.02,-0.11,231431,101506425.70,8380
2026-09-15 00:00:00,OFSS,ORACLE FIN SERV SOFT LTD.,11910.00,12099.00,11692.00,11803.00,11763.00,0.34,407.00,3.42,1.25,231321,2750656460.00,42071
2026-09-15 00:00:00,MBEL,M AND B ENGINEERING LTD,256.10,263.70,250.05,252.65,254.20,-0.61,13.65,5.33,0.75,230610,59517509.20,7889
2026-09-15 00:00:00,RUSHIL,RUSHIL DECOR LIMITED,16.18,16.23,15.41,15.59,15.91,-2.01,0.82,5.07,1.70,229040,3598160.00,819
2026-09-15 00:00:00,PNGSREVA,PNGS REVA DIAMOND JEWEL L,517.15,518.00,488.85,494.20,512.70,-3.61,29.15,5.64,0.87,228691,113980281.15,8375
2026-09-15 00:00:00,MOHITE,MOHITE INDUSTRIES LTD.,2.72,2.79,2.25,2.54,2.63,-3.42,0.54,19.85,3.42,228258,567076.04,551
2026-09-15 00:00:00,WANBURY,WANBURY LIMITED,237.10,240.50,220.35,223.10,239.35,-6.79,20.15,8.50,-0.94,227244,51535762.75,7183
2026-09-15 00:00:00,KMSUGAR,K M SUGAR MILLS LTD,30.40,30.40,28.85,29.10,30.41,-4.31,1.55,5.10,-0.03,227201,6678880.60,2205
2026-09-15 00:00:00,MGEL,MANGALAM GLOBAL ENT LTD,16.20,16.20,15.50,15.53,15.86,-2.08,0.70,4.32,2.14,227004,3557377.05,655
2026-09-15 00:00:00,JBMA,JBM AUTO LIMITED,620.95,626.00,600.00,603.90,620.30,-2.64,26.00,4.19,0.10,226951,139031815.35,14975
2026-09-15 00:00:00,PLAZACABLE,PLAZA WIRES LIMITED,64.90,66.00,60.42,61.38,62.97,-2.53,5.58,8.60,3.06,226444,14383151.26,2912
2026-09-15 00:00:00,AONETOTAL,AONEAMC - AONETOTAL,11.93,11.93,11.49,11.52,11.70,-1.54,0.44,3.69,1.97,226437,2630110.28,1844
2026-09-15 00:00:00,TEXINFRA,TEXMACO INFRA & HOLDG LTD,115.52,116.07,113.47,114.07,115.52,-1.26,2.60,2.25,0.00,226217,25872374.62,1300
2026-09-15 00:00:00,RPEL,RAGHAV PRODUCTIVITY ENH L,1860.00,1875.00,1605.00,1622.40,1845.20,-12.07,270.00,14.52,0.80,225914,381507537.60,26411
2026-09-15 00:00:00,DEEDEV,DEE DEVELOPMENT ENG LTD,639.35,644.00,607.40,607.40,639.35,-5.00,36.60,5.72,0.00,225832,140805145.20,10654
2026-09-15 00:00:00,ARROWGREEN,ARROW GREENTECH LIMITED,835.90,883.85,815.25,838.55,813.00,3.14,68.60,8.21,2.82,225224,192116813.50,6809
2026-09-15 00:00:00,RISHABH,RISHABH INSTRUMENTS LTD,829.55,830.00,772.70,779.50,829.60,-6.04,57.30,6.91,-0.01,224609,178813809.30,16030
2026-09-15 00:00:00,TRUALT,TRUALT BIOENERGY LIMITED,415.00,428.00,400.00,411.65,416.35,-1.13,28.00,6.75,-0.32,224114,91892655.85,4785
2026-09-15 00:00:00,SADBHAV,SADBHAV ENGINEERING LTD,7.99,8.10,7.62,7.67,7.87,-2.54,0.48,6.01,1.52,224092,1753040.98,582
2026-09-15 00:00:00,GOKEX,GOKALDAS EXPORTS LTD.,784.25,785.30,738.55,743.30,785.50,-5.37,46.75,5.96,-0.16,222959,168796425.00,19038
2026-09-15 00:00:00,DBL,DILIP BUILDCON LIMITED,405.00,409.00,395.60,399.60,403.35,-0.93,13.40,3.31,0.41,222795,89389740.80,7466
2026-09-15 00:00:00,AVROIND,AVRO INDIA LIMITED,7.76,8.20,7.51,7.66,7.81,-1.92,0.69,8.89,-0.64,222508,1756173.31,630
2026-09-15 00:00:00,BERGEPAINT,BERGER PAINTS (I) LTD,458.05,460.95,445.55,447.10,458.05,-2.39,15.40,3.36,0.00,220721,99835549.85,17584
2026-09-15 00:00:00,GKENERGY,GK ENERGY LIMITED,127.71,127.85,122.28,123.57,127.85,-3.35,5.57,4.36,-0.11,220707,27646054.80,2985
2026-09-15 00:00:00,DIGITIDE,DIGITIDE SOLUTIONS LTD,89.40,89.66,84.10,85.06,88.75,-4.16,5.56,6.22,0.73,220676,19185981.46,2462
2026-09-15 00:00:00,HDBFS,HDB FINANCIAL SERVICES L,670.05,675.00,662.40,664.70,669.20,-0.67,12.60,1.88,0.13,220611,147532148.60,17616
2026-09-15 00:00:00,VIPIND,VIP INDUSTRIES LTD,300.60,303.20,290.05,291.05,300.10,-3.02,13.15,4.37,0.17,220240,64856654.80,4883
2026-09-15 00:00:00,NELCO,NELCO LTD,953.00,960.65,912.50,924.30,947.25,-2.42,48.15,5.05,0.61,220149,204735651.50,9308
2026-09-15 00:00:00,HCL-INSYS,HCL INFOSYSTEMS LTD,10.01,10.47,10.00,10.01,10.07,-0.60,0.47,4.70,-0.60,219639,2227327.54,936
2026-09-15 00:00:00,RACLGEAR,RACL GEARTECH LIMITED,1841.00,1850.00,1685.20,1755.20,1756.70,-0.09,164.80,8.95,4.80,219097,385026362.60,25534
2026-09-15 00:00:00,OMINFRAL,OM INFRA LIMITED,80.80,88.00,78.20,80.25,79.59,0.83,9.80,12.13,1.52,219096,17925352.06,4122
2026-09-15 00:00:00,VLEGOV,VL E GOV AND IT SOL LTD,10.25,10.75,10.25,10.47,10.24,2.25,0.50,4.88,0.10,218706,2329190.65,549
2026-09-15 00:00:00,ARVINDFASN,ARVIND FASHIONS LIMITED,446.90,448.05,426.55,428.50,446.50,-4.03,21.50,4.81,0.09,218586,95428601.50,15668
2026-09-15 00:00:00,NUVAMA,NUVAMA WEALTH MANAGE LTD,1740.00,1746.40,1660.00,1668.20,1737.20,-3.97,86.40,4.97,0.16,217310,367304764.10,20800
2026-09-15 00:00:00,RSYSTEMS,R SYS INTERNATIONAL LTD,240.34,252.74,240.00,240.47,240.36,0.05,12.74,5.30,-0.01,217291,53734562.34,5145
2026-09-15 00:00:00,GAUDIUMIVF,GAUDIUM IVF N WOMEN H L,119.80,125.50,113.60,114.42,117.75,-2.83,11.90,9.93,1.74,217265,25923070.49,1923
2026-09-15 00:00:00,RAMRAT,RAM RATNA WIRES LIMITED,535.10,555.00,513.00,515.85,532.40,-3.11,42.00,7.85,0.51,217043,114006940.00,8101
2026-09-15 00:00:00,CAPLIPOINT,CAPLIN POINT LAB LTD.,2750.20,2760.00,2555.00,2570.60,2754.90,-6.69,205.00,7.45,-0.17,216544,568728869.20,31763
2026-09-15 00:00:00,INNOVACAP,INNOVA CAPTAB LIMITED,1147.20,1236.10,1125.20,1140.10,1147.20,-0.62,110.90,9.67,0.00,216521,255138995.50,23042
2026-09-15 00:00:00,KLBRENG-B,KILBURN ENGINEERING LTD.,480.50,483.50,457.80,466.00,486.95,-4.30,25.70,5.35,-1.32,216254,101217376.50,7123
2026-09-15 00:00:00,ROUTE,ROUTE MOBILE LIMITED,496.45,505.90,480.00,481.90,493.55,-2.36,25.90,5.22,0.59,216143,106965128.90,8018
2026-09-15 00:00:00,EKC,EVEREST KANTO CYLINDERLTD,101.80,102.39,98.10,98.80,101.80,-2.95,4.29,4.21,0.00,215796,21573455.83,2442
2026-09-15 00:00:00,DAMCAPITAL,DAM CAPITAL ADVISORS LTD,142.98,144.09,138.05,138.93,142.43,-2.46,6.04,4.22,0.39,215682,30165767.28,3712
2026-09-15 00:00:00,BLUSPRING,BLUSPRING ENTERPRISES LTD,129.50,132.85,123.61,125.27,131.48,-4.72,9.24,7.14,-1.51,214823,27623347.70,3274
2026-09-15 00:00:00,GEOJITFSL,GEOJIT FINANCIAL SER L,79.22,79.99,76.60,77.27,78.60,-1.69,3.39,4.28,0.79,214765,16721646.95,3495
2026-09-15 00:00:00,WAAREERTL,WAAREE RENEWABLE TECH LTD,850.00,864.10,801.70,806.55,831.95,-3.05,62.40,7.34,2.17,213833,175938973.10,18005
2026-09-15 00:00:00,KUSUMGAR,KUSUMGAR LIMITED,565.00,569.90,549.30,552.35,568.10,-2.77,20.60,3.65,-0.55,213151,118112942.20,9956
2026-09-15 00:00:00,AAREYDRUGS,AAREY DRUGS & PHARM LTD,98.71,100.45,96.10,98.82,98.89,-0.07,4.35,4.41,-0.18,212869,21052956.28,1295
2026-09-15 00:00:00,GABRIEL,GABRIEL INDIA LTD,1347.10,1383.50,1292.00,1300.50,1346.40,-3.41,91.50,6.79,0.05,212338,284377737.50,22921
2026-09-15 00:00:00,THERMAX,THERMAX LTD,3715.00,3718.00,3508.00,3559.40,3682.00,-3.33,210.00,5.65,0.90,211945,755532953.30,34975
2026-09-15 00:00:00,GVPIL,GE POWER INDIA LIMITED,648.00,656.95,620.05,620.05,652.65,-5.00,36.90,5.69,-0.71,211646,134053995.55,6776
2026-09-15 00:00:00,KIRLFER,KIRLOSKAR FERROUS IND LTD,469.40,469.40,461.00,464.85,465.10,-0.05,8.40,1.79,0.92,211119,98139376.35,5419
2026-09-15 00:00:00,GODREJAGRO,GODREJ AGROVET LIMITED,679.05,683.00,643.00,645.30,675.85,-4.52,40.00,5.89,0.47,210484,139913205.95,12642
2026-09-15 00:00:00,TIPSMUSIC,TIPS MUSIC LIMITED,660.80,668.00,652.20,659.15,661.55,-0.36,15.80,2.39,-0.11,210300,139580418.85,11261
2026-09-15 00:00:00,GOCLCORP,GOCL CORPORATION LIMITED,444.15,448.00,432.05,435.65,441.55,-1.34,15.95,3.59,0.59,209907,92361585.65,6810
2026-09-15 00:00:00,TMB,TAMILNAD MERCA BANK LTD,910.90,920.00,860.00,868.35,910.90,-4.67,60.00,6.59,0.00,209458,184930757.30,23429
2026-09-15 00:00:00,BRITANNIA,BRITANNIA INDUSTRIES LTD,4990.00,5022.50,4947.50,4947.50,4962.00,-0.29,75.00,1.50,0.56,209279,1043155662.00,31024
2026-09-15 00:00:00,DEEPAKNTR,DEEPAK NITRITE LTD,1588.90,1597.90,1556.10,1561.30,1587.80,-1.67,41.80,2.63,0.07,208902,327846250.30,22901
2026-09-15 00:00:00,ANUHPHR,ANUH PHARMA LIMITED,95.00,97.50,89.91,90.33,94.86,-4.78,7.59,7.99,0.15,208793,19499102.64,3387
2026-09-15 00:00:00,PRINCEPIPE,PRINCE PIPES FITTINGS LTD,270.00,272.40,258.00,259.05,266.65,-2.85,14.40,5.33,1.26,208774,54970028.85,5825
2026-09-15 00:00:00,COMSYN,COMMERCIAL SYN BAGS LTD,303.00,303.00,281.35,289.80,299.15,-3.13,21.65,7.15,1.29,208274,61077411.00,3179
2026-09-15 00:00:00,RRKABEL,R R KABEL LIMITED,2424.80,2427.90,2370.10,2381.30,2424.40,-1.78,57.80,2.38,0.02,208267,498676710.80,23297
2026-09-15 00:00:00,CIEINDIA,CIE AUTOMOTIVE INDIA LTD,382.75,382.75,368.00,375.00,379.65,-1.22,14.75,3.85,0.82,207605,78277427.40,14608
2026-09-15 00:00:00,PAVNAIND,PAVNA INDUSTRIES LIMITED,14.89,17.85,14.89,15.32,14.88,2.96,2.96,19.88,0.07,207036,3359335.07,953
2026-09-15 00:00:00,TRU,TRUCAP FINANCE LIMITED,4.54,4.59,4.06,4.22,4.28,-1.40,0.53,11.67,6.07,206874,916681.48,319
2026-09-15 00:00:00,ACC,ACC LIMITED,1234.90,1280.30,1219.60,1225.20,1246.50,-1.71,60.70,4.92,-0.93,205903,252920409.10,17828
2026-09-15 00:00:00,DBEIL,DEEPAK BUILDERS & ENG I L,7.10,7.10,6.52,6.79,7.06,-3.82,0.58,8.17,0.57,205425,1426961.64,510
2026-09-15 00:00:00,EVEREADY,EVEREADY INDS. IND.  LTD.,362.95,362.95,329.60,336.75,363.00,-7.23,33.35,9.19,-0.01,204803,69944702.30,5427
2026-09-15 00:00:00,KPRMILL,KPR MILL LTD.,1110.00,1129.00,1105.10,1120.20,1109.10,1.00,23.90,2.15,0.08,204356,228831777.90,15968
2026-09-15 00:00:00,AONETMMQ50,AONEAMC - AONETMMQ50,10.69,10.69,10.00,10.00,10.34,-3.29,0.69,6.45,3.38,204288,2071867.47,479
2026-09-15 00:00:00,BALMLAWRIE,BALMER LAWRIE & CO LTD,168.70,169.00,163.25,164.24,168.72,-2.66,5.75,3.41,-0.01,203640,33639971.25,3922
2026-09-15 00:00:00,CANFINHOME,CAN FIN HOMES LTD,776.20,788.75,766.85,784.80,779.75,0.65,21.90,2.82,-0.46,203614,158586310.05,10408
2026-09-15 00:00:00,EIHOTEL,EIH LIMITED,286.55,287.90,280.30,283.80,286.45,-0.93,7.60,2.65,0.03,203168,57572230.45,8926
2026-09-15 00:00:00,VSSL,VARDHMAN SPC STEEL LTD,397.40,401.40,382.00,389.10,397.45,-2.10,19.40,4.88,-0.01,203103,78946364.05,8144
2026-09-15 00:00:00,ECLERX,ECLERX SERVICES LTD,1890.80,1968.80,1885.00,1894.80,1899.60,-0.25,83.80,4.43,-0.46,202420,389372507.10,30193
2026-09-15 00:00:00,BRIGADE,BRIGADE ENTER. LTD,642.05,648.95,610.00,612.25,638.65,-4.13,38.95,6.07,0.53,201825,126260624.55,16145
2026-09-15 00:00:00,SIRCA,SIRCA PAINT INDIA LIMITED,429.90,434.00,414.00,418.15,427.35,-2.15,20.00,4.65,0.60,200970,84316221.00,3519
2026-09-15 00:00:00,EMSLIMITED,EMS LIMITED,387.00,387.00,371.05,373.95,383.10,-2.39,15.95,4.12,1.02,200788,75659619.80,5350
2026-09-15 00:00:00,RUBICON,RUBICON RESEARCH LIMITED,1852.90,1880.50,1805.10,1815.60,1835.40,-1.08,75.40,4.07,0.95,200388,368778191.40,21243
2026-09-15 00:00:00,MMFL,MM FORGINGS LTD,631.70,633.65,583.50,593.80,631.70,-6.00,50.15,7.94,0.00,198758,119357537.50,5479
2026-09-15 00:00:00,SGMART,SG MART LIMITED,750.75,753.05,716.15,722.10,750.95,-3.84,36.90,4.92,-0.03,198309,145715684.55,12954
2026-09-15 00:00:00,CANTABIL,CANTABIL RETAIL LTD,238.60,245.79,238.00,240.30,240.21,0.04,7.79,3.26,-0.67,198186,47956850.35,2927
2026-09-15 00:00:00,ABREL,ADITYA BIRLA REAL EST LTD,1276.20,1281.70,1227.00,1232.50,1281.60,-3.83,54.70,4.29,-0.42,197639,245940062.90,14731
2026-09-15 00:00:00,GENUSPAPER,GENUS P&B LIMITED,11.83,12.40,11.25,11.38,12.04,-5.48,1.15,9.72,-1.74,197130,2303487.57,712
2026-09-15 00:00:00,AVADHSUGAR,AVADH SUG & ENERGY LTD,777.00,777.00,724.00,732.70,769.60,-4.79,53.00,6.82,0.96,195986,145698468.05,17485
2026-09-15 00:00:00,AGARWALEYE,DR AGARWALS HEALTH CARE L,510.00,511.00,494.85,502.05,508.40,-1.25,16.15,3.17,0.31,195769,98119136.35,13483
2026-09-15 00:00:00,TIINDIA,TUBE INVEST OF INDIA LTD,2606.10,2613.20,2521.50,2525.00,2606.10,-3.11,91.70,3.52,0.00,195410,500298211.30,20720
2026-09-15 00:00:00,NIFTY1,KOTAK NIFTY ETF,257.81,263.01,257.03,257.46,260.41,-1.13,5.98,2.32,-1.00,195379,50583953.94,2701
2026-09-15 00:00:00,MAWANASUG,MAWANA SUGARS LIMITED,135.62,136.08,127.00,129.00,134.63,-4.18,9.08,6.70,0.74,195212,25710516.63,3370
2026-09-15 00:00:00,ABB,ABB INDIA LIMITED,7268.00,7268.00,7005.00,7005.00,7274.00,-3.70,263.00,3.62,-0.08,195095,1384230290.50,39304
2026-09-15 00:00:00,GOKUL,GOKUL REFOILS & SOLV LTD,42.03,42.03,39.51,39.92,42.03,-5.02,2.52,6.00,0.00,194895,8038697.46,1277
2026-09-15 00:00:00,SETL,STANDARD ENGNG TCNLGY LTD,444.75,444.75,444.75,444.75,468.15,-5.00,0.00,0.00,-5.00,194608,86551908.00,2127
2026-09-15 00:00:00,THYROCARE,THYROCARE TECH LTD,552.70,556.90,542.05,544.45,549.70,-0.96,14.85,2.69,0.55,194375,106810829.05,21916
2026-09-15 00:00:00,SAREGAMA,SAREGAMA INDIA LIMITED,505.10,505.10,481.15,485.50,505.50,-3.96,23.95,4.74,-0.08,194289,95913941.90,11694
2026-09-15 00:00:00,KANANIIND,KANANI INDUSTRIES LTD,1.49,1.52,1.40,1.44,1.50,-4.00,0.12,8.05,-0.67,194238,282866.11,257
2026-09-15 00:00:00,ARKADE,ARKADE DEVELOPERS LIMITED,122.99,122.99,115.21,116.42,122.03,-4.60,7.78,6.33,0.79,194033,23098964.76,2932
2026-09-15 00:00:00,MOMENTUM30,KOTAKMAMC - MOMENTUM30,30.95,30.95,29.53,29.78,30.63,-2.78,1.42,4.59,1.04,194013,5802314.30,233
2026-09-15 00:00:00,CHOICEIN,CHOICE INTERNATIONAL LTD,760.50,764.70,737.10,740.40,759.80,-2.55,27.60,3.63,0.09,193485,144429934.00,5408
2026-09-15 00:00:00,PREMEXPLN,PREMIER EXPLOSIVES LTD,667.50,669.95,663.20,668.30,668.00,0.04,6.75,1.01,-0.07,192979,128887018.15,3699
2026-09-15 00:00:00,SUNDARAM,SUNDARAM MULTI PAP LTD,1.20,1.21,1.17,1.18,1.19,-0.84,0.04,3.33,0.84,192563,230294.83,294
2026-09-15 00:00:00,MULTICAP,MIRAEAMC - MULTICAP,16.78,16.78,16.21,16.22,16.51,-1.76,0.57,3.40,1.64,191369,3132063.48,987
2026-09-15 00:00:00,DALMIASUG,DALMIA BHARAT SUG IN LTD,415.00,416.55,396.00,398.20,417.35,-4.59,20.55,4.95,-0.56,191352,77234665.95,8486
2026-09-15 00:00:00,JUBLPHARMA,JUBILANT PHARMOVA LTD,1040.00,1041.00,1002.15,1011.95,1025.20,-1.29,38.85,3.74,1.44,190713,194419173.55,15894
2026-09-15 00:00:00,JAGRAN,JAGRAN PRAKASHAN LIMITED,62.08,62.93,61.32,61.72,62.09,-0.60,1.61,2.59,-0.02,189794,11788364.97,2426
2026-09-15 00:00:00,HILINFRA,HIGHWAY INFRASTRUCTURE L,41.04,45.50,40.10,43.60,41.53,4.98,5.40,13.16,-1.18,189762,7934027.50,2074
2026-09-15 00:00:00,AAATECH,AAA TECHNOLOGIES LIMITED,93.80,95.00,91.40,91.98,91.88,0.11,3.60,3.84,2.09,189713,17528477.64,499
2026-09-15 00:00:00,THELEELA,LEELA PALACES HOTEL LTD,538.00,541.45,519.15,522.45,542.30,-3.66,22.30,4.14,-0.79,189584,100791251.10,17653
2026-09-15 00:00:00,UGROCAP,UGRO CAPITAL LIMITED,85.31,86.42,82.80,83.28,83.66,-0.45,3.62,4.24,1.97,189556,15899399.96,2472
2026-09-15 00:00:00,PURVA,PURAVANKARA LIMITED,213.78,214.33,203.39,205.56,212.06,-3.07,10.94,5.12,0.81,188428,39306071.85,4479
2026-09-15 00:00:00,CREDITACC,CREDITACCESS GRAMEEN LTD,1413.30,1431.70,1400.00,1409.60,1424.20,-1.03,31.70,2.24,-0.77,188404,266175276.40,23381
2026-09-15 00:00:00,NARMADA,NARMADA AGROBASE LIMITED,14.20,14.38,13.55,13.85,14.38,-3.69,0.83,5.85,-1.25,188355,2648532.37,582
2026-09-15 00:00:00,SPANDANA,SPANDANA SPHOORTY FIN LTD,235.37,235.51,226.15,226.96,235.37,-3.57,9.36,3.98,0.00,188234,43398863.10,5360
2026-09-15 00:00:00,SNOWMAN,SNOWMAN LOGISTICS LTD.,35.95,36.11,34.55,35.03,35.91,-2.45,1.56,4.34,0.11,188142,6627578.17,1840
2026-09-15 00:00:00,CARBORUNIV,CARBORUNDUM UNIVERSAL LTD,1085.00,1085.00,1021.00,1031.80,1075.20,-4.04,64.00,5.90,0.91,188036,196799486.70,18401
2026-09-15 00:00:00,RAMCOCEM,THE RAMCO CEMENTS LIMITED,869.40,870.10,855.35,859.55,866.65,-0.82,14.75,1.70,0.32,187590,161225608.40,13717
2026-09-15 00:00:00,ITDC,INDIA TOUR. DEV. CO. LTD.,688.20,689.85,645.40,653.45,690.85,-5.41,44.45,6.46,-0.38,186964,123812179.60,9630
2026-09-15 00:00:00,GOCOLORS,GO FASHION INDIA LTD,325.05,328.05,301.25,304.90,324.75,-6.11,26.80,8.24,0.09,186618,58111063.30,5180
2026-09-15 00:00:00,VARDMNPOLY,VARDHMAN POLYTEX LTD.,5.90,5.94,5.68,5.83,5.94,-1.85,0.26,4.41,-0.67,186182,1081936.01,427
2026-09-15 00:00:00,VEDAVAAG,VEDAVAAG SYSTEMS LTD.,23.43,24.99,20.52,20.98,23.38,-10.27,4.47,19.08,0.21,184975,4182089.09,987
2026-09-15 00:00:00,REFEX,REFEX INDUSTRIES LIMITED,273.30,274.15,265.00,265.85,273.55,-2.81,9.15,3.35,-0.09,184866,49612261.85,4258
2026-09-15 00:00:00,ESSARSHPNG,ESSAR SHIPPING LTD,16.31,17.15,15.61,15.76,16.31,-3.37,1.54,9.44,0.00,184779,2983023.68,905
2026-09-15 00:00:00,MINDACORP,MINDA CORPORATION LTD,702.30,704.60,675.00,678.95,705.45,-3.76,29.60,4.21,-0.45,184069,125923703.40,16117
2026-09-15 00:00:00,GNA,GNA AXLES LIMITED,555.00,555.00,527.25,532.60,551.10,-3.36,27.75,5.00,0.71,183815,99387750.35,5828
2026-09-15 00:00:00,BHAGYANGR,BHAGYANAGAR INDIA LIMITED,427.95,429.00,401.55,405.00,422.55,-4.15,27.45,6.41,1.28,183392,75974329.15,5900
2026-09-15 00:00:00,IZMO,IZMO LIMITED,912.15,940.00,891.05,896.05,906.80,-1.19,48.95,5.37,0.59,183154,167880379.05,12759
2026-09-15 00:00:00,CPPLUS,ADITYA INFOTECH LIMITED,3825.40,3879.80,3634.30,3663.40,3825.50,-4.24,245.50,6.42,-0.00,182895,689336861.80,31152
2026-09-15 00:00:00,NITINSPIN,NITIN SPINNERS LIMITED,654.80,665.00,640.25,643.15,651.05,-1.21,24.75,3.78,0.58,182683,118600628.95,9319
2026-09-15 00:00:00,SCILAL,SHIPPING CORP OF ILA LTD,38.85,38.85,37.15,37.34,38.14,-2.10,1.70,4.38,1.86,182150,6870623.07,1814
2026-09-15 00:00:00,KSB,KSB LIMITED,810.05,812.00,780.40,787.95,804.20,-2.02,31.60,3.90,0.73,182033,143997636.25,14790
2026-09-15 00:00:00,ASAHIINDIA,ASAHI INDIA GLASS LIMITED,995.00,995.00,952.35,958.80,985.80,-2.74,42.65,4.29,0.93,181950,176018191.55,11905
2026-09-15 00:00:00,CORDSCABLE,CORDS CABLE INDUS LTD.,375.90,379.00,350.10,354.25,373.40,-5.13,28.90,7.69,0.67,181308,65636734.50,6504
2026-09-15 00:00:00,BLBLIMITED,BLB LIMITED,16.64,16.64,15.65,16.10,16.13,-0.19,0.99,5.95,3.16,180878,2882927.72,392
2026-09-15 00:00:00,LIBAS,LIBAS CONSU PRODUCTS LTD,11.40,12.00,11.22,11.43,11.20,2.05,0.78,6.84,1.79,180219,2083208.66,571
2026-09-15 00:00:00,SHARDACROP,SHARDA CROPCHEM LTD.,770.20,771.00,748.60,753.40,765.55,-1.59,22.40,2.91,0.61,179500,135732995.15,11982
2026-09-15 00:00:00,PRIMO,PRIMO CHEMICALS LIMITED,24.59,24.59,22.06,22.31,23.71,-5.90,2.53,10.29,3.71,179451,4159977.45,988
2026-09-15 00:00:00,SIGNATURE,SIGNATUREGLOBAL INDIA LTD,764.90,777.85,748.55,751.15,760.85,-1.27,29.30,3.83,0.53,179141,136288486.85,4763
2026-09-15 00:00:00,ELM250,EDELAMC - ELM250,16.42,16.45,15.80,16.00,16.31,-1.90,0.65,3.96,0.67,178808,2888457.56,468
2026-09-15 00:00:00,NIFTYJBLK,JIOBLACKROCKAMC-NIFTYJBLK,11.83,12.44,11.83,11.92,12.14,-1.81,0.61,5.16,-2.55,178450,2140271.24,1263
2026-09-15 00:00:00,NILAINFRA,NILA INFRASTRUCTURES LTD,6.65,6.86,6.50,6.57,6.64,-1.05,0.36,5.41,0.15,177793,1178691.82,701
2026-09-15 00:00:00,MAPMYINDIA,C.E. INFO SYSTEMS LIMITED,927.00,944.60,885.10,887.80,925.80,-4.10,59.50,6.42,0.13,177627,161132375.70,13948
2026-09-15 00:00:00,SUDARSCHEM,SUDARSHAN CHEMICAL INDS L,1259.00,1259.00,1175.40,1183.20,1248.20,-5.21,83.60,6.64,0.87,176492,212554981.60,15253
2026-09-15 00:00:00,AXISCADES,AXISCADES TECH LTD,1876.20,1876.20,1699.90,1717.70,1831.80,-6.23,176.30,9.40,2.42,176313,310514023.30,18230
2026-09-15 00:00:00,LIKHITHA,LIKHITHA INFRASTRUC LTD,218.00,234.00,208.00,222.22,217.07,2.37,26.00,11.93,0.43,176186,39680575.87,3456
2026-09-15 00:00:00,BATAINDIA,BATA INDIA LTD,649.90,656.90,637.50,640.15,648.65,-1.31,19.40,2.99,0.19,174746,112530719.20,7984
2026-09-15 00:00:00,PAKKA,PAKKA LIMITED,77.13,79.83,74.00,74.85,76.57,-2.25,5.83,7.56,0.73,174152,13327098.32,3600
2026-09-15 00:00:00,TECH,BIRLASLAMC - TECH,32.01,33.30,31.93,32.38,31.78,1.89,1.37,4.28,0.72,173875,5731040.66,390
2026-09-15 00:00:00,INFRA,MIRAEAMC - INFRA,11.93,11.93,11.55,11.55,11.91,-3.02,0.38,3.19,0.17,173654,2033114.03,538
2026-09-15 00:00:00,IKS,INVENTURUS KNOWLEDGE SO L,1762.80,1800.00,1747.00,1783.00,1740.60,2.44,53.00,3.01,1.28,172263,307419842.90,27334
2026-09-15 00:00:00,KIRLPNU,KIRLOSKAR PNEUMATIC COM L,718.45,718.45,694.30,698.15,719.90,-3.02,24.15,3.36,-0.20,172157,120654716.15,15715
2026-09-15 00:00:00,EFCIL,EFC (I) LIMITED,185.85,187.78,180.45,182.64,185.18,-1.37,7.33,3.94,0.36,171436,31312323.26,5100
2026-09-15 00:00:00,CFEL,CONFIDENCE FUTURIST ENE L,50.00,52.80,47.05,47.41,49.30,-3.83,5.75,11.50,1.42,171314,8466122.29,1303
2026-09-15 00:00:00,LALPATHLAB,DR. LAL PATH LABS LTD.,1907.00,1921.00,1885.50,1906.40,1909.00,-0.14,35.50,1.86,-0.10,171214,326137518.00,35334
2026-09-15 00:00:00,ELECON,ELECON ENG. CO. LTD,422.60,423.45,412.20,413.50,422.10,-2.04,11.25,2.66,0.12,171029,71342438.25,9074
2026-09-15 00:00:00,TOP20,MIRAEAMC - TOP20,8.71,8.73,8.59,8.60,8.65,-0.58,0.14,1.61,0.69,170172,1467508.07,190
2026-09-15 00:00:00,SPLPETRO,SUPREME PETROCHEM LIMITED,828.00,828.00,781.35,789.35,818.35,-3.54,46.65,5.63,1.18,170064,136055530.00,11215
2026-09-15 00:00:00,BHARATWIRE,BHARAT WIRE ROPES LTD.,173.74,179.70,166.10,168.08,172.48,-2.55,13.60,7.83,0.73,170021,29389446.09,4236
2026-09-15 00:00:00,GAYAHWS,GAYATRI HIGHWAYS LIMITED,1.95,1.95,1.86,1.88,1.92,-2.08,0.09,4.62,1.56,169792,324511.22,335
2026-09-15 00:00:00,ELIN,ELIN ELECTRONICS LIMITED,91.41,92.49,86.02,87.15,90.96,-4.19,6.47,7.08,0.49,169405,15117072.93,2645
2026-09-15 00:00:00,POWERICA,POWERICA LIMITED,572.10,572.10,530.00,532.75,569.35,-6.43,42.10,7.36,0.48,169220,92337968.75,7080
2026-09-15 00:00:00,MARKOLINES,MARKOLINES PAVEMENT TEC L,171.00,171.47,161.27,163.08,170.86,-4.55,10.20,5.96,0.08,166974,27665511.25,2288
2026-09-15 00:00:00,SUPRIYA,SUPRIYA LIFESCIENCE LTD,904.50,912.75,866.25,874.95,901.75,-2.97,46.50,5.14,0.30,166220,147536944.00,13026
2026-09-15 00:00:00,BALKRISIND,BALKRISHNA IND. LTD,2164.60,2176.30,2117.10,2129.00,2164.60,-1.64,59.20,2.73,0.00,166038,356202433.50,24293
2026-09-15 00:00:00,APLLTD,ALEMBIC PHARMA LTD,811.00,839.35,810.20,824.75,810.95,1.70,29.15,3.59,0.01,165473,137344548.05,14861
2026-09-15 00:00:00,JUBLINGREA,JUBILANT INGREVIA LIMITED,658.05,658.30,627.00,630.50,658.40,-4.24,31.30,4.76,-0.05,165058,105871228.95,12349
2026-09-15 00:00:00,VINEETLAB,VINEET LABORATORIES LTD,35.17,36.50,35.17,35.61,37.02,-3.81,1.33,3.78,-5.00,164341,5803204.44,925
2026-09-15 00:00:00,ECAPINSURE,EDELAMC - ECAPINSURE,23.64,23.65,22.88,22.95,23.35,-1.71,0.77,3.26,1.24,164338,3786045.58,561
2026-09-15 00:00:00,MEDICO,MEDICO REMEDIES LIMITED,37.05,37.59,35.50,35.68,37.05,-3.70,2.09,5.64,0.00,163751,5967895.59,2176
2026-09-15 00:00:00,KSL,KALYANI STEELS LIMITED,970.00,985.00,922.10,930.45,968.75,-3.95,62.90,6.48,0.13,163411,154925790.55,12698
2026-09-15 00:00:00,SPMLINFRA,SPML INFRA LIMITED,171.05,171.89,167.00,168.47,171.63,-1.84,4.89,2.86,-0.34,163272,27463843.67,2481
2026-09-15 00:00:00,VTL,VARDHMAN TEXTILES LIMITED,566.25,570.25,545.20,547.00,566.20,-3.39,25.05,4.42,0.01,162882,90385787.00,13965
2026-09-15 00:00:00,BFSI,MIRAEAMC - MAFSETF,27.18,27.18,25.90,26.18,26.52,-1.28,1.28,4.71,2.49,162863,4294425.37,1172
2026-09-15 00:00:00,ATL,ALLCARGO TERMINALS LTD,25.21,25.40,24.20,24.33,25.18,-3.38,1.20,4.76,0.12,162315,4003687.15,930
2026-09-15 00:00:00,SENORES,SENORES PHARMACEUTICALS L,1470.00,1475.60,1400.00,1416.10,1467.30,-3.49,75.60,5.14,0.18,162042,232235985.50,14251
2026-09-15 00:00:00,VMSTMT,VMS TMT LIMITED,44.95,48.09,44.95,47.46,44.12,7.57,3.14,6.99,1.88,161894,7567960.90,1114
2026-09-15 00:00:00,DIGISPICE,DIGISPICE TECHNOLOGIES LT,17.68,17.68,16.12,16.33,16.87,-3.20,1.56,8.82,4.80,161772,2637692.76,376
2026-09-15 00:00:00,MOMENTUM,BIRLASLAMC - MOMENTUM,32.00,32.40,30.04,30.25,31.61,-4.30,2.36,7.37,1.23,160931,4896985.23,1297
2026-09-15 00:00:00,ITI,ITI LTD,263.00,267.95,255.00,255.40,262.85,-2.83,12.95,4.92,0.06,160701,41614064.25,5413
2026-09-15 00:00:00,HDFCNEXT50,HDFCAMC - HDFCNEXT50,73.91,74.26,72.01,72.18,73.91,-2.34,2.25,3.04,0.00,160026,11645214.23,1443
2026-09-15 00:00:00,SFL,SHEELA FOAM LIMITED,691.55,695.90,662.90,668.25,691.55,-3.37,33.00,4.77,0.00,159797,109151518.75,15057
2026-09-15 00:00:00,REPCOHOME,REPCO HOME FINANCE LTD,359.60,361.70,345.00,348.75,359.60,-3.02,16.70,4.64,0.00,159662,55946135.05,5453
2026-09-15 00:00:00,CCCL,CONS. CONST. CONSORT LTD,13.90,14.11,13.73,13.99,13.91,0.58,0.38,2.73,-0.07,158953,2218095.80,355
2026-09-15 00:00:00,VAIBHAVGBL,VAIBHAV GLOBAL LIMITED,213.52,217.98,208.90,209.30,212.58,-1.54,9.08,4.25,0.44,158830,33752450.14,4200
2026-09-15 00:00:00,SATIN,SATIN CREDIT NET LTD,217.15,217.63,212.00,214.88,216.68,-0.83,5.63,2.59,0.22,158812,33977559.19,3304
2026-09-15 00:00:00,SUPREMEIND,SUPREME INDUSTRIES LTD,3369.00,3413.90,3300.00,3300.00,3364.40,-1.91,113.90,3.38,0.14,157956,528978770.70,18590
2026-09-15 00:00:00,SHRINGARMS,SHRINGAR HOU OF MANGALS L,218.00,218.01,209.55,211.05,217.27,-2.86,8.46,3.88,0.34,157933,33551555.74,1373
2026-09-15 00:00:00,AIRAN,AIRAN LIMITED,17.21,17.90,16.21,16.45,17.13,-3.97,1.69,9.82,0.47,157643,2714607.65,945
2026-09-15 00:00:00,RHIM,RHI MAGNESITA INDIA LTD,375.65,375.65,360.80,361.60,375.80,-3.78,14.85,3.95,-0.04,156169,57375617.95,5682
2026-09-15 00:00:00,STYL,SESHAASAI TECHNOLOGIES L,387.40,391.95,357.25,360.20,387.40,-7.02,34.70,8.96,0.00,155799,57388850.80,4383
2026-09-15 00:00:00,MNC,KOTAKMAMC - KOTAKMNC,33.08,33.08,32.00,32.18,32.71,-1.62,1.08,3.26,1.13,154691,4984305.79,686
2026-09-15 00:00:00,MEDICAMEQ,MEDICAMEN BIOTECH LIMITED,329.50,341.00,312.10,318.20,323.05,-1.50,28.90,8.77,2.00,154184,50931872.55,4532
2026-09-15 00:00:00,SHINDL,SHARAT INDUSTRIES LTD.,164.69,164.69,158.77,161.48,163.02,-0.94,5.92,3.59,1.02,154154,24833149.09,917
2026-09-15 00:00:00,RAJRATAN,RAJRATAN GLOBAL WIRE LTD,495.20,498.10,474.80,485.10,498.15,-2.62,23.30,4.71,-0.59,153932,74320341.75,8496
2026-09-15 00:00:00,TPLPLASTEH,TPL PLASTECH LIMITED,68.17,68.49,64.21,65.27,68.48,-4.69,4.28,6.28,-0.45,153584,10160440.91,2150
2026-09-15 00:00:00,GODFRYPHLP,GODFREY PHILLIPS INDIA LT,1931.00,1957.00,1900.00,1915.00,1927.00,-0.62,57.00,2.95,0.21,153558,295931597.90,12516
2026-09-15 00:00:00,UNIECOM,UNICOMMERCE ESOLUTIONS L,84.00,84.84,81.75,82.20,83.33,-1.36,3.09,3.68,0.80,152701,12675242.71,2131
2026-09-15 00:00:00,PRAXIS,PRAXIS HOME RETAIL LTD,4.51,4.63,4.26,4.28,4.48,-4.46,0.37,8.20,0.67,151922,659599.40,203
2026-09-15 00:00:00,SJS,SJS ENTERPRISES LIMITED,2357.10,2369.70,2290.20,2311.70,2354.00,-1.80,79.50,3.37,0.13,151469,352028528.50,22678
2026-09-15 00:00:00,MANORAMA,MANORAMA INDUSTRIES LTD,2050.00,2057.30,1975.00,1987.10,2055.70,-3.34,82.30,4.01,-0.28,151439,304927826.40,21209
2026-09-15 00:00:00,PARKHOTELS,PARKHOTELS,111.58,111.85,105.60,106.83,110.77,-3.56,6.25,5.60,0.73,151020,16319398.73,3390
2026-09-15 00:00:00,GULPOLY,GULSHAN POLYOLS LIMITED,175.98,176.00,169.20,170.03,174.84,-2.75,6.80,3.86,0.65,150847,25851820.52,2938
2026-09-15 00:00:00,WHIRLPOOL,WHIRLPOOL OF INDIA LTD,770.95,771.20,750.00,751.95,762.35,-1.36,21.20,2.75,1.13,150797,114403388.15,12360
2026-09-15 00:00:00,HLVLTD,HLV LIMITED,6.40,6.55,6.22,6.26,6.38,-1.88,0.33,5.16,0.31,150511,953842.08,586
2026-09-15 00:00:00,SRF,SRF LTD,2482.40,2490.70,2450.00,2455.20,2482.40,-1.10,40.70,1.64,0.00,149986,370336516.90,18002
2026-09-15 00:00:00,ARSSBL,ANAND RATHI SH N STK BR L,495.00,499.90,475.05,479.65,490.25,-2.16,24.85,5.02,0.97,149916,72956433.30,4772
2026-09-15 00:00:00,MEDIASSIST,MEDI ASSIST HEALTH SER L,316.40,321.40,308.00,309.90,316.40,-2.05,13.40,4.24,0.00,149893,47200614.70,6354
2026-09-15 00:00:00,JUSTDIAL,JUSTDIAL LTD.,668.00,669.95,646.85,661.85,665.55,-0.56,23.10,3.46,0.37,149638,98362518.70,5220
2026-09-15 00:00:00,VERANDA,VERANDA LEARNING SOL LTD,225.45,228.78,216.65,218.28,225.24,-3.09,12.13,5.38,0.09,149157,33247276.12,3031
2026-09-15 00:00:00,MANAKCOAT,MAN COAT METAL & IND LTD,130.05,130.50,123.36,124.19,128.53,-3.38,7.14,5.49,1.18,148602,18772146.17,2268
2026-09-15 00:00:00,SHARDAMOTR,SHARDA MOTOR INDS LTD,968.00,974.40,928.00,933.15,943.75,-1.12,46.40,4.79,2.57,147923,141016397.05,14241
2026-09-15 00:00:00,GTL,GTL LTD,7.24,7.24,7.07,7.08,7.24,-2.21,0.17,2.35,0.00,147661,1057016.78,621
2026-09-15 00:00:00,MOENERGY,MOTILALAMC - MOENERGY,38.25,38.45,37.26,37.48,38.06,-1.52,1.19,3.11,0.50,147550,5568198.90,1235
2026-09-15 00:00:00,MAHLOG,MAHINDRA LOGISTIC LIMITED,398.40,398.40,381.80,387.25,397.20,-2.51,16.60,4.17,0.30,147295,57387487.65,11878
2026-09-15 00:00:00,REMSONSIND,REMSONS INDUSTRIES LTD,96.40,98.90,91.11,92.13,96.32,-4.35,7.79,8.08,0.08,146432,13906692.84,3497
2026-09-15 00:00:00,ZIMLAB,ZIM LABORATORIES LIMITED,136.00,138.96,128.02,133.61,139.22,-4.03,10.94,8.04,-2.31,146082,19624330.25,1854
2026-09-15 00:00:00,AMBER,AMBER ENTERPRISES (I) LTD,7280.50,7290.50,6937.00,7000.00,7245.00,-3.38,353.50,4.86,0.49,145928,1032485452.50,20355
2026-09-15 00:00:00,MANCREDIT,MANGAL CREDIT N FINCORP L,221.97,224.90,214.00,215.36,219.90,-2.06,10.90,4.91,0.94,145803,31910336.17,1861
2026-09-15 00:00:00,UMESLTD,USHA MARTIN EDU & SOL LTD,4.97,5.14,4.48,4.53,4.97,-8.85,0.66,13.28,0.00,145521,662336.49,184
2026-09-15 00:00:00,BLIL,BALMER LAWRIE INVSTS. L,68.43,69.07,67.00,67.13,68.44,-1.91,2.07,3.02,-0.01,144750,9806005.45,2412
2026-09-15 00:00:00,BANCOINDIA,BANCO PRODUCTS (I) LTD,617.55,622.85,585.15,587.65,615.00,-4.45,37.70,6.10,0.41,144544,86558493.65,10133
2026-09-15 00:00:00,ENTERO,ENTERO HEALTHCARE SOLU L,1812.00,1825.40,1730.00,1802.10,1815.40,-0.73,95.40,5.26,-0.19,144363,255912957.00,18679
2026-09-15 00:00:00,HILTON,HILTON METAL FORGING LTD,17.71,18.29,17.16,17.29,18.06,-4.26,1.13,6.38,-1.94,144053,2534357.05,563
2026-09-15 00:00:00,RADIOCITY,MUSIC BROADCAST LIMITED,6.05,6.32,6.00,6.03,6.15,-1.95,0.32,5.29,-1.63,144035,871138.53,215
2026-09-15 00:00:00,AARTIDRUGS,AARTI DRUGS LTD.,428.00,439.90,424.00,426.35,428.50,-0.50,15.90,3.71,-0.12,143544,62105146.25,9140
2026-09-15 00:00:00,CEWATER,CONCORD ENVIRO SYSTEMS L,286.55,286.70,273.30,276.15,284.70,-3.00,13.40,4.68,0.65,142855,39697627.95,7611
2026-09-15 00:00:00,JNKINDIA,JNK INDIA LIMITED,425.00,432.20,411.00,415.05,422.40,-1.74,21.20,4.99,0.62,142537,59729192.50,5269
2026-09-15 00:00:00,IMFA,INDIAN METALS & FERRO,1245.00,1271.00,1215.00,1220.80,1243.50,-1.83,56.00,4.50,0.12,142336,177028614.30,14719
2026-09-15 00:00:00,BHANDARI,BHANDARI HOSIERY EXP LTD,3.00,3.04,2.98,3.00,3.00,0.00,0.06,2.00,0.00,141743,426299.32,228
2026-09-15 00:00:00,GPTHEALTH,GPT HEALTHCARE LIMITED,158.20,161.26,155.00,159.45,159.38,0.04,6.26,3.96,-0.74,140502,22253434.50,2992
2026-09-15 00:00:00,MASFIN,MAS FINANCIAL SERV LTD,296.00,298.95,290.55,294.90,295.95,-0.35,8.40,2.84,0.02,140211,41232635.50,6463
2026-09-15 00:00:00,VIPCLOTHNG,VIP CLOTHING LIMITED,21.38,22.00,20.25,20.57,21.38,-3.79,1.75,8.19,0.00,140164,2986578.38,476
2026-09-15 00:00:00,SIGMA,SIGMA SOLVE LIMITED,43.35,46.79,43.35,44.90,44.19,1.61,3.44,7.94,-1.90,139128,6217837.07,1579
2026-09-15 00:00:00,TEGA,TEGA INDUSTRIES LIMITED,1748.00,1748.00,1659.20,1671.10,1729.10,-3.35,88.80,5.08,1.09,138967,235178125.70,11419
2026-09-15 00:00:00,GUJALKALI,GUJARAT ALKALIES & CHEM,710.15,727.50,681.30,692.70,705.00,-1.74,46.20,6.51,0.73,138916,97821282.10,10289
2026-09-15 00:00:00,ORIENTELEC,ORIENT ELECTRIC LIMITED,174.00,174.95,168.54,169.17,173.56,-2.53,6.41,3.68,0.25,138909,23807254.70,3762
2026-09-15 00:00:00,KANSAINER,KANSAI NEROLAC PAINTS LTD,189.24,190.02,182.20,183.03,188.60,-2.95,7.82,4.13,0.34,138520,25730333.13,5158
2026-09-15 00:00:00,RELCHEMQ,RELIANCE CHEMOTEX IND LTD,114.00,129.50,113.00,120.70,110.23,9.50,16.50,14.47,3.42,138336,17366938.24,2656
2026-09-15 00:00:00,JKLAKSHMI,JK LAKSHMI CEMENT LTD,506.00,516.00,500.25,504.90,505.90,-0.20,15.75,3.11,0.02,138286,69916578.60,8015
2026-09-15 00:00:00,HOMEFIRST,HOME FIRST FIN CO IND LTD,1184.40,1194.90,1170.80,1175.30,1184.50,-0.78,24.10,2.03,-0.01,137211,161730714.70,14614
2026-09-15 00:00:00,MOHEALTH,MOTILALAMC - MOHEALTH,52.65,52.65,50.93,51.11,52.15,-1.99,1.72,3.27,0.96,136793,7059087.44,1122
2026-09-15 00:00:00,FINOPB,FINO PAYMENTS BANK LTD,141.00,141.96,137.03,137.73,139.83,-1.50,4.93,3.50,0.84,136375,18843917.43,1922
2026-09-15 00:00:00,SAKHTISUG,SAKTHI SUGARS LTD,19.90,20.22,18.90,18.95,19.90,-4.77,1.32,6.63,0.00,135785,2621522.06,768
2026-09-15 00:00:00,ORCHPHARMA,ORCHID PHARMA LIMITED,1009.15,1060.00,972.85,988.20,1003.05,-1.48,87.15,8.64,0.61,135724,137188530.55,14270
2026-09-15 00:00:00,NOVARTIND,NOVARTIS INDIA LIMITED,2360.20,2360.20,2153.30,2188.00,2391.30,-8.50,206.90,8.77,-1.30,135595,304181871.80,11266
2026-09-15 00:00:00,BOROLTD,BOROSIL LIMITED,256.01,263.40,247.14,248.33,257.48,-3.55,16.26,6.35,-0.57,135344,34581155.15,3743
2026-09-15 00:00:00,HDFCSENSEX,HDFCAMC - HDFCSENSEX,85.03,86.30,84.25,84.58,85.32,-0.87,2.05,2.41,-0.34,134553,11400798.66,1291
2026-09-15 00:00:00,GREENPLY,GREENPLY INDUSTRIES LTD,295.00,295.00,277.50,280.10,290.25,-3.50,17.50,5.93,1.64,133626,38285019.75,3671
2026-09-15 00:00:00,BMWVENTLTD,BMW VENTURES LIMITED,53.73,54.35,50.16,51.61,54.05,-4.51,4.19,7.80,-0.59,133104,7010059.25,1147
2026-09-15 00:00:00,AFFLE,AFFLE 3I LIMITED,1585.80,1588.90,1534.40,1536.40,1567.60,-1.99,54.50,3.44,1.16,132668,206938867.10,17365
2026-09-15 00:00:00,COASTCORP,COASTAL CORPORATION LTD,39.52,40.53,37.00,37.32,39.09,-4.53,3.53,8.93,1.10,132609,5047539.96,2015
2026-09-15 00:00:00,ATULAUTO,ATUL AUTO LIMITED,446.50,460.00,435.15,438.45,445.60,-1.60,24.85,5.57,0.20,132601,59243499.90,7102
2026-09-15 00:00:00,AAKASH,AAKASH EXPLORATION SER L,9.01,9.25,8.69,8.83,9.10,-2.97,0.56,6.22,-0.99,132523,1186132.71,445
2026-09-15 00:00:00,MHRIL,MAHINDRA HOLIDAYS LTD,198.04,199.86,191.10,192.40,196.73,-2.20,8.76,4.42,0.67,132435,25755543.92,3986
2026-09-15 00:00:00,GPTINFRA,GPT INFRAPROJECTS LTD,113.00,113.24,109.25,111.72,112.21,-0.44,3.99,3.53,0.70,131226,14579227.57,1937
2026-09-15 00:00:00,ITADD,DSPAMC - DSPIT,31.70,32.28,31.35,31.44,30.75,2.24,0.93,2.93,3.09,131176,4192471.49,253
2026-09-15 00:00:00,SHREDIGCEM,SHREE DIGVIJAY CEM CO LTD,69.50,70.00,65.46,65.87,68.49,-3.83,4.54,6.53,1.47,130681,8723517.55,1455
2026-09-15 00:00:00,FLUOROCHEM,GUJARAT FLUOROCHEM LTD,4819.90,4830.00,4557.90,4601.30,4773.20,-3.60,272.10,5.65,0.98,130548,604377906.00,32952
2026-09-15 00:00:00,SANSTAR,SANSTAR LIMITED,109.59,111.60,109.59,110.76,110.53,0.21,2.01,1.83,-0.85,130368,14443895.46,2022
2026-09-15 00:00:00,SUNDRMFAST,SUNDRAM FASTENERS LTD,1277.30,1280.20,1232.50,1237.30,1270.00,-2.57,47.70,3.73,0.57,130043,163281155.60,16385
2026-09-15 00:00:00,NECLIFE,NECTAR LIFESCIENCES LTD.,11.54,12.07,11.23,11.40,11.50,-0.87,0.84,7.28,0.35,129977,1527438.69,467
2026-09-15 00:00:00,AUTOIND,AUTOLINE INDUSTRIES LTD,83.20,83.33,78.35,79.11,82.83,-4.49,4.98,5.99,0.45,129975,10445297.14,1480
2026-09-15 00:00:00,UFLEX,UFLEX LIMITED,663.50,670.30,631.75,636.10,653.45,-2.66,38.55,5.81,1.54,129497,83486520.25,5316
2026-09-15 00:00:00,ABSLAMC,ADIT BIRL SUN LIF AMC LTD,1102.00,1104.00,1034.00,1037.90,1109.90,-6.49,70.00,6.35,-0.71,129497,137637496.00,18599
2026-09-15 00:00:00,GRAVISSHO,GRAVISS HOSPITALITY LTD.,46.15,46.97,45.70,46.97,42.70,10.00,1.27,2.75,8.08,129348,6053052.71,772
2026-09-15 00:00:00,TECHNOE,TECHNO ELEC & ENG CO. LTD,972.25,982.95,943.55,950.60,972.15,-2.22,39.40,4.05,0.01,129290,123721160.05,16392
2026-09-15 00:00:00,UNITEDPOLY,UNITED POLYFAB GUJ. LTD.,44.89,45.05,42.50,42.75,43.28,-1.22,2.55,5.68,3.72,129163,5649109.42,1301
2026-09-15 00:00:00,BHARATSE,BHARAT SEATS LIMITED,217.50,219.72,206.60,208.62,217.47,-4.07,13.12,6.03,0.01,128545,27167347.91,2702
2026-09-15 00:00:00,CENTRUM,CENTRUM CAPITAL LIMITED,22.54,22.54,21.57,21.65,22.34,-3.09,0.97,4.30,0.90,128168,2803377.37,680
2026-09-15 00:00:00,TGVSL,T G V SRAAC LTD.,105.99,107.00,103.01,103.91,105.91,-1.89,3.99,3.76,0.08,127830,13419751.48,1720
2026-09-15 00:00:00,THEMISMED,THEMIS MEDICARE LTD.,129.85,129.85,120.10,121.57,128.25,-5.21,9.75,7.51,1.25,127347,15914712.57,2328
2026-09-15 00:00:00,COMFINTE,COMFORT INTECH LTD.,6.03,6.16,5.91,5.92,6.08,-2.63,0.25,4.15,-0.82,127261,761588.36,466
2026-09-15 00:00:00,BAJAJELEC,BAJAJ ELECT.LTD,335.95,340.40,326.40,328.40,335.30,-2.06,14.00,4.17,0.19,127113,42308096.95,7407
2026-09-15 00:00:00,ANANDRATHI,ANAND RATHI WEALTH LTD,2212.40,2222.00,2175.00,2183.90,2211.00,-1.23,47.00,2.12,0.06,126796,278503604.20,27909
2026-09-15 00:00:00,GRAVITA,GRAVITA INDIA LIMITED,1678.10,1690.80,1625.00,1639.00,1668.20,-1.75,65.80,3.92,0.59,126737,208321199.10,14627
2026-09-15 00:00:00,GUJAPOLLO,GUJ. APOLLO IND. LTD.,340.25,346.40,334.75,340.85,348.10,-2.08,11.65,3.42,-2.26,126274,42981229.20,638
2026-09-15 00:00:00,DOLATALGO,DOLAT ALGOTECH LIMITED,69.82,69.82,68.01,68.25,69.32,-1.54,1.81,2.59,0.72,126104,8665097.66,1745
2026-09-15 00:00:00,SUDEEPPHRM,SUDEEP PHARMA LIMITED,1238.00,1238.00,1142.70,1142.70,1202.80,-5.00,95.30,7.70,2.93,124977,144994771.70,6823
2026-09-15 00:00:00,VISAKAIND,VISAKA INDUSTRIES LIMITED,91.10,91.68,88.10,88.47,90.45,-2.19,3.58,3.93,0.72,124953,11132150.25,2173
2026-09-15 00:00:00,KERNEX,KERNEX MICROSYS(I) LTD,1738.00,1750.00,1650.00,1656.30,1732.10,-4.38,100.00,5.75,0.34,124877,211076144.40,13115
2026-09-15 00:00:00,JUNIPER,JUNIPER HOTELS LIMITED,222.50,223.91,213.00,214.84,221.12,-2.84,10.91,4.90,0.62,124447,27038272.93,3144
2026-09-15 00:00:00,DIGJAMLMTD,DIGJAM LTD,68.79,70.93,65.00,65.00,68.42,-5.00,5.93,8.62,0.54,123964,8381093.80,1313
2026-09-15 00:00:00,SURAJEST,SURAJ ESTATE DEVELOPERS L,175.42,179.59,168.85,169.85,174.59,-2.71,10.74,6.12,0.48,123897,21480721.26,2512
2026-09-15 00:00:00,SCODATUBES,SCODA TUBES LIMITED,130.00,132.90,125.50,126.23,129.82,-2.77,7.40,5.69,0.14,123440,15787547.02,1730
2026-09-15 00:00:00,MOKSH,MOKSH ORNAMENTS LIMITED,10.31,10.59,9.95,10.01,10.31,-2.91,0.64,6.21,0.00,123393,1246482.47,394
2026-09-15 00:00:00,KOTHARIPET,KOTHARI PETROCHEM LTD,139.59,140.54,129.00,130.35,138.57,-5.93,11.54,8.27,0.74,123365,16381440.39,1393
2026-09-15 00:00:00,PARASPETRO,PARAS PETROFILS LTD.,2.14,2.24,2.13,2.15,2.17,-0.92,0.11,5.14,-1.38,123328,266467.96,265
2026-09-15 00:00:00,NEXT50BETA,UTIAMC-NEXT50BETA,78.78,78.78,76.00,76.45,78.06,-2.06,2.78,3.53,0.92,122831,9463962.85,1444
2026-09-15 00:00:00,VMART,VMART RETAIL LTD,805.50,809.65,774.55,789.85,808.95,-2.36,35.10,4.36,-0.43,122376,96228339.45,15034
2026-09-15 00:00:00,AURUM,AURUM PROPTECH LIMITED,224.02,227.18,220.75,221.36,224.02,-1.19,6.43,2.87,0.00,121746,27061770.28,2708
2026-09-15 00:00:00,KRISHNADEF,KRISHNA DEF AND ALD IND L,1088.80,1088.80,1021.40,1027.80,1065.50,-3.54,67.40,6.19,2.19,121172,126223225.70,7664
2026-09-15 00:00:00,VIMTALABS,VIMTA LABS LIMITED,637.90,642.00,613.00,616.00,629.60,-2.16,29.00,4.55,1.32,121161,75524673.00,6535
2026-09-15 00:00:00,DBCORP,D.B.CORP LTD,191.74,191.74,184.00,184.73,190.79,-3.18,7.74,4.04,0.50,119959,22467472.06,4232
2026-09-15 00:00:00,SANDHAR,SANDHAR TECHNOLOGIES LTD,618.10,628.00,607.30,610.35,618.60,-1.33,20.70,3.35,-0.08,119259,73550460.75,8132
2026-09-15 00:00:00,SAKAR,SAKAR HEALTHCARE LIMITED,1178.00,1179.00,1117.10,1137.55,1158.55,-1.81,61.90,5.25,1.68,119031,137304745.85,10784
2026-09-15 00:00:00,PICCADIL,PICCADILY AGRO INDUSTRI L,602.15,605.40,582.30,585.65,602.15,-2.74,23.10,3.84,0.00,118995,70210339.45,7382
2026-09-15 00:00:00,CCL,CCL PRODUCTS (I) LTD,1076.00,1086.00,1056.00,1060.90,1081.00,-1.86,30.00,2.79,-0.46,118848,127103581.90,19874
2026-09-15 00:00:00,FACT,FACT LTD,780.15,785.15,751.40,754.55,779.60,-3.21,33.75,4.33,0.07,118792,90925778.50,8157
2026-09-15 00:00:00,KCP,KCP LTD,162.40,162.94,158.18,159.15,162.40,-2.00,4.76,2.93,0.00,118488,18941716.32,2370
2026-09-15 00:00:00,KAMATHOTEL,KAMAT HOTELS (I) LTD,222.55,225.89,202.85,207.60,224.20,-7.40,23.04,10.35,-0.74,118268,24973380.98,3221
2026-09-15 00:00:00,APCOTEXIND,APCOTEX INDUSTRIES LIMITE,602.05,610.00,575.00,576.70,601.15,-4.07,35.00,5.81,0.15,118177,68984731.35,7948
2026-09-15 00:00:00,METROPOLIS,METROPOLIS HEALTHCARE LTD,586.00,591.50,569.85,572.50,585.50,-2.22,21.65,3.69,0.09,118075,68221553.55,9442
2026-09-15 00:00:00,DCMSIL,DCM SHRIRAM INTERNATNL L,72.00,73.79,68.03,69.25,71.04,-2.52,5.76,8.00,1.35,117329,8319564.91,1142
2026-09-15 00:00:00,MANOMAY,MANOMAY TEX INDIA LTD,235.50,239.80,224.50,228.71,234.19,-2.34,15.30,6.50,0.56,116912,26999209.49,3307
2026-09-15 00:00:00,GLOBUSSPR,GLOBUS SPIRITS LTD,839.90,843.55,810.25,820.55,839.75,-2.29,33.30,3.96,0.02,116617,95875590.30,10274
2026-09-15 00:00:00,SKMEGGPROD,SKM EGG PROD EXPORT(I) LT,241.35,242.95,231.00,231.90,241.30,-3.90,11.95,4.95,0.02,116381,27376182.15,3838
2026-09-15 00:00:00,VIJAYA,VIJAYA DIAGNOSTIC CEN LTD,1503.00,1515.90,1431.10,1443.70,1502.00,-3.88,84.80,5.64,0.07,116091,169606882.70,18372
2026-09-15 00:00:00,UNIPARTS,UNIPARTS INDIA LIMITED,897.45,899.00,861.10,865.70,897.45,-3.54,37.90,4.22,0.00,115818,101422987.80,11555
2026-09-15 00:00:00,LCCINFOTEC,LCC INFOTECH LTD,3.15,3.15,2.99,2.99,3.14,-4.78,0.16,5.08,0.32,115767,352137.62,323
2026-09-15 00:00:00,VENKEYS,VENKY S (INDIA) LIMITED,1810.00,1814.90,1702.00,1713.60,1787.20,-4.12,112.90,6.24,1.28,115324,203579145.60,14170
2026-09-15 00:00:00,ISFT,INTRASOFT TECH. LTD,80.40,80.40,76.18,76.59,79.48,-3.64,4.22,5.25,1.16,115249,8952495.82,1012
2026-09-15 00:00:00,NEXT50ADD,DSPAMC - NEXT50ADD,72.78,72.78,70.71,70.86,72.78,-2.64,2.07,2.84,0.00,114949,8206283.07,115
2026-09-15 00:00:00,AAVAS,AAVAS FINANCIERS LIMITED,1270.10,1290.60,1262.10,1270.30,1275.10,-0.38,28.50,2.24,-0.39,114642,146592117.80,13560
2026-09-15 00:00:00,HDFCNIF100,HDFCAMC - HDFCNIF100,25.44,25.66,25.10,25.18,25.44,-1.02,0.56,2.20,0.00,114491,2900072.77,594
2026-09-15 00:00:00,STANLEY,STANLEY LIFESTYLES LTD,136.71,138.00,134.85,135.02,135.60,-0.43,3.15,2.30,0.82,114098,15461073.58,1320
2026-09-15 00:00:00,NRAIL,N R AGARWAL INDS LTD,638.00,685.00,631.00,638.85,627.90,1.74,54.00,8.46,1.61,113606,75355930.45,6021
2026-09-15 00:00:00,DIVGIITTS,DIVGI TORQTRANSFER SYST L,1192.90,1199.90,1101.00,1106.30,1188.30,-6.90,98.90,8.29,0.39,113571,128042242.80,10350
2026-09-15 00:00:00,SUPRAJIT,SUPRAJIT ENGINEERING LTD,490.45,495.00,475.20,480.05,488.90,-1.81,19.80,4.04,0.32,113378,55008844.90,9946
2026-09-15 00:00:00,MADHAVIPL,MADHAV INFRA PROJECTS L,8.00,8.00,7.71,7.82,7.96,-1.76,0.29,3.63,0.50,112440,880363.07,336
2026-09-15 00:00:00,ADSL,ALLIED DIGITAL SERV. LTD,100.68,101.60,96.15,97.02,100.21,-3.18,5.45,5.41,0.47,112407,11073964.72,2636
2026-09-15 00:00:00,IVALUE,IVALUE INFOSOLUTIONS LTD,228.00,233.78,223.35,225.70,223.35,1.05,10.43,4.57,2.08,112181,25667020.89,3590
2026-09-15 00:00:00,DEEP,DEEP POLYMERS LTD.,47.00,47.77,42.67,45.13,46.08,-2.06,5.10,10.85,2.00,112049,5006230.79,1211
2026-09-15 00:00:00,SUPREME,SUPREME HOLDIN N HOSP I L,37.90,37.90,32.51,32.98,34.74,-5.07,5.39,14.22,9.10,111772,3751030.06,1346
2026-09-15 00:00:00,NIFTY100EW,KOTAKMAMC - NIFTY100EW,34.53,35.00,33.82,33.91,34.53,-1.80,1.18,3.42,0.00,111737,3812815.78,668
2026-09-15 00:00:00,ALLTIME,ALL TIME PLASTICS LIMITED,221.50,223.50,212.00,213.38,221.15,-3.51,11.50,5.19,0.16,111414,24350653.74,3357
2026-09-15 00:00:00,NAVINFLUOR,NAVIN FLUORINE INT. LTD,8586.00,8618.50,8208.00,8228.00,8543.50,-3.69,410.50,4.78,0.50,111387,924712194.00,31476
2026-09-15 00:00:00,BIKAJI,BIKAJI FOODS INTERN LTD,555.00,570.00,535.35,541.60,548.25,-1.21,34.65,6.24,1.23,111374,60650433.75,9165
2026-09-15 00:00:00,ASIANHOTNR,ASIAN HOTELS (NORTH) LTD,381.60,409.00,375.35,385.45,378.80,1.76,33.65,8.82,0.74,111275,44186098.85,4721
2026-09-15 00:00:00,20MICRONS,20 MICRONS LTD,207.98,208.77,198.51,201.29,207.86,-3.16,10.26,4.93,0.06,111270,22530502.12,3258
2026-09-15 00:00:00,SOBHA,SOBHA LIMITED,1226.60,1240.90,1181.20,1192.70,1216.80,-1.98,59.70,4.87,0.81,110757,133236320.30,13572
2026-09-15 00:00:00,SIMPLEXINF,SIMPLEX INFRASTRUCTURES L,255.35,256.00,238.90,242.85,255.10,-4.80,17.10,6.70,0.10,110563,27034731.70,2327
2026-09-15 00:00:00,KPIL,KALPATARU PROJECT INT LTD,1436.70,1438.50,1371.80,1380.20,1435.70,-3.87,66.70,4.64,0.07,110460,153757285.50,19243
2026-09-15 00:00:00,DLINKINDIA,D-LINK INDIA LTD,436.00,436.00,414.30,417.05,434.25,-3.96,21.70,4.98,0.40,110182,46484922.70,3621
2026-09-15 00:00:00,PITTIENG,PITTI ENGINEERING LIMITED,1168.00,1168.00,1100.00,1109.30,1167.90,-5.02,68.00,5.82,0.01,110111,124032138.80,7328
2026-09-15 00:00:00,DMCC,DMCC SPECIALITY CHEMICALS,290.00,290.00,263.50,265.50,287.55,-7.67,26.50,9.14,0.85,109990,30110415.85,3171
2026-09-15 00:00:00,VRLLOG,VRL LOGISTICS LIMITED,288.30,289.00,282.55,283.60,288.30,-1.63,6.45,2.24,0.00,109956,31325660.60,4690
2026-09-15 00:00:00,MANGALAM,MANGALAM DRUG & CHEM LTD,36.00,36.46,33.22,33.54,36.46,-8.01,3.24,9.00,-1.26,109928,3760695.97,984
2026-09-15 00:00:00,RELAXO,RELAXO FOOT LTD.,324.95,327.50,315.00,317.15,324.95,-2.40,12.50,3.85,0.00,109701,35114389.75,6017
2026-09-15 00:00:00,UTIAMC,UTI ASSET MNGMT CO LTD,909.15,915.75,905.90,911.10,910.00,0.12,9.85,1.08,-0.09,109601,99792135.75,8236
2026-09-15 00:00:00,ABSLPSE,BIRLASLAMC-ABSLPSE,10.11,10.29,9.90,9.93,10.11,-1.78,0.39,3.86,0.00,109470,1092073.06,818
2026-09-15 00:00:00,KMCSHIL,K M C SPECIALITY HOSP I L,138.48,138.56,132.00,132.80,138.47,-4.09,6.56,4.74,0.01,108615,14622915.24,2098
2026-09-15 00:00:00,SHAILY,SHAILY ENG PLASTICS LTD,3300.70,3326.50,3152.00,3181.80,3279.50,-2.98,174.50,5.29,0.65,108535,349716684.40,21552
2026-09-15 00:00:00,KKCL,KEWAL KIRAN CLOTHING LTD,498.55,501.95,480.75,498.60,494.90,0.75,21.20,4.25,0.74,108121,53046028.50,3281
2026-09-15 00:00:00,KECL,KIRLOSKAR ELECTRIC CO LTD,124.34,124.60,118.20,119.47,124.21,-3.82,6.40,5.15,0.10,107901,13006172.83,2450
2026-09-15 00:00:00,BALPHARMA,BAL PHARMA LTD.,109.22,115.00,107.07,107.44,107.42,0.02,7.93,7.26,1.68,107727,11880962.96,1417
2026-09-15 00:00:00,SAURASHCEM,SAURASHTRA CEMENT LIMITED,54.90,55.99,52.70,53.03,54.76,-3.16,3.29,5.99,0.26,107268,5762308.65,1494
2026-09-15 00:00:00,NOVAAGRI,NOVA AGRITECH LIMITED,23.42,23.48,21.80,22.49,22.70,-0.93,1.68,7.17,3.17,107024,2409322.60,605
2026-09-15 00:00:00,RELTD,RAVINDRA ENERGY LIMITED,156.78,157.50,147.55,148.90,155.64,-4.33,9.95,6.35,0.73,106567,16134635.34,2421
2026-09-15 00:00:00,SATIA,SATIA INDUSTRIES LIMITED,67.01,68.67,66.22,66.51,68.01,-2.21,2.45,3.66,-1.47,106260,7163157.71,1290
2026-09-15 00:00:00,ATLANTAELE,ATLANTA ELECTRICALS LTD,1765.10,1784.20,1652.20,1660.00,1777.80,-6.63,132.00,7.48,-0.71,106063,179586430.30,13960
2026-09-15 00:00:00,STOVEKRAFT,STOVE KRAFT LIMITED,819.50,828.95,800.75,804.70,814.90,-1.25,28.20,3.44,0.56,105247,85616470.65,8180
2026-09-15 00:00:00,SAATVIKGL,SAATVIK GREEN ENERGY LTD,392.00,399.00,384.70,389.55,395.95,-1.62,14.30,3.65,-1.00,105059,41162004.80,2734
2026-09-15 00:00:00,MANBA,MANBA FINANCE LIMITED,133.42,135.99,131.12,133.87,132.47,1.06,4.87,3.65,0.72,104730,14023509.43,1140
2026-09-15 00:00:00,PIGL,POWER INSTRUMENT (G) LTD,102.90,104.90,98.60,99.54,102.10,-2.51,6.30,6.12,0.78,104396,10421289.64,833
2026-09-15 00:00:00,MOMOMENTUM,MOTILALAMC - MOMOMENTUM,61.51,62.16,60.11,60.30,62.07,-2.85,2.05,3.33,-0.90,104191,6330392.74,1094
2026-09-15 00:00:00,RUBFILA,RUBFILA INTERNATIONAL LTD,67.40,68.34,62.80,63.56,68.51,-7.23,5.54,8.22,-1.62,103797,6780005.71,947
2026-09-15 00:00:00,SUNFLAG,SUNFLAG IRON AND STEEL CO,337.20,339.50,328.50,331.55,337.20,-1.68,11.00,3.26,0.00,103768,34692898.15,3783
2026-09-15 00:00:00,INDOBORAX,INDO BORAX & CHEMICAL LTD,482.00,485.35,457.20,460.80,484.55,-4.90,28.15,5.84,-0.53,103157,48299549.25,5244
2026-09-15 00:00:00,ZUARI,ZUARI AGRO CHEMICALS LTD,220.00,222.12,210.10,212.40,220.42,-3.64,12.02,5.46,-0.19,103154,22183427.36,3221
2026-09-15 00:00:00,HARSHA,HARSHA ENGINEERS INT LTD,446.00,451.95,423.30,424.70,445.00,-4.56,28.65,6.42,0.22,103103,44648077.20,5370
2026-09-15 00:00:00,OMPOWER,OM POWER TRANSMISSION LTD,171.10,173.72,165.35,168.20,171.54,-1.95,8.37,4.89,-0.26,103029,17472364.19,1974
2026-09-15 00:00:00,VISHNU,VISHNU CHEMICALS LIMITED,713.95,715.50,680.20,682.80,713.95,-4.36,35.30,4.94,0.00,102967,71204976.40,5733
2026-09-15 00:00:00,POKARNA,POKARNA LIMITED,804.15,808.90,750.10,758.25,804.15,-5.71,58.80,7.31,0.00,102781,79345699.90,6019
2026-09-15 00:00:00,SHANTIGEAR,SHANTHI GEARS LTD,714.95,728.50,679.25,679.25,714.95,-4.99,49.25,6.89,0.00,102653,70881411.15,2911
2026-09-15 00:00:00,SARLAPOLY,SARLA PERF. FIBERS LTD,100.70,102.78,96.11,96.70,100.22,-3.51,6.67,6.62,0.48,102414,10177058.57,1138
2026-09-15 00:00:00,KRITIKA,KRITIKA WIRES LIMITED,5.35,5.48,5.20,5.24,5.40,-2.96,0.28,5.23,-0.93,102293,543220.33,497
2026-09-15 00:00:00,MIDQ50ADD,DSPAMC - DSPQ50ETF,24.33,24.50,24.00,24.12,24.33,-0.86,0.50,2.06,0.00,101598,2460653.26,215
2026-09-15 00:00:00,OAL,ORIENTAL AROMATICS LTD,524.00,559.80,505.50,510.95,532.10,-3.97,54.30,10.36,-1.52,101439,54397148.75,5771
2026-09-15 00:00:00,VSTIND,VST INDUSTRIES LTD,206.00,206.49,202.10,203.40,203.93,-0.26,4.39,2.13,1.02,101421,20673581.53,3746
2026-09-15 00:00:00,OSWALGREEN,OSWAL GREENTECH LIMITED,20.03,20.36,19.50,19.59,20.01,-2.10,0.86,4.29,0.10,101172,2004673.45,1184
2026-09-15 00:00:00,GHCL,GHCL LIMITED,422.15,430.00,422.00,423.15,421.15,0.47,8.00,1.90,0.24,100745,42751469.75,4014
2026-09-15 00:00:00,APARINDS,APAR INDUSTRIES LTD.,17598.00,17688.00,16490.00,16550.00,17500.00,-5.43,1198.00,6.81,0.56,100710,1707830143.00,34026
2026-09-15 00:00:00,KSR,KSR FOOTWEAR LIMITED,42.61,44.52,42.61,44.40,42.40,4.72,1.91,4.48,0.50,100470,4433875.38,676
2026-09-15 00:00:00,TIGERLOGS,TIGER LOGISTICS (INDIA) L,27.23,27.62,26.52,27.40,27.16,0.88,1.10,4.04,0.26,100468,2733302.28,559
2026-09-15 00:00:00,GEMAROMA,GEM AROMATICS LIMITED,160.87,163.45,157.12,158.08,160.87,-1.73,6.33,3.93,0.00,100204,16015965.04,1250
2026-09-15 00:00:00,THANGAMAYL,THANGAMAYIL JEWELLERY LTD,5142.00,5148.50,4870.00,4912.00,5126.00,-4.17,278.50,5.42,0.31,100172,498334558.50,14551
2026-09-15 00:00:00,VINDHYATEL,VINDHYA TELELINKS LTD,2833.00,2842.40,2600.00,2617.70,2813.50,-6.96,242.40,8.56,0.69,100076,268801282.20,11351
2026-09-15 00:00:00,PENINLAND,PENINSULA LAND LIMITED,15.87,15.87,14.80,14.98,15.59,-3.91,1.07,6.74,1.80,100074,1514400.37,395
2026-09-15 00:00:00,IPL,INDIA PESTICIDES LIMITED,134.10,134.28,132.01,132.68,133.69,-0.76,2.27,1.69,0.31,99694,13229396.67,1586
2026-09-15 00:00:00,KAJARIACER,KAJARIA CERAMICS LTD,1226.40,1226.70,1211.00,1213.60,1226.40,-1.04,15.70,1.28,0.00,99558,121093356.10,6827
2026-09-15 00:00:00,ORIRAIL,ORIENTAL RAIL INFRA L,124.11,124.99,117.01,119.03,124.11,-4.09,7.98,6.43,0.00,99410,11891425.17,1834
2026-09-15 00:00:00,GOPAL,GOPAL SNACKS LIMITED,256.25,259.95,248.10,249.30,257.35,-3.13,11.85,4.62,-0.43,99187,24966379.85,5471
2026-09-15 00:00:00,INDIASHLTR,INDIA SHELTER FIN CORP L,653.00,663.00,640.50,647.25,652.25,-0.77,22.50,3.45,0.11,99067,64543356.25,12109
2026-09-15 00:00:00,VALUEAXIS,AXISAMC-VALUEAXIS,32.88,32.88,31.80,31.90,32.47,-1.76,1.08,3.28,1.26,98731,3174460.63,647
2026-09-15 00:00:00,RUPA,RUPA & COMPANY LTD,137.48,137.80,133.00,133.49,137.48,-2.90,4.80,3.49,0.00,98326,13267763.59,4236
2026-09-15 00:00:00,TARSONS,TARSONS PRODUCTS LIMITED,311.75,312.45,301.00,303.15,311.20,-2.59,11.45,3.67,0.18,98302,30012906.55,2816
2026-09-15 00:00:00,POWERINDIA,HITACHI ENERGY INDIA LTD,31260.00,31295.00,30000.00,30790.00,31435.00,-2.05,1295.00,4.14,-0.56,98157,2988404020.00,32746
2026-09-15 00:00:00,PRIVISCL,PRIVI SPECIALITY CHE LTD,3561.40,3599.30,3425.50,3452.20,3556.10,-2.92,173.80,4.88,0.15,98065,340589614.90,16260
2026-09-15 00:00:00,SHIVALIK,SHIVALIK RASAYAN LIMITED,362.50,373.15,350.00,353.90,362.05,-2.25,23.15,6.39,0.12,97952,35173493.65,5000
2026-09-15 00:00:00,EUREKAFORB,EUREKA FORBES LIMITED,394.25,405.40,389.55,394.30,394.15,0.04,15.85,4.02,0.03,97508,38623464.80,8665
2026-09-15 00:00:00,CONCORDBIO,CONCORD BIOTECH LIMITED,1513.60,1527.10,1467.00,1473.00,1505.70,-2.17,60.10,3.97,0.52,97030,144965425.20,13422
2026-09-15 00:00:00,IITL,INDUSTRIAL INV TRUST LTD,148.27,155.00,147.02,148.84,149.01,-0.11,7.98,5.38,-0.50,96948,14418538.60,794
2026-09-15 00:00:00,ECOSMOBLTY,ECOS (INDIA) MOB & HOSP L,112.47,112.91,106.00,107.47,111.68,-3.77,6.91,6.14,0.71,96779,10510394.57,1875
2026-09-15 00:00:00,INDNIPPON,INDIA NIPPON ELECT  LTD,1358.90,1364.90,1261.60,1279.00,1358.90,-5.88,103.30,7.60,0.00,96043,124770971.30,8579
2026-09-15 00:00:00,A2ZINFRA,A2Z INFRA ENGINEERING LTD,15.99,15.99,15.07,15.11,15.33,-1.44,0.92,5.75,4.31,95954,1459013.59,253
2026-09-15 00:00:00,BUILDPRO,SHANKARA BUILDPRO LIMITED,1274.80,1334.00,1274.80,1283.00,1252.50,2.44,59.20,4.64,1.78,95748,124601863.20,8344
2026-09-15 00:00:00,SEDEMAC,SEDEMAC MECHATRONICS LTD,2944.00,2995.00,2911.00,2950.70,2906.20,1.53,84.00,2.85,1.30,95665,282573067.00,15652
2026-09-15 00:00:00,PSUBANK,KOTAK PSU BANK,81.33,83.61,81.33,81.95,83.42,-1.76,2.28,2.80,-2.51,95380,7870705.55,871
2026-09-15 00:00:00,CARRARO,CARRARO INDIA LIMITED,538.00,539.00,519.00,521.00,538.45,-3.24,20.00,3.72,-0.08,95342,50356621.85,6069
2026-09-15 00:00:00,FABTECH,FABTECH TECHNOLOGIES LTD,148.07,148.60,145.21,146.30,147.02,-0.49,3.39,2.29,0.71,95273,13984764.86,821
2026-09-15 00:00:00,BAJAJHCARE,BAJAJ HEALTHCARE LIMITED,334.05,334.10,318.60,320.90,334.05,-3.94,15.50,4.64,0.00,95072,30844382.00,5093
2026-09-15 00:00:00,UDS,UPDATER SERVICES LIMITED,209.02,210.00,194.15,197.04,207.50,-5.04,15.85,7.58,0.73,95017,19198442.22,3495
2026-09-15 00:00:00,ALPINETEX,ALPINE TEXWORLD LIMITED,57.11,57.39,53.50,54.68,57.13,-4.29,3.89,6.81,-0.04,94673,5264787.52,1535
2026-09-15 00:00:00,JASH,JASH ENGINEERING LIMITED,514.05,523.95,495.00,496.10,514.05,-3.49,28.95,5.63,0.00,94635,47677075.30,4767
2026-09-15 00:00:00,INDOSTAR,INDOSTAR CAPITAL FIN LTD,243.16,246.19,230.15,233.07,244.38,-4.63,16.04,6.60,-0.50,94427,22268601.33,2316
2026-09-15 00:00:00,BAGFILMS,B.A.G FILMS AND MEDIA LTD,4.53,4.53,4.31,4.35,4.44,-2.03,0.22,4.86,2.03,94381,414703.22,281
2026-09-15 00:00:00,COROMANDEL,COROMANDEL INTERNTL. LTD,1928.00,1950.00,1918.90,1939.10,1929.00,0.52,31.10,1.61,-0.05,93758,181748098.00,14327
2026-09-15 00:00:00,JTEKTINDIA,JTEKT INDIA LIMITED,121.25,121.74,117.00,117.36,120.55,-2.65,4.74,3.91,0.58,93642,11097753.66,1802
2026-09-15 00:00:00,TVTODAY,TV TODAY NETWORK LTD,108.40,109.97,104.51,105.68,109.30,-3.31,5.46,5.04,-0.82,93068,9909560.82,1204
2026-09-15 00:00:00,WAAREEINDO,INDOSOLAR LIMITED,252.10,259.50,245.10,249.40,251.95,-1.01,14.40,5.71,0.06,92977,23489617.10,2487
2026-09-15 00:00:00,TSFINV,TSF INVESTMENTS LIMITED,437.00,446.45,436.95,442.95,437.25,1.30,9.50,2.17,-0.06,92881,41048100.15,5575
2026-09-15 00:00:00,DJML,DJ MEDIAPRINT & LOG LTD,82.97,83.59,76.64,78.66,82.39,-4.53,6.95,8.38,0.70,92791,7307022.41,2056
2026-09-15 00:00:00,MAHLIFE,MAHINDRA LIFESPACE DEVLTD,353.10,363.45,345.05,345.90,353.05,-2.03,18.40,5.21,0.01,92194,32667663.85,10343
2026-09-15 00:00:00,KIOCL,KIOCL LIMITED,358.15,358.35,339.35,340.80,355.90,-4.24,19.00,5.31,0.63,91774,31694350.05,4919
2026-09-15 00:00:00,AGI,AGI GREENPAC LIMITED,761.05,762.05,731.10,736.65,762.65,-3.41,30.95,4.07,-0.21,91711,68496428.80,5268
2026-09-15 00:00:00,MANAKALUCO,MANAK ALUMINIUM CO. LTD.,36.55,37.53,35.11,35.47,36.87,-3.80,2.42,6.62,-0.87,91668,3312406.78,973
2026-09-15 00:00:00,SMALLADD,DSPAMC - SMALLADD,18.48,18.50,18.02,18.11,18.48,-2.00,0.48,2.60,0.00,90981,1658287.85,194
2026-09-15 00:00:00,CORONA,CORONA REMEDIES LIMITED,2250.00,2292.40,2192.10,2217.90,2236.10,-0.81,100.30,4.46,0.62,90921,204438249.90,14048
2026-09-15 00:00:00,NAVNETEDUL,NAVNEET EDUCATION LTD,127.20,127.80,123.81,124.10,127.85,-2.93,3.99,3.14,-0.51,90749,11387295.09,1495
2026-09-15 00:00:00,MAANALU,MAAN ALUMINIUM LIMITED,110.40,111.96,105.00,106.14,110.40,-3.86,6.96,6.30,0.00,90260,9709674.58,1281
2026-09-15 00:00:00,BUTTERFLY,BTRFLY GANDHI APPL LTD,582.15,634.80,577.05,580.25,586.25,-1.02,57.75,9.92,-0.70,89943,54136057.75,5035
2026-09-15 00:00:00,MIIL,MEGHNA INFRACON INFRA L,681.30,698.70,658.20,666.10,676.45,-1.53,40.50,5.94,0.72,89895,60252268.70,1676
2026-09-15 00:00:00,GODIGIT,GO DIGIT GENERAL INS LTD,257.40,257.40,251.00,251.50,256.20,-1.83,6.40,2.49,0.47,89335,22523913.90,3997
2026-09-15 00:00:00,ORIENTCER,ORIENT CERATECH LIMITED,46.88,47.40,44.50,44.79,46.01,-2.65,2.90,6.19,1.89,89199,4090958.04,2740
2026-09-15 00:00:00,GTPL,GTPL HATHWAY LIMITED,60.70,60.70,57.30,57.83,59.81,-3.31,3.40,5.60,1.49,88762,5236565.54,1176
2026-09-15 00:00:00,GFLLIMITED,GFL LIMITED,58.27,58.27,54.19,54.69,58.27,-6.14,4.08,7.00,0.00,88311,4957956.74,1789
2026-09-15 00:00:00,ANTGRAPHIC,ANTARCTICA LTD,0.75,0.75,0.73,0.74,0.75,-1.33,0.02,2.67,0.00,87794,64950.38,207
2026-09-15 00:00:00,RPPINFRA,R.P.P INFRA PROJECTS LTD,60.79,60.83,54.32,54.72,60.34,-9.31,6.51,10.71,0.75,87771,4965525.88,1339
2026-09-15 00:00:00,SUVIDHAA,SUVIDHAA INFOSERVE LTD,2.27,2.36,2.20,2.28,2.25,1.33,0.16,7.05,0.89,87341,197953.84,291
2026-09-15 00:00:00,GLOBAL,GLOBAL EDUCATION LIMITED,128.00,128.09,123.11,126.23,126.91,-0.54,4.98,3.89,0.86,86903,10874106.89,1064
2026-09-15 00:00:00,TINNARUBR,TINNA RUBBER AND INFR LTD,1034.00,1043.95,955.05,965.00,1034.05,-6.68,88.90,8.60,-0.00,86015,85006977.50,7722
2026-09-15 00:00:00,ORIENTALTL,ORIENTAL TRIMEX LTD,5.07,5.25,4.95,5.02,5.07,-0.99,0.30,5.92,0.00,85709,432678.19,338
2026-09-15 00:00:00,MONEYBOXX,MONEYBOXX FINANCE LIMITED,42.20,44.94,42.19,44.94,40.86,9.99,2.75,6.52,3.28,85676,3835578.24,129
2026-09-15 00:00:00,ALKYLAMINE,ALKYL AMINES CHEM. LTD,1867.00,1867.00,1768.10,1775.70,1867.50,-4.92,98.90,5.30,-0.03,85642,154454065.00,14672
2026-09-15 00:00:00,DANGEE,DANGEE DUMS LIMITED,2.75,2.94,2.75,2.78,2.75,1.09,0.19,6.91,0.00,85525,239112.71,134
2026-09-15 00:00:00,GSLSU,GLOBAL SURFACES LIMITED,28.98,29.66,27.71,28.00,28.25,-0.88,1.95,6.73,2.58,84868,2438606.02,888
2026-09-15 00:00:00,DECCANCE,DECCAN CEMENTS LIMITED,581.00,599.65,561.55,566.05,573.70,-1.33,38.10,6.56,1.27,84609,48747569.65,4877
2026-09-15 00:00:00,SHREERAMA,SHREE RAMA MULTI TECH LTD,46.31,47.08,43.61,44.23,47.12,-6.13,3.47,7.49,-1.72,84445,3828826.81,2498
2026-09-15 00:00:00,MKPL,M K PROTEINS LIMITED,3.97,4.00,3.90,3.92,3.96,-1.01,0.10,2.52,0.25,84266,333488.07,578
2026-09-15 00:00:00,WESTLIFE,WESTLIFE FOODWORLD LTD,569.95,579.80,550.00,556.10,569.60,-2.37,29.80,5.23,0.06,84067,47526988.90,4765
2026-09-15 00:00:00,DENTA,DENTA WATER N INFRA SOL L,288.10,291.90,273.00,276.30,287.75,-3.98,18.90,6.56,0.12,83817,23630606.15,2949
2026-09-15 00:00:00,GLOBECIVIL,GLOBE CIVIL PROJECTS LTD,44.19,46.29,42.23,43.50,44.21,-1.61,4.06,9.19,-0.05,83670,3696425.14,1437
2026-09-15 00:00:00,JINDALPHOT,JINDAL PHOTO LIMITED,1001.50,1154.00,1001.50,1099.60,1010.90,8.77,152.50,15.23,-0.93,83635,93096996.80,3480
2026-09-15 00:00:00,WINDLAS,WINDLAS BIOTECH LIMITED,1137.00,1144.00,1084.00,1098.15,1129.25,-2.75,60.00,5.28,0.69,83578,92957875.80,10495
2026-09-15 00:00:00,SEAMECLTD,SEAMEC LIMITED,1814.90,1814.90,1721.00,1736.90,1788.40,-2.88,93.90,5.17,1.48,83528,145578555.80,6702
2026-09-15 00:00:00,RAMCOIND,RAMCO INDUSTRIES LIMITED,322.95,325.25,312.00,318.40,322.25,-1.19,13.25,4.10,0.22,83193,26388689.60,2290
2026-09-15 00:00:00,BANSALWIRE,BANSAL WIRE INDUSTRIES L,307.90,311.90,298.00,303.70,309.35,-1.83,13.90,4.51,-0.47,82917,25216012.25,4160
2026-09-15 00:00:00,TREL,TRANSINDIA REAL ESTATE L,27.19,27.90,25.17,25.71,26.97,-4.67,2.73,10.04,0.82,82719,2193383.18,5004
2026-09-15 00:00:00,AWHCL,ANTONY WASTE HDG CELL LTD,367.75,367.75,351.75,354.10,366.50,-3.38,16.00,4.35,0.34,82561,29639778.35,4385
2026-09-15 00:00:00,PGIL,PEARL GLOBAL IND LIMITED,1181.10,1192.50,1131.00,1141.40,1187.70,-3.90,61.50,5.21,-0.56,82391,94205212.30,11276
2026-09-15 00:00:00,XTGLOBAL,XTGLOBAL INFOTECH LIMITED,29.55,31.80,29.25,29.45,29.53,-0.27,2.55,8.63,0.07,82382,2538977.83,890
2026-09-15 00:00:00,APEX,APEX FROZEN FOODS LIMITED,366.65,369.70,355.00,358.95,368.50,-2.59,14.70,4.01,-0.50,81885,29611600.20,3698
2026-09-15 00:00:00,HDFCNIFBAN,HDFCAMC - HDFCNIFBAN,58.25,58.54,57.54,57.69,58.33,-1.10,1.00,1.72,-0.14,81621,4727961.97,749
2026-09-15 00:00:00,CPCAP,CP CAPITAL LIMITED,138.32,141.00,132.00,140.17,135.08,3.77,9.00,6.51,2.40,81592,11265558.36,2173
2026-09-15 00:00:00,SYMPHONY,SYMPHONY LIMITED,590.05,596.40,571.00,573.70,592.65,-3.20,25.40,4.30,-0.44,81544,47392919.50,5021
2026-09-15 00:00:00,INDOWIND,INDOWIND ENERGY LTD,9.20,9.20,8.86,8.90,9.09,-2.09,0.34,3.70,1.21,81422,736377.85,501
2026-09-15 00:00:00,TBOTEK,TBO TEK LIMITED,1680.80,1680.80,1646.20,1656.10,1679.50,-1.39,34.60,2.06,0.08,81145,134419472.00,14001
2026-09-15 00:00:00,KALPATARU,KALPATARU LIMITED,266.00,268.95,253.00,255.45,266.25,-4.06,15.95,6.00,-0.09,80848,20875834.90,2363
2026-09-15 00:00:00,MAXIND,MAX INDIA LIMITED,145.70,149.71,137.36,139.12,146.00,-4.71,12.35,8.48,-0.21,80771,11409938.05,2286
2026-09-15 00:00:00,GANECOS,GANESHA ECOSPHERE LIMITED,1005.00,1024.80,993.00,1007.00,1013.30,-0.62,31.80,3.16,-0.82,80714,81370801.00,6326
2026-09-15 00:00:00,RUCHINFRA,RUCHI INFRASTRUCTURE LTD,5.72,5.72,5.40,5.41,5.55,-2.52,0.32,5.59,3.06,80698,443198.19,211
2026-09-15 00:00:00,KIRLOSBROS,KIRLOSKAR BROTHERS LTD,1789.30,1796.90,1719.90,1728.00,1784.00,-3.14,77.00,4.30,0.30,80121,139379936.20,12177
2026-09-15 00:00:00,MAITHANALL,MAITHAN ALLOYS LTD,1045.85,1051.70,1002.00,1006.05,1045.85,-3.81,49.70,4.75,0.00,80106,81684192.65,4351
2026-09-15 00:00:00,CLSEL,CHAMAN LAL SETIA EXP LTD,297.70,301.50,280.00,281.60,296.50,-5.03,21.50,7.22,0.40,80059,22902648.60,2886
2026-09-15 00:00:00,VENTIVE,VENTIVE HOSPITALITY LTD,580.00,582.00,561.00,563.15,574.70,-2.01,21.00,3.62,0.92,79959,45064698.10,1433
2026-09-15 00:00:00,VOEPL,VIRTUOSO OPTOELECTRONIC L,522.00,522.70,485.55,495.00,515.35,-3.95,37.15,7.12,1.29,79658,40164452.75,3527
2026-09-15 00:00:00,GOYALALUM,GOYAL ALUMINIUMS LIMITED,5.82,5.99,5.81,5.93,6.01,-1.33,0.18,3.09,-3.16,79378,467815.38,478
2026-09-15 00:00:00,ALIVUS,ALIVUS LIFE SCIENCES LTD,1386.80,1401.70,1344.50,1347.80,1386.80,-2.81,57.20,4.12,0.00,79325,108130894.70,9199
2026-09-15 00:00:00,CHOLAHLDNG,CHOLAMANDALAM FIN HOL LTD,1530.00,1543.20,1500.30,1510.80,1528.60,-1.16,42.90,2.80,0.09,79301,119801229.50,9811
2026-09-15 00:00:00,IRMENERGY,IRM ENERGY LIMITED,279.05,283.40,265.05,266.50,280.25,-4.91,18.35,6.58,-0.43,78878,21439660.30,3495
2026-09-15 00:00:00,KMEW,KNOWLEDGE MARINE & EN W L,2869.20,2917.60,2699.00,2730.50,2869.20,-4.83,218.60,7.62,0.00,78412,218706156.30,14015
2026-09-15 00:00:00,ALANKIT,ALANKIT LIMITED,8.00,8.00,7.70,7.77,7.91,-1.77,0.30,3.75,1.14,78407,610090.70,752
2026-09-15 00:00:00,CSLFINANCE,CSL FINANCE LIMITED,219.38,223.13,215.02,215.37,220.98,-2.54,8.11,3.70,-0.72,78193,17011276.01,1128
2026-09-15 00:00:00,AJANTPHARM,AJANTA PHARMA LIMITED,3555.90,3555.90,3477.10,3510.40,3533.40,-0.65,78.80,2.22,0.64,78118,274326398.50,13552
2026-09-15 00:00:00,EQUAL50ADD,DSPAMC - DSPNEWETF,335.86,337.00,330.00,330.63,334.19,-1.07,7.00,2.08,0.50,78106,25949354.37,614
2026-09-15 00:00:00,ZFCVINDIA,ZF COM VE CTR SYS IND LTD,2560.00,2560.00,2495.50,2511.50,2548.20,-1.44,64.50,2.52,0.46,78066,196633442.60,20070
2026-09-15 00:00:00,NESCO,NESCO LTD.,1112.00,1132.30,1081.60,1087.70,1102.20,-1.32,50.70,4.56,0.89,77281,85364960.40,7250
2026-09-15 00:00:00,DDEVPLSTIK,DDEV PLASTIKS IND LTD,256.70,257.70,250.00,250.65,256.80,-2.39,7.70,3.00,-0.04,77123,19528493.90,2278
2026-09-15 00:00:00,SOMANYCERA,SOMANY CERAMICS LIMITED,568.00,568.00,544.00,550.80,565.20,-2.55,24.00,4.23,0.50,76905,42877543.55,6972
2026-09-15 00:00:00,SHRIPISTON,SPR AUTO TECHNOLOGIES LTD,4358.50,4407.80,4246.40,4275.40,4371.50,-2.20,161.40,3.70,-0.30,76632,329555417.90,17906
2026-09-15 00:00:00,VIRINCHI,VIRINCHI LIMITED,14.20,14.85,13.65,13.76,14.25,-3.44,1.20,8.45,-0.35,76595,1065951.96,354
2026-09-15 00:00:00,GNRL,GUJARAT NATURAL RES L,104.79,104.80,101.90,102.54,104.29,-1.68,2.90,2.77,0.48,76246,7852140.43,1545
2026-09-15 00:00:00,HPL,HPL ELECTRIC & POWER LTD,292.00,294.00,282.00,283.20,292.00,-3.01,12.00,4.11,0.00,76209,21804833.00,3455
2026-09-15 00:00:00,RUSTOMJEE,KEYSTONE REALTORS LIMITED,345.00,348.55,334.55,339.45,344.95,-1.59,14.00,4.06,0.01,76157,25913079.90,2604
2026-09-15 00:00:00,HINDWAREAP,HINDWARE HME INOVATON LTD,178.96,181.29,174.00,174.42,178.40,-2.23,7.29,4.07,0.31,75927,13453295.31,2827
2026-09-15 00:00:00,GREENLAM,GREENLAM INDUSTRIES LTD.,236.35,236.94,225.00,226.57,234.63,-3.44,11.94,5.05,0.73,75209,17296130.24,2060
2026-09-15 00:00:00,DREDGECORP,DREDGING CORP OF INDIA,1047.00,1047.00,985.10,994.00,1039.70,-4.40,61.90,5.91,0.70,75067,75386705.60,6019
2026-09-15 00:00:00,HAPPYFORGE,HAPPY FORGINGS LIMITED,2171.00,2186.90,2060.60,2074.30,2169.00,-4.37,126.30,5.82,0.09,75023,158041512.60,12623
2026-09-15 00:00:00,GALLANTT,GALLANTT ISPAT LIMITED,546.90,548.75,531.00,534.65,546.40,-2.15,17.75,3.25,0.09,75010,40480105.25,4389
2026-09-15 00:00:00,SAIPARENT,SAI PARENTERALS LIMITED,520.30,520.85,503.00,506.35,523.35,-3.25,17.85,3.43,-0.58,74691,38157327.30,3585
2026-09-15 00:00:00,SAFARI,SAFARI IND (INDIA) LTD,1550.00,1550.00,1490.00,1532.10,1544.70,-0.82,60.00,3.87,0.34,74589,113209150.60,7705
2026-09-15 00:00:00,CRAFTSMAN,CRAFTSMAN AUTOMATION LTD,11763.00,11798.00,10968.00,11099.00,11669.00,-4.88,830.00,7.06,0.81,74009,834274502.00,22189
2026-09-15 00:00:00,DREAMFOLKS,DREAMFOLKS SERVICES LTD,65.69,69.25,65.50,66.76,66.12,0.97,3.75,5.71,-0.65,74003,4982955.55,1213
2026-09-15 00:00:00,WONDERLA,WONDERLA HOLIDAYS LTD.,528.00,530.15,510.00,514.20,520.95,-1.30,20.15,3.82,1.35,73992,38587294.80,3082
2026-09-15 00:00:00,MONARCH,MONARCH NETWORTH CAP LTD,370.95,374.00,365.55,366.50,373.95,-1.99,8.45,2.28,-0.80,73907,27160280.95,1183
2026-09-15 00:00:00,AYMSYNTEX,AYM SYNTEX LIMITED,278.65,284.55,268.00,269.10,281.65,-4.46,16.55,5.94,-1.07,73158,20107591.95,1717
2026-09-15 00:00:00,CARYSIL,CARYSIL LIMITED,1162.00,1164.50,1123.00,1126.80,1161.90,-3.02,41.50,3.57,0.01,73083,83090361.20,6818
2026-09-15 00:00:00,KOHINOOR,KOHINOOR FOODS LIMITED,30.85,31.29,29.16,29.58,30.85,-4.12,2.13,6.90,0.00,72803,2195392.30,1542
2026-09-15 00:00:00,RAINBOW,RAINBOW CHILDRENS MED LTD,1443.10,1460.00,1424.00,1453.70,1444.90,0.61,36.00,2.49,-0.12,72380,104401963.40,9259
2026-09-15 00:00:00,BRIGHOTEL,BRIGADE HOTEL VENTURE LTD,56.51,56.98,55.75,56.14,56.51,-0.65,1.23,2.18,0.00,72260,4058707.66,1512
2026-09-15 00:00:00,WSI,W.S.INDUSTRIES (I) LTD.,60.20,62.50,59.00,59.92,61.92,-3.23,3.50,5.81,-2.78,72062,4332268.39,3043
2026-09-15 00:00:00,YASHO,YASHO INDUSTRIES LIMITED,4260.00,4286.90,3855.00,3883.40,4187.50,-7.26,431.90,10.14,1.73,72056,285547226.50,16514
2026-09-15 00:00:00,INDOFARM,INDO FARM EQUIPMENT LTD,142.00,142.01,135.10,136.07,141.66,-3.95,6.91,4.87,0.24,72050,9911525.84,1987
2026-09-15 00:00:00,PDSL,PDS LIMITED,348.20,349.00,331.10,334.25,348.20,-4.01,17.90,5.14,0.00,70697,24042159.40,3710
2026-09-15 00:00:00,GARFIBRES,GARWARE TECH FIBRES LTD,798.40,799.30,780.05,785.50,795.70,-1.28,19.25,2.41,0.34,70578,55490040.75,5816
2026-09-15 00:00:00,AJAXENGG,AJAX ENGINEERING LIMITED,585.05,598.00,575.30,581.60,590.60,-1.52,22.70,3.88,-0.94,70412,41407626.25,9845
2026-09-15 00:00:00,SURAKSHA,SURAKSHA DIAGNOSTIC LTD,323.75,328.85,317.70,323.05,323.75,-0.22,11.15,3.44,0.00,70378,22864283.30,4928
2026-09-15 00:00:00,GANESHCP,GANESH CONSUMER PRODUCT L,168.41,168.54,163.25,163.79,167.36,-2.13,5.29,3.14,0.63,70307,11677135.22,1767
2026-09-15 00:00:00,HCG,HEALTHCARE GLOB. ENT. LTD,693.90,699.80,675.45,678.30,693.90,-2.25,24.35,3.51,0.00,69865,47706501.00,5661
2026-09-15 00:00:00,FLAIR,FLAIR WRITING INDUST LTD,238.20,244.65,232.02,233.73,236.08,-1.00,12.63,5.30,0.90,69539,16387150.46,1906
2026-09-15 00:00:00,KOLTEPATIL,KOLTE PATIL DEV. LTD.,436.80,437.20,418.50,420.80,436.85,-3.67,18.70,4.28,-0.01,69335,29461041.10,3246
2026-09-15 00:00:00,IGPL,I G PETROCHEMICALS LTD,544.40,547.00,516.40,525.25,547.05,-3.99,30.60,5.62,-0.48,69170,36803412.00,4668
2026-09-15 00:00:00,ROSSELLIND,ROSSELL INDIA LIMITED,55.95,57.89,55.00,56.65,55.06,2.89,2.89,5.17,1.62,68654,3883119.81,1268
2026-09-15 00:00:00,FORCEMOT,FORCE MOTORS LIMITED,17710.00,17785.00,17200.00,17245.00,17705.00,-2.60,585.00,3.30,0.03,68042,1186348438.00,19695
2026-09-15 00:00:00,MMP,MMP INDUSTRIES LIMITED,474.35,498.00,453.25,457.70,469.95,-2.61,44.75,9.43,0.94,68004,31906374.75,3176
2026-09-15 00:00:00,LATTEYS,LATTEYS INDUSTRIES LTD,21.08,21.74,20.12,20.52,21.80,-5.87,1.62,7.69,-3.30,67559,1400715.72,354
2026-09-15 00:00:00,HNDFDS,HINDUSTAN FOODS LIMITED,618.40,620.00,595.00,598.15,618.70,-3.32,25.00,4.04,-0.05,67519,40903573.35,5553
2026-09-15 00:00:00,PASHUPATI,PASHUPATI COTSPIN LIMITED,82.00,82.49,79.95,80.04,80.73,-0.85,2.54,3.10,1.57,67301,5418601.27,901
2026-09-15 00:00:00,SRGHFL,SRG HOUSING FINANCE L,140.40,140.40,140.40,140.40,156.00,-10.00,0.00,0.00,-10.00,66874,9389109.60,150
2026-09-15 00:00:00,HEALTHADD,DSPAMC - HEALTHADD,16.50,16.76,16.45,16.50,16.68,-1.08,0.31,1.88,-1.08,66843,1103407.40,126
2026-09-15 00:00:00,UDAYJEW,UDAY JEWELLERY INDS. LTD.,172.31,175.99,159.30,161.60,172.04,-6.07,16.69,9.69,0.16,66824,11112886.57,1259
2026-09-15 00:00:00,SINGERIND,SINGER INDIA LIMITED,75.70,78.19,74.01,74.98,76.16,-1.55,4.18,5.52,-0.60,66642,5024851.12,857
2026-09-15 00:00:00,MGL,MAHANAGAR GAS LTD.,1081.00,1092.20,1069.10,1071.70,1084.30,-1.16,23.10,2.14,-0.30,66528,72005981.20,9156
2026-09-15 00:00:00,ADVANCE,ADVANCE AGROLIFE LIMITED,118.69,119.76,113.50,113.95,117.85,-3.31,6.26,5.27,0.71,66283,7653141.04,1321
2026-09-15 00:00:00,KSCL,KAVERI SEED CO. LTD.,721.10,728.95,694.25,697.90,715.85,-2.51,34.70,4.81,0.73,66169,46555319.60,3917
2026-09-15 00:00:00,FREDUN,FREDUN PHARMACEUTICALS L,1424.70,1424.70,1308.10,1327.90,1412.20,-5.97,116.60,8.18,0.89,66072,89642724.30,8036
2026-09-15 00:00:00,AHLUCONT,AHLUWALIA CONT IND LTD,601.00,604.65,580.30,585.85,601.00,-2.52,24.35,4.05,0.00,66007,39193914.80,4540
2026-09-15 00:00:00,GODAVARIB,GODAVARI BIOREFINERIES L,233.65,236.89,225.02,226.63,233.65,-3.00,11.87,5.08,0.00,65919,15172362.10,2416
2026-09-15 00:00:00,LAXMIDENTL,LAXMI DENTAL LIMITED,202.14,205.00,196.00,197.46,202.84,-2.65,9.00,4.45,-0.35,65633,13175039.97,2382
2026-09-15 00:00:00,ADFFOODS,ADF FOODS LIMITED,269.55,270.90,260.10,261.30,269.55,-3.06,10.80,4.01,0.00,65591,17372844.55,2111
2026-09-15 00:00:00,MEDANTA,GLOBAL HEALTH LIMITED,1454.00,1464.60,1410.00,1418.10,1447.20,-2.01,54.60,3.76,0.47,65507,93284819.40,11152
2026-09-15 00:00:00,TTKPRESTIG,TTK PRESTIGE LTD,537.35,550.20,534.30,540.00,537.30,0.50,15.90,2.96,0.01,65503,35581567.20,7495
2026-09-15 00:00:00,HPAL,HP ADHESIVES LIMITED,38.00,38.65,35.00,35.41,37.91,-6.59,3.65,9.61,0.24,64781,2342829.99,1522
2026-09-15 00:00:00,GSS,GSS INFOTECH LIMITED,10.48,10.48,9.96,10.22,10.19,0.29,0.52,4.96,2.85,64657,661536.46,345
2026-09-15 00:00:00,MOMIDMTM,MOTILALAMC - MOMIDMTM,65.66,65.66,62.40,62.66,64.37,-2.66,3.26,4.96,2.00,64529,4087879.91,782
2026-09-15 00:00:00,SUNDARMFIN,SUNDARAM FINANCE LTD,4718.90,4864.80,4668.50,4695.00,4710.70,-0.33,196.30,4.16,0.17,64086,306965516.70,16789
2026-09-15 00:00:00,HARIOMPIPE,HARIOM PIPE INDUSTRIES L,355.95,358.95,348.50,351.60,359.20,-2.12,10.45,2.94,-0.90,64036,22628539.70,3708
2026-09-15 00:00:00,MONTECARLO,MONTE CARLO FASHIONS LTD.,555.45,560.90,548.00,552.35,555.45,-0.56,12.90,2.32,0.00,63656,35315514.95,2536
2026-09-15 00:00:00,OMAXAUTO,OMAX AUTOS LTD,172.92,177.00,168.01,169.00,172.93,-2.27,8.99,5.20,-0.01,63651,10929843.42,1233
2026-09-15 00:00:00,SRM,SRM CONTRACTORS LIMITED,444.60,444.60,417.00,419.90,439.35,-4.43,27.60,6.21,1.19,63636,27184582.10,3419
2026-09-15 00:00:00,ANDREWYU,ANDREW YULE & CO. LTD.,26.10,26.89,25.31,25.65,26.24,-2.25,1.58,6.05,-0.53,63569,1652438.77,546
2026-09-15 00:00:00,HDFCPVTBAN,HDFCAMC - HDFCPVTBAN,28.63,28.63,27.70,27.76,27.94,-0.64,0.93,3.25,2.47,63514,1770169.53,558
2026-09-15 00:00:00,MANAKSIA,MANAKSIA LTD.,71.00,72.95,67.35,68.01,70.95,-4.14,5.60,7.89,0.07,62854,4365109.04,1314
2026-09-15 00:00:00,BANKBETA,UTIAMC-BANKBETA,60.09,60.09,57.85,58.08,58.63,-0.94,2.24,3.73,2.49,62803,3659434.97,752
2026-09-15 00:00:00,LINCOLN,LINCOLN PHARMA LTD,625.05,630.90,600.00,602.60,623.50,-3.35,30.90,4.94,0.25,62529,38653109.10,3548
2026-09-15 00:00:00,JLHL,JUPITER LIFE LINE HOSP L,278.00,283.00,270.65,275.55,279.15,-1.29,12.35,4.44,-0.41,62199,17241263.60,2524
2026-09-15 00:00:00,LADDERUP,LADDERUP FINANCE LTD.,80.90,80.98,66.88,66.88,74.31,-10.00,14.10,17.43,8.87,62133,4556771.14,1005
2026-09-15 00:00:00,INDIGOPNTS,INDIGO PAINTS LIMITED,1083.00,1090.90,1047.20,1061.90,1089.30,-2.52,43.70,4.04,-0.58,62095,65888090.60,11936
2026-09-15 00:00:00,PATELRMART,PATEL RETAIL LIMITED,211.00,211.00,205.44,207.44,211.05,-1.71,5.56,2.64,-0.02,61869,12857446.70,1425
2026-09-15 00:00:00,BOROSCI,BOROSIL SCIENTIFIC LTD,124.66,126.89,118.61,120.02,125.28,-4.20,8.28,6.64,-0.49,61828,7513273.60,1321
2026-09-15 00:00:00,MEDPLUS,MEDPLUS HEALTH SERV LTD,660.45,666.60,654.00,656.30,660.15,-0.58,12.60,1.91,0.05,61605,40530909.35,3536
2026-09-15 00:00:00,JKIL,JKUMAR INFR.LTD.,483.55,486.95,470.00,473.15,475.85,-0.57,16.95,3.51,1.62,61527,29382406.60,3435
2026-09-15 00:00:00,GROWWCHEM,GROWWAMC - GROWWCHEM,30.47,30.47,28.84,29.24,29.87,-2.11,1.63,5.35,2.01,61518,1800808.32,626
2026-09-15 00:00:00,SOLEX,SOLEX ENERGY LIMITED,698.75,700.45,661.00,668.90,698.60,-4.25,39.45,5.65,0.02,61445,41559188.25,5114
2026-09-15 00:00:00,LANDMARK,LANDMARK CARS LIMITED,490.00,493.95,470.00,470.35,487.95,-3.61,23.95,4.89,0.42,61400,29195384.05,2969
2026-09-15 00:00:00,INDIACEM,THE INDIA CEMENTS LIMITED,346.00,347.50,333.00,336.00,346.90,-3.14,14.50,4.19,-0.26,61327,20862299.90,4706
2026-09-15 00:00:00,SELECTIPO,MIRAEAMC - SELECTIPO,48.72,48.72,47.31,47.34,48.48,-2.35,1.41,2.89,0.50,61098,2926711.52,209
2026-09-15 00:00:00,FIEMIND,FIEM INDUSTRIES LIMITED,2013.90,2020.00,1931.00,1938.10,2009.50,-3.55,89.00,4.42,0.22,61058,120076058.50,11113
2026-09-15 00:00:00,THOMASCOTT,THOMAS SCOTT (INDIA) LTD,236.60,246.15,229.75,237.90,237.55,0.15,16.40,6.93,-0.40,60938,14460029.60,2602
2026-09-15 00:00:00,SADBHIN,SADBHAV INFRA PROJ LTD.,2.56,2.56,2.46,2.47,2.52,-1.98,0.10,3.91,1.59,60864,151100.69,186
2026-09-15 00:00:00,TIMKEN,TIMKEN INDIA LTD.,3311.20,3312.30,3120.10,3151.20,3302.40,-4.58,192.20,5.80,0.27,60795,192409921.10,16491
2026-09-15 00:00:00,RPGLIFE,RPG LIFE SCIENCES LTD,2709.00,2918.20,2685.00,2718.80,2698.60,0.75,233.20,8.61,0.39,60664,169525607.40,8460
2026-09-15 00:00:00,GUFICBIO,GUFIC BIOSCIENCES LTD.,425.00,431.90,418.00,425.10,425.10,0.00,13.90,3.27,-0.02,60589,25788787.90,3084
2026-09-15 00:00:00,RITCO,RITCO LOGISTICS LIMITED,300.00,309.45,289.40,291.35,300.70,-3.11,20.05,6.68,-0.23,60571,17873190.65,1849
2026-09-15 00:00:00,LTTS,L&T TECHNOLOGY SER. LTD.,3402.00,3441.00,3300.50,3312.20,3337.40,-0.76,140.50,4.13,1.94,60380,204063261.50,12977
2026-09-15 00:00:00,CEATLTD,CEAT LIMITED,3285.90,3322.00,3252.00,3282.50,3278.50,0.12,70.00,2.13,0.23,60254,198839769.90,10118
2026-09-15 00:00:00,ESTER,ESTER INDUSTRIES LTD,90.53,93.85,86.20,87.03,89.89,-3.18,7.65,8.45,0.71,59979,5274757.64,1196
2026-09-15 00:00:00,TARACHAND,TARA CHAND INFRA SOLN LTD,48.00,48.00,46.50,47.11,46.86,0.53,1.50,3.12,2.43,59887,2829080.15,1805
2026-09-15 00:00:00,FERMENTA,FERMENTA BIOTECH LTD.,478.00,479.00,468.00,471.00,474.65,-0.77,11.00,2.30,0.71,59767,28263108.95,5076
2026-09-15 00:00:00,HIRECT,HIRECT LIMITED,1252.70,1255.00,1191.00,1204.90,1245.40,-3.25,64.00,5.11,0.59,59699,72903143.50,6158
2026-09-15 00:00:00,ROSSARI,ROSSARI BIOTECH LIMITED,443.95,448.60,433.30,435.40,446.15,-2.41,15.30,3.45,-0.49,59590,26213392.80,3190
2026-09-15 00:00:00,SRHHYPOLTD,SREE RAYALSEEMA HHP LTD.,523.50,535.00,488.00,497.40,523.80,-5.04,47.00,8.98,-0.06,59413,30456490.75,2270
2026-09-15 00:00:00,NDTV,NDTV LTD,71.13,72.80,70.05,70.43,72.02,-2.21,2.75,3.87,-1.24,58950,4179959.43,1038
2026-09-15 00:00:00,PSUBANKADD,DSPAMC - DSPPSBKETF,84.34,84.50,82.51,82.69,84.34,-1.96,1.99,2.36,0.00,58726,4892099.64,477
2026-09-15 00:00:00,MAFATIND,MAFATLAL INDUSTRIES LTD.,122.00,126.61,121.00,122.15,122.57,-0.34,5.61,4.60,-0.47,58688,7275678.84,1763
2026-09-15 00:00:00,JSWHL,JSW HOLDINGS LIMITED,11449.00,11543.00,10787.00,10967.00,11449.00,-4.21,756.00,6.60,0.00,58618,646856545.00,2663
2026-09-15 00:00:00,TRIGYN,TRIGYN TECHNOLOGIES LTD,55.90,57.77,51.71,52.58,56.10,-6.27,6.06,10.84,-0.36,58590,3210434.23,1898
2026-09-15 00:00:00,SANATHAN,SANATHAN TEXTILES LIMITED,474.50,480.20,453.00,461.40,472.10,-2.27,27.20,5.73,0.51,58337,26965658.25,7712
2026-09-15 00:00:00,PSPPROJECT,PSP PROJECTS LIMITED,850.00,854.85,813.00,821.30,846.40,-2.97,41.85,4.92,0.43,58315,48553456.00,2543
2026-09-15 00:00:00,VESUVIUS,VESUVIUS INDIA LTD,413.05,413.40,400.00,400.80,413.05,-2.97,13.40,3.24,0.00,58269,23629350.65,4921
2026-09-15 00:00:00,TAJGVK,TAJ GVK HOTELS & RESORTS,334.55,335.40,325.10,325.85,334.80,-2.67,10.30,3.08,-0.07,58026,19072921.60,1922
2026-09-15 00:00:00,UNICHEMLAB,UNICHEM LABORATORIES LTD,544.10,548.95,515.00,519.05,539.70,-3.83,33.95,6.24,0.82,57806,30531395.55,4278
2026-09-15 00:00:00,KPL,KWALITY PHARMACEUTICALS L,3700.00,3786.40,3392.50,3430.60,3643.30,-5.84,393.90,10.65,1.56,57728,206346321.40,9210
2026-09-15 00:00:00,MUFTI,CREDO BRANDS MARKETING L,73.00,73.50,72.00,72.49,72.78,-0.40,1.50,2.05,0.30,57214,4166795.18,820
2026-09-15 00:00:00,MEIL,MANGAL ELECTRICAL IND L,280.70,284.00,271.00,276.55,282.10,-1.97,13.00,4.63,-0.50,57165,15813365.55,1243
2026-09-15 00:00:00,QUALITY30,KOTAKMAMC - QUALITY30,20.28,20.36,19.92,19.97,20.18,-1.04,0.44,2.17,0.50,57105,1144720.12,164
2026-09-15 00:00:00,SIGNPOST,SIGNPOST INDIA LIMITED,278.50,278.50,261.90,264.65,276.25,-4.20,16.60,5.96,0.81,57010,15235366.30,2287
2026-09-15 00:00:00,JAGSNPHARM,JAGSONPAL PHARMACEUTICALS,234.60,234.99,223.16,225.83,232.89,-3.03,11.83,5.04,0.73,57007,13029631.39,2748
2026-09-15 00:00:00,BORANA,BORANA WEAVES LIMITED,313.40,322.00,298.00,303.50,313.40,-3.16,24.00,7.66,0.00,56889,17534869.95,1383
2026-09-15 00:00:00,BAJAJHLDNG,BAJAJ HOLDINGS & INVS LTD,11134.00,11208.00,11060.00,11100.00,11134.00,-0.31,148.00,1.33,0.00,56888,631935634.00,15121
2026-09-15 00:00:00,MARATHON,MARATHON NXTGEN REALT LTD,435.45,435.45,410.20,414.00,435.45,-4.93,25.25,5.80,0.00,56871,23975558.70,2640
2026-09-15 00:00:00,NEXT50,MIRAEAMC - MANXT50,746.10,749.83,726.93,728.36,746.10,-2.38,22.90,3.07,0.00,56707,41551542.98,4410
2026-09-15 00:00:00,DALBHARAT,DALMIA BHARAT LIMITED,1746.60,1754.00,1682.00,1687.40,1746.60,-3.39,72.00,4.12,0.00,56698,96483965.40,10743
2026-09-15 00:00:00,SBIBPB,SBIAMC - SBIBPB,48.58,49.13,47.50,47.72,48.58,-1.77,1.63,3.36,0.00,56517,2707440.92,682
2026-09-15 00:00:00,SBGLP,SURATWWALA BUS GROUP LTD,21.56,22.63,21.05,21.33,21.56,-1.07,1.58,7.33,0.00,56281,1209671.59,510
2026-09-15 00:00:00,SKFINDUS,SKF IND (INDUSTRIAL) LTD,2886.00,2910.00,2812.10,2833.80,2887.70,-1.87,97.90,3.39,-0.06,56181,160424379.60,21404
2026-09-15 00:00:00,INDIAMART,INDIAMART INTERMESH LTD,1713.80,1713.80,1652.00,1659.50,1695.00,-2.09,61.80,3.61,1.11,56056,93680475.80,7708
2026-09-15 00:00:00,RMC,RMC SWITCHGEARS LIMITED,211.68,215.00,199.00,201.09,211.68,-5.00,16.00,7.56,0.00,55581,11437289.94,2353
2026-09-15 00:00:00,ORIENTBELL,ORIENT BELL LIMITED,403.10,414.00,386.40,390.45,401.95,-2.86,27.60,6.85,0.29,55451,21732886.50,2287
2026-09-15 00:00:00,SASKEN,SASKEN TECHNOLOGIES LTD,1749.90,1801.60,1714.00,1722.20,1783.60,-3.44,87.60,5.01,-1.89,55350,96367816.90,7601
2026-09-15 00:00:00,RATNAMANI,RATNAMANI MET & TUB LTD.,2833.00,2833.70,2673.00,2691.40,2811.40,-4.27,160.70,5.67,0.77,55253,151813944.30,12450
2026-09-15 00:00:00,ISHANCH,ISHAN DYES N CHEMICALS L,45.40,45.40,43.11,43.73,44.84,-2.48,2.29,5.04,1.25,55167,2444186.13,174
2026-09-15 00:00:00,NEULANDLAB,NEULAND LAB LTD.,23430.00,23480.00,22430.00,22595.00,23535.00,-3.99,1050.00,4.48,-0.45,54667,1253216630.00,22457
2026-09-15 00:00:00,ZENITHSTL,ZENITH STEEL PIP IND LTD,5.95,5.95,5.51,5.71,5.85,-2.39,0.44,7.39,1.71,54663,317060.85,295
2026-09-15 00:00:00,BHAGCHEM,BHAGIRADHA CHEM & INDS L,258.75,258.75,246.10,250.00,258.75,-3.38,12.65,4.89,0.00,54531,13781403.50,1155
2026-09-15 00:00:00,DCMSHRIRAM,DCM SHRIRAM LIMITED,996.00,1004.00,985.00,994.10,1000.00,-0.59,19.00,1.91,-0.40,54350,54087581.10,8393
2026-09-15 00:00:00,XPROINDIA,XPRO INDIA LIMITED,1294.70,1295.00,1259.90,1268.20,1294.70,-2.05,35.10,2.71,0.00,54197,69262720.90,3812
2026-09-15 00:00:00,BANG,BANG OVERSEAS LTD.,35.76,35.76,31.55,32.29,35.12,-8.06,4.21,11.77,1.82,54164,1821916.55,691
2026-09-15 00:00:00,COSMOFIRST,COSMO FIRST LIMITED,875.05,884.60,858.00,861.35,874.90,-1.55,26.60,3.04,0.02,54106,46940950.55,3335
2026-09-15 00:00:00,SPAL,S. P. APPARELS LIMITED,1023.00,1027.90,965.30,973.80,1023.00,-4.81,62.60,6.12,0.00,53942,53535789.40,5178
2026-09-15 00:00:00,NIFTYBETA,UTIAMC-NIFTYBETA,262.88,262.88,257.11,257.38,260.23,-1.10,5.77,2.19,1.02,53891,13926838.25,941
2026-09-15 00:00:00,MUKANDLTD,MUKAND LTD.,139.59,143.48,135.20,135.62,139.48,-2.77,8.28,5.93,0.08,53683,7344311.68,1015
2026-09-15 00:00:00,AEPL,ARTEMIS ELECTRICALS & P L,17.50,17.59,16.02,16.27,17.21,-5.46,1.57,8.97,1.69,53631,910108.33,368
2026-09-15 00:00:00,SRD,SHANKAR LAL RAMPAL LTD,38.99,40.00,38.50,39.30,38.27,2.69,1.50,3.85,1.88,53352,2114534.60,332
2026-09-15 00:00:00,SBIMIDMOM,SBIAMC - SBIMIDMOM,64.17,64.17,61.68,61.85,63.53,-2.64,2.49,3.88,1.01,53326,3314633.30,363
2026-09-15 00:00:00,ZOTA,ZOTA HEALTH CARE LIMITED,1088.00,1124.00,1088.00,1113.10,1087.20,2.38,36.00,3.31,0.07,53200,58998179.80,3054
2026-09-15 00:00:00,MOLDTKPAC,MOLD-TEK PACKAGING LTD,670.70,677.45,650.25,652.10,676.45,-3.60,27.20,4.06,-0.85,53186,35161980.40,5263
2026-09-15 00:00:00,DOLLEX,DOLLEX AGROTECH LIMITED,39.00,39.00,37.00,37.40,38.45,-2.73,2.00,5.13,1.43,53119,2013349.15,417
2026-09-15 00:00:00,BIGBLOC,BIGBLOC CONSTRUCTION LTD,40.00,40.73,39.00,39.14,40.79,-4.05,1.73,4.32,-1.94,53036,2108566.36,711
2026-09-15 00:00:00,UBL,UNITED BREWERIES LTD,1262.30,1268.00,1240.00,1241.80,1256.10,-1.14,28.00,2.22,0.49,52994,66558283.20,6694
2026-09-15 00:00:00,ZUARIIND,ZUARI INDUSTRIES LIMITED,273.40,273.60,264.25,265.30,273.15,-2.87,9.35,3.42,0.09,52743,14168493.40,1463
2026-09-15 00:00:00,SEKURITIND,SAINT GOBAIN SEKUR IND L,110.35,112.16,105.05,106.86,110.34,-3.15,7.11,6.44,0.01,52685,5716638.50,1009
2026-09-15 00:00:00,DOLPHIN,DOLPHIN OFF ENT (IND) L,663.00,685.00,644.10,651.05,649.00,0.32,40.90,6.17,2.16,52528,34945251.75,3023
2026-09-15 00:00:00,CHALET,CHALET HOTELS LIMITED,872.00,881.90,839.10,845.15,877.25,-3.66,42.80,4.91,-0.60,51795,44378324.15,7135
2026-09-15 00:00:00,DEVX,DEV ACCELERATOR LIMITED,34.08,34.60,33.12,33.30,34.05,-2.20,1.48,4.34,0.09,51741,1740877.47,986
2026-09-15 00:00:00,MACPOWER,MACPOWER CNC MACHINES LTD,1843.00,1950.00,1786.20,1882.30,1843.00,2.13,163.80,8.89,0.00,51674,97461016.30,8141
2026-09-15 00:00:00,AGARIND,AGARWAL INDS CORP LTD.,431.95,436.95,417.50,421.00,431.75,-2.49,19.45,4.50,0.05,51633,21915605.70,2598
2026-09-15 00:00:00,MID150,KOTAKMAMC - MID150,23.72,23.72,22.78,22.85,23.25,-1.72,0.94,3.96,2.02,51260,1176516.26,535
2026-09-15 00:00:00,GODREJIND,GODREJ INDUSTRIES LTD,1126.70,1137.80,1100.10,1104.00,1126.80,-2.02,37.70,3.35,-0.01,51244,57064184.00,6877
2026-09-15 00:00:00,JSWDULUX,JSW DULUX LIMITED,3175.10,3199.00,3083.10,3133.80,3155.10,-0.68,115.90,3.65,0.63,50943,159211126.60,9301
2026-09-15 00:00:00,GICHSGFIN,GIC HOUSING FINANCE LTD,136.11,137.50,134.50,134.89,136.84,-1.43,3.00,2.20,-0.53,50826,6893614.10,1110
2026-09-15 00:00:00,MANUGRAPH,MANUGRAPH INDIA LIMITED,16.03,16.50,14.00,14.65,14.96,-2.07,2.50,15.60,7.15,50721,771092.40,425
2026-09-15 00:00:00,NELCAST,NELCAST LIMITED,108.79,109.04,103.80,104.91,108.56,-3.36,5.24,4.82,0.21,50573,5374217.18,1729
2026-09-15 00:00:00,ENERGYDEV,ENERGY DEVE. CO.LTD,14.72,15.50,14.14,14.27,14.92,-4.36,1.36,9.24,-1.34,50557,732617.86,461
2026-09-15 00:00:00,MIDWESTLTD,MIDWEST LIMITED,1030.00,1033.00,967.60,974.30,1016.40,-4.14,65.40,6.35,1.34,50494,50093520.50,3415
2026-09-15 00:00:00,FOODSIN,FOODS & INNS LIMITED,55.23,55.23,53.02,53.49,55.23,-3.15,2.21,4.00,0.00,50438,2742103.61,1069
2026-09-15 00:00:00,SCHAEFFLER,SCHAEFFLER INDIA LIMITED,3950.50,3961.60,3895.00,3916.40,3950.50,-0.86,66.60,1.69,0.00,50304,197133144.70,18935
2026-09-15 00:00:00,HEALTHCARE,MIRAEAMC - HEALTHCARE,22.14,22.14,21.38,21.39,21.71,-1.47,0.76,3.43,1.98,50176,1079835.59,408
2026-09-15 00:00:00,UEL,UJAAS ENERGY LIMITED,216.97,216.97,207.00,215.54,206.64,4.31,9.97,4.60,5.00,50156,10849796.05,773
2026-09-15 00:00:00,CUBEXTUB,CUBEX TUBINGS LTD,76.00,76.72,74.80,75.08,77.10,-2.62,1.92,2.53,-1.43,50132,3784038.74,1649
2026-09-15 00:00:00,KENNAMET,KENNAMETAL INDIA LIMITED,4700.00,4739.60,4210.50,4266.40,4682.40,-8.88,529.10,11.26,0.38,50119,219502210.50,10560
2026-09-15 00:00:00,STEELCAS,STEELCAST LIMITED,325.35,330.00,311.00,312.75,325.25,-3.84,19.00,5.84,0.03,49977,15913474.75,2744
2026-09-15 00:00:00,ESCORTS,ESCORTS KUBOTA LIMITED,2895.00,2899.60,2822.20,2835.80,2899.70,-2.20,77.40,2.67,-0.16,49945,142088923.70,11152
2026-09-15 00:00:00,AKG,AKG EXIM LIMITED,10.40,10.74,10.40,10.48,10.61,-1.23,0.34,3.27,-1.98,49896,520206.66,159
2026-09-15 00:00:00,LIBERTSHOE,LIBERTY SHOES LTD,228.68,228.68,217.50,218.62,228.68,-4.40,11.18,4.89,0.00,49862,11061317.38,1564
2026-09-15 00:00:00,CEINSYS,CEINSYS TECH LIMITED,700.00,715.20,671.30,676.60,707.00,-4.30,43.90,6.27,-0.99,49837,34288594.50,3487
2026-09-15 00:00:00,MANGLMCEM,MANGALAM CEMENT LTD,1016.00,1022.40,983.80,989.40,1028.00,-3.75,38.60,3.80,-1.17,49675,49689999.80,3002
2026-09-15 00:00:00,EPIGRAL,EPIGRAL LIMITED,1134.80,1136.60,1076.70,1092.20,1131.10,-3.44,59.90,5.28,0.33,49513,54161023.90,4331
2026-09-15 00:00:00,INTERARCH,INTERARCH BLDNG SOLTN LTD,1751.00,1751.00,1668.50,1684.30,1728.20,-2.54,82.50,4.71,1.32,49337,83718635.90,5741
2026-09-15 00:00:00,POLYMED,POLY MEDICURE LIMITED,1738.50,1738.50,1695.50,1704.60,1738.50,-1.95,43.00,2.47,0.00,49164,83943180.00,5462
2026-09-15 00:00:00,NOIDATOLL,NOIDA TOLL BRIDGE CO LTD,4.04,4.05,3.95,4.01,3.95,1.52,0.10,2.48,2.28,48722,194346.87,235
2026-09-15 00:00:00,GOACARBON,GOA CARBON LIMITED,415.00,418.00,382.20,384.90,413.40,-6.89,35.80,8.63,0.39,48024,19099346.55,2193
2026-09-15 00:00:00,BHARTIHEXA,BHARTI HEXACOM LIMITED,1546.10,1546.10,1502.00,1505.50,1545.00,-2.56,44.10,2.85,0.07,47838,72190027.10,8510
2026-09-15 00:00:00,ELGIRUBCO,ELGI RUBBER CO. LTD,59.70,59.70,55.41,55.83,58.48,-4.53,4.29,7.19,2.09,47619,2717691.41,746
2026-09-15 00:00:00,NAGREEKCAP,NAGREEKA CAP & INFR.LTD,24.90,27.39,24.07,27.38,24.90,9.96,3.32,13.33,0.00,47603,1281245.44,427
2026-09-15 00:00:00,RAMKY,RAMKY INFRA LTD,332.80,334.95,312.65,314.80,332.10,-5.21,22.30,6.70,0.21,47492,15264011.40,1640
2026-09-15 00:00:00,GROWWN200,GROWWAMC - GROWWN200,11.40,11.40,10.91,10.92,11.13,-1.89,0.49,4.30,2.43,47350,521364.14,433
2026-09-15 00:00:00,BLAL,BEML LAND ASSETS LIMITED,160.03,163.84,160.03,161.01,161.47,-0.28,3.81,2.38,-0.89,47310,7665230.20,850
2026-09-15 00:00:00,PRAENG,PRAJAY ENG. SYN. LTD.,21.93,23.44,21.26,21.51,21.93,-1.92,2.18,9.94,0.00,47240,1055831.10,403
2026-09-15 00:00:00,ASTEC,ASTEC LIFESCIENCES LTD,700.00,708.70,663.05,673.70,699.80,-3.73,45.65,6.52,0.03,47020,31868315.80,3442
2026-09-15 00:00:00,SINCLAIR,SINCLAIRS HOTELS LIMITED,80.00,81.00,78.10,78.41,80.28,-2.33,2.90,3.63,-0.35,46998,3734199.04,650
2026-09-15 00:00:00,DOLLAR,DOLLAR INDUSTRIES LIMITED,276.90,276.90,261.05,262.95,273.55,-3.87,15.85,5.72,1.22,46906,12547523.30,1813
2026-09-15 00:00:00,MAMATA,MAMATA MACHINERY LIMITED,411.90,413.55,392.25,396.65,407.85,-2.75,21.30,5.17,0.99,46873,18827140.20,3057
2026-09-15 00:00:00,RAMCOSYS,RAMCO SYSTEMS LTD.,598.00,600.95,564.85,567.80,594.55,-4.50,36.10,6.04,0.58,46824,27073173.95,2436
2026-09-15 00:00:00,SIKA,SIKA INTERPLANT SYSTEMS L,1099.90,1106.95,1026.10,1040.05,1085.55,-4.19,80.85,7.35,1.32,46605,48833818.90,5135
2026-09-15 00:00:00,HGINFRA,H.G.INFRA ENGINEERING LTD,484.00,484.00,471.00,471.80,484.00,-2.52,13.00,2.69,0.00,46258,21973946.15,3060
2026-09-15 00:00:00,MOVALUE,MOTILALAMC - MOVALUE,111.55,112.48,108.79,109.39,111.48,-1.87,3.69,3.31,0.06,46233,5097413.15,1352
2026-09-15 00:00:00,POLYPLEX,POLYPLEX CORPORATION LTD,1134.20,1138.30,1091.10,1093.80,1134.20,-3.56,47.20,4.16,0.00,46033,51056720.20,2914
2026-09-15 00:00:00,CRISIL,CRISIL LTD,4700.00,4717.40,4531.60,4596.90,4697.90,-2.15,185.80,3.95,0.04,45895,211061915.00,13017
2026-09-15 00:00:00,NIBL,NRB INDUS. BEARINGS LTD.,33.26,34.00,30.62,31.06,33.23,-6.53,3.38,10.16,0.09,45821,1484266.57,587
2026-09-15 00:00:00,FMNL,FUTURE MKT NETWORKS LTD,9.65,9.65,8.97,9.09,9.43,-3.61,0.68,7.05,2.33,45720,414385.58,145
2026-09-15 00:00:00,SMLMAH,SML MAHINDRA LIMITED,6640.00,6654.00,6254.00,6254.00,6583.00,-5.00,400.00,6.02,0.87,45556,289707794.50,7167
2026-09-15 00:00:00,ENDURANCE,ENDURANCE TECHNO. LTD.,2692.60,2710.00,2609.80,2614.60,2692.60,-2.90,100.20,3.72,0.00,45517,120852325.40,9234
2026-09-15 00:00:00,KAPSTON,KAPSTON SERVICES LIMITED,590.00,590.00,550.20,563.45,588.20,-4.21,39.80,6.75,0.31,45325,25959753.60,2674
2026-09-15 00:00:00,NATIONSTD,NATIONAL STAND (INDIA) L,110.11,115.40,105.20,114.25,110.11,3.76,10.20,9.26,0.00,45167,4928598.91,965
2026-09-15 00:00:00,MINDTECK,MINDTECK (INDIA) LIMITED,161.61,162.28,151.80,154.36,158.61,-2.68,10.48,6.48,1.89,44745,7036998.63,1038
2026-09-15 00:00:00,NDRAUTO,NDR AUTO COMPONENTS LTD,692.85,697.15,660.50,672.85,692.85,-2.89,36.65,5.29,0.00,44559,30031860.75,3162
2026-09-15 00:00:00,VERTOZ,VERTOZ LIMITED,40.20,40.20,37.13,37.49,38.38,-2.32,3.07,7.64,4.74,44396,1705932.82,501
2026-09-15 00:00:00,RKSWAMY,R K SWAMY LIMITED,94.80,94.80,86.83,89.46,92.94,-3.74,7.97,8.41,2.00,44355,4008528.03,1069
2026-09-15 00:00:00,ERIS,ERIS LIFESCIENCES LIMITED,1355.50,1359.90,1300.60,1310.10,1355.50,-3.35,59.30,4.37,0.00,44182,58961875.70,6476
2026-09-15 00:00:00,MAKEINDIA,MIRAEAMC - MAMFGETF,159.53,164.48,158.63,158.97,162.79,-2.35,5.85,3.67,-2.00,44125,7073753.86,1167
2026-09-15 00:00:00,TAKE,TAKE LIMITED,18.49,18.49,18.49,18.49,17.61,5.00,0.00,0.00,5.00,44031,814133.19,101
2026-09-15 00:00:00,AIAENG,AIA ENGINEERING LIMITED,4113.50,4140.00,3886.00,3899.30,4096.60,-4.82,254.00,6.17,0.41,43966,174603268.70,16444
2026-09-15 00:00:00,ABSLNN50ET,BIRLASLAMC - ABSLNN50ET,76.53,76.53,74.10,74.48,76.15,-2.19,2.43,3.18,0.50,43922,3282582.39,474
2026-09-15 00:00:00,SHIVACEM,SHIVA CEMENT LTD.,16.29,16.29,15.60,15.89,15.95,-0.38,0.69,4.24,2.13,43700,698841.82,286
2026-09-15 00:00:00,SESHAPAPER,SESHASAYEE PAPER & BOARDS,251.00,251.48,241.60,242.80,251.14,-3.32,9.88,3.94,-0.06,43579,10711327.11,1222
2026-09-15 00:00:00,QUINT,QUINT DIGITAL LTD.,43.50,48.24,41.00,48.24,40.20,20.00,7.24,16.64,8.21,43332,2046108.52,218
2026-09-15 00:00:00,KSOLVES,KSOLVES INDIA LIMITED,258.50,264.95,251.00,252.10,258.10,-2.32,13.95,5.40,0.15,43296,11036197.70,2351
2026-09-15 00:00:00,GULFOILLUB,GULF OIL LUB. IND. LTD.,1060.70,1079.00,1051.10,1057.30,1060.70,-0.32,27.90,2.63,0.00,43293,46066185.70,8085
2026-09-15 00:00:00,YUKEN,YUKEN INDIA LIMITED,1124.00,1124.00,1046.00,1077.60,1113.75,-3.25,78.00,6.94,0.92,43272,46483298.95,3332
2026-09-15 00:00:00,PRUDENT,PRUDENT CORP ADV SER LTD,3397.90,3436.70,3222.20,3251.50,3385.00,-3.94,214.50,6.31,0.38,43255,144211091.60,12265
2026-09-15 00:00:00,TTL,T T LIMITED,6.56,6.75,6.53,6.58,6.66,-1.20,0.22,3.35,-1.50,43242,285471.77,158
2026-09-15 00:00:00,IFBIND,IFB INDUSTRIES LTD,1310.70,1310.70,1255.00,1272.00,1300.10,-2.16,55.70,4.25,0.82,43228,55103619.70,5122
2026-09-15 00:00:00,UNIDT,UNITED DRILLING TOOLS LTD,234.90,241.99,213.60,216.49,230.95,-6.26,28.39,12.09,1.71,42891,9632435.80,741
2026-09-15 00:00:00,CENTUM,CENTUM ELECTRONICS LTD,4254.90,4298.90,3972.80,4010.60,4192.00,-4.33,326.10,7.66,1.50,42588,174817813.00,11891
2026-09-15 00:00:00,TRF,TRF LIMITED,224.50,234.99,210.00,213.00,222.05,-4.08,24.99,11.13,1.10,42549,9450658.87,1347
2026-09-15 00:00:00,TATVA,TATVA CHIN PHARM CHEM LTD,1604.00,1618.00,1540.00,1547.30,1608.70,-3.82,78.00,4.86,-0.29,42445,66918625.30,5751
2026-09-15 00:00:00,CENTENKA,CENTURY ENKA LTD,568.90,570.10,546.55,550.40,565.40,-2.65,23.55,4.14,0.62,42064,23418083.30,3335
2026-09-15 00:00:00,VASWANI,VASWANI IND LTD,47.00,47.40,44.10,44.67,45.88,-2.64,3.30,7.02,2.44,41920,1911599.61,348
2026-09-15 00:00:00,VINATIORGA,VINATI ORGANICS LTD,1300.60,1316.00,1250.10,1261.40,1294.30,-2.54,65.90,5.07,0.49,41505,52973008.80,5296
2026-09-15 00:00:00,MOTOGENFIN,MOTOR & GENERAL FINANCE L,25.60,27.00,25.11,25.15,25.59,-1.72,1.89,7.38,0.04,41480,1067674.72,156
2026-09-15 00:00:00,SSDL,SARASWATI SAREE DEPOT LTD,62.60,64.50,59.73,60.22,62.59,-3.79,4.77,7.62,0.02,41431,2562459.63,1183
2026-09-15 00:00:00,SAHLIBHFI,SHALIBHADRA FINANCE LTD,81.67,82.75,77.01,77.91,81.67,-4.60,5.74,7.03,0.00,41398,3286602.86,544
2026-09-15 00:00:00,JAYSREETEA,JAYSHREE TEA & INDUSTRIES,93.10,94.87,90.51,91.64,92.90,-1.36,4.36,4.68,0.22,41257,3796279.86,585
2026-09-15 00:00:00,PYRAMID,PYRAMID TECHNOPLAST LTD,157.00,158.00,152.10,154.96,157.74,-1.76,5.90,3.76,-0.47,41198,6389292.44,1018
2026-09-15 00:00:00,SHIVAMAUTO,SHIVAM AUTO.LTD,17.10,18.00,16.45,16.54,16.69,-0.90,1.55,9.06,2.46,41093,690718.45,228
2026-09-15 00:00:00,5PAISA,5PAISA CAPITAL LIMITED,325.10,327.90,311.30,313.20,326.55,-4.09,16.60,5.11,-0.44,40835,12993764.40,2389
2026-09-15 00:00:00,NDLVENTURE,NDL VENTURES LIMITED,127.97,127.97,118.30,118.87,125.43,-5.23,9.67,7.56,2.03,40636,5055444.25,802
2026-09-15 00:00:00,EMULTIMQ,EDELAMC - EMULTIMQ,42.05,42.05,40.35,40.58,41.85,-3.03,1.70,4.04,0.48,40554,1659741.63,553
2026-09-15 00:00:00,BFUTILITIE,BF UTILITIES LIMITED,547.15,550.05,521.00,528.20,548.90,-3.77,29.05,5.31,-0.32,40177,21524049.10,1802
2026-09-15 00:00:00,STLSTRINF,STEEL STRIPS INFRA L,25.44,25.44,24.20,25.44,21.20,20.00,1.24,4.87,20.00,40095,1016416.38,165
2026-09-15 00:00:00,GLAXO,GLAXOSMITHKLINE PHARMA LT,2814.90,2840.80,2775.80,2818.90,2828.40,-0.34,65.00,2.31,-0.48,39814,111782940.70,7175
2026-09-15 00:00:00,RAJTV,RAJ TV NETWORK LTD,8.59,8.62,8.44,8.62,8.21,4.99,0.18,2.10,4.63,39790,342116.68,103
2026-09-15 00:00:00,MCL,M TEK COPPER LIMITED,59.08,59.08,56.15,56.53,57.92,-2.40,2.93,4.96,2.00,39754,2277598.70,1243
2026-09-15 00:00:00,DHARMAJ,DHARMAJ CROP GUARD LTD,269.50,271.20,264.95,268.25,269.35,-0.41,6.25,2.32,0.06,39754,10667608.70,2194
2026-09-15 00:00:00,NCLIND,NCL INDUSTRIES LIMITED,174.52,175.50,171.10,173.02,175.05,-1.16,4.40,2.52,-0.30,39682,6865706.73,717
2026-09-15 00:00:00,SURANAT&P,SURANA TELECOM AND POW LT,16.28,16.40,15.80,15.81,16.10,-1.80,0.60,3.69,1.12,39617,633017.07,418
2026-09-15 00:00:00,SMARTWORKS,SMARTWORKS COWORKING SP L,539.00,540.35,517.50,518.70,530.75,-2.27,22.85,4.24,1.55,39490,20806521.65,2420
2026-09-15 00:00:00,ULTRAMAR,ULTRAMARINE & PIGMENTS L,434.50,434.50,415.20,416.20,428.55,-2.88,19.30,4.44,1.39,39348,16498644.50,1480
2026-09-15 00:00:00,PLATIND,PLATINUM INDUSTRIES LTD,221.20,221.90,216.00,218.88,221.05,-0.98,5.90,2.67,0.07,39048,8526668.39,3097
2026-09-15 00:00:00,NIBE,NIBE LIMITED,1295.00,1295.00,1218.00,1224.40,1282.40,-4.52,77.00,5.95,0.98,39048,48803005.10,4069
2026-09-15 00:00:00,POWERMECH,POWER MECH PROJECTS LTD.,2421.30,2421.50,2320.30,2336.40,2421.30,-3.51,101.20,4.18,0.00,39034,92027861.30,8679
2026-09-15 00:00:00,KRSNAA,KRSNAA DIAGNOSTICS LTD,552.45,552.60,540.00,541.65,550.05,-1.53,12.60,2.28,0.44,38940,21120418.45,1798
2026-09-15 00:00:00,ASALCBR,ASSO ALCOHOLS & BREW LTD,676.70,690.15,660.30,661.90,676.70,-2.19,29.85,4.41,0.00,38899,25914046.75,2978
2026-09-15 00:00:00,DSSL,DYNACONS SYS & SOLN LTD,1075.00,1104.70,1027.60,1034.40,1059.10,-2.33,77.10,7.17,1.50,38862,41266835.80,3273
2026-09-15 00:00:00,RPSGVENT,RPSG VENTURES LIMITED,831.80,869.90,826.05,829.35,831.80,-0.29,43.85,5.27,0.00,38746,32908514.65,1953
2026-09-15 00:00:00,TOLINS,TOLINS TYRES LIMITED,88.71,89.99,88.00,88.24,89.40,-1.30,1.99,2.24,-0.77,38721,3440346.78,880
2026-09-15 00:00:00,INTLCONV,INTL CONVEYORS LIMITED,78.80,79.80,75.20,76.04,78.27,-2.85,4.60,5.84,0.68,38383,2961807.64,2124
2026-09-15 00:00:00,WENDT,WENDT (INDIA) LIMITED,8900.00,9100.00,8521.00,8580.00,8812.50,-2.64,579.00,6.51,0.99,38273,340157077.50,9948
2026-09-15 00:00:00,ARMANFIN,ARMAN FIN SERV LTD,2024.90,2025.00,1900.40,1918.10,2011.30,-4.63,124.60,6.15,0.68,37939,74578815.80,5502
2026-09-15 00:00:00,SVPGLOB,SVP GLOBAL TEXTILES LTD,3.60,3.61,3.35,3.39,3.45,-1.74,0.26,7.22,4.35,37542,128087.31,79
2026-09-15 00:00:00,BANK10ADD,DSPAMC - BANK10ADD,16.73,16.73,16.38,16.45,16.65,-1.20,0.35,2.09,0.48,37455,620390.87,141
2026-09-15 00:00:00,KINGFA,KINGFA SCI & TEC IND LTD.,6280.00,6280.00,5701.50,5754.00,6197.00,-7.15,578.50,9.21,1.34,37408,219344123.00,12806
2026-09-15 00:00:00,CENTURYPLY,CENTURY PLYBOARDS (I) LTD,717.05,726.90,706.65,711.05,717.05,-0.84,20.25,2.82,0.00,37273,26674728.20,5066
2026-09-15 00:00:00,RUCHIRA,RUCHIRA PAPERS LIMITED,109.00,111.73,104.57,105.44,108.83,-3.11,7.16,6.57,0.16,37224,4011926.95,993
2026-09-15 00:00:00,KIRLOSIND,KIRLOSKAR INDUSTRIES LTD,3974.60,3983.00,3762.00,3834.00,3828.30,0.15,221.00,5.56,3.82,37165,143805727.80,6217
2026-09-15 00:00:00,INDBANK,INDBANK MERCH BANK,27.64,28.19,26.53,26.71,27.64,-3.36,1.66,6.01,0.00,37094,1002641.77,543
2026-09-15 00:00:00,MADRASFERT,MADRAS FERTILISERS LTD,62.99,62.99,60.01,60.52,61.83,-2.12,2.98,4.73,1.88,36951,2254914.47,814
2026-09-15 00:00:00,RIIL,RELIANCE INDUSTRIAL INFRA,715.00,719.70,694.70,697.25,710.75,-1.90,25.00,3.50,0.60,36914,25992124.10,2167
2026-09-15 00:00:00,BIRLAMONEY,ADITYA BIRLA MONEY LTD,121.35,123.87,117.31,118.22,121.19,-2.45,6.56,5.41,0.13,36546,4366224.46,1243
2026-09-15 00:00:00,UFO,UFO MOVIEZ INDIA LTD.,63.50,64.16,60.25,60.66,62.63,-3.15,3.91,6.16,1.39,36249,2228553.09,741
2026-09-15 00:00:00,SBINMID150,SBIAMC - SBINMID150,23.40,23.40,22.32,22.35,22.94,-2.57,1.08,4.62,2.01,36224,817935.07,221
2026-09-15 00:00:00,RML,RANE (MADRAS) LIMITED,1362.10,1371.60,1300.00,1306.50,1360.00,-3.93,71.60,5.26,0.15,36201,47909099.40,4230
2026-09-15 00:00:00,PFIZER,PFIZER LTD,4075.00,4091.10,4026.20,4041.60,4060.20,-0.46,64.90,1.59,0.36,36144,146586008.60,6677
2026-09-15 00:00:00,ADROITINFO,ADROIT INFOTECH LIMITED,11.06,11.29,10.82,11.04,11.02,0.18,0.47,4.25,0.36,36084,398277.55,187
2026-09-15 00:00:00,RAJSREESUG,RAJSHREE SUGAR & CHEMICAL,33.21,33.67,32.40,32.82,33.13,-0.94,1.27,3.82,0.24,35214,1163369.86,498
2026-09-15 00:00:00,SAGCEM,SAGAR CEMENTS LIMITED,148.30,149.38,146.25,146.80,146.25,0.38,3.13,2.11,1.40,35191,5189838.92,867
2026-09-15 00:00:00,PAUSHAKLTD,PAUSHAK LIMITED,730.15,736.45,675.30,682.80,729.60,-6.41,61.15,8.37,0.08,35145,24558514.80,2292
2026-09-15 00:00:00,MOOILGAS,MOTILALAMC - MOOILGAS,11.62,11.62,10.80,10.87,11.34,-4.14,0.82,7.06,2.47,35075,384135.41,161
2026-09-15 00:00:00,ADVANIHOTR,ADVANI HOT.& RES.(I) LTD,49.06,49.06,47.50,47.98,49.18,-2.44,1.56,3.18,-0.24,35019,1695280.56,691
2026-09-15 00:00:00,JAYAGROGN,JAYANT AGRO ORGANICS LTD,244.09,244.13,223.13,227.39,244.13,-6.86,21.00,8.60,-0.02,35008,8183429.65,1702
2026-09-15 00:00:00,SALZERELEC,SALZER ELECTRONICS LTD,551.60,551.60,530.00,531.45,550.55,-3.47,21.60,3.92,0.19,34986,18943084.75,2646
2026-09-15 00:00:00,COCKERILL,JOHN COCKERILL INDIA LTD.,8115.00,8885.00,8115.00,8286.00,8191.00,1.16,770.00,9.49,-0.93,34982,298571159.00,8634
2026-09-15 00:00:00,ADVAIT,ADVAIT ENRGY TRANSITION L,2070.00,2083.90,2000.00,2007.00,2065.00,-2.81,83.90,4.05,0.24,34911,70626954.40,5055
2026-09-15 00:00:00,BBTC,BOMBAY BURMAH TRADING COR,1429.00,1447.10,1410.40,1416.40,1423.50,-0.50,36.70,2.57,0.39,34860,49858955.10,4623
2026-09-15 00:00:00,LUXIND,LUX INDUSTRIES LIMITED,1139.80,1139.80,1052.20,1056.70,1098.60,-3.81,87.60,7.69,3.75,34774,37422795.30,3698
2026-09-15 00:00:00,SANGAMIND,SANGAM (INDIA) LTD,570.55,573.40,552.35,565.65,574.40,-1.52,21.05,3.69,-0.67,34764,19619264.40,1799
2026-09-15 00:00:00,BETA,BETA DRUGS LIMITED,2101.00,2214.90,2079.10,2105.20,2118.50,-0.63,135.80,6.46,-0.83,34753,75145096.50,5205
2026-09-15 00:00:00,PTCIL,PTC INDUSTRIES LIMITED,23450.00,23885.00,22400.00,22560.00,23630.00,-4.53,1485.00,6.33,-0.76,34722,802120170.00,14004
2026-09-15 00:00:00,METROBRAND,METRO BRANDS LIMITED,954.75,954.75,938.40,944.45,940.20,0.45,16.35,1.71,1.55,34577,32630110.80,4779
2026-09-15 00:00:00,POEL,P O C L ENTERPRISES LTD.,140.51,145.92,138.55,139.45,140.83,-0.98,7.37,5.25,-0.23,34559,4848222.56,998
2026-09-15 00:00:00,MEDICAPQ,MEDI CAPS LTD.,31.00,31.00,28.53,28.53,31.70,-10.00,2.47,7.97,-2.21,34469,992856.61,176
2026-09-15 00:00:00,ORKLAINDIA,ORKLA INDIA LIMITED,588.30,591.20,579.90,582.30,591.25,-1.51,11.30,1.92,-0.50,34460,20088186.60,2251
2026-09-15 00:00:00,BPL,BPL LTD,47.40,47.95,46.10,46.58,46.30,0.60,1.85,3.90,2.38,34419,1614488.17,868
2026-09-15 00:00:00,ATUL,ATUL LTD,6250.00,6250.00,6060.50,6081.50,6244.50,-2.61,189.50,3.03,0.09,34391,210530687.00,7979
2026-09-15 00:00:00,MIDCAPADD,DSPAMC - MIDCAPADD,22.90,22.92,22.32,22.47,22.89,-1.83,0.60,2.62,0.04,33965,764671.28,60
2026-09-15 00:00:00,ISGEC,ISGEC HEAVY ENG LTD,801.80,801.80,770.00,773.85,795.95,-2.78,31.80,3.97,0.73,33880,26472852.40,3630
2026-09-15 00:00:00,TTKHLTCARE,TTK HEALTHCARE LIMITED,1119.00,1125.90,1067.90,1074.60,1115.40,-3.66,58.00,5.18,0.32,33869,36961249.70,3546
2026-09-15 00:00:00,SUPREMEINF,SUPREME INFRA. LTD.,85.04,86.00,81.25,81.40,85.04,-4.28,4.75,5.59,0.00,33793,2793637.53,714
2026-09-15 00:00:00,BIOFILCHEM,BIOFIL CHEM & PHARMA LTD,34.40,35.49,33.10,33.65,34.51,-2.49,2.39,6.95,-0.32,33485,1145569.28,393
2026-09-15 00:00:00,KDGREEN,KD GREEN INDUSTRIES LTD,49.44,50.58,45.95,46.61,49.09,-5.05,4.63,9.36,0.71,33359,1588242.28,342
2026-09-15 00:00:00,BRNL,BHARAT ROAD NETWORK LTD,16.70,16.70,16.25,16.31,16.73,-2.51,0.45,2.69,-0.18,33211,545405.39,318
2026-09-15 00:00:00,EXPLEOSOL,EXPLEO SOLUTIONS LIMITED,891.00,914.00,860.00,862.60,889.50,-3.02,54.00,6.06,0.17,33126,29296008.60,3344
2026-09-15 00:00:00,ICEMAKE,ICE MAKE REFRIGERAT LTD,728.00,728.00,691.25,695.55,730.10,-4.73,36.75,5.05,-0.29,33055,23375382.40,2124
2026-09-15 00:00:00,BIRLACORPN,BIRLA CORPORATION LTD,825.00,829.70,805.05,810.25,825.15,-1.81,24.65,2.99,-0.02,33029,26923284.65,4243
2026-09-15 00:00:00,VISHAL,VISHAL FABRICS LTD.,18.81,20.45,18.20,18.35,18.36,-0.05,2.25,11.96,2.45,32987,609316.21,215
2026-09-15 00:00:00,RSSOFTWARE,R. S. SOFTWARE (INDIA) LI,29.50,29.97,29.01,29.60,29.63,-0.10,0.96,3.25,-0.44,32806,968653.62,187
2026-09-15 00:00:00,INDOTECH,INDO TECH TRANSFORM LTD.,3522.90,3544.30,3346.80,3377.20,3522.90,-4.14,197.50,5.61,0.00,32734,111520172.60,3149
2026-09-15 00:00:00,LFIC,LAKSHMI FIN IND CORP LTD,136.10,157.89,135.60,136.64,139.35,-1.94,22.29,16.38,-2.33,32513,4695198.76,548
2026-09-15 00:00:00,VADILALIND,VADILAL INDUSTRIES LTD,6923.00,7119.50,6745.00,7035.50,6960.50,1.08,374.50,5.41,-0.54,32305,224852930.50,7043
2026-09-15 00:00:00,DRCSYSTEMS,DRC SYSTEMS INDIA LIMITED,13.11,13.11,12.72,12.75,12.92,-1.32,0.39,2.97,1.47,32134,413200.61,248
2026-09-15 00:00:00,CHEMBOND,CHEMBOND MATERIALTECH LTD,219.99,223.00,190.60,195.52,217.12,-9.95,32.40,14.73,1.32,32132,6464972.74,1197
2026-09-15 00:00:00,GRWRHITECH,GARWARE HI-TECH FILMS LTD,6921.00,6930.00,6566.00,6603.50,6921.50,-4.59,364.00,5.26,-0.01,31955,214272771.00,9971
2026-09-15 00:00:00,PRAVEG,PRAVEG LTD.,263.00,266.90,253.90,255.95,263.05,-2.70,13.00,4.94,-0.02,31819,8248293.60,1044
2026-09-15 00:00:00,CAPITALSFB,CAPITAL SMALL FIN BANK L,271.35,277.20,267.15,269.70,271.35,-0.61,10.05,3.70,0.00,31682,8617045.15,1017
2026-09-15 00:00:00,STYLAMIND,STYLAM INDUSTRIES LIMITED,3341.00,3359.70,3252.10,3281.20,3329.90,-1.46,107.60,3.22,0.33,31650,105093321.20,5436
2026-09-15 00:00:00,SECURKLOUD,SECUREKLOUD TECH LIMITED,16.18,16.99,16.18,16.78,16.51,1.64,0.81,5.01,-2.00,31638,524846.92,160
2026-09-15 00:00:00,INDIANHUME,INDIAN HUME PIPE CO. LTD.,371.30,372.45,351.70,354.00,369.55,-4.21,20.75,5.59,0.47,31542,11382283.70,1508
2026-09-15 00:00:00,INGERRAND,INGERSOLL-RAND INDIA LTD,4551.60,4611.30,4301.40,4344.30,4573.00,-5.00,309.90,6.81,-0.47,31530,139888658.80,6175
2026-09-15 00:00:00,SIL,STANDARD INDUSTRIES LTD.,17.76,18.36,17.51,17.60,17.76,-0.90,0.85,4.79,0.00,31415,557871.40,377
2026-09-15 00:00:00,NIFTYQLITY,BIRLASLAMC - NIFTYQLITY,21.08,21.08,20.50,20.57,20.83,-1.25,0.58,2.75,1.20,31338,651704.85,332
2026-09-15 00:00:00,ADOR,ADOR WELDING LTD,1604.00,1620.00,1541.30,1548.20,1603.70,-3.46,78.70,4.91,0.02,31262,49017517.10,5506
2026-09-15 00:00:00,FMCGADD,DSPAMC - FMCGADD,45.74,46.98,45.25,45.65,45.52,0.29,1.73,3.78,0.48,31238,1420324.14,222
2026-09-15 00:00:00,SGLRES,SGL RESOURCES LIMITED,2.55,2.55,2.32,2.35,2.44,-3.69,0.23,9.02,4.51,31022,73359.84,150
2026-09-15 00:00:00,WPIL,W P I L LTD.,435.25,440.40,421.50,428.55,435.25,-1.54,18.90,4.34,0.00,30776,13359763.25,1522
2026-09-15 00:00:00,SPENCERS,SPENCER S RETAIL LIMITED,28.50,28.99,27.50,27.94,28.30,-1.27,1.49,5.23,0.71,30766,869598.83,505
2026-09-15 00:00:00,ASHIMASYN,ASHIMA LTD,16.41,17.30,16.41,16.78,16.61,1.02,0.89,5.42,-1.20,30749,518172.13,230
2026-09-15 00:00:00,EQUAL200,MIRAEAMC - EQUAL200,13.59,13.59,13.33,13.33,13.59,-1.91,0.26,1.91,0.00,30673,411342.30,142
2026-09-15 00:00:00,TARAPUR,TARAPUR TRANSFORMERS LTD,12.97,13.31,12.14,12.26,12.97,-5.47,1.17,9.02,0.00,30649,380395.53,232
2026-09-15 00:00:00,INDTERRAIN,IND TERRAIN FASHIONS LTD,30.30,30.35,28.00,28.01,28.85,-2.91,2.35,7.76,5.03,30326,856575.39,322
2026-09-15 00:00:00,BOSCHLTD,BOSCH LIMITED,48725.00,48725.00,47070.00,47070.00,48385.00,-2.72,1655.00,3.40,0.70,30224,1443550985.00,13889
2026-09-15 00:00:00,INDIQUBE,INDIQUBE SPACES LIMITED,205.91,205.91,197.62,199.43,202.87,-1.70,8.29,4.03,1.50,30153,6033496.80,565
2026-09-15 00:00:00,MMWL,MEDIA MATRIX WORLDWIDE L,13.46,14.10,13.40,13.77,13.46,2.30,0.70,5.20,0.00,30090,414194.34,216
2026-09-15 00:00:00,SUBROS,SUBROS LIMITED,702.75,705.00,679.40,682.55,703.75,-3.01,25.60,3.64,-0.14,29668,20531450.35,2536
2026-09-15 00:00:00,SUKHJITS,SUKHJIT STARCH & CHEM LTD,162.00,165.67,160.95,161.72,159.78,1.21,4.72,2.91,1.39,29472,4800062.56,570
2026-09-15 00:00:00,INNOVANA,INNOVANA THINKLABS LTD,334.00,336.35,303.00,306.10,327.00,-6.39,33.35,9.99,2.14,29412,9300207.80,725
2026-09-15 00:00:00,UMIYA-MRO,UMIYA BUILDCON LIMITED,99.20,99.20,93.01,95.66,96.23,-0.59,6.19,6.24,3.09,28955,2749372.29,355
2026-09-15 00:00:00,BBL,BHARAT BIJLEE LTD,2246.50,2275.50,2166.60,2180.10,2246.50,-2.96,108.90,4.85,0.00,28880,63782395.50,4700
2026-09-15 00:00:00,OPTIFIN,OPTIMUS FINANCE LTD.,14.05,15.00,13.56,13.85,14.50,-4.48,1.44,10.25,-3.10,28858,405091.64,104
2026-09-15 00:00:00,RAMAPHO,RAMA PHOSPHATES LIMITED,122.06,123.50,118.51,118.86,122.67,-3.11,4.99,4.09,-0.50,28796,3458579.42,637
2026-09-15 00:00:00,RUDRA,RUDRA GLOBAL INFRA PROD L,20.15,20.79,19.83,20.16,20.49,-1.61,0.96,4.76,-1.66,28636,576714.92,250
2026-09-15 00:00:00,MOMETAL,MOTILALAMC - MOMETAL,13.08,13.08,12.66,12.74,13.07,-2.52,0.42,3.21,0.08,28627,369478.24,90
2026-09-15 00:00:00,CARERATING,CARE RATINGS LIMITED,1660.00,1668.30,1626.00,1635.70,1650.50,-0.90,42.30,2.55,0.58,28190,46265325.00,3527
2026-09-15 00:00:00,IRIS,IRIS REGTECH SOLUTION LTD,245.00,251.39,233.42,237.78,245.39,-3.10,17.97,7.33,-0.16,28017,6771508.43,1238
2026-09-15 00:00:00,TVSELECT,TVS ELECTRONICS LTD,412.00,415.20,395.00,399.40,413.85,-3.49,20.20,4.90,-0.45,27977,11296823.95,1749
2026-09-15 00:00:00,JITFINFRA,JITF INFRALOGISTICS LTD,286.00,291.00,275.60,279.35,290.35,-3.79,15.40,5.38,-1.50,27837,7862915.50,1251
2026-09-15 00:00:00,SAMPANN,SAMPANN UTPADAN INDIA LTD,24.41,25.24,23.56,23.91,24.46,-2.25,1.68,6.88,-0.20,27614,668117.49,202
2026-09-15 00:00:00,SAHYADRI,SAHYADRI INDUSTRIES LTD,394.80,408.95,358.00,363.15,390.90,-7.10,50.95,12.91,1.00,27611,10379535.90,1166
2026-09-15 00:00:00,NPST,NETWORK PEOPLE SRV TECH L,1698.90,1700.00,1630.00,1639.50,1686.10,-2.76,70.00,4.12,0.76,27585,45803349.60,3880
2026-09-15 00:00:00,SHANTI,SHANTI OVERSEAS INDIA LTD,6.47,6.47,6.04,6.10,6.20,-1.61,0.43,6.65,4.35,27186,167705.64,96
2026-09-15 00:00:00,KOKUYOCMLN,KOKUYO CAMLIN LIMITED,78.25,78.89,76.90,77.00,77.91,-1.17,1.99,2.54,0.44,27082,2107526.69,1178
2026-09-15 00:00:00,HDFCPSUBK,HDFCAMC HDFCPSUBK,85.07,85.08,82.20,82.65,84.27,-1.92,2.88,3.39,0.95,26997,2249425.73,472
2026-09-15 00:00:00,AMRUTANJAN,AMRUTAJAN HEALTH LTD,489.00,494.85,485.00,489.60,490.95,-0.27,9.85,2.01,-0.40,26954,13181006.75,1336
2026-09-15 00:00:00,GYFTR,GYFTR LIMITED,175.00,182.50,174.30,178.62,175.73,1.64,8.20,4.69,-0.42,26808,4756311.07,454
2026-09-15 00:00:00,EMKAY,EMKAY GLOBAL FIN SERV LTD,254.00,254.45,240.00,241.45,250.90,-3.77,14.45,5.69,1.24,26566,6512524.45,807
2026-09-15 00:00:00,SIYSIL,SIYARAM SILK MILLS LTD,535.65,539.60,516.40,520.95,535.15,-2.65,23.20,4.33,0.09,26520,13955740.65,2577
2026-09-15 00:00:00,ETHOSLTD,ETHOS LIMITED,2646.00,2660.00,2567.50,2574.10,2635.40,-2.33,92.50,3.50,0.40,26476,68799544.70,9216
2026-09-15 00:00:00,EIMCOELECO,EIMCO ELECON (INDIA) LTD,2325.50,2348.80,2233.00,2242.20,2325.50,-3.58,115.80,4.98,0.00,26475,60070563.80,3435
2026-09-15 00:00:00,ATLANTAA,ATLANTAA LIMITED,37.00,38.00,36.25,36.74,37.22,-1.29,1.75,4.73,-0.59,26472,973773.17,364
2026-09-15 00:00:00,GLOTTIS,GLOTTIS LIMITED,58.00,59.42,58.00,59.03,59.04,-0.02,1.42,2.45,-1.76,26442,1560512.46,372
2026-09-15 00:00:00,ATLASCYCLE,ATLAS CYCLE (HARYANA) LTD,94.66,96.26,90.30,91.02,95.71,-4.90,5.96,6.30,-1.10,26406,2430643.88,769
2026-09-15 00:00:00,BROOKS,BROOKS LAB LIMITED,67.70,67.70,62.80,63.09,65.69,-3.96,4.90,7.24,3.06,26350,1683919.85,443
2026-09-15 00:00:00,IFGLEXPOR,IFGL REFRACTORIES LIMITED,202.99,206.60,198.20,200.33,206.08,-2.79,8.40,4.14,-1.50,26283,5324039.50,967
2026-09-15 00:00:00,ASHIANA,ASHIANA HOUSING LTD,344.20,346.40,340.50,341.90,346.75,-1.40,5.90,1.71,-0.74,26206,8978051.95,1029
2026-09-15 00:00:00,VOLTAMP,VOLTAMP TRANSFORMERS LTD,11250.00,11255.00,10460.00,10596.00,11217.00,-5.54,795.00,7.07,0.29,26149,281727680.00,10701
2026-09-15 00:00:00,GANESHHOU,GANESH HOUSING LIMITED,755.40,764.00,741.30,745.10,763.40,-2.40,22.70,3.01,-1.05,26112,19594473.90,1997
2026-09-15 00:00:00,BATLIBOI,BATLIBOI LTD.,86.00,86.00,82.50,83.95,85.91,-2.28,3.50,4.07,0.10,26108,2210644.26,485
2026-09-15 00:00:00,BALAXI,BALAXI PHARMA LTD,24.80,24.80,23.00,23.12,23.39,-1.15,1.80,7.26,6.03,26067,614330.96,285
2026-09-15 00:00:00,SUYOG,SUYOG TELEMATICS LIMITED,652.95,664.75,639.00,643.60,650.50,-1.06,25.75,3.94,0.38,25996,16887113.80,1569
2026-09-15 00:00:00,CRESTO,CRESTO TECHNO LIMITED,16.70,17.08,15.48,16.05,16.91,-5.09,1.60,9.58,-1.24,25866,421320.13,215
2026-09-15 00:00:00,GALAPREC,GALA PRECISION ENG LTD,1038.60,1051.00,985.00,992.10,1031.00,-3.77,66.00,6.35,0.74,25832,26118459.90,2602
2026-09-15 00:00:00,BFINVEST,BF INVESTMENT LIMITED,453.00,453.70,434.70,435.50,448.30,-2.86,19.00,4.19,1.05,25747,11325927.10,1239
2026-09-15 00:00:00,GRINDWELL,GRINDWELL NORTON LIMITED,1876.40,1885.80,1813.60,1825.90,1885.80,-3.18,72.20,3.85,-0.50,25743,47387338.50,9443
2026-09-15 00:00:00,TARMAT,TARMAT LIMITED,59.61,61.68,58.07,58.29,59.60,-2.20,3.61,6.06,0.02,25511,1523816.33,1796
2026-09-15 00:00:00,TCIEXP,TCI EXPRESS LIMITED,519.00,519.50,490.35,494.30,514.60,-3.94,29.15,5.62,0.86,25494,12813736.00,2138
2026-09-15 00:00:00,BOSCH-HCIL,BOSCH HOME COMFRT IND LTD,1698.00,1722.00,1660.00,1667.40,1704.00,-2.15,62.00,3.65,-0.35,25201,42430922.60,2948
2026-09-15 00:00:00,DEVIT,DEV INFO TECHNOLOGY LTD,24.35,24.35,23.55,23.80,24.18,-1.57,0.80,3.29,0.70,25147,596929.66,264
2026-09-15 00:00:00,HERANBA,HERANBA INDUSTRIES LTD,172.43,173.79,165.00,165.95,171.58,-3.28,8.79,5.10,0.50,25094,4213412.94,1471
2026-09-15 00:00:00,SUMIT,SUMIT WOODS LIMITED,50.00,52.00,49.81,50.61,49.40,2.45,2.19,4.38,1.21,25085,1271451.45,123
2026-09-15 00:00:00,MOTOUR,MOTILALAMC - MOTOUR,76.85,77.61,75.07,75.27,76.85,-2.06,2.54,3.31,0.00,24983,1886344.36,337
2026-09-15 00:00:00,CLEDUCATE,CL EDUCATE LIMITED,60.00,60.00,56.36,57.14,59.18,-3.45,3.64,6.07,1.39,24865,1428920.44,432
2026-09-15 00:00:00,ENERGYAXIS,AXISAMC - ENERGYAXIS,19.25,19.99,18.63,19.78,19.06,3.78,1.36,7.06,1.00,24801,472808.07,125
2026-09-15 00:00:00,TIIL,TECHNOCRAFT IND LTD,3250.20,3255.90,3109.00,3128.60,3250.20,-3.74,146.90,4.52,0.00,24762,78078200.10,6004
2026-09-15 00:00:00,ANUP,THE ANUP ENGINEERING LTD,1670.00,1679.00,1611.10,1616.10,1664.30,-2.90,67.90,4.07,0.34,24723,40449778.30,4302
2026-09-15 00:00:00,JKCEMENT,JK CEMENT LIMITED,4843.50,4849.50,4701.00,4712.00,4843.50,-2.71,148.50,3.07,0.00,24671,117288747.50,6124
2026-09-15 00:00:00,KANPRPLA,KANPUR PLASTIPACK LIMITED,264.60,264.60,241.30,246.00,264.60,-7.03,23.30,8.81,0.00,24653,6241754.05,1231
2026-09-15 00:00:00,SURANASOL,SURANA SOLAR LIMITED,25.70,26.00,24.80,25.02,25.51,-1.92,1.20,4.67,0.74,24580,619469.86,471
2026-09-15 00:00:00,MOALPHA50,MOTILALAMC - MOALPHA50,56.12,57.10,53.86,54.04,56.12,-3.71,3.24,5.77,0.00,24436,1330062.56,237
2026-09-15 00:00:00,LOKESHMACH,LOKESH MACHINES LTD,343.15,350.75,330.00,332.20,347.15,-4.31,20.75,6.05,-1.15,24268,8215973.00,1052
2026-09-15 00:00:00,PLASTIBLEN,PLASTIBLENDS INDIA LTD,194.50,196.08,182.96,185.18,192.78,-3.94,13.12,6.75,0.89,24239,4576344.35,719
2026-09-15 00:00:00,TERASOFT,TERA SOFTWARE LIMITED,248.80,253.00,231.40,238.35,248.80,-4.20,21.60,8.68,0.00,24003,5893503.10,1111
2026-09-15 00:00:00,CONS,KOTAKMAMC - KOTAKCONS,11.84,12.05,11.60,11.71,11.84,-1.10,0.45,3.80,0.00,23897,280941.87,301
2026-09-15 00:00:00,KDDL,KDDL LIMITED,3898.90,3918.00,3739.50,3756.50,3881.90,-3.23,178.50,4.58,0.44,23873,90757266.20,6072
2026-09-15 00:00:00,SRTL,SHREE RAM TWISTEX LIMITED,37.67,38.25,37.32,37.55,37.32,0.62,0.93,2.47,0.94,23754,895588.81,305
2026-09-15 00:00:00,VIDHIING,VIDHI SPCLTY F INGRDNTS L,331.70,334.45,320.00,320.65,334.45,-4.13,14.45,4.36,-0.82,23677,7704944.70,1153
2026-09-15 00:00:00,HINDCON,HINDCON CHEMICALS LIMITED,23.20,24.50,23.20,23.74,24.09,-1.45,1.30,5.60,-3.69,23558,565927.73,219
2026-09-15 00:00:00,SKFINDIA,SKF INDIA LTD,1518.60,1528.50,1502.10,1508.50,1527.80,-1.26,26.40,1.74,-0.60,23487,35535412.80,3201
2026-09-15 00:00:00,SANOFI,SANOFI INDIA LIMITED,3079.20,3159.80,3074.10,3131.00,3079.20,1.68,85.70,2.78,0.00,23468,73088878.20,4140
2026-09-15 00:00:00,CIFL,CAPITAL INDIA FINANCE LTD,20.26,20.26,19.45,19.53,20.20,-3.32,0.81,4.00,0.30,23450,461515.91,273
2026-09-15 00:00:00,DODLA,DODLA DAIRY LIMITED,1078.10,1094.50,1067.10,1080.30,1090.80,-0.96,27.40,2.54,-1.16,23425,25355874.90,2257
2026-09-15 00:00:00,JPOLYINVST,JIND POL INV & FIN CO LTD,989.50,1030.00,965.00,967.05,989.50,-2.27,65.00,6.57,0.00,23363,23220953.35,3332
2026-09-15 00:00:00,LPDC,LANDMARK PR.DEV.CO.LTD,6.24,6.24,6.02,6.06,6.16,-1.62,0.22,3.53,1.30,23268,141845.45,168
2026-09-15 00:00:00,ANIKINDS,ANIK INDUSTRIES LTD,44.05,45.53,39.96,40.58,44.66,-9.14,5.57,12.64,-1.37,23241,967591.39,354
2026-09-15 00:00:00,KOTIC,KOTHARI INDUSTRIAL CORP L,133.90,133.90,125.15,126.62,133.82,-5.38,8.75,6.53,0.06,23198,2995001.21,757
2026-09-15 00:00:00,PTL,PTL ENTERPRISES LTD,38.84,38.84,38.01,38.15,38.43,-0.73,0.83,2.14,1.07,23165,889356.66,692
2026-09-15 00:00:00,VLSFINANCE,VLS FINANCE LTD,242.12,247.55,231.95,235.33,244.00,-3.55,15.60,6.44,-0.77,23045,5461159.80,814
2026-09-15 00:00:00,AGROPHOS,AGRO PHOS INDIA LIMITED,24.20,24.20,22.51,23.47,23.50,-0.13,1.69,6.98,2.98,22908,531935.96,345
2026-09-15 00:00:00,RKEC,RKEC PROJECTS LIMITED,20.45,20.45,19.20,19.43,19.33,0.52,1.25,6.11,5.79,22880,449450.17,190
2026-09-15 00:00:00,DYNAMATECH,DYNAMATIC TECHNOLOGIES,12201.00,12277.00,11925.00,12071.00,12097.00,-0.21,352.00,2.89,0.86,22745,275325910.00,8702
2026-09-15 00:00:00,GALAXYSURF,GALAXY SURFACTANTS LTD,2187.20,2198.90,2100.00,2127.30,2187.30,-2.74,98.90,4.52,-0.00,22677,48600913.50,5418
2026-09-15 00:00:00,PODDARMENT,PODDAR PIGMENTS LIMITED,280.25,294.30,268.10,270.10,279.85,-3.48,26.20,9.35,0.14,22527,6160471.75,505
2026-09-15 00:00:00,CPL,CAPTAIN POLYPLAST LIMITED,65.78,65.78,62.50,62.83,64.79,-3.03,3.28,4.99,1.53,22223,1415124.88,502
2026-09-15 00:00:00,STYRENIX,STYRENIX PERFORMANCE LTD,2114.40,2130.10,2018.30,2034.20,2113.10,-3.73,111.80,5.29,0.06,22209,45646760.80,3339
2026-09-15 00:00:00,AERONEU,AEROFLEX NEU LIMITED,68.76,71.39,67.75,67.94,68.76,-1.19,3.64,5.29,0.00,22172,1519690.66,453
2026-09-15 00:00:00,CONTROLPR,CONTROL PRINT LIMITED,583.00,586.00,568.90,574.80,588.70,-2.36,17.10,2.93,-0.97,22163,12851588.15,1323
2026-09-15 00:00:00,VIVIANA,VIVIANA POWER TECH LTD,745.00,748.40,705.00,710.90,752.15,-5.48,43.40,5.83,-0.95,22028,15919429.15,1799
2026-09-15 00:00:00,PEARLPOLY,PEARL POLYMERS LTD,15.22,15.98,15.22,15.85,15.51,2.19,0.76,4.99,-1.87,21771,342957.00,95
2026-09-15 00:00:00,ZFSTEERING,Z F STEERING GEAR (I) LTD,765.00,792.00,750.00,762.05,764.75,-0.35,42.00,5.49,0.03,21612,16764884.30,1059
2026-09-15 00:00:00,EASTWEST,EAST WEST FREIGHT CARRI L,2.38,2.38,2.30,2.30,2.36,-2.54,0.08,3.36,0.85,21580,50064.22,115
2026-09-15 00:00:00,VALUE,MIRAEAMC - VALUE,15.95,15.95,15.64,15.65,15.92,-1.70,0.31,1.94,0.19,21562,341467.73,202
2026-09-15 00:00:00,TREEHOUSE,TREE HOUSE EDU LTD,6.15,6.36,5.93,6.01,6.14,-2.12,0.43,6.99,0.16,21449,131200.00,131
2026-09-15 00:00:00,CELEBRITY,CELEBRITY FASHIONS LTD,7.17,7.17,6.65,6.70,6.85,-2.19,0.52,7.25,4.67,21421,144654.18,81
2026-09-15 00:00:00,BOHRAIND,BOHRA INDUSTRIES LIMITED,14.00,14.40,13.02,13.71,13.42,2.16,1.38,9.86,4.32,21413,292968.45,55
2026-09-15 00:00:00,AXTEL,AXTEL INDUSTRIES LTD.,437.20,458.80,419.10,429.65,440.20,-2.40,39.70,9.08,-0.68,21380,9375363.85,696
2026-09-15 00:00:00,USK,UDAYSHIVAKUMAR INFRA LTD,20.90,21.89,20.53,20.64,20.64,0.00,1.36,6.51,1.26,21328,440227.94,151
2026-09-15 00:00:00,LGBBROSLTD,LG BALAKRISHNAN & BROS,1711.00,1720.00,1697.20,1703.20,1711.00,-0.46,22.80,1.33,0.00,21277,36289985.90,2425
2026-09-15 00:00:00,HALDER,HALDER VENTURE LIMITED,286.15,288.55,257.00,265.90,276.15,-3.71,31.55,11.03,3.62,20914,5951999.20,172
2026-09-15 00:00:00,TAALTECH,TAAL TECH LTD.,5550.00,5550.00,4957.20,5012.40,5375.50,-6.75,592.80,10.68,3.25,20898,109882527.50,5822
2026-09-15 00:00:00,NUCLEUS,NUCLEUS SOFTWARE EXPORTS,691.40,707.55,691.40,696.40,696.45,-0.01,16.15,2.34,-0.73,20850,14574417.20,1482
2026-09-15 00:00:00,AMJLAND,AMJ LAND HOLDINGS LIMITED,38.56,38.64,36.66,37.21,38.56,-3.50,1.98,5.13,0.00,20539,773931.85,259
2026-09-15 00:00:00,EIHAHOTELS,EIH ASSOCIATED HOTELS LTD,289.40,292.05,280.10,281.30,287.45,-2.14,11.95,4.13,0.68,20478,5806949.80,1771
2026-09-15 00:00:00,TCIFINANCE,TCI FINANCE LTD,15.94,15.94,14.20,15.02,15.01,0.07,1.74,10.92,6.20,20473,306500.59,172
2026-09-15 00:00:00,PONNIERODE,PONNIE SUGARS (ERODE) LTD,373.10,375.05,349.95,351.80,371.10,-5.20,25.10,6.73,0.54,20410,7289900.00,1401
2026-09-15 00:00:00,CNL,CREATIVE NEWTECH LIMITED,1133.60,1139.20,1050.10,1068.60,1116.90,-4.32,89.10,7.86,1.50,20384,22259936.70,2613
2026-09-15 00:00:00,DYNPRO,DYNEMIC PRODUCTS LIMITED,232.18,234.90,226.91,227.94,232.18,-1.83,7.99,3.44,0.00,20261,4656514.87,768
2026-09-15 00:00:00,STUDDS,STUDDS ACCESSORIES LTD,420.00,422.05,410.00,410.70,418.65,-1.90,12.05,2.87,0.32,20247,8365069.05,1091
2026-09-15 00:00:00,GTECJAINX,G-TEC JAINX EDUCATION LTD,24.80,29.31,24.80,29.31,26.65,9.98,4.51,18.19,-6.94,20231,561777.00,111
2026-09-15 00:00:00,LEXUS,LEXUS GRANITO (INDIA) LTD,13.94,13.94,12.58,12.75,13.31,-4.21,1.36,9.76,4.73,20196,262081.47,162
2026-09-15 00:00:00,ROHLTD,ROYAL ORCHID HOTELS LTD,304.80,313.95,294.00,298.50,306.30,-2.55,19.95,6.55,-0.49,20115,6030356.95,756
2026-09-15 00:00:00,ONWARDTEC,ONWARD TECHNOLOGIES LTD,283.65,290.00,280.10,281.55,283.65,-0.74,9.90,3.49,0.00,20077,5700167.90,845
2026-09-15 00:00:00,GRPLTD,GRP LIMITED,1925.10,2050.00,1925.10,2046.20,1925.10,6.29,124.90,6.49,0.00,20058,40462263.60,804
2026-09-15 00:00:00,MPSLTD,MPS LIMITED,2612.10,2649.00,2510.50,2522.60,2608.50,-3.29,138.50,5.30,0.14,19900,51163300.70,3125
2026-09-15 00:00:00,NILKAMAL,NILKAMAL LIMITED,2050.80,2069.90,1989.00,2017.90,2050.80,-1.60,80.90,3.94,0.00,19596,39842541.90,2976
2026-09-15 00:00:00,GMBREW,G M BREWERIES LTD,910.00,914.00,901.60,905.70,910.90,-0.57,12.40,1.36,-0.10,19543,17723580.75,1643
2026-09-15 00:00:00,DOMS,DOMS INDUSTRIES LIMITED,2125.10,2143.80,2103.00,2120.40,2121.00,-0.03,40.80,1.92,0.19,19480,41302297.60,4047
2026-09-15 00:00:00,ASAL,AUTOMOTIVE STAMPINGS & AS,463.95,469.00,445.20,447.85,462.40,-3.15,23.80,5.13,0.34,19416,8771074.65,1220
2026-09-15 00:00:00,ONEGLOBAL,ONE GLOBAL SERVICE PROV L,555.30,560.20,513.45,518.50,540.45,-4.06,46.75,8.42,2.75,19227,10081712.75,1166
2026-09-15 00:00:00,NIRAJ,NIRAJ CEMENT STRUC LTD,27.02,28.70,27.02,27.58,27.22,1.32,1.68,6.22,-0.73,19209,538125.66,147
2026-09-15 00:00:00,MAHEPC,MAHINDRA EPC IRRIG LTD,102.00,103.98,101.02,102.08,101.82,0.26,2.96,2.90,0.18,19128,1953656.09,430
2026-09-15 00:00:00,FRONTSP,FRONTIER SPRINGS LTD.,1240.00,1247.00,1195.40,1226.60,1240.00,-1.08,51.60,4.16,0.00,19127,23365067.70,2523
2026-09-15 00:00:00,DPABHUSHAN,D. P. ABHUSHAN LIMITED,1344.80,1359.90,1330.00,1337.50,1340.60,-0.23,29.90,2.22,0.31,18910,25386608.10,1230
2026-09-15 00:00:00,ORICONENT,ORICON ENTERPRISES LTD,51.55,53.43,51.16,51.31,51.39,-0.16,2.27,4.40,0.31,18903,977299.11,745
2026-09-15 00:00:00,DCM,DCM LTD,77.25,79.75,75.40,76.42,75.00,1.89,4.35,5.63,3.00,18824,1436605.10,98
2026-09-15 00:00:00,VRAJ,VRAJ IRON AND STEEL LTD,123.63,127.00,123.30,125.08,125.50,-0.33,3.70,2.99,-1.49,18615,2325507.58,438
2026-09-15 00:00:00,TRAVELFOOD,TRAVEL FOOD SERVICES LTD,1259.30,1259.90,1224.40,1227.40,1253.60,-2.09,35.50,2.82,0.45,18613,22999100.30,3212
2026-09-15 00:00:00,LAL,LORENZINI APPARELS LTD,8.80,9.88,8.76,8.99,8.83,1.81,1.12,12.73,-0.34,18605,165926.44,157
2026-09-15 00:00:00,MUNJALSHOW,MUNJAL SHOWA LTD,128.88,128.88,125.00,125.28,127.66,-1.86,3.88,3.01,0.96,18586,2340361.10,533
2026-09-15 00:00:00,OBCL,OBCL LIMITED,55.79,57.50,55.00,56.58,55.78,1.43,2.50,4.48,0.02,18533,1046324.71,75
2026-09-15 00:00:00,BANKPSU,MIRAEAMC - BANKPSU,83.72,84.34,82.41,82.56,84.34,-2.11,1.93,2.31,-0.74,18464,1534542.07,210
2026-09-15 00:00:00,PILITA,PIL ITALICA LIFESTYLE LTD,7.72,8.10,7.70,7.73,7.84,-1.40,0.40,5.18,-1.53,18276,143579.01,137
2026-09-15 00:00:00,NAGREEKEXP,NAGREEKA EXPORTS LTD.,22.40,23.00,21.36,21.61,22.40,-3.53,1.64,7.32,0.00,18145,401686.76,228
2026-09-15 00:00:00,BVCL,BARAK VALLEY CEM. LTD.,42.10,42.90,40.11,40.80,42.05,-2.97,2.79,6.63,0.12,18121,747894.37,413
2026-09-15 00:00:00,MAGADSUGAR,MAGADH SUGAR & ENERGY LTD,545.00,548.95,515.00,520.15,543.80,-4.35,33.95,6.23,0.22,18117,9541220.90,1505
2026-09-15 00:00:00,FINEORG,FINE ORGANIC IND. LTD.,5160.50,5167.50,5081.00,5153.50,5167.50,-0.27,86.50,1.68,-0.14,18010,92538197.00,5665
2026-09-15 00:00:00,STEELCITY,STEEL CITY SECURITIES LTD,89.55,90.88,85.36,86.12,90.30,-4.63,5.52,6.16,-0.83,17883,1573967.68,357
2026-09-15 00:00:00,PVTBKGROWW,GROWWAMC - PVTBKGROWW,27.95,27.95,27.00,27.30,27.43,-0.47,0.95,3.40,1.90,17868,487364.34,167
2026-09-15 00:00:00,ODYCORP,ODYSSEY CORPORATION LTD.,7.39,7.39,6.80,6.88,7.18,-4.18,0.59,7.98,2.92,17867,126416.76,156
2026-09-15 00:00:00,RHL,ROBUST HOTELS LIMITED,168.70,179.80,168.69,175.23,166.85,5.02,11.11,6.59,1.11,17789,3130249.58,316
2026-09-15 00:00:00,BASF,BASF INDIA LTD,3662.00,3674.10,3528.00,3539.40,3661.50,-3.33,146.10,3.99,0.01,17640,63225047.10,4647
2026-09-15 00:00:00,ICRA,ICRA LIMITED,4787.00,4787.00,4600.20,4643.30,4728.90,-1.81,186.80,3.90,1.23,17598,82281840.60,4305
2026-09-15 00:00:00,HDFCQUAL,HDFCAMC - HDFCQUAL,57.98,57.98,56.50,56.56,57.43,-1.51,1.48,2.55,0.96,17570,1002046.09,146
2026-09-15 00:00:00,ESG,MIRAEAMC - MAESGETF,40.38,40.44,39.72,39.72,40.18,-1.14,0.72,1.78,0.50,17564,700637.00,130
2026-09-15 00:00:00,KSE,KSE LTD.,180.75,180.75,176.12,176.88,177.22,-0.19,4.63,2.56,1.99,17510,3106680.29,381
2026-09-15 00:00:00,SCHAND,S CHAND AND COMPANY LTD,136.05,137.72,133.19,133.74,137.72,-2.89,4.53,3.33,-1.21,17433,2340718.68,547
2026-09-15 00:00:00,FIBERWEB,FIBERWEB INDIA LIMITED,27.10,27.98,25.56,25.63,27.10,-5.42,2.42,8.93,0.00,17411,455244.02,312
2026-09-15 00:00:00,SWARNSAR,SWARNSARITA JEWELS IND L,39.05,40.87,38.30,38.74,39.66,-2.32,2.57,6.58,-1.54,17383,683053.10,214
2026-09-15 00:00:00,TCI,TRANSPORT CORPN OF INDIA,858.85,867.40,833.60,845.40,858.85,-1.57,33.80,3.94,0.00,17354,14735267.20,4560
2026-09-15 00:00:00,ELPROINTL,ELPRO INTERNATIONAL LTD,173.50,174.89,171.90,172.85,173.24,-0.23,2.99,1.72,0.15,17260,2986316.85,202
2026-09-15 00:00:00,ORTINGLOBE,ORTIN GLOBAL LIMITED,17.50,17.58,16.62,16.62,17.09,-2.75,0.96,5.49,2.40,17178,291090.43,85
2026-09-15 00:00:00,NAHARSPING,NAHAR SPINNING MILLS LTD.,275.00,279.00,255.00,261.65,273.10,-4.19,24.00,8.73,0.70,17043,4519805.55,629
2026-09-15 00:00:00,BALAJEE,SHREE TIRUPATI BALAJEE L,26.09,26.09,24.51,24.96,25.14,-0.72,1.58,6.06,3.78,16947,426469.46,328
2026-09-15 00:00:00,SAMBHAAV,SAMBHAAV MEDIA LTD,6.00,6.00,5.66,5.67,5.96,-4.87,0.34,5.67,0.67,16941,97765.05,111
2026-09-15 00:00:00,DCMFINSERV,DCM FINANCIAL SERVICES LT,5.07,5.45,4.78,5.00,5.07,-1.38,0.67,13.21,0.00,16937,86404.40,88
2026-09-15 00:00:00,KRIDHANINF,KRIDHAN INFRA LIMITED,1.97,1.98,1.92,1.94,1.96,-1.02,0.06,3.05,0.51,16747,32641.58,117
2026-09-15 00:00:00,AFFORDABLE,AFFORD ROBO & AUTO LTD,159.09,161.88,156.01,158.93,159.88,-0.59,5.87,3.69,-0.49,16702,2654392.36,559
2026-09-15 00:00:00,LOTUSEYE,LOTUS EYE HOSP & INST L,111.30,115.30,109.57,110.59,113.90,-2.91,5.73,5.15,-2.28,16668,1855472.60,774
2026-09-15 00:00:00,SGIL,SYNERGY GREEN IND. LTD,592.20,608.00,586.00,590.90,592.20,-0.22,22.00,3.71,0.00,16573,9944480.00,434
2026-09-15 00:00:00,FAZE3Q,FAZE THREE LIMITED,489.45,491.45,465.00,467.85,489.45,-4.41,26.45,5.40,0.00,16501,7816760.50,1192
2026-09-15 00:00:00,HDFCLOWVOL,HDFCAMC - HDFCLOWVOL,20.10,20.12,19.82,19.87,20.01,-0.70,0.30,1.49,0.45,16438,326512.35,109
2026-09-15 00:00:00,LAMBODHARA,LAMBODHARA TEXTILES LTD.,139.93,139.93,127.37,130.33,137.37,-5.12,12.56,8.98,1.86,16281,2166900.28,503
2026-09-15 00:00:00,BANKADD,DSPAMC - DSPBANK,58.50,58.50,57.23,57.51,58.09,-1.00,1.27,2.17,0.71,16276,939290.90,132
2026-09-15 00:00:00,JKIPL,JINKUSHAL INDUSTRIES LTD,94.60,96.22,92.35,95.18,91.64,3.86,3.87,4.09,3.23,16190,1537140.35,350
2026-09-15 00:00:00,RAMANEWS,SHREE RAMA NEWSPRINT LTD,30.95,32.71,30.50,30.94,30.95,-0.03,2.21,7.14,0.00,16171,510288.26,155
2026-09-15 00:00:00,ARCHIDPLY,ARCHIDPLY IND. LTD,102.00,105.60,100.21,100.21,101.96,-1.72,5.39,5.28,0.04,16131,1648620.55,277
2026-09-15 00:00:00,ELECTHERM,ELECTROTHERM (I) LTD.,956.30,988.30,926.50,945.35,956.30,-1.15,61.80,6.46,0.00,16105,15622410.70,841
2026-09-15 00:00:00,OSWALAGRO,OSWAL AGRO MILLS LTD,35.20,35.60,34.12,34.25,35.60,-3.79,1.48,4.20,-1.12,16012,558363.02,307
2026-09-15 00:00:00,DNAMEDIA,DILIGENT MEDIA CORP LTD.,2.56,2.66,2.48,2.50,2.51,-0.40,0.18,7.03,1.99,16001,40486.80,115
2026-09-15 00:00:00,DONEAR,DONEAR IND. LIMITED,85.03,85.03,82.26,82.46,85.03,-3.02,2.77,3.26,0.00,15977,1332183.87,382
2026-09-15 00:00:00,TANAA,TANEJA AEROSPACE & AVIA L,271.00,278.00,263.00,263.60,266.95,-1.25,15.00,5.54,1.52,15969,4301092.15,1303
2026-09-15 00:00:00,MARALOVER,MARAL OVERSEAS LTD,61.30,67.00,60.00,60.00,62.41,-3.86,7.00,11.42,-1.78,15938,979807.03,291
2026-09-15 00:00:00,SGRL,SHREE GANESH REMEDIES LTD,670.00,699.20,646.60,657.60,659.20,-0.24,52.60,7.85,1.64,15689,10441597.55,1090
2026-09-15 00:00:00,BEARDSELL,BEARDSELL LIMITED,25.18,25.18,24.02,24.27,24.67,-1.62,1.16,4.61,2.07,15640,382847.61,294
2026-09-15 00:00:00,CCHHL,COUNTRY CLUB HOSP HOL LTD,12.41,12.59,12.10,12.18,12.37,-1.54,0.49,3.95,0.32,15566,191426.54,177
2026-09-15 00:00:00,JMA,JULLUNDUR MOT AGENCY LTD,93.22,95.00,88.01,88.96,93.22,-4.57,6.99,7.50,0.00,15451,1399982.19,400
2026-09-15 00:00:00,RANEHOLDIN,RANE HOLDINGS LIMITED,1697.70,1699.90,1641.50,1669.00,1696.20,-1.60,58.40,3.44,0.09,15327,25587047.40,1339
2026-09-15 00:00:00,VEEDOL,VEEDOL CORPORATION LTD,1434.80,1439.70,1378.00,1382.50,1428.50,-3.22,61.70,4.30,0.44,15287,21423122.30,2001
2026-09-15 00:00:00,LINDEINDIA,LINDE INDIA LIMITED,6250.00,6267.00,6065.00,6080.00,6227.50,-2.37,202.00,3.23,0.36,15285,93636325.00,4035
2026-09-15 00:00:00,NIFTYAXIS,AXISAMC-NIFTYAXIS,262.46,262.46,256.84,257.17,259.44,-0.87,5.62,2.14,1.16,15282,3943713.35,272
2026-09-15 00:00:00,NEXTMEDIA,NEXT MEDIAWORKS LIMITED,3.81,3.96,3.78,3.83,3.90,-1.79,0.18,4.72,-2.31,15210,58652.25,40
2026-09-15 00:00:00,NAHARINDUS,NAHAR INDS ENT LTD,131.20,135.59,126.22,127.37,131.62,-3.23,9.37,7.14,-0.32,15027,1957229.48,665
2026-09-15 00:00:00,SHILCTECH,SHILCHAR TECHNOLOGIES LTD,4208.90,4279.00,4062.20,4078.30,4174.40,-2.30,216.80,5.15,0.83,15004,62191942.70,3882
2026-09-15 00:00:00,ZODIAC,ZODIAC ENERGY LIMITED,221.50,226.85,220.01,221.61,227.98,-2.79,6.84,3.09,-2.84,14986,3334833.82,1071
2026-09-15 00:00:00,EMETAL,EDELAMC - EMETAL,13.35,13.35,12.70,12.74,13.06,-2.45,0.65,4.87,2.22,14974,192388.32,89
2026-09-15 00:00:00,NIFTYADD,DSPAMC - DSPNIFTY,244.42,248.12,244.42,244.69,246.89,-0.89,3.70,1.51,-1.00,14910,3666842.20,259
2026-09-15 00:00:00,THEJO,THEJO ENGINEERING LIMITED,2192.60,2250.00,2160.60,2175.20,2192.60,-0.79,89.40,4.08,0.00,14877,32790682.80,1514
2026-09-15 00:00:00,ASTRAZEN,ASTRAZENECA PHARMA IND LT,6767.50,6778.50,6600.00,6695.50,6764.50,-1.02,178.50,2.64,0.04,14843,99676308.50,3284
2026-09-15 00:00:00,SWELECTES,SWELECT ENERGY SYS LTD,569.90,572.00,547.00,551.40,567.40,-2.82,25.00,4.39,0.44,14842,8261493.40,1062
2026-09-15 00:00:00,ANNAPURNA,ANNAPURNA SWADISHT LTD,137.90,138.14,134.06,137.39,137.95,-0.41,4.08,2.96,-0.04,14823,2027487.02,758
2026-09-15 00:00:00,MODIS,MODIS NAVNIRMAN LTD,365.00,365.70,350.10,354.40,365.50,-3.04,15.60,4.27,-0.14,14475,5207479.90,782
2026-09-15 00:00:00,RRIL,R R I L LTD.,16.64,16.64,15.81,15.94,15.99,-0.31,0.83,4.99,4.07,14455,233691.27,108
2026-09-15 00:00:00,TEAMLEASE,TEAMLEASE SERVICES LTD.,1230.10,1241.30,1213.10,1229.60,1241.40,-0.95,28.20,2.29,-0.91,14425,17709571.70,5007
2026-09-15 00:00:00,STARPAPER,STAR PAPER MILLS LTD,172.00,172.00,159.01,160.27,168.44,-4.85,12.99,7.55,2.11,14400,2372841.64,525
2026-09-15 00:00:00,DIGIDRIVE,DIGIDRIVE DISTRIBUTORS L,17.17,17.60,17.12,17.58,17.15,2.51,0.48,2.80,0.12,14370,249833.46,109
2026-09-15 00:00:00,AARON,AARON INDUSTRIES LIMITED,125.00,132.20,120.60,123.18,126.94,-2.96,11.60,9.28,-1.53,14325,1799004.61,525
2026-09-15 00:00:00,NITTAGELA,NITTA GELATIN INDIA LTD.,1625.40,1807.00,1602.20,1693.00,1645.30,2.90,204.80,12.60,-1.21,14085,24308095.60,1511
2026-09-15 00:00:00,MSCI360,360ONEAMC - MSCI360,9.94,10.07,9.75,9.77,9.94,-1.71,0.32,3.22,0.00,13928,137412.71,43
2026-09-15 00:00:00,DVL,DHUNSERI VENTURES LIMITED,286.20,287.90,281.50,282.70,286.20,-1.22,6.40,2.24,0.00,13896,3943701.50,487
2026-09-15 00:00:00,SICAGEN,SICAGEN INDIA LIMITED,54.00,55.95,53.01,53.98,53.53,0.84,2.94,5.44,0.88,13896,746040.80,435
2026-09-15 00:00:00,INNOVISION,INNOVISION LIMITED,260.80,261.00,255.00,255.35,260.35,-1.92,6.00,2.30,0.17,13741,3540172.15,776
2026-09-15 00:00:00,TECILCHEM,TECIL CHEMICALS,9.60,9.60,9.05,9.27,9.60,-3.44,0.55,5.73,0.00,13722,126201.86,57
2026-09-15 00:00:00,RUBYMILLS,THE RUBY MILLS LTD,468.00,468.00,420.60,432.40,455.10,-4.99,47.40,10.13,2.83,13641,5959276.85,1189
2026-09-15 00:00:00,MATRIMONY,MATRIMONY.COM LIMITED,515.90,516.55,492.00,497.80,514.80,-3.30,24.55,4.76,0.21,13536,6804422.95,1075
2026-09-15 00:00:00,LAXMICOT,LAXMI COTSPIN LIMITED,12.89,13.29,12.39,12.63,12.89,-2.02,0.90,6.98,0.00,13495,173053.04,70
2026-09-15 00:00:00,MBLINFRA,MBL INFRASTRUCTURE LTD,22.46,23.68,22.40,22.56,23.00,-1.91,1.28,5.70,-2.35,13462,309513.58,175
2026-09-15 00:00:00,GROWWLOVOL,GROWWAMC - GROWWLOVOL,9.95,10.33,9.95,10.11,10.15,-0.39,0.38,3.82,-1.97,13459,136162.79,207
2026-09-15 00:00:00,SPLIL,SPL INDUSTRIES LIMITED,30.79,30.79,28.55,28.84,30.05,-4.03,2.24,7.28,2.46,13439,399830.11,194
2026-09-15 00:00:00,SOFTTECH,SOFTTECH ENGINEERS LTD,456.10,474.95,452.35,474.95,452.35,5.00,22.60,4.96,0.83,13382,6331456.10,209
2026-09-15 00:00:00,LAHOTIOV,LAHOTI OVERSEAS LTD.,40.60,40.97,39.25,39.28,40.55,-3.13,1.72,4.24,0.12,13284,537570.35,38
2026-09-15 00:00:00,KEEPLEARN,DSJ KEEP LEARNING LTD,1.89,1.92,1.83,1.89,1.89,0.00,0.09,4.76,0.00,13270,24909.62,81
2026-09-15 00:00:00,CORALFINAC,CORAL INDIA FIN & HOUS LT,31.65,33.96,31.65,32.77,32.16,1.90,2.31,7.30,-1.59,13223,433724.18,308
2026-09-15 00:00:00,RADAAN,RADAAN MEDIAWORKS (I) LTD,2.86,2.98,2.83,2.90,2.83,2.47,0.15,5.24,1.06,13131,38005.42,93
2026-09-15 00:00:00,GLFL,GUJARAT LEASE FINANCING L,5.22,5.45,4.97,5.26,5.22,0.77,0.48,9.20,0.00,13041,67538.82,38
2026-09-15 00:00:00,AZADIND,AZAD INDIA MOBILITY LTD.,90.00,90.00,81.50,84.11,87.13,-3.47,8.50,9.44,3.29,13007,1119061.24,434
2026-09-15 00:00:00,PIXTRANS,PIX TRANSMISSIONS LIMITED,1722.20,1757.00,1710.00,1734.00,1722.10,0.69,47.00,2.73,0.01,12970,22362357.80,2006
2026-09-15 00:00:00,CINELINE,CINELINE INDIA LIMITED,97.90,97.90,91.25,91.81,96.31,-4.67,6.65,6.79,1.65,12901,1216030.16,310
2026-09-15 00:00:00,PAGEIND,PAGE INDUSTRIES LTD,35465.00,35510.00,34580.00,34580.00,35365.00,-2.22,930.00,2.62,0.28,12827,448579665.00,7398
2026-09-15 00:00:00,BHARATRAS,BHARAT RASAYAN LTD,1158.00,1170.00,1125.10,1128.90,1157.90,-2.50,44.90,3.88,0.01,12759,14654066.50,2084
2026-09-15 00:00:00,PVSL,POPULAR VEHICLES N SER L,100.13,101.10,97.30,97.93,101.30,-3.33,3.80,3.80,-1.15,12722,1261736.11,692
2026-09-15 00:00:00,MAGNUM,MAGNUM VENTURES LTD.,18.42,19.07,18.41,18.69,18.73,-0.21,0.66,3.58,-1.66,12637,237017.02,122
2026-09-15 00:00:00,LKPSEC,L K P SECURITIES LTD.,15.82,16.50,14.99,15.20,15.82,-3.92,1.51,9.54,0.00,12628,197750.02,308
2026-09-15 00:00:00,SMALLGROWW,GROWWAMC - SMALLGROWW,49.95,50.08,47.67,47.85,49.55,-3.43,2.41,4.82,0.81,12495,607826.26,266
2026-09-15 00:00:00,VSTL,VIBHOR STEEL TUBES LTD,117.25,122.00,114.00,114.88,119.71,-4.03,8.00,6.82,-2.05,12485,1454219.25,559
2026-09-15 00:00:00,AURUS,AURUS GEM CORP LIMITED,4.87,4.99,4.69,4.85,4.89,-0.82,0.30,6.16,-0.41,12400,60167.02,202
2026-09-15 00:00:00,DHATRE,DHATRE UDYOG LTD.,4.40,4.40,4.07,4.29,4.31,-0.46,0.33,7.50,2.09,12333,53418.79,147
2026-09-15 00:00:00,LUMAXIND,LUMAX INDUSTRIES LTD,5879.50,5943.00,5710.50,5766.50,5879.50,-1.92,232.50,3.95,0.00,12304,71592289.00,4181
2026-09-15 00:00:00,COMPUSOFT,COMPUCOM SOFTWARE LTD,12.98,13.15,12.82,12.91,12.90,0.08,0.33,2.54,0.62,12297,159787.40,173
2026-09-15 00:00:00,UNIENTER,UNIPHOS ENTERPRISES LTD,92.00,92.90,88.05,89.22,91.32,-2.30,4.85,5.27,0.74,12219,1102582.10,181
2026-09-15 00:00:00,VIVOBIOT,VIVO BIO TECH LTD.,16.79,17.44,16.00,17.19,17.13,0.35,1.44,8.58,-1.98,12191,209081.32,162
2026-09-15 00:00:00,SHREECEM,SHREE CEMENT LIMITED,22620.00,22660.00,21905.00,21905.00,22570.00,-2.95,755.00,3.34,0.22,12171,270716330.00,6948
2026-09-15 00:00:00,ITAXIS,AXISAMC-ITAXIS,324.38,335.43,324.35,325.36,320.94,1.38,11.08,3.42,1.07,12083,4004234.55,112
2026-09-15 00:00:00,BIL,BHARTIYA INTERNATIONAL,1073.00,1095.50,1025.00,1027.55,1073.00,-4.24,70.50,6.57,0.00,12076,12614688.95,1118
2026-09-15 00:00:00,EXCELINDUS,EXCEL INDUSTRIES LTD,990.60,1002.90,959.80,965.70,980.80,-1.54,43.10,4.35,1.00,12066,11769186.00,1297
2026-09-15 00:00:00,SUMEDHA,SUMEDHA FISCAL SERVICES L,43.49,45.50,41.55,43.09,41.40,4.08,3.95,9.08,5.05,12042,520620.32,305
2026-09-15 00:00:00,STCINDIA,THE STATE TRADING CORPN,112.61,114.43,111.00,111.26,112.60,-1.19,3.43,3.05,0.01,11964,1345918.94,272
2026-09-15 00:00:00,DCMNVL,DCM NOUVELLE LIMITED,180.00,180.00,172.50,172.60,178.77,-3.45,7.50,4.17,0.69,11960,2094155.00,618
2026-09-15 00:00:00,FOSECOIND,FOSECO INDIA LTD,6277.50,6367.50,6100.00,6223.50,6194.50,0.47,267.50,4.26,1.34,11949,74496589.50,3037
2026-09-15 00:00:00,ALICON,ALICON CASTALLOY LIMITED,739.45,739.95,690.00,697.20,733.40,-4.94,49.95,6.76,0.82,11860,8410688.75,1448
2026-09-15 00:00:00,ASIANTNE,ASIAN TEA & EXPORTS LTD.,9.90,9.90,8.22,8.69,9.25,-6.05,1.68,16.97,7.03,11719,105407.29,76
2026-09-15 00:00:00,LORDSCHLO,LORDS CHLORO ALKALI LTD,136.99,138.99,129.68,131.10,137.67,-4.77,9.31,6.80,-0.49,11716,1566131.06,620
2026-09-15 00:00:00,MANORG,MANGALAM ORGANICS LIMITED,468.40,475.00,450.10,454.30,466.45,-2.60,24.90,5.32,0.42,11510,5305031.35,438
2026-09-15 00:00:00,MURUDCERA,MURUDESHWAR CERAMICS LTD,29.74,30.16,29.00,29.00,29.78,-2.62,1.16,3.90,-0.13,11482,335265.01,164
2026-09-15 00:00:00,MUTHOOTCAP,MUTHOOT CAP SERV LTD,226.85,233.79,220.80,222.90,226.85,-1.74,12.99,5.73,0.00,11449,2594633.23,580
2026-09-15 00:00:00,GRINFRA,G R INFRAPROJECTS LIMITED,855.80,857.50,832.00,838.15,855.80,-2.06,25.50,2.98,0.00,11367,9580373.95,2034
2026-09-15 00:00:00,KOVAI,KOVAI MEDICAL CENTER & HO,6111.50,6189.00,5980.50,6019.00,6203.50,-2.97,208.50,3.41,-1.48,11357,68455796.00,2002
2026-09-15 00:00:00,DIAMONDYD,PRATAAP SNACKS LIMITED,1114.50,1150.00,1076.30,1107.40,1108.40,-0.09,73.70,6.61,0.55,11209,12305726.40,1315
2026-09-15 00:00:00,PGHH,P&G HYGIENE & HEALTH CARE,7619.50,7619.50,7475.00,7507.00,7518.00,-0.15,144.50,1.90,1.35,11202,84253273.50,3879
2026-09-15 00:00:00,GILLETTE,GILLETTE INDIA LTD,7310.00,7321.00,7207.00,7248.50,7307.00,-0.80,114.00,1.56,0.04,11161,81168361.50,3507
2026-09-15 00:00:00,GROWWPSUBK,GROWWAMC - GROWWPSUBK,84.78,84.78,81.73,82.08,84.03,-2.32,3.05,3.60,0.89,11159,923529.06,199
2026-09-15 00:00:00,SOMICONVEY,SOMI CONVEYOR BELT. LTD.,92.90,94.45,90.61,91.01,92.93,-2.07,3.84,4.13,-0.03,11112,1026237.21,385
2026-09-15 00:00:00,MEGASTAR,MEGASTAR FOODS LIMITED,266.90,295.00,266.90,285.50,277.50,2.88,28.10,10.53,-3.82,11101,3190828.90,278
2026-09-15 00:00:00,EKI,EKI ENERGY SERVICES LTD,69.00,73.98,69.00,69.50,69.28,0.32,4.98,7.22,-0.40,11049,778096.48,422
2026-09-15 00:00:00,MALUPAPER,MALU PAPER MILLS LIMITED,34.53,35.25,32.92,32.96,34.53,-4.55,2.33,6.75,0.00,11021,369540.13,148
2026-09-15 00:00:00,LGHL,LAXMI GOLDORNA HOUSE LTD,184.78,187.00,175.86,185.11,183.99,0.61,11.14,6.03,0.43,11020,2008461.62,377
2026-09-15 00:00:00,AHLADA,AHLADA ENGINEERS LIMITED,34.85,36.09,34.00,34.99,35.06,-0.20,2.09,6.00,-0.60,10913,381889.85,105
2026-09-15 00:00:00,WATERBASE,WATERBASE LTD.,48.00,48.00,46.00,46.71,46.54,0.37,2.00,4.17,3.14,10908,508234.41,146
2026-09-15 00:00:00,VISACHROME,VISA CHROME LIMITED,34.00,35.89,33.28,33.53,35.03,-4.28,2.61,7.68,-2.94,10883,371944.78,163
2026-09-15 00:00:00,XELPMOC,XELPMOC DESIGN & TECH LTD,77.50,78.15,74.20,74.59,76.03,-1.89,3.95,5.10,1.93,10867,828123.51,330
2026-09-15 00:00:00,LOVABLE,LOVABLE LINGERIE LTD,71.98,71.98,69.69,70.91,71.73,-1.14,2.29,3.18,0.35,10863,770375.68,440
2026-09-15 00:00:00,ALKALI,ALKALI METALS LTD,75.70,78.48,72.22,73.45,77.25,-4.92,6.26,8.27,-2.01,10853,806058.00,290
2026-09-15 00:00:00,ARCHIES,ARCHIES LTD,12.36,12.61,12.23,12.29,12.19,0.82,0.38,3.07,1.39,10834,133503.42,92
2026-09-15 00:00:00,GROWWNXT50,GROWWAMC - GROWWNXT50,71.83,72.58,70.61,71.80,71.83,-0.04,1.97,2.74,0.00,10799,769553.26,193
2026-09-15 00:00:00,INSECTICID,INSECTICIDES (I) LTD,609.70,618.00,591.05,594.80,609.70,-2.44,26.95,4.42,0.00,10796,6465744.85,900
2026-09-15 00:00:00,MONEXT50,MOTILALAMC - MONEXT50,73.34,73.34,69.87,70.14,71.90,-2.45,3.47,4.73,2.00,10781,762389.32,174
2026-09-15 00:00:00,ALPA,ALPA LABORATORIES LTD,62.00,62.80,60.00,60.39,61.69,-2.11,2.80,4.52,0.50,10739,657695.41,311
2026-09-15 00:00:00,ABBOTINDIA,ABBOTT INDIA LIMITED,25690.00,26245.00,25550.00,26125.00,25550.00,2.25,695.00,2.71,0.55,10732,279380630.00,5288
2026-09-15 00:00:00,IVZBANKNF,RELIGARAMC - IVZBANKNF,56.37,56.45,55.70,55.71,55.85,-0.25,0.75,1.33,0.93,10711,604288.02,23
2026-09-15 00:00:00,BAJAJINDEF,INDEF MANUFACTURING LTD,230.59,234.31,220.06,220.69,228.57,-3.45,14.25,6.18,0.88,10651,2389638.65,830
2026-09-15 00:00:00,PGHL,PROCTER & GAMBLE HEALTH L,5405.00,5459.50,5363.50,5408.00,5411.50,-0.06,96.00,1.78,-0.12,10415,56438400.50,2839
2026-09-15 00:00:00,ATAM,ATAM VALVES LIMITED,55.11,56.50,53.61,54.67,55.38,-1.28,2.89,5.24,-0.49,10388,571277.65,315
2026-09-15 00:00:00,HDFCVALUE,HDFCAMC - HDFCVALUE,123.10,123.25,120.89,121.73,122.49,-0.62,2.36,1.92,0.50,10278,1254851.13,153
2026-09-15 00:00:00,AMBIKCO,AMBIKA COTTON MILL LTD.,1594.70,1605.00,1575.00,1579.60,1593.10,-0.85,30.00,1.88,0.10,10233,16239825.50,736
2026-09-15 00:00:00,BCONCEPTS,BRAND CONCEPTS LIMITED,164.00,164.00,152.10,154.24,156.56,-1.48,11.90,7.26,4.75,10173,1573256.49,544
2026-09-15 00:00:00,DHANUKA,DHANUKA AGRITECH LTD,977.80,980.00,953.00,956.50,980.00,-2.40,27.00,2.76,-0.22,10086,9716182.40,1388
2026-09-15 00:00:00,ANSALBU,ANSAL BUILDWELL LTD.,82.00,87.00,79.00,84.00,82.00,2.44,8.00,9.76,0.00,10068,838671.35,120
2026-09-15 00:00:00,3BBLACKBIO,3B BLACKBIO DX LTD.,1423.50,1437.30,1352.00,1355.80,1419.90,-4.51,85.30,5.99,0.25,10026,13906232.70,1458
2026-09-15 00:00:00,ORISSAMINE,ORISSA MIN DEV CO LTD,3980.00,4037.40,3832.80,3877.90,3955.20,-1.95,204.60,5.14,0.63,10016,39337823.40,2238
2026-09-15 00:00:00,DIAMINESQ,DIAMINES & CHEMICALS LTD,263.45,263.45,247.57,251.80,258.27,-2.51,15.88,6.03,2.01,9661,2435977.90,354
2026-09-15 00:00:00,KRITINUT,KRITI NUTRIENTS LIMITED,81.32,82.79,79.51,80.78,80.52,0.32,3.28,4.03,0.99,9657,780783.59,187
2026-09-15 00:00:00,ENIL,ENTERTAIN NET. IND. LTD.,103.80,103.80,99.61,100.40,101.24,-0.83,4.19,4.04,2.53,9593,964320.46,337
2026-09-15 00:00:00,PUNJABCHEM,PUNJAB CHEM & CROP PROT L,1069.00,1079.90,1030.00,1041.20,1065.30,-2.26,49.90,4.67,0.35,9565,10089506.30,1219
2026-09-15 00:00:00,ODIGMA,ODIGMA CONSULTANCY SOL L,22.12,22.44,21.50,22.09,22.23,-0.63,0.94,4.25,-0.49,9536,209510.91,394
2026-09-15 00:00:00,HARRMALAYA,HARRISON MALAYALAM LTD,185.81,190.19,180.00,182.60,185.81,-1.73,10.19,5.48,0.00,9460,1741704.52,540
2026-09-15 00:00:00,BAYERCROP,BAYER CROPSCIENCE LTD,3998.90,3999.00,3930.00,3941.10,3974.10,-0.83,69.00,1.73,0.62,9354,36971093.30,2476
2026-09-15 00:00:00,REPRO,REPRO INDIA LIMITED,312.90,314.60,285.20,296.40,309.50,-4.23,29.40,9.40,1.10,9288,2793137.90,537
2026-09-15 00:00:00,ELANTAS,ELANTAS BECK INDIA LTD.,14890.00,14890.00,13125.00,13481.00,14513.00,-7.11,1765.00,11.85,2.60,9233,127329049.00,4194
2026-09-15 00:00:00,AROGRANITE,ARO GRANITE IND. LTD.,23.38,24.74,22.81,22.98,23.38,-1.71,1.93,8.25,0.00,9200,213334.67,115
2026-09-15 00:00:00,NAHARPOLY,NAHAR POLY FILMS LIMITED,231.87,234.76,225.00,226.24,231.87,-2.43,9.76,4.21,0.00,9176,2093354.37,370
2026-09-15 00:00:00,BALKRISHNA,BALKRISHNA PAPER MILLS L,16.60,17.20,16.02,16.73,16.10,3.91,1.18,7.11,3.11,9171,153907.44,78
2026-09-15 00:00:00,MAHESHWARI,MAHESHWARI LOGISTICS LTD.,71.20,73.99,70.30,70.30,70.71,-0.58,3.69,5.18,0.69,9099,648641.87,51
2026-09-15 00:00:00,BANSWRAS,BANSWARA SYNTEX LIMITED,114.97,114.97,109.00,110.03,112.84,-2.49,5.97,5.19,1.89,9076,1006138.90,296
2026-09-15 00:00:00,KAMAHOLD,KAMA HOLDINGS LTD.,2273.50,2299.90,2250.00,2269.70,2273.50,-0.17,49.90,2.19,0.00,8835,20066853.80,2562
2026-09-15 00:00:00,TNTELE,TAMILNADU TELECOMMUNICATI,9.14,9.14,8.42,8.92,8.94,-0.22,0.72,7.88,2.24,8615,76179.92,139
2026-09-15 00:00:00,HGS,HINDUJA GLOBAL SOLS. LTD.,381.45,391.50,380.05,381.60,381.45,0.04,11.45,3.00,0.00,8605,3311904.90,623
2026-09-15 00:00:00,LAGNAM,LAGNAM SPINTEX LIMITED,72.90,74.90,70.40,71.15,72.56,-1.94,4.50,6.17,0.47,8595,628405.73,99
2026-09-15 00:00:00,LICNMID100,LICNAMC - LICNMID100,63.48,63.48,60.62,60.99,62.80,-2.88,2.86,4.51,1.08,8554,529600.09,169
2026-09-15 00:00:00,MOIPO,MOTILALAMC - MOIPO,48.70,48.73,47.25,47.59,48.70,-2.28,1.48,3.04,0.00,8532,408984.02,70
2026-09-15 00:00:00,BELLACASA,BELLA CASA FASH AND RET L,262.86,262.86,247.00,252.67,256.52,-1.50,15.86,6.03,2.47,8516,2144538.74,386
2026-09-15 00:00:00,NGIL,NAKODA GROUP OF IND. LTD,33.42,34.10,32.30,33.01,33.42,-1.23,1.80,5.39,0.00,8373,278341.20,73
2026-09-15 00:00:00,KRYSTAL,KRYSTAL INTEGRATED SER L,623.60,623.60,604.00,607.80,614.45,-1.08,19.60,3.14,1.49,8328,5097857.75,659
2026-09-15 00:00:00,INTENTECH,INTENSE TECHNOLOGIES LTD,78.00,80.28,77.01,77.76,78.53,-0.98,3.27,4.19,-0.67,8255,649127.44,287
2026-09-15 00:00:00,BIRLANU,BIRLANU LIMITED,1448.40,1459.00,1385.90,1395.50,1448.40,-3.65,73.10,5.05,0.00,8252,11650329.40,1240
2026-09-15 00:00:00,MONIFTY100,MOTILALAMC - MONIFTY100,24.16,25.02,24.16,24.48,24.78,-1.21,0.86,3.56,-2.50,8248,203248.85,108
2026-09-15 00:00:00,JOCIL,JOCIL LIMITED,145.40,149.90,140.70,142.39,149.89,-5.00,9.20,6.33,-3.00,8184,1188236.21,260
2026-09-15 00:00:00,SUNRAKSHAK,SUNRAKSHAKK INDUS IND L,375.00,378.90,350.10,362.45,377.05,-3.87,28.80,7.68,-0.54,8173,3027793.60,351
2026-09-15 00:00:00,AMBICAAGAR,AMBICA AGAR & AROMAINDLTD,24.87,25.48,24.87,24.94,24.99,-0.20,0.61,2.45,-0.48,8112,203448.20,133
2026-09-15 00:00:00,HAVISHA,SRI HAVISHA HOSP & INFR L,1.36,1.36,1.30,1.31,1.34,-2.24,0.06,4.41,1.49,8098,10662.64,87
2026-09-15 00:00:00,KREBSBIO,KREBS BIOCHEMICALS & IND,58.50,59.50,56.03,56.27,58.72,-4.17,3.47,5.93,-0.37,7980,456343.72,123
2026-09-15 00:00:00,PNC,PRITISH NANDY COMMUNICATI,17.35,17.35,16.10,16.38,16.50,-0.73,1.25,7.20,5.15,7941,131340.14,139
2026-09-15 00:00:00,BLUEDART,BLUE DART EXPRESS LTD,4842.00,4889.40,4791.00,4843.50,4830.90,0.26,98.40,2.03,0.23,7941,38374287.40,2288
2026-09-15 00:00:00,ENIFTY,EDELAMC - ENIFTY,24.22,24.22,23.03,23.43,23.63,-0.85,1.19,4.91,2.50,7916,186069.19,81
2026-09-15 00:00:00,AFSL,ABANS FINANCIAL SRVCS LTD,201.95,202.50,201.00,201.03,201.00,0.01,1.50,0.74,0.47,7901,1588559.64,98
2026-09-15 00:00:00,TGBHOTELS,TGB BANQUETS&HOTELS LTD,9.51,9.87,9.31,9.70,9.70,0.00,0.56,5.89,-1.96,7842,75514.05,53
2026-09-15 00:00:00,MODINATUR,MODI NATURALS LIMITED,343.70,347.90,336.25,338.00,339.70,-0.50,11.65,3.39,1.18,7810,2657516.45,238
2026-09-15 00:00:00,QNIFTY,QUANTUM NIFTY 50 ETF,260.19,260.40,255.00,255.81,258.90,-1.19,5.40,2.08,0.50,7801,2000780.18,234
2026-09-15 00:00:00,JYOTIRES,JYOTI RESINS & ADHESIVE L,862.00,875.00,840.00,843.50,867.85,-2.81,35.00,4.06,-0.67,7780,6601963.15,991
2026-09-15 00:00:00,BRAHMINFRA,BRAHMAPUTRA INFRA L,157.04,157.04,148.80,151.60,157.35,-3.65,8.24,5.25,-0.20,7774,1194616.49,220
2026-09-15 00:00:00,SANOFICONR,SANOFI CONS HEALTHC IND L,4023.40,4112.00,3978.00,4055.30,4023.40,0.79,134.00,3.33,0.00,7742,31276910.00,2462
2026-09-15 00:00:00,NGLFINE,NGL FINE CHEM LIMITED,2657.20,2690.90,2541.50,2581.80,2657.20,-2.84,149.40,5.62,0.00,7736,20190241.10,1607
2026-09-15 00:00:00,KOTHARIPRO,KOTHARI PRODUCTS LTD,65.78,67.61,65.00,65.03,65.78,-1.14,2.61,3.97,0.00,7715,502890.71,140
2026-09-15 00:00:00,GLOBALVECT,GLOBAL VEC HELICORP LTD,136.00,136.00,129.00,129.84,132.17,-1.76,7.00,5.15,2.90,7660,1002937.04,417
2026-09-15 00:00:00,CROWN,CROWN LIFTERS LIMITED,113.67,114.50,106.05,106.83,112.55,-5.08,8.45,7.43,1.00,7616,829368.07,206
2026-09-15 00:00:00,BCPL,BCPL RAILWAY INFRA LTD,70.36,70.88,67.21,68.27,70.01,-2.49,3.67,5.22,0.50,7601,520934.44,222
2026-09-15 00:00:00,SHRADDHA,SHRADDHA PRIME PROJECTS L,151.00,154.53,148.10,151.89,152.67,-0.51,6.43,4.26,-1.09,7567,1138503.21,65
2026-09-15 00:00:00,VIRAT,VIRAT INDUSTRIES LTD.,463.95,463.95,406.35,421.60,450.05,-6.32,57.60,12.42,3.09,7551,3331033.85,189
2026-09-15 00:00:00,3PLAND,3P LAND HOLDINGS LIMITED,31.25,32.30,29.50,30.80,31.24,-1.41,2.80,8.96,0.03,7541,235667.79,208
2026-09-15 00:00:00,HEADSUP,HEADS UP VENTURES LIMITED,7.15,7.45,6.88,6.98,6.99,-0.14,0.57,7.97,2.29,7511,53474.37,118
2026-09-15 00:00:00,SWARAJENG,SWARAJ ENGINES LTD,3579.00,3599.00,3549.00,3569.20,3576.00,-0.19,50.00,1.40,0.08,7502,26768659.70,1893
2026-09-15 00:00:00,KRISHIVAL,KRISHIVAL FOODS LIMITED,420.65,421.10,418.00,419.50,419.95,-0.11,3.10,0.74,0.17,7459,3132978.65,291
2026-09-15 00:00:00,MSCIINDIA,KOTAKMAMC - MSCIINDIA,29.11,29.48,28.80,28.89,29.11,-0.76,0.68,2.34,0.00,7421,215369.11,179
2026-09-15 00:00:00,BAJAJST,BAJAJ STEEL INDS. LTD.,370.00,370.00,363.10,365.30,365.65,-0.10,6.90,1.86,1.19,7410,2711512.15,376
2026-09-15 00:00:00,AMAL,AMAL LTD.,739.00,739.40,702.65,713.30,738.70,-3.44,36.75,4.97,0.04,7292,5241751.75,787
2026-09-15 00:00:00,TFL,TRANSWARRANTY FIN. LTD.,11.80,12.50,11.71,11.90,11.80,0.85,0.79,6.69,0.00,7273,85777.12,62
2026-09-15 00:00:00,PVTBANK,KOTAKMAMC - PVTBANK,27.65,27.65,27.26,27.28,27.53,-0.91,0.39,1.41,0.44,7206,196845.53,25
2026-09-15 00:00:00,VINYLINDIA,VINYL CHEMICALS (I) LTD.,220.21,226.00,218.00,218.59,219.93,-0.61,8.00,3.63,0.13,7205,1591241.68,234
2026-09-15 00:00:00,VSTTILLERS,VST TILLERS TRACTORS LTD,4030.10,4085.00,4009.40,4030.30,4042.90,-0.31,75.60,1.88,-0.32,7195,29142517.90,1898
2026-09-15 00:00:00,TREJHARA,TREJHARA SOLUTIONS LTD,143.50,144.90,135.10,137.10,143.02,-4.14,9.80,6.83,0.34,7177,1005506.29,299
2026-09-15 00:00:00,NATHBIOGEN,NATH BIO-GENES (I) LTD,147.78,150.00,146.00,146.81,147.78,-0.66,4.00,2.71,0.00,7164,1059948.22,219
2026-09-15 00:00:00,DIVIDEND,MIRAEAMC - DIVIDEND,35.16,35.26,34.67,34.71,34.86,-0.43,0.59,1.68,0.86,7148,248989.37,82
2026-09-15 00:00:00,IWP,INDIAN WOOD PRODUCTS CO L,36.00,36.00,34.10,34.85,34.41,1.28,1.90,5.28,4.62,7145,248040.84,127
2026-09-15 00:00:00,KNAGRI,KN AGRI RESOURCES LIMITED,196.50,196.70,191.75,192.52,193.74,-0.63,4.95,2.52,1.42,6861,1318821.78,140
2026-09-15 00:00:00,AUSTENG,AUSTIN ENGINEERING CO. L,130.00,139.00,122.08,127.31,135.29,-5.90,16.92,13.02,-3.91,6842,866500.11,194
2026-09-15 00:00:00,HDFCGROWTH,HDFCAMC - HDFCGROWTH,115.87,117.16,115.30,115.75,115.87,-0.10,1.86,1.61,0.00,6778,786759.35,172
2026-09-15 00:00:00,VITAL,VITAL CHEMTECH LIMITED,55.65,55.65,52.87,53.76,55.65,-3.40,2.78,5.00,0.00,6752,360055.19,44
2026-09-15 00:00:00,ARIHANT,ARIHANT FOUN & HOU LTD,949.15,960.00,841.40,858.80,887.75,-3.26,118.60,12.50,6.92,6740,6033252.00,638
2026-09-15 00:00:00,ABCOTS,A B COTSPIN INDIA LIMITED,200.70,213.59,200.70,206.04,203.06,1.47,12.89,6.42,-1.16,6697,1396244.24,291
2026-09-15 00:00:00,NAHARCAP,NAHAR CAP & FIN.,260.60,261.90,248.00,252.65,258.90,-2.41,13.90,5.33,0.66,6628,1679412.60,150
2026-09-15 00:00:00,TUTIALKA,TUTICORIN ALKAL CH & FE L,60.79,60.79,58.85,59.78,59.19,1.00,1.94,3.19,2.70,6626,395249.86,84
2026-09-15 00:00:00,SUNCLAY,SUNDARAM CLAYTON LIMITED,1318.90,1318.90,1239.00,1250.20,1298.30,-3.70,79.90,6.06,1.59,6584,8309216.00,1285
2026-09-15 00:00:00,CINEVISTA,CINEVISTA LIMITED,14.50,14.96,14.06,14.08,14.23,-1.05,0.90,6.21,1.90,6564,93174.67,93
2026-09-15 00:00:00,GRANDOAK,GRAND OAK CANYONS DIST L,35.50,36.80,33.41,34.89,35.16,-0.77,3.39,9.55,0.97,6532,227013.71,48
2026-09-15 00:00:00,ECORECO,ECO RECYCLING LTD.,444.00,444.00,424.00,427.40,435.50,-1.86,20.00,4.50,1.95,6437,2770179.50,747
2026-09-15 00:00:00,RVHL,RAVINDER HEIGHTS LIMITED,40.43,40.43,38.37,39.16,39.46,-0.76,2.06,5.10,2.46,6411,250220.02,99
2026-09-15 00:00:00,SGL,STL GLOBAL LIMITED,9.82,10.01,9.75,9.82,9.73,0.92,0.26,2.65,0.92,6382,62671.10,67
2026-09-15 00:00:00,GROWWPSE,GROWWAMC - GROWWPSE,96.31,99.00,95.70,96.11,98.28,-2.21,3.30,3.43,-2.00,6296,607914.85,182
2026-09-15 00:00:00,CREST,CREST VENTURES LIMITED,350.50,357.95,347.50,354.65,355.25,-0.17,10.45,2.98,-1.34,6243,2204677.35,160
2026-09-15 00:00:00,TAINWALCHM,TAINWALA CHEMICAL AND PLA,214.00,214.00,205.00,205.00,207.79,-1.34,9.00,4.21,2.99,6228,1287331.14,48
2026-09-15 00:00:00,MOHITIND,MOHIT INDUSTRIES LTD,24.10,24.10,22.65,23.68,23.23,1.94,1.45,6.02,3.75,6206,146528.23,60
2026-09-15 00:00:00,UNITEDTEA,UNITED NILGIRI TEA LTD,426.05,438.50,415.10,425.65,432.95,-1.69,23.40,5.49,-1.59,6153,2608008.20,252
2026-09-15 00:00:00,SEJALLTD,SEJAL GLASS LIMITED,663.20,663.20,616.50,618.35,646.30,-4.32,46.70,7.04,2.61,6101,3843817.20,596
2026-09-15 00:00:00,ACEINTEG,ACE INTEGRATED SOLU. LTD.,17.54,18.37,17.51,17.75,17.62,0.74,0.86,4.90,-0.45,6074,107595.24,82
2026-09-15 00:00:00,DICIND,DIC INDIA LIMITED,602.15,628.70,586.30,593.15,602.10,-1.49,42.40,7.04,0.01,6058,3719213.20,314
2026-09-15 00:00:00,GFSTEELS,GRAND FOUNDRY LTD,21.99,21.99,21.99,21.99,20.95,4.96,0.00,0.00,4.96,6049,133017.51,12
2026-09-15 00:00:00,TVSHLTD,TVS HOLDINGS LIMITED,12991.00,13009.00,12402.00,12488.00,13024.00,-4.12,607.00,4.67,-0.25,6044,76615536.00,2879
2026-09-15 00:00:00,BONLON,BONLON INDUSTRIES LIMITED,40.10,40.99,36.25,38.56,40.10,-3.84,4.74,11.82,0.00,6018,232449.00,207
2026-09-15 00:00:00,MOSERVICE,MOTILALAMC - MOSERVICE,30.94,30.94,29.90,30.00,30.33,-1.09,1.04,3.36,2.01,5995,180209.39,82
2026-09-15 00:00:00,EMAMIREAL,EMAMI REALTY LIMITED,68.10,69.90,67.05,67.45,69.80,-3.37,2.85,4.19,-2.44,5992,408676.62,96
2026-09-15 00:00:00,INSPIRISYS,INSPIRISYS SOLUTIONS LTD,84.05,88.00,81.35,81.78,85.43,-4.27,6.65,7.91,-1.62,5846,485492.67,97
2026-09-15 00:00:00,MODTHREAD,MODERN THREADS INDIA LTD,52.98,53.00,51.11,52.13,52.92,-1.49,1.89,3.57,0.11,5839,304828.69,120
2026-09-15 00:00:00,ALBERTDAVD,ALBERT DAVID LIMITED,844.55,862.85,832.00,851.90,844.35,0.89,30.85,3.65,0.02,5779,4895796.85,539
2026-09-15 00:00:00,SUDARCOLOR,SUDARSHAN COLORNT IND LTD,376.00,388.70,374.00,375.10,378.40,-0.87,14.70,3.91,-0.63,5728,2166404.70,302
2026-09-15 00:00:00,ESABINDIA,ESAB INDIA LTD,5860.00,5886.50,5736.50,5751.00,5884.00,-2.26,150.00,2.56,-0.41,5649,32613146.00,1618
2026-09-15 00:00:00,ARVEE,ARVEE LABORATORIES I LTD,177.10,180.00,168.00,168.60,180.69,-6.69,12.00,6.78,-1.99,5648,970129.01,244
2026-09-15 00:00:00,TCPLPACK,TCPL PACKAGING LIMITED,3879.30,3879.30,3657.50,3692.10,3871.00,-4.62,221.80,5.72,0.21,5613,21117174.40,1343
2026-09-15 00:00:00,HINDADH,HINDUSTAN ADHESIVES LTD.,369.10,376.00,354.10,371.95,369.10,0.77,21.90,5.93,0.00,5611,2081448.60,158
2026-09-15 00:00:00,TRITONV,TRITON VALVES LTD.,1092.10,1092.10,1040.00,1051.50,1092.10,-3.72,52.10,4.77,0.00,5609,6021681.10,725
2026-09-15 00:00:00,TVSSRICHAK,TVS SRICHAKRA LIMITED,5164.00,5164.00,4940.50,4960.50,5146.00,-3.60,223.50,4.33,0.35,5607,28039667.50,1959
2026-09-15 00:00:00,RKDL,RAVI KUMAR DIST. LTD.,18.10,18.69,17.62,18.00,18.06,-0.33,1.07,5.91,0.22,5592,100924.36,82
2026-09-15 00:00:00,HGM,HANDSON GBL MNGMNT LTD,48.49,48.49,45.99,46.77,48.68,-3.92,2.50,5.16,-0.39,5577,263430.33,104
2026-09-15 00:00:00,GILT5BETA,UTIAMC-GILT5BETA,67.75,67.75,65.65,65.66,66.41,-1.13,2.10,3.10,2.02,5511,366737.26,18
2026-09-15 00:00:00,KRITI,KRITI INDUSTRIES IND LTD,64.00,64.00,60.60,61.60,61.40,0.33,3.40,5.31,4.23,5506,343231.87,71
2026-09-15 00:00:00,ZODIACLOTH,ZODIAC CLOTHING CO. LTD.,70.67,70.67,68.00,69.67,69.54,0.19,2.67,3.78,1.62,5490,380219.87,117
2026-09-15 00:00:00,LINC,LINC LIMITED,95.12,97.41,94.00,95.02,95.61,-0.62,3.41,3.58,-0.51,5415,519613.15,303
2026-09-15 00:00:00,SUNDROP,SUNDROP BRANDS LIMITED,662.05,666.05,653.00,653.40,662.00,-1.30,13.05,1.97,0.01,5387,3537660.60,477
2026-09-15 00:00:00,ABANSENT,ABANS ENTERPRISES LTD.,28.09,28.60,26.81,27.83,28.09,-0.93,1.79,6.37,0.00,5280,145798.76,77
2026-09-15 00:00:00,AARVI,AARVI ENCON LIMITED,141.10,145.45,140.81,141.39,141.85,-0.32,4.64,3.29,-0.53,5231,739452.76,206
2026-09-15 00:00:00,HEXATRADEX,HEXA TRADEX LIMITED,156.26,158.50,155.99,156.06,155.81,0.16,2.51,1.61,0.29,5215,814224.04,54
2026-09-15 00:00:00,NBIFIN,N.B.I. IND. FIN. CO. LTD,2020.00,2020.00,1966.10,1978.50,2020.00,-2.05,53.90,2.67,0.00,5209,10279468.90,77
2026-09-15 00:00:00,ACCELYA,ACCELYA SOLN INDIA LTD,1120.00,1126.00,1108.00,1112.20,1118.40,-0.55,18.00,1.61,0.14,5132,5730205.00,638
2026-09-15 00:00:00,CHEMCRUX,CHEMCRUX ENTERPRISES LTD.,82.10,84.00,79.80,80.23,82.40,-2.63,4.20,5.12,-0.36,5107,411132.22,176
2026-09-15 00:00:00,MLKFOOD,MILKFOOD LTD.,80.64,83.00,75.00,78.84,80.64,-2.23,8.00,9.92,0.00,5091,397412.91,153
2026-09-15 00:00:00,SENSEXADD,DSPAMC - DSPSENXETF,77.59,77.59,76.62,76.77,77.35,-0.75,0.97,1.25,0.31,5048,387203.82,43
2026-09-15 00:00:00,AUSOMENT,AUSOM ENTERPRISE LIMITED,153.90,156.50,151.45,151.73,152.59,-0.56,5.05,3.28,0.86,5047,774310.56,116
2026-09-15 00:00:00,KHAITANLTD,KHAITAN (INDIA)LTD.,166.00,166.00,156.50,158.94,162.51,-2.20,9.50,5.72,2.15,5040,804651.83,195
2026-09-15 00:00:00,RVTH,REVATHI EQUIPMENT INDIA L,740.95,740.95,613.50,680.50,740.95,-8.16,127.45,17.20,0.00,4976,3334435.80,361
2026-09-15 00:00:00,BBTCL,B&B TRIPLEWALL CONT LTD,232.79,232.79,221.35,224.92,227.51,-1.14,11.44,4.91,2.32,4937,1126264.20,317
2026-09-15 00:00:00,MOINFRA,MOTILALAMC - MOINFRA,58.25,58.50,57.26,57.41,58.73,-2.25,1.24,2.13,-0.82,4927,284743.50,131
2026-09-15 00:00:00,MKEXIM,M K EXIM (INDIA) LTD.,66.90,66.90,61.50,64.52,64.99,-0.72,5.40,8.07,2.94,4900,311074.63,159
2026-09-15 00:00:00,PRITI,PRITI INTERNATIONAL LTD,33.00,35.00,33.00,33.52,33.14,1.15,2.00,6.06,-0.42,4850,162760.86,90
2026-09-15 00:00:00,MAKERSL,MAKERS LABORATORIES LTD.,184.95,187.20,171.36,173.77,185.87,-6.51,15.84,8.56,-0.49,4843,862178.72,229
2026-09-15 00:00:00,THEINVEST,THE INVEST TRUST OF IND L,96.51,99.00,95.44,96.18,96.80,-0.64,3.56,3.69,-0.30,4818,470925.11,88
2026-09-15 00:00:00,UNIINFO,UNIINFO TELECOM SERVI LTD,10.99,11.44,10.94,11.38,10.94,4.02,0.50,4.55,0.46,4784,54180.18,39
2026-09-15 00:00:00,SURYALAXMI,SURYALAKSHMI COT MIL LTD,59.00,59.00,53.45,55.46,56.28,-1.46,5.55,9.41,4.83,4782,263285.49,238
2026-09-15 00:00:00,SHREYANIND,SHREYANS INDUSTRIES LTD,134.12,134.12,125.12,126.17,132.80,-4.99,9.00,6.71,0.99,4777,613824.65,161
2026-09-15 00:00:00,CREATIVEYE,CREATIVE EYE LIMITED,5.88,5.88,5.71,5.74,5.72,0.35,0.17,2.89,2.80,4750,27373.37,75
2026-09-15 00:00:00,ARIHANTSUP,ARIHANT SUPERSTRUCT LTD,216.00,219.90,210.00,213.95,218.45,-2.06,9.90,4.58,-1.12,4749,1023715.90,255
2026-09-15 00:00:00,ALUFLUOR,ALUFLUORIDE LTD.,487.40,495.00,487.40,492.55,487.40,1.06,7.60,1.56,0.00,4714,2318055.45,180
2026-09-15 00:00:00,PHOENXINTL,PHOENIX INTERNATIONAL LTD,29.86,29.86,27.50,28.40,29.85,-4.86,2.36,7.90,0.03,4669,132472.75,91
2026-09-15 00:00:00,KARMAENG,KARMA ENERGY LIMITED,40.00,40.00,37.27,37.29,39.63,-5.90,2.73,6.82,0.93,4644,177162.96,101
2026-09-15 00:00:00,SUMMITSEC,SUMMIT SECURITIES LTD,1423.30,1426.50,1390.00,1393.60,1409.20,-1.11,36.50,2.56,1.00,4644,6514048.50,459
2026-09-15 00:00:00,ACL,ANDHRA CEMENTS LIMITED,41.85,43.50,41.85,42.55,42.70,-0.35,1.65,3.94,-1.99,4611,196787.23,218
2026-09-15 00:00:00,JUBLCPL,JUBILANT AGRI N CON PRO L,2106.00,2151.90,2079.00,2082.00,2105.80,-1.13,72.90,3.46,0.01,4591,9663890.10,736
2026-09-15 00:00:00,MAHSCOOTER,MAHARASHTRA SCOOTERS LTD,13027.00,13230.00,12750.00,12882.00,12964.00,-0.63,480.00,3.68,0.49,4586,59228258.00,1667
2026-09-15 00:00:00,SUNSHIEL,SUNSHIELD CHEMICALS LTD.,1219.00,1275.40,1201.00,1209.30,1200.20,0.76,74.40,6.10,1.57,4496,5593301.30,666
2026-09-15 00:00:00,PALREDTEC,PALRED TECHNOLOGIES LTD,52.00,54.34,49.75,49.81,52.00,-4.21,4.59,8.83,0.00,4452,228795.44,72
2026-09-15 00:00:00,HESTERBIO,HESTER BIOSCIENCES LTD,2271.00,2299.00,2151.50,2171.80,2264.90,-4.11,147.50,6.49,0.27,4443,9836049.10,952
2026-09-15 00:00:00,NITIRAJ,NITIRAJ ENGINEERS LTD,235.00,236.00,224.50,225.91,233.25,-3.15,11.50,4.89,0.75,4441,1006421.13,120
2026-09-15 00:00:00,NEXT30ADD,DSPAMC - NEXT30ADD,42.60,42.60,41.47,41.59,42.39,-1.89,1.13,2.65,0.50,4424,185037.70,119
2026-09-15 00:00:00,SUPERHOUSE,SUPERHOUSE LIMITED,171.49,177.90,169.00,169.83,169.66,0.10,8.90,5.19,1.08,4382,753845.14,270
2026-09-15 00:00:00,SAGARDEEP,SAGARDEEP ALLOYS LIMITED,23.79,23.79,23.52,23.65,23.79,-0.59,0.27,1.13,0.00,4366,103398.91,57
2026-09-15 00:00:00,MAHAPEXLTD,MAHA RASHTRA APEX COPR. L,54.57,56.60,53.10,53.15,54.57,-2.60,3.50,6.41,0.00,4322,235632.02,148
2026-09-15 00:00:00,PRIMESECU,PRIME SECURITIES LIMITED,280.20,281.00,275.40,277.50,283.05,-1.96,5.60,2.00,-1.01,4273,1195685.50,101
2026-09-15 00:00:00,SOMATEX,SOMA TEXTILES & INDUST LT,84.05,84.52,81.00,81.62,84.52,-3.43,3.52,4.19,-0.56,4172,340396.56,147
2026-09-15 00:00:00,HDFCNIMEG,HDFCAMC - HDFCNIMEG,130.37,143.40,126.50,136.31,130.37,4.56,16.90,12.96,0.00,4153,535136.31,123
2026-09-15 00:00:00,MOLOWVOL,MOTILALAMC - MOLOWVOL,35.33,35.59,34.95,34.96,35.33,-1.05,0.64,1.81,0.00,4112,144417.01,75
2026-09-15 00:00:00,JENBURPH,JENBURKT PHARMACEUTICAL L,991.20,1018.30,971.00,974.10,1003.90,-2.97,47.30,4.77,-1.27,4111,4069232.80,246
2026-09-15 00:00:00,DGCONTENT,DIGICONTENT LIMITED,23.88,24.66,23.65,23.74,24.12,-1.58,1.01,4.23,-1.00,4109,97699.32,122
2026-09-15 00:00:00,APCL,ANJANI PORTLAND CEM LTD,100.00,100.00,98.00,99.40,98.16,1.26,2.00,2.00,1.87,4097,407136.93,45
2026-09-15 00:00:00,CERA,CERA SANITARYWARE LTD,5588.00,5620.00,5558.00,5572.00,5587.50,-0.28,62.00,1.11,0.01,4096,22817057.50,972
2026-09-15 00:00:00,LARGEMID50,MIRAEAMC - LARGEMID50,35.85,35.85,35.03,35.06,35.69,-1.77,0.82,2.29,0.45,3975,140313.09,70
2026-09-15 00:00:00,REGENCERAM,REGENCY CERAMICS LTD.,34.78,36.00,33.46,34.00,34.10,-0.29,2.54,7.30,1.99,3945,134966.61,100
2026-09-15 00:00:00,MOPSE,MOTILALAMC - MOPSE,97.10,103.00,96.90,99.10,99.27,-0.17,6.10,6.28,-2.19,3900,380419.65,62
2026-09-15 00:00:00,MOM50,MOTILAL OSWAL M50 ETF,251.82,251.82,242.90,243.41,246.88,-1.41,8.92,3.54,2.00,3874,947664.77,261
2026-09-15 00:00:00,TASTYBITE,TASTY BITE EATABLES LTD,10275.00,10386.00,9900.00,9927.00,10273.00,-3.37,486.00,4.73,0.02,3830,38416430.00,1041
2026-09-15 00:00:00,NINSYS,NINTEC SYSTEMS LIMITED,725.00,725.00,700.05,710.75,710.70,0.01,24.95,3.44,2.01,3821,2708808.90,616
2026-09-15 00:00:00,BANARBEADS,BANARAS BEADS LTD,111.90,115.00,110.35,110.92,107.56,3.12,4.65,4.16,4.03,3820,429357.10,165
2026-09-15 00:00:00,AUTOAXLES,AUTOMOTIVE AXLES LIMITED,1685.00,1715.90,1655.10,1661.60,1678.00,-0.98,60.80,3.61,0.42,3806,6386048.60,640
2026-09-15 00:00:00,DHRUV,DHRUV CONSULTANCY SER LTD,22.00,22.93,21.50,22.14,21.84,1.37,1.43,6.50,0.73,3779,83333.44,51
2026-09-15 00:00:00,EMPIND,EMPIRE INDUSTRIES LTD.,1049.00,1056.00,1020.10,1038.30,1054.00,-1.49,35.90,3.42,-0.47,3778,3925040.60,498
2026-09-15 00:00:00,GANDHITUBE,GANDHI SPL. TUBES LTD,887.75,887.75,870.05,871.20,887.75,-1.86,17.70,1.99,0.00,3736,3280011.10,305
2026-09-15 00:00:00,GILLANDERS,GILLANDERS ARBUTHNOT LTD,109.00,109.00,101.02,102.91,103.58,-0.65,7.98,7.32,5.23,3729,384023.60,184
2026-09-15 00:00:00,JAIPURKURT,NANDANI CREATION LIMITED,26.15,26.15,24.30,24.88,25.57,-2.70,1.85,7.07,2.27,3714,92298.15,67
2026-09-15 00:00:00,MALLCOM,MALLCOM (INDIA) LIMITED,959.05,959.05,905.15,911.95,952.15,-4.22,53.90,5.62,0.72,3685,3450630.25,425
2026-09-15 00:00:00,BEDMUTHA,BEDMUTHA INDUST LTD,108.79,108.79,103.50,104.42,103.94,0.46,5.29,4.86,4.67,3658,386494.55,84
2026-09-15 00:00:00,RELIABLE,RELIABLE DATA SERVICE LTD,139.10,139.10,133.50,134.92,137.04,-1.55,5.60,4.03,1.50,3657,495479.74,369
2026-09-15 00:00:00,PKTEA,THE P K TEA PROD CO LTD,1121.75,1121.75,1009.60,1024.60,1121.75,-8.66,112.15,10.00,0.00,3649,3856398.40,436
2026-09-15 00:00:00,INDOKEM,INDOKEM LTD.,644.00,644.00,596.00,611.70,613.85,-0.35,48.00,7.45,4.91,3603,2206037.70,326
2026-09-15 00:00:00,MERCANTILE,MERCANTILE VENTURES LTD.,23.85,24.98,21.00,22.02,23.86,-7.71,3.98,16.69,-0.04,3578,82240.37,67
2026-09-15 00:00:00,WORTHPERI,WORTH PERIPHERALS LIMITED,144.36,147.98,141.37,142.83,145.82,-2.05,6.61,4.58,-1.00,3575,516329.95,112
2026-09-15 00:00:00,HECPROJECT,HEC INFRA PROJECTS LTD,121.49,121.49,116.31,117.53,119.04,-1.27,5.18,4.26,2.06,3554,421794.74,98
2026-09-15 00:00:00,ABSL10BANK,BIRLASLAMC - ABSL10BANK,170.90,170.90,164.00,165.51,167.34,-1.09,6.90,4.04,2.13,3511,580009.88,35
2026-09-15 00:00:00,VGCL,VIBRANT GLOBAL CAPITAL L,50.00,52.00,49.90,51.50,50.00,3.00,2.10,4.20,0.00,3504,175209.91,23
2026-09-15 00:00:00,SHILGRAVQ,SHILP GRAVURES LTD.,164.00,168.90,158.00,159.62,163.94,-2.64,10.90,6.65,0.04,3504,572099.09,88
2026-09-15 00:00:00,HEALTHAXIS,AXISAMC-HEALTHAXIS,168.42,170.70,166.00,166.40,168.42,-1.20,4.70,2.79,0.00,3445,574317.70,145
2026-09-15 00:00:00,BSHSL,BOMBAY SUPER HYBRID SEEDS,89.99,89.99,83.40,85.42,88.80,-3.81,6.59,7.32,1.34,3443,296662.06,170
2026-09-15 00:00:00,TIPSFILMS,TIPS FILMS LIMITED,332.40,332.40,317.00,319.40,327.50,-2.47,15.40,4.63,1.50,3349,1077630.10,188
2026-09-15 00:00:00,PRECOT,PRECOT LIMITED,661.00,689.00,648.00,656.10,658.30,-0.33,41.00,6.20,0.41,3291,2189214.95,202
2026-09-15 00:00:00,ADL,ARCHIDPLY DECOR LIMITED,75.90,83.00,69.71,71.16,71.54,-0.53,13.29,17.51,6.09,3183,242741.13,53
2026-09-15 00:00:00,KIRANVYPAR,KIRAN VYAPAR LTD.,182.60,209.80,182.60,200.75,207.02,-3.03,27.20,14.90,-11.80,3176,646529.14,161
2026-09-15 00:00:00,MON50EQUAL,MOTILALAMC - MON50EQUAL,32.64,33.33,32.05,32.22,32.51,-0.89,1.28,3.92,0.40,3116,100716.98,68
2026-09-15 00:00:00,STEL,STEL HOLDINGS LIMITED,611.10,611.10,581.50,597.90,611.10,-2.16,29.60,4.84,0.00,3096,1843908.65,317
2026-09-15 00:00:00,NIRLON,NIRLON LTD,610.00,620.45,600.00,600.65,607.50,-1.13,20.45,3.35,0.41,3067,1852068.55,517
2026-09-15 00:00:00,INCREDIBLE,INCREDIBLE INDUSTRIES LTD,34.25,34.50,31.57,33.46,33.58,-0.36,2.93,8.55,2.00,3062,101659.89,85
2026-09-15 00:00:00,AMARJOTHI,AMARJOTHI SPINNING MILL L,154.93,154.93,147.00,148.09,150.14,-1.37,7.93,5.12,3.19,3047,456344.87,80
2026-09-15 00:00:00,SHIVATEX,SHIVA TEXYARN LIMITED,180.03,184.72,176.06,180.50,178.05,1.38,8.66,4.81,1.11,3009,545565.66,113
2026-09-15 00:00:00,HONDAPOWER,HONDA I POWER PRODUCT LTD,1966.90,1979.90,1904.50,1926.60,1953.00,-1.35,75.40,3.83,0.71,3003,5819963.50,454
2026-09-15 00:00:00,S&SPOWER,S&S POWER SWITCHGEARS LTD,332.85,344.00,332.85,332.85,350.35,-5.00,11.15,3.35,-5.00,2992,1001241.55,126
2026-09-15 00:00:00,BEEKAY,BEEKAY STEEL INDS. LTD.,428.05,442.20,427.05,435.15,425.60,2.24,15.15,3.54,0.58,2968,1292704.10,221
2026-09-15 00:00:00,ASPINWALL,ASPINWALL & CO LTD,266.30,268.00,250.30,250.85,260.50,-3.70,17.70,6.65,2.23,2956,768036.00,126
2026-09-15 00:00:00,MRF,MRF LTD,128800.00,129600.00,125500.00,125795.00,128290.00,-1.94,4100.00,3.18,0.40,2921,370784685.00,2382
2026-09-15 00:00:00,ALLDIGI,ALLDIGI TECH LIMITED,795.00,806.95,795.00,799.50,797.30,0.28,11.95,1.50,-0.29,2913,2328337.60,403
2026-09-15 00:00:00,MIDCAPBETA,UTIAMC-MIDCAPBETA,229.28,233.90,225.79,231.44,230.43,0.44,8.11,3.54,-0.50,2858,654231.83,82
2026-09-15 00:00:00,MFML,MAHALAXMI FABRIC MILLS LT,18.54,19.44,18.53,18.68,18.52,0.86,0.91,4.91,0.11,2803,52326.83,27
2026-09-15 00:00:00,BSL,BSL LTD,120.00,122.99,117.25,119.35,120.39,-0.86,5.74,4.78,-0.32,2783,331974.21,113
2026-09-15 00:00:00,AIROLAM,AIRO LAM LIMITED,89.45,89.45,83.53,84.21,84.25,-0.05,5.92,6.62,6.17,2779,238652.42,90
2026-09-15 00:00:00,IFBAGRO,IFB AGRO INDUSTRIES LTD,898.00,898.00,859.00,861.10,884.45,-2.64,39.00,4.34,1.53,2760,2393687.85,283
2026-09-15 00:00:00,GOODYEAR,GOODYEAR INDIA LIMITED,722.50,726.95,709.80,712.95,722.05,-1.26,17.15,2.37,0.06,2756,1972157.05,395
2026-09-15 00:00:00,ENKEIWHEL,ENKEI WHEELS (INDIA) LTD.,412.95,413.00,394.60,398.55,399.00,-0.11,18.40,4.46,3.50,2736,1105003.45,174
2026-09-15 00:00:00,DELTAMAGNT,DELTA MANUFACTURING LTD,57.26,57.29,55.20,55.65,55.87,-0.39,2.09,3.65,2.49,2736,151834.86,33
2026-09-15 00:00:00,PERMAGN,PERMANENT MAGNETS LTD.,864.65,864.65,821.30,827.70,864.65,-4.27,43.35,5.01,0.00,2721,2306515.00,315
2026-09-15 00:00:00,SENSEXAXIS,AXISAMC-SENSEXAXIS,78.38,78.38,77.00,77.20,77.35,-0.19,1.38,1.76,1.33,2720,210578.41,76
2026-09-15 00:00:00,LOTUSCHO,LOTUS CHOCOLATE CO. LTD.,586.50,594.90,570.00,574.90,589.45,-2.47,24.90,4.25,-0.50,2708,1564082.55,381
2026-09-15 00:00:00,BANKA,BANKA BIOLOO LIMITED,82.18,83.00,77.70,77.86,81.78,-4.79,5.30,6.45,0.49,2696,213834.09,57
2026-09-15 00:00:00,SMLT,SARTHAK METALS LIMITED,63.80,65.90,61.54,62.18,62.29,-0.18,4.36,6.83,2.42,2686,168485.02,173
2026-09-15 00:00:00,DENORA,DE NORA INDIA LIMITED,820.00,820.00,792.00,812.95,798.45,1.82,28.00,3.41,2.70,2684,2167306.80,392
2026-09-15 00:00:00,ABMKNO,A B M KNOWLEDGEWARE LTD.,182.00,184.90,170.00,174.71,181.45,-3.71,14.90,8.19,0.30,2678,472623.08,94
2026-09-15 00:00:00,PIONEEREMB,PIONEER EMBROIDERIES LTD,21.25,21.25,20.76,20.89,20.51,1.85,0.49,2.31,3.61,2658,55834.12,48
2026-09-15 00:00:00,HONAUT,HONEYWELL AUTOMATION IND,34590.00,34870.00,33500.00,33595.00,34580.00,-2.85,1370.00,3.96,0.03,2651,89990260.00,1982
2026-09-15 00:00:00,IVZSENSEX,RELIGARAMC - IVZSENSEX,75.01,75.21,74.45,74.50,75.01,-0.68,0.76,1.01,0.00,2639,196820.98,40
2026-09-15 00:00:00,WEWIN,WE WIN LIMITED,42.46,42.92,40.50,40.83,42.46,-3.84,2.42,5.70,0.00,2599,107974.42,44
2026-09-15 00:00:00,MODIRUBBER,MODI RUBBER LTD,122.76,126.80,120.40,121.46,123.91,-1.98,6.40,5.21,-0.93,2584,319998.81,81
2026-09-15 00:00:00,HINDCOMPOS,HINDUSTAN COMPOSITES LTD.,376.10,385.90,372.55,379.45,376.45,0.80,13.35,3.55,-0.09,2565,974160.50,219
2026-09-15 00:00:00,AGRITECH,AGRI-TECH (INDIA) LIMITED,100.33,101.39,97.12,97.57,99.84,-2.27,4.27,4.26,0.49,2551,250151.68,154
2026-09-15 00:00:00,SVGLOBAL,S V GLOBAL MILL LTD.,135.00,143.60,127.20,131.84,133.35,-1.13,16.40,12.15,1.24,2536,345005.99,64
2026-09-15 00:00:00,LMW,LMW LIMITED,17790.00,17797.00,17022.00,17103.00,17727.00,-3.52,775.00,4.36,0.36,2531,44001651.00,1396
2026-09-15 00:00:00,GLOSTERLTD,GLOSTER LIMITED,575.50,588.00,575.00,575.10,583.10,-1.37,13.00,2.26,-1.30,2489,1433797.20,91
2026-09-15 00:00:00,JISLDVREQS,JAIN DVR EQUITY SHARES,20.56,21.25,20.56,20.67,20.76,-0.43,0.69,3.36,-0.96,2483,51475.71,52
2026-09-15 00:00:00,HAWKINCOOK,HAWKINS COOKERS LTD,8455.50,8484.00,8250.00,8381.50,8411.50,-0.36,234.00,2.77,0.52,2478,20695787.00,864
2026-09-15 00:00:00,PILANIINVS,PILANI INV & IND COR LTD,4200.00,4235.00,4059.90,4081.80,4191.60,-2.62,175.10,4.17,0.20,2461,10111264.70,712
2026-09-15 00:00:00,NTCIND,N T C INDUSTRIES LTD.,139.45,139.45,130.15,134.11,134.91,-0.59,9.30,6.67,3.37,2427,328708.80,96
2026-09-15 00:00:00,INFOMEDIA,INFOMEDIA PRESS LIMITED,5.11,5.43,5.11,5.18,5.20,-0.38,0.32,6.26,-1.73,2424,12869.53,87
2026-09-15 00:00:00,GLOBALE,GLOBALE TESSILE LIMITED,11.49,11.89,11.01,11.70,11.38,2.81,0.88,7.66,0.97,2350,27210.33,40
2026-09-15 00:00:00,INDOUS,INDO US BIOTECH LTD,79.90,81.00,76.00,78.29,78.24,0.06,5.00,6.26,2.12,2244,175560.33,94
2026-09-15 00:00:00,HINDALUMI,HIND ALUMINIUM INDS. LTD.,98.00,98.99,93.46,95.09,96.18,-1.13,5.53,5.64,1.89,2235,214451.25,148
2026-09-15 00:00:00,BPLPHARMA,BHARAT PARENTERALS LTD.,1575.00,1575.00,1510.00,1543.40,1505.10,2.54,65.00,4.13,4.64,2207,3398148.70,202
2026-09-15 00:00:00,IMPAL,IND MOTOR PART & ACC LTD,1113.20,1120.50,1074.90,1077.80,1113.20,-3.18,45.60,4.10,0.00,2157,2355974.10,304
2026-09-15 00:00:00,CHEMFAB,CHEMFAB ALKALIS LIMITED,384.45,384.45,365.05,372.15,379.35,-1.90,19.40,5.05,1.34,2148,803881.35,200
2026-09-15 00:00:00,3MINDIA,3M INDIA LIMITED,32710.00,32895.00,31500.00,31590.00,32710.00,-3.42,1395.00,4.26,0.00,2096,66994305.00,1381
2026-09-15 00:00:00,CGVAK,C G V A K SOFTWARE & EX L,148.00,148.00,144.19,144.31,145.83,-1.04,3.81,2.57,1.49,2089,302938.99,52
2026-09-15 00:00:00,RACE,RACE ECO CHAIN LIMITED,99.50,101.00,94.60,96.15,98.12,-2.01,6.40,6.43,1.41,2080,202415.24,143
2026-09-15 00:00:00,WEALTH,WEALTH FRST PORT. MG. LTD,822.00,845.00,820.00,825.30,845.25,-2.36,25.00,3.04,-2.75,2078,1720349.10,162
2026-09-15 00:00:00,BLUECOAST,BLUE COAST HOTELS LIMITED,22.89,22.89,21.08,21.09,22.18,-4.91,1.81,7.91,3.20,2067,45809.27,24
2026-09-15 00:00:00,EUROBOND,EURO PANEL PRODUCTS LTD,146.21,149.99,146.00,146.98,150.46,-2.31,3.99,2.73,-2.82,2050,302139.43,87
2026-09-15 00:00:00,NILE,NILE LTD.,1440.00,1488.00,1430.00,1431.90,1452.10,-1.39,58.00,4.03,-0.83,1972,2842679.60,376
2026-09-15 00:00:00,HALEOSLABS,HALEOS LABS LIMITED,1475.40,1496.00,1470.00,1488.90,1462.50,1.81,26.00,1.76,0.88,1964,2927599.60,134
2026-09-15 00:00:00,MOBANK10,MOTILALAMC - MOBANK10,16.73,17.07,16.39,16.42,16.65,-1.38,0.68,4.06,0.48,1948,32221.86,110
2026-09-15 00:00:00,IPRINGLTD,IP RINGS LTD.,142.10,145.00,136.00,137.02,145.87,-6.07,9.00,6.33,-2.58,1943,273821.48,98
2026-09-15 00:00:00,CPEDU,CAREER POINT EDUTECH LTD,178.10,180.00,174.00,176.34,177.74,-0.79,6.00,3.37,0.20,1860,329758.75,62
2026-09-15 00:00:00,EBANKNIFTY,EDELAMC - EBANKNIFTY,56.94,57.29,56.39,56.49,56.94,-0.79,0.90,1.58,0.00,1851,104896.72,41
2026-09-15 00:00:00,ITBETA,UTIAMC-ITBETA,312.00,319.74,311.15,312.00,305.42,2.15,8.59,2.75,2.15,1781,561102.74,50
2026-09-15 00:00:00,DRAGARWQ,DR. AGARWAL'S EYE HOSP L,5311.00,5420.00,5105.50,5137.00,5306.50,-3.19,314.50,5.92,0.08,1747,9090403.00,549
2026-09-15 00:00:00,SAPPL,SHREE AJIT PULP & PAPER L,292.00,293.00,277.95,287.60,290.80,-1.10,15.05,5.15,0.41,1738,489625.60,46
2026-09-15 00:00:00,PARNAXLAB,PARNAX LAB LTD.,127.00,127.00,122.72,123.87,127.00,-2.46,4.28,3.37,0.00,1731,216094.76,183
2026-09-15 00:00:00,AKASH,AKASH INFRA-PROJECTS LTD,25.93,25.93,24.55,24.56,24.86,-1.21,1.38,5.32,4.30,1710,42244.33,41
2026-09-15 00:00:00,21STCENMGM,21ST CENTURY MGMT SERVICE,37.80,39.15,37.80,39.00,38.39,1.59,1.35,3.57,-1.54,1658,64056.00,65
2026-09-15 00:00:00,SNXT50BETA,UTIAMC-SNXT50BETA,94.41,95.48,92.10,93.00,94.41,-1.49,3.38,3.58,0.00,1657,154526.99,178
2026-09-15 00:00:00,EQUAL50,MIRAEAMC - EQUAL50,324.99,324.99,319.56,320.43,324.09,-1.13,5.43,1.67,0.28,1653,531699.23,46
2026-09-15 00:00:00,NSIL,NALWA SONS INVESTMENT LTD,5623.00,5623.00,5400.00,5409.50,5551.00,-2.55,223.00,3.97,1.30,1651,9054612.50,322
2026-09-15 00:00:00,NIPPOBATRY,INDO-NATIONAL LIMITED,320.00,322.20,316.50,320.85,317.85,0.94,5.70,1.78,0.68,1619,517979.45,92
2026-09-15 00:00:00,MOMNC,MOTILALAMC - MOMNC,31.85,32.87,31.12,31.12,31.85,-2.29,1.75,5.49,0.00,1595,50073.96,59
2026-09-15 00:00:00,KICL,KALYANI INVEST CO LTD,5065.00,5198.00,4802.00,4846.50,5040.50,-3.85,396.00,7.82,0.49,1570,7769325.50,358
2026-09-15 00:00:00,NORBTEAEXP,NORBEN TEA & EXPORTS LTD,65.90,67.39,64.50,64.50,64.40,0.16,2.89,4.39,2.33,1569,101375.04,35
2026-09-15 00:00:00,NIMBSPROJ,NIMBUS PROJECTS LIMITED,171.86,173.51,170.00,170.00,165.25,2.87,3.51,2.04,4.00,1551,267762.89,28
2026-09-15 00:00:00,SHIVAAGRO,SHIVA GLOBAL AGRO INDS. L,40.00,40.00,37.60,37.90,39.69,-4.51,2.40,6.00,0.78,1547,59186.61,42
2026-09-15 00:00:00,MOMGF,MOTILALAMC - MOMGF,159.17,165.00,156.05,158.24,160.00,-1.10,8.95,5.62,-0.52,1547,244016.69,64
2026-09-15 00:00:00,MOGSEC,MOTILALAMC - G5,65.50,65.68,64.80,65.01,65.17,-0.25,0.88,1.34,0.51,1521,99544.52,76
2026-09-15 00:00:00,ARCL,ARCL ORGANICS LTD.,262.39,262.39,262.39,262.39,249.90,5.00,0.00,0.00,5.00,1510,396208.90,16
2026-09-15 00:00:00,SHBAJRG,SHRI BAJRANG ALLIANCE L,156.99,156.99,153.00,153.96,155.85,-1.21,3.99,2.54,0.73,1495,228900.30,48
2026-09-15 00:00:00,SHRADHA,SHRADHA REALTY LIMITED,30.84,30.84,29.80,29.97,30.84,-2.82,1.04,3.37,0.00,1488,44834.23,81
2026-09-15 00:00:00,SILINV,SIL INVESTMENTS LIMITED,471.55,478.00,440.50,444.95,463.80,-4.06,37.50,7.95,1.67,1485,673863.15,189
2026-09-15 00:00:00,PALASHSECU,PALASH SECURITIES LTD,87.02,90.00,84.00,88.72,85.92,3.26,6.00,6.89,1.28,1481,130123.23,54
2026-09-15 00:00:00,ELMDIV,EDELAMC - ELMDIV,36.00,36.50,35.21,36.40,36.26,0.39,1.29,3.58,-0.72,1456,51890.80,28
2026-09-15 00:00:00,AMNPLST,AMINES & PLASTICIZERS LTD,169.90,169.90,164.00,165.52,165.26,0.16,5.90,3.47,2.81,1450,241841.32,63
2026-09-15 00:00:00,NIF500BETA,UTIAMC - NIF500BETA,38.00,38.00,36.24,36.31,36.78,-1.28,1.76,4.63,3.32,1428,52167.64,21
2026-09-15 00:00:00,KAKATCEM,KAKATIYA CEM SUGAR &IND L,109.57,110.70,107.05,109.69,109.57,0.11,3.65,3.33,0.00,1411,154074.22,34
2026-09-15 00:00:00,NICCOPAR,NICCO PARKS & RESORTS LTD,83.00,83.00,79.05,80.51,83.00,-3.00,3.95,4.76,0.00,1411,112334.53,39
2026-09-15 00:00:00,SHIVAMILLS,SHIVA MILLS LIMITED,63.00,63.00,59.50,61.12,61.47,-0.57,3.50,5.56,2.49,1396,84278.85,25
2026-09-15 00:00:00,AKCAPIT,A K CAPITAL SERVICES LTD.,1702.00,1715.00,1681.30,1714.10,1708.40,0.33,33.70,1.98,-0.37,1383,2358337.80,115
2026-09-15 00:00:00,WEIZMANIND,WEIZMANN LTD,71.71,71.71,69.10,70.28,71.71,-1.99,2.61,3.64,0.00,1373,96974.21,69
2026-09-15 00:00:00,HEALTHX,HEALTH X PLATFORM LIMITED,309.00,309.00,301.00,305.55,308.15,-0.84,8.00,2.59,0.28,1370,416491.05,43
2026-09-15 00:00:00,SHYAMTEL,SHYAM TELECOM LIMITED,11.86,11.86,10.55,11.20,11.48,-2.44,1.31,11.05,3.31,1365,15084.89,83
2026-09-15 00:00:00,HBPOR,HB PORTFOLIO LTD.,62.80,62.80,59.60,59.99,59.99,0.00,3.20,5.10,4.68,1364,81937.44,39
2026-09-15 00:00:00,RAJPALAYAM,RAJAPALAYAM MILLS LTD.,775.00,775.00,751.00,759.00,775.95,-2.18,24.00,3.10,-0.12,1355,1026157.50,97
2026-09-15 00:00:00,SURAJLTD,SURAJ LIMITED,196.17,199.79,194.97,195.75,199.99,-2.12,4.82,2.46,-1.91,1313,257504.22,33
2026-09-15 00:00:00,TOKYOPLAST,TOKYO PLAST INTL LTD,78.94,79.80,75.92,76.01,78.94,-3.71,3.88,4.92,0.00,1311,99921.84,39
2026-09-15 00:00:00,CHEVIOT,CHEVIOT COMPANY LIMITED,1213.80,1235.00,1170.00,1172.30,1207.80,-2.94,65.00,5.36,0.50,1305,1551672.70,209
2026-09-15 00:00:00,KHANDSE,KHANDWALA SECURITIES LTD,16.58,17.99,16.58,17.67,17.10,3.33,1.41,8.50,-3.04,1300,22378.17,41
2026-09-15 00:00:00,KANCHI,KANCHI KARPOORAM LTD.,388.80,408.60,379.35,392.50,390.75,0.45,29.25,7.52,-0.50,1278,498852.30,116
2026-09-15 00:00:00,IDFNIFTYET,BANDHANAMC - IDFNIFTYET,258.60,262.60,255.55,256.87,258.60,-0.67,7.05,2.73,0.00,1273,330049.21,88
2026-09-15 00:00:00,HRYNSHP,HARIYANA SHIP BREAKERS L,100.10,101.00,95.99,96.38,100.84,-4.42,5.01,5.00,-0.73,1212,119081.67,48
2026-09-15 00:00:00,MSCIADD,DSPAMC - MSCIADD,28.91,28.91,28.56,28.56,28.92,-1.24,0.35,1.21,-0.03,1208,34730.12,13
2026-09-15 00:00:00,AHLEAST,ASIAN HOTELS (EAST) LTD,134.52,136.88,133.00,133.56,133.95,-0.29,3.88,2.88,0.43,1187,158532.68,32
2026-09-15 00:00:00,BRIGHTBR,BRIGHT BROTHERS LTD.,247.00,252.00,245.00,248.50,255.25,-2.64,7.00,2.83,-3.23,1183,294496.45,34
2026-09-15 00:00:00,SVLL,SHREE VASU LOGISTICS LTD,816.00,829.40,790.00,790.40,785.05,0.68,39.40,4.83,3.94,1173,939520.25,68
2026-09-15 00:00:00,GROWWMC150,GROWWAMC - GROWWMC150,226.11,230.46,224.15,226.50,228.18,-0.74,6.31,2.79,-0.91,1163,263851.11,60
2026-09-15 00:00:00,MADHAV,MADHAV MARBLE & GRANITE,36.29,36.70,35.01,35.18,36.29,-3.06,1.69,4.66,0.00,1158,41091.91,57
2026-09-15 00:00:00,TRANSCOR,TRANSCORP INTERNATIONAL L,26.25,26.25,24.50,25.75,25.39,1.42,1.75,6.67,3.39,1157,28943.43,13
2026-09-15 00:00:00,CONSUMAXIS,AXISAMC-CONSUMAXIS,118.52,118.61,116.57,116.94,117.94,-0.85,2.04,1.72,0.49,1155,135986.46,39
2026-09-15 00:00:00,NKIND,NK INDUSTRIES LTD,55.10,59.50,55.00,55.52,55.43,0.16,4.50,8.17,-0.60,1139,63399.19,35
2026-09-15 00:00:00,SINTERCOM,SINTERCOM INDIA LIMITED,80.00,80.00,75.00,75.05,76.65,-2.09,5.00,6.25,4.37,1098,83418.22,91
2026-09-15 00:00:00,KANCOTEA,KANCO TEA & INDS. LTD.,52.31,56.98,52.31,56.80,52.29,8.62,4.67,8.93,0.04,1089,59639.30,12
2026-09-15 00:00:00,BANARISUG,BANNARI AMMAN SUGARS LTD,3542.60,3542.60,3400.00,3411.10,3517.60,-3.03,142.60,4.03,0.71,1035,3548638.30,269
2026-09-15 00:00:00,ELDEHSG,ELDECO HSG & IND LTD.,799.80,815.80,775.00,780.30,783.50,-0.41,40.80,5.10,2.08,1007,795383.90,123
2026-09-15 00:00:00,GSEC10YEAR,MIRAEAMC - MAGS813ETF,30.34,30.46,29.99,30.05,30.49,-1.44,0.47,1.55,-0.49,1000,30098.20,31
2026-09-15 00:00:00,BNAGROCHEM,BN AGROCHEM LTD.,204.95,204.95,200.00,200.08,204.99,-2.40,4.95,2.42,-0.02,961,193635.42,37
2026-09-15 00:00:00,ENEXT50,EDELAMC - ENEXT50,72.37,72.57,70.00,70.00,72.21,-3.06,2.57,3.55,0.22,952,67467.65,31
2026-09-15 00:00:00,ACGL,AUTOMOBILE CORPN OF GOA L,1785.70,1824.00,1725.20,1732.10,1785.70,-3.00,98.80,5.53,0.00,944,1665156.30,231
2026-09-15 00:00:00,SHRIKRISH,SHRI KRISHNA DEVCON LTD.,36.00,36.10,34.01,34.22,37.00,-7.51,2.09,5.81,-2.70,917,33046.34,12
2026-09-15 00:00:00,METROGLOBL,METROGLOBAL LTD.,140.65,143.00,132.90,134.31,138.58,-3.08,10.10,7.18,1.49,893,122883.39,41
2026-09-15 00:00:00,IVZINNIFTY,INVESCO INDIA NIFTY ETF,276.02,276.02,265.99,267.04,269.29,-0.84,10.03,3.63,2.50,892,238714.54,59
2026-09-15 00:00:00,WILLAMAGOR,WILLIAMSON MAGOR,24.80,24.80,23.60,24.46,24.18,1.16,1.20,4.84,2.56,887,21551.84,38
2026-09-15 00:00:00,ARTNIRMAN,ART NIRMAN LIMITED,40.11,40.11,39.11,39.78,39.92,-0.35,1.00,2.49,0.48,834,32698.51,9
2026-09-15 00:00:00,SHIVAUM,SHIV AUM STEELS LIMITED,484.35,484.90,463.50,470.00,465.40,0.99,21.40,4.42,4.07,815,383825.45,56
2026-09-15 00:00:00,POLYSPIN,POLYSPIN EXPORTS LTD.,29.58,29.58,27.53,28.95,29.58,-2.13,2.05,6.93,0.00,806,22775.45,34
2026-09-15 00:00:00,SECMARK,SECMARK CONSULTANCY LTD,149.40,149.40,133.41,142.98,141.31,1.18,15.99,10.70,5.73,802,114358.97,38
2026-09-15 00:00:00,MITCON,MITCON CON & ENG SER LTD,80.56,80.56,78.01,80.00,80.15,-0.19,2.55,3.17,0.51,753,59789.67,27
2026-09-15 00:00:00,TECHNVISN,TECHNVISION VENTURES LTD.,4700.00,4874.00,4549.00,4591.50,4788.00,-4.10,325.00,6.91,-1.84,744,3400889.00,130
2026-09-15 00:00:00,SEMAC,SEMAC CONSTRUCTION LTD,269.50,272.40,264.00,269.00,273.05,-1.48,8.40,3.12,-1.30,702,188741.70,37
2026-09-15 00:00:00,PANCHMAHQ,PANCHMAHAL STEEL LTD.,309.80,309.80,266.45,293.40,280.00,4.79,43.35,13.99,10.64,698,207831.10,55
2026-09-15 00:00:00,RTSPOWR,R T S POWER CORPN. LTD.,88.00,88.00,85.00,86.10,87.94,-2.09,3.00,3.41,0.07,668,58074.58,24
2026-09-15 00:00:00,HBESD,H B ESTATE DEVELOPERS L,73.00,73.01,60.51,71.50,72.99,-2.04,12.50,17.12,0.01,650,45401.87,45
2026-09-15 00:00:00,KAMANWALA,KAMANWALA HOUSING CONST L,17.80,17.80,16.50,17.00,17.46,-2.63,1.30,7.30,1.95,640,10877.06,13
2026-09-15 00:00:00,APOLSINHOT,APOLLO SINDOORI HOTEL LTD,1205.10,1237.00,1205.00,1214.50,1226.70,-0.99,32.00,2.66,-1.76,636,774626.00,66
2026-09-15 00:00:00,TOUCHWOOD,TOUCHWOOD ENTERTAIN LTD.,62.68,62.68,60.16,60.91,61.16,-0.41,2.52,4.02,2.49,635,39243.30,26
2026-09-15 00:00:00,RETAIL,JHS SVENDGAARD RETAIL V L,17.14,17.87,16.25,17.76,17.14,3.62,1.62,9.45,0.00,629,10759.26,28
2026-09-15 00:00:00,VOITHPAPR,VOITH PAPER FABRICS IND L,1459.60,1490.00,1440.00,1465.40,1459.60,0.40,50.00,3.43,0.00,609,890184.30,69
2026-09-15 00:00:00,GUJRAFFIA,GUJARAT RAFFIA INDUST LTD,41.72,41.90,40.10,40.26,41.72,-3.50,1.80,4.31,0.00,607,24565.12,22
2026-09-15 00:00:00,SAYAJIHOTL,SAYAJI HOTELS LTD.,325.10,338.00,320.70,322.70,326.80,-1.25,17.30,5.32,-0.52,605,197030.40,26
2026-09-15 00:00:00,INDIANCARD,INDIAN CARD CLOTHING CO.,212.70,212.70,206.02,207.35,212.45,-2.40,6.68,3.14,0.12,589,122548.23,81
2026-09-15 00:00:00,MOQUALITY,MOTILALAMC - MOQUALITY,195.89,195.95,192.00,192.25,194.92,-1.37,3.95,2.02,0.50,572,110989.49,39
2026-09-15 00:00:00,DHUNINV,DHUNSERI INVESTMENTS LTD,1028.00,1028.00,975.00,978.45,995.00,-1.66,53.00,5.16,3.32,570,563674.70,88
2026-09-15 00:00:00,VIJSOLX,VIJAY SOLVEX LTD.,640.00,649.00,637.00,640.00,633.70,0.99,12.00,1.88,0.99,561,357917.55,34
2026-09-15 00:00:00,ARENTERP,RAJDARSHAN INDUSTRIES LTD,32.67,33.39,32.01,32.64,33.34,-2.10,1.38,4.22,-2.01,547,17878.62,30
2026-09-15 00:00:00,GSEC10ADD,DSPAMC - GSEC10ADD,27.00,27.00,24.32,26.30,27.00,-2.59,2.68,9.93,0.00,519,13869.38,14
2026-09-15 00:00:00,SIEL,SUPERIOR INDUSTRIAL ENT L,30.50,31.50,28.51,31.50,30.00,5.00,2.99,9.80,1.67,510,15342.88,20
2026-09-15 00:00:00,SUNLOC,SUNIL HEALTHCARE LTD.,75.00,77.99,74.74,76.49,75.50,1.31,3.25,4.33,-0.66,506,37849.25,10
2026-09-15 00:00:00,SANDESH,SANDESH LTD,1015.00,1042.00,1010.00,1018.80,1014.60,0.41,32.00,3.15,0.04,502,512805.10,107
2026-09-15 00:00:00,VHL,VARDHMAN HOLDINGS LIMITED,3465.10,3470.00,3382.10,3403.00,3447.90,-1.30,87.90,2.54,0.50,495,1691012.20,71
2026-09-15 00:00:00,PREMCO,PREMCO GLOBAL LTD.,409.95,409.95,386.90,391.35,394.00,-0.67,23.05,5.62,4.05,484,189580.90,55
2026-09-15 00:00:00,NPBET,TATAAML - NPBET,284.72,284.72,277.78,278.83,284.56,-2.01,6.94,2.44,0.06,484,136308.56,41
2026-09-15 00:00:00,WIPL,THE WESTERN INDIA PLY LTD,169.58,169.58,165.12,168.72,169.58,-0.51,4.46,2.63,0.00,472,79669.59,29
2026-09-15 00:00:00,TEAMGTY,TEAM INDIA GUARANTY LTD,243.90,243.90,235.00,235.08,235.00,0.03,8.90,3.65,3.79,467,110254.35,30
2026-09-15 00:00:00,GILT10BETA,UTIAMC-GILT10BETA,26.70,26.70,26.17,26.21,26.28,-0.27,0.53,1.99,1.60,464,12327.36,28
2026-09-15 00:00:00,SHRJAGP,SHRI JAGDAMBA POLYMERS L,673.95,673.95,617.00,641.45,647.00,-0.86,56.95,8.45,4.17,451,286232.00,26
2026-09-15 00:00:00,GKWLIMITED,GKW LIMITED,1589.80,1599.00,1551.00,1554.00,1584.80,-1.94,48.00,3.02,0.32,423,660124.50,43
2026-09-15 00:00:00,CURAA,CURA TECHNOLOGIES LIMITED,79.00,79.00,75.00,75.50,79.61,-5.16,4.00,5.06,-0.77,419,32598.70,21
2026-09-15 00:00:00,ITL,ITL INDUSTRIES LTD.,378.95,378.95,366.00,367.50,369.25,-0.47,12.95,3.42,2.63,412,154025.25,66
2026-09-15 00:00:00,MSL,MANGALAM SEEDS LTD.,138.50,140.00,134.00,140.00,141.56,-1.10,6.00,4.33,-2.16,405,54977.30,22
2026-09-15 00:00:00,YOGI,YOGI LTD.,157.50,166.95,157.50,158.58,157.13,0.92,9.45,6.00,0.24,390,61957.95,10
2026-09-15 00:00:00,SHERVANI,SHERVANI INDUSTRIAL SYN L,350.55,374.00,342.00,349.50,348.85,0.19,32.00,9.13,0.49,382,139111.85,52
2026-09-15 00:00:00,BENGALASM,BENGAL & ASSAM CO. LTD.,6311.00,6349.00,6111.50,6286.50,6265.00,0.34,237.50,3.76,0.73,372,2335340.00,258
2026-09-15 00:00:00,GANGESSECU,GANGES SECURITIES LIMITED,116.36,116.89,113.12,113.52,115.11,-1.38,3.77,3.24,1.09,355,40638.11,21
2026-09-15 00:00:00,ABSLMSCIN,BIRLASLAMC - ABSLMSCIN,29.11,29.26,28.63,28.67,28.90,-0.80,0.63,2.16,0.73,354,10180.66,14
2026-09-15 00:00:00,HPIL,HINDPRAKASH INDUSTRY LTD,124.48,124.48,118.50,119.77,123.87,-3.31,5.98,4.80,0.49,353,42504.21,24
2026-09-15 00:00:00,HBSL,HB STOCKHOLDINGS LIMITED,52.65,54.63,51.60,52.85,52.91,-0.11,3.03,5.75,-0.49,348,18295.48,44
2026-09-15 00:00:00,KEYFINSERV,KEYNOTE FIN SERV LTD.,233.00,254.75,233.00,246.60,239.20,3.09,21.75,9.33,-2.59,345,82837.15,43
2026-09-15 00:00:00,GKB,GKB OPHTHALMICS LTD.,64.79,67.44,64.79,67.42,64.79,4.06,2.65,4.09,0.00,340,22296.55,6
2026-09-15 00:00:00,HISARMETAL,HISAR METAL IND. LIMITED,157.20,158.90,153.22,155.53,157.20,-1.06,5.68,3.61,0.00,327,50940.45,36
2026-09-15 00:00:00,PANSARI,PANSARI DEVELOPERS LTD,281.50,299.00,275.00,282.15,281.50,0.23,24.00,8.53,0.00,312,88664.85,27
2026-09-15 00:00:00,SAYAJIIND,SAYAJI INDUSTRIES LTD.,113.00,117.99,113.00,113.51,118.90,-4.53,4.99,4.42,-4.96,312,35318.59,6
2026-09-15 00:00:00,ISTLTD,I S T LTD.,662.20,662.20,635.00,661.20,662.20,-0.15,27.20,4.11,0.00,311,201429.85,42
2026-09-15 00:00:00,APOORVA,APOORVA LEAS F & INV C L,28.18,28.18,27.00,27.02,27.63,-2.21,1.18,4.19,1.99,296,8157.45,14
2026-09-15 00:00:00,DISAQ,DISA INDIA LTD.,11775.00,11919.00,11500.00,11677.00,11688.00,-0.09,419.00,3.56,0.74,295,3476831.00,233
2026-09-15 00:00:00,EBANK10,EDELAMC - EBANK10,16.56,16.56,16.26,16.26,16.45,-1.16,0.30,1.81,0.67,260,4272.98,16
2026-09-15 00:00:00,BENARAS,BENARES HOTELS LTD.,11199.00,11499.00,10460.00,11001.00,11085.00,-0.76,1039.00,9.28,1.03,250,2725631.00,100
2026-09-15 00:00:00,ZENITHEXPO,ZENITH EXPORTS LTD,207.05,207.05,194.75,196.35,205.00,-4.22,12.30,5.94,1.00,238,46697.11,19
2026-09-15 00:00:00,CRAVATEX,CRAVATEX LTD.,335.20,335.20,316.30,319.50,323.95,-1.37,18.90,5.64,3.47,231,75349.45,69
2026-09-15 00:00:00,MCCHRLS-B,MAC CHARLES (INDIA) LTD.,675.00,675.00,650.00,675.00,673.90,0.16,25.00,3.70,0.16,226,151355.05,21
2026-09-15 00:00:00,KJMCFIN,K J M C FINANCIAL SERV L,60.51,62.94,60.51,60.95,60.51,0.73,2.43,4.02,0.00,214,12987.34,75
2026-09-15 00:00:00,BIMETAL,BIMETAL BEARINGS LTD.,658.65,658.65,623.00,640.00,640.50,-0.08,35.65,5.41,2.83,193,122691.65,29
2026-09-15 00:00:00,MASKINVEST,MASK INVESTMENTS LIMITED,140.10,151.95,140.10,140.80,145.36,-3.14,11.85,8.46,-3.62,190,27526.95,10
2026-09-15 00:00:00,NDGL,NAGA DHUNSERI GROUP LTD,2690.00,2795.00,2650.00,2655.50,2692.20,-1.36,145.00,5.39,-0.08,174,466635.30,42
2026-09-15 00:00:00,SIMPLXREA,SIMPLEX REALTY LTD.,143.00,143.00,130.15,132.27,137.00,-3.45,12.85,8.99,4.38,169,24081.05,10
2026-09-15 00:00:00,ASTAR,ASIAN STAR CO. LTD.,583.00,583.00,560.05,562.50,583.00,-3.52,22.95,3.94,0.00,164,92175.50,26
2026-09-15 00:00:00,RRECL,RDB REAL ESTATE CONS L,134.46,134.46,121.20,123.70,133.80,-7.55,13.26,9.86,0.49,160,20680.72,15
2026-09-15 00:00:00,LOWVOL,MIRAEAMC - MANV30F,200.10,201.10,198.22,198.22,200.10,-0.94,2.88,1.44,0.00,160,32009.19,21
2026-09-15 00:00:00,ESENSEX,EDELAMC - ESENSEX,76.58,76.58,74.69,75.40,75.52,-0.16,1.89,2.47,1.40,149,11162.70,19
2026-09-15 00:00:00,ROML,RAJ OIL MILLS LIMITED,43.22,43.50,42.72,43.00,42.69,0.73,0.78,1.80,1.24,144,6199.71,23
2026-09-15 00:00:00,LICNFNHGP,LICNAMC - LICNFNHGP,269.57,272.80,263.25,270.00,269.57,0.16,9.55,3.54,0.00,140,37963.11,22
2026-09-15 00:00:00,SAICAPI,SAI CAPITAL LTD.,155.00,155.00,148.00,154.50,152.18,1.52,7.00,4.52,1.85,134,20695.39,11
2026-09-15 00:00:00,STARTECK,STARTECK FINANCE LIMITED,240.95,240.95,230.00,238.90,240.65,-0.73,10.95,4.54,0.12,127,30229.50,40
2026-09-15 00:00:00,PML,PAUL MERCHANTS LTD.,500.95,504.85,476.70,498.55,482.45,3.34,28.15,5.62,3.83,105,50729.50,17
2026-09-15 00:00:00,SONAL,SONAL MERCANTILE LTD.,90.50,90.50,90.50,90.50,86.25,4.93,0.00,0.00,4.93,98,8869.00,1
2026-09-15 00:00:00,LAKSHMIMIL,LAKSHMI MILLS CO. LTD.,7799.00,8000.00,7565.00,7565.00,7800.00,-3.01,435.00,5.58,-0.01,96,744297.00,33
2026-09-15 00:00:00,LOYALTEX,LOYAL TEXTILE MILLS LTD,209.00,211.00,209.00,210.00,213.83,-1.79,2.00,0.96,-2.26,73,15331.29,12
2026-09-15 00:00:00,ALFREDHE,ALFRED HERBERT INDIA L,2800.90,2880.00,2750.00,2820.00,2845.00,-0.88,130.00,4.64,-1.55,69,195935.40,43
2026-09-15 00:00:00,INDPRUD,INDUSTRIAL & PRU INV CO L,6260.00,6260.00,6080.00,6081.00,6250.00,-2.70,180.00,2.88,0.16,67,416577.00,17
2026-09-15 00:00:00,PACIFICI,PACIFIC INDUSTRIES LTD.,140.70,150.00,136.00,136.00,140.00,-2.86,14.00,9.95,0.50,66,9248.45,10
2026-09-15 00:00:00,SALONA,SALONA COTSPIN LTD.,255.05,265.00,255.00,257.15,260.05,-1.12,10.00,3.92,-1.92,65,16745.65,12
2026-09-15 00:00:00,TERAI,TERAI TEA CO. LTD.,125.63,125.63,120.69,125.63,126.90,-1.00,4.94,3.93,-1.00,57,7140.19,10
2026-09-15 00:00:00,ZSARACOM,SARASWATI COMM (INDIA) L,10600.00,11000.00,10300.00,10337.00,10797.00,-4.26,700.00,6.60,-1.82,43,459207.00,33
2026-09-15 00:00:00,SURYALA,SURYALATA SPINNING MILL L,399.20,416.00,395.25,401.00,395.25,1.45,20.75,5.20,1.00,41,16382.65,9
2026-09-15 00:00:00,THACKER,THACKER & CO. LTD.,1030.00,1030.00,1000.00,1000.00,1038.00,-3.66,30.00,2.91,-0.77,38,38990.00,5
2026-09-15 00:00:00,GROBTEA,THE GROB TEA COMPANY LTD,946.90,969.00,940.00,941.70,945.85,-0.44,29.00,3.06,0.11,29,27341.70,8
2026-09-15 00:00:00,WHBRADY,W H BRADY & CO. LTD.,481.30,481.30,477.00,477.00,480.50,-0.73,4.30,0.89,0.17,19,9126.90,7
2026-09-15 00:00:00,VADILENT,VADILAL ENTERPRISES LTD.,10400.00,10450.00,10400.00,10400.00,10400.00,0.00,50.00,0.48,0.00,11,114451.00,5
2026-09-15 00:00:00,ELCIDIN,ELCID INVESTMENTS LTD.,105035.00,105500.00,102210.00,102210.00,106850.00,-4.34,3290.00,3.13,-1.70,11,1152845.00,11
2026-09-15 00:00:00,THAKDEV,THAKKERS DEVELOPERS LTD.,128.15,128.15,128.15,128.15,128.15,0.00,0.00,0.00,0.00,10,1281.50,2
2026-09-15 00:00:00,COMPEAU,COMPETENT AUTOMOB CO. L,364.50,364.50,360.00,360.00,362.00,-0.55,4.50,1.23,0.69,10,3622.50,2
2026-09-15 00:00:00,NEAGI,NEELAMALAI AGRO INDS. L,3450.00,3450.00,3308.00,3308.00,3435.00,-3.70,142.00,4.12,0.44,10,33368.00,6
2026-09-15 00:00:00,UPHOT,U P HOTELS LTD.,1506.40,1550.00,1506.40,1550.00,1499.00,3.40,43.60,2.89,0.49,8,12299.40,3
2026-09-15 00:00:00,ADDIND,ADDI INDUSTRIES LTD.,79.41,80.00,79.00,79.00,77.48,1.96,1.00,1.26,2.49,6,477.30,5
2026-09-15 00:00:00,GSEC10ABSL,BIRLASLAMC - GSEC10ABSL,112.75,112.75,112.59,112.59,113.03,-0.39,0.16,0.14,-0.25,6,675.70,2
2026-09-15 00:00:00,ABGSEC,BIRLASLAMC - ABGSEC,113.96,113.96,113.07,113.07,113.96,-0.78,0.89,0.78,0.00,5,567.58,4
2026-09-15 00:00:00,SAB,S A B INDUSTRIES LTD.,175.05,175.05,175.05,175.05,175.05,0.00,0.00,0.00,0.00,5,875.25,1
2026-09-15 00:00:00,ARYAMAN,ARYAMAN FINANCIAL SERV L,632.00,632.00,632.00,632.00,635.00,-0.47,0.00,0.00,-0.47,5,3160.00,1
2026-09-15 00:00:00,SAMBANDAM,SAMBANDAM SPINNING MILL L,111.65,111.65,111.65,111.65,111.65,0.00,0.00,0.00,0.00,1,111.65,1
