TradDt,BizDt,Sgmt,Src,FinInstrmTp,FinInstrmId,ISIN,TckrSymb,SctySrs,XpryDt,FininstrmActlXpryDt,StrkPric,OptnTp,FinInstrmNm,OpnPric,HghPric,LwPric,ClsPric,LastPric,PrvsClsgPric,UndrlygPric,SttlmPric,OpnIntrst,ChngInOpnIntrst,TtlTradgVol,TtlTrfVal,TtlNbOfTxsExctd,SsnId,NewBrdLotQty,Rmks,Rsvd1,Rsvd2,Rsvd3,Rsvd4
2026-10-05,2026-10-05,CM,NSE,STK,14366,INE669E01016,IDEA,EQ,,,,,VODAFONE IDEA LIMITED,12.75,12.9,12.56,12.74,12.74,12.64,,12.74,,,460591162,5853041331.32,575476,F1,1,,,,,
2026-10-05,2026-10-05,CM,NSE,STK,766325,INE0PTN01011,MONEYVIEW,EQ,,,,,MONEYVIEW LIMITED,55.85,59.0,50.56,51.51,51.24,53.88,,51.51,,,218474338,11939892879.41,512329,F1,1,,,,,
2026-10-05,2026-10-05,CM,NSE,STK,29124,INE785M01021,PCJEWELLER,EQ,,,,,PC JEWELLER LTD,13.0,13.32,12.86,13.06,13.09,12.82,,13.06,,,199713384,2611934704.12,120038,F1,1,,,,,
2026-10-05,2026-10-05,CM,NSE,STK,766171,INE012G01022,HEROMOTORS,EQ,,,,,HERO MOTORS LIMITED,176.34,178.84,158.65,169.63,170.3,167.8,,169.62,,,146252658,24680728589.21,793578,F1,1,,,,,
2026-10-05,2026-10-05,CM,NSE,STK,766382,INE580P01029,ACEVECTOR,EQ,,,,,ACEVECTOR LIMITED,28.32,28.75,23.37,26.08,25.81,32.0,,26.08,,,114297844,2987565901.31,152137,F1,1,,,,,
2026-10-05,2026-10-05,CM,NSE,STK,15044,INE124G01033,DELTACORP,EQ,,,,,DELTA CORP LIMITED,74.6,87.67,71.23,85.43,85.0,73.48,,85.45,,,105531303,8622856002.04,381084,F1,1,,,,,
2026-10-05,2026-10-05,CM,NSE,STK,2320,INE103C01036,SMCGLOBAL,EQ,,,,,SMC GLOBAL SECURITIES LTD,100.0,118.8,96.22,114.5,114.9,99.06,,114.5,,,85008573,9488035118.32,497976,F1,1,,,,,
2026-10-05,2026-10-05,CM,NSE,STK,1333,INE040A01034,HDFCBANK,EQ,,,,,HDFC BANK LTD,731.95,734.2,701.25,704.8,704.8,721.2,,704.8,,,66056690,47292919489.9,478412,F1,1,,,,,
2026-10-05,2026-10-05,CM,NSE,STK,11915,INE528G01035,YESBANK,EQ,,,,,YES BANK LIMITED,21.05,21.23,20.91,21.06,21.06,20.75,,21.06,,,61113748,1287753557.08,79648,F1,1,,,,,
2026-10-05,2026-10-05,CM,NSE,STK,764537,INE551C01044,SHUKRAPHAR,EQ,,,,,SHUKRA PHARMACEUTICALS L,62.84,73.88,62.5,70.49,71.0,61.8,,70.47,,,55171960,3817450492.18,292029,F1,1,,,,,
2026-10-05,2026-10-05,CM,NSE,STK,12018,INE040H01021,SUZLON,EQ,,,,,SUZLON ENERGY LIMITED,39.0,39.46,38.75,38.92,38.92,38.91,,38.92,,,51123556,1997899947.53,83881,F1,1,,,,,
2026-10-05,2026-10-05,CM,NSE,STK,1660,INE154A01025,ITC,EQ,,,,,ITC LTD,260.95,269.8,259.0,268.9,268.9,255.9,,268.88,,,49020716,12945112202.95,189741,F1,1,,,,,
2026-10-05,2026-10-05,CM,NSE,STK,15259,INE614G01033,RPOWER,EQ,,,,,RELIANCE POWER LTD.,19.44,20.55,19.44,20.09,20.17,19.41,,20.09,,,44727097,894757591.04,83255,F1,1,,,,,
2026-10-05,2026-10-05,CM,NSE,STK,762670,INE507F01023,EMPOWER,EQ,,,,,EMPOWER INDIA LTD.,1.47,1.61,1.47,1.61,1.61,1.54,,1.61,,,43387876,67841405.23,5229,F1,1,,,,,
2026-10-05,2026-10-05,CM,NSE,STK,21428,INF277KA1984,TATSILV,EQ,,,,,TATAAML-TATSILV,21.3,21.57,21.3,21.53,21.52,21.2,,21.53,,,39353216,843403877.41,67987,F1,1,,,,,
2026-10-05,2026-10-05,CM,NSE,STK,759806,INE0HOQ01053,GROWW,EQ,,,,,BILLIONBRAINS GARAGE VN L,181.34,187.94,180.16,187.05,187.37,180.11,,187.05,,,38074910,7008023359.47,191019,F1,1,,,,,
2026-10-05,2026-10-05,CM,NSE,STK,24777,INE0LXG01040,OLAELEC,EQ,,,,,OLA ELECTRIC MOBILITY LTD,37.08,37.27,36.52,36.68,36.67,37.08,,36.68,,,35609938,1312331732.8,100726,F1,1,,,,,
2026-10-05,2026-10-05,CM,NSE,STK,1491,INE039A01010,IFCI,EQ,,,,,IFCI LTD,65.5,66.93,63.93,64.28,64.1,65.14,,64.28,,,33656348,2196486844.51,103118,F1,1,,,,,
2026-10-05,2026-10-05,CM,NSE,STK,6792,INE04AK01028,SBC,EQ,,,,,SBC EXPORTS LIMITED,59.57,63.14,57.36,62.04,61.9,58.54,,62.04,,,32139550,1943481582.6,52305,F1,1,,,,,
2026-10-05,2026-10-05,CM,NSE,STK,13745,INE221H01019,GTLINFRA,EQ,,,,,GTL INFRA.LTD,1.08,1.09,1.04,1.06,1.06,1.07,,1.06,,,31582248,33453743.91,13216,F1,1,,,,,
2026-10-05,2026-10-05,CM,NSE,STK,11763,INE351F01018,JPPOWER,EQ,,,,,JAIPRAKASH POWER VEN. LTD,15.0,15.1,14.86,14.91,14.91,14.8,,14.91,,,31282813,467986512.33,1159623,F1,1,,,,,
2026-10-05,2026-10-05,CM,NSE,STK,5097,INE758T01015,ETERNAL,EQ,,,,,ETERNAL LIMITED,308.95,322.85,308.1,320.8,320.8,313.9,,320.8,,,31037275,9836391663.3,150676,F1,1,,,,,
2026-10-05,2026-10-05,CM,NSE,STK,3787,INE075A01022,WIPRO,EQ,,,,,WIPRO LTD,163.0,164.3,161.43,162.14,162.14,159.35,,162.14,,,30838863,5014441117.96,109890,F1,1,,,,,
2026-10-05,2026-10-05,CM,NSE,STK,13796,INE201A01024,MANALIPETC,EQ,,,,,MANALI PETROCHEMICALS LT,80.53,91.9,80.1,87.19,88.21,78.15,,87.2,,,30033782,2632318714.3,149135,F1,1,,,,,
2026-10-05,2026-10-05,CM,NSE,STK,759723,INE0LP301011,PWL,EQ,,,,,PHYSICSWALLAH LIMITED,120.71,133.47,120.71,131.1,131.0,120.17,,131.11,,,28246518,3621079283.02,164391,F1,1,,,,,
2026-10-05,2026-10-05,CM,NSE,STK,766366,INE0D4501011,GERMAN,EQ,,,,,GERMAN GREEN STEEL N PW L,142.0,142.81,125.5,128.33,128.14,139.0,,128.32,,,26790268,3637233976.02,185971,F1,1,,,,,
2026-10-05,2026-10-05,CM,NSE,STK,3048,INE109A01011,SCI,EQ,,,,,SHIPPING CORP OF INDIA LT,272.0,292.6,271.45,290.6,290.9,267.05,,290.6,,,24814404,7057354005.5,259740,F1,1,,,,,
2026-10-05,2026-10-05,CM,NSE,STK,20788,INE0FRK01020,MOTISONS,EQ,,,,,MOTISONS JEWELLERS LTD,18.0,18.41,17.55,17.74,17.68,17.88,,17.74,,,24288664,435519769.01,22706,F1,1,,,,,
2026-10-05,2026-10-05,CM,NSE,STK,750368,INE704J01044,VOGL,EQ,,,,,VEDANTA OIL AND GAS LTD,31.95,32.14,30.63,30.87,30.88,31.98,,30.87,,,23982297,747237815.09,145271,F1,1,,,,,
2026-10-05,2026-10-05,CM,NSE,STK,24999,INE126M01010,IBULLSLTD,EQ,,,,,INDIABULLS LIMITED,30.1,30.8,29.17,29.48,29.5,29.43,,29.48,,,23357499,694973408.4,19130,F1,1,,,,,
2026-10-05,2026-10-05,CM,NSE,STK,23647,INE185E01021,FILATFASH,EQ,,,,,FILATEX FASHIONS LIMITED,0.19,0.19,0.18,0.18,0.19,0.18,,0.19,,,22802731,4165173.57,1791,F1,1,,,,,
2026-10-05,2026-10-05,CM,NSE,STK,10794,INE476A01022,CANBK,EQ,,,,,CANARA BANK,119.39,120.96,118.21,118.5,118.5,118.36,,118.51,,,22263750,2657285804.4,138284,F1,1,,,,,
2026-10-05,2026-10-05,CM,NSE,STK,1922,INE237A01036,KOTAKBANK,EQ,,,,,KOTAK MAHINDRA BANK LTD,418.0,424.45,413.75,416.0,416.0,418.35,,416.0,,,21967652,9187765278.75,157580,F1,1,,,,,
2026-10-05,2026-10-05,CM,NSE,STK,3499,INE081A01020,TATASTEEL,EQ,,,,,TATA STEEL LIMITED,179.28,181.28,177.02,178.14,178.14,178.0,,178.14,,,20426029,3646243632.34,161493,F1,1,,,,,
2026-10-05,2026-10-05,CM,NSE,STK,17801,INE093R01011,LLOYDSENGG,EQ,,,,,LLOYDS ENGG WORK LIMITED,99.35,103.4,98.75,102.2,102.55,98.31,,102.2,,,20393622,2074303612.29,88806,F1,1,,,,,
2026-10-05,2026-10-05,CM,NSE,STK,11992,INE312C01025,SYNCOMF,EQ,,,,,SYNCOM FORMU (I) LTD,24.01,24.7,22.7,23.14,23.04,23.96,,23.14,,,20341146,480583055.57,35760,F1,1,,,,,
2026-10-05,2026-10-05,CM,NSE,STK,17376,INE688J01023,LANDSMILL,EQ,,,,,LANDSMILL GREEN LIMITED,1.08,1.14,0.98,1.03,1.04,1.05,,1.03,,,20241917,21539234.6,4560,F1,1,,,,,
2026-10-05,2026-10-05,CM,NSE,STK,17388,INE814H01029,ADANIPOWER,EQ,,,,,ADANI POWER LTD,197.17,201.68,197.1,201.0,201.0,196.21,,201.0,,,19752263,3937677428.19,131298,F1,1,,,,,
2026-10-05,2026-10-05,CM,NSE,STK,2475,INE213A01029,ONGC,EQ,,,,,OIL AND NATURAL GAS CORP.,222.5,226.69,222.42,224.9,224.9,222.37,,224.9,,,19420879,4357223521.01,106287,F1,1,,,,,
2026-10-05,2026-10-05,CM,NSE,STK,6545,INE388Y01029,NYKAA,EQ,,,,,FSN E COMMERCE VENTURES,335.0,344.55,335.0,339.55,339.55,324.95,,339.55,,,19341790,6576033728.55,249854,F1,1,,,,,
2026-10-05,2026-10-05,CM,NSE,STK,14766,INE945H01021,V2RETAIL,EQ,,,,,V2 RETAIL LIMITED,183.99,183.99,162.33,169.28,167.89,201.39,,169.24,,,18473874,3183657734.38,221803,F1,1,,,,,
2026-10-05,2026-10-05,CM,NSE,STK,11184,INE092T01019,IDFCFIRSTB,EQ,,,,,IDFC FIRST BANK LIMITED,80.76,82.3,80.65,82.22,82.22,80.39,,82.22,,,18439126,1508840049.22,63525,F1,1,,,,,
2026-10-05,2026-10-05,CM,NSE,STK,6198,INE045J01034,FCL,EQ,,,,,FINEOTEX CHEMICAL LIMITED,55.68,55.85,53.21,54.03,54.25,55.72,,54.03,,,18407766,999587631.8,62056,F1,1,,,,,
2026-10-05,2026-10-05,CM,NSE,STK,13528,INE776C01039,GMRAIRPORT,EQ,,,,,GMR AIRPORTS LIMITED,93.16,93.54,91.23,92.79,92.79,93.16,,92.79,,,18285663,1687557264.36,41657,F1,1,,,,,
2026-10-05,2026-10-05,CM,NSE,STK,2259,INE083A01026,MOREPENLAB,EQ,,,,,MOREPEN LAB. LTD,134.5,137.64,130.46,135.29,135.72,133.72,,135.29,,,18241253,2442137069.33,85596,F1,1,,,,,
2026-10-05,2026-10-05,CM,NSE,STK,2263,INE545U01014,BANDHANBNK,EQ,,,,,BANDHAN BANK LIMITED,176.0,176.73,168.05,168.27,168.27,176.0,,168.29,,,18154959,3092454790.87,95100,F1,1,,,,,
2026-10-05,2026-10-05,CM,NSE,STK,762675,INE417D01020,FEDDERSHOL,EQ,,,,,FEDDERS HOLDING LTD.,65.4,67.1,62.8,64.23,64.0,63.63,,64.24,,,18059133,1178698412.06,66223,F1,1,,,,,
2026-10-05,2026-10-05,CM,NSE,STK,27052,INE0W2G01015,SAGILITY,EQ,,,,,SAGILITY LIMITED,43.25,43.82,42.21,42.57,42.57,43.17,,42.57,,,17899984,766105730.67,26141,F1,1,,,,,
2026-10-05,2026-10-05,CM,NSE,STK,766021,INE877D01025,KANOHAR,EQ,,,,,KANOHAR ELECTRICALS LTD,916.0,1047.8,916.0,1020.25,1018.6,906.35,,1020.13,,,17161082,16862303839.5,516269,F1,1,,,,,
2026-10-05,2026-10-05,CM,NSE,STK,15228,INE551W01018,UJJIVANSFB,EQ,,,,,UJJIVAN SMALL FINANC BANK,66.98,67.65,65.92,66.59,66.59,65.6,,66.6,,,16279797,1087087679.34,76308,F1,1,,,,,
2026-10-05,2026-10-05,CM,NSE,STK,18143,INE758E01017,JIOFIN,EQ,,,,,JIO FIN SERVICES LTD,213.85,213.99,210.52,212.0,212.0,212.5,,212.0,,,16101981,3410906548.16,137102,F1,1,,,,,
2026-10-05,2026-10-05,CM,NSE,STK,18520,INE509F01029,CUPID,EQ,,,,,CUPID LIMITED,314.3,316.0,302.1,310.1,310.0,312.5,,310.09,,,15766847,4887136621.8,154999,F1,1,,,,,
2026-10-05,2026-10-05,CM,NSE,STK,4745,INE084A01016,BANKINDIA,EQ,,,,,BANK OF INDIA,132.09,136.27,132.0,133.5,133.5,129.48,,133.5,,,15657633,2098784935.82,67218,F1,1,,,,,
2026-10-05,2026-10-05,CM,NSE,STK,750518,INE694L01019,VEDPOWER,EQ,,,,,VEDANTA POWER LIMITED,32.8,33.15,31.49,31.87,31.92,32.77,,31.87,,,15572832,500864484.59,183372,F1,1,,,,,
2026-10-05,2026-10-05,CM,NSE,STK,308,INE306A01021,BAJAJHIND,EQ,,,,,BAJAJ HINDUSTHAN SUGAR LT,19.5,20.23,19.5,19.96,19.98,19.19,,19.96,,,15512797,309449555.96,21254,F1,1,,,,,
2026-10-05,2026-10-05,CM,NSE,STK,3812,INE256A01028,ZEEL,EQ,,,,,ZEE ENTERTAINMENT ENT LTD,72.09,74.57,72.09,73.57,73.8,71.92,,73.57,,,15449821,1132544836.45,57132,F1,1,,,,,
2026-10-05,2026-10-05,CM,NSE,STK,3466,INE305A01023,TFCILTD,EQ,,,,,TOURISM FINANCE CORP. OF,139.6,141.47,138.32,139.65,139.77,138.79,,139.67,,,15041651,2095276438.13,30421,F1,1,,,,,
2026-10-05,2026-10-05,CM,NSE,STK,750290,INE1CLE01013,VISL,EQ,,,,,VEDANTA IRON AND STEEL L,30.99,31.32,30.16,30.74,30.7,31.17,,30.75,,,14830747,456459796.73,42175,F1,1,,,,,
2026-10-05,2026-10-05,CM,NSE,STK,4204,INE775A01035,MOTHERSON,EQ,,,,,SAMVRDHNA MTHRSN INTL LTD,157.0,159.39,154.76,156.5,156.5,157.03,,156.54,,,14480075,2263133560.44,106253,F1,1,,,,,
2026-10-05,2026-10-05,CM,NSE,STK,2885,INE002A01018,RELIANCE,EQ,,,,,RELIANCE INDUSTRIES LTD,1171.2,1193.0,1171.2,1186.4,1186.4,1167.7,,1186.4,,,14254907,16844086844.0,302759,F1,1,,,,,
2026-10-05,2026-10-05,CM,NSE,STK,758958,INE1VXE01018,STLNETWORK,EQ,,,,,STL NETWORKS LIMITED,47.0,47.0,44.83,44.84,44.83,47.18,,44.84,,,13766834,623216301.31,17511,F1,1,,,,,
2026-10-05,2026-10-05,CM,NSE,STK,765140,INE258R01028,PANORAMA,EQ,,,,,PANORAMA STUDIOS INTL. L,65.51,69.5,62.01,63.5,64.31,60.91,,63.5,,,13683999,902035334.7,54170,F1,1,,,,,
2026-10-05,2026-10-05,CM,NSE,STK,766377,INE0J1N01028,ORIENTCABL,EQ,,,,,ORIENT CABLES (INDIA) LTD,450.0,464.85,405.0,405.0,405.0,272.0,,403.97,,,13566765,5910224462.55,152663,F1,1,,,,,
2026-10-05,2026-10-05,CM,NSE,STK,3456,INE155A01022,TMPV,EQ,,,,,TATA MOTORS PASS VEH LTD,280.1,289.8,278.95,288.65,288.65,279.4,,288.63,,,13512719,3865354340.4,146402,F1,1,,,,,
2026-10-05,2026-10-05,CM,NSE,STK,766391,INE804W01029,RUNWALENTR,EQ,,,,,RUNWAL ENTERPRISES LTD,305.0,307.75,281.2,301.45,304.9,305.0,,301.32,,,13471588,4013295906.0,134157,F1,1,,,,,
2026-10-05,2026-10-05,CM,NSE,STK,15174,INE763I01026,TARIL,EQ,,,,,TRANS & RECTI. LTD,287.6,297.9,283.25,285.45,284.6,280.8,,285.45,,,13448683,3901805177.6,146774,F1,1,,,,,
2026-10-05,2026-10-05,CM,NSE,STK,2955,INE303R01014,KALYANKJIL,EQ,,,,,KALYAN JEWELLERS IND LTD,534.9,564.95,529.1,556.85,556.85,528.5,,556.87,,,13447714,7456278263.1,141286,F1,1,,,,,
2026-10-05,2026-10-05,CM,NSE,STK,25468,INE420C01059,PAISALO,EQ,,,,,PAISALO DIGITAL LIMITED,80.5,81.59,78.95,81.13,81.0,79.9,,81.13,,,13369295,1079981323.93,33638,F1,1,,,,,
2026-10-05,2026-10-05,CM,NSE,STK,6656,INE417T01026,POLICYBZR,EQ,,,,,PB FINTECH LIMITED,984.9,1006.3,945.1,976.2,976.2,980.0,,976.24,,,13249741,12962486449.9,364271,F1,1,,,,,
2026-10-05,2026-10-05,CM,NSE,STK,4963,INE090A01021,ICICIBANK,EQ,,,,,ICICI BANK LTD.,1311.0,1334.7,1303.7,1332.0,1332.0,1310.6,,1332.0,,,13223493,17450790020.2,165406,F1,1,,,,,
2026-10-05,2026-10-05,CM,NSE,STK,11377,INE457A01014,MAHABANK,EQ,,,,,BANK OF MAHARASHTRA,81.01,82.4,79.85,80.9,80.9,80.5,,80.9,,,13114830,1063529269.64,44761,F1,1,,,,,
2026-10-05,2026-10-05,CM,NSE,STK,2283,INE103A01014,MRPL,EQ,,,,,MRPL,164.79,173.7,163.25,172.43,173.1,164.76,,172.44,,,13082595,2217117125.94,76853,F1,1,,,,,
2026-10-05,2026-10-05,CM,NSE,STK,317,INE296A01032,BAJFINANCE,EQ,,,,,BAJAJ FINANCE LIMITED,962.55,995.8,962.55,970.0,970.0,948.3,,970.0,,,12682669,12426233433.7,186471,F1,1,,,,,
2026-10-05,2026-10-05,CM,NSE,STK,25178,INE419M01035,TDPOWERSYS,EQ,,,,,TD POWER SYSTEMS LTD.,801.0,856.1,796.0,812.9,814.3,792.15,,812.89,,,12561061,10393390565.05,347296,F1,1,,,,,
2026-10-05,2026-10-05,CM,NSE,STK,10666,INE160A01022,PNB,EQ,,,,,PUNJAB NATIONAL BANK,110.65,113.58,110.5,112.35,112.35,109.57,,112.34,,,12282429,1379692894.18,66058,F1,1,,,,,
2026-10-05,2026-10-05,CM,NSE,STK,1594,INE009A01021,INFY,EQ,,,,,INFOSYS LIMITED,1050.0,1052.3,1010.0,1020.5,1020.5,1035.0,,1020.49,,,12126808,12427991679.85,190921,F1,1,,,,,
2026-10-05,2026-10-05,CM,NSE,STK,15332,INE584A01023,NMDC,EQ,,,,,NMDC LTD.,75.0,75.51,73.06,73.74,73.74,74.64,,73.74,,,11989948,888844836.53,65655,F1,1,,,,,
2026-10-05,2026-10-05,CM,NSE,STK,1476,INE008A01015,IDBI,EQ,,,,,IDBI BANK LIMITED,87.0,88.01,85.35,86.31,86.35,86.57,,86.32,,,11796166,1021914035.78,62476,F1,1,,,,,
2026-10-05,2026-10-05,CM,NSE,STK,16249,INE483S01020,CCAVENUE,EQ,,,,,AVENUESAI LIMITED,15.25,15.45,14.95,14.99,15.0,15.28,,14.99,,,11659060,176377192.28,13497,F1,1,,,,,
2026-10-05,2026-10-05,CM,NSE,STK,2963,INE114A01011,SAIL,EQ,,,,,STEEL AUTHORITY OF INDIA,174.21,180.44,173.28,176.95,176.95,174.5,,176.93,,,11407529,2006130026.89,67552,F1,1,,,,,
2026-10-05,2026-10-05,CM,NSE,STK,14299,INE134E01011,PFC,EQ,,,,,POWER FIN CORP LTD.,320.1,323.35,317.7,322.0,322.0,318.0,,322.01,,,11353503,3641305380.95,95145,F1,1,,,,,
2026-10-05,2026-10-05,CM,NSE,STK,1375,INE549A01026,HCC,EQ,,,,,HINDUSTAN CONSTRUCTION CO,20.3,20.59,19.95,20.0,20.04,20.23,,20.0,,,11202334,227008473.84,21222,F1,1,,,,,
2026-10-05,2026-10-05,CM,NSE,STK,27066,INE00H001014,SWIGGY,EQ,,,,,SWIGGY LIMITED,239.2,246.3,237.4,238.8,238.8,238.0,,238.79,,,11179271,2694846099.7,51709,F1,1,,,,,
2026-10-05,2026-10-05,CM,NSE,STK,383,INE263A01024,BEL,EQ,,,,,BHARAT ELECTRONICS LTD,383.1,384.85,377.0,384.85,384.85,383.1,,384.83,,,10909395,4154294807.7,101506,F1,1,,,,,
2026-10-05,2026-10-05,CM,NSE,STK,4668,INE028A01039,BANKBARODA,EQ,,,,,BANK OF BARODA,233.11,237.32,231.93,232.8,232.8,230.82,,232.79,,,10802904,2528034665.37,60531,F1,1,,,,,
2026-10-05,2026-10-05,CM,NSE,STK,750174,INE1CDF01017,VAML,EQ,,,,,VEDANTA ALUMINIUM METAL L,403.5,410.95,391.45,396.6,396.0,402.75,,396.6,,,10726817,4264402705.6,144298,F1,1,,,,,
2026-10-05,2026-10-05,CM,NSE,STK,5948,INE683A01023,SOUTHBANK,EQ,,,,,THE SOUTH INDIAN BANK LTD,48.45,48.7,47.8,48.54,48.6,47.44,,48.54,,,10708341,517996986.89,47253,F1,1,,,,,
2026-10-05,2026-10-05,CM,NSE,STK,9939,INE840Y01029,ONEPOINT,EQ,,,,,ONE POINT ONE SOL LTD,75.1,81.0,74.3,78.33,78.6,74.37,,78.33,,,10495734,824132487.24,63278,F1,1,,,,,
2026-10-05,2026-10-05,CM,NSE,STK,17520,INE399K01017,RTNPOWER,EQ,,,,,RATTANINDIA POWER LIMITED,6.74,6.83,6.69,6.73,6.71,6.74,,6.73,,,10445792,70596727.08,12898,F1,1,,,,,
2026-10-05,2026-10-05,CM,NSE,STK,15313,INE821I01022,IRB,EQ,,,,,IRB INFRA DEV LTD.,17.05,17.3,16.8,16.87,16.92,17.0,,16.87,,,10276300,174193700.06,23245,F1,1,,,,,
2026-10-05,2026-10-05,CM,NSE,STK,14255,INE891D01026,REDINGTON,EQ,,,,,REDINGTON LIMITED,400.45,416.9,400.45,412.75,411.45,397.95,,412.75,,,10144724,4171485111.0,132806,F1,1,,,,,
2026-10-05,2026-10-05,CM,NSE,STK,12026,INE087H01022,RENUKA,EQ,,,,,SHREE RENUKA SUGARS LTD,21.61,22.36,21.61,21.76,21.72,21.34,,21.76,,,9972873,218104841.36,19965,F1,1,,,,,
2026-10-05,2026-10-05,CM,NSE,STK,17675,INE270A01029,ALOKINDS,EQ,,,,,ALOK INDUSTRIES LIMITED,7.06,7.24,7.04,7.12,7.15,7.06,,7.12,,,9915737,70779166.32,8661,F1,1,,,,,
2026-10-05,2026-10-05,CM,NSE,STK,212,INE208A01029,ASHOKLEY,EQ,,,,,ASHOK LEYLAND LTD,151.4,153.65,151.23,152.6,152.6,150.48,,152.61,,,9914723,1511123220.23,75424,F1,1,,,,,
2026-10-05,2026-10-05,CM,NSE,STK,4717,INE129A01019,GAIL,EQ,,,,,GAIL (INDIA) LTD,171.62,173.6,166.44,167.5,167.5,171.22,,167.5,,,9655433,1635066180.26,65202,F1,1,,,,,
2026-10-05,2026-10-05,CM,NSE,STK,1624,INE242A01010,IOC,EQ,,,,,INDIAN OIL CORP LTD,132.48,134.35,129.8,130.5,130.5,131.34,,130.51,,,9644919,1267379824.58,71876,F1,1,,,,,
2026-10-05,2026-10-05,CM,NSE,STK,760229,INE0VDM01015,MEESHO,EQ,,,,,MEESHO LIMITED,220.66,227.89,219.6,226.5,225.85,218.69,,226.5,,,9583072,2143222338.24,84117,F1,1,,,,,
2026-10-05,2026-10-05,CM,NSE,STK,11630,INE733E01010,NTPC,EQ,,,,,NTPC LTD,316.05,323.55,316.05,321.8,321.8,315.1,,321.8,,,9458589,3037214107.15,111347,F1,1,,,,,
2026-10-05,2026-10-05,CM,NSE,STK,759820,INE15B701018,PINELABS,EQ,,,,,PINE LABS LIMITED,169.5,171.48,166.27,167.16,166.8,167.59,,167.17,,,9150895,1544172077.82,65581,F1,1,,,,,
2026-10-05,2026-10-05,CM,NSE,STK,11530,INE02YR01019,EMIL,EQ,,,,,ELECTRONICS MART IND LTD,207.0,211.66,202.65,205.1,204.3,204.05,,205.1,,,9139822,1900978843.71,76867,F1,1,,,,,
2026-10-05,2026-10-05,CM,NSE,STK,8833,INE425B01027,BCG,EQ,,,,,BRIGHTCOM GROUP LIMITED,9.72,9.74,9.05,9.17,9.18,9.52,,9.17,,,9004653,83071427.47,9896,F1,1,,,,,
2026-10-05,2026-10-05,CM,NSE,STK,967,INE754A01055,SUBEXLTD,EQ,,,,,SUBEX LTD,19.5,20.24,19.11,19.21,19.25,19.34,,19.21,,,8970071,175937443.42,24382,F1,1,,,,,
2026-10-05,2026-10-05,CM,NSE,STK,2029,INE053F01010,IRFC,EQ,,,,,INDIAN RAILWAY FIN CORP L,78.0,78.1,76.06,76.5,76.5,77.06,,76.5,,,8816833,677813805.44,59541,F1,1,,,,,
2026-10-05,2026-10-05,CM,NSE,STK,15355,INE020B01018,RECLTD,EQ,,,,,REC LIMITED,288.0,296.8,287.3,295.65,295.65,287.75,,295.64,,,8639552,2535464563.1,63398,F1,1,,,,,
2026-10-05,2026-10-05,CM,NSE,STK,8596,INE0FS801015,MSUMI,EQ,,,,,MOTHERSON SUMI WRNG IND L,33.53,33.7,32.7,32.89,32.96,33.53,,32.89,,,8274064,273225281.64,43813,F1,1,,,,,
2026-10-05,2026-10-05,CM,NSE,STK,438,INE257A01026,BHEL,EQ,,,,,BHEL,424.95,433.45,423.1,429.0,429.0,421.0,,428.96,,,8225965,3528399633.0,85230,F1,1,,,,,
2026-10-05,2026-10-05,CM,NSE,STK,3045,INE062A01020,SBIN,EQ,,,,,STATE BANK OF INDIA,959.0,969.45,956.0,958.0,958.0,954.1,,958.0,,,8165087,7844722029.8,180329,F1,1,,,,,
2026-10-05,2026-10-05,CM,NSE,STK,759782,INE1TAE01010,TMCV,EQ,,,,,TATA MOTORS LIMITED,415.5,428.85,412.7,426.8,425.95,415.5,,426.8,,,8038049,3388027545.6,126226,F1,1,,,,,
2026-10-05,2026-10-05,CM,NSE,STK,10753,INE692A01016,UNIONBANK,EQ,,,,,UNION BANK OF INDIA,169.0,171.09,165.68,167.97,167.97,167.59,,167.97,,,7966548,1338396498.58,59745,F1,1,,,,,
2026-10-05,2026-10-05,CM,NSE,STK,526,INE029A01011,BPCL,EQ,,,,,BHARAT PETROLEUM CORP  LT,301.5,306.55,294.3,296.95,296.95,300.6,,296.94,,,7903107,2363785095.4,55603,F1,1,,,,,
2026-10-05,2026-10-05,CM,NSE,STK,20374,INE522F01014,COALINDIA,EQ,,,,,COAL INDIA LTD,425.0,430.9,421.6,425.1,425.1,420.4,,425.1,,,7764099,3306445074.9,103761,F1,1,,,,,
2026-10-05,2026-10-05,CM,NSE,STK,31415,INE095N01031,NBCC,EQ,,,,,NBCC (INDIA) LIMITED,78.11,78.27,75.75,76.2,76.2,77.4,,76.2,,,7593129,581258892.37,36371,F1,1,,,,,
2026-10-05,2026-10-05,CM,NSE,STK,1023,INE171A01029,FEDERALBNK,EQ,,,,,FEDERAL BANK LTD,318.95,328.2,318.5,327.35,327.35,318.2,,327.35,,,7542230,2455019377.0,96271,F1,1,,,,,
2026-10-05,2026-10-05,CM,NSE,STK,5900,INE238A01034,AXISBANK,EQ,,,,,AXIS BANK LIMITED,1229.0,1237.4,1216.4,1222.2,1222.2,1217.1,,1222.2,,,7472163,9178789346.2,222415,F1,1,,,,,
2026-10-05,2026-10-05,CM,NSE,STK,14977,INE752E01010,POWERGRID,EQ,,,,,POWER GRID CORP. LTD.,255.4,259.5,255.4,257.0,257.0,254.55,,257.0,,,7327971,1884705897.5,44990,F1,1,,,,,
2026-10-05,2026-10-05,CM,NSE,STK,10604,INE397D01024,BHARTIARTL,EQ,,,,,BHARTI AIRTEL LIMITED,1742.3,1779.9,1742.3,1779.9,1779.9,1741.1,,1779.9,,,7310041,12913255788.4,182824,F1,1,,,,,
2026-10-05,2026-10-05,CM,NSE,STK,3063,INE205A01025,VEDL,EQ,,,,,VEDANTA LIMITED,253.3,256.6,252.05,255.05,255.05,252.05,,255.05,,,7161255,1822162887.05,63796,F1,1,,,,,
2026-10-05,2026-10-05,CM,NSE,STK,30125,INE148I01020,SAMMAANCAP,EQ,,,,,SAMMAAN CAPITAL LIMITED,135.05,138.75,132.51,133.11,133.15,132.48,,133.11,,,7143240,966768101.27,43395,F1,1,,,,,
2026-10-05,2026-10-05,CM,NSE,STK,17029,INE619A01035,PATANJALI,EQ,,,,,PATANJALI FOODS LIMITED,356.0,358.8,348.85,355.7,355.7,355.15,,355.7,,,7070094,2499462302.4,40883,F1,1,,,,,
2026-10-05,2026-10-05,CM,NSE,STK,760946,INE2KCE01013,KWIL,EQ,,,,,KWALITY WALL'S (INDIA) L,38.73,39.22,37.71,37.88,37.75,38.36,,37.88,,,7027970,268864331.04,26191,F1,1,,,,,
2026-10-05,2026-10-05,CM,NSE,STK,11223,INE691A01018,UCOBANK,EQ,,,,,UCO BANK,23.05,23.9,22.96,23.16,23.14,22.93,,23.16,,,7010331,163839146.08,22779,F1,1,,,,,
2026-10-05,2026-10-05,CM,NSE,STK,19585,INE118H01025,BSE,EQ,,,,,BSE LIMITED,3052.0,3181.0,3036.0,3179.6,3179.6,3046.0,,3179.6,,,6735475,21089166145.0,240506,F1,1,,,,,
2026-10-05,2026-10-05,CM,NSE,STK,21794,INE179G01029,DAVANGERE,EQ,,,,,DAVANGERE SUGAR COMPANY L,2.25,2.32,2.25,2.29,2.3,2.26,,2.29,,,6379071,14587857.38,2579,F1,1,,,,,
2026-10-05,2026-10-05,CM,NSE,STK,9480,INE0J1Y01017,LICI,EQ,,,,,LIFE INSURA CORP OF INDIA,392.5,394.8,385.5,388.7,388.7,391.85,,388.69,,,6242567,2425922592.4,73609,F1,1,,,,,
2026-10-05,2026-10-05,CM,NSE,STK,2792,INE07O001026,EASEMYTRIP,EQ,,,,,EASY TRIP PLANNERS LTD,5.8,5.83,5.76,5.77,5.77,5.76,,5.77,,,6177377,35705732.91,5454,F1,1,,,,,
2026-10-05,2026-10-05,CM,NSE,STK,766176,INE1EQW01028,SSRETAIL,EQ,,,,,SS RETAIL LIMITED,712.05,712.05,666.4,677.15,673.9,714.35,,677.55,,,6132724,4215880106.75,162155,F1,1,,,,,
2026-10-05,2026-10-05,CM,NSE,STK,7325,INE843D01027,DCMSRIND,EQ,,,,,DCM SHRIRAM IND LTD,37.69,45.22,37.31,39.06,39.0,37.69,,39.06,,,6126018,256703446.29,21019,F1,1,,,,,
2026-10-05,2026-10-05,CM,NSE,STK,27969,INE01EA01019,VMM,EQ,,,,,VISHAL MEGA MART LIMITED,100.6,100.6,98.1,98.25,98.25,99.5,,98.25,,,5980303,590971847.14,26769,F1,1,,,,,
2026-10-05,2026-10-05,CM,NSE,STK,7852,INE066P01011,INOXWIND,EQ,,,,,INOX WIND LIMITED,69.0,69.88,67.6,67.8,67.8,68.75,,67.72,,,5978012,409678909.56,25262,F1,1,,,,,
2026-10-05,2026-10-05,CM,NSE,STK,21339,INE503B01021,STEELXIND,EQ,,,,,STEEL EXCHANGE INDIA LTD,11.23,11.56,11.1,11.12,11.12,11.22,,11.12,,,5966946,66910265.87,5008,F1,1,,,,,
2026-10-05,2026-10-05,CM,NSE,STK,761469,INE12UN01015,SHADOWFAX,EQ,,,,,SHADOWFAX TECHNOLOGIES L,274.05,290.5,274.05,289.05,289.05,273.15,,289.05,,,5956547,1709254022.25,87210,F1,1,,,,,
2026-10-05,2026-10-05,CM,NSE,STK,11253,INE192B01031,WELSPUNLIV,EQ,,,,,WELSPUN LIVING LIMITED,241.5,243.0,228.01,230.27,230.0,239.17,,230.27,,,5875615,1368612397.93,73572,F1,1,,,,,
2026-10-05,2026-10-05,CM,NSE,STK,29135,INE121J01017,INDUSTOWER,EQ,,,,,INDUS TOWERS LIMITED,381.4,381.45,375.25,380.2,380.2,376.25,,380.2,,,5862757,2223601216.0,68912,F1,1,,,,,
2026-10-05,2026-10-05,CM,NSE,STK,766005,INE644Q01039,GLASSWALL,EQ,,,,,GLASS WALL SYSTEM (I) LTD,270.7,273.35,251.35,254.7,254.3,270.4,,254.71,,,5836047,1525889222.85,64405,F1,1,,,,,
2026-10-05,2026-10-05,CM,NSE,STK,765524,INE185Q01025,LUMINO,EQ,,,,,LUMINO INDUSTRIES LIMITED,98.4,100.68,97.54,98.88,99.48,96.48,,98.88,,,5684052,563961092.97,32053,F1,1,,,,,
2026-10-05,2026-10-05,CM,NSE,STK,760073,INE903A01025,JAYKAY,EQ,,,,,JAYKAY ENTERPRISES LTD,203.45,230.0,203.45,221.97,224.85,201.46,,221.94,,,5652546,1243765857.38,82103,F1,1,,,,,
2026-10-05,2026-10-05,CM,NSE,STK,762663,INE669R01026,ELITECON,EQ,,,,,ELITECON INTERNATIONAL L,7.98,7.98,7.45,7.49,7.49,7.79,,7.49,,,5648103,43084036.12,8909,F1,1,,,,,
2026-10-05,2026-10-05,CM,NSE,STK,17939,INE531E01026,HINDCOPPER,EQ,,,,,HINDUSTAN COPPER LTD,466.05,481.0,465.15,478.65,478.95,462.15,,478.65,,,5563749,2649407025.05,93099,F1,1,,,,,
2026-10-05,2026-10-05,CM,NSE,STK,21828,INE621L01012,TEXRAIL,EQ,,,,,TEXMACO RAIL & ENG. LTD.,128.0,128.99,116.51,117.18,117.03,126.86,,117.19,,,5444925,653443112.59,56212,F1,1,,,,,
2026-10-05,2026-10-05,CM,NSE,STK,1328,INE01JE01028,MARINE,EQ,,,,,MARINE ELECTRICAL (I) LTD,441.0,474.9,441.0,469.15,468.0,436.55,,469.15,,,5426250,2518640734.1,119828,F1,1,,,,,
2026-10-05,2026-10-05,CM,NSE,STK,760726,INE05XR01022,BHARATCOAL,EQ,,,,,BHARAT COKING COAL LTD,31.8,32.3,31.37,31.88,31.94,31.75,,31.88,,,5387913,171138517.08,20749,F1,1,,,,,
2026-10-05,2026-10-05,CM,NSE,STK,11287,INE628A01036,UPL,EQ,,,,,UPL LIMITED,520.5,526.8,496.05,502.5,502.5,516.8,,502.48,,,5330366,2704009001.0,42874,F1,1,,,,,
2026-10-05,2026-10-05,CM,NSE,STK,11536,INE467B01029,TCS,EQ,,,,,TATA CONSULTANCY SERV LT,2114.0,2140.9,2063.6,2114.4,2114.4,2075.0,,2114.35,,,5270768,11105249135.7,158717,F1,1,,,,,
2026-10-05,2026-10-05,CM,NSE,STK,761197,INE0V0W01025,GKSL,EQ,,,,,GUJARAT KIDNEY N SUP SP L,198.0,199.0,183.02,190.34,189.69,194.27,,190.32,,,5218727,996837911.47,56512,F1,1,,,,,
2026-10-05,2026-10-05,CM,NSE,STK,757767,INE12NJ01018,SAMBHV,EQ,,,,,SAMBHV STEEL TUBES LTD,163.0,171.7,162.41,164.66,164.79,161.45,,164.66,,,5203406,866021953.16,54666,F1,1,,,,,
2026-10-05,2026-10-05,CM,NSE,STK,4907,INE510A01028,ENGINERSIN,EQ,,,,,ENGINEERS INDIA LTD,316.4,319.2,306.9,307.85,307.5,312.75,,307.85,,,5190169,1622076637.35,61548,F1,1,,,,,
2026-10-05,2026-10-05,CM,NSE,STK,15308,INE964H01014,SEPC,EQ,,,,,SEPC LIMITED,5.2,5.23,5.07,5.11,5.12,5.08,,5.11,,,5180319,26550862.42,3575,F1,1,,,,,
2026-10-05,2026-10-05,CM,NSE,STK,6364,INE139A01034,NATIONALUM,EQ,,,,,NATIONAL ALUMINIUM CO LTD,335.9,344.1,334.3,340.0,340.0,334.9,,340.0,,,5169746,1745629315.35,65108,F1,1,,,,,
2026-10-05,2026-10-05,CM,NSE,STK,4306,INE721A01047,SHRIRAMFIN,EQ,,,,,SHRIRAM FINANCE LIMITED,964.0,973.5,954.0,971.4,971.4,945.0,,971.41,,,5092892,4920676305.15,94768,F1,1,,,,,
2026-10-05,2026-10-05,CM,NSE,STK,3908,INE309M01020,PREMIERPOL,EQ,,,,,PREMIER POLYFILM LTD,91.02,106.05,89.81,101.54,102.0,90.64,,101.56,,,5042542,506079206.81,59523,F1,1,,,,,
2026-10-05,2026-10-05,CM,NSE,STK,1494,INE07T201019,RBA,EQ,,,,,RESTAURANT BRAND ASIA LTD,92.0,95.98,91.45,93.99,93.0,92.22,,94.0,,,4841004,457679054.42,45832,F1,1,,,,,
2026-10-05,2026-10-05,CM,NSE,STK,765030,INE758A01072,AVANCE,EQ,,,,,AVANCE TECHNOLOGIES LTD.,0.8,0.83,0.78,0.79,0.8,0.8,,0.79,,,4823476,3857856.47,1804,F1,1,,,,,
2026-10-05,2026-10-05,CM,NSE,STK,13404,INE424H01027,SUNTV,EQ,,,,,SUN TV NETWORK LIMITED,597.0,635.8,595.2,626.85,618.0,599.9,,626.88,,,4762809,2974533684.4,95633,F1,1,,,,,
2026-10-05,2026-10-05,CM,NSE,STK,9348,INE565A01014,IOB,EQ,,,,,INDIAN OVERSEAS BANK,30.5,31.9,30.5,31.35,31.38,30.38,,31.35,,,4689838,146637286.66,30479,F1,1,,,,,
2026-10-05,2026-10-05,CM,NSE,STK,18921,INE200M01039,VBL,EQ,,,,,VARUN BEVERAGES LIMITED,426.3,440.2,426.3,439.6,439.6,425.3,,439.6,,,4643552,2021796026.0,66879,F1,1,,,,,
2026-10-05,2026-10-05,CM,NSE,STK,1134,INE713T01028,APOLLO,EQ,,,,,APOLLO MICRO SYSTEMS LTD,395.5,405.5,395.0,401.7,402.4,394.0,,401.69,,,4584428,1837587917.0,52256,F1,1,,,,,
2026-10-05,2026-10-05,CM,NSE,STK,14894,INE483A01010,CENTRALBK,EQ,,,,,CENTRAL BANK OF INDIA,30.2,30.56,30.02,30.31,30.36,30.0,,30.31,,,4478354,135745655.77,17901,F1,1,,,,,
2026-10-05,2026-10-05,CM,NSE,STK,17400,INE848E01016,NHPC,EQ,,,,,NHPC LTD,71.75,72.83,71.1,72.0,72.0,71.75,,71.99,,,4447161,318708635.11,26010,F1,1,,,,,
2026-10-05,2026-10-05,CM,NSE,STK,1363,INE038A01020,HINDALCO,EQ,,,,,HINDALCO  INDUSTRIES  LTD,953.5,954.05,931.1,938.4,938.4,941.85,,938.41,,,4401291,4135191759.6,110787,F1,1,,,,,
2026-10-05,2026-10-05,CM,NSE,STK,324,INE732I01021,ANGELONE,EQ,,,,,ANGEL ONE LIMITED,276.8,286.3,273.5,285.2,285.2,276.8,,285.17,,,4255848,1200612133.5,36784,F1,1,,,,,
2026-10-05,2026-10-05,CM,NSE,STK,18391,INE976G01028,RBLBANK,EQ,,,,,RBL BANK LIMITED,418.05,419.9,410.2,416.55,416.55,411.4,,416.56,,,4238401,1761567181.7,49170,F1,1,,,,,
2026-10-05,2026-10-05,CM,NSE,STK,13496,INE367G01038,PFOCUS,EQ,,,,,PRIME FOCUS LIMITED,303.0,303.2,282.65,285.65,282.8,301.55,,285.71,,,4184306,1210860728.6,44098,F1,1,,,,,
2026-10-05,2026-10-05,CM,NSE,STK,20261,INE202E01016,IREDA,EQ,,,,,INDIAN RENEWABLE ENERGY,111.68,111.86,108.5,109.0,109.0,111.0,,109.0,,,4155590,455799879.96,34653,F1,1,,,,,
2026-10-05,2026-10-05,CM,NSE,STK,4986,INE962Y01021,IRCON,EQ,,,,,IRCON INTERNATIONAL LTD,110.25,111.11,106.25,106.88,106.98,110.25,,106.88,,,4101437,442029844.01,42752,F1,1,,,,,
2026-10-05,2026-10-05,CM,NSE,STK,24948,INE498L01015,LTF,EQ,,,,,L&T FINANCE LIMITED,267.55,267.7,263.0,263.75,263.75,264.35,,263.75,,,4100927,1084837807.85,44221,F1,1,,,,,
2026-10-05,2026-10-05,CM,NSE,STK,18721,INE531F01023,NUVAMA,EQ,,,,,NUVAMA WEALTH MANAGE LTD,1709.4,1865.0,1706.0,1820.8,1810.0,1701.4,,1820.81,,,4036851,7343621939.4,209658,F1,1,,,,,
2026-10-05,2026-10-05,CM,NSE,STK,24781,INF209KB19D1,BSLNIFTY,EQ,,,,,ADITYBIRLA SL NIF ETF-GR,26.88,26.88,26.25,26.52,26.6,26.43,,26.52,,,4012582,106422591.77,9992,F1,1,,,,,
2026-10-05,2026-10-05,CM,NSE,STK,9685,INE064C01022,TRIDENT,EQ,,,,,TRIDENT LIMITED,22.15,22.33,21.8,21.84,21.87,22.16,,21.84,,,3963387,87017083.95,19808,F1,1,,,,,
2026-10-05,2026-10-05,CM,NSE,STK,13285,INE774D01024,M&MFIN,EQ,,,,,M&M FIN. SERVICES LTD,324.7,340.3,321.0,326.2,324.9,319.75,,326.21,,,3956735,1309068523.25,88162,F1,1,,,,,
2026-10-05,2026-10-05,CM,NSE,STK,19061,INE522D01027,MANAPPURAM,EQ,,,,,MANAPPURAM FINANCE LTD,311.0,314.45,308.55,310.7,310.7,308.9,,310.7,,,3951162,1228882833.35,28549,F1,1,,,,,
2026-10-05,2026-10-05,CM,NSE,STK,18423,INE05CZ01011,RATNAVEER,EQ,,,,,RATNAVEER PRECISION ENG L,347.6,357.7,337.2,339.35,340.35,345.45,,339.35,,,3923098,1354940161.7,43670,F1,1,,,,,
2026-10-05,2026-10-05,CM,NSE,STK,1802,INE197A01024,JYOTISTRUC,EQ,,,,,JYOTI STRUCTURES LTD,8.9,9.06,8.65,8.67,8.68,8.9,,8.67,,,3922651,34447300.35,4337,F1,1,,,,,
2026-10-05,2026-10-05,CM,NSE,STK,17094,INE299U01018,CROMPTON,EQ,,,,,CROMPT GREA CON ELEC LTD,203.3,211.98,203.3,211.5,211.5,202.7,,211.5,,,3915311,822760350.0,58204,F1,1,,,,,
2026-10-05,2026-10-05,CM,NSE,STK,765361,INE0K9O01026,LALITHAA,EQ,,,,,LALITHAA JEWELLERY MART L,390.8,406.0,385.65,392.6,393.25,387.85,,392.6,,,3852094,1524213671.6,42701,F1,1,,,,,
2026-10-05,2026-10-05,CM,NSE,STK,12188,INE510W01014,INOXGREEN,EQ,,,,,INOX GREEN ENERGY SER LTD,159.0,160.0,147.65,149.95,149.0,159.0,,149.97,,,3846331,580775929.21,30388,F1,1,,,,,
2026-10-05,2026-10-05,CM,NSE,STK,7229,INE860A01027,HCLTECH,EQ,,,,,HCL TECHNOLOGIES LTD,1243.7,1247.2,1196.5,1201.9,1201.9,1243.1,,1201.88,,,3843425,4669154442.7,88780,F1,1,,,,,
2026-10-05,2026-10-05,CM,NSE,STK,25807,INE080I01025,LLOYDSENT,EQ,,,,,LLOYDS ENTERPRISES LTD,77.17,80.8,77.17,79.63,79.6,77.95,,79.63,,,3820423,304627997.53,21141,F1,1,,,,,
2026-10-05,2026-10-05,CM,NSE,STK,763839,INE17QZ01016,KNACK,EQ,,,,,KNACK PACKAGING LIMITED,181.05,189.99,175.0,188.91,189.0,180.67,,188.91,,,3812054,698756795.19,52595,F1,1,,,,,
2026-10-05,2026-10-05,CM,NSE,STK,21362,INE170V01027,SALASAR,EQ,,,,,SALASAR TECHNO ENGG. LTD.,4.22,4.22,4.01,4.04,4.06,4.13,,4.04,,,3745201,15289850.06,4592,F1,1,,,,,
2026-10-05,2026-10-05,CM,NSE,STK,30108,INE647O01011,ABFRL,EQ,,,,,ADITYA BIRLA FASHION & RT,44.6,45.37,44.25,44.34,44.47,44.53,,44.34,,,3728699,166610456.57,16542,F1,1,,,,,
2026-10-05,2026-10-05,CM,NSE,STK,760234,INE947N01017,AEQUS,EQ,,,,,AEQUS LIMITED,279.25,287.7,274.1,284.5,286.4,275.05,,284.53,,,3706824,1038144097.65,59949,F1,1,,,,,
2026-10-05,2026-10-05,CM,NSE,STK,1512,INE053A01029,INDHOTEL,EQ,,,,,THE INDIAN HOTELS CO. LTD,713.0,726.6,713.0,725.0,725.0,718.0,,725.0,,,3696656,2667409532.75,49928,F1,1,,,,,
2026-10-05,2026-10-05,CM,NSE,STK,11543,INE591G01025,COFORGE,EQ,,,,,COFORGE LIMITED,1842.3,1888.0,1793.8,1852.0,1852.0,1826.0,,1851.98,,,3693526,6828443592.0,114163,F1,1,,,,,
2026-10-05,2026-10-05,CM,NSE,STK,25270,INE377Y01014,BAJAJHFL,EQ,,,,,BAJAJ HOUSING FINANCE LTD,83.99,84.05,81.61,82.79,82.92,82.91,,82.79,,,3691800,304869803.12,32207,F1,1,,,,,
2026-10-05,2026-10-05,CM,NSE,STK,8962,INE626Z01029,HARDWYN,EQ,,,,,HARDWYN INDIA LIMITED,9.15,10.5,8.99,9.34,9.49,9.19,,9.35,,,3665570,35616835.96,7488,F1,1,,,,,
2026-10-05,2026-10-05,CM,NSE,STK,756090,INE0OC301013,TURTLEMINT,EQ,,,,,TURTLEMINT FINTECH SOLS L,71.0,71.49,65.85,68.04,68.5,69.79,,68.04,,,3623714,249058222.61,41004,F1,1,,,,,
2026-10-05,2026-10-05,CM,NSE,STK,759728,INE1C6T01020,EMMVEE,EQ,,,,,EMMVEE PHOTOVOLTAIC PWR L,309.0,309.0,290.45,296.25,296.0,305.9,,296.25,,,3553362,1051902435.0,96565,F1,1,,,,,
2026-10-05,2026-10-05,CM,NSE,STK,5633,INE168A01041,J&KBANK,EQ,,,,,J & K BANK LTD.,141.38,143.46,139.83,141.53,140.69,139.98,,141.53,,,3523704,497383211.01,43909,F1,1,,,,,
2026-10-05,2026-10-05,CM,NSE,STK,2294,INE153A01019,MTNL,EQ,,,,,MAHANAGAR TELEPHONE NIGAM,24.6,24.6,23.0,23.19,23.15,24.66,,23.19,,,3516200,83415112.07,11367,F1,1,,,,,
2026-10-05,2026-10-05,CM,NSE,STK,18026,INE423Y01016,SBFC,EQ,,,,,SBFC FINANCE LIMITED,84.19,87.18,82.4,82.83,82.7,84.19,,82.84,,,3511188,292656957.87,22467,F1,1,,,,,
2026-10-05,2026-10-05,CM,NSE,STK,14732,INE271C01023,DLF,EQ,,,,,DLF LIMITED,664.9,676.5,664.0,673.0,673.0,658.4,,672.99,,,3470586,2332635610.55,93704,F1,1,,,,,
2026-10-05,2026-10-05,CM,NSE,STK,467,INE795G01014,HDFCLIFE,EQ,,,,,HDFC LIFE INS CO LTD,536.85,539.05,524.55,531.0,531.0,534.2,,531.0,,,3381490,1791927881.3,42894,F1,1,,,,,
2026-10-05,2026-10-05,CM,NSE,STK,13501,INE418H01029,ALLCARGO,EQ,,,,,ALLCARGO LOGISTICS LTD,10.12,10.32,10.0,10.03,10.05,10.12,,10.03,,,3374008,34109976.35,5552,F1,1,,,,,
2026-10-05,2026-10-05,CM,NSE,STK,764397,INE0OWZ01020,MVELECTRO,EQ,,,,,MV ELECTROSYSTEMS LIMITED,855.8,920.6,850.0,897.55,902.0,836.95,,897.69,,,3364393,3032848561.15,83316,F1,1,,,,,
2026-10-05,2026-10-05,CM,NSE,STK,21238,INE949L01017,AUBANK,EQ,,,,,AU SMALL FINANCE BANK LTD,1000.0,1035.7,999.1,1029.2,1029.2,987.0,,1029.2,,,3358977,3433805457.2,81950,F1,1,,,,,
2026-10-05,2026-10-05,CM,NSE,STK,4067,INE196A01026,MARICO,EQ,,,,,MARICO LIMITED,783.7,814.0,780.0,790.0,790.0,781.35,,790.0,,,3353838,2656652059.2,96148,F1,1,,,,,
2026-10-05,2026-10-05,CM,NSE,STK,5352,INE0GFE01026,EXXARO,EQ,,,,,EXXARO TILES LIMITED,6.1,6.25,5.99,6.05,6.08,6.04,,6.06,,,3347942,20095207.3,587,F1,1,,,,,
2026-10-05,2026-10-05,CM,NSE,STK,13538,INE669C01036,TECHM,EQ,,,,,TECH MAHINDRA LIMITED,1543.7,1561.0,1509.7,1535.9,1535.9,1533.0,,1535.9,,,3346008,5136113074.9,102052,F1,1,,,,,
2026-10-05,2026-10-05,CM,NSE,STK,757645,INE0LEZ01016,ATHERENERG,EQ,,,,,ATHER ENERGY LIMITED,1411.1,1423.8,1388.5,1409.9,1409.9,1406.1,,1409.99,,,3319066,4670252563.0,106084,F1,1,,,,,
2026-10-05,2026-10-05,CM,NSE,STK,2031,INE101A01026,M&M,EQ,,,,,MAHINDRA & MAHINDRA LTD,2857.5,2874.0,2825.1,2857.6,2857.6,2860.0,,2857.62,,,3307236,9428271585.7,151408,F1,1,,,,,
2026-10-05,2026-10-05,CM,NSE,STK,2606,INE970X01018,LEMONTREE,EQ,,,,,LEMON TREE HOTELS LTD,108.18,108.64,106.8,107.86,107.7,107.67,,107.86,,,3295164,354835279.03,32597,F1,1,,,,,
2026-10-05,2026-10-05,CM,NSE,STK,1076,INE520A01027,ZENSARTECH,EQ,,,,,ZENSAR TECHNOLOGIES  LTD,441.05,459.35,435.05,451.5,451.0,434.35,,451.47,,,3269410,1476694419.05,95024,F1,1,,,,,
2026-10-05,2026-10-05,CM,NSE,STK,758853,INE618R01015,SGFIN,EQ,,,,,SG FINSERVE LIMITED,659.35,697.0,647.6,677.95,679.0,631.85,,677.97,,,3245313,2205680528.95,106384,F1,1,,,,,
2026-10-05,2026-10-05,CM,NSE,STK,19237,INF247L01BU1,MONIFTY500,EQ,,,,,MOTILALAMC - MONIFTY500,23.37,23.37,22.32,22.53,22.59,22.46,,22.53,,,3234487,72429862.34,2198,F1,1,,,,,
2026-10-05,2026-10-05,CM,NSE,STK,17053,INE0ECP01024,HMAAGRO,EQ,,,,,HMA AGRO INDUSTRIES LTD,23.49,24.25,23.07,23.4,23.5,23.47,,23.4,,,3179782,74703524.1,5246,F1,1,,,,,
2026-10-05,2026-10-05,CM,NSE,STK,7560,INE368U01029,UNITEDPOLY,EQ,,,,,UNITED POLYFAB GUJ. LTD.,47.13,50.23,43.5,48.43,49.54,47.05,,48.42,,,3171395,150211410.37,6960,F1,1,,,,,
2026-10-05,2026-10-05,CM,NSE,STK,760213,INE324D01010,LGEINDIA,EQ,,,,,LG ELECTRONICS INDIA LTD,1715.0,1825.0,1715.0,1770.9,1780.0,1721.8,,1770.69,,,3145126,5656300062.0,166478,F1,1,,,,,
2026-10-05,2026-10-05,CM,NSE,STK,22377,INE027H01010,MAXHEALTH,EQ,,,,,MAX HEALTHCARE INS LTD,937.4,939.8,912.0,917.0,917.0,940.95,,916.99,,,3127962,2885284306.0,123436,F1,1,,,,,
2026-10-05,2026-10-05,CM,NSE,STK,765282,INE0FOO01011,SHIPROCKET,EQ,,,,,SHIPROCKET LIMITED,120.99,124.5,120.05,123.0,124.0,119.98,,123.03,,,3116897,381913497.59,49557,F1,1,,,,,
2026-10-05,2026-10-05,CM,NSE,STK,220,INE022Q01020,IEX,EQ,,,,,INDIAN ENERGY EXC LTD,106.0,106.49,103.94,104.3,104.3,105.98,,104.28,,,3096998,324663363.75,31571,F1,1,,,,,
2026-10-05,2026-10-05,CM,NSE,STK,881,INE089A01031,DRREDDY,EQ,,,,,DR. REDDY S LABORATORIES,1198.0,1206.6,1189.0,1203.0,1203.0,1206.2,,1203.01,,,3075974,3686394973.8,89115,F1,1,,,,,
2026-10-05,2026-10-05,CM,NSE,STK,764548,INE869T01028,MOLBIO,EQ,,,,,MOLBIO DIAGNOSTICS LTD,1501.8,1558.3,1472.6,1503.4,1497.0,1513.1,,1503.4,,,3050454,4609894995.2,154596,F1,1,,,,,
2026-10-05,2026-10-05,CM,NSE,STK,11355,INE877F01012,PTC,EQ,,,,,PTC INDIA LIMITED,156.45,157.9,155.0,157.52,157.3,154.79,,157.51,,,3047215,476884306.29,33461,F1,1,,,,,
2026-10-05,2026-10-05,CM,NSE,STK,928,INE086A01029,ELECTCAST,EQ,,,,,ELECTROSTEEL CASTINGS LTD,75.55,78.0,74.2,75.26,75.44,74.54,,75.26,,,3013318,228476763.06,23359,F1,1,,,,,
2026-10-05,2026-10-05,CM,NSE,STK,14180,INE0NNS01018,NSLNISP,EQ,,,,,NMDC STEEL LIMITED,41.0,41.3,40.31,40.5,40.39,40.95,,40.5,,,3000968,122297641.02,14757,F1,1,,,,,
2026-10-05,2026-10-05,CM,NSE,STK,766065,INE0FRO01022,STEAMHOUSE,EQ,,,,,STEAMHOUSE INDIA LIMITED,109.1,110.71,105.85,107.66,107.9,106.51,,107.66,,,2981543,323037169.74,23647,F1,1,,,,,
2026-10-05,2026-10-05,CM,NSE,STK,759605,INE956O01016,LENSKART,EQ,,,,,LENSKART SOLUTIONS LTD,691.5,697.95,676.3,692.75,691.9,691.15,,692.67,,,2961163,2034448429.95,70424,F1,1,,,,,
2026-10-05,2026-10-05,CM,NSE,STK,20413,INE485C01029,IOLCP,EQ,,,,,IOL CHEM AND PHARMA LTD,211.48,214.4,204.35,205.71,206.0,209.39,,205.7,,,2946260,616005939.9,40615,F1,1,,,,,
2026-10-05,2026-10-05,CM,NSE,STK,764523,INE00GO01025,LEAPIND,EQ,,,,,LEAP INDIA LIMITED,137.5,144.9,137.5,141.35,142.3,137.03,,141.35,,,2945969,419733054.69,38975,F1,1,,,,,
2026-10-05,2026-10-05,CM,NSE,STK,2331,INE854B01010,JAYNECOIND,EQ,,,,,JAYASWAL NECO INDUSTR LTD,91.1,93.39,90.0,91.0,91.06,91.28,,91.0,,,2941585,268262862.12,25219,F1,1,,,,,
2026-10-05,2026-10-05,CM,NSE,STK,9552,INE415G01027,RVNL,EQ,,,,,RAIL VIKAS NIGAM LIMITED,198.0,199.9,195.34,196.95,196.95,197.0,,196.94,,,2937181,580455859.32,32188,F1,1,,,,,
2026-10-05,2026-10-05,CM,NSE,STK,27097,INE995S01015,NIVABUPA,EQ,,,,,NIVA BUPA HEALTH INS CO L,72.98,77.3,72.6,75.85,76.14,72.98,,75.85,,,2936428,221649595.88,35600,F1,1,,,,,
2026-10-05,2026-10-05,CM,NSE,STK,17358,INE735W01017,UTKARSHBNK,EQ,,,,,UTKARSH SMALL FIN BANK L,13.43,13.68,13.12,13.22,13.26,13.43,,13.22,,,2920874,39006983.71,4721,F1,1,,,,,
2026-10-05,2026-10-05,CM,NSE,STK,1406,INE094A01015,HINDPETRO,EQ,,,,,HINDUSTAN PETROLEUM CORP,345.05,351.25,340.4,342.35,342.35,345.0,,342.35,,,2875288,990031142.55,42091,F1,1,,,,,
2026-10-05,2026-10-05,CM,NSE,STK,11351,INE347G01014,PETRONET,EQ,,,,,PETRONET LNG LIMITED,287.5,294.0,286.5,290.0,290.0,285.5,,290.0,,,2861154,832312278.0,53930,F1,1,,,,,
2026-10-05,2026-10-05,CM,NSE,STK,22440,INF789F1AUV1,BANKBETA,EQ,,,,,UTIAMC-BANKBETA,56.42,57.13,56.4,56.52,56.43,56.42,,56.52,,,2851590,161153028.41,735,F1,1,,,,,
2026-10-05,2026-10-05,CM,NSE,STK,8632,INF174KA1IY5,LOWVOL1,EQ,,,,,KOTAKMAMC - KOTAKLOVOL,19.21,19.82,19.21,19.58,19.54,19.71,,19.58,,,2819220,55370594.98,12407,F1,1,,,,,
2026-10-05,2026-10-05,CM,NSE,STK,104,INE932X01026,SHAREINDIA,EQ,,,,,SHARE IND. SECURITIES LTD,208.2,219.0,204.51,206.06,205.5,205.09,,206.06,,,2810914,597520201.82,39257,F1,1,,,,,
2026-10-05,2026-10-05,CM,NSE,STK,15083,INE742F01042,ADANIPORTS,EQ,,,,,ADANI PORT & SEZ LTD,1769.9,1779.0,1737.8,1774.0,1774.0,1737.8,,1774.01,,,2792824,4911566462.8,60101,F1,1,,,,,
2026-10-05,2026-10-05,CM,NSE,STK,5851,INF174KA1ZB7,BANKNIFTY1,EQ,,,,,KOTAKMAMC-KOTAKBKETF,55.15,57.26,55.15,56.8,56.63,56.57,,56.81,,,2766811,156862650.99,1654,F1,1,,,,,
2026-10-05,2026-10-05,CM,NSE,STK,3426,INE245A01021,TATAPOWER,EQ,,,,,TATA POWER CO LTD,350.15,353.95,348.0,351.5,351.5,350.15,,351.5,,,2763239,968363231.85,38647,F1,1,,,,,
2026-10-05,2026-10-05,CM,NSE,STK,759084,INE0CAZ01013,URBANCO,EQ,,,,,URBAN COMPANY LIMITED,157.0,160.56,157.0,159.59,159.0,156.34,,159.59,,,2694786,428460933.57,47403,F1,1,,,,,
2026-10-05,2026-10-05,CM,NSE,STK,11667,INE366A01041,DWARKESH,EQ,,,,,DWARIKESH SUGAR IND LTD,42.3,44.73,42.3,44.08,44.3,41.96,,44.08,,,2644127,116259707.26,13449,F1,1,,,,,
2026-10-05,2026-10-05,CM,NSE,STK,9599,INE148O01028,DELHIVERY,EQ,,,,,DELHIVERY LIMITED,403.25,404.85,398.0,400.3,400.3,400.0,,400.3,,,2579997,1036269947.3,50159,F1,1,,,,,
2026-10-05,2026-10-05,CM,NSE,STK,766278,INE147X01013,ELEVATE,EQ,,,,,ELEVATE CAMPUSES LIMITED,354.1,354.25,327.15,333.15,334.75,344.8,,333.24,,,2576912,869706979.75,62136,F1,1,,,,,
2026-10-05,2026-10-05,CM,NSE,STK,19913,INE192R01011,DMART,EQ,,,,,AVENUE SUPERMARTS LIMITED,3808.6,3808.6,3545.3,3567.0,3567.0,3813.0,,3567.08,,,2550875,9241191931.3,142224,F1,1,,,,,
2026-10-05,2026-10-05,CM,NSE,STK,20642,INE247D01039,JINDWORLD,EQ,,,,,JINDAL WORLDWIDE LTD,46.45,47.2,45.1,45.37,45.48,45.82,,45.37,,,2517504,115633048.05,7985,F1,1,,,,,
2026-10-05,2026-10-05,CM,NSE,STK,5258,INE095A01012,INDUSINDBK,EQ,,,,,INDUSIND BANK LIMITED,891.6,900.25,880.7,886.6,886.6,886.85,,886.6,,,2459043,2181456471.15,62601,F1,1,,,,,
2026-10-05,2026-10-05,CM,NSE,STK,15119,INE532F01054,EDELWEISS,EQ,,,,,EDELWEISS FIN SERV LTD,138.49,139.22,135.11,135.47,135.8,137.9,,135.47,,,2456666,336598187.52,28280,F1,1,,,,,
2026-10-05,2026-10-05,CM,NSE,STK,9931,INE161L01027,VIKASLIFE,EQ,,,,,VIKAS LIFECARE LIMITED,1.21,1.23,1.21,1.21,1.21,1.2,,1.21,,,2377351,2889837.06,8062,F1,1,,,,,
2026-10-05,2026-10-05,CM,NSE,STK,18268,INE024001021,AEROFLEX,EQ,,,,,AEROFLEX INDUSTRIES LTD,524.0,551.4,524.0,544.35,543.0,521.35,,544.37,,,2372211,1282517494.4,61108,F1,1,,,,,
2026-10-05,2026-10-05,CM,NSE,STK,766000,INE0H4201019,PRANAV,EQ,,,,,PRANAV CONSTRUCTIONS LTD,100.0,100.5,91.8,93.21,92.4,97.21,,93.24,,,2359841,224485191.85,23439,F1,1,,,,,
2026-10-05,2026-10-05,CM,NSE,STK,11821,INE191B01025,WELCORP,EQ,,,,,WELSPUN CORP LIMITED,2649.9,2672.9,2450.0,2497.5,2501.0,2605.8,,2497.49,,,2352647,5899672050.7,168249,F1,1,,,,,
2026-10-05,2026-10-05,CM,NSE,STK,19020,INE880J01026,JSWINFRA,EQ,,,,,JSW INFRASTRUCTURE LTD,357.5,364.0,356.05,359.4,360.0,357.45,,359.42,,,2349162,847487579.65,54383,F1,1,,,,,
2026-10-05,2026-10-05,CM,NSE,STK,1424,INE267A01025,HINDZINC,EQ,,,,,HINDUSTAN ZINC LIMITED,562.0,568.55,557.9,560.95,560.95,555.05,,560.96,,,2343222,1319828259.55,36228,F1,1,,,,,
2026-10-05,2026-10-05,CM,NSE,STK,11483,INE018A01030,LT,EQ,,,,,LARSEN & TOUBRO LTD.,3717.0,3750.0,3707.8,3750.0,3750.0,3693.4,,3749.9,,,2323437,8660500382.1,107385,F1,1,,,,,
2026-10-05,2026-10-05,CM,NSE,STK,17130,INE883N01014,PARAGMILK,EQ,,,,,PARAG MILK FOODS LTD.,267.0,283.4,267.0,281.0,282.55,264.0,,280.98,,,2320736,639924388.9,32655,F1,1,,,,,
2026-10-05,2026-10-05,CM,NSE,STK,1250,INE172A01027,CASTROLIND,EQ,,,,,CASTROL INDIA LIMITED,199.05,201.5,197.75,199.51,199.5,199.04,,199.51,,,2300283,458294969.53,29528,F1,1,,,,,
2026-10-05,2026-10-05,CM,NSE,STK,2987,INE418L01047,NAZARA,EQ,,,,,NAZARA TECHNOLOGIES LTD,388.45,393.45,379.1,385.8,384.0,384.7,,385.79,,,2285380,882591393.6,34214,F1,1,,,,,
2026-10-05,2026-10-05,CM,NSE,STK,6705,INE982J01020,PAYTM,EQ,,,,,ONE 97 COMMUNICATIONS LTD,1656.0,1694.0,1654.9,1684.0,1684.0,1656.0,,1683.93,,,2267650,3804438975.6,77196,F1,1,,,,,
2026-10-05,2026-10-05,CM,NSE,STK,8954,INE517B01013,TTML,EQ,,,,,TATA TELESERV(MAHARASTRA),34.6,34.8,33.91,34.33,34.19,34.82,,34.33,,,2248833,76976162.73,14559,F1,1,,,,,
2026-10-05,2026-10-05,CM,NSE,STK,2859,INE301A01014,RAYMOND,EQ,,,,,RAYMOND LTD,1198.0,1316.9,1198.0,1300.7,1313.0,1197.2,,1300.88,,,2241963,2824639785.5,81864,F1,1,,,,,
2026-10-05,2026-10-05,CM,NSE,STK,17438,INE274J01014,OIL,EQ,,,,,OIL INDIA LTD,444.0,450.65,441.05,446.5,446.5,444.0,,446.5,,,2225503,993946646.9,36031,F1,1,,,,,
2026-10-05,2026-10-05,CM,NSE,STK,445,INE618L01018,5PAISA,EQ,,,,,5PAISA CAPITAL LIMITED,321.85,379.6,320.9,360.9,358.25,316.35,,360.89,,,2189848,794730257.65,59297,F1,1,,,,,
2026-10-05,2026-10-05,CM,NSE,STK,766051,INE241U01028,MPIMANIPAL,EQ,,,,,MANIPAL PAYMENT & IDE S L,415.0,430.0,381.2,389.7,387.8,401.4,,389.64,,,2163634,876605542.35,62063,F1,1,,,,,
2026-10-05,2026-10-05,CM,NSE,STK,765356,INE685T01010,HORIZONIND,EQ,,,,,HORIZON INDUSTRIAL PRKS L,48.65,48.92,47.56,47.75,47.77,48.65,,47.75,,,2149178,103446271.86,16838,F1,1,,,,,
2026-10-05,2026-10-05,CM,NSE,STK,5279,INE645S01024,ROLEXRINGS,EQ,,,,,ROLEX RINGS LIMITED,199.0,199.0,189.1,189.77,189.6,196.36,,189.76,,,2142313,413935898.91,39739,F1,1,,,,,
2026-10-05,2026-10-05,CM,NSE,STK,761916,INE0I0T01010,VOEPL,EQ,,,,,VIRTUOSO OPTOELECTRONIC L,520.0,553.85,493.0,506.1,505.55,493.0,,506.06,,,2133658,1118296359.55,58777,F1,1,,,,,
2026-10-05,2026-10-05,CM,NSE,STK,766056,INE590T01012,KARAMTARA,EQ,,,,,KARAMTARA ENGINEERING L,410.95,434.0,405.25,416.3,420.2,410.95,,416.3,,,2128191,896973453.7,45083,F1,1,,,,,
2026-10-05,2026-10-05,CM,NSE,STK,11373,INE376G01013,BIOCON,EQ,,,,,BIOCON LIMITED.,371.35,373.05,365.1,369.8,369.8,370.7,,369.8,,,2121058,783554011.2,32679,F1,1,,,,,
2026-10-05,2026-10-05,CM,NSE,STK,14111,INE870H01013,NETWORK18,EQ,,,,,NETWORK18 MEDIA & INV LTD,25.52,26.02,25.3,25.44,25.45,25.43,,25.44,,,2117185,54175040.84,5832,F1,1,,,,,
2026-10-05,2026-10-05,CM,NSE,STK,14592,INE061F01013,FORTIS,EQ,,,,,FORTIS HEALTHCARE LTD,784.95,785.75,763.8,763.8,763.8,785.0,,763.81,,,2115546,1635595410.8,70201,F1,1,,,,,
2026-10-05,2026-10-05,CM,NSE,STK,761670,INE05TO01019,AEROPLANE,EQ,,,,,AMIR CHAND JAG KUM (E) L,207.9,216.9,207.46,211.24,210.9,208.14,,211.24,,,2097713,444789785.0,19182,F1,1,,,,,
2026-10-05,2026-10-05,CM,NSE,STK,10217,INE931S01010,ADANIENSOL,EQ,,,,,ADANI ENERGY SOLUTION LTD,1336.1,1377.8,1336.1,1353.4,1353.4,1326.4,,1353.37,,,2095376,2833548362.1,52835,F1,1,,,,,
2026-10-05,2026-10-05,CM,NSE,STK,30323,INE418N01035,ESSENTIA,EQ,,,,,INTEGRA ESSENTIA LIMITED,1.01,1.04,1.0,1.01,1.03,1.0,,1.01,,,2071789,2109693.8,609,F1,1,,,,,
2026-10-05,2026-10-05,CM,NSE,STK,18883,INE002L01015,SJVN,EQ,,,,,SJVN LTD,58.3,58.5,57.01,57.16,57.1,57.91,,57.16,,,2071448,119292702.69,28721,F1,1,,,,,
2026-10-05,2026-10-05,CM,NSE,STK,4684,INE073K01018,SONACOMS,EQ,,,,,SONA BLW PRECISION FRGS L,803.75,803.75,785.6,797.0,797.0,805.0,,796.87,,,2049996,1627012919.2,52308,F1,1,,,,,
2026-10-05,2026-10-05,CM,NSE,STK,14537,INE836F01026,DISHTV,EQ,,,,,DISH TV INDIA LTD.,2.19,2.2,2.07,2.1,2.1,2.15,,2.1,,,2049102,4373951.96,2100,F1,1,,,,,
2026-10-05,2026-10-05,CM,NSE,STK,25744,INF769K01LY7,METAL,EQ,,,,,MIRAEAMC - METAL,12.6,12.9,12.42,12.61,12.62,12.59,,12.61,,,2041231,25771857.92,7343,F1,1,,,,,
2026-10-05,2026-10-05,CM,NSE,STK,765040,INE373T01047,BLUECLOUDS,EQ,,,,,BLUE CLOUD SOFTECH SOLU L,20.25,20.75,19.4,19.61,19.6,19.88,,19.61,,,2034648,40466258.97,4770,F1,1,,,,,
2026-10-05,2026-10-05,CM,NSE,STK,764553,INE01NH01023,DHOOTTRANS,EQ,,,,,DHOOT TRANSMISSION LTD,1464.0,1531.9,1452.0,1521.8,1530.0,1443.4,,1521.62,,,2028908,3039940265.2,104307,F1,1,,,,,
2026-10-05,2026-10-05,CM,NSE,STK,757102,INE894V01022,BELRISE,EQ,,,,,BELRISE INDUSTRIES LTD,238.81,239.99,230.5,231.12,230.76,237.5,,231.11,,,2025207,471900844.89,51256,F1,1,,,,,
2026-10-05,2026-10-05,CM,NSE,STK,758551,INE1SY401010,RAYMONDREL,EQ,,,,,RAYMOND REALTY LIMITED,655.35,696.7,655.35,691.85,689.0,648.45,,691.85,,,2022158,1377354127.6,62492,F1,1,,,,,
2026-10-05,2026-10-05,CM,NSE,STK,13751,INE663F01032,NAUKRI,EQ,,,,,INFO EDGE (I) LTD,1220.3,1241.0,1198.4,1201.7,1201.7,1200.0,,1201.7,,,2021519,2452022444.0,84762,F1,1,,,,,
2026-10-05,2026-10-05,CM,NSE,STK,13414,INE411H01032,RSYSTEMS,EQ,,,,,R SYS INTERNATIONAL LTD,264.0,264.5,248.0,249.9,248.5,263.6,,249.9,,,2005620,511407614.0,33295,F1,1,,,,,
2026-10-05,2026-10-05,CM,NSE,STK,2142,INE180A01020,MFSL,EQ,,,,,MAX FINANCIAL SERV LTD,1385.3,1385.3,1341.0,1348.0,1348.0,1392.0,,1348.0,,,2005008,2714463495.9,58443,F1,1,,,,,
2026-10-05,2026-10-05,CM,NSE,STK,766255,INE0M5301040,VARMORA,EQ,,,,,VARMORA GRANITO LIMITED,135.0,138.2,132.11,134.88,133.6,134.3,,134.88,,,1992329,267731936.21,29145,F1,1,,,,,
2026-10-05,2026-10-05,CM,NSE,STK,11325,INE304A01026,MUKANDLTD,EQ,,,,,MUKAND LTD.,174.4,189.9,173.76,182.2,182.95,172.66,,182.24,,,1971183,362915198.64,25683,F1,1,,,,,
2026-10-05,2026-10-05,CM,NSE,STK,1838,INE036D01028,KARURVYSYA,EQ,,,,,KARUR VYSYA BANK LTD,326.1,330.9,320.55,324.7,325.25,325.3,,324.7,,,1950191,633618755.4,58786,F1,1,,,,,
2026-10-05,2026-10-05,CM,NSE,STK,11571,INE0DK501011,PPLPHARMA,EQ,,,,,PIRAMAL PHARMA LIMITED,197.97,201.65,194.28,194.89,194.64,197.97,,194.89,,,1898343,373393296.4,29598,F1,1,,,,,
2026-10-05,2026-10-05,CM,NSE,STK,764480,INE0XNF01022,ARDEE,EQ,,,,,ARDEE INDUSTRIES LIMITED,49.03,49.44,48.11,48.51,48.36,48.81,,48.5,,,1868950,91158516.26,13281,F1,1,,,,,
2026-10-05,2026-10-05,CM,NSE,STK,762227,INE1SJO01012,RAMBHAJO,EQ,,,,,ADVIT JEWELS LIMITED,297.2,317.5,294.0,305.1,306.05,288.75,,305.12,,,1851970,571355456.95,38267,F1,1,,,,,
2026-10-05,2026-10-05,CM,NSE,STK,1270,INE079A01024,AMBUJACEM,EQ,,,,,AMBUJA CEMENTS LTD,363.2,368.9,361.05,366.5,366.5,362.25,,366.52,,,1848613,673554200.35,23261,F1,1,,,,,
2026-10-05,2026-10-05,CM,NSE,STK,761386,INE415B01044,MARSONS,EQ,,,,,MARSONS LIMITED,114.8,117.8,113.4,114.3,113.5,114.26,,114.3,,,1836935,210209432.05,8552,F1,1,,,,,
2026-10-05,2026-10-05,CM,NSE,STK,13290,INE350H01032,BLKASHYAP,EQ,,,,,B.L.KASHYAP & SON LTD,50.23,54.0,49.93,53.22,53.0,50.23,,53.22,,,1836473,97025807.87,10837,F1,1,,,,,
2026-10-05,2026-10-05,CM,NSE,STK,11829,INE802C01033,SSWL,EQ,,,,,STEEL STRIPS WHEELS LTD.,393.5,412.4,385.2,410.55,408.6,390.8,,410.54,,,1790927,718234736.45,49360,F1,1,,,,,
2026-10-05,2026-10-05,CM,NSE,STK,25,INE423A01024,ADANIENT,EQ,,,,,ADANI ENTERPRISES LIMITED,2843.9,2890.9,2823.0,2864.0,2864.0,2816.8,,2863.76,,,1782260,5080720841.5,59017,F1,1,,,,,
2026-10-05,2026-10-05,CM,NSE,STK,14450,INE069I01010,EMBDL,EQ,,,,,EMBASSY DEVELOPMENTS LTD,57.48,58.3,55.35,56.05,56.39,56.13,,56.05,,,1777659,100089351.89,8584,F1,1,,,,,
2026-10-05,2026-10-05,CM,NSE,STK,2049,INE178A01016,CHENNPETRO,EQ,,,,,CHENNAI PETROLEUM CORP LT,1345.9,1406.0,1325.1,1401.0,1403.9,1346.4,,1400.98,,,1762387,2424326389.9,72768,F1,1,,,,,
2026-10-05,2026-10-05,CM,NSE,STK,763294,INE12F801023,KISSHT,EQ,,,,,ONEMI TECHNOLOGY SOL LTD,377.15,388.15,370.05,379.2,380.0,371.15,,379.2,,,1755374,664753168.45,39462,F1,1,,,,,
2026-10-05,2026-10-05,CM,NSE,STK,757814,INF666M01LI4,GROWWNET,EQ,,,,,GROWWAMC - GROWWNET,9.84,10.11,9.4,10.0,10.07,9.84,,10.0,,,1715060,17042052.94,1143,F1,1,,,,,
2026-10-05,2026-10-05,CM,NSE,STK,676,INE302A01020,EXIDEIND,EQ,,,,,EXIDE INDUSTRIES LTD,409.5,415.85,402.15,405.25,405.0,409.45,,405.25,,,1713639,696125371.1,49368,F1,1,,,,,
2026-10-05,2026-10-05,CM,NSE,STK,765931,INE1M2N01020,DEEPA,EQ,,,,,DEEPA JEWELLERS LIMITED,192.17,197.3,190.36,194.93,193.65,192.17,,194.98,,,1705934,331055413.39,23819,F1,1,,,,,
2026-10-05,2026-10-05,CM,NSE,STK,15337,INE855B01025,RAIN,EQ,,,,,RAIN INDUSTRIES LIMITED,209.03,213.57,206.32,208.02,206.7,208.52,,208.03,,,1705460,358075685.7,20171,F1,1,,,,,
2026-10-05,2026-10-05,CM,NSE,STK,20825,INE031A01017,HUDCO,EQ,,,,,HSG & URBAN DEV CORPN LTD,163.5,164.99,161.34,162.09,162.16,161.54,,162.05,,,1688872,275065343.67,25333,F1,1,,,,,
2026-10-05,2026-10-05,CM,NSE,STK,765291,INE1EEM01017,BLEL,EQ,,,,,BEHARI LAL ENGINEERING L,471.5,499.7,471.0,490.05,489.5,467.95,,490.06,,,1679279,824868446.65,36977,F1,1,,,,,
2026-10-05,2026-10-05,CM,NSE,STK,17963,INE239A01024,NESTLEIND,EQ,,,,,NESTLE INDIA LIMITED,1305.4,1311.3,1292.9,1297.1,1297.1,1307.7,,1297.1,,,1676136,2178950188.6,44596,F1,1,,,,,
2026-10-05,2026-10-05,CM,NSE,STK,17433,INE0NT901020,NETWEB,EQ,,,,,NETWEB TECH INDIA LTD,4543.0,4790.0,4535.0,4765.1,4765.2,4520.3,,4765.18,,,1646842,7734277124.6,129375,F1,1,,,,,
2026-10-05,2026-10-05,CM,NSE,STK,342,INE596I01020,CAMS,EQ,,,,,COMPUTER AGE MNGT SER LTD,679.0,692.5,677.9,683.85,683.85,677.25,,683.85,,,1632385,1117780241.45,54080,F1,1,,,,,
2026-10-05,2026-10-05,CM,NSE,STK,758460,INE718I01012,JSWCEMENT,EQ,,,,,JSW CEMENT LIMITED,112.0,113.31,109.86,111.09,110.67,111.6,,111.09,,,1631122,181546358.35,31382,F1,1,,,,,
2026-10-05,2026-10-05,CM,NSE,STK,913,INE063P01018,EQUITASBNK,EQ,,,,,EQUITAS SMALL FIN BNK LTD,68.8,70.2,67.82,68.28,68.07,68.41,,68.28,,,1626602,112159875.06,12996,F1,1,,,,,
2026-10-05,2026-10-05,CM,NSE,STK,2319,INE868B01028,NCC,EQ,,,,,NCC LIMITED,130.1,131.39,127.72,128.79,128.75,130.06,,128.78,,,1624082,209821699.61,22405,F1,1,,,,,
2026-10-05,2026-10-05,CM,NSE,STK,5748,INE136B01020,CYIENT,EQ,,,,,CYIENT LIMITED,1115.0,1173.5,1110.0,1140.2,1145.0,1104.6,,1140.19,,,1623849,1869796280.4,97347,F1,1,,,,,
2026-10-05,2026-10-05,CM,NSE,STK,11809,INE530B01024,IIFL,EQ,,,,,IIFL FINANCE LIMITED,590.0,609.0,587.35,601.15,600.7,583.8,,601.1,,,1622026,969597883.8,48773,F1,1,,,,,
2026-10-05,2026-10-05,CM,NSE,STK,758115,INE0J5801029,JSLL,EQ,,,,,JEENA SIKHO LIFECARE LTD,483.9,486.25,445.65,449.9,448.2,480.8,,449.9,,,1610523,737235836.9,68504,F1,1,,,,,
2026-10-05,2026-10-05,CM,NSE,STK,21614,INE674K01013,ABCAPITAL,EQ,,,,,ADITYA BIRLA CAPITAL LTD.,375.95,381.3,373.85,377.4,377.4,375.05,,377.4,,,1609846,606408751.55,29888,F1,1,,,,,
2026-10-05,2026-10-05,CM,NSE,STK,628,INE486A01021,CESC,EQ,,,,,CESC LTD,132.33,136.9,131.7,133.73,133.55,131.62,,133.73,,,1606522,215615924.78,41380,F1,1,,,,,
2026-10-05,2026-10-05,CM,NSE,STK,9741,INE088F01024,PARADEEP,EQ,,,,,PARADEEP PHOSPHATES LTD,151.85,154.21,150.0,153.6,153.79,151.22,,153.59,,,1604847,244841493.06,21887,F1,1,,,,,
2026-10-05,2026-10-05,CM,NSE,STK,6663,INE0D0K01022,SIGACHI,EQ,,,,,SIGACHI INDUSTRIES LTD,28.49,28.93,28.06,28.72,28.9,28.34,,28.72,,,1604708,45794469.83,5786,F1,1,,,,,
2026-10-05,2026-10-05,CM,NSE,STK,20224,INE209L01016,JWL,EQ,,,,,JUPITER WAGONS LIMITED,224.2,226.99,218.61,223.44,222.85,223.93,,223.44,,,1604474,357447821.06,38089,F1,1,,,,,
2026-10-05,2026-10-05,CM,NSE,STK,7929,INE010B01027,ZYDUSLIFE,EQ,,,,,ZYDUS LIFESCIENCES LTD,1145.7,1151.0,1128.1,1139.0,1139.0,1145.7,,1139.0,,,1592973,1813890492.4,43191,F1,1,,,,,
2026-10-05,2026-10-05,CM,NSE,STK,13430,INE164B01030,KELLTONTEC,EQ,,,,,KELLTON TECH SOL LTD,12.5,12.87,12.12,12.18,12.19,12.42,,12.18,,,1591415,19565563.73,4355,F1,1,,,,,
2026-10-05,2026-10-05,CM,NSE,STK,10238,INE552D01024,CONFIPET,EQ,,,,,CONFIDENCE PETRO IND LTD.,87.4,88.49,85.12,86.18,86.0,86.05,,86.18,,,1591393,138172335.87,15622,F1,1,,,,,
2026-10-05,2026-10-05,CM,NSE,STK,760865,INE0UH301010,OMNI,EQ,,,,,OMNITECH ENGINEERING LTD,620.0,644.0,611.65,632.15,635.0,608.65,,632.15,,,1584512,1002178444.25,56486,F1,1,,,,,
2026-10-05,2026-10-05,CM,NSE,STK,13611,INE335Y01020,IRCTC,EQ,,,,,INDIAN RAIL TOUR CORP LTD,454.15,464.6,448.05,452.8,450.8,454.1,,452.69,,,1583641,725442673.35,66595,F1,1,,,,,
2026-10-05,2026-10-05,CM,NSE,STK,592,INE371A01025,GRAPHITE,EQ,,,,,GRAPHITE INDIA LTD,793.05,822.75,791.05,816.4,818.95,786.15,,816.39,,,1578431,1280986858.35,55444,F1,1,,,,,
2026-10-05,2026-10-05,CM,NSE,STK,20329,INE180C01042,CGCL,EQ,,,,,CAPRI GLOBAL CAPITAL LTD,250.6,251.98,245.15,247.06,246.0,249.23,,247.04,,,1571868,390338202.46,25055,F1,1,,,,,
2026-10-05,2026-10-05,CM,NSE,STK,24532,INE816B01035,FILATEX,EQ,,,,,FILATEX INDIA LTD,106.1,107.8,103.1,103.89,104.97,106.1,,103.88,,,1569948,165294657.11,12116,F1,1,,,,,
2026-10-05,2026-10-05,CM,NSE,STK,14230,INF179KC1EZ4,HDFCBSE500,EQ,,,,,HDFCAMC - HDFCBSE500,35.59,35.77,35.19,35.48,35.5,35.41,,35.48,,,1567916,55552678.19,457,F1,1,,,,,
2026-10-05,2026-10-05,CM,NSE,STK,10579,INE750C01026,MARKSANS,EQ,,,,,MARKSANS PHARMA LIMITED,327.2,333.0,324.6,331.65,330.0,325.6,,331.65,,,1566583,516752376.65,36150,F1,1,,,,,
2026-10-05,2026-10-05,CM,NSE,STK,758165,INF666M01LM6,GROWWPOWER,EQ,,,,,GROWWAMC - GROWWPOWER,10.96,11.05,10.78,10.84,10.78,10.84,,10.84,,,1566073,17008880.54,6070,F1,1,,,,,
2026-10-05,2026-10-05,CM,NSE,STK,766077,INE08T701025,RENTOMOJO,EQ,,,,,RENTOMOJO LIMITED,529.7,538.6,508.1,510.95,512.6,524.6,,510.94,,,1564388,817596675.15,50390,F1,1,,,,,
2026-10-05,2026-10-05,CM,NSE,STK,6994,INE836A01035,BSOFT,EQ,,,,,BIRLASOFT LIMITED,277.15,280.8,274.25,276.0,275.85,269.75,,276.0,,,1555308,431258508.25,39178,F1,1,,,,,
2026-10-05,2026-10-05,CM,NSE,STK,5108,INE542W01025,KPIGREEN,EQ,,,,,KPI GREEN ENERGY LIMITED,345.6,348.9,320.0,321.85,322.3,345.6,,321.86,,,1547466,510059879.75,35689,F1,1,,,,,
2026-10-05,2026-10-05,CM,NSE,STK,11699,INE244B01030,PATELENG,EQ,,,,,PATEL ENGINEERING LTD.,26.04,26.41,25.56,25.73,25.7,25.92,,25.73,,,1542421,40072765.65,6111,F1,1,,,,,
2026-10-05,2026-10-05,CM,NSE,STK,3432,INE192A01025,TATACONSUM,EQ,,,,,TATA CONSUMER PRODUCT LTD,953.85,962.0,945.0,953.75,953.75,957.0,,953.75,,,1540341,1464765245.0,64465,F1,1,,,,,
2026-10-05,2026-10-05,CM,NSE,STK,13436,INE397H01017,LOKESHMACH,EQ,,,,,LOKESH MACHINES LTD,407.0,451.0,393.6,446.25,440.0,400.8,,446.2,,,1537872,664728014.7,44932,F1,1,,,,,
2026-10-05,2026-10-05,CM,NSE,STK,25756,INE806A01020,VIKASECO,EQ,,,,,VIKAS ECOTECH LIMITED,1.03,1.03,1.02,1.02,1.02,1.01,,1.02,,,1522387,1558354.17,1078,F1,1,,,,,
2026-10-05,2026-10-05,CM,NSE,STK,756843,INE14LE01019,ABLBL,EQ,,,,,ADITYA BIRLA LIFES BRAN L,75.5,75.5,72.2,73.37,73.5,74.44,,73.37,,,1522029,112197210.77,18004,F1,1,,,,,
2026-10-05,2026-10-05,CM,NSE,STK,10485,INE207E01023,RAMRAT,EQ,,,,,RAM RATNA WIRES LIMITED,626.0,662.85,626.0,635.2,638.0,616.55,,635.2,,,1507421,970736230.45,74679,F1,1,,,,,
2026-10-05,2026-10-05,CM,NSE,STK,765426,INE1KZI01025,TEMPSENS,EQ,,,,,TEMPSENS INST (INDIA) LTD,513.0,519.2,486.0,493.95,491.4,505.25,,493.9,,,1503141,749347545.9,47298,F1,1,,,,,
2026-10-05,2026-10-05,CM,NSE,STK,3220,INE670K01029,LODHA,EQ,,,,,LODHA DEVELOPERS LIMITED,1102.6,1140.2,1101.8,1132.5,1132.5,1105.6,,1132.5,,,1495653,1687034851.4,41270,F1,1,,,,,
2026-10-05,2026-10-05,CM,NSE,STK,1997,INE115A01026,LICHSGFIN,EQ,,,,,LIC HOUSING FINANCE LTD,513.5,514.9,501.9,505.0,505.0,509.0,,504.94,,,1495045,758460221.35,26024,F1,1,,,,,
2026-10-05,2026-10-05,CM,NSE,STK,7287,INE391J01032,JTLIND,EQ,,,,,JTL INDUSTRIES LIMITED,87.0,88.43,84.56,84.98,84.6,86.23,,84.98,,,1489386,128376946.34,14087,F1,1,,,,,
2026-10-05,2026-10-05,CM,NSE,STK,22739,INF247L01AP3,MON100,EQ,,,,,MOTILAL OS NASDAQ100 ETF,324.49,329.45,320.03,325.35,325.48,321.46,,325.35,,,1487737,483030320.52,42141,F1,1,,,,,
2026-10-05,2026-10-05,CM,NSE,STK,766097,INE1JTV01015,VEEGALAND,EQ,,,,,VEEGALAND DEVELOPERS LTD,144.09,149.75,142.42,144.74,144.22,141.79,,144.77,,,1476381,215355968.83,8756,F1,1,,,,,
2026-10-05,2026-10-05,CM,NSE,STK,25358,INE457L01029,PGEL,EQ,,,,,PG ELECTROPLAST LTD,487.55,500.8,485.0,487.7,487.7,481.1,,487.61,,,1475580,725036933.05,27593,F1,1,,,,,
2026-10-05,2026-10-05,CM,NSE,STK,18154,INE982F01036,HATHWAY,EQ,,,,,HATHWAY CABLE & DATACOM,9.36,9.47,9.32,9.4,9.4,9.32,,9.4,,,1463537,13746528.04,2243,F1,1,,,,,
2026-10-05,2026-10-05,CM,NSE,STK,5782,INF769K01HP3,MASPTOP50,EQ,,,,,MIRAEAMC - MASPTOP50,104.07,110.0,101.8,107.09,106.35,101.54,,107.11,,,1456667,155009913.47,18827,F1,1,,,,,
2026-10-05,2026-10-05,CM,NSE,STK,1336,INE545A01024,HEGAM,EQ,,,,,HEG ADVANCED MATERIAL LTD,242.0,248.0,232.0,233.77,233.0,239.28,,233.78,,,1455475,347329147.23,26465,F1,1,,,,,
2026-10-05,2026-10-05,CM,NSE,STK,20110,INE999K01014,GREENPOWER,EQ,,,,,ORIENT GREEN POWER CO LTD,8.78,8.85,8.62,8.66,8.67,8.77,,8.66,,,1454330,12685094.54,4642,F1,1,,,,,
2026-10-05,2026-10-05,CM,NSE,STK,761192,INE0J5601015,KRISHNADEF,EQ,,,,,KRISHNA DEF AND ALD IND L,1020.0,1201.0,1006.8,1201.0,1201.0,1000.9,,1201.0,,,1437610,1670527431.4,69385,F1,1,,,,,
2026-10-05,2026-10-05,CM,NSE,STK,981,INE255A01020,EPL,EQ,,,,,EPL LIMITED,230.62,237.89,230.2,236.5,235.2,232.39,,236.5,,,1435292,336402830.81,25849,F1,1,,,,,
2026-10-05,2026-10-05,CM,NSE,STK,757614,INE0H9P01028,ARIS,EQ,,,,,ARISINFRA SOLUTIONS LTD,139.49,143.0,137.51,140.24,140.87,138.66,,140.23,,,1432618,201573799.08,13253,F1,1,,,,,
2026-10-05,2026-10-05,CM,NSE,STK,22832,INF769K01LC3,SMALLCAP,EQ,,,,,MIRAEAMC - SMALLCAP,48.61,48.61,46.66,47.47,47.55,47.43,,47.47,,,1429138,67790897.88,4870,F1,1,,,,,
2026-10-05,2026-10-05,CM,NSE,STK,1508,INE914M01019,ASTERDM,EQ,,,,,ASTER DM QUALITY CARE LTD,708.0,708.0,687.0,691.5,691.15,708.9,,691.48,,,1401950,969728151.15,57848,F1,1,,,,,
2026-10-05,2026-10-05,CM,NSE,STK,765451,INE16W401027,AUGMONT,EQ,,,,,AUGMONT ENTERPRISES LTD,1224.0,1254.9,1177.0,1223.3,1217.9,1195.2,,1223.23,,,1400524,1719466101.3,36013,F1,1,,,,,
2026-10-05,2026-10-05,CM,NSE,STK,9683,INE04I401011,KPITTECH,EQ,,,,,KPIT TECHNOLOGIES LIMITED,499.85,508.95,489.0,489.5,489.5,492.0,,489.52,,,1394781,693876932.6,28123,F1,1,,,,,
2026-10-05,2026-10-05,CM,NSE,STK,3507,INF769K01HF4,MAFANG,EQ,,,,,MIRAEAMC - MAFANG,254.41,261.0,248.21,259.42,260.4,248.21,,259.41,,,1391400,357048533.38,31123,F1,1,,,,,
2026-10-05,2026-10-05,CM,NSE,STK,31181,INE745G01043,MCX,EQ,,,,,MULTI COMMODITY EXCHANGE,3220.0,3258.7,3150.0,3181.7,3181.7,3204.0,,3181.72,,,1386833,4444500458.2,91901,F1,1,,,,,
2026-10-05,2026-10-05,CM,NSE,STK,765382,INE1WFC01025,SHANKESH,EQ,,,,,SHANKESH JEWELLERS LTD,89.24,91.3,87.5,88.24,88.5,87.93,,88.24,,,1386109,123384395.32,12911,F1,1,,,,,
2026-10-05,2026-10-05,CM,NSE,STK,685,INE121A01024,CHOLAFIN,EQ,,,,,CHOLAMANDALAM IN & FIN CO,1590.0,1610.8,1580.0,1605.4,1605.4,1580.0,,1605.41,,,1378981,2208592245.7,49311,F1,1,,,,,
2026-10-05,2026-10-05,CM,NSE,STK,5373,INE872J01023,DEVYANI,EQ,,,,,DEVYANI INTERNATIONAL LTD,127.07,131.0,125.55,130.03,129.91,127.07,,130.03,,,1377561,176600784.91,17107,F1,1,,,,,
2026-10-05,2026-10-05,CM,NSE,STK,19234,INE947Q01028,LAURUSLABS,EQ,,,,,LAURUS LABS LIMITED,1994.0,2002.0,1955.1,1971.4,1971.4,1984.0,,1970.96,,,1374138,2707374073.5,63463,F1,1,,,,,
2026-10-05,2026-10-05,CM,NSE,STK,11403,INE511C01022,POONAWALLA,EQ,,,,,POONAWALLA FINCORP LTD,438.05,453.9,436.5,451.95,453.0,433.4,,451.95,,,1365007,611595574.7,45249,F1,1,,,,,
2026-10-05,2026-10-05,CM,NSE,STK,13517,INE548C01032,EMAMILTD,EQ,,,,,EMAMI LIMITED,373.1,378.5,371.0,377.75,374.35,372.65,,377.74,,,1358087,510269345.85,29901,F1,1,,,,,
2026-10-05,2026-10-05,CM,NSE,STK,14602,INE855C01023,WEBELSOLAR,EQ,,,,,WEBSOL ENERGY SYSTEM LTD,69.2,69.6,67.21,68.06,68.24,68.7,,68.06,,,1356882,92553047.29,12993,F1,1,,,,,
2026-10-05,2026-10-05,CM,NSE,STK,13409,INE177H01039,GPIL,EQ,,,,,GODAWARI POW & ISP LTD,215.66,218.8,210.42,211.32,211.05,215.67,,211.32,,,1339172,285177135.23,24216,F1,1,,,,,
2026-10-05,2026-10-05,CM,NSE,STK,3594,INE694A01020,UNITECH,EQ,,,,,UNITECH LTD,3.95,3.99,3.88,3.9,3.91,3.93,,3.9,,,1338911,5260103.93,2864,F1,1,,,,,
2026-10-05,2026-10-05,CM,NSE,STK,1235,INE224A01026,GREAVESCOT,EQ,,,,,GREAVES COTTON LTD.,225.07,228.6,218.79,220.94,220.95,225.98,,220.94,,,1324571,295159619.07,27096,F1,1,,,,,
2026-10-05,2026-10-05,CM,NSE,STK,21808,INE123W01016,SBILIFE,EQ,,,,,SBI LIFE INSURANCE CO LTD,1721.6,1741.4,1709.5,1709.5,1709.5,1721.6,,1709.56,,,1322426,2283845532.0,40116,F1,1,,,,,
2026-10-05,2026-10-05,CM,NSE,STK,28046,INE0HLU01028,MOBIKWIK,EQ,,,,,ONE MOBIKWIK SYSTEMS LTD,196.02,205.27,196.02,201.79,202.12,196.23,,201.79,,,1321942,267547228.33,19980,F1,1,,,,,
2026-10-05,2026-10-05,CM,NSE,STK,765480,INE0PX301025,SKYWAYS,EQ,,,,,SKYWAYS AIR SERVICES LTD,111.7,113.42,108.85,109.48,109.77,110.29,,109.48,,,1317759,146140027.74,16815,F1,1,,,,,
2026-10-05,2026-10-05,CM,NSE,STK,766072,INE148G01016,ARCIL,EQ,,,,,ASSET RECONSTRUC CO (I) L,141.09,145.24,140.56,142.24,142.51,139.92,,142.24,,,1314700,187676375.12,26166,F1,1,,,,,
2026-10-05,2026-10-05,CM,NSE,STK,3024,INE324A01032,JINDALSAW,EQ,,,,,JINDAL SAW LIMITED,270.05,277.4,270.05,275.0,274.1,270.3,,274.99,,,1309022,359468654.3,32816,F1,1,,,,,
2026-10-05,2026-10-05,CM,NSE,STK,764955,INE284B01028,TGVSL,EQ,,,,,T G V SRAAC LTD.,123.12,127.5,120.25,121.99,121.5,116.38,,122.0,,,1302916,161828652.43,18098,F1,1,,,,,
2026-10-05,2026-10-05,CM,NSE,STK,12913,INE324X01026,SARVESHWAR,EQ,,,,,SARVESHWAR FOODS LIMITED,3.41,3.5,3.41,3.46,3.47,3.44,,3.46,,,1300127,4503912.97,2062,F1,1,,,,,
2026-10-05,2026-10-05,CM,NSE,STK,763784,INE1YPB01014,AGL,EQ,,,,,ALLCARGO GLOBAL LIMITED,12.59,12.85,12.41,12.5,12.41,12.59,,12.5,,,1299528,16403978.55,2576,F1,1,,,,,
2026-10-05,2026-10-05,CM,NSE,STK,7412,INF174KA1IA5,ALPHA,EQ,,,,,KOTAKMAMC - KOTAKALPHA,51.27,51.83,51.07,51.4,51.35,51.28,,51.4,,,1298674,66795109.13,4518,F1,1,,,,,
2026-10-05,2026-10-05,CM,NSE,STK,760224,INE14UN01029,VIDYAWIRES,EQ,,,,,VIDYA WIRES LIMITED,90.95,95.35,90.95,91.27,91.08,90.97,,91.28,,,1296809,120570614.73,8246,F1,1,,,,,
2026-10-05,2026-10-05,CM,NSE,STK,766295,INE0TWE01016,ARMEE,EQ,,,,,ARMEE INFOTECH LIMITED,270.7,272.75,251.05,254.25,252.9,273.35,,254.22,,,1290880,339457430.05,23632,F1,1,,,,,
2026-10-05,2026-10-05,CM,NSE,STK,3351,INE044A01036,SUNPHARMA,EQ,,,,,SUN PHARMACEUTICAL IND L,1785.0,1802.9,1776.7,1779.7,1779.7,1801.0,,1779.71,,,1290843,2304642398.3,66769,F1,1,,,,,
2026-10-05,2026-10-05,CM,NSE,STK,760,INE067A01029,CGPOWER,EQ,,,,,CG POWER AND IND SOL LTD,885.05,894.2,877.75,882.3,882.3,879.0,,882.3,,,1290292,1141497982.35,34691,F1,1,,,,,
2026-10-05,2026-10-05,CM,NSE,STK,3761,INE320J01015,RITES,EQ,,,,,RITES LIMITED,211.56,212.0,203.59,205.74,204.51,209.48,,205.75,,,1278686,262994604.31,23373,F1,1,,,,,
2026-10-05,2026-10-05,CM,NSE,STK,10447,INE854D01024,UNITDSPR,EQ,,,,,UNITED SPIRITS LIMITED,1335.4,1377.9,1329.7,1369.0,1369.0,1335.1,,1369.0,,,1272603,1721066051.3,47556,F1,1,,,,,
2026-10-05,2026-10-05,CM,NSE,STK,4957,INE691Z01023,GANGAFORGE,EQ,,,,,GANGA FORGING LIMITED,1.48,1.51,1.42,1.46,1.48,1.48,,1.46,,,1264085,1859657.13,912,F1,1,,,,,
2026-10-05,2026-10-05,CM,NSE,STK,11999,INE512B01022,FCSSOFT,EQ,,,,,FCS SOFTWARE SOLN. LTD.,1.39,1.41,1.38,1.38,1.38,1.38,,1.38,,,1254766,1745956.79,1081,F1,1,,,,,
2026-10-05,2026-10-05,CM,NSE,STK,4244,INE127D01025,HDFCAMC,EQ,,,,,HDFC AMC LIMITED,2308.1,2369.5,2308.1,2346.0,2346.0,2308.1,,2346.01,,,1244530,2924429464.3,47548,F1,1,,,,,
2026-10-05,2026-10-05,CM,NSE,STK,27176,INE0ONG01011,NTPCGREEN,EQ,,,,,NTPC GREEN ENERGY LIMITED,91.1,91.57,89.55,90.09,90.1,91.09,,90.09,,,1231775,111319480.01,22242,F1,1,,,,,
2026-10-05,2026-10-05,CM,NSE,STK,5394,INE0CT101020,MOL,EQ,,,,,MEGHMANI ORGANICS LIMITED,54.93,56.99,53.31,54.83,54.6,55.13,,54.82,,,1229458,67416800.71,7611,F1,1,,,,,
2026-10-05,2026-10-05,CM,NSE,STK,399,INE470Y01017,NIACL,EQ,,,,,THE NEW INDIA ASSU CO LTD,160.21,163.0,157.7,158.36,157.72,160.21,,158.34,,,1226665,196169909.0,22202,F1,1,,,,,
2026-10-05,2026-10-05,CM,NSE,STK,18652,INE726G01019,ICICIPRULI,EQ,,,,,ICICI PRU LIFE INS CO LTD,448.0,457.0,446.05,454.9,454.9,448.05,,454.88,,,1224982,554597468.25,50850,F1,1,,,,,
2026-10-05,2026-10-05,CM,NSE,STK,764408,INE05C901015,JNPR,EQ,,,,,JUNIPER GREEN ENERGY LTD,270.9,280.9,269.0,271.3,271.75,268.25,,271.3,,,1216951,334935928.05,33535,F1,1,,,,,
2026-10-05,2026-10-05,CM,NSE,STK,765195,INE457P01020,TOYAMSL,EQ,,,,,TOYAM SPORTS LTD.,0.7,0.71,0.66,0.66,0.66,0.69,,0.66,,,1201986,815048.43,381,F1,1,,,,,
2026-10-05,2026-10-05,CM,NSE,STK,756827,INF666M01OF4,GROWWSLVR,EQ,,,,,GROWWAMC - GROWWSLVR,21.68,21.76,21.49,21.71,21.72,21.39,,21.71,,,1201610,25986717.03,3286,F1,1,,,,,
2026-10-05,2026-10-05,CM,NSE,STK,14296,INE807F01027,VIYASH,EQ,,,,,VIYASH SCIENTIFIC LIMITED,234.0,235.0,228.0,229.07,228.1,231.75,,229.08,,,1200304,277272688.2,23363,F1,1,,,,,
2026-10-05,2026-10-05,CM,NSE,STK,14233,INF179KC1FB2,HDFCSML250,EQ,,,,,HDFCAMC - HDFCSML250,178.1,179.59,176.52,178.32,178.67,177.81,,178.31,,,1197364,212909060.07,17630,F1,1,,,,,
2026-10-05,2026-10-05,CM,NSE,STK,10397,INE175A01038,JISLJALEQS,EQ,,,,,JAIN IRRIGATION SYSTEMS,27.45,27.83,26.7,26.81,26.72,27.3,,26.81,,,1197115,32447592.12,3728,F1,1,,,,,
2026-10-05,2026-10-05,CM,NSE,STK,21770,INE765G01017,ICICIGI,EQ,,,,,ICICI LOMBARD GIC LIMITED,1563.0,1608.0,1561.1,1600.0,1600.0,1563.0,,1599.95,,,1196366,1909389667.0,46380,F1,1,,,,,
2026-10-05,2026-10-05,CM,NSE,STK,10453,INE836B01017,SATIN,EQ,,,,,SATIN CREDIT NET LTD,226.15,230.97,215.0,216.29,215.47,227.47,,216.3,,,1194660,261924615.31,19924,F1,1,,,,,
2026-10-05,2026-10-05,CM,NSE,STK,759169,INE0JYY01029,MWL,EQ,,,,,MANGALAM WORLDWIDE LTD,41.7,42.74,40.96,41.53,41.74,43.13,,41.53,,,1175803,49144587.03,6391,F1,1,,,,,
2026-10-05,2026-10-05,CM,NSE,STK,9558,INE256Z01025,AKSHAR,EQ,,,,,AKSHAR SPINTEX LIMITED,0.42,0.43,0.41,0.42,0.43,0.41,,0.42,,,1171427,488816.97,270,F1,1,,,,,
2026-10-05,2026-10-05,CM,NSE,STK,23365,INE416A01051,AQYLON,EQ,,,,,AQYLON NEXUS LIMITED,15.46,16.23,14.69,15.58,16.06,15.46,,15.59,,,1157106,17683842.55,1814,F1,1,,,,,
2026-10-05,2026-10-05,CM,NSE,STK,13725,INE503A01015,DCBBANK,EQ,,,,,DCB BANK LIMITED,199.0,205.65,196.63,197.36,197.15,199.71,,197.37,,,1142913,227214152.12,26925,F1,1,,,,,
2026-10-05,2026-10-05,CM,NSE,STK,761270,INE598D01035,ALGOQUANT,EQ,,,,,ALGOQUANT FINTECH LIMITED,67.07,69.77,67.05,68.25,68.28,67.51,,68.25,,,1133101,77656406.88,5818,F1,1,,,,,
2026-10-05,2026-10-05,CM,NSE,STK,5701,INE491A01021,CUB,EQ,,,,,CITY UNION BANK LTD,232.0,232.65,225.5,227.65,227.43,230.04,,227.65,,,1115230,254228656.49,33136,F1,1,,,,,
2026-10-05,2026-10-05,CM,NSE,STK,13720,INE544H01014,JHS,EQ,,,,,JHS SVEND. LAB. LTD,11.89,12.15,10.53,10.53,10.53,11.7,,10.53,,,1114692,11918323.51,1804,F1,1,,,,,
2026-10-05,2026-10-05,CM,NSE,STK,14707,INE508G01029,TIMETECHNO,EQ,,,,,TIME TECHNOPLAST LTD.,180.3,181.88,177.5,178.71,179.49,179.68,,178.69,,,1107750,199029839.03,15685,F1,1,,,,,
2026-10-05,2026-10-05,CM,NSE,STK,4503,INE356A01018,MPHASIS,EQ,,,,,MPHASIS LIMITED,2277.8,2342.0,2239.2,2297.1,2297.1,2250.2,,2296.98,,,1107616,2543702057.6,42255,F1,1,,,,,
2026-10-05,2026-10-05,CM,NSE,STK,760351,INE119201023,PARKHOSPS,EQ,,,,,PARK MEDI WORLD LIMITED,270.35,274.0,261.0,267.75,270.0,270.8,,267.68,,,1099956,294346360.9,14773,F1,1,,,,,
2026-10-05,2026-10-05,CM,NSE,STK,781,INE495A01022,DALMIASUG,EQ,,,,,DALMIA BHARAT SUG IN LTD,405.65,435.95,400.3,430.15,427.6,396.7,,430.14,,,1092162,465947147.4,31145,F1,1,,,,,
2026-10-05,2026-10-05,CM,NSE,STK,29482,INE613C01026,MCLOUD,EQ,,,,,MAGELLANIC CLOUD LIMITED,24.74,24.77,24.08,24.54,24.7,24.25,,24.54,,,1090964,26712078.47,3959,F1,1,,,,,
2026-10-05,2026-10-05,CM,NSE,STK,694,INE059A01026,CIPLA,EQ,,,,,CIPLA LTD,1334.3,1337.7,1321.0,1335.5,1335.5,1344.0,,1335.49,,,1084209,1444590826.6,56931,F1,1,,,,,
2026-10-05,2026-10-05,CM,NSE,STK,18760,INE0JR601024,YATRA,EQ,,,,,YATRA ONLINE LIMITED,100.0,102.87,98.56,100.81,100.35,98.83,,100.81,,,1078497,108707014.59,11646,F1,1,,,,,
2026-10-05,2026-10-05,CM,NSE,STK,8054,INE614B01018,KTKBANK,EQ,,,,,KARNATAKA BANK LIMITED,325.0,329.9,322.3,326.75,326.1,321.6,,326.74,,,1078432,351500332.3,20439,F1,1,,,,,
2026-10-05,2026-10-05,CM,NSE,STK,16675,INE918I01026,BAJAJFINSV,EQ,,,,,BAJAJ FINSERV LTD.,1744.8,1760.9,1732.6,1751.4,1751.4,1732.6,,1751.28,,,1075845,1878276235.4,58324,F1,1,,,,,
2026-10-05,2026-10-05,CM,NSE,STK,1348,INE158A01026,HEROMOTOCO,EQ,,,,,HERO MOTOCORP LIMITED,5199.0,5205.5,4994.5,5089.5,5089.5,5168.0,,5089.46,,,1072997,5451922141.0,85559,F1,1,,,,,
2026-10-05,2026-10-05,CM,NSE,STK,759251,INE0MLS01022,EPACKPEB,EQ,,,,,EPACK PREFAB TECHN LTD,244.9,255.88,244.2,249.74,250.25,242.07,,249.73,,,1070964,269365372.01,27729,F1,1,,,,,
2026-10-05,2026-10-05,CM,NSE,STK,19731,INE517F01014,GPPL,EQ,,,,,GUJARAT PIPAVAV PORT LTD,166.7,169.0,165.54,167.6,167.5,165.88,,167.6,,,1069321,179013666.51,18832,F1,1,,,,,
2026-10-05,2026-10-05,CM,NSE,STK,8840,INE228A01035,USHAMART,EQ,,,,,USHA MARTIN LTD.,492.0,518.0,492.0,510.5,508.1,491.7,,510.56,,,1068924,542865544.75,33961,F1,1,,,,,
2026-10-05,2026-10-05,CM,NSE,STK,19783,INE08KJ01020,MUFIN,EQ,,,,,MUFIN GREEN FINANCE LTD,131.3,134.43,130.6,132.89,132.5,130.59,,132.89,,,1067885,141980875.22,7170,F1,1,,,,,
2026-10-05,2026-10-05,CM,NSE,STK,14889,INE022I01019,ASIANTILES,EQ,,,,,ASIAN GRANITO IND. LTD.,48.16,48.28,46.1,46.65,46.75,47.95,,46.66,,,1062886,50052096.63,4227,F1,1,,,,,
2026-10-05,2026-10-05,CM,NSE,STK,27095,INE665A01038,SWANCORP,EQ,,,,,SWAN CORP LIMITED,276.9,276.9,261.7,262.9,262.4,272.8,,262.9,,,1059779,281826958.8,22422,F1,1,,,,,
2026-10-05,2026-10-05,CM,NSE,STK,341,INE119A01028,BALRAMCHIN,EQ,,,,,BALRAMPUR CHINI MILLS LTD,652.55,679.5,652.55,671.5,671.0,649.05,,671.49,,,1055611,706749934.85,31734,F1,1,,,,,
2026-10-05,2026-10-05,CM,NSE,STK,13620,INE242C01024,ANANTRAJ,EQ,,,,,ANANT RAJ LIMITED,580.0,592.85,575.0,587.4,588.0,577.85,,587.42,,,1053429,616852682.7,34550,F1,1,,,,,
2026-10-05,2026-10-05,CM,NSE,STK,21131,INE010J01012,TEJASNET,EQ,,,,,TEJAS NETWORKS LIMITED,469.0,481.95,461.45,463.2,464.2,464.8,,463.2,,,1053307,494329516.9,35568,F1,1,,,,,
2026-10-05,2026-10-05,CM,NSE,STK,1859,INE087A01019,KESORAMIND,EQ,,,,,KESORAM INDUSTRIES LTD,10.69,10.99,10.2,10.25,10.2,10.73,,10.25,,,1053058,10899773.45,1748,F1,1,,,,,
2026-10-05,2026-10-05,CM,NSE,STK,11723,INE019A01038,JSWSTEEL,EQ,,,,,JSW STEEL LIMITED,1233.0,1252.4,1228.7,1235.3,1235.3,1233.0,,1235.29,,,1047395,1294392586.3,42443,F1,1,,,,,
2026-10-05,2026-10-05,CM,NSE,STK,12847,INE506W01020,KRISHANA,EQ,,,,,KRISHANA PHOSCHEM LIMITED,186.2,186.53,178.41,185.83,186.2,184.59,,185.83,,,1043482,191541865.08,10608,F1,1,,,,,
2026-10-05,2026-10-05,CM,NSE,STK,14309,INE562A01011,INDIANB,EQ,,,,,INDIAN BANK,801.75,817.9,801.75,810.0,810.0,793.15,,809.99,,,1043196,843589079.7,41061,F1,1,,,,,
2026-10-05,2026-10-05,CM,NSE,STK,20778,INE039C01032,JAMNAAUTO,EQ,,,,,JAMNA AUTO IND LTD,132.51,134.88,131.71,134.45,134.02,131.66,,134.43,,,1040621,138709473.28,23905,F1,1,,,,,
2026-10-05,2026-10-05,CM,NSE,STK,24814,INE02RE01045,FIRSTCRY,EQ,,,,,BRAINBEES SOLUTIONS LTD,175.64,177.39,171.32,172.0,172.5,174.75,,172.01,,,1030621,179374639.2,15111,F1,1,,,,,
2026-10-05,2026-10-05,CM,NSE,STK,422,INE465A01025,BHARATFORG,EQ,,,,,BHARAT FORGE LTD,1868.0,1873.7,1816.7,1833.0,1833.0,1875.0,,1833.0,,,1029681,1887939187.6,58442,F1,1,,,,,
2026-10-05,2026-10-05,CM,NSE,STK,13637,INE780C01023,JMFINANCIL,EQ,,,,,JM FINANCIAL LIMITED,125.0,126.37,122.7,123.1,123.34,123.4,,123.1,,,1028560,127491379.03,17127,F1,1,,,,,
2026-10-05,2026-10-05,CM,NSE,STK,758973,INE01R501028,VIKRAN,EQ,,,,,VIKRAN ENGINEERING LTD,59.0,59.56,56.9,57.19,57.12,58.27,,57.19,,,1024492,59241891.31,6563,F1,1,,,,,
2026-10-05,2026-10-05,CM,NSE,STK,759265,INE976I01016,TATACAP,EQ,,,,,TATA CAPITAL LIMITED,319.3,322.85,317.0,317.6,317.0,319.3,,317.61,,,1021767,326144598.0,34700,F1,1,,,,,
2026-10-05,2026-10-05,CM,NSE,STK,761581,INE05HV01027,CMPDI,EQ,,,,,CENTRAL MINE P N D INST L,205.7,208.99,203.68,207.13,206.0,204.38,,207.09,,,1019550,210604373.66,19403,F1,1,,,,,
2026-10-05,2026-10-05,CM,NSE,STK,14917,INE142I01023,TAKE,EQ,,,,,TAKE LIMITED,12.65,12.9,12.02,12.06,12.02,12.65,,12.06,,,1017472,12377944.63,2096,F1,1,,,,,
2026-10-05,2026-10-05,CM,NSE,STK,18226,INE949H01023,MANINFRA,EQ,,,,,MAN INFRA LTD,124.9,126.36,122.07,123.78,123.28,124.3,,123.77,,,1016360,126221357.34,7625,F1,1,,,,,
2026-10-05,2026-10-05,CM,NSE,STK,3563,INE364U01010,ADANIGREEN,EQ,,,,,ADANI GREEN ENERGY LTD,1287.4,1303.5,1266.6,1284.0,1284.0,1276.1,,1283.37,,,1014292,1300993486.1,31039,F1,1,,,,,
2026-10-05,2026-10-05,CM,NSE,STK,17869,INE121E01018,JSWENERGY,EQ,,,,,JSW ENERGY LIMITED,485.85,491.8,483.25,491.8,491.8,485.0,,491.79,,,1014257,494739707.65,26621,F1,1,,,,,
2026-10-05,2026-10-05,CM,NSE,STK,10871,INE192H01020,GRMOVER,EQ,,,,,GRM OVERSEAS LIMITED,77.99,79.45,77.38,78.5,78.06,77.87,,78.53,,,1011559,79547269.94,4640,F1,1,,,,,
2026-10-05,2026-10-05,CM,NSE,STK,25835,INE498Q01014,VINCOFE,EQ,,,,,VINTAGE COFFEE N BVRGS L,178.8,186.0,175.41,182.59,183.0,178.95,,182.53,,,1009071,182128435.66,14632,F1,1,,,,,
2026-10-05,2026-10-05,CM,NSE,STK,8529,INE0CU601026,GMRP&UI,EQ,,,,,GMR POW AND URBAN INFRA L,102.55,103.49,100.6,100.85,100.8,101.87,,100.85,,,1003861,102316376.16,13501,F1,1,,,,,
2026-10-05,2026-10-05,CM,NSE,STK,760051,INF666M01MM4,GROWWCAPM,EQ,,,,,GROWWAMC - GROWWCAPM,10.93,11.34,10.71,10.88,10.91,10.67,,10.88,,,999564,10915342.97,1274,F1,1,,,,,
2026-10-05,2026-10-05,CM,NSE,STK,758968,INE0Y8W01025,AHCL,EQ,,,,,ANLON HEALTHCARE LIMITED,31.22,31.22,31.22,31.22,31.22,32.86,,31.24,,,996049,31096649.78,3473,F1,1,,,,,
2026-10-05,2026-10-05,CM,NSE,STK,764173,INE640G01020,SBIFUNDS,EQ,,,,,SBI FUNDS MANAGEMENT LTD,501.95,503.4,494.0,495.4,495.6,500.35,,495.41,,,986442,491996200.5,40520,F1,1,,,,,
2026-10-05,2026-10-05,CM,NSE,STK,25049,INE0BS701011,PREMIERENE,EQ,,,,,PREMIER ENERGIES LIMITED,885.45,893.6,864.0,891.95,891.95,878.05,,891.87,,,985692,866424030.7,27748,F1,1,,,,,
2026-10-05,2026-10-05,CM,NSE,STK,13359,INE138Y01010,KFINTECH,EQ,,,,,KFIN TECHNOLOGIES LIMITED,836.15,872.3,835.0,867.5,867.5,832.0,,867.5,,,977572,841489087.05,45768,F1,1,,,,,
2026-10-05,2026-10-05,CM,NSE,STK,765467,INE0LEG01024,HTEL,EQ,,,,,HY-TECH ENGINEERS LIMITED,72.87,73.84,70.15,70.43,70.3,72.92,,70.4,,,977060,70048002.74,9435,F1,1,,,,,
2026-10-05,2026-10-05,CM,NSE,STK,1394,INE030A01027,HINDUNILVR,EQ,,,,,HINDUSTAN UNILEVER LTD.,1845.1,1848.4,1828.0,1838.4,1838.4,1836.0,,1838.42,,,975071,1789463547.8,58733,F1,1,,,,,
2026-10-05,2026-10-05,CM,NSE,STK,811,INE499A01024,DCMSHRIRAM,EQ,,,,,DCM SHRIRAM LIMITED,910.6,1088.2,910.6,1044.55,1012.1,906.85,,1044.98,,,971948,1014516617.1,38600,F1,1,,,,,
2026-10-05,2026-10-05,CM,NSE,STK,759453,INE078V01014,VIKRAMSOLR,EQ,,,,,VIKRAM SOLAR LIMITED,155.0,157.39,151.79,152.52,152.7,154.35,,152.52,,,969664,148679605.04,13190,F1,1,,,,,
2026-10-05,2026-10-05,CM,NSE,STK,6596,INE269A01021,SONATSOFTW,EQ,,,,,SONATA SOFTWARE LTD,258.85,263.2,252.3,254.0,253.9,254.05,,254.01,,,963732,247923370.3,26563,F1,1,,,,,
2026-10-05,2026-10-05,CM,NSE,STK,24944,INF247L01DJ0,MODEFENCE,EQ,,,,,MOTILALAMC - MODEFENCE,101.72,103.22,99.7,100.54,100.7,100.71,,100.54,,,960834,96522752.32,11089,F1,1,,,,,
2026-10-05,2026-10-05,CM,NSE,STK,936,INE266Y01019,DPABHUSHAN,EQ,,,,,D. P. ABHUSHAN LIMITED,1945.0,2200.0,1872.1,2130.5,2166.2,1874.0,,2131.64,,,960721,1955047813.9,68803,F1,1,,,,,
2026-10-05,2026-10-05,CM,NSE,STK,275,INE406A01037,AUROPHARMA,EQ,,,,,AUROBINDO PHARMA LTD,1693.7,1696.0,1663.1,1674.9,1674.9,1676.8,,1674.9,,,958714,1605569421.2,39133,F1,1,,,,,
2026-10-05,2026-10-05,CM,NSE,STK,25608,INE337M01021,INDOTHAI,EQ,,,,,INDO THAI SEC LTD,36.7,36.94,35.42,36.94,36.94,35.19,,36.95,,,957718,35031150.22,3936,F1,1,,,,,
2026-10-05,2026-10-05,CM,NSE,STK,3405,INE092A01019,TATACHEM,EQ,,,,,TATA CHEMICALS LTD,607.8,629.9,603.5,617.4,618.0,607.8,,617.38,,,953155,587719180.3,31971,F1,1,,,,,
2026-10-05,2026-10-05,CM,NSE,STK,14154,INE405E01023,UNOMINDA,EQ,,,,,UNO MINDA LIMITED,1111.0,1126.0,1086.2,1101.0,1101.0,1111.0,,1100.98,,,952575,1046959332.2,35931,F1,1,,,,,
2026-10-05,2026-10-05,CM,NSE,STK,4749,INE111A01025,CONCOR,EQ,,,,,CONTAINER CORP OF IND LTD,445.0,446.6,434.5,441.45,441.45,442.0,,441.52,,,949906,418241129.0,20268,F1,1,,,,,
2026-10-05,2026-10-05,CM,NSE,STK,18096,INE797F01020,JUBLFOOD,EQ,,,,,JUBILANT FOODWORKS LTD,442.8,447.75,438.8,445.7,445.7,443.4,,445.69,,,949778,421929194.5,19306,F1,1,,,,,
2026-10-05,2026-10-05,CM,NSE,STK,11262,INE203G01027,IGL,EQ,,,,,INDRAPRASTHA GAS LTD,142.79,143.57,141.5,142.1,141.95,142.79,,142.1,,,948892,135229337.62,37995,F1,1,,,,,
2026-10-05,2026-10-05,CM,NSE,STK,2463,INE099Z01011,MIDHANI,EQ,,,,,MISHRA DHATU NIGAM LTD,433.6,444.9,425.2,440.1,438.5,433.6,,440.09,,,947160,414011600.8,29915,F1,1,,,,,
2026-10-05,2026-10-05,CM,NSE,STK,19795,INE0LMW01024,CELLO,EQ,,,,,CELLO WORLD LIMITED,323.1,341.9,323.1,340.05,339.0,323.1,,340.06,,,945722,317710543.5,32031,F1,1,,,,,
2026-10-05,2026-10-05,CM,NSE,STK,17957,INE123F01029,MMTC,EQ,,,,,MMTC LIMITED,57.56,57.69,56.0,56.33,56.0,56.29,,56.32,,,943031,53472636.05,8769,F1,1,,,,,
2026-10-05,2026-10-05,CM,NSE,STK,31258,INE875G01048,NDL,EQ,,,,,NANDAN DENIM LIMITED,2.63,2.67,2.58,2.59,2.62,2.54,,2.59,,,942759,2462699.12,1210,F1,1,,,,,
2026-10-05,2026-10-05,CM,NSE,STK,764301,INE084101034,INDOMIM,EQ,,,,,INDO-MIM LIMITED,1292.0,1333.9,1284.9,1320.4,1326.9,1271.8,,1320.23,,,939096,1237019554.6,40906,F1,1,,,,,
2026-10-05,2026-10-05,CM,NSE,STK,5435,INE852O01025,APTUS,EQ,,,,,APTUS VALUE HSG FIN I LTD,227.95,228.51,222.34,223.65,223.18,226.4,,223.65,,,934997,209744973.1,36176,F1,1,,,,,
2026-10-05,2026-10-05,CM,NSE,STK,2717,INE372C01037,PRECWIRE,EQ,,,,,PRECISION WIRES INDIA LTD,506.0,524.0,504.85,507.4,508.35,501.4,,507.41,,,934457,481501669.25,45088,F1,1,,,,,
2026-10-05,2026-10-05,CM,NSE,STK,29251,INE379A01028,ITCHOTELS,EQ,,,,,ITC HOTELS LIMITED,159.8,160.8,158.11,158.96,159.0,158.51,,158.96,,,922569,147011682.38,16902,F1,1,,,,,
2026-10-05,2026-10-05,CM,NSE,STK,8167,INE825V01034,MANYAVAR,EQ,,,,,VEDANT FASHIONS LIMITED,522.6,527.9,507.65,521.3,520.75,519.2,,521.37,,,917319,473506744.4,13940,F1,1,,,,,
2026-10-05,2026-10-05,CM,NSE,STK,236,INE021A01026,ASIANPAINT,EQ,,,,,ASIAN PAINTS LIMITED,2400.0,2409.0,2336.7,2366.0,2366.0,2407.0,,2366.01,,,916254,2159482779.3,71315,F1,1,,,,,
2026-10-05,2026-10-05,CM,NSE,STK,21174,INE736A01011,CDSL,EQ,,,,,CENTRAL DEPO SER (I) LTD,1248.0,1260.3,1237.4,1250.0,1250.0,1242.5,,1250.0,,,915900,1144177941.7,39847,F1,1,,,,,
2026-10-05,2026-10-05,CM,NSE,STK,759448,INE1B6101010,SHREEJISPG,EQ,,,,,SHREEJI SHIPPING GLOBAL L,779.8,788.1,768.8,779.85,782.5,775.35,,779.85,,,915863,713821742.9,18583,F1,1,,,,,
2026-10-05,2026-10-05,CM,NSE,STK,759342,INE0S3G01027,PACEDIGITK,EQ,,,,,PACE DIGITEK LIMITED,168.0,169.86,162.26,164.04,164.14,167.35,,164.04,,,915203,150584503.19,13254,F1,1,,,,,
2026-10-05,2026-10-05,CM,NSE,STK,12489,INE00M201021,SWSOLAR,EQ,,,,,STRLNG & WIL REN ENE LTD,165.0,167.44,163.0,163.72,163.25,164.82,,163.73,,,914130,150700329.59,13038,F1,1,,,,,
2026-10-05,2026-10-05,CM,NSE,STK,21001,INE608A01012,PSB,EQ,,,,,PUNJAB & SIND BANK,21.06,21.38,20.92,21.02,21.01,20.96,,21.02,,,907370,19146874.05,3495,F1,1,,,,,
2026-10-05,2026-10-05,CM,NSE,STK,18124,INE879I01012,DBREALTY,EQ,,,,,VALOR ESTATE LIMITED,91.74,92.79,89.25,91.72,91.5,91.7,,91.72,,,903606,82272264.42,11893,F1,1,,,,,
2026-10-05,2026-10-05,CM,NSE,STK,15649,INE0ALR01029,ATALREAL,EQ,,,,,ATAL REALTECH LIMITED,12.76,12.92,12.51,12.81,12.87,12.78,,12.81,,,902386,11484326.58,1065,F1,1,,,,,
2026-10-05,2026-10-05,CM,NSE,STK,9902,INE02EZ01022,AXITA,EQ,,,,,AXITA COTTON LIMITED,7.69,7.69,7.56,7.59,7.64,7.58,,7.59,,,901703,6855596.31,683,F1,1,,,,,
2026-10-05,2026-10-05,CM,NSE,STK,760981,INE501X01029,AYE,EQ,,,,,AYE FINANCE LIMITED,164.41,167.5,159.0,162.75,162.91,163.29,,162.75,,,898907,147652958.32,25351,F1,1,,,,,
2026-10-05,2026-10-05,CM,NSE,STK,157,INE437A01024,APOLLOHOSP,EQ,,,,,APOLLO HOSPITALS ENTER. L,7880.5,8076.0,7880.5,7985.0,7985.0,8133.5,,7985.02,,,895216,7165413309.0,87976,F1,1,,,,,
2026-10-05,2026-10-05,CM,NSE,STK,11919,INE752G01015,MSPL,EQ,,,,,MSP STEEL & POWER LTD.,32.04,32.8,31.52,31.65,31.55,32.52,,31.65,,,893166,28591641.86,4587,F1,1,,,,,
2026-10-05,2026-10-05,CM,NSE,STK,24610,INE005B01027,AVANTEL,EQ,,,,,AVANTEL LIMITED,152.0,152.59,147.0,147.59,147.2,150.28,,147.59,,,892887,132931109.77,10679,F1,1,,,,,
2026-10-05,2026-10-05,CM,NSE,STK,14304,INE684F01012,FSL,EQ,,,,,FIRSTSOURCE SOLU. LTD.,254.55,259.35,252.1,257.4,259.0,250.4,,257.4,,,885378,226218948.95,20380,F1,1,,,,,
2026-10-05,2026-10-05,CM,NSE,STK,760007,INE606N01019,EXCELSOFT,EQ,,,,,EXCELSOFT TECHNOLOGIES L,79.5,80.71,77.56,80.0,80.19,78.33,,80.0,,,877532,69737731.77,6754,F1,1,,,,,
2026-10-05,2026-10-05,CM,NSE,STK,14334,INE019C01026,HSCL,EQ,,,,,HIMADRI SPECIALITY CHEM L,665.95,672.5,656.5,659.85,660.2,665.15,,659.85,,,876519,580862590.45,22051,F1,1,,,,,
2026-10-05,2026-10-05,CM,NSE,STK,40,INE208C01025,AEGISLOG,EQ,,,,,AEGIS LOGISTICS LIMITED,1400.2,1410.0,1355.0,1359.5,1357.8,1401.1,,1359.48,,,873548,1207990277.1,61050,F1,1,,,,,
2026-10-05,2026-10-05,CM,NSE,STK,17752,INE790G01031,SHILPAMED,EQ,,,,,SHILPA MEDICARE LTD,1069.0,1081.9,1020.2,1031.2,1029.5,1064.1,,1031.2,,,870692,907047337.2,35667,F1,1,,,,,
2026-10-05,2026-10-05,CM,NSE,STK,277,INE481Y01014,GICRE,EQ,,,,,GENERAL INS CORP OF INDIA,324.0,324.9,314.7,319.1,319.6,323.9,,319.1,,,870442,277414024.95,36484,F1,1,,,,,
2026-10-05,2026-10-05,CM,NSE,STK,10905,INE727B01026,GENESYS,EQ,,,,,GENESYS INTL CORPN LTD,282.0,299.2,282.0,287.4,286.0,281.35,,287.44,,,862980,251140901.95,17553,F1,1,,,,,
2026-10-05,2026-10-05,CM,NSE,STK,3275,INE869Y01028,TEMBO,EQ,,,,,TEMBO GLOBAL IND LTD,57.7,57.7,54.9,55.18,55.67,57.16,,55.18,,,857236,47970565.37,4769,F1,1,,,,,
2026-10-05,2026-10-05,CM,NSE,STK,4847,INE967H01025,KIMS,EQ,,,,,KRISHNA INST OF MED SCI L,739.0,747.85,700.05,705.45,708.0,736.25,,705.31,,,850822,608424158.55,36235,F1,1,,,,,
2026-10-05,2026-10-05,CM,NSE,STK,166,INE435A01051,ANDHRAPAP,EQ,,,,,ANDHRA PAPER LIMITED,71.36,73.55,69.55,69.94,69.81,71.36,,69.94,,,849036,60272313.23,3516,F1,1,,,,,
2026-10-05,2026-10-05,CM,NSE,STK,2909,INE209B01025,RICOAUTO,EQ,,,,,RICO AUTO INDUSTRIES LTD,121.63,124.0,119.41,120.52,119.5,121.63,,120.52,,,847055,103207301.76,8265,F1,1,,,,,
2026-10-05,2026-10-05,CM,NSE,STK,10793,INE0DYJ01015,SYRMA,EQ,,,,,SYRMA SGS TECHNOLOGY LTD,1739.7,1757.7,1692.3,1700.4,1702.8,1717.9,,1700.34,,,846292,1453850321.9,50545,F1,1,,,,,
2026-10-05,2026-10-05,CM,NSE,STK,9819,INE176B01034,HAVELLS,EQ,,,,,HAVELLS INDIA LIMITED,1050.0,1060.5,1041.6,1046.7,1046.7,1040.0,,1046.72,,,845006,886884770.7,40266,F1,1,,,,,
2026-10-05,2026-10-05,CM,NSE,STK,2841,INE576O01020,LXCHEM,EQ,,,,,LAXMI ORGANIC INDUS LTD,182.0,183.94,176.8,177.08,177.02,181.39,,177.08,,,843634,151547278.44,15847,F1,1,,,,,
2026-10-05,2026-10-05,CM,NSE,STK,2664,INE318A01026,PIDILITIND,EQ,,,,,PIDILITE INDUSTRIES LTD,1464.2,1487.7,1458.2,1487.7,1487.7,1464.0,,1487.69,,,843401,1241119399.6,49005,F1,1,,,,,
2026-10-05,2026-10-05,CM,NSE,STK,357,INE298J01013,NAM-INDIA,EQ,,,,,NIPPON L I A M LTD,1049.0,1069.5,1046.0,1061.0,1061.0,1046.0,,1060.99,,,842149,892932405.2,43667,F1,1,,,,,
2026-10-05,2026-10-05,CM,NSE,STK,27297,INE834M01019,RTNINDIA,EQ,,,,,RATTANINDIA ENT LIMITED,25.55,25.8,25.1,25.46,25.65,25.32,,25.46,,,840323,21319816.61,4886,F1,1,,,,,
2026-10-05,2026-10-05,CM,NSE,STK,14788,INE232I01014,SPARC,EQ,,,,,SUN PHARMA ADV.RES.CO.LTD,194.56,201.59,190.2,191.26,191.9,194.13,,191.21,,,837807,162243152.05,18280,F1,1,,,,,
2026-10-05,2026-10-05,CM,NSE,STK,766314,INE0OTC01025,AONESTEELS,EQ,,,,,A-ONE STEELS INDIA LTD,413.5,413.6,386.1,389.4,386.1,416.55,,389.3,,,831655,330347075.3,20575,F1,1,,,,,
2026-10-05,2026-10-05,CM,NSE,STK,8110,INE699H01024,AWL,EQ,,,,,AWL AGRI BUSINESS LIMITED,176.47,178.9,174.06,176.15,176.55,175.43,,176.15,,,831209,146039643.95,28691,F1,1,,,,,
2026-10-05,2026-10-05,CM,NSE,STK,29872,INF666M01JV1,GROWWN200,EQ,,,,,GROWWAMC - GROWWN200,10.64,10.83,10.6,10.66,10.7,10.64,,10.66,,,830952,8842208.05,465,F1,1,,,,,
2026-10-05,2026-10-05,CM,NSE,STK,18011,INE716A01013,WHIRLPOOL,EQ,,,,,WHIRLPOOL OF INDIA LTD,867.6,888.7,850.1,871.75,870.1,861.65,,871.76,,,825507,721036980.2,38181,F1,1,,,,,
2026-10-05,2026-10-05,CM,NSE,STK,11905,INE955D01029,GENUSPOWER,EQ,,,,,GENUS POWER INFRASTRU LTD,282.0,286.0,277.05,280.25,280.5,280.0,,280.25,,,824365,231523696.55,18729,F1,1,,,,,
2026-10-05,2026-10-05,CM,NSE,STK,13776,INE017A01032,GESHIP,EQ,,,,,THE GE SHPG.LTD,1529.9,1570.5,1523.3,1559.3,1560.0,1530.6,,1559.29,,,823469,1283144963.7,50096,F1,1,,,,,
2026-10-05,2026-10-05,CM,NSE,STK,29075,INE0M4D01010,SETL,EQ,,,,,STANDARD ENGNG TCNLGY LTD,421.7,437.75,417.15,430.05,430.5,416.95,,430.02,,,821094,354564091.95,11148,F1,1,,,,,
2026-10-05,2026-10-05,CM,NSE,STK,3348,INE947A01014,SUNFLAG,EQ,,,,,SUNFLAG IRON AND STEEL CO,442.0,455.15,412.2,455.0,455.15,433.5,,454.92,,,820271,360501204.4,15600,F1,1,,,,,
2026-10-05,2026-10-05,CM,NSE,STK,758697,INF666M01LL8,GROWWNIFTY,EQ,,,,,GROWWAMC - GROWWNIFTY,9.16,9.26,8.89,9.17,9.21,9.12,,9.17,,,819337,7480059.29,5620,F1,1,,,,,
2026-10-05,2026-10-05,CM,NSE,STK,857,INE041A01016,DHAMPURSUG,EQ,,,,,DHAMPUR SUGAR MILLS LTD.,171.19,179.98,171.19,176.85,176.95,171.06,,176.85,,,818549,144748759.34,15693,F1,1,,,,,
2026-10-05,2026-10-05,CM,NSE,STK,16900,INE864X01013,DPWIRES,EQ,,,,,D P WIRES LIMITED,165.99,196.78,165.99,196.78,196.78,163.99,,196.73,,,818001,157440340.03,8467,F1,1,,,,,
2026-10-05,2026-10-05,CM,NSE,STK,19813,INE0J5401028,HONASA,EQ,,,,,HONASA CONSUMER LIMITED,431.95,444.0,427.0,442.1,443.5,427.9,,442.09,,,817839,356575962.7,34050,F1,1,,,,,
2026-10-05,2026-10-05,CM,NSE,STK,817,INE500A01029,DCW,EQ,,,,,DCW LTD,45.39,45.99,44.29,44.69,44.62,44.62,,44.7,,,810989,36378978.31,5748,F1,1,,,,,
2026-10-05,2026-10-05,CM,NSE,STK,27061,INE622W01025,ACMESOLAR,EQ,,,,,ACME SOLAR HOLDINGS LTD,434.75,440.0,423.5,427.65,427.9,432.55,,427.65,,,809545,348620933.8,37603,F1,1,,,,,
2026-10-05,2026-10-05,CM,NSE,STK,13251,INE190H01024,SAKUMA,EQ,,,,,SAKUMA EXPORTS LIMITED,1.58,1.59,1.53,1.54,1.55,1.54,,1.54,,,807962,1260755.56,968,F1,1,,,,,
2026-10-05,2026-10-05,CM,NSE,STK,5449,INE488A01050,CHEMPLASTS,EQ,,,,,CHEMPLAST SANMAR LIMITED,191.55,204.0,191.55,196.93,196.15,191.56,,196.95,,,805392,160956107.31,16277,F1,1,,,,,
2026-10-05,2026-10-05,CM,NSE,STK,20322,INE007N01010,FEDFINA,EQ,,,,,FEDBANK FINANCIAL SER L,150.99,153.4,148.51,149.64,149.5,149.77,,149.62,,,804305,121390543.53,15313,F1,1,,,,,
2026-10-05,2026-10-05,CM,NSE,STK,10599,INE844O01030,GUJENERGY,EQ,,,,,GUJARAT ENERGY LIMITED,231.22,235.0,230.02,232.15,231.87,230.07,,232.15,,,803370,186583395.37,26246,F1,1,,,,,
2026-10-05,2026-10-05,CM,NSE,STK,7506,INE049B01025,WOCKPHARMA,EQ,,,,,WOCKHARDT LIMITED,2083.9,2093.9,2003.0,2063.5,2062.0,2083.9,,2063.28,,,803153,1645490434.3,54949,F1,1,,,,,
2026-10-05,2026-10-05,CM,NSE,STK,1964,INE849A01020,TRENT,EQ,,,,,TRENT LTD,2580.0,2608.3,2572.8,2580.0,2580.0,2580.0,,2579.95,,,802316,2076102128.4,66093,F1,1,,,,,
2026-10-05,2026-10-05,CM,NSE,STK,15283,INE634I01029,KNRCON,EQ,,,,,KNR CONSTRU LTD.,116.0,116.16,111.16,111.89,112.04,113.29,,111.9,,,801628,90675964.25,12191,F1,1,,,,,
2026-10-05,2026-10-05,CM,NSE,STK,14236,INF179KC1HT0,HDFCMID150,EQ,,,,,HDFCAMC - HDFCMID150,22.49,23.4,21.9,22.22,22.13,21.95,,22.22,,,800828,17682771.74,2600,F1,1,,,,,
2026-10-05,2026-10-05,CM,NSE,STK,20905,INE02IJ01035,AZAD,EQ,,,,,AZAD ENGINEERING LIMITED,2875.0,2937.2,2843.5,2927.2,2920.3,2860.9,,2927.24,,,800736,2317105204.5,56004,F1,1,,,,,
2026-10-05,2026-10-05,CM,NSE,STK,29459,INE935B01025,MOSCHIP,EQ,,,,,MOSCHIP TECHNOLOGIES LTD,201.0,201.85,194.81,195.84,196.39,198.03,,195.84,,,799333,157717771.04,16684,F1,1,,,,,
2026-10-05,2026-10-05,CM,NSE,STK,10099,INE102D01028,GODREJCP,EQ,,,,,GODREJ CONSUMER PRODUCTS,840.0,847.55,832.6,837.0,837.0,840.0,,837.0,,,788467,659679083.2,24282,F1,1,,,,,
2026-10-05,2026-10-05,CM,NSE,STK,757336,INE0INX01018,AEGISVOPAK,EQ,,,,,AEGIS VOPAK TERMINALS LTD,298.0,299.35,286.45,297.55,296.65,290.75,,297.51,,,781630,230144851.55,20299,F1,1,,,,,
2026-10-05,2026-10-05,CM,NSE,STK,17313,INE281B01032,LLOYDSME,EQ,,,,,LLOYDS METALS N ENERGY L,1780.1,1818.0,1780.1,1802.5,1798.0,1776.8,,1802.51,,,781537,1410243627.8,25489,F1,1,,,,,
2026-10-05,2026-10-05,CM,NSE,STK,764357,INE459N01021,MANIPALHOS,EQ,,,,,MANIPAL HEALTH ENTERPRI L,696.0,701.3,662.35,667.0,666.95,696.0,,667.02,,,780056,529240827.7,36421,F1,1,,,,,
2026-10-05,2026-10-05,CM,NSE,STK,17971,INE018E01016,SBICARD,EQ,,,,,SBI CARDS & PAY SER LTD,565.25,577.15,561.25,566.0,566.0,563.2,,566.02,,,778398,441242775.1,26346,F1,1,,,,,
2026-10-05,2026-10-05,CM,NSE,STK,22602,INE560K01014,PFS,EQ,,,,,PTC INDIA FIN SERV LTD,28.81,29.5,28.0,28.19,28.11,28.81,,28.19,,,774445,21882522.7,7546,F1,1,,,,,
2026-10-05,2026-10-05,CM,NSE,STK,7422,INF247L01AU3,MONQ50,EQ,,,,,MOTILALAMC - MONQ50,198.0,203.94,191.01,200.6,201.88,193.18,,200.56,,,773635,153568021.31,17517,F1,1,,,,,
2026-10-05,2026-10-05,CM,NSE,STK,13966,INE292B01021,HBLENGINE,EQ,,,,,HBL ENGINEERING LTD,784.0,789.35,760.25,763.6,767.3,779.35,,763.57,,,771121,595008061.5,30632,F1,1,,,,,
2026-10-05,2026-10-05,CM,NSE,STK,18365,INE262H01021,PERSISTENT,EQ,,,,,PERSISTENT SYSTEMS LTD,5448.0,5620.0,5387.5,5530.0,5530.0,5367.0,,5530.02,,,768988,4251998716.5,65767,F1,1,,,,,
2026-10-05,2026-10-05,CM,NSE,STK,17271,INE602W01027,SENCO,EQ,,,,,SENCO GOLD LIMITED,317.4,319.9,312.9,316.95,317.0,317.4,,316.96,,,767941,242465549.2,23919,F1,1,,,,,
2026-10-05,2026-10-05,CM,NSE,STK,12015,INE065D01027,AEROENTER,EQ,,,,,AEROFLEX ENTERPRISES LTD,122.54,130.0,122.54,126.69,126.7,121.93,,126.7,,,761790,96901198.26,9529,F1,1,,,,,
2026-10-05,2026-10-05,CM,NSE,STK,10993,INE156A01020,INDORAMA,EQ,,,,,INDO RAMA SYNTHETICS LTD,97.95,99.79,93.15,93.69,93.25,95.81,,93.69,,,760868,73188184.09,8078,F1,1,,,,,
2026-10-05,2026-10-05,CM,NSE,STK,10999,INE585B01010,MARUTI,EQ,,,,,MARUTI SUZUKI INDIA LTD.,11386.0,11544.0,11305.0,11532.0,11532.0,11386.0,,11531.95,,,757171,8663848234.0,72846,F1,1,,,,,
2026-10-05,2026-10-05,CM,NSE,STK,5204,INE131A01031,GMDCLTD,EQ,,,,,GUJARAT MINERAL DEV CORP,489.9,499.9,483.05,487.35,488.9,487.65,,487.34,,,756347,370425121.0,29709,F1,1,,,,,
2026-10-05,2026-10-05,CM,NSE,STK,11627,INE117Z01029,NARMADA,EQ,,,,,NARMADA AGROBASE LIMITED,12.35,13.2,12.01,12.3,12.15,12.31,,12.3,,,752647,9357860.96,1805,F1,1,,,,,
2026-10-05,2026-10-05,CM,NSE,STK,13081,INE256C01024,TRIVENI,EQ,,,,,TRIVENI ENGG. & INDS. LTD,237.0,241.7,235.06,237.22,237.0,230.92,,237.23,,,749310,178163825.36,25563,F1,1,,,,,
2026-10-05,2026-10-05,CM,NSE,STK,20302,INE811K01011,PRESTIGE,EQ,,,,,PRESTIGE ESTATE LTD,1484.4,1499.6,1445.0,1445.0,1445.0,1486.1,,1445.0,,,745266,1085458491.9,19822,F1,1,,,,,
2026-10-05,2026-10-05,CM,NSE,STK,24067,INE0HV901016,IXIGO,EQ,,,,,LE TRAVENUES TECHNOLOGY L,162.0,165.51,159.71,161.0,161.0,161.9,,160.98,,,744966,120730762.81,18360,F1,1,,,,,
2026-10-05,2026-10-05,CM,NSE,STK,5507,INE782X01033,SERVOTECH,EQ,,,,,SERVOTECH REN POW SYS LTD,70.0,72.7,69.77,71.93,71.84,69.2,,71.93,,,744174,52975991.07,6712,F1,1,,,,,
2026-10-05,2026-10-05,CM,NSE,STK,13342,INE051B01021,VAKRANGEE,EQ,,,,,VAKRANGEE LIMITED,5.12,5.7,5.12,5.21,5.2,5.12,,5.21,,,741358,3848179.05,1610,F1,1,,,,,
2026-10-05,2026-10-05,CM,NSE,STK,8866,INE102B01014,CHOICEIN,EQ,,,,,CHOICE INTERNATIONAL LTD,719.4,736.0,719.4,726.0,728.0,719.4,,726.0,,,737146,535929859.85,9628,F1,1,,,,,
2026-10-05,2026-10-05,CM,NSE,STK,3506,INE280A01028,TITAN,EQ,,,,,TITAN COMPANY LIMITED,4515.9,4610.0,4505.8,4580.0,4580.0,4515.7,,4580.04,,,731987,3347518400.9,53485,F1,1,,,,,
2026-10-05,2026-10-05,CM,NSE,STK,765485,INE899I01028,SYMBIOTEC,EQ,,,,,SYMBIOTEC PHARMALAB LTD,1205.2,1230.0,1155.0,1169.7,1166.0,1198.0,,1169.66,,,730965,859902272.5,44615,F1,1,,,,,
2026-10-05,2026-10-05,CM,NSE,STK,13951,INE074B01023,PARACABLES,EQ,,,,,PARAMOUNT COMM LTD,58.0,58.0,55.52,56.08,55.58,56.51,,56.07,,,729507,41121162.96,5512,F1,1,,,,,
2026-10-05,2026-10-05,CM,NSE,STK,27213,INE0LLY01014,EIEL,EQ,,,,,ENVIRO INFRA ENGINEERS L,185.84,187.99,178.5,180.61,180.1,184.0,,180.61,,,729200,132690798.12,16967,F1,1,,,,,
2026-10-05,2026-10-05,CM,NSE,STK,758563,INE236E01022,ELLEN,EQ,,,,,ELLENBARRIE INDUS GASES L,343.8,347.1,331.0,332.55,331.1,341.7,,332.55,,,723867,242993755.5,17382,F1,1,,,,,
2026-10-05,2026-10-05,CM,NSE,STK,12686,INE900L01028,MBAPL,EQ,,,,,MADHYA BHARAT AGRO P. LTD,168.31,168.31,160.5,163.66,162.79,165.83,,163.66,,,719951,117239028.53,8420,F1,1,,,,,
2026-10-05,2026-10-05,CM,NSE,STK,1338,INE480C01038,SDBL,EQ,,,,,SOM DIST & BREW LTD,75.4,76.0,72.82,73.21,73.45,74.94,,73.21,,,717652,53045413.98,6457,F1,1,,,,,
2026-10-05,2026-10-05,CM,NSE,STK,758700,INE784R01023,ARFIN,EQ,,,,,ARFIN INDIA LIMITED,87.95,89.18,86.42,87.51,87.5,87.25,,87.51,,,713062,62358154.68,3251,F1,1,,,,,
2026-10-05,2026-10-05,CM,NSE,STK,1901,INE298A01020,CUMMINSIND,EQ,,,,,CUMMINS INDIA LTD,4864.2,4900.0,4789.2,4832.3,4832.3,4860.0,,4832.3,,,707402,3414126178.3,47539,F1,1,,,,,
2026-10-05,2026-10-05,CM,NSE,STK,12092,INE918Z01012,KAYNES,EQ,,,,,KAYNES TECHNOLOGY IND LTD,3433.0,3474.0,3371.0,3394.8,3394.8,3399.0,,3394.93,,,706676,2418562330.3,48063,F1,1,,,,,
2026-10-05,2026-10-05,CM,NSE,STK,8479,INE494B01023,TVSMOTOR,EQ,,,,,TVS MOTOR COMPANY  LTD,4026.0,4040.5,3919.0,4031.0,4031.0,4021.0,,4030.95,,,706602,2820932472.1,68771,F1,1,,,,,
2026-10-05,2026-10-05,CM,NSE,STK,18562,INE997Y01027,MITTAL,EQ,,,,,MITTAL LIFE STYLE LIMITED,0.7,0.71,0.7,0.7,0.71,0.7,,0.7,,,705178,496946.86,293,F1,1,,,,,
2026-10-05,2026-10-05,CM,NSE,STK,11932,INE139R01012,FUSION,EQ,,,,,FUSION FINANCE LIMITED,174.1,177.24,166.15,167.63,167.0,171.36,,167.62,,,704680,119963651.89,10273,F1,1,,,,,
2026-10-05,2026-10-05,CM,NSE,STK,2866,INE027A01015,RCF,EQ,,,,,RASHTRIYA CHEMICALS & FER,106.99,108.47,106.3,106.69,107.12,106.8,,106.69,,,704178,75483886.32,8845,F1,1,,,,,
2026-10-05,2026-10-05,CM,NSE,STK,7074,INF769K01HS7,MAHKTECH,EQ,,,,,MIRAEAMC - MAHKTECH,22.11,22.15,21.5,21.99,22.0,21.58,,21.99,,,703152,15394004.47,7530,F1,1,,,,,
2026-10-05,2026-10-05,CM,NSE,STK,759244,INE0YD401026,JAINREC,EQ,,,,,JAIN RESOURCE RECYCLING L,285.6,292.75,282.5,290.45,290.0,282.5,,290.45,,,699536,201870721.35,20440,F1,1,,,,,
2026-10-05,2026-10-05,CM,NSE,STK,766044,INE1FPN01026,LCCPROJECT,EQ,,,,,LCC PROJECTS LIMITED,152.0,152.53,145.56,148.44,148.7,151.47,,148.45,,,698915,104090935.09,8210,F1,1,,,,,
2026-10-05,2026-10-05,CM,NSE,STK,19631,INE726V01018,PRICOLLTD,EQ,,,,,PRICOL LIMITED,743.35,746.9,699.0,704.45,707.0,734.5,,704.45,,,697878,493213460.5,30089,F1,1,,,,,
2026-10-05,2026-10-05,CM,NSE,STK,11634,INE658G01014,SALSTEEL,EQ,,,,,S.A.L. STEEL LTD.,98.92,100.42,93.98,93.98,93.98,98.92,,93.97,,,697076,66802205.12,3300,F1,1,,,,,
2026-10-05,2026-10-05,CM,NSE,STK,7603,INE925R01014,CMSINFO,EQ,,,,,CMS INFO SYSTEMS LIMITED,221.68,222.0,217.16,218.98,219.45,220.69,,218.99,,,696321,152788370.77,17649,F1,1,,,,,
2026-10-05,2026-10-05,CM,NSE,STK,419,INE922A01025,BEPL,EQ,,,,,BHANSALI ENG. POLYMERS LT,124.0,126.4,122.62,124.77,124.51,123.76,,124.77,,,695197,86635456.11,9176,F1,1,,,,,
2026-10-05,2026-10-05,CM,NSE,STK,764050,INE724A01017,GYFTR,EQ,,,,,GYFTR LIMITED,163.51,164.9,152.61,156.11,158.0,156.79,,156.11,,,691560,107030877.74,8401,F1,1,,,,,
2026-10-05,2026-10-05,CM,NSE,STK,20830,INE490G01020,MOIL,EQ,,,,,MOIL LIMITED,235.2,243.5,235.2,236.49,236.9,232.66,,236.49,,,690784,165241764.59,13978,F1,1,,,,,
2026-10-05,2026-10-05,CM,NSE,STK,312,INE974X01010,TIINDIA,EQ,,,,,TUBE INVEST OF INDIA LTD,2346.0,2368.9,2293.8,2320.0,2320.0,2340.0,,2320.0,,,687174,1595434152.2,53888,F1,1,,,,,
2026-10-05,2026-10-05,CM,NSE,STK,772,INE016A01026,DABUR,EQ,,,,,DABUR INDIA LTD,376.1,379.0,373.3,378.65,378.65,374.25,,378.64,,,685009,257757663.65,14851,F1,1,,,,,
2026-10-05,2026-10-05,CM,NSE,STK,764198,INF769K01RC0,MOMMIDCAP,EQ,,,,,MIRAEAMC - MOMMIDCAP,12.58,12.58,12.35,12.41,12.38,12.33,,12.41,,,684508,8504261.27,498,F1,1,,,,,
2026-10-05,2026-10-05,CM,NSE,STK,20188,INE956G01038,WABAG,EQ,,,,,VA TECH WABAG LTD,2015.0,2032.8,1967.0,1999.5,1999.9,2004.9,,1999.5,,,683349,1357407800.2,33624,F1,1,,,,,
2026-10-05,2026-10-05,CM,NSE,STK,760178,INE0P8B01020,GAUDIUMIVF,EQ,,,,,GAUDIUM IVF N WOMEN H L,109.44,111.81,101.36,103.25,103.9,109.48,,103.21,,,681749,71192799.56,7729,F1,1,,,,,
2026-10-05,2026-10-05,CM,NSE,STK,25780,INE702C01027,APLAPOLLO,EQ,,,,,APL APOLLO TUBES LTD,2124.6,2147.4,2061.4,2099.8,2099.8,2115.7,,2099.8,,,678442,1419791081.8,35607,F1,1,,,,,
2026-10-05,2026-10-05,CM,NSE,STK,21508,INE704P01025,COCHINSHIP,EQ,,,,,COCHIN SHIPYARD LIMITED,1295.9,1308.0,1279.3,1283.8,1283.8,1287.0,,1283.81,,,678043,873809127.1,20372,F1,1,,,,,
2026-10-05,2026-10-05,CM,NSE,STK,20303,INE717W01049,GANDHAR,EQ,,,,,GANDHAR OIL REFINE IND L,283.3,287.5,275.9,278.55,278.0,282.6,,278.49,,,674552,189848410.35,15566,F1,1,,,,,
2026-10-05,2026-10-05,CM,NSE,STK,22663,INE953L01027,JSFB,EQ,,,,,JANA SMALL FIN BANK LTD,487.45,501.85,483.25,498.6,496.2,482.4,,498.59,,,673840,334173846.85,34202,F1,1,,,,,
2026-10-05,2026-10-05,CM,NSE,STK,764312,INE0NG701011,XTRANET,EQ,,,,,XTRANET TECHNOLOGIES LTD,272.6,286.0,266.0,286.0,286.0,272.4,,286.0,,,670465,189489051.65,8404,F1,1,,,,,
2026-10-05,2026-10-05,CM,NSE,STK,24159,INE916Y01027,AFIL,EQ,,,,,AKME FINTRADE (INDIA) LTD,7.8,7.95,7.75,7.77,7.75,7.86,,7.77,,,669504,5214964.73,449,F1,1,,,,,
2026-10-05,2026-10-05,CM,NSE,STK,762163,INE0LZF01039,CORDELIA,EQ,,,,,WATERWAYS LEISURE TOUR L,101.5,105.95,100.17,100.83,101.3,100.91,,100.83,,,668903,68408845.05,6624,F1,1,,,,,
2026-10-05,2026-10-05,CM,NSE,STK,18755,INE438K01021,KALAMANDIR,EQ,,,,,SAI SILKS (KALAMANDIR) L,74.28,78.25,74.06,74.98,74.9,74.37,,74.98,,,666784,50832129.21,7663,F1,1,,,,,
2026-10-05,2026-10-05,CM,NSE,STK,14058,INE989A01032,SANGHVIMOV,EQ,,,,,SANGHVI MOVERS LTD,430.35,443.0,405.1,409.9,412.0,429.5,,409.96,,,665789,280293901.0,20727,F1,1,,,,,
2026-10-05,2026-10-05,CM,NSE,STK,13457,INE390H01020,KAMDHENU,EQ,,,,,KAMDHENU LIMITED,37.5,38.2,36.4,36.73,36.87,37.59,,36.73,,,663573,24678535.75,6035,F1,1,,,,,
2026-10-05,2026-10-05,CM,NSE,STK,2144,INE171Z01026,BDL,EQ,,,,,BHARAT DYNAMICS LIMITED,1087.9,1102.8,1082.1,1096.2,1096.2,1087.9,,1096.09,,,660761,721144875.9,32923,F1,1,,,,,
2026-10-05,2026-10-05,CM,NSE,STK,760874,INF666M01OD9,GROWWHOSPI,EQ,,,,,GROWWAMC - GROWWHOSPI,49.0,49.3,46.9,46.99,47.18,47.85,,46.99,,,660423,31196926.46,3381,F1,1,,,,,
2026-10-05,2026-10-05,CM,NSE,STK,12024,INE128X01021,ACI,EQ,,,,,ARCHEAN CHEMICAL IND LTD,479.0,481.2,460.5,463.2,465.0,475.05,,463.21,,,659603,311811344.4,22203,F1,1,,,,,
2026-10-05,2026-10-05,CM,NSE,STK,1164,INE619B01017,NEWGEN,EQ,,,,,NEWGEN SOFTWARE TECH LTD,464.8,472.55,456.35,458.75,458.9,456.35,,458.76,,,657395,304615216.6,33379,F1,1,,,,,
2026-10-05,2026-10-05,CM,NSE,STK,11165,INE335K01011,COFFEEDAY,EQ,,,,,COFFEE DAY ENTERPRISE LTD,30.2,31.74,29.72,30.06,30.05,29.69,,30.06,,,642940,19363023.91,2600,F1,1,,,,,
2026-10-05,2026-10-05,CM,NSE,STK,25114,INE01FR01028,STYLEBAAZA,EQ,,,,,BAAZAR STYLE RETAIL LTD,365.1,374.9,354.05,359.9,361.0,368.35,,359.88,,,640771,232802367.15,10259,F1,1,,,,,
2026-10-05,2026-10-05,CM,NSE,STK,18908,INE572E01012,PNBHOUSING,EQ,,,,,PNB HOUSING FIN LTD.,1092.0,1116.0,1088.3,1105.8,1105.8,1092.0,,1105.83,,,638892,705038764.2,33088,F1,1,,,,,
2026-10-05,2026-10-05,CM,NSE,STK,25023,INE336H01023,GAYAPROJ,EQ,,,,,GAYATRI PROJECTS LTD,22.44,22.87,21.32,21.45,21.36,22.44,,21.45,,,637704,13829709.41,2624,F1,1,,,,,
2026-10-05,2026-10-05,CM,NSE,STK,9756,INE01QM01018,EMUDHRA,EQ,,,,,EMUDHRA LIMITED,604.0,615.8,583.55,599.0,597.0,580.0,,598.98,,,637155,384285706.1,25837,F1,1,,,,,
2026-10-05,2026-10-05,CM,NSE,STK,18566,INE777K01022,RRKABEL,EQ,,,,,R R KABEL LIMITED,2541.5,2654.9,2533.1,2648.0,2654.0,2518.2,,2647.97,,,635507,1668656409.8,58233,F1,1,,,,,
2026-10-05,2026-10-05,CM,NSE,STK,23181,INF247L01CH6,MOSMALL250,EQ,,,,,MOTILALAMC - MOSMALL250,18.05,18.05,17.6,17.72,17.77,17.72,,17.72,,,633377,11219461.17,3508,F1,1,,,,,
2026-10-05,2026-10-05,CM,NSE,STK,3509,INE148A01019,TNPETRO,EQ,,,,,TAMILNADU PETROPRODUCTS L,124.5,127.48,122.5,122.75,123.45,123.18,,122.75,,,631775,78938330.63,15486,F1,1,,,,,
2026-10-05,2026-10-05,CM,NSE,STK,14008,INE488D01021,AVTNPL,EQ,,,,,AVT NATURAL PRODUCTS LTD,87.85,93.17,86.55,88.84,89.72,87.85,,88.84,,,631535,56922825.06,8317,F1,1,,,,,
2026-10-05,2026-10-05,CM,NSE,STK,13868,INE0LRU01027,AARTIPHARM,EQ,,,,,AARTI PHARMALABS LIMITED,981.0,991.8,940.55,946.6,946.7,968.5,,946.61,,,629798,602941084.85,38027,F1,1,,,,,
2026-10-05,2026-10-05,CM,NSE,STK,1808,INE217B01036,KAJARIACER,EQ,,,,,KAJARIA CERAMICS LTD,1230.0,1230.0,1202.6,1214.4,1211.5,1225.1,,1214.07,,,629499,765021121.7,41777,F1,1,,,,,
2026-10-05,2026-10-05,CM,NSE,STK,18608,INE07K301024,ZAGGLE,EQ,,,,,ZAGGLE PREPA OCEAN SER L,172.0,175.5,169.29,170.32,170.0,171.73,,170.32,,,621589,106796304.7,10024,F1,1,,,,,
2026-10-05,2026-10-05,CM,NSE,STK,8585,INE589A01014,NLCINDIA,EQ,,,,,NLC INDIA LIMITED,255.45,257.65,251.15,252.45,253.2,253.2,,252.45,,,620352,157222199.0,15799,F1,1,,,,,
2026-10-05,2026-10-05,CM,NSE,STK,761099,INE0LGX01024,INA,EQ,,,,,INSOLATION ENERGY LIMITED,87.95,89.22,83.05,83.44,83.12,87.02,,83.45,,,619352,52357127.71,5253,F1,1,,,,,
2026-10-05,2026-10-05,CM,NSE,STK,764693,INE550F01049,HAZOOR,EQ,,,,,HAZOOR MULTI PROJECTS LTD,17.87,18.59,17.6,17.75,17.67,17.94,,17.76,,,617372,11106215.01,2595,F1,1,,,,,
2026-10-05,2026-10-05,CM,NSE,STK,756871,INE1NPP01017,ENRIN,EQ,,,,,SIEMENS ENERGY INDIA LTD,3357.1,3408.9,3316.4,3316.4,3316.4,3334.0,,3316.49,,,616768,2069854260.4,60353,F1,1,,,,,
2026-10-05,2026-10-05,CM,NSE,STK,20293,INE142M01025,TATATECH,EQ,,,,,TATA TECHNOLOGIES LIMITED,705.4,716.7,695.0,697.55,698.5,698.8,,697.58,,,615981,434425851.4,38143,F1,1,,,,,
2026-10-05,2026-10-05,CM,NSE,STK,10733,INE885H01029,SPORTKING,EQ,,,,,SPORTKING INDIA LIMITED,205.1,208.54,192.0,193.53,193.35,208.54,,193.54,,,613909,121763629.87,11782,F1,1,,,,,
2026-10-05,2026-10-05,CM,NSE,STK,1360,INE049A01027,HIMATSEIDE,EQ,,,,,HIMATSINGKA SEIDE LTD,65.0,65.82,62.6,64.64,64.5,64.15,,64.64,,,603662,38893889.5,7220,F1,1,,,,,
2026-10-05,2026-10-05,CM,NSE,STK,20790,INE235C01036,SUMEETINDS,EQ,,,,,SUMEET IND LIMITED,10.6,10.89,10.4,10.89,10.89,10.38,,10.91,,,599994,6409445.73,924,F1,1,,,,,
2026-10-05,2026-10-05,CM,NSE,STK,17022,INE636A01039,MAWANASUG,EQ,,,,,MAWANA SUGARS LIMITED,139.48,151.0,139.48,145.96,145.68,138.84,,145.97,,,597094,87672449.99,9034,F1,1,,,,,
2026-10-05,2026-10-05,CM,NSE,STK,3736,INE711A01022,WALCHANNAG,EQ,,,,,WALCHANDNAGAR INDUSTRIES,198.0,201.4,193.05,195.05,194.9,196.08,,195.05,,,591665,116384446.87,11759,F1,1,,,,,
2026-10-05,2026-10-05,CM,NSE,STK,17187,INE055S01018,CYIENTDLM,EQ,,,,,CYIENT DLM LIMITED,895.0,952.0,895.0,946.8,944.0,893.9,,946.85,,,591661,555499197.35,37920,F1,1,,,,,
2026-10-05,2026-10-05,CM,NSE,STK,9116,INE760F01028,INDOAMIN,EQ,,,,,INDO AMINES LIMITED,136.55,150.0,136.55,143.31,144.0,136.52,,143.31,,,590272,85390801.0,9029,F1,1,,,,,
2026-10-05,2026-10-05,CM,NSE,STK,30065,INF247L01EV3,MOCAPITAL,EQ,,,,,MOTILALAMC - MOCAPITAL,51.29,51.7,50.8,51.37,51.7,50.75,,51.37,,,589229,30246904.92,3797,F1,1,,,,,
2026-10-05,2026-10-05,CM,NSE,STK,11359,INE680A01011,DHANBANK,EQ,,,,,DHANLAXMI BANK LIMITED,27.65,28.4,26.25,26.49,26.35,26.97,,26.49,,,589132,15748663.71,3320,F1,1,,,,,
2026-10-05,2026-10-05,CM,NSE,STK,760259,INE0E7301029,WAKEFIT,EQ,,,,,WAKEFIT INNOVATIONS LTD,140.12,144.5,137.3,138.12,138.1,139.88,,138.13,,,586481,82245670.99,2973,F1,1,,,,,
2026-10-05,2026-10-05,CM,NSE,STK,757049,INE535F01024,RAJOOENG,EQ,,,,,RAJOO ENGINEERS LIMITED,54.95,56.25,53.57,54.97,55.0,53.21,,54.95,,,581746,31908293.62,2575,F1,1,,,,,
2026-10-05,2026-10-05,CM,NSE,STK,29877,INE370E01029,VIVIDHA,EQ,,,,,VISAGAR POLYTEX LTD,0.51,0.54,0.5,0.51,0.52,0.5,,0.51,,,580904,300048.9,178,F1,1,,,,,
2026-10-05,2026-10-05,CM,NSE,STK,8828,INE036B01030,GAEL,EQ,,,,,GUJARAT AMBUJA EXPORTS LT,158.04,161.2,155.49,158.28,159.25,157.69,,158.3,,,578700,91234984.19,13280,F1,1,,,,,
2026-10-05,2026-10-05,CM,NSE,STK,8827,INE652Z01025,AVROIND,EQ,,,,,AVRO INDIA LIMITED,6.68,7.34,6.28,6.97,6.95,6.68,,6.99,,,577078,3994509.49,1175,F1,1,,,,,
2026-10-05,2026-10-05,CM,NSE,STK,757955,INE124Y01028,PASHUPATI,EQ,,,,,PASHUPATI COTSPIN LIMITED,80.0,81.6,72.39,74.03,74.3,78.99,,74.02,,,576055,44334360.71,3827,F1,1,,,,,
2026-10-05,2026-10-05,CM,NSE,STK,11872,INE101D01020,GRANULES,EQ,,,,,GRANULES INDIA LIMITED,820.95,824.65,800.0,817.25,815.0,821.75,,817.24,,,575094,467034202.5,35621,F1,1,,,,,
2026-10-05,2026-10-05,CM,NSE,STK,14435,INE573A01042,JKTYRE,EQ,,,,,JK TYRE & INDUSTRIES LTD,341.1,345.75,336.55,338.85,339.5,340.35,,338.92,,,571827,195091979.8,17293,F1,1,,,,,
2026-10-05,2026-10-05,CM,NSE,STK,3918,INE987B01026,NATCOPHARM,EQ,,,,,NATCO PHARMA LTD.,825.0,827.45,801.4,821.5,822.0,821.3,,821.56,,,571712,464222425.95,34755,F1,1,,,,,
2026-10-05,2026-10-05,CM,NSE,STK,10440,INE326A01037,LUPIN,EQ,,,,,LUPIN LIMITED,2015.4,2029.0,1996.3,2011.0,2011.0,2031.2,,2011.0,,,571495,1148194420.7,30478,F1,1,,,,,
2026-10-05,2026-10-05,CM,NSE,STK,20621,INE932A01024,PENIND,EQ,,,,,PENNAR INDUSTRIES LTD,175.53,180.54,174.42,178.71,178.69,173.62,,178.7,,,571235,101688936.16,10750,F1,1,,,,,
2026-10-05,2026-10-05,CM,NSE,STK,17279,INE153T01027,BLS,EQ,,,,,BLS INTL SERVS LTD,217.05,219.91,214.79,215.75,216.9,216.51,,215.74,,,570077,123573649.73,22213,F1,1,,,,,
2026-10-05,2026-10-05,CM,NSE,STK,21423,INF247L01023,MOM100,EQ,,,,,MOTILAL OS MIDCAP100 ETF,65.28,65.28,63.45,63.68,63.45,63.69,,63.68,,,569400,36402439.06,5160,F1,1,,,,,
2026-10-05,2026-10-05,CM,NSE,STK,28899,INE602G01020,KITEX,EQ,,,,,KITEX GARMENTS LTD,118.65,123.63,117.2,118.02,117.3,116.68,,118.03,,,568407,68083061.02,8019,F1,1,,,,,
2026-10-05,2026-10-05,CM,NSE,STK,8510,INE079J01017,GATEWAY,EQ,,,,,GATEWAY DISTRIPARKS LTD,51.99,52.77,51.1,51.49,51.5,51.88,,51.49,,,567102,29245409.32,6363,F1,1,,,,,
2026-10-05,2026-10-05,CM,NSE,STK,193,INE034A01011,ARVIND,EQ,,,,,ARVIND LIMITED,538.4,539.65,525.15,530.4,531.25,534.05,,530.38,,,565857,299986870.35,42832,F1,1,,,,,
2026-10-05,2026-10-05,CM,NSE,STK,13061,INE466L01038,360ONE,EQ,,,,,360 ONE WAM LIMITED,1033.6,1059.6,1033.3,1050.0,1050.0,1040.0,,1050.01,,,564932,592811216.3,67190,F1,1,,,,,
2026-10-05,2026-10-05,CM,NSE,STK,28969,INF769K01NS5,CONSUMER,EQ,,,,,MIRAEAMC - CONSUMER,11.12,11.2,11.09,11.15,11.18,11.06,,11.15,,,564826,6298401.56,391,F1,1,,,,,
2026-10-05,2026-10-05,CM,NSE,STK,8077,INF174KA1ZC5,MIDCAP,EQ,,,,,KOTAKMAMC - KOTAKMID50,17.24,17.85,17.2,17.31,17.35,17.23,,17.31,,,564365,9772378.04,1596,F1,1,,,,,
2026-10-05,2026-10-05,CM,NSE,STK,763800,INE2FMX01012,AASTHA,EQ,,,,,AASTHA SPINTEX LIMITED,31.7,32.53,30.83,30.83,30.83,32.45,,30.84,,,563310,17516265.36,3037,F1,1,,,,,
2026-10-05,2026-10-05,CM,NSE,STK,7,INE769A01020,AARTIIND,EQ,,,,,AARTI INDUSTRIES LTD,469.0,475.8,459.55,470.85,472.65,465.1,,470.84,,,561260,261962970.85,24069,F1,1,,,,,
2026-10-05,2026-10-05,CM,NSE,STK,17307,INE298G01035,AJMERA,EQ,,,,,AJMERA REALTY & INF I LTD,119.6,120.69,113.63,116.7,116.11,119.6,,116.7,,,559485,64876812.3,5879,F1,1,,,,,
2026-10-05,2026-10-05,CM,NSE,STK,14003,INE966H01019,ZEEMEDIA,EQ,,,,,ZEE MEDIA CORPORATION LTD,7.27,7.33,7.1,7.15,7.23,7.2,,7.15,,,557866,4005472.53,1186,F1,1,,,,,
2026-10-05,2026-10-05,CM,NSE,STK,13300,INE858F01012,NITCO,EQ,,,,,NITCO LIMITED,84.99,85.33,82.13,82.69,82.31,84.18,,82.69,,,555619,46143254.89,2818,F1,1,,,,,
2026-10-05,2026-10-05,CM,NSE,STK,20852,INE565L01011,ZEELEARN,EQ,,,,,ZEE LEARN LIMITED,6.19,6.55,5.27,6.21,6.26,6.3,,6.21,,,552687,3359183.31,1457,F1,1,,,,,
2026-10-05,2026-10-05,CM,NSE,STK,2970,INE428Q01011,SURYODAY,EQ,,,,,SURYODAY SMALL FIN BK LTD,145.0,150.19,144.04,146.86,147.25,143.55,,146.86,,,549974,81012233.84,9419,F1,1,,,,,
2026-10-05,2026-10-05,CM,NSE,STK,3435,INE676A01027,BBOX,EQ,,,,,BLACK BOX LIMITED,800.0,823.65,794.2,812.5,814.0,795.85,,812.48,,,542405,438852830.0,30804,F1,1,,,,,
2026-10-05,2026-10-05,CM,NSE,STK,2442,INE163A01018,NOCIL,EQ,,,,,NOCIL LIMITED,167.6,171.14,164.65,165.83,165.73,168.85,,165.83,,,540544,90086663.52,8851,F1,1,,,,,
2026-10-05,2026-10-05,CM,NSE,STK,79,INE426A01027,ALEMBICLTD,EQ,,,,,ALEMBIC LIMITED,105.9,106.0,103.38,104.44,104.1,104.11,,104.44,,,540160,56489455.19,6733,F1,1,,,,,
2026-10-05,2026-10-05,CM,NSE,STK,20182,INE442H01029,ASHOKA,EQ,,,,,ASHOKA BUILDCON LTD,105.35,106.65,104.36,105.9,106.49,105.31,,105.9,,,538732,56891780.77,7556,F1,1,,,,,
2026-10-05,2026-10-05,CM,NSE,STK,22930,INE0PT501018,PLATIND,EQ,,,,,PLATINUM INDUSTRIES LTD,205.1,207.0,198.5,203.83,204.0,202.0,,203.83,,,538128,109959663.08,2592,F1,1,,,,,
2026-10-05,2026-10-05,CM,NSE,STK,14329,INE812G01025,SMSPHARMA,EQ,,,,,SMS PHARMACEUTICALS LTD.,479.0,489.0,472.5,477.85,476.1,471.3,,477.83,,,535364,257041440.55,15307,F1,1,,,,,
2026-10-05,2026-10-05,CM,NSE,STK,5911,INE045601023,PARAS,EQ,,,,,PARAS DEF AND SPCE TECH L,1276.1,1297.8,1252.5,1266.2,1270.0,1276.0,,1266.19,,,532009,675967705.2,39297,F1,1,,,,,
2026-10-05,2026-10-05,CM,NSE,STK,757862,INE18JU01028,EBGNG,EQ,,,,,GNG ELECTRONICS LIMITED,710.0,718.7,690.0,695.45,695.0,704.7,,695.49,,,531082,373654438.65,32413,F1,1,,,,,
2026-10-05,2026-10-05,CM,NSE,STK,3375,INE335A01020,SURYAROSNI,EQ,,,,,SURYA ROSHNI LTD,221.9,226.06,219.76,220.41,220.25,220.67,,220.41,,,530488,117774256.86,10306,F1,1,,,,,
2026-10-05,2026-10-05,CM,NSE,STK,23489,INE343G01021,BHARTIHEXA,EQ,,,,,BHARTI HEXACOM LIMITED,1389.9,1396.1,1371.4,1383.1,1383.0,1379.2,,1383.1,,,528019,729064675.3,12410,F1,1,,,,,
2026-10-05,2026-10-05,CM,NSE,STK,4693,INE810G01011,SHYAMMETL,EQ,,,,,SHYAM METALICS AND ENGY L,1054.0,1057.6,1015.0,1020.2,1019.8,1047.8,,1020.16,,,527412,544929000.7,27925,F1,1,,,,,
2026-10-05,2026-10-05,CM,NSE,STK,21578,INE073V01015,COMSYN,EQ,,,,,COMMERCIAL SYN BAGS LTD,263.05,270.0,256.8,259.55,262.4,262.4,,259.56,,,527134,137401045.35,6007,F1,1,,,,,
2026-10-05,2026-10-05,CM,NSE,STK,15380,INE634S01028,MANKIND,EQ,,,,,MANKIND PHARMA LIMITED,2533.1,2539.3,2464.7,2479.0,2479.0,2535.0,,2479.0,,,527032,1318334689.4,40275,F1,1,,,,,
2026-10-05,2026-10-05,CM,NSE,STK,764126,INE17IR01028,LASERPOWER,EQ,,,,,LASER POWER & INFRA LTD,267.55,270.0,258.0,267.75,267.15,262.75,,267.75,,,523993,138812000.35,9949,F1,1,,,,,
2026-10-05,2026-10-05,CM,NSE,STK,3813,INE420B01036,ARIHANTCAP,EQ,,,,,ARIHANT CAPITAL MKTS LTD,90.0,95.05,90.0,91.01,90.77,88.59,,91.01,,,523540,48492877.92,6282,F1,1,,,,,
2026-10-05,2026-10-05,CM,NSE,STK,2513,INE412G01024,BCLIND,EQ,,,,,BCL INDUSTRIES LIMITED,31.31,32.14,31.05,31.29,31.5,31.24,,31.29,,,523094,16419126.65,4050,F1,1,,,,,
2026-10-05,2026-10-05,CM,NSE,STK,6818,INE0I7C01011,LATENTVIEW,EQ,,,,,LATENT VIEW ANALYTICS LTD,238.0,245.0,233.49,235.68,235.0,234.48,,235.64,,,521787,123275222.5,7337,F1,1,,,,,
2026-10-05,2026-10-05,CM,NSE,STK,6843,INE017W01010,SMLT,EQ,,,,,SARTHAK METALS LIMITED,82.4,88.79,77.0,78.72,78.88,74.18,,78.77,,,519788,41826163.85,7128,F1,1,,,,,
2026-10-05,2026-10-05,CM,NSE,STK,23855,INF769K01LJ8,MIDSMALL,EQ,,,,,MIRAEAMC - MIDSMALL,49.58,49.9,49.28,49.59,49.63,49.41,,49.59,,,519210,25726283.01,1163,F1,1,,,,,
2026-10-05,2026-10-05,CM,NSE,STK,14063,INE107F01022,WANBURY,EQ,,,,,WANBURY LIMITED,198.8,198.99,187.0,190.46,189.9,197.99,,190.36,,,517094,99238583.44,9695,F1,1,,,,,
2026-10-05,2026-10-05,CM,NSE,STK,25312,INE953R01016,PNGJL,EQ,,,,,P N GADGIL JEWELLERS LTD,586.95,587.1,571.75,573.3,573.1,581.95,,573.3,,,514316,297075115.85,23785,F1,1,,,,,
2026-10-05,2026-10-05,CM,NSE,STK,404,INE463A01038,BERGEPAINT,EQ,,,,,BERGER PAINTS (I) LTD,455.3,460.8,452.45,458.4,459.4,452.4,,458.4,,,514017,235920959.4,42929,F1,1,,,,,
2026-10-05,2026-10-05,CM,NSE,STK,18359,INE149K01016,SANDUMA,EQ,,,,,SANDUR MANG & IRON ORES L,177.7,181.48,176.25,177.35,176.25,177.67,,177.34,,,513160,91437152.65,11068,F1,1,,,,,
2026-10-05,2026-10-05,CM,NSE,STK,20296,INE482J01021,SHAH,EQ,,,,,SHAH METACORP LIMITED,3.03,3.1,2.99,3.07,3.09,3.03,,3.07,,,511995,1553779.36,618,F1,1,,,,,
2026-10-05,2026-10-05,CM,NSE,STK,20936,INE146L01010,KIRLOSENG,EQ,,,,,KIRLOSKAR OIL ENG LTD,2265.0,2339.7,2231.6,2243.7,2248.9,2242.7,,2243.7,,,511911,1165066709.5,58014,F1,1,,,,,
2026-10-05,2026-10-05,CM,NSE,STK,12032,INE128S01021,FIVESTAR,EQ,,,,,FIVE-STAR BUS FIN LTD,506.9,521.05,505.8,519.1,519.8,506.25,,519.11,,,510918,263111745.25,37711,F1,1,,,,,
2026-10-05,2026-10-05,CM,NSE,STK,23693,INE065X01017,INDGN,EQ,,,,,INDEGENE LIMITED,598.25,605.5,588.0,598.45,597.0,593.5,,598.45,,,510522,305671537.7,30939,F1,1,,,,,
2026-10-05,2026-10-05,CM,NSE,STK,6066,INE399L01023,ATGL,EQ,,,,,ADANI TOTAL GAS LIMITED,587.0,593.0,578.65,583.25,585.2,583.05,,583.15,,,509708,297957287.05,21633,F1,1,,,,,
2026-10-05,2026-10-05,CM,NSE,STK,759291,INE304W01038,BLUESTONE,EQ,,,,,BLUESTONE JEWEL LFSTL LTD,780.5,797.65,778.2,790.65,792.0,787.95,,790.65,,,509584,402625733.55,22243,F1,1,,,,,
2026-10-05,2026-10-05,CM,NSE,STK,17875,INE484J01027,GODREJPROP,EQ,,,,,GODREJ PROPERTIES LTD,1581.0,1616.7,1578.0,1599.9,1599.9,1595.8,,1599.92,,,509332,816021165.6,38808,F1,1,,,,,
2026-10-05,2026-10-05,CM,NSE,STK,764116,INE0ISX01025,KUSUMGAR,EQ,,,,,KUSUMGAR LIMITED,600.6,608.9,593.0,602.0,608.9,592.55,,602.0,,,509173,305520808.5,16192,F1,1,,,,,
2026-10-05,2026-10-05,CM,NSE,STK,765558,INE15EH01014,PRIORITY,EQ,,,,,PRIORITY JEWELS LIMITED,294.0,315.9,287.05,291.2,289.0,290.45,,291.24,,,508895,153456040.45,14618,F1,1,,,,,
2026-10-05,2026-10-05,CM,NSE,STK,21469,INE350C01017,OPTIEMUS,EQ,,,,,OPTIEMUS INFRACOM LTD,817.0,833.9,781.5,786.2,788.9,803.7,,786.2,,,500498,407329454.35,24665,F1,1,,,,,
2026-10-05,2026-10-05,CM,NSE,STK,23650,INE414G01012,MUTHOOTFIN,EQ,,,,,MUTHOOT FINANCE LIMITED,2711.0,2747.8,2700.0,2716.4,2716.4,2697.1,,2716.44,,,499788,1359947568.3,40424,F1,1,,,,,
2026-10-05,2026-10-05,CM,NSE,STK,1038,INE235A01022,FINCABLES,EQ,,,,,FINOLEX CABLES LTD,1458.8,1496.1,1454.0,1467.3,1464.1,1458.8,,1467.28,,,499455,736352407.5,38034,F1,1,,,,,
2026-10-05,2026-10-05,CM,NSE,STK,18553,INE682M01020,JLHL,EQ,,,,,JUPITER LIFE LINE HOSP L,258.55,263.85,248.85,253.9,254.05,259.85,,253.9,,,495948,124657734.7,22035,F1,1,,,,,
2026-10-05,2026-10-05,CM,NSE,STK,13982,INE039O01029,JASH,EQ,,,,,JASH ENGINEERING LIMITED,582.0,605.0,581.0,598.1,596.8,576.3,,598.12,,,495530,296113353.45,22352,F1,1,,,,,
2026-10-05,2026-10-05,CM,NSE,STK,2431,INE0DD101019,RAILTEL,EQ,,,,,RAILTEL CORP OF IND LTD,258.0,260.4,251.15,252.3,253.95,257.2,,252.3,,,495278,126056589.15,18051,F1,1,,,,,
2026-10-05,2026-10-05,CM,NSE,STK,11591,INF179KC1965,HDFCNIFTY,EQ,,,,,HDFCAMC - HDFCNIFTY,247.86,260.57,247.86,254.91,255.52,254.22,,254.91,,,495067,125713413.89,1955,F1,1,,,,,
2026-10-05,2026-10-05,CM,NSE,STK,1247,INE026A01025,GSFC,EQ,,,,,GUJ STATE FERT & CHEM LTD,147.59,150.2,147.0,147.26,147.31,146.9,,147.25,,,492857,72982774.62,9722,F1,1,,,,,
2026-10-05,2026-10-05,CM,NSE,STK,29146,INE268H01044,NAVKARURB,EQ,,,,,NAVKAR URBANSTRUCTURE LTD,0.87,0.87,0.82,0.83,0.84,0.85,,0.83,,,491182,414343.18,339,F1,1,,,,,
2026-10-05,2026-10-05,CM,NSE,STK,2306,INE052T01021,BESTAGRO,EQ,,,,,BEST AGROLIFE LIMITED,18.17,18.17,17.41,17.73,17.69,17.47,,17.72,,,490937,8733141.07,1952,F1,1,,,,,
2026-10-05,2026-10-05,CM,NSE,STK,760438,INF666M01NI0,GROWWMETAL,EQ,,,,,GROWWAMC - GROWWMETAL,12.19,12.2,11.85,11.9,11.91,11.95,,11.9,,,490772,5871118.89,2615,F1,1,,,,,
2026-10-05,2026-10-05,CM,NSE,STK,7406,INE935A01035,GLENMARK,EQ,,,,,GLENMARK PHARMACEUTICALS,2325.0,2340.5,2273.5,2295.0,2295.0,2331.0,,2294.99,,,490378,1125785455.3,43734,F1,1,,,,,
2026-10-05,2026-10-05,CM,NSE,STK,19372,INE970N01027,SPCENET,EQ,,,,,SPACENET ENTERS IND LTD,3.33,3.38,3.13,3.22,3.2,3.24,,3.22,,,490373,1591196.67,593,F1,1,,,,,
2026-10-05,2026-10-05,CM,NSE,STK,13260,INE389H01022,KEC,EQ,,,,,KEC INTL. LIMITED,374.9,380.7,369.0,370.55,369.0,372.35,,370.54,,,489498,182966386.2,19725,F1,1,,,,,
2026-10-05,2026-10-05,CM,NSE,STK,7672,INE172N01012,IMAGICAA,EQ,,,,,IMAGICAAWORLD ENT LTD,50.85,51.99,48.61,48.76,49.0,50.7,,48.76,,,488855,24199975.7,3063,F1,1,,,,,
2026-10-05,2026-10-05,CM,NSE,STK,13925,INE870D01012,NFL,EQ,,,,,NATIONAL FERT. LTD,63.99,64.45,63.12,63.28,63.2,63.85,,63.28,,,487718,31052178.06,4262,F1,1,,,,,
2026-10-05,2026-10-05,CM,NSE,STK,25977,INE101I01011,AFCONS,EQ,,,,,AFCONS INFRASTRUCTURE LTD,244.04,246.79,239.0,241.5,240.1,242.39,,241.66,,,481694,116128847.25,10393,F1,1,,,,,
2026-10-05,2026-10-05,CM,NSE,STK,760242,INE1RDG01013,PNGSREVA,EQ,,,,,PNGS REVA DIAMOND JEWEL L,507.55,539.85,505.1,535.3,539.0,504.4,,535.26,,,481628,254416685.65,18847,F1,1,,,,,
2026-10-05,2026-10-05,CM,NSE,STK,10940,INE361B01024,DIVISLAB,EQ,,,,,DIVI S LABORATORIES LTD,9251.0,9285.5,9113.5,9196.0,9196.0,9249.0,,9196.05,,,480338,4406112950.0,40276,F1,1,,,,,
2026-10-05,2026-10-05,CM,NSE,STK,20203,INE550C01020,URJA,EQ,,,,,URJA GLOBAL LIMITED,8.56,9.0,8.51,8.69,8.62,8.61,,8.67,,,478430,4126043.72,2523,F1,1,,,,,
2026-10-05,2026-10-05,CM,NSE,STK,765155,INE286N01028,PRISMX,EQ,,,,,PRISMX GLOBAL VENTURES L,0.52,0.52,0.49,0.5,0.51,0.52,,0.51,,,477178,239288.65,190,F1,1,,,,,
2026-10-05,2026-10-05,CM,NSE,STK,24798,INF666M01IH2,GROWWEV,EQ,,,,,GROWWAMC - GROWWEV,29.52,30.98,29.52,30.07,30.1,30.05,,30.07,,,476198,14304214.74,3717,F1,1,,,,,
2026-10-05,2026-10-05,CM,NSE,STK,48,INE419U01012,HAPPSTMNDS,EQ,,,,,HAPPIEST MINDS TECHNO LTD,305.7,309.65,303.0,304.2,303.55,304.7,,304.2,,,476063,145742637.35,12253,F1,1,,,,,
2026-10-05,2026-10-05,CM,NSE,STK,22947,INE777F01014,EXICOM,EQ,,,,,EXICOM TELE SYSTEMS LTD,152.3,154.99,149.33,150.77,151.4,151.1,,150.77,,,471460,71351900.93,7833,F1,1,,,,,
2026-10-05,2026-10-05,CM,NSE,STK,17685,INE390G01014,GPTINFRA,EQ,,,,,GPT INFRAPROJECTS LTD,122.6,122.6,117.8,120.38,120.4,118.66,,120.38,,,470025,56572630.23,6772,F1,1,,,,,
2026-10-05,2026-10-05,CM,NSE,STK,28952,INE741L01018,DUCON,EQ,,,,,DUCON INFRATECHNOLOGIES L,1.35,1.36,1.32,1.36,1.36,1.3,,1.36,,,469110,632388.39,222,F1,1,,,,,
2026-10-05,2026-10-05,CM,NSE,STK,23607,INE011E01029,BALUFORGE,EQ,,,,,BALU FORGE INDUSTRIES LTD,494.15,512.5,491.7,502.8,503.7,488.95,,502.8,,,468122,236012201.25,15449,F1,1,,,,,
2026-10-05,2026-10-05,CM,NSE,STK,6125,INE127I01024,GOODLUCK,EQ,,,,,GOODLUCK INDIA LIMITED,501.0,501.0,478.8,482.0,480.05,499.35,,482.0,,,467075,226195109.25,18203,F1,1,,,,,
2026-10-05,2026-10-05,CM,NSE,STK,5200,INE266D01021,GRAUWEIL,EQ,,,,,GRAUER & WEIL IND LTD,83.5,84.9,80.31,83.53,84.0,81.8,,83.51,,,466288,38773011.13,5241,F1,1,,,,,
2026-10-05,2026-10-05,CM,NSE,STK,2303,INE066F01020,HAL,EQ,,,,,HINDUSTAN AERONAUTICS LTD,4601.0,4688.0,4601.0,4680.0,4680.0,4601.0,,4679.93,,,465865,2171552534.6,52986,F1,1,,,,,
2026-10-05,2026-10-05,CM,NSE,STK,762954,INE064A01026,TIMEX,EQ,,,,,TIMEX GROUP INDIA LTD.,733.15,744.8,724.5,734.6,739.0,729.5,,734.69,,,462142,339214519.45,33994,F1,1,,,,,
2026-10-05,2026-10-05,CM,NSE,STK,330,INE565V01010,VALIANTORG,EQ,,,,,VALIANT ORGANICS LIMITED,477.15,503.0,471.05,475.65,475.0,477.15,,475.67,,,461753,227156667.1,13986,F1,1,,,,,
2026-10-05,2026-10-05,CM,NSE,STK,761814,INE887D01024,TCC,EQ,,,,,TCC CONCEPT LIMITED,47.83,49.0,46.19,47.07,47.05,47.47,,47.07,,,459771,21837216.49,4503,F1,1,,,,,
2026-10-05,2026-10-05,CM,NSE,STK,2649,INE602A01031,PCBL,EQ,,,,,PCBL CHEMICAL LIMITED,322.85,327.2,318.6,320.35,320.8,321.5,,320.36,,,457281,147242671.35,15301,F1,1,,,,,
2026-10-05,2026-10-05,CM,NSE,STK,12108,INF179KC1HZ7,HDFCPVTBAN,EQ,,,,,HDFCAMC - HDFCPVTBAN,27.92,27.92,27.08,27.3,27.41,27.37,,27.3,,,455677,12399725.05,957,F1,1,,,,,
2026-10-05,2026-10-05,CM,NSE,STK,14966,INE679A01013,CSBBANK,EQ,,,,,CSB BANK LIMITED,306.85,310.0,300.1,306.85,308.5,304.75,,306.85,,,455102,138725683.95,20461,F1,1,,,,,
2026-10-05,2026-10-05,CM,NSE,STK,28714,INE454P01035,TRANSRAILL,EQ,,,,,TRANSRAIL LIGHTING LTD,476.7,476.85,460.0,462.75,467.0,474.9,,462.76,,,454795,212252042.8,21168,F1,1,,,,,
2026-10-05,2026-10-05,CM,NSE,STK,16783,INE200A01026,GVT&D,EQ,,,,,GE VERNOVA T&D INDIA LTD,4325.0,4337.9,4185.0,4247.5,4247.5,4253.2,,4247.47,,,454653,1929619681.5,47691,F1,1,,,,,
2026-10-05,2026-10-05,CM,NSE,STK,11884,INE993A01026,MANINDS,EQ,,,,,MAN INDUSTRIES (I) LTD.,931.0,940.0,883.1,888.25,893.0,921.55,,888.27,,,452708,409749219.75,21882,F1,1,,,,,
2026-10-05,2026-10-05,CM,NSE,STK,18110,INE893I01013,VASCONEQ,EQ,,,,,VASCON ENGINEERS LTD,33.0,33.7,32.05,32.27,32.3,32.58,,32.27,,,452260,14736443.12,1889,F1,1,,,,,
2026-10-05,2026-10-05,CM,NSE,STK,17764,INE056I01025,REFEX,EQ,,,,,REFEX INDUSTRIES LIMITED,272.2,275.95,267.05,271.3,270.85,271.3,,271.32,,,451891,122680787.45,4848,F1,1,,,,,
2026-10-05,2026-10-05,CM,NSE,STK,762628,INE819A01049,COMFINTE,EQ,,,,,COMFORT INTECH LTD.,6.09,6.98,6.09,6.18,6.22,6.23,,6.2,,,450195,2904032.65,864,F1,1,,,,,
2026-10-05,2026-10-05,CM,NSE,STK,760740,INE121R01077,AMAGI,EQ,,,,,AMAGI MEDIA LABS LIMITED,551.35,577.0,551.35,569.7,569.9,554.05,,569.7,,,449516,255958656.15,31829,F1,1,,,,,
2026-10-05,2026-10-05,CM,NSE,STK,24870,INE878H01024,INVENTURE,EQ,,,,,INVENTURE GRO & SEC LTD,0.86,0.86,0.85,0.85,0.85,0.85,,0.85,,,449348,382921.75,286,F1,1,,,,,
2026-10-05,2026-10-05,CM,NSE,STK,14947,INE338I01027,MOTILALOFS,EQ,,,,,MOTILAL OSWAL FIN LTD,991.0,1018.9,987.9,1011.1,1011.1,989.9,,1011.04,,,445092,449223694.45,26939,F1,1,,,,,
2026-10-05,2026-10-05,CM,NSE,STK,31234,INE839M01018,SCHNEIDER,EQ,,,,,SCHNEIDER ELECTRIC INFRA,1286.8,1318.8,1261.0,1268.1,1281.7,1275.4,,1268.05,,,444623,574604869.8,40334,F1,1,,,,,
2026-10-05,2026-10-05,CM,NSE,STK,6733,INE749A01030,JINDALSTEL,EQ,,,,,JINDAL STEEL LIMITED,1101.1,1115.8,1086.7,1097.3,1097.3,1100.5,,1097.31,,,444005,486453107.6,18210,F1,1,,,,,
2026-10-05,2026-10-05,CM,NSE,STK,2188,INE854S01022,GENCON,EQ,,,,,GENERIC ENG CONS PROJ LTD,40.15,41.19,38.6,38.73,38.6,40.75,,38.73,,,439739,17405720.43,1699,F1,1,,,,,
2026-10-05,2026-10-05,CM,NSE,STK,2275,INE01GN01025,IRISDOREME,EQ,,,,,IRIS CLOTHINGS LIMITED,62.0,62.0,57.72,59.69,60.0,60.46,,59.69,,,439369,26104042.37,3868,F1,1,,,,,
2026-10-05,2026-10-05,CM,NSE,STK,22566,INE0NLT01010,BLSE,EQ,,,,,BLS E-SERVICES LIMITED,324.95,327.8,316.0,319.15,320.45,322.05,,319.12,,,438825,140469618.3,7687,F1,1,,,,,
2026-10-05,2026-10-05,CM,NSE,STK,3718,INE226A01021,VOLTAS,EQ,,,,,VOLTAS LTD,1055.0,1072.1,1052.9,1061.3,1061.3,1053.2,,1061.26,,,436486,463027391.2,23787,F1,1,,,,,
2026-10-05,2026-10-05,CM,NSE,STK,15068,INE621H01010,RELIGARE,EQ,,,,,RELIGARE ENTER. LTD.,224.85,227.29,222.36,223.44,223.21,224.59,,223.45,,,435896,97616628.79,8751,F1,1,,,,,
2026-10-05,2026-10-05,CM,NSE,STK,17738,INE0JO301016,YATHARTH,EQ,,,,,YATHARTH HOSP & TRA C S L,1028.6,1039.7,995.0,1003.0,1007.7,1033.7,,1003.07,,,435155,438281258.2,31730,F1,1,,,,,
2026-10-05,2026-10-05,CM,NSE,STK,7411,INE00S901012,NILASPACES,EQ,,,,,NILA SPACES LIMITED,11.48,11.48,10.81,11.0,11.07,11.22,,11.0,,,433053,4811512.45,2014,F1,1,,,,,
2026-10-05,2026-10-05,CM,NSE,STK,637,INE085A01013,CHAMBLFERT,EQ,,,,,CHAMBAL FERTILIZERS LTD,400.3,406.3,395.0,397.6,398.25,399.3,,397.59,,,432450,172444742.3,20906,F1,1,,,,,
2026-10-05,2026-10-05,CM,NSE,STK,18220,INE134B01017,KECL,EQ,,,,,KIRLOSKAR ELECTRIC CO LTD,119.0,129.89,119.0,125.42,124.99,120.43,,125.42,,,432446,54256328.96,8111,F1,1,,,,,
2026-10-05,2026-10-05,CM,NSE,STK,25574,INE908D01010,SHAKTIPUMP,EQ,,,,,SHAKTI PUMPS (I) LTD,455.95,463.5,441.15,443.4,442.2,454.1,,443.42,,,431828,195261429.65,17739,F1,1,,,,,
2026-10-05,2026-10-05,CM,NSE,STK,14552,INE211B01039,PHOENIXLTD,EQ,,,,,THE PHOENIX MILLS LTD,1911.1,1954.9,1909.2,1935.0,1935.0,1930.0,,1935.0,,,430722,832611629.7,34854,F1,1,,,,,
2026-10-05,2026-10-05,CM,NSE,STK,764532,INE1D0W01018,TECHNOCRAF,EQ,,,,,TECHNOCRAFT VENTURES LTD,481.0,484.0,465.0,471.1,469.9,478.1,,471.09,,,429819,204262089.55,10820,F1,1,,,,,
2026-10-05,2026-10-05,CM,NSE,STK,1628,INE495P01020,BECTORFOOD,EQ,,,,,MRS BECTORS FOOD SPE LTD,213.03,213.99,208.61,210.83,209.86,213.03,,210.83,,,428214,90350527.99,13356,F1,1,,,,,
2026-10-05,2026-10-05,CM,NSE,STK,14203,INE703H01016,HUBTOWN,EQ,,,,,HUBTOWN LIMITED,177.35,178.5,166.99,168.09,168.7,177.42,,168.09,,,425823,72652410.45,5712,F1,1,,,,,
2026-10-05,2026-10-05,CM,NSE,STK,6297,INF209KB10C2,HEALTHY,EQ,,,,,BIRLASLAMC - HEALTHY,16.76,16.76,16.26,16.41,16.55,16.47,,16.41,,,424617,6982467.59,1664,F1,1,,,,,
2026-10-05,2026-10-05,CM,NSE,STK,9590,INE455K01017,POLYCAB,EQ,,,,,POLYCAB INDIA LIMITED,7990.0,8186.0,7980.5,8080.0,8080.0,7990.0,,8080.0,,,424158,3434098477.5,44774,F1,1,,,,,
2026-10-05,2026-10-05,CM,NSE,STK,764296,INE0QJW01029,LCL,EQ,,,,,LOHIA CORP LIMITED,555.0,585.0,555.0,578.95,582.3,553.6,,579.0,,,422841,243073907.95,28163,F1,1,,,,,
2026-10-05,2026-10-05,CM,NSE,STK,28378,INE0Q9301021,IGIL,EQ,,,,,INTL GEMOLOGICAL INST LTD,317.9,320.7,311.0,316.25,315.05,311.95,,316.25,,,422079,133409149.9,10713,F1,1,,,,,
2026-10-05,2026-10-05,CM,NSE,STK,10945,INE668A01016,TMB,EQ,,,,,TAMILNAD MERCA BANK LTD,872.5,917.6,870.0,886.25,880.8,872.05,,886.23,,,420110,376773732.35,37417,F1,1,,,,,
2026-10-05,2026-10-05,CM,NSE,STK,20242,INE093I01010,OBEROIRLTY,EQ,,,,,OBEROI REALTY LIMITED,1754.6,1793.7,1749.2,1751.2,1751.2,1754.6,,1751.2,,,419733,741939780.4,18553,F1,1,,,,,
2026-10-05,2026-10-05,CM,NSE,STK,25634,INE122M01019,ESSARSHPNG,EQ,,,,,ESSAR SHIPPING LTD,17.5,17.94,16.47,17.04,17.06,17.18,,17.04,,,418001,7099277.29,1776,F1,1,,,,,
2026-10-05,2026-10-05,CM,NSE,STK,6718,INE806T01020,SAPPHIRE,EQ,,,,,SAPPHIRE FOODS INDIA LTD,210.0,213.51,208.29,212.64,212.65,209.82,,212.64,,,417142,87860250.47,12843,F1,1,,,,,
2026-10-05,2026-10-05,CM,NSE,STK,756925,INE607A01022,PRIMO,EQ,,,,,PRIMO CHEMICALS LIMITED,26.85,26.9,25.55,26.08,26.12,25.41,,26.08,,,414021,10819303.19,1324,F1,1,,,,,
2026-10-05,2026-10-05,CM,NSE,STK,2708,INE603A01013,PRAKASH,EQ,,,,,PRAKASH INDUSTRIES LTD,119.0,121.22,116.76,119.72,120.0,118.69,,119.69,,,413992,49201392.27,4680,F1,1,,,,,
2026-10-05,2026-10-05,CM,NSE,STK,25252,INE0O6601022,KROSS,EQ,,,,,KROSS LIMITED,260.0,264.15,252.1,253.6,253.5,258.4,,253.62,,,413785,106003506.05,9088,F1,1,,,,,
2026-10-05,2026-10-05,CM,NSE,STK,757515,INE0U4701011,DIGITIDE,EQ,,,,,DIGITIDE SOLUTIONS LTD,71.72,75.7,71.72,74.08,74.44,72.34,,74.08,,,413727,30538999.28,4429,F1,1,,,,,
2026-10-05,2026-10-05,CM,NSE,STK,17945,INE03QK01018,COHANCE,EQ,,,,,COHANCE LIFESCIENCES LTD,451.5,455.05,442.2,446.8,446.3,451.3,,446.8,,,413013,184938197.1,29855,F1,1,,,,,
2026-10-05,2026-10-05,CM,NSE,STK,10637,INE260D01016,OLECTRA,EQ,,,,,OLECTRA GREENTECH LIMITED,1108.0,1115.5,1069.9,1078.4,1076.0,1096.2,,1078.41,,,409750,445009812.8,21955,F1,1,,,,,
2026-10-05,2026-10-05,CM,NSE,STK,23184,INF247L01CI4,MOREALTY,EQ,,,,,MOTILALAMC - MOREALTY,83.36,85.34,82.61,83.89,83.42,84.3,,83.89,,,409161,34510004.24,1862,F1,1,,,,,
2026-10-05,2026-10-05,CM,NSE,STK,25606,INF247L01DK8,MOMENTUM50,EQ,,,,,MOTILALAMC - MOMENTUM50,52.64,52.7,51.95,52.21,52.4,52.1,,52.22,,,408213,21365328.7,14451,F1,1,,,,,
2026-10-05,2026-10-05,CM,NSE,STK,7083,INE575P01011,STARHEALTH,EQ,,,,,STAR HEALTH & AL INS CO L,535.25,541.6,531.1,535.25,533.75,537.7,,535.24,,,407562,218333727.55,27615,F1,1,,,,,
2026-10-05,2026-10-05,CM,NSE,STK,764121,INE302D01024,RIR,EQ,,,,,RIR POWER ELECTRONICS L,178.87,179.56,172.93,174.61,176.16,176.97,,174.52,,,406622,71710682.26,8152,F1,1,,,,,
2026-10-05,2026-10-05,CM,NSE,STK,7553,INE349A01021,NRBBEARING,EQ,,,,,NRB BEARING LIMITED,549.0,556.85,533.55,535.7,536.0,542.6,,535.74,,,406034,220549918.55,24504,F1,1,,,,,
2026-10-05,2026-10-05,CM,NSE,STK,11195,INE646L01027,INDIGO,EQ,,,,,INTERGLOBE AVIATION LTD,4945.0,4999.0,4907.7,4935.0,4935.0,4929.9,,4935.0,,,404828,2000254683.2,46032,F1,1,,,,,
2026-10-05,2026-10-05,CM,NSE,STK,7145,INE463V01026,ANANDRATHI,EQ,,,,,ANAND RATHI WEALTH LTD,2117.5,2135.0,2101.2,2132.0,2132.0,2117.5,,2132.0,,,404648,857573474.3,26216,F1,1,,,,,
2026-10-05,2026-10-05,CM,NSE,STK,18151,INE395N01027,TVSSCS,EQ,,,,,TVS SUPPLY CHAIN SOL L,128.32,130.99,126.95,127.27,127.13,128.42,,127.27,,,402736,51676823.26,7922,F1,1,,,,,
2026-10-05,2026-10-05,CM,NSE,STK,9428,INE439E01022,SKIPPER,EQ,,,,,SKIPPER LIMITED,543.0,551.9,534.0,538.9,536.75,541.2,,538.95,,,402506,218094236.0,18602,F1,1,,,,,
2026-10-05,2026-10-05,CM,NSE,STK,1919,INE082A01010,KOPRAN,EQ,,,,,KOPRAN LTD,285.3,288.0,267.35,268.7,268.3,282.05,,268.7,,,401731,110204991.85,7477,F1,1,,,,,
2026-10-05,2026-10-05,CM,NSE,STK,9385,INE195J01029,PNCINFRA,EQ,,,,,PNC INFRATECH LTD.,140.23,140.23,136.45,137.03,136.47,138.16,,137.03,,,400817,55375316.44,11815,F1,1,,,,,
2026-10-05,2026-10-05,CM,NSE,STK,25984,INE679V01027,AVL,EQ,,,,,ADITYA VISION LIMITED,572.3,606.0,566.35,601.05,604.3,572.3,,601.04,,,400252,238399513.8,25837,F1,1,,,,,
2026-10-05,2026-10-05,CM,NSE,STK,764195,INF174KA1A94,PVTBANK,EQ,,,,,KOTAKMAMC - PVTBANK,26.9,27.79,26.62,26.79,26.79,26.82,,26.79,,,398571,10683933.98,79,F1,1,,,,,
2026-10-05,2026-10-05,CM,NSE,STK,2868,INE106T01025,HITECH,EQ,,,,,HI-TECH PIPES LIMITED,71.62,72.38,69.85,70.05,70.35,71.42,,70.06,,,397840,28092187.83,5139,F1,1,,,,,
2026-10-05,2026-10-05,CM,NSE,STK,18614,INE08U801020,SAMHI,EQ,,,,,SAMHI HOTELS LIMITED,154.35,155.99,150.0,150.41,150.3,154.37,,150.41,,,397768,60376297.24,5572,F1,1,,,,,
2026-10-05,2026-10-05,CM,NSE,STK,758889,INE385F01024,SGMART,EQ,,,,,SG MART LIMITED,750.0,758.3,730.9,737.65,740.0,742.2,,737.61,,,397450,297226201.4,29431,F1,1,,,,,
2026-10-05,2026-10-05,CM,NSE,STK,21334,INE980O01024,JYOTICNC,EQ,,,,,JYOTI CNC AUTOMATION LTD,1052.7,1060.0,1020.5,1029.6,1034.0,1032.1,,1028.44,,,397257,413161595.4,25507,F1,1,,,,,
2026-10-05,2026-10-05,CM,NSE,STK,10990,INE944F01028,RADICO,EQ,,,,,RADICO KHAITAN LTD,4242.0,4307.0,4238.5,4289.1,4289.1,4237.0,,4289.08,,,395032,1691022840.9,46377,F1,1,,,,,
2026-10-05,2026-10-05,CM,NSE,STK,11236,INE220G01021,JSL,EQ,,,,,JINDAL STAINLESS LIMITED,735.0,747.0,728.9,742.0,742.55,732.7,,742.0,,,393852,291386391.65,26767,F1,1,,,,,
2026-10-05,2026-10-05,CM,NSE,STK,2705,INE074A01025,PRAJIND,EQ,,,,,PRAJ INDUSTRIES LTD,303.3,309.75,303.1,304.05,304.45,303.25,,304.01,,,392337,120239674.6,15635,F1,1,,,,,
2026-10-05,2026-10-05,CM,NSE,STK,11966,INE00E101023,BIKAJI,EQ,,,,,BIKAJI FOODS INTERN LTD,507.0,514.0,484.5,487.0,485.0,504.05,,487.01,,,387790,191939701.55,23634,F1,1,,,,,
2026-10-05,2026-10-05,CM,NSE,STK,756086,INF666M01KJ4,GROWWMOM50,EQ,,,,,GROWWAMC - GROWWMOM50,10.55,10.69,10.47,10.5,10.56,10.55,,10.5,,,386277,4068619.9,916,F1,1,,,,,
2026-10-05,2026-10-05,CM,NSE,STK,759477,INE01TY01017,CANHLIFE,EQ,,,,,CANARA HSBC LIFE INS CO L,142.4,147.5,141.13,142.36,142.33,143.85,,142.36,,,384965,55442006.25,9875,F1,1,,,,,
2026-10-05,2026-10-05,CM,NSE,STK,513,INE032A01023,BOMDYEING,EQ,,,,,BOMBAY DYEING & MFG. CO L,103.4,104.3,101.02,101.54,101.8,102.63,,101.54,,,384695,39337567.74,4620,F1,1,,,,,
2026-10-05,2026-10-05,CM,NSE,STK,759368,INF740KA1WU9,FLEXIADD,EQ,,,,,DSPAMC - FLEXIADD,9.37,9.47,9.35,9.41,9.42,9.37,,9.4,,,384673,3612363.69,649,F1,1,,,,,
2026-10-05,2026-10-05,CM,NSE,STK,765307,INF22M001184,NIFTYJBLK,EQ,,,,,JIOBLACKROCKAMC-NIFTYJBLK,11.38,11.82,11.38,11.59,11.6,11.54,,11.59,,,381854,4415845.93,872,F1,1,,,,,
2026-10-05,2026-10-05,CM,NSE,STK,910,INE066A01021,EICHERMOT,EQ,,,,,EICHER MOTORS LTD,6975.0,7066.0,6901.5,7021.5,7021.5,6920.0,,7021.59,,,381658,2669959240.5,48858,F1,1,,,,,
2026-10-05,2026-10-05,CM,NSE,STK,6643,INE284S01014,SJS,EQ,,,,,SJS ENTERPRISES LIMITED,2159.8,2175.0,2022.2,2039.6,2027.0,2159.8,,2039.5,,,380923,787002124.9,49024,F1,1,,,,,
2026-10-05,2026-10-05,CM,NSE,STK,25897,INE842C01021,MINDACORP,EQ,,,,,MINDA CORPORATION LTD,666.0,669.85,637.05,647.85,648.6,667.35,,647.83,,,380699,246951162.75,42241,F1,1,,,,,
2026-10-05,2026-10-05,CM,NSE,STK,2056,INE481N01025,HOMEFIRST,EQ,,,,,HOME FIRST FIN CO IND LTD,1122.6,1122.6,1075.1,1096.2,1095.7,1125.7,,1096.13,,,379744,413191287.8,49796,F1,1,,,,,
2026-10-05,2026-10-05,CM,NSE,STK,759007,INE0Z4F01028,ATLANTAELE,EQ,,,,,ATLANTA ELECTRICALS LTD,1745.5,1888.1,1725.0,1882.9,1887.0,1716.5,,1883.33,,,379316,695632127.9,31221,F1,1,,,,,
2026-10-05,2026-10-05,CM,NSE,STK,9678,INE980Y01015,SOUTHWEST,EQ,,,,,SOUTH WEST PINNACLE LTD,186.0,201.0,179.45,195.58,201.0,181.7,,195.74,,,377507,72382807.9,6546,F1,1,,,,,
2026-10-05,2026-10-05,CM,NSE,STK,11256,INE091G01026,JAIBALAJI,EQ,,,,,JAI BALAJI INDUSTRIES LTD,63.37,63.37,59.51,61.12,61.5,61.72,,61.12,,,375785,22849034.08,2919,F1,1,,,,,
2026-10-05,2026-10-05,CM,NSE,STK,16913,INE025R01021,ARTEMISMED,EQ,,,,,ARTEMIS MED SERVICE LTD,339.2,341.85,322.35,324.1,324.95,336.4,,324.08,,,374630,122469895.05,19757,F1,1,,,,,
2026-10-05,2026-10-05,CM,NSE,STK,758173,INE0BX301013,PROSTARM,EQ,,,,,PROSTARM INFO SYSTEMS LTD,136.8,140.2,131.15,132.0,132.33,135.41,,132.0,,,374129,50908563.84,7319,F1,1,,,,,
2026-10-05,2026-10-05,CM,NSE,STK,6216,INE052I01032,CAMLINFINE,EQ,,,,,CAMLIN FINE SCIENCES LTD,91.99,93.2,89.69,91.16,91.29,91.01,,91.16,,,373342,33976471.23,4437,F1,1,,,,,
2026-10-05,2026-10-05,CM,NSE,STK,2454,INE660C01027,CENTRUM,EQ,,,,,CENTRUM CAPITAL LIMITED,19.99,20.4,19.3,19.7,19.89,19.9,,19.7,,,371639,7360252.46,789,F1,1,,,,,
2026-10-05,2026-10-05,CM,NSE,STK,13816,INE818H01020,LTFOODS,EQ,,,,,LT FOODS LIMITED,399.0,408.5,397.1,405.8,405.0,399.15,,405.79,,,370391,149233798.35,22195,F1,1,,,,,
2026-10-05,2026-10-05,CM,NSE,STK,8890,INE0IQ001011,VERANDA,EQ,,,,,VERANDA LEARNING SOL LTD,214.0,218.99,207.6,212.76,213.02,213.8,,212.76,,,368190,78164051.79,7788,F1,1,,,,,
2026-10-05,2026-10-05,CM,NSE,STK,8311,INE472A01039,BLUESTARCO,EQ,,,,,BLUE STAR LIMITED,1476.0,1517.0,1460.4,1510.0,1510.0,1459.6,,1509.59,,,367830,551238614.5,25694,F1,1,,,,,
2026-10-05,2026-10-05,CM,NSE,STK,5475,INE382Z01011,GRSE,EQ,,,,,GARDEN REACH SHIP&ENG LTD,2122.0,2158.8,2103.5,2110.4,2109.1,2111.1,,2110.41,,,365792,777901595.0,30227,F1,1,,,,,
2026-10-05,2026-10-05,CM,NSE,STK,19531,INE933K01021,BAJAJCON,EQ,,,,,BAJAJ CONSUMER CARE LTD,497.0,499.4,477.95,480.35,480.0,497.05,,480.36,,,365485,178044336.4,17813,F1,1,,,,,
2026-10-05,2026-10-05,CM,NSE,STK,757014,INE0AQ201015,THELEELA,EQ,,,,,LEELA PALACES HOTEL LTD,566.7,581.2,562.5,577.6,578.0,568.95,,577.6,,,365031,209627378.55,29754,F1,1,,,,,
2026-10-05,2026-10-05,CM,NSE,STK,16639,INE415I01015,KIRIINDUS,EQ,,,,,KIRI INDUSTRIES LIMITED,546.9,557.95,542.0,542.4,543.45,544.6,,542.41,,,364409,199145832.7,8899,F1,1,,,,,
2026-10-05,2026-10-05,CM,NSE,STK,15414,INE615H01020,TITAGARH,EQ,,,,,TITAGARH RAIL SYSTEMS LTD,809.0,812.95,795.65,809.65,805.9,805.1,,809.59,,,364258,293155718.05,17976,F1,1,,,,,
2026-10-05,2026-10-05,CM,NSE,STK,509,INE249Z01020,MAZDOCK,EQ,,,,,MAZAGON DOCK SHIPBUIL LTD,2075.0,2093.9,2055.4,2074.0,2074.0,2064.0,,2073.79,,,364228,756080573.0,25165,F1,1,,,,,
2026-10-05,2026-10-05,CM,NSE,STK,27144,INE0UIZ01018,BLACKBUCK,EQ,,,,,BLACKBUCK LIMITED,612.15,619.0,597.1,599.4,598.8,606.15,,599.37,,,362727,220741567.0,22738,F1,1,,,,,
2026-10-05,2026-10-05,CM,NSE,STK,13376,INE786F01031,UTTAMSUGAR,EQ,,,,,UTTAM SUGAR MILLS LTD.,280.65,298.0,279.0,294.7,294.65,276.1,,294.7,,,362425,105221796.65,11593,F1,1,,,,,
2026-10-05,2026-10-05,CM,NSE,STK,759048,INE1AG301022,GKENERGY,EQ,,,,,GK ENERGY LIMITED,115.87,117.99,111.81,112.29,112.45,114.76,,112.29,,,361684,41150001.49,5000,F1,1,,,,,
2026-10-05,2026-10-05,CM,NSE,STK,759956,INE549H01021,ARSSBL,EQ,,,,,ANAND RATHI SH N STK BR L,525.45,539.0,515.1,535.0,534.0,521.05,,534.98,,,361312,190987072.3,7780,F1,1,,,,,
2026-10-05,2026-10-05,CM,NSE,STK,16859,INE325D01025,SINDHUTRAD,EQ,,,,,SINDHU TRADE LINKS LTD,22.13,22.82,21.82,22.13,22.06,22.23,,22.13,,,361160,7964774.8,910,F1,1,,,,,
2026-10-05,2026-10-05,CM,NSE,STK,765502,INE103001017,ANNU,EQ,,,,,ANNU PROJECTS LIMITED,48.0,48.0,45.0,45.12,45.38,47.09,,45.12,,,361049,16571760.77,4829,F1,1,,,,,
2026-10-05,2026-10-05,CM,NSE,STK,583,INE477A01020,CANFINHOME,EQ,,,,,CAN FIN HOMES LTD,714.35,735.1,711.15,724.7,725.7,711.0,,724.65,,,355842,259086003.35,20061,F1,1,,,,,
2026-10-05,2026-10-05,CM,NSE,STK,18931,INE108E01023,SUNDARAM,EQ,,,,,SUNDARAM MULTI PAP LTD,1.11,1.11,1.07,1.09,1.09,1.08,,1.1,,,354338,388341.97,382,F1,1,,,,,
2026-10-05,2026-10-05,CM,NSE,STK,16669,INE917I01010,BAJAJ-AUTO,EQ,,,,,BAJAJ AUTO LIMITED,10036.0,10089.0,9920.0,10024.0,10024.0,10045.0,,10024.09,,,354238,3544202686.0,56369,F1,1,,,,,
2026-10-05,2026-10-05,CM,NSE,STK,25162,INE0KCE01017,EUREKAFORB,EQ,,,,,EUREKA FORBES LIMITED,351.0,356.0,340.6,342.15,341.0,352.5,,342.15,,,354048,122964701.65,27439,F1,1,,,,,
2026-10-05,2026-10-05,CM,NSE,STK,13511,INE672B01032,MUNJALAU,EQ,,,,,MUNJAL AUTO IND. LTD.,105.9,106.88,103.65,105.56,105.7,104.07,,105.57,,,353413,37199729.55,4856,F1,1,,,,,
2026-10-05,2026-10-05,CM,NSE,STK,12022,INE132H01018,AURIONPRO,EQ,,,,,AURIONPRO SOLN LTD,607.8,640.0,595.0,598.5,595.5,607.8,,598.55,,,353216,217083215.3,23581,F1,1,,,,,
2026-10-05,2026-10-05,CM,NSE,STK,11654,INE600L01024,LALPATHLAB,EQ,,,,,DR. LAL PATH LABS LTD.,2005.9,2026.0,1960.0,1971.3,1969.0,2005.1,,1971.29,,,350211,693616765.4,43051,F1,1,,,,,
2026-10-05,2026-10-05,CM,NSE,STK,7390,INE07RO01027,SUPRIYA,EQ,,,,,SUPRIYA LIFESCIENCE LTD,938.65,944.95,882.2,899.55,902.0,931.0,,899.56,,,349024,313910020.95,22581,F1,1,,,,,
2026-10-05,2026-10-05,CM,NSE,STK,23864,INE108V01019,AWFIS,EQ,,,,,AWFIS SPACE SOLUTIONS LTD,235.0,244.0,234.5,235.59,234.56,235.26,,235.6,,,348755,82987031.79,15784,F1,1,,,,,
2026-10-05,2026-10-05,CM,NSE,STK,2202,INE831A01028,ONIDA,EQ,,,,,ONIDA ELECTRONICS LIMITED,31.35,32.13,30.5,31.06,30.65,31.34,,31.06,,,347326,10877407.24,3252,F1,1,,,,,
2026-10-05,2026-10-05,CM,NSE,STK,18341,INE0AE001013,VPRPL,EQ,,,,,VISHNU PRAKASH R PUNGLI L,28.45,29.17,28.45,28.78,28.6,28.39,,28.78,,,346485,9975980.73,1534,F1,1,,,,,
2026-10-05,2026-10-05,CM,NSE,STK,29472,INE004A01022,PROTEAN,EQ,,,,,PROTEAN EGOV TECHNO LTD,643.0,657.65,635.0,639.05,642.0,639.75,,639.05,,,346309,223628334.65,14946,F1,1,,,,,
2026-10-05,2026-10-05,CM,NSE,STK,4870,INE915B01019,INDSWFTLAB,EQ,,,,,IND SWIFT LABORATORIES LT,399.0,410.0,383.75,385.75,385.0,395.15,,385.63,,,346248,134938737.6,8599,F1,1,,,,,
2026-10-05,2026-10-05,CM,NSE,STK,28960,INE0U3I01011,UNIMECH,EQ,,,,,UNIMECH AEROSPACE N MFG L,1790.0,1850.2,1756.0,1845.1,1840.0,1773.0,,1844.73,,,344309,620429920.9,37538,F1,1,,,,,
2026-10-05,2026-10-05,CM,NSE,STK,25907,INE377N01017,WAAREEENER,EQ,,,,,WAAREE ENERGIES LIMITED,2352.0,2363.5,2323.7,2346.5,2346.5,2340.0,,2345.31,,,341571,800474084.3,26806,F1,1,,,,,
2026-10-05,2026-10-05,CM,NSE,STK,762680,INE225B01021,FERMENTA,EQ,,,,,FERMENTA BIOTECH LTD.,558.85,573.0,546.1,557.45,555.5,553.25,,557.36,,,341567,192269307.8,11799,F1,1,,,,,
2026-10-05,2026-10-05,CM,NSE,STK,100,INE885A01032,ARE&M,EQ,,,,,AMARA RAJA ENERGY MOB LTD,751.0,757.0,739.25,741.6,741.2,747.4,,741.56,,,338967,252753946.1,26002,F1,1,,,,,
2026-10-05,2026-10-05,CM,NSE,STK,24308,INE552Z01027,ABDL,EQ,,,,,ALLIED BLEND N DISTILS L,682.0,701.0,680.25,696.75,695.9,679.45,,696.74,,,337569,232710262.2,18879,F1,1,,,,,
2026-10-05,2026-10-05,CM,NSE,STK,18743,INE903U01023,SIGNATURE,EQ,,,,,SIGNATUREGLOBAL INDIA LTD,736.8,744.8,732.0,738.2,737.0,737.45,,738.19,,,337538,248681773.85,5930,F1,1,,,,,
2026-10-05,2026-10-05,CM,NSE,STK,29711,INE0SII01026,QPOWER,EQ,,,,,QUALITY POWER ELEC EQUP L,1569.8,1640.0,1569.8,1620.2,1624.0,1564.6,,1620.3,,,336640,546032620.4,18968,F1,1,,,,,
2026-10-05,2026-10-05,CM,NSE,STK,757658,INE771F01041,FISCHER,EQ,,,,,FISCHER MEDICAL VENTURE L,33.5,33.83,32.66,32.8,32.85,33.46,,32.8,,,335833,11092648.04,1421,F1,1,,,,,
2026-10-05,2026-10-05,CM,NSE,STK,17140,INE349Y01013,IDEAFORGE,EQ,,,,,IDEAFORGE TECHNO LTD,731.2,733.5,698.25,701.65,698.5,735.0,,701.57,,,334860,236353144.35,19258,F1,1,,,,,
2026-10-05,2026-10-05,CM,NSE,STK,29975,INF1J2R01015,AONETOTAL,EQ,,,,,AONEAMC - AONETOTAL,11.0,11.67,11.0,11.21,11.27,11.22,,11.21,,,334585,3763170.8,1694,F1,1,,,,,
2026-10-05,2026-10-05,CM,NSE,STK,5143,INE070D01027,JAICORPLTD,EQ,,,,,JAI CORP LIMITED,88.2,90.39,87.51,88.49,88.0,89.54,,88.45,,,333789,29569984.9,4813,F1,1,,,,,
2026-10-05,2026-10-05,CM,NSE,STK,762971,INE731F01037,WELSPLSOL,EQ,,,,,WELSPUN SPECIALTY SOL L,52.25,53.4,52.02,52.5,52.25,52.58,,52.5,,,332103,17446798.02,2314,F1,1,,,,,
2026-10-05,2026-10-05,CM,NSE,STK,3518,INE685A01028,TORNTPHARM,EQ,,,,,TORRENT PHARMACEUTICALS L,4767.3,4795.0,4710.0,4772.0,4772.0,4767.3,,4771.98,,,332068,1576066392.1,47171,F1,1,,,,,
2026-10-05,2026-10-05,CM,NSE,STK,759992,INF1J2R01148,AONETMMQ50,EQ,,,,,AONEAMC - AONETMMQ50,9.64,10.2,9.64,9.89,9.93,9.84,,9.89,,,330352,3263268.33,337,F1,1,,,,,
2026-10-05,2026-10-05,CM,NSE,STK,25403,INE0CJF01024,WCIL,EQ,,,,,WESTERN CARRIERS (IND) L,95.0,95.0,87.25,89.27,89.0,93.01,,89.24,,,330348,30042421.03,3286,F1,1,,,,,
2026-10-05,2026-10-05,CM,NSE,STK,25844,INE0V6F01027,HYUNDAI,EQ,,,,,HYUNDAI MOTOR INDIA LTD,2023.9,2031.5,1981.9,2000.0,2000.0,2024.0,,1999.93,,,328159,656818438.8,22696,F1,1,,,,,
2026-10-05,2026-10-05,CM,NSE,STK,10243,INE398R01022,SYNGENE,EQ,,,,,SYNGENE INTERNATIONAL LTD,361.0,364.45,355.55,357.4,356.85,361.3,,357.41,,,327748,117414704.9,18166,F1,1,,,,,
2026-10-05,2026-10-05,CM,NSE,STK,11618,INE386C01029,ASTRAMICRO,EQ,,,,,ASTRA MICROWAVE LTD,1634.2,1673.9,1628.1,1651.7,1647.0,1624.5,,1651.7,,,327119,541607698.6,26859,F1,1,,,,,
2026-10-05,2026-10-05,CM,NSE,STK,759876,INE12UR01024,UTLSOLAR,EQ,,,,,FUJIYAMA POWER SYSTEMS L,401.65,420.95,392.6,412.15,412.5,401.65,,412.14,,,326293,134357848.1,18667,F1,1,,,,,
2026-10-05,2026-10-05,CM,NSE,STK,25426,INE850M01015,NORTHARC,EQ,,,,,NORTHERN ARC CAPITAL LTD,292.7,295.0,288.4,289.45,289.35,288.7,,289.45,,,326239,95091857.8,7464,F1,1,,,,,
2026-10-05,2026-10-05,CM,NSE,STK,27839,INE570L01029,SAILIFE,EQ,,,,,SAI LIFE SCIENCES LIMITED,1549.5,1557.9,1501.0,1511.3,1506.0,1541.2,,1511.31,,,325814,494679110.7,40900,F1,1,,,,,
2026-10-05,2026-10-05,CM,NSE,STK,14418,INE006I01046,ASTRAL,EQ,,,,,ASTRAL LIMITED,1349.0,1367.2,1339.4,1362.1,1362.1,1344.0,,1362.03,,,325806,441756098.4,32212,F1,1,,,,,
2026-10-05,2026-10-05,CM,NSE,STK,2837,INE625B01014,RANASUG,EQ,,,,,RANA SUGARS LTD.,13.1,13.69,13.1,13.62,13.69,13.08,,13.62,,,325768,4415733.28,704,F1,1,,,,,
2026-10-05,2026-10-05,CM,NSE,STK,15184,INE791I01019,BRIGADE,EQ,,,,,BRIGADE ENTER. LTD,571.0,583.4,561.1,571.6,573.9,569.55,,571.6,,,324478,185069135.0,22062,F1,1,,,,,
2026-10-05,2026-10-05,CM,NSE,STK,13643,INE205B01031,ELECON,EQ,,,,,ELECON ENG. CO. LTD,442.95,449.9,437.75,446.35,445.95,440.0,,446.32,,,323898,143707952.05,15916,F1,1,,,,,
2026-10-05,2026-10-05,CM,NSE,STK,1708,INE571B01036,JAYBARMARU,EQ,,,,,JAY BHARAT MARUTI LTD,133.0,133.0,127.1,127.98,128.0,130.8,,127.98,,,323573,41871946.03,5507,F1,1,,,,,
2026-10-05,2026-10-05,CM,NSE,STK,14853,INE800H01010,OMAXE,EQ,,,,,OMAXE LIMITED,109.5,110.25,105.99,107.43,106.0,108.78,,107.44,,,322612,34770943.3,5220,F1,1,,,,,
2026-10-05,2026-10-05,CM,NSE,STK,760433,INE987S01020,KSHINTL,EQ,,,,,KSH INTERNATIONAL LIMITED,1031.6,1079.5,1027.3,1036.7,1037.8,1028.2,,1036.57,,,320170,336737082.6,24540,F1,1,,,,,
2026-10-05,2026-10-05,CM,NSE,STK,13072,INE489L01022,IIFLCAPS,EQ,,,,,IIFL CAPITAL SERVICES LTD,346.9,346.9,341.55,345.2,346.0,345.6,,345.2,,,319157,110131938.85,5033,F1,1,,,,,
2026-10-05,2026-10-05,CM,NSE,STK,29087,INE0LRY01011,QUADFUTURE,EQ,,,,,QUADRANT FUTURE TEK LTD,536.0,546.95,524.0,529.25,531.0,531.4,,529.3,,,319071,170694976.15,12801,F1,1,,,,,
2026-10-05,2026-10-05,CM,NSE,STK,1162,INE043A01012,GTL,EQ,,,,,GTL LTD,6.82,7.03,6.71,6.75,6.73,6.82,,6.75,,,315509,2145859.53,635,F1,1,,,,,
2026-10-05,2026-10-05,CM,NSE,STK,27353,INE0OJW01016,ROSSTECH,EQ,,,,,ROSSELL TECHSYS LIMITED,1525.0,1624.9,1508.7,1607.2,1595.0,1522.3,,1607.26,,,314638,493074745.8,27116,F1,1,,,,,
2026-10-05,2026-10-05,CM,NSE,STK,11532,INE481G01011,ULTRACEMCO,EQ,,,,,ULTRATECH CEMENT LIMITED,10736.0,10940.0,10731.0,10850.0,10850.0,10710.0,,10850.05,,,314538,3420359092.0,37017,F1,1,,,,,
2026-10-05,2026-10-05,CM,NSE,STK,8736,INE859A01011,PNBGILTS,EQ,,,,,PNB GILTS LIMITED,72.0,73.85,71.3,71.72,71.38,71.63,,71.73,,,311935,22614666.55,3183,F1,1,,,,,
2026-10-05,2026-10-05,CM,NSE,STK,11677,INE873D01024,INDOCO,EQ,,,,,INDOCO REMEDIES LTD.,252.0,255.65,244.1,246.8,246.5,251.75,,246.81,,,311539,77284041.15,8692,F1,1,,,,,
2026-10-05,2026-10-05,CM,NSE,STK,17722,INE947J01015,DEN,EQ,,,,,DEN NETWORKS LTD,25.69,26.05,25.41,25.71,25.9,25.41,,25.7,,,310933,8018479.23,1311,F1,1,,,,,
2026-10-05,2026-10-05,CM,NSE,STK,15058,INE0LCL01028,AVALON,EQ,,,,,AVALON TECHNOLOGIES LTD,2280.2,2339.0,2242.0,2256.3,2280.0,2280.2,,2256.21,,,310553,706991273.6,31715,F1,1,,,,,
2026-10-05,2026-10-05,CM,NSE,STK,625,INE055A01016,ABREL,EQ,,,,,ADITYA BIRLA REAL EST LTD,1110.4,1131.1,1079.0,1082.6,1079.0,1100.5,,1082.62,,,310042,339197019.1,25433,F1,1,,,,,
2026-10-05,2026-10-05,CM,NSE,STK,7200,INE217L01019,SHRIRAMPPS,EQ,,,,,SHRIRAM PROPERTIES LTD,67.45,68.34,66.4,67.52,67.8,67.36,,67.52,,,309049,20831000.7,3274,F1,1,,,,,
2026-10-05,2026-10-05,CM,NSE,STK,757772,INE756I01012,HDBFS,EQ,,,,,HDB FINANCIAL SERVICES L,622.1,625.6,615.15,622.55,623.0,618.2,,622.56,,,308905,191759803.1,29087,F1,1,,,,,
2026-10-05,2026-10-05,CM,NSE,STK,760204,INE0FW001016,MARKOLINES,EQ,,,,,MARKOLINES PAVEMENT TEC L,169.76,173.0,167.45,169.29,169.0,167.26,,169.28,,,308259,52543320.54,1947,F1,1,,,,,
2026-10-05,2026-10-05,CM,NSE,STK,5926,INE306R01017,INTELLECT,EQ,,,,,INTELLECT DESIGN ARENA,619.0,619.0,593.65,600.2,601.0,610.95,,600.22,,,306571,184882808.3,26007,F1,1,,,,,
2026-10-05,2026-10-05,CM,NSE,STK,7177,INE0CLI01024,RATEGAIN,EQ,,,,,RATEGAIN TRAVEL TECHN LTD,840.65,858.5,835.2,849.45,846.0,840.65,,849.45,,,304666,258699834.85,23158,F1,1,,,,,
2026-10-05,2026-10-05,CM,NSE,STK,3481,INE332A01027,THOMASCOOK,EQ,,,,,THOMAS COOK (INDIA) LTD,100.7,101.95,99.21,99.61,99.85,100.7,,99.61,,,303908,30475448.17,4886,F1,1,,,,,
2026-10-05,2026-10-05,CM,NSE,STK,11233,INE495B01038,SUVEN,EQ,,,,,SUVEN LIFE SCIENCES LTD,309.0,316.0,305.2,306.3,305.4,308.3,,306.28,,,303251,93351349.45,11980,F1,1,,,,,
2026-10-05,2026-10-05,CM,NSE,STK,11927,INE023H01027,NECLIFE,EQ,,,,,NECTAR LIFESCIENCES LTD.,10.43,10.58,10.18,10.48,10.49,10.23,,10.48,,,302353,3157835.06,357,F1,1,,,,,
2026-10-05,2026-10-05,CM,NSE,STK,4014,INE725A01030,NAVA,EQ,,,,,NAVA LIMITED,555.0,564.85,552.0,556.7,559.15,552.5,,556.68,,,302296,168452794.3,19579,F1,1,,,,,
2026-10-05,2026-10-05,CM,NSE,STK,937,INE285A01027,ELGIEQUIP,EQ,,,,,ELGI EQUIPMENTS LTD,585.4,594.7,582.5,591.2,587.7,584.65,,591.2,,,301097,177489236.25,28731,F1,1,,,,,
2026-10-05,2026-10-05,CM,NSE,STK,6018,INE404A01024,ABSLAMC,EQ,,,,,ADIT BIRL SUN LIF AMC LTD,985.0,1043.6,971.1,1028.55,1026.0,991.7,,1028.51,,,300672,307259781.9,32218,F1,1,,,,,
2026-10-05,2026-10-05,CM,NSE,STK,20607,INE616N01034,INOXINDIA,EQ,,,,,INOX INDIA LIMITED,2170.0,2202.2,2074.9,2089.1,2097.6,2168.3,,2089.09,,,300602,638026145.8,38139,F1,1,,,,,
2026-10-05,2026-10-05,CM,NSE,STK,5751,INE953O01021,SANSERA,EQ,,,,,SANSERA ENGINEERING LTD,4282.5,4348.0,4212.7,4291.3,4266.0,4276.6,,4291.43,,,300321,1288973031.1,46322,F1,1,,,,,
2026-10-05,2026-10-05,CM,NSE,STK,19686,INE0KBH01020,BLUEJET,EQ,,,,,BLUE JET HEALTHCARE LTD,546.8,546.8,528.8,531.5,532.5,541.8,,531.47,,,300308,160807647.9,19281,F1,1,,,,,
2026-10-05,2026-10-05,CM,NSE,STK,136,INE715B01021,ANDHRSUGAR,EQ,,,,,ANDHRA SUGARS LTD,92.58,94.16,91.0,91.95,92.15,91.06,,91.95,,,300289,27706273.69,5000,F1,1,,,,,
2026-10-05,2026-10-05,CM,NSE,STK,13598,INE818A01017,ANTELOPUS,EQ,,,,,ANTELOPUS SELAN ENRGY LTD,1113.9,1143.8,1092.0,1103.4,1103.7,1106.5,,1103.33,,,299917,334591514.5,21089,F1,1,,,,,
2026-10-05,2026-10-05,CM,NSE,STK,2816,INE613A01020,RALLIS,EQ,,,,,RALLIS INDIA LTD,200.0,200.88,197.0,197.16,197.1,199.69,,197.16,,,299393,59318192.51,10099,F1,1,,,,,
2026-10-05,2026-10-05,CM,NSE,STK,10227,INE00VM01036,MANORAMA,EQ,,,,,MANORAMA INDUSTRIES LTD,1880.3,1959.0,1879.9,1944.9,1946.0,1880.3,,1944.9,,,299321,577951516.6,32915,F1,1,,,,,
2026-10-05,2026-10-05,CM,NSE,STK,11538,INF179KC1HV6,HDFCMOMENT,EQ,,,,,HDFCAMC - HDFCMOMENT,30.37,30.37,29.5,29.71,29.72,30.11,,29.71,,,298269,8873863.16,1481,F1,1,,,,,
2026-10-05,2026-10-05,CM,NSE,STK,1174,INE113A01013,GNFC,EQ,,,,,GUJ NAR VAL FER & CHEM L,589.95,600.95,581.9,586.3,583.1,589.15,,586.31,,,297893,175628896.25,15722,F1,1,,,,,
2026-10-05,2026-10-05,CM,NSE,STK,23056,INE0MB501011,JGCHEM,EQ,,,,,J.G.CHEMICALS LIMITED,610.9,628.75,605.0,609.65,611.0,610.3,,609.64,,,297878,183206433.6,11017,F1,1,,,,,
2026-10-05,2026-10-05,CM,NSE,STK,3646,INE835A01029,VARDMNPOLY,EQ,,,,,VARDHMAN POLYTEX LTD.,5.6,5.75,5.48,5.55,5.59,5.7,,5.56,,,297132,1650332.49,552,F1,1,,,,,
2026-10-05,2026-10-05,CM,NSE,STK,20906,INE619I01012,A2ZINFRA,EQ,,,,,A2Z INFRA ENGINEERING LTD,14.4,14.88,13.67,13.76,13.67,14.38,,13.77,,,295238,4183800.89,1945,F1,1,,,,,
2026-10-05,2026-10-05,CM,NSE,STK,15129,INE722H01024,RGL,EQ,,,,,RENAISSANCE GLOBAL LTD,161.7,165.21,160.0,161.52,160.1,162.5,,161.52,,,294768,47967873.76,6401,F1,1,,,,,
2026-10-05,2026-10-05,CM,NSE,STK,27079,INE127T01021,KPEL,EQ,,,,,K.P. ENERGY LIMITED,217.2,222.37,211.12,213.74,213.8,218.0,,213.79,,,293880,63367659.56,7903,F1,1,,,,,
2026-10-05,2026-10-05,CM,NSE,STK,763753,INE0ZK601013,CSM,EQ,,,,,CSM TECHNOLOGIES LIMITED,93.78,95.0,92.33,93.68,94.25,94.25,,93.68,,,293230,27461562.28,1753,F1,1,,,,,
2026-10-05,2026-10-05,CM,NSE,STK,21406,INE349W01017,AVADHSUGAR,EQ,,,,,AVADH SUG & ENERGY LTD,776.05,841.05,776.05,840.35,841.05,764.6,,840.9,,,292584,240126841.8,14769,F1,1,,,,,
2026-10-05,2026-10-05,CM,NSE,STK,29452,INE943P01029,AGARWALEYE,EQ,,,,,DR AGARWALS HEALTH CARE L,490.2,492.0,475.3,484.25,483.85,486.45,,484.24,,,292496,141030299.7,15583,F1,1,,,,,
2026-10-05,2026-10-05,CM,NSE,STK,757885,INE0CZ201020,ANTHEM,EQ,,,,,ANTHEM BIOSCIENCES LTD,855.95,858.85,840.6,851.9,850.5,855.75,,851.9,,,292397,248729303.05,21858,F1,1,,,,,
2026-10-05,2026-10-05,CM,NSE,STK,11411,INE399G01023,RKFORGE,EQ,,,,,RAMKRISHNA FORGINGS LTD,695.45,704.05,692.0,700.45,700.1,695.45,,700.43,,,291847,203874684.0,17834,F1,1,,,,,
2026-10-05,2026-10-05,CM,NSE,STK,17105,INE258G01013,SUMICHEM,EQ,,,,,SUMITOMO CHEM INDIA LTD,418.45,428.4,411.15,414.7,411.55,417.6,,414.7,,,290766,121021553.3,19904,F1,1,,,,,
2026-10-05,2026-10-05,CM,NSE,STK,3672,INE624Z01016,SOLARA,EQ,,,,,SOLARA ACTIVE PHA SCI LTD,720.0,724.8,673.1,676.9,680.0,714.85,,676.89,,,290504,199171456.35,13583,F1,1,,,,,
2026-10-05,2026-10-05,CM,NSE,STK,759093,INE1B3L01017,SHRINGARMS,EQ,,,,,SHRINGAR HOU OF MANGALS L,222.85,223.28,218.11,219.36,220.5,221.31,,219.36,,,290081,63849691.76,3695,F1,1,,,,,
2026-10-05,2026-10-05,CM,NSE,STK,14501,INE050E01027,BALAMINES,EQ,,,,,BALAJI AMINES LIMITED,2052.0,2075.0,1936.0,1957.8,1961.0,2052.2,,1957.79,,,289399,571089891.3,33407,F1,1,,,,,
2026-10-05,2026-10-05,CM,NSE,STK,31163,INE743M01012,RHIM,EQ,,,,,RHI MAGNESITA INDIA LTD,384.85,387.45,371.65,372.75,372.5,384.85,,372.75,,,289249,109398211.4,12378,F1,1,,,,,
2026-10-05,2026-10-05,CM,NSE,STK,10417,INE600Y01019,DYCL,EQ,,,,,DYNAMIC CABLES LIMITED,431.9,452.0,430.0,434.85,437.2,428.0,,434.87,,,288948,127185380.5,10651,F1,1,,,,,
2026-10-05,2026-10-05,CM,NSE,STK,766016,INE455U01024,PRASOLCHEM,EQ,,,,,PRASOL CHEMICALS LIMITED,822.7,827.25,782.15,789.05,795.0,814.05,,789.13,,,288218,230138609.95,15426,F1,1,,,,,
2026-10-05,2026-10-05,CM,NSE,STK,13587,INE731H01025,ACE,EQ,,,,,ACTION CONST EQUIP LTD,1210.0,1243.4,1203.0,1227.5,1227.2,1212.3,,1227.49,,,287382,353086478.5,29702,F1,1,,,,,
2026-10-05,2026-10-05,CM,NSE,STK,23127,INE0PB301013,SCILAL,EQ,,,,,SHIPPING CORP OF ILA LTD,37.0,37.49,36.26,37.26,37.3,36.65,,37.26,,,287269,10628155.0,4141,F1,1,,,,,
2026-10-05,2026-10-05,CM,NSE,STK,24596,INE206N01018,RELTD,EQ,,,,,RAVINDRA ENERGY LIMITED,147.01,148.39,138.5,144.18,143.99,146.98,,144.18,,,285987,40859174.89,4566,F1,1,,,,,
2026-10-05,2026-10-05,CM,NSE,STK,1521,INE560A01023,INDIAGLYCO,EQ,,,,,INDIA GLYCOLS LTD,300.0,307.8,296.05,303.35,303.0,298.8,,303.34,,,285941,86752922.6,8985,F1,1,,,,,
2026-10-05,2026-10-05,CM,NSE,STK,1041,INE183A01024,FINPIPE,EQ,,,,,FINOLEX INDUSTRIES LTD,150.98,151.56,148.1,149.31,149.0,150.49,,149.34,,,284792,42531163.0,11652,F1,1,,,,,
2026-10-05,2026-10-05,CM,NSE,STK,1403,INE345A01011,HINDOILEXP,EQ,,,,,HINDUSTAN OIL EXPLORATION,168.19,170.45,164.15,164.87,164.3,167.31,,164.87,,,283729,47180789.97,6929,F1,1,,,,,
2026-10-05,2026-10-05,CM,NSE,STK,19196,INE133E01013,TI,EQ,,,,,TILAKNAGAR INDUSTRIES LTD,543.0,553.15,538.0,540.35,541.4,542.55,,540.37,,,282972,154313805.7,15410,F1,1,,,,,
2026-10-05,2026-10-05,CM,NSE,STK,29527,INF666M01JJ6,GROWWRAIL,EQ,,,,,GROWWAMC - GROWWRAIL,25.96,26.41,25.83,26.08,26.35,26.1,,26.08,,,282725,7373027.3,3270,F1,1,,,,,
2026-10-05,2026-10-05,CM,NSE,STK,25328,INE901L01018,APLLTD,EQ,,,,,ALEMBIC PHARMA LTD,815.25,836.8,812.2,831.25,832.0,815.25,,831.25,,,282527,233970469.8,38104,F1,1,,,,,
2026-10-05,2026-10-05,CM,NSE,STK,3162,INE059B01024,SIMPLEXINF,EQ,,,,,SIMPLEX INFRASTRUCTURES L,254.9,263.0,248.11,249.61,250.0,245.01,,249.6,,,280280,71468276.52,6505,F1,1,,,,,
2026-10-05,2026-10-05,CM,NSE,STK,3496,INE338A01024,TIRUMALCHM,EQ,,,,,THIRUMALAI CHEMICALS LTD,146.2,150.09,141.4,143.35,144.0,146.26,,143.35,,,279997,40512062.1,5135,F1,1,,,,,
2026-10-05,2026-10-05,CM,NSE,STK,757096,INF1J2R01064,AONENIFTY,EQ,,,,,AONEAMC - AONENIFTY,9.31,9.55,9.17,9.31,9.36,9.36,,9.31,,,279668,2608482.95,2038,F1,1,,,,,
2026-10-05,2026-10-05,CM,NSE,STK,13147,INE191H01014,PVRINOX,EQ,,,,,PVR INOX LIMITED,1236.8,1249.9,1216.0,1231.4,1230.0,1215.3,,1231.36,,,279083,343549204.8,24130,F1,1,,,,,
2026-10-05,2026-10-05,CM,NSE,STK,757478,INE090501011,SCODATUBES,EQ,,,,,SCODA TUBES LIMITED,123.0,127.9,120.98,124.62,124.0,123.0,,124.62,,,278884,34502331.11,3286,F1,1,,,,,
2026-10-05,2026-10-05,CM,NSE,STK,759311,INE218I01013,CRAMC,EQ,,,,,CANARA ROBECO AMC LIMITED,219.0,224.0,218.69,220.23,220.88,216.52,,220.23,,,278457,61574967.21,6499,F1,1,,,,,
2026-10-05,2026-10-05,CM,NSE,STK,756802,INE0BYP01024,OSWALPUMPS,EQ,,,,,OSWAL PUMPS LIMITED,265.0,268.45,261.6,265.1,263.85,264.25,,265.1,,,278244,73692068.65,6250,F1,1,,,,,
2026-10-05,2026-10-05,CM,NSE,STK,759880,INE19RI01016,TENNIND,EQ,,,,,TENNECO CLEAN AIR INDIA L,499.95,499.95,485.4,487.0,487.0,495.4,,487.0,,,277605,136567309.2,27300,F1,1,,,,,
2026-10-05,2026-10-05,CM,NSE,STK,3403,INE820Y01021,AJOONI,EQ,,,,,AJOONI BIOTECH LIMITED,3.1,3.12,3.0,3.02,3.09,3.1,,3.02,,,277384,850077.52,531,F1,1,,,,,
2026-10-05,2026-10-05,CM,NSE,STK,15146,INE668F01031,JYOTHYLAB,EQ,,,,,JYOTHY LABS LIMITED,182.91,183.17,180.0,180.93,180.88,182.91,,180.93,,,276917,50170537.17,15987,F1,1,,,,,
2026-10-05,2026-10-05,CM,NSE,STK,18214,INE141K01013,TEXMOPIPES,EQ,,,,,TEXMO PIPE & PRODUCTS LTD,53.7,55.0,50.15,50.37,50.9,53.7,,50.37,,,276688,14198000.34,3424,F1,1,,,,,
2026-10-05,2026-10-05,CM,NSE,STK,13310,INE878B01027,KEI,EQ,,,,,KEI INDUSTRIES LTD.,4539.0,4652.8,4510.0,4638.2,4638.2,4502.0,,4638.07,,,275897,1275971691.9,24943,F1,1,,,,,
2026-10-05,2026-10-05,CM,NSE,STK,20534,INE024L01027,GRAVITA,EQ,,,,,GRAVITA INDIA LIMITED,1412.6,1440.8,1403.6,1423.5,1427.7,1412.6,,1423.5,,,275082,391627810.7,31494,F1,1,,,,,
2026-10-05,2026-10-05,CM,NSE,STK,5578,INE00FF01025,ACUTAAS,EQ,,,,,ACUTAAS CHEMICALS LIMITED,3204.1,3228.1,3100.2,3122.2,3134.0,3196.5,,3122.11,,,274682,862510433.7,45529,F1,1,,,,,
2026-10-05,2026-10-05,CM,NSE,STK,13810,INE08ZM01014,GREENPANEL,EQ,,,,,GREENPANEL INDUSTRIES LTD,158.4,161.2,156.23,159.06,160.0,158.59,,159.05,,,272774,43385464.3,4376,F1,1,,,,,
2026-10-05,2026-10-05,CM,NSE,STK,28888,INE0RB801010,SENORES,EQ,,,,,SENORES PHARMACEUTICALS L,1355.0,1375.0,1300.1,1321.2,1315.0,1349.6,,1321.25,,,272680,360637088.5,27058,F1,1,,,,,
2026-10-05,2026-10-05,CM,NSE,STK,30893,INE00WV01027,CMRGREEN,EQ,,,,,CMR GREEN TECHNOLOGIES L,224.57,225.6,220.1,221.48,220.5,223.38,,221.47,,,272408,60767851.92,8127,F1,1,,,,,
2026-10-05,2026-10-05,CM,NSE,STK,11778,INE887G01027,GOKEX,EQ,,,,,GOKALDAS EXPORTS LTD.,688.75,693.8,663.05,672.3,671.6,688.75,,672.29,,,269843,181662998.8,20129,F1,1,,,,,
2026-10-05,2026-10-05,CM,NSE,STK,595,INE120A01034,CARBORUNIV,EQ,,,,,CARBORUNDUM UNIVERSAL LTD,1241.0,1280.1,1230.7,1267.6,1270.0,1239.7,,1267.59,,,269403,338311490.0,28730,F1,1,,,,,
2026-10-05,2026-10-05,CM,NSE,STK,22670,INE0J1F01024,RPTECH,EQ,,,,,RASHI PERIPHERALS LIMITED,963.5,978.0,935.1,943.45,937.0,953.15,,943.46,,,268559,255402481.5,20435,F1,1,,,,,
2026-10-05,2026-10-05,CM,NSE,STK,2627,INF174KA1GC5,IT,EQ,,,,,KOTAKMAMC - KOTAKIT,31.77,32.37,31.15,31.32,31.21,31.15,,31.32,,,268438,8442820.17,1306,F1,1,,,,,
2026-10-05,2026-10-05,CM,NSE,STK,1581,INE0EK901012,TARC,EQ,,,,,TARC LIMITED,125.21,126.99,122.4,122.84,123.13,125.58,,122.83,,,267733,33437281.44,2349,F1,1,,,,,
2026-10-05,2026-10-05,CM,NSE,STK,28859,INE195N01013,PROZONER,EQ,,,,,PROZONE REALTY LIMITED,53.0,53.69,49.52,50.54,50.4,52.53,,50.53,,,267154,13523126.72,2644,F1,1,,,,,
2026-10-05,2026-10-05,CM,NSE,STK,5407,INE290S01011,CARTRADE,EQ,,,,,CARTRADE TECH LIMITED,2806.0,2950.0,2804.2,2935.4,2944.2,2806.6,,2935.4,,,267054,777905295.4,30436,F1,1,,,,,
2026-10-05,2026-10-05,CM,NSE,STK,764748,INE879K01018,KMCSHIL,EQ,,,,,K M C SPECIALITY HOSP I L,172.58,175.55,166.15,169.38,168.7,171.94,,169.38,,,266436,45257876.34,6624,F1,1,,,,,
2026-10-05,2026-10-05,CM,NSE,STK,758986,INE199P01028,GCSL,EQ,,,,,GRETEX CORPORATE SERVICES,680.25,688.5,674.6,681.75,683.8,679.9,,681.79,,,266383,181170065.1,4863,F1,1,,,,,
2026-10-05,2026-10-05,CM,NSE,STK,762239,INE713R01022,GSPCROP,EQ,,,,,GSP CROP SCIENCE LIMITED,452.1,472.2,452.1,457.4,459.5,454.35,,457.43,,,265067,122490446.1,5034,F1,1,,,,,
2026-10-05,2026-10-05,CM,NSE,STK,9581,INE112L01020,METROPOLIS,EQ,,,,,METROPOLIS HEALTHCARE LTD,534.85,559.5,532.0,553.6,559.0,537.9,,553.67,,,264357,144709100.3,19940,F1,1,,,,,
2026-10-05,2026-10-05,CM,NSE,STK,1232,INE047A01021,GRASIM,EQ,,,,,GRASIM INDUSTRIES LTD,2968.0,3024.0,2961.5,2972.0,2972.0,2962.0,,2972.02,,,263562,785727719.2,25337,F1,1,,,,,
2026-10-05,2026-10-05,CM,NSE,STK,17704,INE615P01015,QUESS,EQ,,,,,QUESS CORP LIMITED,337.6,345.95,335.1,341.85,342.9,336.2,,341.86,,,262863,89568926.5,17608,F1,1,,,,,
2026-10-05,2026-10-05,CM,NSE,STK,759780,INF769K01PR2,ENERGY,EQ,,,,,MIRAEAMC - ENERGY,37.14,37.27,36.71,36.83,36.83,36.75,,36.82,,,262728,9701966.12,1194,F1,1,,,,,
2026-10-05,2026-10-05,CM,NSE,STK,7105,INE011K01018,TEGA,EQ,,,,,TEGA INDUSTRIES LIMITED,2119.5,2131.7,2020.0,2064.1,2066.0,2093.4,,2064.0,,,261410,540716075.5,24467,F1,1,,,,,
2026-10-05,2026-10-05,CM,NSE,STK,11794,INE667G01023,SAKSOFT,EQ,,,,,SAKSOFT LIMITED,139.65,144.0,138.56,140.72,142.0,139.33,,140.72,,,259830,36586446.11,5437,F1,1,,,,,
2026-10-05,2026-10-05,CM,NSE,STK,2972,INE142Z01019,ORIENTELEC,EQ,,,,,ORIENT ELECTRIC LIMITED,155.8,160.99,151.65,157.71,157.65,154.46,,157.68,,,258174,40831156.43,5331,F1,1,,,,,
2026-10-05,2026-10-05,CM,NSE,STK,19401,INE02PY01013,BOROLTD,EQ,,,,,BOROSIL LIMITED,287.0,294.4,277.05,278.35,278.6,280.2,,278.35,,,257448,72748160.4,6174,F1,1,,,,,
2026-10-05,2026-10-05,CM,NSE,STK,1621,INE672A01026,TATAINVEST,EQ,,,,,TATA INVESTMENT CORP LTD,618.05,628.4,614.0,621.75,622.05,615.05,,621.72,,,257410,159891635.9,17334,F1,1,,,,,
2026-10-05,2026-10-05,CM,NSE,STK,19015,INE0KNT01012,MVGJL,EQ,,,,,MANOJ VAIBHAV GEM N JEW L,212.94,216.99,200.4,204.36,207.0,206.69,,204.33,,,257200,53157103.7,6468,F1,1,,,,,
2026-10-05,2026-10-05,CM,NSE,STK,761439,INE313L01016,RSL,EQ,,,,,RAJPUTANA STAINLESS LTD,175.51,183.87,174.75,175.57,175.99,174.43,,175.55,,,256813,45854310.01,4174,F1,1,,,,,
2026-10-05,2026-10-05,CM,NSE,STK,758858,INE819V01029,CPPLUS,EQ,,,,,ADITYA INFOTECH LIMITED,3858.2,3989.5,3833.5,3989.5,3989.5,3799.6,,3989.5,,,255914,1010325391.1,19621,F1,1,,,,,
2026-10-05,2026-10-05,CM,NSE,STK,9436,INE555B01013,AXISCADES,EQ,,,,,AXISCADES TECH LTD,2324.0,2360.0,2252.0,2282.3,2280.0,2307.3,,2282.3,,,255708,588379936.4,31115,F1,1,,,,,
2026-10-05,2026-10-05,CM,NSE,STK,23729,INE883F01010,AADHARHFC,EQ,,,,,AADHAR HOUSING FINANCE L,450.95,455.7,449.05,453.7,453.6,448.4,,453.66,,,255416,115369433.45,16741,F1,1,,,,,
2026-10-05,2026-10-05,CM,NSE,STK,701,INE0AJG01018,HEMIPROP,EQ,,,,,HEMISPHERE PROP IND LTD,112.0,113.25,110.21,111.53,111.5,111.5,,111.53,,,255376,28488586.91,4089,F1,1,,,,,
2026-10-05,2026-10-05,CM,NSE,STK,3965,INE474C01023,REMSONSIND,EQ,,,,,REMSONS INDUSTRIES LTD,114.8,116.55,108.37,109.71,109.25,112.55,,109.69,,,254135,28572383.49,3565,F1,1,,,,,
2026-10-05,2026-10-05,CM,NSE,STK,9049,INE535D01037,ROTO,EQ,,,,,ROTO PUMPS LIMITED,62.89,63.94,61.81,62.26,62.06,62.66,,62.26,,,252108,15798098.34,2376,F1,1,,,,,
2026-10-05,2026-10-05,CM,NSE,STK,14480,INE314T01033,GOKULAGRO,EQ,,,,,GOKUL AGRO RESOURCES LTD,210.1,211.89,204.1,205.27,207.29,210.1,,205.27,,,251467,52054179.24,9123,F1,1,,,,,
2026-10-05,2026-10-05,CM,NSE,STK,477,INE800A01015,BIRLACABLE,EQ,,,,,BIRLA CABLE LIMITED,389.7,391.0,372.1,376.65,376.8,383.0,,376.64,,,249466,94654318.9,7823,F1,1,,,,,
2026-10-05,2026-10-05,CM,NSE,STK,1186,INE068V01023,GLAND,EQ,,,,,GLAND PHARMA LIMITED,2890.0,2920.0,2863.1,2911.5,2900.1,2874.4,,2911.58,,,248980,721167255.3,38827,F1,1,,,,,
2026-10-05,2026-10-05,CM,NSE,STK,13753,INE784W01015,MANOMAY,EQ,,,,,MANOMAY TEX INDIA LTD,240.0,245.0,233.0,237.09,235.0,240.08,,237.09,,,248015,58910738.37,9502,F1,1,,,,,
2026-10-05,2026-10-05,CM,NSE,STK,764808,INE173M01012,ONIXSOLAR,EQ,,,,,ONIX SOLAR ENERGY LTD.,340.0,344.85,322.75,334.6,332.9,339.7,,335.37,,,247853,82644141.7,2333,F1,1,,,,,
2026-10-05,2026-10-05,CM,NSE,STK,19937,INE729D01010,KILITCH,EQ,,,,,KILITCH DRUGS INDIA LTD,229.0,248.3,220.0,233.74,232.05,218.51,,233.71,,,246614,58021080.75,4940,F1,1,,,,,
2026-10-05,2026-10-05,CM,NSE,STK,9668,INE475B01022,HIKAL,EQ,,,,,HIKAL LIMITED,218.0,221.35,213.28,214.45,215.0,218.14,,214.45,,,244700,53003512.47,5764,F1,1,,,,,
2026-10-05,2026-10-05,CM,NSE,STK,765936,INE1FCO01014,MOMSBELIEF,EQ,,,,,RAYS OF BELIEF LIMITED,227.0,237.0,220.0,228.74,227.0,226.92,,228.73,,,244611,55659348.45,3694,F1,1,,,,,
2026-10-05,2026-10-05,CM,NSE,STK,11027,INE344S01016,INFOBEAN,EQ,,,,,INFOBEANS TECHNO. LTD.,144.22,151.69,144.22,148.08,148.8,143.58,,148.12,,,244306,36196923.0,3680,F1,1,,,,,
2026-10-05,2026-10-05,CM,NSE,STK,25800,INE0JVO01026,GARUDA,EQ,,,,,GARUDA CONSTRUCT N ENG L,173.7,174.35,170.07,171.1,170.81,172.18,,171.11,,,243120,41781974.97,4630,F1,1,,,,,
2026-10-05,2026-10-05,CM,NSE,STK,22463,INE0G5901015,EPACK,EQ,,,,,EPACK DURABLE LIMITED,173.75,173.99,167.36,168.13,168.0,171.59,,168.13,,,242301,41131866.16,4742,F1,1,,,,,
2026-10-05,2026-10-05,CM,NSE,STK,1196,INE531A01024,KANSAINER,EQ,,,,,KANSAI NEROLAC PAINTS LTD,175.4,177.59,175.17,176.97,177.0,175.27,,176.97,,,241586,42693066.34,9597,F1,1,,,,,
2026-10-05,2026-10-05,CM,NSE,STK,3149,INE666D01022,BORORENEW,EQ,,,,,BOROSIL RENEWABLES LTD,455.9,458.9,440.5,442.7,444.8,449.6,,442.69,,,241002,107318554.35,18424,F1,1,,,,,
2026-10-05,2026-10-05,CM,NSE,STK,756015,INE345H01024,CIFL,EQ,,,,,CAPITAL INDIA FINANCE LTD,20.7,21.15,20.4,20.49,20.49,20.76,,20.52,,,240278,4940762.31,1762,F1,1,,,,,
2026-10-05,2026-10-05,CM,NSE,STK,7862,INE878A01011,GVPIL,EQ,,,,,GE POWER INDIA LIMITED,699.8,713.0,690.0,704.35,705.05,679.5,,704.35,,,239782,168616185.4,11090,F1,1,,,,,
2026-10-05,2026-10-05,CM,NSE,STK,17859,INE0LXT01019,REDTAPE,EQ,,,,,REDTAPE LIMITED,115.2,115.9,113.34,113.85,113.4,115.29,,113.85,,,239207,27360692.52,4678,F1,1,,,,,
2026-10-05,2026-10-05,CM,NSE,STK,6711,INE050B01023,IVC,EQ,,,,,IL&FS INVESTMENT MANAGERS,8.05,8.18,7.8,7.85,7.89,7.81,,7.85,,,238985,1906567.05,1263,F1,1,,,,,
2026-10-05,2026-10-05,CM,NSE,STK,3252,INE147A01011,SPIC,EQ,,,,,SPIC LTD,62.05,63.72,61.44,62.19,62.0,62.23,,62.21,,,238526,14848688.11,2629,F1,1,,,,,
2026-10-05,2026-10-05,CM,NSE,STK,25672,INE184O01015,DIFFNKG,EQ,,,,,DIFFUSION ENGINEERS LTD,469.9,477.9,447.6,451.25,449.6,464.4,,451.29,,,237686,110202268.1,11607,F1,1,,,,,
2026-10-05,2026-10-05,CM,NSE,STK,13491,INE786A01032,JKLAKSHMI,EQ,,,,,JK LAKSHMI CEMENT LTD,477.0,481.3,465.0,466.8,467.0,476.6,,466.82,,,237436,111509154.8,17051,F1,1,,,,,
2026-10-05,2026-10-05,CM,NSE,STK,3411,INE670A01012,TATAELXSI,EQ,,,,,TATA ELXSI LIMITED,3130.5,3148.4,3070.1,3105.0,3105.0,3092.8,,3102.83,,,237392,736506929.2,29801,F1,1,,,,,
2026-10-05,2026-10-05,CM,NSE,STK,5622,INE686A01026,CEMPRO,EQ,,,,,CEMINDIA PROJECTS LIMITED,1198.0,1209.5,1150.1,1156.6,1159.0,1178.9,,1156.69,,,237035,276541419.8,21595,F1,1,,,,,
2026-10-05,2026-10-05,CM,NSE,STK,759814,INF769K01PQ4,SMALL250,EQ,,,,,MIRAEAMC - SMALL250,18.25,18.25,17.57,17.68,17.68,17.63,,17.68,,,235470,4169597.5,1141,F1,1,,,,,
2026-10-05,2026-10-05,CM,NSE,STK,760961,INE212S01015,FRACTAL,EQ,,,,,FRACTAL ANALYTICS LIMITED,728.7,746.05,718.7,725.05,730.0,727.35,,725.08,,,235158,171541899.55,18032,F1,1,,,,,
2026-10-05,2026-10-05,CM,NSE,STK,5245,INE198H01019,AAREYDRUGS,EQ,,,,,AAREY DRUGS & PHARM LTD,104.02,106.51,100.5,104.07,104.03,103.85,,104.04,,,234591,24277050.82,2070,F1,1,,,,,
2026-10-05,2026-10-05,CM,NSE,STK,18571,INE934S01014,GNA,EQ,,,,,GNA AXLES LIMITED,588.5,591.8,575.65,585.05,585.0,580.7,,585.03,,,234451,136807786.95,9392,F1,1,,,,,
2026-10-05,2026-10-05,CM,NSE,STK,1415,INE291W01037,GLOBAL,EQ,,,,,GLOBAL EDUCATION LIMITED,138.0,141.0,136.52,139.1,140.0,136.51,,139.1,,,233073,32341994.91,3105,F1,1,,,,,
2026-10-05,2026-10-05,CM,NSE,STK,761153,INE00XB01019,SEDEMAC,EQ,,,,,SEDEMAC MECHATRONICS LTD,3607.8,3650.0,3355.0,3372.3,3360.1,3432.8,,3372.34,,,233050,807164885.8,33930,F1,1,,,,,
2026-10-05,2026-10-05,CM,NSE,STK,1672,INE926X01010,HGINFRA,EQ,,,,,H.G.INFRA ENGINEERING LTD,422.0,426.4,402.1,403.75,403.8,419.9,,403.76,,,231876,94849709.75,12282,F1,1,,,,,
2026-10-05,2026-10-05,CM,NSE,STK,5385,INE216P01012,AAVAS,EQ,,,,,AAVAS FINANCIERS LIMITED,1195.5,1234.7,1192.6,1219.5,1212.0,1190.9,,1219.27,,,229879,282491299.4,11565,F1,1,,,,,
2026-10-05,2026-10-05,CM,NSE,STK,393,INE581X01021,GLOBE,EQ,,,,,GLOBE ENTERPRISE (I) LTD,2.14,2.18,2.07,2.07,2.07,2.11,,2.07,,,229683,487654.78,288,F1,1,,,,,
2026-10-05,2026-10-05,CM,NSE,STK,25758,INF666M01IO8,GROWWDEFNC,EQ,,,,,GROWWAMC - GROWWDEFNC,92.57,92.57,90.65,91.87,91.9,91.65,,91.87,,,228734,20970072.13,4500,F1,1,,,,,
2026-10-05,2026-10-05,CM,NSE,STK,23799,INE03JT01014,GODIGIT,EQ,,,,,GO DIGIT GENERAL INS LTD,256.3,257.95,252.6,256.05,257.4,256.3,,256.01,,,228010,58132736.75,13513,F1,1,,,,,
2026-10-05,2026-10-05,CM,NSE,STK,20556,INE922K01024,INDIASHLTR,EQ,,,,,INDIA SHELTER FIN CORP L,645.0,653.6,636.7,646.6,650.0,645.6,,646.6,,,225850,146202629.6,14459,F1,1,,,,,
2026-10-05,2026-10-05,CM,NSE,STK,9111,INE955V01021,ARVINDFASN,EQ,,,,,ARVIND FASHIONS LIMITED,383.45,389.0,376.1,384.25,385.0,379.7,,384.22,,,225104,86467719.25,25322,F1,1,,,,,
2026-10-05,2026-10-05,CM,NSE,STK,11956,INE474Q01031,MEDANTA,EQ,,,,,GLOBAL HEALTH LIMITED,1362.0,1369.1,1321.4,1332.6,1340.0,1357.3,,1332.57,,,224984,300089228.1,35643,F1,1,,,,,
2026-10-05,2026-10-05,CM,NSE,STK,6961,INE071D01033,MENONBE,EQ,,,,,MENON BEARINGS LIMITED,287.1,292.6,268.15,286.0,288.95,288.4,,286.19,,,224623,62830277.55,4714,F1,1,,,,,
2026-10-05,2026-10-05,CM,NSE,STK,203,INE348A01023,ASHAPURMIN,EQ,,,,,ASHAPURA MINECHEM LTD,493.95,501.95,487.0,490.85,488.05,489.95,,490.89,,,223978,110109061.75,10989,F1,1,,,,,
2026-10-05,2026-10-05,CM,NSE,STK,757520,INE0U4101014,BLUSPRING,EQ,,,,,BLUSPRING ENTERPRISES LTD,150.0,151.54,142.95,143.92,145.0,147.82,,143.95,,,223038,32722925.51,3690,F1,1,,,,,
2026-10-05,2026-10-05,CM,NSE,STK,21749,INE264T01014,CAPACITE,EQ,,,,,CAPACITE INFRAPROJECT LTD,182.0,182.91,175.99,178.62,179.5,180.33,,178.61,,,222639,39779792.67,4629,F1,1,,,,,
2026-10-05,2026-10-05,CM,NSE,STK,25643,INE0Q3J01015,KRN,EQ,,,,,KRN HEAT EXCHANGE N REF L,1426.0,1441.1,1373.0,1392.7,1393.0,1414.7,,1392.8,,,222245,313364341.4,18451,F1,1,,,,,
2026-10-05,2026-10-05,CM,NSE,STK,958,INE042A01014,ESCORTS,EQ,,,,,ESCORTS KUBOTA LIMITED,2667.3,2888.4,2664.3,2820.9,2819.0,2667.3,,2821.03,,,222028,618795952.5,36967,F1,1,,,,,
2026-10-05,2026-10-05,CM,NSE,STK,16705,INE020J01029,GOKUL,EQ,,,,,GOKUL REFOILS & SOLV LTD,39.4,39.7,37.5,37.81,37.6,38.66,,37.81,,,221939,8551597.75,801,F1,1,,,,,
2026-10-05,2026-10-05,CM,NSE,STK,759929,INE0TY101024,SOLARWORLD,EQ,,,,,SOLARWORLD ENERGY SOL LTD,127.0,128.08,122.92,123.94,124.5,125.55,,123.97,,,221817,27689600.29,4252,F1,1,,,,,
2026-10-05,2026-10-05,CM,NSE,STK,765396,INE18UN01038,GAJA,EQ,,,,,GAJA ALT ASSET MGT LTD,136.58,140.0,134.01,135.87,135.1,135.27,,135.84,,,221532,30139017.98,3727,F1,1,,,,,
2026-10-05,2026-10-05,CM,NSE,STK,20152,INE491J01022,ASKAUTOLTD,EQ,,,,,ASK AUTOMOTIVE LIMITED,621.0,624.9,603.6,608.2,607.0,618.15,,608.2,,,221181,134627460.25,17555,F1,1,,,,,
2026-10-05,2026-10-05,CM,NSE,STK,28662,INE284H01025,DAMCAPITAL,EQ,,,,,DAM CAPITAL ADVISORS LTD,146.56,150.19,146.01,146.75,147.42,146.56,,146.76,,,220836,32595079.36,4342,F1,1,,,,,
2026-10-05,2026-10-05,CM,NSE,STK,144,INE850D01014,GODREJAGRO,EQ,,,,,GODREJ AGROVET LIMITED,633.5,651.45,626.65,640.9,641.5,631.9,,640.93,,,220599,141448567.55,18184,F1,1,,,,,
2026-10-05,2026-10-05,CM,NSE,STK,20425,INE295D01020,NACLIND,EQ,,,,,NACL INDUSTRIES LIMITED,130.41,132.41,128.4,130.29,131.0,130.41,,130.29,,,220568,28721820.78,4731,F1,1,,,,,
2026-10-05,2026-10-05,CM,NSE,STK,16696,INE0PA801013,GHCLTEXTIL,EQ,,,,,GHCL TEXTILES LIMITED,131.85,133.0,126.93,129.53,129.92,129.22,,129.53,,,218382,28213754.9,5822,F1,1,,,,,
2026-10-05,2026-10-05,CM,NSE,STK,2783,INE0BY001018,JUBLINGREA,EQ,,,,,JUBILANT INGREVIA LIMITED,638.0,645.85,625.0,632.2,628.55,638.0,,632.15,,,218343,138209023.2,12314,F1,1,,,,,
2026-10-05,2026-10-05,CM,NSE,STK,4598,INE978A01027,HERITGFOOD,EQ,,,,,HERITAGE FOODS LTD,402.9,407.0,389.75,394.75,397.0,402.9,,394.76,,,217577,86729754.3,6686,F1,1,,,,,
2026-10-05,2026-10-05,CM,NSE,STK,16589,INE972X01022,VAISHALI,EQ,,,,,VAISHALI PHARMA LIMITED,8.95,8.95,8.22,8.28,8.32,8.38,,8.28,,,217314,1815568.62,382,F1,1,,,,,
2026-10-05,2026-10-05,CM,NSE,STK,6973,INE505A01010,DMCC,EQ,,,,,DMCC SPECIALITY CHEMICALS,307.3,329.4,306.0,319.1,322.0,308.7,,319.1,,,217114,69620303.45,6278,F1,1,,,,,
2026-10-05,2026-10-05,CM,NSE,STK,2829,INE930P01018,ANURAS,EQ,,,,,ANUPAM RASAYAN INDIA LTD,1165.0,1175.9,1158.2,1164.4,1166.0,1163.7,,1164.37,,,216772,252647016.3,8597,F1,1,,,,,
2026-10-05,2026-10-05,CM,NSE,STK,5194,INE414B01021,ANTGRAPHIC,EQ,,,,,ANTARCTICA LTD,0.7,0.71,0.68,0.69,0.69,0.69,,0.69,,,216722,151877.02,212,F1,1,,,,,
2026-10-05,2026-10-05,CM,NSE,STK,17818,INE214T01019,LTM,EQ,,,,,LTM LIMITED,4031.0,4073.0,3946.2,4010.0,4010.0,4007.0,,4009.93,,,216279,866370687.5,20151,F1,1,,,,,
2026-10-05,2026-10-05,CM,NSE,STK,765160,INE555C01029,SHIVACEM,EQ,,,,,SHIVA CEMENT LTD.,13.3,13.3,12.45,12.7,12.6,13.34,,12.71,,,216275,2773939.95,888,F1,1,,,,,
2026-10-05,2026-10-05,CM,NSE,STK,759041,INE056801025,IVALUE,EQ,,,,,IVALUE INFOSOLUTIONS LTD,221.69,232.0,221.47,228.29,229.0,219.28,,228.29,,,215545,49156311.96,3944,F1,1,,,,,
2026-10-05,2026-10-05,CM,NSE,STK,2739,INE010A01011,PRSMJOHNSN,EQ,,,,,PRISM JOHNSON LIMITED,104.47,104.59,101.7,102.06,102.0,103.61,,102.06,,,215104,22124899.59,4703,F1,1,,,,,
2026-10-05,2026-10-05,CM,NSE,STK,3607,INE279A01012,UNIVCABLES,EQ,,,,,UNIVERSAL CABLES LTD,1459.9,1536.8,1456.0,1520.2,1515.0,1451.3,,1520.18,,,214759,324255324.5,16273,F1,1,,,,,
2026-10-05,2026-10-05,CM,NSE,STK,11895,INE0KL801015,DCXINDIA,EQ,,,,,DCX SYSTEMS LIMITED,159.96,162.9,156.0,156.82,157.28,158.99,,156.82,,,214338,33837850.15,4953,F1,1,,,,,
2026-10-05,2026-10-05,CM,NSE,STK,24742,INE0AG901020,CEIGALL,EQ,,,,,CEIGALL INDIA LIMITED,380.1,386.5,373.2,383.95,382.95,380.1,,383.95,,,214295,81527534.3,5504,F1,1,,,,,
2026-10-05,2026-10-05,CM,NSE,STK,163,INE438A01022,APOLLOTYRE,EQ,,,,,APOLLO TYRES LTD,404.95,406.25,399.5,401.6,400.15,404.75,,401.6,,,213763,85934490.55,12586,F1,1,,,,,
2026-10-05,2026-10-05,CM,NSE,STK,10557,INE278M01019,NAVKARCORP,EQ,,,,,NAVKAR CORPORATION LTD.,85.5,86.96,84.0,84.94,84.9,85.07,,84.94,,,213039,18180035.69,2673,F1,1,,,,,
2026-10-05,2026-10-05,CM,NSE,STK,24445,INE976R01033,AGIIL,EQ,,,,,AGI INFRA LIMITED,263.8,263.8,258.0,261.25,260.55,260.0,,261.25,,,212796,55515789.95,4363,F1,1,,,,,
2026-10-05,2026-10-05,CM,NSE,STK,7508,INE251B01027,ZENTEC,EQ,,,,,ZEN TECHNOLOGIES LIMITED,1585.0,1606.0,1571.6,1599.5,1598.0,1576.1,,1599.47,,,212581,338559914.0,19488,F1,1,,,,,
2026-10-05,2026-10-05,CM,NSE,STK,7358,INE0IX101010,DATAPATTNS,EQ,,,,,DATA PATTERNS INDIA LTD,4275.6,4316.8,4200.0,4226.5,4221.0,4251.3,,4226.45,,,212079,900024688.3,27902,F1,1,,,,,
2026-10-05,2026-10-05,CM,NSE,STK,11364,INE884A01027,VAIBHAVGBL,EQ,,,,,VAIBHAV GLOBAL LIMITED,205.0,208.99,198.15,199.43,200.99,203.53,,199.44,,,211892,42554115.56,5628,F1,1,,,,,
2026-10-05,2026-10-05,CM,NSE,STK,21690,INE935N01020,DIXON,EQ,,,,,DIXON TECHNO (INDIA) LTD,12729.0,12899.0,12692.0,12748.0,12748.0,12700.0,,12747.9,,,211036,2699869321.0,41124,F1,1,,,,,
2026-10-05,2026-10-05,CM,NSE,STK,1633,INE571A01038,IPCALAB,EQ,,,,,IPCA LABORATORIES LTD,1973.7,1984.9,1930.3,1951.3,1936.0,1943.2,,1951.3,,,210605,413117071.7,32579,F1,1,,,,,
2026-10-05,2026-10-05,CM,NSE,STK,10893,INE0I3401014,DBOL,EQ,,,,,DHAMPUR BIO ORGANICS LTD,121.0,126.93,121.0,125.03,124.35,120.91,,125.03,,,210180,26162076.32,4025,F1,1,,,,,
2026-10-05,2026-10-05,CM,NSE,STK,24184,INE603J01030,PIIND,EQ,,,,,PI INDUSTRIES LTD,2243.9,2287.9,2199.6,2220.0,2220.0,2236.0,,2219.83,,,210128,469189404.5,20873,F1,1,,,,,
2026-10-05,2026-10-05,CM,NSE,STK,3987,INE461C01038,GREENPLY,EQ,,,,,GREENPLY INDUSTRIES LTD,303.7,314.0,303.3,308.45,308.25,303.7,,308.44,,,209748,64986393.7,9240,F1,1,,,,,
2026-10-05,2026-10-05,CM,NSE,STK,25584,INE152M01016,TRITURBINE,EQ,,,,,TRIVENI TURBINE LIMITED,535.0,540.0,525.05,526.1,526.0,530.0,,526.06,,,208383,110745174.55,18742,F1,1,,,,,
2026-10-05,2026-10-05,CM,NSE,STK,14385,INE063E01061,POCL,EQ,,,,,PONDY OXIDES & CHEM LTD,441.6,448.95,437.0,439.55,439.0,437.0,,439.57,,,208064,91867550.6,7774,F1,1,,,,,
2026-10-05,2026-10-05,CM,NSE,STK,759079,INE0VOV01021,DEVX,EQ,,,,,DEV ACCELERATOR LIMITED,36.41,38.5,36.05,37.85,38.25,36.28,,37.94,,,207604,7815216.52,2589,F1,1,,,,,
2026-10-05,2026-10-05,CM,NSE,STK,17758,INE385C01021,SARDAEN,EQ,,,,,SARDA ENERGY & MIN LTD,495.0,503.5,490.0,501.0,498.55,494.75,,501.01,,,207207,102890517.3,9186,F1,1,,,,,
2026-10-05,2026-10-05,CM,NSE,STK,17032,INE594H01019,THYROCARE,EQ,,,,,THYROCARE TECH LTD,539.9,544.8,532.15,542.05,537.0,533.6,,542.04,,,207102,111838948.4,14611,F1,1,,,,,
2026-10-05,2026-10-05,CM,NSE,STK,11549,INE435C01024,TEXINFRA,EQ,,,,,TEXMACO INFRA & HOLDG LTD,120.0,123.35,118.51,120.53,120.86,119.39,,120.51,,,207029,24948960.57,1957,F1,1,,,,,
2026-10-05,2026-10-05,CM,NSE,STK,29666,INE093A01041,HEXT,EQ,,,,,HEXAWARE TECHNOLOGIES LTD,493.95,505.9,489.8,495.15,498.0,490.45,,495.15,,,206834,102668037.65,13149,F1,1,,,,,
2026-10-05,2026-10-05,CM,NSE,STK,3799,INE976A01021,WSTCSTPAPR,EQ,,,,,WEST COAST PAPER MILLS LT,733.0,739.9,710.2,717.75,720.0,727.65,,717.75,,,205992,148165889.0,12029,F1,1,,,,,
2026-10-05,2026-10-05,CM,NSE,STK,1327,INE236A01020,HCL-INSYS,EQ,,,,,HCL INFOSYSTEMS LTD,10.23,10.3,9.9,10.0,10.04,10.04,,10.0,,,205898,2067377.01,790,F1,1,,,,,
2026-10-05,2026-10-05,CM,NSE,STK,9617,INE663A01033,SPLPETRO,EQ,,,,,SUPREME PETROCHEM LIMITED,780.45,805.0,768.3,798.35,793.0,780.45,,798.33,,,205144,161985924.9,18601,F1,1,,,,,
2026-10-05,2026-10-05,CM,NSE,STK,547,INE216A01030,BRITANNIA,EQ,,,,,BRITANNIA INDUSTRIES LTD,4778.0,4817.2,4734.1,4770.0,4770.0,4778.0,,4770.02,,,204743,974945955.7,17916,F1,1,,,,,
2026-10-05,2026-10-05,CM,NSE,STK,3273,INE647A01010,SRF,EQ,,,,,SRF LTD,2484.9,2495.0,2442.0,2460.0,2460.0,2486.2,,2459.97,,,204482,502881482.5,13417,F1,1,,,,,
2026-10-05,2026-10-05,CM,NSE,STK,15362,INE951I01027,VGUARD,EQ,,,,,V-GUARD IND LTD.,297.3,302.7,295.3,296.55,296.05,294.55,,296.54,,,204357,60896072.35,10800,F1,1,,,,,
2026-10-05,2026-10-05,CM,NSE,STK,9539,INE732S01012,SAKAR,EQ,,,,,SAKAR HEALTHCARE LIMITED,1075.0,1094.0,985.0,1006.8,1014.5,1075.0,,1006.8,,,204117,208131213.1,14725,F1,1,,,,,
2026-10-05,2026-10-05,CM,NSE,STK,24154,INE841L01016,DEEDEV,EQ,,,,,DEE DEVELOPMENT ENG LTD,678.85,679.9,632.55,636.95,638.75,663.2,,636.96,,,203639,133239639.35,9554,F1,1,,,,,
2026-10-05,2026-10-05,CM,NSE,STK,1630,INE570A01022,IONEXCHANG,EQ,,,,,ION EXCHANGE (INDIA) LTD,405.05,410.0,397.1,401.75,401.5,406.4,,401.75,,,203327,81781726.65,14108,F1,1,,,,,
2026-10-05,2026-10-05,CM,NSE,STK,3637,INE700A01033,JUBLPHARMA,EQ,,,,,JUBILANT PHARMOVA LTD,999.8,1012.0,972.1,981.6,977.0,999.3,,981.57,,,203076,199930739.9,22717,F1,1,,,,,
2026-10-05,2026-10-05,CM,NSE,STK,12490,INE01KI01027,VINNY,EQ,,,,,VINNY OVERSEAS LIMITED,0.91,0.91,0.9,0.9,0.9,0.9,,0.9,,,202872,182765.77,151,F1,1,,,,,
2026-10-05,2026-10-05,CM,NSE,STK,29492,INE215B01022,ORCHASP,EQ,,,,,ORCHASP LIMITED,1.34,1.34,1.22,1.24,1.29,1.28,,1.24,,,202245,260881.25,208,F1,1,,,,,
2026-10-05,2026-10-05,CM,NSE,STK,24461,INF769K01LQ3,EVINDIA,EQ,,,,,MIRAEAMC - EVINDIA,30.75,30.75,29.9,30.04,30.02,30.0,,30.04,,,201966,6065968.35,2729,F1,1,,,,,
2026-10-05,2026-10-05,CM,NSE,STK,761046,INF769K01QC2,DEFENCE,EQ,,,,,MIRAEAMC - DEFENCE,74.4,76.97,74.4,76.68,76.7,76.31,,76.68,,,201294,15404066.67,982,F1,1,,,,,
2026-10-05,2026-10-05,CM,NSE,STK,9356,INE255X01014,MSTCLTD,EQ,,,,,MSTC LIMITED,705.0,705.6,687.5,693.75,692.0,705.8,,693.77,,,201122,140190185.85,9335,F1,1,,,,,
2026-10-05,2026-10-05,CM,NSE,STK,3021,INE035D01020,SOTL,EQ,,,,,SAVITA OIL TECHNOLO. LTD,735.0,736.0,716.8,727.2,723.2,729.5,,727.21,,,200693,145848602.95,14968,F1,1,,,,,
2026-10-05,2026-10-05,CM,NSE,STK,27047,INE677D01037,MASTERTR,EQ,,,,,MASTER TRUST LIMITED,81.66,83.22,80.68,81.13,81.5,81.66,,81.13,,,200223,16358490.91,1581,F1,1,,,,,
2026-10-05,2026-10-05,CM,NSE,STK,1570,INE541A01023,GMMPFAUDLR,EQ,,,,,GMM PFAUDLER LIMITED,1440.0,1465.3,1381.0,1386.6,1390.0,1443.4,,1386.56,,,199853,282788602.4,21233,F1,1,,,,,
2026-10-05,2026-10-05,CM,NSE,STK,11896,INE007B01023,GEOJITFSL,EQ,,,,,GEOJIT FINANCIAL SER L,75.75,77.2,75.16,76.59,76.67,75.7,,76.59,,,199514,15243583.34,3597,F1,1,,,,,
2026-10-05,2026-10-05,CM,NSE,STK,13400,INE354C01027,BHAGERIA,EQ,,,,,BHAGERIA INDUSTRIES LTD,391.0,395.85,358.0,364.65,360.0,382.05,,364.59,,,197915,73499077.35,7319,F1,1,,,,,
2026-10-05,2026-10-05,CM,NSE,STK,2088,INE271B01025,MAHSEAMLES,EQ,,,,,MAHARASHTRA SEAMLESS LTD,700.0,705.95,680.55,685.05,687.5,698.75,,685.06,,,197651,135845749.85,11981,F1,1,,,,,
2026-10-05,2026-10-05,CM,NSE,STK,12533,INE0D0U01013,AAATECH,EQ,,,,,AAA TECHNOLOGIES LIMITED,96.0,103.8,93.2,95.44,95.2,92.74,,95.44,,,196936,19593087.94,4169,F1,1,,,,,
2026-10-05,2026-10-05,CM,NSE,STK,13276,INE559R01029,LANDMARK,EQ,,,,,LANDMARK CARS LIMITED,465.0,475.0,456.0,470.7,474.0,463.25,,470.69,,,196654,92017130.6,7947,F1,1,,,,,
2026-10-05,2026-10-05,CM,NSE,STK,9667,INE630Y01024,MEDICO,EQ,,,,,MEDICO REMEDIES LIMITED,22.4,22.59,21.5,21.68,21.62,21.86,,21.68,,,196397,4278903.18,1235,F1,1,,,,,
2026-10-05,2026-10-05,CM,NSE,STK,9810,INE0BWX01014,AETHER,EQ,,,,,AETHER INDUSTRIES LIMITED,1670.0,1685.0,1639.1,1661.0,1665.7,1670.0,,1660.7,,,196127,325597465.1,24077,F1,1,,,,,
2026-10-05,2026-10-05,CM,NSE,STK,11212,INE500L01026,SHK,EQ,,,,,S H KELKAR AND CO. LTD.,138.0,140.89,136.0,137.42,136.5,137.86,,137.42,,,195849,26944756.04,3914,F1,1,,,,,
2026-10-05,2026-10-05,CM,NSE,STK,13702,INE430N01022,VISHWARAJ,EQ,,,,,VISHWARAJ SUGAR IND LTD,5.29,5.32,5.2,5.23,5.21,5.18,,5.23,,,195509,1025811.14,487,F1,1,,,,,
2026-10-05,2026-10-05,CM,NSE,STK,1448,INE102A01024,HLVLTD,EQ,,,,,HLV LIMITED,6.31,6.5,6.05,6.21,6.2,6.31,,6.21,,,195354,1212321.74,694,F1,1,,,,,
2026-10-05,2026-10-05,CM,NSE,STK,22649,INE988S01028,PARKHOTELS,EQ,,,,,PARKHOTELS,105.1,105.11,100.6,103.83,103.3,103.55,,103.83,,,194819,19978594.62,5375,F1,1,,,,,
2026-10-05,2026-10-05,CM,NSE,STK,9007,INE234A01025,NOVARTIND,EQ,,,,,NOVARTIS INDIA LIMITED,2027.7,2161.5,1955.0,1967.8,1964.0,1965.0,,1967.77,,,192487,399662113.6,12065,F1,1,,,,,
2026-10-05,2026-10-05,CM,NSE,STK,764255,INE11XY01018,CMLL,EQ,,,,,CALIBER MINING AND LOG L,520.0,526.0,503.3,507.2,507.0,523.05,,507.35,,,192091,98924658.65,6042,F1,1,,,,,
2026-10-05,2026-10-05,CM,NSE,STK,9253,INE937C01029,NILAINFRA,EQ,,,,,NILA INFRASTRUCTURES LTD,6.73,6.95,6.65,6.71,6.75,6.57,,6.72,,,192035,1294438.81,613,F1,1,,,,,
2026-10-05,2026-10-05,CM,NSE,STK,13786,INE813H01021,TORNTPOWER,EQ,,,,,TORRENT POWER LTD,1245.4,1249.1,1226.0,1234.2,1235.0,1242.9,,1234.28,,,191786,236817433.2,17064,F1,1,,,,,
2026-10-05,2026-10-05,CM,NSE,STK,916,INE126A01031,EIDPARRY,EQ,,,,,EID PARRY INDIA LTD,675.0,698.0,675.0,691.95,690.0,674.55,,691.95,,,191222,132093285.35,19501,F1,1,,,,,
2026-10-05,2026-10-05,CM,NSE,STK,3676,INE386A01023,VESUVIUS,EQ,,,,,VESUVIUS INDIA LTD,404.1,412.65,387.95,389.4,390.0,404.1,,389.41,,,190997,75697320.45,9596,F1,1,,,,,
2026-10-05,2026-10-05,CM,NSE,STK,3703,INE054A01027,VIPIND,EQ,,,,,VIP INDUSTRIES LTD,282.95,288.75,279.0,284.3,283.3,280.75,,284.33,,,190807,54104102.5,7303,F1,1,,,,,
2026-10-05,2026-10-05,CM,NSE,STK,7030,INE276G01015,ASIANENE,EQ,,,,,ASIAN ENERGY SERVICES LTD,470.7,479.9,453.0,458.65,455.35,466.75,,458.64,,,189656,88166711.35,8653,F1,1,,,,,
2026-10-05,2026-10-05,CM,NSE,STK,739,INE169A01031,COROMANDEL,EQ,,,,,COROMANDEL INTERNTL. LTD,1769.9,1809.8,1751.8,1801.4,1808.0,1763.6,,1801.37,,,189198,336929559.4,15060,F1,1,,,,,
2026-10-05,2026-10-05,CM,NSE,STK,5220,INF769K01HI8,BFSI,EQ,,,,,MIRAEAMC - MAFSETF,25.17,25.91,25.01,25.66,25.69,25.52,,25.65,,,188535,4861152.85,836,F1,1,,,,,
2026-10-05,2026-10-05,CM,NSE,STK,7936,INE871C01038,AVANTIFEED,EQ,,,,,AVANTI FEEDS LIMITED,713.1,717.95,705.15,711.1,711.0,711.55,,711.18,,,187707,133365832.35,15058,F1,1,,,,,
2026-10-05,2026-10-05,CM,NSE,STK,7835,INE02WG01024,WEL,EQ,,,,,WONDER ELECTRICALS LTD,72.88,74.39,72.01,73.3,73.65,71.7,,73.3,,,187482,13795840.58,1386,F1,1,,,,,
2026-10-05,2026-10-05,CM,NSE,STK,3475,INE152A01029,THERMAX,EQ,,,,,THERMAX LTD,3364.9,3400.7,3212.0,3228.2,3228.1,3360.6,,3228.47,,,187112,612810199.4,32002,F1,1,,,,,
2026-10-05,2026-10-05,CM,NSE,STK,759885,INF174KA1XV0,CHEMICAL,EQ,,,,,KOTAKMAMC - CHEMICAL,28.76,28.76,27.82,27.95,28.03,28.2,,27.95,,,186930,5241820.62,1608,F1,1,,,,,
2026-10-05,2026-10-05,CM,NSE,STK,757850,INE0S4R01014,CRIZAC,EQ,,,,,CRIZAC LIMITED,168.65,170.76,166.74,168.24,170.0,166.89,,168.23,,,186832,31442582.85,3756,F1,1,,,,,
2026-10-05,2026-10-05,CM,NSE,STK,9362,INE278Y01022,CAMPUS,EQ,,,,,CAMPUS ACTIVEWEAR LIMITED,206.35,208.99,203.01,204.12,203.01,205.83,,204.13,,,186812,38338346.48,5169,F1,1,,,,,
2026-10-05,2026-10-05,CM,NSE,STK,8825,INE959A01019,PRIVISCL,EQ,,,,,PRIVI SPECIALITY CHE LTD,3570.0,3593.0,3424.1,3442.2,3430.3,3573.0,,3442.3,,,186750,649177889.3,27510,F1,1,,,,,
2026-10-05,2026-10-05,CM,NSE,STK,6051,INE214A01019,CYBERTECH,EQ,,,,,CYBERTECH SYSTEMS & SOFTW,139.9,153.0,137.2,139.1,137.2,135.95,,139.07,,,186480,27189720.05,3909,F1,1,,,,,
2026-10-05,2026-10-05,CM,NSE,STK,11655,INE927D01051,JBMA,EQ,,,,,JBM AUTO LIMITED,550.0,557.0,540.6,544.55,543.0,544.65,,544.55,,,186164,101899183.7,14340,F1,1,,,,,
2026-10-05,2026-10-05,CM,NSE,STK,25073,INE02ID01020,RAYMONDLSL,EQ,,,,,RAYMOND LIFESTYLE LIMITED,631.0,640.0,621.85,628.85,632.25,627.7,,628.84,,,185665,116737591.2,11886,F1,1,,,,,
2026-10-05,2026-10-05,CM,NSE,STK,759551,INE202B01038,PIRAMALFIN,EQ,,,,,PIRAMAL FINANCE LIMITED,2024.0,2046.0,1986.5,2002.6,1995.0,2023.3,,2002.6,,,185520,373129160.8,22794,F1,1,,,,,
2026-10-05,2026-10-05,CM,NSE,STK,5049,INE227W01023,CLEAN,EQ,,,,,CLEAN SCIENCE & TECH LTD,805.0,817.3,792.15,799.8,799.0,803.05,,799.82,,,185312,148955662.25,14316,F1,1,,,,,
2026-10-05,2026-10-05,CM,NSE,STK,3150,INE003A01024,SIEMENS,EQ,,,,,SIEMENS LTD,3804.0,3842.0,3700.0,3701.1,3701.1,3804.0,,3701.1,,,184140,691568793.1,22035,F1,1,,,,,
2026-10-05,2026-10-05,CM,NSE,STK,21705,INE456Z01021,MEDIASSIST,EQ,,,,,MEDI ASSIST HEALTH SER L,301.0,301.9,293.4,297.2,294.15,298.5,,297.3,,,183948,54705509.05,8829,F1,1,,,,,
2026-10-05,2026-10-05,CM,NSE,STK,13423,INE050401020,ELIN,EQ,,,,,ELIN ELECTRONICS LIMITED,80.09,81.22,78.0,78.97,78.4,79.73,,78.97,,,183116,14565062.78,2364,F1,1,,,,,
2026-10-05,2026-10-05,CM,NSE,STK,10786,INE781B01015,NOIDATOLL,EQ,,,,,NOIDA TOLL BRIDGE CO LTD,3.77,3.77,3.55,3.56,3.55,3.56,,3.56,,,182994,667730.34,496,F1,1,,,,,
2026-10-05,2026-10-05,CM,NSE,STK,25724,INE895B01021,RUPA,EQ,,,,,RUPA & COMPANY LTD,130.11,132.58,126.67,128.4,128.06,130.58,,128.4,,,182693,23630271.77,6639,F1,1,,,,,
2026-10-05,2026-10-05,CM,NSE,STK,11457,INF174KA1ZE1,NV20,EQ,,,,,KOTAKMAMC - KTKNV20ETF,12.77,13.34,12.77,13.2,13.22,13.1,,13.2,,,180623,2380603.57,478,F1,1,,,,,
2026-10-05,2026-10-05,CM,NSE,STK,5426,INE118D01016,NUVOCO,EQ,,,,,NUVOCO VISTAS CORP LTD,324.0,329.45,322.0,326.1,326.65,322.1,,326.1,,,179658,58583701.85,14615,F1,1,,,,,
2026-10-05,2026-10-05,CM,NSE,STK,25080,INF769K01LX9,MULTICAP,EQ,,,,,MIRAEAMC - MULTICAP,15.99,15.99,15.75,15.83,15.82,15.78,,15.83,,,179607,2844137.25,726,F1,1,,,,,
2026-10-05,2026-10-05,CM,NSE,STK,11452,INE421D01022,CCL,EQ,,,,,CCL PRODUCTS (I) LTD,1056.6,1057.6,1033.1,1051.9,1052.5,1056.6,,1051.83,,,179191,187105953.7,21397,F1,1,,,,,
2026-10-05,2026-10-05,CM,NSE,STK,1145,INE162A01010,GIPCL,EQ,,,,,GUJ IND POW CO. LTD,177.0,179.99,175.22,176.62,177.7,174.83,,176.62,,,178897,31778418.64,5043,F1,1,,,,,
2026-10-05,2026-10-05,CM,NSE,STK,762844,INE722B01019,PRAVEG,EQ,,,,,PRAVEG LTD.,239.1,243.8,230.25,232.42,231.99,238.1,,232.43,,,178581,41786138.12,1504,F1,1,,,,,
2026-10-05,2026-10-05,CM,NSE,STK,2168,INE00KV01022,RAJMET,EQ,,,,,RAJNANDINI METAL LIMITED,3.06,3.1,3.06,3.06,3.06,3.08,,3.06,,,178433,547782.19,609,F1,1,,,,,
2026-10-05,2026-10-05,CM,NSE,STK,1593,INE0APB01032,MGEL,EQ,,,,,MANGALAM GLOBAL ENT LTD,15.68,15.99,15.43,15.79,15.99,15.34,,15.79,,,178288,2804745.84,763,F1,1,,,,,
2026-10-05,2026-10-05,CM,NSE,STK,10577,INE001B01026,KRBL,EQ,,,,,KRBL LIMITED,375.9,384.2,375.0,382.15,381.55,375.9,,382.15,,,178218,67811915.0,9868,F1,1,,,,,
2026-10-05,2026-10-05,CM,NSE,STK,13976,INE483C01032,TANLA,EQ,,,,,TANLA PLATFORMS LIMITED,492.05,496.0,486.1,488.0,489.0,487.75,,488.0,,,178184,87365004.8,10248,F1,1,,,,,
2026-10-05,2026-10-05,CM,NSE,STK,760300,INE0G1L01025,LEMERITE,EQ,,,,,LE MERITE EXPORTS LIMITED,19.9,20.18,18.73,20.04,19.84,19.28,,20.04,,,177611,3525525.32,342,F1,1,,,,,
2026-10-05,2026-10-05,CM,NSE,STK,1190,INE529A01010,FMGOETZE,EQ,,,,,FEDERAL-MOGUL GOETZE (IND,444.4,455.0,437.55,440.9,441.85,444.25,,440.91,,,177056,78815820.0,6695,F1,1,,,,,
2026-10-05,2026-10-05,CM,NSE,STK,25171,INF740KA1UR9,TOP10ADD,EQ,,,,,DSPAMC - TOP10ADD,82.87,83.31,82.41,83.07,83.31,82.41,,83.07,,,175533,14524040.81,651,F1,1,,,,,
2026-10-05,2026-10-05,CM,NSE,STK,9219,INE413G01022,TPLPLASTEH,EQ,,,,,TPL PLASTECH LIMITED,68.91,70.19,67.02,67.86,68.5,68.89,,67.85,,,175395,11918081.02,1722,F1,1,,,,,
2026-10-05,2026-10-05,CM,NSE,STK,1181,INE260B01028,GODFRYPHLP,EQ,,,,,GODFREY PHILLIPS INDIA LT,1850.0,1894.0,1845.1,1876.0,1876.0,1849.7,,1875.99,,,174573,327037757.0,14550,F1,1,,,,,
2026-10-05,2026-10-05,CM,NSE,STK,15141,INE259A01022,COLPAL,EQ,,,,,COLGATE PALMOLIVE LTD.,1741.0,1775.0,1737.0,1775.0,1775.0,1735.0,,1774.99,,,173685,304765038.6,14223,F1,1,,,,,
2026-10-05,2026-10-05,CM,NSE,STK,20776,INE458B01036,BHAGYANGR,EQ,,,,,BHAGYANAGAR INDIA LIMITED,401.0,418.0,396.0,412.35,415.3,402.65,,412.32,,,173594,70815500.8,6942,F1,1,,,,,
2026-10-05,2026-10-05,CM,NSE,STK,1085,INE524A01029,GABRIEL,EQ,,,,,GABRIEL INDIA LTD,1315.0,1332.6,1297.7,1303.6,1305.5,1315.0,,1303.65,,,173231,227087404.6,24653,F1,1,,,,,
2026-10-05,2026-10-05,CM,NSE,STK,20160,INE068L01024,CANTABIL,EQ,,,,,CANTABIL RETAIL LTD,226.3,228.98,220.0,225.18,228.98,224.66,,225.23,,,172213,38511759.87,3103,F1,1,,,,,
2026-10-05,2026-10-05,CM,NSE,STK,4892,INE979A01025,SAREGAMA,EQ,,,,,SAREGAMA INDIA LIMITED,497.95,500.05,488.85,497.1,498.75,494.75,,497.1,,,171908,85177697.35,12425,F1,1,,,,,
2026-10-05,2026-10-05,CM,NSE,STK,9288,INE00Z501029,KRITIKA,EQ,,,,,KRITIKA WIRES LIMITED,4.91,5.04,4.69,4.78,4.81,4.91,,4.78,,,171751,836335.07,566,F1,1,,,,,
2026-10-05,2026-10-05,CM,NSE,STK,11987,INE483B01026,ICIL,EQ,,,,,INDO COUNT INDUSTRIES LTD,445.9,456.6,443.55,446.2,449.0,443.65,,446.2,,,171574,76971999.45,14486,F1,1,,,,,
2026-10-05,2026-10-05,CM,NSE,STK,1675,INE248A01017,ITI,EQ,,,,,ITI LTD,241.7,245.49,238.55,240.75,241.0,241.54,,240.77,,,171192,41472358.54,6807,F1,1,,,,,
2026-10-05,2026-10-05,CM,NSE,STK,4732,INE411D01023,SKMEGGPROD,EQ,,,,,SKM EGG PROD EXPORT(I) LT,204.0,206.38,199.3,201.4,201.9,205.29,,201.45,,,170126,34398240.23,3872,F1,1,,,,,
2026-10-05,2026-10-05,CM,NSE,STK,17747,INE342G01023,NIITMTS,EQ,,,,,NIIT LEARNING SYSTEMS LTD,190.02,203.26,190.02,199.62,197.96,191.08,,199.61,,,170084,33792030.08,6875,F1,1,,,,,
2026-10-05,2026-10-05,CM,NSE,STK,3857,INE665L01035,VARROC,EQ,,,,,VARROC ENGINEERING LTD.,835.0,843.8,817.0,820.0,819.15,830.6,,820.01,,,169871,140033736.55,15648,F1,1,,,,,
2026-10-05,2026-10-05,CM,NSE,STK,29731,INE942C01045,GUJTHEM,EQ,,,,,GUJARAT THEMIS BIOSYN LTD,379.1,390.4,371.2,373.6,371.55,381.8,,373.59,,,169705,63942457.6,6547,F1,1,,,,,
2026-10-05,2026-10-05,CM,NSE,STK,1949,INE999A01023,KSB,EQ,,,,,KSB LIMITED,806.45,822.0,800.0,803.95,807.0,806.45,,803.92,,,168361,136355129.65,11072,F1,1,,,,,
2026-10-05,2026-10-05,CM,NSE,STK,4934,INE0D6701023,IPL,EQ,,,,,INDIA PESTICIDES LIMITED,132.0,132.0,128.1,128.75,128.3,130.68,,128.74,,,167598,21671531.25,2468,F1,1,,,,,
2026-10-05,2026-10-05,CM,NSE,STK,25786,INE879E01037,KANANIIND,EQ,,,,,KANANI INDUSTRIES LTD,1.36,1.36,1.26,1.3,1.3,1.34,,1.3,,,167592,221435.73,386,F1,1,,,,,
2026-10-05,2026-10-05,CM,NSE,STK,14813,INE102I01027,ADSL,EQ,,,,,ALLIED DIGITAL SERV. LTD,108.89,109.48,103.11,105.51,105.45,106.38,,105.51,,,165539,17496684.66,3268,F1,1,,,,,
2026-10-05,2026-10-05,CM,NSE,STK,4421,INE741K01010,CREDITACC,EQ,,,,,CREDITACCESS GRAMEEN LTD,1250.0,1280.0,1244.8,1251.5,1250.0,1239.0,,1251.53,,,164807,207308323.2,24872,F1,1,,,,,
2026-10-05,2026-10-05,CM,NSE,STK,11860,INE789E01012,JKPAPER,EQ,,,,,JK PAPER LIMITED,382.6,390.55,380.05,385.65,384.75,382.6,,385.53,,,164425,63451767.8,8250,F1,1,,,,,
2026-10-05,2026-10-05,CM,NSE,STK,522,INF109KB15Y7,ICICIB22,EQ,,,,,ICICIPRAMC - BHARATIWIN,111.63,111.63,107.6,109.88,110.0,108.91,,109.88,,,164116,17991500.57,5492,F1,1,,,,,
2026-10-05,2026-10-05,CM,NSE,STK,760407,INE346A01027,ICICIAMC,EQ,,,,,ICICI PRUDENTIAL AMC LTD,3085.9,3095.6,3045.0,3061.2,3057.9,3084.4,,3061.07,,,163817,502932595.7,31299,F1,1,,,,,
2026-10-05,2026-10-05,CM,NSE,STK,7254,INE804L01022,MEDPLUS,EQ,,,,,MEDPLUS HEALTH SERV LTD,651.3,655.55,640.1,644.4,641.7,654.3,,644.39,,,163503,106236701.45,27753,F1,1,,,,,
2026-10-05,2026-10-05,CM,NSE,STK,11435,INE572J01011,SPANDANA,EQ,,,,,SPANDANA SPHOORTY FIN LTD,217.0,218.57,211.02,213.52,213.5,216.34,,213.52,,,162492,34755063.08,6638,F1,1,,,,,
2026-10-05,2026-10-05,CM,NSE,STK,10690,INF209KB15K4,NIFTYQLITY,EQ,,,,,BIRLASLAMC - NIFTYQLITY,20.26,20.26,19.7,19.84,19.88,19.77,,19.84,,,161488,3199825.38,249,F1,1,,,,,
2026-10-05,2026-10-05,CM,NSE,STK,17778,INE0NN701020,ATL,EQ,,,,,ALLCARGO TERMINALS LTD,24.45,24.79,23.72,24.49,24.23,23.59,,24.49,,,160953,3908907.63,1178,F1,1,,,,,
2026-10-05,2026-10-05,CM,NSE,STK,128,INE450U01017,ROUTE,EQ,,,,,ROUTE MOBILE LIMITED,438.35,446.65,429.5,431.1,431.0,436.4,,431.2,,,160190,69826112.2,7835,F1,1,,,,,
2026-10-05,2026-10-05,CM,NSE,STK,759316,INE506V01022,RUBICON,EQ,,,,,RUBICON RESEARCH LIMITED,1646.0,1646.0,1560.3,1608.5,1609.9,1630.9,,1608.55,,,159926,255246613.9,16734,F1,1,,,,,
2026-10-05,2026-10-05,CM,NSE,STK,1841,INE805C01028,KCP,EQ,,,,,KCP LTD,154.99,158.69,153.01,155.61,155.8,154.17,,155.58,,,159779,24830269.04,2470,F1,1,,,,,
2026-10-05,2026-10-05,CM,NSE,STK,760039,INE0QPI01025,SUDEEPPHRM,EQ,,,,,SUDEEP PHARMA LIMITED,1220.0,1247.9,1155.1,1173.4,1179.0,1199.8,,1173.32,,,159743,190764277.3,18612,F1,1,,,,,
2026-10-05,2026-10-05,CM,NSE,STK,762608,INE00HZ01011,BNAGROCHEM,EQ,,,,,BN AGROCHEM LTD.,232.5,239.22,219.0,238.45,233.56,227.83,,238.39,,,159454,37380190.46,904,F1,1,,,,,
2026-10-05,2026-10-05,CM,NSE,STK,25398,INE0QRL01017,ARKADE,EQ,,,,,ARKADE DEVELOPERS LIMITED,120.64,125.0,118.23,120.03,120.85,118.69,,120.03,,,158603,19154622.2,2346,F1,1,,,,,
2026-10-05,2026-10-05,CM,NSE,STK,10738,INE881D01027,OFSS,EQ,,,,,ORACLE FIN SERV SOFT LTD.,10525.0,10655.0,10364.0,10470.0,10470.0,10420.0,,10469.97,,,158183,1662017858.0,30487,F1,1,,,,,
2026-10-05,2026-10-05,CM,NSE,STK,7413,INE830Q01018,MANAKCOAT,EQ,,,,,MAN COAT METAL & IND LTD,129.7,129.98,125.1,126.17,126.0,126.59,,126.18,,,157959,20173789.95,2467,F1,1,,,,,
2026-10-05,2026-10-05,CM,NSE,STK,765015,INE178T01024,ADVIKCA,EQ,,,,,ADVIK CAPITAL LTD.,1.0,1.04,0.98,0.99,1.02,1.0,,1.03,,,157535,156398.37,231,F1,1,,,,,
2026-10-05,2026-10-05,CM,NSE,STK,13,INE117A01022,ABB,EQ,,,,,ABB INDIA LIMITED,6950.0,6981.0,6846.5,6895.0,6895.0,6900.0,,6894.98,,,157334,1086841049.5,28656,F1,1,,,,,
2026-10-05,2026-10-05,CM,NSE,STK,5585,INE043W01024,VIJAYA,EQ,,,,,VIJAYA DIAGNOSTIC CEN LTD,1425.0,1444.9,1405.4,1422.2,1420.9,1428.0,,1422.22,,,157254,223726926.1,32074,F1,1,,,,,
2026-10-05,2026-10-05,CM,NSE,STK,762978,INE765D01022,WPIL,EQ,,,,,W P I L LTD.,440.05,449.0,433.0,447.2,448.45,430.65,,447.07,,,157162,69825864.9,4760,F1,1,,,,,
2026-10-05,2026-10-05,CM,NSE,STK,760183,INE647U01026,CLEANMAX,EQ,,,,,CLEAN MAX ENVIRO EN SOL L,1309.9,1331.8,1301.0,1303.3,1306.0,1299.8,,1303.29,,,156077,205057225.5,14132,F1,1,,,,,
2026-10-05,2026-10-05,CM,NSE,STK,17397,INE863B01029,PREMEXPLN,EQ,,,,,PREMIER EXPLOSIVES LTD,682.05,688.95,682.05,685.05,685.0,682.05,,685.05,,,155880,106759436.45,2925,F1,1,,,,,
2026-10-05,2026-10-05,CM,NSE,STK,765387,INE1B3O01011,SUNSHINE,EQ,,,,,SUNSHINE PICTURES LIMITED,453.55,467.85,443.35,447.55,447.1,453.0,,447.57,,,155851,70520409.6,4705,F1,1,,,,,
2026-10-05,2026-10-05,CM,NSE,STK,8132,INE791A01024,BLBLIMITED,EQ,,,,,BLB LIMITED,16.64,16.93,15.8,15.98,15.91,16.64,,15.99,,,155815,2511731.96,1071,F1,1,,,,,
2026-10-05,2026-10-05,CM,NSE,STK,11343,INE00WC01027,AFFLE,EQ,,,,,AFFLE 3I LIMITED,1460.4,1475.4,1439.4,1443.8,1442.0,1449.6,,1443.8,,,155743,226395009.4,22946,F1,1,,,,,
2026-10-05,2026-10-05,CM,NSE,STK,11626,INE625G01013,WELENT,EQ,,,,,WELSPUN ENTERPRISES LTD.,724.45,734.3,716.7,723.1,723.0,724.45,,723.11,,,154921,112256623.7,9482,F1,1,,,,,
2026-10-05,2026-10-05,CM,NSE,STK,7451,INF740KA1CL0,NIFTYADD,EQ,,,,,DSPAMC - DSPNIFTY,239.46,239.46,236.68,237.98,237.73,237.09,,237.98,,,154001,36692241.25,406,F1,1,,,,,
2026-10-05,2026-10-05,CM,NSE,STK,758675,INE886D01026,EFCIL,EQ,,,,,EFC (I) LIMITED,172.99,174.64,168.01,168.74,169.0,171.2,,168.74,,,153943,26169203.47,2095,F1,1,,,,,
2026-10-05,2026-10-05,CM,NSE,STK,3321,INE937A01023,SPMLINFRA,EQ,,,,,SPML INFRA LIMITED,159.31,165.9,156.1,158.29,157.96,159.31,,158.29,,,153588,24371229.83,3526,F1,1,,,,,
2026-10-05,2026-10-05,CM,NSE,STK,14761,INE189I01024,NELCAST,EQ,,,,,NELCAST LIMITED,119.83,123.3,118.18,121.43,120.8,121.03,,121.43,,,153030,18509926.54,3104,F1,1,,,,,
2026-10-05,2026-10-05,CM,NSE,STK,9117,INE716B01029,TIPSMUSIC,EQ,,,,,TIPS MUSIC LIMITED,653.3,653.95,635.7,639.1,638.0,644.2,,639.1,,,152414,98318217.8,15336,F1,1,,,,,
2026-10-05,2026-10-05,CM,NSE,STK,19556,INE474E01029,BHANDARI,EQ,,,,,BHANDARI HOSIERY EXP LTD,2.88,2.89,2.73,2.76,2.77,2.82,,2.76,,,152409,426963.13,343,F1,1,,,,,
2026-10-05,2026-10-05,CM,NSE,STK,10618,INE764L01010,SADBHIN,EQ,,,,,SADBHAV INFRA PROJ LTD.,2.6,2.63,2.56,2.61,2.63,2.62,,2.61,,,151589,393928.63,261,F1,1,,,,,
2026-10-05,2026-10-05,CM,NSE,STK,6803,INE124E01038,STEELCAS,EQ,,,,,STEELCAST LIMITED,359.9,365.4,346.55,363.7,362.55,356.45,,363.66,,,151454,54153062.9,6510,F1,1,,,,,
2026-10-05,2026-10-05,CM,NSE,STK,29224,INE013P01021,ONESOURCE,EQ,,,,,ONESOURCE SPECL PHARMA L,1510.0,1516.5,1470.5,1488.3,1489.1,1508.0,,1488.33,,,151299,225213214.3,19461,F1,1,,,,,
2026-10-05,2026-10-05,CM,NSE,STK,20323,INE688D01026,RESPONIND,EQ,,,,,RESPONSIVE INDUSTRIES LTD,160.04,163.21,157.45,158.17,158.99,162.59,,158.17,,,150939,24124735.31,2306,F1,1,,,,,
2026-10-05,2026-10-05,CM,NSE,STK,8050,INE813A01018,MAHLIFE,EQ,,,,,MAHINDRA LIFESPACE DEVLTD,351.5,358.5,346.75,351.1,351.6,351.15,,351.1,,,150642,52869001.05,3433,F1,1,,,,,
2026-10-05,2026-10-05,CM,NSE,STK,4010,INE362A01016,PVP,EQ,,,,,PVP VENTURES LIMITED,47.95,47.95,47.95,47.95,47.95,50.47,,47.96,,,150380,7210721.0,506,F1,1,,,,,
2026-10-05,2026-10-05,CM,NSE,STK,6045,INE818B01023,PASUPTAC,EQ,,,,,PASUPATI ACRYLON LIMITED,69.0,71.45,66.33,67.51,67.0,69.64,,67.54,,,150318,10316023.69,2193,F1,1,,,,,
2026-10-05,2026-10-05,CM,NSE,STK,14064,INE855F01042,ASMS,EQ,,,,,AVIO SMART MRKT STACK LTD,5.84,6.04,5.76,5.84,5.89,5.92,,5.84,,,149950,880280.12,654,F1,1,,,,,
2026-10-05,2026-10-05,CM,NSE,STK,2493,INE750A01020,ORIENTHOT,EQ,,,,,ORIENT HOTELS LTD,139.6,141.8,137.61,140.87,141.2,140.0,,140.87,,,149684,21102835.78,1858,F1,1,,,,,
2026-10-05,2026-10-05,CM,NSE,STK,763663,INE763M01028,MERCURYEV,EQ,,,,,MERCURY EV-TECH LIMITED,37.22,37.96,36.15,36.81,37.22,37.06,,36.81,,,149126,5562526.41,1471,F1,1,,,,,
2026-10-05,2026-10-05,CM,NSE,STK,24961,INE0PPK01015,ORIENTTECH,EQ,,,,,ORIENT TECHNOLOGIES LTD,232.0,237.8,221.2,222.47,222.41,229.25,,222.47,,,148888,33424404.24,4806,F1,1,,,,,
2026-10-05,2026-10-05,CM,NSE,STK,30089,INE876N01018,ORIENTCEM,EQ,,,,,ORIENT CEMENT LTD.,116.09,119.0,115.24,116.16,116.05,115.91,,116.16,,,147810,17143014.75,2264,F1,1,,,,,
2026-10-05,2026-10-05,CM,NSE,STK,4410,INE048B01035,JAGSNPHARM,EQ,,,,,JAGSONPAL PHARMACEUTICALS,232.49,235.39,227.0,229.47,228.0,231.73,,229.47,,,146699,33959296.55,3606,F1,1,,,,,
2026-10-05,2026-10-05,CM,NSE,STK,17197,INE551D01018,PAKKA,EQ,,,,,PAKKA LIMITED,73.0,73.2,69.43,69.79,70.1,72.26,,69.81,,,146654,10314480.1,1802,F1,1,,,,,
2026-10-05,2026-10-05,CM,NSE,STK,23553,INE206F01022,AIIL,EQ,,,,,AUTHUM INVEST & INFRA LTD,540.6,553.9,539.0,551.6,551.35,539.3,,551.63,,,146383,80169112.85,8087,F1,1,,,,,
2026-10-05,2026-10-05,CM,NSE,STK,24014,INE02L001032,BOROSCI,EQ,,,,,BOROSIL SCIENTIFIC LTD,112.8,115.0,111.75,112.15,112.0,112.72,,112.15,,,146287,16576795.61,1373,F1,1,,,,,
2026-10-05,2026-10-05,CM,NSE,STK,30155,INF846KA1119,VALUEAXIS,EQ,,,,,AXISAMC-VALUEAXIS,31.97,31.97,30.82,31.02,31.38,30.91,,31.03,,,145987,4543726.38,573,F1,1,,,,,
2026-10-05,2026-10-05,CM,NSE,STK,18039,INE837H01020,ADVENZYMES,EQ,,,,,ADVANCED ENZYME TECH LTD,274.45,276.25,270.45,272.4,273.55,274.25,,272.41,,,145809,39851482.65,4971,F1,1,,,,,
2026-10-05,2026-10-05,CM,NSE,STK,759797,INE198501012,EUROPRATIK,EQ,,,,,EURO PRATIK SALES LIMITED,192.99,192.99,181.0,183.41,184.03,190.42,,183.41,,,145782,26801150.29,4218,F1,1,,,,,
2026-10-05,2026-10-05,CM,NSE,STK,5313,INE583D01011,UGROCAP,EQ,,,,,UGRO CAPITAL LIMITED,83.9,83.9,81.0,81.89,82.99,82.35,,81.89,,,145752,11962997.43,1801,F1,1,,,,,
2026-10-05,2026-10-05,CM,NSE,STK,19761,INE982B01027,ADFFOODS,EQ,,,,,ADF FOODS LIMITED,281.35,285.0,276.7,282.15,284.0,281.4,,282.16,,,145718,40966450.75,5097,F1,1,,,,,
2026-10-05,2026-10-05,CM,NSE,STK,20822,INE843S01025,SURAJEST,EQ,,,,,SURAJ ESTATE DEVELOPERS L,200.0,215.0,200.0,208.4,210.65,200.15,,208.38,,,145545,30470400.84,3573,F1,1,,,,,
2026-10-05,2026-10-05,CM,NSE,STK,761335,INE0J0B01017,KOTYARK,EQ,,,,,KOTYARK INDUSTRIES LTD,28.75,29.5,27.81,28.26,28.0,28.23,,28.27,,,145196,4157051.95,869,F1,1,,,,,
2026-10-05,2026-10-05,CM,NSE,STK,919,INE230A01023,EIHOTEL,EQ,,,,,EIH LIMITED,297.8,299.85,294.1,298.3,298.2,297.85,,298.3,,,145139,43160122.05,8029,F1,1,,,,,
2026-10-05,2026-10-05,CM,NSE,STK,757754,INE546C01010,PICCADIL,EQ,,,,,PICCADILY AGRO INDUSTRI L,581.0,595.0,579.1,588.45,593.0,581.05,,588.46,,,144930,85067436.35,8803,F1,1,,,,,
2026-10-05,2026-10-05,CM,NSE,STK,395,INE258A01024,BEML,EQ,,,,,BEML LIMITED,1966.7,1993.9,1942.0,1970.4,1965.0,1962.3,,1970.13,,,144626,284526122.4,19670,F1,1,,,,,
2026-10-05,2026-10-05,CM,NSE,STK,765035,INE566M01017,AZADIND,EQ,,,,,AZAD INDIA MOBILITY LTD.,86.5,88.87,80.0,83.05,80.0,85.95,,83.08,,,143982,12217051.88,1884,F1,1,,,,,
2026-10-05,2026-10-05,CM,NSE,STK,761675,INE0H9F01037,SAIPARENT,EQ,,,,,SAI PARENTERALS LIMITED,520.65,520.65,494.0,498.7,495.0,523.65,,498.74,,,143394,72512779.6,5119,F1,1,,,,,
2026-10-05,2026-10-05,CM,NSE,STK,20854,INE330T01021,HAPPYFORGE,EQ,,,,,HAPPY FORGINGS LIMITED,2003.0,2065.6,1991.0,2013.2,2001.5,2003.7,,2013.07,,,143370,290001450.7,32784,F1,1,,,,,
2026-10-05,2026-10-05,CM,NSE,STK,19299,INE353K01014,ITDC,EQ,,,,,INDIA TOUR. DEV. CO. LTD.,667.8,682.0,660.0,664.8,667.0,665.6,,664.77,,,143155,95948970.85,9168,F1,1,,,,,
2026-10-05,2026-10-05,CM,NSE,STK,1515,INE383A01012,INDIACEM,EQ,,,,,THE INDIA CEMENTS LIMITED,295.0,302.0,290.0,299.05,298.3,295.15,,299.07,,,143087,42690624.85,8279,F1,1,,,,,
2026-10-05,2026-10-05,CM,NSE,STK,14361,INE126J01016,APOLLOPIPE,EQ,,,,,APOLLO PIPES LIMITED,517.85,535.0,510.0,530.75,535.0,512.6,,530.72,,,142798,75222703.6,5375,F1,1,,,,,
2026-10-05,2026-10-05,CM,NSE,STK,15179,INE738I01010,ECLERX,EQ,,,,,ECLERX SERVICES LTD,1819.2,1898.0,1812.1,1884.3,1891.0,1802.9,,1884.47,,,142484,265968346.3,18436,F1,1,,,,,
2026-10-05,2026-10-05,CM,NSE,STK,3906,INE475E01026,CAPLIPOINT,EQ,,,,,CAPLIN POINT LAB LTD.,2609.7,2625.8,2541.1,2604.0,2586.0,2631.9,,2603.98,,,142329,367601542.8,24828,F1,1,,,,,
2026-10-05,2026-10-05,CM,NSE,STK,24856,INE0PQ101010,SSDL,EQ,,,,,SARASWATI SAREE DEPOT LTD,69.38,76.0,68.41,69.75,69.01,69.39,,69.76,,,141885,10139180.48,2329,F1,1,,,,,
2026-10-05,2026-10-05,CM,NSE,STK,20831,INE046W01019,MUTHOOTMF,EQ,,,,,MUTHOOT MICROFIN LIMITED,177.58,183.49,174.52,176.38,176.39,174.09,,176.39,,,141785,25181724.37,4028,F1,1,,,,,
2026-10-05,2026-10-05,CM,NSE,STK,19955,INE866K01023,WAAREEINDO,EQ,,,,,INDOSOLAR LIMITED,203.01,213.3,203.01,204.89,205.42,203.39,,204.88,,,141493,29250215.05,2436,F1,1,,,,,
2026-10-05,2026-10-05,CM,NSE,STK,11162,INE0JUS01029,HARSHA,EQ,,,,,HARSHA ENGINEERS INT LTD,475.0,476.6,460.15,462.3,462.95,474.5,,462.31,,,141186,66030594.95,7214,F1,1,,,,,
2026-10-05,2026-10-05,CM,NSE,STK,9592,INE0JA001018,VENUSPIPES,EQ,,,,,VENUS PIPES & TUBES LTD,2204.9,2279.1,2193.8,2206.4,2217.0,2204.9,,2206.36,,,141164,315161321.9,12927,F1,1,,,,,
2026-10-05,2026-10-05,CM,NSE,STK,11868,INE111B01023,63MOONS,EQ,,,,,63 MOONS TECHNOLOGIES LTD,805.35,821.0,785.0,789.75,785.1,802.25,,789.82,,,141052,112926152.3,7429,F1,1,,,,,
2026-10-05,2026-10-05,CM,NSE,STK,385,INE766P01016,MAHLOG,EQ,,,,,MAHINDRA LOGISTIC LIMITED,416.75,419.4,405.25,406.75,405.25,416.4,,406.78,,,140897,57847261.85,9123,F1,1,,,,,
2026-10-05,2026-10-05,CM,NSE,STK,6579,INE02NC01014,FINOPB,EQ,,,,,FINO PAYMENTS BANK LTD,130.75,130.9,127.2,128.5,129.5,128.22,,128.5,,,140754,18103683.0,1932,F1,1,,,,,
2026-10-05,2026-10-05,CM,NSE,STK,27067,INE050M01012,VSSL,EQ,,,,,VARDHMAN SPC STEEL LTD,381.0,388.35,375.85,386.1,384.0,383.3,,386.1,,,140448,53860567.95,5981,F1,1,,,,,
2026-10-05,2026-10-05,CM,NSE,STK,19184,INE916U01025,SFL,EQ,,,,,SHEELA FOAM LIMITED,622.85,634.85,615.7,620.45,618.05,616.65,,620.45,,,140174,87022590.6,10095,F1,1,,,,,
2026-10-05,2026-10-05,CM,NSE,STK,15017,INE215I01027,MAANALU,EQ,,,,,MAAN ALUMINIUM LIMITED,103.4,106.5,101.1,104.98,105.0,99.34,,104.98,,,139433,14624661.39,1948,F1,1,,,,,
2026-10-05,2026-10-05,CM,NSE,STK,4656,INE386D01027,SBCL,EQ,,,,,SHIVALIK BIMETAL CON. LTD,1087.3,1108.0,1070.0,1076.5,1074.1,1066.4,,1076.48,,,139325,151284412.0,13654,F1,1,,,,,
2026-10-05,2026-10-05,CM,NSE,STK,6445,INE285K01026,TECHNOE,EQ,,,,,TECHNO ELEC & ENG CO. LTD,999.0,1003.9,972.3,978.6,979.2,998.6,,978.63,,,138238,136099813.2,15856,F1,1,,,,,
2026-10-05,2026-10-05,CM,NSE,STK,5292,INE583R01029,PRITIKAUTO,EQ,,,,,PRITIKA AUTO INDUS LTD,16.05,16.73,15.85,16.02,16.14,16.11,,16.02,,,138076,2237270.13,806,F1,1,,,,,
2026-10-05,2026-10-05,CM,NSE,STK,13750,INE09N301011,FLUOROCHEM,EQ,,,,,GUJARAT FLUOROCHEM LTD,4399.0,4493.5,4343.0,4429.8,4458.1,4341.5,,4429.75,,,137290,603632257.1,25321,F1,1,,,,,
2026-10-05,2026-10-05,CM,NSE,STK,9408,INE961O01016,RAINBOW,EQ,,,,,RAINBOW CHILDRENS MED LTD,1285.8,1299.9,1263.6,1269.3,1275.0,1279.8,,1269.31,,,137076,174551517.7,30179,F1,1,,,,,
2026-10-05,2026-10-05,CM,NSE,STK,896,INE745B01028,KHAICHEM,EQ,,,,,KHAITAN CHEM & FERT LTD,50.0,50.5,47.5,48.03,48.1,49.22,,48.04,,,137074,6694400.75,1511,F1,1,,,,,
2026-10-05,2026-10-05,CM,NSE,STK,8546,INE427F01016,CHALET,EQ,,,,,CHALET HOTELS LIMITED,836.8,844.4,825.25,841.45,840.0,830.25,,841.47,,,136588,114212391.85,13535,F1,1,,,,,
2026-10-05,2026-10-05,CM,NSE,STK,13826,INE671H01015,SOBHA,EQ,,,,,SOBHA LIMITED,1214.0,1229.8,1187.8,1198.2,1190.3,1213.1,,1198.2,,,136038,164229917.2,13079,F1,1,,,,,
2026-10-05,2026-10-05,CM,NSE,STK,17833,INE758C01029,AHLUCONT,EQ,,,,,AHLUWALIA CONT IND LTD,560.0,579.0,550.7,569.8,570.65,555.9,,569.78,,,135950,77396168.4,7352,F1,1,,,,,
2026-10-05,2026-10-05,CM,NSE,STK,759062,INE0KKN01029,RHETAN,EQ,,,,,RHETAN TMT LIMITED,15.81,15.81,15.81,15.81,15.81,16.64,,15.81,,,135708,2145543.48,653,F1,1,,,,,
2026-10-05,2026-10-05,CM,NSE,STK,760346,INE428V01029,NEPHROPLUS,EQ,,,,,NEPHROCARE HEALTH SERV L,653.5,658.0,635.0,637.65,638.2,648.95,,637.64,,,135567,86860587.85,13600,F1,1,,,,,
2026-10-05,2026-10-05,CM,NSE,STK,12603,INE484I01029,PRECAM,EQ,,,,,PRECISION CAMSHAFTS LTD.,109.9,112.65,107.7,108.91,108.65,109.9,,108.86,,,135479,14809320.23,3468,F1,1,,,,,
2026-10-05,2026-10-05,CM,NSE,STK,18012,INE03HW01020,VLEGOV,EQ,,,,,VL E GOV AND IT SOL LTD,9.42,9.99,9.13,9.32,9.39,9.6,,9.32,,,135280,1274076.95,764,F1,1,,,,,
2026-10-05,2026-10-05,CM,NSE,STK,758863,INE06WU01026,LAXMIINDIA,EQ,,,,,LAXMI INDIA FINANCE LTD,118.11,121.19,112.1,112.94,113.04,119.02,,112.95,,,134952,15534051.79,2588,F1,1,,,,,
2026-10-05,2026-10-05,CM,NSE,STK,13211,INE199G01027,JAGRAN,EQ,,,,,JAGRAN PRAKASHAN LIMITED,61.55,62.0,61.11,61.33,61.18,61.55,,61.24,,,134875,8288783.8,1998,F1,1,,,,,
2026-10-05,2026-10-05,CM,NSE,STK,24809,INE00U401027,UNIECOM,EQ,,,,,UNICOMMERCE ESOLUTIONS L,82.52,83.69,81.11,81.54,81.2,82.58,,81.54,,,134369,11046253.13,2140,F1,1,,,,,
2026-10-05,2026-10-05,CM,NSE,STK,12101,INF179KC1IA8,HDFCNIFIT,EQ,,,,,HDFCAMC - HDFCNIFIT,30.39,31.0,29.99,30.15,30.3,29.87,,30.15,,,134271,4060802.55,458,F1,1,,,,,
2026-10-05,2026-10-05,CM,NSE,STK,14672,INE048G01026,NAVINFLUOR,EQ,,,,,NAVIN FLUORINE INT. LTD,8217.5,8333.5,8115.0,8272.0,8280.0,8136.5,,8271.99,,,133656,1100013182.5,41087,F1,1,,,,,
2026-10-05,2026-10-05,CM,NSE,STK,2256,INE138A01028,PENINLAND,EQ,,,,,PENINSULA LAND LIMITED,14.81,14.95,14.22,14.5,14.55,14.62,,14.53,,,133469,1943256.34,540,F1,1,,,,,
2026-10-05,2026-10-05,CM,NSE,STK,759439,INE0R8B01010,PATELRMART,EQ,,,,,PATEL RETAIL LIMITED,213.65,224.0,210.89,222.9,223.0,211.0,,222.88,,,133406,29228956.63,2747,F1,1,,,,,
2026-10-05,2026-10-05,CM,NSE,STK,3327,INE659A01023,SUDARSCHEM,EQ,,,,,SUDARSHAN CHEMICAL INDS L,1245.0,1260.0,1224.1,1229.2,1231.0,1241.5,,1229.27,,,131105,162231601.0,11562,F1,1,,,,,
2026-10-05,2026-10-05,CM,NSE,STK,1814,INE220B01022,KPIL,EQ,,,,,KALPATARU PROJECT INT LTD,1357.0,1396.6,1356.4,1378.8,1375.1,1356.4,,1378.8,,,130981,180886186.1,22422,F1,1,,,,,
2026-10-05,2026-10-05,CM,NSE,STK,11582,INE0HMF01019,TRACXN,EQ,,,,,TRACXN TECHNOLOGIES LTD,31.7,32.49,31.11,31.61,31.59,31.71,,31.58,,,130560,4142612.53,774,F1,1,,,,,
2026-10-05,2026-10-05,CM,NSE,STK,759103,INE00RL01028,HILINFRA,EQ,,,,,HIGHWAY INFRASTRUCTURE L,45.45,46.4,43.12,43.71,44.7,45.06,,43.74,,,130532,5763609.04,1868,F1,1,,,,,
2026-10-05,2026-10-05,CM,NSE,STK,16736,INE964W01021,MKPL,EQ,,,,,M K PROTEINS LIMITED,4.02,4.02,3.88,3.9,3.9,3.9,,3.9,,,130482,515018.16,430,F1,1,,,,,
2026-10-05,2026-10-05,CM,NSE,STK,13218,INE142Q01026,SULA,EQ,,,,,SULA VINEYARDS LIMITED,132.0,133.73,131.41,132.33,132.49,130.94,,132.33,,,130210,17228792.05,3338,F1,1,,,,,
2026-10-05,2026-10-05,CM,NSE,STK,757817,INF247L01FQ0,MOMIDMTM,EQ,,,,,MOTILALAMC - MOMIDMTM,62.72,62.77,61.07,61.09,61.07,61.49,,61.09,,,129407,7961671.1,526,F1,1,,,,,
2026-10-05,2026-10-05,CM,NSE,STK,13522,INE553C01016,NECCLTD,EQ,,,,,NORTH EAST CARRY CORP LTD,19.55,19.55,17.68,19.12,19.14,18.41,,19.12,,,129283,2413288.94,436,F1,1,,,,,
2026-10-05,2026-10-05,CM,NSE,STK,2388,INE045B01015,NELCO,EQ,,,,,NELCO LTD,897.0,915.0,880.05,885.1,887.0,889.2,,885.13,,,129029,115675937.7,6386,F1,1,,,,,
2026-10-05,2026-10-05,CM,NSE,STK,11566,INE0A1101019,DCI,EQ,,,,,DC INFOTECH AND COMUN LTD,339.55,344.7,324.0,343.15,344.0,342.95,,343.08,,,128476,43293771.85,4715,F1,1,,,,,
2026-10-05,2026-10-05,CM,NSE,STK,24823,INE545L01039,MANCREDIT,EQ,,,,,MANGAL CREDIT N FINCORP L,217.25,223.5,215.85,221.1,221.9,218.97,,221.1,,,128353,28302755.66,1133,F1,1,,,,,
2026-10-05,2026-10-05,CM,NSE,STK,3018,INE626A01014,SAURASHCEM,EQ,,,,,SAURASHTRA CEMENT LIMITED,53.32,53.95,50.4,51.4,51.0,53.37,,51.41,,,127808,6665940.21,860,F1,1,,,,,
2026-10-05,2026-10-05,CM,NSE,STK,14922,INE323I01011,PURVA,EQ,,,,,PURAVANKARA LIMITED,205.0,209.8,201.41,206.93,208.0,204.64,,206.94,,,126827,26049342.15,2515,F1,1,,,,,
2026-10-05,2026-10-05,CM,NSE,STK,25718,INE205C01021,POLYMED,EQ,,,,,POLY MEDICURE LIMITED,1630.0,1639.1,1595.1,1619.6,1622.0,1638.1,,1619.49,,,126764,205113096.6,14916,F1,1,,,,,
2026-10-05,2026-10-05,CM,NSE,STK,13870,INE529I01021,KUANTUM,EQ,,,,,KUANTUM PAPERS LIMITED,77.05,78.8,75.01,76.43,75.7,76.71,,76.42,,,126357,9723414.25,3367,F1,1,,,,,
2026-10-05,2026-10-05,CM,NSE,STK,17635,INE768C01028,ZYDUSWELL,EQ,,,,,ZYDUS WELLNESS LIMITED,499.75,502.1,482.0,483.8,484.95,493.25,,483.75,,,126114,61697373.75,11123,F1,1,,,,,
2026-10-05,2026-10-05,CM,NSE,STK,16045,INE689W01016,PRINCEPIPE,EQ,,,,,PRINCE PIPES FITTINGS LTD,246.9,251.0,243.2,247.45,248.5,246.9,,247.44,,,125575,31044053.2,4437,F1,1,,,,,
2026-10-05,2026-10-05,CM,NSE,STK,2496,INE592A01026,ORIENTPPR,EQ,,,,,ORIENT PAPER AND INDS LTD,16.11,16.49,16.03,16.17,16.23,16.23,,16.17,,,124998,2019815.69,526,F1,1,,,,,
2026-10-05,2026-10-05,CM,NSE,STK,15377,INE865T01018,PDMJEPAPER,EQ,,,,,PUDUMJEE PAPER PRO. LTD,96.29,97.68,94.25,95.85,96.5,95.56,,95.85,,,124848,11973235.75,2277,F1,1,,,,,
2026-10-05,2026-10-05,CM,NSE,STK,13236,INE226H01026,SADBHAV,EQ,,,,,SADBHAV ENGINEERING LTD,6.82,6.99,6.61,6.86,6.89,6.8,,6.86,,,124754,855081.77,355,F1,1,,,,,
2026-10-05,2026-10-05,CM,NSE,STK,24582,INE08NE01025,SANSTAR,EQ,,,,,SANSTAR LIMITED,105.0,107.19,102.85,104.73,103.35,103.0,,104.73,,,124564,13031485.61,4131,F1,1,,,,,
2026-10-05,2026-10-05,CM,NSE,STK,756038,INE299N01021,WAAREERTL,EQ,,,,,WAAREE RENEWABLE TECH LTD,809.95,831.0,807.2,809.1,808.6,808.8,,809.1,,,124142,101390527.1,12035,F1,1,,,,,
2026-10-05,2026-10-05,CM,NSE,STK,13091,INE184H01027,EKC,EQ,,,,,EVEREST KANTO CYLINDERLTD,106.0,107.99,104.0,105.13,104.4,106.01,,105.13,,,124137,13075638.32,2436,F1,1,,,,,
2026-10-05,2026-10-05,CM,NSE,STK,7227,INE0BV301023,MAPMYINDIA,EQ,,,,,C.E. INFO SYSTEMS LIMITED,854.45,880.0,853.05,873.4,873.1,845.75,,873.32,,,124043,107465566.45,10872,F1,1,,,,,
2026-10-05,2026-10-05,CM,NSE,STK,13111,INE569C01020,ORIENTCER,EQ,,,,,ORIENT CERATECH LIMITED,44.5,45.7,42.3,43.61,43.49,44.12,,43.62,,,123904,5393751.47,1434,F1,1,,,,,
2026-10-05,2026-10-05,CM,NSE,STK,4481,INE767A01016,AARTIDRUGS,EQ,,,,,AARTI DRUGS LTD.,424.9,425.35,413.6,415.0,414.5,421.0,,415.01,,,123549,51720552.25,4911,F1,1,,,,,
2026-10-05,2026-10-05,CM,NSE,STK,13814,INE0BTI01037,KAMOPAINTS,EQ,,,,,KAMDHENU VENTURES LIMITED,4.1,4.22,4.0,4.11,4.1,4.1,,4.11,,,123407,507080.59,551,F1,1,,,,,
2026-10-05,2026-10-05,CM,NSE,STK,30244,INE415D01024,BHARATSE,EQ,,,,,BHARAT SEATS LIMITED,205.0,211.0,201.49,202.86,201.49,204.65,,202.86,,,123062,25218219.07,3023,F1,1,,,,,
2026-10-05,2026-10-05,CM,NSE,STK,24595,INE573K01025,RUSHIL,EQ,,,,,RUSHIL DECOR LIMITED,15.68,16.1,15.37,15.46,15.44,15.9,,15.46,,,122974,1914112.06,664,F1,1,,,,,
2026-10-05,2026-10-05,CM,NSE,STK,11522,INE161A01038,NIITLTD,EQ,,,,,NIIT LIMITED,84.99,87.1,82.57,83.89,83.9,84.94,,83.87,,,122628,10303441.7,2441,F1,1,,,,,
2026-10-05,2026-10-05,CM,NSE,STK,7979,INF769K01IB1,MAKEINDIA,EQ,,,,,MIRAEAMC - MAMFGETF,156.23,156.23,153.9,154.82,154.49,154.68,,154.82,,,122521,18964207.61,833,F1,1,,,,,
2026-10-05,2026-10-05,CM,NSE,STK,14952,INE227G01018,INDOWIND,EQ,,,,,INDOWIND ENERGY LTD,8.44,8.74,8.3,8.41,8.36,8.44,,8.41,,,122499,1043959.23,597,F1,1,,,,,
2026-10-05,2026-10-05,CM,NSE,STK,11050,INE792Z01011,SIRCA,EQ,,,,,SIRCA PAINT INDIA LIMITED,401.6,404.8,400.15,401.7,401.9,401.55,,401.7,,,122332,49225495.75,2280,F1,1,,,,,
2026-10-05,2026-10-05,CM,NSE,STK,16915,INE342J01019,ZFCVINDIA,EQ,,,,,ZF COM VE CTR SYS IND LTD,2250.0,2269.8,2194.0,2201.3,2202.0,2241.0,,2201.34,,,121895,269456360.6,12787,F1,1,,,,,
2026-10-05,2026-10-05,CM,NSE,STK,471,INE143A01010,OSWALGREEN,EQ,,,,,OSWAL GREENTECH LIMITED,19.5,19.7,19.0,19.14,19.1,19.28,,19.14,,,121806,2356174.39,2112,F1,1,,,,,
2026-10-05,2026-10-05,CM,NSE,STK,6863,INE411U01027,BAJAJHCARE,EQ,,,,,BAJAJ HEALTHCARE LIMITED,320.1,329.0,317.1,319.1,318.6,322.95,,319.09,,,121713,39050067.8,4833,F1,1,,,,,
2026-10-05,2026-10-05,CM,NSE,STK,1826,INE967C01018,KAMATHOTEL,EQ,,,,,KAMAT HOTELS (I) LTD,238.4,248.86,236.5,245.99,247.5,237.45,,245.95,,,121580,29655683.98,3773,F1,1,,,,,
2026-10-05,2026-10-05,CM,NSE,STK,18593,INE0OV601013,EMSLIMITED,EQ,,,,,EMS LIMITED,335.0,337.35,324.3,327.8,325.35,331.55,,327.8,,,121022,39986681.1,5002,F1,1,,,,,
2026-10-05,2026-10-05,CM,NSE,STK,762802,INE200D01020,MMWL,EQ,,,,,MEDIA MATRIX WORLDWIDE L,16.33,16.33,16.32,16.33,16.33,15.56,,16.45,,,120682,1970725.06,81,F1,1,,,,,
2026-10-05,2026-10-05,CM,NSE,STK,11943,INE942G01012,MCLEODRUSS,EQ,,,,,MCLEOD RUSSEL INDIA LTD.,42.0,42.99,41.2,41.58,41.45,42.51,,41.58,,,120678,5089361.49,875,F1,1,,,,,
2026-10-05,2026-10-05,CM,NSE,STK,14992,INE429I01024,CCCL,EQ,,,,,CONS. CONST. CONSORT LTD,13.44,13.49,12.9,13.19,13.26,13.45,,13.19,,,120507,1588665.98,480,F1,1,,,,,
2026-10-05,2026-10-05,CM,NSE,STK,758595,INF769K01PB6,INTERNET,EQ,,,,,MIRAEAMC - INTERNET,13.31,13.52,13.28,13.46,13.43,13.2,,13.46,,,120023,1609251.66,287,F1,1,,,,,
2026-10-05,2026-10-05,CM,NSE,STK,28125,INE115Q01022,IKS,EQ,,,,,INVENTURUS KNOWLEDGE SO L,1791.0,1798.3,1742.5,1766.8,1751.2,1776.4,,1766.68,,,119886,212500237.1,13150,F1,1,,,,,
2026-10-05,2026-10-05,CM,NSE,STK,4751,INE681B01017,INDRAMEDCO,EQ,,,,,INDRAPRASTHA MEDICAL CORP,341.85,342.25,331.55,333.95,332.2,338.6,,333.96,,,119110,39954292.35,6526,F1,1,,,,,
2026-10-05,2026-10-05,CM,NSE,STK,16123,INE316L01019,BHARATWIRE,EQ,,,,,BHARAT WIRE ROPES LTD.,160.1,164.6,160.1,162.25,162.0,160.12,,162.24,,,118991,19338531.7,2953,F1,1,,,,,
2026-10-05,2026-10-05,CM,NSE,STK,21478,INF789F1AUW9,NEXT50BETA,EQ,,,,,UTIAMC-NEXT50BETA,74.71,75.88,74.42,75.03,75.69,74.7,,75.03,,,118869,8907591.38,1209,F1,1,,,,,
2026-10-05,2026-10-05,CM,NSE,STK,759769,INE28GN01010,ADVENTHTL,EQ,,,,,ADVENT HOTELS INTERNATI L,125.2,126.72,121.25,123.12,125.24,123.77,,123.13,,,118617,14646519.94,2131,F1,1,,,,,
2026-10-05,2026-10-05,CM,NSE,STK,2124,INE759A01021,MASTEK,EQ,,,,,MASTEK LTD,1591.4,1633.9,1590.0,1608.2,1604.0,1555.6,,1608.15,,,118393,190952198.7,14182,F1,1,,,,,
2026-10-05,2026-10-05,CM,NSE,STK,759152,INE0SJA01013,VMSTMT,EQ,,,,,VMS TMT LIMITED,46.95,48.0,42.5,44.34,44.57,46.65,,44.35,,,117745,5246403.64,1565,F1,1,,,,,
2026-10-05,2026-10-05,CM,NSE,STK,10297,INE050001010,PPL,EQ,,,,,PRAKASH PIPES LIMITED,243.95,269.9,243.65,253.1,252.5,243.55,,253.1,,,117672,30541751.5,3469,F1,1,,,,,
2026-10-05,2026-10-05,CM,NSE,STK,24715,INE09XN01023,AKUMS,EQ,,,,,AKUMS DRUGS AND PHARMA L,819.0,825.0,796.35,801.35,798.2,813.1,,801.32,,,117017,94453573.8,9967,F1,1,,,,,
2026-10-05,2026-10-05,CM,NSE,STK,9917,INE136S01016,NEOGEN,EQ,,,,,NEOGEN CHEMICALS LIMITED,2419.0,2447.9,2300.0,2311.2,2316.0,2407.1,,2311.34,,,116983,274573342.1,19082,F1,1,,,,,
2026-10-05,2026-10-05,CM,NSE,STK,3579,INE351A01035,UNICHEMLAB,EQ,,,,,UNICHEM LABORATORIES LTD,536.2,545.0,512.0,531.45,531.2,535.05,,531.48,,,116755,61823640.9,6292,F1,1,,,,,
2026-10-05,2026-10-05,CM,NSE,STK,758680,INE0MHO01029,REGAAL,EQ,,,,,REGAAL RESOURCES LIMITED,85.75,87.44,85.05,85.78,85.05,85.99,,85.77,,,116458,10051555.21,1999,F1,1,,,,,
2026-10-05,2026-10-05,CM,NSE,STK,25892,INE0OPA01027,DBEIL,EQ,,,,,DEEPAK BUILDERS & ENG I L,6.7,6.7,6.32,6.4,6.4,6.5,,6.4,,,116394,751898.69,347,F1,1,,,,,
2026-10-05,2026-10-05,CM,NSE,STK,14314,INE592B01024,TTL,EQ,,,,,T T LIMITED,8.0,8.0,7.65,7.77,7.8,7.85,,7.77,,,116374,904600.1,364,F1,1,,,,,
2026-10-05,2026-10-05,CM,NSE,STK,199,INE348L01012,MASFIN,EQ,,,,,MAS FINANCIAL SERV LTD,272.4,276.95,266.55,267.75,267.95,272.85,,267.77,,,115766,31219225.6,5853,F1,1,,,,,
2026-10-05,2026-10-05,CM,NSE,STK,4491,INE782A01015,BOSCH-HCIL,EQ,,,,,BOSCH HOME COMFRT IND LTD,1999.0,2036.9,1973.0,1998.2,1991.2,1967.2,,1998.16,,,115592,231334037.5,18486,F1,1,,,,,
2026-10-05,2026-10-05,CM,NSE,STK,24265,INE778B01029,ESTER,EQ,,,,,ESTER INDUSTRIES LTD,96.0,97.99,92.95,93.4,93.6,95.52,,93.4,,,115591,11049358.0,1713,F1,1,,,,,
2026-10-05,2026-10-05,CM,NSE,STK,13648,INE187D01029,TALBROAUTO,EQ,,,,,TALBROS AUTO. COMP. LTD,421.0,422.45,408.0,416.45,417.3,419.7,,416.45,,,115228,47716171.7,6004,F1,1,,,,,
2026-10-05,2026-10-05,CM,NSE,STK,28879,INE0V7W01012,CARRARO,EQ,,,,,CARRARO INDIA LIMITED,518.5,526.45,508.5,518.9,520.5,518.1,,518.91,,,114896,59448142.45,9188,F1,1,,,,,
2026-10-05,2026-10-05,CM,NSE,STK,13332,INE343H01029,SOLARINDS,EQ,,,,,SOLAR INDUSTRIES (I) LTD,19450.0,19616.0,19275.0,19540.0,19540.0,19400.0,,19539.46,,,114870,2227943567.0,28188,F1,1,,,,,
2026-10-05,2026-10-05,CM,NSE,STK,1185,INE371P01015,AMBER,EQ,,,,,AMBER ENTERPRISES (I) LTD,6535.0,6652.5,6492.0,6585.0,6585.0,6500.0,,6584.79,,,114789,753827215.0,22611,F1,1,,,,,
2026-10-05,2026-10-05,CM,NSE,STK,3237,INE643A01035,JTEKTINDIA,EQ,,,,,JTEKT INDIA LIMITED,116.3,117.86,113.07,113.68,113.4,115.84,,113.68,,,114675,13160208.48,1962,F1,1,,,,,
2026-10-05,2026-10-05,CM,NSE,STK,14260,INE940H01022,PGIL,EQ,,,,,PEARL GLOBAL IND LIMITED,1267.5,1289.3,1255.0,1266.5,1275.0,1263.0,,1266.6,,,114074,144815021.3,19943,F1,1,,,,,
2026-10-05,2026-10-05,CM,NSE,STK,21704,INE385W01011,DCAL,EQ,,,,,DISHMAN CARBO AMCIS LTD,153.99,154.67,149.1,151.5,152.2,150.35,,151.47,,,113660,17267284.45,3650,F1,1,,,,,
2026-10-05,2026-10-05,CM,NSE,STK,17881,INE950I01011,DBCORP,EQ,,,,,D.B.CORP LTD,175.0,177.19,170.01,171.08,171.5,172.52,,171.09,,,113125,19569100.29,2730,F1,1,,,,,
2026-10-05,2026-10-05,CM,NSE,STK,18822,INE913H01037,ENDURANCE,EQ,,,,,ENDURANCE TECHNO. LTD.,2609.9,2617.0,2502.7,2526.5,2527.9,2601.4,,2526.44,,,112901,286538656.5,26930,F1,1,,,,,
2026-10-05,2026-10-05,CM,NSE,STK,827,INE501A01019,DEEPAKFERT,EQ,,,,,DEEPAK FERTILIZERS & PETR,1300.9,1322.5,1292.0,1297.7,1298.0,1300.9,,1297.56,,,112778,146750671.7,10785,F1,1,,,,,
2026-10-05,2026-10-05,CM,NSE,STK,338,INE164A01016,BALMLAWRIE,EQ,,,,,BALMER LAWRIE & CO LTD,161.75,162.0,157.5,158.59,158.5,159.3,,158.59,,,112768,17886160.82,2132,F1,1,,,,,
2026-10-05,2026-10-05,CM,NSE,STK,1053,INE516A01017,UFLEX,EQ,,,,,UFLEX LIMITED,651.15,669.35,636.5,639.2,640.1,649.85,,639.2,,,112152,72574615.15,5295,F1,1,,,,,
2026-10-05,2026-10-05,CM,NSE,STK,11705,INE692G01013,XCHANGING,EQ,,,,,XCHANGING SOLUTIONS LTD,60.45,61.0,57.28,58.13,58.5,59.73,,58.13,,,111368,6616081.4,1507,F1,1,,,,,
2026-10-05,2026-10-05,CM,NSE,STK,29944,INF174KA1UW4,NIFTY100EW,EQ,,,,,KOTAKMAMC - NIFTY100EW,33.69,33.69,32.87,33.1,33.14,33.52,,33.1,,,111271,3681734.29,514,F1,1,,,,,
2026-10-05,2026-10-05,CM,NSE,STK,3292,INE0FHS01024,DEEPINDS,EQ,,,,,DEEP INDUSTRIES LIMITED,750.9,762.9,731.4,747.05,743.2,749.0,,746.94,,,111244,83185593.4,7843,F1,1,,,,,
2026-10-05,2026-10-05,CM,NSE,STK,765568,INE0I1B01016,PERNIASPOP,EQ,,,,,PURPLE STYLE LABS LIMITED,525.0,535.0,518.0,523.75,522.0,544.7,,524.03,,,111092,58094860.1,5488,F1,1,,,,,
2026-10-05,2026-10-05,CM,NSE,STK,13001,INE00OQ01016,DHARMAJ,EQ,,,,,DHARMAJ CROP GUARD LTD,265.65,272.3,261.6,265.0,265.0,267.65,,265.0,,,110832,29525031.45,3679,F1,1,,,,,
2026-10-05,2026-10-05,CM,NSE,STK,759374,INF247L01GH7,MOENERGY,EQ,,,,,MOTILALAMC - MOENERGY,37.42,37.42,36.69,36.87,36.99,36.69,,36.87,,,110816,4093358.66,969,F1,1,,,,,
2026-10-05,2026-10-05,CM,NSE,STK,6943,INE144Z01023,TARSONS,EQ,,,,,TARSONS PRODUCTS LIMITED,329.5,343.45,327.05,335.95,335.0,329.4,,335.94,,,109967,37117119.75,5107,F1,1,,,,,
2026-10-05,2026-10-05,CM,NSE,STK,3009,INE080B01012,KOHINOOR,EQ,,,,,KOHINOOR FOODS LIMITED,30.03,30.52,28.4,28.95,28.4,30.03,,28.95,,,109794,3254102.81,2051,F1,1,,,,,
2026-10-05,2026-10-05,CM,NSE,STK,14912,INE930H01031,KPRMILL,EQ,,,,,KPR MILL LTD.,1072.0,1080.4,1052.0,1072.6,1073.9,1071.0,,1072.6,,,109665,117270505.0,11011,F1,1,,,,,
2026-10-05,2026-10-05,CM,NSE,STK,5366,INE0H5O01029,WINDLAS,EQ,,,,,WINDLAS BIOTECH LIMITED,1082.4,1094.1,1009.0,1017.9,1017.2,1082.4,,1017.91,,,109660,113639410.2,11610,F1,1,,,,,
2026-10-05,2026-10-05,CM,NSE,STK,25392,INE305C01029,PANAMAPET,EQ,,,,,PANAMA PETROCHEM LTD,491.0,497.0,480.0,482.2,486.8,487.1,,482.2,,,109018,52942619.95,5627,F1,1,,,,,
2026-10-05,2026-10-05,CM,NSE,STK,7374,INE939A01011,STAR,EQ,,,,,STRIDES PHARMA SCI LTD,1087.0,1109.9,1077.6,1086.7,1083.0,1084.8,,1086.65,,,108287,118240268.3,14181,F1,1,,,,,
2026-10-05,2026-10-05,CM,NSE,STK,2289,INE461D01028,HLEGLAS,EQ,,,,,HLE GLASCOAT LIMITED,444.65,452.0,424.45,425.85,426.0,442.05,,425.83,,,108277,47331249.1,4980,F1,1,,,,,
2026-10-05,2026-10-05,CM,NSE,STK,13580,INE855R01021,RADIANTCMS,EQ,,,,,RADIANT CASH MGMT SER LTD,35.75,35.98,34.7,34.92,35.03,35.89,,34.93,,,108260,3803083.22,1291,F1,1,,,,,
2026-10-05,2026-10-05,CM,NSE,STK,206,INE440A01010,ASHIMASYN,EQ,,,,,ASHIMA LTD,15.3,15.69,14.77,15.0,15.0,15.31,,14.99,,,108237,1636048.81,484,F1,1,,,,,
2026-10-05,2026-10-05,CM,NSE,STK,759867,INE0ILV01024,CAPILLARY,EQ,,,,,CAPILLARY TECHNO INDIA L,560.0,564.7,538.0,546.1,544.0,554.7,,546.13,,,108170,59208635.35,4256,F1,1,,,,,
2026-10-05,2026-10-05,CM,NSE,STK,19943,INE288B01029,DEEPAKNTR,EQ,,,,,DEEPAK NITRITE LTD,1497.9,1522.0,1488.2,1497.0,1497.8,1492.8,,1497.01,,,108056,162114397.4,13612,F1,1,,,,,
2026-10-05,2026-10-05,CM,NSE,STK,11271,INE506A01018,DREDGECORP,EQ,,,,,DREDGING CORP OF INDIA,895.2,936.0,895.2,903.9,906.5,895.2,,903.91,,,107924,97901890.2,5722,F1,1,,,,,
2026-10-05,2026-10-05,CM,NSE,STK,20321,INE274V01019,SHANKARA,EQ,,,,,SHANKARA BLDG PRODUCT LTD,124.0,124.0,117.0,118.16,118.25,124.4,,118.16,,,107711,12957646.06,1623,F1,1,,,,,
2026-10-05,2026-10-05,CM,NSE,STK,8944,INE01EG01016,RITCO,EQ,,,,,RITCO LOGISTICS LIMITED,281.85,288.6,277.25,284.35,287.2,276.7,,284.63,,,107523,30479709.35,1553,F1,1,,,,,
2026-10-05,2026-10-05,CM,NSE,STK,31017,INE480M01011,THOMASCOTT,EQ,,,,,THOMAS SCOTT (INDIA) LTD,302.0,309.0,272.0,278.85,275.55,300.2,,278.88,,,107168,31429895.85,4190,F1,1,,,,,
2026-10-05,2026-10-05,CM,NSE,STK,1465,INE648Z01023,ACCURACY,EQ,,,,,ACCURACY SHIPPING LIMITED,4.19,4.23,4.06,4.15,4.15,4.13,,4.15,,,106900,447002.77,254,F1,1,,,,,
2026-10-05,2026-10-05,CM,NSE,STK,13844,INE227C01017,MMFL,EQ,,,,,MM FORGINGS LTD,573.0,579.0,548.0,552.5,553.0,571.95,,552.5,,,106475,59490532.8,6295,F1,1,,,,,
2026-10-05,2026-10-05,CM,NSE,STK,762568,INE177C01022,BATLIBOI,EQ,,,,,BATLIBOI LTD.,84.0,90.61,81.5,89.78,88.88,82.35,,89.78,,,106409,9382298.58,1695,F1,1,,,,,
2026-10-05,2026-10-05,CM,NSE,STK,11580,INE274F01020,WESTLIFE,EQ,,,,,WESTLIFE FOODWORLD LTD,591.0,606.5,586.0,590.95,588.6,588.05,,590.99,,,106325,63277072.45,7472,F1,1,,,,,
2026-10-05,2026-10-05,CM,NSE,STK,14972,INE455I01029,KSCL,EQ,,,,,KAVERI SEED CO. LTD.,722.55,726.0,698.0,701.55,702.9,715.1,,701.57,,,106240,75018936.5,5819,F1,1,,,,,
2026-10-05,2026-10-05,CM,NSE,STK,2969,INE623A01011,SAKHTISUG,EQ,,,,,SAKTHI SUGARS LTD,17.51,18.35,17.5,17.8,17.76,17.58,,17.8,,,106089,1896123.24,666,F1,1,,,,,
2026-10-05,2026-10-05,CM,NSE,STK,8727,INE151G01028,SHAILY,EQ,,,,,SHAILY ENG PLASTICS LTD,3020.0,3079.0,2979.3,3012.8,3020.0,3009.1,,3012.67,,,105774,320532463.5,25274,F1,1,,,,,
2026-10-05,2026-10-05,CM,NSE,STK,22360,INE813V01022,MCL,EQ,,,,,M TEK COPPER LIMITED,55.73,55.98,51.15,52.08,52.21,54.64,,52.08,,,105418,5586399.97,2140,F1,1,,,,,
2026-10-05,2026-10-05,CM,NSE,STK,29098,INE0HR601026,DDEVPLSTIK,EQ,,,,,DDEV PLASTIKS IND LTD,248.2,252.0,242.25,243.13,242.25,247.61,,243.1,,,104792,25769480.13,2270,F1,1,,,,,
2026-10-05,2026-10-05,CM,NSE,STK,8124,INE031B01049,AJANTPHARM,EQ,,,,,AJANTA PHARMA LIMITED,3581.4,3588.6,3459.0,3486.0,3499.7,3581.0,,3486.08,,,104722,367174760.2,22710,F1,1,,,,,
2026-10-05,2026-10-05,CM,NSE,STK,29624,INE274Y01021,AJAXENGG,EQ,,,,,AJAX ENGINEERING LIMITED,582.05,600.5,582.05,594.25,589.05,586.4,,594.2,,,104544,62019279.2,7501,F1,1,,,,,
2026-10-05,2026-10-05,CM,NSE,STK,13121,INE202H01019,KERNEX,EQ,,,,,KERNEX MICROSYS(I) LTD,1661.0,1677.9,1620.0,1661.8,1660.0,1643.5,,1661.64,,,104377,172036543.9,10380,F1,1,,,,,
2026-10-05,2026-10-05,CM,NSE,STK,2562,INE275B01026,HUHTAMAKI,EQ,,,,,HUHTAMAKI INDIA LIMITED,232.95,234.8,226.1,227.52,226.1,232.72,,227.54,,,103891,23839626.88,3982,F1,1,,,,,
2026-10-05,2026-10-05,CM,NSE,STK,28805,INE0JPD01013,SANATHAN,EQ,,,,,SANATHAN TEXTILES LIMITED,511.0,532.3,506.5,528.35,523.0,504.35,,528.28,,,103861,54303196.5,4881,F1,1,,,,,
2026-10-05,2026-10-05,CM,NSE,STK,759951,INE00YJ01010,JARO,EQ,,,,,JARO INS OF TEC MG N RE L,414.3,414.3,401.15,405.15,403.0,408.4,,405.17,,,103783,42165000.2,2640,F1,1,,,,,
2026-10-05,2026-10-05,CM,NSE,STK,10619,INF179KC1HS2,HDFCNEXT50,EQ,,,,,HDFCAMC - HDFCNEXT50,70.93,71.18,70.31,70.81,71.08,70.5,,70.81,,,102791,7274464.94,1116,F1,1,,,,,
2026-10-05,2026-10-05,CM,NSE,STK,23806,INF209KB19Z4,ABSLPSE,EQ,,,,,BIRLASLAMC-ABSLPSE,9.82,9.82,9.62,9.7,9.7,9.73,,9.72,,,102705,995121.6,552,F1,1,,,,,
2026-10-05,2026-10-05,CM,NSE,STK,11703,INE540L01014,ALKEM,EQ,,,,,ALKEM LABORATORIES LTD.,5210.0,5235.0,5136.0,5192.5,5192.5,5220.0,,5192.5,,,102619,529951718.5,16919,F1,1,,,,,
2026-10-05,2026-10-05,CM,NSE,STK,21062,INE0DUT01020,INNOVACAP,EQ,,,,,INNOVA CAPTAB LIMITED,1168.5,1193.0,1119.8,1145.4,1143.1,1168.0,,1145.34,,,102598,117193136.3,11498,F1,1,,,,,
2026-10-05,2026-10-05,CM,NSE,STK,11491,INE372A01015,APARINDS,EQ,,,,,APAR INDUSTRIES LTD.,17844.0,18379.0,17750.0,18102.0,18150.0,17648.0,,18102.12,,,102559,1856448911.0,34835,F1,1,,,,,
2026-10-05,2026-10-05,CM,NSE,STK,759517,INE0XAD01024,MIDWESTLTD,EQ,,,,,MIDWEST LIMITED,938.85,942.65,908.7,914.75,924.5,904.15,,914.77,,,102439,93931527.35,5387,F1,1,,,,,
2026-10-05,2026-10-05,CM,NSE,STK,2073,INE825A01020,VTL,EQ,,,,,VARDHMAN TEXTILES LIMITED,532.0,538.9,527.65,529.9,528.95,529.25,,529.79,,,102074,54300247.15,8016,F1,1,,,,,
2026-10-05,2026-10-05,CM,NSE,STK,762747,INE338F01015,KLBRENG-B,EQ,,,,,KILBURN ENGINEERING LTD.,530.0,538.65,517.55,524.3,523.0,523.95,,524.08,,,101469,53416621.85,4932,F1,1,,,,,
2026-10-05,2026-10-05,CM,NSE,STK,9392,INE359U01028,LANCER,EQ,,,,,LANCER CONTAINER LINES L,11.34,11.34,11.05,11.15,11.19,11.05,,11.16,,,101261,1132746.53,536,F1,1,,,,,
2026-10-05,2026-10-05,CM,NSE,STK,3724,INE710A01016,VSTIND,EQ,,,,,VST INDUSTRIES LTD,204.5,204.5,200.1,200.92,201.0,201.14,,200.92,,,101204,20364399.41,3198,F1,1,,,,,
2026-10-05,2026-10-05,CM,NSE,STK,757845,INE06ST01018,INDIQUBE,EQ,,,,,INDIQUBE SPACES LIMITED,200.0,200.0,193.81,197.4,198.0,197.49,,197.4,,,101074,19795673.89,1070,F1,1,,,,,
2026-10-05,2026-10-05,CM,NSE,STK,759210,INE0MWH01014,TRUALT,EQ,,,,,TRUALT BIOENERGY LIMITED,444.65,457.15,436.95,442.3,443.8,444.3,,442.37,,,100918,44931937.5,4158,F1,1,,,,,
2026-10-05,2026-10-05,CM,NSE,STK,16658,INE0A0S01028,SIGMA,EQ,,,,,SIGMA SOLVE LIMITED,46.0,46.15,43.31,43.83,44.31,44.91,,43.85,,,100749,4492142.38,1584,F1,1,,,,,
2026-10-05,2026-10-05,CM,NSE,STK,1937,INE268B01013,KREBSBIO,EQ,,,,,KREBS BIOCHEMICALS & IND,66.12,67.0,62.2,63.96,64.0,68.05,,63.96,,,100565,6508442.99,1297,F1,1,,,,,
2026-10-05,2026-10-05,CM,NSE,STK,4127,INE699B01027,SAMBHAAV,EQ,,,,,SAMBHAAV MEDIA LTD,5.88,5.88,5.22,5.3,5.22,5.42,,5.29,,,100521,541651.11,206,F1,1,,,,,
2026-10-05,2026-10-05,CM,NSE,STK,19525,INE886A01014,IITL,EQ,,,,,INDUSTRIAL INV TRUST LTD,132.56,135.0,127.1,129.4,133.5,132.56,,129.4,,,100228,13299759.96,965,F1,1,,,,,
2026-10-05,2026-10-05,CM,NSE,STK,761680,INE921L01032,POWERICA,EQ,,,,,POWERICA LIMITED,589.05,600.35,584.0,587.15,587.0,589.15,,587.02,,,100209,59152949.95,4888,F1,1,,,,,
2026-10-05,2026-10-05,CM,NSE,STK,2397,INE278H01035,SANDHAR,EQ,,,,,SANDHAR TECHNOLOGIES LTD,568.0,572.75,552.0,555.3,554.65,563.85,,555.46,,,100180,56087020.6,5951,F1,1,,,,,
2026-10-05,2026-10-05,CM,NSE,STK,18417,INE0N2P01017,RISHABH,EQ,,,,,RISHABH INSTRUMENTS LTD,709.3,714.0,680.0,686.2,687.15,698.8,,686.23,,,99703,68811699.3,7310,F1,1,,,,,
2026-10-05,2026-10-05,CM,NSE,STK,13875,INE742C01031,JINDRILL,EQ,,,,,JINDAL DRILLING IND. LTD,587.65,593.9,583.15,585.95,586.2,587.65,,585.93,,,99604,58581460.15,4354,F1,1,,,,,
2026-10-05,2026-10-05,CM,NSE,STK,13656,INE062D01024,ALICON,EQ,,,,,ALICON CASTALLOY LIMITED,889.8,889.9,832.05,848.95,854.0,871.95,,849.02,,,99365,85418154.7,8522,F1,1,,,,,
2026-10-05,2026-10-05,CM,NSE,STK,762690,INE207H01018,GNRL,EQ,,,,,GUJARAT NATURAL RES L,97.4,98.3,95.51,96.77,95.63,97.18,,96.76,,,98661,9534150.69,1274,F1,1,,,,,
2026-10-05,2026-10-05,CM,NSE,STK,759522,INF666M01MO0,GROWWSC250,EQ,,,,,GROWWAMC - GROWWSC250,10.19,10.4,10.11,10.18,10.21,10.19,,10.18,,,98314,1005890.95,854,F1,1,,,,,
2026-10-05,2026-10-05,CM,NSE,STK,6164,INE414D01027,BHAGCHEM,EQ,,,,,BHAGIRADHA CHEM & INDS L,233.56,239.04,228.0,229.14,229.5,236.15,,229.14,,,98290,22714548.5,1785,F1,1,,,,,
2026-10-05,2026-10-05,CM,NSE,STK,8654,INF247L01BL0,MOLOWVOL,EQ,,,,,MOTILALAMC - MOLOWVOL,33.05,34.55,33.05,33.95,34.18,33.9,,33.96,,,98219,3332460.61,68,F1,1,,,,,
2026-10-05,2026-10-05,CM,NSE,STK,28906,INE040D01038,MAYURUNIQ,EQ,,,,,MAYUR UNIQUOTERS LTD,715.4,718.45,694.3,706.55,711.9,711.55,,706.56,,,98146,69255501.6,12991,F1,1,,,,,
2026-10-05,2026-10-05,CM,NSE,STK,28764,INE037Z01029,CEWATER,EQ,,,,,CONCORD ENVIRO SYSTEMS L,253.45,267.0,250.6,259.1,256.55,253.45,,259.04,,,98075,25197116.75,3725,F1,1,,,,,
2026-10-05,2026-10-05,CM,NSE,STK,18102,INF174K014P6,NIFTY1,EQ,,,,,KOTAK NIFTY ETF,249.52,252.97,248.92,250.5,250.37,249.52,,250.51,,,97714,24459443.04,2870,F1,1,,,,,
2026-10-05,2026-10-05,CM,NSE,STK,5206,INE449C01025,ANDREWYU,EQ,,,,,ANDREW YULE & CO. LTD.,25.0,25.9,24.11,25.34,25.38,24.98,,25.33,,,97343,2431054.7,699,F1,1,,,,,
2026-10-05,2026-10-05,CM,NSE,STK,5265,INE03Q201024,ALIVUS,EQ,,,,,ALIVUS LIFE SCIENCES LTD,1376.0,1398.0,1349.2,1373.7,1373.8,1374.2,,1373.67,,,97234,133164870.6,18167,F1,1,,,,,
2026-10-05,2026-10-05,CM,NSE,STK,8696,INE366I01010,VRLLOG,EQ,,,,,VRL LOGISTICS LIMITED,285.6,286.6,283.1,285.0,285.0,285.05,,285.0,,,97202,27690669.3,2717,F1,1,,,,,
2026-10-05,2026-10-05,CM,NSE,STK,13101,INE579C01029,VIMTALABS,EQ,,,,,VIMTA LABS LIMITED,585.0,604.0,570.5,571.75,573.0,584.35,,571.74,,,96965,56288169.25,9030,F1,1,,,,,
2026-10-05,2026-10-05,CM,NSE,STK,13941,INE505C01016,PRAENG,EQ,,,,,PRAJAY ENG. SYN. LTD.,20.0,20.5,18.21,19.01,19.25,20.09,,19.03,,,96275,1862028.96,461,F1,1,,,,,
2026-10-05,2026-10-05,CM,NSE,STK,14423,INE059D01020,LAOPALA,EQ,,,,,LA OPALA RG LIMITED,156.5,159.53,154.0,154.47,154.5,156.11,,154.47,,,96190,15015612.72,3619,F1,1,,,,,
2026-10-05,2026-10-05,CM,NSE,STK,9921,INE914E01040,ALANKIT,EQ,,,,,ALANKIT LIMITED,7.67,7.85,7.5,7.61,7.55,7.65,,7.61,,,96028,736031.63,532,F1,1,,,,,
2026-10-05,2026-10-05,CM,NSE,STK,335,INE787D01026,BALKRISIND,EQ,,,,,BALKRISHNA IND. LTD,2083.5,2097.9,2059.0,2066.5,2059.2,2083.5,,2066.52,,,95715,198632095.0,16355,F1,1,,,,,
2026-10-05,2026-10-05,CM,NSE,STK,3807,INE505Y01010,VINEETLAB,EQ,,,,,VINEET LABORATORIES LTD,36.4,37.7,35.49,37.57,37.03,35.91,,37.61,,,95641,3537441.11,495,F1,1,,,,,
2026-10-05,2026-10-05,CM,NSE,STK,27084,INE0CJD01029,KMEW,EQ,,,,,KNOWLEDGE MARINE & EN W L,2950.0,3033.0,2921.7,2992.5,2998.0,2950.1,,2992.46,,,95247,284046418.4,17643,F1,1,,,,,
2026-10-05,2026-10-05,CM,NSE,STK,757794,INE03NU01014,BRIGHOTEL,EQ,,,,,BRIGADE HOTEL VENTURE LTD,57.01,57.4,56.2,57.06,57.4,56.94,,57.06,,,95219,5429227.65,1874,F1,1,,,,,
2026-10-05,2026-10-05,CM,NSE,STK,18086,INE917M01012,DBL,EQ,,,,,DILIP BUILDCON LIMITED,398.05,405.15,393.1,396.3,395.0,399.1,,396.31,,,94930,37772231.4,3802,F1,1,,,,,
2026-10-05,2026-10-05,CM,NSE,STK,762727,INE586E01020,IWP,EQ,,,,,INDIAN WOOD PRODUCTS CO L,36.46,40.83,35.01,38.73,38.8,36.46,,38.73,,,94608,3607538.43,837,F1,1,,,,,
2026-10-05,2026-10-05,CM,NSE,STK,5264,INE111Q01021,PDSL,EQ,,,,,PDS LIMITED,351.1,354.9,339.15,342.3,345.0,347.55,,342.32,,,94396,32486592.6,4733,F1,1,,,,,
2026-10-05,2026-10-05,CM,NSE,STK,10188,INE979R01011,SHYAMCENT,EQ,,,,,SHYAM CENTURY FERROUS LTD,5.45,5.45,4.9,5.07,5.1,5.0,,5.07,,,93969,479210.2,1233,F1,1,,,,,
2026-10-05,2026-10-05,CM,NSE,STK,19235,INE919H01018,IMFA,EQ,,,,,INDIAN METALS & FERRO,1187.5,1204.8,1148.2,1158.9,1161.0,1176.8,,1158.79,,,93925,109488844.0,10421,F1,1,,,,,
2026-10-05,2026-10-05,CM,NSE,STK,2043,INE331A01037,RAMCOCEM,EQ,,,,,THE RAMCO CEMENTS LIMITED,832.0,845.65,823.45,837.1,838.7,830.85,,837.06,,,93347,77749716.9,5316,F1,1,,,,,
2026-10-05,2026-10-05,CM,NSE,STK,21392,INE347W01011,MAGADSUGAR,EQ,,,,,MAGADH SUGAR & ENERGY LTD,513.0,558.95,513.0,539.4,541.9,511.75,,539.16,,,93292,50562551.4,6654,F1,1,,,,,
2026-10-05,2026-10-05,CM,NSE,STK,10159,INE730A01022,ORICONENT,EQ,,,,,ORICON ENTERPRISES LTD,49.98,53.0,49.43,52.44,52.44,49.98,,52.44,,,93292,4831176.89,1184,F1,1,,,,,
2026-10-05,2026-10-05,CM,NSE,STK,6286,INE255D01024,GULPOLY,EQ,,,,,GULSHAN POLYOLS LIMITED,160.52,164.0,159.15,160.84,159.15,161.75,,160.85,,,93047,14992466.29,2467,F1,1,,,,,
2026-10-05,2026-10-05,CM,NSE,STK,31468,INE142K01011,AURUS,EQ,,,,,AURUS GEM CORP LIMITED,4.54,4.54,4.06,4.23,4.29,4.4,,4.25,,,92879,397827.63,508,F1,1,,,,,
2026-10-05,2026-10-05,CM,NSE,STK,762961,INE405A01021,ULTRAMAR,EQ,,,,,ULTRAMARINE & PIGMENTS L,409.0,409.55,403.5,404.8,404.4,406.15,,404.81,,,92729,37553026.85,1532,F1,1,,,,,
2026-10-05,2026-10-05,CM,NSE,STK,11840,INE410P01011,NH,EQ,,,,,NARAYANA HRUDAYALAYA LTD.,1744.9,1749.6,1709.6,1722.4,1724.5,1741.4,,1722.35,,,92682,159897900.9,14849,F1,1,,,,,
2026-10-05,2026-10-05,CM,NSE,STK,1879,INE482D01024,CARYSIL,EQ,,,,,CARYSIL LIMITED,1058.7,1058.7,1021.0,1031.0,1022.4,1044.8,,1030.95,,,92489,95630500.2,8672,F1,1,,,,,
2026-10-05,2026-10-05,CM,NSE,STK,764186,INE1JCQ01037,ALPINETEX,EQ,,,,,ALPINE TEXWORLD LIMITED,46.61,48.0,45.52,45.82,46.0,46.63,,45.77,,,92407,4281284.27,1776,F1,1,,,,,
2026-10-05,2026-10-05,CM,NSE,STK,15034,INE193E01025,BAJAJELEC,EQ,,,,,BAJAJ ELECT.LTD,302.0,305.2,297.4,299.25,300.4,299.8,,299.25,,,92225,27789756.35,4931,F1,1,,,,,
2026-10-05,2026-10-05,CM,NSE,STK,4992,INE221J01015,SHARDACROP,EQ,,,,,SHARDA CROPCHEM LTD.,712.5,729.7,711.25,720.1,718.9,709.2,,720.06,,,91626,66044210.7,10775,F1,1,,,,,
2026-10-05,2026-10-05,CM,NSE,STK,14937,INE536H01010,CIEINDIA,EQ,,,,,CIE AUTOMOTIVE INDIA LTD,377.0,380.85,374.4,378.0,376.55,376.35,,378.01,,,91542,34599804.7,12327,F1,1,,,,,
2026-10-05,2026-10-05,CM,NSE,STK,16822,INE0LOJ01019,IKIO,EQ,,,,,IKIO TECHNOLOGIES LIMITED,195.0,200.0,190.21,192.22,193.5,190.96,,192.28,,,91418,17643469.3,2996,F1,1,,,,,
2026-10-05,2026-10-05,CM,NSE,STK,3972,INE162C01024,PARASPETRO,EQ,,,,,PARAS PETROFILS LTD.,2.02,2.09,2.0,2.06,2.08,2.02,,2.06,,,91167,187056.35,260,F1,1,,,,,
2026-10-05,2026-10-05,CM,NSE,STK,758150,INE08N601015,MBEL,EQ,,,,,M AND B ENGINEERING LTD,256.08,257.15,246.0,247.63,247.0,251.75,,247.63,,,91048,22706165.55,4499,F1,1,,,,,
2026-10-05,2026-10-05,CM,NSE,STK,764905,INE311M01018,SHRADDHA,EQ,,,,,SHRADDHA PRIME PROJECTS L,160.1,179.0,157.1,164.79,163.0,155.1,,164.92,,,91009,15353774.7,2057,F1,1,,,,,
2026-10-05,2026-10-05,CM,NSE,STK,4391,INE635Q01029,GULFOILLUB,EQ,,,,,GULF OIL LUB. IND. LTD.,1095.0,1106.5,1060.2,1068.7,1069.8,1093.0,,1068.74,,,90269,96925588.1,6249,F1,1,,,,,
2026-10-05,2026-10-05,CM,NSE,STK,17922,INE669X01032,GEEKAYWIRE,EQ,,,,,GEEKAY WIRES LIMITED,29.5,31.9,29.5,31.42,31.1,29.21,,31.42,,,90038,2772830.7,754,F1,1,,,,,
2026-10-05,2026-10-05,CM,NSE,STK,4898,INE258B01022,FDC,EQ,,,,,FDC LIMITED,337.1,339.9,328.6,331.3,330.15,335.9,,331.3,,,90007,30005993.15,7686,F1,1,,,,,
2026-10-05,2026-10-05,CM,NSE,STK,14174,INE848A01014,IZMO,EQ,,,,,IZMO LIMITED,859.95,894.45,850.1,870.7,870.0,855.95,,870.71,,,89447,77925716.8,6287,F1,1,,,,,
2026-10-05,2026-10-05,CM,NSE,STK,3329,INE858B01029,ISGEC,EQ,,,,,ISGEC HEAVY ENG LTD,924.45,926.1,892.4,899.3,897.8,919.7,,899.34,,,88849,80249501.15,12459,F1,1,,,,,
2026-10-05,2026-10-05,CM,NSE,STK,23066,INE0L9R01028,GOPAL,EQ,,,,,GOPAL SNACKS LIMITED,254.5,254.65,249.8,253.85,252.0,254.75,,253.86,,,88594,22366474.65,5186,F1,1,,,,,
2026-10-05,2026-10-05,CM,NSE,STK,3721,INE151A01013,TATACOMM,EQ,,,,,TATA COMMUNICATIONS LTD,1683.0,1697.6,1647.7,1677.2,1680.0,1683.0,,1677.17,,,88150,147556532.9,12848,F1,1,,,,,
2026-10-05,2026-10-05,CM,NSE,STK,10457,INE034S01021,ARVSMART,EQ,,,,,ARVIND SMARTSPACES LTD,592.5,598.15,573.0,580.25,576.15,592.5,,580.25,,,88014,51180321.55,3897,F1,1,,,,,
2026-10-05,2026-10-05,CM,NSE,STK,15002,INE550H01011,SUPREMEINF,EQ,,,,,SUPREME INFRA. LTD.,66.0,67.65,60.61,61.59,61.0,66.94,,61.6,,,87421,5574573.03,1664,F1,1,,,,,
2026-10-05,2026-10-05,CM,NSE,STK,25597,INE939X01013,MANBA,EQ,,,,,MANBA FINANCE LIMITED,142.49,143.5,138.24,138.6,138.5,139.01,,138.6,,,86785,12067669.71,677,F1,1,,,,,
2026-10-05,2026-10-05,CM,NSE,STK,28314,INE489G01022,ANUHPHR,EQ,,,,,ANUH PHARMA LIMITED,85.99,88.49,83.7,84.15,84.7,85.85,,84.15,,,86676,7401439.69,1923,F1,1,,,,,
2026-10-05,2026-10-05,CM,NSE,STK,2316,INE578A01017,HEIDELBERG,EQ,,,,,HEIDELBERGCEMENT (I) LTD,131.98,131.98,128.79,130.11,130.49,130.57,,130.11,,,86609,11252436.0,2927,F1,1,,,,,
2026-10-05,2026-10-05,CM,NSE,STK,14278,INE607D01018,ORIENTBELL,EQ,,,,,ORIENT BELL LIMITED,408.6,428.8,402.5,417.1,420.0,398.55,,416.85,,,86469,35949011.05,4317,F1,1,,,,,
2026-10-05,2026-10-05,CM,NSE,STK,22,INE012A01025,ACC,EQ,,,,,ACC LIMITED,1189.0,1199.4,1174.6,1184.4,1183.0,1182.8,,1184.38,,,85873,101806142.9,10484,F1,1,,,,,
2026-10-05,2026-10-05,CM,NSE,STK,29019,INF754K01TX4,ECAPINSURE,EQ,,,,,EDELAMC - ECAPINSURE,22.84,23.2,22.62,22.94,22.69,22.73,,22.91,,,85848,1964112.48,397,F1,1,,,,,
2026-10-05,2026-10-05,CM,NSE,STK,2106,INE347A01017,MANGLMCEM,EQ,,,,,MANGALAM CEMENT LTD,984.0,1007.4,974.2,990.8,990.0,984.65,,990.8,,,85465,84240153.25,4508,F1,1,,,,,
2026-10-05,2026-10-05,CM,NSE,STK,762772,INE270B01035,MAFATIND,EQ,,,,,MAFATLAL INDUSTRIES LTD.,115.0,116.73,106.41,109.26,108.8,114.38,,109.35,,,85412,9466363.93,1833,F1,1,,,,,
2026-10-05,2026-10-05,CM,NSE,STK,17641,INE805D01034,SUNTECK,EQ,,,,,SUNTECK REALTY LIMITED,280.9,282.25,276.6,278.15,279.5,279.45,,278.14,,,85315,23798509.5,3240,F1,1,,,,,
2026-10-05,2026-10-05,CM,NSE,STK,3880,INE355A01028,SOMANYCERA,EQ,,,,,SOMANY CERAMICS LIMITED,614.0,627.8,608.25,610.9,609.3,614.2,,610.89,,,85158,52576950.45,5319,F1,1,,,,,
2026-10-05,2026-10-05,CM,NSE,STK,764813,INE031G01022,OPTIFIN,EQ,,,,,OPTIMUS FINANCE LTD.,14.61,15.44,14.47,14.66,14.76,14.47,,14.64,,,85029,1249866.03,220,F1,1,,,,,
2026-10-05,2026-10-05,CM,NSE,STK,12034,INE186H01022,BASML,EQ,,,,,BANNARI AM SPIN MILL LTD.,23.19,24.5,22.45,22.54,22.75,22.66,,22.54,,,84637,1932188.77,217,F1,1,,,,,
2026-10-05,2026-10-05,CM,NSE,STK,13057,INE244O01017,UNIPARTS,EQ,,,,,UNIPARTS INDIA LIMITED,818.0,847.1,812.25,826.05,827.7,819.3,,826.08,,,84284,70041698.4,8475,F1,1,,,,,
2026-10-05,2026-10-05,CM,NSE,STK,14106,INE718H01014,AUTOIND,EQ,,,,,AUTOLINE INDUSTRIES LTD,84.0,84.98,82.0,83.17,83.1,81.4,,83.17,,,84050,7014120.94,1359,F1,1,,,,,
2026-10-05,2026-10-05,CM,NSE,STK,11593,INF179KC1HX2,HDFCSENSEX,EQ,,,,,HDFCAMC - HDFCSENSEX,81.41,82.69,81.41,82.04,82.47,81.84,,82.04,,,84035,6893220.55,1181,F1,1,,,,,
2026-10-05,2026-10-05,CM,NSE,STK,6908,INE270I01022,VISHNU,EQ,,,,,VISHNU CHEMICALS LIMITED,661.55,669.65,645.1,647.75,649.0,658.25,,647.75,,,83979,54776224.7,5651,F1,1,,,,,
2026-10-05,2026-10-05,CM,NSE,STK,13175,INE229H01012,NITINSPIN,EQ,,,,,NITIN SPINNERS LIMITED,597.6,612.5,595.3,604.75,605.0,594.6,,604.7,,,83708,50562277.5,5084,F1,1,,,,,
2026-10-05,2026-10-05,CM,NSE,STK,24735,INE912T01018,RPEL,EQ,,,,,RAGHAV PRODUCTIVITY ENH L,1848.5,1880.0,1773.1,1825.3,1850.0,1818.9,,1823.53,,,83683,153376808.7,11740,F1,1,,,,,
2026-10-05,2026-10-05,CM,NSE,STK,762346,INE655V01019,RMC,EQ,,,,,RMC SWITCHGEARS LIMITED,203.9,209.98,190.0,194.15,194.9,202.57,,193.99,,,83250,16365123.87,3809,F1,1,,,,,
2026-10-05,2026-10-05,CM,NSE,STK,9087,INE751B01018,PIXTRANS,EQ,,,,,PIX TRANSMISSIONS LIMITED,1818.3,1860.0,1815.0,1834.2,1820.2,1809.3,,1834.55,,,82916,152203385.1,11981,F1,1,,,,,
2026-10-05,2026-10-05,CM,NSE,STK,8614,INE803D01021,INDOBORAX,EQ,,,,,INDO BORAX & CHEMICAL LTD,476.55,478.8,457.4,460.65,460.0,469.5,,460.68,,,82751,38752268.3,3219,F1,1,,,,,
2026-10-05,2026-10-05,CM,NSE,STK,2385,INE060A01024,NAVNETEDUL,EQ,,,,,NAVNEET EDUCATION LTD,126.2,126.2,122.5,122.97,123.25,123.87,,122.97,,,82595,10199392.06,1642,F1,1,,,,,
2026-10-05,2026-10-05,CM,NSE,STK,763636,INE0MEG01014,VIVIANA,EQ,,,,,VIVIANA POWER TECH LTD,819.9,825.0,765.0,815.65,818.05,774.5,,815.65,,,82294,65759447.2,6106,F1,1,,,,,
2026-10-05,2026-10-05,CM,NSE,STK,19458,INE0INJ01017,PLAZACABLE,EQ,,,,,PLAZA WIRES LIMITED,56.02,57.99,54.5,55.32,55.0,57.12,,55.36,,,82221,4554777.57,1471,F1,1,,,,,
2026-10-05,2026-10-05,CM,NSE,STK,30109,INF769K01ON4,SELECTIPO,EQ,,,,,MIRAEAMC - SELECTIPO,46.61,46.97,45.48,45.79,45.73,45.48,,45.79,,,81986,3749598.95,176,F1,1,,,,,
2026-10-05,2026-10-05,CM,NSE,STK,8968,INE00EV01017,HARIOMPIPE,EQ,,,,,HARIOM PIPE INDUSTRIES L,333.95,340.05,322.3,324.6,322.3,332.35,,324.61,,,81939,26898568.65,3479,F1,1,,,,,
2026-10-05,2026-10-05,CM,NSE,STK,29284,INE665J01013,VMART,EQ,,,,,VMART RETAIL LTD,751.0,775.0,744.4,770.95,768.0,746.1,,770.94,,,81245,62090840.0,10998,F1,1,,,,,
2026-10-05,2026-10-05,CM,NSE,STK,6713,INE893J01029,MOLDTKPAC,EQ,,,,,MOLD-TEK PACKAGING LTD,669.0,684.0,665.45,680.7,679.0,658.85,,680.59,,,81041,54834243.6,4905,F1,1,,,,,
2026-10-05,2026-10-05,CM,NSE,STK,3066,INE630A01024,SESHAPAPER,EQ,,,,,SESHASAYEE PAPER & BOARDS,238.55,240.0,233.0,234.76,235.0,236.35,,235.34,,,80921,19053610.72,1133,F1,1,,,,,
2026-10-05,2026-10-05,CM,NSE,STK,16921,INE144J01027,20MICRONS,EQ,,,,,20 MICRONS LTD,206.0,212.24,202.01,204.61,204.35,207.26,,204.63,,,80913,16697744.97,2881,F1,1,,,,,
2026-10-05,2026-10-05,CM,NSE,STK,760594,INE24OJ01011,BUILDPRO,EQ,,,,,SHANKARA BUILDPRO LIMITED,1269.6,1284.0,1236.2,1265.9,1278.9,1249.2,,1266.02,,,80785,101399574.2,5544,F1,1,,,,,
2026-10-05,2026-10-05,CM,NSE,STK,3693,INE287Z01012,GAYAHWS,EQ,,,,,GAYATRI HIGHWAYS LIMITED,1.75,1.8,1.72,1.72,1.72,1.72,,1.72,,,80523,140813.6,283,F1,1,,,,,
2026-10-05,2026-10-05,CM,NSE,STK,759256,INE965W01036,BMWVENTLTD,EQ,,,,,BMW VENTURES LIMITED,50.8,51.89,49.55,50.02,50.45,50.83,,50.03,,,80304,4044477.49,1029,F1,1,,,,,
2026-10-05,2026-10-05,CM,NSE,STK,22717,INE010601016,ENTERO,EQ,,,,,ENTERO HEALTHCARE SOLU L,1699.0,1725.0,1649.0,1697.1,1696.1,1680.8,,1696.98,,,80217,135364153.3,13351,F1,1,,,,,
2026-10-05,2026-10-05,CM,NSE,STK,762603,INE525F01025,BLIL,EQ,,,,,BALMER LAWRIE INVSTS. L,65.49,65.49,64.29,64.5,64.45,65.01,,64.57,,,80170,5174219.52,2018,F1,1,,,,,
2026-10-05,2026-10-05,CM,NSE,STK,13801,INE645H01027,SUTLEJTEX,EQ,,,,,SUTLEJ TEXT & INDUS LTD,37.5,40.39,35.52,36.97,36.7,36.24,,36.98,,,80117,3086939.79,897,F1,1,,,,,
2026-10-05,2026-10-05,CM,NSE,STK,10508,INF247L01BB1,MOHEALTH,EQ,,,,,MOTILALAMC - MOHEALTH,51.75,51.75,49.63,49.99,50.0,50.81,,49.99,,,79993,4012101.91,1190,F1,1,,,,,
2026-10-05,2026-10-05,CM,NSE,STK,13880,INE213C01025,BANCOINDIA,EQ,,,,,BANCO PRODUCTS (I) LTD,590.35,597.8,579.7,589.8,591.25,589.85,,589.84,,,79775,46909909.65,6960,F1,1,,,,,
2026-10-05,2026-10-05,CM,NSE,STK,24225,INE131B01039,RELAXO,EQ,,,,,RELAXO FOOT LTD.,285.2,288.45,280.8,281.95,281.35,285.35,,281.9,,,79688,22662216.0,7077,F1,1,,,,,
2026-10-05,2026-10-05,CM,NSE,STK,10511,INF789F1AZC0,NIFTYBETA,EQ,,,,,UTIAMC-NIFTYBETA,249.0,256.15,249.0,250.26,250.14,249.91,,250.26,,,79397,19871582.73,872,F1,1,,,,,
2026-10-05,2026-10-05,CM,NSE,STK,20531,INE0KQN01018,BAJEL,EQ,,,,,BAJEL PROJECTS LIMITED,163.8,165.99,162.12,164.05,164.8,163.63,,164.04,,,79333,12999757.02,1689,F1,1,,,,,
2026-10-05,2026-10-05,CM,NSE,STK,14479,INE753U01022,DIVGIITTS,EQ,,,,,DIVGI TORQTRANSFER SYST L,1148.9,1149.8,1106.4,1120.2,1121.0,1136.4,,1120.21,,,79216,89014112.1,6841,F1,1,,,,,
2026-10-05,2026-10-05,CM,NSE,STK,15061,INF174KA1A86,PSUBANK,EQ,,,,,KOTAK PSU BANK,79.94,81.28,79.93,80.31,80.55,79.52,,80.38,,,78960,6368067.27,614,F1,1,,,,,
2026-10-05,2026-10-05,CM,NSE,STK,764995,INE380K01017,VIVOBIOT,EQ,,,,,VIVO BIO TECH LTD.,17.0,17.83,14.6,15.14,15.3,17.13,,15.07,,,78951,1243651.41,388,F1,1,,,,,
2026-10-05,2026-10-05,CM,NSE,STK,13560,INE536A01023,GRINDWELL,EQ,,,,,GRINDWELL NORTON LIMITED,1990.0,2023.1,1973.5,2004.2,2010.0,1975.8,,2004.16,,,78949,157733471.0,14222,F1,1,,,,,
2026-10-05,2026-10-05,CM,NSE,STK,21623,INE346W01013,APEX,EQ,,,,,APEX FROZEN FOODS LIMITED,334.65,334.65,323.5,328.4,327.9,326.3,,328.42,,,78909,25873383.85,3647,F1,1,,,,,
2026-10-05,2026-10-05,CM,NSE,STK,17794,INE323J01019,SOMICONVEY,EQ,,,,,SOMI CONVEYOR BELT. LTD.,84.25,88.75,82.9,83.43,83.94,83.73,,83.27,,,78797,6765600.73,1446,F1,1,,,,,
2026-10-05,2026-10-05,CM,NSE,STK,11689,INE399C01030,SUPRAJIT,EQ,,,,,SUPRAJIT ENGINEERING LTD,483.0,483.05,458.15,461.5,461.1,481.05,,461.44,,,78523,36636029.45,8543,F1,1,,,,,
2026-10-05,2026-10-05,CM,NSE,STK,12384,INE518E01015,ZIMLAB,EQ,,,,,ZIM LABORATORIES LIMITED,137.3,139.49,131.0,137.1,139.0,137.02,,137.06,,,78444,10634121.71,1852,F1,1,,,,,
2026-10-05,2026-10-05,CM,NSE,STK,21091,INE460H01021,STARCEMENT,EQ,,,,,STAR CEMENT LIMITED,178.0,179.28,175.26,176.03,175.5,178.39,,176.02,,,78392,13823039.78,2800,F1,1,,,,,
2026-10-05,2026-10-05,CM,NSE,STK,3766,INE715A01015,WHEELS,EQ,,,,,WHEELS INDIA LTD,2260.0,2266.6,2150.2,2206.6,2200.0,2241.3,,2206.72,,,78184,170982020.0,8856,F1,1,,,,,
2026-10-05,2026-10-05,CM,NSE,STK,19113,INE851I01011,UDS,EQ,,,,,UPDATER SERVICES LIMITED,209.6,211.98,208.43,210.82,211.0,208.55,,210.79,,,78015,16409346.87,2329,F1,1,,,,,
2026-10-05,2026-10-05,CM,NSE,STK,380,INE050A01025,BBTC,EQ,,,,,BOMBAY BURMAH TRADING COR,1335.2,1350.0,1301.3,1304.5,1304.9,1334.2,,1304.55,,,78011,102207271.4,8818,F1,1,,,,,
2026-10-05,2026-10-05,CM,NSE,STK,29598,INE612J01015,REPCOHOME,EQ,,,,,REPCO HOME FINANCE LTD,337.05,342.45,327.05,329.25,330.8,337.75,,329.26,,,77171,25616841.65,4360,F1,1,,,,,
2026-10-05,2026-10-05,CM,NSE,STK,762904,INE220Z01013,SHINDL,EQ,,,,,SHARAT INDUSTRIES LTD.,159.04,159.59,155.25,158.41,157.1,159.12,,158.42,,,77098,12201370.1,888,F1,1,,,,,
2026-10-05,2026-10-05,CM,NSE,STK,18118,INE085J01014,THANGAMAYL,EQ,,,,,THANGAMAYIL JEWELLERY LTD,4870.0,4934.0,4721.0,4747.0,4767.0,4861.0,,4747.08,,,77086,368512710.0,20749,F1,1,,,,,
2026-10-05,2026-10-05,CM,NSE,STK,13381,INE401H01017,KKCL,EQ,,,,,KEWAL KIRAN CLOTHING LTD,487.0,487.0,455.6,470.4,472.95,475.65,,470.37,,,76937,35568878.6,1642,F1,1,,,,,
2026-10-05,2026-10-05,CM,NSE,STK,371,INE176A01028,BATAINDIA,EQ,,,,,BATA INDIA LTD,613.0,617.9,608.0,611.05,611.0,613.0,,611.01,,,76879,47151780.45,6569,F1,1,,,,,
2026-10-05,2026-10-05,CM,NSE,STK,762432,INE25E901019,OMPOWER,EQ,,,,,OM POWER TRANSMISSION LTD,160.0,160.0,150.2,152.06,151.0,157.74,,152.1,,,76219,11810632.41,1519,F1,1,,,,,
2026-10-05,2026-10-05,CM,NSE,STK,14627,INE788H01017,HILTON,EQ,,,,,HILTON METAL FORGING LTD,16.61,17.18,16.61,16.77,16.68,16.86,,16.77,,,76089,1284378.94,364,F1,1,,,,,
2026-10-05,2026-10-05,CM,NSE,STK,3827,INE217A01012,ZUARIIND,EQ,,,,,ZUARI INDUSTRIES LIMITED,284.9,291.05,281.8,283.95,283.0,281.85,,284.1,,,75632,21677560.8,2644,F1,1,,,,,
2026-10-05,2026-10-05,CM,NSE,STK,17186,INE526E01018,SHRIPISTON,EQ,,,,,SPR AUTO TECHNOLOGIES LTD,4550.0,4567.1,4369.0,4398.8,4397.0,4490.5,,4398.87,,,75521,334272798.1,19238,F1,1,,,,,
2026-10-05,2026-10-05,CM,NSE,STK,18250,INE0MIS01010,PYRAMID,EQ,,,,,PYRAMID TECHNOPLAST LTD,152.9,160.0,151.8,157.88,157.0,154.34,,158.03,,,75463,11720540.6,917,F1,1,,,,,
2026-10-05,2026-10-05,CM,NSE,STK,12124,INE966A01022,DOLATALGO,EQ,,,,,DOLAT ALGOTECH LIMITED,64.0,65.5,62.0,62.4,62.5,62.86,,62.4,,,75022,4715581.15,1104,F1,1,,,,,
2026-10-05,2026-10-05,CM,NSE,STK,29025,INE622H01018,INDOFARM,EQ,,,,,INDO FARM EQUIPMENT LTD,133.99,133.99,128.5,129.43,129.5,131.77,,129.42,,,74848,9763563.75,1808,F1,1,,,,,
2026-10-05,2026-10-05,CM,NSE,STK,4843,INE734N01019,SNOWMAN,EQ,,,,,SNOWMAN LOGISTICS LTD.,34.11,34.5,33.51,33.99,33.8,34.11,,34.0,,,74733,2532088.51,939,F1,1,,,,,
2026-10-05,2026-10-05,CM,NSE,STK,1168,INE075D01018,GMBREW,EQ,,,,,G M BREWERIES LTD,964.0,972.0,946.0,947.9,946.0,952.0,,947.92,,,74566,71165575.65,4158,F1,1,,,,,
2026-10-05,2026-10-05,CM,NSE,STK,760896,INE0OU201013,DCMSIL,EQ,,,,,DCM SHRIRAM INTERNATNL L,80.1,81.24,76.4,77.42,77.01,80.25,,77.42,,,74037,5818092.86,2024,F1,1,,,,,
2026-10-05,2026-10-05,CM,NSE,STK,11606,INE742B01025,GUFICBIO,EQ,,,,,GUFIC BIOSCIENCES LTD.,416.4,425.2,410.55,419.7,425.0,418.4,,419.73,,,73779,30928653.0,6812,F1,1,,,,,
2026-10-05,2026-10-05,CM,NSE,STK,235,INE087Z01024,AAKASH,EQ,,,,,AAKASH EXPLORATION SER L,8.4,8.8,8.25,8.44,8.5,8.34,,8.44,,,73690,627851.47,404,F1,1,,,,,
2026-10-05,2026-10-05,CM,NSE,STK,10825,INF247L01BE5,MOVALUE,EQ,,,,,MOTILALAMC - MOVALUE,108.87,108.87,106.3,106.82,106.91,108.25,,106.85,,,73685,7889058.39,1387,F1,1,,,,,
2026-10-05,2026-10-05,CM,NSE,STK,3980,INE107A01015,TNPL,EQ,,,,,TAMILNADU NEWSPRT & PAPER,148.3,151.87,146.04,146.49,147.4,147.63,,146.49,,,73341,10810284.42,1924,F1,1,,,,,
2026-10-05,2026-10-05,CM,NSE,STK,758448,INE0GV601021,ALLTIME,EQ,,,,,ALL TIME PLASTICS LIMITED,189.99,191.5,182.0,183.8,185.0,188.04,,183.79,,,73063,13567705.2,2294,F1,1,,,,,
2026-10-05,2026-10-05,CM,NSE,STK,12219,INE263M01029,RUSTOMJEE,EQ,,,,,KEYSTONE REALTORS LIMITED,361.25,372.3,355.55,368.5,370.0,361.25,,368.4,,,73016,26765671.3,2609,F1,1,,,,,
2026-10-05,2026-10-05,CM,NSE,STK,13710,INE737H01014,FIEMIND,EQ,,,,,FIEM INDUSTRIES LIMITED,1786.1,1816.9,1752.0,1763.1,1761.7,1794.8,,1763.11,,,72879,130080810.8,10367,F1,1,,,,,
2026-10-05,2026-10-05,CM,NSE,STK,760116,INE0TQE01026,GLOTTIS,EQ,,,,,GLOTTIS LIMITED,59.0,59.62,56.0,56.72,57.18,58.41,,56.73,,,72527,4201231.35,1523,F1,1,,,,,
2026-10-05,2026-10-05,CM,NSE,STK,25060,INE06HJ01020,ECOSMOBLTY,EQ,,,,,ECOS (INDIA) MOB & HOSP L,105.53,108.0,103.81,105.44,105.01,105.01,,105.45,,,72518,7647251.48,1264,F1,1,,,,,
2026-10-05,2026-10-05,CM,NSE,STK,764683,INE194R01017,FREDUN,EQ,,,,,FREDUN PHARMACEUTICALS L,1358.0,1398.0,1322.1,1363.2,1360.0,1355.2,,1363.32,,,72372,97685476.8,7332,F1,1,,,,,
2026-10-05,2026-10-05,CM,NSE,STK,1614,INE0DNW01011,FAIRCHEMOR,EQ,,,,,FAIRCHEM ORGANICS LIMITED,699.95,729.9,678.0,682.25,678.6,661.5,,682.02,,,72267,50956071.7,2843,F1,1,,,,,
2026-10-05,2026-10-05,CM,NSE,STK,3345,INE387A01021,SUNDRMFAST,EQ,,,,,SUNDRAM FASTENERS LTD,1128.9,1138.0,1110.1,1115.6,1114.6,1123.6,,1115.59,,,72126,80543109.7,10393,F1,1,,,,,
2026-10-05,2026-10-05,CM,NSE,STK,30134,INE0I0M01023,PRABHA,EQ,,,,,PRABHA ENERGY LIMITED,216.43,222.0,213.82,214.9,215.26,218.31,,214.9,,,72107,15625733.39,1865,F1,1,,,,,
2026-10-05,2026-10-05,CM,NSE,STK,18457,INE07Y701011,POWERINDIA,EQ,,,,,HITACHI ENERGY INDIA LTD,31500.0,32015.0,31380.0,31500.0,31500.0,31290.0,,31499.99,,,72077,2278674490.0,21535,F1,1,,,,,
2026-10-05,2026-10-05,CM,NSE,STK,10676,INF174KA1JF2,MNC,EQ,,,,,KOTAKMAMC - KOTAKMNC,30.9,31.4,30.8,30.95,31.13,30.9,,30.95,,,71632,2215276.98,613,F1,1,,,,,
2026-10-05,2026-10-05,CM,NSE,STK,10580,INE688A01022,TCI,EQ,,,,,TRANSPORT CORPN OF INDIA,885.0,889.9,866.0,878.75,880.4,877.1,,878.78,,,71248,62326493.25,6479,F1,1,,,,,
2026-10-05,2026-10-05,CM,NSE,STK,11045,INE170E01023,SATIA,EQ,,,,,SATIA INDUSTRIES LIMITED,68.0,69.0,68.0,68.51,68.05,68.34,,68.51,,,70953,4858026.14,890,F1,1,,,,,
2026-10-05,2026-10-05,CM,NSE,STK,757965,INE0NAZ01010,SMARTWORKS,EQ,,,,,SMARTWORKS COWORKING SP L,515.0,515.0,496.1,497.8,500.0,510.65,,497.8,,,70592,35465509.5,4719,F1,1,,,,,
2026-10-05,2026-10-05,CM,NSE,STK,23621,INE0OAF01028,JNKINDIA,EQ,,,,,JNK INDIA LIMITED,432.7,446.65,430.45,432.2,434.4,432.7,,432.18,,,70571,30899184.85,4306,F1,1,,,,,
2026-10-05,2026-10-05,CM,NSE,STK,29962,INE599M01018,JUSTDIAL,EQ,,,,,JUSTDIAL LTD.,653.15,666.1,648.0,651.35,649.95,653.15,,651.38,,,70392,46101511.3,4716,F1,1,,,,,
2026-10-05,2026-10-05,CM,NSE,STK,20560,INE325C01035,DOLLAR,EQ,,,,,DOLLAR INDUSTRIES LIMITED,270.9,277.0,268.85,274.4,273.85,272.1,,274.4,,,70384,19238507.05,2287,F1,1,,,,,
2026-10-05,2026-10-05,CM,NSE,STK,19646,INE03EI01018,MAXESTATES,EQ,,,,,MAX ESTATES LIMITED,573.8,576.15,557.85,563.4,565.0,566.25,,563.38,,,70328,39824489.45,5439,F1,1,,,,,
2026-10-05,2026-10-05,CM,NSE,STK,756324,INE0FFK01017,NPST,EQ,,,,,NETWORK PEOPLE SRV TECH L,1766.5,1850.0,1761.6,1833.5,1848.0,1766.5,,1833.46,,,70247,127297482.8,9128,F1,1,,,,,
2026-10-05,2026-10-05,CM,NSE,STK,16395,INE511Y01018,MMP,EQ,,,,,MMP INDUSTRIES LIMITED,465.0,476.75,447.65,468.05,470.0,449.6,,468.05,,,70165,32415825.8,3779,F1,1,,,,,
2026-10-05,2026-10-05,CM,NSE,STK,21740,INE149A01033,CHOLAHLDNG,EQ,,,,,CHOLAMANDALAM FIN HOL LTD,1379.9,1409.7,1366.1,1404.4,1402.9,1369.6,,1404.39,,,69925,97245125.2,10380,F1,1,,,,,
2026-10-05,2026-10-05,CM,NSE,STK,759402,INE1B0W01010,ADVANCE,EQ,,,,,ADVANCE AGROLIFE LIMITED,118.5,118.5,114.39,115.85,116.11,116.75,,115.85,,,69861,8124585.63,1113,F1,1,,,,,
2026-10-05,2026-10-05,CM,NSE,STK,23512,INE555Z01020,TARACHAND,EQ,,,,,TARA CHAND INFRA SOLN LTD,47.5,47.9,46.25,46.47,46.5,46.35,,46.47,,,69725,3248968.88,943,F1,1,,,,,
2026-10-05,2026-10-05,CM,NSE,STK,2183,INE202Z01029,TSFINV,EQ,,,,,TSF INVESTMENTS LIMITED,410.0,415.0,403.6,409.0,407.5,409.15,,409.0,,,69621,28416311.1,4959,F1,1,,,,,
2026-10-05,2026-10-05,CM,NSE,STK,13585,INE285H01022,ATLANTAA,EQ,,,,,ATLANTAA LIMITED,35.79,37.44,34.2,34.97,35.2,35.71,,35.03,,,69328,2436048.41,574,F1,1,,,,,
2026-10-05,2026-10-05,CM,NSE,STK,27334,INE877V01027,SURAKSHA,EQ,,,,,SURAKSHA DIAGNOSTIC LTD,353.95,354.0,330.5,331.85,331.0,350.15,,331.81,,,69134,23290968.4,2782,F1,1,,,,,
2026-10-05,2026-10-05,CM,NSE,STK,16683,INE927C01020,DIGISPICE,EQ,,,,,DIGISPICE TECHNOLOGIES LT,14.79,15.49,14.46,15.2,15.2,14.79,,15.2,,,69082,1036098.36,254,F1,1,,,,,
2026-10-05,2026-10-05,CM,NSE,STK,1127,INE539A01019,GHCL,EQ,,,,,GHCL LIMITED,409.75,409.75,399.1,402.0,402.05,401.75,,402.0,,,68956,27690866.75,3708,F1,1,,,,,
2026-10-05,2026-10-05,CM,NSE,STK,11511,INE281A01026,CENTEXT,EQ,,,,,CENTURY EXTRUSIONS LTD,18.4,18.99,17.91,17.99,18.0,18.18,,17.99,,,68850,1251430.64,678,F1,1,,,,,
2026-10-05,2026-10-05,CM,NSE,STK,18967,INE542Z01028,KAPSTON,EQ,,,,,KAPSTON SERVICES LIMITED,552.3,555.9,545.3,548.6,549.0,542.35,,548.6,,,68742,37752506.9,3186,F1,1,,,,,
2026-10-05,2026-10-05,CM,NSE,STK,8477,INE01P501012,XELPMOC,EQ,,,,,XELPMOC DESIGN & TECH LTD,96.0,100.52,88.3,89.86,89.49,93.67,,89.86,,,68709,6535288.81,1182,F1,1,,,,,
2026-10-05,2026-10-05,CM,NSE,STK,22428,INE0CG601016,MAXIND,EQ,,,,,MAX INDIA LIMITED,161.97,161.97,149.01,150.13,151.2,162.78,,150.14,,,68553,10551218.26,2576,F1,1,,,,,
2026-10-05,2026-10-05,CM,NSE,STK,926,INE191A01027,ORCHPHARMA,EQ,,,,,ORCHID PHARMA LIMITED,990.45,1003.2,960.0,965.9,965.95,990.0,,965.94,,,68202,66353507.4,7935,F1,1,,,,,
2026-10-05,2026-10-05,CM,NSE,STK,764778,INE898Q01015,MIIL,EQ,,,,,MEGHNA INFRACON INFRA L,690.0,705.0,665.1,670.4,678.0,677.05,,670.43,,,67578,45575312.2,1139,F1,1,,,,,
2026-10-05,2026-10-05,CM,NSE,STK,13116,INE306L01010,QUICKHEAL,EQ,,,,,QUICK HEAL TECH LTD,140.0,141.18,137.21,137.91,138.7,138.15,,137.93,,,67554,9413761.16,1956,F1,1,,,,,
2026-10-05,2026-10-05,CM,NSE,STK,24398,INE168P01015,EMCURE,EQ,,,,,EMCURE PHARMACEUTICALS L,1935.0,1966.6,1917.3,1937.1,1937.1,1944.6,,1937.14,,,67551,130850175.8,14911,F1,1,,,,,
2026-10-05,2026-10-05,CM,NSE,STK,14466,INE884B01025,KIRLFER,EQ,,,,,KIRLOSKAR FERROUS IND LTD,465.05,467.25,463.5,465.0,465.0,465.85,,465.0,,,67483,31385644.55,1825,F1,1,,,,,
2026-10-05,2026-10-05,CM,NSE,STK,22433,INF179KC1HY0,HDFCNIFBAN,EQ,,,,,HDFCAMC - HDFCNIFBAN,56.49,56.87,56.05,56.23,56.2,56.2,,56.23,,,66966,3777674.89,668,F1,1,,,,,
2026-10-05,2026-10-05,CM,NSE,STK,14305,INE00IK01029,OSWALSEEDS,EQ,,,,,SHREEOSWAL S AND CHE LTD,12.22,12.6,12.15,12.18,12.16,12.39,,12.18,,,66839,819841.33,246,F1,1,,,,,
2026-10-05,2026-10-05,CM,NSE,STK,1008,INE188A01015,FACT,EQ,,,,,FACT LTD,740.0,745.6,729.05,731.75,732.0,734.95,,731.74,,,66812,49156373.45,6695,F1,1,,,,,
2026-10-05,2026-10-05,CM,NSE,STK,759012,INE652V01016,GANESHCP,EQ,,,,,GANESH CONSUMER PRODUCT L,151.98,153.48,146.86,147.51,147.4,148.85,,147.52,,,66650,9875627.25,1857,F1,1,,,,,
2026-10-05,2026-10-05,CM,NSE,STK,2176,INE00Y801016,AKG,EQ,,,,,AKG EXIM LIMITED,9.71,9.71,9.32,9.35,9.34,9.71,,9.35,,,66518,627157.2,162,F1,1,,,,,
2026-10-05,2026-10-05,CM,NSE,STK,25941,INE497S01012,GODAVARIB,EQ,,,,,GODAVARI BIOREFINERIES L,229.3,234.29,224.1,224.91,224.25,227.18,,225.01,,,66276,15063729.19,1726,F1,1,,,,,
2026-10-05,2026-10-05,CM,NSE,STK,17534,INE002S01010,MGL,EQ,,,,,MAHANAGAR GAS LTD.,1043.2,1053.8,1036.0,1043.7,1042.0,1045.4,,1043.72,,,66059,68935657.4,14519,F1,1,,,,,
2026-10-05,2026-10-05,CM,NSE,STK,759428,INF666M01MN2,GROWWRLTY,EQ,,,,,GROWWAMC - GROWWRLTY,9.33,9.6,9.32,9.48,9.38,9.37,,9.48,,,65872,623052.84,507,F1,1,,,,,
2026-10-05,2026-10-05,CM,NSE,STK,30023,INE951D01028,ATULAUTO,EQ,,,,,ATUL AUTO LIMITED,422.7,431.7,422.65,424.5,424.0,424.8,,424.51,,,65738,28005559.4,3722,F1,1,,,,,
2026-10-05,2026-10-05,CM,NSE,STK,14150,INE0EEJ01023,BTML,EQ,,,,,BODHI TREE MULTIMEDIA LTD,7.39,7.39,6.97,7.15,7.06,7.09,,7.15,,,65521,464995.15,156,F1,1,,,,,
2026-10-05,2026-10-05,CM,NSE,STK,13305,INE348B01021,CENTURYPLY,EQ,,,,,CENTURY PLYBOARDS (I) LTD,662.25,682.0,662.25,680.05,678.1,666.45,,680.05,,,65262,44084797.95,13393,F1,1,,,,,
2026-10-05,2026-10-05,CM,NSE,STK,22846,INE486R01017,GPTHEALTH,EQ,,,,,GPT HEALTHCARE LIMITED,151.0,154.35,148.8,149.56,148.8,151.47,,149.57,,,65077,9791415.23,1659,F1,1,,,,,
2026-10-05,2026-10-05,CM,NSE,STK,22347,INE155Z01011,MACPOWER,EQ,,,,,MACPOWER CNC MACHINES LTD,2180.0,2251.0,2121.0,2160.5,2169.9,2144.8,,2160.5,,,64476,141017897.5,8089,F1,1,,,,,
2026-10-05,2026-10-05,CM,NSE,STK,4587,INE614A01028,RAMCOIND,EQ,,,,,RAMCO INDUSTRIES LIMITED,302.5,308.9,296.6,298.5,300.0,302.3,,298.5,,,64263,19274639.2,2306,F1,1,,,,,
2026-10-05,2026-10-05,CM,NSE,STK,11427,INE155G01029,NDTV,EQ,,,,,NDTV LTD,68.47,69.12,66.95,67.19,67.44,68.08,,67.15,,,64220,4338088.84,1251,F1,1,,,,,
2026-10-05,2026-10-05,CM,NSE,STK,6848,INE544R01021,GREENLAM,EQ,,,,,GREENLAM INDUSTRIES LTD.,214.7,215.5,210.18,211.71,211.0,213.62,,211.69,,,64031,13594764.83,1552,F1,1,,,,,
2026-10-05,2026-10-05,CM,NSE,STK,757801,INE05J901018,IGCL,EQ,,,,,INDOGULF CROPSCIENCES LTD,54.62,55.93,53.0,53.4,53.35,54.62,,53.44,,,64015,3458217.16,2051,F1,1,,,,,
2026-10-05,2026-10-05,CM,NSE,STK,15295,INE539B01017,VIRINCHI,EQ,,,,,VIRINCHI LIMITED,13.3,13.6,12.55,12.78,12.85,13.29,,12.78,,,63452,819120.51,359,F1,1,,,,,
2026-10-05,2026-10-05,CM,NSE,STK,29050,INE840M01016,ZUARI,EQ,,,,,ZUARI AGRO CHEMICALS LTD,213.05,217.73,210.0,211.46,211.01,212.88,,211.48,,,63262,13482921.92,2321,F1,1,,,,,
2026-10-05,2026-10-05,CM,NSE,STK,15180,INE811A01038,KIRLPNU,EQ,,,,,KIRLOSKAR PNEUMATIC COM L,685.0,694.0,668.0,677.6,675.1,681.95,,677.61,,,63113,42799917.2,8900,F1,1,,,,,
2026-10-05,2026-10-05,CM,NSE,STK,24226,INE01A001028,STANLEY,EQ,,,,,STANLEY LIFESTYLES LTD,136.22,139.05,133.72,135.11,134.11,136.22,,135.11,,,63052,8582477.89,1290,F1,1,,,,,
2026-10-05,2026-10-05,CM,NSE,STK,759434,INE085001019,WEWORK,EQ,,,,,WEWORK INDIA MANAGEMENT L,656.4,664.2,645.05,651.0,650.7,659.6,,651.0,,,62860,40935743.75,7455,F1,1,,,,,
2026-10-05,2026-10-05,CM,NSE,STK,2406,INE794A01010,NEULANDLAB,EQ,,,,,NEULAND LAB LTD.,21500.0,21960.0,21090.0,21875.0,21890.0,21505.0,,21874.59,,,62813,1356857725.0,25495,F1,1,,,,,
2026-10-05,2026-10-05,CM,NSE,STK,10512,INF174KA1ZF8,CONS,EQ,,,,,KOTAKMAMC - KOTAKCONS,11.4,11.4,11.18,11.28,11.32,11.35,,11.28,,,62755,705717.41,289,F1,1,,,,,
2026-10-05,2026-10-05,CM,NSE,STK,11573,INE451A01017,FORCEMOT,EQ,,,,,FORCE MOTORS LIMITED,16945.0,16980.0,16520.0,16650.0,16650.0,16800.0,,16639.1,,,62662,1045968266.0,20002,F1,1,,,,,
2026-10-05,2026-10-05,CM,NSE,STK,1797,INE01BK01022,AWHCL,EQ,,,,,ANTONY WASTE HDG CELL LTD,355.8,359.0,346.6,350.4,351.8,355.4,,350.39,,,62596,22016710.2,4121,F1,1,,,,,
2026-10-05,2026-10-05,CM,NSE,STK,14043,INE453D01025,SARLAPOLY,EQ,,,,,SARLA PERF. FIBERS LTD,93.3,96.03,92.4,95.1,95.0,92.02,,95.09,,,62596,5909947.72,806,F1,1,,,,,
2026-10-05,2026-10-05,CM,NSE,STK,18564,INE010V01017,LTTS,EQ,,,,,L&T TECHNOLOGY SER. LTD.,3305.1,3305.8,3201.0,3219.5,3215.0,3267.8,,3219.51,,,62578,202787324.7,16302,F1,1,,,,,
2026-10-05,2026-10-05,CM,NSE,STK,2809,INE562B01019,RAJSREESUG,EQ,,,,,RAJSHREE SUGAR & CHEMICAL,27.73,29.3,27.51,28.39,28.45,27.73,,28.39,,,62446,1765611.29,520,F1,1,,,,,
2026-10-05,2026-10-05,CM,NSE,STK,1412,INE415A01038,AGI,EQ,,,,,AGI GREENPAC LIMITED,800.9,803.65,776.55,781.7,782.0,790.8,,781.7,,,62423,49009191.05,6596,F1,1,,,,,
2026-10-05,2026-10-05,CM,NSE,STK,2998,INE018401013,SUVIDHAA,EQ,,,,,SUVIDHAA INFOSERVE LTD,2.12,2.14,2.09,2.1,2.09,2.07,,2.1,,,61791,130560.3,168,F1,1,,,,,
2026-10-05,2026-10-05,CM,NSE,STK,10726,INE933S01016,INDIAMART,EQ,,,,,INDIAMART INTERMESH LTD,1620.3,1648.0,1565.1,1591.5,1593.0,1620.3,,1591.52,,,61789,98684588.9,10576,F1,1,,,,,
2026-10-05,2026-10-05,CM,NSE,STK,7848,INE828A01016,BIL,EQ,,,,,BHARTIYA INTERNATIONAL,1018.55,1098.0,995.0,1071.15,1077.0,987.55,,1071.11,,,61770,65283560.5,2576,F1,1,,,,,
2026-10-05,2026-10-05,CM,NSE,STK,7679,INE903D01011,MONARCH,EQ,,,,,MONARCH NETWORTH CAP LTD,347.05,351.05,341.5,348.65,351.0,342.7,,348.66,,,61652,21315803.5,1490,F1,1,,,,,
2026-10-05,2026-10-05,CM,NSE,STK,11423,INE365B01017,DATAMATICS,EQ,,,,,DATAMATICS GLOBAL SER LTD,790.95,799.0,766.05,769.75,767.5,790.3,,769.71,,,61398,47625005.85,4153,F1,1,,,,,
2026-10-05,2026-10-05,CM,NSE,STK,13421,INE296H01011,EMKAY,EQ,,,,,EMKAY GLOBAL FIN SERV LTD,286.8,292.5,276.2,280.2,281.0,286.8,,280.2,,,61240,17305489.45,1895,F1,1,,,,,
2026-10-05,2026-10-05,CM,NSE,STK,5382,INE071N01016,EPIGRAL,EQ,,,,,EPIGRAL LIMITED,990.0,1024.1,977.4,1017.3,1017.0,982.2,,1017.32,,,60534,60837034.6,5035,F1,1,,,,,
2026-10-05,2026-10-05,CM,NSE,STK,14014,INE872H01027,LUMAXTECH,EQ,,,,,LUMAX AUTO TECH LTD,1955.0,2001.1,1948.0,1967.6,1969.0,1978.9,,1967.57,,,60434,119224441.6,10645,F1,1,,,,,
2026-10-05,2026-10-05,CM,NSE,STK,2854,INE00LO01017,CRAFTSMAN,EQ,,,,,CRAFTSMAN AUTOMATION LTD,10280.0,10660.0,10183.0,10251.0,10300.0,10266.0,,10250.38,,,60422,625626984.0,24227,F1,1,,,,,
2026-10-05,2026-10-05,CM,NSE,STK,758952,INF754K01VV4,ELM250,EQ,,,,,EDELAMC - ELM250,15.55,15.95,15.4,15.46,15.4,15.65,,15.46,,,59399,927163.67,386,F1,1,,,,,
2026-10-05,2026-10-05,CM,NSE,STK,10922,INE090B01011,OMAXAUTO,EQ,,,,,OMAX AUTOS LTD,200.14,210.78,197.52,201.44,199.71,201.14,,201.47,,,59335,12042799.49,1117,F1,1,,,,,
2026-10-05,2026-10-05,CM,NSE,STK,765553,INE0DRI01029,ESDS,EQ,,,,,ESDS SOFTWARE SOLUTION L,1362.4,1362.4,1362.4,1362.4,1362.4,1434.1,,1360.4,,,59205,80660892.0,3463,F1,1,,,,,
2026-10-05,2026-10-05,CM,NSE,STK,34,INE045A01017,ADOR,EQ,,,,,ADOR WELDING LTD,1570.4,1588.3,1500.0,1512.0,1511.0,1570.4,,1512.26,,,59027,90141194.5,7423,F1,1,,,,,
2026-10-05,2026-10-05,CM,NSE,STK,11301,INE150G01020,LUXIND,EQ,,,,,LUX INDUSTRIES LIMITED,1092.0,1220.0,1092.0,1183.9,1158.0,1092.0,,1185.67,,,58898,68551048.8,4562,F1,1,,,,,
2026-10-05,2026-10-05,CM,NSE,STK,14485,INE083B01024,THEMISMED,EQ,,,,,THEMIS MEDICARE LTD.,115.0,115.0,111.02,112.89,114.56,113.19,,112.87,,,58862,6643829.77,1344,F1,1,,,,,
2026-10-05,2026-10-05,CM,NSE,STK,3078,INE631A01022,SHANTIGEAR,EQ,,,,,SHANTHI GEARS LTD,582.6,599.0,572.05,591.75,590.65,573.65,,591.76,,,58856,34629343.5,2696,F1,1,,,,,
2026-10-05,2026-10-05,CM,NSE,STK,20877,INE488V01015,PSPPROJECT,EQ,,,,,PSP PROJECTS LIMITED,759.65,782.0,754.8,764.55,760.6,747.1,,764.54,,,58824,45188430.45,3071,F1,1,,,,,
2026-10-05,2026-10-05,CM,NSE,STK,11394,INE358U01012,ZOTA,EQ,,,,,ZOTA HEALTH CARE LIMITED,1280.0,1313.9,1247.4,1297.4,1285.0,1267.8,,1297.4,,,58725,75615203.8,5465,F1,1,,,,,
2026-10-05,2026-10-05,CM,NSE,STK,761037,INE016Q01014,CEINSYS,EQ,,,,,CEINSYS TECH LIMITED,669.8,669.8,635.05,649.6,643.05,654.25,,649.59,,,58702,37922602.1,4391,F1,1,,,,,
2026-10-05,2026-10-05,CM,NSE,STK,527,INE094J01016,UTIAMC,EQ,,,,,UTI ASSET MNGMT CO LTD,883.7,898.0,879.85,890.3,897.0,883.7,,890.34,,,58676,52221022.0,8991,F1,1,,,,,
2026-10-05,2026-10-05,CM,NSE,STK,24190,INE225D01027,SYMPHONY,EQ,,,,,SYMPHONY LIMITED,571.7,579.85,557.0,559.45,560.0,571.7,,559.44,,,58122,32695305.95,7345,F1,1,,,,,
2026-10-05,2026-10-05,CM,NSE,STK,19410,INE02A801020,ROSSARI,EQ,,,,,ROSSARI BIOTECH LIMITED,430.0,435.9,417.8,430.9,434.9,427.55,,430.87,,,57876,24811933.1,5506,F1,1,,,,,
2026-10-05,2026-10-05,CM,NSE,STK,765247,INE967B01028,SGLRES,EQ,,,,,SGL RESOURCES LIMITED,2.22,2.38,2.18,2.23,2.19,2.27,,2.25,,,57778,129539.51,147,F1,1,,,,,
2026-10-05,2026-10-05,CM,NSE,STK,14562,INE318D01020,ZENITHSTL,EQ,,,,,ZENITH STEEL PIP IND LTD,5.28,5.28,5.04,5.15,5.12,5.1,,5.16,,,57566,295101.87,256,F1,1,,,,,
2026-10-05,2026-10-05,CM,NSE,STK,21501,INE285J01028,SIS,EQ,,,,,SIS LIMITED,413.45,419.9,411.6,414.7,412.5,412.85,,414.72,,,57546,24016746.1,6968,F1,1,,,,,
2026-10-05,2026-10-05,CM,NSE,STK,12173,INE254N01026,HNDFDS,EQ,,,,,HINDUSTAN FOODS LIMITED,580.0,580.0,556.55,570.05,570.0,574.6,,570.05,,,57425,32528225.55,4568,F1,1,,,,,
2026-10-05,2026-10-05,CM,NSE,STK,3963,INE077F01035,GOCLCORP,EQ,,,,,GOCL CORPORATION LIMITED,357.0,357.0,343.5,347.7,345.35,351.65,,347.6,,,57133,19967879.45,3570,F1,1,,,,,
2026-10-05,2026-10-05,CM,NSE,STK,28687,INE0TO701015,MAMATA,EQ,,,,,MAMATA MACHINERY LIMITED,403.0,405.9,392.8,402.95,403.9,399.9,,402.93,,,57051,22836878.15,3139,F1,1,,,,,
2026-10-05,2026-10-05,CM,NSE,STK,10768,INE959C01023,OAL,EQ,,,,,ORIENTAL AROMATICS LTD,540.0,540.0,495.4,515.1,510.3,532.2,,515.14,,,56880,29033479.95,3802,F1,1,,,,,
2026-10-05,2026-10-05,CM,NSE,STK,761420,INE638A01035,SINGERIND,EQ,,,,,SINGER INDIA LIMITED,74.05,77.07,74.05,74.6,74.21,74.66,,74.7,,,56846,4289775.21,1702,F1,1,,,,,
2026-10-05,2026-10-05,CM,NSE,STK,1110,INE688Y01022,DANGEE,EQ,,,,,DANGEE DUMS LIMITED,2.89,2.98,2.89,2.92,2.93,2.9,,2.92,,,56532,165337.05,112,F1,1,,,,,
2026-10-05,2026-10-05,CM,NSE,STK,2048,INE09VQ01012,INDIGOPNTS,EQ,,,,,INDIGO PAINTS LIMITED,1049.3,1064.2,1033.1,1040.0,1035.0,1053.5,,1039.96,,,56278,58688885.9,10572,F1,1,,,,,
2026-10-05,2026-10-05,CM,NSE,STK,13557,INE323B01024,AVONMORE,EQ,,,,,AVONMORE CAP&MGT SERV LTD,12.85,12.99,12.37,12.49,12.73,12.79,,12.5,,,56219,706781.82,402,F1,1,,,,,
2026-10-05,2026-10-05,CM,NSE,STK,16713,INE686F01025,UBL,EQ,,,,,UNITED BREWERIES LTD,1180.2,1192.6,1171.5,1183.3,1186.0,1188.8,,1183.28,,,56186,66347073.0,9867,F1,1,,,,,
2026-10-05,2026-10-05,CM,NSE,STK,15883,INE05AN01011,HINDWAREAP,EQ,,,,,HINDWARE HME INOVATON LTD,173.72,174.18,170.0,171.63,171.42,170.53,,171.63,,,56164,9639976.32,1656,F1,1,,,,,
2026-10-05,2026-10-05,CM,NSE,STK,17576,INF740KA1TA7,PVTBANKADD,EQ,,,,,DSPAMC - DSPPVBKETF,27.36,27.45,26.91,27.11,27.31,27.18,,27.11,,,55502,1509091.43,145,F1,1,,,,,
2026-10-05,2026-10-05,CM,NSE,STK,2614,INE694N01015,HERANBA,EQ,,,,,HERANBA INDUSTRIES LTD,171.0,174.41,166.1,167.58,166.66,172.12,,167.59,,,55404,9356114.32,1828,F1,1,,,,,
2026-10-05,2026-10-05,CM,NSE,STK,18060,INE338H01029,CONCORDBIO,EQ,,,,,CONCORD BIOTECH LIMITED,1394.7,1398.7,1352.5,1355.9,1352.7,1374.1,,1355.77,,,55394,75787752.0,9357,F1,1,,,,,
2026-10-05,2026-10-05,CM,NSE,STK,10925,INE233A01035,GODREJIND,EQ,,,,,GODREJ INDUSTRIES LTD,1020.0,1046.0,1009.5,1040.2,1040.2,1019.6,,1040.16,,,55338,57144180.4,8208,F1,1,,,,,
2026-10-05,2026-10-05,CM,NSE,STK,19223,INE586V01016,TCIEXP,EQ,,,,,TCI EXPRESS LIMITED,502.3,506.4,484.0,494.2,493.55,504.75,,494.21,,,55221,27198375.25,3249,F1,1,,,,,
2026-10-05,2026-10-05,CM,NSE,STK,9158,INE794B01026,BALAJITELE,EQ,,,,,BALAJI TELEFILMS LIMITED.,90.1,91.88,88.5,90.61,90.8,90.04,,90.61,,,54523,4927320.5,1218,F1,1,,,,,
2026-10-05,2026-10-05,CM,NSE,STK,10633,INF179KC1HR4,HDFCNIF100,EQ,,,,,HDFCAMC - HDFCNIF100,24.24,25.25,24.1,24.46,24.33,24.75,,24.46,,,54474,1333661.92,657,F1,1,,,,,
2026-10-05,2026-10-05,CM,NSE,STK,5162,INE0GK401011,TATVA,EQ,,,,,TATVA CHIN PHARM CHEM LTD,1755.0,1814.0,1740.0,1799.0,1810.0,1743.2,,1798.51,,,54250,96678985.3,6107,F1,1,,,,,
2026-10-05,2026-10-05,CM,NSE,STK,19292,INE482B01010,TERASOFT,EQ,,,,,TERA SOFTWARE LIMITED,212.0,232.0,208.0,227.86,229.99,207.91,,227.75,,,54214,12070515.42,3109,F1,1,,,,,
2026-10-05,2026-10-05,CM,NSE,STK,5020,INE308E01029,SVPGLOB,EQ,,,,,SVP GLOBAL TEXTILES LTD,3.1,3.17,2.95,3.03,3.03,3.1,,3.04,,,54165,163917.9,126,F1,1,,,,,
2026-10-05,2026-10-05,CM,NSE,STK,762767,INE631R01026,MADHAVIPL,EQ,,,,,MADHAV INFRA PROJECTS L,7.32,7.39,7.13,7.26,7.29,7.31,,7.22,,,54097,393703.42,356,F1,1,,,,,
2026-10-05,2026-10-05,CM,NSE,STK,14828,INE100D01014,WSI,EQ,,,,,W.S.INDUSTRIES (I) LTD.,52.2,54.19,50.1,50.66,51.0,53.2,,50.66,,,54043,2798327.06,459,F1,1,,,,,
2026-10-05,2026-10-05,CM,NSE,STK,10661,INE838E01017,PONNIERODE,EQ,,,,,PONNIE SUGARS (ERODE) LTD,375.15,386.7,366.3,368.4,367.05,372.35,,368.45,,,53786,19965385.2,2299,F1,1,,,,,
2026-10-05,2026-10-05,CM,NSE,STK,29113,INE752H01013,CARERATING,EQ,,,,,CARE RATINGS LIMITED,1602.7,1635.2,1590.2,1607.7,1593.5,1602.7,,1607.86,,,53662,86650257.0,5095,F1,1,,,,,
2026-10-05,2026-10-05,CM,NSE,STK,11140,INE748Z01013,SUMIT,EQ,,,,,SUMIT WOODS LIMITED,51.5,51.5,48.1,50.64,51.0,47.76,,50.64,,,53301,2687611.21,221,F1,1,,,,,
2026-10-05,2026-10-05,CM,NSE,STK,3363,INE195A01028,SUPREMEIND,EQ,,,,,SUPREME INDUSTRIES LTD,3391.0,3430.9,3370.0,3398.9,3398.9,3380.0,,3398.83,,,53297,180671012.8,12199,F1,1,,,,,
2026-10-05,2026-10-05,CM,NSE,STK,15219,INE529D01014,PATINTLOG,EQ,,,,,PATEL INT. LOG. LTD,13.23,13.4,12.75,13.02,13.02,13.23,,13.04,,,53255,691611.44,281,F1,1,,,,,
2026-10-05,2026-10-05,CM,NSE,STK,18679,INE495S01016,HPL,EQ,,,,,HPL ELECTRIC & POWER LTD,265.4,272.0,263.5,264.75,265.5,267.2,,264.75,,,53225,14191099.7,2752,F1,1,,,,,
2026-10-05,2026-10-05,CM,NSE,STK,17263,INE109C01017,ARMANFIN,EQ,,,,,ARMAN FIN SERV LTD,1770.0,1817.0,1714.0,1754.9,1755.0,1764.4,,1754.94,,,53075,93358591.8,6674,F1,1,,,,,
2026-10-05,2026-10-05,CM,NSE,STK,22824,INE696F01016,JUNIPER,EQ,,,,,JUNIPER HOTELS LIMITED,217.9,218.6,214.21,216.0,217.0,214.99,,216.0,,,53063,11448349.99,1205,F1,1,,,,,
2026-10-05,2026-10-05,CM,NSE,STK,3099,INE232A01011,SHREDIGCEM,EQ,,,,,SHREE DIGVIJAY CEM CO LTD,66.69,67.2,65.57,66.33,66.0,66.69,,66.34,,,52935,3514886.37,1004,F1,1,,,,,
2026-10-05,2026-10-05,CM,NSE,STK,18889,INE907A01026,KSL,EQ,,,,,KALYANI STEELS LIMITED,913.0,932.85,910.05,921.3,922.9,913.0,,921.3,,,52793,48688641.4,4200,F1,1,,,,,
2026-10-05,2026-10-05,CM,NSE,STK,6836,INE593W01028,FOCUS,EQ,,,,,FOCUS LIGHTG & FIXTRS LTD,55.0,56.89,54.7,54.8,54.8,54.3,,54.8,,,52696,2930476.27,578,F1,1,,,,,
2026-10-05,2026-10-05,CM,NSE,STK,11275,INE038F01029,TVTODAY,EQ,,,,,TV TODAY NETWORK LTD,103.7,103.7,101.0,101.49,101.34,101.65,,101.45,,,52602,5342358.86,550,F1,1,,,,,
2026-10-05,2026-10-05,CM,NSE,STK,3339,INE660A01013,SUNDARMFIN,EQ,,,,,SUNDARAM FINANCE LTD,4400.0,4428.9,4222.3,4268.4,4255.0,4395.9,,4268.38,,,52587,225457283.0,14449,F1,1,,,,,
2026-10-05,2026-10-05,CM,NSE,STK,12749,INE0B1K01014,DJML,EQ,,,,,DJ MEDIAPRINT & LOG LTD,73.15,74.19,70.41,73.11,73.0,72.61,,73.1,,,52415,3810013.86,585,F1,1,,,,,
2026-10-05,2026-10-05,CM,NSE,STK,17795,INE0O3901029,TREL,EQ,,,,,TRANSINDIA REAL ESTATE L,27.29,28.23,26.51,26.99,27.4,27.29,,26.98,,,52412,1411572.06,1036,F1,1,,,,,
2026-10-05,2026-10-05,CM,NSE,STK,757545,INE103V01028,TRAVELFOOD,EQ,,,,,TRAVEL FOOD SERVICES LTD,1208.1,1215.6,1185.0,1204.3,1200.2,1208.1,,1204.31,,,52265,62757529.0,7050,F1,1,,,,,
2026-10-05,2026-10-05,CM,NSE,STK,11817,INE584F01014,MANGALAM,EQ,,,,,MANGALAM DRUG & CHEM LTD,29.8,30.12,28.0,29.19,29.49,29.15,,29.19,,,52253,1524240.96,413,F1,1,,,,,
2026-10-05,2026-10-05,CM,NSE,STK,23740,INE673O01025,TBOTEK,EQ,,,,,TBO TEK LIMITED,1684.8,1700.0,1643.2,1657.0,1650.3,1671.5,,1656.98,,,52113,86830341.7,10129,F1,1,,,,,
2026-10-05,2026-10-05,CM,NSE,STK,6964,INE0BJS01011,GOCOLORS,EQ,,,,,GO FASHION INDIA LTD,296.0,300.0,290.1,292.8,291.9,294.95,,292.79,,,52090,15344088.75,3340,F1,1,,,,,
2026-10-05,2026-10-05,CM,NSE,STK,14599,INE0JSX01015,GSLSU,EQ,,,,,GLOBAL SURFACES LIMITED,29.53,30.0,29.1,29.2,29.25,29.96,,29.19,,,51924,1533863.91,403,F1,1,,,,,
2026-10-05,2026-10-05,CM,NSE,STK,17598,INE073G01016,ASALCBR,EQ,,,,,ASSO ALCOHOLS & BREW LTD,611.1,622.1,590.0,595.65,590.0,611.1,,596.18,,,51910,31143809.25,4868,F1,1,,,,,
2026-10-05,2026-10-05,CM,NSE,STK,8182,INF247L01BK2,MOMOMENTUM,EQ,,,,,MOTILALAMC - MOMOMENTUM,60.45,60.7,58.07,59.56,59.3,59.26,,59.56,,,51865,3087791.62,662,F1,1,,,,,
2026-10-05,2026-10-05,CM,NSE,STK,3757,INE398A01010,VENKEYS,EQ,,,,,VENKY S (INDIA) LIMITED,1618.1,1664.0,1593.0,1642.7,1636.0,1613.0,,1642.81,,,51707,84625644.0,6807,F1,1,,,,,
2026-10-05,2026-10-05,CM,NSE,STK,4055,INE922B01023,PANACEABIO,EQ,,,,,PANACEA BIOTEC LTD,360.1,362.1,347.7,350.25,350.0,359.05,,350.2,,,51467,18155533.05,2082,F1,1,,,,,
2026-10-05,2026-10-05,CM,NSE,STK,10693,INF209KB14K7,MOMENTUM,EQ,,,,,BIRLASLAMC - MOMENTUM,29.82,30.09,29.65,29.73,29.65,29.76,,29.73,,,51454,1533374.05,323,F1,1,,,,,
2026-10-05,2026-10-05,CM,NSE,STK,759057,INE13B501022,SAATVIKGL,EQ,,,,,SAATVIK GREEN ENERGY LTD,403.55,407.4,399.0,400.85,401.9,405.55,,400.85,,,51181,20605001.8,3224,F1,1,,,,,
2026-10-05,2026-10-05,CM,NSE,STK,765065,INE595R01023,EASTWEST,EQ,,,,,EAST WEST FREIGHT CARRI L,2.36,2.4,2.24,2.32,2.36,2.29,,2.32,,,51178,118089.47,161,F1,1,,,,,
2026-10-05,2026-10-05,CM,NSE,STK,13890,INE835D01023,HIRECT,EQ,,,,,HIRECT LIMITED,1123.8,1166.1,1097.6,1109.4,1103.5,1123.8,,1109.46,,,51104,57834330.2,5240,F1,1,,,,,
2026-10-05,2026-10-05,CM,NSE,STK,13035,INE429E01023,SAFARI,EQ,,,,,SAFARI IND (INDIA) LTD,1389.5,1389.5,1300.0,1308.6,1305.8,1378.8,,1308.71,,,51092,67833789.8,9648,F1,1,,,,,
2026-10-05,2026-10-05,CM,NSE,STK,22477,INE02H701025,NOVAAGRI,EQ,,,,,NOVA AGRITECH LIMITED,22.22,22.98,22.0,22.39,22.42,22.22,,22.4,,,50586,1139686.67,408,F1,1,,,,,
2026-10-05,2026-10-05,CM,NSE,STK,24730,INE642C01025,RUBFILA,EQ,,,,,RUBFILA INTERNATIONAL LTD,63.63,64.99,62.64,63.18,62.7,63.25,,63.2,,,50488,3229107.11,592,F1,1,,,,,
2026-10-05,2026-10-05,CM,NSE,STK,5359,INE08LI01020,KRSNAA,EQ,,,,,KRSNAA DIAGNOSTICS LTD,555.0,564.1,551.3,559.35,560.35,554.85,,559.35,,,50372,28134524.85,5216,F1,1,,,,,
2026-10-05,2026-10-05,CM,NSE,STK,1289,INE538A01037,GFLLIMITED,EQ,,,,,GFL LIMITED,55.23,56.25,54.51,54.89,55.08,55.23,,54.89,,,50355,2790053.73,2481,F1,1,,,,,
2026-10-05,2026-10-05,CM,NSE,STK,760986,INF769K01QA6,HEALTHCARE,EQ,,,,,MIRAEAMC - HEALTHCARE,21.44,21.44,20.8,20.81,20.87,21.02,,20.81,,,50203,1047452.15,379,F1,1,,,,,
2026-10-05,2026-10-05,CM,NSE,STK,305,INE118A01012,BAJAJHLDNG,EQ,,,,,BAJAJ HOLDINGS & INVS LTD,10580.0,10892.0,10554.0,10732.0,10732.0,10666.0,,10732.0,,,50104,537134154.0,16830,F1,1,,,,,
2026-10-05,2026-10-05,CM,NSE,STK,29256,INE0R4L01018,DENTA,EQ,,,,,DENTA WATER N INFRA SOL L,263.0,264.9,255.3,260.35,261.9,260.65,,260.29,,,50083,13005039.7,2356,F1,1,,,,,
2026-10-05,2026-10-05,CM,NSE,STK,14086,INE204A01010,IGPL,EQ,,,,,I G PETROCHEMICALS LTD,575.8,581.7,548.1,554.0,549.05,569.55,,554.0,,,49844,28167727.8,2106,F1,1,,,,,
2026-10-05,2026-10-05,CM,NSE,STK,2107,INE00IN01015,STOVEKRAFT,EQ,,,,,STOVE KRAFT LIMITED,815.0,827.3,802.7,806.4,807.0,809.15,,806.37,,,49778,40602668.55,4787,F1,1,,,,,
2026-10-05,2026-10-05,CM,NSE,STK,15124,INE094I01018,KOLTEPATIL,EQ,,,,,KOLTE PATIL DEV. LTD.,421.0,432.0,413.45,430.45,432.0,418.8,,430.39,,,49735,21311976.2,3200,F1,1,,,,,
2026-10-05,2026-10-05,CM,NSE,STK,761095,INF200KB1AJ0,SBIMIDMOM,EQ,,,,,SBIAMC - SBIMIDMOM,60.86,61.1,60.48,60.65,60.52,60.26,,60.65,,,49637,3010690.67,219,F1,1,,,,,
2026-10-05,2026-10-05,CM,NSE,STK,19876,INE258Y01016,LGHL,EQ,,,,,LAXMI GOLDORNA HOUSE LTD,220.0,230.0,211.0,213.99,215.25,219.47,,213.99,,,49302,10821249.7,817,F1,1,,,,,
2026-10-05,2026-10-05,CM,NSE,STK,765431,INF789F1AG76,NIF500BETA,EQ,,,,,UTIAMC - NIF500BETA,36.6,38.9,35.04,36.3,35.5,34.65,,36.3,,,49278,1781900.1,171,F1,1,,,,,
2026-10-05,2026-10-05,CM,NSE,STK,2643,INE182A01018,PFIZER,EQ,,,,,PFIZER LTD,3858.9,3878.0,3809.6,3842.2,3878.0,3858.9,,3842.11,,,49211,188556161.5,14657,F1,1,,,,,
2026-10-05,2026-10-05,CM,NSE,STK,21154,INE406M01024,ERIS,EQ,,,,,ERIS LIFESCIENCES LIMITED,1189.8,1210.5,1177.0,1188.6,1181.2,1189.8,,1188.29,,,49205,58420769.4,9227,F1,1,,,,,
2026-10-05,2026-10-05,CM,NSE,STK,762889,INE440T01028,SEIL,EQ,,,,,SHANTI EDU INITIATIVES L,183.1,188.18,181.82,183.52,183.9,186.68,,183.67,,,48887,9018735.12,1095,F1,1,,,,,
2026-10-05,2026-10-05,CM,NSE,STK,154,INE116A01032,APCOTEXIND,EQ,,,,,APCOTEX INDUSTRIES LIMITE,599.0,599.0,577.0,587.25,584.0,593.25,,587.27,,,48855,28693553.95,3913,F1,1,,,,,
2026-10-05,2026-10-05,CM,NSE,STK,1467,INE133A01011,JSWDULUX,EQ,,,,,JSW DULUX LIMITED,3048.4,3058.5,2928.9,2964.8,2979.3,3020.6,,2964.74,,,48643,144091476.0,11126,F1,1,,,,,
2026-10-05,2026-10-05,CM,NSE,STK,7982,INE291A01017,GRWRHITECH,EQ,,,,,GARWARE HI-TECH FILMS LTD,6925.0,6960.0,6670.0,6725.5,6733.5,6925.5,,6725.52,,,48501,328008281.0,9737,F1,1,,,,,
2026-10-05,2026-10-05,CM,NSE,STK,4394,INE771A01026,MIRZAINT,EQ,,,,,MIRZA INTERNATIONAL LIMIT,28.0,28.42,27.63,27.83,27.99,27.65,,27.82,,,48425,1347029.02,530,F1,1,,,,,
2026-10-05,2026-10-05,CM,NSE,STK,15303,INE863I01016,BANG,EQ,,,,,BANG OVERSEAS LTD.,32.0,33.9,31.45,33.28,33.0,31.44,,33.28,,,48172,1583943.35,192,F1,1,,,,,
2026-10-05,2026-10-05,CM,NSE,STK,2616,INE497B01018,SEAMECLTD,EQ,,,,,SEAMEC LIMITED,1594.7,1611.9,1552.4,1577.9,1574.0,1594.7,,1577.9,,,48124,75786704.8,5278,F1,1,,,,,
2026-10-05,2026-10-05,CM,NSE,STK,764405,INF247L01HH5,MOOILGAS,EQ,,,,,MOTILALAMC - MOOILGAS,10.77,10.77,10.47,10.57,10.59,10.93,,10.57,,,48117,508159.02,186,F1,1,,,,,
2026-10-05,2026-10-05,CM,NSE,STK,762705,INE506D01020,HALDYNGL,EQ,,,,,HALDYN GLASS LTD.,146.6,152.68,142.0,142.85,143.0,146.05,,142.72,,,48070,6994040.01,1198,F1,1,,,,,
2026-10-05,2026-10-05,CM,NSE,STK,10310,INE898S01029,AURUM,EQ,,,,,AURUM PROPTECH LIMITED,223.5,227.0,220.38,223.61,223.5,223.41,,223.59,,,48055,10742804.46,1725,F1,1,,,,,
2026-10-05,2026-10-05,CM,NSE,STK,1315,INE600K01018,GALAXYSURF,EQ,,,,,GALAXY SURFACTANTS LTD,2375.0,2449.0,2324.0,2335.0,2339.8,2376.9,,2334.94,,,47936,113862788.1,9588,F1,1,,,,,
2026-10-05,2026-10-05,CM,NSE,STK,6600,INE949P01018,GENUSPAPER,EQ,,,,,GENUS P&B LIMITED,10.6,10.6,10.29,10.36,10.43,10.53,,10.36,,,47875,496616.33,238,F1,1,,,,,
2026-10-05,2026-10-05,CM,NSE,STK,757946,INF174KA1WT6,QUALITY30,EQ,,,,,KOTAKMAMC - QUALITY30,19.57,19.91,19.14,19.71,19.55,19.48,,19.71,,,47755,924064.74,179,F1,1,,,,,
2026-10-05,2026-10-05,CM,NSE,STK,759411,INE1BZC01019,OMFREIGHT,EQ,,,,,OM FREIGHT FORWARDERS LTD,103.99,103.99,96.0,100.95,101.0,97.5,,100.96,,,47465,4740274.97,461,F1,1,,,,,
2026-10-05,2026-10-05,CM,NSE,STK,19597,INE07U701015,IRMENERGY,EQ,,,,,IRM ENERGY LIMITED,260.9,264.8,256.8,259.5,259.0,257.7,,259.49,,,47444,12323279.9,2858,F1,1,,,,,
2026-10-05,2026-10-05,CM,NSE,STK,759397,INE880Y01017,SOLEX,EQ,,,,,SOLEX ENERGY LIMITED,683.75,692.65,676.0,682.2,688.95,670.95,,682.32,,,47131,32213583.05,4072,F1,1,,,,,
2026-10-05,2026-10-05,CM,NSE,STK,18962,INE451D01029,RAJRATAN,EQ,,,,,RAJRATAN GLOBAL WIRE LTD,453.55,460.7,450.9,454.6,454.3,453.55,,454.57,,,46941,21399988.85,5474,F1,1,,,,,
2026-10-05,2026-10-05,CM,NSE,STK,756900,INF247L01FC0,MON50EQUAL,EQ,,,,,MOTILALAMC - MON50EQUAL,30.75,31.67,30.75,31.1,31.2,31.54,,31.1,,,46693,1455873.93,130,F1,1,,,,,
2026-10-05,2026-10-05,CM,NSE,STK,764285,INF666M01PH7,CEMNTGROWW,EQ,,,,,GROWWAMC - CEMNTGROWW,13.95,13.95,13.38,13.62,13.7,13.6,,13.62,,,46681,635649.89,386,F1,1,,,,,
2026-10-05,2026-10-05,CM,NSE,STK,7016,INE788J01021,SHIVALIK,EQ,,,,,SHIVALIK RASAYAN LIMITED,400.8,401.95,374.2,375.3,374.6,394.05,,375.3,,,46656,17856178.5,2644,F1,1,,,,,
2026-10-05,2026-10-05,CM,NSE,STK,764471,INE0MGM01017,ANNAPURNA,EQ,,,,,ANNAPURNA SWADISHT LTD,128.6,135.0,127.0,130.44,130.97,128.6,,130.44,,,46616,6109825.38,1595,F1,1,,,,,
2026-10-05,2026-10-05,CM,NSE,STK,17333,INE998I01010,MHRIL,EQ,,,,,MAHINDRA HOLIDAYS LTD,196.3,198.0,192.56,194.81,195.99,194.85,,194.8,,,46600,9067305.39,2249,F1,1,,,,,
2026-10-05,2026-10-05,CM,NSE,STK,1372,INE310C01029,HINDCOMPOS,EQ,,,,,HINDUSTAN COMPOSITES LTD.,414.95,425.05,395.5,400.65,404.0,380.8,,400.67,,,46581,18799812.4,1269,F1,1,,,,,
2026-10-05,2026-10-05,CM,NSE,STK,25203,INE0S2G01011,BALAJEE,EQ,,,,,SHREE TIRUPATI BALAJEE L,24.4,25.4,24.4,24.8,24.97,25.2,,24.8,,,46462,1152753.12,250,F1,1,,,,,
2026-10-05,2026-10-05,CM,NSE,STK,765220,INE222F01029,VTMLTD,EQ,,,,,V T M LTD.,40.4,41.4,37.3,38.27,39.0,38.15,,38.32,,,46362,1761708.52,910,F1,1,,,,,
2026-10-05,2026-10-05,CM,NSE,STK,24231,INE239D01028,OMINFRAL,EQ,,,,,OM INFRA LIMITED,76.08,77.55,74.0,74.84,74.75,76.08,,74.84,,,46344,3499018.18,1514,F1,1,,,,,
2026-10-05,2026-10-05,CM,NSE,STK,17851,INE250K01012,DLINKINDIA,EQ,,,,,D-LINK INDIA LTD,407.9,413.7,406.0,411.75,413.7,406.6,,411.75,,,46246,18972588.55,2602,F1,1,,,,,
2026-10-05,2026-10-05,CM,NSE,STK,764945,INE692C01020,TANAA,EQ,,,,,TANEJA AEROSPACE & AVIA L,329.0,339.9,311.3,314.35,314.1,324.15,,314.27,,,45802,14745053.5,2835,F1,1,,,,,
2026-10-05,2026-10-05,CM,NSE,STK,759587,INE00Q601028,STUDDS,EQ,,,,,STUDDS ACCESSORIES LTD,396.8,410.85,395.15,403.1,402.05,399.85,,403.11,,,45793,18407360.95,2961,F1,1,,,,,
2026-10-05,2026-10-05,CM,NSE,STK,11058,INE650K01021,SECURKLOUD,EQ,,,,,SECUREKLOUD TECH LIMITED,16.98,17.03,15.8,16.13,16.2,16.77,,16.16,,,45723,737652.45,328,F1,1,,,,,
2026-10-05,2026-10-05,CM,NSE,STK,3088,INE896L01010,INDOSTAR,EQ,,,,,INDOSTAR CAPITAL FIN LTD,205.76,210.05,202.56,204.33,204.32,206.35,,204.34,,,45587,9359629.97,1375,F1,1,,,,,
2026-10-05,2026-10-05,CM,NSE,STK,8652,INE918N01018,VETO,EQ,,,,,VETO SWITCHGEAR CABLE LTD,137.0,140.95,135.35,136.65,136.0,136.79,,136.69,,,45573,6275133.64,1596,F1,1,,,,,
2026-10-05,2026-10-05,CM,NSE,STK,17181,INF769K01FN2,NEXT50,EQ,,,,,MIRAEAMC - MANXT50,715.36,719.63,711.1,714.71,715.43,713.61,,714.72,,,45526,32529084.01,1916,F1,1,,,,,
2026-10-05,2026-10-05,CM,NSE,STK,19599,INE696K01024,PRAKASHSTL,EQ,,,,,PRAKASH STEELAGE LTD,3.51,3.62,3.51,3.51,3.53,3.56,,3.53,,,45516,162094.1,322,F1,1,,,,,
2026-10-05,2026-10-05,CM,NSE,STK,7053,INE793A01012,ACCELYA,EQ,,,,,ACCELYA SOLN INDIA LTD,1110.0,1130.0,1096.4,1105.3,1105.0,1094.2,,1105.27,,,45159,50255093.8,3618,F1,1,,,,,
2026-10-05,2026-10-05,CM,NSE,STK,5378,INE439A01020,ASAHIINDIA,EQ,,,,,ASAHI INDIA GLASS LIMITED,950.0,952.9,938.0,945.75,951.0,944.25,,945.63,,,45021,42569178.15,6886,F1,1,,,,,
2026-10-05,2026-10-05,CM,NSE,STK,6944,INE845D01014,GANECOS,EQ,,,,,GANESHA ECOSPHERE LIMITED,976.3,994.8,959.5,966.6,965.0,976.2,,966.61,,,44995,43733093.5,3567,F1,1,,,,,
2026-10-05,2026-10-05,CM,NSE,STK,14134,INE450D01021,PITTIENG,EQ,,,,,PITTI ENGINEERING LIMITED,1128.0,1143.1,1117.6,1127.3,1129.0,1123.8,,1127.24,,,44959,50816867.4,4665,F1,1,,,,,
2026-10-05,2026-10-05,CM,NSE,STK,15199,INE015D01022,MANAKSIA,EQ,,,,,MANAKSIA LTD.,60.0,60.68,57.4,57.99,57.48,59.56,,57.97,,,44933,2650648.58,1380,F1,1,,,,,
2026-10-05,2026-10-05,CM,NSE,STK,10755,INE266F01018,APTECHT,EQ,,,,,APTECH LIMITED,88.0,88.45,86.0,86.88,86.75,87.03,,86.88,,,44839,3897222.29,996,F1,1,,,,,
2026-10-05,2026-10-05,CM,NSE,STK,14982,INE320B01020,CENTUM,EQ,,,,,CENTUM ELECTRONICS LTD,4748.8,4750.0,4550.0,4584.1,4608.0,4701.7,,4584.41,,,44652,206437095.5,10210,F1,1,,,,,
2026-10-05,2026-10-05,CM,NSE,STK,17424,INE615I01010,GLOBUSSPR,EQ,,,,,GLOBUS SPIRITS LTD,788.1,798.1,785.0,789.85,790.0,786.9,,789.85,,,44600,35208532.55,2740,F1,1,,,,,
2026-10-05,2026-10-05,CM,NSE,STK,1139,INE289B01019,GICHSGFIN,EQ,,,,,GIC HOUSING FINANCE LTD,132.32,134.77,131.54,132.32,132.1,132.88,,132.32,,,44376,5886390.7,1534,F1,1,,,,,
2026-10-05,2026-10-05,CM,NSE,STK,9897,INE645W01026,AIRAN,EQ,,,,,AIRAN LIMITED,15.3,15.88,15.28,15.43,15.43,15.6,,15.44,,,44277,687006.42,379,F1,1,,,,,
2026-10-05,2026-10-05,CM,NSE,STK,15266,INE576I01022,JKIL,EQ,,,,,JKUMAR INFR.LTD.,465.9,465.9,450.3,453.7,453.0,461.85,,453.69,,,44272,20132647.25,2743,F1,1,,,,,
2026-10-05,2026-10-05,CM,NSE,STK,4525,INE221B01012,DYNAMATECH,EQ,,,,,DYNAMATIC TECHNOLOGIES,13798.0,14375.0,13798.0,14251.0,14375.0,13756.0,,14250.69,,,43998,620076025.0,16044,F1,1,,,,,
2026-10-05,2026-10-05,CM,NSE,STK,759569,INE16NZ01023,ORKLAINDIA,EQ,,,,,ORKLA INDIA LIMITED,548.35,548.35,535.1,539.2,537.05,537.2,,539.16,,,43931,23652504.75,4673,F1,1,,,,,
2026-10-05,2026-10-05,CM,NSE,STK,1627,INE473A01011,LINDEINDIA,EQ,,,,,LINDE INDIA LIMITED,6247.0,6322.5,5991.0,6041.0,6059.0,6247.5,,6040.22,,,43746,265937406.5,9596,F1,1,,,,,
2026-10-05,2026-10-05,CM,NSE,STK,17364,INE410B01037,VINATIORGA,EQ,,,,,VINATI ORGANICS LTD,1207.0,1207.9,1171.6,1175.8,1175.8,1208.1,,1175.81,,,43727,51648514.5,7795,F1,1,,,,,
2026-10-05,2026-10-05,CM,NSE,STK,14490,INE732C01016,NCLIND,EQ,,,,,NCL INDUSTRIES LIMITED,169.55,172.5,167.51,168.85,168.08,170.03,,169.02,,,43662,7387177.18,807,F1,1,,,,,
2026-10-05,2026-10-05,CM,NSE,STK,10588,INE712K01011,SHREEPUSHK,EQ,,,,,SHRE PUSH CHEM & FERT LTD,500.0,506.9,491.85,494.55,493.0,491.5,,495.2,,,43640,21731177.1,2339,F1,1,,,,,
2026-10-05,2026-10-05,CM,NSE,STK,17651,INE637C01025,POKARNA,EQ,,,,,POKARNA LIMITED,702.6,719.8,690.45,699.2,693.15,699.1,,699.21,,,43352,30248011.0,3379,F1,1,,,,,
2026-10-05,2026-10-05,CM,NSE,STK,3186,INE640A01023,SKFINDIA,EQ,,,,,SKF INDIA LTD,1420.0,1458.9,1420.0,1445.9,1440.4,1450.2,,1445.87,,,43200,62353449.5,8089,F1,1,,,,,
2026-10-05,2026-10-05,CM,NSE,STK,641,INE016M01021,DNAMEDIA,EQ,,,,,DILIGENT MEDIA CORP LTD.,2.4,2.45,2.3,2.34,2.35,2.42,,2.34,,,43193,102452.81,177,F1,1,,,,,
2026-10-05,2026-10-05,CM,NSE,STK,759934,INE04VU01023,STYL,EQ,,,,,SESHAASAI TECHNOLOGIES L,365.35,368.65,356.0,358.55,356.0,366.0,,358.54,,,43034,15602404.65,2297,F1,1,,,,,
2026-10-05,2026-10-05,CM,NSE,STK,18659,INE182D01020,MARATHON,EQ,,,,,MARATHON NXTGEN REALT LTD,396.5,396.5,377.1,380.3,377.1,388.1,,380.24,,,43023,16434003.15,2035,F1,1,,,,,
2026-10-05,2026-10-05,CM,NSE,STK,20372,INE00Y201027,FLAIR,EQ,,,,,FLAIR WRITING INDUST LTD,229.8,230.16,225.06,226.43,225.1,226.57,,226.42,,,42988,9762004.12,1468,F1,1,,,,,
2026-10-05,2026-10-05,CM,NSE,STK,18431,INE412U01025,BIGBLOC,EQ,,,,,BIGBLOC CONSTRUCTION LTD,39.2,39.2,37.11,37.57,37.4,38.78,,37.64,,,42913,1625138.3,645,F1,1,,,,,
2026-10-05,2026-10-05,CM,NSE,STK,22592,INF740KA1ZG1,HEALTHADD,EQ,,,,,DSPAMC - HEALTHADD,16.29,16.29,16.08,16.1,16.11,16.21,,16.1,,,42909,692121.12,221,F1,1,,,,,
2026-10-05,2026-10-05,CM,NSE,STK,20878,INE220Q01020,MUFTI,EQ,,,,,CREDO BRANDS MARKETING L,70.24,70.76,69.2,69.7,69.51,70.24,,69.7,,,42543,2976916.51,680,F1,1,,,,,
2026-10-05,2026-10-05,CM,NSE,STK,14346,INE998H01012,ORIENTALTL,EQ,,,,,ORIENTAL TRIMEX LTD,5.03,5.03,4.77,4.83,4.89,4.81,,4.84,,,42532,206762.3,209,F1,1,,,,,
2026-10-05,2026-10-05,CM,NSE,STK,764818,INE457G01029,ORIRAIL,EQ,,,,,ORIENTAL RAIL INFRA L,126.5,126.5,121.0,122.39,122.1,124.15,,122.36,,,42451,5221643.75,1011,F1,1,,,,,
2026-10-05,2026-10-05,CM,NSE,STK,11060,INE0D6I01023,KSOLVES,EQ,,,,,KSOLVES INDIA LIMITED,244.14,251.0,243.0,248.86,247.8,241.14,,248.84,,,42315,10451890.5,1702,F1,1,,,,,
2026-10-05,2026-10-05,CM,NSE,STK,2645,INE03RS01027,DRCSYSTEMS,EQ,,,,,DRC SYSTEMS INDIA LIMITED,13.02,13.5,12.8,13.04,12.93,13.02,,13.06,,,42304,554252.5,300,F1,1,,,,,
2026-10-05,2026-10-05,CM,NSE,STK,11265,INE236G01019,TVSELECT,EQ,,,,,TVS ELECTRONICS LTD,397.15,401.75,387.2,391.7,392.0,397.4,,391.68,,,41961,16476315.05,2300,F1,1,,,,,
2026-10-05,2026-10-05,CM,NSE,STK,2181,INE323A01026,BOSCHLTD,EQ,,,,,BOSCH LIMITED,45550.0,46000.0,44610.0,44960.0,44960.0,45480.0,,44959.39,,,41822,1884063260.0,18131,F1,1,,,,,
2026-10-05,2026-10-05,CM,NSE,STK,9355,INE033B01011,QUINTEGRA,EQ,,,,,QUINTEGRA SOLUTIONS LTD.,1.4,1.4,1.4,1.4,1.4,1.34,,1.5,,,41644,58301.6,14,F1,1,,,,,
2026-10-05,2026-10-05,CM,NSE,STK,23175,INE0QN801017,KRYSTAL,EQ,,,,,KRYSTAL INTEGRATED SER L,607.0,683.95,607.0,654.65,651.1,610.2,,654.61,,,41594,27082727.1,2229,F1,1,,,,,
2026-10-05,2026-10-05,CM,NSE,STK,263,INE100A01010,ATUL,EQ,,,,,ATUL LTD,5899.0,5930.0,5827.5,5856.0,5837.0,5861.0,,5855.84,,,41593,243834731.5,5852,F1,1,,,,,
2026-10-05,2026-10-05,CM,NSE,STK,270,INE03YM01018,CHEMCON,EQ,,,,,CHEMCON SPECIAL CHEM LTD,218.0,223.0,211.21,213.86,214.8,215.93,,213.87,,,41413,9015628.39,1325,F1,1,,,,,
2026-10-05,2026-10-05,CM,NSE,STK,13756,INE637H01024,SHIVAMAUTO,EQ,,,,,SHIVAM AUTO.LTD,17.41,17.41,16.6,16.67,16.65,17.07,,16.66,,,41370,697999.73,240,F1,1,,,,,
2026-10-05,2026-10-05,CM,NSE,STK,3892,INE473B01035,HATSUN,EQ,,,,,HATSUN AGRO PRODUCT LTD.,1110.1,1157.4,1110.0,1143.5,1140.1,1118.1,,1143.25,,,41254,46815666.6,4666,F1,1,,,,,
2026-10-05,2026-10-05,CM,NSE,STK,10700,INE130B01031,SURANAT&P,EQ,,,,,SURANA TELECOM AND POW LT,16.0,16.19,15.59,15.65,15.6,15.98,,15.59,,,41243,648978.48,379,F1,1,,,,,
2026-10-05,2026-10-05,CM,NSE,STK,11787,INE705X01026,GOYALALUM,EQ,,,,,GOYAL ALUMINIUMS LIMITED,5.93,5.97,5.82,5.95,5.85,5.91,,5.94,,,41197,243417.24,425,F1,1,,,,,
2026-10-05,2026-10-05,CM,NSE,STK,9378,INE615R01029,TRU,EQ,,,,,TRUCAP FINANCE LIMITED,4.05,4.33,4.05,4.15,4.16,4.22,,4.15,,,41076,173001.66,206,F1,1,,,,,
2026-10-05,2026-10-05,CM,NSE,STK,3387,INE294B01019,SMLMAH,EQ,,,,,SML MAHINDRA LIMITED,6390.0,6459.0,6280.0,6354.0,6339.5,6251.0,,6354.1,,,41005,260863825.0,8029,F1,1,,,,,
2026-10-05,2026-10-05,CM,NSE,STK,19,INE189B01011,STYRENIX,EQ,,,,,STYRENIX PERFORMANCE LTD,2064.9,2066.1,1996.1,2015.0,2040.0,2055.0,,2015.08,,,40911,82765036.6,5335,F1,1,,,,,
2026-10-05,2026-10-05,CM,NSE,STK,24386,INE0B9K01025,BANSALWIRE,EQ,,,,,BANSAL WIRE INDUSTRIES L,323.0,327.7,321.0,323.05,322.05,323.05,,323.05,,,40679,13161492.5,2621,F1,1,,,,,
2026-10-05,2026-10-05,CM,NSE,STK,805,INE498A01018,DCM,EQ,,,,,DCM LTD,72.02,76.6,71.1,72.71,72.0,72.83,,72.7,,,40530,2963876.76,216,F1,1,,,,,
2026-10-05,2026-10-05,CM,NSE,STK,15555,INE075I01017,HCG,EQ,,,,,HEALTHCARE GLOB. ENT. LTD,664.1,670.9,658.65,669.05,670.9,668.75,,669.03,,,40500,26940745.3,4540,F1,1,,,,,
2026-10-05,2026-10-05,CM,NSE,STK,4747,INE092B01025,INDNIPPON,EQ,,,,,INDIA NIPPON ELECT  LTD,1237.9,1253.6,1205.0,1220.3,1219.6,1224.4,,1220.29,,,40393,49380191.9,4982,F1,1,,,,,
2026-10-05,2026-10-05,CM,NSE,STK,30469,INF174KA1VW2,MID150,EQ,,,,,KOTAKMAMC - MID150,22.97,22.97,22.05,22.12,22.18,22.05,,22.12,,,40321,893712.52,361,F1,1,,,,,
2026-10-05,2026-10-05,CM,NSE,STK,29171,INE0WO601020,LAXMIDENTL,EQ,,,,,LAXMI DENTAL LIMITED,195.76,200.0,189.0,190.54,189.0,193.87,,190.53,,,40315,7753293.75,1403,F1,1,,,,,
2026-10-05,2026-10-05,CM,NSE,STK,11813,INE498B01024,SHOPERSTOP,EQ,,,,,SHOPPERS STOP LIMITED,397.15,407.35,395.2,395.5,395.2,404.7,,395.51,,,40206,15991192.8,1675,F1,1,,,,,
2026-10-05,2026-10-05,CM,NSE,STK,18863,INE188Y01031,VERTOZ,EQ,,,,,VERTOZ LIMITED,36.99,36.99,34.43,34.73,35.0,35.66,,34.73,,,40182,1403730.9,635,F1,1,,,,,
2026-10-05,2026-10-05,CM,NSE,STK,759488,INF174KA1XS6,MOMENTUM30,EQ,,,,,KOTAKMAMC - MOMENTUM30,30.16,30.16,29.3,29.42,29.46,29.57,,29.42,,,40172,1182979.66,226,F1,1,,,,,
2026-10-05,2026-10-05,CM,NSE,STK,11220,INE116G01013,VARDHACRLC,EQ,,,,,VARDHAMAN ACRYLICS LTD,45.7,45.7,44.11,44.47,44.2,44.34,,44.47,,,39997,1791125.8,344,F1,1,,,,,
2026-10-05,2026-10-05,CM,NSE,STK,4594,INE720A01015,KOTHARIPET,EQ,,,,,KOTHARI PETROCHEM LTD,126.07,129.9,125.0,125.53,125.5,126.58,,125.53,,,39985,5052276.56,1318,F1,1,,,,,
2026-10-05,2026-10-05,CM,NSE,STK,7376,INE0GSL01024,HPAL,EQ,,,,,HP ADHESIVES LIMITED,34.47,35.49,33.3,33.9,34.0,33.81,,33.89,,,39685,1345458.12,593,F1,1,,,,,
2026-10-05,2026-10-05,CM,NSE,STK,13920,INE083C01022,PLASTIBLEN,EQ,,,,,PLASTIBLENDS INDIA LTD,195.0,203.45,195.0,197.79,197.15,193.62,,197.82,,,39678,7905509.46,1251,F1,1,,,,,
2026-10-05,2026-10-05,CM,NSE,STK,7851,INE246B01019,RAMCOSYS,EQ,,,,,RAMCO SYSTEMS LTD.,546.0,562.8,546.0,555.3,558.5,546.25,,555.31,,,39282,21813730.8,2234,F1,1,,,,,
2026-10-05,2026-10-05,CM,NSE,STK,7456,INF740KA1ZF3,MIDQ50ADD,EQ,,,,,DSPAMC - DSPQ50ETF,23.94,23.94,23.0,23.54,23.51,23.47,,23.54,,,39174,920930.47,347,F1,1,,,,,
2026-10-05,2026-10-05,CM,NSE,STK,3103,INE070A01015,SHREECEM,EQ,,,,,SHREE CEMENT LIMITED,21750.0,22100.0,21720.0,21990.0,21990.0,21900.0,,21990.0,,,39075,854332495.0,13283,F1,1,,,,,
2026-10-05,2026-10-05,CM,NSE,STK,24924,INE819L01012,ELGIRUBCO,EQ,,,,,ELGI RUBBER CO. LTD,52.9,53.17,51.01,51.56,51.1,51.38,,51.56,,,38742,2005114.59,670,F1,1,,,,,
2026-10-05,2026-10-05,CM,NSE,STK,7627,INE879A01019,SHREERAMA,EQ,,,,,SHREE RAMA MULTI TECH LTD,44.0,44.6,42.72,43.09,42.98,43.16,,43.09,,,38309,1682346.21,965,F1,1,,,,,
2026-10-05,2026-10-05,CM,NSE,STK,2514,INE142A01012,OSWALAGRO,EQ,,,,,OSWAL AGRO MILLS LTD,33.15,33.7,32.7,32.98,33.29,33.11,,32.99,,,38253,1265239.94,244,F1,1,,,,,
2026-10-05,2026-10-05,CM,NSE,STK,1011,INE513A01022,SCHAEFFLER,EQ,,,,,SCHAEFFLER INDIA LIMITED,3888.6,3908.6,3825.3,3845.0,3843.2,3885.6,,3845.02,,,38172,146945375.0,10421,F1,1,,,,,
2026-10-05,2026-10-05,CM,NSE,STK,5186,INE239C01020,STYLAMIND,EQ,,,,,STYLAM INDUSTRIES LIMITED,3268.0,3341.0,3218.1,3325.2,3315.0,3219.9,,3325.17,,,37896,124697237.7,10155,F1,1,,,,,
2026-10-05,2026-10-05,CM,NSE,STK,3694,INE707A01012,VINDHYATEL,EQ,,,,,VINDHYA TELELINKS LTD,2611.7,2670.5,2553.5,2577.3,2588.0,2617.0,,2577.24,,,37719,97663179.7,5644,F1,1,,,,,
2026-10-05,2026-10-05,CM,NSE,STK,20760,INE324L01013,RPPINFRA,EQ,,,,,R.P.P INFRA PROJECTS LTD,53.25,53.25,50.41,50.82,50.85,52.6,,50.84,,,37515,1916139.0,677,F1,1,,,,,
2026-10-05,2026-10-05,CM,NSE,STK,4184,INE495C01010,SANGAMIND,EQ,,,,,SANGAM (INDIA) LTD,670.0,670.0,627.0,631.75,639.45,634.55,,631.63,,,37447,23892480.35,2107,F1,1,,,,,
2026-10-05,2026-10-05,CM,NSE,STK,761720,INE875B01015,NIMBSPROJ,EQ,,,,,NIMBUS PROJECTS LIMITED,190.8,195.0,180.1,187.32,194.8,189.45,,187.32,,,37323,6885509.15,555,F1,1,,,,,
2026-10-05,2026-10-05,CM,NSE,STK,11782,INE128A01029,EVEREADY,EQ,,,,,EVEREADY INDS. IND.  LTD.,317.1,329.1,315.0,318.1,317.1,315.85,,318.1,,,37300,11858950.3,2361,F1,1,,,,,
2026-10-05,2026-10-05,CM,NSE,STK,5401,INE236Y01012,NGIL,EQ,,,,,NAKODA GROUP OF IND. LTD,38.5,41.35,35.99,36.83,37.76,38.43,,36.83,,,37292,1377905.39,262,F1,1,,,,,
2026-10-05,2026-10-05,CM,NSE,STK,10473,INE211R01019,POWERMECH,EQ,,,,,POWER MECH PROJECTS LTD.,2476.1,2492.4,2410.1,2431.5,2428.5,2476.2,,2431.41,,,37067,90449075.4,7092,F1,1,,,,,
2026-10-05,2026-10-05,CM,NSE,STK,480,INE340A01012,BIRLACORPN,EQ,,,,,BIRLA CORPORATION LTD,828.1,835.45,812.0,812.8,814.0,828.95,,812.83,,,36748,30080056.7,4305,F1,1,,,,,
2026-10-05,2026-10-05,CM,NSE,STK,11975,INE050H01012,RML,EQ,,,,,RANE (MADRAS) LIMITED,1356.0,1384.9,1348.9,1372.2,1368.0,1343.2,,1372.19,,,36714,50244538.2,3892,F1,1,,,,,
2026-10-05,2026-10-05,CM,NSE,STK,201,INE961D01019,UNIDT,EQ,,,,,UNITED DRILLING TOOLS LTD,242.9,242.9,227.61,229.93,229.94,239.65,,229.91,,,36657,8596263.12,1285,F1,1,,,,,
2026-10-05,2026-10-05,CM,NSE,STK,17547,INE098F01031,AMRUTANJAN,EQ,,,,,AMRUTAJAN HEALTH LTD,513.2,524.0,511.0,518.1,519.0,513.2,,517.98,,,36616,18975021.9,1653,F1,1,,,,,
2026-10-05,2026-10-05,CM,NSE,STK,2912,INE046A01015,RIIL,EQ,,,,,RELIANCE INDUSTRIAL INFRA,671.5,681.75,657.0,664.1,660.2,666.85,,664.11,,,36561,24404107.95,2875,F1,1,,,,,
2026-10-05,2026-10-05,CM,NSE,STK,14957,INE387I01016,MAGNUM,EQ,,,,,MAGNUM VENTURES LTD.,18.36,18.99,17.92,18.26,18.22,18.62,,18.22,,,36427,671028.92,231,F1,1,,,,,
2026-10-05,2026-10-05,CM,NSE,STK,6006,INE377E01024,COASTCORP,EQ,,,,,COASTAL CORPORATION LTD,35.55,36.19,35.45,35.68,35.45,35.82,,35.68,,,36258,1299749.64,527,F1,1,,,,,
2026-10-05,2026-10-05,CM,NSE,STK,714,INE597J01018,SHALBY,EQ,,,,,SHALBY LIMITED,133.0,135.49,132.51,134.01,133.6,133.55,,134.0,,,36205,4853526.24,1639,F1,1,,,,,
2026-10-05,2026-10-05,CM,NSE,STK,13451,INE703B01027,RATNAMANI,EQ,,,,,RATNAMANI MET & TUB LTD.,2619.4,2619.5,2550.0,2564.9,2580.0,2619.4,,2564.7,,,36107,93231412.1,8462,F1,1,,,,,
2026-10-05,2026-10-05,CM,NSE,STK,24909,INE00M901018,INTERARCH,EQ,,,,,INTERARCH BLDNG SOLTN LTD,1664.6,1685.1,1641.6,1661.7,1658.5,1666.9,,1661.72,,,35888,59502231.8,3943,F1,1,,,,,
2026-10-05,2026-10-05,CM,NSE,STK,19126,INE880L01014,KIOCL,EQ,,,,,KIOCL LIMITED,324.0,330.6,321.55,322.65,322.0,323.85,,322.64,,,35861,11666963.45,2355,F1,1,,,,,
2026-10-05,2026-10-05,CM,NSE,STK,14139,INE05ST01028,SBGLP,EQ,,,,,SURATWWALA BUS GROUP LTD,22.56,23.93,22.56,23.11,23.13,22.75,,23.11,,,35623,821133.67,241,F1,1,,,,,
2026-10-05,2026-10-05,CM,NSE,STK,6673,INE976E01023,FOODSIN,EQ,,,,,FOODS & INNS LIMITED,49.98,50.87,49.39,49.68,49.41,49.39,,49.68,,,35389,1764137.59,527,F1,1,,,,,
2026-10-05,2026-10-05,CM,NSE,STK,23402,INE0R6Z01013,SRM,EQ,,,,,SRM CONTRACTORS LIMITED,405.25,405.6,394.1,398.65,396.35,398.75,,398.81,,,35369,14156780.0,2380,F1,1,,,,,
2026-10-05,2026-10-05,CM,NSE,STK,1720,INE364A01020,JAYSREETEA,EQ,,,,,JAYSHREE TEA & INDUSTRIES,84.95,85.0,81.61,82.7,82.15,83.65,,82.79,,,35363,2940485.33,647,F1,1,,,,,
2026-10-05,2026-10-05,CM,NSE,STK,14567,INE243D01012,BFUTILITIE,EQ,,,,,BF UTILITIES LIMITED,504.75,512.95,495.0,495.9,495.05,504.75,,495.93,,,35313,17676754.7,1984,F1,1,,,,,
2026-10-05,2026-10-05,CM,NSE,STK,4487,INE150B01039,ALKYLAMINE,EQ,,,,,ALKYL AMINES CHEM. LTD,1741.4,1770.0,1715.0,1730.4,1746.0,1741.4,,1730.35,,,35207,61104061.8,9541,F1,1,,,,,
2026-10-05,2026-10-05,CM,NSE,STK,24538,INE683C01011,MAITHANALL,EQ,,,,,MAITHAN ALLOYS LTD,927.0,930.0,904.5,905.6,904.5,927.0,,905.59,,,35121,31955000.3,2965,F1,1,,,,,
2026-10-05,2026-10-05,CM,NSE,STK,760125,INE0HF201011,FABTECH,EQ,,,,,FABTECH TECHNOLOGIES LTD,142.02,144.79,140.01,141.87,143.0,142.01,,141.9,,,35030,4971156.61,689,F1,1,,,,,
2026-10-05,2026-10-05,CM,NSE,STK,764203,INE536P01021,CPL,EQ,,,,,CAPTAIN POLYPLAST LIMITED,61.56,63.9,61.01,62.73,63.89,62.46,,62.74,,,34985,2177983.83,1930,F1,1,,,,,
2026-10-05,2026-10-05,CM,NSE,STK,578,INE060901027,LIKHITHA,EQ,,,,,LIKHITHA INFRASTRUC LTD,223.67,232.8,223.0,227.43,224.5,225.62,,227.3,,,34535,7810832.35,1190,F1,1,,,,,
2026-10-05,2026-10-05,CM,NSE,STK,3324,INE287B01021,SUBROS,EQ,,,,,SUBROS LIMITED,680.1,697.5,672.9,675.85,675.0,684.9,,675.76,,,34316,23306998.35,3064,F1,1,,,,,
2026-10-05,2026-10-05,CM,NSE,STK,761688,INE861D01011,SAHLIBHFI,EQ,,,,,SHALIBHADRA FINANCE LTD,78.74,78.74,75.99,76.7,76.9,78.74,,77.13,,,34289,2640607.06,144,F1,1,,,,,
2026-10-05,2026-10-05,CM,NSE,STK,1485,INE559A01017,IFBIND,EQ,,,,,IFB INDUSTRIES LTD,1175.0,1201.8,1140.0,1178.8,1174.1,1166.2,,1178.81,,,34216,40311999.6,3718,F1,1,,,,,
2026-10-05,2026-10-05,CM,NSE,STK,5606,INE575C01027,INTLCONV,EQ,,,,,INTL CONVEYORS LIMITED,82.3,82.3,80.0,80.06,80.0,80.03,,80.1,,,34181,2749779.95,428,F1,1,,,,,
2026-10-05,2026-10-05,CM,NSE,STK,11480,INE524L01026,KRIDHANINF,EQ,,,,,KRIDHAN INFRA LIMITED,1.85,1.93,1.83,1.89,1.93,1.85,,1.9,,,34177,64528.4,58,F1,1,,,,,
2026-10-05,2026-10-05,CM,NSE,STK,11399,INE457F01013,SALZERELEC,EQ,,,,,SALZER ELECTRONICS LTD,526.85,535.9,520.2,525.05,523.0,530.9,,525.03,,,33922,17861865.0,2748,F1,1,,,,,
2026-10-05,2026-10-05,CM,NSE,STK,15347,INE871H01011,GSS,EQ,,,,,GSS INFOTECH LIMITED,10.33,10.94,10.28,10.3,10.29,10.33,,10.3,,,33786,351458.77,298,F1,1,,,,,
2026-10-05,2026-10-05,CM,NSE,STK,10285,INE193B01039,AYMSYNTEX,EQ,,,,,AYM SYNTEX LIMITED,280.2,288.7,279.8,283.15,282.0,279.95,,283.15,,,33782,9546701.8,756,F1,1,,,,,
2026-10-05,2026-10-05,CM,NSE,STK,760673,INF666M01NP5,GROWWCHEM,EQ,,,,,GROWWAMC - GROWWCHEM,28.06,28.5,27.81,28.24,28.47,28.36,,28.24,,,33704,944811.86,434,F1,1,,,,,
2026-10-05,2026-10-05,CM,NSE,STK,7420,INE859Q01017,MANAKALUCO,EQ,,,,,MANAK ALUMINIUM CO. LTD.,34.95,34.95,33.5,33.66,33.65,33.76,,33.66,,,33520,1139484.77,382,F1,1,,,,,
2026-10-05,2026-10-05,CM,NSE,STK,9354,INE586B01026,TAJGVK,EQ,,,,,TAJ GVK HOTELS & RESORTS,314.8,325.0,312.35,315.3,315.0,314.9,,315.29,,,33436,10550014.9,2470,F1,1,,,,,
2026-10-05,2026-10-05,CM,NSE,STK,13771,INE273D01027,VGL,EQ,,,,,VARVEE GLOBAL LIMITED,63.4,65.22,63.4,63.6,63.6,63.11,,63.6,,,33296,2133289.06,380,F1,1,,,,,
2026-10-05,2026-10-05,CM,NSE,STK,22675,INE646H01017,CAPITALSFB,EQ,,,,,CAPITAL SMALL FIN BANK L,278.0,286.9,273.65,279.55,276.1,277.5,,279.52,,,32415,9049566.6,1184,F1,1,,,,,
2026-10-05,2026-10-05,CM,NSE,STK,11979,INE501G01024,HTMEDIA,EQ,,,,,HT MEDIA LIMITED,22.01,22.74,22.01,22.14,22.1,22.38,,22.14,,,32181,713900.24,280,F1,1,,,,,
2026-10-05,2026-10-05,CM,NSE,STK,4566,INE413B01023,RUCHINFRA,EQ,,,,,RUCHI INFRASTRUCTURE LTD,4.96,4.97,4.85,4.85,4.85,4.84,,4.85,,,32153,157544.14,176,F1,1,,,,,
2026-10-05,2026-10-05,CM,NSE,STK,13671,INE378D01032,MADHUCON,EQ,,,,,MADHUCON PROJECTS LTD.,3.99,4.1,3.84,3.88,3.85,3.99,,3.88,,,32001,124478.45,1153,F1,1,,,,,
2026-10-05,2026-10-05,CM,NSE,STK,25262,INE0RWQ01014,TOLINS,EQ,,,,,TOLINS TYRES LIMITED,86.0,87.5,84.01,85.12,85.45,84.59,,85.1,,,31946,2710051.09,1343,F1,1,,,,,
2026-10-05,2026-10-05,CM,NSE,STK,759371,INF247L01GG9,MONIFTY100,EQ,,,,,MOTILALAMC - MONIFTY100,24.7,24.7,23.67,23.8,23.91,24.64,,23.8,,,31944,760684.11,280,F1,1,,,,,
2026-10-05,2026-10-05,CM,NSE,STK,15409,INE317F01035,NESCO,EQ,,,,,NESCO LTD.,1045.0,1051.5,1027.1,1036.6,1030.0,1028.2,,1036.53,,,31885,33133909.1,5796,F1,1,,,,,
2026-10-05,2026-10-05,CM,NSE,STK,3482,INE419D01026,CLSEL,EQ,,,,,CHAMAN LAL SETIA EXP LTD,280.95,286.2,277.25,283.1,281.1,281.95,,283.07,,,31677,8905874.5,1439,F1,1,,,,,
2026-10-05,2026-10-05,CM,NSE,STK,30290,INF200KB1712,SBIBPB,EQ,,,,,SBIAMC - SBIBPB,47.19,47.19,46.31,46.48,46.6,46.37,,46.48,,,31613,1481071.24,504,F1,1,,,,,
2026-10-05,2026-10-05,CM,NSE,STK,760657,INE0ALI01010,ADVAIT,EQ,,,,,ADVAIT ENRGY TRANSITION L,1869.1,1903.9,1821.6,1832.1,1830.0,1863.0,,1831.98,,,31536,58692856.0,5509,F1,1,,,,,
2026-10-05,2026-10-05,CM,NSE,STK,634,INE188B01013,IGARASHI,EQ,,,,,IGARASHI MOTORS INDIA LTD,395.65,403.55,388.45,389.65,390.0,398.95,,389.38,,,31532,12390122.1,2041,F1,1,,,,,
2026-10-05,2026-10-05,CM,NSE,STK,13337,INE297H01019,GALLANTT,EQ,,,,,GALLANTT ISPAT LIMITED,530.15,533.45,521.0,522.9,522.2,530.15,,522.96,,,31526,16592344.55,2592,F1,1,,,,,
2026-10-05,2026-10-05,CM,NSE,STK,20314,INE740D01017,NRAIL,EQ,,,,,N R AGARWAL INDS LTD,680.0,680.0,650.05,661.35,652.1,659.5,,661.28,,,31444,20871358.7,1976,F1,1,,,,,
2026-10-05,2026-10-05,CM,NSE,STK,12716,INE985S01024,TEAMLEASE,EQ,,,,,TEAMLEASE SERVICES LTD.,1180.7,1194.6,1117.6,1134.6,1138.0,1179.4,,1134.6,,,31212,35483991.5,5193,F1,1,,,,,
2026-10-05,2026-10-05,CM,NSE,STK,17728,INE563J01010,ASTEC,EQ,,,,,ASTEC LIFESCIENCES LTD,708.6,721.75,700.0,712.7,712.8,708.6,,712.7,,,30766,21881688.6,2250,F1,1,,,,,
2026-10-05,2026-10-05,CM,NSE,STK,3586,INE514Y01020,MOKSH,EQ,,,,,MOKSH ORNAMENTS LIMITED,9.16,9.64,9.16,9.31,9.26,9.19,,9.31,,,30725,287889.2,219,F1,1,,,,,
2026-10-05,2026-10-05,CM,NSE,STK,28913,INE847C01020,ROSSELLIND,EQ,,,,,ROSSELL INDIA LIMITED,49.97,51.4,48.98,50.1,49.83,50.22,,50.1,,,30670,1539911.04,487,F1,1,,,,,
2026-10-05,2026-10-05,CM,NSE,STK,20134,INE874I01013,RAMKY,EQ,,,,,RAMKY INFRA LTD,278.7,284.8,274.8,280.95,282.0,274.6,,281.04,,,30641,8545225.15,1132,F1,1,,,,,
2026-10-05,2026-10-05,CM,NSE,STK,16795,INE877I01016,ARCHIDPLY,EQ,,,,,ARCHIDPLY IND. LTD,101.79,103.71,100.37,101.8,102.7,101.79,,101.91,,,30544,3112837.63,226,F1,1,,,,,
2026-10-05,2026-10-05,CM,NSE,STK,756020,INE015C01016,TINNARUBR,EQ,,,,,TINNA RUBBER AND INFR LTD,938.85,951.2,922.75,930.15,947.6,938.85,,930.08,,,30521,28462932.4,2799,F1,1,,,,,
2026-10-05,2026-10-05,CM,NSE,STK,7242,INE317I01021,METROBRAND,EQ,,,,,METRO BRANDS LIMITED,847.0,847.0,807.15,812.5,814.0,833.5,,812.51,,,30069,24628296.35,5055,F1,1,,,,,
2026-10-05,2026-10-05,CM,NSE,STK,2794,INE611A01016,RSWM,EQ,,,,,RSWM LIMITED,204.35,209.99,201.44,203.03,202.1,202.21,,203.02,,,30003,6109719.33,786,F1,1,,,,,
2026-10-05,2026-10-05,CM,NSE,STK,24969,INE052A01021,WINDMACHIN,EQ,,,,,WINDSOR MACHINES LIMITED,293.0,299.45,284.65,286.2,287.0,293.15,,286.22,,,29987,8690326.45,1280,F1,1,,,,,
2026-10-05,2026-10-05,CM,NSE,STK,11226,INE116D01028,BAGFILMS,EQ,,,,,B.A.G FILMS AND MEDIA LTD,4.07,4.18,4.02,4.1,4.14,4.07,,4.1,,,29972,123301.81,140,F1,1,,,,,
2026-10-05,2026-10-05,CM,NSE,STK,1267,INE186A01019,GUJALKALI,EQ,,,,,GUJARAT ALKALIES & CHEM,609.7,614.85,600.0,606.45,606.0,603.6,,606.33,,,29834,18084393.0,2674,F1,1,,,,,
2026-10-05,2026-10-05,CM,NSE,STK,4771,INE911B01018,TCIFINANCE,EQ,,,,,TCI FINANCE LTD,14.5,15.49,13.55,14.3,14.31,14.69,,14.3,,,29696,421085.4,146,F1,1,,,,,
2026-10-05,2026-10-05,CM,NSE,STK,18581,INE732A01036,KIRLOSBROS,EQ,,,,,KIRLOSKAR BROTHERS LTD,1769.8,1790.6,1736.2,1742.4,1745.0,1767.6,,1742.42,,,29626,51913297.0,5197,F1,1,,,,,
2026-10-05,2026-10-05,CM,NSE,STK,13689,INE035801013,AERONEU,EQ,,,,,AEROFLEX NEU LIMITED,70.03,70.99,69.11,69.7,70.0,70.56,,69.7,,,29604,2067697.75,442,F1,1,,,,,
2026-10-05,2026-10-05,CM,NSE,STK,25134,INE0RE001014,GALAPREC,EQ,,,,,GALA PRECISION ENG LTD,1185.0,1200.0,1150.0,1160.1,1152.5,1157.8,,1160.18,,,29427,34491237.7,3746,F1,1,,,,,
2026-10-05,2026-10-05,CM,NSE,STK,25082,INE040M01013,TREEHOUSE,EQ,,,,,TREE HOUSE EDU LTD,5.69,5.99,5.5,5.8,5.98,5.68,,5.8,,,29426,172754.18,114,F1,1,,,,,
2026-10-05,2026-10-05,CM,NSE,STK,436,INE133Y01011,IFGLEXPOR,EQ,,,,,IFGL REFRACTORIES LIMITED,192.2,195.3,182.15,183.99,185.9,189.57,,183.99,,,29347,5454181.74,1411,F1,1,,,,,
2026-10-05,2026-10-05,CM,NSE,STK,9750,INE04TZ01018,ETHOSLTD,EQ,,,,,ETHOS LIMITED,2565.0,2610.0,2517.0,2602.3,2601.0,2531.9,,2602.08,,,29281,75360986.3,7480,F1,1,,,,,
2026-10-05,2026-10-05,CM,NSE,STK,759461,INE06XZ01023,GEMAROMA,EQ,,,,,GEM AROMATICS LIMITED,156.85,156.85,152.0,152.61,152.01,155.28,,152.52,,,29191,4474585.44,913,F1,1,,,,,
2026-10-05,2026-10-05,CM,NSE,STK,4469,INE822G01016,ELECTHERM,EQ,,,,,ELECTROTHERM (I) LTD.,731.1,774.8,695.0,702.4,697.55,743.6,,702.43,,,29147,20862027.85,1943,F1,1,,,,,
2026-10-05,2026-10-05,CM,NSE,STK,1204,INE546Y01022,PRAXIS,EQ,,,,,PRAXIS HOME RETAIL LTD,4.39,4.59,4.22,4.41,4.48,4.39,,4.43,,,29052,129983.95,111,F1,1,,,,,
2026-10-05,2026-10-05,CM,NSE,STK,11596,INE405C01035,LINCOLN,EQ,,,,,LINCOLN PHARMA LTD,582.35,589.45,565.0,567.2,565.05,582.05,,567.22,,,28961,16621401.35,1832,F1,1,,,,,
2026-10-05,2026-10-05,CM,NSE,STK,29487,INE149O01018,NIBE,EQ,,,,,NIBE LIMITED,1236.0,1253.3,1214.0,1221.3,1225.0,1234.5,,1221.3,,,28920,35589998.1,2700,F1,1,,,,,
2026-10-05,2026-10-05,CM,NSE,STK,2687,INE633B01018,POLYPLEX,EQ,,,,,POLYPLEX CORPORATION LTD,1028.0,1041.1,1015.0,1020.5,1038.5,1028.0,,1020.49,,,28871,29669393.9,2776,F1,1,,,,,
2026-10-05,2026-10-05,CM,NSE,STK,19877,INE919I01024,RADIOCITY,EQ,,,,,MUSIC BROADCAST LIMITED,5.76,6.1,5.76,5.9,5.86,5.88,,5.9,,,28659,168806.17,130,F1,1,,,,,
2026-10-05,2026-10-05,CM,NSE,STK,14687,INE426D01013,GOACARBON,EQ,,,,,GOA CARBON LIMITED,410.0,410.25,397.0,403.25,405.0,402.9,,403.28,,,28611,11519055.05,1351,F1,1,,,,,
2026-10-05,2026-10-05,CM,NSE,STK,11773,INE755Q01025,VISHAL,EQ,,,,,VISHAL FABRICS LTD.,18.18,18.18,17.0,17.31,17.44,17.38,,17.3,,,28517,493063.72,397,F1,1,,,,,
2026-10-05,2026-10-05,CM,NSE,STK,18029,INE912H01013,MBLINFRA,EQ,,,,,MBL INFRASTRUCTURE LTD,23.5,24.2,22.5,23.9,24.2,23.11,,23.9,,,28371,665997.77,256,F1,1,,,,,
2026-10-05,2026-10-05,CM,NSE,STK,993,INE295A01018,EVERESTIND,EQ,,,,,EVEREST INDUSTRIES LTD,484.0,486.0,452.65,478.15,474.1,475.3,,478.14,,,28153,13263275.15,1254,F1,1,,,,,
2026-10-05,2026-10-05,CM,NSE,STK,14908,INE291D01011,KDDL,EQ,,,,,KDDL LIMITED,3980.7,4032.6,3877.0,3943.4,3935.0,3911.2,,3943.98,,,28095,110457189.3,5548,F1,1,,,,,
2026-10-05,2026-10-05,CM,NSE,STK,13086,INE212H01026,AIAENG,EQ,,,,,AIA ENGINEERING LIMITED,3827.0,3894.9,3802.5,3863.2,3862.1,3824.4,,3863.19,,,27893,107519075.3,12564,F1,1,,,,,
2026-10-05,2026-10-05,CM,NSE,STK,18321,INE337A01034,LGBBROSLTD,EQ,,,,,LG BALAKRISHNAN & BROS,1700.0,1716.8,1650.0,1663.5,1664.0,1711.1,,1663.59,,,27779,46774312.7,4025,F1,1,,,,,
2026-10-05,2026-10-05,CM,NSE,STK,27754,INE403Y01018,INNOVANA,EQ,,,,,INNOVANA THINKLABS LTD,292.85,304.85,287.55,302.3,300.0,290.2,,302.29,,,27710,8237348.85,784,F1,1,,,,,
2026-10-05,2026-10-05,CM,NSE,STK,742,INE757A01017,COSMOFIRST,EQ,,,,,COSMO FIRST LIMITED,840.0,840.0,811.8,822.7,820.0,826.85,,822.65,,,27709,22799863.95,2515,F1,1,,,,,
2026-10-05,2026-10-05,CM,NSE,STK,758748,INE0PKD01011,MEIL,EQ,,,,,MANGAL ELECTRICAL IND L,264.0,264.85,255.0,256.65,257.0,262.1,,256.43,,,27694,7170376.0,1301,F1,1,,,,,
2026-10-05,2026-10-05,CM,NSE,STK,21017,INE360L01017,FMNL,EQ,,,,,FUTURE MKT NETWORKS LTD,8.08,8.29,7.76,7.98,7.95,8.08,,7.98,,,27663,219558.87,318,F1,1,,,,,
2026-10-05,2026-10-05,CM,NSE,STK,764980,INE359B01010,VEDAVAAG,EQ,,,,,VEDAVAAG SYSTEMS LTD.,22.16,22.59,21.46,22.33,22.28,22.16,,22.33,,,27473,606652.88,269,F1,1,,,,,
2026-10-05,2026-10-05,CM,NSE,STK,14440,INE290A01027,NAHARSPING,EQ,,,,,NAHAR SPINNING MILLS LTD.,255.5,260.7,249.2,250.15,249.35,255.5,,249.84,,,27426,6968303.05,950,F1,1,,,,,
2026-10-05,2026-10-05,CM,NSE,STK,10530,INE597I01028,SHARDAMOTR,EQ,,,,,SHARDA MOTOR INDS LTD,929.9,938.6,910.3,918.6,918.0,928.8,,918.59,,,27384,25269398.15,4063,F1,1,,,,,
2026-10-05,2026-10-05,CM,NSE,STK,22595,INF179KC1HW4,HDFCPSUBK,EQ,,,,,HDFCAMC HDFCPSUBK,80.53,82.09,80.52,81.09,80.66,80.52,,81.13,,,27238,2215498.88,321,F1,1,,,,,
2026-10-05,2026-10-05,CM,NSE,STK,4299,INE334A01023,STERTOOLS,EQ,,,,,STERLING TOOLS LIMITED,225.5,229.0,218.0,218.78,218.8,224.28,,218.45,,,27222,6062658.28,823,F1,1,,,,,
2026-10-05,2026-10-05,CM,NSE,STK,15716,INE557Z01018,PIGL,EQ,,,,,POWER INSTRUMENT (G) LTD,93.87,96.98,93.0,94.55,95.5,93.87,,94.81,,,27104,2569876.19,563,F1,1,,,,,
2026-10-05,2026-10-05,CM,NSE,STK,10932,INE874F01027,RADAAN,EQ,,,,,RADAAN MEDIAWORKS (I) LTD,2.98,3.01,2.86,2.99,3.0,2.98,,2.99,,,27071,79605.27,85,F1,1,,,,,
2026-10-05,2026-10-05,CM,NSE,STK,3744,INE686Y01026,FINEORG,EQ,,,,,FINE ORGANIC IND. LTD.,5131.0,5300.0,5121.5,5210.0,5219.5,5131.0,,5209.67,,,27037,140938628.0,8361,F1,1,,,,,
2026-10-05,2026-10-05,CM,NSE,STK,17507,INE452L01012,INCREDIBLE,EQ,,,,,INCREDIBLE INDUSTRIES LTD,32.46,32.46,30.6,31.48,31.47,31.37,,31.48,,,26959,849620.8,191,F1,1,,,,,
2026-10-05,2026-10-05,CM,NSE,STK,1782,INE694E01014,KANPRPLA,EQ,,,,,KANPUR PLASTIPACK LIMITED,246.0,260.0,246.0,252.24,256.0,245.55,,252.24,,,26865,6811605.3,747,F1,1,,,,,
2026-10-05,2026-10-05,CM,NSE,STK,4911,INE414A01015,MADRASFERT,EQ,,,,,MADRAS FERTILISERS LTD,57.26,58.49,57.26,57.61,57.99,57.46,,57.61,,,26788,1543964.04,601,F1,1,,,,,
2026-10-05,2026-10-05,CM,NSE,STK,15391,INE084Q01012,RACE,EQ,,,,,RACE ECO CHAIN LIMITED,117.0,117.0,108.12,108.95,110.0,113.18,,108.94,,,26720,2982452.39,811,F1,1,,,,,
2026-10-05,2026-10-05,CM,NSE,STK,757,INE007A01025,CRISIL,EQ,,,,,CRISIL LTD,4428.6,4531.5,4401.0,4505.8,4515.0,4428.6,,4505.86,,,26707,120007307.3,9217,F1,1,,,,,
2026-10-05,2026-10-05,CM,NSE,STK,619,INE485A01015,CENTENKA,EQ,,,,,CENTURY ENKA LTD,538.9,551.8,538.9,546.2,545.45,537.8,,546.2,,,26663,14576193.85,3016,F1,1,,,,,
2026-10-05,2026-10-05,CM,NSE,STK,9260,INE570D01018,ARROWGREEN,EQ,,,,,ARROW GREENTECH LIMITED,873.8,891.75,835.9,858.55,856.0,865.2,,858.56,,,26652,22722996.5,3085,F1,1,,,,,
2026-10-05,2026-10-05,CM,NSE,STK,18252,INE212I01016,SPAL,EQ,,,,,S. P. APPARELS LIMITED,965.15,969.65,930.05,937.9,937.0,935.6,,937.9,,,26626,25048756.45,3574,F1,1,,,,,
2026-10-05,2026-10-05,CM,NSE,STK,764845,INE035S01028,POEL,EQ,,,,,P O C L ENTERPRISES LTD.,141.13,141.95,136.0,136.27,137.95,136.45,,136.27,,,26509,3674044.46,1511,F1,1,,,,,
2026-10-05,2026-10-05,CM,NSE,STK,15254,INE482A01020,CEATLTD,EQ,,,,,CEAT LIMITED,3286.6,3313.4,3244.1,3283.0,3289.0,3286.6,,3283.21,,,26355,86339158.8,6694,F1,1,,,,,
2026-10-05,2026-10-05,CM,NSE,STK,9046,INE740V01019,AGROPHOS,EQ,,,,,AGRO PHOS INDIA LIMITED,23.99,23.99,22.0,22.31,22.6,23.0,,22.31,,,26169,588860.58,213,F1,1,,,,,
2026-10-05,2026-10-05,CM,NSE,STK,255,INE368I01016,NIRAJ,EQ,,,,,NIRAJ CEMENT STRUC LTD,28.29,28.5,27.32,27.92,27.89,27.74,,27.92,,,26158,722728.01,78,F1,1,,,,,
2026-10-05,2026-10-05,CM,NSE,STK,764402,INF247L01HG7,MOMETAL,EQ,,,,,MOTILALAMC - MOMETAL,12.84,12.84,12.4,12.55,12.55,12.59,,12.55,,,26140,327038.66,91,F1,1,,,,,
2026-10-05,2026-10-05,CM,NSE,STK,10859,INE0JS101016,DREAMFOLKS,EQ,,,,,DREAMFOLKS SERVICES LTD,61.5,61.9,60.06,60.5,60.06,61.5,,60.53,,,26105,1589672.86,896,F1,1,,,,,
2026-10-05,2026-10-05,CM,NSE,STK,13794,INE020D01022,BAIDFIN,EQ,,,,,BAID FINSERV LIMITED,10.22,10.57,10.22,10.33,10.25,10.31,,10.33,,,25931,271081.03,148,F1,1,,,,,
2026-10-05,2026-10-05,CM,NSE,STK,760359,INF740KA1WX3,SMALLADD,EQ,,,,,DSPAMC - SMALLADD,18.17,18.17,17.69,17.79,17.87,17.73,,17.81,,,25608,455101.52,240,F1,1,,,,,
2026-10-05,2026-10-05,CM,NSE,STK,13441,INE083D01012,BALPHARMA,EQ,,,,,BAL PHARMA LTD.,106.95,109.79,105.11,106.79,107.47,105.74,,106.79,,,25522,2734957.74,773,F1,1,,,,,
2026-10-05,2026-10-05,CM,NSE,STK,2979,INE749B01020,ORTINGLOBE,EQ,,,,,ORTIN GLOBAL LIMITED,14.36,14.84,13.82,13.82,13.82,14.52,,13.82,,,25484,358799.24,64,F1,1,,,,,
2026-10-05,2026-10-05,CM,NSE,STK,7919,INE319B01014,BYKE,EQ,,,,,THE BYKE HOSPITALITY LTD,28.5,30.25,28.5,29.66,29.79,28.81,,29.66,,,25230,744300.58,137,F1,1,,,,,
2026-10-05,2026-10-05,CM,NSE,STK,16827,INE760A01029,KOKUYOCMLN,EQ,,,,,KOKUYO CAMLIN LIMITED,76.55,76.55,74.0,75.82,76.0,74.77,,75.81,,,25087,1882354.5,656,F1,1,,,,,
2026-10-05,2026-10-05,CM,NSE,STK,3546,INE690A01028,TTKPRESTIG,EQ,,,,,TTK PRESTIGE LTD,508.5,519.45,508.5,512.95,519.45,506.4,,512.84,,,25083,12840609.75,2038,F1,1,,,,,
2026-10-05,2026-10-05,CM,NSE,STK,4040,INE158B01016,EIMCOELECO,EQ,,,,,EIMCO ELECON (INDIA) LTD,2288.8,2325.0,2236.2,2241.9,2251.1,2268.8,,2241.92,,,24870,56664091.6,2656,F1,1,,,,,
2026-10-05,2026-10-05,CM,NSE,STK,23480,INE985A01022,SINCLAIR,EQ,,,,,SINCLAIRS HOTELS LIMITED,76.75,78.95,75.12,75.87,76.8,76.71,,75.9,,,24830,1894422.38,700,F1,1,,,,,
2026-10-05,2026-10-05,CM,NSE,STK,13295,INE286H01012,VISACHROME,EQ,,,,,VISA CHROME LIMITED,37.64,37.64,34.12,34.12,34.12,35.91,,34.07,,,24650,860279.33,250,F1,1,,,,,
2026-10-05,2026-10-05,CM,NSE,STK,14413,INE761H01022,PAGEIND,EQ,,,,,PAGE INDUSTRIES LTD,37000.0,37830.0,36520.0,37465.0,37465.0,36660.0,,37464.89,,,24628,920867810.0,9760,F1,1,,,,,
2026-10-05,2026-10-05,CM,NSE,STK,21252,INF846K01W98,NIFTYAXIS,EQ,,,,,AXISAMC-NIFTYAXIS,243.19,256.9,243.19,250.63,250.49,249.43,,250.63,,,24479,6104156.19,398,F1,1,,,,,
2026-10-05,2026-10-05,CM,NSE,STK,13275,INE332H01014,INDOTECH,EQ,,,,,INDO TECH TRANSFORM LTD.,3414.6,3473.3,3251.1,3275.4,3290.0,3347.6,,3275.59,,,24448,82250511.7,3620,F1,1,,,,,
2026-10-05,2026-10-05,CM,NSE,STK,2481,INE229A01017,ONWARDTEC,EQ,,,,,ONWARD TECHNOLOGIES LTD,291.0,293.0,285.4,290.75,287.85,291.3,,290.77,,,24399,7078650.3,1000,F1,1,,,,,
2026-10-05,2026-10-05,CM,NSE,STK,1153,INE159A01016,GLAXO,EQ,,,,,GLAXOSMITHKLINE PHARMA LT,2771.1,2785.3,2710.1,2732.8,2734.0,2771.1,,2732.88,,,24366,66861282.1,6355,F1,1,,,,,
2026-10-05,2026-10-05,CM,NSE,STK,3389,INE204E01012,AGARIND,EQ,,,,,AGARWAL INDS CORP LTD.,384.35,391.6,379.0,382.95,380.8,386.0,,382.96,,,24340,9319286.05,1671,F1,1,,,,,
2026-10-05,2026-10-05,CM,NSE,STK,14523,INE725G01011,ICRA,EQ,,,,,ICRA LIMITED,4334.6,4340.0,4249.0,4297.5,4270.0,4318.3,,4297.68,,,24260,104001340.8,4343,F1,1,,,,,
2026-10-05,2026-10-05,CM,NSE,STK,4007,INE558D01021,CORALFINAC,EQ,,,,,CORAL INDIA FIN & HOUS LT,31.05,31.62,29.98,30.21,30.05,31.25,,30.22,,,23876,727718.09,234,F1,1,,,,,
2026-10-05,2026-10-05,CM,NSE,STK,17933,INE520H01022,BEARDSELL,EQ,,,,,BEARDSELL LIMITED,22.3,23.15,22.17,22.76,22.6,22.13,,22.76,,,23832,541133.17,180,F1,1,,,,,
2026-10-05,2026-10-05,CM,NSE,STK,18139,INE920A01037,DOLPHIN,EQ,,,,,DOLPHIN OFF ENT (IND) L,630.1,646.75,600.0,621.0,620.0,628.1,,620.89,,,23823,14844852.25,1753,F1,1,,,,,
2026-10-05,2026-10-05,CM,NSE,STK,15840,INE262Z01023,LATTEYS,EQ,,,,,LATTEYS INDUSTRIES LTD,20.91,21.43,20.36,20.4,20.4,20.91,,20.4,,,23814,491827.46,187,F1,1,,,,,
2026-10-05,2026-10-05,CM,NSE,STK,18131,INE616Z01012,YASHO,EQ,,,,,YASHO INDUSTRIES LIMITED,4036.0,4190.0,4005.9,4042.9,4095.0,4036.0,,4042.91,,,23771,97731867.7,5313,F1,1,,,,,
2026-10-05,2026-10-05,CM,NSE,STK,21840,INE393P01035,DIAMONDYD,EQ,,,,,PRATAAP SNACKS LIMITED,1068.7,1105.1,1041.5,1058.8,1061.5,1073.0,,1058.79,,,23745,25158435.5,1391,F1,1,,,,,
2026-10-05,2026-10-05,CM,NSE,STK,20698,INE807K01035,SCHAND,EQ,,,,,S CHAND AND COMPANY LTD,147.5,147.5,139.1,140.5,140.5,143.57,,140.54,,,23644,3368610.61,726,F1,1,,,,,
2026-10-05,2026-10-05,CM,NSE,STK,1530,INE323C01030,INDIANHUME,EQ,,,,,INDIAN HUME PIPE CO. LTD.,346.1,347.85,334.05,335.7,334.2,346.1,,335.73,,,23630,7997723.85,2333,F1,1,,,,,
2026-10-05,2026-10-05,CM,NSE,STK,19691,INE863T01013,JITFINFRA,EQ,,,,,JITF INFRALOGISTICS LTD,270.6,277.9,260.6,266.5,267.9,275.45,,266.52,,,23423,6255975.7,1081,F1,1,,,,,
2026-10-05,2026-10-05,CM,NSE,STK,759998,INF754K01VX0,ENIFTY,EQ,,,,,EDELAMC - ENIFTY,22.18,23.87,22.18,22.79,22.82,22.75,,22.79,,,23299,531379.91,119,F1,1,,,,,
2026-10-05,2026-10-05,CM,NSE,STK,17839,INE047B01011,GILLANDERS,EQ,,,,,GILLANDERS ARBUTHNOT LTD,110.0,118.59,110.0,115.73,115.2,112.72,,115.66,,,23286,2692535.08,394,F1,1,,,,,
2026-10-05,2026-10-05,CM,NSE,STK,8119,INE425Y01011,RPSGVENT,EQ,,,,,RPSG VENTURES LIMITED,848.0,849.0,820.95,833.9,839.0,829.85,,833.95,,,23182,19293298.8,1045,F1,1,,,,,
2026-10-05,2026-10-05,CM,NSE,STK,762757,INE552U01010,KPL,EQ,,,,,KWALITY PHARMACEUTICALS L,3564.0,3664.0,3529.0,3644.2,3635.0,3564.4,,3643.84,,,23020,83289246.1,4882,F1,1,,,,,
2026-10-05,2026-10-05,CM,NSE,STK,16725,INE105J01010,RPGLIFE,EQ,,,,,RPG LIFE SCIENCES LTD,2983.5,2983.5,2832.6,2896.4,2905.0,2930.7,,2896.24,,,23013,66441213.0,3904,F1,1,,,,,
2026-10-05,2026-10-05,CM,NSE,STK,778,INE055C01020,KEEPLEARN,EQ,,,,,DSJ KEEP LEARNING LTD,1.87,1.87,1.72,1.79,1.8,1.84,,1.8,,,22959,41182.64,91,F1,1,,,,,
2026-10-05,2026-10-05,CM,NSE,STK,759969,INE111F01024,PAUSHAKLTD,EQ,,,,,PAUSHAK LIMITED,654.0,672.0,645.0,657.45,664.0,650.3,,657.47,,,22958,15141668.4,1790,F1,1,,,,,
2026-10-05,2026-10-05,CM,NSE,STK,11309,INE618N01022,BALAXI,EQ,,,,,BALAXI PHARMA LTD,22.06,23.05,22.06,22.77,22.85,22.34,,22.77,,,22927,520975.59,185,F1,1,,,,,
2026-10-05,2026-10-05,CM,NSE,STK,3002,INE066O01014,WONDERLA,EQ,,,,,WONDERLA HOLIDAYS LTD.,495.1,503.0,495.1,499.7,497.0,495.1,,499.7,,,22858,11431984.65,1414,F1,1,,,,,
2026-10-05,2026-10-05,CM,NSE,STK,29758,INF174KA1VD2,MSCIINDIA,EQ,,,,,KOTAKMAMC - MSCIINDIA,28.05,28.17,27.85,28.04,28.05,28.03,,28.04,,,22725,636263.08,197,F1,1,,,,,
2026-10-05,2026-10-05,CM,NSE,STK,1100,INE276A01018,GARFIBRES,EQ,,,,,GARWARE TECH FIBRES LTD,768.4,780.1,763.1,770.6,770.0,768.4,,770.6,,,22696,17524494.0,2586,F1,1,,,,,
2026-10-05,2026-10-05,CM,NSE,STK,24403,INE365D01021,ASHIANA,EQ,,,,,ASHIANA HOUSING LTD,381.8,390.0,381.4,383.6,385.0,383.95,,383.59,,,22654,8724235.2,1447,F1,1,,,,,
2026-10-05,2026-10-05,CM,NSE,STK,13367,INE353H01010,SGL,EQ,,,,,STL GLOBAL LIMITED,8.56,8.84,8.56,8.84,8.84,8.5,,8.84,,,22642,194838.28,60,F1,1,,,,,
2026-10-05,2026-10-05,CM,NSE,STK,16933,INE841B01017,INDBANK,EQ,,,,,INDBANK MERCH BANK,25.7,25.7,25.0,25.17,25.29,25.2,,25.17,,,22541,568387.2,271,F1,1,,,,,
2026-10-05,2026-10-05,CM,NSE,STK,11909,INE409B01013,SWELECTES,EQ,,,,,SWELECT ENERGY SYS LTD,587.8,611.0,587.8,600.1,601.85,592.9,,600.1,,,22535,13522735.6,1233,F1,1,,,,,
2026-10-05,2026-10-05,CM,NSE,STK,759752,INE0L0L01012,MODIS,EQ,,,,,MODIS NAVNIRMAN LTD,370.0,384.0,364.35,372.25,373.5,367.85,,372.15,,,22397,8368314.35,486,F1,1,,,,,
2026-10-05,2026-10-05,CM,NSE,STK,14459,INE500X01013,LEXUS,EQ,,,,,LEXUS GRANITO (INDIA) LTD,11.0,11.15,10.15,10.81,10.52,10.56,,10.81,,,22196,236753.19,219,F1,1,,,,,
2026-10-05,2026-10-05,CM,NSE,STK,18049,INE110B01017,MINDTECK,EQ,,,,,MINDTECK (INDIA) LIMITED,154.8,158.5,150.01,151.31,150.3,150.93,,151.33,,,22115,3387436.18,783,F1,1,,,,,
2026-10-05,2026-10-05,CM,NSE,STK,10822,INF247L01BH8,MOQUALITY,EQ,,,,,MOTILALAMC - MOQUALITY,189.39,198.0,186.42,190.65,188.29,187.34,,191.66,,,21916,4105191.19,126,F1,1,,,,,
2026-10-05,2026-10-05,CM,NSE,STK,21683,INE727S01012,BRNL,EQ,,,,,BHARAT ROAD NETWORK LTD,15.62,16.87,15.61,16.13,16.31,16.03,,16.13,,,21855,358934.92,251,F1,1,,,,,
2026-10-05,2026-10-05,CM,NSE,STK,761030,INF769K01QB4,INFRA,EQ,,,,,MIRAEAMC - INFRA,11.63,11.63,11.41,11.44,11.44,11.4,,11.44,,,21735,248948.48,193,F1,1,,,,,
2026-10-05,2026-10-05,CM,NSE,STK,9039,INE527H01019,UFO,EQ,,,,,UFO MOVIEZ INDIA LTD.,57.02,58.6,56.33,57.18,57.4,56.49,,57.19,,,21649,1241599.04,537,F1,1,,,,,
2026-10-05,2026-10-05,CM,NSE,STK,760101,INE2J8701016,SKFINDUS,EQ,,,,,SKF IND (INDUSTRIAL) LTD,2759.9,2759.9,2670.1,2729.5,2705.1,2734.2,,2729.58,,,21506,58347470.9,5795,F1,1,,,,,
2026-10-05,2026-10-05,CM,NSE,STK,9014,INE294Z01018,ANUP,EQ,,,,,THE ANUP ENGINEERING LTD,1566.7,1574.9,1523.0,1539.0,1535.0,1566.7,,1539.03,,,21490,33233016.0,4005,F1,1,,,,,
2026-10-05,2026-10-05,CM,NSE,STK,765060,INE715T01031,DHATRE,EQ,,,,,DHATRE UDYOG LTD.,4.04,4.08,3.91,3.93,4.02,4.02,,3.94,,,21458,84921.46,163,F1,1,,,,,
2026-10-05,2026-10-05,CM,NSE,STK,756782,INE0GGO01015,KRISHIVAL,EQ,,,,,KRISHIVAL FOODS LIMITED,399.0,414.2,399.0,406.5,408.5,394.5,,406.42,,,21443,8649063.9,483,F1,1,,,,,
2026-10-05,2026-10-05,CM,NSE,STK,760415,INF769K01PZ5,TOP20,EQ,,,,,MIRAEAMC - TOP20,8.32,8.39,8.3,8.34,8.35,8.3,,8.34,,,21394,178656.78,135,F1,1,,,,,
2026-10-05,2026-10-05,CM,NSE,STK,25235,INE547B01028,XTGLOBAL,EQ,,,,,XTGLOBAL INFOTECH LIMITED,29.0,29.4,28.0,28.09,28.28,28.69,,28.04,,,21393,606347.59,218,F1,1,,,,,
2026-10-05,2026-10-05,CM,NSE,STK,19289,INF247L01536,MOM50,EQ,,,,,MOTILAL OSWAL M50 ETF,238.99,238.99,234.79,235.61,235.01,235.67,,235.61,,,21342,5039339.85,254,F1,1,,,,,
2026-10-05,2026-10-05,CM,NSE,STK,3453,INE014B01011,TECILCHEM,EQ,,,,,TECIL CHEMICALS,9.29,10.15,8.9,9.56,9.66,9.25,,9.56,,,21261,204194.55,85,F1,1,,,,,
2026-10-05,2026-10-05,CM,NSE,STK,14198,INE325A01013,TIMKEN,EQ,,,,,TIMKEN INDIA LTD.,3110.0,3149.9,3103.8,3132.3,3127.3,3098.8,,3132.26,,,21117,66170219.1,5330,F1,1,,,,,
2026-10-05,2026-10-05,CM,NSE,STK,6407,INE112F01022,LAMBODHARA,EQ,,,,,LAMBODHARA TEXTILES LTD.,130.0,135.0,125.5,126.51,126.5,128.64,,126.51,,,20982,2729144.57,435,F1,1,,,,,
2026-10-05,2026-10-05,CM,NSE,STK,17486,INE201K01015,EXPLEOSOL,EQ,,,,,EXPLEO SOLUTIONS LIMITED,853.05,881.55,850.05,863.45,860.75,848.75,,864.02,,,20948,18210783.8,2619,F1,1,,,,,
2026-10-05,2026-10-05,CM,NSE,STK,13192,INE265F01028,ENIL,EQ,,,,,ENTERTAIN NET. IND. LTD.,94.0,94.0,91.1,91.69,91.1,93.36,,91.69,,,20891,1923940.36,354,F1,1,,,,,
2026-10-05,2026-10-05,CM,NSE,STK,530,INE110A01019,BPL,EQ,,,,,BPL LTD,45.0,45.8,44.0,44.39,44.49,45.29,,44.4,,,20796,929016.2,554,F1,1,,,,,
2026-10-05,2026-10-05,CM,NSE,STK,1994,INE557B01019,LIBERTSHOE,EQ,,,,,LIBERTY SHOES LTD,217.87,219.94,211.01,212.42,212.88,216.78,,212.41,,,20788,4451007.97,1061,F1,1,,,,,
2026-10-05,2026-10-05,CM,NSE,STK,4775,INE891B01012,DCMFINSERV,EQ,,,,,DCM FINANCIAL SERVICES LT,5.07,5.33,4.75,5.02,5.09,5.07,,5.03,,,20787,104760.48,102,F1,1,,,,,
2026-10-05,2026-10-05,CM,NSE,STK,762712,INE640B01021,HBESD,EQ,,,,,H B ESTATE DEVELOPERS L,66.73,78.13,66.0,78.13,78.13,65.11,,79.58,,,20755,1601715.12,218,F1,1,,,,,
2026-10-05,2026-10-05,CM,NSE,STK,8075,INE00R701025,DALBHARAT,EQ,,,,,DALMIA BHARAT LIMITED,1682.1,1689.1,1655.0,1673.7,1677.9,1682.1,,1673.68,,,20725,34601457.2,5015,F1,1,,,,,
2026-10-05,2026-10-05,CM,NSE,STK,16819,INF082J01499,QNIFTY,EQ,,,,,QUANTUM NIFTY 50 ETF,252.65,252.65,247.2,248.85,248.8,247.7,,248.85,,,20626,5124621.7,286,F1,1,,,,,
2026-10-05,2026-10-05,CM,NSE,STK,29678,INE0O9T01021,BAJAJINDEF,EQ,,,,,INDEF MANUFACTURING LTD,209.03,211.71,201.0,202.19,203.99,208.52,,202.19,,,20558,4198212.28,779,F1,1,,,,,
2026-10-05,2026-10-05,CM,NSE,STK,14096,INE076B01028,SIYSIL,EQ,,,,,SIYARAM SILK MILLS LTD,535.8,544.0,531.5,540.15,544.0,531.55,,540.12,,,20499,11005121.95,1638,F1,1,,,,,
2026-10-05,2026-10-05,CM,NSE,STK,759747,INE719F01016,SHIVAUM,EQ,,,,,SHIV AUM STEELS LIMITED,535.5,563.9,525.05,558.95,560.0,554.6,,558.95,,,20380,11211173.5,641,F1,1,,,,,
2026-10-05,2026-10-05,CM,NSE,STK,6385,INE652F01027,CCHHL,EQ,,,,,COUNTRY CLUB HOSP HOL LTD,12.81,13.16,12.7,12.71,12.89,12.99,,12.71,,,20247,260270.64,155,F1,1,,,,,
2026-10-05,2026-10-05,CM,NSE,STK,764880,INE068B01017,SEKURITIND,EQ,,,,,SAINT GOBAIN SEKUR IND L,108.3,113.2,108.01,108.72,108.01,109.19,,108.54,,,20206,2231160.2,665,F1,1,,,,,
2026-10-05,2026-10-05,CM,NSE,STK,14871,INE0N0Y01013,USK,EQ,,,,,UDAYSHIVAKUMAR INFRA LTD,18.97,19.1,18.12,18.53,18.65,18.39,,18.52,,,20205,372736.7,232,F1,1,,,,,
2026-10-05,2026-10-05,CM,NSE,STK,14924,INE740X01023,LAL,EQ,,,,,LORENZINI APPARELS LTD,8.31,8.59,8.31,8.45,8.45,8.45,,8.45,,,20120,170015.89,102,F1,1,,,,,
2026-10-05,2026-10-05,CM,NSE,STK,14101,INE034D01049,PTL,EQ,,,,,PTL ENTERPRISES LTD,37.88,38.5,37.88,38.21,38.22,37.87,,38.21,,,20109,769203.89,751,F1,1,,,,,
2026-10-05,2026-10-05,CM,NSE,STK,1576,INE322A01010,GILLETTE,EQ,,,,,GILLETTE INDIA LTD,6902.0,7025.0,6862.0,6979.0,7012.0,6899.0,,6979.51,,,20086,139537122.5,5122,F1,1,,,,,
2026-10-05,2026-10-05,CM,NSE,STK,11983,INE231F01020,SASKEN,EQ,,,,,SASKEN TECHNOLOGIES LTD,1750.0,1784.0,1675.4,1683.2,1678.1,1720.5,,1683.22,,,20074,34540354.2,3193,F1,1,,,,,
2026-10-05,2026-10-05,CM,NSE,STK,21077,INE272L01022,SURANASOL,EQ,,,,,SURANA SOLAR LIMITED,24.45,24.55,24.0,24.07,24.0,24.15,,24.08,,,19944,482855.62,369,F1,1,,,,,
2026-10-05,2026-10-05,CM,NSE,STK,15239,INE865C01022,BIRLAMONEY,EQ,,,,,ADITYA BIRLA MONEY LTD,112.23,115.86,110.71,112.15,112.81,112.82,,112.15,,,19921,2241370.05,939,F1,1,,,,,
2026-10-05,2026-10-05,CM,NSE,STK,13182,INE283H01019,ROHLTD,EQ,,,,,ROYAL ORCHID HOTELS LTD,305.0,305.0,294.0,295.1,297.0,298.65,,295.11,,,19878,5899857.1,737,F1,1,,,,,
2026-10-05,2026-10-05,CM,NSE,STK,17616,INF740KA1SY9,PSUBANKADD,EQ,,,,,DSPAMC - DSPPSBKETF,81.4,82.07,80.8,81.05,81.15,80.47,,81.05,,,19772,1606959.0,317,F1,1,,,,,
2026-10-05,2026-10-05,CM,NSE,STK,31138,INE453B01029,COMPUSOFT,EQ,,,,,COMPUCOM SOFTWARE LTD,13.05,13.4,12.61,13.0,13.05,13.05,,13.0,,,19681,254798.71,218,F1,1,,,,,
2026-10-05,2026-10-05,CM,NSE,STK,17477,INE663B01015,CONTROLPR,EQ,,,,,CONTROL PRINT LIMITED,624.0,625.25,599.05,616.3,616.5,618.0,,616.64,,,19662,12057773.3,1751,F1,1,,,,,
2026-10-05,2026-10-05,CM,NSE,STK,759842,INE351Y01019,BETA,EQ,,,,,BETA DRUGS LIMITED,2064.5,2173.8,1986.7,2004.0,2020.0,2073.3,,2004.0,,,19642,40673132.0,3088,F1,1,,,,,
2026-10-05,2026-10-05,CM,NSE,STK,30835,INE600A01035,PILITA,EQ,,,,,PIL ITALICA LIFESTYLE LTD,7.4,7.5,7.31,7.39,7.31,7.45,,7.39,,,19487,144137.28,172,F1,1,,,,,
2026-10-05,2026-10-05,CM,NSE,STK,14511,INE629D01020,BANSWRAS,EQ,,,,,BANSWARA SYNTEX LIMITED,105.08,106.79,102.1,102.93,102.66,105.1,,102.93,,,19481,2020212.76,599,F1,1,,,,,
2026-10-05,2026-10-05,CM,NSE,STK,16943,INE760Y01011,ASHOKAMET,EQ,,,,,ASHOKA METCAST LIMITED,14.42,15.15,14.42,14.71,14.61,14.53,,14.71,,,19468,288807.21,264,F1,1,,,,,
2026-10-05,2026-10-05,CM,NSE,STK,24409,INE435G01025,DHANUKA,EQ,,,,,DHANUKA AGRITECH LTD,930.9,938.2,899.5,907.4,911.3,935.05,,907.46,,,19452,17776880.25,1947,F1,1,,,,,
2026-10-05,2026-10-05,CM,NSE,STK,14582,INE917H01012,SRHHYPOLTD,EQ,,,,,SREE RAYALSEEMA HHP LTD.,548.0,554.95,532.9,537.3,540.0,543.6,,538.01,,,19380,10440533.65,1691,F1,1,,,,,
2026-10-05,2026-10-05,CM,NSE,STK,20071,INE781A01025,INTENTECH,EQ,,,,,INTENSE TECHNOLOGIES LTD,81.56,81.56,80.0,80.58,80.1,81.98,,80.54,,,19297,1555128.3,230,F1,1,,,,,
2026-10-05,2026-10-05,CM,NSE,STK,18827,INE747K01017,TARAPUR,EQ,,,,,TARAPUR TRANSFORMERS LTD,12.1,12.18,11.13,11.58,11.5,12.2,,11.53,,,19202,226110.03,153,F1,1,,,,,
2026-10-05,2026-10-05,CM,NSE,STK,8146,INE060X01034,DEVIT,EQ,,,,,DEV INFO TECHNOLOGY LTD,21.1,21.9,20.5,20.52,20.5,20.75,,20.52,,,19078,398956.64,396,F1,1,,,,,
2026-10-05,2026-10-05,CM,NSE,STK,760715,INE115S01010,HALDER,EQ,,,,,HALDER VENTURE LIMITED,232.74,266.0,232.73,258.03,251.0,232.73,,257.51,,,19066,4731882.87,401,F1,1,,,,,
2026-10-05,2026-10-05,CM,NSE,STK,5938,INE950M01013,MONTECARLO,EQ,,,,,MONTE CARLO FASHIONS LTD.,518.0,525.15,515.05,516.9,515.6,522.85,,516.89,,,19032,9880017.05,1388,F1,1,,,,,
2026-10-05,2026-10-05,CM,NSE,STK,765105,INE348N01042,KDGREEN,EQ,,,,,KD GREEN INDUSTRIES LTD,49.7,49.7,46.81,48.29,48.0,46.76,,48.17,,,19026,918072.72,1253,F1,1,,,,,
2026-10-05,2026-10-05,CM,NSE,STK,6606,INF740KA1QK2,EQUAL50ADD,EQ,,,,,DSPAMC - DSPNEWETF,320.32,325.0,319.29,322.16,325.0,320.32,,322.16,,,18990,6095790.43,486,F1,1,,,,,
2026-10-05,2026-10-05,CM,NSE,STK,765499,INF846KA1598,ENERGYAXIS,EQ,,,,,AXISAMC - ENERGYAXIS,18.02,18.75,18.02,18.36,18.25,18.27,,18.36,,,18948,348901.91,123,F1,1,,,,,
2026-10-05,2026-10-05,CM,NSE,STK,7339,INF209KB16D7,ABSLNN50ET,EQ,,,,,BIRLASLAMC - ABSLNN50ET,74.55,74.55,72.3,72.69,73.15,73.05,,72.69,,,18937,1381986.74,422,F1,1,,,,,
2026-10-05,2026-10-05,CM,NSE,STK,14339,INE460C01014,GANESHHOU,EQ,,,,,GANESH HOUSING LIMITED,700.0,719.4,693.0,701.85,703.0,699.1,,701.86,,,18915,13238675.6,1362,F1,1,,,,,
2026-10-05,2026-10-05,CM,NSE,STK,14702,INE123B01028,NAGREEKEXP,EQ,,,,,NAGREEKA EXPORTS LTD.,21.29,21.97,20.1,20.87,20.7,21.29,,20.87,,,18915,396507.05,181,F1,1,,,,,
2026-10-05,2026-10-05,CM,NSE,STK,5428,INE948A01012,TRIGYN,EQ,,,,,TRIGYN TECHNOLOGIES LTD,51.54,52.8,51.02,51.45,51.5,51.8,,51.45,,,18889,976766.86,454,F1,1,,,,,
2026-10-05,2026-10-05,CM,NSE,STK,25855,INE692Z01013,AFFORDABLE,EQ,,,,,AFFORD ROBO & AUTO LTD,163.5,172.4,160.0,163.65,163.99,168.11,,163.73,,,18790,3127915.96,596,F1,1,,,,,
2026-10-05,2026-10-05,CM,NSE,STK,20551,INE321T01012,DOMS,EQ,,,,,DOMS INDUSTRIES LIMITED,2109.9,2109.9,2053.0,2079.8,2083.0,2097.5,,2079.43,,,18688,38804537.3,5561,F1,1,,,,,
2026-10-05,2026-10-05,CM,NSE,STK,16682,INE596F01018,PTCIL,EQ,,,,,PTC INDUSTRIES LIMITED,22025.0,22620.0,21665.0,22530.0,22590.0,22025.0,,22530.14,,,18625,413318115.0,6268,F1,1,,,,,
2026-10-05,2026-10-05,CM,NSE,STK,11432,INE798K01010,KRITINUT,EQ,,,,,KRITI NUTRIENTS LIMITED,68.74,69.85,66.55,69.26,69.85,66.53,,69.28,,,18547,1271259.38,373,F1,1,,,,,
2026-10-05,2026-10-05,CM,NSE,STK,21247,INE0PSC01024,DIGIDRIVE,EQ,,,,,DIGIDRIVE DISTRIBUTORS L,17.67,18.5,17.22,17.8,18.0,17.61,,17.83,,,18543,330524.9,271,F1,1,,,,,
2026-10-05,2026-10-05,CM,NSE,STK,764803,INE839E01023,ODYCORP,EQ,,,,,ODYSSEY CORPORATION LTD.,6.97,7.13,6.8,6.85,6.9,6.91,,6.83,,,18370,126975.3,82,F1,1,,,,,
2026-10-05,2026-10-05,CM,NSE,STK,5501,INE384C01016,YUKEN,EQ,,,,,YUKEN INDIA LIMITED,1141.4,1145.5,1093.6,1129.0,1111.0,1141.4,,1129.11,,,18275,20541803.6,2191,F1,1,,,,,
2026-10-05,2026-10-05,CM,NSE,STK,20950,INE722J01012,RKDL,EQ,,,,,RAVI KUMAR DIST. LTD.,17.15,17.98,16.85,17.05,17.24,17.24,,17.17,,,18146,311786.13,139,F1,1,,,,,
2026-10-05,2026-10-05,CM,NSE,STK,8024,INE039B01026,CINEVISTA,EQ,,,,,CINEVISTA LIMITED,14.09,14.09,13.46,13.79,13.95,13.63,,13.79,,,18109,249693.72,97,F1,1,,,,,
2026-10-05,2026-10-05,CM,NSE,STK,10350,INE718F01018,CSLFINANCE,EQ,,,,,CSL FINANCE LIMITED,205.2,211.99,205.2,209.79,210.0,208.34,,209.77,,,17931,3753834.31,476,F1,1,,,,,
2026-10-05,2026-10-05,CM,NSE,STK,11369,INE910C01018,TTKHLTCARE,EQ,,,,,TTK HEALTHCARE LIMITED,1022.9,1037.0,991.0,1007.4,1005.1,1013.0,,1007.45,,,17885,18126641.4,1936,F1,1,,,,,
2026-10-05,2026-10-05,CM,NSE,STK,6951,INE802B01027,LINC,EQ,,,,,LINC LIMITED,87.0,88.65,85.55,87.53,88.6,86.54,,87.54,,,17881,1553616.6,568,F1,1,,,,,
2026-10-05,2026-10-05,CM,NSE,STK,1156,INE540A01017,GLFL,EQ,,,,,GUJARAT LEASE FINANCING L,5.49,5.49,5.22,5.22,5.22,5.49,,5.22,,,17862,93882.22,49,F1,1,,,,,
2026-10-05,2026-10-05,CM,NSE,STK,2421,INE310A01015,NILKAMAL,EQ,,,,,NILKAMAL LIMITED,1860.0,1899.3,1820.1,1829.5,1821.0,1871.8,,1829.55,,,17730,32907133.7,3451,F1,1,,,,,
2026-10-05,2026-10-05,CM,NSE,STK,20086,INE521J01018,CPCAP,EQ,,,,,CP CAPITAL LIMITED,133.01,142.0,131.35,134.45,134.79,140.85,,134.45,,,17693,2421244.88,583,F1,1,,,,,
2026-10-05,2026-10-05,CM,NSE,STK,758572,INE0V3U01015,GLOBECIVIL,EQ,,,,,GLOBE CIVIL PROJECTS LTD,41.49,42.99,40.51,41.23,41.5,41.49,,41.12,,,17671,727333.61,278,F1,1,,,,,
2026-10-05,2026-10-05,CM,NSE,STK,17927,INE462A01022,BAYERCROP,EQ,,,,,BAYER CROPSCIENCE LTD,3573.0,3585.0,3502.0,3508.9,3505.1,3554.2,,3508.97,,,17648,62297031.0,4988,F1,1,,,,,
2026-10-05,2026-10-05,CM,NSE,STK,5650,INE933X01016,SHANTI,EQ,,,,,SHANTI OVERSEAS INDIA LTD,5.07,5.69,5.07,5.44,5.48,5.5,,5.44,,,17641,94760.64,105,F1,1,,,,,
2026-10-05,2026-10-05,CM,NSE,STK,25737,INE01NE01012,SRD,EQ,,,,,SHANKAR LAL RAMPAL LTD,38.3,38.98,37.4,37.7,37.4,38.08,,37.7,,,17406,661226.55,203,F1,1,,,,,
2026-10-05,2026-10-05,CM,NSE,STK,27171,INE704B01017,RACLGEAR,EQ,,,,,RACL GEARTECH LIMITED,1539.8,1575.0,1522.6,1550.4,1575.0,1538.2,,1550.44,,,17316,26683126.1,3438,F1,1,,,,,
2026-10-05,2026-10-05,CM,NSE,STK,5068,INE363M01019,SHEMAROO,EQ,,,,,SHEMAROO ENTER. LTD.,116.36,117.89,109.99,110.56,110.22,115.21,,110.55,,,17297,1946098.04,176,F1,1,,,,,
2026-10-05,2026-10-05,CM,NSE,STK,758558,INE227J01012,KALPATARU,EQ,,,,,KALPATARU LIMITED,271.0,279.75,270.0,272.3,271.5,273.5,,272.27,,,17262,4712542.65,762,F1,1,,,,,
2026-10-05,2026-10-05,CM,NSE,STK,5054,INE201P01022,GRINFRA,EQ,,,,,G R INFRAPROJECTS LIMITED,790.2,804.95,780.3,789.45,789.9,790.2,,789.93,,,17050,13489674.5,1795,F1,1,,,,,
2026-10-05,2026-10-05,CM,NSE,STK,7518,INE00CA01015,TREJHARA,EQ,,,,,TREJHARA SOLUTIONS LTD,131.66,139.35,129.05,131.36,134.0,131.66,,131.22,,,16934,2237817.37,732,F1,1,,,,,
2026-10-05,2026-10-05,CM,NSE,STK,13352,INE383H01017,MALUPAPER,EQ,,,,,MALU PAPER MILLS LIMITED,31.01,32.85,30.7,31.19,31.05,31.04,,31.19,,,16905,530530.35,118,F1,1,,,,,
2026-10-05,2026-10-05,CM,NSE,STK,757142,INF769K01OO2,EQUAL50,EQ,,,,,MIRAEAMC - EQUAL50,315.32,315.32,308.6,310.43,310.51,309.14,,310.16,,,16755,5200347.73,59,F1,1,,,,,
2026-10-05,2026-10-05,CM,NSE,STK,765977,INE0JHH01011,DOLLEX,EQ,,,,,DOLLEX AGROTECH LIMITED,39.98,39.98,36.5,37.16,37.99,38.24,,37.17,,,16730,623782.53,451,F1,1,,,,,
2026-10-05,2026-10-05,CM,NSE,STK,762914,INE438E01032,SIKA,EQ,,,,,SIKA INTERPLANT SYSTEMS L,1028.2,1038.0,1015.0,1022.6,1018.0,1018.2,,1022.72,,,16720,17132494.9,1955,F1,1,,,,,
2026-10-05,2026-10-05,CM,NSE,STK,759176,INE906O01029,TIGERLOGS,EQ,,,,,TIGER LOGISTICS (INDIA) L,26.05,26.6,25.82,26.3,26.54,25.69,,26.29,,,16487,430753.89,353,F1,1,,,,,
2026-10-05,2026-10-05,CM,NSE,STK,25690,INE417B01040,DSSL,EQ,,,,,DYNACONS SYS & SOLN LTD,950.75,980.0,950.0,964.85,967.5,948.75,,964.68,,,16450,15858267.3,2216,F1,1,,,,,
2026-10-05,2026-10-05,CM,NSE,STK,762929,INE524T01029,TAALTECH,EQ,,,,,TAAL TECH LTD.,965.0,976.3,922.1,929.7,934.8,944.0,,929.81,,,16399,15339371.2,2394,F1,1,,,,,
2026-10-05,2026-10-05,CM,NSE,STK,1129,INE586X01012,GTECJAINX,EQ,,,,,G-TEC JAINX EDUCATION LTD,37.67,37.67,37.67,37.67,37.67,35.88,,37.67,,,16385,617222.95,47,F1,1,,,,,
2026-10-05,2026-10-05,CM,NSE,STK,11297,INE173A01025,SIL,EQ,,,,,STANDARD INDUSTRIES LTD.,15.51,16.48,15.51,15.98,16.02,15.83,,15.94,,,16385,260990.14,324,F1,1,,,,,
2026-10-05,2026-10-05,CM,NSE,STK,6858,INE506Z01015,DHRUV,EQ,,,,,DHRUV CONSULTANCY SER LTD,19.74,19.97,18.76,19.51,19.5,19.74,,19.51,,,16382,313754.08,126,F1,1,,,,,
2026-10-05,2026-10-05,CM,NSE,STK,14116,INE524B01027,GANDHITUBE,EQ,,,,,GANDHI SPL. TUBES LTD,988.05,1005.0,967.6,993.7,998.0,975.55,,993.57,,,16367,16194258.1,1695,F1,1,,,,,
2026-10-05,2026-10-05,CM,NSE,STK,14194,INE395U01014,NINSYS,EQ,,,,,NINTEC SYSTEMS LIMITED,830.0,844.85,808.0,842.0,842.8,804.65,,841.67,,,16316,13619317.65,975,F1,1,,,,,
2026-10-05,2026-10-05,CM,NSE,STK,762563,INE704G01024,BAJAJST,EQ,,,,,BAJAJ STEEL INDS. LTD.,335.0,339.0,322.0,328.75,328.45,335.7,,328.46,,,16237,5333689.75,724,F1,1,,,,,
2026-10-05,2026-10-05,CM,NSE,STK,22656,INE0KGZ01021,SIGNPOST,EQ,,,,,SIGNPOST INDIA LIMITED,265.7,265.7,256.2,260.85,258.7,259.4,,260.85,,,16214,4217333.9,813,F1,1,,,,,
2026-10-05,2026-10-05,CM,NSE,STK,11082,INE908V01012,LIBAS,EQ,,,,,LIBAS CONSU PRODUCTS LTD,11.06,11.58,11.06,11.21,11.16,11.29,,11.21,,,16049,182150.4,126,F1,1,,,,,
2026-10-05,2026-10-05,CM,NSE,STK,758300,INF666M01LB9,GROWWLOVOL,EQ,,,,,GROWWAMC - GROWWLOVOL,9.82,9.87,9.66,9.79,9.8,9.82,,9.79,,,15924,155765.49,172,F1,1,,,,,
2026-10-05,2026-10-05,CM,NSE,STK,757443,INF247L01FP2,MOTOUR,EQ,,,,,MOTILALAMC - MOTOUR,76.48,76.48,74.33,75.19,75.19,75.46,,75.19,,,15861,1193756.85,171,F1,1,,,,,
2026-10-05,2026-10-05,CM,NSE,STK,23142,INE772T01024,PVSL,EQ,,,,,POPULAR VEHICLES N SER L,89.1,92.19,89.1,91.08,90.8,89.86,,91.0,,,15818,1436729.65,509,F1,1,,,,,
2026-10-05,2026-10-05,CM,NSE,STK,20527,INE024D01016,PRUDMOULI,EQ,,,,,PRUDENTIAL SUGAR CORPORAT,13.63,14.0,13.45,13.87,13.87,13.49,,13.92,,,15810,219262.58,153,F1,1,,,,,
2026-10-05,2026-10-05,CM,NSE,STK,25725,INF769K01LZ4,BANKPSU,EQ,,,,,MIRAEAMC - BANKPSU,78.5,81.92,78.5,80.72,80.72,80.0,,80.82,,,15718,1274940.54,128,F1,1,,,,,
2026-10-05,2026-10-05,CM,NSE,STK,2716,INE295F01017,BUTTERFLY,EQ,,,,,BTRFLY GANDHI APPL LTD,564.9,567.0,545.35,547.55,545.4,550.5,,547.52,,,15707,8774299.75,1011,F1,1,,,,,
2026-10-05,2026-10-05,CM,NSE,STK,764925,INE671K01027,SUNRAKSHAK,EQ,,,,,SUNRAKSHAKK INDUS IND L,361.35,370.0,350.0,356.05,357.0,358.9,,356.05,,,15697,5583227.15,478,F1,1,,,,,
2026-10-05,2026-10-05,CM,NSE,STK,765025,INE822B01017,ASIANTNE,EQ,,,,,ASIAN TEA & EXPORTS LTD.,8.77,9.13,8.6,9.0,9.13,8.95,,8.99,,,15593,135803.42,51,F1,1,,,,,
2026-10-05,2026-10-05,CM,NSE,STK,762685,INE572D01014,FRONTSP,EQ,,,,,FRONTIER SPRINGS LTD.,1425.0,1460.0,1361.0,1387.4,1382.0,1415.6,,1387.35,,,15592,21633443.3,1904,F1,1,,,,,
2026-10-05,2026-10-05,CM,NSE,STK,23043,INE0NQ801033,RKSWAMY,EQ,,,,,R K SWAMY LIMITED,89.5,89.5,85.23,86.07,86.0,86.46,,86.08,,,15497,1336207.34,376,F1,1,,,,,
2026-10-05,2026-10-05,CM,NSE,STK,13761,INE464A01036,BBL,EQ,,,,,BHARAT BIJLEE LTD,2105.9,2108.9,2051.0,2058.8,2070.0,2069.6,,2058.75,,,15489,32061792.6,3079,F1,1,,,,,
2026-10-05,2026-10-05,CM,NSE,STK,2307,INE577A01027,MUNJALSHOW,EQ,,,,,MUNJAL SHOWA LTD,125.0,126.7,123.23,124.03,124.87,124.53,,124.03,,,15447,1922230.6,494,F1,1,,,,,
2026-10-05,2026-10-05,CM,NSE,STK,766104,INF789F1AH42,SECLEDBETA,EQ,,,,,UTIAMC - SECLEDBETA,14.15,14.15,13.68,13.74,13.88,13.66,,13.74,,,15414,212590.1,48,F1,1,,,,,
2026-10-05,2026-10-05,CM,NSE,STK,11065,INE448G01010,NATHBIOGEN,EQ,,,,,NATH BIO-GENES (I) LTD,140.0,142.44,133.0,134.29,134.2,137.74,,134.28,,,15278,2082781.11,722,F1,1,,,,,
2026-10-05,2026-10-05,CM,NSE,STK,761528,INE0ADB01012,INNOVISION,EQ,,,,,INNOVISION LIMITED,258.0,258.0,248.0,254.25,256.8,253.0,,254.29,,,15235,3847415.15,691,F1,1,,,,,
2026-10-05,2026-10-05,CM,NSE,STK,11864,INE032B01021,PRIMESECU,EQ,,,,,PRIME SECURITIES LIMITED,301.5,305.0,295.0,298.8,300.85,301.5,,299.77,,,15156,4558271.7,480,F1,1,,,,,
2026-10-05,2026-10-05,CM,NSE,STK,11841,INE717A01029,KENNAMET,EQ,,,,,KENNAMETAL INDIA LIMITED,4346.7,4355.5,4162.3,4193.7,4180.0,4277.5,,4193.42,,,15124,64155483.3,3926,F1,1,,,,,
2026-10-05,2026-10-05,CM,NSE,STK,8163,INE020801028,SPENCERS,EQ,,,,,SPENCER S RETAIL LIMITED,26.2,26.8,25.52,26.39,26.3,26.24,,26.39,,,15074,398064.36,207,F1,1,,,,,
2026-10-05,2026-10-05,CM,NSE,STK,14657,INE070I01018,INSECTICID,EQ,,,,,INSECTICIDES (I) LTD,578.85,593.45,566.15,578.8,583.0,568.7,,578.8,,,15020,8640328.4,999,F1,1,,,,,
2026-10-05,2026-10-05,CM,NSE,STK,17987,INE391D01019,TRF,EQ,,,,,TRF LIMITED,197.9,198.2,193.01,194.02,194.9,192.33,,193.99,,,14980,2920672.73,537,F1,1,,,,,
2026-10-05,2026-10-05,CM,NSE,STK,1313,INE544A01019,HARRMALAYA,EQ,,,,,HARRISON MALAYALAM LTD,179.67,183.0,170.85,173.0,172.2,179.67,,173.01,,,14823,2585590.95,470,F1,1,,,,,
2026-10-05,2026-10-05,CM,NSE,STK,14745,INE199C01026,ADVANIHOTR,EQ,,,,,ADVANI HOT.& RES.(I) LTD,47.0,47.73,47.0,47.26,47.24,46.98,,47.25,,,14687,692641.19,361,F1,1,,,,,
2026-10-05,2026-10-05,CM,NSE,STK,764578,INE058F01019,ALUFLUOR,EQ,,,,,ALUFLUORIDE LTD.,643.95,643.95,612.9,616.8,616.1,633.8,,616.48,,,14660,9085244.0,822,F1,1,,,,,
2026-10-05,2026-10-05,CM,NSE,STK,13577,INE540H01012,VOLTAMP,EQ,,,,,VOLTAMP TRANSFORMERS LTD,10452.0,10638.0,10421.0,10561.0,10555.0,10426.0,,10560.93,,,14532,153447962.0,7618,F1,1,,,,,
2026-10-05,2026-10-05,CM,NSE,STK,13126,INE461B01014,REPRO,EQ,,,,,REPRO INDIA LIMITED,302.05,309.9,291.1,294.25,293.45,303.9,,294.29,,,14475,4325452.65,865,F1,1,,,,,
2026-10-05,2026-10-05,CM,NSE,STK,14843,INE450G01024,VIPCLOTHNG,EQ,,,,,VIP CLOTHING LIMITED,20.11,21.94,20.11,20.19,20.17,20.11,,20.17,,,14474,298734.87,216,F1,1,,,,,
2026-10-05,2026-10-05,CM,NSE,STK,1756,INE197D01010,JINDALPOLY,EQ,,,,,JINDAL POLY FILMS LIMITED,653.7,664.9,636.0,641.6,636.0,653.7,,641.62,,,14364,9285935.7,1024,F1,1,,,,,
2026-10-05,2026-10-05,CM,NSE,STK,760254,INE02ZQ01018,CORONA,EQ,,,,,CORONA REMEDIES LIMITED,2051.0,2070.0,2005.6,2034.2,2030.1,2029.4,,2034.42,,,14222,28844717.8,4953,F1,1,,,,,
2026-10-05,2026-10-05,CM,NSE,STK,761693,INF247L01GV8,MOBANK10,EQ,,,,,MOTILALAMC - MOBANK10,16.82,16.95,16.14,16.22,16.3,16.49,,16.22,,,14177,232048.64,135,F1,1,,,,,
2026-10-05,2026-10-05,CM,NSE,STK,764663,INE316A01038,ECORECO,EQ,,,,,ECO RECYCLING LTD.,390.0,427.45,388.8,427.3,427.45,388.6,,427.93,,,14130,5788613.55,1186,F1,1,,,,,
2026-10-05,2026-10-05,CM,NSE,STK,18347,INF789F1AYX9,MIDCAPBETA,EQ,,,,,UTIAMC-MIDCAPBETA,216.45,224.0,216.45,219.14,218.11,222.0,,219.14,,,14121,3095632.95,133,F1,1,,,,,
2026-10-05,2026-10-05,CM,NSE,STK,29464,INF740KA1VE5,NEXT30ADD,EQ,,,,,DSPAMC - NEXT30ADD,40.0,40.24,39.99,40.21,40.2,39.83,,40.21,,,14108,564852.84,90,F1,1,,,,,
2026-10-05,2026-10-05,CM,NSE,STK,760976,INF666M01NQ3,GROWWPSE,EQ,,,,,GROWWAMC - GROWWPSE,94.98,95.0,92.07,93.77,92.5,93.62,,93.77,,,14102,1321030.27,197,F1,1,,,,,
2026-10-05,2026-10-05,CM,NSE,STK,14223,INE545H01011,TIIL,EQ,,,,,TECHNOCRAFT IND LTD,2882.1,2920.0,2800.0,2815.3,2800.0,2893.8,,2815.53,,,14101,39981452.1,3511,F1,1,,,,,
2026-10-05,2026-10-05,CM,NSE,STK,4136,INE829A01014,BIOFILCHEM,EQ,,,,,BIOFIL CHEM & PHARMA LTD,29.31,30.94,29.17,29.64,30.05,29.31,,29.63,,,14099,421633.71,156,F1,1,,,,,
2026-10-05,2026-10-05,CM,NSE,STK,13592,INE596H01014,HGM,EQ,,,,,HANDSON GBL MNGMNT LTD,42.89,42.89,38.14,38.97,38.98,40.36,,38.97,,,14095,551961.45,96,F1,1,,,,,
2026-10-05,2026-10-05,CM,NSE,STK,489,INE520Y01019,ICEMAKE,EQ,,,,,ICE MAKE REFRIGERAT LTD,623.5,634.4,619.1,628.55,621.35,623.65,,628.55,,,14078,8801212.55,1346,F1,1,,,,,
2026-10-05,2026-10-05,CM,NSE,STK,762518,INE994E01018,3BBLACKBIO,EQ,,,,,3B BLACKBIO DX LTD.,1646.9,1734.0,1609.6,1624.7,1609.6,1646.8,,1625.3,,,14040,23495326.2,2297,F1,1,,,,,
2026-10-05,2026-10-05,CM,NSE,STK,13536,INE632C01026,VIDHIING,EQ,,,,,VIDHI SPCLTY F INGRDNTS L,356.5,357.0,350.0,354.0,354.0,350.25,,354.05,,,14038,4975828.1,943,F1,1,,,,,
2026-10-05,2026-10-05,CM,NSE,STK,2313,INE692B01014,MURUDCERA,EQ,,,,,MURUDESHWAR CERAMICS LTD,27.55,28.84,27.55,28.01,28.3,28.06,,28.03,,,13934,392051.24,117,F1,1,,,,,
2026-10-05,2026-10-05,CM,NSE,STK,761741,INF200KB1AK8,SBINMID150,EQ,,,,,SBIAMC - SBINMID150,21.94,21.95,21.69,21.75,21.72,21.69,,21.75,,,13928,303937.93,235,F1,1,,,,,
2026-10-05,2026-10-05,CM,NSE,STK,16863,INE197J01017,LPDC,EQ,,,,,LANDMARK PR.DEV.CO.LTD,6.41,6.41,6.2,6.3,6.22,6.21,,6.29,,,13911,87222.11,173,F1,1,,,,,
2026-10-05,2026-10-05,CM,NSE,STK,762598,INE761G01016,BLACKROSE,EQ,,,,,BLACK ROSE INDS. LTD.,115.0,115.0,109.0,110.31,111.17,110.45,,110.38,,,13885,1540397.44,459,F1,1,,,,,
2026-10-05,2026-10-05,CM,NSE,STK,759847,INE024F01011,SHILCTECH,EQ,,,,,SHILCHAR TECHNOLOGIES LTD,4035.0,4078.3,3969.0,4032.9,4050.0,4033.0,,4032.95,,,13865,55800229.1,3365,F1,1,,,,,
2026-10-05,2026-10-05,CM,NSE,STK,9867,INE747B01016,NEXTMEDIA,EQ,,,,,NEXT MEDIAWORKS LIMITED,3.58,3.58,3.45,3.57,3.58,3.58,,3.6,,,13843,48569.37,55,F1,1,,,,,
2026-10-05,2026-10-05,CM,NSE,STK,13162,INE185H01016,CELEBRITY,EQ,,,,,CELEBRITY FASHIONS LTD,6.26,6.69,6.06,6.41,6.4,6.26,,6.41,,,13811,88069.01,109,F1,1,,,,,
2026-10-05,2026-10-05,CM,NSE,STK,14607,INE797H01018,TGBHOTELS,EQ,,,,,TGB BANQUETS&HOTELS LTD,9.78,9.9,9.18,9.51,9.5,9.42,,9.51,,,13800,130881.24,96,F1,1,,,,,
2026-10-05,2026-10-05,CM,NSE,STK,6568,INE801V01019,LAXMICOT,EQ,,,,,LAXMI COTSPIN LIMITED,13.3,13.3,12.71,12.91,13.11,13.3,,12.91,,,13776,179062.67,92,F1,1,,,,,
2026-10-05,2026-10-05,CM,NSE,STK,11407,INE445C01015,XPROINDIA,EQ,,,,,XPRO INDIA LIMITED,1129.1,1158.9,1125.0,1139.0,1125.0,1136.2,,1139.01,,,13727,15626699.5,1928,F1,1,,,,,
2026-10-05,2026-10-05,CM,NSE,STK,21113,INE878K01010,BFINVEST,EQ,,,,,BF INVESTMENT LIMITED,434.2,443.9,434.05,436.85,438.85,428.7,,436.8,,,13712,6014320.25,1504,F1,1,,,,,
2026-10-05,2026-10-05,CM,NSE,STK,14068,INE229C01021,SAGCEM,EQ,,,,,SAGAR CEMENTS LIMITED,150.01,153.51,147.01,148.68,147.31,150.01,,148.64,,,13697,2046923.29,718,F1,1,,,,,
2026-10-05,2026-10-05,CM,NSE,STK,12000,INE963C01033,FAZE3Q,EQ,,,,,FAZE THREE LIMITED,434.0,436.9,421.0,425.0,425.0,433.05,,425.27,,,13673,5846626.35,955,F1,1,,,,,
2026-10-05,2026-10-05,CM,NSE,STK,764288,INF754K01XG1,EMETAL,EQ,,,,,EDELAMC - EMETAL,13.04,13.27,12.48,12.58,12.53,12.78,,12.58,,,13532,170460.97,81,F1,1,,,,,
2026-10-05,2026-10-05,CM,NSE,STK,10948,INE655A01013,STCINDIA,EQ,,,,,THE STATE TRADING CORPN,106.01,107.5,105.0,105.27,105.5,105.96,,105.26,,,13522,1435161.22,275,F1,1,,,,,
2026-10-05,2026-10-05,CM,NSE,STK,11241,INF179KC1DJ0,HDFCGROWTH,EQ,,,,,HDFCAMC - HDFCGROWTH,111.98,111.98,109.2,109.95,110.0,109.96,,109.95,,,13466,1476076.99,330,F1,1,,,,,
2026-10-05,2026-10-05,CM,NSE,STK,13644,INF740KA1RX3,BANKADD,EQ,,,,,DSPAMC - DSPBANK,56.43,56.74,55.84,55.93,55.84,55.71,,55.94,,,13448,758078.25,93,F1,1,,,,,
2026-10-05,2026-10-05,CM,NSE,STK,764688,INE265D01015,GKB,EQ,,,,,GKB OPHTHALMICS LTD.,64.36,67.0,61.0,62.96,61.6,64.36,,62.87,,,13417,858807.11,96,F1,1,,,,,
2026-10-05,2026-10-05,CM,NSE,STK,24378,INE375Y01018,RELIABLE,EQ,,,,,RELIABLE DATA SERVICE LTD,141.96,144.89,140.75,142.39,142.5,140.73,,142.37,,,13416,1912493.17,339,F1,1,,,,,
2026-10-05,2026-10-05,CM,NSE,STK,15073,INE139I01011,BVCL,EQ,,,,,BARAK VALLEY CEM. LTD.,42.6,43.49,40.55,41.21,41.8,41.39,,41.22,,,13402,565258.37,209,F1,1,,,,,
2026-10-05,2026-10-05,CM,NSE,STK,7457,INE293B01029,HAVISHA,EQ,,,,,SRI HAVISHA HOSP & INFR L,1.31,1.4,1.31,1.4,1.4,1.35,,1.34,,,13315,17934.28,62,F1,1,,,,,
2026-10-05,2026-10-05,CM,NSE,STK,25503,INE250Z01010,INDOUS,EQ,,,,,INDO US BIOTECH LTD,81.0,81.0,74.15,75.5,74.15,76.75,,75.48,,,13152,1001416.71,693,F1,1,,,,,
2026-10-05,2026-10-05,CM,NSE,STK,764628,INE320I01017,BRAHMINFRA,EQ,,,,,BRAHMAPUTRA INFRA L,157.65,157.65,140.44,143.02,143.88,148.85,,142.99,,,13100,1889780.98,404,F1,1,,,,,
2026-10-05,2026-10-05,CM,NSE,STK,11471,INE369A01029,EXCELINDUS,EQ,,,,,EXCEL INDUSTRIES LTD,930.8,936.35,900.0,912.95,914.0,921.8,,912.97,,,12996,11868034.7,1427,F1,1,,,,,
2026-10-05,2026-10-05,CM,NSE,STK,760392,INE027T01023,RUDRA,EQ,,,,,RUDRA GLOBAL INFRA PROD L,18.53,18.92,18.0,18.0,18.0,18.23,,18.06,,,12942,234917.64,81,F1,1,,,,,
2026-10-05,2026-10-05,CM,NSE,STK,759239,INE734I01027,FINKURVE,EQ,,,,,FINKURVE FINANCIAL SERV L,70.5,71.99,68.05,68.51,68.9,70.53,,68.54,,,12875,892739.84,377,F1,1,,,,,
2026-10-05,2026-10-05,CM,NSE,STK,1663,INE209A01019,SUNDROP,EQ,,,,,SUNDROP BRANDS LIMITED,749.4,758.0,740.3,748.6,751.0,753.15,,748.59,,,12847,9623431.0,429,F1,1,,,,,
2026-10-05,2026-10-05,CM,NSE,STK,5528,INE823A01017,KOTHARIPRO,EQ,,,,,KOTHARI PRODUCTS LTD,66.87,66.87,63.01,63.44,63.84,63.77,,63.44,,,12826,822152.44,135,F1,1,,,,,
2026-10-05,2026-10-05,CM,NSE,STK,25136,INE650L01011,BROOKS,EQ,,,,,BROOKS LAB LIMITED,55.4,55.88,53.65,54.24,54.85,54.8,,54.28,,,12783,700822.65,231,F1,1,,,,,
2026-10-05,2026-10-05,CM,NSE,STK,764753,INE953E01022,KSE,EQ,,,,,KSE LTD.,177.01,177.01,173.0,174.6,174.0,174.84,,174.56,,,12774,2229424.36,222,F1,1,,,,,
2026-10-05,2026-10-05,CM,NSE,STK,751745,INF666M01PG9,SMALLGROWW,EQ,,,,,GROWWAMC - SMALLGROWW,48.49,48.69,47.2,47.5,47.52,48.21,,47.5,,,12693,602948.42,185,F1,1,,,,,
2026-10-05,2026-10-05,CM,NSE,STK,21195,INE869I01013,GTPL,EQ,,,,,GTPL HATHWAY LIMITED,54.31,56.18,54.12,54.47,54.4,55.39,,54.31,,,12648,694576.66,572,F1,1,,,,,
2026-10-05,2026-10-05,CM,NSE,STK,764885,INE414Y01015,SGRL,EQ,,,,,SHREE GANESH REMEDIES LTD,700.0,709.3,669.05,680.4,690.0,694.25,,680.48,,,12588,8582035.3,1299,F1,1,,,,,
2026-10-05,2026-10-05,CM,NSE,STK,760599,INF740KA1XU7,NEXT50ADD,EQ,,,,,DSPAMC - NEXT50ADD,71.57,71.57,69.25,69.69,69.97,71.62,,69.69,,,12520,872613.6,323,F1,1,,,,,
2026-10-05,2026-10-05,CM,NSE,STK,2004,INE00PV01013,AHLADA,EQ,,,,,AHLADA ENGINEERS LIMITED,37.06,39.0,37.05,37.91,37.51,37.06,,37.91,,,12512,468880.92,91,F1,1,,,,,
2026-10-05,2026-10-05,CM,NSE,STK,16192,INE07S101038,PAVNAIND,EQ,,,,,PAVNA INDUSTRIES LIMITED,15.94,15.94,15.3,15.45,15.5,15.36,,15.45,,,12433,192765.88,117,F1,1,,,,,
2026-10-05,2026-10-05,CM,NSE,STK,760188,INE19GK01015,SRTL,EQ,,,,,SHREE RAM TWISTEX LIMITED,36.01,37.28,36.0,36.1,36.14,36.4,,36.09,,,12343,446992.75,302,F1,1,,,,,
2026-10-05,2026-10-05,CM,NSE,STK,9553,INE00F201020,PRUDENT,EQ,,,,,PRUDENT CORP ADV SER LTD,3128.7,3153.5,3082.9,3108.1,3118.6,3119.1,,3108.08,,,12341,38400340.6,5148,F1,1,,,,,
2026-10-05,2026-10-05,CM,NSE,STK,4471,INE579B01039,ELPROINTL,EQ,,,,,ELPRO INTERNATIONAL LTD,172.01,174.75,171.82,174.59,174.75,174.31,,174.65,,,12341,2141083.89,203,F1,1,,,,,
2026-10-05,2026-10-05,CM,NSE,STK,764623,INE365Y01019,BPLPHARMA,EQ,,,,,BHARAT PARENTERALS LTD.,1769.2,1790.0,1670.0,1726.9,1772.0,1720.4,,1726.95,,,12145,20893815.6,935,F1,1,,,,,
2026-10-05,2026-10-05,CM,NSE,STK,760001,INF247L01GJ3,MOSERVICE,EQ,,,,,MOTILALAMC - MOSERVICE,29.25,29.4,29.12,29.21,29.21,29.03,,29.21,,,11971,350678.47,45,F1,1,,,,,
2026-10-05,2026-10-05,CM,NSE,STK,9576,INE263W01010,MAHESHWARI,EQ,,,,,MAHESHWARI LOGISTICS LTD.,70.0,73.0,70.0,72.48,73.0,69.95,,72.48,,,11965,863292.58,81,F1,1,,,,,
2026-10-05,2026-10-05,CM,NSE,STK,22255,INE07OG01012,NDRAUTO,EQ,,,,,NDR AUTO COMPONENTS LTD,710.4,721.0,695.0,706.8,710.05,715.85,,706.82,,,11897,8394755.7,936,F1,1,,,,,
2026-10-05,2026-10-05,CM,NSE,STK,20223,INE201M01029,CLEDUCATE,EQ,,,,,CL EDUCATE LIMITED,58.49,58.98,55.02,55.02,55.02,57.91,,55.03,,,11798,660692.2,157,F1,1,,,,,
2026-10-05,2026-10-05,CM,NSE,STK,18232,INE846D01012,LORDSCHLO,EQ,,,,,LORDS CHLORO ALKALI LTD,138.9,141.9,136.0,137.66,137.99,138.81,,137.65,,,11752,1635680.03,443,F1,1,,,,,
2026-10-05,2026-10-05,CM,NSE,STK,765313,INF769K01RK3,LARGEMID50,EQ,,,,,MIRAEAMC - LARGEMID50,34.23,34.4,34.15,34.31,34.31,34.05,,34.31,,,11746,401311.72,22,F1,1,,,,,
2026-10-05,2026-10-05,CM,NSE,STK,6429,INE165B01029,RSSOFTWARE,EQ,,,,,R. S. SOFTWARE (INDIA) LI,30.9,30.9,29.7,29.79,29.94,30.04,,29.83,,,11665,349844.48,103,F1,1,,,,,
2026-10-05,2026-10-05,CM,NSE,STK,3834,INE838B01021,BHARATRAS,EQ,,,,,BHARAT RASAYAN LTD,1011.9,1011.9,970.0,983.2,980.4,998.6,,983.52,,,11663,11549209.0,1784,F1,1,,,,,
2026-10-05,2026-10-05,CM,NSE,STK,763530,INF740KA1ZA4,FMCGADD,EQ,,,,,DSPAMC - FMCGADD,45.67,46.2,44.15,44.71,44.48,44.29,,44.71,,,11638,516182.74,217,F1,1,,,,,
2026-10-05,2026-10-05,CM,NSE,STK,18142,INE753K01015,EMMBI,EQ,,,,,EMMBI INDUSTRIES LIMITED,87.98,89.76,84.0,86.08,86.0,86.04,,85.52,,,11635,1003268.37,249,F1,1,,,,,
2026-10-05,2026-10-05,CM,NSE,STK,15420,INE666E01020,ACL,EQ,,,,,ANDHRA CEMENTS LIMITED,39.85,39.99,39.01,39.8,39.75,39.33,,39.75,,,11611,461732.72,217,F1,1,,,,,
2026-10-05,2026-10-05,CM,NSE,STK,21726,INE866R01028,MATRIMONY,EQ,,,,,MATRIMONY.COM LIMITED,506.95,518.0,485.6,514.05,512.25,497.0,,514.0,,,11558,5762803.85,932,F1,1,,,,,
2026-10-05,2026-10-05,CM,NSE,STK,13821,INE803H01014,RUCHIRA,EQ,,,,,RUCHIRA PAPERS LIMITED,101.77,105.0,101.41,103.39,103.05,101.31,,103.41,,,11460,1181949.76,408,F1,1,,,,,
2026-10-05,2026-10-05,CM,NSE,STK,2535,INE179A01014,PGHH,EQ,,,,,P&G HYGIENE & HEALTH CARE,6636.0,6785.0,6611.0,6768.0,6750.0,6639.0,,6767.81,,,11457,76777577.5,4247,F1,1,,,,,
2026-10-05,2026-10-05,CM,NSE,STK,760356,INF740KA1WW5,MIDCAPADD,EQ,,,,,DSPAMC - MIDCAPADD,22.37,22.37,21.6,21.82,21.81,22.07,,21.82,,,11438,249611.79,296,F1,1,,,,,
2026-10-05,2026-10-05,CM,NSE,STK,762752,INE972A01020,KOTIC,EQ,,,,,KOTHARI INDUSTRIAL CORP L,147.09,151.5,144.0,148.68,147.0,147.1,,148.74,,,11425,1694114.0,442,F1,1,,,,,
2026-10-05,2026-10-05,CM,NSE,STK,757919,INE16SF01016,BORANA,EQ,,,,,BORANA WEAVES LIMITED,272.0,277.8,268.6,270.4,269.3,272.95,,270.33,,,11307,3068535.0,594,F1,1,,,,,
2026-10-05,2026-10-05,CM,NSE,STK,4041,INE785A01026,JAYAGROGN,EQ,,,,,JAYANT AGRO ORGANICS LTD,213.6,218.38,210.25,211.82,213.0,211.22,,211.82,,,11264,2415640.74,467,F1,1,,,,,
2026-10-05,2026-10-05,CM,NSE,STK,764965,INE551B01012,UDAYJEW,EQ,,,,,UDAY JEWELLERY INDS. LTD.,166.0,166.0,155.9,160.27,155.9,159.06,,160.24,,,11218,1815257.98,846,F1,1,,,,,
2026-10-05,2026-10-05,CM,NSE,STK,24321,INE0S2V01010,VRAJ,EQ,,,,,VRAJ IRON AND STEEL LTD,123.35,124.08,121.25,122.18,121.58,121.76,,122.08,,,11118,1358279.24,411,F1,1,,,,,
2026-10-05,2026-10-05,CM,NSE,STK,762899,INE402H01015,SHBAJRG,EQ,,,,,SHRI BAJRANG ALLIANCE L,174.05,176.0,161.71,164.79,161.71,172.33,,164.75,,,11077,1868019.34,426,F1,1,,,,,
2026-10-05,2026-10-05,CM,NSE,STK,999,INE022C01012,EUROTEXIND,EQ,,,,,EUROTEX INDUSTRIES LTD,16.25,16.51,15.73,16.51,16.51,15.73,,16.51,,,10916,179313.66,53,F1,1,,,,,
2026-10-05,2026-10-05,CM,NSE,STK,759458,INF666M01LZ8,GROWWNXT50,EQ,,,,,GROWWAMC - GROWWNXT50,69.52,71.66,69.1,70.68,71.66,70.94,,70.68,,,10915,761781.17,286,F1,1,,,,,
2026-10-05,2026-10-05,CM,NSE,STK,11155,INE985W01018,CNL,EQ,,,,,CREATIVE NEWTECH LIMITED,1070.9,1086.7,1052.0,1071.9,1053.1,1079.2,,1071.96,,,10873,11646466.3,1223,F1,1,,,,,
2026-10-05,2026-10-05,CM,NSE,STK,14771,INE924H01018,TARMAT,EQ,,,,,TARMAT LIMITED,57.6,58.6,55.02,56.2,56.11,57.23,,56.2,,,10805,609833.14,267,F1,1,,,,,
2026-10-05,2026-10-05,CM,NSE,STK,3715,INE709A01018,VLSFINANCE,EQ,,,,,VLS FINANCE LTD,229.0,234.84,229.0,231.16,231.9,230.87,,231.16,,,10797,2495616.57,145,F1,1,,,,,
2026-10-05,2026-10-05,CM,NSE,STK,10791,INE096B01018,NUCLEUS,EQ,,,,,NUCLEUS SOFTWARE EXPORTS,648.1,652.45,636.05,637.75,638.2,646.95,,637.75,,,10735,6894222.4,1230,F1,1,,,,,
2026-10-05,2026-10-05,CM,NSE,STK,14900,INE280H01015,SAHYADRI,EQ,,,,,SAHYADRI INDUSTRIES LTD,363.0,369.85,348.35,361.4,362.9,355.65,,361.33,,,10662,3833122.65,668,F1,1,,,,,
2026-10-05,2026-10-05,CM,NSE,STK,764673,INE515H01014,EMPIND,EQ,,,,,EMPIRE INDUSTRIES LTD.,1059.2,1059.2,1030.6,1034.0,1034.0,1059.2,,1034.01,,,10650,11022292.1,260,F1,1,,,,,
2026-10-05,2026-10-05,CM,NSE,STK,15589,INE680Z01018,AVG,EQ,,,,,AVG LOGISTICS LIMITED,169.97,184.8,165.0,168.15,168.2,166.0,,167.98,,,10536,1799710.71,234,F1,1,,,,,
2026-10-05,2026-10-05,CM,NSE,STK,11260,INF179KC1DK8,HDFCVALUE,EQ,,,,,HDFCAMC - HDFCVALUE,118.11,119.17,115.75,118.12,118.16,118.11,,118.13,,,10469,1237680.51,264,F1,1,,,,,
2026-10-05,2026-10-05,CM,NSE,STK,8159,INE296C01020,FIBERWEB,EQ,,,,,FIBERWEB INDIA LIMITED,27.2,27.2,26.1,26.19,26.1,26.55,,26.19,,,10430,275027.33,98,F1,1,,,,,
2026-10-05,2026-10-05,CM,NSE,STK,761511,INF769K01QV2,VALUE,EQ,,,,,MIRAEAMC - VALUE,15.44,15.44,15.11,15.22,15.23,15.14,,15.22,,,10424,158888.18,136,F1,1,,,,,
2026-10-05,2026-10-05,CM,NSE,STK,25996,INF754K01TF1,EMULTIMQ,EQ,,,,,EDELAMC - EMULTIMQ,39.36,40.96,39.36,39.91,40.05,40.16,,39.91,,,10233,411057.15,217,F1,1,,,,,
2026-10-05,2026-10-05,CM,NSE,STK,24292,INE764D01017,VSTTILLERS,EQ,,,,,VST TILLERS TRACTORS LTD,4365.0,4379.6,4175.7,4235.1,4202.0,4339.8,,4235.78,,,10200,43405454.9,2831,F1,1,,,,,
2026-10-05,2026-10-05,CM,NSE,STK,13106,INE289A01011,NAHARINDUS,EQ,,,,,NAHAR INDS ENT LTD,128.0,130.0,126.1,127.08,127.0,127.74,,127.07,,,10196,1299528.57,260,F1,1,,,,,
2026-10-05,2026-10-05,CM,NSE,STK,14677,INE826C01016,GUJAPOLLO,EQ,,,,,GUJ. APOLLO IND. LTD.,314.1,346.05,314.1,340.45,346.0,324.85,,340.36,,,10139,3369387.3,475,F1,1,,,,,
2026-10-05,2026-10-05,CM,NSE,STK,765130,INE154B01023,MOHITE,EQ,,,,,MOHITE INDUSTRIES LTD.,2.42,2.54,2.42,2.43,2.5,2.49,,2.43,,,10131,24941.16,80,F1,1,,,,,
2026-10-05,2026-10-05,CM,NSE,STK,278,INE449A01011,AUTOAXLES,EQ,,,,,AUTOMOTIVE AXLES LIMITED,1683.0,1693.8,1617.0,1624.9,1620.0,1683.0,,1625.03,,,10044,16493465.5,1076,F1,1,,,,,
2026-10-05,2026-10-05,CM,NSE,STK,13270,INE823G01014,JKCEMENT,EQ,,,,,JK CEMENT LIMITED,4983.0,5014.5,4903.5,4981.5,4970.0,4952.0,,4981.55,,,9705,47984563.5,3142,F1,1,,,,,
2026-10-05,2026-10-05,CM,NSE,STK,13693,INE669A01022,INFOMEDIA,EQ,,,,,INFOMEDIA PRESS LIMITED,5.54,5.54,5.16,5.21,5.21,5.32,,5.21,,,9684,50783.36,60,F1,1,,,,,
2026-10-05,2026-10-05,CM,NSE,STK,762874,INE185C01017,SAPPL,EQ,,,,,SHREE AJIT PULP & PAPER L,315.0,335.0,305.9,327.1,320.1,308.5,,325.85,,,9600,3097234.25,258,F1,1,,,,,
2026-10-05,2026-10-05,CM,NSE,STK,4130,INE277C01012,REGENCERAM,EQ,,,,,REGENCY CERAMICS LTD.,32.0,33.0,31.2,32.53,32.6,31.98,,32.53,,,9583,308942.54,71,F1,1,,,,,
2026-10-05,2026-10-05,CM,NSE,STK,10568,INE809A01032,RAMAPHO,EQ,,,,,RAMA PHOSPHATES LIMITED,123.43,123.43,118.75,119.07,119.01,120.05,,119.08,,,9567,1146440.22,291,F1,1,,,,,
2026-10-05,2026-10-05,CM,NSE,STK,24385,INE725L01011,KARMAENG,EQ,,,,,KARMA ENERGY LIMITED,35.8,36.6,34.0,35.9,36.0,36.33,,35.9,,,9516,336760.41,117,F1,1,,,,,
2026-10-05,2026-10-05,CM,NSE,STK,5516,INE696V01013,JAIPURKURT,EQ,,,,,NANDANI CREATION LIMITED,27.0,27.0,25.59,26.01,26.01,26.49,,26.01,,,9493,248946.54,103,F1,1,,,,,
2026-10-05,2026-10-05,CM,NSE,STK,765242,INE670O01013,ONEGLOBAL,EQ,,,,,ONE GLOBAL SERVICE PROV L,545.9,550.0,528.95,547.2,548.8,525.4,,546.69,,,9461,5124236.95,716,F1,1,,,,,
2026-10-05,2026-10-05,CM,NSE,STK,5688,INE731A01020,ARCHIES,EQ,,,,,ARCHIES LTD,12.4,12.7,12.35,12.35,12.35,12.37,,12.35,,,9399,116942.12,78,F1,1,,,,,
2026-10-05,2026-10-05,CM,NSE,STK,368,INE373A01013,BASF,EQ,,,,,BASF INDIA LTD,3440.0,3480.0,3390.0,3406.0,3414.6,3417.1,,3405.97,,,9380,32066904.4,2620,F1,1,,,,,
2026-10-05,2026-10-05,CM,NSE,STK,764428,INF740KA1ZH9,MIDBANKADD,EQ,,,,,DSPAMC - MIDBANKADD,16.5,16.67,16.5,16.61,16.67,16.39,,16.61,,,9336,154993.21,25,F1,1,,,,,
2026-10-05,2026-10-05,CM,NSE,STK,24851,INE442P01014,SUYOG,EQ,,,,,SUYOG TELEMATICS LIMITED,690.05,694.95,653.9,664.25,653.9,689.9,,663.84,,,9336,6289095.55,857,F1,1,,,,,
2026-10-05,2026-10-05,CM,NSE,STK,4822,INE021O01019,DODLA,EQ,,,,,DODLA DAIRY LIMITED,1006.3,1021.5,1003.2,1015.6,1015.0,1006.3,,1015.6,,,9309,9424897.3,1554,F1,1,,,,,
2026-10-05,2026-10-05,CM,NSE,STK,15049,INE306C01019,ENERGYDEV,EQ,,,,,ENERGY DEVE. CO.LTD,14.97,14.97,14.2,14.4,14.45,14.52,,14.39,,,9299,133800.14,249,F1,1,,,,,
2026-10-05,2026-10-05,CM,NSE,STK,2814,INE006Z01016,ARVEE,EQ,,,,,ARVEE LABORATORIES I LTD,217.0,229.79,206.35,209.39,209.0,215.32,,209.39,,,9280,1995629.85,408,F1,1,,,,,
2026-10-05,2026-10-05,CM,NSE,STK,2598,INE606A01024,AMJLAND,EQ,,,,,AMJ LAND HOLDINGS LIMITED,37.75,38.5,36.75,37.14,36.79,37.02,,37.14,,,9244,347273.28,127,F1,1,,,,,
2026-10-05,2026-10-05,CM,NSE,STK,761330,INE757T01025,AEPL,EQ,,,,,ARTEMIS ELECTRICALS & P L,15.95,15.95,14.87,15.01,14.87,15.34,,15.01,,,9208,140927.31,158,F1,1,,,,,
2026-10-05,2026-10-05,CM,NSE,STK,762792,INE689O01013,MERCANTILE,EQ,,,,,MERCANTILE VENTURES LTD.,22.99,23.98,22.01,22.45,22.98,22.98,,22.45,,,9195,209108.55,46,F1,1,,,,,
2026-10-05,2026-10-05,CM,NSE,STK,1200,INF769K01GS9,ESG,EQ,,,,,MIRAEAMC - MAESGETF,38.61,38.81,38.39,38.59,38.65,38.47,,38.59,,,9178,353927.08,93,F1,1,,,,,
2026-10-05,2026-10-05,CM,NSE,STK,28847,INE781S01027,VENTIVE,EQ,,,,,VENTIVE HOSPITALITY LTD,546.0,557.9,544.5,548.0,546.25,552.2,,547.99,,,8979,4923468.85,1101,F1,1,,,,,
2026-10-05,2026-10-05,CM,NSE,STK,13839,INE668D01028,DONEAR,EQ,,,,,DONEAR IND. LIMITED,82.3,82.3,80.01,80.22,80.01,80.29,,80.22,,,8934,720719.63,121,F1,1,,,,,
2026-10-05,2026-10-05,CM,NSE,STK,14742,INF846K010Q0,SENSEXAXIS,EQ,,,,,AXISAMC-SENSEXAXIS,74.75,75.82,74.75,75.22,75.07,74.75,,75.22,,,8928,671339.21,87,F1,1,,,,,
2026-10-05,2026-10-05,CM,NSE,STK,940,INE199A01012,PGHL,EQ,,,,,PROCTER & GAMBLE HEALTH L,5360.0,5403.5,5280.0,5300.0,5300.0,5360.0,,5300.02,,,8910,47627849.5,2790,F1,1,,,,,
2026-10-05,2026-10-05,CM,NSE,STK,9342,INE392B01011,PNC,EQ,,,,,PNC MEDIA AND ENT LTD,18.27,18.27,16.6,17.22,17.22,18.09,,17.22,,,8826,152168.41,325,F1,1,,,,,
2026-10-05,2026-10-05,CM,NSE,STK,8998,INE398B01018,UMIYA-MRO,EQ,,,,,UMIYA BUILDCON LIMITED,92.8,93.49,91.12,91.98,91.71,91.76,,91.98,,,8756,803537.84,190,F1,1,,,,,
2026-10-05,2026-10-05,CM,NSE,STK,8153,INE00EM01016,MEGASTAR,EQ,,,,,MEGASTAR FOODS LIMITED,263.0,280.0,250.8,267.87,272.0,267.18,,267.99,,,8718,2365562.13,319,F1,1,,,,,
2026-10-05,2026-10-05,CM,NSE,STK,18944,INE473D01015,KINGFA,EQ,,,,,KINGFA SCI & TEC IND LTD.,6586.0,6700.0,6528.5,6669.0,6657.0,6586.5,,6668.98,,,8689,57587495.5,2756,F1,1,,,,,
2026-10-05,2026-10-05,CM,NSE,STK,2939,INE301D01026,RUBYMILLS,EQ,,,,,THE RUBY MILLS LTD,507.9,507.9,486.75,494.2,487.5,499.65,,494.2,,,8647,4265259.1,882,F1,1,,,,,
2026-10-05,2026-10-05,CM,NSE,STK,762839,INE770A01010,PRADPME,EQ,,,,,PRADEEP METALS LTD.,465.0,479.0,450.05,470.65,465.0,449.25,,470.66,,,8630,4010218.45,264,F1,1,,,,,
2026-10-05,2026-10-05,CM,NSE,STK,16875,INE176J01011,SICAGEN,EQ,,,,,SICAGEN INDIA LIMITED,51.4,53.3,50.1,52.37,52.2,50.96,,52.39,,,8560,444552.97,98,F1,1,,,,,
2026-10-05,2026-10-05,CM,NSE,STK,3384,INE277A01016,SWARAJENG,EQ,,,,,SWARAJ ENGINES LTD,3559.9,3573.3,3510.0,3532.2,3549.9,3542.7,,3532.17,,,8535,30148657.5,2518,F1,1,,,,,
2026-10-05,2026-10-05,CM,NSE,STK,708,INE715Y01031,SHRADHA,EQ,,,,,SHRADHA REALTY LIMITED,29.89,31.02,28.5,29.36,29.3,29.89,,29.36,,,8474,246424.58,122,F1,1,,,,,
2026-10-05,2026-10-05,CM,NSE,STK,8175,INE976T01013,SAGARDEEP,EQ,,,,,SAGARDEEP ALLOYS LIMITED,22.52,23.19,22.0,22.1,22.0,22.52,,22.1,,,8473,189823.9,70,F1,1,,,,,
2026-10-05,2026-10-05,CM,NSE,STK,19073,INE754X01016,AARVI,EQ,,,,,AARVI ENCON LIMITED,136.51,138.0,133.52,135.18,135.05,137.12,,135.16,,,8409,1136467.7,177,F1,1,,,,,
2026-10-05,2026-10-05,CM,NSE,STK,15067,INE0N7W01012,BLAL,EQ,,,,,BEML LAND ASSETS LIMITED,160.9,160.9,153.5,156.84,157.01,157.83,,156.88,,,8394,1323426.45,313,F1,1,,,,,
2026-10-05,2026-10-05,CM,NSE,STK,21957,INE611L01021,INDTERRAIN,EQ,,,,,IND TERRAIN FASHIONS LTD,29.22,29.5,29.15,29.36,29.2,29.22,,29.36,,,8392,245041.3,57,F1,1,,,,,
2026-10-05,2026-10-05,CM,NSE,STK,25340,INE590L01019,VASWANI,EQ,,,,,VASWANI IND LTD,44.2,45.28,44.01,44.13,44.06,44.36,,44.13,,,8389,373023.06,91,F1,1,,,,,
2026-10-05,2026-10-05,CM,NSE,STK,10415,INE296G01013,MUTHOOTCAP,EQ,,,,,MUTHOOT CAP SERV LTD,220.86,220.86,211.01,219.33,219.46,218.08,,219.33,,,8382,1813382.85,517,F1,1,,,,,
2026-10-05,2026-10-05,CM,NSE,STK,21427,INE924D01017,THEINVEST,EQ,,,,,THE INVEST TRUST OF IND L,92.15,93.96,89.51,90.1,90.0,90.33,,90.11,,,8379,763668.87,175,F1,1,,,,,
2026-10-05,2026-10-05,CM,NSE,STK,762864,INE951M01037,RRIL,EQ,,,,,R R I L LTD.,15.47,15.49,15.15,15.21,15.2,15.11,,15.16,,,8335,127784.1,103,F1,1,,,,,
2026-10-05,2026-10-05,CM,NSE,STK,1073,INE519A01011,FOSECOIND,EQ,,,,,FOSECO INDIA LTD,6430.0,6433.0,6250.5,6300.5,6272.0,6382.5,,6297.49,,,8268,52270686.0,1914,F1,1,,,,,
2026-10-05,2026-10-05,CM,NSE,STK,3126,INE231C01019,SHREYANIND,EQ,,,,,SHREYANS INDUSTRIES LTD,125.66,129.65,125.66,129.0,129.0,126.29,,129.0,,,8211,1059137.19,218,F1,1,,,,,
2026-10-05,2026-10-05,CM,NSE,STK,11935,INE978G01016,SPLIL,EQ,,,,,SPL INDUSTRIES LIMITED,29.6,29.6,28.01,28.94,28.91,28.5,,28.94,,,8177,237215.1,89,F1,1,,,,,
2026-10-05,2026-10-05,CM,NSE,STK,29590,INE03CC01015,JUBLCPL,EQ,,,,,JUBILANT AGRI N CON PRO L,2010.0,2072.4,1991.0,2021.8,2000.0,2037.3,,2021.8,,,8012,16141350.8,929,F1,1,,,,,
2026-10-05,2026-10-05,CM,NSE,STK,10578,INE943D01017,MPSLTD,EQ,,,,,MPS LIMITED,2628.4,2675.9,2600.8,2637.4,2646.2,2628.4,,2637.11,,,7943,20919854.4,1820,F1,1,,,,,
2026-10-05,2026-10-05,CM,NSE,STK,17357,INE528A01020,GKWLIMITED,EQ,,,,,GKW LIMITED,1559.0,1559.0,1520.0,1549.5,1556.8,1530.0,,1549.5,,,7919,12266975.0,89,F1,1,,,,,
2026-10-05,2026-10-05,CM,NSE,STK,19142,INE240C01028,UMESLTD,EQ,,,,,USHA MARTIN EDU & SOL LTD,4.8,4.8,4.28,4.37,4.49,4.57,,4.37,,,7898,35089.95,77,F1,1,,,,,
2026-10-05,2026-10-05,CM,NSE,STK,11039,INE08KP01019,DCMNVL,EQ,,,,,DCM NOUVELLE LIMITED,169.99,173.0,167.01,171.37,172.98,166.47,,171.38,,,7872,1343779.29,257,F1,1,,,,,
2026-10-05,2026-10-05,CM,NSE,STK,11255,INF179KC1DL6,HDFCQUAL,EQ,,,,,HDFCAMC - HDFCQUAL,54.86,55.28,54.68,55.06,55.28,54.86,,55.06,,,7743,425575.96,144,F1,1,,,,,
2026-10-05,2026-10-05,CM,NSE,STK,2018,INE162B01018,LUMAXIND,EQ,,,,,LUMAX INDUSTRIES LTD,5504.5,5595.5,5430.0,5439.0,5460.0,5550.0,,5439.95,,,7726,42438622.0,3326,F1,1,,,,,
2026-10-05,2026-10-05,CM,NSE,STK,1507,INF247L01AK4,MOGSEC,EQ,,,,,MOTILALAMC - G5,63.53,65.29,63.53,64.61,64.5,65.16,,64.63,,,7722,498668.56,133,F1,1,,,,,
2026-10-05,2026-10-05,CM,NSE,STK,14942,INE245I01016,NAGREEKCAP,EQ,,,,,NAGREEKA CAP & INFR.LTD,24.57,25.87,24.57,25.49,25.5,25.34,,25.47,,,7710,194390.74,71,F1,1,,,,,
2026-10-05,2026-10-05,CM,NSE,STK,23507,INE899L01030,UEL,EQ,,,,,UJAAS ENERGY LIMITED,183.67,183.68,175.4,176.87,177.01,183.67,,176.86,,,7614,1354282.63,550,F1,1,,,,,
2026-10-05,2026-10-05,CM,NSE,STK,1442,INE058A01010,SANOFI,EQ,,,,,SANOFI INDIA LIMITED,3040.0,3069.0,3016.8,3024.2,3020.0,3037.4,,3024.23,,,7594,23047395.7,1958,F1,1,,,,,
2026-10-05,2026-10-05,CM,NSE,STK,761494,INE00SW01015,BCPL,EQ,,,,,BCPL RAILWAY INFRA LTD,68.8,68.8,66.1,67.0,67.4,67.25,,66.73,,,7536,501823.51,268,F1,1,,,,,
2026-10-05,2026-10-05,CM,NSE,STK,19277,INE778K01012,EMAMIREAL,EQ,,,,,EMAMI REALTY LIMITED,67.14,69.65,67.14,68.06,68.68,67.14,,67.98,,,7528,513909.83,129,F1,1,,,,,
2026-10-05,2026-10-05,CM,NSE,STK,31475,INE231G01010,ORBTEXP,EQ,,,,,ORBIT EXPORTS LIMITED,245.0,249.5,236.05,240.4,240.0,243.65,,240.4,,,7504,1817820.35,228,F1,1,,,,,
2026-10-05,2026-10-05,CM,NSE,STK,27571,INE054301028,ODIGMA,EQ,,,,,ODIGMA CONSULTANCY SOL L,21.11,21.5,20.51,20.66,20.58,21.11,,20.7,,,7462,155676.04,352,F1,1,,,,,
2026-10-05,2026-10-05,CM,NSE,STK,13565,INE278B01020,RAMANEWS,EQ,,,,,SHREE RAMA NEWSPRINT LTD,29.07,30.29,29.07,29.36,29.49,29.38,,29.36,,,7460,221024.38,117,F1,1,,,,,
2026-10-05,2026-10-05,CM,NSE,STK,15039,INE739E01017,CERA,EQ,,,,,CERA SANITARYWARE LTD,5096.5,5129.5,5014.5,5056.5,5050.0,5096.5,,5056.02,,,7444,37674788.5,2396,F1,1,,,,,
2026-10-05,2026-10-05,CM,NSE,STK,761514,INF666M01OG2,GROWWPSUBK,EQ,,,,,GROWWAMC - GROWWPSUBK,80.98,81.59,78.67,80.35,80.0,80.03,,80.35,,,7440,599559.8,230,F1,1,,,,,
2026-10-05,2026-10-05,CM,NSE,STK,1597,INE177A01018,INGERRAND,EQ,,,,,INGERSOLL-RAND INDIA LTD,4158.8,4224.1,4135.0,4154.2,4168.7,4158.8,,4154.4,,,7413,30922634.3,1892,F1,1,,,,,
2026-10-05,2026-10-05,CM,NSE,STK,20063,INE019J01013,HEALTHX,EQ,,,,,HEALTH X PLATFORM LIMITED,279.8,293.4,268.0,277.0,280.1,273.0,,276.21,,,7384,2011575.7,256,F1,1,,,,,
2026-10-05,2026-10-05,CM,NSE,STK,6462,INF209KB11D8,TECH,EQ,,,,,BIRLASLAMC - TECH,31.54,31.54,30.77,30.88,30.86,30.92,,30.88,,,7383,229292.84,213,F1,1,,,,,
2026-10-05,2026-10-05,CM,NSE,STK,21314,INE256H01015,DYNPRO,EQ,,,,,DYNEMIC PRODUCTS LIMITED,224.67,229.49,218.25,220.44,220.38,224.58,,220.4,,,7281,1612597.82,355,F1,1,,,,,
2026-10-05,2026-10-05,CM,NSE,STK,10277,INE887E01022,NGLFINE,EQ,,,,,NGL FINE CHEM LIMITED,2930.0,3045.0,2841.0,2988.3,3020.0,2924.0,,2989.49,,,7251,21416898.5,1526,F1,1,,,,,
2026-10-05,2026-10-05,CM,NSE,STK,14712,INE170I01016,HGS,EQ,,,,,HINDUJA GLOBAL SOLS. LTD.,367.0,372.95,361.4,364.95,365.65,367.05,,364.96,,,7248,2648934.7,775,F1,1,,,,,
2026-10-05,2026-10-05,CM,NSE,STK,18422,INE363A01022,ASIANHOTNR,EQ,,,,,ASIAN HOTELS (NORTH) LTD,356.05,356.05,329.25,334.1,336.5,348.1,,333.41,,,7191,2430725.45,469,F1,1,,,,,
2026-10-05,2026-10-05,CM,NSE,STK,2711,INE283A01014,PRECOT,EQ,,,,,PRECOT LIMITED,648.7,649.0,594.6,605.1,602.5,638.35,,605.1,,,7150,4445419.0,305,F1,1,,,,,
2026-10-05,2026-10-05,CM,NSE,STK,765100,INE341H01023,LKPSEC,EQ,,,,,L K P SECURITIES LTD.,14.6,14.7,14.0,14.26,14.16,14.56,,14.56,,,7059,99912.2,140,F1,1,,,,,
2026-10-05,2026-10-05,CM,NSE,STK,30121,INF769K01OA1,EQUAL200,EQ,,,,,MIRAEAMC - EQUAL200,13.21,13.21,12.98,13.01,13.02,12.95,,13.01,,,6963,90636.05,69,F1,1,,,,,
2026-10-05,2026-10-05,CM,NSE,STK,2844,INE384A01010,RANEHOLDIN,EQ,,,,,RANE HOLDINGS LIMITED,1512.3,1554.9,1512.3,1550.8,1536.0,1518.7,,1550.8,,,6828,10474312.7,898,F1,1,,,,,
2026-10-05,2026-10-05,CM,NSE,STK,12809,INE965B01022,HYBRIDFIN,EQ,,,,,HYBRID FINANCIAL SERVICE,17.2,17.99,16.8,17.43,17.43,17.36,,17.73,,,6826,118418.53,74,F1,1,,,,,
2026-10-05,2026-10-05,CM,NSE,STK,18119,INE559N01010,SRGHFL,EQ,,,,,SRG HOUSING FINANCE L,137.0,138.65,128.99,128.99,128.99,135.77,,129.11,,,6758,882117.27,228,F1,1,,,,,
2026-10-05,2026-10-05,CM,NSE,STK,25684,IN9175A01010,JISLDVREQS,EQ,,,,,JAIN DVR EQUITY SHARES,18.7,19.5,18.53,18.89,19.19,18.71,,18.89,,,6745,126280.16,251,F1,1,,,,,
2026-10-05,2026-10-05,CM,NSE,STK,24196,INE694D01016,VADILALIND,EQ,,,,,VADILAL INDUSTRIES LTD,7187.0,7299.5,7000.0,7111.0,7125.0,7187.0,,7111.67,,,6743,47877412.0,1869,F1,1,,,,,
2026-10-05,2026-10-05,CM,NSE,STK,22415,INE597L01014,LOVABLE,EQ,,,,,LOVABLE LINGERIE LTD,70.0,70.4,68.41,68.8,68.99,68.29,,68.77,,,6735,466227.04,136,F1,1,,,,,
2026-10-05,2026-10-05,CM,NSE,STK,14557,INE210C01013,AROGRANITE,EQ,,,,,ARO GRANITE IND. LTD.,22.56,23.89,22.1,22.19,22.1,22.35,,22.19,,,6732,152766.64,59,F1,1,,,,,
2026-10-05,2026-10-05,CM,NSE,STK,19025,INE250A01039,KIRLOSIND,EQ,,,,,KIRLOSKAR INDUSTRIES LTD,3470.0,3575.0,3434.0,3467.0,3498.0,3471.4,,3467.0,,,6729,23593916.6,1545,F1,1,,,,,
2026-10-05,2026-10-05,CM,NSE,STK,761056,INE0B9A01018,BONLON,EQ,,,,,BONLON INDUSTRIES LIMITED,41.0,41.0,39.59,39.76,39.6,39.97,,39.76,,,6716,268706.84,70,F1,1,,,,,
2026-10-05,2026-10-05,CM,NSE,STK,7780,INE977Y01011,BCONCEPTS,EQ,,,,,BRAND CONCEPTS LIMITED,143.06,143.89,137.36,139.23,138.2,140.41,,139.23,,,6700,931581.37,376,F1,1,,,,,
2026-10-05,2026-10-05,CM,NSE,STK,17207,INF740KA1SX1,ITADD,EQ,,,,,DSPAMC - DSPIT,29.78,30.5,29.78,29.97,30.06,29.78,,29.96,,,6608,199007.5,104,F1,1,,,,,
2026-10-05,2026-10-05,CM,NSE,STK,29733,INE047O01014,NIBL,EQ,,,,,NRB INDUS. BEARINGS LTD.,32.98,32.98,31.32,31.33,31.5,31.32,,31.31,,,6562,205889.29,116,F1,1,,,,,
2026-10-05,2026-10-05,CM,NSE,STK,11804,INE450E01029,SUKHJITS,EQ,,,,,SUKHJIT STARCH & CHEM LTD,155.8,155.89,149.08,150.98,149.41,150.93,,150.94,,,6500,980024.76,289,F1,1,,,,,
2026-10-05,2026-10-05,CM,NSE,STK,758941,INE0P6P01016,CPEDU,EQ,,,,,CAREER POINT EDUTECH LTD,170.1,180.0,170.1,179.47,179.44,176.36,,179.47,,,6455,1139538.89,136,F1,1,,,,,
2026-10-05,2026-10-05,CM,NSE,STK,495,INE233B01017,BLUEDART,EQ,,,,,BLUE DART EXPRESS LTD,4546.3,4549.8,4458.1,4514.4,4505.1,4496.8,,4514.32,,,6452,29075342.4,2794,F1,1,,,,,
2026-10-05,2026-10-05,CM,NSE,STK,5610,INE203A01020,ASTRAZEN,EQ,,,,,ASTRAZENECA PHARMA IND LT,6049.0,6087.5,5882.0,5909.0,5899.0,6031.0,,5909.16,,,6412,38297889.0,2578,F1,1,,,,,
2026-10-05,2026-10-05,CM,NSE,STK,14019,INE484C01030,VEEDOL,EQ,,,,,VEEDOL CORPORATION LTD,1357.0,1365.9,1339.1,1350.4,1350.0,1356.6,,1350.45,,,6337,8537027.8,880,F1,1,,,,,
2026-10-05,2026-10-05,CM,NSE,STK,7965,INE389C01015,MALLCOM,EQ,,,,,MALLCOM (INDIA) LIMITED,920.1,939.85,910.1,911.65,910.25,935.2,,911.66,,,6306,5779580.95,391,F1,1,,,,,
2026-10-05,2026-10-05,CM,NSE,STK,16657,INE087B01017,ANIKINDS,EQ,,,,,ANIK INDUSTRIES LTD,44.0,45.99,42.55,44.56,44.6,44.0,,44.56,,,6250,278017.22,88,F1,1,,,,,
2026-10-05,2026-10-05,CM,NSE,STK,8083,INE491V01019,CROWN,EQ,,,,,CROWN LIFTERS LIMITED,114.92,114.92,109.0,111.06,110.2,111.53,,111.06,,,6244,698026.55,210,F1,1,,,,,
2026-10-05,2026-10-05,CM,NSE,STK,10346,INE03JI01017,DGCONTENT,EQ,,,,,DIGICONTENT LIMITED,25.0,25.59,24.7,24.91,24.9,25.43,,24.91,,,6243,155867.1,39,F1,1,,,,,
2026-10-05,2026-10-05,CM,NSE,STK,29439,INE822E01011,SUPREME,EQ,,,,,SUPREME HOLDIN N HOSP I L,32.0,32.5,30.5,30.91,31.25,31.08,,30.88,,,6225,196990.78,127,F1,1,,,,,
2026-10-05,2026-10-05,CM,NSE,STK,22722,INF767K01RN1,LICNMID100,EQ,,,,,LICNAMC - LICNMID100,59.38,60.09,57.98,59.48,59.0,58.64,,59.38,,,6218,367933.25,181,F1,1,,,,,
2026-10-05,2026-10-05,CM,NSE,STK,7091,INE955I01044,SEJALLTD,EQ,,,,,SEJAL GLASS LIMITED,657.2,661.5,638.1,651.2,660.0,656.5,,651.2,,,6161,4009248.2,387,F1,1,,,,,
2026-10-05,2026-10-05,CM,NSE,STK,13288,INE00ZE01026,AFSL,EQ,,,,,ABANS FINANCIAL SRVCS LTD,201.0,201.95,201.0,201.0,201.0,201.0,,201.0,,,6118,1229995.7,49,F1,1,,,,,
2026-10-05,2026-10-05,CM,NSE,STK,16908,INE486Y01013,TOUCHWOOD,EQ,,,,,TOUCHWOOD ENTERTAIN LTD.,66.4,66.4,57.9,58.53,59.0,57.14,,58.53,,,6095,372408.52,140,F1,1,,,,,
2026-10-05,2026-10-05,CM,NSE,STK,1205,INE533A01012,GOODYEAR,EQ,,,,,GOODYEAR INDIA LIMITED,704.5,704.5,682.0,685.65,689.9,694.3,,686.53,,,6070,4176455.35,822,F1,1,,,,,
2026-10-05,2026-10-05,CM,NSE,STK,13740,INE635A01023,SHYAMTEL,EQ,,,,,SHYAM TELECOM LIMITED,10.79,11.3,10.5,10.93,11.2,10.32,,10.93,,,6059,65508.79,42,F1,1,,,,,
2026-10-05,2026-10-05,CM,NSE,STK,4235,INE274C01019,WENDT,EQ,,,,,WENDT (INDIA) LIMITED,8130.0,8255.0,8001.0,8016.5,8013.0,8116.0,,8017.79,,,6049,49046221.0,1909,F1,1,,,,,
2026-10-05,2026-10-05,CM,NSE,STK,765120,INE227F01010,MKEXIM,EQ,,,,,M K EXIM (INDIA) LTD.,69.5,69.5,63.98,66.32,66.49,66.51,,66.31,,,5982,389683.56,140,F1,1,,,,,
2026-10-05,2026-10-05,CM,NSE,STK,764336,INF179KC1KT4,HDFCNIMEG,EQ,,,,,HDFCAMC - HDFCNIMEG,126.82,126.82,124.22,124.97,124.65,124.33,,125.19,,,5979,748080.9,88,F1,1,,,,,
2026-10-05,2026-10-05,CM,NSE,STK,10634,INE900C01027,ASAL,EQ,,,,,AUTOMOTIVE STAMPINGS & AS,421.05,439.8,420.05,423.1,421.05,426.9,,423.22,,,5966,2534787.45,594,F1,1,,,,,
2026-10-05,2026-10-05,CM,NSE,STK,765205,INE400A01014,TUTIALKA,EQ,,,,,TUTICORIN ALKAL CH & FE L,55.92,55.92,52.01,52.27,52.34,53.98,,52.25,,,5930,315333.51,157,F1,1,,,,,
2026-10-05,2026-10-05,CM,NSE,STK,12153,INE01EE01011,BBTCL,EQ,,,,,B&B TRIPLEWALL CONT LTD,228.0,237.73,225.3,234.94,235.0,229.49,,234.96,,,5929,1368625.59,161,F1,1,,,,,
2026-10-05,2026-10-05,CM,NSE,STK,15234,INE540G01014,AMBIKCO,EQ,,,,,AMBIKA COTTON MILL LTD.,1537.0,1545.0,1523.2,1534.0,1530.0,1505.8,,1534.11,,,5905,9055240.1,949,F1,1,,,,,
2026-10-05,2026-10-05,CM,NSE,STK,757938,INE344T01014,BELLACASA,EQ,,,,,BELLA CASA FASH AND RET L,241.22,252.68,237.0,238.26,237.1,241.22,,238.27,,,5875,1415651.29,686,F1,1,,,,,
2026-10-05,2026-10-05,CM,NSE,STK,17903,INE358A01014,ABBOTINDIA,EQ,,,,,ABBOTT INDIA LIMITED,26705.0,26840.0,26030.0,26240.0,26345.0,26840.0,,26247.96,,,5773,151795795.0,3386,F1,1,,,,,
2026-10-05,2026-10-05,CM,NSE,STK,15404,INE09KD01013,ATAM,EQ,,,,,ATAM VALVES LIMITED,54.81,56.4,53.53,54.04,53.75,55.35,,54.04,,,5713,313187.62,117,F1,1,,,,,
2026-10-05,2026-10-05,CM,NSE,STK,2951,INE902B01017,S&SPOWER,EQ,,,,,S&S POWER SWITCHGEARS LTD,294.1,298.7,280.0,294.55,288.55,294.1,,294.38,,,5695,1629464.5,208,F1,1,,,,,
2026-10-05,2026-10-05,CM,NSE,STK,766227,INE00U801010,PARIN,EQ,,,,,PARIN ENTERPRISES LIMITED,710.6,719.0,694.55,701.5,705.0,703.85,,701.5,,,5691,4016017.7,438,F1,1,,,,,
2026-10-05,2026-10-05,CM,NSE,STK,4201,INE314C01013,SOMATEX,EQ,,,,,SOMA TEXTILES & INDUST LT,77.78,77.78,74.5,75.65,76.37,75.76,,75.65,,,5686,430742.13,149,F1,1,,,,,
2026-10-05,2026-10-05,CM,NSE,STK,764633,INE630D01010,BRIGHTBR,EQ,,,,,BRIGHT BROTHERS LTD.,234.05,243.0,227.0,230.65,230.0,241.85,,229.91,,,5668,1322944.25,232,F1,1,,,,,
2026-10-05,2026-10-05,CM,NSE,STK,13730,INE020G01017,INSPIRISYS,EQ,,,,,INSPIRISYS SOLUTIONS LTD,84.0,85.79,83.0,83.02,83.1,83.83,,83.03,,,5653,474205.16,38,F1,1,,,,,
2026-10-05,2026-10-05,CM,NSE,STK,764608,INE759F01012,AUSTENG,EQ,,,,,AUSTIN ENGINEERING CO. L,177.9,177.9,153.7,161.95,162.75,167.72,,162.2,,,5623,929368.91,271,F1,1,,,,,
2026-10-05,2026-10-05,CM,NSE,STK,2112,INE882A01013,MARALOVER,EQ,,,,,MARAL OVERSEAS LTD,58.01,61.0,57.1,57.59,57.5,57.7,,57.59,,,5615,327135.85,151,F1,1,,,,,
2026-10-05,2026-10-05,CM,NSE,STK,6489,INE864K01010,IRIS,EQ,,,,,IRIS REGTECH SOLUTION LTD,225.1,227.13,219.11,220.46,220.0,225.1,,220.48,,,5596,1240687.9,343,F1,1,,,,,
2026-10-05,2026-10-05,CM,NSE,STK,7129,INE761Y01019,ZODIAC,EQ,,,,,ZODIAC ENERGY LIMITED,216.91,219.89,212.0,215.1,215.0,216.91,,215.02,,,5592,1201812.43,414,F1,1,,,,,
2026-10-05,2026-10-05,CM,NSE,STK,31507,INE147P01019,JPOLYINVST,EQ,,,,,JIND POL INV & FIN CO LTD,900.0,925.0,885.0,891.2,885.1,911.0,,891.07,,,5572,5016309.7,825,F1,1,,,,,
2026-10-05,2026-10-05,CM,NSE,STK,2492,INE01II01013,SILGO,EQ,,,,,SILGO RETAIL LIMITED,70.89,71.7,68.75,69.49,68.75,70.17,,69.49,,,5571,389287.41,122,F1,1,,,,,
2026-10-05,2026-10-05,CM,NSE,STK,761364,INF740KA1YH2,BANK10ADD,EQ,,,,,DSPAMC - BANK10ADD,16.32,16.41,16.12,16.16,16.3,15.99,,16.31,,,5521,89535.57,100,F1,1,,,,,
2026-10-05,2026-10-05,CM,NSE,STK,11496,INE792B01012,AMBICAAGAR,EQ,,,,,AMBICA AGAR & AROMAINDLTD,23.55,24.98,23.55,23.83,24.0,23.89,,23.68,,,5501,132141.39,121,F1,1,,,,,
2026-10-05,2026-10-05,CM,NSE,STK,15151,INE925C01016,MADHAV,EQ,,,,,MADHAV MARBLE & GRANITE,34.49,35.19,33.7,34.08,34.47,34.49,,34.08,,,5497,187071.84,95,F1,1,,,,,
2026-10-05,2026-10-05,CM,NSE,STK,10406,INE395H01011,STEELCITY,EQ,,,,,STEEL CITY SECURITIES LTD,81.99,83.8,81.5,82.52,82.7,80.11,,82.52,,,5484,450519.15,100,F1,1,,,,,
2026-10-05,2026-10-05,CM,NSE,STK,764733,INE577D01013,JYOTIRES,EQ,,,,,JYOTI RESINS & ADHESIVE L,844.9,845.0,831.05,832.9,832.25,840.65,,832.8,,,5477,4573441.6,731,F1,1,,,,,
2026-10-05,2026-10-05,CM,NSE,STK,27303,INE735M01018,SAMPANN,EQ,,,,,SAMPANN UTPADAN INDIA LTD,24.01,24.79,23.82,23.91,24.07,24.01,,24.04,,,5459,131811.19,52,F1,1,,,,,
2026-10-05,2026-10-05,CM,NSE,STK,4279,INE244A01016,DENORA,EQ,,,,,DE NORA INDIA LIMITED,725.0,789.1,716.0,731.65,735.0,723.9,,731.58,,,5451,4019844.4,842,F1,1,,,,,
2026-10-05,2026-10-05,CM,NSE,STK,14848,INE385I01010,ALPA,EQ,,,,,ALPA LABORATORIES LTD,59.25,60.25,58.25,59.0,58.78,59.26,,59.0,,,5432,320374.08,116,F1,1,,,,,
2026-10-05,2026-10-05,CM,NSE,STK,3821,INE206B01013,ZODIACLOTH,EQ,,,,,ZODIAC CLOTHING CO. LTD.,69.69,69.69,66.2,67.67,66.83,66.71,,67.67,,,5362,361381.95,96,F1,1,,,,,
2026-10-05,2026-10-05,CM,NSE,STK,19931,INE725E01024,ORISSAMINE,EQ,,,,,ORISSA MIN DEV CO LTD,3538.6,3627.4,3492.9,3522.2,3515.0,3538.6,,3521.98,,,5324,18846218.4,1315,F1,1,,,,,
2026-10-05,2026-10-05,CM,NSE,STK,15214,INE477B01010,DVL,EQ,,,,,DHUNSERI VENTURES LIMITED,278.4,280.4,270.5,271.65,271.5,278.7,,271.65,,,5322,1455706.6,319,F1,1,,,,,
2026-10-05,2026-10-05,CM,NSE,STK,14838,INE583C01021,DECCANCE,EQ,,,,,DECCAN CEMENTS LIMITED,552.0,560.0,543.4,552.05,551.2,548.95,,552.05,,,5252,2893297.35,453,F1,1,,,,,
2026-10-05,2026-10-05,CM,NSE,STK,4,INE253B01015,21STCENMGM,EQ,,,,,21ST CENTURY MGMT SERVICE,38.49,38.5,37.24,37.61,37.24,38.0,,37.61,,,5247,199218.02,39,F1,1,,,,,
2026-10-05,2026-10-05,CM,NSE,STK,20956,INE0Q3R01026,SUNCLAY,EQ,,,,,SUNDARAM CLAYTON LIMITED,1192.2,1209.0,1172.0,1174.8,1172.7,1183.0,,1174.8,,,5222,6204039.0,471,F1,1,,,,,
2026-10-05,2026-10-05,CM,NSE,STK,764990,INE467D01017,VIRAT,EQ,,,,,VIRAT INDUSTRIES LTD.,336.15,349.9,336.0,345.0,338.4,335.8,,344.79,,,5210,1788115.6,263,F1,1,,,,,
2026-10-05,2026-10-05,CM,NSE,STK,765185,INE967A01012,SWARNSAR,EQ,,,,,SWARNSARITA JEWELS IND L,38.55,40.74,38.55,40.14,39.3,38.44,,40.13,,,5190,203704.09,50,F1,1,,,,,
2026-10-05,2026-10-05,CM,NSE,STK,27161,INE704H01022,CINELINE,EQ,,,,,CINELINE INDIA LIMITED,87.4,90.0,86.01,86.22,86.15,85.96,,86.24,,,5158,449980.78,282,F1,1,,,,,
2026-10-05,2026-10-05,CM,NSE,STK,762807,INE166R01015,NATIONSTD,EQ,,,,,NATIONAL STAND (INDIA) L,116.05,116.05,112.0,112.51,112.92,114.91,,112.49,,,5158,581469.66,169,F1,1,,,,,
2026-10-05,2026-10-05,CM,NSE,STK,2085,INE288A01013,MAHSCOOTER,EQ,,,,,MAHARASHTRA SCOOTERS LTD,12441.0,12622.0,12353.0,12507.0,12402.0,12380.0,,12506.92,,,5117,64033217.0,2605,F1,1,,,,,
2026-10-05,2026-10-05,CM,NSE,STK,22730,INE0QTF01015,VSTL,EQ,,,,,VIBHOR STEEL TUBES LTD,109.98,110.45,108.05,109.04,109.3,108.85,,109.03,,,5108,557540.07,190,F1,1,,,,,
2026-10-05,2026-10-05,CM,NSE,STK,14547,INE353A01023,NDLVENTURE,EQ,,,,,NDL VENTURES LIMITED,123.0,126.7,122.27,123.17,124.5,125.24,,123.17,,,5077,625206.02,126,F1,1,,,,,
2026-10-05,2026-10-05,CM,NSE,STK,359,INE294G01026,ROML,EQ,,,,,RAJ OIL MILLS LIMITED,44.4,44.4,42.14,43.0,43.0,43.34,,43.01,,,5073,217666.2,39,F1,1,,,,,
2026-10-05,2026-10-05,CM,NSE,STK,17603,INE215D01010,MAHEPC,EQ,,,,,MAHINDRA EPC IRRIG LTD,96.3,98.0,96.3,96.75,96.8,96.3,,96.75,,,5017,486051.98,249,F1,1,,,,,
2026-10-05,2026-10-05,CM,NSE,STK,5114,INE00QT01015,SGIL,EQ,,,,,SYNERGY GREEN IND. LTD,605.0,632.3,596.0,603.0,600.0,613.85,,603.0,,,4999,3046797.8,524,F1,1,,,,,
2026-10-05,2026-10-05,CM,NSE,STK,30249,INE561M01018,ISHANCH,EQ,,,,,ISHAN DYES N CHEMICALS L,48.89,48.89,45.72,47.39,47.44,47.3,,47.39,,,4869,228212.84,159,F1,1,,,,,
2026-10-05,2026-10-05,CM,NSE,STK,804,INE705C01020,SHIVATEX,EQ,,,,,SHIVA TEXYARN LIMITED,169.0,171.0,165.01,165.01,165.01,172.6,,165.01,,,4797,795184.34,60,F1,1,,,,,
2026-10-05,2026-10-05,CM,NSE,STK,8266,INE728Z01015,SOFTTECH,EQ,,,,,SOFTTECH ENGINEERS LTD,477.25,487.45,455.35,462.15,462.0,474.3,,462.17,,,4795,2248001.2,213,F1,1,,,,,
2026-10-05,2026-10-05,CM,NSE,STK,3772,INE210A01017,WILLAMAGOR,EQ,,,,,WILLIAMSON MAGOR,21.99,22.82,21.01,21.67,21.67,21.19,,21.65,,,4778,102871.04,31,F1,1,,,,,
2026-10-05,2026-10-05,CM,NSE,STK,29008,INE105A01035,TVSHLTD,EQ,,,,,TVS HOLDINGS LIMITED,11950.0,12021.0,11708.0,11813.0,11780.0,11886.0,,11813.3,,,4718,55810772.0,1746,F1,1,,,,,
2026-10-05,2026-10-05,CM,NSE,STK,25222,INE0UOS01011,SANOFICONR,EQ,,,,,SANOFI CONS HEALTHC IND L,3787.2,3787.9,3729.2,3752.7,3760.1,3787.2,,3752.49,,,4708,17666694.6,1901,F1,1,,,,,
2026-10-05,2026-10-05,CM,NSE,STK,809,INE032Z01020,BSHSL,EQ,,,,,BOMBAY SUPER HYBRID SEEDS,84.78,84.8,81.0,83.07,83.0,83.95,,83.12,,,4676,387483.51,144,F1,1,,,,,
2026-10-05,2026-10-05,CM,NSE,STK,13900,INE559D01011,CREST,EQ,,,,,CREST VENTURES LIMITED,355.0,367.0,355.0,363.05,360.6,362.35,,363.05,,,4641,1682820.6,131,F1,1,,,,,
2026-10-05,2026-10-05,CM,NSE,STK,11640,INE802W01023,BOHRAIND,EQ,,,,,BOHRA INDUSTRIES LIMITED,15.13,15.13,14.01,14.01,14.01,14.74,,14.01,,,4635,65710.55,38,F1,1,,,,,
2026-10-05,2026-10-05,CM,NSE,STK,765075,INE299D01022,HAMPTON,EQ,,,,,HAMPTON SKY REALTY LTD.,8.04,8.04,7.76,8.0,8.0,8.09,,8.0,,,4594,36654.97,37,F1,1,,,,,
2026-10-05,2026-10-05,CM,NSE,STK,1030,INE721Z01010,AARON,EQ,,,,,AARON INDUSTRIES LIMITED,122.5,125.0,120.85,122.25,122.98,123.11,,122.25,,,4568,559184.88,203,F1,1,,,,,
2026-10-05,2026-10-05,CM,NSE,STK,8469,INE828O01033,MITCON,EQ,,,,,MITCON CON & ENG SER LTD,80.0,83.7,79.5,81.14,80.55,80.34,,81.14,,,4453,359121.64,86,F1,1,,,,,
2026-10-05,2026-10-05,CM,NSE,STK,14618,INE995D01025,CHEMBOND,EQ,,,,,CHEMBOND MATERIALTECH LTD,178.22,183.02,176.5,177.94,180.95,177.64,,177.94,,,4435,797936.23,223,F1,1,,,,,
2026-10-05,2026-10-05,CM,NSE,STK,764838,INE418E01018,PERMAGN,EQ,,,,,PERMANENT MAGNETS LTD.,880.0,903.8,837.6,859.0,856.0,861.3,,858.73,,,4426,3803657.35,537,F1,1,,,,,
2026-10-05,2026-10-05,CM,NSE,STK,764583,INE841D01013,AMAL,EQ,,,,,AMAL LTD.,710.0,715.0,692.1,699.5,697.0,702.4,,699.53,,,4382,3084829.1,421,F1,1,,,,,
2026-10-05,2026-10-05,CM,NSE,STK,25157,INE0DAB01012,RVTH,EQ,,,,,REVATHI EQUIPMENT INDIA L,797.9,803.0,721.1,726.45,721.1,776.7,,726.97,,,4355,3342983.3,460,F1,1,,,,,
2026-10-05,2026-10-05,CM,NSE,STK,5192,INE177F01017,KOVAI,EQ,,,,,KOVAI MEDICAL CENTER & HO,6010.0,6034.5,5940.0,5963.0,6010.0,5993.5,,5962.4,,,4350,26023417.0,954,F1,1,,,,,
2026-10-05,2026-10-05,CM,NSE,STK,14938,INF769K01KF8,GSEC10YEAR,EQ,,,,,MIRAEAMC - MAGS813ETF,29.9,30.19,29.79,30.18,30.18,29.9,,30.18,,,4323,128996.68,31,F1,1,,,,,
2026-10-05,2026-10-05,CM,NSE,STK,2610,INE844A01013,PEARLPOLY,EQ,,,,,PEARL POLYMERS LTD,17.78,17.78,16.62,17.22,17.25,17.09,,17.22,,,4266,73079.96,40,F1,1,,,,,
2026-10-05,2026-10-05,CM,NSE,STK,27008,INE750M01017,HEXATRADEX,EQ,,,,,HEXA TRADEX LIMITED,157.0,160.5,149.0,153.58,154.0,154.96,,153.58,,,4186,641858.27,74,F1,1,,,,,
2026-10-05,2026-10-05,CM,NSE,STK,15399,INE276C01014,EIHAHOTELS,EQ,,,,,EIH ASSOCIATED HOTELS LTD,296.1,300.0,288.0,294.4,294.9,296.1,,294.4,,,4180,1234905.95,420,F1,1,,,,,
2026-10-05,2026-10-05,CM,NSE,STK,762817,INE445D01013,NILE,EQ,,,,,NILE LTD.,1297.0,1297.0,1212.6,1226.0,1217.1,1243.2,,1227.81,,,4135,5195002.4,738,F1,1,,,,,
2026-10-05,2026-10-05,CM,NSE,STK,22521,INF789F1AZE6,GILT5BETA,EQ,,,,,UTIAMC-GILT5BETA,66.51,66.51,64.9,66.2,66.2,66.51,,66.2,,,4106,268850.62,33,F1,1,,,,,
2026-10-05,2026-10-05,CM,NSE,STK,19867,INE275D01022,AMNPLST,EQ,,,,,AMINES & PLASTICIZERS LTD,169.75,169.75,157.85,160.29,160.0,165.43,,160.08,,,4095,662992.85,220,F1,1,,,,,
2026-10-05,2026-10-05,CM,NSE,STK,703,INE303A01010,DICIND,EQ,,,,,DIC INDIA LIMITED,605.0,627.05,591.4,595.95,596.0,613.65,,595.82,,,4076,2467077.8,253,F1,1,,,,,
2026-10-05,2026-10-05,CM,NSE,STK,763572,INF666M01OT5,PVTBKGROWW,EQ,,,,,GROWWAMC - PVTBKGROWW,26.75,27.39,26.6,26.64,26.63,26.87,,26.64,,,3990,107099.56,117,F1,1,,,,,
2026-10-05,2026-10-05,CM,NSE,STK,2433,INE910A01012,NIRLON,EQ,,,,,NIRLON LTD,615.45,619.55,612.1,615.4,615.0,606.8,,615.26,,,3982,2451323.9,691,F1,1,,,,,
2026-10-05,2026-10-05,CM,NSE,STK,4105,INE923A01015,SILINV,EQ,,,,,SIL INVESTMENTS LIMITED,418.8,451.0,418.8,445.75,440.0,424.55,,445.65,,,3970,1725984.55,183,F1,1,,,,,
2026-10-05,2026-10-05,CM,NSE,STK,757669,INF247L01FR8,MOALPHA50,EQ,,,,,MOTILALAMC - MOALPHA50,53.7,53.91,53.17,53.66,53.66,53.17,,53.66,,,3911,209632.48,73,F1,1,,,,,
2026-10-05,2026-10-05,CM,NSE,STK,762909,INE997I01012,SHRIKRISH,EQ,,,,,SHRI KRISHNA DEVCON LTD.,34.15,35.85,32.56,34.05,32.77,35.96,,34.05,,,3897,132705.83,35,F1,1,,,,,
2026-10-05,2026-10-05,CM,NSE,STK,1214,INE393A01011,DELTAMAGNT,EQ,,,,,DELTA MANUFACTURING LTD,54.1,56.8,53.35,54.87,56.3,54.08,,54.87,,,3862,213146.75,59,F1,1,,,,,
2026-10-05,2026-10-05,CM,NSE,STK,3745,INE054C01015,WATERBASE,EQ,,,,,WATERBASE LTD.,47.0,47.0,45.21,45.57,45.24,45.4,,45.56,,,3851,176391.49,95,F1,1,,,,,
2026-10-05,2026-10-05,CM,NSE,STK,7109,INE412C01023,JMA,EQ,,,,,JULLUNDUR MOT AGENCY LTD,86.26,89.6,86.26,87.07,87.0,87.64,,87.07,,,3845,335705.11,97,F1,1,,,,,
2026-10-05,2026-10-05,CM,NSE,STK,759205,INE1FF001016,JKIPL,EQ,,,,,JINKUSHAL INDUSTRIES LTD,96.0,98.5,94.01,95.13,95.0,96.51,,95.13,,,3783,359385.95,131,F1,1,,,,,
2026-10-05,2026-10-05,CM,NSE,STK,765045,INE298W01016,CHEMCRUX,EQ,,,,,CHEMCRUX ENTERPRISES LTD.,79.47,82.2,76.5,79.22,79.1,78.23,,79.6,,,3767,297693.95,76,F1,1,,,,,
2026-10-05,2026-10-05,CM,NSE,STK,764940,INE159L01013,SVGLOBAL,EQ,,,,,S V GLOBAL MILL LTD.,145.9,145.9,134.06,135.7,141.89,132.93,,135.77,,,3764,529273.19,68,F1,1,,,,,
2026-10-05,2026-10-05,CM,NSE,STK,757031,INF247L01FL1,MOINFRA,EQ,,,,,MOTILALAMC - MOINFRA,56.91,56.91,55.67,56.11,56.38,55.79,,56.11,,,3741,209522.39,77,F1,1,,,,,
2026-10-05,2026-10-05,CM,NSE,STK,760923,INE0KNW01016,KNAGRI,EQ,,,,,KN AGRI RESOURCES LIMITED,204.98,210.0,198.0,198.83,202.0,200.5,,198.83,,,3725,753945.16,169,F1,1,,,,,
2026-10-05,2026-10-05,CM,NSE,STK,762523,INE365O01028,ABANSENT,EQ,,,,,ABANS ENTERPRISES LTD.,27.78,28.28,26.6,27.11,27.88,27.6,,27.22,,,3718,102312.88,118,F1,1,,,,,
2026-10-05,2026-10-05,CM,NSE,STK,11547,INF179KC1HU8,HDFCLOWVOL,EQ,,,,,HDFCAMC - HDFCLOWVOL,19.15,19.3,19.06,19.16,19.22,19.15,,19.16,,,3718,71282.29,142,F1,1,,,,,
2026-10-05,2026-10-05,CM,NSE,STK,6417,INE479D01038,KRITI,EQ,,,,,KRITI INDUSTRIES IND LTD,62.0,62.0,58.12,60.92,60.99,60.77,,60.92,,,3625,216716.19,129,F1,1,,,,,
2026-10-05,2026-10-05,CM,NSE,STK,759891,INF247L01GI5,MOIPO,EQ,,,,,MOTILALAMC - MOIPO,45.5,47.45,45.5,47.31,47.25,45.5,,47.31,,,3595,167276.12,51,F1,1,,,,,
2026-10-05,2026-10-05,CM,NSE,STK,14245,INE421C01016,TVSSRICHAK,EQ,,,,,TVS SRICHAKRA LIMITED,4323.3,4430.7,4256.0,4277.3,4375.0,4349.3,,4275.81,,,3583,15478546.9,1327,F1,1,,,,,
2026-10-05,2026-10-05,CM,NSE,STK,16807,INE947I01017,LOTUSEYE,EQ,,,,,LOTUS EYE HOSP & INST L,116.0,117.9,114.6,115.61,115.77,115.68,,115.61,,,3544,408359.85,110,F1,1,,,,,
2026-10-05,2026-10-05,CM,NSE,STK,760412,INF769K01PY8,DIVIDEND,EQ,,,,,MIRAEAMC - DIVIDEND,33.94,34.03,33.6,33.8,33.8,33.63,,33.8,,,3524,119233.97,72,F1,1,,,,,
2026-10-05,2026-10-05,CM,NSE,STK,9862,INE082W01014,WEWIN,EQ,,,,,WE WIN LIMITED,52.1,52.1,50.55,51.0,51.0,51.65,,51.0,,,3493,178428.93,59,F1,1,,,,,
2026-10-05,2026-10-05,CM,NSE,STK,17613,INF740KA1SZ6,SENSEXADD,EQ,,,,,DSPAMC - DSPSENXETF,75.53,75.53,74.16,74.78,74.78,75.16,,74.78,,,3459,258352.64,114,F1,1,,,,,
2026-10-05,2026-10-05,CM,NSE,STK,20453,INE071F01012,APCL,EQ,,,,,ANJANI PORTLAND CEM LTD,96.99,96.99,91.5,94.0,93.3,94.76,,94.0,,,3410,320265.12,184,F1,1,,,,,
2026-10-05,2026-10-05,CM,NSE,STK,11293,INE037A01022,UNIENTER,EQ,,,,,UNIPHOS ENTERPRISES LTD,90.0,90.0,86.0,86.17,86.19,87.02,,86.17,,,3395,293654.81,92,F1,1,,,,,
2026-10-05,2026-10-05,CM,NSE,STK,2799,INE783X01023,CHEMFAB,EQ,,,,,CHEMFAB ALKALIS LIMITED,321.55,335.35,320.15,326.35,321.05,328.35,,326.38,,,3357,1104488.15,192,F1,1,,,,,
2026-10-05,2026-10-05,CM,NSE,STK,3010,INF846K01Y96,ITAXIS,EQ,,,,,AXISAMC-ITAXIS,312.91,315.9,310.5,312.02,310.5,309.81,,312.02,,,3352,1051373.73,54,F1,1,,,,,
2026-10-05,2026-10-05,CM,NSE,STK,1455,INE557A01011,BIRLANU,EQ,,,,,BIRLANU LIMITED,1425.0,1425.0,1361.1,1379.5,1381.0,1391.2,,1379.48,,,3263,4525398.3,469,F1,1,,,,,
2026-10-05,2026-10-05,CM,NSE,STK,25258,INF754K01TE4,EBANKNIFTY,EQ,,,,,EDELAMC - EBANKNIFTY,55.74,56.99,54.56,56.95,54.56,55.24,,56.95,,,3250,180338.08,36,F1,1,,,,,
2026-10-05,2026-10-05,CM,NSE,STK,11072,INE449G01018,AGRITECH,EQ,,,,,AGRI-TECH (INDIA) LIMITED,93.9,93.9,86.1,88.47,87.0,89.96,,88.47,,,3243,290890.75,178,F1,1,,,,,
2026-10-05,2026-10-05,CM,NSE,STK,760277,INE537F01012,MODINATUR,EQ,,,,,MODI NATURALS LIMITED,328.5,328.8,324.0,325.05,324.9,324.45,,325.04,,,3235,1059726.0,95,F1,1,,,,,
2026-10-05,2026-10-05,CM,NSE,STK,9641,INE060B01014,KHANDSE,EQ,,,,,KHANDWALA SECURITIES LTD,16.71,17.69,16.35,16.92,17.2,16.76,,16.92,,,3208,53981.77,72,F1,1,,,,,
2026-10-05,2026-10-05,CM,NSE,STK,1480,INE364Z01019,REPL,EQ,,,,,RUDRABHISHEK ENTERP LTD,58.06,59.99,55.0,56.24,55.3,57.99,,56.24,,,3152,180617.22,78,F1,1,,,,,
2026-10-05,2026-10-05,CM,NSE,STK,11445,INE417C01014,PILANIINVS,EQ,,,,,PILANI INV & IND COR LTD,3975.0,4033.0,3933.0,3984.7,4000.0,3892.3,,3984.56,,,3139,12556776.7,1369,F1,1,,,,,
2026-10-05,2026-10-05,CM,NSE,STK,184,INE822C01015,TCPLPACK,EQ,,,,,TCPL PACKAGING LIMITED,3988.0,4090.0,3890.1,3933.6,3892.0,3927.1,,3933.48,,,3139,12372790.2,846,F1,1,,,,,
2026-10-05,2026-10-05,CM,NSE,STK,3608,INF846K01Z12,HEALTHAXIS,EQ,,,,,AXISAMC-HEALTHAXIS,162.55,165.48,162.0,162.33,162.83,163.58,,162.5,,,3124,508559.78,151,F1,1,,,,,
2026-10-05,2026-10-05,CM,NSE,STK,761148,INE0L4K01016,VITAL,EQ,,,,,VITAL CHEMTECH LIMITED,50.8,53.89,50.8,51.05,52.69,53.46,,51.05,,,3115,158636.47,31,F1,1,,,,,
2026-10-05,2026-10-05,CM,NSE,STK,2277,INE883A01011,MRF,EQ,,,,,MRF LTD,123915.0,124490.0,122755.0,123330.0,124100.0,123715.0,,123328.77,,,3098,382358540.0,2315,F1,1,,,,,
2026-10-05,2026-10-05,CM,NSE,STK,765125,INE588G01021,MLKFOOD,EQ,,,,,MILKFOOD LTD.,82.56,85.7,82.56,84.59,84.5,84.13,,83.72,,,3096,260095.3,81,F1,1,,,,,
2026-10-05,2026-10-05,CM,NSE,STK,20159,INE643K01018,ARIHANTSUP,EQ,,,,,ARIHANT SUPERSTRUCT LTD,222.0,222.0,218.0,218.78,218.0,216.63,,218.78,,,3008,658717.98,73,F1,1,,,,,
2026-10-05,2026-10-05,CM,NSE,STK,11374,INE0LQS01015,TIPSFILMS,EQ,,,,,TIPS FILMS LIMITED,313.05,316.65,306.35,312.25,312.0,315.4,,312.19,,,2993,930215.1,192,F1,1,,,,,
2026-10-05,2026-10-05,CM,NSE,STK,5732,INF846K016C7,CONSUMAXIS,EQ,,,,,AXISAMC-CONSUMAXIS,112.0,112.9,111.65,112.77,111.65,111.99,,112.77,,,2963,333615.24,38,F1,1,,,,,
2026-10-05,2026-10-05,CM,NSE,STK,3291,INE733A01018,STARPAPER,EQ,,,,,STAR PAPER MILLS LTD,151.0,155.51,150.02,152.01,153.0,151.81,,151.68,,,2960,448701.03,134,F1,1,,,,,
2026-10-05,2026-10-05,CM,NSE,STK,1565,INE09E501017,RVHL,EQ,,,,,RAVINDER HEIGHTS LIMITED,36.81,37.99,36.81,37.46,37.58,37.23,,37.46,,,2957,110422.77,83,F1,1,,,,,
2026-10-05,2026-10-05,CM,NSE,STK,4568,INE446A01025,ATLASCYCLE,EQ,,,,,ATLAS CYCLE (HARYANA) LTD,91.74,93.0,90.5,91.3,92.4,91.74,,91.3,,,2877,264830.91,112,F1,1,,,,,
2026-10-05,2026-10-05,CM,NSE,STK,16821,INE250B01029,VINYLINDIA,EQ,,,,,VINYL CHEMICALS (I) LTD.,214.23,220.0,214.0,214.15,214.01,214.23,,214.23,,,2875,616904.37,200,F1,1,,,,,
2026-10-05,2026-10-05,CM,NSE,STK,762578,INE083K01017,BENGALASM,EQ,,,,,BENGAL & ASSAM CO. LTD.,6085.0,6150.0,5421.0,5772.0,6150.0,6088.0,,5754.81,,,2863,16422902.0,477,F1,1,,,,,
2026-10-05,2026-10-05,CM,NSE,STK,1979,INE269B01029,LMW,EQ,,,,,LMW LIMITED,16465.0,16625.0,16301.0,16530.0,16500.0,16548.0,,16530.48,,,2863,47224721.0,1328,F1,1,,,,,
2026-10-05,2026-10-05,CM,NSE,STK,2268,INE861B01023,MOTOGENFIN,EQ,,,,,MOTOR & GENERAL FINANCE L,25.48,25.48,24.36,24.53,25.16,25.08,,24.53,,,2838,69545.54,67,F1,1,,,,,
2026-10-05,2026-10-05,CM,NSE,STK,21383,INE471W01019,PALASHSECU,EQ,,,,,PALASH SECURITIES LTD,84.1,90.0,83.1,87.94,88.9,84.5,,87.94,,,2831,242623.45,66,F1,1,,,,,
2026-10-05,2026-10-05,CM,NSE,STK,13885,INE413D01011,ARIHANT,EQ,,,,,ARIHANT FOUN & HOU LTD,940.0,948.0,873.25,891.35,883.0,894.1,,891.53,,,2824,2528653.95,169,F1,1,,,,,
2026-10-05,2026-10-05,CM,NSE,STK,11798,INE835G01018,ALLDIGI,EQ,,,,,ALLDIGI TECH LIMITED,756.35,766.45,741.3,750.9,741.3,756.35,,750.9,,,2786,2104374.4,495,F1,1,,,,,
2026-10-05,2026-10-05,CM,NSE,STK,762648,INE934C01018,DRAGARWQ,EQ,,,,,DR. AGARWAL'S EYE HOSP L,5250.0,5294.0,5162.5,5215.0,5250.0,5159.0,,5213.82,,,2781,14467716.5,581,F1,1,,,,,
2026-10-05,2026-10-05,CM,NSE,STK,245,INE0CHO01012,ADL,EQ,,,,,ARCHIDPLY DECOR LIMITED,77.0,80.0,72.5,75.9,76.36,72.52,,75.9,,,2780,210837.1,68,F1,1,,,,,
2026-10-05,2026-10-05,CM,NSE,STK,3396,INE123C01018,TAINWALCHM,EQ,,,,,TAINWALA CHEMICAL AND PLA,202.3,205.45,195.5,197.18,195.5,203.29,,197.23,,,2765,554469.29,81,F1,1,,,,,
2026-10-05,2026-10-05,CM,NSE,STK,2658,INE245B01011,PHOENXINTL,EQ,,,,,PHOENIX INTERNATIONAL LTD,29.0,29.0,27.85,28.15,28.39,28.15,,28.15,,,2758,77512.42,52,F1,1,,,,,
2026-10-05,2026-10-05,CM,NSE,STK,765175,INE886B01012,SUMEDHA,EQ,,,,,SUMEDHA FISCAL SERVICES L,43.0,43.75,40.15,42.0,42.0,43.42,,42.07,,,2721,115247.21,64,F1,1,,,,,
2026-10-05,2026-10-05,CM,NSE,STK,4548,INE610B01024,GUJRAFFIA,EQ,,,,,GUJARAT RAFFIA INDUST LTD,40.27,42.74,39.5,39.5,39.5,40.27,,39.5,,,2720,108036.85,37,F1,1,,,,,
2026-10-05,2026-10-05,CM,NSE,STK,7048,INE782E01017,HESTERBIO,EQ,,,,,HESTER BIOSCIENCES LTD,2164.7,2186.9,2090.2,2105.5,2120.0,2126.8,,2105.51,,,2719,5820611.8,552,F1,1,,,,,
2026-10-05,2026-10-05,CM,NSE,STK,757167,INF247L01FD8,MONEXT50,EQ,,,,,MOTILALAMC - MONEXT50,69.73,69.73,68.9,69.16,69.15,69.39,,69.16,,,2712,187725.91,111,F1,1,,,,,
2026-10-05,2026-10-05,CM,NSE,STK,17256,INE155C01010,ALBERTDAVD,EQ,,,,,ALBERT DAVID LIMITED,856.0,868.4,831.6,836.45,838.0,856.7,,836.45,,,2685,2270710.45,431,F1,1,,,,,
2026-10-05,2026-10-05,CM,NSE,STK,22277,INE196Y01018,WORTHPERI,EQ,,,,,WORTH PERIPHERALS LIMITED,139.0,143.5,139.0,143.41,143.5,143.74,,143.41,,,2658,375043.83,63,F1,1,,,,,
2026-10-05,2026-10-05,CM,NSE,STK,765020,INE030C01015,ANSALBU,EQ,,,,,ANSAL BUILDWELL LTD.,84.28,101.0,83.0,85.6,85.57,85.13,,85.83,,,2620,243981.69,106,F1,1,,,,,
2026-10-05,2026-10-05,CM,NSE,STK,14445,INE308A01027,NAHARPOLY,EQ,,,,,NAHAR POLY FILMS LIMITED,222.81,230.01,220.21,222.21,221.05,225.64,,222.23,,,2606,580921.99,103,F1,1,,,,,
2026-10-05,2026-10-05,CM,NSE,STK,3138,INE634A01018,HONDAPOWER,EQ,,,,,HONDA I POWER PRODUCT LTD,1919.9,1919.9,1848.0,1865.2,1851.5,1886.3,,1865.15,,,2605,4862677.3,615,F1,1,,,,,
2026-10-05,2026-10-05,CM,NSE,STK,6782,INE567A01028,NIPPOBATRY,EQ,,,,,INDO-NATIONAL LIMITED,322.0,323.95,317.0,318.75,317.0,314.45,,318.49,,,2579,826675.5,141,F1,1,,,,,
2026-10-05,2026-10-05,CM,NSE,STK,759130,INE08PH01015,ABCOTS,EQ,,,,,A B COTSPIN INDIA LIMITED,198.0,198.0,192.14,195.98,196.55,189.91,,195.98,,,2569,504119.31,121,F1,1,,,,,
2026-10-05,2026-10-05,CM,NSE,STK,29423,INE954E01012,MOHITIND,EQ,,,,,MOHIT INDUSTRIES LTD,22.9,23.5,22.63,22.64,23.38,22.78,,22.55,,,2569,58499.65,45,F1,1,,,,,
2026-10-05,2026-10-05,CM,NSE,STK,16927,INE839G01010,JOCIL,EQ,,,,,JOCIL LIMITED,149.99,149.99,145.65,147.84,148.39,145.22,,147.84,,,2559,381609.63,65,F1,1,,,,,
2026-10-05,2026-10-05,CM,NSE,STK,11852,INE713B01026,SURYALAXMI,EQ,,,,,SURYALAKSHMI COT MIL LTD,56.5,59.66,56.5,57.5,57.5,56.07,,57.5,,,2555,146385.67,44,F1,1,,,,,
2026-10-05,2026-10-05,CM,NSE,STK,15360,INE049I01012,NAHARCAP,EQ,,,,,NAHAR CAP & FIN.,233.6,238.03,230.0,233.82,235.0,237.31,,233.81,,,2513,590671.69,70,F1,1,,,,,
2026-10-05,2026-10-05,CM,NSE,STK,822,INE862Y01015,BANKA,EQ,,,,,BANKA BIOLOO LIMITED,69.99,70.8,68.0,69.84,70.5,68.51,,69.84,,,2444,168979.33,48,F1,1,,,,,
2026-10-05,2026-10-05,CM,NSE,STK,14319,INE804H01012,TFL,EQ,,,,,TRANSWARRANTY FIN. LTD.,11.38,12.25,11.38,11.72,11.73,11.82,,12.03,,,2430,28430.19,42,F1,1,,,,,
2026-10-05,2026-10-05,CM,NSE,STK,8687,INE374B01019,MUKTAARTS,EQ,,,,,MUKTA ARTS LIMITED,55.92,56.5,54.0,54.89,55.9,55.92,,54.89,,,2425,132203.81,59,F1,1,,,,,
2026-10-05,2026-10-05,CM,NSE,STK,474,INE470A01017,3MINDIA,EQ,,,,,3M INDIA LIMITED,30825.0,31170.0,30220.0,30400.0,30410.0,30795.0,,30399.83,,,2411,73784595.0,1555,F1,1,,,,,
2026-10-05,2026-10-05,CM,NSE,STK,5239,INE843B01013,MAHAPEXLTD,EQ,,,,,MAHA RASHTRA APEX COPR. L,53.3,53.3,50.12,50.46,50.38,50.18,,50.45,,,2377,122047.71,95,F1,1,,,,,
2026-10-05,2026-10-05,CM,NSE,STK,2595,INE105C01023,3PLAND,EQ,,,,,3P LAND HOLDINGS LIMITED,30.51,31.72,30.11,30.48,30.5,31.12,,30.48,,,2359,72100.43,83,F1,1,,,,,
2026-10-05,2026-10-05,CM,NSE,STK,13735,INE792H01019,GLOBALVECT,EQ,,,,,GLOBAL VEC HELICORP LTD,131.1,134.8,128.32,132.08,133.35,131.04,,132.06,,,2330,305442.32,172,F1,1,,,,,
2026-10-05,2026-10-05,CM,NSE,STK,757953,INE505V01016,EUROBOND,EQ,,,,,EURO PANEL PRODUCTS LTD,152.75,152.75,143.25,144.32,144.1,148.29,,144.43,,,2318,335238.76,78,F1,1,,,,,
2026-10-05,2026-10-05,CM,NSE,STK,12009,INE547E01014,IMPAL,EQ,,,,,IND MOTOR PART & ACC LTD,1021.0,1040.0,1002.0,1026.2,1029.7,1009.1,,1026.41,,,2317,2367044.7,293,F1,1,,,,,
2026-10-05,2026-10-05,CM,NSE,STK,763602,INF579M01BP5,MSCI360,EQ,,,,,360ONEAMC - MSCI360,9.57,9.57,9.47,9.56,9.52,9.47,,9.67,,,2316,22098.19,30,F1,1,,,,,
2026-10-05,2026-10-05,CM,NSE,STK,4160,INE369C01017,NORBTEAEXP,EQ,,,,,NORBEN TEA & EXPORTS LTD,69.04,70.76,65.59,65.59,65.59,69.04,,65.59,,,2311,155251.95,96,F1,1,,,,,
2026-10-05,2026-10-05,CM,NSE,STK,21551,INE320X01016,HALEOSLABS,EQ,,,,,HALEOS LABS LIMITED,1504.5,1549.5,1490.6,1549.2,1549.3,1490.0,,1549.2,,,2311,3559057.4,148,F1,1,,,,,
2026-10-05,2026-10-05,CM,NSE,STK,762742,INE555P01013,KIRANVYPAR,EQ,,,,,KIRAN VYAPAR LTD.,180.65,185.0,173.1,179.99,179.99,179.21,,179.0,,,2295,413926.71,86,F1,1,,,,,
2026-10-05,2026-10-05,CM,NSE,STK,20481,INE215F01023,WIPL,EQ,,,,,THE WESTERN INDIA PLY LTD,163.0,167.4,160.5,160.81,160.5,161.0,,160.81,,,2277,369713.89,59,F1,1,,,,,
2026-10-05,2026-10-05,CM,NSE,STK,9384,INE230B01021,CREATIVEYE,EQ,,,,,CREATIVE EYE LIMITED,6.15,6.15,5.76,5.9,5.9,6.17,,5.9,,,2267,13686.74,95,F1,1,,,,,
2026-10-05,2026-10-05,CM,NSE,STK,559,INE594B01012,BSL,EQ,,,,,BSL LTD,121.49,121.49,118.53,120.15,120.19,118.2,,120.16,,,2251,271055.97,57,F1,1,,,,,
2026-10-05,2026-10-05,CM,NSE,STK,10181,INE875R01011,BALKRISHNA,EQ,,,,,BALKRISHNA PAPER MILLS L,15.95,16.1,15.95,16.0,16.0,15.94,,16.0,,,2251,36012.16,24,F1,1,,,,,
2026-10-05,2026-10-05,CM,NSE,STK,5865,INE548Z01017,LAGNAM,EQ,,,,,LAGNAM SPINTEX LIMITED,71.9,72.5,69.81,71.1,71.1,71.9,,71.1,,,2247,158900.24,49,F1,1,,,,,
2026-10-05,2026-10-05,CM,NSE,STK,2241,INE794W01014,MODTHREAD,EQ,,,,,MODERN THREADS INDIA LTD,45.91,47.89,45.9,46.58,46.81,45.66,,46.58,,,2245,104147.66,18,F1,1,,,,,
2026-10-05,2026-10-05,CM,NSE,STK,1482,INE076C01018,IFBAGRO,EQ,,,,,IFB AGRO INDUSTRIES LTD,855.0,878.95,855.0,872.0,868.0,866.95,,872.04,,,2243,1936439.85,325,F1,1,,,,,
2026-10-05,2026-10-05,CM,NSE,STK,4116,INE550B01022,HBSL,EQ,,,,,HB STOCKHOLDINGS LIMITED,53.2,57.03,53.2,55.82,56.7,57.03,,55.85,,,2224,123664.43,59,F1,1,,,,,
2026-10-05,2026-10-05,CM,NSE,STK,7425,INE558R01013,HECPROJECT,EQ,,,,,HEC INFRA PROJECTS LTD,114.0,116.88,110.2,110.87,111.0,111.86,,110.87,,,2220,248034.95,138,F1,1,,,,,
2026-10-05,2026-10-05,CM,NSE,STK,715,INE492A01029,SUDARCOLOR,EQ,,,,,SUDARSHAN COLORNT IND LTD,365.1,379.85,365.1,365.65,365.6,368.1,,365.65,,,2203,818022.2,155,F1,1,,,,,
2026-10-05,2026-10-05,CM,NSE,STK,20616,INE712B01010,SUPERHOUSE,EQ,,,,,SUPERHOUSE LIMITED,154.66,158.0,154.0,155.88,154.15,154.66,,157.06,,,2166,336084.89,105,F1,1,,,,,
2026-10-05,2026-10-05,CM,NSE,STK,6068,INE801L01010,AIROLAM,EQ,,,,,AIRO LAM LIMITED,93.9,93.9,87.21,89.54,90.0,89.58,,89.54,,,2158,191779.18,60,F1,1,,,,,
2026-10-05,2026-10-05,CM,NSE,STK,8304,INE974Z01015,PRITI,EQ,,,,,PRITI INTERNATIONAL LTD,30.91,32.95,30.91,32.04,32.22,32.79,,32.04,,,2125,68329.33,85,F1,1,,,,,
2026-10-05,2026-10-05,CM,NSE,STK,19279,INE121N01019,THEJO,EQ,,,,,THEJO ENGINEERING LIMITED,2071.4,2122.0,2065.9,2095.2,2100.0,2071.4,,2095.2,,,2088,4376847.2,484,F1,1,,,,,
2026-10-05,2026-10-05,CM,NSE,STK,6422,INE370D01013,MANORG,EQ,,,,,MANGALAM ORGANICS LIMITED,449.7,449.95,424.0,432.3,435.35,436.8,,432.27,,,2059,900584.9,299,F1,1,,,,,
2026-10-05,2026-10-05,CM,NSE,STK,8797,INE426Z01016,OBCL,EQ,,,,,OBCL LIMITED,55.79,57.8,55.4,55.85,55.85,54.39,,55.48,,,2034,114730.8,29,F1,1,,,,,
2026-10-05,2026-10-05,CM,NSE,STK,7791,INE481Z01011,UNIINFO,EQ,,,,,UNIINFO TELECOM SERVI LTD,11.2,11.2,10.46,10.62,10.46,10.85,,10.62,,,2024,21377.69,34,F1,1,,,,,
2026-10-05,2026-10-05,CM,NSE,STK,13463,INE156C01018,PIONEEREMB,EQ,,,,,PIONEER EMBROIDERIES LTD,19.86,20.98,19.86,20.13,20.39,20.07,,20.13,,,2014,40657.47,46,F1,1,,,,,
2026-10-05,2026-10-05,CM,NSE,STK,20196,INE844K01012,BEDMUTHA,EQ,,,,,BEDMUTHA INDUST LTD,108.0,108.99,105.1,107.25,107.25,110.33,,107.12,,,2006,215316.07,48,F1,1,,,,,
2026-10-05,2026-10-05,CM,NSE,STK,764713,INE558A01019,IPRINGLTD,EQ,,,,,IP RINGS LTD.,135.05,144.0,135.0,137.15,137.2,141.95,,137.15,,,1997,275769.42,67,F1,1,,,,,
2026-10-05,2026-10-05,CM,NSE,STK,21484,INE577L01016,STEL,EQ,,,,,STEL HOLDINGS LIMITED,592.0,592.0,559.8,567.7,575.5,574.15,,567.7,,,1993,1134558.55,202,F1,1,,,,,
2026-10-05,2026-10-05,CM,NSE,STK,19205,INE759V01019,HEADSUP,EQ,,,,,HEADS UP VENTURES LIMITED,6.36,6.74,6.02,6.14,6.15,6.4,,6.19,,,1991,12355.88,111,F1,1,,,,,
2026-10-05,2026-10-05,CM,NSE,STK,762695,INE926B01016,GRANDOAK,EQ,,,,,GRAND OAK CANYONS DIST L,35.99,36.5,34.07,35.93,36.5,34.8,,35.94,,,1908,67977.69,56,F1,1,,,,,
2026-10-05,2026-10-05,CM,NSE,STK,7480,INE472B01011,BLUECOAST,EQ,,,,,BLUE COAST HOTELS LIMITED,22.0,22.0,20.9,21.06,21.93,22.0,,21.06,,,1903,40304.35,32,F1,1,,,,,
2026-10-05,2026-10-05,CM,NSE,STK,4422,INE061A01014,INDIANCARD,EQ,,,,,INDIAN CARD CLOTHING CO.,188.37,191.99,181.24,184.82,184.0,188.37,,184.84,,,1899,353052.58,42,F1,1,,,,,
2026-10-05,2026-10-05,CM,NSE,STK,760054,INF247L01GK1,MOMNC,EQ,,,,,MOTILALAMC - MOMNC,30.14,30.16,29.78,30.0,30.0,30.04,,30.0,,,1895,56870.59,29,F1,1,,,,,
2026-10-05,2026-10-05,CM,NSE,STK,7902,INE850E01012,LFIC,EQ,,,,,LAKSHMI FIN IND CORP LTD,129.01,132.0,127.6,128.62,128.99,133.82,,128.62,,,1828,237709.73,111,F1,1,,,,,
2026-10-05,2026-10-05,CM,NSE,STK,955,INE284A01012,ESABINDIA,EQ,,,,,ESAB INDIA LTD,5520.0,5549.0,5450.5,5514.0,5549.0,5500.5,,5514.02,,,1802,9898534.5,761,F1,1,,,,,
2026-10-05,2026-10-05,CM,NSE,STK,3417,INE671A01010,HONAUT,EQ,,,,,HONEYWELL AUTOMATION IND,33845.0,34140.0,33595.0,33785.0,33995.0,33470.0,,33782.35,,,1798,60850615.0,1287,F1,1,,,,,
2026-10-05,2026-10-05,CM,NSE,STK,764613,INE767C01012,AXTEL,EQ,,,,,AXTEL INDUSTRIES LTD.,439.75,445.4,425.05,430.4,425.9,435.45,,430.4,,,1797,777481.55,160,F1,1,,,,,
2026-10-05,2026-10-05,CM,NSE,STK,13510,INE737W01013,AKASH,EQ,,,,,AKASH INFRA-PROJECTS LTD,25.69,25.69,24.5,24.64,24.64,24.95,,24.64,,,1766,43737.37,27,F1,1,,,,,
2026-10-05,2026-10-05,CM,NSE,STK,764678,INE130L01014,ENKEIWHEL,EQ,,,,,ENKEI WHEELS (INDIA) LTD.,404.0,404.0,382.5,392.4,396.35,392.6,,394.38,,,1756,687753.9,69,F1,1,,,,,
2026-10-05,2026-10-05,CM,NSE,STK,764930,INE199E01014,SUNSHIEL,EQ,,,,,SUNSHIELD CHEMICALS LTD.,1088.0,1100.0,1070.1,1097.0,1099.9,1059.0,,1097.66,,,1725,1880778.4,211,F1,1,,,,,
2026-10-05,2026-10-05,CM,NSE,STK,762623,INE515A01019,COCKERILL,EQ,,,,,JOHN COCKERILL INDIA LTD.,7920.0,8026.5,7826.0,7868.5,7826.0,7989.0,,7869.47,,,1721,13606803.0,525,F1,1,,,,,
2026-10-05,2026-10-05,CM,NSE,STK,9652,INE750D01016,RELCHEMQ,EQ,,,,,RELIANCE CHEMOTEX IND LTD,113.27,116.5,111.57,113.27,113.0,114.36,,113.27,,,1711,194055.59,131,F1,1,,,,,
2026-10-05,2026-10-05,CM,NSE,STK,11880,INE824G01012,JSWHL,EQ,,,,,JSW HOLDINGS LIMITED,11205.0,11417.0,11108.0,11350.0,11380.0,11258.0,,11349.99,,,1708,19359227.0,831,F1,1,,,,,
2026-10-05,2026-10-05,CM,NSE,STK,11779,INE543V01017,ACEINTEG,EQ,,,,,ACE INTEGRATED SOLU. LTD.,17.14,17.14,16.2,16.53,16.7,17.14,,16.53,,,1669,27370.8,74,F1,1,,,,,
2026-10-05,2026-10-05,CM,NSE,STK,17999,INE458F01011,UNITEDTEA,EQ,,,,,UNITED NILGIRI TEA LTD,414.9,428.95,414.9,415.0,416.0,416.95,,415.0,,,1641,681470.5,83,F1,1,,,,,
2026-10-05,2026-10-05,CM,NSE,STK,24217,INF205KA1CC7,IVZINNIFTY,EQ,,,,,INVESCO INDIA NIFTY ETF,264.96,264.96,257.89,259.22,259.07,258.5,,259.22,,,1625,421103.26,65,F1,1,,,,,
2026-10-05,2026-10-05,CM,NSE,STK,1497,INE644Y01017,SHIVAMILLS,EQ,,,,,SHIVA MILLS LIMITED,58.0,59.41,57.0,59.32,59.32,56.59,,58.56,,,1618,94739.3,47,F1,1,,,,,
2026-10-05,2026-10-05,CM,NSE,STK,21275,INE519C01017,SUMMITSEC,EQ,,,,,SUMMIT SECURITIES LTD,1315.0,1340.9,1305.0,1314.8,1311.0,1315.5,,1314.32,,,1590,2099348.8,411,F1,1,,,,,
2026-10-05,2026-10-05,CM,NSE,STK,764798,INE920C01017,NTCIND,EQ,,,,,N T C INDUSTRIES LTD.,126.0,137.7,126.0,135.97,136.0,129.51,,135.98,,,1573,214296.55,46,F1,1,,,,,
2026-10-05,2026-10-05,CM,NSE,STK,3837,INE932C01012,TOKYOPLAST,EQ,,,,,TOKYO PLAST INTL LTD,71.1,73.87,69.1,71.06,72.48,71.01,,71.06,,,1544,110402.83,52,F1,1,,,,,
2026-10-05,2026-10-05,CM,NSE,STK,11892,INE701A01023,VHL,EQ,,,,,VARDHMAN HOLDINGS LIMITED,3481.0,3525.7,3375.0,3517.8,3510.0,3435.3,,3515.81,,,1519,5295590.2,346,F1,1,,,,,
2026-10-05,2026-10-05,CM,NSE,STK,11239,INE023A01030,NSIL,EQ,,,,,NALWA SONS INVESTMENT LTD,5269.5,5269.5,5150.0,5199.5,5205.0,5163.5,,5199.46,,,1514,7869317.5,447,F1,1,,,,,
2026-10-05,2026-10-05,CM,NSE,STK,4179,INE073D01013,SUNDRMBRAK,EQ,,,,,SUNDARAM BRAK LININGS LTD,693.4,728.0,678.0,681.3,678.0,669.95,,681.3,,,1510,1049207.05,120,F1,1,,,,,
2026-10-05,2026-10-05,CM,NSE,STK,9168,INF789F1AUU3,SNXT50BETA,EQ,,,,,UTIAMC-SNXT50BETA,90.13,90.77,88.51,89.24,89.2,89.69,,88.46,,,1482,133093.15,136,F1,1,,,,,
2026-10-05,2026-10-05,CM,NSE,STK,764718,INE684B01029,ISTLTD,EQ,,,,,I S T LTD.,635.0,640.0,585.0,610.5,603.1,635.0,,610.5,,,1474,903891.3,247,F1,1,,,,,
2026-10-05,2026-10-05,CM,NSE,STK,765200,INE330E01023,TRANSCOR,EQ,,,,,TRANSCORP INTERNATIONAL L,24.49,24.9,23.52,24.6,24.6,24.18,,24.6,,,1443,34494.0,52,F1,1,,,,,
2026-10-05,2026-10-05,CM,NSE,STK,4229,INE116C01012,ZFSTEERING,EQ,,,,,Z F STEERING GEAR (I) LTD,711.0,724.0,700.1,703.65,700.1,708.4,,703.52,,,1443,1027779.55,125,F1,1,,,,,
2026-10-05,2026-10-05,CM,NSE,STK,4344,INE277B01014,PUNJABCHEM,EQ,,,,,PUNJAB CHEM & CROP PROT L,1040.0,1080.0,1032.1,1036.9,1044.0,1040.9,,1036.9,,,1385,1442160.8,312,F1,1,,,,,
2026-10-05,2026-10-05,CM,NSE,STK,764823,INE883C01025,PACIFICI,EQ,,,,,PACIFIC INDUSTRIES LTD.,144.99,148.95,138.0,139.5,139.5,135.99,,139.5,,,1376,197851.03,79,F1,1,,,,,
2026-10-05,2026-10-05,CM,NSE,STK,761066,INF209KC1662,ABSLMSCIN,EQ,,,,,BIRLASLAMC - ABSLMSCIN,28.33,28.33,27.55,27.72,27.72,27.68,,27.72,,,1353,37359.68,13,F1,1,,,,,
2026-10-05,2026-10-05,CM,NSE,STK,24937,INE0US801024,MFML,EQ,,,,,MAHALAXMI FABRIC MILLS LT,18.8,19.24,18.0,18.16,18.3,18.72,,18.26,,,1351,24706.08,41,F1,1,,,,,
2026-10-05,2026-10-05,CM,NSE,STK,14786,INF769K01JU9,LOWVOL,EQ,,,,,MIRAEAMC - MANV30F,195.5,195.5,191.36,192.2,192.21,191.67,,192.2,,,1347,258614.63,26,F1,1,,,,,
2026-10-05,2026-10-05,CM,NSE,STK,765085,INE227B01019,HINDALUMI,EQ,,,,,HIND ALUMINIUM INDS. LTD.,90.9,93.99,90.9,91.83,91.01,90.76,,91.83,,,1333,122615.99,72,F1,1,,,,,
2026-10-05,2026-10-05,CM,NSE,STK,6302,INE451F01024,APOLSINHOT,EQ,,,,,APOLLO SINDOORI HOTEL LTD,1208.0,1208.0,1155.0,1174.9,1175.0,1155.9,,1174.9,,,1328,1563667.5,196,F1,1,,,,,
2026-10-05,2026-10-05,CM,NSE,STK,764708,INE716F01012,INDOKEM,EQ,,,,,INDOKEM LTD.,602.35,602.35,585.0,598.25,600.0,603.7,,597.79,,,1304,777746.3,204,F1,1,,,,,
2026-10-05,2026-10-05,CM,NSE,STK,757099,INF247L01FK3,MOMGF,EQ,,,,,MOTILALAMC - MOMGF,152.39,152.47,150.99,152.03,152.03,152.7,,152.03,,,1268,191992.61,44,F1,1,,,,,
2026-10-05,2026-10-05,CM,NSE,STK,10515,INF789FB1X58,SENSEXBETA,EQ,,,,,UTIAMC-SENSEXBETA,794.0,810.0,794.0,808.67,810.0,797.32,,808.67,,,1265,1014808.53,175,F1,1,,,,,
2026-10-05,2026-10-05,CM,NSE,STK,764728,INE354A01013,JENBURPH,EQ,,,,,JENBURKT PHARMACEUTICAL L,919.9,934.0,897.25,900.4,912.95,915.25,,900.39,,,1262,1147192.4,107,F1,1,,,,,
2026-10-05,2026-10-05,CM,NSE,STK,19496,INE0BTM01013,SECMARK,EQ,,,,,SECMARK CONSULTANCY LTD,142.0,142.0,134.1,137.41,134.4,137.48,,137.41,,,1258,174115.3,28,F1,1,,,,,
2026-10-05,2026-10-05,CM,NSE,STK,4037,INE218C01016,AUSOMENT,EQ,,,,,AUSOM ENTERPRISE LIMITED,139.0,144.88,134.05,137.81,139.5,139.0,,137.81,,,1244,173127.77,104,F1,1,,,,,
2026-10-05,2026-10-05,CM,NSE,STK,764960,INE440G01017,TRITONV,EQ,,,,,TRITON VALVES LTD.,1099.0,1100.0,1048.3,1063.2,1056.0,1078.0,,1064.66,,,1226,1303270.2,195,F1,1,,,,,
2026-10-05,2026-10-05,CM,NSE,STK,19322,INE598C01011,HISARMETAL,EQ,,,,,HISAR METAL IND. LIMITED,149.0,149.0,143.57,145.22,145.0,146.92,,145.22,,,1221,177908.05,86,F1,1,,,,,
2026-10-05,2026-10-05,CM,NSE,STK,764768,INE026D01011,LOTUSCHO,EQ,,,,,LOTUS CHOCOLATE CO. LTD.,565.85,565.85,526.1,536.8,530.0,540.35,,536.7,,,1183,638713.15,278,F1,1,,,,,
2026-10-05,2026-10-05,CM,NSE,STK,762824,INE265B01019,NITTAGELA,EQ,,,,,NITTA GELATIN INDIA LTD.,1716.3,1719.0,1665.0,1668.9,1672.0,1664.3,,1668.82,,,1183,1982277.1,250,F1,1,,,,,
2026-10-05,2026-10-05,CM,NSE,STK,762732,INE411F01010,KAMAHOLD,EQ,,,,,KAMA HOLDINGS LTD.,2263.0,2273.9,2225.0,2229.3,2233.0,2263.0,,2229.6,,,1180,2646431.6,356,F1,1,,,,,
2026-10-05,2026-10-05,CM,NSE,STK,24932,INE0URU01010,GLOBALE,EQ,,,,,GLOBALE TESSILE LIMITED,10.72,10.72,10.08,10.3,10.3,10.57,,10.24,,,1175,12077.13,23,F1,1,,,,,
2026-10-05,2026-10-05,CM,NSE,STK,764738,INE344D01018,KAMANWALA,EQ,,,,,KAMANWALA HOUSING CONST L,16.31,17.35,16.31,16.6,16.6,17.14,,16.55,,,1172,19432.84,13,F1,1,,,,,
2026-10-05,2026-10-05,CM,NSE,STK,4444,INE979B01015,HAWKINCOOK,EQ,,,,,HAWKINS COOKERS LTD,8080.0,8120.0,7905.5,7977.0,7960.0,8026.0,,7977.57,,,1141,9093795.0,598,F1,1,,,,,
2026-10-05,2026-10-05,CM,NSE,STK,762653,INE280B01018,ELANTAS,EQ,,,,,ELANTAS BECK INDIA LTD.,13599.0,13600.0,13118.0,13214.0,13317.0,13474.0,,13213.96,,,1139,15177283.0,690,F1,1,,,,,
2026-10-05,2026-10-05,CM,NSE,STK,21399,INE335W01016,GANGESSECU,EQ,,,,,GANGES SECURITIES LIMITED,115.69,115.69,112.42,112.86,112.42,113.99,,112.86,,,1102,124739.94,22,F1,1,,,,,
2026-10-05,2026-10-05,CM,NSE,STK,17270,INE991I01015,ASPINWALL,EQ,,,,,ASPINWALL & CO LTD,242.1,248.4,237.01,238.35,238.0,240.1,,238.35,,,1086,258886.4,50,F1,1,,,,,
2026-10-05,2026-10-05,CM,NSE,STK,762573,INE213D01015,BEEKAY,EQ,,,,,BEEKAY STEEL INDS. LTD.,435.05,443.55,424.0,426.9,424.0,435.4,,428.53,,,1073,464508.35,79,F1,1,,,,,
2026-10-05,2026-10-05,CM,NSE,STK,19036,INE371C01013,PODDARMENT,EQ,,,,,PODDAR PIGMENTS LIMITED,254.05,264.0,251.0,251.95,255.5,253.65,,251.95,,,1070,273780.85,67,F1,1,,,,,
2026-10-05,2026-10-05,CM,NSE,STK,13658,INE916G01016,GEECEE,EQ,,,,,GEECEE VENTURES LIMITED,373.3,385.0,365.2,365.9,365.2,373.3,,365.9,,,1069,395961.8,60,F1,1,,,,,
2026-10-05,2026-10-05,CM,NSE,STK,764643,INE084D01010,CGVAK,EQ,,,,,C G V A K SOFTWARE & EX L,158.99,158.99,145.11,147.99,147.99,147.24,,148.7,,,1065,159249.78,48,F1,1,,,,,
2026-10-05,2026-10-05,CM,NSE,STK,764558,INE451C01013,ACGL,EQ,,,,,AUTOMOBILE CORPN OF GOA L,1674.4,1689.6,1636.6,1683.0,1675.0,1622.7,,1681.22,,,1051,1749937.0,176,F1,1,,,,,
2026-10-05,2026-10-05,CM,NSE,STK,764703,INE400G01011,HRYNSHP,EQ,,,,,HARIYANA SHIP BREAKERS L,108.0,108.0,92.2,96.65,95.82,97.98,,95.85,,,1040,103056.65,103,F1,1,,,,,
2026-10-05,2026-10-05,CM,NSE,STK,24966,INE713C01016,SURAJLTD,EQ,,,,,SURAJ LIMITED,193.5,195.02,191.25,191.5,193.0,193.51,,191.67,,,1033,199884.2,17,F1,1,,,,,
2026-10-05,2026-10-05,CM,NSE,STK,21119,INE029L01018,KICL,EQ,,,,,KALYANI INVEST CO LTD,4635.0,4774.0,4635.0,4709.8,4700.5,4693.2,,4709.8,,,1022,4807097.1,214,F1,1,,,,,
2026-10-05,2026-10-05,CM,NSE,STK,19438,INE926K01017,AHLEAST,EQ,,,,,ASIAN HOTELS (EAST) LTD,134.05,136.9,134.0,135.31,136.69,136.0,,135.39,,,1013,137989.39,40,F1,1,,,,,
2026-10-05,2026-10-05,CM,NSE,STK,764698,INE074C01013,HINDADH,EQ,,,,,HINDUSTAN ADHESIVES LTD.,392.0,392.0,382.05,384.5,387.35,384.0,,384.66,,,1008,388299.35,80,F1,1,,,,,
2026-10-05,2026-10-05,CM,NSE,STK,15157,INE508K01013,RHL,EQ,,,,,ROBUST HOTELS LIMITED,165.0,169.0,161.0,164.8,164.8,162.92,,164.8,,,1002,164096.16,26,F1,1,,,,,
2026-10-05,2026-10-05,CM,NSE,STK,764833,INE383L01019,PARNAXLAB,EQ,,,,,PARNAX LAB LTD.,113.0,117.9,111.12,113.23,112.5,113.14,,113.31,,,972,111138.31,24,F1,1,,,,,
2026-10-05,2026-10-05,CM,NSE,STK,3912,INE731C01018,KHAITANLTD,EQ,,,,,KHAITAN (INDIA)LTD.,146.46,148.97,142.4,144.31,146.0,147.19,,144.31,,,970,141255.74,53,F1,1,,,,,
2026-10-05,2026-10-05,CM,NSE,STK,764378,INF754K01XH9,EBANK10,EQ,,,,,EDELAMC - EBANK10,16.19,16.19,16.05,16.05,16.05,16.19,,16.1,,,957,15420.5,14,F1,1,,,,,
2026-10-05,2026-10-05,CM,NSE,STK,764900,INE960E01019,SHIVAAGRO,EQ,,,,,SHIVA GLOBAL AGRO INDS. L,39.0,39.0,38.4,38.7,38.7,39.22,,38.7,,,949,36553.4,19,F1,1,,,,,
2026-10-05,2026-10-05,CM,NSE,STK,18644,INE591D01014,DIAMINESQ,EQ,,,,,DIAMINES & CHEMICALS LTD,236.31,241.45,235.0,237.97,237.02,236.31,,237.97,,,914,216380.92,82,F1,1,,,,,
2026-10-05,2026-10-05,CM,NSE,STK,6543,INE137I01015,GRPLTD,EQ,,,,,GRP LIMITED,1895.5,1911.9,1850.0,1868.9,1864.1,1895.0,,1869.99,,,911,1714819.4,143,F1,1,,,,,
2026-10-05,2026-10-05,CM,NSE,STK,765252,INE761Q01015,VGCL,EQ,,,,,VIBRANT GLOBAL CAPITAL L,45.65,48.37,45.65,48.02,48.02,47.89,,48.8,,,906,42395.78,51,F1,1,,,,,
2026-10-05,2026-10-05,CM,NSE,STK,765170,INE205F01016,STLSTRINF,EQ,,,,,STEEL STRIPS INFRA L,22.99,22.99,21.25,22.1,21.25,21.52,,22.1,,,904,20129.27,38,F1,1,,,,,
2026-10-05,2026-10-05,CM,NSE,STK,764563,INE757C01021,ADDIND,EQ,,,,,ADDI INDUSTRIES LTD.,76.4,81.95,70.0,79.49,79.0,76.4,,79.15,,,901,66636.26,34,F1,1,,,,,
2026-10-05,2026-10-05,CM,NSE,STK,11743,INE796G01012,JINDALPHOT,EQ,,,,,JINDAL PHOTO LIMITED,1020.4,1059.7,1020.4,1024.7,1022.0,1031.8,,1024.88,,,875,899872.9,168,F1,1,,,,,
2026-10-05,2026-10-05,CM,NSE,STK,6141,INE697V01011,PANSARI,EQ,,,,,PANSARI DEVELOPERS LTD,260.0,264.0,250.6,254.3,250.6,260.0,,254.3,,,853,220068.15,32,F1,1,,,,,
2026-10-05,2026-10-05,CM,NSE,STK,764723,INE478D01014,ITL,EQ,,,,,ITL INDUSTRIES LTD.,356.6,356.6,343.05,355.4,356.6,348.0,,348.75,,,827,288178.25,60,F1,1,,,,,
2026-10-05,2026-10-05,CM,NSE,STK,4176,INE058B01018,ZENITHEXPO,EQ,,,,,ZENITH EXPORTS LTD,195.01,195.01,192.89,194.9,194.9,203.04,,194.9,,,823,159483.5,45,F1,1,,,,,
2026-10-05,2026-10-05,CM,NSE,STK,764773,INE987A01010,MAKERSL,EQ,,,,,MAKERS LABORATORIES LTD.,180.5,187.49,175.0,177.4,179.95,183.5,,178.81,,,822,148522.35,46,F1,1,,,,,
2026-10-05,2026-10-05,CM,NSE,STK,762797,INE085D01033,METROGLOBL,EQ,,,,,METROGLOBAL LTD.,134.8,134.8,130.01,132.97,133.0,131.52,,132.97,,,821,108460.99,36,F1,1,,,,,
2026-10-05,2026-10-05,CM,NSE,STK,764875,INE327G01032,SAYAJIIND,EQ,,,,,SAYAJI INDUSTRIES LTD.,118.95,120.0,118.95,120.0,120.0,119.5,,115.05,,,806,96174.11,6,F1,1,,,,,
2026-10-05,2026-10-05,CM,NSE,STK,18783,INF194KA1U07,IDFNIFTYET,EQ,,,,,BANDHANAMC - IDFNIFTYET,247.02,252.0,244.13,249.7,250.0,247.02,,249.7,,,798,198713.33,84,F1,1,,,,,
2026-10-05,2026-10-05,CM,NSE,STK,347,INE655B01011,BANARBEADS,EQ,,,,,BANARAS BEADS LTD,116.25,119.98,115.01,115.04,115.05,116.0,,115.04,,,776,89903.0,42,F1,1,,,,,
2026-10-05,2026-10-05,CM,NSE,STK,764895,INE960A01017,SHILGRAVQ,EQ,,,,,SHILP GRAVURES LTD.,137.65,148.1,137.0,142.87,139.1,139.35,,141.31,,,773,107323.37,60,F1,1,,,,,
2026-10-05,2026-10-05,CM,NSE,STK,762737,INE081G01019,KANCHI,EQ,,,,,KANCHI KARPOORAM LTD.,379.85,385.1,367.7,378.7,379.0,379.8,,378.61,,,772,289846.05,96,F1,1,,,,,
2026-10-05,2026-10-05,CM,NSE,STK,9305,INE992I01013,STARTECK,EQ,,,,,STARTECK FINANCE LIMITED,298.0,302.95,265.7,275.45,276.7,290.95,,273.87,,,769,216705.25,122,F1,1,,,,,
2026-10-05,2026-10-05,CM,NSE,STK,765150,INE914G01029,POLYSPIN,EQ,,,,,POLYSPIN EXPORTS LTD.,28.0,32.36,28.0,28.87,28.87,29.5,,28.87,,,766,22112.4,29,F1,1,,,,,
2026-10-05,2026-10-05,CM,NSE,STK,15121,INE00CE01017,SVLL,EQ,,,,,SHREE VASU LOGISTICS LTD,786.75,859.95,786.75,822.2,834.4,786.75,,822.2,,,763,621355.0,91,F1,1,,,,,
2026-10-05,2026-10-05,CM,NSE,STK,6156,INE738V01013,ARTNIRMAN,EQ,,,,,ART NIRMAN LIMITED,38.16,39.88,38.16,38.49,39.79,40.0,,38.49,,,754,29127.41,21,F1,1,,,,,
2026-10-05,2026-10-05,CM,NSE,STK,20092,INE488B01017,TASTYBITE,EQ,,,,,TASTY BITE EATABLES LTD,9415.0,9509.0,9300.0,9377.5,9509.0,9453.5,,9372.4,,,753,7065089.0,363,F1,1,,,,,
2026-10-05,2026-10-05,CM,NSE,STK,764367,INF754K01XI7,ELMDIV,EQ,,,,,EDELAMC - ELMDIV,35.41,35.41,33.63,34.39,34.39,34.72,,34.43,,,742,25519.79,24,F1,1,,,,,
2026-10-05,2026-10-05,CM,NSE,STK,22524,INF789F1AZF3,GILT10BETA,EQ,,,,,UTIAMC-GILT10BETA,25.9,26.64,25.9,26.59,26.63,25.99,,26.59,,,735,19285.59,25,F1,1,,,,,
2026-10-05,2026-10-05,CM,NSE,STK,12978,INF277K010X4,NPBET,EQ,,,,,TATAAML - NPBET,277.6,282.6,276.1,276.1,276.1,277.6,,276.1,,,730,203228.24,45,F1,1,,,,,
2026-10-05,2026-10-05,CM,NSE,STK,764910,INE564J01026,SHRJAGP,EQ,,,,,SHRI JAGDAMBA POLYMERS L,684.0,708.9,680.0,685.0,685.0,673.0,,688.58,,,716,497919.25,87,F1,1,,,,,
2026-10-05,2026-10-05,CM,NSE,STK,762782,INE435D01014,MCCHRLS-B,EQ,,,,,MAC CHARLES (INDIA) LTD.,695.0,695.0,645.0,683.15,670.0,690.0,,676.93,,,713,475473.2,50,F1,1,,,,,
2026-10-05,2026-10-05,CM,NSE,STK,1923,INE658T01017,WEALTH,EQ,,,,,WEALTH FRST PORT. MG. LTD,900.0,913.0,851.5,864.0,866.0,889.95,,864.81,,,705,626644.75,132,F1,1,,,,,
2026-10-05,2026-10-05,CM,NSE,STK,24847,INF209KC1142,GSEC10ABSL,EQ,,,,,BIRLASLAMC - GSEC10ABSL,111.61,111.61,111.29,111.29,111.29,111.79,,111.29,,,698,77708.9,6,F1,1,,,,,
2026-10-05,2026-10-05,CM,NSE,STK,757431,INF247L01FO5,MOPSE,EQ,,,,,MOTILALAMC - MOPSE,95.22,95.22,94.29,94.95,94.95,94.75,,94.95,,,698,65955.94,15,F1,1,,,,,
2026-10-05,2026-10-05,CM,NSE,STK,762939,INE314H01012,TECHNVISN,EQ,,,,,TECHNVISION VENTURES LTD.,3763.5,3879.7,3575.4,3821.9,3780.1,3763.5,,3824.63,,,697,2511755.3,157,F1,1,,,,,
2026-10-05,2026-10-05,CM,NSE,STK,10717,INE289C01025,TEAMGTY,EQ,,,,,TEAM INDIA GUARANTY LTD,241.95,241.97,235.0,236.15,235.0,235.1,,235.58,,,634,150401.43,16,F1,1,,,,,
2026-10-05,2026-10-05,CM,NSE,STK,759719,INF666M01MV5,GROWWMC150,EQ,,,,,GROWWAMC - GROWWMC150,217.92,220.1,214.0,218.98,219.0,217.92,,218.98,,,629,137250.33,69,F1,1,,,,,
2026-10-05,2026-10-05,CM,NSE,STK,8953,INE668G01021,ELDEHSG,EQ,,,,,ELDECO HSG & IND LTD.,782.25,788.0,766.3,773.55,786.0,782.25,,773.55,,,629,490387.45,53,F1,1,,,,,
2026-10-05,2026-10-05,CM,NSE,STK,762538,INE701G01012,AKCAPIT,EQ,,,,,A K CAPITAL SERVICES LTD.,1700.0,1748.6,1700.0,1746.7,1748.0,1714.1,,1746.7,,,598,1037919.2,52,F1,1,,,,,
2026-10-05,2026-10-05,CM,NSE,STK,22233,INE320L01011,DHUNINV,EQ,,,,,DHUNSERI INVESTMENTS LTD,962.5,996.0,960.0,972.1,973.0,967.3,,972.1,,,562,550602.8,76,F1,1,,,,,
2026-10-05,2026-10-05,CM,NSE,STK,350,INE459A01010,BANARISUG,EQ,,,,,BANNARI AMMAN SUGARS LTD,3327.5,3342.0,3272.2,3296.8,3278.6,3300.5,,3296.8,,,558,1844686.5,150,F1,1,,,,,
2026-10-05,2026-10-05,CM,NSE,STK,764783,INE829S01016,MSL,EQ,,,,,MANGALAM SEEDS LTD.,144.0,150.9,140.0,148.45,150.9,144.99,,148.8,,,522,76197.1,40,F1,1,,,,,
2026-10-05,2026-10-05,CM,NSE,STK,764588,INE484D01012,AMARJOTHI,EQ,,,,,AMARJOTHI SPINNING MILL L,151.0,151.5,146.5,146.5,146.5,150.0,,146.5,,,510,75657.17,42,F1,1,,,,,
2026-10-05,2026-10-05,CM,NSE,STK,2988,INE583B01015,SANDESH,EQ,,,,,SANDESH LTD,991.55,1022.0,990.0,1013.95,1000.1,990.05,,1013.71,,,496,500090.75,110,F1,1,,,,,
2026-10-05,2026-10-05,CM,NSE,STK,18371,INE756C01015,NDGL,EQ,,,,,NAGA DHUNSERI GROUP LTD,2422.0,2430.0,2330.0,2354.3,2350.0,2411.0,,2354.3,,,492,1173571.5,95,F1,1,,,,,
2026-10-05,2026-10-05,CM,NSE,STK,762762,INE515C01023,LAHOTIOV,EQ,,,,,LAHOTI OVERSEAS LTD.,38.95,40.0,38.9,39.98,40.0,39.26,,39.98,,,479,18769.62,10,F1,1,,,,,
2026-10-05,2026-10-05,CM,NSE,STK,762528,INE850B01026,ABMKNO,EQ,,,,,A B M KNOWLEDGEWARE LTD.,176.0,176.0,165.2,165.85,165.25,168.07,,165.85,,,461,77262.04,32,F1,1,,,,,
2026-10-05,2026-10-05,CM,NSE,STK,19111,INE365I01020,NBIFIN,EQ,,,,,N.B.I. IND. FIN. CO. LTD,1855.2,1855.2,1815.0,1819.0,1816.5,1857.9,,1819.0,,,458,837317.5,90,F1,1,,,,,
2026-10-05,2026-10-05,CM,NSE,STK,1811,INE437B01014,KAKATCEM,EQ,,,,,KAKATIYA CEM SUGAR &IND L,103.01,105.9,103.01,104.79,104.8,103.09,,104.79,,,458,47772.84,35,F1,1,,,,,
2026-10-05,2026-10-05,CM,NSE,STK,765330,INF205KA1CB9,IVZBANKNF,EQ,,,,,RELIGARAMC - IVZBANKNF,55.13,55.14,54.23,54.57,54.57,54.5,,54.57,,,431,23565.3,9,F1,1,,,,,
2026-10-05,2026-10-05,CM,NSE,STK,15229,INF767K01PC8,LICNFNHGP,EQ,,,,,LICNAMC - LICNFNHGP,266.55,266.65,256.6,261.09,266.65,265.23,,260.71,,,427,111078.18,40,F1,1,,,,,
2026-10-05,2026-10-05,CM,NSE,STK,762859,INE296E01026,RAJPALAYAM,EQ,,,,,RAJAPALAYAM MILLS LTD.,715.0,750.0,715.0,734.35,732.0,738.0,,734.35,,,410,300066.9,50,F1,1,,,,,
2026-10-05,2026-10-05,CM,NSE,STK,17062,INE218G01033,PALREDTEC,EQ,,,,,PALRED TECHNOLOGIES LTD,41.78,43.74,41.0,43.67,43.67,41.77,,43.76,,,407,16983.14,13,F1,1,,,,,
2026-10-05,2026-10-05,CM,NSE,STK,760247,INF209KC1670,ABSL10BANK,EQ,,,,,BIRLASLAMC - ABSL10BANK,163.01,163.01,161.28,162.01,162.44,162.3,,162.01,,,392,63718.79,17,F1,1,,,,,
2026-10-05,2026-10-05,CM,NSE,STK,765145,INE501F01018,PBMPOLY,EQ,,,,,P B M POLYTEX LTD.,60.32,60.32,57.0,58.02,57.02,58.85,,58.58,,,390,22828.64,23,F1,1,,,,,
2026-10-05,2026-10-05,CM,NSE,STK,17351,INE498E01010,SALONA,EQ,,,,,SALONA COTSPIN LTD.,254.8,274.7,254.8,268.25,268.75,254.35,,268.24,,,388,102088.85,41,F1,1,,,,,
2026-10-05,2026-10-05,CM,NSE,STK,9879,INE974B01016,CHEVIOT,EQ,,,,,CHEVIOT COMPANY LIMITED,1172.0,1174.5,1160.1,1165.7,1167.0,1167.0,,1165.52,,,386,450728.4,90,F1,1,,,,,
2026-10-05,2026-10-05,CM,NSE,STK,3247,INE439T01012,NITIRAJ,EQ,,,,,NITIRAJ ENGINEERS LTD,205.0,205.0,200.31,202.14,202.0,200.9,,202.14,,,353,71669.16,25,F1,1,,,,,
2026-10-05,2026-10-05,CM,NSE,STK,11796,INE05X901010,HPIL,EQ,,,,,HINDPRAKASH INDUSTRY LTD,113.5,114.8,105.65,110.64,109.22,114.44,,110.64,,,347,38438.94,41,F1,1,,,,,
2026-10-05,2026-10-05,CM,NSE,STK,762879,INE318C01014,SAYAJIHOTL,EQ,,,,,SAYAJI HOTELS LTD.,328.6,328.95,302.0,306.5,306.5,304.0,,306.5,,,335,105762.35,14,F1,1,,,,,
2026-10-05,2026-10-05,CM,NSE,STK,181,INE610C01014,ARENTERP,EQ,,,,,RAJDARSHAN INDUSTRIES LTD,33.79,33.79,33.79,33.79,33.79,33.79,,33.79,,,330,11150.7,4,F1,1,,,,,
2026-10-05,2026-10-05,CM,NSE,STK,11961,INE617A01013,SEMAC,EQ,,,,,SEMAC CONSTRUCTION LTD,242.4,242.4,237.0,239.04,239.04,241.99,,242.5,,,321,77479.12,32,F1,1,,,,,
2026-10-05,2026-10-05,CM,NSE,STK,765010,INE290E01011,YOGI,EQ,,,,,YOGI LTD.,162.85,162.85,158.0,160.0,160.0,159.35,,160.01,,,320,50928.84,9,F1,1,,,,,
2026-10-05,2026-10-05,CM,NSE,STK,2229,INE832A01018,MODIRUBBER,EQ,,,,,MODI RUBBER LTD,122.11,122.11,118.2,121.85,122.0,119.72,,121.85,,,318,38301.63,20,F1,1,,,,,
2026-10-05,2026-10-05,CM,NSE,STK,765327,INF205KA1CA1,IVZSENSEX,EQ,,,,,RELIGARAMC - IVZSENSEX,72.87,72.87,72.0,72.45,72.45,71.97,,72.25,,,303,21971.44,11,F1,1,,,,,
2026-10-05,2026-10-05,CM,NSE,STK,765080,INE638B01025,HBPOR,EQ,,,,,HB PORTFOLIO LTD.,56.6,63.98,56.6,61.3,61.3,59.83,,61.5,,,292,17241.26,20,F1,1,,,,,
2026-10-05,2026-10-05,CM,NSE,STK,764793,INE653C01022,NICCOPAR,EQ,,,,,NICCO PARKS & RESORTS LTD,82.65,82.65,80.0,80.1,80.0,79.5,,80.18,,,277,22266.6,18,F1,1,,,,,
2026-10-05,2026-10-05,CM,NSE,STK,764598,INE372M01010,ARCL,EQ,,,,,ARCL ORGANICS LTD.,233.0,238.9,227.27,235.0,235.0,229.81,,229.13,,,276,65147.77,21,F1,1,,,,,
2026-10-05,2026-10-05,CM,NSE,STK,23590,INE350Z01018,GLOSTERLTD,EQ,,,,,GLOSTER LIMITED,539.0,546.0,539.0,542.5,541.0,539.0,,542.5,,,270,146292.25,38,F1,1,,,,,
2026-10-05,2026-10-05,CM,NSE,STK,762553,INE194D01017,ASTAR,EQ,,,,,ASIAN STAR CO. LTD.,714.0,714.0,630.0,644.05,632.0,664.5,,653.13,,,254,163898.4,77,F1,1,,,,,
2026-10-05,2026-10-05,CM,NSE,STK,764850,INE0AK901016,RRECL,EQ,,,,,RDB REAL ESTATE CONS L,130.0,135.0,130.0,134.62,135.0,131.46,,133.47,,,252,33312.2,10,F1,1,,,,,
2026-10-05,2026-10-05,CM,NSE,STK,765000,INE285C01015,VOITHPAPR,EQ,,,,,VOITH PAPER FABRICS IND L,1416.0,1448.0,1392.3,1437.2,1440.1,1407.3,,1437.2,,,245,349127.6,47,F1,1,,,,,
2026-10-05,2026-10-05,CM,NSE,STK,764648,INE823B01015,COMPEAU,EQ,,,,,COMPETENT AUTOMOB CO. L,380.0,380.0,344.2,349.3,359.95,362.45,,349.83,,,240,83893.1,32,F1,1,,,,,
2026-10-05,2026-10-05,CM,NSE,STK,763540,INF754K01XF3,ENEXT50,EQ,,,,,EDELAMC - ENEXT50,69.66,69.66,68.95,69.21,69.21,68.98,,69.21,,,235,16263.65,11,F1,1,,,,,
2026-10-05,2026-10-05,CM,NSE,STK,764865,INE531X01018,SAICAPI,EQ,,,,,SAI CAPITAL LTD.,155.0,155.0,147.1,155.0,155.0,155.0,,153.1,,,232,34969.0,13,F1,1,,,,,
2026-10-05,2026-10-05,CM,NSE,STK,765180,INE671C01016,SUNLOC,EQ,,,,,SUNIL HEALTHCARE LTD.,73.9,73.9,66.01,68.0,67.66,70.1,,67.33,,,221,15019.28,15,F1,1,,,,,
2026-10-05,2026-10-05,CM,NSE,STK,762924,INE132C01027,SURYALA,EQ,,,,,SURYALATA SPINNING MILL L,377.5,379.85,376.2,377.15,376.2,377.5,,377.17,,,220,83114.2,12,F1,1,,,,,
2026-10-05,2026-10-05,CM,NSE,STK,3147,INE843L01012,SIEL,EQ,,,,,SUPERIOR INDUSTRIAL ENT L,31.0,31.0,30.05,31.0,31.0,30.46,,31.04,,,209,6467.13,10,F1,1,,,,,
2026-10-05,2026-10-05,CM,NSE,STK,4157,INE681C01015,KEYFINSERV,EQ,,,,,KEYNOTE FIN SERV LTD.,244.05,244.05,237.01,237.01,237.01,244.05,,238.0,,,205,49473.25,4,F1,1,,,,,
2026-10-05,2026-10-05,CM,NSE,STK,762849,INE001E01012,PREMCO,EQ,,,,,PREMCO GLOBAL LTD.,399.95,399.95,394.1,398.8,398.7,399.95,,394.71,,,196,77692.0,26,F1,1,,,,,
2026-10-05,2026-10-05,CM,NSE,STK,22488,INF789F1AZD8,ITBETA,EQ,,,,,UTIAMC-ITBETA,297.27,303.0,297.24,297.84,297.6,297.27,,297.84,,,196,58558.51,23,F1,1,,,,,
2026-10-05,2026-10-05,CM,NSE,STK,759995,INF754K01VY8,ESENSEX,EQ,,,,,EDELAMC - ESENSEX,73.26,73.8,72.6,73.41,73.8,72.6,,73.7,,,179,13041.55,34,F1,1,,,,,
2026-10-05,2026-10-05,CM,NSE,STK,10590,INE970D01010,LOYALTEX,EQ,,,,,LOYAL TEXTILE MILLS LTD,207.5,207.5,206.5,206.5,206.5,207.5,,206.5,,,116,23969.0,8,F1,1,,,,,
2026-10-05,2026-10-05,CM,NSE,STK,765090,INE398L01017,KANCOTEA,EQ,,,,,KANCO TEA & INDS. LTD.,51.4,52.95,48.6,51.69,52.94,53.0,,51.75,,,111,5672.54,9,F1,1,,,,,
2026-10-05,2026-10-05,CM,NSE,STK,764618,INE664D01019,BENARAS,EQ,,,,,BENARES HOTELS LTD.,10201.0,10250.0,10063.0,10166.0,10200.0,10249.0,,10183.0,,,109,1107961.0,39,F1,1,,,,,
2026-10-05,2026-10-05,CM,NSE,STK,3748,INE080A01014,WEIZMANIND,EQ,,,,,WEIZMANN LTD,70.35,72.73,68.5,69.4,69.4,71.45,,68.69,,,100,7075.28,28,F1,1,,,,,
2026-10-05,2026-10-05,CM,NSE,STK,764915,INE167H01014,SIMPLXREA,EQ,,,,,SIMPLEX REALTY LTD.,124.0,129.0,117.36,117.43,117.36,123.5,,117.43,,,99,12737.86,7,F1,1,,,,,
2026-10-05,2026-10-05,CM,NSE,STK,762643,INE131C01011,DISAQ,EQ,,,,,DISA INDIA LTD.,11395.0,11740.0,11250.0,11487.0,11365.0,11249.0,,11487.0,,,95,1101067.0,28,F1,1,,,,,
2026-10-05,2026-10-05,CM,NSE,STK,764870,INE304D01012,SAMBANDAM,EQ,,,,,SAMBANDAM SPINNING MILL L,107.1,107.1,102.15,102.15,102.15,107.1,,102.15,,,93,9796.53,6,F1,1,,,,,
2026-10-05,2026-10-05,CM,NSE,STK,765005,INE855A01019,WHBRADY,EQ,,,,,W H BRADY & CO. LTD.,488.0,488.0,456.3,464.4,456.3,465.05,,464.14,,,93,44190.15,20,F1,1,,,,,
2026-10-05,2026-10-05,CM,NSE,STK,765210,INE574G01013,VASUPRADA,EQ,,,,,SHRI VASUPRADA PLANTATI L,96.0,96.25,96.0,96.25,96.25,95.52,,96.25,,,93,8928.75,2,F1,1,,,,,
2026-10-05,2026-10-05,CM,NSE,STK,762834,INE291E01019,PML,EQ,,,,,PAUL MERCHANTS LTD.,479.6,493.95,473.0,486.95,480.0,472.65,,486.99,,,92,44645.55,8,F1,1,,,,,
2026-10-05,2026-10-05,CM,NSE,STK,18727,INE885F01015,MASKINVEST,EQ,,,,,MASK INVESTMENTS LIMITED,149.9,149.9,142.37,142.37,142.37,143.41,,142.37,,,83,11924.82,12,F1,1,,,,,
2026-10-05,2026-10-05,CM,NSE,STK,762588,INE469A01019,BIMETAL,EQ,,,,,BIMETAL BEARINGS LTD.,640.0,641.0,640.0,640.0,640.0,640.0,,640.0,,,69,44161.0,7,F1,1,,,,,
2026-10-05,2026-10-05,CM,NSE,STK,764890,INE011D01013,SHERVANI,EQ,,,,,SHERVANI INDUSTRIAL SYN L,315.0,315.05,299.25,315.0,315.0,335.0,,335.0,,,64,20077.6,7,F1,1,,,,,
2026-10-05,2026-10-05,CM,NSE,STK,762949,INE403F01017,THAKDEV,EQ,,,,,THAKKERS DEVELOPERS LTD.,128.74,135.06,128.74,135.06,135.06,128.74,,135.06,,,63,8261.32,10,F1,1,,,,,
2026-10-05,2026-10-05,CM,NSE,STK,24404,INF209KC1134,ABGSEC,EQ,,,,,BIRLASLAMC - ABGSEC,112.44,113.53,112.44,113.53,113.53,113.58,,113.31,,,55,6227.76,10,F1,1,,,,,
2026-10-05,2026-10-05,CM,NSE,STK,764653,INE145E01017,CRAVATEX,EQ,,,,,CRAVATEX LTD.,365.0,365.0,336.1,339.2,339.0,349.0,,338.93,,,42,14809.2,15,F1,1,,,,,
2026-10-05,2026-10-05,CM,NSE,STK,764985,INE362D01010,VIJSOLX,EQ,,,,,VIJAY SOLVEX LTD.,625.05,644.8,625.05,636.95,636.95,623.3,,636.95,,,33,20796.2,11,F1,1,,,,,
2026-10-05,2026-10-05,CM,NSE,STK,764743,INE533C01018,KJMCFIN,EQ,,,,,K J M C FINANCIAL SERV L,58.09,61.0,57.51,58.25,58.25,58.38,,58.25,,,32,1862.09,10,F1,1,,,,,
2026-10-05,2026-10-05,CM,NSE,STK,765310,INF740KA1ZI7,GSEC10ADD,EQ,,,,,DSPAMC - GSEC10ADD,26.3,26.3,26.15,26.15,26.15,26.54,,26.15,,,31,810.8,3,F1,1,,,,,
2026-10-05,2026-10-05,CM,NSE,STK,762985,INE967G01019,ZSARACOM,EQ,,,,,SARASWATI COMM (INDIA) L,10000.0,10000.0,9605.0,9787.0,9850.0,10017.0,,9787.0,,,29,283724.0,20,F1,1,,,,,
2026-10-05,2026-10-05,CM,NSE,STK,762717,INE620D01011,INDPRUD,EQ,,,,,INDUSTRIAL & PRU INV CO L,6305.0,6350.0,6290.0,6350.0,6350.0,6255.5,,6350.0,,,27,170125.0,7,F1,1,,,,,
2026-10-05,2026-10-05,CM,NSE,STK,764573,INE782D01027,ALFREDHE,EQ,,,,,ALFRED HERBERT INDIA L,2820.0,2820.0,2748.0,2748.0,2748.0,2823.0,,2749.16,,,22,60900.5,11,F1,1,,,,,
2026-10-05,2026-10-05,CM,NSE,STK,764763,INE938C01019,LAKSHMIMIL,EQ,,,,,LAKSHMI MILLS CO. LTD.,7917.5,7996.5,7505.0,7855.0,7855.0,7819.5,,7871.93,,,17,133555.5,13,F1,1,,,,,
2026-10-05,2026-10-05,CM,NSE,STK,17770,INE646C01018,GROBTEA,EQ,,,,,THE GROB TEA COMPANY LTD,879.0,879.0,872.0,872.8,872.0,878.5,,872.8,,,10,8759.0,3,F1,1,,,,,
2026-10-05,2026-10-05,CM,NSE,STK,764975,INE693D01018,VADILENT,EQ,,,,,VADILAL ENTERPRISES LTD.,9960.0,9960.0,9860.0,9860.0,9860.0,9910.0,,9860.0,,,9,89180.0,9,F1,1,,,,,
2026-10-05,2026-10-05,CM,NSE,STK,764788,INE596B01017,MUKESHB,EQ,,,,,MUKESH BABU FINANC SER L,128.0,128.0,128.0,128.0,128.0,128.8,,128.0,,,9,1152.0,1,F1,1,,,,,
2026-10-05,2026-10-05,CM,NSE,STK,762812,INE605D01012,NEAGI,EQ,,,,,NEELAMALAI AGRO INDS. L,3292.9,3292.9,3292.9,3292.9,3292.9,3309.4,,3299.43,,,5,16464.5,2,F1,1,,,,,
2026-10-05,2026-10-05,CM,NSE,STK,762658,INE927X01018,ELCIDIN,EQ,,,,,ELCID INVESTMENTS LTD.,102155.0,102155.0,100500.0,102000.0,102000.0,102155.0,,102000.0,,,5,508655.0,5,F1,1,,,,,
2026-10-05,2026-10-05,CM,NSE,STK,764950,INE390D01011,TERAI,EQ,,,,,TERAI TEA CO. LTD.,116.0,116.0,116.0,116.0,116.0,116.75,,123.0,,,1,116.0,1,F1,1,,,,,
2026-10-05,2026-10-05,CM,NSE,STK,381,INE129Z01016,SINTERCOM,EQ,,,,,SINTERCOM INDIA LIMITED,75.9,75.9,75.9,75.9,75.9,75.87,,75.9,,,1,75.9,1,F1,1,,,,,
