TradDt,BizDt,Sgmt,Src,FinInstrmTp,FinInstrmId,ISIN,TckrSymb,SctySrs,XpryDt,FininstrmActlXpryDt,StrkPric,OptnTp,FinInstrmNm,OpnPric,HghPric,LwPric,ClsPric,LastPric,PrvsClsgPric,UndrlygPric,SttlmPric,OpnIntrst,ChngInOpnIntrst,TtlTradgVol,TtlTrfVal,TtlNbOfTxsExctd,SsnId,NewBrdLotQty,Rmks,Rsvd1,Rsvd2,Rsvd3,Rsvd4
2026-08-27,2026-08-27,CM,NSE,STK,14366,INE669E01016,IDEA,EQ,,,,,VODAFONE IDEA LIMITED,15.12,15.26,14.91,14.97,14.97,15.06,,14.97,,,430678395,6470787299.71,450734,F1,1,,,,,
2026-08-27,2026-08-27,CM,NSE,STK,29124,INE785M01021,PCJEWELLER,EQ,,,,,PC JEWELLER LTD,11.17,11.32,10.92,11.01,10.96,11.23,,11.01,,,332871058,3696340887.69,90437,F1,1,,,,,
2026-08-27,2026-08-27,CM,NSE,STK,1375,INE549A01026,HCC,EQ,,,,,HINDUSTAN CONSTRUCTION CO,24.11,26.03,24.11,25.1,25.2,23.88,,25.1,,,202003226,5113084500.52,196562,F1,1,,,,,
2026-08-27,2026-08-27,CM,NSE,STK,7835,INE02WG01024,WEL,EQ,,,,,WONDER ELECTRICALS LTD,157.5,179.2,124.74,124.74,124.74,155.92,,124.74,,,129566541,19443883496.52,566211,F1,1,,,,,
2026-08-27,2026-08-27,CM,NSE,STK,750368,INE704J01044,VOGL,EQ,,,,,VEDANTA OIL AND GAS LTD,41.89,43.3,41.27,41.98,41.79,41.21,,41.98,,,100784349,4261199111.28,148082,F1,1,,,,,
2026-08-27,2026-08-27,CM,NSE,STK,14180,INE0NNS01018,NSLNISP,EQ,,,,,NMDC STEEL LIMITED,41.44,45.48,41.19,44.99,45.07,41.44,,44.99,,,86668492,3858492635.19,169917,F1,1,,,,,
2026-08-27,2026-08-27,CM,NSE,STK,17388,INE814H01029,ADANIPOWER,EQ,,,,,ADANI POWER LTD,209.15,217.4,207.3,215.0,215.0,207.2,,215.0,,,70024737,14895004327.07,218917,F1,1,,,,,
2026-08-27,2026-08-27,CM,NSE,STK,21428,INF277KA1984,TATSILV,EQ,,,,,TATAAML-TATSILV,23.94,23.94,22.71,22.97,22.95,23.36,,22.97,,,63551214,1460018741.71,48617,F1,1,,,,,
2026-08-27,2026-08-27,CM,NSE,STK,17675,INE270A01029,ALOKINDS,EQ,,,,,ALOK INDUSTRIES LIMITED,11.35,11.35,9.55,10.43,10.53,11.28,,10.43,,,60004535,620499831.22,70916,F1,1,,,,,
2026-08-27,2026-08-27,CM,NSE,STK,765272,INE00IT01020,MILKYMIST,EQ,,,,,MILKY MIST DAIRY FOOD L,227.39,233.8,212.66,217.31,215.15,222.11,,217.33,,,59235093,13183629063.8,431518,F1,1,,,,,
2026-08-27,2026-08-27,CM,NSE,STK,13430,INE164B01030,KELLTONTEC,EQ,,,,,KELLTON TECH SOL LTD,13.5,15.45,13.3,14.86,15.07,13.51,,14.86,,,58182615,859596948.05,132001,F1,1,,,,,
2026-08-27,2026-08-27,CM,NSE,STK,750290,INE1CLE01013,VISL,EQ,,,,,VEDANTA IRON AND STEEL L,38.9,40.38,38.22,38.85,38.86,38.78,,38.85,,,57698620,2251606982.93,59656,F1,1,,,,,
2026-08-27,2026-08-27,CM,NSE,STK,15308,INE964H01014,SEPC,EQ,,,,,SEPC LIMITED,5.85,5.94,5.65,5.71,5.72,5.78,,5.71,,,50238318,289000988.77,27799,F1,1,,,,,
2026-08-27,2026-08-27,CM,NSE,STK,1333,INE040A01034,HDFCBANK,EQ,,,,,HDFC BANK LTD,728.15,728.15,710.0,711.0,711.0,727.2,,711.44,,,46515020,33295843038.85,640207,F1,1,,,,,
2026-08-27,2026-08-27,CM,NSE,STK,308,INE306A01021,BAJAJHIND,EQ,,,,,BAJAJ HINDUSTHAN SUGAR LT,21.9,22.48,20.87,21.11,21.01,21.78,,21.11,,,45877765,987003841.09,47715,F1,1,,,,,
2026-08-27,2026-08-27,CM,NSE,STK,1491,INE039A01010,IFCI,EQ,,,,,IFCI LTD,85.95,88.2,83.36,84.27,84.16,85.44,,84.27,,,44599176,3857196384.57,106261,F1,1,,,,,
2026-08-27,2026-08-27,CM,NSE,STK,20296,INE482J01021,SHAH,EQ,,,,,SHAH METACORP LIMITED,3.2,3.79,3.14,3.78,3.79,3.16,,3.78,,,43893037,158692139.06,9273,F1,1,,,,,
2026-08-27,2026-08-27,CM,NSE,STK,2963,INE114A01011,SAIL,EQ,,,,,STEEL AUTHORITY OF INDIA,193.9,195.9,187.5,193.0,193.0,194.9,,192.99,,,41844533,8034971316.63,111662,F1,1,,,,,
2026-08-27,2026-08-27,CM,NSE,STK,3499,INE081A01020,TATASTEEL,EQ,,,,,TATA STEEL LIMITED,188.05,190.25,186.5,186.8,186.8,188.01,,186.59,,,40921836,7704289211.01,202221,F1,1,,,,,
2026-08-27,2026-08-27,CM,NSE,STK,11915,INE528G01035,YESBANK,EQ,,,,,YES BANK LIMITED,22.4,22.55,22.25,22.26,22.26,22.38,,21.96,,,40844488,914550395.85,57671,F1,1,,,,,
2026-08-27,2026-08-27,CM,NSE,STK,21794,INE179G01029,DAVANGERE,EQ,,,,,DAVANGERE SUGAR COMPANY L,2.63,2.65,2.12,2.12,2.12,2.65,,2.12,,,39355327,90785043.11,10176,F1,1,,,,,
2026-08-27,2026-08-27,CM,NSE,STK,27052,INE0W2G01015,SAGILITY,EQ,,,,,SAGILITY LIMITED,44.13,45.23,43.9,44.27,44.27,44.0,,44.16,,,38898220,1733822307.0,59963,F1,1,,,,,
2026-08-27,2026-08-27,CM,NSE,STK,13745,INE221H01019,GTLINFRA,EQ,,,,,GTL INFRA.LTD,1.22,1.25,1.2,1.2,1.21,1.21,,1.2,,,38632731,47154246.0,6301,F1,1,,,,,
2026-08-27,2026-08-27,CM,NSE,STK,5097,INE758T01015,ETERNAL,EQ,,,,,ETERNAL LIMITED,329.0,330.9,325.3,328.5,328.5,327.0,,326.73,,,34877860,11457500658.1,162407,F1,1,,,,,
2026-08-27,2026-08-27,CM,NSE,STK,7672,INE172N01012,IMAGICAA,EQ,,,,,IMAGICAAWORLD ENT LTD,50.1,60.21,50.05,60.21,60.21,50.18,,60.21,,,34242813,1998955907.9,101627,F1,1,,,,,
2026-08-27,2026-08-27,CM,NSE,STK,1922,INE237A01036,KOTAKBANK,EQ,,,,,KOTAK MAHINDRA BANK LTD,415.75,427.7,415.0,424.2,424.2,416.7,,423.85,,,32914085,13967131419.6,279000,F1,1,,,,,
2026-08-27,2026-08-27,CM,NSE,STK,759820,INE15B701018,PINELABS,EQ,,,,,PINE LABS LIMITED,170.2,173.1,168.5,169.67,169.25,166.88,,169.66,,,31650500,5403637304.39,167494,F1,1,,,,,
2026-08-27,2026-08-27,CM,NSE,STK,3812,INE256A01028,ZEEL,EQ,,,,,ZEE ENTERTAINMENT ENT LTD,105.01,107.33,103.45,103.98,103.7,104.42,,103.98,,,24740990,2603626992.89,68930,F1,1,,,,,
2026-08-27,2026-08-27,CM,NSE,STK,17939,INE531E01026,HINDCOPPER,EQ,,,,,HINDUSTAN COPPER LTD,547.2,552.9,533.15,536.3,538.5,556.05,,536.25,,,24102873,13076886584.3,210725,F1,1,,,,,
2026-08-27,2026-08-27,CM,NSE,STK,13501,INE418H01029,ALLCARGO,EQ,,,,,ALLCARGO LOGISTICS LTD,13.01,13.16,12.4,12.57,12.46,13.32,,12.57,,,23868911,304445076.49,21811,F1,1,,,,,
2026-08-27,2026-08-27,CM,NSE,STK,12018,INE040H01021,SUZLON,EQ,,,,,SUZLON ENERGY LIMITED,47.0,47.39,46.37,46.81,46.81,46.94,,46.81,,,23836185,1114999133.54,49336,F1,1,,,,,
2026-08-27,2026-08-27,CM,NSE,STK,20788,INE0FRK01020,MOTISONS,EQ,,,,,MOTISONS JEWELLERS LTD,16.59,16.73,16.12,16.27,16.25,16.45,,16.27,,,23481007,387415524.91,23242,F1,1,,,,,
2026-08-27,2026-08-27,CM,NSE,STK,759806,INE0HOQ01053,GROWW,EQ,,,,,BILLIONBRAINS GARAGE VN L,195.9,198.77,195.6,196.84,197.25,196.24,,196.84,,,22896654,4518278515.42,150225,F1,1,,,,,
2026-08-27,2026-08-27,CM,NSE,STK,438,INE257A01026,BHEL,EQ,,,,,BHEL,416.0,438.2,416.0,433.95,433.95,415.5,,433.93,,,19967976,8613568624.45,153742,F1,1,,,,,
2026-08-27,2026-08-27,CM,NSE,STK,18520,INE509F01029,CUPID,EQ,,,,,CUPID LIMITED,284.89,285.6,272.11,276.65,277.36,283.99,,276.64,,,19879463,5498499564.0,168413,F1,1,,,,,
2026-08-27,2026-08-27,CM,NSE,STK,11763,INE351F01018,JPPOWER,EQ,,,,,JAIPRAKASH POWER VEN. LTD,17.02,17.13,16.89,16.92,16.93,16.98,,16.92,,,19664574,333145126.72,94946,F1,1,,,,,
2026-08-27,2026-08-27,CM,NSE,STK,21951,INE548A01028,HFCL,EQ,,,,,HFCL LIMITED,238.3,247.44,237.27,245.84,245.67,235.89,,245.86,,,19390535,4723864631.15,102456,F1,1,,,,,
2026-08-27,2026-08-27,CM,NSE,STK,750518,INE694L01019,VEDPOWER,EQ,,,,,VEDANTA POWER LIMITED,37.6,38.35,37.25,37.5,37.38,37.49,,37.5,,,19385875,731112926.63,42993,F1,1,,,,,
2026-08-27,2026-08-27,CM,NSE,STK,24777,INE0LXG01040,OLAELEC,EQ,,,,,OLA ELECTRIC MOBILITY LTD,38.0,38.14,37.3,37.63,37.65,38.0,,37.63,,,17733163,666549274.79,54923,F1,1,,,,,
2026-08-27,2026-08-27,CM,NSE,STK,12026,INE087H01022,RENUKA,EQ,,,,,SHREE RENUKA SUGARS LTD,24.04,24.29,23.32,23.43,23.44,23.94,,23.43,,,17586067,417460143.45,23569,F1,1,,,,,
2026-08-27,2026-08-27,CM,NSE,STK,29459,INE935B01025,MOSCHIP,EQ,,,,,MOSCHIP TECHNOLOGIES LTD,206.0,224.0,206.0,219.36,218.25,205.54,,219.36,,,17473565,3842877257.16,147472,F1,1,,,,,
2026-08-27,2026-08-27,CM,NSE,STK,1476,INE008A01015,IDBI,EQ,,,,,IDBI BANK LIMITED,95.0,95.88,91.5,92.24,91.99,94.75,,92.26,,,17091152,1605341673.74,58660,F1,1,,,,,
2026-08-27,2026-08-27,CM,NSE,STK,762227,INE1SJO01012,RAMBHAJO,EQ,,,,,ADVIT JEWELS LIMITED,259.7,279.33,237.01,263.57,260.5,255.69,,263.55,,,16411137,4305409196.55,170663,F1,1,,,,,
2026-08-27,2026-08-27,CM,NSE,STK,760946,INE2KCE01013,KWIL,EQ,,,,,KWALITY WALL'S (INDIA) L,47.01,47.87,46.05,46.35,46.4,46.48,,46.34,,,16310637,767101655.47,33871,F1,1,,,,,
2026-08-27,2026-08-27,CM,NSE,STK,15649,INE0ALR01029,ATALREAL,EQ,,,,,ATAL REALTECH LIMITED,34.6,36.14,34.6,35.13,35.2,34.6,,35.13,,,16250514,576210655.42,10903,F1,1,,,,,
2026-08-27,2026-08-27,CM,NSE,STK,3426,INE245A01021,TATAPOWER,EQ,,,,,TATA POWER CO LTD,359.2,359.2,348.1,352.0,352.0,364.0,,352.0,,,16236355,5700089343.9,196563,F1,1,,,,,
2026-08-27,2026-08-27,CM,NSE,STK,15332,INE584A01023,NMDC,EQ,,,,,NMDC LTD.,88.5,89.1,85.72,85.72,85.72,88.21,,85.72,,,16189617,1413710590.49,50849,F1,1,,,,,
2026-08-27,2026-08-27,CM,NSE,STK,11377,INE457A01014,MAHABANK,EQ,,,,,BANK OF MAHARASHTRA,85.74,86.19,84.05,84.69,84.69,85.6,,84.68,,,16185909,1370813503.28,47505,F1,1,,,,,
2026-08-27,2026-08-27,CM,NSE,STK,20642,INE247D01039,JINDWORLD,EQ,,,,,JINDAL WORLDWIDE LTD,35.01,37.86,35.01,36.83,36.9,34.84,,36.83,,,14872279,551199282.0,46504,F1,1,,,,,
2026-08-27,2026-08-27,CM,NSE,STK,764397,INE0OWZ01020,MVELECTRO,EQ,,,,,MV ELECTROSYSTEMS LIMITED,565.5,672.15,559.95,646.8,641.2,560.15,,646.85,,,14689330,9433219088.65,237934,F1,1,,,,,
2026-08-27,2026-08-27,CM,NSE,STK,15228,INE551W01018,UJJIVANSFB,EQ,,,,,UJJIVAN SMALL FINANC BANK,69.2,69.82,67.81,68.57,68.48,68.99,,68.57,,,14648450,1004680562.84,67233,F1,1,,,,,
2026-08-27,2026-08-27,CM,NSE,STK,2955,INE303R01014,KALYANKJIL,EQ,,,,,KALYAN JEWELLERS IND LTD,610.6,635.95,609.9,629.3,629.3,610.6,,628.8,,,14631430,9154944770.45,134336,F1,1,,,,,
2026-08-27,2026-08-27,CM,NSE,STK,2259,INE083A01026,MOREPENLAB,EQ,,,,,MOREPEN LAB. LTD,97.44,99.75,95.5,96.7,96.35,96.98,,96.7,,,14619445,1426185737.97,43913,F1,1,,,,,
2026-08-27,2026-08-27,CM,NSE,STK,380,INE050A01025,BBTC,EQ,,,,,BOMBAY BURMAH TRADING COR,1450.0,1639.0,1449.0,1613.6,1592.0,1426.2,,1613.61,,,14319956,23056047991.4,417402,F1,1,,,,,
2026-08-27,2026-08-27,CM,NSE,STK,765361,INE0K9O01026,LALITHAA,EQ,,,,,LALITHAA JEWELLERY MART L,245.0,255.5,240.35,246.23,245.99,244.0,,246.23,,,14189168,3527919841.67,145276,F1,1,,,,,
2026-08-27,2026-08-27,CM,NSE,STK,212,INE208A01029,ASHOKLEY,EQ,,,,,ASHOK LEYLAND LTD,180.6,181.84,176.79,177.4,177.4,179.05,,177.42,,,14150948,2518748847.2,68341,F1,1,,,,,
2026-08-27,2026-08-27,CM,NSE,STK,759062,INE0KKN01029,RHETAN,EQ,,,,,RHETAN TMT LIMITED,22.24,22.24,21.2,21.23,21.22,21.94,,21.23,,,13706911,298081985.45,7634,F1,1,,,,,
2026-08-27,2026-08-27,CM,NSE,STK,760981,INE501X01029,AYE,EQ,,,,,AYE FINANCE LIMITED,172.99,183.0,169.68,181.54,182.8,176.65,,181.54,,,13672393,2430937475.64,72753,F1,1,,,,,
2026-08-27,2026-08-27,CM,NSE,STK,17520,INE399K01017,RTNPOWER,EQ,,,,,RATTANINDIA POWER LIMITED,7.98,8.0,7.8,7.83,7.89,7.95,,7.83,,,13450323,105850232.8,12156,F1,1,,,,,
2026-08-27,2026-08-27,CM,NSE,STK,3063,INE205A01025,VEDL,EQ,,,,,VEDANTA LIMITED,289.0,291.0,279.2,281.0,281.0,286.5,,281.0,,,13441814,3805137601.2,143043,F1,1,,,,,
2026-08-27,2026-08-27,CM,NSE,STK,11630,INE733E01010,NTPC,EQ,,,,,NTPC LTD,335.0,335.95,328.4,330.9,330.9,334.6,,329.9,,,12911842,4261940860.55,142938,F1,1,,,,,
2026-08-27,2026-08-27,CM,NSE,STK,14299,INE134E01011,PFC,EQ,,,,,POWER FIN CORP LTD.,361.75,362.3,352.35,355.85,355.85,364.1,,355.85,,,12745960,4530822270.7,128508,F1,1,,,,,
2026-08-27,2026-08-27,CM,NSE,STK,7852,INE066P01011,INOXWIND,EQ,,,,,INOX WIND LIMITED,73.45,73.7,71.41,72.0,72.0,73.2,,72.0,,,12554597,905561712.81,52482,F1,1,,,,,
2026-08-27,2026-08-27,CM,NSE,STK,513,INE032A01023,BOMDYEING,EQ,,,,,BOMBAY DYEING & MFG. CO L,111.4,121.9,111.36,116.95,116.68,111.22,,116.95,,,12306360,1467337907.73,72902,F1,1,,,,,
2026-08-27,2026-08-27,CM,NSE,STK,4204,INE775A01035,MOTHERSON,EQ,,,,,SAMVRDHNA MTHRSN INTL LTD,166.0,167.94,164.77,166.0,166.0,165.0,,166.0,,,12301325,2036925926.42,53711,F1,1,,,,,
2026-08-27,2026-08-27,CM,NSE,STK,18921,INE200M01039,VBL,EQ,,,,,VARUN BEVERAGES LIMITED,423.55,425.05,415.75,418.75,418.75,421.25,,418.77,,,11988613,5045869953.15,91066,F1,1,,,,,
2026-08-27,2026-08-27,CM,NSE,STK,23647,INE185E01021,FILATFASH,EQ,,,,,FILATEX FASHIONS LIMITED,0.19,0.19,0.18,0.18,0.19,0.18,,0.18,,,11834503,2191008.96,1341,F1,1,,,,,
2026-08-27,2026-08-27,CM,NSE,STK,759605,INE956O01016,LENSKART,EQ,,,,,LENSKART SOLUTIONS LTD,651.0,659.55,626.15,640.6,642.0,647.15,,640.57,,,11600580,7552740481.5,152271,F1,1,,,,,
2026-08-27,2026-08-27,CM,NSE,STK,4963,INE090A01021,ICICIBANK,EQ,,,,,ICICI BANK LTD.,1445.0,1453.8,1433.1,1443.0,1443.0,1430.0,,1443.44,,,11539716,16674063062.0,193417,F1,1,,,,,
2026-08-27,2026-08-27,CM,NSE,STK,2885,INE002A01018,RELIANCE,EQ,,,,,RELIANCE INDUSTRIES LTD,1305.0,1308.4,1282.2,1282.2,1282.2,1298.0,,1283.43,,,11271497,14564825828.9,218067,F1,1,,,,,
2026-08-27,2026-08-27,CM,NSE,STK,2475,INE213A01029,ONGC,EQ,,,,,OIL AND NATURAL GAS CORP.,232.21,234.44,231.1,232.0,232.0,232.21,,232.0,,,11219541,2609973867.17,110543,F1,1,,,,,
2026-08-27,2026-08-27,CM,NSE,STK,15259,INE614G01033,RPOWER,EQ,,,,,RELIANCE POWER LTD.,22.7,22.93,22.6,22.71,22.79,22.7,,22.71,,,11093761,251915263.45,22455,F1,1,,,,,
2026-08-27,2026-08-27,CM,NSE,STK,10666,INE160A01022,PNB,EQ,,,,,PUNJAB NATIONAL BANK,116.7,117.2,115.07,115.4,115.4,116.7,,113.95,,,10955188,1270968647.79,42422,F1,1,,,,,
2026-08-27,2026-08-27,CM,NSE,STK,10794,INE476A01022,CANBK,EQ,,,,,CANARA BANK,131.43,131.43,127.7,128.14,128.14,129.45,,126.67,,,10921428,1405734189.69,45483,F1,1,,,,,
2026-08-27,2026-08-27,CM,NSE,STK,30323,INE418N01035,ESSENTIA,EQ,,,,,INTEGRA ESSENTIA LIMITED,1.09,1.12,1.03,1.03,1.04,1.08,,1.03,,,10836008,11364169.75,1919,F1,1,,,,,
2026-08-27,2026-08-27,CM,NSE,STK,3466,INE305A01023,TFCILTD,EQ,,,,,TOURISM FINANCE CORP. OF,141.8,146.0,140.43,141.84,141.55,140.99,,141.84,,,10501249,1504904475.6,37906,F1,1,,,,,
2026-08-27,2026-08-27,CM,NSE,STK,19061,INE522D01027,MANAPPURAM,EQ,,,,,MANAPPURAM FINANCE LTD,365.4,369.9,346.0,348.0,348.0,365.4,,348.0,,,10434499,3680076888.3,61272,F1,1,,,,,
2026-08-27,2026-08-27,CM,NSE,STK,20413,INE485C01029,IOLCP,EQ,,,,,IOL CHEM AND PHARMA LTD,187.7,195.64,184.21,193.07,193.0,186.01,,193.07,,,10366009,1975753475.33,81096,F1,1,,,,,
2026-08-27,2026-08-27,CM,NSE,STK,5373,INE872J01023,DEVYANI,EQ,,,,,DEVYANI INTERNATIONAL LTD,151.8,155.95,145.0,146.11,145.7,149.36,,146.12,,,10309728,1552300055.29,75561,F1,1,,,,,
2026-08-27,2026-08-27,CM,NSE,STK,15129,INE722H01024,RGL,EQ,,,,,RENAISSANCE GLOBAL LTD,149.79,149.79,130.77,133.81,132.68,152.58,,133.85,,,10152479,1419991917.88,63083,F1,1,,,,,
2026-08-27,2026-08-27,CM,NSE,STK,11184,INE092T01019,IDFCFIRSTB,EQ,,,,,IDFC FIRST BANK LIMITED,84.4,84.88,83.72,83.8,83.8,84.4,,82.27,,,10079336,847519568.36,42880,F1,1,,,,,
2026-08-27,2026-08-27,CM,NSE,STK,759782,INE1TAE01010,TMCV,EQ,,,,,TATA MOTORS LIMITED,483.75,483.75,468.3,473.1,474.0,483.75,,473.09,,,10010513,4729673193.75,106059,F1,1,,,,,
2026-08-27,2026-08-27,CM,NSE,STK,25835,INE498Q01014,VINCOFE,EQ,,,,,VINTAGE COFFEE N BVRGS L,164.11,179.0,164.11,174.65,174.36,164.09,,174.65,,,9713496,1675843747.81,80282,F1,1,,,,,
2026-08-27,2026-08-27,CM,NSE,STK,13725,INE503A01015,DCBBANK,EQ,,,,,DCB BANK LIMITED,214.5,220.5,214.5,217.51,217.05,213.83,,217.53,,,9712688,2112174612.25,48908,F1,1,,,,,
2026-08-27,2026-08-27,CM,NSE,STK,8596,INE0FS801015,MSUMI,EQ,,,,,MOTHERSON SUMI WRNG IND L,37.67,38.07,37.13,37.92,37.95,37.67,,37.92,,,9513977,358332548.09,36650,F1,1,,,,,
2026-08-27,2026-08-27,CM,NSE,STK,29135,INE121J01017,INDUSTOWER,EQ,,,,,INDUS TOWERS LIMITED,379.95,384.2,374.3,379.95,379.95,377.7,,379.95,,,9414509,3557774451.3,38472,F1,1,,,,,
2026-08-27,2026-08-27,CM,NSE,STK,760229,INE0VDM01015,MEESHO,EQ,,,,,MEESHO LIMITED,209.34,212.48,206.72,207.64,207.5,208.14,,207.64,,,9320536,1946126440.77,90642,F1,1,,,,,
2026-08-27,2026-08-27,CM,NSE,STK,383,INE263A01024,BEL,EQ,,,,,BHARAT ELECTRONICS LTD,410.8,412.9,408.0,411.0,411.0,406.9,,410.33,,,9156009,3757711966.9,114897,F1,1,,,,,
2026-08-27,2026-08-27,CM,NSE,STK,27066,INE00H001014,SWIGGY,EQ,,,,,SWIGGY LIMITED,288.8,289.9,282.2,284.7,284.7,286.55,,284.71,,,9150633,2609530995.35,100038,F1,1,,,,,
2026-08-27,2026-08-27,CM,NSE,STK,6198,INE045J01034,FCL,EQ,,,,,FINEOTEX CHEMICAL LIMITED,50.84,51.03,48.2,48.49,48.69,50.58,,48.49,,,9129878,450737452.73,26656,F1,1,,,,,
2026-08-27,2026-08-27,CM,NSE,STK,24999,INE126M01010,IBULLSLTD,EQ,,,,,INDIABULLS LIMITED,27.0,27.11,25.92,26.11,26.21,27.03,,26.11,,,9006870,238118321.26,13426,F1,1,,,,,
2026-08-27,2026-08-27,CM,NSE,STK,750174,INE1CDF01017,VAML,EQ,,,,,VEDANTA ALUMINIUM METAL L,464.9,467.6,452.1,454.45,452.3,462.6,,454.53,,,8948764,4093265105.0,102034,F1,1,,,,,
2026-08-27,2026-08-27,CM,NSE,STK,764408,INE05C901015,JNPR,EQ,,,,,JUNIPER GREEN ENERGY LTD,278.3,282.0,246.2,254.32,249.49,267.44,,254.28,,,8844030,2320829302.55,111663,F1,1,,,,,
2026-08-27,2026-08-27,CM,NSE,STK,1660,INE154A01025,ITC,EQ,,,,,ITC LTD,269.5,271.25,268.0,269.0,269.0,270.25,,267.91,,,8834890,2378495713.45,167184,F1,1,,,,,
2026-08-27,2026-08-27,CM,NSE,STK,11992,INE312C01025,SYNCOMF,EQ,,,,,SYNCOM FORMU (I) LTD,17.15,18.34,17.13,17.34,17.35,17.03,,17.34,,,8769056,154889412.65,33039,F1,1,,,,,
2026-08-27,2026-08-27,CM,NSE,STK,10604,INE397D01024,BHARTIARTL,EQ,,,,,BHARTI AIRTEL LIMITED,1915.0,1915.0,1878.3,1878.3,1878.3,1902.1,,1878.23,,,8757645,16582684344.8,219112,F1,1,,,,,
2026-08-27,2026-08-27,CM,NSE,STK,3024,INE324A01032,JINDALSAW,EQ,,,,,JINDAL SAW LIMITED,303.8,316.95,303.4,310.25,310.0,302.45,,310.23,,,8584804,2674585003.0,92781,F1,1,,,,,
2026-08-27,2026-08-27,CM,NSE,STK,6792,INE04AK01028,SBC,EQ,,,,,SBC EXPORTS LIMITED,40.4,41.98,39.85,41.45,41.38,40.13,,41.45,,,8469794,343733782.68,9970,F1,1,,,,,
2026-08-27,2026-08-27,CM,NSE,STK,5948,INE683A01023,SOUTHBANK,EQ,,,,,THE SOUTH INDIAN BANK LTD,46.3,47.04,45.65,45.73,45.9,46.32,,45.73,,,8299347,384175922.22,22764,F1,1,,,,,
2026-08-27,2026-08-27,CM,NSE,STK,759723,INE0LP301011,PWL,EQ,,,,,PHYSICSWALLAH LIMITED,127.6,128.25,122.65,124.09,123.6,126.13,,124.08,,,8276711,1037543363.36,47456,F1,1,,,,,
2026-08-27,2026-08-27,CM,NSE,STK,764480,INE0XNF01022,ARDEE,EQ,,,,,ARDEE INDUSTRIES LIMITED,55.95,60.49,55.95,59.28,59.29,55.92,,59.28,,,8140152,475366751.16,30912,F1,1,,,,,
2026-08-27,2026-08-27,CM,NSE,STK,5851,INF174KA1ZB7,BANKNIFTY1,EQ,,,,,KOTAKMAMC-KOTAKBKETF,59.59,61.54,59.59,59.76,59.7,60.04,,59.77,,,8106745,484712443.49,880,F1,1,,,,,
2026-08-27,2026-08-27,CM,NSE,STK,3456,INE155A01022,TMPV,EQ,,,,,TATA MOTORS PASS VEH LTD,315.0,319.6,314.15,316.0,316.0,313.1,,316.01,,,8028070,2540812574.6,60288,F1,1,,,,,
2026-08-27,2026-08-27,CM,NSE,STK,14296,INE807F01027,VIYASH,EQ,,,,,VIYASH SCIENTIFIC LIMITED,264.0,265.0,258.0,259.5,258.9,263.4,,259.64,,,8009140,2098302538.9,60924,F1,1,,,,,
2026-08-27,2026-08-27,CM,NSE,STK,14334,INE019C01026,HSCL,EQ,,,,,HIMADRI SPECIALITY CHEM L,663.9,676.6,657.5,674.35,674.95,663.85,,674.38,,,7924818,5287272440.8,69727,F1,1,,,,,
2026-08-27,2026-08-27,CM,NSE,STK,18143,INE758E01017,JIOFIN,EQ,,,,,JIO FIN SERVICES LTD,242.0,242.65,238.1,238.1,238.1,241.0,,238.13,,,7638222,1832616819.95,65762,F1,1,,,,,
2026-08-27,2026-08-27,CM,NSE,STK,27969,INE01EA01019,VMM,EQ,,,,,VISHAL MEGA MART LIMITED,110.0,110.35,107.5,108.0,108.0,109.62,,107.99,,,7577445,821990357.41,26163,F1,1,,,,,
2026-08-27,2026-08-27,CM,NSE,STK,1997,INE115A01026,LICHSGFIN,EQ,,,,,LIC HOUSING FINANCE LTD,528.2,543.4,523.4,535.5,535.5,524.4,,535.31,,,7375648,3941053097.8,78774,F1,1,,,,,
2026-08-27,2026-08-27,CM,NSE,STK,2029,INE053F01010,IRFC,EQ,,,,,INDIAN RAILWAY FIN CORP L,85.7,86.16,84.5,84.65,84.65,85.7,,84.65,,,7178981,611292776.68,45050,F1,1,,,,,
2026-08-27,2026-08-27,CM,NSE,STK,761364,INF740KA1YH2,BANK10ADD,EQ,,,,,DSPAMC - BANK10ADD,17.04,17.07,16.97,17.01,17.05,17.05,,17.01,,,7162819,122175823.14,449,F1,1,,,,,
2026-08-27,2026-08-27,CM,NSE,STK,759084,INE0CAZ01013,URBANCO,EQ,,,,,URBAN COMPANY LIMITED,166.0,170.68,165.3,167.36,168.52,167.53,,167.37,,,7134291,1198238782.01,76761,F1,1,,,,,
2026-08-27,2026-08-27,CM,NSE,STK,14977,INE752E01010,POWERGRID,EQ,,,,,POWER GRID CORP. LTD.,264.8,266.3,262.3,264.9,264.9,265.2,,264.88,,,7118715,1880433636.95,77487,F1,1,,,,,
2026-08-27,2026-08-27,CM,NSE,STK,18423,INE05CZ01011,RATNAVEER,EQ,,,,,RATNAVEER PRECISION ENG L,281.0,296.9,280.66,294.89,295.03,279.27,,294.85,,,7098522,2060445299.54,44068,F1,1,,,,,
2026-08-27,2026-08-27,CM,NSE,STK,765396,INE18UN01038,GAJA,EQ,,,,,GAJA ALT ASSET MGT LTD,172.0,173.94,164.1,165.13,165.07,168.67,,165.13,,,7060479,1195690099.01,49449,F1,1,,,,,
2026-08-27,2026-08-27,CM,NSE,STK,15313,INE821I01022,IRB,EQ,,,,,IRB INFRA DEV LTD.,19.52,19.63,19.12,19.32,19.24,19.46,,19.32,,,7026959,136447067.16,19789,F1,1,,,,,
2026-08-27,2026-08-27,CM,NSE,STK,5900,INE238A01034,AXISBANK,EQ,,,,,AXIS BANK LIMITED,1260.0,1268.7,1251.4,1256.0,1256.0,1255.0,,1252.67,,,7005789,8823037123.1,155243,F1,1,,,,,
2026-08-27,2026-08-27,CM,NSE,STK,17400,INE848E01016,NHPC,EQ,,,,,NHPC LTD,76.04,76.55,75.24,76.55,76.55,76.24,,76.55,,,7001214,530399282.66,29653,F1,1,,,,,
2026-08-27,2026-08-27,CM,NSE,STK,10753,INE692A01016,UNIONBANK,EQ,,,,,UNION BANK OF INDIA,189.0,189.64,184.08,184.5,184.5,187.52,,183.39,,,6999263,1300657289.88,33889,F1,1,,,,,
2026-08-27,2026-08-27,CM,NSE,STK,1594,INE009A01021,INFY,EQ,,,,,INFOSYS LIMITED,1120.0,1130.7,1107.2,1110.8,1110.8,1120.0,,1109.48,,,6933998,7714183978.3,132760,F1,1,,,,,
2026-08-27,2026-08-27,CM,NSE,STK,18026,INE423Y01016,SBFC,EQ,,,,,SBFC FINANCE LIMITED,101.71,103.37,97.7,98.61,98.6,101.14,,98.62,,,6843021,691239638.54,37521,F1,1,,,,,
2026-08-27,2026-08-27,CM,NSE,STK,16249,INE483S01020,CCAVENUE,EQ,,,,,AVENUESAI LIMITED,15.45,15.45,15.11,15.22,15.18,15.28,,15.22,,,6810567,103886387.48,7925,F1,1,,,,,
2026-08-27,2026-08-27,CM,NSE,STK,7287,INE391J01032,JTLIND,EQ,,,,,JTL INDUSTRIES LIMITED,81.8,85.8,81.16,82.57,82.5,81.01,,82.57,,,6724877,560271726.85,31944,F1,1,,,,,
2026-08-27,2026-08-27,CM,NSE,STK,4010,INE362A01016,PVP,EQ,,,,,PVP VENTURES LIMITED,58.9,62.12,57.51,62.12,62.12,56.48,,62.12,,,6580316,396261300.23,24875,F1,1,,,,,
2026-08-27,2026-08-27,CM,NSE,STK,13528,INE776C01039,GMRAIRPORT,EQ,,,,,GMR AIRPORTS LIMITED,100.15,100.2,98.52,98.68,98.68,98.85,,98.68,,,6542176,647700098.21,31436,F1,1,,,,,
2026-08-27,2026-08-27,CM,NSE,STK,765282,INE0FOO01011,SHIPROCKET,EQ,,,,,SHIPROCKET LIMITED,133.2,134.4,130.3,132.09,131.6,132.5,,132.12,,,6410001,843401985.24,39223,F1,1,,,,,
2026-08-27,2026-08-27,CM,NSE,STK,15355,INE020B01018,RECLTD,EQ,,,,,REC LIMITED,323.15,324.55,317.3,320.9,320.9,322.2,,320.9,,,6223407,1997351771.5,56406,F1,1,,,,,
2026-08-27,2026-08-27,CM,NSE,STK,1624,INE242A01010,IOC,EQ,,,,,INDIAN OIL CORP LTD,139.37,139.48,136.69,137.57,137.57,139.48,,137.58,,,6190652,852144517.09,41463,F1,1,,,,,
2026-08-27,2026-08-27,CM,NSE,STK,14111,INE870H01013,NETWORK18,EQ,,,,,NETWORK18 MEDIA & INV LTD,30.44,30.45,28.98,29.14,29.02,30.45,,29.13,,,5882491,173883191.38,16644,F1,1,,,,,
2026-08-27,2026-08-27,CM,NSE,STK,14894,INE483A01010,CENTRALBK,EQ,,,,,CENTRAL BANK OF INDIA,31.0,31.06,30.58,30.65,30.66,30.83,,30.65,,,5856063,179773245.66,19411,F1,1,,,,,
2026-08-27,2026-08-27,CM,NSE,STK,759048,INE1AG301022,GKENERGY,EQ,,,,,GK ENERGY LIMITED,138.5,144.35,137.4,139.65,139.4,133.82,,139.66,,,5842310,826335235.51,42576,F1,1,,,,,
2026-08-27,2026-08-27,CM,NSE,STK,764523,INE00GO01025,LEAPIND,EQ,,,,,LEAP INDIA LIMITED,160.5,165.75,160.5,161.77,162.42,159.65,,161.78,,,5771795,942532362.89,39770,F1,1,,,,,
2026-08-27,2026-08-27,CM,NSE,STK,2792,INE07O001026,EASEMYTRIP,EQ,,,,,EASY TRIP PLANNERS LTD,6.18,6.19,6.08,6.1,6.1,6.14,,6.1,,,5713718,34909517.87,5758,F1,1,,,,,
2026-08-27,2026-08-27,CM,NSE,STK,30125,INE148I01020,SAMMAANCAP,EQ,,,,,SAMMAAN CAPITAL LIMITED,149.45,150.67,146.8,147.34,147.13,149.45,,147.31,,,5696106,842889886.43,27685,F1,1,,,,,
2026-08-27,2026-08-27,CM,NSE,STK,761386,INE415B01044,MARSONS,EQ,,,,,MARSONS LIMITED,123.65,127.94,122.39,125.54,125.5,123.58,,125.54,,,5656610,707854236.03,17594,F1,1,,,,,
2026-08-27,2026-08-27,CM,NSE,STK,18011,INE716A01013,WHIRLPOOL,EQ,,,,,WHIRLPOOL OF INDIA LTD,777.85,858.7,772.0,841.15,844.0,771.7,,841.28,,,5452955,4483184624.05,123899,F1,1,,,,,
2026-08-27,2026-08-27,CM,NSE,STK,760,INE067A01029,CGPOWER,EQ,,,,,CG POWER AND IND SOL LTD,871.4,898.75,870.2,897.9,897.9,865.05,,897.77,,,5431054,4837033812.85,128567,F1,1,,,,,
2026-08-27,2026-08-27,CM,NSE,STK,9480,INE0J1Y01017,LICI,EQ,,,,,LIFE INSURA CORP OF INDIA,417.45,421.25,412.7,413.95,413.95,415.3,,413.83,,,5422128,2256097548.75,44778,F1,1,,,,,
2026-08-27,2026-08-27,CM,NSE,STK,317,INE296A01032,BAJFINANCE,EQ,,,,,BAJAJ FINANCE LIMITED,1090.0,1107.0,1083.0,1083.0,1083.0,1085.0,,1080.35,,,5220239,5698067605.6,105604,F1,1,,,,,
2026-08-27,2026-08-27,CM,NSE,STK,764312,INE0NG701011,XTRANET,EQ,,,,,XTRANET TECHNOLOGIES LTD,162.8,169.89,154.26,164.26,163.81,159.83,,164.37,,,5164628,823730309.04,34482,F1,1,,,,,
2026-08-27,2026-08-27,CM,NSE,STK,765030,INE758A01072,AVANCE,EQ,,,,,AVANCE TECHNOLOGIES LTD.,0.89,0.9,0.87,0.87,0.88,0.89,,0.88,,,5152468,4536537.33,1338,F1,1,,,,,
2026-08-27,2026-08-27,CM,NSE,STK,967,INE754A01055,SUBEXLTD,EQ,,,,,SUBEX LTD,17.63,18.6,17.22,17.95,17.97,17.62,,17.95,,,5057156,91156963.19,18676,F1,1,,,,,
2026-08-27,2026-08-27,CM,NSE,STK,14853,INE800H01010,OMAXE,EQ,,,,,OMAXE LIMITED,108.0,115.0,107.21,113.38,113.0,109.37,,113.38,,,4979734,560870245.78,35770,F1,1,,,,,
2026-08-27,2026-08-27,CM,NSE,STK,25756,INE806A01020,VIKASECO,EQ,,,,,VIKAS ECOTECH LIMITED,1.09,1.16,1.08,1.14,1.15,1.08,,1.14,,,4929662,5582731.59,1889,F1,1,,,,,
2026-08-27,2026-08-27,CM,NSE,STK,913,INE063P01018,EQUITASBNK,EQ,,,,,EQUITAS SMALL FIN BNK LTD,75.23,75.63,73.66,74.17,74.38,75.23,,74.17,,,4917957,366299249.56,25052,F1,1,,,,,
2026-08-27,2026-08-27,CM,NSE,STK,1424,INE267A01025,HINDZINC,EQ,,,,,HINDUSTAN ZINC LIMITED,629.5,631.4,610.05,610.1,610.1,626.5,,610.09,,,4838968,2989334856.35,60971,F1,1,,,,,
2026-08-27,2026-08-27,CM,NSE,STK,3045,INE062A01020,SBIN,EQ,,,,,STATE BANK OF INDIA,1052.0,1054.4,1042.9,1042.9,1042.9,1052.0,,1044.3,,,4788716,5012177442.2,137557,F1,1,,,,,
2026-08-27,2026-08-27,CM,NSE,STK,760407,INE346A01027,ICICIAMC,EQ,,,,,ICICI PRUDENTIAL AMC LTD,3099.7,3118.2,3060.7,3093.6,3093.0,3222.8,,3093.56,,,4775198,14747504232.6,141992,F1,1,,,,,
2026-08-27,2026-08-27,CM,NSE,STK,23365,INE416A01051,AQYLON,EQ,,,,,AQYLON NEXUS LIMITED,23.26,25.1,22.83,23.27,23.1,23.95,,23.29,,,4774267,114366245.38,14402,F1,1,,,,,
2026-08-27,2026-08-27,CM,NSE,STK,10397,INE175A01038,JISLJALEQS,EQ,,,,,JAIN IRRIGATION SYSTEMS,30.49,31.0,29.47,29.69,29.65,30.07,,29.69,,,4772124,145116119.47,11832,F1,1,,,,,
2026-08-27,2026-08-27,CM,NSE,STK,4717,INE129A01019,GAIL,EQ,,,,,GAIL (INDIA) LTD,174.45,174.84,171.0,172.44,172.44,174.49,,172.45,,,4745650,816813312.84,53856,F1,1,,,,,
2026-08-27,2026-08-27,CM,NSE,STK,3787,INE075A01022,WIPRO,EQ,,,,,WIPRO LTD,177.35,178.7,176.4,176.4,176.4,177.35,,176.42,,,4695019,832639252.33,54303,F1,1,,,,,
2026-08-27,2026-08-27,CM,NSE,STK,764532,INE1D0W01018,TECHNOCRAF,EQ,,,,,TECHNOCRAFT VENTURES LTD,346.5,373.65,345.42,358.24,359.7,343.69,,358.26,,,4686252,1694627353.76,70663,F1,1,,,,,
2026-08-27,2026-08-27,CM,NSE,STK,2263,INE545U01014,BANDHANBNK,EQ,,,,,BANDHAN BANK LIMITED,174.0,174.5,169.5,169.7,169.7,173.5,,169.71,,,4668712,797922268.44,33873,F1,1,,,,,
2026-08-27,2026-08-27,CM,NSE,STK,48,INE419U01012,HAPPSTMNDS,EQ,,,,,HAPPIEST MINDS TECHNO LTD,448.0,455.35,414.6,420.25,419.8,447.85,,420.25,,,4662895,2011852486.95,105204,F1,1,,,,,
2026-08-27,2026-08-27,CM,NSE,STK,765382,INE1WFC01025,SHANKESH,EQ,,,,,SHANKESH JEWELLERS LTD,93.9,93.99,89.01,89.69,89.35,93.74,,89.69,,,4656197,426767545.18,23151,F1,1,,,,,
2026-08-27,2026-08-27,CM,NSE,STK,11571,INE0DK501011,PPLPHARMA,EQ,,,,,PIRAMAL PHARMA LIMITED,211.9,219.5,210.65,214.95,214.9,211.29,,214.95,,,4647834,1000211171.39,52292,F1,1,,,,,
2026-08-27,2026-08-27,CM,NSE,STK,11699,INE244B01030,PATELENG,EQ,,,,,PATEL ENGINEERING LTD.,28.65,29.55,28.56,29.08,28.98,28.64,,29.08,,,4636446,134558010.54,12203,F1,1,,,,,
2026-08-27,2026-08-27,CM,NSE,STK,25468,INE420C01059,PAISALO,EQ,,,,,PAISALO DIGITAL LIMITED,68.06,68.5,67.53,67.83,68.15,68.04,,67.83,,,4630410,315076106.74,14520,F1,1,,,,,
2026-08-27,2026-08-27,CM,NSE,STK,25426,INE850M01015,NORTHARC,EQ,,,,,NORTHERN ARC CAPITAL LTD,290.05,292.9,280.45,286.3,287.1,293.5,,286.33,,,4612806,1318108583.75,95682,F1,1,,,,,
2026-08-27,2026-08-27,CM,NSE,STK,9552,INE415G01027,RVNL,EQ,,,,,RAIL VIKAS NIGAM LIMITED,220.87,221.8,215.11,216.0,216.0,221.39,,216.0,,,4589569,1000295602.42,44035,F1,1,,,,,
2026-08-27,2026-08-27,CM,NSE,STK,24532,INE816B01035,FILATEX,EQ,,,,,FILATEX INDIA LTD,75.56,80.47,75.05,78.31,78.95,75.19,,78.3,,,4553890,359471694.02,19705,F1,1,,,,,
2026-08-27,2026-08-27,CM,NSE,STK,10905,INE727B01026,GENESYS,EQ,,,,,GENESYS INTL CORPN LTD,236.9,242.65,226.4,234.5,233.05,246.3,,234.5,,,4531990,1066416010.15,54091,F1,1,,,,,
2026-08-27,2026-08-27,CM,NSE,STK,10217,INE931S01010,ADANIENSOL,EQ,,,,,ADANI ENERGY SOLUTION LTD,1590.0,1617.7,1581.9,1617.0,1617.0,1570.5,,1616.93,,,4514708,7250656336.5,100862,F1,1,,,,,
2026-08-27,2026-08-27,CM,NSE,STK,1023,INE171A01029,FEDERALBNK,EQ,,,,,FEDERAL BANK LTD,347.0,348.15,343.4,344.8,344.8,345.3,,340.42,,,4512557,1558208724.1,47482,F1,1,,,,,
2026-08-27,2026-08-27,CM,NSE,STK,526,INE029A01011,BPCL,EQ,,,,,BHARAT PETROLEUM CORP  LT,319.15,320.85,315.0,318.0,318.0,318.0,,318.02,,,4497571,1433897888.15,41307,F1,1,,,,,
2026-08-27,2026-08-27,CM,NSE,STK,20607,INE616N01034,INOXINDIA,EQ,,,,,INOX INDIA LIMITED,1935.9,2224.0,1916.9,2177.9,2160.3,1926.7,,2178.26,,,4484559,9511978068.4,252469,F1,1,,,,,
2026-08-27,2026-08-27,CM,NSE,STK,17358,INE735W01017,UTKARSHBNK,EQ,,,,,UTKARSH SMALL FIN BANK L,15.0,15.1,14.87,14.92,14.9,14.94,,14.92,,,4463747,66801902.09,4708,F1,1,,,,,
2026-08-27,2026-08-27,CM,NSE,STK,4668,INE028A01039,BANKBARODA,EQ,,,,,BANK OF BARODA,244.33,244.62,240.0,241.0,241.0,242.5,,238.38,,,4454374,1075276519.25,46875,F1,1,,,,,
2026-08-27,2026-08-27,CM,NSE,STK,4745,INE084A01016,BANKINDIA,EQ,,,,,BANK OF INDIA,146.0,146.45,143.7,144.6,144.6,145.95,,144.6,,,4438065,643340315.29,25328,F1,1,,,,,
2026-08-27,2026-08-27,CM,NSE,STK,758968,INE0Y8W01025,AHCL,EQ,,,,,ANLON HEALTHCARE LIMITED,15.1,15.8,15.1,15.6,15.61,15.11,,15.6,,,4430962,68843029.23,5537,F1,1,,,,,
2026-08-27,2026-08-27,CM,NSE,STK,20374,INE522F01014,COALINDIA,EQ,,,,,COAL INDIA LTD,403.5,404.95,398.4,400.0,400.0,403.5,,400.02,,,4430005,1775377733.7,68498,F1,1,,,,,
2026-08-27,2026-08-27,CM,NSE,STK,17094,INE299U01018,CROMPTON,EQ,,,,,CROMPT GREA CON ELEC LTD,238.55,240.6,237.55,237.9,237.9,238.25,,237.92,,,4429720,1058222731.7,25299,F1,1,,,,,
2026-08-27,2026-08-27,CM,NSE,STK,4306,INE721A01047,SHRIRAMFIN,EQ,,,,,SHRIRAM FINANCE LIMITED,1112.0,1127.5,1091.5,1101.0,1101.0,1117.5,,1101.0,,,4358707,4802948898.2,97229,F1,1,,,,,
2026-08-27,2026-08-27,CM,NSE,STK,25270,INE377Y01014,BAJAJHFL,EQ,,,,,BAJAJ HOUSING FINANCE LTD,84.05,85.4,83.9,85.29,85.15,84.07,,85.29,,,4358067,369910861.52,22948,F1,1,,,,,
2026-08-27,2026-08-27,CM,NSE,STK,1494,INE07T201019,RBA,EQ,,,,,RESTAURANT BRAND ASIA LTD,102.99,104.48,99.9,100.62,101.3,102.36,,100.62,,,4278593,432839499.36,19010,F1,1,,,,,
2026-08-27,2026-08-27,CM,NSE,STK,19234,INE947Q01028,LAURUSLABS,EQ,,,,,LAURUS LABS LIMITED,1891.3,1930.0,1878.4,1929.4,1929.4,1887.0,,1929.14,,,4249869,8111021789.4,78174,F1,1,,,,,
2026-08-27,2026-08-27,CM,NSE,STK,9931,INE161L01027,VIKASLIFE,EQ,,,,,VIKAS LIFECARE LIMITED,1.33,1.38,1.33,1.36,1.37,1.32,,1.36,,,4227799,5747005.14,9285,F1,1,,,,,
2026-08-27,2026-08-27,CM,NSE,STK,765040,INE373T01047,BLUECLOUDS,EQ,,,,,BLUE CLOUD SOFTECH SOLU L,20.64,20.85,19.9,20.43,20.6,20.02,,20.44,,,4216077,85621238.18,8737,F1,1,,,,,
2026-08-27,2026-08-27,CM,NSE,STK,20261,INE202E01016,IREDA,EQ,,,,,INDIAN RENEWABLE ENERGY,118.1,118.4,116.3,117.4,117.4,118.8,,117.37,,,4163114,488028551.25,24867,F1,1,,,,,
2026-08-27,2026-08-27,CM,NSE,STK,1134,INE713T01028,APOLLO,EQ,,,,,APOLLO MICRO SYSTEMS LTD,386.0,392.45,385.8,386.35,386.0,388.0,,386.36,,,4108063,1597094496.6,25838,F1,1,,,,,
2026-08-27,2026-08-27,CM,NSE,STK,2319,INE868B01028,NCC,EQ,,,,,NCC LIMITED,147.19,152.6,147.19,150.29,150.0,147.2,,150.29,,,4102590,616593530.49,34447,F1,1,,,,,
2026-08-27,2026-08-27,CM,NSE,STK,765356,INE685T01010,HORIZONIND,EQ,,,,,HORIZON INDUSTRIAL PRKS L,55.51,57.5,55.51,56.78,56.65,56.78,,56.78,,,4091943,231972763.6,20326,F1,1,,,,,
2026-08-27,2026-08-27,CM,NSE,STK,928,INE086A01029,ELECTCAST,EQ,,,,,ELECTROSTEEL CASTINGS LTD,77.6,81.25,77.3,78.99,79.0,77.65,,78.99,,,4091262,325431214.18,25125,F1,1,,,,,
2026-08-27,2026-08-27,CM,NSE,STK,13295,INE286H01012,VISACHROME,EQ,,,,,VISA CHROME LIMITED,37.0,37.99,36.0,37.21,37.85,37.3,,37.33,,,4085526,151160362.62,4097,F1,1,,,,,
2026-08-27,2026-08-27,CM,NSE,STK,3594,INE694A01020,UNITECH,EQ,,,,,UNITECH LTD,4.0,4.02,3.9,3.92,3.93,3.96,,3.92,,,4084051,16070220.29,2006,F1,1,,,,,
2026-08-27,2026-08-27,CM,NSE,STK,11821,INE191B01025,WELCORP,EQ,,,,,WELSPUN CORP LIMITED,2315.0,2437.3,2313.7,2405.8,2406.0,2306.7,,2405.84,,,4076090,9791663800.2,189282,F1,1,,,,,
2026-08-27,2026-08-27,CM,NSE,STK,11223,INE691A01018,UCOBANK,EQ,,,,,UCO BANK,26.12,26.23,25.45,25.49,25.5,26.19,,25.49,,,4071522,104806093.13,13410,F1,1,,,,,
2026-08-27,2026-08-27,CM,NSE,STK,20329,INE180C01042,CGCL,EQ,,,,,CAPRI GLOBAL CAPITAL LTD,254.95,254.95,243.85,244.8,244.58,256.35,,244.8,,,4059351,1010144716.84,38574,F1,1,,,,,
2026-08-27,2026-08-27,CM,NSE,STK,761469,INE12UN01015,SHADOWFAX,EQ,,,,,SHADOWFAX TECHNOLOGIES L,246.0,253.2,235.5,238.6,239.85,246.14,,238.57,,,4055797,990470395.64,35592,F1,1,,,,,
2026-08-27,2026-08-27,CM,NSE,STK,9741,INE088F01024,PARADEEP,EQ,,,,,PARADEEP PHOSPHATES LTD,162.91,162.92,159.61,160.55,160.55,163.84,,160.55,,,4038004,649485161.46,36098,F1,1,,,,,
2026-08-27,2026-08-27,CM,NSE,STK,9599,INE148O01028,DELHIVERY,EQ,,,,,DELHIVERY LIMITED,450.0,466.65,449.15,466.0,466.0,449.0,,465.97,,,4020754,1855552877.55,68796,F1,1,,,,,
2026-08-27,2026-08-27,CM,NSE,STK,759477,INE01TY01017,CANHLIFE,EQ,,,,,CANARA HSBC LIFE INS CO L,154.0,159.9,152.31,156.89,156.8,153.88,,156.89,,,3945084,617977612.32,36857,F1,1,,,,,
2026-08-27,2026-08-27,CM,NSE,STK,1406,INE094A01015,HINDPETRO,EQ,,,,,HINDUSTAN PETROLEUM CORP,375.45,376.25,368.9,371.0,371.0,375.5,,371.0,,,3872498,1437888584.8,46621,F1,1,,,,,
2026-08-27,2026-08-27,CM,NSE,STK,762663,INE669R01026,ELITECON,EQ,,,,,ELITECON INTERNATIONAL L,12.64,12.64,11.78,11.78,11.78,12.39,,11.78,,,3843227,45373488.02,5018,F1,1,,,,,
2026-08-27,2026-08-27,CM,NSE,STK,3048,INE109A01011,SCI,EQ,,,,,SHIPPING CORP OF INDIA LT,289.45,300.85,289.4,292.55,293.4,288.5,,292.55,,,3800765,1123905648.9,46834,F1,1,,,,,
2026-08-27,2026-08-27,CM,NSE,STK,10485,INE207E01023,RAMRAT,EQ,,,,,RAM RATNA WIRES LIMITED,528.35,580.5,526.0,569.6,570.2,523.7,,569.6,,,3785377,2137791134.0,81558,F1,1,,,,,
2026-08-27,2026-08-27,CM,NSE,STK,324,INE732I01021,ANGELONE,EQ,,,,,ANGEL ONE LIMITED,298.85,300.2,294.9,295.9,295.9,298.85,,295.9,,,3766886,1120876857.8,37546,F1,1,,,,,
2026-08-27,2026-08-27,CM,NSE,STK,14707,INE508G01029,TIMETECHNO,EQ,,,,,TIME TECHNOPLAST LTD.,186.3,187.99,184.25,185.67,186.0,185.3,,185.67,,,3679157,683346350.52,16771,F1,1,,,,,
2026-08-27,2026-08-27,CM,NSE,STK,1363,INE038A01020,HINDALCO,EQ,,,,,HINDALCO  INDUSTRIES  LTD,1060.5,1061.8,1020.05,1024.0,1024.0,1053.0,,1024.0,,,3635432,3751257734.9,81732,F1,1,,,,,
2026-08-27,2026-08-27,CM,NSE,STK,17801,INE093R01011,LLOYDSENGG,EQ,,,,,LLOYDS ENGG WORK LIMITED,88.8,89.6,87.15,87.56,87.85,88.51,,87.56,,,3585591,315781883.93,20283,F1,1,,,,,
2026-08-27,2026-08-27,CM,NSE,STK,14889,INE022I01019,ASIANTILES,EQ,,,,,ASIAN GRANITO IND. LTD.,47.0,47.55,46.77,47.02,47.31,46.72,,47.02,,,3539428,166504024.58,4056,F1,1,,,,,
2026-08-27,2026-08-27,CM,NSE,STK,11667,INE366A01041,DWARKESH,EQ,,,,,DWARIKESH SUGAR IND LTD,54.09,55.5,50.49,51.18,50.8,53.75,,51.18,,,3534020,186561766.68,14215,F1,1,,,,,
2026-08-27,2026-08-27,CM,NSE,STK,764553,INE01NH01023,DHOOTTRANS,EQ,,,,,DHOOT TRANSMISSION LTD,1577.05,1584.85,1473.0,1499.85,1486.0,1575.55,,1499.87,,,3496927,5368284759.55,138746,F1,1,,,,,
2026-08-27,2026-08-27,CM,NSE,STK,8110,INE699H01024,AWL,EQ,,,,,AWL AGRI BUSINESS LIMITED,202.0,203.88,198.12,199.74,199.13,201.9,,199.74,,,3440924,689566318.42,38199,F1,1,,,,,
2026-08-27,2026-08-27,CM,NSE,STK,31415,INE095N01031,NBCC,EQ,,,,,NBCC (INDIA) LIMITED,89.25,89.67,88.42,88.6,88.6,89.21,,88.6,,,3405853,302688743.37,17278,F1,1,,,,,
2026-08-27,2026-08-27,CM,NSE,STK,14255,INE891D01026,REDINGTON,EQ,,,,,REDINGTON LIMITED,355.0,365.2,354.2,358.4,357.3,354.2,,358.4,,,3395377,1223100386.6,54217,F1,1,,,,,
2026-08-27,2026-08-27,CM,NSE,STK,6705,INE982J01020,PAYTM,EQ,,,,,ONE 97 COMMUNICATIONS LTD,1720.4,1731.0,1679.0,1679.0,1679.0,1716.0,,1679.18,,,3395055,5799763256.0,88285,F1,1,,,,,
2026-08-27,2026-08-27,CM,NSE,STK,30108,INE647O01011,ABFRL,EQ,,,,,ADITYA BIRLA FASHION & RT,54.53,54.8,53.47,53.64,53.65,54.52,,53.64,,,3324887,179556410.0,19123,F1,1,,,,,
2026-08-27,2026-08-27,CM,NSE,STK,24948,INE498L01015,LTF,EQ,,,,,L&T FINANCE LIMITED,323.15,323.65,318.6,321.9,321.9,322.2,,321.78,,,3273758,1052571671.5,30810,F1,1,,,,,
2026-08-27,2026-08-27,CM,NSE,STK,2283,INE103A01014,MRPL,EQ,,,,,MRPL,173.2,174.51,169.22,170.8,170.3,173.61,,170.8,,,3267127,558762823.72,25243,F1,1,,,,,
2026-08-27,2026-08-27,CM,NSE,STK,15119,INE532F01054,EDELWEISS,EQ,,,,,EDELWEISS FIN SERV LTD,127.7,128.64,124.1,124.61,124.3,127.47,,124.61,,,3254716,410065878.03,23685,F1,1,,,,,
2026-08-27,2026-08-27,CM,NSE,STK,7929,INE010B01027,ZYDUSLIFE,EQ,,,,,ZYDUS LIFESCIENCES LTD,1160.0,1195.4,1142.1,1189.2,1189.2,1150.0,,1189.2,,,3168135,3712031365.4,57357,F1,1,,,,,
2026-08-27,2026-08-27,CM,NSE,STK,16859,INE325D01025,SINDHUTRAD,EQ,,,,,SINDHU TRADE LINKS LTD,24.98,25.34,24.5,24.99,24.99,25.3,,24.99,,,3096938,77339813.44,13253,F1,1,,,,,
2026-08-27,2026-08-27,CM,NSE,STK,14003,INE966H01019,ZEEMEDIA,EQ,,,,,ZEE MEDIA CORPORATION LTD,8.93,9.09,8.55,8.61,8.65,8.92,,8.61,,,2989191,26014864.91,3301,F1,1,,,,,
2026-08-27,2026-08-27,CM,NSE,STK,17053,INE0ECP01024,HMAAGRO,EQ,,,,,HMA AGRO INDUSTRIES LTD,21.0,21.32,20.8,20.9,20.91,20.96,,20.9,,,2987601,62583920.79,2831,F1,1,,,,,
2026-08-27,2026-08-27,CM,NSE,STK,758973,INE01R501028,VIKRAN,EQ,,,,,VIKRAN ENGINEERING LTD,59.5,61.6,59.2,59.47,59.63,59.21,,59.47,,,2955039,178975314.66,11892,F1,1,,,,,
2026-08-27,2026-08-27,CM,NSE,STK,8833,INE425B01027,BCG,EQ,,,,,BRIGHTCOM GROUP LIMITED,9.1,9.12,9.0,9.03,9.05,9.07,,9.03,,,2937320,26563579.18,3888,F1,1,,,,,
2026-08-27,2026-08-27,CM,NSE,STK,6364,INE139A01034,NATIONALUM,EQ,,,,,NATIONAL ALUMINIUM CO LTD,399.3,403.35,388.0,389.3,389.3,399.3,,389.31,,,2903197,1143261375.45,41467,F1,1,,,,,
2026-08-27,2026-08-27,CM,NSE,STK,17869,INE121E01018,JSWENERGY,EQ,,,,,JSW ENERGY LIMITED,544.15,545.9,528.3,542.1,542.1,543.5,,541.85,,,2902000,1564817402.1,49579,F1,1,,,,,
2026-08-27,2026-08-27,CM,NSE,STK,79,INE426A01027,ALEMBICLTD,EQ,,,,,ALEMBIC LIMITED,99.0,104.45,97.85,102.77,102.44,98.7,,102.76,,,2895906,296865047.45,21355,F1,1,,,,,
2026-08-27,2026-08-27,CM,NSE,STK,763299,INE361K01017,GRADIENTE,EQ,,,,,GRADIENTE INFOTAINMENT L,2.57,2.77,2.57,2.71,2.67,2.7,,2.71,,,2884018,7467636.34,337,F1,1,,,,,
2026-08-27,2026-08-27,CM,NSE,STK,765291,INE1EEM01017,BLEL,EQ,,,,,BEHARI LAL ENGINEERING L,469.0,483.0,458.2,469.85,463.6,470.85,,469.81,,,2844518,1338289788.5,43885,F1,1,,,,,
2026-08-27,2026-08-27,CM,NSE,STK,19020,INE880J01026,JSWINFRA,EQ,,,,,JSW INFRASTRUCTURE LTD,345.05,348.0,334.3,337.95,338.0,344.95,,337.94,,,2833326,962192992.6,54000,F1,1,,,,,
2026-08-27,2026-08-27,CM,NSE,STK,419,INE922A01025,BEPL,EQ,,,,,BHANSALI ENG. POLYMERS LT,128.5,128.8,120.9,121.43,121.2,128.35,,121.44,,,2815113,345283690.06,22431,F1,1,,,,,
2026-08-27,2026-08-27,CM,NSE,STK,15337,INE855B01025,RAIN,EQ,,,,,RAIN INDUSTRIES LIMITED,195.72,200.63,193.1,194.38,194.0,195.78,,194.39,,,2796963,552970116.32,21934,F1,1,,,,,
2026-08-27,2026-08-27,CM,NSE,STK,17376,INE688J01023,LANDSMILL,EQ,,,,,LANDSMILL GREEN LIMITED,0.7,0.72,0.68,0.69,0.69,0.7,,0.69,,,2793423,1953304.37,775,F1,1,,,,,
2026-08-27,2026-08-27,CM,NSE,STK,763800,INE2FMX01012,AASTHA,EQ,,,,,AASTHA SPINTEX LIMITED,88.37,88.37,88.36,88.36,88.37,80.34,,88.36,,,2787093,246290710.86,3220,F1,1,,,,,
2026-08-27,2026-08-27,CM,NSE,STK,763784,INE1YPB01014,AGL,EQ,,,,,ALLCARGO GLOBAL LIMITED,14.22,14.85,14.22,14.34,14.33,14.32,,14.34,,,2786057,40548765.57,5799,F1,1,,,,,
2026-08-27,2026-08-27,CM,NSE,STK,757645,INE0LEZ01016,ATHERENERG,EQ,,,,,ATHER ENERGY LIMITED,1485.0,1513.0,1472.3,1495.3,1495.3,1494.6,,1493.54,,,2754306,4123244610.6,68604,F1,1,,,,,
2026-08-27,2026-08-27,CM,NSE,STK,1802,INE197A01024,JYOTISTRUC,EQ,,,,,JYOTI STRUCTURES LTD,10.32,10.46,10.16,10.19,10.17,10.32,,10.19,,,2753746,28282561.29,3584,F1,1,,,,,
2026-08-27,2026-08-27,CM,NSE,STK,13251,INE190H01024,SAKUMA,EQ,,,,,SAKUMA EXPORTS LIMITED,1.88,1.9,1.68,1.71,1.71,1.79,,1.71,,,2753012,4811273.98,2540,F1,1,,,,,
2026-08-27,2026-08-27,CM,NSE,STK,11723,INE019A01038,JSWSTEEL,EQ,,,,,JSW STEEL LIMITED,1351.0,1351.0,1330.0,1337.5,1337.5,1341.0,,1337.5,,,2647838,3542646158.3,72599,F1,1,,,,,
2026-08-27,2026-08-27,CM,NSE,STK,760726,INE05XR01022,BHARATCOAL,EQ,,,,,BHARAT COKING COAL LTD,34.3,34.65,34.1,34.17,34.19,34.43,,34.17,,,2637511,90483623.84,9778,F1,1,,,,,
2026-08-27,2026-08-27,CM,NSE,STK,2275,INE01GN01025,IRISDOREME,EQ,,,,,IRIS CLOTHINGS LIMITED,57.61,58.18,56.66,57.93,57.7,57.85,,57.93,,,2582866,148091727.09,5122,F1,1,,,,,
2026-08-27,2026-08-27,CM,NSE,STK,762163,INE0LZF01039,CORDELIA,EQ,,,,,WATERWAYS LEISURE TOUR L,107.05,107.05,104.05,105.0,105.05,109.5,,105.0,,,2571955,269734925.4,10201,F1,1,,,,,
2026-08-27,2026-08-27,CM,NSE,STK,6663,INE0D0K01022,SIGACHI,EQ,,,,,SIGACHI INDUSTRIES LTD,33.85,33.86,32.06,32.51,32.42,33.64,,32.51,,,2562407,83868986.16,8828,F1,1,,,,,
2026-08-27,2026-08-27,CM,NSE,STK,25178,INE419M01035,TDPOWERSYS,EQ,,,,,TD POWER SYSTEMS LTD.,730.2,765.5,730.2,740.6,738.6,727.8,,740.62,,,2552484,1915390739.5,76596,F1,1,,,,,
2026-08-27,2026-08-27,CM,NSE,STK,11253,INE192B01031,WELSPUNLIV,EQ,,,,,WELSPUN LIVING LIMITED,190.11,192.8,187.6,192.29,192.45,190.63,,192.29,,,2534490,482798034.04,23761,F1,1,,,,,
2026-08-27,2026-08-27,CM,NSE,STK,757772,INE756I01012,HDBFS,EQ,,,,,HDB FINANCIAL SERVICES L,687.5,693.5,682.0,685.15,685.0,687.5,,685.15,,,2515560,1726505568.55,29343,F1,1,,,,,
2026-08-27,2026-08-27,CM,NSE,STK,19585,INE118H01025,BSE,EQ,,,,,BSE LIMITED,3344.0,3386.6,3312.1,3328.0,3328.0,3325.6,,3328.0,,,2498105,8351090210.4,105456,F1,1,,,,,
2026-08-27,2026-08-27,CM,NSE,STK,467,INE795G01014,HDFCLIFE,EQ,,,,,HDFC LIFE INS CO LTD,553.1,557.0,548.0,548.0,548.0,553.0,,547.97,,,2474974,1368986766.55,53184,F1,1,,,,,
2026-08-27,2026-08-27,CM,NSE,STK,2331,INE854B01010,JAYNECOIND,EQ,,,,,JAYASWAL NECO INDUSTR LTD,102.9,103.62,100.67,101.09,101.02,102.23,,101.09,,,2438834,249071222.66,17524,F1,1,,,,,
2026-08-27,2026-08-27,CM,NSE,STK,11999,INE512B01022,FCSSOFT,EQ,,,,,FCS SOFTWARE SOLN. LTD.,1.54,1.54,1.44,1.45,1.47,1.51,,1.45,,,2435926,3608435.01,1302,F1,1,,,,,
2026-08-27,2026-08-27,CM,NSE,STK,28913,INE847C01020,ROSSELLIND,EQ,,,,,ROSSELL INDIA LIMITED,66.0,73.0,55.82,56.99,56.75,61.77,,57.02,,,2432924,161120169.45,16194,F1,1,,,,,
2026-08-27,2026-08-27,CM,NSE,STK,13637,INE780C01023,JMFINANCIL,EQ,,,,,JM FINANCIAL LIMITED,132.25,133.4,130.0,130.45,130.25,132.84,,130.39,,,2417959,317277166.41,22055,F1,1,,,,,
2026-08-27,2026-08-27,CM,NSE,STK,29482,INE613C01026,MCLOUD,EQ,,,,,MAGELLANIC CLOUD LIMITED,28.98,29.27,27.6,27.79,27.8,28.87,,27.79,,,2410252,68033173.77,6209,F1,1,,,,,
2026-08-27,2026-08-27,CM,NSE,STK,25744,INF769K01LY7,METAL,EQ,,,,,MIRAEAMC - METAL,13.59,13.79,13.42,13.56,13.58,13.7,,13.56,,,2407949,32829873.15,4180,F1,1,,,,,
2026-08-27,2026-08-27,CM,NSE,STK,18226,INE949H01023,MANINFRA,EQ,,,,,MAN INFRA LTD,116.85,116.9,114.9,115.46,115.1,114.51,,115.46,,,2358626,273281348.82,12055,F1,1,,,,,
2026-08-27,2026-08-27,CM,NSE,STK,758165,INF666M01LM6,GROWWPOWER,EQ,,,,,GROWWAMC - GROWWPOWER,11.4,11.43,11.29,11.32,11.43,11.35,,11.32,,,2349725,26607946.74,2445,F1,1,,,,,
2026-08-27,2026-08-27,CM,NSE,STK,23607,INE011E01029,BALUFORGE,EQ,,,,,BALU FORGE INDUSTRIES LTD,641.0,648.0,626.5,632.9,634.0,638.9,,632.9,,,2329733,1483806617.1,29298,F1,1,,,,,
2026-08-27,2026-08-27,CM,NSE,STK,10238,INE552D01024,CONFIPET,EQ,,,,,CONFIDENCE PETRO IND LTD.,79.66,80.86,78.22,79.01,78.51,79.69,,79.01,,,2291261,181807347.8,14996,F1,1,,,,,
2026-08-27,2026-08-27,CM,NSE,STK,22832,INF769K01LC3,SMALLCAP,EQ,,,,,MIRAEAMC - SMALLCAP,49.35,49.38,49.03,49.11,49.06,49.09,,49.1,,,2284952,112369164.92,2802,F1,1,,,,,
2026-08-27,2026-08-27,CM,NSE,STK,11809,INE530B01024,IIFL,EQ,,,,,IIFL FINANCE LIMITED,650.0,659.6,632.0,635.65,636.0,654.05,,635.64,,,2283168,1466792160.35,51410,F1,1,,,,,
2026-08-27,2026-08-27,CM,NSE,STK,17752,INE790G01031,SHILPAMED,EQ,,,,,SHILPA MEDICARE LTD,860.75,919.0,858.65,901.85,909.8,860.75,,901.81,,,2274142,2008115846.15,51129,F1,1,,,,,
2026-08-27,2026-08-27,CM,NSE,STK,11884,INE993A01026,MANINDS,EQ,,,,,MAN INDUSTRIES (I) LTD.,708.0,783.4,705.85,767.45,772.0,703.1,,767.47,,,2263237,1696219027.05,59269,F1,1,,,,,
2026-08-27,2026-08-27,CM,NSE,STK,20110,INE999K01014,GREENPOWER,EQ,,,,,ORIENT GREEN POWER CO LTD,9.54,9.59,9.32,9.41,9.42,9.53,,9.41,,,2260892,21340268.73,2905,F1,1,,,,,
2026-08-27,2026-08-27,CM,NSE,STK,2606,INE970X01018,LEMONTREE,EQ,,,,,LEMON TREE HOTELS LTD,108.89,109.53,107.26,107.69,107.85,108.75,,107.69,,,2259074,244030443.23,26860,F1,1,,,,,
2026-08-27,2026-08-27,CM,NSE,STK,756090,INE0OC301013,TURTLEMINT,EQ,,,,,TURTLEMINT FINTECH SOLS L,146.81,155.0,146.36,153.64,152.82,146.86,,153.64,,,2249566,342152144.96,22474,F1,1,,,,,
2026-08-27,2026-08-27,CM,NSE,STK,6718,INE806T01020,SAPPHIRE,EQ,,,,,SAPPHIRE FOODS INDIA LTD,249.0,257.19,238.15,239.74,240.17,249.68,,239.73,,,2247967,551084496.07,44207,F1,1,,,,,
2026-08-27,2026-08-27,CM,NSE,STK,1628,INE495P01020,BECTORFOOD,EQ,,,,,MRS BECTORS FOOD SPE LTD,243.3,244.79,236.52,238.12,238.7,243.24,,238.13,,,2239423,541092102.73,15135,F1,1,,,,,
2026-08-27,2026-08-27,CM,NSE,STK,14602,INE855C01023,WEBELSOLAR,EQ,,,,,WEBSOL ENERGY SYSTEM LTD,78.55,80.7,76.8,77.29,77.9,78.27,,77.28,,,2179657,170772578.06,15524,F1,1,,,,,
2026-08-27,2026-08-27,CM,NSE,STK,759453,INE078V01014,VIKRAMSOLR,EQ,,,,,VIKRAM SOLAR LIMITED,172.14,176.3,171.03,172.01,172.15,171.85,,172.01,,,2177845,378269862.66,17412,F1,1,,,,,
2026-08-27,2026-08-27,CM,NSE,STK,5748,INE136B01020,CYIENT,EQ,,,,,CYIENT LIMITED,1045.0,1059.0,1028.0,1052.7,1050.6,1047.7,,1052.68,,,2172515,2278694548.2,57007,F1,1,,,,,
2026-08-27,2026-08-27,CM,NSE,STK,1250,INE172A01027,CASTROLIND,EQ,,,,,CASTROL INDIA LIMITED,186.56,187.4,184.9,185.27,186.42,186.75,,185.27,,,2163286,402478900.51,27706,F1,1,,,,,
2026-08-27,2026-08-27,CM,NSE,STK,28899,INE602G01020,KITEX,EQ,,,,,KITEX GARMENTS LTD,126.74,134.95,125.75,129.86,129.0,126.8,,129.86,,,2143828,282492879.72,21542,F1,1,,,,,
2026-08-27,2026-08-27,CM,NSE,STK,10407,INE013801027,KSHITIJPOL,EQ,,,,,KSHITIJ POLYLINE LIMITED,3.03,3.19,2.96,3.01,3.0,3.11,,3.01,,,2142718,6468564.82,1510,F1,1,,,,,
2026-08-27,2026-08-27,CM,NSE,STK,9902,INE02EZ01022,AXITA,EQ,,,,,AXITA COTTON LIMITED,8.09,8.11,7.8,7.98,7.99,8.05,,7.98,,,2141370,17126818.99,1055,F1,1,,,,,
2026-08-27,2026-08-27,CM,NSE,STK,7411,INE00S901012,NILASPACES,EQ,,,,,NILA SPACES LIMITED,13.0,13.24,12.24,12.43,12.5,12.93,,12.43,,,2111213,26472903.76,3874,F1,1,,,,,
2026-08-27,2026-08-27,CM,NSE,STK,4244,INE127D01025,HDFCAMC,EQ,,,,,HDFC AMC LIMITED,2667.9,2691.0,2559.9,2575.0,2575.0,2667.9,,2575.0,,,2101778,5442864831.9,130003,F1,1,,,,,
2026-08-27,2026-08-27,CM,NSE,STK,31181,INE745G01043,MCX,EQ,,,,,MULTI COMMODITY EXCHANGE,3330.0,3362.0,3270.8,3273.0,3273.0,3350.0,,3272.95,,,2087896,6901411657.3,97557,F1,1,,,,,
2026-08-27,2026-08-27,CM,NSE,STK,4067,INE196A01026,MARICO,EQ,,,,,MARICO LIMITED,833.1,837.75,825.8,833.5,833.5,833.0,,833.55,,,2081594,1730832157.25,58047,F1,1,,,,,
2026-08-27,2026-08-27,CM,NSE,STK,17433,INE0NT901020,NETWEB,EQ,,,,,NETWEB TECH INDIA LTD,5380.0,5450.1,5250.0,5272.2,5295.1,5271.9,,5272.28,,,2077974,11071142691.0,156413,F1,1,,,,,
2026-08-27,2026-08-27,CM,NSE,STK,4693,INE810G01011,SHYAMMETL,EQ,,,,,SHYAM METALICS AND ENGY L,1040.5,1083.9,1031.0,1042.4,1040.0,1040.5,,1042.38,,,2075025,2181429401.5,54959,F1,1,,,,,
2026-08-27,2026-08-27,CM,NSE,STK,28952,INE741L01018,DUCON,EQ,,,,,DUCON INFRATECHNOLOGIES L,2.34,2.4,2.16,2.17,2.19,2.35,,2.17,,,2072072,4713827.24,1268,F1,1,,,,,
2026-08-27,2026-08-27,CM,NSE,STK,220,INE022Q01020,IEX,EQ,,,,,INDIAN ENERGY EXC LTD,122.0,122.95,121.65,122.0,122.0,122.0,,122.0,,,2063529,252251019.47,30386,F1,1,,,,,
2026-08-27,2026-08-27,CM,NSE,STK,15083,INE742F01042,ADANIPORTS,EQ,,,,,ADANI PORT & SEZ LTD,1703.0,1719.0,1691.2,1714.0,1714.0,1691.5,,1710.15,,,2044450,3487483082.7,113610,F1,1,,,,,
2026-08-27,2026-08-27,CM,NSE,STK,5701,INE491A01021,CUB,EQ,,,,,CITY UNION BANK LTD,225.7,230.7,225.14,229.23,229.0,226.8,,229.22,,,2031290,464031820.36,39630,F1,1,,,,,
2026-08-27,2026-08-27,CM,NSE,STK,9685,INE064C01022,TRIDENT,EQ,,,,,TRIDENT LIMITED,24.45,24.55,24.35,24.38,24.4,24.44,,24.38,,,2020489,49343051.46,9171,F1,1,,,,,
2026-08-27,2026-08-27,CM,NSE,STK,21362,INE170V01027,SALASAR,EQ,,,,,SALASAR TECHNO ENGG. LTD.,5.95,5.97,5.87,5.88,5.9,5.95,,5.88,,,1996275,11780122.33,1976,F1,1,,,,,
2026-08-27,2026-08-27,CM,NSE,STK,11351,INE347G01014,PETRONET,EQ,,,,,PETRONET LNG LIMITED,290.0,293.35,289.6,290.95,290.95,289.0,,290.95,,,1988032,580866513.45,62181,F1,1,,,,,
2026-08-27,2026-08-27,CM,NSE,STK,13538,INE669C01036,TECHM,EQ,,,,,TECH MAHINDRA LIMITED,1571.6,1600.0,1571.6,1585.0,1585.0,1571.0,,1585.21,,,1979336,3144864224.2,78804,F1,1,,,,,
2026-08-27,2026-08-27,CM,NSE,STK,19731,INE517F01014,GPPL,EQ,,,,,GUJARAT PIPAVAV PORT LTD,171.0,172.43,168.43,169.1,169.0,169.46,,169.1,,,1964090,334246026.3,28648,F1,1,,,,,
2026-08-27,2026-08-27,CM,NSE,STK,676,INE302A01020,EXIDEIND,EQ,,,,,EXIDE INDUSTRIES LTD,444.05,447.3,435.15,437.75,436.9,444.0,,437.74,,,1956990,862486977.9,41654,F1,1,,,,,
2026-08-27,2026-08-27,CM,NSE,STK,4957,INE691Z01023,GANGAFORGE,EQ,,,,,GANGA FORGING LIMITED,1.69,1.69,1.69,1.69,1.69,1.77,,1.69,,,1953251,3300994.19,1179,F1,1,,,,,
2026-08-27,2026-08-27,CM,NSE,STK,762971,INE731F01037,WELSPLSOL,EQ,,,,,WELSPUN SPECIALTY SOL L,55.0,57.6,53.4,54.03,53.51,54.71,,54.03,,,1948887,108403526.45,12214,F1,1,,,,,
2026-08-27,2026-08-27,CM,NSE,STK,7229,INE860A01027,HCLTECH,EQ,,,,,HCL TECHNOLOGIES LTD,1295.0,1304.7,1280.0,1282.0,1282.0,1298.5,,1282.09,,,1936771,2492445917.7,69854,F1,1,,,,,
2026-08-27,2026-08-27,CM,NSE,STK,756827,INF666M01OF4,GROWWSLVR,EQ,,,,,GROWWAMC - GROWWSLVR,24.07,24.07,22.94,23.2,23.13,23.57,,23.2,,,1928118,44655300.6,3681,F1,1,,,,,
2026-08-27,2026-08-27,CM,NSE,STK,760234,INE947N01017,AEQUS,EQ,,,,,AEQUS LIMITED,251.0,251.4,245.0,246.66,247.25,251.66,,246.66,,,1923847,476913530.22,25258,F1,1,,,,,
2026-08-27,2026-08-27,CM,NSE,STK,4684,INE073K01018,SONACOMS,EQ,,,,,SONA BLW PRECISION FRGS L,795.0,819.0,795.0,819.0,819.0,795.0,,818.69,,,1914972,1552225031.8,52706,F1,1,,,,,
2026-08-27,2026-08-27,CM,NSE,STK,1145,INE162A01010,GIPCL,EQ,,,,,GUJ IND POW CO. LTD,200.0,204.55,196.0,200.48,200.8,201.47,,200.48,,,1894457,382105651.81,27479,F1,1,,,,,
2026-08-27,2026-08-27,CM,NSE,STK,13951,INE074B01023,PARACABLES,EQ,,,,,PARAMOUNT COMM LTD,60.08,61.52,58.28,59.37,59.06,60.08,,59.37,,,1875208,112347660.08,6688,F1,1,,,,,
2026-08-27,2026-08-27,CM,NSE,STK,10599,INE844O01030,GUJENERGY,EQ,,,,,GUJARAT ENERGY LIMITED,254.0,257.3,249.05,250.35,251.0,253.95,,250.35,,,1870939,472566331.4,39942,F1,1,,,,,
2026-08-27,2026-08-27,CM,NSE,STK,341,INE119A01028,BALRAMCHIN,EQ,,,,,BALRAMPUR CHINI MILLS LTD,677.95,679.0,636.8,649.95,643.7,674.35,,649.91,,,1870911,1236472631.15,36254,F1,1,,,,,
2026-08-27,2026-08-27,CM,NSE,STK,2031,INE101A01026,M&M,EQ,,,,,MAHINDRA & MAHINDRA LTD,3410.0,3420.0,3330.0,3330.0,3330.0,3398.2,,3333.64,,,1853016,6233340225.6,113736,F1,1,,,,,
2026-08-27,2026-08-27,CM,NSE,STK,25584,INE152M01016,TRITURBINE,EQ,,,,,TRIVENI TURBINE LIMITED,575.05,604.05,575.05,583.45,583.05,574.4,,583.49,,,1852490,1092927949.8,93677,F1,1,,,,,
2026-08-27,2026-08-27,CM,NSE,STK,27037,INE760L01018,TBZ,EQ,,,,,TRIB BHIMJI ZAVERI LTD,308.05,312.7,300.4,306.1,303.0,305.8,,306.13,,,1842044,565180556.45,28886,F1,1,,,,,
2026-08-27,2026-08-27,CM,NSE,STK,765387,INE1B3O01011,SUNSHINE,EQ,,,,,SUNSHINE PICTURES LIMITED,368.0,378.0,366.3,368.1,367.5,367.2,,368.09,,,1816347,672872398.6,21677,F1,1,,,,,
2026-08-27,2026-08-27,CM,NSE,STK,12188,INE510W01014,INOXGREEN,EQ,,,,,INOX GREEN ENERGY SER LTD,174.48,174.59,170.6,172.18,170.8,174.48,,172.17,,,1810872,311524614.66,8740,F1,1,,,,,
2026-08-27,2026-08-27,CM,NSE,STK,18608,INE07K301024,ZAGGLE,EQ,,,,,ZAGGLE PREPA OCEAN SER L,190.07,196.39,187.57,189.43,189.15,190.76,,189.44,,,1804121,345033398.33,18273,F1,1,,,,,
2026-08-27,2026-08-27,CM,NSE,STK,9348,INE565A01014,IOB,EQ,,,,,INDIAN OVERSEAS BANK,33.2,33.23,32.8,32.9,32.99,33.1,,32.9,,,1798508,59273204.72,9870,F1,1,,,,,
2026-08-27,2026-08-27,CM,NSE,STK,25,INE423A01024,ADANIENT,EQ,,,,,ADANI ENTERPRISES LIMITED,3125.0,3169.0,3125.0,3169.0,3169.0,3112.0,,3168.86,,,1793570,5653909232.3,101611,F1,1,,,,,
2026-08-27,2026-08-27,CM,NSE,STK,1838,INE036D01028,KARURVYSYA,EQ,,,,,KARUR VYSYA BANK LTD,356.85,358.5,345.05,346.3,346.0,354.35,,346.3,,,1792437,628361719.15,34099,F1,1,,,,,
2026-08-27,2026-08-27,CM,NSE,STK,4986,INE962Y01021,IRCON,EQ,,,,,IRCON INTERNATIONAL LTD,124.05,125.92,122.1,123.04,122.9,124.05,,123.05,,,1788487,222176977.98,17896,F1,1,,,,,
2026-08-27,2026-08-27,CM,NSE,STK,757614,INE0H9P01028,ARIS,EQ,,,,,ARISINFRA SOLUTIONS LTD,149.04,150.7,143.25,143.89,143.25,147.96,,143.89,,,1780386,261817182.06,12051,F1,1,,,,,
2026-08-27,2026-08-27,CM,NSE,STK,16783,INE200A01026,GVT&D,EQ,,,,,GE VERNOVA T&D INDIA LTD,4420.2,4539.0,4359.6,4407.8,4407.8,4340.0,,4407.61,,,1777971,7912120962.3,144095,F1,1,,,,,
2026-08-27,2026-08-27,CM,NSE,STK,761439,INE313L01016,RSL,EQ,,,,,RAJPUTANA STAINLESS LTD,166.3,174.45,165.94,172.47,172.5,166.59,,172.49,,,1772814,303888052.13,12551,F1,1,,,,,
2026-08-27,2026-08-27,CM,NSE,STK,14732,INE271C01023,DLF,EQ,,,,,DLF LIMITED,679.0,687.5,673.55,676.15,676.15,672.5,,676.13,,,1765924,1202006086.95,31698,F1,1,,,,,
2026-08-27,2026-08-27,CM,NSE,STK,29087,INE0LRY01011,QUADFUTURE,EQ,,,,,QUADRANT FUTURE TEK LTD,415.0,439.8,411.7,432.55,433.0,411.95,,432.54,,,1763494,755496430.4,37362,F1,1,,,,,
2026-08-27,2026-08-27,CM,NSE,STK,11543,INE591G01025,COFORGE,EQ,,,,,COFORGE LIMITED,1884.9,1909.1,1881.0,1901.8,1901.8,1880.0,,1901.78,,,1759661,3340295795.3,56501,F1,1,,,,,
2026-08-27,2026-08-27,CM,NSE,STK,764173,INE640G01020,SBIFUNDS,EQ,,,,,SBI FUNDS MANAGEMENT LTD,562.95,567.4,555.05,562.55,565.0,563.45,,562.52,,,1745658,977515330.8,41807,F1,1,,,,,
2026-08-27,2026-08-27,CM,NSE,STK,764693,INE550F01049,HAZOOR,EQ,,,,,HAZOOR MULTI PROJECTS LTD,20.4,21.0,17.44,20.82,20.52,20.36,,20.79,,,1744484,35283538.2,2494,F1,1,,,,,
2026-08-27,2026-08-27,CM,NSE,STK,17971,INE018E01016,SBICARD,EQ,,,,,SBI CARDS & PAY SER LTD,664.2,665.5,644.45,645.0,645.0,660.1,,644.99,,,1739414,1132837391.95,43044,F1,1,,,,,
2026-08-27,2026-08-27,CM,NSE,STK,6656,INE417T01026,POLICYBZR,EQ,,,,,PB FINTECH LIMITED,1852.0,1852.0,1821.1,1837.9,1837.9,1840.0,,1837.67,,,1734864,3194307257.6,55436,F1,1,,,,,
2026-08-27,2026-08-27,CM,NSE,STK,1508,INE914M01019,ASTERDM,EQ,,,,,ASTER DM QUALITY CARE LTD,762.5,762.5,751.0,754.8,754.6,762.1,,754.81,,,1730822,1308847857.65,69176,F1,1,,,,,
2026-08-27,2026-08-27,CM,NSE,STK,764301,INE084101034,INDOMIM,EQ,,,,,INDO-MIM LIMITED,893.0,924.45,871.2,877.5,877.0,895.75,,877.52,,,1723758,1546108131.0,48199,F1,1,,,,,
2026-08-27,2026-08-27,CM,NSE,STK,11373,INE376G01013,BIOCON,EQ,,,,,BIOCON LIMITED.,415.0,421.6,415.0,418.4,418.4,417.5,,418.39,,,1713404,715205746.0,20864,F1,1,,,,,
2026-08-27,2026-08-27,CM,NSE,STK,763294,INE12F801023,KISSHT,EQ,,,,,ONEMI TECHNOLOGY SOL LTD,306.4,309.5,297.0,303.1,303.65,306.55,,303.1,,,1710152,519861997.1,32985,F1,1,,,,,
2026-08-27,2026-08-27,CM,NSE,STK,11536,INE467B01029,TCS,EQ,,,,,TATA CONSULTANCY SERV LT,2270.0,2283.6,2243.9,2248.4,2248.4,2270.0,,2250.14,,,1709113,3854863391.0,131520,F1,1,,,,,
2026-08-27,2026-08-27,CM,NSE,STK,15174,INE763I01026,TARIL,EQ,,,,,TRANS & RECTI. LTD,304.0,313.35,302.0,304.15,303.0,304.0,,304.17,,,1666044,512597943.25,26691,F1,1,,,,,
2026-08-27,2026-08-27,CM,NSE,STK,31258,INE875G01048,NDL,EQ,,,,,NANDAN DENIM LIMITED,3.04,3.08,2.95,2.96,2.96,3.01,,2.96,,,1666013,4991742.07,1527,F1,1,,,,,
2026-08-27,2026-08-27,CM,NSE,STK,9428,INE439E01022,SKIPPER,EQ,,,,,SKIPPER LIMITED,546.9,566.75,545.3,558.1,556.7,547.25,,558.08,,,1662168,930147562.05,42456,F1,1,,,,,
2026-08-27,2026-08-27,CM,NSE,STK,765310,INF740KA1ZI7,GSEC10ADD,EQ,,,,,DSPAMC - GSEC10ADD,26.82,26.82,26.82,26.82,26.82,26.9,,26.82,,,1650000,44253000.0,177,F1,1,,,,,
2026-08-27,2026-08-27,CM,NSE,STK,277,INE481Y01014,GICRE,EQ,,,,,GENERAL INS CORP OF INDIA,350.55,356.9,348.5,351.85,353.0,349.75,,351.86,,,1644017,578488856.55,25093,F1,1,,,,,
2026-08-27,2026-08-27,CM,NSE,STK,20790,INE235C01036,SUMEETINDS,EQ,,,,,SUMEET IND LIMITED,13.1,13.42,12.94,12.99,12.94,13.0,,12.99,,,1630062,21455100.64,1513,F1,1,,,,,
2026-08-27,2026-08-27,CM,NSE,STK,758460,INE718I01012,JSWCEMENT,EQ,,,,,JSW CEMENT LIMITED,126.09,127.34,123.61,126.55,127.0,124.97,,126.55,,,1620103,202268934.68,29736,F1,1,,,,,
2026-08-27,2026-08-27,CM,NSE,STK,18391,INE976G01028,RBLBANK,EQ,,,,,RBL BANK LIMITED,382.55,387.0,381.6,385.4,385.4,382.5,,385.39,,,1606356,617498942.7,29935,F1,1,,,,,
2026-08-27,2026-08-27,CM,NSE,STK,21614,INE674K01013,ABCAPITAL,EQ,,,,,ADITYA BIRLA CAPITAL LTD.,410.0,413.1,408.1,410.0,410.0,410.0,,408.94,,,1578229,647490839.75,24311,F1,1,,,,,
2026-08-27,2026-08-27,CM,NSE,STK,11256,INE091G01026,JAIBALAJI,EQ,,,,,JAI BALAJI INDUSTRIES LTD,70.0,71.9,69.16,70.16,70.5,68.58,,70.16,,,1576419,111807119.37,6089,F1,1,,,,,
2026-08-27,2026-08-27,CM,NSE,STK,27061,INE622W01025,ACMESOLAR,EQ,,,,,ACME SOLAR HOLDINGS LTD,395.85,400.95,376.3,386.3,390.0,395.95,,386.3,,,1572541,616359852.1,33376,F1,1,,,,,
2026-08-27,2026-08-27,CM,NSE,STK,11905,INE955D01029,GENUSPOWER,EQ,,,,,GENUS POWER INFRASTRU LTD,342.0,342.95,330.0,332.2,332.0,341.1,,332.21,,,1570672,526764078.05,23655,F1,1,,,,,
2026-08-27,2026-08-27,CM,NSE,STK,759265,INE976I01016,TATACAP,EQ,,,,,TATA CAPITAL LIMITED,372.65,378.0,372.0,376.0,376.0,370.65,,376.0,,,1550014,581342715.3,32381,F1,1,,,,,
2026-08-27,2026-08-27,CM,NSE,STK,21174,INE736A01011,CDSL,EQ,,,,,CENTRAL DEPO SER (I) LTD,1440.0,1445.0,1405.1,1410.8,1410.8,1434.0,,1410.8,,,1543936,2190814361.6,47407,F1,1,,,,,
2026-08-27,2026-08-27,CM,NSE,STK,6733,INE749A01030,JINDALSTEL,EQ,,,,,JINDAL STEEL LIMITED,1176.0,1196.4,1166.6,1170.0,1170.0,1175.4,,1169.91,,,1533812,1813135483.0,49500,F1,1,,,,,
2026-08-27,2026-08-27,CM,NSE,STK,6545,INE388Y01029,NYKAA,EQ,,,,,FSN E COMMERCE VENTURES,340.0,340.35,336.4,338.0,338.0,340.0,,338.0,,,1530501,518178293.7,29236,F1,1,,,,,
2026-08-27,2026-08-27,CM,NSE,STK,25114,INE01FR01028,STYLEBAAZA,EQ,,,,,BAAZAR STYLE RETAIL LTD,408.5,414.7,400.0,401.95,402.55,408.9,,402.05,,,1518926,622731559.1,9500,F1,1,,,,,
2026-08-27,2026-08-27,CM,NSE,STK,1190,INE529A01010,FMGOETZE,EQ,,,,,FEDERAL-MOGUL GOETZE (IND,558.4,558.4,532.0,545.55,544.95,548.7,,545.52,,,1512901,823583957.05,26534,F1,1,,,,,
2026-08-27,2026-08-27,CM,NSE,STK,25049,INE0BS701011,PREMIERENE,EQ,,,,,PREMIER ENERGIES LIMITED,1003.0,1020.0,985.1,1000.0,1000.0,1005.0,,1000.01,,,1498122,1501473389.8,45092,F1,1,,,,,
2026-08-27,2026-08-27,CM,NSE,STK,4907,INE510A01028,ENGINERSIN,EQ,,,,,ENGINEERS INDIA LTD,250.75,252.47,243.5,246.96,246.94,250.36,,246.96,,,1497903,369982614.88,19250,F1,1,,,,,
2026-08-27,2026-08-27,CM,NSE,STK,8954,INE517B01013,TTML,EQ,,,,,TATA TELESERV(MAHARASTRA),37.5,37.68,36.3,36.46,36.55,37.41,,36.46,,,1480267,54501019.7,9617,F1,1,,,,,
2026-08-27,2026-08-27,CM,NSE,STK,22377,INE027H01010,MAXHEALTH,EQ,,,,,MAX HEALTHCARE INS LTD,1006.1,1012.0,999.1,1009.0,1009.0,1005.0,,1009.0,,,1471151,1477050581.3,47356,F1,1,,,,,
2026-08-27,2026-08-27,CM,NSE,STK,422,INE465A01025,BHARATFORG,EQ,,,,,BHARAT FORGE LTD,2006.0,2050.0,2006.0,2050.0,2050.0,2005.0,,2049.96,,,1465432,2978786808.4,41275,F1,1,,,,,
2026-08-27,2026-08-27,CM,NSE,STK,21001,INE608A01012,PSB,EQ,,,,,PUNJAB & SIND BANK,23.5,23.65,23.2,23.32,23.2,23.5,,23.32,,,1461842,34223053.25,3519,F1,1,,,,,
2026-08-27,2026-08-27,CM,NSE,STK,8054,INE614B01018,KTKBANK,EQ,,,,,KARNATAKA BANK LIMITED,336.75,338.8,326.0,327.15,328.0,337.7,,327.16,,,1461115,484707139.55,21649,F1,1,,,,,
2026-08-27,2026-08-27,CM,NSE,STK,17438,INE274J01014,OIL,EQ,,,,,OIL INDIA LTD,469.15,472.95,465.1,469.85,469.85,469.15,,469.84,,,1445687,679381997.9,19938,F1,1,,,,,
2026-08-27,2026-08-27,CM,NSE,STK,20825,INE031A01017,HUDCO,EQ,,,,,HSG & URBAN DEV CORPN LTD,186.95,187.4,181.79,182.63,182.0,186.95,,182.59,,,1437057,264687190.53,20895,F1,1,,,,,
2026-08-27,2026-08-27,CM,NSE,STK,11403,INE511C01022,POONAWALLA,EQ,,,,,POONAWALLA FINCORP LTD,474.65,484.0,471.75,482.35,481.0,472.65,,482.34,,,1434979,688706231.75,33667,F1,1,,,,,
2026-08-27,2026-08-27,CM,NSE,STK,24445,INE976R01033,AGIIL,EQ,,,,,AGI INFRA LIMITED,287.65,295.1,286.1,288.8,288.95,287.9,,288.8,,,1434025,415799188.85,12105,F1,1,,,,,
2026-08-27,2026-08-27,CM,NSE,STK,764357,INE459N01021,MANIPALHOS,EQ,,,,,MANIPAL HEALTH ENTERPRI L,801.0,804.0,783.0,797.95,797.0,795.0,,797.92,,,1421335,1128141392.3,34116,F1,1,,,,,
2026-08-27,2026-08-27,CM,NSE,STK,10579,INE750C01026,MARKSANS,EQ,,,,,MARKSANS PHARMA LIMITED,332.0,332.95,323.05,326.15,325.85,331.05,,326.15,,,1415329,462767235.4,24496,F1,1,,,,,
2026-08-27,2026-08-27,CM,NSE,STK,13285,INE774D01024,M&MFIN,EQ,,,,,M&M FIN. SERVICES LTD,385.85,388.6,380.4,383.35,380.9,385.35,,383.35,,,1390537,533524354.55,28166,F1,1,,,,,
2026-08-27,2026-08-27,CM,NSE,STK,5633,INE168A01041,J&KBANK,EQ,,,,,J & K BANK LTD.,152.2,153.87,151.45,152.17,152.2,152.04,,152.17,,,1374401,209435341.47,15438,F1,1,,,,,
2026-08-27,2026-08-27,CM,NSE,STK,12032,INE128S01021,FIVESTAR,EQ,,,,,FIVE-STAR BUS FIN LTD,512.5,536.0,510.0,533.75,531.25,515.05,,533.74,,,1353731,710539023.65,40322,F1,1,,,,,
2026-08-27,2026-08-27,CM,NSE,STK,18124,INE879I01012,DBREALTY,EQ,,,,,VALOR ESTATE LIMITED,107.0,109.65,106.07,106.85,106.7,106.34,,106.84,,,1335069,143934107.03,10745,F1,1,,,,,
2026-08-27,2026-08-27,CM,NSE,STK,21508,INE704P01025,COCHINSHIP,EQ,,,,,COCHIN SHIPYARD LIMITED,1554.0,1577.9,1534.0,1543.0,1543.0,1547.0,,1543.0,,,1334290,2079016468.3,44209,F1,1,,,,,
2026-08-27,2026-08-27,CM,NSE,STK,18883,INE002L01015,SJVN,EQ,,,,,SJVN LTD,65.86,66.0,65.0,65.26,65.2,65.85,,65.26,,,1317235,85905662.15,14741,F1,1,,,,,
2026-08-27,2026-08-27,CM,NSE,STK,13517,INE548C01032,EMAMILTD,EQ,,,,,EMAMI LIMITED,404.65,404.65,385.25,387.7,387.0,401.45,,387.7,,,1314539,512424018.6,37782,F1,1,,,,,
2026-08-27,2026-08-27,CM,NSE,STK,14450,INE069I01010,EMBDL,EQ,,,,,EMBASSY DEVELOPMENTS LTD,62.18,63.28,61.8,62.16,62.37,62.18,,62.16,,,1313394,81761853.25,8532,F1,1,,,,,
2026-08-27,2026-08-27,CM,NSE,STK,10099,INE102D01028,GODREJCP,EQ,,,,,GODREJ CONSUMER PRODUCTS,930.0,930.0,912.0,923.0,923.0,922.8,,922.98,,,1308144,1201051283.8,36673,F1,1,,,,,
2026-08-27,2026-08-27,CM,NSE,STK,772,INE016A01026,DABUR,EQ,,,,,DABUR INDIA LTD,393.5,394.8,386.05,386.2,386.2,392.2,,386.2,,,1282102,499436096.1,35940,F1,1,,,,,
2026-08-27,2026-08-27,CM,NSE,STK,22663,INE953L01027,JSFB,EQ,,,,,JANA SMALL FIN BANK LTD,551.6,558.0,538.6,544.55,542.0,547.1,,544.53,,,1278810,700271117.4,32162,F1,1,,,,,
2026-08-27,2026-08-27,CM,NSE,STK,22717,INE010601016,ENTERO,EQ,,,,,ENTERO HEALTHCARE SOLU L,1639.0,1786.4,1625.1,1753.5,1745.2,1648.0,,1753.55,,,1277994,2213148012.8,89715,F1,1,,,,,
2026-08-27,2026-08-27,CM,NSE,STK,12847,INE506W01020,KRISHANA,EQ,,,,,KRISHANA PHOSCHEM LIMITED,205.0,206.39,189.67,191.92,190.69,205.16,,191.92,,,1276320,249980059.39,18455,F1,1,,,,,
2026-08-27,2026-08-27,CM,NSE,STK,759728,INE1C6T01020,EMMVEE,EQ,,,,,EMMVEE PHOTOVOLTAIC PWR L,331.8,337.9,325.5,327.3,327.3,332.95,,327.31,,,1276084,421363690.05,28908,F1,1,,,,,
2026-08-27,2026-08-27,CM,NSE,STK,761270,INE598D01035,ALGOQUANT,EQ,,,,,ALGOQUANT FINTECH LIMITED,65.05,66.79,64.38,64.88,65.38,64.98,,64.9,,,1270299,82370339.25,4889,F1,1,,,,,
2026-08-27,2026-08-27,CM,NSE,STK,11287,INE628A01036,UPL,EQ,,,,,UPL LIMITED,587.8,591.0,578.1,578.1,578.1,589.3,,578.11,,,1266550,737690396.45,27117,F1,1,,,,,
2026-08-27,2026-08-27,CM,NSE,STK,857,INE041A01016,DHAMPURSUG,EQ,,,,,DHAMPUR SUGAR MILLS LTD.,186.0,186.2,170.1,170.92,171.52,183.67,,170.92,,,1243818,217801216.25,16480,F1,1,,,,,
2026-08-27,2026-08-27,CM,NSE,STK,13409,INE177H01039,GPIL,EQ,,,,,GODAWARI POW & ISP LTD,246.05,247.49,238.65,240.33,239.95,245.83,,240.32,,,1241037,301608301.13,15607,F1,1,,,,,
2026-08-27,2026-08-27,CM,NSE,STK,25807,INE080I01025,LLOYDSENT,EQ,,,,,LLOYDS ENTERPRISES LTD,74.36,75.42,72.76,72.94,73.06,74.36,,72.94,,,1240418,91479702.07,6117,F1,1,,,,,
2026-08-27,2026-08-27,CM,NSE,STK,27297,INE834M01019,RTNINDIA,EQ,,,,,RATTANINDIA ENT LIMITED,30.24,30.4,30.0,30.1,30.08,30.22,,30.1,,,1230141,37079599.15,5575,F1,1,,,,,
2026-08-27,2026-08-27,CM,NSE,STK,18614,INE08U801020,SAMHI,EQ,,,,,SAMHI HOTELS LIMITED,159.11,160.48,157.1,157.55,157.99,159.1,,157.55,,,1226286,194234801.39,20975,F1,1,,,,,
2026-08-27,2026-08-27,CM,NSE,STK,21749,INE264T01014,CAPACITE,EQ,,,,,CAPACITE INFRAPROJECT LTD,226.5,231.5,221.73,223.16,222.9,227.38,,223.16,,,1225181,277320792.21,22776,F1,1,,,,,
2026-08-27,2026-08-27,CM,NSE,STK,757885,INE0CZ201020,ANTHEM,EQ,,,,,ANTHEM BIOSCIENCES LTD,928.0,942.6,918.65,924.6,922.3,923.05,,924.58,,,1211725,1127976830.9,75848,F1,1,,,,,
2026-08-27,2026-08-27,CM,NSE,STK,7506,INE049B01025,WOCKPHARMA,EQ,,,,,WOCKHARDT LIMITED,1883.1,1987.0,1874.0,1962.0,1971.0,1882.1,,1961.93,,,1210241,2360513572.8,59334,F1,1,,,,,
2026-08-27,2026-08-27,CM,NSE,STK,17279,INE153T01027,BLS,EQ,,,,,BLS INTL SERVS LTD,239.0,239.99,236.95,238.07,237.6,237.76,,238.08,,,1208948,287701263.65,18314,F1,1,,,,,
2026-08-27,2026-08-27,CM,NSE,STK,7412,INF174KA1IA5,ALPHA,EQ,,,,,KOTAKMAMC - KOTAKALPHA,55.35,55.59,55.0,55.08,55.24,55.2,,55.08,,,1201572,66253790.76,3022,F1,1,,,,,
2026-08-27,2026-08-27,CM,NSE,STK,5258,INE095A01012,INDUSINDBK,EQ,,,,,INDUSIND BANK LIMITED,1004.0,1005.3,994.5,1002.9,1002.9,1004.0,,984.75,,,1187891,1187272551.5,35835,F1,1,,,,,
2026-08-27,2026-08-27,CM,NSE,STK,24067,INE0HV901016,IXIGO,EQ,,,,,LE TRAVENUES TECHNOLOGY L,168.9,169.5,162.4,162.83,163.4,168.26,,162.83,,,1184499,194426731.86,15188,F1,1,,,,,
2026-08-27,2026-08-27,CM,NSE,STK,13359,INE138Y01010,KFINTECH,EQ,,,,,KFIN TECHNOLOGIES LIMITED,972.8,976.0,942.6,957.0,957.0,976.5,,957.02,,,1169583,1119072966.95,33090,F1,1,,,,,
2026-08-27,2026-08-27,CM,NSE,STK,19813,INE0J5401028,HONASA,EQ,,,,,HONASA CONSUMER LIMITED,476.8,491.75,476.75,484.85,486.9,475.5,,484.83,,,1169028,568369673.2,31806,F1,1,,,,,
2026-08-27,2026-08-27,CM,NSE,STK,20188,INE956G01038,WABAG,EQ,,,,,VA TECH WABAG LTD,2161.0,2215.0,2120.0,2133.9,2125.9,2155.3,,2134.0,,,1166272,2526694700.2,61364,F1,1,,,,,
2026-08-27,2026-08-27,CM,NSE,STK,11483,INE018A01030,LT,EQ,,,,,LARSEN & TOUBRO LTD.,4058.0,4067.3,4023.0,4027.0,4027.0,4038.1,,4030.93,,,1161440,4695587957.4,73332,F1,1,,,,,
2026-08-27,2026-08-27,CM,NSE,STK,27176,INE0ONG01011,NTPCGREEN,EQ,,,,,NTPC GREEN ENERGY LIMITED,91.35,91.62,90.7,90.99,91.0,91.27,,90.99,,,1161327,105751988.53,14569,F1,1,,,,,
2026-08-27,2026-08-27,CM,NSE,STK,758958,INE1VXE01018,STLNETWORK,EQ,,,,,STL NETWORKS LIMITED,25.69,26.45,25.61,25.99,26.1,25.5,,26.01,,,1160371,30123027.77,3186,F1,1,,,,,
2026-08-27,2026-08-27,CM,NSE,STK,764548,INE869T01028,MOLBIO,EQ,,,,,MOLBIO DIAGNOSTICS LTD,1234.0,1243.7,1130.1,1144.15,1142.0,1238.85,,1144.23,,,1151166,1360733638.9,48657,F1,1,,,,,
2026-08-27,2026-08-27,CM,NSE,STK,17875,INE484J01027,GODREJPROP,EQ,,,,,GODREJ PROPERTIES LTD,2035.0,2095.0,2023.9,2069.4,2069.4,2035.1,,2069.41,,,1142681,2361610751.7,35825,F1,1,,,,,
2026-08-27,2026-08-27,CM,NSE,STK,27095,INE665A01038,SWANCORP,EQ,,,,,SWAN CORP LIMITED,299.45,306.5,295.65,303.8,304.0,300.15,,303.76,,,1142323,342113533.9,14238,F1,1,,,,,
2026-08-27,2026-08-27,CM,NSE,STK,758986,INE199P01028,GCSL,EQ,,,,,GRETEX CORPORATE SERVICES,540.1,548.0,531.0,540.55,540.5,538.0,,540.55,,,1131181,610184832.2,15415,F1,1,,,,,
2026-08-27,2026-08-27,CM,NSE,STK,757014,INE0AQ201015,THELEELA,EQ,,,,,LEELA PALACES HOTEL LTD,541.05,558.1,541.05,553.8,548.0,552.8,,553.81,,,1130203,621619672.6,20271,F1,1,,,,,
2026-08-27,2026-08-27,CM,NSE,STK,757102,INE894V01022,BELRISE,EQ,,,,,BELRISE INDUSTRIES LTD,231.0,232.0,228.6,229.22,228.65,229.66,,229.22,,,1126822,258866398.43,19985,F1,1,,,,,
2026-08-27,2026-08-27,CM,NSE,STK,11872,INE101D01020,GRANULES,EQ,,,,,GRANULES INDIA LIMITED,828.2,848.0,824.55,832.3,833.0,828.2,,832.3,,,1123298,939834623.25,31433,F1,1,,,,,
2026-08-27,2026-08-27,CM,NSE,STK,23650,INE414G01012,MUTHOOTFIN,EQ,,,,,MUTHOOT FINANCE LIMITED,3198.7,3246.5,3059.1,3085.0,3085.0,3206.9,,3085.12,,,1120055,3492911239.3,59433,F1,1,,,,,
2026-08-27,2026-08-27,CM,NSE,STK,2868,INE106T01025,HITECH,EQ,,,,,HI-TECH PIPES LIMITED,81.8,82.39,77.7,77.93,78.0,81.92,,77.93,,,1117888,88385955.86,6144,F1,1,,,,,
2026-08-27,2026-08-27,CM,NSE,STK,5279,INE645S01024,ROLEXRINGS,EQ,,,,,ROLEX RINGS LIMITED,185.44,186.7,179.7,180.43,180.7,184.45,,180.43,,,1114798,203544174.32,18957,F1,1,,,,,
2026-08-27,2026-08-27,CM,NSE,STK,18268,INE024001021,AEROFLEX,EQ,,,,,AEROFLEX INDUSTRIES LTD,536.8,539.2,515.3,522.1,518.8,536.35,,522.1,,,1111371,587622101.1,26704,F1,1,,,,,
2026-08-27,2026-08-27,CM,NSE,STK,12686,INE900L01028,MBAPL,EQ,,,,,MADHYA BHARAT AGRO P. LTD,167.2,168.84,160.3,162.78,162.65,167.07,,162.78,,,1110873,181129788.62,15218,F1,1,,,,,
2026-08-27,2026-08-27,CM,NSE,STK,11956,INE474Q01031,MEDANTA,EQ,,,,,GLOBAL HEALTH LIMITED,1466.2,1544.0,1455.2,1508.9,1523.0,1458.9,,1508.99,,,1109587,1679322659.8,59349,F1,1,,,,,
2026-08-27,2026-08-27,CM,NSE,STK,3351,INE044A01036,SUNPHARMA,EQ,,,,,SUN PHARMACEUTICAL IND L,1907.1,1925.0,1898.0,1913.3,1913.3,1899.5,,1906.27,,,1107552,2116928095.4,101138,F1,1,,,,,
2026-08-27,2026-08-27,CM,NSE,STK,8341,INE526B01014,CALSOFT,EQ,,,,,CALIFORNIA SOFTWARE CO LT,33.81,33.81,32.3,33.81,33.81,32.2,,33.81,,,1106010,37112350.94,2047,F1,1,,,,,
2026-08-27,2026-08-27,CM,NSE,STK,3506,INE280A01028,TITAN,EQ,,,,,TITAN COMPANY LIMITED,5100.0,5186.7,5069.5,5139.3,5139.3,5100.0,,5125.35,,,1101845,5651335974.1,62034,F1,1,,,,,
2026-08-27,2026-08-27,CM,NSE,STK,760259,INE0E7301029,WAKEFIT,EQ,,,,,WAKEFIT INNOVATIONS LTD,144.83,148.84,143.08,147.72,146.5,145.72,,147.71,,,1090896,160659896.07,12090,F1,1,,,,,
2026-08-27,2026-08-27,CM,NSE,STK,13290,INE350H01032,BLKASHYAP,EQ,,,,,B.L.KASHYAP & SON LTD,55.0,57.75,54.99,56.47,56.72,55.15,,56.47,,,1090699,61841224.37,8450,F1,1,,,,,
2026-08-27,2026-08-27,CM,NSE,STK,764198,INF769K01RC0,MOMMIDCAP,EQ,,,,,MIRAEAMC - MOMMIDCAP,13.34,13.39,13.28,13.29,13.32,13.31,,13.29,,,1085442,14441379.44,406,F1,1,,,,,
2026-08-27,2026-08-27,CM,NSE,STK,8828,INE036B01030,GAEL,EQ,,,,,GUJARAT AMBUJA EXPORTS LT,174.3,175.48,168.0,168.5,168.9,173.19,,168.5,,,1084161,184477341.35,16032,F1,1,,,,,
2026-08-27,2026-08-27,CM,NSE,STK,18102,INF174K014P6,NIFTY1,EQ,,,,,KOTAK NIFTY ETF,272.5,272.5,267.2,268.32,267.9,269.81,,268.31,,,1073918,287904284.09,1559,F1,1,,,,,
2026-08-27,2026-08-27,CM,NSE,STK,19401,INE02PY01013,BOROLTD,EQ,,,,,BOROSIL LIMITED,252.42,254.9,241.25,244.07,242.0,255.35,,244.14,,,1072261,266689764.97,10797,F1,1,,,,,
2026-08-27,2026-08-27,CM,NSE,STK,1270,INE079A01024,AMBUJACEM,EQ,,,,,AMBUJA CEMENTS LTD,420.0,422.5,411.05,411.05,411.05,419.2,,411.33,,,1071242,445153705.05,19458,F1,1,,,,,
2026-08-27,2026-08-27,CM,NSE,STK,25358,INE457L01029,PGEL,EQ,,,,,PG ELECTROPLAST LTD,587.15,604.7,587.15,596.0,596.0,587.15,,596.0,,,1069342,640181538.2,24689,F1,1,,,,,
2026-08-27,2026-08-27,CM,NSE,STK,9683,INE04I401011,KPITTECH,EQ,,,,,KPIT TECHNOLOGIES LIMITED,589.5,592.9,579.65,588.0,588.0,590.0,,588.01,,,1063360,622735775.05,27165,F1,1,,,,,
2026-08-27,2026-08-27,CM,NSE,STK,25780,INE702C01027,APLAPOLLO,EQ,,,,,APL APOLLO TUBES LTD,2159.0,2235.2,2154.9,2188.0,2188.0,2159.0,,2187.89,,,1061660,2335070267.3,49137,F1,1,,,,,
2026-08-27,2026-08-27,CM,NSE,STK,17029,INE619A01035,PATANJALI,EQ,,,,,PATANJALI FOODS LIMITED,348.0,348.85,345.25,348.25,348.25,348.15,,348.3,,,1056545,366630802.9,44514,F1,1,,,,,
2026-08-27,2026-08-27,CM,NSE,STK,357,INE298J01013,NAM-INDIA,EQ,,,,,NIPPON L I A M LTD,1223.0,1234.0,1195.8,1204.0,1204.0,1223.0,,1203.94,,,1049814,1271181274.9,52056,F1,1,,,,,
2026-08-27,2026-08-27,CM,NSE,STK,881,INE089A01031,DRREDDY,EQ,,,,,DR. REDDY S LABORATORIES,1182.0,1191.9,1169.4,1177.0,1177.0,1182.0,,1176.95,,,1044405,1231550258.9,40162,F1,1,,,,,
2026-08-27,2026-08-27,CM,NSE,STK,11262,INE203G01027,IGL,EQ,,,,,INDRAPRASTHA GAS LTD,148.72,149.34,146.22,147.17,146.9,148.72,,147.17,,,1043160,154143037.59,19784,F1,1,,,,,
2026-08-27,2026-08-27,CM,NSE,STK,756871,INE1NPP01017,ENRIN,EQ,,,,,SIEMENS ENERGY INDIA LTD,3330.0,3341.0,3236.0,3256.4,3257.0,3325.9,,3256.38,,,1041630,3412935005.5,54239,F1,1,,,,,
2026-08-27,2026-08-27,CM,NSE,STK,9558,INE256Z01025,AKSHAR,EQ,,,,,AKSHAR SPINTEX LIMITED,0.43,0.44,0.42,0.42,0.43,0.42,,0.42,,,1041592,440884.24,258,F1,1,,,,,
2026-08-27,2026-08-27,CM,NSE,STK,2168,INE00KV01022,RAJMET,EQ,,,,,RAJNANDINI METAL LIMITED,3.29,3.29,3.07,3.13,3.13,3.18,,3.13,,,1031559,3238685.51,1221,F1,1,,,,,
2026-08-27,2026-08-27,CM,NSE,STK,11927,INE023H01027,NECLIFE,EQ,,,,,NECTAR LIFESCIENCES LTD.,12.9,13.5,12.9,13.08,13.09,12.46,,13.09,,,1022442,13466110.72,2427,F1,1,,,,,
2026-08-27,2026-08-27,CM,NSE,STK,16639,INE415I01015,KIRIINDUS,EQ,,,,,KIRI INDUSTRIES LIMITED,514.0,518.85,473.15,481.1,480.0,516.2,,481.11,,,1021978,508800365.95,24136,F1,1,,,,,
2026-08-27,2026-08-27,CM,NSE,STK,12015,INE065D01027,AEROENTER,EQ,,,,,AEROFLEX ENTERPRISES LTD,145.45,147.0,141.01,142.66,143.5,143.64,,142.66,,,1011094,145390124.5,10003,F1,1,,,,,
2026-08-27,2026-08-27,CM,NSE,STK,764537,INE551C01044,SHUKRAPHAR,EQ,,,,,SHUKRA PHARMACEUTICALS L,44.9,45.34,44.2,44.22,44.23,44.18,,44.22,,,1003469,44640623.14,2249,F1,1,,,,,
2026-08-27,2026-08-27,CM,NSE,STK,3432,INE192A01025,TATACONSUM,EQ,,,,,TATA CONSUMER PRODUCT LTD,1041.0,1048.4,1035.6,1042.0,1042.0,1047.1,,1042.0,,,996048,1035626253.8,46591,F1,1,,,,,
2026-08-27,2026-08-27,CM,NSE,STK,24870,INE878H01024,INVENTURE,EQ,,,,,INVENTURE GRO & SEC LTD,0.98,0.99,0.96,0.97,0.96,0.97,,0.97,,,993529,969220.76,499,F1,1,,,,,
2026-08-27,2026-08-27,CM,NSE,STK,1394,INE030A01027,HINDUNILVR,EQ,,,,,HINDUSTAN UNILEVER LTD.,2020.0,2028.0,2004.3,2009.0,2009.0,2021.0,,2008.01,,,989046,1988922870.1,80527,F1,1,,,,,
2026-08-27,2026-08-27,CM,NSE,STK,7603,INE925R01014,CMSINFO,EQ,,,,,CMS INFO SYSTEMS LIMITED,247.0,248.3,239.0,239.95,241.0,246.15,,239.97,,,985514,238989841.2,21574,F1,1,,,,,
2026-08-27,2026-08-27,CM,NSE,STK,13751,INE663F01032,NAUKRI,EQ,,,,,INFO EDGE (I) LTD,1319.6,1345.6,1318.0,1330.0,1330.0,1323.5,,1330.0,,,982905,1312005269.5,41351,F1,1,,,,,
2026-08-27,2026-08-27,CM,NSE,STK,18154,INE982F01036,HATHWAY,EQ,,,,,HATHWAY CABLE & DATACOM,10.54,10.64,10.49,10.55,10.53,10.57,,10.55,,,982034,10344120.02,1467,F1,1,,,,,
2026-08-27,2026-08-27,CM,NSE,STK,761099,INE0LGX01024,INA,EQ,,,,,INSOLATION ENERGY LIMITED,93.64,94.17,90.0,90.55,90.85,93.21,,90.55,,,979655,89575854.18,6995,F1,1,,,,,
2026-08-27,2026-08-27,CM,NSE,STK,18096,INE797F01020,JUBLFOOD,EQ,,,,,JUBILANT FOODWORKS LTD,499.1,509.0,495.05,504.0,504.0,499.5,,503.97,,,974638,487797585.3,24237,F1,1,,,,,
2026-08-27,2026-08-27,CM,NSE,STK,10440,INE326A01037,LUPIN,EQ,,,,,LUPIN LIMITED,2169.6,2186.1,2144.7,2158.1,2158.1,2185.0,,2158.13,,,964354,2090587154.8,44703,F1,1,,,,,
2026-08-27,2026-08-27,CM,NSE,STK,10793,INE0DYJ01015,SYRMA,EQ,,,,,SYRMA SGS TECHNOLOGY LTD,1471.0,1499.0,1467.1,1493.5,1496.0,1474.1,,1493.48,,,957727,1422473334.8,33917,F1,1,,,,,
2026-08-27,2026-08-27,CM,NSE,STK,3481,INE332A01027,THOMASCOOK,EQ,,,,,THOMAS COOK (INDIA) LTD,111.3,111.59,109.55,110.06,110.0,110.71,,110.06,,,953613,105352086.65,9152,F1,1,,,,,
2026-08-27,2026-08-27,CM,NSE,STK,21131,INE010J01012,TEJASNET,EQ,,,,,TEJAS NETWORKS LIMITED,506.5,517.95,504.9,511.15,510.65,505.05,,511.14,,,948871,484634403.85,26170,F1,1,,,,,
2026-08-27,2026-08-27,CM,NSE,STK,14793,INE933B01012,SIGMAADV,EQ,,,,,SIGMA ADVANCED SYSTEM LTD,730.95,763.65,730.95,763.65,763.65,727.3,,763.81,,,942674,715619962.5,9491,F1,1,,,,,
2026-08-27,2026-08-27,CM,NSE,STK,758700,INE784R01023,ARFIN,EQ,,,,,ARFIN INDIA LIMITED,84.25,85.77,84.05,85.4,85.57,84.21,,85.41,,,942597,79702478.62,2075,F1,1,,,,,
2026-08-27,2026-08-27,CM,NSE,STK,685,INE121A01024,CHOLAFIN,EQ,,,,,CHOLAMANDALAM IN & FIN CO,1872.0,1891.7,1860.8,1875.4,1875.4,1868.1,,1875.42,,,942441,1767794147.7,39207,F1,1,,,,,
2026-08-27,2026-08-27,CM,NSE,STK,21808,INE123W01016,SBILIFE,EQ,,,,,SBI LIFE INSURANCE CO LTD,1769.0,1798.9,1766.5,1773.2,1773.2,1768.2,,1773.23,,,941103,1677824069.8,50827,F1,1,,,,,
2026-08-27,2026-08-27,CM,NSE,STK,29251,INE379A01028,ITCHOTELS,EQ,,,,,ITC HOTELS LIMITED,166.78,167.63,163.92,164.16,164.3,166.67,,164.17,,,938238,154768359.62,18467,F1,1,,,,,
2026-08-27,2026-08-27,CM,NSE,STK,13966,INE292B01021,HBLENGINE,EQ,,,,,HBL ENGINEERING LTD,684.0,693.8,662.9,665.75,663.0,683.9,,665.77,,,935680,632316531.9,29172,F1,1,,,,,
2026-08-27,2026-08-27,CM,NSE,STK,13342,INE051B01021,VAKRANGEE,EQ,,,,,VAKRANGEE LIMITED,6.02,6.05,5.9,5.92,5.91,6.05,,5.92,,,930460,5534344.47,1736,F1,1,,,,,
2026-08-27,2026-08-27,CM,NSE,STK,14766,INE945H01021,V2RETAIL,EQ,,,,,V2 RETAIL LIMITED,220.0,223.0,219.11,222.4,222.5,219.79,,222.4,,,929035,205835984.68,13166,F1,1,,,,,
2026-08-27,2026-08-27,CM,NSE,STK,25844,INE0V6F01027,HYUNDAI,EQ,,,,,HYUNDAI MOTOR INDIA LTD,2247.0,2281.0,2247.0,2253.0,2253.0,2250.0,,2253.0,,,928582,2104573627.4,81352,F1,1,,,,,
2026-08-27,2026-08-27,CM,NSE,STK,760213,INE324D01010,LGEINDIA,EQ,,,,,LG ELECTRONICS INDIA LTD,1675.0,1716.9,1671.0,1700.4,1702.0,1675.4,,1700.43,,,921188,1566995428.4,42134,F1,1,,,,,
2026-08-27,2026-08-27,CM,NSE,STK,12092,INE918Z01012,KAYNES,EQ,,,,,KAYNES TECHNOLOGY IND LTD,4020.0,4113.2,4004.0,4018.8,4018.8,4032.0,,4017.63,,,919380,3729174064.1,54712,F1,1,,,,,
2026-08-27,2026-08-27,CM,NSE,STK,24814,INE02RE01045,FIRSTCRY,EQ,,,,,BRAINBEES SOLUTIONS LTD,192.0,193.77,187.55,188.26,188.0,191.96,,188.26,,,916127,173913545.31,18821,F1,1,,,,,
2026-08-27,2026-08-27,CM,NSE,STK,15146,INE668F01031,JYOTHYLAB,EQ,,,,,JYOTHY LABS LIMITED,211.85,214.96,208.36,209.52,209.01,211.87,,209.53,,,910612,192374065.71,17026,F1,1,,,,,
2026-08-27,2026-08-27,CM,NSE,STK,17957,INE123F01029,MMTC,EQ,,,,,MMTC LIMITED,64.41,64.6,63.3,63.51,63.49,64.02,,63.51,,,906339,57883310.46,6488,F1,1,,,,,
2026-08-27,2026-08-27,CM,NSE,STK,5435,INE852O01025,APTUS,EQ,,,,,APTUS VALUE HSG FIN I LTD,258.5,259.75,255.1,256.45,255.35,258.5,,256.47,,,903961,232304845.0,18614,F1,1,,,,,
2026-08-27,2026-08-27,CM,NSE,STK,14947,INE338I01027,MOTILALOFS,EQ,,,,,MOTILAL OSWAL FIN LTD,1040.0,1044.35,1021.9,1038.1,1038.1,1040.0,,1037.79,,,903803,935624694.75,31689,F1,1,,,,,
2026-08-27,2026-08-27,CM,NSE,STK,3736,INE711A01022,WALCHANNAG,EQ,,,,,WALCHANDNAGAR INDUSTRIES,220.2,230.99,220.2,222.26,222.5,220.94,,222.26,,,902632,204164718.31,11601,F1,1,,,,,
2026-08-27,2026-08-27,CM,NSE,STK,21238,INE949L01017,AUBANK,EQ,,,,,AU SMALL FINANCE BANK LTD,1117.4,1126.8,1088.0,1091.0,1091.0,1113.5,,1076.89,,,898558,988575151.1,37515,F1,1,,,,,
2026-08-27,2026-08-27,CM,NSE,STK,6596,INE269A01021,SONATSOFTW,EQ,,,,,SONATA SOFTWARE LTD,300.35,301.55,288.05,289.5,289.0,299.45,,289.51,,,893667,260968553.35,21371,F1,1,,,,,
2026-08-27,2026-08-27,CM,NSE,STK,24781,INF209KB19D1,BSLNIFTY,EQ,,,,,ADITYBIRLA SL NIF ETF-GR,28.8,28.8,28.32,28.4,28.4,28.54,,28.4,,,892247,25341416.26,3789,F1,1,,,,,
2026-08-27,2026-08-27,CM,NSE,STK,981,INE255A01020,EPL,EQ,,,,,EPL LIMITED,255.1,260.26,252.01,252.8,254.0,254.26,,252.82,,,890657,227975389.33,17380,F1,1,,,,,
2026-08-27,2026-08-27,CM,NSE,STK,4847,INE967H01025,KIMS,EQ,,,,,KRISHNA INST OF MED SCI L,756.7,785.85,756.7,768.45,768.0,756.1,,768.47,,,889873,686179045.05,46415,F1,1,,,,,
2026-08-27,2026-08-27,CM,NSE,STK,10343,INE583V01021,RADHIKAJWE,EQ,,,,,RADHIKA JEWELTECH LIMITED,71.35,72.85,69.54,70.33,70.5,70.54,,70.34,,,888439,63299854.43,7199,F1,1,,,,,
2026-08-27,2026-08-27,CM,NSE,STK,762670,INE507F01023,EMPOWER,EQ,,,,,EMPOWER INDIA LTD.,2.23,2.23,2.23,2.23,2.23,2.34,,2.23,,,887389,1978877.47,728,F1,1,,,,,
2026-08-27,2026-08-27,CM,NSE,STK,628,INE486A01021,CESC,EQ,,,,,CESC LTD,153.35,154.17,151.5,152.13,152.2,153.33,,152.13,,,884391,135178916.49,16307,F1,1,,,,,
2026-08-27,2026-08-27,CM,NSE,STK,24944,INF247L01DJ0,MODEFENCE,EQ,,,,,MOTILALAMC - MODEFENCE,107.3,108.0,107.14,107.31,107.48,107.3,,107.31,,,881780,94794517.54,6055,F1,1,,,,,
2026-08-27,2026-08-27,CM,NSE,STK,13796,INE201A01024,MANALIPETC,EQ,,,,,MANALI PETROCHEMICALS LT,74.36,75.0,70.47,70.8,70.8,74.26,,70.81,,,874458,63118050.34,5996,F1,1,,,,,
2026-08-27,2026-08-27,CM,NSE,STK,21334,INE980O01024,JYOTICNC,EQ,,,,,JYOTI CNC AUTOMATION LTD,1017.45,1040.5,1009.0,1029.8,1029.15,1012.7,,1029.76,,,873758,895845605.55,42091,F1,1,,,,,
2026-08-27,2026-08-27,CM,NSE,STK,2909,INE209B01025,RICOAUTO,EQ,,,,,RICO AUTO INDUSTRIES LTD,131.0,133.07,129.45,130.02,129.5,130.76,,130.02,,,868806,114235738.52,8300,F1,1,,,,,
2026-08-27,2026-08-27,CM,NSE,STK,21770,INE765G01017,ICICIGI,EQ,,,,,ICICI LOMBARD GIC LIMITED,1594.0,1606.0,1585.4,1588.1,1588.1,1596.9,,1588.1,,,864889,1379379390.4,23956,F1,1,,,,,
2026-08-27,2026-08-27,CM,NSE,STK,1512,INE053A01029,INDHOTEL,EQ,,,,,THE INDIAN HOTELS CO. LTD,722.0,726.35,713.0,718.5,718.5,721.0,,718.57,,,863865,618813785.75,20108,F1,1,,,,,
2026-08-27,2026-08-27,CM,NSE,STK,29452,INE943P01029,AGARWALEYE,EQ,,,,,DR AGARWALS HEALTH CARE L,497.55,501.7,493.55,496.65,495.95,498.55,,496.65,,,857671,427602474.1,29527,F1,1,,,,,
2026-08-27,2026-08-27,CM,NSE,STK,757336,INE0INX01018,AEGISVOPAK,EQ,,,,,AEGIS VOPAK TERMINALS LTD,264.15,267.2,258.3,263.5,262.4,264.15,,263.48,,,852910,223856523.75,19839,F1,1,,,,,
2026-08-27,2026-08-27,CM,NSE,STK,2664,INE318A01026,PIDILITIND,EQ,,,,,PIDILITE INDUSTRIES LTD,1650.0,1668.5,1640.0,1656.0,1656.0,1650.0,,1656.0,,,852620,1416562347.4,31553,F1,1,,,,,
2026-08-27,2026-08-27,CM,NSE,STK,21828,INE621L01012,TEXRAIL,EQ,,,,,TEXMACO RAIL & ENG. LTD.,109.84,110.86,108.1,108.43,108.5,109.04,,108.43,,,851548,93104793.08,7425,F1,1,,,,,
2026-08-27,2026-08-27,CM,NSE,STK,758563,INE236E01022,ELLEN,EQ,,,,,ELLENBARRIE INDUS GASES L,323.7,337.4,323.7,325.8,326.0,321.25,,325.8,,,850408,281531801.75,14939,F1,1,,,,,
2026-08-27,2026-08-27,CM,NSE,STK,2442,INE163A01018,NOCIL,EQ,,,,,NOCIL LIMITED,165.4,166.5,162.92,165.13,165.9,165.1,,165.13,,,847691,139618124.16,7187,F1,1,,,,,
2026-08-27,2026-08-27,CM,NSE,STK,19531,INE933K01021,BAJAJCON,EQ,,,,,BAJAJ CONSUMER CARE LTD,461.9,466.5,447.85,450.6,452.0,463.5,,450.61,,,843825,381867555.55,21349,F1,1,,,,,
2026-08-27,2026-08-27,CM,NSE,STK,10871,INE192H01020,GRMOVER,EQ,,,,,GRM OVERSEAS LIMITED,89.46,89.94,87.0,87.76,87.86,88.84,,87.76,,,843143,74088741.56,9668,F1,1,,,,,
2026-08-27,2026-08-27,CM,NSE,STK,2493,INE750A01020,ORIENTHOT,EQ,,,,,ORIENT HOTELS LTD,140.91,141.0,138.5,139.15,139.4,140.91,,139.15,,,831862,116164349.31,4871,F1,1,,,,,
2026-08-27,2026-08-27,CM,NSE,STK,757767,INE12NJ01018,SAMBHV,EQ,,,,,SAMBHV STEEL TUBES LTD,128.9,128.9,123.0,124.14,123.2,128.46,,124.14,,,831851,104274286.6,7531,F1,1,,,,,
2026-08-27,2026-08-27,CM,NSE,STK,3908,INE309M01020,PREMIERPOL,EQ,,,,,PREMIER POLYFILM LTD,91.55,95.9,88.0,95.21,95.6,90.79,,95.21,,,830116,77635184.42,8537,F1,1,,,,,
2026-08-27,2026-08-27,CM,NSE,STK,6216,INE052I01032,CAMLINFINE,EQ,,,,,CAMLIN FINE SCIENCES LTD,106.59,106.59,102.5,102.94,103.44,106.57,,102.94,,,826195,85945947.35,7206,F1,1,,,,,
2026-08-27,2026-08-27,CM,NSE,STK,13620,INE242C01024,ANANTRAJ,EQ,,,,,ANANT RAJ LIMITED,608.7,610.75,603.0,605.25,604.85,606.35,,605.25,,,823699,499817154.1,21730,F1,1,,,,,
2026-08-27,2026-08-27,CM,NSE,STK,1403,INE345A01011,HINDOILEXP,EQ,,,,,HINDUSTAN OIL EXPLORATION,159.59,164.8,158.43,163.43,162.75,158.11,,163.43,,,821491,133032106.29,7188,F1,1,,,,,
2026-08-27,2026-08-27,CM,NSE,STK,10577,INE001B01026,KRBL,EQ,,,,,KRBL LIMITED,447.0,447.1,430.0,433.55,431.0,447.4,,433.55,,,821268,358689391.45,16245,F1,1,,,,,
2026-08-27,2026-08-27,CM,NSE,STK,13300,INE858F01012,NITCO,EQ,,,,,NITCO LIMITED,98.9,99.88,96.5,97.56,97.2,96.67,,97.55,,,819938,80002050.31,6449,F1,1,,,,,
2026-08-27,2026-08-27,CM,NSE,STK,6994,INE836A01035,BSOFT,EQ,,,,,BIRLASOFT LIMITED,295.6,295.6,287.25,287.95,287.25,293.55,,287.95,,,816795,236202689.55,25189,F1,1,,,,,
2026-08-27,2026-08-27,CM,NSE,STK,5394,INE0CT101020,MOL,EQ,,,,,MEGHMANI ORGANICS LIMITED,61.84,63.16,60.1,60.29,60.45,61.84,,60.29,,,813370,49369475.86,4261,F1,1,,,,,
2026-08-27,2026-08-27,CM,NSE,STK,14788,INE232I01014,SPARC,EQ,,,,,SUN PHARMA ADV.RES.CO.LTD,194.69,202.38,192.0,194.98,194.47,194.36,,194.97,,,811811,159412589.71,15210,F1,1,,,,,
2026-08-27,2026-08-27,CM,NSE,STK,21339,INE503B01021,STEELXIND,EQ,,,,,STEEL EXCHANGE INDIA LTD,10.84,10.84,10.56,10.66,10.66,10.85,,10.66,,,811276,8667764.56,1596,F1,1,,,,,
2026-08-27,2026-08-27,CM,NSE,STK,3563,INE364U01010,ADANIGREEN,EQ,,,,,ADANI GREEN ENERGY LTD,1309.9,1328.5,1302.1,1328.5,1328.5,1303.2,,1327.89,,,811100,1068358300.8,26492,F1,1,,,,,
2026-08-27,2026-08-27,CM,NSE,STK,2987,INE418L01047,NAZARA,EQ,,,,,NAZARA TECHNOLOGIES LTD,355.75,359.5,351.0,354.5,356.25,356.35,,354.49,,,809757,287238190.4,10069,F1,1,,,,,
2026-08-27,2026-08-27,CM,NSE,STK,2463,INE099Z01011,MIDHANI,EQ,,,,,MISHRA DHATU NIGAM LTD,425.0,434.05,417.25,418.3,418.8,424.45,,418.3,,,803522,342410009.8,21333,F1,1,,,,,
2026-08-27,2026-08-27,CM,NSE,STK,3220,INE670K01029,LODHA,EQ,,,,,LODHA DEVELOPERS LIMITED,1268.0,1278.0,1246.3,1246.3,1246.3,1265.0,,1246.36,,,801407,1011782981.0,19583,F1,1,,,,,
2026-08-27,2026-08-27,CM,NSE,STK,8529,INE0CU601026,GMRP&UI,EQ,,,,,GMR POW AND URBAN INFRA L,95.2,96.0,93.99,94.54,94.69,95.06,,94.54,,,801104,75883946.04,8055,F1,1,,,,,
2026-08-27,2026-08-27,CM,NSE,STK,8510,INE079J01017,GATEWAY,EQ,,,,,GATEWAY DISTRIPARKS LTD,53.68,54.18,53.1,53.74,53.42,53.43,,53.73,,,797919,42701396.78,4819,F1,1,,,,,
2026-08-27,2026-08-27,CM,NSE,STK,15061,INF174KA1A86,PSUBANK,EQ,,,,,KOTAK PSU BANK,87.43,87.63,85.8,86.08,86.3,87.19,,86.08,,,791438,68307648.39,869,F1,1,,,,,
2026-08-27,2026-08-27,CM,NSE,STK,13260,INE389H01022,KEC,EQ,,,,,KEC INTL. LIMITED,429.95,431.9,419.1,421.4,420.5,430.15,,421.39,,,786288,333611672.35,20448,F1,1,,,,,
2026-08-27,2026-08-27,CM,NSE,STK,2705,INE074A01025,PRAJIND,EQ,,,,,PRAJ INDUSTRIES LTD,350.95,357.15,348.35,354.4,354.0,350.25,,354.38,,,783561,277925856.45,13095,F1,1,,,,,
2026-08-27,2026-08-27,CM,NSE,STK,13702,INE430N01022,VISHWARAJ,EQ,,,,,VISHWARAJ SUGAR IND LTD,6.23,6.39,5.9,5.92,5.93,6.15,,5.92,,,783099,4767244.4,993,F1,1,,,,,
2026-08-27,2026-08-27,CM,NSE,STK,12913,INE324X01026,SARVESHWAR,EQ,,,,,SARVESHWAR FOODS LIMITED,3.48,3.49,3.42,3.42,3.43,3.48,,3.42,,,782302,2693422.0,1161,F1,1,,,,,
2026-08-27,2026-08-27,CM,NSE,STK,20531,INE0KQN01018,BAJEL,EQ,,,,,BAJEL PROJECTS LIMITED,189.53,198.5,188.0,194.53,194.8,189.53,,194.54,,,780237,152089052.25,10400,F1,1,,,,,
2026-08-27,2026-08-27,CM,NSE,STK,18760,INE0JR601024,YATRA,EQ,,,,,YATRA ONLINE LIMITED,113.52,113.52,107.23,107.81,108.0,112.89,,107.81,,,779798,85536703.79,6351,F1,1,,,,,
2026-08-27,2026-08-27,CM,NSE,STK,14154,INE405E01023,UNOMINDA,EQ,,,,,UNO MINDA LIMITED,1266.3,1285.0,1252.1,1280.0,1280.0,1260.0,,1279.72,,,778534,993019168.5,23255,F1,1,,,,,
2026-08-27,2026-08-27,CM,NSE,STK,14233,INF179KC1FB2,HDFCSML250,EQ,,,,,HDFCAMC - HDFCSML250,185.74,187.24,185.0,185.58,185.6,186.38,,185.58,,,776001,144264968.5,6820,F1,1,,,,,
2026-08-27,2026-08-27,CM,NSE,STK,16719,INE326B01035,ALMONDZ,EQ,,,,,ALMONDZ GLOBAL SEC LTD,14.55,16.5,14.55,16.15,16.4,14.74,,16.15,,,774942,12231691.3,1332,F1,1,,,,,
2026-08-27,2026-08-27,CM,NSE,STK,18566,INE777K01022,RRKABEL,EQ,,,,,R R KABEL LIMITED,2819.0,2918.8,2790.0,2830.1,2824.0,2810.6,,2830.16,,,773963,2206000075.1,54118,F1,1,,,,,
2026-08-27,2026-08-27,CM,NSE,STK,30065,INF247L01EV3,MOCAPITAL,EQ,,,,,MOTILALAMC - MOCAPITAL,55.48,55.86,54.86,55.03,55.2,55.81,,55.03,,,773494,42668494.88,3806,F1,1,,,,,
2026-08-27,2026-08-27,CM,NSE,STK,15283,INE634I01029,KNRCON,EQ,,,,,KNR CONSTRU LTD.,123.42,125.47,122.1,122.45,122.75,123.42,,122.45,,,768064,94893603.51,8152,F1,1,,,,,
2026-08-27,2026-08-27,CM,NSE,STK,3718,INE226A01021,VOLTAS,EQ,,,,,VOLTAS LTD,1225.0,1235.6,1211.6,1217.5,1217.5,1217.0,,1217.51,,,760364,927217177.9,33552,F1,1,,,,,
2026-08-27,2026-08-27,CM,NSE,STK,338,INE164A01016,BALMLAWRIE,EQ,,,,,BALMER LAWRIE & CO LTD,176.72,182.49,175.0,175.26,176.35,176.72,,175.26,,,759686,135712518.9,9592,F1,1,,,,,
2026-08-27,2026-08-27,CM,NSE,STK,3275,INE869Y01028,TEMBO,EQ,,,,,TEMBO GLOBAL IND LTD,59.2,59.3,57.0,57.7,58.0,58.4,,57.7,,,759490,43979519.75,2615,F1,1,,,,,
2026-08-27,2026-08-27,CM,NSE,STK,19578,INE071E01023,UGARSUGAR,EQ,,,,,THE UGAR SUGAR WORKS LTD,54.76,55.9,50.15,50.7,50.4,54.97,,50.7,,,759395,39714552.71,5868,F1,1,,,,,
2026-08-27,2026-08-27,CM,NSE,STK,14537,INE836F01026,DISHTV,EQ,,,,,DISH TV INDIA LTD.,2.75,2.75,2.72,2.73,2.73,2.75,,2.73,,,755278,2066836.43,747,F1,1,,,,,
2026-08-27,2026-08-27,CM,NSE,STK,13081,INE256C01024,TRIVENI,EQ,,,,,TRIVENI ENGG. & INDS. LTD,286.0,289.9,281.28,282.21,282.69,285.76,,282.21,,,752847,214394323.79,13435,F1,1,,,,,
2026-08-27,2026-08-27,CM,NSE,STK,20830,INE490G01020,MOIL,EQ,,,,,MOIL LIMITED,268.4,268.4,260.1,260.95,261.05,268.3,,260.96,,,752383,198098419.85,17707,F1,1,,,,,
2026-08-27,2026-08-27,CM,NSE,STK,9939,INE840Y01029,ONEPOINT,EQ,,,,,ONE POINT ONE SOL LTD,55.62,55.7,54.75,55.54,55.49,55.51,,55.54,,,750084,41540262.18,1615,F1,1,,,,,
2026-08-27,2026-08-27,CM,NSE,STK,759244,INE0YD401026,JAINREC,EQ,,,,,JAIN RESOURCE RECYCLING L,289.55,291.8,283.1,285.05,284.05,289.1,,285.06,,,746344,213521555.4,21799,F1,1,,,,,
2026-08-27,2026-08-27,CM,NSE,STK,17130,INE883N01014,PARAGMILK,EQ,,,,,PARAG MILK FOODS LTD.,245.8,249.0,240.25,241.17,240.25,244.77,,241.16,,,743453,181119332.06,11676,F1,1,,,,,
2026-08-27,2026-08-27,CM,NSE,STK,6066,INE399L01023,ATGL,EQ,,,,,ADANI TOTAL GAS LIMITED,643.0,647.25,639.05,645.35,645.05,643.7,,645.36,,,734229,472105931.25,23408,F1,1,,,,,
2026-08-27,2026-08-27,CM,NSE,STK,1232,INE047A01021,GRASIM,EQ,,,,,GRASIM INDUSTRIES LTD,3289.0,3299.8,3258.0,3258.0,3258.0,3299.9,,3258.09,,,733124,2402830887.7,27368,F1,1,,,,,
2026-08-27,2026-08-27,CM,NSE,STK,2142,INE180A01020,MFSL,EQ,,,,,MAX FINANCIAL SERV LTD,1590.0,1590.9,1568.0,1568.0,1568.0,1600.0,,1568.0,,,732972,1159020292.0,53357,F1,1,,,,,
2026-08-27,2026-08-27,CM,NSE,STK,18359,INE149K01016,SANDUMA,EQ,,,,,SANDUR MANG & IRON ORES L,209.9,213.45,206.0,206.95,207.1,209.67,,206.94,,,726534,152336319.0,12684,F1,1,,,,,
2026-08-27,2026-08-27,CM,NSE,STK,20621,INE932A01024,PENIND,EQ,,,,,PENNAR INDUSTRIES LTD,157.5,164.4,156.18,160.9,160.02,156.5,,160.89,,,725935,116407906.7,7669,F1,1,,,,,
2026-08-27,2026-08-27,CM,NSE,STK,760392,INE027T01023,RUDRA,EQ,,,,,RUDRA GLOBAL INFRA PROD L,21.19,21.74,20.0,20.29,20.6,21.15,,20.3,,,721765,14681446.54,416,F1,1,,,,,
2026-08-27,2026-08-27,CM,NSE,STK,18151,INE395N01027,TVSSCS,EQ,,,,,TVS SUPPLY CHAIN SOL L,132.78,132.82,129.5,130.79,130.2,132.16,,130.78,,,721741,94571454.38,9441,F1,1,,,,,
2026-08-27,2026-08-27,CM,NSE,STK,275,INE406A01037,AUROPHARMA,EQ,,,,,AUROBINDO PHARMA LTD,1623.5,1637.0,1605.7,1637.0,1637.0,1623.0,,1636.97,,,717677,1164041586.6,27841,F1,1,,,,,
2026-08-27,2026-08-27,CM,NSE,STK,10447,INE854D01024,UNITDSPR,EQ,,,,,UNITED SPIRITS LIMITED,1531.0,1531.9,1507.7,1522.0,1522.0,1538.5,,1522.0,,,717436,1091290466.9,32130,F1,1,,,,,
2026-08-27,2026-08-27,CM,NSE,STK,11355,INE877F01012,PTC,EQ,,,,,PTC INDIA LIMITED,157.22,159.0,156.75,157.96,157.26,157.28,,157.98,,,711786,112172412.28,10455,F1,1,,,,,
2026-08-27,2026-08-27,CM,NSE,STK,2043,INE331A01037,RAMCOCEM,EQ,,,,,THE RAMCO CEMENTS LIMITED,943.0,943.0,890.35,892.55,891.25,940.65,,892.55,,,706106,636779721.55,30816,F1,1,,,,,
2026-08-27,2026-08-27,CM,NSE,STK,2866,INE027A01015,RCF,EQ,,,,,RASHTRIYA CHEMICALS & FER,122.36,122.71,121.48,121.77,121.9,122.33,,121.77,,,704727,85898884.04,7012,F1,1,,,,,
2026-08-27,2026-08-27,CM,NSE,STK,760073,INE903A01025,JAYKAY,EQ,,,,,JAYKAY ENTERPRISES LTD,171.0,173.8,164.8,169.62,168.25,168.94,,169.62,,,700707,118905430.86,11068,F1,1,,,,,
2026-08-27,2026-08-27,CM,NSE,STK,24742,INE0AG901020,CEIGALL,EQ,,,,,CEIGALL INDIA LIMITED,339.0,342.0,331.15,341.05,336.7,337.85,,341.04,,,695122,234937915.55,12153,F1,1,,,,,
2026-08-27,2026-08-27,CM,NSE,STK,6125,INE127I01024,GOODLUCK,EQ,,,,,GOODLUCK INDIA LIMITED,440.1,448.9,430.5,432.8,430.5,441.1,,432.8,,,694850,303975733.8,18026,F1,1,,,,,
2026-08-27,2026-08-27,CM,NSE,STK,4870,INE915B01019,INDSWFTLAB,EQ,,,,,IND SWIFT LABORATORIES LT,359.9,366.4,352.51,358.04,357.0,367.48,,358.04,,,694257,250090018.54,15155,F1,1,,,,,
2026-08-27,2026-08-27,CM,NSE,STK,759448,INE1B6101010,SHREEJISPG,EQ,,,,,SHREEJI SHIPPING GLOBAL L,635.1,649.55,630.95,640.35,637.7,639.0,,640.34,,,692051,442388586.6,8659,F1,1,,,,,
2026-08-27,2026-08-27,CM,NSE,STK,19196,INE133E01013,TI,EQ,,,,,TILAKNAGAR INDUSTRIES LTD,562.35,565.9,546.25,557.8,555.9,560.9,,557.75,,,691828,384109966.85,16635,F1,1,,,,,
2026-08-27,2026-08-27,CM,NSE,STK,8962,INE626Z01029,HARDWYN,EQ,,,,,HARDWYN INDIA LIMITED,9.05,9.12,9.0,9.05,9.02,9.03,,9.05,,,689720,6238044.59,1060,F1,1,,,,,
2026-08-27,2026-08-27,CM,NSE,STK,1038,INE235A01022,FINCABLES,EQ,,,,,FINOLEX CABLES LTD,1280.0,1315.0,1270.0,1291.15,1290.6,1286.35,,1291.13,,,685892,886009621.65,38598,F1,1,,,,,
2026-08-27,2026-08-27,CM,NSE,STK,17738,INE0JO301016,YATHARTH,EQ,,,,,YATHARTH HOSP & TRA C S L,968.0,982.0,942.75,973.05,980.8,965.3,,972.91,,,684457,657392719.4,25557,F1,1,,,,,
2026-08-27,2026-08-27,CM,NSE,STK,20224,INE209L01016,JWL,EQ,,,,,JUPITER WAGONS LIMITED,246.4,252.9,245.9,247.0,246.9,246.85,,246.99,,,680272,169040217.05,13619,F1,1,,,,,
2026-08-27,2026-08-27,CM,NSE,STK,25252,INE0O6601022,KROSS,EQ,,,,,KROSS LIMITED,219.1,223.17,214.1,215.11,214.2,217.72,,215.11,,,677619,148113445.79,12321,F1,1,,,,,
2026-08-27,2026-08-27,CM,NSE,STK,760051,INF666M01MM4,GROWWCAPM,EQ,,,,,GROWWAMC - GROWWCAPM,11.69,11.69,11.46,11.48,11.55,11.65,,11.48,,,675883,7785632.38,718,F1,1,,,,,
2026-08-27,2026-08-27,CM,NSE,STK,5407,INE290S01011,CARTRADE,EQ,,,,,CARTRADE TECH LIMITED,3125.0,3254.0,3060.0,3080.2,3067.7,3142.2,,3080.42,,,669508,2123684535.3,62905,F1,1,,,,,
2026-08-27,2026-08-27,CM,NSE,STK,8585,INE589A01014,NLCINDIA,EQ,,,,,NLC INDIA LIMITED,272.7,272.7,268.0,268.8,268.5,271.4,,268.8,,,666043,179365716.15,18206,F1,1,,,,,
2026-08-27,2026-08-27,CM,NSE,STK,11966,INE00E101023,BIKAJI,EQ,,,,,BIKAJI FOODS INTERN LTD,615.15,635.9,607.6,611.9,609.2,612.1,,611.9,,,663473,414445724.35,35975,F1,1,,,,,
2026-08-27,2026-08-27,CM,NSE,STK,11530,INE02YR01019,EMIL,EQ,,,,,ELECTRONICS MART IND LTD,185.46,185.89,177.88,178.99,180.0,184.54,,178.99,,,661662,119899137.04,9396,F1,1,,,,,
2026-08-27,2026-08-27,CM,NSE,STK,20778,INE039C01032,JAMNAAUTO,EQ,,,,,JAMNA AUTO IND LTD,121.09,121.5,119.52,119.88,119.89,120.96,,119.88,,,660513,79590659.25,6978,F1,1,,,,,
2026-08-27,2026-08-27,CM,NSE,STK,763839,INE17QZ01016,KNACK,EQ,,,,,KNACK PACKAGING LIMITED,195.2,196.0,190.31,192.05,191.98,195.3,,192.05,,,654182,126158074.72,7911,F1,1,,,,,
2026-08-27,2026-08-27,CM,NSE,STK,342,INE596I01020,CAMS,EQ,,,,,COMPUTER AGE MNGT SER LTD,748.0,753.0,740.2,740.9,740.9,746.0,,741.0,,,653884,486083779.65,35366,F1,1,,,,,
2026-08-27,2026-08-27,CM,NSE,STK,4749,INE111A01025,CONCOR,EQ,,,,,CONTAINER CORP OF IND LTD,517.0,518.0,493.05,493.05,493.05,517.0,,493.09,,,651195,332392939.2,15491,F1,1,,,,,
2026-08-27,2026-08-27,CM,NSE,STK,193,INE034A01011,ARVIND,EQ,,,,,ARVIND LIMITED,539.0,546.7,532.9,540.95,544.4,541.95,,540.96,,,651136,352685951.8,28510,F1,1,,,,,
2026-08-27,2026-08-27,CM,NSE,STK,13776,INE017A01032,GESHIP,EQ,,,,,THE GE SHPG.LTD,1334.0,1341.8,1311.5,1317.2,1317.0,1332.2,,1317.16,,,650976,862302599.3,35444,F1,1,,,,,
2026-08-27,2026-08-27,CM,NSE,STK,761581,INE05HV01027,CMPDI,EQ,,,,,CENTRAL MINE P N D INST L,232.2,236.03,228.78,229.97,229.75,231.79,,229.97,,,650668,150994191.76,11973,F1,1,,,,,
2026-08-27,2026-08-27,CM,NSE,STK,20303,INE717W01049,GANDHAR,EQ,,,,,GANDHAR OIL REFINE IND L,255.39,256.7,251.9,254.85,255.0,255.39,,254.86,,,646662,164439979.28,9594,F1,1,,,,,
2026-08-27,2026-08-27,CM,NSE,STK,3327,INE659A01023,SUDARSCHEM,EQ,,,,,SUDARSHAN CHEMICAL INDS L,1239.9,1259.4,1223.2,1252.8,1255.0,1234.3,,1252.69,,,643589,798411839.1,23749,F1,1,,,,,
2026-08-27,2026-08-27,CM,NSE,STK,17963,INE239A01024,NESTLEIND,EQ,,,,,NESTLE INDIA LIMITED,1451.5,1465.0,1440.3,1450.0,1450.0,1451.5,,1450.0,,,637066,923469260.1,30532,F1,1,,,,,
2026-08-27,2026-08-27,CM,NSE,STK,19372,INE970N01027,SPCENET,EQ,,,,,SPACENET ENTERS IND LTD,3.31,3.38,3.31,3.34,3.34,3.34,,3.34,,,635708,2122398.5,468,F1,1,,,,,
2026-08-27,2026-08-27,CM,NSE,STK,17187,INE055S01018,CYIENTDLM,EQ,,,,,CYIENT DLM LIMITED,800.0,814.25,792.05,810.4,811.5,797.9,,810.4,,,632549,509644776.75,35317,F1,1,,,,,
2026-08-27,2026-08-27,CM,NSE,STK,12489,INE00M201021,SWSOLAR,EQ,,,,,STRLNG & WIL REN ENE LTD,203.0,203.38,197.15,199.15,198.1,200.12,,199.12,,,632051,126824123.01,9029,F1,1,,,,,
2026-08-27,2026-08-27,CM,NSE,STK,28046,INE0HLU01028,MOBIKWIK,EQ,,,,,ONE MOBIKWIK SYSTEMS LTD,195.25,196.4,190.1,191.55,191.0,194.88,,191.56,,,625739,120876411.23,6850,F1,1,,,,,
2026-08-27,2026-08-27,CM,NSE,STK,1235,INE224A01026,GREAVESCOT,EQ,,,,,GREAVES COTTON LTD.,195.5,195.59,190.9,191.17,191.1,195.62,,191.18,,,624598,120026218.58,6572,F1,1,,,,,
2026-08-27,2026-08-27,CM,NSE,STK,9819,INE176B01034,HAVELLS,EQ,,,,,HAVELLS INDIA LIMITED,1255.6,1265.0,1241.0,1241.0,1241.0,1258.7,,1241.01,,,623467,782910325.7,24965,F1,1,,,,,
2026-08-27,2026-08-27,CM,NSE,STK,764126,INE17IR01028,LASERPOWER,EQ,,,,,LASER POWER & INFRA LTD,328.0,329.0,318.1,319.6,319.65,328.2,,319.62,,,623061,201142534.3,11392,F1,1,,,,,
2026-08-27,2026-08-27,CM,NSE,STK,3405,INE092A01019,TATACHEM,EQ,,,,,TATA CHEMICALS LTD,638.45,647.35,635.0,644.15,644.4,637.65,,644.15,,,620346,396784575.75,17625,F1,1,,,,,
2026-08-27,2026-08-27,CM,NSE,STK,13976,INE483C01032,TANLA,EQ,,,,,TANLA PLATFORMS LIMITED,527.95,547.85,527.95,531.5,533.0,526.05,,531.51,,,619699,332824865.85,20573,F1,1,,,,,
2026-08-27,2026-08-27,CM,NSE,STK,11634,INE658G01014,SALSTEEL,EQ,,,,,S.A.L. STEEL LTD.,70.05,75.22,70.05,71.59,71.95,71.64,,71.59,,,617914,45076692.87,4357,F1,1,,,,,
2026-08-27,2026-08-27,CM,NSE,STK,761814,INE887D01016,TCC,EQ,,,,,TCC CONCEPT LIMITED,233.0,243.65,230.0,231.75,230.0,235.15,,231.73,,,617665,145800207.3,14984,F1,1,,,,,
2026-08-27,2026-08-27,CM,NSE,STK,399,INE470Y01017,NIACL,EQ,,,,,THE NEW INDIA ASSU CO LTD,188.0,188.0,184.34,185.2,185.4,187.09,,185.21,,,615307,114234680.78,9853,F1,1,,,,,
2026-08-27,2026-08-27,CM,NSE,STK,5911,INE045601023,PARAS,EQ,,,,,PARAS DEF AND SPCE TECH L,1497.5,1506.0,1451.0,1454.8,1460.0,1492.7,,1454.83,,,613310,902229745.5,28926,F1,1,,,,,
2026-08-27,2026-08-27,CM,NSE,STK,11522,INE161A01038,NIITLTD,EQ,,,,,NIIT LIMITED,104.27,104.27,100.34,102.94,103.35,102.97,,102.94,,,611287,62734303.45,8029,F1,1,,,,,
2026-08-27,2026-08-27,CM,NSE,STK,1185,INE371P01015,AMBER,EQ,,,,,AMBER ENTERPRISES (I) LTD,7466.0,7760.0,7465.5,7701.0,7701.0,7466.0,,7700.82,,,610657,4695777456.5,60299,F1,1,,,,,
2026-08-27,2026-08-27,CM,NSE,STK,817,INE500A01029,DCW,EQ,,,,,DCW LTD,46.88,47.0,45.68,45.95,45.85,46.78,,45.95,,,609175,28138626.4,2942,F1,1,,,,,
2026-08-27,2026-08-27,CM,NSE,STK,17704,INE615P01015,QUESS,EQ,,,,,QUESS CORP LIMITED,370.75,374.0,355.0,356.95,358.5,370.7,,356.98,,,607375,220811529.6,21629,F1,1,,,,,
2026-08-27,2026-08-27,CM,NSE,STK,765225,INE945P01024,WARDINMOBI,EQ,,,,,WARDWIZARD INNO & MOB L,6.08,6.08,5.7,5.89,5.93,6.03,,5.9,,,598577,3532839.13,1177,F1,1,,,,,
2026-08-27,2026-08-27,CM,NSE,STK,14309,INE562A01011,INDIANB,EQ,,,,,INDIAN BANK,891.95,896.15,875.35,884.4,884.4,889.0,,884.4,,,596643,528131507.7,18821,F1,1,,,,,
2026-08-27,2026-08-27,CM,NSE,STK,14150,INE0EEJ01023,BTML,EQ,,,,,BODHI TREE MULTIMEDIA LTD,8.89,9.08,8.7,8.98,9.0,8.89,,8.98,,,595859,5340504.9,545,F1,1,,,,,
2026-08-27,2026-08-27,CM,NSE,STK,20293,INE142M01025,TATATECH,EQ,,,,,TATA TECHNOLOGIES LIMITED,795.55,807.9,786.6,799.35,799.0,793.5,,799.38,,,593573,471788468.65,19104,F1,1,,,,,
2026-08-27,2026-08-27,CM,NSE,STK,1336,INE545A01024,HEG,EQ,,,,,HEG LTD,714.8,720.45,708.0,710.2,712.25,713.55,,710.21,,,592845,422421262.55,14402,F1,1,,,,,
2026-08-27,2026-08-27,CM,NSE,STK,14480,INE314T01033,GOKULAGRO,EQ,,,,,GOKUL AGRO RESOURCES LTD,245.25,250.0,243.0,244.48,243.9,245.39,,244.46,,,592803,145702038.63,11300,F1,1,,,,,
2026-08-27,2026-08-27,CM,NSE,STK,1964,INE849A01020,TRENT,EQ,,,,,TRENT LTD,2908.2,2923.5,2868.2,2878.5,2878.5,2908.2,,2876.5,,,591208,1706836138.7,56363,F1,1,,,,,
2026-08-27,2026-08-27,CM,NSE,STK,20831,INE046W01019,MUTHOOTMF,EQ,,,,,MUTHOOT MICROFIN LIMITED,218.53,221.0,204.0,204.94,204.99,213.85,,204.94,,,590236,124699597.62,10653,F1,1,,,,,
2026-08-27,2026-08-27,CM,NSE,STK,759291,INE304W01038,BLUESTONE,EQ,,,,,BLUESTONE JEWEL LFSTL LTD,797.0,819.85,792.95,800.5,803.0,797.95,,800.49,,,586565,474490967.8,22662,F1,1,,,,,
2026-08-27,2026-08-27,CM,NSE,STK,15068,INE621H01010,RELIGARE,EQ,,,,,RELIGARE ENTER. LTD.,226.65,236.0,226.65,234.2,234.45,227.85,,234.24,,,582315,135695444.7,12357,F1,1,,,,,
2026-08-27,2026-08-27,CM,NSE,STK,13611,INE335Y01020,IRCTC,EQ,,,,,INDIAN RAIL TOUR CORP LTD,491.75,492.5,486.0,487.55,486.5,491.75,,487.5,,,581723,284165569.85,25172,F1,1,,,,,
2026-08-27,2026-08-27,CM,NSE,STK,8479,INE494B01023,TVSMOTOR,EQ,,,,,TVS MOTOR COMPANY  LTD,4469.0,4469.0,4366.6,4409.8,4409.8,4464.0,,4409.51,,,579869,2548970958.3,33292,F1,1,,,,,
2026-08-27,2026-08-27,CM,NSE,STK,2049,INE178A01016,CHENNPETRO,EQ,,,,,CHENNAI PETROLEUM CORP LT,1375.0,1390.0,1350.0,1352.4,1353.9,1375.0,,1352.34,,,579400,789354650.5,24413,F1,1,,,,,
2026-08-27,2026-08-27,CM,NSE,STK,701,INE0AJG01018,HEMIPROP,EQ,,,,,HEMISPHERE PROP IND LTD,129.64,133.88,129.46,130.56,130.6,129.63,,130.56,,,578973,76508151.94,5146,F1,1,,,,,
2026-08-27,2026-08-27,CM,NSE,STK,760351,INE119201023,PARKHOSPS,EQ,,,,,PARK MEDI WORLD LIMITED,289.3,292.0,285.3,290.15,291.0,289.2,,290.13,,,576513,166896443.75,7310,F1,1,,,,,
2026-08-27,2026-08-27,CM,NSE,STK,11411,INE399G01023,RKFORGE,EQ,,,,,RAMKRISHNA FORGINGS LTD,731.9,741.3,713.35,716.65,716.8,732.0,,716.66,,,576114,418681425.7,19021,F1,1,,,,,
2026-08-27,2026-08-27,CM,NSE,STK,592,INE371A01025,GRAPHITE,EQ,,,,,GRAPHITE INDIA LTD,690.0,698.95,678.5,683.0,681.45,689.1,,683.04,,,572923,395220879.95,23648,F1,1,,,,,
2026-08-27,2026-08-27,CM,NSE,STK,5204,INE131A01031,GMDCLTD,EQ,,,,,GUJARAT MINERAL DEV CORP,578.95,580.2,566.0,567.25,567.0,578.95,,567.26,,,569849,325091104.9,19944,F1,1,,,,,
2026-08-27,2026-08-27,CM,NSE,STK,13816,INE818H01020,LTFOODS,EQ,,,,,LT FOODS LIMITED,451.0,451.0,436.15,437.85,438.0,451.3,,437.86,,,568938,251425105.1,21714,F1,1,,,,,
2026-08-27,2026-08-27,CM,NSE,STK,3496,INE338A01024,TIRUMALCHM,EQ,,,,,THIRUMALAI CHEMICALS LTD,160.05,163.03,157.61,159.58,159.7,160.97,,159.59,,,565736,90426013.59,6059,F1,1,,,,,
2026-08-27,2026-08-27,CM,NSE,STK,10768,INE959C01023,OAL,EQ,,,,,ORIENTAL AROMATICS LTD,400.0,432.55,400.0,428.95,427.5,401.25,,428.95,,,565331,238159740.75,21263,F1,1,,,,,
2026-08-27,2026-08-27,CM,NSE,STK,758697,INF666M01LL8,GROWWNIFTY,EQ,,,,,GROWWAMC - GROWWNIFTY,9.8,9.93,9.76,9.77,9.79,9.8,,9.77,,,557208,5457499.72,4017,F1,1,,,,,
2026-08-27,2026-08-27,CM,NSE,STK,27213,INE0LLY01014,EIEL,EQ,,,,,ENVIRO INFRA ENGINEERS L,201.49,204.3,198.81,201.04,201.0,200.69,,201.04,,,554248,111633630.02,9303,F1,1,,,,,
2026-08-27,2026-08-27,CM,NSE,STK,1901,INE298A01020,CUMMINSIND,EQ,,,,,CUMMINS INDIA LTD,5225.0,5270.0,5141.5,5190.0,5190.0,5200.0,,5190.03,,,553728,2867704640.5,42780,F1,1,,,,,
2026-08-27,2026-08-27,CM,NSE,STK,25312,INE953R01016,PNGJL,EQ,,,,,P N GADGIL JEWELLERS LTD,597.0,601.0,582.75,594.55,593.35,595.7,,594.56,,,552777,327704990.15,18779,F1,1,,,,,
2026-08-27,2026-08-27,CM,NSE,STK,23855,INF769K01LJ8,MIDSMALL,EQ,,,,,MIRAEAMC - MIDSMALL,52.55,52.81,52.41,52.48,52.65,52.58,,52.48,,,551095,28994720.79,690,F1,1,,,,,
2026-08-27,2026-08-27,CM,NSE,STK,14966,INE679A01013,CSBBANK,EQ,,,,,CSB BANK LIMITED,345.8,355.55,345.8,348.8,348.0,347.75,,348.8,,,550978,193033052.0,22108,F1,1,,,,,
2026-08-27,2026-08-27,CM,NSE,STK,760874,INF666M01OD9,GROWWHOSPI,EQ,,,,,GROWWAMC - GROWWHOSPI,52.22,52.63,52.11,52.43,52.56,52.37,,52.43,,,547873,28622367.27,978,F1,1,,,,,
2026-08-27,2026-08-27,CM,NSE,STK,758889,INE385F01024,SGMART,EQ,,,,,SG MART LIMITED,848.0,858.2,802.15,810.25,804.0,842.3,,810.31,,,542016,447915948.2,15331,F1,1,,,,,
2026-08-27,2026-08-27,CM,NSE,STK,7030,INE276G01015,ASIANENE,EQ,,,,,ASIAN ENERGY SERVICES LTD,480.0,498.0,476.2,492.7,491.45,478.55,,492.64,,,539333,264611118.75,13158,F1,1,,,,,
2026-08-27,2026-08-27,CM,NSE,STK,163,INE438A01022,APOLLOTYRE,EQ,,,,,APOLLO TYRES LTD,445.15,448.0,439.35,443.25,444.4,443.05,,443.26,,,538426,238618982.8,19986,F1,1,,,,,
2026-08-27,2026-08-27,CM,NSE,STK,757545,INE103V01028,TRAVELFOOD,EQ,,,,,TRAVEL FOOD SERVICES LTD,1287.8,1416.5,1287.8,1333.9,1332.0,1287.8,,1333.88,,,538246,736395164.7,29660,F1,1,,,,,
2026-08-27,2026-08-27,CM,NSE,STK,20760,INE324L01013,RPPINFRA,EQ,,,,,R.P.P INFRA PROJECTS LTD,57.25,58.1,56.63,57.53,56.91,57.18,,57.52,,,535308,30446400.45,629,F1,1,,,,,
2026-08-27,2026-08-27,CM,NSE,STK,24610,INE005B01027,AVANTEL,EQ,,,,,AVANTEL LIMITED,156.83,159.34,156.31,158.05,157.5,156.94,,158.06,,,534686,84426672.43,6105,F1,1,,,,,
2026-08-27,2026-08-27,CM,NSE,STK,759880,INE19RI01016,TENNIND,EQ,,,,,TENNECO CLEAN AIR INDIA L,538.0,544.7,536.4,541.4,540.5,539.6,,541.39,,,533231,288358518.2,24421,F1,1,,,,,
2026-08-27,2026-08-27,CM,NSE,STK,694,INE059A01026,CIPLA,EQ,,,,,CIPLA LTD,1405.0,1420.0,1402.1,1420.0,1420.0,1402.7,,1420.0,,,533212,752764914.8,34591,F1,1,,,,,
2026-08-27,2026-08-27,CM,NSE,STK,1348,INE158A01026,HEROMOTOCO,EQ,,,,,HERO MOTOCORP LIMITED,5594.5,5610.0,5511.5,5550.0,5550.0,5595.0,,5549.83,,,533073,2959330710.5,52226,F1,1,,,,,
2026-08-27,2026-08-27,CM,NSE,STK,10993,INE156A01020,INDORAMA,EQ,,,,,INDO RAMA SYNTHETICS LTD,61.56,64.98,61.21,63.87,63.45,61.22,,63.86,,,532500,33839887.08,4731,F1,1,,,,,
2026-08-27,2026-08-27,CM,NSE,STK,13875,INE742C01031,JINDRILL,EQ,,,,,JINDAL DRILLING IND. LTD,635.0,657.95,624.45,630.55,630.9,632.45,,630.58,,,531304,340827932.35,18901,F1,1,,,,,
2026-08-27,2026-08-27,CM,NSE,STK,7,INE769A01020,AARTIIND,EQ,,,,,AARTI INDUSTRIES LTD,542.95,543.0,534.55,538.9,537.1,542.95,,538.91,,,531274,285735944.05,16577,F1,1,,,,,
2026-08-27,2026-08-27,CM,NSE,STK,20322,INE007N01010,FEDFINA,EQ,,,,,FEDBANK FINANCIAL SER L,159.01,160.5,157.02,157.94,157.25,160.15,,157.94,,,530135,83978084.42,8058,F1,1,,,,,
2026-08-27,2026-08-27,CM,NSE,STK,760224,INE14UN01029,VIDYAWIRES,EQ,,,,,VIDYA WIRES LIMITED,86.92,87.75,85.63,85.8,85.7,86.92,,85.8,,,529772,45792168.51,6091,F1,1,,,,,
2026-08-27,2026-08-27,CM,NSE,STK,8632,INF174KA1IY5,LOWVOL1,EQ,,,,,KOTAKMAMC - KOTAKLOVOL,21.38,21.38,21.2,21.33,21.35,21.22,,21.33,,,527479,11225415.47,160,F1,1,,,,,
2026-08-27,2026-08-27,CM,NSE,STK,10940,INE361B01024,DIVISLAB,EQ,,,,,DIVI S LABORATORIES LTD,9045.0,9150.0,9035.0,9060.0,9060.0,9025.0,,9059.89,,,527307,4791214102.5,49400,F1,1,,,,,
2026-08-27,2026-08-27,CM,NSE,STK,16675,INE918I01026,BAJAJFINSV,EQ,,,,,BAJAJ FINSERV LTD.,2001.1,2026.6,1997.5,2011.0,2011.0,2010.0,,2005.84,,,526392,1055841879.5,71573,F1,1,,,,,
2026-08-27,2026-08-27,CM,NSE,STK,1076,INE520A01027,ZENSARTECH,EQ,,,,,ZENSAR TECHNOLOGIES  LTD,473.4,474.75,461.5,463.75,463.0,471.85,,463.8,,,526320,245419480.7,23704,F1,1,,,,,
2026-08-27,2026-08-27,CM,NSE,STK,236,INE021A01026,ASIANPAINT,EQ,,,,,ASIAN PAINTS LIMITED,2637.9,2655.9,2627.9,2631.0,2631.0,2626.5,,2630.44,,,525106,1387155598.3,45120,F1,1,,,,,
2026-08-27,2026-08-27,CM,NSE,STK,2388,INE045B01015,NELCO,EQ,,,,,NELCO LTD,940.0,983.8,933.2,960.4,960.4,936.0,,960.43,,,521633,503630488.0,19725,F1,1,,,,,
2026-08-27,2026-08-27,CM,NSE,STK,20936,INE146L01010,KIRLOSENG,EQ,,,,,KIRLOSKAR OIL ENG LTD,2060.0,2120.0,2024.1,2100.2,2100.0,2036.6,,2100.16,,,521433,1092010982.3,36634,F1,1,,,,,
2026-08-27,2026-08-27,CM,NSE,STK,18652,INE726G01019,ICICIPRULI,EQ,,,,,ICICI PRU LIFE INS CO LTD,518.35,518.95,509.0,510.0,510.0,515.05,,510.0,,,515424,265000789.55,13789,F1,1,,,,,
2026-08-27,2026-08-27,CM,NSE,STK,8840,INE228A01035,USHAMART,EQ,,,,,USHA MARTIN LTD.,495.9,495.9,479.95,489.15,490.0,496.15,,489.15,,,514767,250718822.65,24954,F1,1,,,,,
2026-08-27,2026-08-27,CM,NSE,STK,2837,INE625B01014,RANASUG,EQ,,,,,RANA SUGARS LTD.,14.9,15.02,14.52,14.75,14.89,14.8,,14.75,,,513788,7588045.99,1055,F1,1,,,,,
2026-08-27,2026-08-27,CM,NSE,STK,9392,INE359U01028,LANCER,EQ,,,,,LANCER CONTAINER LINES L,11.8,12.1,11.5,11.64,11.7,11.72,,11.63,,,511926,6042387.09,1042,F1,1,,,,,
2026-08-27,2026-08-27,CM,NSE,STK,2188,INE854S01022,GENCON,EQ,,,,,GENERIC ENG CONS PROJ LTD,46.0,46.35,44.41,45.83,46.35,46.77,,45.83,,,511577,23308472.01,1939,F1,1,,,,,
2026-08-27,2026-08-27,CM,NSE,STK,509,INE249Z01020,MAZDOCK,EQ,,,,,MAZAGON DOCK SHIPBUIL LTD,2625.0,2634.0,2583.1,2588.0,2588.0,2625.0,,2587.97,,,511497,1334683077.5,23661,F1,1,,,,,
2026-08-27,2026-08-27,CM,NSE,STK,17859,INE0LXT01019,REDTAPE,EQ,,,,,REDTAPE LIMITED,122.25,125.7,121.84,124.26,123.15,122.56,,124.26,,,503927,62590559.02,8459,F1,1,,,,,
2026-08-27,2026-08-27,CM,NSE,STK,23181,INF247L01CH6,MOSMALL250,EQ,,,,,MOTILALAMC - MOSMALL250,18.64,18.64,18.5,18.54,18.54,18.57,,18.54,,,503520,9344310.5,1587,F1,1,,,,,
2026-08-27,2026-08-27,CM,NSE,STK,762239,INE713R01022,GSPCROP,EQ,,,,,GSP CROP SCIENCE LIMITED,642.8,655.95,622.0,627.75,622.0,643.15,,627.71,,,503251,319987541.35,11630,F1,1,,,,,
2026-08-27,2026-08-27,CM,NSE,STK,14304,INE684F01012,FSL,EQ,,,,,FIRSTSOURCE SOLU. LTD.,271.0,272.5,267.55,268.5,268.25,270.05,,268.51,,,502488,135187490.05,15989,F1,1,,,,,
2026-08-27,2026-08-27,CM,NSE,STK,14314,INE592B01024,TTL,EQ,,,,,T T LIMITED,6.7,6.9,6.31,6.53,6.58,6.59,,6.53,,,501845,3257691.87,575,F1,1,,,,,
2026-08-27,2026-08-27,CM,NSE,STK,10865,INE382T01030,GVPTECH,EQ,,,,,GVP INFOTECH LIMITED,7.47,8.45,7.04,7.53,7.6,7.38,,7.53,,,501010,3863435.05,1222,F1,1,,,,,
2026-08-27,2026-08-27,CM,NSE,STK,2841,INE576O01020,LXCHEM,EQ,,,,,LAXMI ORGANIC INDUS LTD,173.25,173.39,167.01,167.47,167.4,172.21,,167.49,,,500942,84862375.48,6731,F1,1,,,,,
2026-08-27,2026-08-27,CM,NSE,STK,29075,INE0M4D01010,SETL,EQ,,,,,STANDARD ENGNG TCNLGY LTD,336.75,346.9,335.6,346.9,346.9,330.4,,346.9,,,497377,171679826.8,2724,F1,1,,,,,
2026-08-27,2026-08-27,CM,NSE,STK,3509,INE148A01019,TNPETRO,EQ,,,,,TAMILNADU PETROPRODUCTS L,113.5,114.0,108.3,109.12,109.0,113.27,,109.12,,,494399,54559430.07,4946,F1,1,,,,,
2026-08-27,2026-08-27,CM,NSE,STK,637,INE085A01013,CHAMBLFERT,EQ,,,,,CHAMBAL FERTILIZERS LTD,428.05,429.3,424.1,424.75,424.7,427.55,,424.75,,,493439,210159097.1,24732,F1,1,,,,,
2026-08-27,2026-08-27,CM,NSE,STK,1247,INE026A01025,GSFC,EQ,,,,,GUJ STATE FERT & CHEM LTD,159.99,160.5,158.33,159.16,159.3,160.07,,159.15,,,492991,78470684.44,6899,F1,1,,,,,
2026-08-27,2026-08-27,CM,NSE,STK,335,INE787D01026,BALKRISIND,EQ,,,,,BALKRISHNA IND. LTD,2340.2,2393.0,2330.1,2352.1,2340.5,2328.6,,2352.11,,,490664,1161517048.9,47695,F1,1,,,,,
2026-08-27,2026-08-27,CM,NSE,STK,13753,INE784W01015,MANOMAY,EQ,,,,,MANOMAY TEX INDIA LTD,221.42,228.8,218.4,227.91,224.8,220.31,,227.95,,,488882,109225237.57,2717,F1,1,,,,,
2026-08-27,2026-08-27,CM,NSE,STK,19783,INE08KJ01020,MUFIN,EQ,,,,,MUFIN GREEN FINANCE LTD,137.25,138.38,135.01,135.95,135.38,136.75,,135.95,,,480958,65717348.74,2966,F1,1,,,,,
2026-08-27,2026-08-27,CM,NSE,STK,10243,INE398R01022,SYNGENE,EQ,,,,,SYNGENE INTERNATIONAL LTD,412.9,418.5,407.6,413.8,414.2,411.15,,413.8,,,479502,198741169.2,19510,F1,1,,,,,
2026-08-27,2026-08-27,CM,NSE,STK,9590,INE455K01017,POLYCAB,EQ,,,,,POLYCAB INDIA LIMITED,9148.0,9188.0,8906.0,9079.0,9079.0,9060.0,,9077.03,,,477929,4320216595.5,59391,F1,1,,,,,
2026-08-27,2026-08-27,CM,NSE,STK,1174,INE113A01013,GNFC,EQ,,,,,GUJ NAR VAL FER & CHEM L,582.55,584.7,575.0,577.0,578.0,584.25,,577.0,,,477474,276264434.2,10883,F1,1,,,,,
2026-08-27,2026-08-27,CM,NSE,STK,11895,INE0KL801015,DCXINDIA,EQ,,,,,DCX SYSTEMS LIMITED,175.99,178.52,173.0,173.99,173.5,176.11,,173.98,,,474521,83619979.73,7264,F1,1,,,,,
2026-08-27,2026-08-27,CM,NSE,STK,25800,INE0JVO01026,GARUDA,EQ,,,,,GARUDA CONSTRUCT N ENG L,183.7,184.56,175.0,175.52,175.71,183.22,,175.52,,,473168,84470329.49,7256,F1,1,,,,,
2026-08-27,2026-08-27,CM,NSE,STK,2513,INE412G01024,BCLIND,EQ,,,,,BCL INDUSTRIES LIMITED,37.55,37.61,36.87,37.02,37.15,37.69,,37.02,,,471336,17495466.68,2056,F1,1,,,,,
2026-08-27,2026-08-27,CM,NSE,STK,22824,INE696F01016,JUNIPER,EQ,,,,,JUNIPER HOTELS LIMITED,215.0,217.5,209.91,216.05,216.0,212.04,,216.05,,,470586,100966869.81,6257,F1,1,,,,,
2026-08-27,2026-08-27,CM,NSE,STK,14552,INE211B01039,PHOENIXLTD,EQ,,,,,THE PHOENIX MILLS LTD,1926.0,1944.8,1897.2,1901.7,1901.7,1924.1,,1901.7,,,469493,898343557.9,24747,F1,1,,,,,
2026-08-27,2026-08-27,CM,NSE,STK,4892,INE979A01025,SAREGAMA,EQ,,,,,SAREGAMA INDIA LIMITED,498.35,502.75,484.3,487.5,485.0,497.55,,487.52,,,469479,229914444.45,15742,F1,1,,,,,
2026-08-27,2026-08-27,CM,NSE,STK,4732,INE411D01023,SKMEGGPROD,EQ,,,,,SKM EGG PROD EXPORT(I) LT,275.0,277.3,265.1,266.86,265.1,268.41,,266.87,,,468960,126730740.22,9537,F1,1,,,,,
2026-08-27,2026-08-27,CM,NSE,STK,11829,INE802C01033,SSWL,EQ,,,,,STEEL STRIPS WHEELS LTD.,290.1,294.4,287.85,292.45,292.7,290.4,,292.46,,,467198,136102627.1,8615,F1,1,,,,,
2026-08-27,2026-08-27,CM,NSE,STK,29731,INE942C01045,GUJTHEM,EQ,,,,,GUJARAT THEMIS BIOSYN LTD,420.8,421.95,405.0,412.2,410.75,420.75,,412.22,,,466950,192056346.1,12943,F1,1,,,,,
2026-08-27,2026-08-27,CM,NSE,STK,23693,INE065X01017,INDGN,EQ,,,,,INDEGENE LIMITED,570.0,574.0,561.9,567.35,567.5,569.7,,567.35,,,464592,264183220.85,22972,F1,1,,,,,
2026-08-27,2026-08-27,CM,NSE,STK,17722,INE947J01015,DEN,EQ,,,,,DEN NETWORKS LTD,28.0,28.88,27.71,28.12,28.08,27.68,,28.12,,,462919,13093420.56,1674,F1,1,,,,,
2026-08-27,2026-08-27,CM,NSE,STK,13511,INE672B01032,MUNJALAU,EQ,,,,,MUNJAL AUTO IND. LTD.,115.03,115.65,110.7,111.42,111.97,114.87,,111.43,,,462444,52042274.12,4981,F1,1,,,,,
2026-08-27,2026-08-27,CM,NSE,STK,11359,INE680A01011,DHANBANK,EQ,,,,,DHANLAXMI BANK LIMITED,33.3,34.8,32.5,32.72,32.55,33.21,,32.72,,,461956,15260764.07,2005,F1,1,,,,,
2026-08-27,2026-08-27,CM,NSE,STK,757814,INF666M01LI4,GROWWNET,EQ,,,,,GROWWAMC - GROWWNET,10.96,11.06,10.9,11.0,10.98,10.96,,11.0,,,457707,5029928.35,688,F1,1,,,,,
2026-08-27,2026-08-27,CM,NSE,STK,11050,INE792Z01011,SIRCA,EQ,,,,,SIRCA PAINT INDIA LIMITED,437.0,441.0,432.1,435.1,435.0,436.05,,435.11,,,455904,198934400.7,6538,F1,1,,,,,
2026-08-27,2026-08-27,CM,NSE,STK,761197,INE0V0W01025,GKSL,EQ,,,,,GUJARAT KIDNEY N SUP SP L,153.0,155.89,151.0,154.29,154.13,152.34,,154.25,,,455701,70405275.49,4313,F1,1,,,,,
2026-08-27,2026-08-27,CM,NSE,STK,3150,INE003A01024,SIEMENS,EQ,,,,,SIEMENS LTD,4050.0,4128.8,4050.0,4095.0,4095.0,4043.0,,4094.95,,,455385,1862843686.5,48737,F1,1,,,,,
2026-08-27,2026-08-27,CM,NSE,STK,2649,INE602A01031,PCBL,EQ,,,,,PCBL CHEMICAL LIMITED,326.9,327.95,321.35,323.0,322.5,325.65,,322.98,,,455268,147555618.7,11426,F1,1,,,,,
2026-08-27,2026-08-27,CM,NSE,STK,15414,INE615H01020,TITAGARH,EQ,,,,,TITAGARH RAIL SYSTEMS LTD,834.0,845.0,827.0,831.15,830.4,825.4,,831.13,,,449561,375264067.95,20037,F1,1,,,,,
2026-08-27,2026-08-27,CM,NSE,STK,7406,INE935A01035,GLENMARK,EQ,,,,,GLENMARK PHARMACEUTICALS,2455.0,2484.0,2440.6,2460.0,2460.0,2438.3,,2459.64,,,447011,1099411359.5,36320,F1,1,,,,,
2026-08-27,2026-08-27,CM,NSE,STK,2294,INE153A01019,MTNL,EQ,,,,,MAHANAGAR TELEPHONE NIGAM,26.79,26.88,26.35,26.56,26.54,26.79,,26.56,,,446896,11904637.01,2189,F1,1,,,,,
2026-08-27,2026-08-27,CM,NSE,STK,2144,INE171Z01026,BDL,EQ,,,,,BHARAT DYNAMICS LIMITED,1355.0,1366.5,1339.1,1348.6,1348.6,1363.0,,1347.38,,,445421,601815497.6,16800,F1,1,,,,,
2026-08-27,2026-08-27,CM,NSE,STK,11919,INE752G01015,MSPL,EQ,,,,,MSP STEEL & POWER LTD.,35.08,35.22,34.36,34.59,34.51,34.64,,34.59,,,444753,15458645.82,1642,F1,1,,,,,
2026-08-27,2026-08-27,CM,NSE,STK,7358,INE0IX101010,DATAPATTNS,EQ,,,,,DATA PATTERNS INDIA LTD,4755.0,4766.2,4637.2,4666.7,4671.0,4779.4,,4666.76,,,443386,2084808749.7,38617,F1,1,,,,,
2026-08-27,2026-08-27,CM,NSE,STK,3375,INE335A01020,SURYAROSNI,EQ,,,,,SURYA ROSHNI LTD,218.5,221.37,215.84,218.41,218.95,219.62,,218.39,,,442419,96629220.46,9576,F1,1,,,,,
2026-08-27,2026-08-27,CM,NSE,STK,19631,INE726V01018,PRICOLLTD,EQ,,,,,PRICOL LIMITED,781.0,796.75,764.15,776.7,773.0,780.7,,776.66,,,441982,346926180.8,24457,F1,1,,,,,
2026-08-27,2026-08-27,CM,NSE,STK,8077,INF174KA1ZC5,MIDCAP,EQ,,,,,KOTAKMAMC - KOTAKMID50,18.89,18.94,18.74,18.81,18.85,18.89,,18.81,,,439840,8274070.76,767,F1,1,,,,,
2026-08-27,2026-08-27,CM,NSE,STK,3799,INE976A01021,WSTCSTPAPR,EQ,,,,,WEST COAST PAPER MILLS LT,614.0,638.95,604.4,606.85,609.6,607.8,,606.86,,,439692,272922612.8,10928,F1,1,,,,,
2026-08-27,2026-08-27,CM,NSE,STK,762593,INE372E01025,BIRLAPREC,EQ,,,,,BIRLA PRECISION TECH L,43.51,47.8,43.51,47.37,47.8,44.12,,47.37,,,436978,20433574.74,1646,F1,1,,,,,
2026-08-27,2026-08-27,CM,NSE,STK,30893,INE00WV01027,CMRGREEN,EQ,,,,,CMR GREEN TECHNOLOGIES L,218.98,221.9,216.56,221.07,221.1,218.21,,221.07,,,434990,95469875.29,8120,F1,1,,,,,
2026-08-27,2026-08-27,CM,NSE,STK,21091,INE460H01021,STARCEMENT,EQ,,,,,STAR CEMENT LIMITED,191.4,192.6,186.0,188.68,188.23,191.16,,188.7,,,434910,81974164.17,11053,F1,1,,,,,
2026-08-27,2026-08-27,CM,NSE,STK,136,INE715B01021,ANDHRSUGAR,EQ,,,,,ANDHRA SUGARS LTD,99.0,99.49,95.0,95.45,95.63,99.02,,95.46,,,434209,41968418.32,4457,F1,1,,,,,
2026-08-27,2026-08-27,CM,NSE,STK,27839,INE570L01029,SAILIFE,EQ,,,,,SAI LIFE SCIENCES LIMITED,1467.1,1498.1,1458.1,1488.2,1482.1,1461.0,,1488.22,,,431944,638947076.5,29900,F1,1,,,,,
2026-08-27,2026-08-27,CM,NSE,STK,22947,INE777F01014,EXICOM,EQ,,,,,EXICOM TELE SYSTEMS LTD,154.98,157.87,154.5,156.14,156.0,155.21,,156.14,,,431889,67441187.97,5642,F1,1,,,,,
2026-08-27,2026-08-27,CM,NSE,STK,13147,INE191H01014,PVRINOX,EQ,,,,,PVR INOX LIMITED,1255.2,1260.1,1229.1,1236.3,1235.0,1255.3,,1236.36,,,431393,533032369.6,20380,F1,1,,,,,
2026-08-27,2026-08-27,CM,NSE,STK,13925,INE870D01012,NFL,EQ,,,,,NATIONAL FERT. LTD,71.82,72.0,71.21,71.36,71.3,71.8,,71.36,,,430598,30766940.6,2790,F1,1,,,,,
2026-08-27,2026-08-27,CM,NSE,STK,522,INF109KB15Y7,ICICIB22,EQ,,,,,ICICIPRAMC - BHARATIWIN,115.01,116.03,114.4,114.52,114.75,115.43,,114.52,,,429327,49234516.88,3153,F1,1,,,,,
2026-08-27,2026-08-27,CM,NSE,STK,17313,INE281B01032,LLOYDSME,EQ,,,,,LLOYDS METALS N ENERGY L,1851.9,1853.0,1789.0,1798.5,1797.0,1845.7,,1798.57,,,428234,776089655.1,19053,F1,1,,,,,
2026-08-27,2026-08-27,CM,NSE,STK,22602,INE560K01014,PFS,EQ,,,,,PTC INDIA FIN SERV LTD,27.8,27.85,27.2,27.24,27.3,27.66,,27.25,,,423965,11604922.45,1661,F1,1,,,,,
2026-08-27,2026-08-27,CM,NSE,STK,20906,INE619I01012,A2ZINFRA,EQ,,,,,A2Z INFRA ENGINEERING LTD,16.4,16.7,16.01,16.41,16.32,16.0,,16.42,,,423268,6983013.17,602,F1,1,,,,,
2026-08-27,2026-08-27,CM,NSE,STK,760007,INE606N01019,EXCELSOFT,EQ,,,,,EXCELSOFT TECHNOLOGIES L,70.52,73.4,69.8,71.53,71.32,70.5,,71.53,,,420383,30036600.11,2905,F1,1,,,,,
2026-08-27,2026-08-27,CM,NSE,STK,1008,INE188A01015,FACT,EQ,,,,,FACT LTD,850.1,871.6,835.2,842.55,835.25,866.25,,842.67,,,419829,358813172.8,16613,F1,1,,,,,
2026-08-27,2026-08-27,CM,NSE,STK,19913,INE192R01011,DMART,EQ,,,,,AVENUE SUPERMARTS LIMITED,3820.0,3874.4,3818.0,3847.4,3847.4,3826.9,,3847.43,,,416843,1605722337.5,34880,F1,1,,,,,
2026-08-27,2026-08-27,CM,NSE,STK,20203,INE550C01020,URJA,EQ,,,,,URJA GLOBAL LIMITED,9.2,9.38,9.2,9.25,9.29,9.22,,9.25,,,416027,3848783.68,1613,F1,1,,,,,
2026-08-27,2026-08-27,CM,NSE,STK,1164,INE619B01017,NEWGEN,EQ,,,,,NEWGEN SOFTWARE TECH LTD,525.1,531.55,520.2,523.0,522.15,524.35,,523.0,,,415158,217824849.95,14591,F1,1,,,,,
2026-08-27,2026-08-27,CM,NSE,STK,762844,INE722B01019,PRAVEG,EQ,,,,,PRAVEG LTD.,260.75,281.0,257.0,275.0,275.45,262.25,,275.09,,,414062,113820042.65,8205,F1,1,,,,,
2026-08-27,2026-08-27,CM,NSE,STK,19113,INE851I01011,UDS,EQ,,,,,UPDATER SERVICES LIMITED,222.15,223.44,218.11,221.82,222.0,222.07,,221.71,,,412890,91599545.23,5879,F1,1,,,,,
2026-08-27,2026-08-27,CM,NSE,STK,2816,INE613A01020,RALLIS,EQ,,,,,RALLIS INDIA LTD,213.01,213.93,209.8,210.24,210.0,213.93,,210.24,,,412837,87201481.77,14347,F1,1,,,,,
2026-08-27,2026-08-27,CM,NSE,STK,40,INE208C01025,AEGISLOG,EQ,,,,,AEGIS LOGISTICS LIMITED,1333.0,1333.2,1291.1,1298.0,1301.2,1331.7,,1298.01,,,411156,535872449.1,22608,F1,1,,,,,
2026-08-27,2026-08-27,CM,NSE,STK,2306,INE052T01021,BESTAGRO,EQ,,,,,BEST AGROLIFE LIMITED,17.95,18.0,17.31,17.47,17.31,17.85,,17.47,,,408422,7206940.29,1673,F1,1,,,,,
2026-08-27,2026-08-27,CM,NSE,STK,11860,INE789E01012,JKPAPER,EQ,,,,,JK PAPER LIMITED,396.55,403.4,387.2,390.4,389.0,396.55,,390.41,,,408338,161392056.2,12599,F1,1,,,,,
2026-08-27,2026-08-27,CM,NSE,STK,759569,INE16NZ01023,ORKLAINDIA,EQ,,,,,ORKLA INDIA LIMITED,575.95,609.9,575.95,606.0,608.0,579.8,,605.96,,,407447,242139883.75,13178,F1,1,,,,,
2026-08-27,2026-08-27,CM,NSE,STK,3857,INE665L01035,VARROC,EQ,,,,,VARROC ENGINEERING LTD.,812.55,840.8,806.3,813.15,809.0,812.15,,813.16,,,406477,335300937.5,18389,F1,1,,,,,
2026-08-27,2026-08-27,CM,NSE,STK,17333,INE998I01010,MHRIL,EQ,,,,,MAHINDRA HOLIDAYS LTD,218.3,219.59,209.22,211.23,210.7,218.19,,211.23,,,406340,86161560.01,6518,F1,1,,,,,
2026-08-27,2026-08-27,CM,NSE,STK,18562,INE997Y01027,MITTAL,EQ,,,,,MITTAL LIFE STYLE LIMITED,0.87,0.87,0.85,0.85,0.85,0.85,,0.85,,,403760,346007.24,389,F1,1,,,,,
2026-08-27,2026-08-27,CM,NSE,STK,13496,INE367G01038,PFOCUS,EQ,,,,,PRIME FOCUS LIMITED,301.95,303.3,295.0,295.65,296.85,302.55,,295.62,,,403749,120321409.4,9974,F1,1,,,,,
2026-08-27,2026-08-27,CM,NSE,STK,11932,INE139R01012,FUSION,EQ,,,,,FUSION FINANCE LIMITED,204.0,205.89,195.4,196.05,196.0,205.24,,196.05,,,402570,80169585.69,9049,F1,1,,,,,
2026-08-27,2026-08-27,CM,NSE,STK,17307,INE298G01035,AJMERA,EQ,,,,,AJMERA REALTY & INF I LTD,118.0,119.74,115.73,116.98,116.8,117.86,,116.99,,,402148,47402376.81,3463,F1,1,,,,,
2026-08-27,2026-08-27,CM,NSE,STK,22670,INE0J1F01024,RPTECH,EQ,,,,,RASHI PERIPHERALS LIMITED,787.5,804.75,776.15,782.5,780.85,778.95,,782.54,,,401788,317191387.5,19700,F1,1,,,,,
2026-08-27,2026-08-27,CM,NSE,STK,937,INE285A01027,ELGIEQUIP,EQ,,,,,ELGI EQUIPMENTS LTD,618.95,618.95,597.1,599.25,598.85,617.55,,599.24,,,400200,242788528.5,24166,F1,1,,,,,
2026-08-27,2026-08-27,CM,NSE,STK,13868,INE0LRU01027,AARTIPHARM,EQ,,,,,AARTI PHARMALABS LIMITED,836.0,843.0,810.1,813.5,814.1,836.65,,813.53,,,397741,326107669.7,20879,F1,1,,,,,
2026-08-27,2026-08-27,CM,NSE,STK,17032,INE594H01019,THYROCARE,EQ,,,,,THYROCARE TECH LTD,605.2,605.2,577.75,581.45,583.6,605.2,,581.47,,,396389,231740023.4,21548,F1,1,,,,,
2026-08-27,2026-08-27,CM,NSE,STK,5426,INE118D01016,NUVOCO,EQ,,,,,NUVOCO VISTAS CORP LTD,324.0,329.85,321.5,324.15,324.5,324.65,,324.11,,,394709,128823814.5,21087,F1,1,,,,,
2026-08-27,2026-08-27,CM,NSE,STK,21195,INE869I01013,GTPL,EQ,,,,,GTPL HATHWAY LIMITED,55.5,55.5,53.75,53.95,53.77,54.5,,53.95,,,389861,21056963.04,716,F1,1,,,,,
2026-08-27,2026-08-27,CM,NSE,STK,18908,INE572E01012,PNBHOUSING,EQ,,,,,PNB HOUSING FIN LTD.,1177.0,1195.0,1176.6,1178.0,1178.0,1185.0,,1178.0,,,388513,460123226.2,27834,F1,1,,,,,
2026-08-27,2026-08-27,CM,NSE,STK,13587,INE731H01025,ACE,EQ,,,,,ACTION CONST EQUIP LTD,1164.3,1184.0,1128.2,1136.0,1134.0,1159.0,,1135.89,,,388332,450661237.6,23015,F1,1,,,,,
2026-08-27,2026-08-27,CM,NSE,STK,14058,INE989A01032,SANGHVIMOV,EQ,,,,,SANGHVI MOVERS LTD,457.0,458.45,442.1,444.65,449.5,458.5,,445.18,,,387376,173276705.4,12313,F1,1,,,,,
2026-08-27,2026-08-27,CM,NSE,STK,5475,INE382Z01011,GRSE,EQ,,,,,GARDEN REACH SHIP&ENG LTD,2639.0,2665.9,2632.5,2643.0,2644.0,2630.3,,2642.94,,,384851,1020179039.1,24466,F1,1,,,,,
2026-08-27,2026-08-27,CM,NSE,STK,4421,INE741K01010,CREDITACC,EQ,,,,,CREDITACCESS GRAMEEN LTD,1440.2,1446.2,1408.6,1425.9,1417.0,1440.2,,1425.66,,,384049,548329564.3,45881,F1,1,,,,,
2026-08-27,2026-08-27,CM,NSE,STK,25606,INF247L01DK8,MOMENTUM50,EQ,,,,,MOTILALAMC - MOMENTUM50,55.15,55.44,55.01,55.2,55.22,54.96,,55.2,,,382540,21129989.66,1542,F1,1,,,,,
2026-08-27,2026-08-27,CM,NSE,STK,22566,INE0NLT01010,BLSE,EQ,,,,,BLS E-SERVICES LIMITED,321.4,321.8,302.4,314.05,313.05,319.7,,313.96,,,382378,121181606.15,5237,F1,1,,,,,
2026-08-27,2026-08-27,CM,NSE,STK,759316,INE506V01022,RUBICON,EQ,,,,,RUBICON RESEARCH LIMITED,1809.0,1872.0,1790.0,1841.0,1845.0,1818.8,,1841.05,,,379324,698419509.9,29850,F1,1,,,,,
2026-08-27,2026-08-27,CM,NSE,STK,25897,INE842C01021,MINDACORP,EQ,,,,,MINDA CORPORATION LTD,711.0,711.9,685.5,690.65,691.95,707.5,,690.68,,,379106,265821575.0,19994,F1,1,,,,,
2026-08-27,2026-08-27,CM,NSE,STK,17271,INE602W01027,SENCO,EQ,,,,,SENCO GOLD LIMITED,369.0,369.6,361.05,362.75,361.7,367.15,,362.76,,,378231,137805222.15,9529,F1,1,,,,,
2026-08-27,2026-08-27,CM,NSE,STK,6018,INE404A01024,ABSLAMC,EQ,,,,,ADIT BIRL SUN LIF AMC LTD,1033.6,1054.9,1029.0,1046.5,1049.0,1033.5,,1046.23,,,377907,393750635.9,26186,F1,1,,,,,
2026-08-27,2026-08-27,CM,NSE,STK,764296,INE0QJW01029,LCL,EQ,,,,,LOHIA CORP LIMITED,594.9,594.9,562.35,566.0,568.15,598.2,,565.96,,,377787,217788802.65,19417,F1,1,,,,,
2026-08-27,2026-08-27,CM,NSE,STK,760433,INE987S01020,KSHINTL,EQ,,,,,KSH INTERNATIONAL LIMITED,962.55,1019.0,952.0,962.35,958.1,948.25,,962.38,,,376921,369495746.05,29524,F1,1,,,,,
2026-08-27,2026-08-27,CM,NSE,STK,15044,INE124G01033,DELTACORP,EQ,,,,,DELTA CORP LIMITED,61.17,61.19,59.57,59.84,59.57,60.72,,59.84,,,376445,22682666.83,2941,F1,1,,,,,
2026-08-27,2026-08-27,CM,NSE,STK,759311,INE218I01013,CRAMC,EQ,,,,,CANARA ROBECO AMC LIMITED,260.0,261.0,256.05,258.9,258.4,260.6,,258.9,,,375586,97166221.45,10442,F1,1,,,,,
2026-08-27,2026-08-27,CM,NSE,STK,8167,INE825V01034,MANYAVAR,EQ,,,,,VEDANT FASHIONS LIMITED,550.65,550.65,540.15,544.55,546.5,546.6,,544.54,,,374606,203952365.1,15116,F1,1,,,,,
2026-08-27,2026-08-27,CM,NSE,STK,2739,INE010A01011,PRSMJOHNSN,EQ,,,,,PRISM JOHNSON LIMITED,112.0,112.19,110.9,111.16,111.35,112.29,,111.16,,,370685,41278082.68,4834,F1,1,,,,,
2026-08-27,2026-08-27,CM,NSE,STK,910,INE066A01021,EICHERMOT,EQ,,,,,EICHER MOTORS LTD,8015.0,8105.5,7987.0,8100.0,8100.0,8035.0,,8100.0,,,369462,2977951790.0,31881,F1,1,,,,,
2026-08-27,2026-08-27,CM,NSE,STK,759867,INE0ILV01024,CAPILLARY,EQ,,,,,CAPILLARY TECHNO INDIA L,506.6,511.7,493.7,508.95,503.1,506.6,,508.94,,,368041,185758628.55,9262,F1,1,,,,,
2026-08-27,2026-08-27,CM,NSE,STK,13580,INE855R01021,RADIANTCMS,EQ,,,,,RADIANT CASH MGMT SER LTD,41.51,41.75,39.69,40.41,40.45,41.16,,40.41,,,367982,14871231.14,2165,F1,1,,,,,
2026-08-27,2026-08-27,CM,NSE,STK,919,INE230A01023,EIHOTEL,EQ,,,,,EIH LIMITED,302.0,304.45,294.85,300.05,300.25,303.5,,300.05,,,367367,109809881.6,9702,F1,1,,,,,
2026-08-27,2026-08-27,CM,NSE,STK,2202,INE831A01028,ONIDA,EQ,,,,,ONIDA ELECTRONICS LIMITED,37.58,37.58,36.0,36.24,36.07,36.8,,36.24,,,366341,13363903.88,994,F1,1,,,,,
2026-08-27,2026-08-27,CM,NSE,STK,23864,INE108V01019,AWFIS,EQ,,,,,AWFIS SPACE SOLUTIONS LTD,269.9,269.9,255.8,257.65,256.5,268.35,,257.65,,,365185,95026350.0,9492,F1,1,,,,,
2026-08-27,2026-08-27,CM,NSE,STK,760438,INF666M01NI0,GROWWMETAL,EQ,,,,,GROWWAMC - GROWWMETAL,13.14,13.14,12.75,12.84,12.86,12.88,,12.84,,,364362,4689950.41,1418,F1,1,,,,,
2026-08-27,2026-08-27,CM,NSE,STK,19218,INE0JWS01017,VALIANTLAB,EQ,,,,,VALIANT LABORATORIES LTD,107.87,109.2,103.0,104.89,104.0,107.87,,104.92,,,363930,38713665.08,4698,F1,1,,,,,
2026-08-27,2026-08-27,CM,NSE,STK,16696,INE0PA801013,GHCLTEXTIL,EQ,,,,,GHCL TEXTILES LIMITED,127.29,127.96,124.75,125.36,125.79,126.7,,125.36,,,363913,45976580.27,3998,F1,1,,,,,
2026-08-27,2026-08-27,CM,NSE,STK,25574,INE908D01010,SHAKTIPUMP,EQ,,,,,SHAKTI PUMPS (I) LTD,490.4,503.0,486.85,497.4,496.0,490.35,,497.4,,,361174,178077950.75,14256,F1,1,,,,,
2026-08-27,2026-08-27,CM,NSE,STK,762675,INE417D01020,FEDDERSHOL,EQ,,,,,FEDDERS HOLDING LTD.,42.6,43.35,42.4,43.11,42.53,42.5,,43.11,,,360339,15550023.87,805,F1,1,,,,,
2026-08-27,2026-08-27,CM,NSE,STK,9385,INE195J01029,PNCINFRA,EQ,,,,,PNC INFRATECH LTD.,201.9,203.0,197.37,198.34,198.56,201.32,,198.31,,,360275,71645262.23,14192,F1,1,,,,,
2026-08-27,2026-08-27,CM,NSE,STK,24715,INE09XN01023,AKUMS,EQ,,,,,AKUMS DRUGS AND PHARMA L,769.0,778.05,760.0,761.2,760.8,766.1,,761.2,,,359949,275751738.4,17844,F1,1,,,,,
2026-08-27,2026-08-27,CM,NSE,STK,916,INE126A01031,EIDPARRY,EQ,,,,,EID PARRY INDIA LTD,788.6,805.9,786.55,795.3,796.5,796.35,,795.3,,,357257,284347655.65,15065,F1,1,,,,,
2026-08-27,2026-08-27,CM,NSE,STK,22980,INE0CG401037,MUKKA,EQ,,,,,MUKKA PROTEINS LIMITED,25.88,26.14,25.1,25.29,25.44,25.73,,25.3,,,354982,9032659.53,1798,F1,1,,,,,
2026-08-27,2026-08-27,CM,NSE,STK,11896,INE007B01023,GEOJITFSL,EQ,,,,,GEOJIT FINANCIAL SER L,81.07,83.47,80.0,82.64,82.0,80.86,,82.65,,,354474,28962902.05,3649,F1,1,,,,,
2026-08-27,2026-08-27,CM,NSE,STK,757520,INE0U4101014,BLUSPRING,EQ,,,,,BLUSPRING ENTERPRISES LTD,128.9,133.88,125.02,131.56,132.4,128.13,,131.54,,,352695,45729456.15,4418,F1,1,,,,,
2026-08-27,2026-08-27,CM,NSE,STK,13376,INE786F01031,UTTAMSUGAR,EQ,,,,,UTTAM SUGAR MILLS LTD.,314.25,321.86,296.2,298.34,297.98,312.82,,298.25,,,352684,107720184.72,7463,F1,1,,,,,
2026-08-27,2026-08-27,CM,NSE,STK,11195,INE646L01027,INDIGO,EQ,,,,,INTERGLOBE AVIATION LTD,5255.0,5258.5,5178.0,5189.0,5189.0,5250.5,,5183.32,,,352677,1837107908.0,34224,F1,1,,,,,
2026-08-27,2026-08-27,CM,NSE,STK,2303,INE066F01020,HAL,EQ,,,,,HINDUSTAN AERONAUTICS LTD,4900.0,4935.0,4875.0,4899.0,4899.0,4865.5,,4898.33,,,351457,1719820174.4,24541,F1,1,,,,,
2026-08-27,2026-08-27,CM,NSE,STK,764808,INE173M01012,ONIXSOLAR,EQ,,,,,ONIX SOLAR ENERGY LTD.,296.7,303.05,284.75,301.0,302.0,288.65,,300.85,,,350922,103552288.45,3734,F1,1,,,,,
2026-08-27,2026-08-27,CM,NSE,STK,2717,INE372C01037,PRECWIRE,EQ,,,,,PRECISION WIRES INDIA LTD,433.0,436.55,421.2,422.8,426.0,432.25,,422.81,,,350769,149650468.4,14014,F1,1,,,,,
2026-08-27,2026-08-27,CM,NSE,STK,14203,INE703H01016,HUBTOWN,EQ,,,,,HUBTOWN LIMITED,189.35,189.35,184.0,184.71,186.0,188.5,,184.71,,,350523,65334745.33,3672,F1,1,,,,,
2026-08-27,2026-08-27,CM,NSE,STK,5385,INE216P01012,AAVAS,EQ,,,,,AAVAS FINANCIERS LIMITED,1279.4,1293.6,1257.9,1269.4,1276.0,1285.8,,1269.41,,,349968,445064734.1,41236,F1,1,,,,,
2026-08-27,2026-08-27,CM,NSE,STK,759093,INE1B3L01017,SHRINGARMS,EQ,,,,,SHRINGAR HOU OF MANGALS L,220.5,222.98,217.75,219.37,218.9,220.78,,219.37,,,349065,76612556.76,2493,F1,1,,,,,
2026-08-27,2026-08-27,CM,NSE,STK,16192,INE07S101038,PAVNAIND,EQ,,,,,PAVNA INDUSTRIES LIMITED,18.84,18.89,18.11,18.51,18.69,18.51,,18.49,,,348252,6477326.24,96,F1,1,,,,,
2026-08-27,2026-08-27,CM,NSE,STK,17764,INE056I01025,REFEX,EQ,,,,,REFEX INDUSTRIES LIMITED,296.0,296.15,286.5,289.4,291.0,296.85,,289.41,,,347748,100682877.9,7895,F1,1,,,,,
2026-08-27,2026-08-27,CM,NSE,STK,12024,INE128X01021,ACI,EQ,,,,,ARCHEAN CHEMICAL IND LTD,490.0,490.3,482.3,483.95,482.95,489.9,,483.98,,,346464,168315061.5,16678,F1,1,,,,,
2026-08-27,2026-08-27,CM,NSE,STK,14418,INE006I01046,ASTRAL,EQ,,,,,ASTRAL LIMITED,1526.1,1547.5,1521.3,1529.2,1529.2,1526.1,,1529.24,,,346093,530681312.8,27263,F1,1,,,,,
2026-08-27,2026-08-27,CM,NSE,STK,2969,INE623A01011,SAKHTISUG,EQ,,,,,SAKTHI SUGARS LTD,20.9,21.05,19.53,19.74,19.6,20.77,,19.74,,,345589,6954318.62,1695,F1,1,,,,,
2026-08-27,2026-08-27,CM,NSE,STK,7177,INE0CLI01024,RATEGAIN,EQ,,,,,RATEGAIN TRAVEL TECHN LTD,939.2,943.75,911.0,918.25,913.9,934.05,,918.29,,,344863,319256726.1,25906,F1,1,,,,,
2026-08-27,2026-08-27,CM,NSE,STK,2859,INE301A01014,RAYMOND,EQ,,,,,RAYMOND LTD,624.15,625.65,611.0,614.0,614.0,621.05,,614.01,,,342690,211037004.85,9996,F1,1,,,,,
2026-08-27,2026-08-27,CM,NSE,STK,100,INE885A01032,ARE&M,EQ,,,,,AMARA RAJA ENERGY MOB LTD,920.5,926.35,910.1,911.9,913.2,920.75,,911.9,,,342311,313181691.6,19672,F1,1,,,,,
2026-08-27,2026-08-27,CM,NSE,STK,4656,INE386D01027,SBCL,EQ,,,,,SHIVALIK BIMETAL CON. LTD,1061.9,1079.6,1032.1,1044.2,1035.3,1053.1,,1044.11,,,342146,361282216.4,22773,F1,1,,,,,
2026-08-27,2026-08-27,CM,NSE,STK,22463,INE0G5901015,EPACK,EQ,,,,,EPACK DURABLE LIMITED,199.0,201.0,196.16,196.86,196.7,199.16,,196.86,,,341363,67752572.12,5564,F1,1,,,,,
2026-08-27,2026-08-27,CM,NSE,STK,7862,INE878A01011,GVPIL,EQ,,,,,GE POWER INDIA LIMITED,642.8,675.0,642.8,661.75,660.3,643.6,,661.69,,,341036,226461373.8,10347,F1,1,,,,,
2026-08-27,2026-08-27,CM,NSE,STK,28314,INE489G01022,ANUHPHR,EQ,,,,,ANUH PHARMA LIMITED,79.97,84.39,78.45,83.58,83.0,79.02,,83.58,,,339632,27937899.98,3914,F1,1,,,,,
2026-08-27,2026-08-27,CM,NSE,STK,14667,INE157H01023,KMSUGAR,EQ,,,,,K M SUGAR MILLS LTD,32.0,32.5,30.25,30.61,30.5,31.96,,30.61,,,338995,10593473.4,1459,F1,1,,,,,
2026-08-27,2026-08-27,CM,NSE,STK,29527,INF666M01JJ6,GROWWRAIL,EQ,,,,,GROWWAMC - GROWWRAIL,28.79,28.93,28.41,28.51,28.53,28.74,,28.51,,,338475,9666877.99,2681,F1,1,,,,,
2026-08-27,2026-08-27,CM,NSE,STK,14236,INF179KC1HT0,HDFCMID150,EQ,,,,,HDFCAMC - HDFCMID150,23.51,24.01,23.51,23.81,23.82,23.88,,23.81,,,338408,8071224.27,1286,F1,1,,,,,
2026-08-27,2026-08-27,CM,NSE,STK,1338,INE480C01038,SDBL,EQ,,,,,SOM DIST & BREW LTD,72.99,73.24,71.5,71.82,71.56,72.62,,71.83,,,337962,24308544.44,3287,F1,1,,,,,
2026-08-27,2026-08-27,CM,NSE,STK,12490,INE01KI01027,VINNY,EQ,,,,,VINNY OVERSEAS LIMITED,1.06,1.07,1.04,1.04,1.05,1.06,,1.04,,,336724,352423.01,148,F1,1,,,,,
2026-08-27,2026-08-27,CM,NSE,STK,6711,INE050B01023,IVC,EQ,,,,,IL&FS INVESTMENT MANAGERS,8.18,8.49,8.02,8.39,8.44,8.07,,8.4,,,335741,2791156.69,968,F1,1,,,,,
2026-08-27,2026-08-27,CM,NSE,STK,25907,INE377N01017,WAAREEENER,EQ,,,,,WAAREE ENERGIES LIMITED,2637.6,2649.9,2611.0,2624.0,2624.0,2635.0,,2623.29,,,332552,873154888.7,22369,F1,1,,,,,
2026-08-27,2026-08-27,CM,NSE,STK,16045,INE689W01016,PRINCEPIPE,EQ,,,,,PRINCE PIPES FITTINGS LTD,300.0,303.0,293.4,295.65,293.45,298.4,,295.62,,,330658,98610765.7,7247,F1,1,,,,,
2026-08-27,2026-08-27,CM,NSE,STK,762889,INE440T01028,SEIL,EQ,,,,,SHANTI EDU INITIATIVES L,211.66,214.3,206.22,208.11,207.99,211.66,,208.12,,,329879,69012956.52,1637,F1,1,,,,,
2026-08-27,2026-08-27,CM,NSE,STK,757658,INE771F01041,FISCHER,EQ,,,,,FISCHER MEDICAL VENTURE L,36.24,36.24,35.11,35.27,35.85,36.05,,35.27,,,329799,11744158.82,1284,F1,1,,,,,
2026-08-27,2026-08-27,CM,NSE,STK,203,INE348A01023,ASHAPURMIN,EQ,,,,,ASHAPURA MINECHEM LTD,591.0,596.65,575.0,578.05,579.5,592.45,,578.01,,,327118,191066425.6,12486,F1,1,,,,,
2026-08-27,2026-08-27,CM,NSE,STK,27144,INE0UIZ01018,BLACKBUCK,EQ,,,,,BLACKBUCK LIMITED,602.7,602.75,585.8,588.2,589.0,605.3,,588.18,,,324075,193066311.4,19667,F1,1,,,,,
2026-08-27,2026-08-27,CM,NSE,STK,759551,INE202B01038,PIRAMALFIN,EQ,,,,,PIRAMAL FINANCE LIMITED,2228.0,2241.2,2201.5,2228.7,2225.1,2221.4,,2228.74,,,322634,718287641.6,30003,F1,1,,,,,
2026-08-27,2026-08-27,CM,NSE,STK,15380,INE634S01028,MANKIND,EQ,,,,,MANKIND PHARMA LIMITED,2405.0,2417.5,2377.6,2417.5,2417.5,2393.7,,2417.48,,,322167,770523800.2,21210,F1,1,,,,,
2026-08-27,2026-08-27,CM,NSE,STK,765195,INE457P01020,TOYAMSL,EQ,,,,,TOYAM SPORTS LTD.,0.65,0.65,0.62,0.62,0.63,0.64,,0.62,,,322140,203809.79,183,F1,1,,,,,
2026-08-27,2026-08-27,CM,NSE,STK,15073,INE139I01011,BVCL,EQ,,,,,BARAK VALLEY CEM. LTD.,46.0,46.0,43.01,43.57,44.3,42.83,,43.43,,,320476,14234147.96,1423,F1,1,,,,,
2026-08-27,2026-08-27,CM,NSE,STK,11532,INE481G01011,ULTRACEMCO,EQ,,,,,ULTRATECH CEMENT LIMITED,11674.0,11815.0,11674.0,11717.0,11717.0,11717.0,,11717.4,,,319993,3757619734.0,38322,F1,1,,,,,
2026-08-27,2026-08-27,CM,NSE,STK,18659,INE182D01020,MARATHON,EQ,,,,,MARATHON NXTGEN REALT LTD,424.9,430.8,413.55,428.75,429.0,419.45,,428.79,,,318928,135254107.7,8775,F1,1,,,,,
2026-08-27,2026-08-27,CM,NSE,STK,3002,INE066O01014,WONDERLA,EQ,,,,,WONDERLA HOLIDAYS LTD.,515.2,547.0,515.0,542.25,541.0,516.05,,542.26,,,318827,170403250.8,11876,F1,1,,,,,
2026-08-27,2026-08-27,CM,NSE,STK,1328,INE01JE01028,MARINE,EQ,,,,,MARINE ELECTRICAL (I) LTD,378.55,382.0,371.45,374.1,376.0,375.55,,374.1,,,318798,119775242.85,10741,F1,1,,,,,
2026-08-27,2026-08-27,CM,NSE,STK,757515,INE0U4701011,DIGITIDE,EQ,,,,,DIGITIDE SOLUTIONS LTD,101.9,103.25,99.24,102.44,101.85,101.83,,102.44,,,317725,32280405.75,3034,F1,1,,,,,
2026-08-27,2026-08-27,CM,NSE,STK,3518,INE685A01028,TORNTPHARM,EQ,,,,,TORRENT PHARMACEUTICALS L,4885.0,4999.0,4877.5,4999.0,4999.0,4890.0,,4999.17,,,317547,1563162734.0,24077,F1,1,,,,,
2026-08-27,2026-08-27,CM,NSE,STK,13061,INE466L01038,360ONE,EQ,,,,,360 ONE WAM LIMITED,1194.0,1207.0,1191.7,1204.0,1204.0,1197.2,,1204.0,,,317442,381139526.0,19239,F1,1,,,,,
2026-08-27,2026-08-27,CM,NSE,STK,14385,INE063E01061,POCL,EQ,,,,,PONDY OXIDES & CHEM LTD,510.9,515.9,501.5,511.3,509.25,512.45,,511.31,,,317241,161862560.05,9453,F1,1,,,,,
2026-08-27,2026-08-27,CM,NSE,STK,24154,INE841L01016,DEEDEV,EQ,,,,,DEE DEVELOPMENT ENG LTD,654.75,668.85,632.25,635.8,636.85,637.0,,635.8,,,316732,208396117.85,8590,F1,1,,,,,
2026-08-27,2026-08-27,CM,NSE,STK,759434,INE085001019,WEWORK,EQ,,,,,WEWORK INDIA MANAGEMENT L,678.0,694.85,672.65,675.35,674.0,678.3,,675.34,,,316546,215763204.2,20324,F1,1,,,,,
2026-08-27,2026-08-27,CM,NSE,STK,11212,INE500L01026,SHK,EQ,,,,,S H KELKAR AND CO. LTD.,156.48,157.0,150.0,151.41,150.5,155.62,,151.41,,,315780,48024774.43,5477,F1,1,,,,,
2026-08-27,2026-08-27,CM,NSE,STK,10999,INE585B01010,MARUTI,EQ,,,,,MARUTI SUZUKI INDIA LTD.,13520.0,13580.0,13404.0,13440.0,13440.0,13520.0,,13433.46,,,315555,4244493870.0,44326,F1,1,,,,,
2026-08-27,2026-08-27,CM,NSE,STK,29224,INE013P01021,ONESOURCE,EQ,,,,,ONESOURCE SPECL PHARMA L,1493.9,1551.0,1491.1,1517.5,1527.9,1483.6,,1517.5,,,315066,479699938.0,19587,F1,1,,,,,
2026-08-27,2026-08-27,CM,NSE,STK,11840,INE410P01011,NH,EQ,,,,,NARAYANA HRUDAYALAYA LTD.,1891.3,1922.0,1880.6,1903.8,1910.3,1882.7,,1903.81,,,314326,600460300.1,37618,F1,1,,,,,
2026-08-27,2026-08-27,CM,NSE,STK,3252,INE147A01011,SPIC,EQ,,,,,SPIC LTD,70.02,70.6,69.06,69.46,69.4,70.28,,69.46,,,314076,21842980.5,2866,F1,1,,,,,
2026-08-27,2026-08-27,CM,NSE,STK,21501,INE285J01028,SIS,EQ,,,,,SIS LIMITED,420.0,428.95,418.2,421.7,422.6,421.1,,421.75,,,313306,132603428.95,9482,F1,1,,,,,
2026-08-27,2026-08-27,CM,NSE,STK,14761,INE189I01024,NELCAST,EQ,,,,,NELCAST LIMITED,115.3,120.69,114.82,117.08,118.0,115.34,,117.1,,,311282,36541944.25,3933,F1,1,,,,,
2026-08-27,2026-08-27,CM,NSE,STK,758115,INE0J5801029,JSLL,EQ,,,,,JEENA SIKHO LIFECARE LTD,514.05,515.95,500.1,501.9,504.0,514.25,,501.92,,,309670,156945774.1,12186,F1,1,,,,,
2026-08-27,2026-08-27,CM,NSE,STK,10588,INE712K01011,SHREEPUSHK,EQ,,,,,SHRE PUSH CHEM & FERT LTD,457.1,481.5,449.35,452.25,450.0,452.15,,452.28,,,309322,144257512.35,13374,F1,1,,,,,
2026-08-27,2026-08-27,CM,NSE,STK,17945,INE03QK01018,COHANCE,EQ,,,,,COHANCE LIFESCIENCES LTD,462.0,464.9,452.5,454.0,453.95,462.35,,454.0,,,308834,141268304.45,16704,F1,1,,,,,
2026-08-27,2026-08-27,CM,NSE,STK,3149,INE666D01022,BORORENEW,EQ,,,,,BOROSIL RENEWABLES LTD,525.5,530.65,515.0,517.55,518.0,527.0,,517.57,,,308464,161011686.4,10385,F1,1,,,,,
2026-08-27,2026-08-27,CM,NSE,STK,10893,INE0I3401014,DBOL,EQ,,,,,DHAMPUR BIO ORGANICS LTD,127.73,130.09,121.98,123.34,122.31,127.73,,123.35,,,307475,38345975.5,4035,F1,1,,,,,
2026-08-27,2026-08-27,CM,NSE,STK,1581,INE0EK901012,TARC,EQ,,,,,TARC LIMITED,120.33,120.96,117.1,117.53,117.2,119.45,,117.53,,,306535,36376760.12,3339,F1,1,,,,,
2026-08-27,2026-08-27,CM,NSE,STK,20182,INE442H01029,ASHOKA,EQ,,,,,ASHOKA BUILDCON LTD,113.7,114.86,112.8,113.05,112.82,114.07,,113.04,,,305638,34762935.63,3524,F1,1,,,,,
2026-08-27,2026-08-27,CM,NSE,STK,18571,INE934S01014,GNA,EQ,,,,,GNA AXLES LIMITED,549.6,565.0,544.6,546.8,546.9,545.8,,546.81,,,305547,169469592.65,8708,F1,1,,,,,
2026-08-27,2026-08-27,CM,NSE,STK,1521,INE560A01023,INDIAGLYCO,EQ,,,,,INDIA GLYCOLS LTD,1190.0,1210.0,1182.2,1203.3,1198.9,1190.5,,1203.19,,,304427,364649472.9,27241,F1,1,,,,,
2026-08-27,2026-08-27,CM,NSE,STK,27084,INE0CJD01029,KMEW,EQ,,,,,KNOWLEDGE MARINE & EN W L,2878.4,2995.0,2791.0,2969.0,2968.0,2777.8,,2969.25,,,303914,886171399.0,39694,F1,1,,,,,
2026-08-27,2026-08-27,CM,NSE,STK,31234,INE839M01018,SCHNEIDER,EQ,,,,,SCHNEIDER ELECTRIC INFRA,1175.8,1214.9,1172.1,1207.0,1212.0,1174.4,,1206.93,,,302871,361132260.5,23112,F1,1,,,,,
2026-08-27,2026-08-27,CM,NSE,STK,16658,INE0A0S01028,SIGMA,EQ,,,,,SIGMA SOLVE LIMITED,48.85,49.7,46.77,47.54,47.8,48.57,,47.54,,,302696,14672618.2,2711,F1,1,,,,,
2026-08-27,2026-08-27,CM,NSE,STK,14592,INE061F01013,FORTIS,EQ,,,,,FORTIS HEALTHCARE LTD,916.95,920.0,911.3,915.65,915.65,913.85,,915.65,,,302082,276511002.25,18967,F1,1,,,,,
2026-08-27,2026-08-27,CM,NSE,STK,2088,INE271B01025,MAHSEAMLES,EQ,,,,,MAHARASHTRA SEAMLESS LTD,635.0,652.65,634.95,642.05,640.5,636.55,,642.04,,,302076,194961274.4,17412,F1,1,,,,,
2026-08-27,2026-08-27,CM,NSE,STK,11591,INF179KC1965,HDFCNIFTY,EQ,,,,,HDFCAMC - HDFCNIFTY,272.01,274.01,272.01,272.77,272.5,273.99,,272.77,,,301619,82279633.21,865,F1,1,,,,,
2026-08-27,2026-08-27,CM,NSE,STK,7074,INF769K01HS7,MAHKTECH,EQ,,,,,MIRAEAMC - MAHKTECH,22.57,22.57,22.57,22.57,22.57,22.68,,22.57,,,301227,6798693.39,307,F1,1,,,,,
2026-08-27,2026-08-27,CM,NSE,STK,11627,INE117Z01029,NARMADA,EQ,,,,,NARMADA AGROBASE LIMITED,13.97,14.51,13.8,13.87,14.1,13.97,,13.87,,,300260,4207927.73,1001,F1,1,,,,,
2026-08-27,2026-08-27,CM,NSE,STK,756843,INE14LE01019,ABLBL,EQ,,,,,ADITYA BIRLA LIFES BRAN L,86.04,86.49,85.05,85.22,85.05,86.04,,85.22,,,297838,25476930.65,5519,F1,1,,,,,
2026-08-27,2026-08-27,CM,NSE,STK,758858,INE819V01029,CPPLUS,EQ,,,,,ADITYA INFOTECH LIMITED,3530.3,3650.0,3500.0,3629.7,3648.0,3530.3,,3629.3,,,297754,1066335170.2,41202,F1,1,,,,,
2026-08-27,2026-08-27,CM,NSE,STK,9581,INE112L01020,METROPOLIS,EQ,,,,,METROPOLIS HEALTHCARE LTD,573.15,579.0,568.05,576.9,576.35,570.3,,576.9,,,297439,171031936.35,13284,F1,1,,,,,
2026-08-27,2026-08-27,CM,NSE,STK,2970,INE428Q01011,SURYODAY,EQ,,,,,SURYODAY SMALL FIN BK LTD,159.1,159.1,154.3,155.68,156.99,158.43,,155.69,,,297102,46463150.17,5146,F1,1,,,,,
2026-08-27,2026-08-27,CM,NSE,STK,11233,INE495B01038,SUVEN,EQ,,,,,SUVEN LIFE SCIENCES LTD,372.0,374.1,363.5,368.1,368.15,372.2,,368.09,,,295156,108762845.35,9327,F1,1,,,,,
2026-08-27,2026-08-27,CM,NSE,STK,5108,INE542W01025,KPIGREEN,EQ,,,,,KPI GREEN ENERGY LIMITED,322.0,322.05,316.05,316.65,316.3,322.0,,316.64,,,294592,93634249.15,8227,F1,1,,,,,
2026-08-27,2026-08-27,CM,NSE,STK,24823,INE545L01039,MANCREDIT,EQ,,,,,MANGAL CREDIT N FINCORP L,221.6,231.5,220.69,229.52,229.0,221.62,,229.52,,,293346,66551795.75,2103,F1,1,,,,,
2026-08-27,2026-08-27,CM,NSE,STK,3972,INE162C01024,PARASPETRO,EQ,,,,,PARAS PETROFILS LTD.,2.3,2.39,2.21,2.24,2.25,2.3,,2.24,,,292645,674814.8,322,F1,1,,,,,
2026-08-27,2026-08-27,CM,NSE,STK,2431,INE0DD101019,RAILTEL,EQ,,,,,RAILTEL CORP OF IND LTD,280.55,282.3,278.5,279.05,279.0,280.9,,279.05,,,291964,81830067.7,7404,F1,1,,,,,
2026-08-27,2026-08-27,CM,NSE,STK,18341,INE0AE001013,VPRPL,EQ,,,,,VISHNU PRAKASH R PUNGLI L,33.17,33.45,31.82,32.99,33.45,32.98,,32.99,,,291162,9562969.49,1689,F1,1,,,,,
2026-08-27,2026-08-27,CM,NSE,STK,761916,INE0I0T01010,VOEPL,EQ,,,,,VIRTUOSO OPTOELECTRONIC L,566.8,578.0,556.0,572.7,572.0,579.55,,572.73,,,291096,164917962.55,10189,F1,1,,,,,
2026-08-27,2026-08-27,CM,NSE,STK,25392,INE305C01029,PANAMAPET,EQ,,,,,PANAMA PETROCHEM LTD,484.85,485.1,466.55,470.75,470.0,480.3,,470.79,,,291022,137333908.4,9625,F1,1,,,,,
2026-08-27,2026-08-27,CM,NSE,STK,15141,INE259A01022,COLPAL,EQ,,,,,COLGATE PALMOLIVE LTD.,1864.8,1876.1,1841.0,1845.0,1845.0,1860.0,,1844.98,,,290751,538088119.1,31855,F1,1,,,,,
2026-08-27,2026-08-27,CM,NSE,STK,3721,INE151A01013,TATACOMM,EQ,,,,,TATA COMMUNICATIONS LTD,1649.3,1705.7,1641.5,1689.6,1685.0,1649.3,,1689.58,,,290206,486508579.8,24663,F1,1,,,,,
2026-08-27,2026-08-27,CM,NSE,STK,759251,INE0MLS01022,EPACKPEB,EQ,,,,,EPACK PREFAB TECHN LTD,232.05,236.0,230.65,233.95,232.35,232.15,,233.96,,,288397,67154786.05,3968,F1,1,,,,,
2026-08-27,2026-08-27,CM,NSE,STK,13404,INE424H01027,SUNTV,EQ,,,,,SUN TV NETWORK LIMITED,467.45,467.5,461.0,463.95,463.9,465.15,,463.61,,,288220,133744711.8,10927,F1,1,,,,,
2026-08-27,2026-08-27,CM,NSE,STK,12124,INE966A01022,DOLATALGO,EQ,,,,,DOLAT ALGOTECH LIMITED,75.96,76.99,73.16,73.76,73.87,74.58,,73.76,,,288115,21525214.31,1391,F1,1,,,,,
2026-08-27,2026-08-27,CM,NSE,STK,13236,INE226H01026,SADBHAV,EQ,,,,,SADBHAV ENGINEERING LTD,8.14,8.47,7.8,8.47,8.47,8.07,,8.47,,,287558,2361505.76,451,F1,1,,,,,
2026-08-27,2026-08-27,CM,NSE,STK,12108,INF179KC1HZ7,HDFCPVTBAN,EQ,,,,,HDFCAMC - HDFCPVTBAN,28.88,28.88,28.22,28.34,28.22,28.18,,28.34,,,287421,8161868.83,390,F1,1,,,,,
2026-08-27,2026-08-27,CM,NSE,STK,7982,INE291A01017,GRWRHITECH,EQ,,,,,GARWARE HI-TECH FILMS LTD,7134.5,7164.5,6980.0,7060.5,7080.0,7115.5,,7060.71,,,286267,2021217265.5,56402,F1,1,,,,,
2026-08-27,2026-08-27,CM,NSE,STK,23027,INE572G01025,LANCORHOL,EQ,,,,,LANCOR HOLDINGS LIMITED,30.6,31.23,29.9,30.86,31.0,30.86,,30.86,,,286030,8791066.56,2806,F1,1,,,,,
2026-08-27,2026-08-27,CM,NSE,STK,25328,INE901L01018,APLLTD,EQ,,,,,ALEMBIC PHARMA LTD,825.0,848.95,816.1,824.0,825.0,824.8,,823.99,,,285845,236486503.8,14456,F1,1,,,,,
2026-08-27,2026-08-27,CM,NSE,STK,759342,INE0S3G01027,PACEDIGITK,EQ,,,,,PACE DIGITEK LIMITED,180.25,182.06,179.0,179.15,179.14,181.47,,179.14,,,285578,51351497.22,2913,F1,1,,,,,
2026-08-27,2026-08-27,CM,NSE,STK,760183,INE647U01026,CLEANMAX,EQ,,,,,CLEAN MAX ENVIRO EN SOL L,1182.3,1283.5,1182.3,1274.6,1272.0,1182.3,,1274.62,,,285516,355554354.3,25442,F1,1,,,,,
2026-08-27,2026-08-27,CM,NSE,STK,15362,INE951I01027,VGUARD,EQ,,,,,V-GUARD IND LTD.,328.5,335.4,328.5,331.5,332.0,329.65,,331.44,,,284767,94430037.95,10982,F1,1,,,,,
2026-08-27,2026-08-27,CM,NSE,STK,1327,INE236A01020,HCL-INSYS,EQ,,,,,HCL INFOSYSTEMS LTD,10.81,11.0,10.77,10.81,10.85,10.87,,10.81,,,284335,3088791.44,923,F1,1,,,,,
2026-08-27,2026-08-27,CM,NSE,STK,758981,INE012Q01039,RNBDENIMS,EQ,,,,,R&B DENIMS LIMITED,9.34,9.37,9.11,9.37,9.37,8.93,,9.37,,,284132,2648079.78,443,F1,1,,,,,
2026-08-27,2026-08-27,CM,NSE,STK,3892,INE473B01035,HATSUN,EQ,,,,,HATSUN AGRO PRODUCT LTD.,1096.1,1162.1,1073.0,1152.5,1151.0,1086.55,,1152.61,,,284131,322764544.0,28765,F1,1,,,,,
2026-08-27,2026-08-27,CM,NSE,STK,2320,INE103C01036,SMCGLOBAL,EQ,,,,,SMC GLOBAL SECURITIES LTD,79.7,80.0,78.12,78.61,79.0,79.26,,78.61,,,283462,22343786.95,1393,F1,1,,,,,
2026-08-27,2026-08-27,CM,NSE,STK,14435,INE573A01042,JKTYRE,EQ,,,,,JK TYRE & INDUSTRIES LTD,383.55,384.0,377.3,378.75,379.0,383.55,,378.72,,,282760,107497266.65,7884,F1,1,,,,,
2026-08-27,2026-08-27,CM,NSE,STK,31163,INE743M01012,RHIM,EQ,,,,,RHI MAGNESITA INDIA LTD,372.45,373.5,364.85,370.3,370.2,370.6,,370.28,,,282303,104338329.1,8415,F1,1,,,,,
2026-08-27,2026-08-27,CM,NSE,STK,13786,INE813H01021,TORNTPOWER,EQ,,,,,TORRENT POWER LTD,1262.5,1262.9,1227.0,1230.1,1229.9,1258.4,,1230.1,,,282272,348176179.8,27952,F1,1,,,,,
2026-08-27,2026-08-27,CM,NSE,STK,21705,INE456Z01021,MEDIASSIST,EQ,,,,,MEDI ASSIST HEALTH SER L,340.05,346.5,335.4,337.25,337.65,340.05,,337.25,,,281912,95629222.05,17623,F1,1,,,,,
2026-08-27,2026-08-27,CM,NSE,STK,7508,INE251B01027,ZENTEC,EQ,,,,,ZEN TECHNOLOGIES LIMITED,1873.4,1873.6,1816.3,1825.6,1823.0,1873.4,,1825.65,,,281461,518017164.5,21053,F1,1,,,,,
2026-08-27,2026-08-27,CM,NSE,STK,15058,INE0LCL01028,AVALON,EQ,,,,,AVALON TECHNOLOGIES LTD,2222.2,2280.0,2222.2,2256.6,2245.0,2226.4,,2256.56,,,281157,634719602.7,26917,F1,1,,,,,
2026-08-27,2026-08-27,CM,NSE,STK,6818,INE0I7C01011,LATENTVIEW,EQ,,,,,LATENT VIEW ANALYTICS LTD,274.35,276.9,273.8,275.25,275.4,273.7,,275.25,,,280800,77302773.1,10355,F1,1,,,,,
2026-08-27,2026-08-27,CM,NSE,STK,11987,INE483B01026,ICIL,EQ,,,,,INDO COUNT INDUSTRIES LTD,426.0,432.7,420.55,423.4,426.0,425.6,,423.4,,,280466,119188080.25,10751,F1,1,,,,,
2026-08-27,2026-08-27,CM,NSE,STK,16863,INE197J01017,LPDC,EQ,,,,,LANDMARK PR.DEV.CO.LTD,7.48,7.48,6.21,6.7,6.7,7.05,,6.7,,,279734,1854155.19,893,F1,1,,,,,
2026-08-27,2026-08-27,CM,NSE,STK,6227,INE341R01014,DTIL,EQ,,,,,DHUNSERI TEA & IND. LTD.,188.4,193.79,170.27,173.94,174.59,183.22,,173.92,,,279721,51406093.18,5216,F1,1,,,,,
2026-08-27,2026-08-27,CM,NSE,STK,5143,INE070D01027,JAICORPLTD,EQ,,,,,JAI CORP LIMITED,102.0,102.4,99.47,100.1,100.33,101.98,,100.1,,,279623,28130194.88,2559,F1,1,,,,,
2026-08-27,2026-08-27,CM,NSE,STK,21690,INE935N01020,DIXON,EQ,,,,,DIXON TECHNO (INDIA) LTD,14735.0,14849.0,14684.0,14711.0,14711.0,14735.0,,14711.03,,,279395,4124439559.0,27801,F1,1,,,,,
2026-08-27,2026-08-27,CM,NSE,STK,3918,INE987B01026,NATCOPHARM,EQ,,,,,NATCO PHARMA LTD.,868.0,869.9,853.0,857.6,855.5,863.4,,857.63,,,279220,239794954.75,25378,F1,1,,,,,
2026-08-27,2026-08-27,CM,NSE,STK,20323,INE688D01026,RESPONIND,EQ,,,,,RESPONSIVE INDUSTRIES LTD,151.0,159.9,149.86,156.82,157.72,151.71,,156.82,,,279092,43457379.29,6743,F1,1,,,,,
2026-08-27,2026-08-27,CM,NSE,STK,5206,INE449C01025,ANDREWYU,EQ,,,,,ANDREW YULE & CO. LTD.,28.65,29.62,27.56,27.99,27.71,29.44,,28.01,,,278374,7933389.72,926,F1,1,,,,,
2026-08-27,2026-08-27,CM,NSE,STK,760961,INE212S01015,FRACTAL,EQ,,,,,FRACTAL ANALYTICS LIMITED,830.0,847.55,829.0,840.25,840.6,829.55,,840.19,,,278268,234053203.3,14916,F1,1,,,,,
2026-08-27,2026-08-27,CM,NSE,STK,11236,INE220G01021,JSL,EQ,,,,,JINDAL STAINLESS LIMITED,713.1,714.0,702.05,705.0,705.4,712.95,,705.0,,,276256,195059910.15,31863,F1,1,,,,,
2026-08-27,2026-08-27,CM,NSE,STK,759780,INF769K01PR2,ENERGY,EQ,,,,,MIRAEAMC - ENERGY,38.96,38.96,38.08,38.29,38.3,38.4,,38.29,,,275931,10564206.96,951,F1,1,,,,,
2026-08-27,2026-08-27,CM,NSE,STK,404,INE463A01038,BERGEPAINT,EQ,,,,,BERGER PAINTS (I) LTD,507.0,511.35,499.6,501.0,502.0,503.7,,500.98,,,275124,138443367.8,11968,F1,1,,,,,
2026-08-27,2026-08-27,CM,NSE,STK,758675,INE886D01026,EFCIL,EQ,,,,,EFC (I) LIMITED,206.1,211.5,198.37,198.72,199.8,205.74,,198.72,,,273995,55256334.02,5279,F1,1,,,,,
2026-08-27,2026-08-27,CM,NSE,STK,3693,INE287Z01012,GAYAHWS,EQ,,,,,GAYATRI HIGHWAYS LIMITED,1.9,1.94,1.85,1.87,1.88,1.9,,1.87,,,273888,514994.34,366,F1,1,,,,,
2026-08-27,2026-08-27,CM,NSE,STK,3078,INE631A01022,SHANTIGEAR,EQ,,,,,SHANTHI GEARS LTD,555.45,558.95,533.4,544.8,535.7,561.5,,544.68,,,273195,150330790.5,7630,F1,1,,,,,
2026-08-27,2026-08-27,CM,NSE,STK,10733,INE885H01029,SPORTKING,EQ,,,,,SPORTKING INDIA LIMITED,223.78,228.5,217.81,227.26,227.0,224.23,,227.26,,,271124,60719778.61,5778,F1,1,,,,,
2026-08-27,2026-08-27,CM,NSE,STK,20242,INE093I01010,OBEROIRLTY,EQ,,,,,OBEROI REALTY LIMITED,1875.2,1875.3,1844.9,1872.9,1872.9,1870.0,,1872.9,,,270326,502941246.4,17787,F1,1,,,,,
2026-08-27,2026-08-27,CM,NSE,STK,157,INE437A01024,APOLLOHOSP,EQ,,,,,APOLLO HOSPITALS ENTER. L,8849.0,8868.0,8758.5,8800.0,8800.0,8766.5,,8800.01,,,270047,2375248330.5,20713,F1,1,,,,,
2026-08-27,2026-08-27,CM,NSE,STK,393,INE581X01021,GLOBE,EQ,,,,,GLOBE ENTERPRISE (I) LTD,2.04,2.09,2.01,2.05,2.04,2.04,,2.05,,,269894,551733.46,221,F1,1,,,,,
2026-08-27,2026-08-27,CM,NSE,STK,1708,INE571B01036,JAYBARMARU,EQ,,,,,JAY BHARAT MARUTI LTD,122.75,126.53,122.0,122.58,122.5,123.85,,122.59,,,269351,33544931.7,2612,F1,1,,,,,
2026-08-27,2026-08-27,CM,NSE,STK,1053,INE516A01017,UFLEX,EQ,,,,,UFLEX LIMITED,655.0,660.5,627.0,631.0,632.9,650.45,,630.99,,,269326,172428457.7,7258,F1,1,,,,,
2026-08-27,2026-08-27,CM,NSE,STK,29583,INE936B01015,NATCAPSUQ,EQ,,,,,NATURAL CAPSULES LIMITED,181.0,216.33,179.17,214.16,211.12,180.28,,214.22,,,268991,54850991.84,5210,F1,1,,,,,
2026-08-27,2026-08-27,CM,NSE,STK,764116,INE0ISX01025,KUSUMGAR,EQ,,,,,KUSUMGAR LIMITED,579.0,588.2,568.1,572.35,576.8,580.4,,572.33,,,267183,154007951.5,7387,F1,1,,,,,
2026-08-27,2026-08-27,CM,NSE,STK,27079,INE127T01021,KPEL,EQ,,,,,K.P. ENERGY LIMITED,250.25,252.35,243.2,244.9,245.85,250.35,,244.91,,,266015,65490400.2,5646,F1,1,,,,,
2026-08-27,2026-08-27,CM,NSE,STK,8736,INE859A01011,PNBGILTS,EQ,,,,,PNB GILTS LIMITED,79.87,79.87,77.4,77.96,77.99,79.4,,77.96,,,265347,20774803.94,2149,F1,1,,,,,
2026-08-27,2026-08-27,CM,NSE,STK,20302,INE811K01011,PRESTIGE,EQ,,,,,PRESTIGE ESTATE LTD,1623.6,1635.9,1609.6,1623.0,1623.0,1615.1,,1623.0,,,264298,427769047.4,15364,F1,1,,,,,
2026-08-27,2026-08-27,CM,NSE,STK,759239,INE734I01027,FINKURVE,EQ,,,,,FINKURVE FINANCIAL SERV L,79.6,82.5,76.75,78.18,77.49,78.38,,78.19,,,264146,21306739.69,1378,F1,1,,,,,
2026-08-27,2026-08-27,CM,NSE,STK,206,INE440A01010,ASHIMASYN,EQ,,,,,ASHIMA LTD,17.95,19.7,17.95,18.87,18.67,18.12,,18.87,,,263967,5026646.17,1088,F1,1,,,,,
2026-08-27,2026-08-27,CM,NSE,STK,28378,INE0Q9301021,IGIL,EQ,,,,,INTL GEMOLOGICAL INST LTD,349.2,349.2,339.4,343.55,343.5,347.85,,343.53,,,263451,90418693.15,14622,F1,1,,,,,
2026-08-27,2026-08-27,CM,NSE,STK,29975,INF1J2R01015,AONETOTAL,EQ,,,,,AONEAMC - AONETOTAL,12.11,12.12,12.01,12.02,12.01,12.05,,12.02,,,261393,3149886.38,1113,F1,1,,,,,
2026-08-27,2026-08-27,CM,NSE,STK,14008,INE488D01021,AVTNPL,EQ,,,,,AVT NATURAL PRODUCTS LTD,86.8,89.5,83.9,85.64,84.11,86.95,,85.65,,,261183,22497013.72,2586,F1,1,,,,,
2026-08-27,2026-08-27,CM,NSE,STK,17022,INE636A01039,MAWANASUG,EQ,,,,,MAWANA SUGARS LIMITED,140.33,145.0,139.1,141.67,141.0,141.12,,141.68,,,260812,36944315.67,3869,F1,1,,,,,
2026-08-27,2026-08-27,CM,NSE,STK,7529,INE938A01021,LCCINFOTEC,EQ,,,,,LCC INFOTECH LTD,4.07,4.07,3.51,3.53,3.59,3.75,,3.53,,,260156,964895.19,378,F1,1,,,,,
2026-08-27,2026-08-27,CM,NSE,STK,24159,INE916Y01027,AFIL,EQ,,,,,AKME FINTRADE (INDIA) LTD,9.89,9.89,9.41,9.42,9.45,9.5,,9.42,,,259544,2464902.2,422,F1,1,,,,,
2026-08-27,2026-08-27,CM,NSE,STK,19646,INE03EI01018,MAXESTATES,EQ,,,,,MAX ESTATES LIMITED,559.7,563.0,538.65,558.45,562.0,558.05,,558.44,,,259350,143602722.6,12414,F1,1,,,,,
2026-08-27,2026-08-27,CM,NSE,STK,11626,INE625G01013,WELENT,EQ,,,,,WELSPUN ENTERPRISES LTD.,689.9,696.4,675.0,676.6,678.8,692.85,,676.64,,,258277,177041680.9,10739,F1,1,,,,,
2026-08-27,2026-08-27,CM,NSE,STK,3482,INE419D01026,CLSEL,EQ,,,,,CHAMAN LAL SETIA EXP LTD,313.2,313.35,294.05,295.2,295.25,313.2,,295.18,,,258010,77642187.9,7397,F1,1,,,,,
2026-08-27,2026-08-27,CM,NSE,STK,18755,INE438K01021,KALAMANDIR,EQ,,,,,SAI SILKS (KALAMANDIR) L,88.29,88.29,86.1,86.48,86.5,87.8,,86.48,,,257232,22411160.11,2278,F1,1,,,,,
2026-08-27,2026-08-27,CM,NSE,STK,759814,INF769K01PQ4,SMALL250,EQ,,,,,MIRAEAMC - SMALL250,18.97,18.97,18.46,18.47,18.5,18.51,,18.47,,,256138,4743806.02,583,F1,1,,,,,
2026-08-27,2026-08-27,CM,NSE,STK,765140,INE258R01028,PANORAMA,EQ,,,,,PANORAMA STUDIOS INTL. L,48.65,49.29,47.5,48.26,48.5,48.65,,48.33,,,255386,12356797.82,791,F1,1,,,,,
2026-08-27,2026-08-27,CM,NSE,STK,16705,INE020J01029,GOKUL,EQ,,,,,GOKUL REFOILS & SOLV LTD,45.7,45.7,42.82,43.09,43.49,44.14,,43.09,,,254616,11175235.98,2188,F1,1,,,,,
2026-08-27,2026-08-27,CM,NSE,STK,3980,INE107A01015,TNPL,EQ,,,,,TAMILNADU NEWSPRT & PAPER,141.0,143.2,139.11,139.91,140.0,140.67,,139.91,,,253935,35642553.19,2305,F1,1,,,,,
2026-08-27,2026-08-27,CM,NSE,STK,28859,INE195N01013,PROZONER,EQ,,,,,PROZONE REALTY LIMITED,45.88,45.88,42.91,44.21,44.95,43.51,,44.22,,,253149,11097253.17,1603,F1,1,,,,,
2026-08-27,2026-08-27,CM,NSE,STK,27353,INE0OJW01016,ROSSTECH,EQ,,,,,ROSSELL TECHSYS LIMITED,1098.2,1149.0,1096.5,1103.4,1106.0,1099.95,,1103.35,,,250599,281222408.5,14808,F1,1,,,,,
2026-08-27,2026-08-27,CM,NSE,STK,25977,INE101I01011,AFCONS,EQ,,,,,AFCONS INFRASTRUCTURE LTD,284.0,288.8,284.0,285.05,285.0,285.05,,285.02,,,250467,71641424.9,7488,F1,1,,,,,
2026-08-27,2026-08-27,CM,NSE,STK,19686,INE0KBH01020,BLUEJET,EQ,,,,,BLUE JET HEALTHCARE LTD,590.0,593.95,582.5,585.6,585.0,590.1,,585.61,,,250159,146634266.2,11267,F1,1,,,,,
2026-08-27,2026-08-27,CM,NSE,STK,14086,INE204A01010,IGPL,EQ,,,,,I G PETROCHEMICALS LTD,526.0,541.0,514.0,521.95,514.25,523.85,,521.92,,,250151,132987941.3,9834,F1,1,,,,,
2026-08-27,2026-08-27,CM,NSE,STK,5200,INE266D01021,GRAUWEIL,EQ,,,,,GRAUER & WEIL IND LTD,66.8,69.01,66.43,67.75,68.02,66.43,,67.75,,,249817,16922491.44,7004,F1,1,,,,,
2026-08-27,2026-08-27,CM,NSE,STK,14599,INE0JSX01015,GSLSU,EQ,,,,,GLOBAL SURFACES LIMITED,29.15,29.44,27.26,27.26,27.26,28.69,,27.26,,,249344,6865407.68,1194,F1,1,,,,,
2026-08-27,2026-08-27,CM,NSE,STK,7936,INE871C01038,AVANTIFEED,EQ,,,,,AVANTI FEEDS LIMITED,839.0,858.8,836.95,844.45,840.0,839.6,,844.44,,,249143,211048635.9,14451,F1,1,,,,,
2026-08-27,2026-08-27,CM,NSE,STK,14230,INF179KC1EZ4,HDFCBSE500,EQ,,,,,HDFCAMC - HDFCBSE500,38.12,38.12,37.84,37.86,37.84,38.12,,37.86,,,248837,9436507.14,270,F1,1,,,,,
2026-08-27,2026-08-27,CM,NSE,STK,762954,INE064A01026,TIMEX,EQ,,,,,TIMEX GROUP INDIA LTD.,631.75,641.0,620.1,624.05,624.5,629.0,,624.21,,,247568,156108737.85,13379,F1,1,,,,,
2026-08-27,2026-08-27,CM,NSE,STK,7553,INE349A01021,NRBBEARING,EQ,,,,,NRB BEARING LIMITED,473.5,480.0,465.0,466.6,466.5,473.65,,466.44,,,246960,116078035.25,9258,F1,1,,,,,
2026-08-27,2026-08-27,CM,NSE,STK,10453,INE836B01017,SATIN,EQ,,,,,SATIN CREDIT NET LTD,223.0,233.0,223.0,226.01,224.24,227.06,,226.01,,,246686,56320296.87,5509,F1,1,,,,,
2026-08-27,2026-08-27,CM,NSE,STK,9117,INE716B01029,TIPSMUSIC,EQ,,,,,TIPS MUSIC LIMITED,650.1,663.35,643.35,660.0,659.0,650.25,,660.0,,,245442,160483443.45,15880,F1,1,,,,,
2026-08-27,2026-08-27,CM,NSE,STK,14890,INE642Z01026,AKI,EQ,,,,,AKI INDIA LIMITED,4.2,4.24,4.08,4.2,4.22,4.16,,4.2,,,244846,1021413.74,496,F1,1,,,,,
2026-08-27,2026-08-27,CM,NSE,STK,15303,INE863I01016,BANG,EQ,,,,,BANG OVERSEAS LTD.,33.55,35.39,33.34,33.42,33.4,33.83,,33.41,,,244797,8406945.74,540,F1,1,,,,,
2026-08-27,2026-08-27,CM,NSE,STK,29472,INE004A01022,PROTEAN,EQ,,,,,PROTEAN EGOV TECHNO LTD,566.0,572.0,553.1,556.9,555.0,565.7,,556.88,,,244683,137560920.45,7333,F1,1,,,,,
2026-08-27,2026-08-27,CM,NSE,STK,6943,INE144Z01023,TARSONS,EQ,,,,,TARSONS PRODUCTS LIMITED,344.55,347.35,325.6,329.4,329.2,342.65,,329.43,,,244355,82314276.95,8619,F1,1,,,,,
2026-08-27,2026-08-27,CM,NSE,STK,14361,INE126J01016,APOLLOPIPE,EQ,,,,,APOLLO PIPES LIMITED,646.95,667.65,635.7,638.55,640.7,653.1,,638.56,,,243918,158185586.15,9654,F1,1,,,,,
2026-08-27,2026-08-27,CM,NSE,STK,759176,INE906O01029,TIGERLOGS,EQ,,,,,TIGER LOGISTICS (INDIA) L,29.54,30.48,29.48,30.09,30.4,29.54,,30.06,,,242067,7321346.02,503,F1,1,,,,,
2026-08-27,2026-08-27,CM,NSE,STK,2708,INE603A01013,PRAKASH,EQ,,,,,PRAKASH INDUSTRIES LTD,131.0,131.23,126.7,127.31,126.7,129.94,,127.33,,,241618,31022697.51,3226,F1,1,,,,,
2026-08-27,2026-08-27,CM,NSE,STK,29492,INE215B01022,ORCHASP,EQ,,,,,ORCHASP LIMITED,1.39,1.47,1.39,1.43,1.44,1.39,,1.43,,,239511,341640.46,208,F1,1,,,,,
2026-08-27,2026-08-27,CM,NSE,STK,5507,INE782X01033,SERVOTECH,EQ,,,,,SERVOTECH REN POW SYS LTD,81.65,82.5,80.81,81.12,81.25,81.44,,81.12,,,238961,19472786.47,2711,F1,1,,,,,
2026-08-27,2026-08-27,CM,NSE,STK,760865,INE0UH301010,OMNI,EQ,,,,,OMNITECH ENGINEERING LTD,577.5,587.0,572.4,575.7,576.0,578.15,,575.73,,,237985,137473387.45,8574,F1,1,,,,,
2026-08-27,2026-08-27,CM,NSE,STK,19237,INF247L01BU1,MONIFTY500,EQ,,,,,MOTILALAMC - MONIFTY500,24.75,24.75,24.06,24.09,24.09,24.15,,24.09,,,237064,5719484.87,1030,F1,1,,,,,
2026-08-27,2026-08-27,CM,NSE,STK,21704,INE385W01011,DCAL,EQ,,,,,DISHMAN CARBO AMCIS LTD,176.0,177.74,174.61,177.22,177.1,175.27,,177.22,,,236981,41655610.63,2295,F1,1,,,,,
2026-08-27,2026-08-27,CM,NSE,STK,10417,INE600Y01019,DYCL,EQ,,,,,DYNAMIC CABLES LIMITED,457.2,461.45,446.3,448.25,449.0,458.9,,448.24,,,236905,107195878.75,7653,F1,1,,,,,
2026-08-27,2026-08-27,CM,NSE,STK,8827,INE652Z01025,AVROIND,EQ,,,,,AVRO INDIA LIMITED,9.3,9.43,9.01,9.29,9.06,9.17,,9.34,,,236902,2197296.29,626,F1,1,,,,,
2026-08-27,2026-08-27,CM,NSE,STK,3672,INE624Z01016,SOLARA,EQ,,,,,SOLARA ACTIVE PHA SCI LTD,619.05,620.45,601.2,611.85,613.5,617.3,,611.81,,,235721,143771522.35,13054,F1,1,,,,,
2026-08-27,2026-08-27,CM,NSE,STK,756802,INE0BYP01024,OSWALPUMPS,EQ,,,,,OSWAL PUMPS LIMITED,300.0,301.0,295.35,298.4,297.55,295.35,,298.4,,,235063,70131416.6,4354,F1,1,,,,,
2026-08-27,2026-08-27,CM,NSE,STK,761675,INE0H9F01037,SAIPARENT,EQ,,,,,SAI PARENTERALS LIMITED,471.25,534.85,471.25,520.7,520.5,530.9,,520.71,,,234900,121511723.9,9686,F1,1,,,,,
2026-08-27,2026-08-27,CM,NSE,STK,14501,INE050E01027,BALAMINES,EQ,,,,,BALAJI AMINES LIMITED,2410.0,2458.7,2381.7,2425.8,2407.7,2437.2,,2426.43,,,234798,568260135.8,22648,F1,1,,,,,
2026-08-27,2026-08-27,CM,NSE,STK,15184,INE791I01019,BRIGADE,EQ,,,,,BRIGADE ENTER. LTD,655.15,660.25,648.0,656.75,651.35,655.1,,656.79,,,234455,153679205.05,12282,F1,1,,,,,
2026-08-27,2026-08-27,CM,NSE,STK,1085,INE524A01029,GABRIEL,EQ,,,,,GABRIEL INDIA LTD,1339.0,1377.2,1335.0,1357.2,1351.2,1342.6,,1357.17,,,233005,316690354.8,19228,F1,1,,,,,
2026-08-27,2026-08-27,CM,NSE,STK,3703,INE054A01027,VIPIND,EQ,,,,,VIP INDUSTRIES LTD,309.85,311.0,301.15,304.3,303.65,310.9,,304.29,,,232543,70812077.75,6090,F1,1,,,,,
2026-08-27,2026-08-27,CM,NSE,STK,1041,INE183A01024,FINPIPE,EQ,,,,,FINOLEX INDUSTRIES LTD,163.0,163.0,160.1,160.54,160.45,161.39,,160.53,,,231761,37266298.08,8558,F1,1,,,,,
2026-08-27,2026-08-27,CM,NSE,STK,9253,INE937C01029,NILAINFRA,EQ,,,,,NILA INFRASTRUCTURES LTD,6.99,7.0,6.87,6.89,6.87,6.97,,6.9,,,231587,1601607.09,546,F1,1,,,,,
2026-08-27,2026-08-27,CM,NSE,STK,761670,INE05TO01019,AEROPLANE,EQ,,,,,AMIR CHAND JAG KUM (E) L,175.25,176.17,170.05,171.41,171.9,174.99,,171.41,,,231566,39879953.66,3437,F1,1,,,,,
2026-08-27,2026-08-27,CM,NSE,STK,8890,INE0IQ001011,VERANDA,EQ,,,,,VERANDA LEARNING SOL LTD,246.05,248.0,240.5,243.55,246.0,243.3,,243.8,,,231508,56610446.95,3659,F1,1,,,,,
2026-08-27,2026-08-27,CM,NSE,STK,24798,INF666M01IH2,GROWWEV,EQ,,,,,GROWWAMC - GROWWEV,33.6,33.6,33.17,33.25,33.38,33.21,,33.25,,,230828,7679472.19,1481,F1,1,,,,,
2026-08-27,2026-08-27,CM,NSE,STK,2972,INE142Z01019,ORIENTELEC,EQ,,,,,ORIENT ELECTRIC LIMITED,187.0,187.0,177.14,179.46,180.3,185.92,,179.46,,,230617,41681040.34,4415,F1,1,,,,,
2026-08-27,2026-08-27,CM,NSE,STK,10619,INF179KC1HS2,HDFCNEXT50,EQ,,,,,HDFCAMC - HDFCNEXT50,76.23,76.41,75.51,75.91,75.85,76.18,,75.9,,,229491,17465163.79,659,F1,1,,,,,
2026-08-27,2026-08-27,CM,NSE,STK,1153,INE159A01016,GLAXO,EQ,,,,,GLAXOSMITHKLINE PHARMA LT,3030.0,3118.0,3018.9,3069.1,3075.0,3034.4,,3069.09,,,229414,705509425.4,18190,F1,1,,,,,
2026-08-27,2026-08-27,CM,NSE,STK,3099,INE232A01011,SHREDIGCEM,EQ,,,,,SHREE DIGVIJAY CEM CO LTD,75.0,79.7,74.0,77.91,78.14,75.28,,77.91,,,228970,17786121.36,2148,F1,1,,,,,
2026-08-27,2026-08-27,CM,NSE,STK,19943,INE288B01029,DEEPAKNTR,EQ,,,,,DEEPAK NITRITE LTD,1787.0,1787.0,1738.2,1752.8,1753.0,1776.7,,1752.76,,,228604,400238359.1,19151,F1,1,,,,,
2026-08-27,2026-08-27,CM,NSE,STK,16913,INE025R01021,ARTEMISMED,EQ,,,,,ARTEMIS MED SERVICE LTD,322.95,325.9,315.5,316.95,315.9,323.5,,316.95,,,228372,73013031.45,8971,F1,1,,,,,
2026-08-27,2026-08-27,CM,NSE,STK,757862,INE18JU01028,EBGNG,EQ,,,,,GNG ELECTRONICS LIMITED,578.0,588.85,572.0,580.25,585.0,577.2,,580.32,,,228142,132635814.55,7584,F1,1,,,,,
2026-08-27,2026-08-27,CM,NSE,STK,758680,INE0MHO01029,REGAAL,EQ,,,,,REGAAL RESOURCES LIMITED,95.1,95.69,92.25,93.04,92.9,94.57,,93.04,,,227821,21427436.96,1897,F1,1,,,,,
2026-08-27,2026-08-27,CM,NSE,STK,757478,INE090501011,SCODATUBES,EQ,,,,,SCODA TUBES LIMITED,129.57,133.46,128.12,130.93,130.4,128.86,,130.93,,,226996,29777191.42,2568,F1,1,,,,,
2026-08-27,2026-08-27,CM,NSE,STK,762628,INE819A01049,COMFINTE,EQ,,,,,COMFORT INTECH LTD.,6.08,6.23,5.92,5.93,5.92,6.08,,5.93,,,226033,1359277.83,516,F1,1,,,,,
2026-08-27,2026-08-27,CM,NSE,STK,761046,INF769K01QC2,DEFENCE,EQ,,,,,MIRAEAMC - DEFENCE,82.75,83.15,81.11,82.74,82.83,82.77,,82.74,,,225466,18659446.11,528,F1,1,,,,,
2026-08-27,2026-08-27,CM,NSE,STK,3273,INE647A01010,SRF,EQ,,,,,SRF LTD,2593.0,2627.0,2592.1,2605.0,2605.0,2583.0,,2604.57,,,225304,587067892.7,15949,F1,1,,,,,
2026-08-27,2026-08-27,CM,NSE,STK,21478,INF789F1AUW9,NEXT50BETA,EQ,,,,,UTIAMC-NEXT50BETA,80.98,80.98,80.01,80.29,80.15,80.53,,80.27,,,224988,18043478.1,554,F1,1,,,,,
2026-08-27,2026-08-27,CM,NSE,STK,29711,INE0SII01026,QPOWER,EQ,,,,,QUALITY POWER ELEC EQUP L,1302.9,1363.1,1301.5,1363.1,1363.1,1298.2,,1363.09,,,224360,303747466.6,6870,F1,1,,,,,
2026-08-27,2026-08-27,CM,NSE,STK,17922,INE669X01032,GEEKAYWIRE,EQ,,,,,GEEKAY WIRES LIMITED,23.44,23.44,22.75,23.02,23.05,23.1,,23.02,,,222972,5148150.89,2618,F1,1,,,,,
2026-08-27,2026-08-27,CM,NSE,STK,3403,INE820Y01021,AJOONI,EQ,,,,,AJOONI BIOTECH LIMITED,3.94,3.95,3.78,3.79,3.8,3.89,,3.79,,,222938,857951.86,391,F1,1,,,,,
2026-08-27,2026-08-27,CM,NSE,STK,547,INE216A01030,BRITANNIA,EQ,,,,,BRITANNIA INDUSTRIES LTD,5315.0,5360.5,5277.5,5298.0,5298.0,5310.0,,5297.99,,,222346,1180712471.5,23478,F1,1,,,,,
2026-08-27,2026-08-27,CM,NSE,STK,27047,INE677D01037,MASTERTR,EQ,,,,,MASTER TRUST LIMITED,84.96,85.96,83.0,83.34,83.67,84.96,,83.35,,,221561,18647247.75,1274,F1,1,,,,,
2026-08-27,2026-08-27,CM,NSE,STK,24225,INE131B01039,RELAXO,EQ,,,,,RELAXO FOOT LTD.,367.95,369.6,353.8,356.1,355.75,367.4,,356.07,,,221407,79459574.0,11239,F1,1,,,,,
2026-08-27,2026-08-27,CM,NSE,STK,16669,INE917I01010,BAJAJ-AUTO,EQ,,,,,BAJAJ AUTO LIMITED,11750.0,11822.0,11618.0,11720.0,11720.0,11724.0,,11719.38,,,221294,2585507090.0,37181,F1,1,,,,,
2026-08-27,2026-08-27,CM,NSE,STK,128,INE450U01017,ROUTE,EQ,,,,,ROUTE MOBILE LIMITED,524.0,531.0,508.05,509.0,508.05,523.45,,509.0,,,220945,114400753.4,7700,F1,1,,,,,
2026-08-27,2026-08-27,CM,NSE,STK,25073,INE02ID01020,RAYMONDLSL,EQ,,,,,RAYMOND LIFESTYLE LIMITED,710.7,711.65,689.0,692.2,693.8,709.75,,692.17,,,220397,153578174.6,12417,F1,1,,,,,
2026-08-27,2026-08-27,CM,NSE,STK,3880,INE355A01028,SOMANYCERA,EQ,,,,,SOMANY CERAMICS LIMITED,565.0,565.0,552.15,556.6,555.0,558.45,,556.6,,,219363,122522158.75,7331,F1,1,,,,,
2026-08-27,2026-08-27,CM,NSE,STK,1630,INE570A01022,IONEXCHANG,EQ,,,,,ION EXCHANGE (INDIA) LTD,373.05,377.95,369.3,376.0,375.65,371.05,,375.98,,,218431,81802538.8,8215,F1,1,,,,,
2026-08-27,2026-08-27,CM,NSE,STK,762904,INE220Z01013,SHINDL,EQ,,,,,SHARAT INDUSTRIES LTD.,160.1,166.7,160.1,164.23,166.0,162.75,,164.26,,,217350,35187335.81,1118,F1,1,,,,,
2026-08-27,2026-08-27,CM,NSE,STK,759752,INE0L0L01012,MODIS,EQ,,,,,MODIS NAVNIRMAN LTD,402.1,404.0,377.4,379.7,379.0,399.9,,379.71,,,216567,83340542.45,7169,F1,1,,,,,
2026-08-27,2026-08-27,CM,NSE,STK,10637,INE260D01016,OLECTRA,EQ,,,,,OLECTRA GREENTECH LIMITED,1330.0,1338.9,1317.4,1326.3,1329.0,1326.4,,1326.3,,,216139,287272514.1,13193,F1,1,,,,,
2026-08-27,2026-08-27,CM,NSE,STK,13423,INE050401020,ELIN,EQ,,,,,ELIN ELECTRONICS LIMITED,100.27,102.01,99.39,100.64,100.5,100.27,,100.64,,,216138,21769149.24,2040,F1,1,,,,,
2026-08-27,2026-08-27,CM,NSE,STK,9356,INE255X01014,MSTCLTD,EQ,,,,,MSTC LIMITED,741.15,741.2,715.0,722.25,718.0,737.5,,722.25,,,215356,156824034.05,7987,F1,1,,,,,
2026-08-27,2026-08-27,CM,NSE,STK,11491,INE372A01015,APARINDS,EQ,,,,,APAR INDUSTRIES LTD.,17190.0,18075.0,17189.0,17900.0,17835.0,17063.0,,17900.12,,,214866,3819307466.0,53053,F1,1,,,,,
2026-08-27,2026-08-27,CM,NSE,STK,759769,INE28GN01010,ADVENTHTL,EQ,,,,,ADVENT HOTELS INTERNATI L,139.0,142.5,138.0,140.52,142.5,138.48,,140.5,,,214699,30093287.35,2299,F1,1,,,,,
2026-08-27,2026-08-27,CM,NSE,STK,19795,INE0LMW01024,CELLO,EQ,,,,,CELLO WORLD LIMITED,355.9,355.9,349.05,350.4,349.7,354.45,,350.34,,,214560,75502806.2,8414,F1,1,,,,,
2026-08-27,2026-08-27,CM,NSE,STK,22649,INE988S01028,PARKHOTELS,EQ,,,,,PARKHOTELS,112.75,114.59,111.71,112.11,112.99,113.64,,112.13,,,214064,24057440.07,1905,F1,1,,,,,
2026-08-27,2026-08-27,CM,NSE,STK,13310,INE878B01027,KEI,EQ,,,,,KEI INDUSTRIES LTD.,5580.0,5590.0,5448.4,5536.0,5536.0,5540.0,,5536.01,,,213782,1181597516.3,23216,F1,1,,,,,
2026-08-27,2026-08-27,CM,NSE,STK,11856,INE640C01011,SHAHALLOYS,EQ,,,,,SHAH ALLOYS LIMITED,78.92,86.75,78.0,85.96,85.6,76.06,,85.95,,,213584,18016481.63,1337,F1,1,,,,,
2026-08-27,2026-08-27,CM,NSE,STK,10990,INE944F01028,RADICO,EQ,,,,,RADICO KHAITAN LTD,4617.9,4650.6,4574.3,4606.0,4606.0,4614.0,,4606.0,,,212632,977540995.1,17102,F1,1,,,,,
2026-08-27,2026-08-27,CM,NSE,STK,13072,INE489L01022,IIFLCAPS,EQ,,,,,IIFL CAPITAL SERVICES LTD,336.3,339.2,333.8,334.4,333.8,336.4,,334.4,,,212029,71212971.3,7614,F1,1,,,,,
2026-08-27,2026-08-27,CM,NSE,STK,9362,INE278Y01022,CAMPUS,EQ,,,,,CAMPUS ACTIVEWEAR LIMITED,225.17,227.34,222.15,224.99,225.25,225.17,,224.97,,,211614,47595926.22,9197,F1,1,,,,,
2026-08-27,2026-08-27,CM,NSE,STK,8075,INE00R701025,DALBHARAT,EQ,,,,,DALMIA BHARAT LIMITED,1874.9,1905.0,1859.2,1876.2,1876.2,1898.0,,1876.2,,,211084,397307463.8,15085,F1,1,,,,,
2026-08-27,2026-08-27,CM,NSE,STK,759041,INE056801025,IVALUE,EQ,,,,,IVALUE INFOSOLUTIONS LTD,271.35,276.9,271.35,274.75,275.0,271.5,,274.75,,,210554,57659181.65,3767,F1,1,,,,,
2026-08-27,2026-08-27,CM,NSE,STK,9378,INE615R01029,TRU,EQ,,,,,TRUCAP FINANCE LIMITED,4.04,4.22,3.95,4.04,4.05,4.13,,4.04,,,210414,848349.71,476,F1,1,,,,,
2026-08-27,2026-08-27,CM,NSE,STK,3586,INE514Y01020,MOKSH,EQ,,,,,MOKSH ORNAMENTS LIMITED,10.46,10.46,10.06,10.08,10.06,10.41,,10.08,,,210111,2132753.47,490,F1,1,,,,,
2026-08-27,2026-08-27,CM,NSE,STK,5622,INE686A01026,CEMPRO,EQ,,,,,CEMINDIA PROJECTS LIMITED,1280.0,1293.0,1241.1,1251.2,1251.8,1287.1,,1251.19,,,209870,266877806.3,10878,F1,1,,,,,
2026-08-27,2026-08-27,CM,NSE,STK,28662,INE284H01025,DAMCAPITAL,EQ,,,,,DAM CAPITAL ADVISORS LTD,150.78,152.99,148.22,149.12,149.06,150.02,,149.12,,,208302,31378296.28,3160,F1,1,,,,,
2026-08-27,2026-08-27,CM,NSE,STK,17635,INE768C01028,ZYDUSWELL,EQ,,,,,ZYDUS WELLNESS LIMITED,529.2,537.7,528.95,535.2,533.0,529.2,,535.16,,,208254,111219061.7,12975,F1,1,,,,,
2026-08-27,2026-08-27,CM,NSE,STK,13414,INE411H01032,RSYSTEMS,EQ,,,,,R SYS INTERNATIONAL LTD,240.0,244.05,235.5,239.1,237.15,240.1,,239.1,,,206236,49218479.8,5155,F1,1,,,,,
2026-08-27,2026-08-27,CM,NSE,STK,24595,INE573K01025,RUSHIL,EQ,,,,,RUSHIL DECOR LIMITED,16.82,16.94,16.41,16.49,16.54,16.8,,16.49,,,205707,3419512.79,764,F1,1,,,,,
2026-08-27,2026-08-27,CM,NSE,STK,757845,INE06ST01018,INDIQUBE,EQ,,,,,INDIQUBE SPACES LIMITED,193.99,193.99,188.5,191.06,190.0,191.96,,191.07,,,205256,38982577.43,3940,F1,1,,,,,
2026-08-27,2026-08-27,CM,NSE,STK,764920,INE252A01019,SPELS,EQ,,,,,SPEL SEMICONDUCTOR LTD,143.62,157.0,143.62,152.01,152.9,143.61,,152.06,,,204147,31084630.71,3738,F1,1,,,,,
2026-08-27,2026-08-27,CM,NSE,STK,3321,INE937A01023,SPMLINFRA,EQ,,,,,SPML INFRA LIMITED,186.71,187.74,178.49,180.0,180.0,186.71,,179.93,,,203111,37068851.87,2589,F1,1,,,,,
2026-08-27,2026-08-27,CM,NSE,STK,18039,INE837H01020,ADVENZYMES,EQ,,,,,ADVANCED ENZYME TECH LTD,297.8,300.65,295.7,297.6,296.3,297.2,,297.58,,,202752,60398534.95,4123,F1,1,,,,,
2026-08-27,2026-08-27,CM,NSE,STK,5049,INE227W01023,CLEAN,EQ,,,,,CLEAN SCIENCE & TECH LTD,829.0,832.95,816.2,830.05,830.0,829.45,,830.04,,,202595,167180175.0,13457,F1,1,,,,,
2026-08-27,2026-08-27,CM,NSE,STK,20905,INE02IJ01035,AZAD,EQ,,,,,AZAD ENGINEERING LIMITED,2838.0,2838.0,2785.0,2802.4,2809.9,2825.5,,2802.51,,,202086,567495663.8,19158,F1,1,,,,,
2026-08-27,2026-08-27,CM,NSE,STK,1360,INE049A01027,HIMATSEIDE,EQ,,,,,HIMATSINGKA SEIDE LTD,72.98,73.06,71.52,71.83,71.6,72.67,,71.83,,,201561,14524048.64,2221,F1,1,,,,,
2026-08-27,2026-08-27,CM,NSE,STK,18110,INE893I01013,VASCONEQ,EQ,,,,,VASCON ENGINEERS LTD,31.11,31.5,30.66,30.78,31.1,31.11,,30.78,,,200761,6234787.16,1064,F1,1,,,,,
2026-08-27,2026-08-27,CM,NSE,STK,20425,INE295D01020,NACLIND,EQ,,,,,NACL INDUSTRIES LIMITED,178.0,179.28,174.1,174.8,174.78,177.61,,174.8,,,200406,35290826.63,4892,F1,1,,,,,
2026-08-27,2026-08-27,CM,NSE,STK,9810,INE0BWX01014,AETHER,EQ,,,,,AETHER INDUSTRIES LIMITED,1655.0,1696.1,1638.8,1677.3,1682.8,1655.0,,1677.28,,,200314,335725807.2,29149,F1,1,,,,,
2026-08-27,2026-08-27,CM,NSE,STK,3021,INE035D01020,SOTL,EQ,,,,,SAVITA OIL TECHNOLO. LTD,702.4,708.35,676.35,679.45,681.7,694.95,,679.44,,,200141,138177865.05,8783,F1,1,,,,,
2026-08-27,2026-08-27,CM,NSE,STK,25608,INE337M01021,INDOTHAI,EQ,,,,,INDO THAI SEC LTD,48.61,48.61,48.61,48.61,48.61,51.16,,48.61,,,200129,9728270.69,1014,F1,1,,,,,
2026-08-27,2026-08-27,CM,NSE,STK,17833,INE758C01029,AHLUCONT,EQ,,,,,AHLUWALIA CONT IND LTD,635.1,643.8,630.0,636.6,636.3,635.1,,636.63,,,200044,127779832.8,9892,F1,1,,,,,
2026-08-27,2026-08-27,CM,NSE,STK,15194,INE817H01022,BURNPUR,EQ,,,,,BURNPUR CEMENT LIMITED,14.01,14.69,14.0,14.69,14.69,13.36,,14.69,,,199727,2863993.21,551,F1,1,,,,,
2026-08-27,2026-08-27,CM,NSE,STK,765015,INE178T01024,ADVIKCA,EQ,,,,,ADVIK CAPITAL LTD.,1.19,1.21,1.18,1.19,1.19,1.19,,1.19,,,199252,238292.83,168,F1,1,,,,,
2026-08-27,2026-08-27,CM,NSE,STK,18743,INE903U01023,SIGNATURE,EQ,,,,,SIGNATUREGLOBAL INDIA LTD,773.65,788.35,771.1,783.5,784.0,773.65,,783.52,,,199200,155987678.15,5857,F1,1,,,,,
2026-08-27,2026-08-27,CM,NSE,STK,758748,INE0PKD01011,MEIL,EQ,,,,,MANGAL ELECTRICAL IND L,302.0,308.0,298.0,304.3,306.0,297.65,,304.26,,,199012,60460371.7,4590,F1,1,,,,,
2026-08-27,2026-08-27,CM,NSE,STK,1162,INE043A01012,GTL,EQ,,,,,GTL LTD,7.23,7.5,7.23,7.32,7.35,7.34,,7.32,,,196556,1448584.35,560,F1,1,,,,,
2026-08-27,2026-08-27,CM,NSE,STK,13121,INE202H01019,KERNEX,EQ,,,,,KERNEX MICROSYS(I) LTD,1858.0,1890.0,1795.0,1801.2,1805.0,1860.4,,1801.08,,,196546,359200663.0,14491,F1,1,,,,,
2026-08-27,2026-08-27,CM,NSE,STK,27097,INE995S01015,NIVABUPA,EQ,,,,,NIVA BUPA HEALTH INS CO L,82.18,82.89,82.11,82.5,82.57,82.17,,82.5,,,196144,16178266.35,4992,F1,1,,,,,
2026-08-27,2026-08-27,CM,NSE,STK,759797,INE198501012,EUROPRATIK,EQ,,,,,EURO PRATIK SALES LIMITED,259.95,260.75,251.55,254.05,253.5,259.95,,254.04,,,195601,50352586.95,2569,F1,1,,,,,
2026-08-27,2026-08-27,CM,NSE,STK,11868,INE111B01023,63MOONS,EQ,,,,,63 MOONS TECHNOLOGIES LTD,778.6,784.5,739.1,745.45,742.4,777.55,,745.48,,,195262,147994049.15,7201,F1,1,,,,,
2026-08-27,2026-08-27,CM,NSE,STK,756086,INF666M01KJ4,GROWWMOM50,EQ,,,,,GROWWAMC - GROWWMOM50,11.42,11.42,11.12,11.19,11.22,11.15,,11.19,,,194786,2180943.49,452,F1,1,,,,,
2026-08-27,2026-08-27,CM,NSE,STK,3292,INE0FHS01024,DEEPINDS,EQ,,,,,DEEP INDUSTRIES LIMITED,667.0,675.0,656.15,667.35,665.0,664.65,,667.36,,,194771,129862968.7,7422,F1,1,,,,,
2026-08-27,2026-08-27,CM,NSE,STK,18931,INE108E01023,SUNDARAM,EQ,,,,,SUNDARAM MULTI PAP LTD,1.26,1.26,1.22,1.23,1.23,1.23,,1.23,,,194576,240028.65,236,F1,1,,,,,
2026-08-27,2026-08-27,CM,NSE,STK,23184,INF247L01CI4,MOREALTY,EQ,,,,,MOTILALAMC - MOREALTY,92.32,92.32,91.0,91.27,91.01,91.38,,91.27,,,194287,17772699.34,1211,F1,1,,,,,
2026-08-27,2026-08-27,CM,NSE,STK,14106,INE718H01014,AUTOIND,EQ,,,,,AUTOLINE INDUSTRIES LTD,90.8,91.6,88.0,89.02,88.0,88.99,,89.02,,,194083,17564843.13,1089,F1,1,,,,,
2026-08-27,2026-08-27,CM,NSE,STK,7679,INE903D01011,MONARCH,EQ,,,,,MONARCH NETWORTH CAP LTD,379.0,383.1,369.2,374.7,374.5,379.7,,374.7,,,193820,72602895.1,2803,F1,1,,,,,
2026-08-27,2026-08-27,CM,NSE,STK,28714,INE454P01035,TRANSRAILL,EQ,,,,,TRANSRAIL LIGHTING LTD,462.75,465.25,457.1,458.5,457.5,462.25,,458.49,,,192951,88810993.0,8383,F1,1,,,,,
2026-08-27,2026-08-27,CM,NSE,STK,5245,INE198H01019,AAREYDRUGS,EQ,,,,,AAREY DRUGS & PHARM LTD,83.49,84.78,80.02,84.78,84.78,80.75,,84.78,,,192944,16232384.68,571,F1,1,,,,,
2026-08-27,2026-08-27,CM,NSE,STK,13332,INE343H01029,SOLARINDS,EQ,,,,,SOLAR INDUSTRIES (I) LTD,20097.0,20649.0,20082.0,20580.0,20580.0,20097.0,,20579.63,,,192655,3939934818.0,41254,F1,1,,,,,
2026-08-27,2026-08-27,CM,NSE,STK,759885,INF174KA1XV0,CHEMICAL,EQ,,,,,KOTAKMAMC - CHEMICAL,30.61,30.79,30.44,30.51,30.61,30.51,,30.51,,,191803,5857205.19,749,F1,1,,,,,
2026-08-27,2026-08-27,CM,NSE,STK,7325,INE843D01027,DCMSRIND,EQ,,,,,DCM SHRIRAM IND LTD,47.61,49.39,46.11,46.77,47.5,47.84,,46.77,,,191558,9163264.26,1160,F1,1,,,,,
2026-08-27,2026-08-27,CM,NSE,STK,18365,INE262H01021,PERSISTENT,EQ,,,,,PERSISTENT SYSTEMS LTD,5640.0,5679.5,5597.0,5654.0,5654.0,5590.5,,5653.96,,,191424,1081162548.0,17153,F1,1,,,,,
2026-08-27,2026-08-27,CM,NSE,STK,4992,INE221J01015,SHARDACROP,EQ,,,,,SHARDA CROPCHEM LTD.,796.9,803.0,784.55,793.05,790.9,795.8,,793.05,,,190071,151025809.7,10318,F1,1,,,,,
2026-08-27,2026-08-27,CM,NSE,STK,13,INE117A01022,ABB,EQ,,,,,ABB INDIA LIMITED,7600.0,7693.0,7490.0,7490.0,7490.0,7609.0,,7490.09,,,189460,1431869452.0,21801,F1,1,,,,,
2026-08-27,2026-08-27,CM,NSE,STK,8866,INE102B01014,CHOICEIN,EQ,,,,,CHOICE INTERNATIONAL LTD,781.0,784.2,773.5,775.05,773.8,781.85,,775.04,,,189310,147001535.25,4853,F1,1,,,,,
2026-08-27,2026-08-27,CM,NSE,STK,16123,INE316L01019,BHARATWIRE,EQ,,,,,BHARAT WIRE ROPES LTD.,186.25,188.94,184.24,187.64,188.5,186.06,,187.63,,,187858,35097858.25,2991,F1,1,,,,,
2026-08-27,2026-08-27,CM,NSE,STK,762978,INE765D01022,WPIL,EQ,,,,,W P I L LTD.,440.55,458.0,439.6,448.65,448.3,438.35,,448.63,,,187664,84874452.1,5956,F1,1,,,,,
2026-08-27,2026-08-27,CM,NSE,STK,9897,INE645W01026,AIRAN,EQ,,,,,AIRAN LIMITED,14.86,16.56,14.18,14.81,14.98,14.9,,14.82,,,187645,2876393.79,563,F1,1,,,,,
2026-08-27,2026-08-27,CM,NSE,STK,759169,INE0JYY01029,MWL,EQ,,,,,MANGALAM WORLDWIDE LTD,39.88,40.5,39.11,40.01,39.27,39.88,,40.01,,,187023,7452032.71,1045,F1,1,,,,,
2026-08-27,2026-08-27,CM,NSE,STK,10738,INE881D01027,OFSS,EQ,,,,,ORACLE FIN SERV SOFT LTD.,11840.0,11916.0,11720.0,11855.0,11855.0,11800.0,,11855.0,,,186762,2205789137.0,27717,F1,1,,,,,
2026-08-27,2026-08-27,CM,NSE,STK,4014,INE725A01030,NAVA,EQ,,,,,NAVA LIMITED,568.1,570.05,554.4,556.5,558.0,567.95,,556.51,,,186733,104385889.65,8031,F1,1,,,,,
2026-08-27,2026-08-27,CM,NSE,STK,14992,INE429I01024,CCCL,EQ,,,,,CONS. CONST. CONSORT LTD,15.05,15.18,14.96,14.98,15.0,15.07,,14.98,,,185633,2788532.29,497,F1,1,,,,,
2026-08-27,2026-08-27,CM,NSE,STK,759929,INE0TY101024,SOLARWORLD,EQ,,,,,SOLARWORLD ENERGY SOL LTD,149.27,151.06,146.5,147.96,148.0,149.27,,147.97,,,185553,27478929.38,3141,F1,1,,,,,
2026-08-27,2026-08-27,CM,NSE,STK,13643,INE205B01031,ELECON,EQ,,,,,ELECON ENG. CO. LTD,426.7,429.9,421.25,423.25,423.95,425.3,,423.25,,,185307,78678240.3,8150,F1,1,,,,,
2026-08-27,2026-08-27,CM,NSE,STK,764255,INE11XY01018,CMLL,EQ,,,,,CALIBER MINING AND LOG L,514.5,517.0,509.0,511.35,509.5,509.0,,511.37,,,185226,94886478.15,4479,F1,1,,,,,
2026-08-27,2026-08-27,CM,NSE,STK,18060,INE338H01029,CONCORDBIO,EQ,,,,,CONCORD BIOTECH LIMITED,1537.0,1546.4,1471.7,1481.9,1494.0,1542.2,,1481.92,,,184371,275784477.2,23049,F1,1,,,,,
2026-08-27,2026-08-27,CM,NSE,STK,9678,INE980Y01015,SOUTHWEST,EQ,,,,,SOUTH WEST PINNACLE LTD,211.35,211.35,205.0,206.89,206.5,211.66,,206.92,,,183911,38074921.9,3629,F1,1,,,,,
2026-08-27,2026-08-27,CM,NSE,STK,5926,INE306R01017,INTELLECT,EQ,,,,,INTELLECT DESIGN ARENA,685.65,687.0,674.65,678.3,675.0,684.0,,678.27,,,183882,125246804.8,15705,F1,1,,,,,
2026-08-27,2026-08-27,CM,NSE,STK,9668,INE475B01022,HIKAL,EQ,,,,,HIKAL LIMITED,208.0,212.51,203.35,204.63,203.45,207.63,,204.65,,,183484,38133080.5,4485,F1,1,,,,,
2026-08-27,2026-08-27,CM,NSE,STK,9756,INE01QM01018,EMUDHRA,EQ,,,,,EMUDHRA LIMITED,543.8,563.5,543.4,559.25,560.0,543.8,,559.24,,,183021,102194248.05,5674,F1,1,,,,,
2026-08-27,2026-08-27,CM,NSE,STK,6297,INF209KB10C2,HEALTHY,EQ,,,,,BIRLASLAMC - HEALTHY,17.13,17.25,16.93,17.2,17.24,17.13,,17.2,,,182758,3136477.29,898,F1,1,,,,,
2026-08-27,2026-08-27,CM,NSE,STK,12749,INE0B1K01014,DJML,EQ,,,,,DJ MEDIAPRINT & LOG LTD,76.0,76.0,72.02,73.08,72.78,75.16,,73.09,,,182313,13502071.3,2658,F1,1,,,,,
2026-08-27,2026-08-27,CM,NSE,STK,7083,INE575P01011,STARHEALTH,EQ,,,,,STAR HEALTH & AL INS CO L,583.25,586.95,578.15,586.1,586.0,583.75,,586.09,,,181960,106292957.05,10928,F1,1,,,,,
2026-08-27,2026-08-27,CM,NSE,STK,1826,INE967C01018,KAMATHOTEL,EQ,,,,,KAMAT HOTELS (I) LTD,228.33,239.63,226.0,236.51,237.0,227.08,,236.54,,,181700,42577964.71,4405,F1,1,,,,,
2026-08-27,2026-08-27,CM,NSE,STK,15179,INE738I01010,ECLERX,EQ,,,,,ECLERX SERVICES LTD,1942.0,1972.2,1915.3,1940.9,1931.0,1944.0,,1940.95,,,181165,352985378.3,23092,F1,1,,,,,
2026-08-27,2026-08-27,CM,NSE,STK,18593,INE0OV601013,EMSLIMITED,EQ,,,,,EMS LIMITED,378.65,386.3,376.0,381.1,383.15,375.75,,381.08,,,180937,69148792.55,4983,F1,1,,,,,
2026-08-27,2026-08-27,CM,NSE,STK,18721,INE531F01023,NUVAMA,EQ,,,,,NUVAMA WEALTH MANAGE LTD,1779.3,1793.0,1758.0,1784.0,1778.0,1779.3,,1784.01,,,180923,322180165.0,18029,F1,1,,,,,
2026-08-27,2026-08-27,CM,NSE,STK,28125,INE115Q01022,IKS,EQ,,,,,INVENTURUS KNOWLEDGE SO L,1741.4,1771.0,1724.0,1750.6,1750.6,1741.4,,1750.62,,,180738,316171384.9,20007,F1,1,,,,,
2026-08-27,2026-08-27,CM,NSE,STK,144,INE850D01014,GODREJAGRO,EQ,,,,,GODREJ AGROVET LIMITED,625.0,626.85,611.0,614.75,614.7,625.75,,614.76,,,180449,111340761.1,10082,F1,1,,,,,
2026-08-27,2026-08-27,CM,NSE,STK,759522,INF666M01MO0,GROWWSC250,EQ,,,,,GROWWAMC - GROWWSC250,10.72,10.72,10.6,10.61,10.61,10.67,,10.61,,,180342,1919416.2,538,F1,1,,,,,
2026-08-27,2026-08-27,CM,NSE,STK,25984,INE679V01027,AVL,EQ,,,,,ADITYA VISION LIMITED,589.0,599.0,585.35,592.3,595.45,585.6,,592.29,,,179649,106529427.3,11586,F1,1,,,,,
2026-08-27,2026-08-27,CM,NSE,STK,14063,INE107F01022,WANBURY,EQ,,,,,WANBURY LIMITED,260.55,264.15,253.5,254.65,255.7,261.15,,254.66,,,179235,46085023.8,4193,F1,1,,,,,
2026-08-27,2026-08-27,CM,NSE,STK,12022,INE132H01018,AURIONPRO,EQ,,,,,AURIONPRO SOLN LTD,701.05,703.5,685.0,688.0,690.0,700.7,,688.03,,,178058,123095820.75,11585,F1,1,,,,,
2026-08-27,2026-08-27,CM,NSE,STK,926,INE191A01027,ORCHPHARMA,EQ,,,,,ORCHID PHARMA LIMITED,973.35,984.0,923.7,928.8,930.0,973.35,,928.81,,,177784,167365599.1,15112,F1,1,,,,,
2026-08-27,2026-08-27,CM,NSE,STK,896,INE745B01028,KHAICHEM,EQ,,,,,KHAITAN CHEM & FERT LTD,57.18,57.51,55.31,55.52,55.53,56.92,,55.52,,,177755,9941027.16,1291,F1,1,,,,,
2026-08-27,2026-08-27,CM,NSE,STK,758853,INE618R01015,SGFIN,EQ,,,,,SG FINSERVE LIMITED,695.95,703.45,685.55,687.45,686.25,692.2,,687.39,,,177629,122773327.4,5164,F1,1,,,,,
2026-08-27,2026-08-27,CM,NSE,STK,11452,INE421D01022,CCL,EQ,,,,,CCL PRODUCTS (I) LTD,1095.2,1115.0,1090.4,1111.5,1115.0,1095.2,,1111.5,,,177598,196267270.6,15992,F1,1,,,,,
2026-08-27,2026-08-27,CM,NSE,STK,13648,INE187D01029,TALBROAUTO,EQ,,,,,TALBROS AUTO. COMP. LTD,407.1,415.0,400.1,408.65,405.25,407.1,,408.63,,,177405,72213113.5,7206,F1,1,,,,,
2026-08-27,2026-08-27,CM,NSE,STK,781,INE495A01022,DALMIASUG,EQ,,,,,DALMIA BHARAT SUG IN LTD,484.0,489.35,471.2,474.55,471.2,481.1,,474.6,,,177301,84983953.5,6121,F1,1,,,,,
2026-08-27,2026-08-27,CM,NSE,STK,8696,INE366I01010,VRLLOG,EQ,,,,,VRL LOGISTICS LIMITED,286.0,295.5,285.05,293.9,292.15,286.25,,293.94,,,175551,51270172.0,5951,F1,1,,,,,
2026-08-27,2026-08-27,CM,NSE,STK,3435,INE676A01027,BBOX,EQ,,,,,BLACK BOX LIMITED,755.4,759.95,735.0,739.0,741.25,754.8,,739.04,,,174909,130335442.8,10993,F1,1,,,,,
2026-08-27,2026-08-27,CM,NSE,STK,11677,INE873D01024,INDOCO,EQ,,,,,INDOCO REMEDIES LTD.,238.94,246.0,237.0,242.53,242.41,238.94,,242.52,,,174592,42255615.78,4315,F1,1,,,,,
2026-08-27,2026-08-27,CM,NSE,STK,7227,INE0BV301023,MAPMYINDIA,EQ,,,,,C.E. INFO SYSTEMS LIMITED,1010.0,1021.0,970.0,977.1,973.0,1008.5,,976.98,,,174052,173429796.4,13467,F1,1,,,,,
2026-08-27,2026-08-27,CM,NSE,STK,28888,INE0RB801010,SENORES,EQ,,,,,SENORES PHARMACEUTICALS L,1501.4,1513.7,1461.1,1474.6,1467.0,1494.7,,1474.51,,,172487,255578799.1,11867,F1,1,,,,,
2026-08-27,2026-08-27,CM,NSE,STK,4221,INE392A01021,VISAKAIND,EQ,,,,,VISAKA INDUSTRIES LIMITED,91.9,93.55,90.5,91.02,90.5,91.53,,91.01,,,172187,15819507.39,2479,F1,1,,,,,
2026-08-27,2026-08-27,CM,NSE,STK,760740,INE121R01077,AMAGI,EQ,,,,,AMAGI MEDIA LABS LIMITED,585.95,590.3,575.55,578.45,578.9,583.9,,578.49,,,171810,99825641.2,6676,F1,1,,,,,
2026-08-27,2026-08-27,CM,NSE,STK,2783,INE0BY001018,JUBLINGREA,EQ,,,,,JUBILANT INGREVIA LIMITED,713.05,713.05,687.1,691.1,693.0,708.15,,691.03,,,171316,119356626.05,11616,F1,1,,,,,
2026-08-27,2026-08-27,CM,NSE,STK,7413,INE830Q01018,MANAKCOAT,EQ,,,,,MAN COAT METAL & IND LTD,124.31,124.32,119.86,121.09,123.18,124.54,,121.08,,,171239,20810117.07,2655,F1,1,,,,,
2026-08-27,2026-08-27,CM,NSE,STK,6579,INE02NC01014,FINOPB,EQ,,,,,FINO PAYMENTS BANK LTD,147.4,148.39,142.0,143.06,142.99,145.54,,143.07,,,170887,24711154.96,2333,F1,1,,,,,
2026-08-27,2026-08-27,CM,NSE,STK,2106,INE347A01017,MANGLMCEM,EQ,,,,,MANGALAM CEMENT LTD,1057.7,1089.4,1046.6,1058.2,1065.0,1057.7,,1058.14,,,170829,181751837.95,8805,F1,1,,,,,
2026-08-27,2026-08-27,CM,NSE,STK,757,INE007A01025,CRISIL,EQ,,,,,CRISIL LTD,4504.9,4715.0,4500.0,4703.2,4708.0,4513.4,,4703.19,,,170325,791604094.8,31222,F1,1,,,,,
2026-08-27,2026-08-27,CM,NSE,STK,11343,INE00WC01027,AFFLE,EQ,,,,,AFFLE 3I LIMITED,1686.8,1699.5,1641.1,1650.3,1649.0,1686.8,,1650.29,,,169829,280576930.9,17014,F1,1,,,,,
2026-08-27,2026-08-27,CM,NSE,STK,11943,INE942G01012,MCLEODRUSS,EQ,,,,,MCLEOD RUSSEL INDIA LTD.,49.55,50.35,49.0,49.17,49.53,49.55,,49.2,,,169212,8399427.33,995,F1,1,,,,,
2026-08-27,2026-08-27,CM,NSE,STK,3088,INE896L01010,INDOSTAR,EQ,,,,,INDOSTAR CAPITAL FIN LTD,259.5,259.5,248.4,255.05,255.0,259.5,,255.05,,,168538,42681682.95,1861,F1,1,,,,,
2026-08-27,2026-08-27,CM,NSE,STK,5449,INE488A01050,CHEMPLASTS,EQ,,,,,CHEMPLAST SANMAR LIMITED,179.0,181.59,175.0,178.65,178.2,177.84,,178.65,,,168014,29951554.27,3547,F1,1,,,,,
2026-08-27,2026-08-27,CM,NSE,STK,11703,INE540L01014,ALKEM,EQ,,,,,ALKEM LABORATORIES LTD.,5323.5,5358.5,5297.5,5320.0,5320.0,5303.5,,5320.0,,,166838,888066610.5,18558,F1,1,,,,,
2026-08-27,2026-08-27,CM,NSE,STK,25398,INE0QRL01017,ARKADE,EQ,,,,,ARKADE DEVELOPERS LIMITED,128.49,129.75,127.11,127.25,127.11,128.02,,127.2,,,166111,21237191.18,1635,F1,1,,,,,
2026-08-27,2026-08-27,CM,NSE,STK,6286,INE255D01024,GULPOLY,EQ,,,,,GULSHAN POLYOLS LIMITED,194.95,198.0,192.5,193.09,194.35,194.56,,193.1,,,165132,32124395.14,3264,F1,1,,,,,
2026-08-27,2026-08-27,CM,NSE,STK,3018,INE626A01014,SAURASHCEM,EQ,,,,,SAURASHTRA CEMENT LIMITED,58.61,59.25,56.81,57.13,57.0,59.01,,57.12,,,164766,9476504.05,3289,F1,1,,,,,
2026-08-27,2026-08-27,CM,NSE,STK,23729,INE883F01010,AADHARHFC,EQ,,,,,AADHAR HOUSING FINANCE L,472.7,472.8,464.05,465.8,464.95,470.35,,465.79,,,161831,75401604.85,14683,F1,1,,,,,
2026-08-27,2026-08-27,CM,NSE,STK,24308,INE552Z01027,ABDL,EQ,,,,,ALLIED BLEND N DISTILS L,619.9,621.2,605.0,607.5,606.0,613.7,,607.55,,,161808,99001162.0,7169,F1,1,,,,,
2026-08-27,2026-08-27,CM,NSE,STK,5220,INF769K01HI8,BFSI,EQ,,,,,MIRAEAMC - MAFSETF,26.79,27.71,26.79,27.41,27.39,27.48,,27.41,,,161617,4437978.31,576,F1,1,,,,,
2026-08-27,2026-08-27,CM,NSE,STK,17758,INE385C01021,SARDAEN,EQ,,,,,SARDA ENERGY & MIN LTD,514.4,514.4,507.6,509.6,509.0,514.4,,509.6,,,161484,82409115.0,7638,F1,1,,,,,
2026-08-27,2026-08-27,CM,NSE,STK,14672,INE048G01026,NAVINFLUOR,EQ,,,,,NAVIN FLUORINE INT. LTD,8590.0,8625.0,8428.0,8567.5,8564.0,8553.0,,8567.67,,,161439,1378824679.5,34534,F1,1,,,,,
2026-08-27,2026-08-27,CM,NSE,STK,11045,INE170E01023,SATIA,EQ,,,,,SATIA INDUSTRIES LIMITED,58.0,60.69,57.6,58.01,58.0,58.69,,58.01,,,160572,9406328.09,1567,F1,1,,,,,
2026-08-27,2026-08-27,CM,NSE,STK,29598,INE612J01015,REPCOHOME,EQ,,,,,REPCO HOME FINANCE LTD,362.5,372.0,359.05,365.7,365.1,362.3,,365.7,,,160112,58774130.95,4656,F1,1,,,,,
2026-08-27,2026-08-27,CM,NSE,STK,7200,INE217L01019,SHRIRAMPPS,EQ,,,,,SHRIRAM PROPERTIES LTD,77.93,78.04,76.55,76.74,76.7,77.54,,76.74,,,158600,12199725.69,1864,F1,1,,,,,
2026-08-27,2026-08-27,CM,NSE,STK,25643,INE0Q3J01015,KRN,EQ,,,,,KRN HEAT EXCHANGE N REF L,1483.1,1568.6,1482.0,1535.4,1539.9,1511.9,,1535.7,,,158253,242699477.0,13382,F1,1,,,,,
2026-08-27,2026-08-27,CM,NSE,STK,3761,INE320J01015,RITES,EQ,,,,,RITES LIMITED,218.0,218.92,216.51,217.19,217.2,218.01,,217.18,,,157885,34316940.01,5980,F1,1,,,,,
2026-08-27,2026-08-27,CM,NSE,STK,17140,INE349Y01013,IDEAFORGE,EQ,,,,,IDEAFORGE TECHNO LTD,814.0,821.3,803.1,805.0,808.0,805.95,,804.85,,,156158,126709224.35,8233,F1,1,,,,,
2026-08-27,2026-08-27,CM,NSE,STK,1621,INE672A01026,TATAINVEST,EQ,,,,,TATA INVESTMENT CORP LTD,644.45,648.7,637.0,642.1,645.0,644.45,,641.97,,,156007,99904019.1,10028,F1,1,,,,,
2026-08-27,2026-08-27,CM,NSE,STK,2073,INE825A01020,VTL,EQ,,,,,VARDHMAN TEXTILES LIMITED,603.0,607.5,592.65,594.6,599.5,602.9,,594.6,,,155966,93669120.75,8349,F1,1,,,,,
2026-08-27,2026-08-27,CM,NSE,STK,17534,INE002S01010,MGL,EQ,,,,,MAHANAGAR GAS LTD.,1113.2,1118.0,1089.2,1092.8,1094.5,1115.3,,1092.81,,,155301,171025785.0,17517,F1,1,,,,,
2026-08-27,2026-08-27,CM,NSE,STK,18553,INE682M01020,JLHL,EQ,,,,,JUPITER LIFE LINE HOSP L,298.0,310.0,295.55,307.45,307.0,298.75,,307.45,,,154727,46962715.65,8453,F1,1,,,,,
2026-08-27,2026-08-27,CM,NSE,STK,14329,INE812G01025,SMSPHARMA,EQ,,,,,SMS PHARMACEUTICALS LTD.,359.2,363.85,354.1,362.45,361.0,357.7,,362.46,,,153865,55368883.8,3576,F1,1,,,,,
2026-08-27,2026-08-27,CM,NSE,STK,14134,INE450D01021,PITTIENG,EQ,,,,,PITTI ENGINEERING LIMITED,1125.0,1149.5,1105.0,1129.65,1130.0,1123.45,,1129.62,,,153159,172755528.2,10491,F1,1,,,,,
2026-08-27,2026-08-27,CM,NSE,STK,16921,INE144J01027,20MICRONS,EQ,,,,,20 MICRONS LTD,223.39,223.39,215.1,216.37,216.85,223.63,,216.37,,,152626,33281530.24,4668,F1,1,,,,,
2026-08-27,2026-08-27,CM,NSE,STK,3363,INE195A01028,SUPREMEIND,EQ,,,,,SUPREME INDUSTRIES LTD,3540.0,3633.5,3540.0,3585.0,3585.0,3540.0,,3583.06,,,152254,548282867.7,22874,F1,1,,,,,
2026-08-27,2026-08-27,CM,NSE,STK,1808,INE217B01036,KAJARIACER,EQ,,,,,KAJARIA CERAMICS LTD,1212.9,1212.9,1187.0,1200.4,1199.6,1209.5,,1200.41,,,151659,181932404.0,12747,F1,1,,,,,
2026-08-27,2026-08-27,CM,NSE,STK,15204,INE298I01015,ARIES,EQ,,,,,ARIES AGRO LTD.,492.6,510.0,488.1,490.65,489.1,503.7,,490.69,,,151168,75341005.6,6853,F1,1,,,,,
2026-08-27,2026-08-27,CM,NSE,STK,3813,INE420B01036,ARIHANTCAP,EQ,,,,,ARIHANT CAPITAL MKTS LTD,79.86,80.66,78.35,78.62,78.75,79.91,,78.62,,,150781,11968847.16,992,F1,1,,,,,
2026-08-27,2026-08-27,CM,NSE,STK,13111,INE569C01020,ORIENTCER,EQ,,,,,ORIENT CERATECH LIMITED,46.69,47.14,44.81,45.29,45.23,45.29,,45.29,,,150649,6940594.26,2416,F1,1,,,,,
2026-08-27,2026-08-27,CM,NSE,STK,3694,INE707A01012,VINDHYATEL,EQ,,,,,VINDHYA TELELINKS LTD,2400.0,2590.0,2390.1,2530.5,2520.0,2396.7,,2530.42,,,150595,379948053.9,14993,F1,1,,,,,
2026-08-27,2026-08-27,CM,NSE,STK,2454,INE660C01027,CENTRUM,EQ,,,,,CENTRUM CAPITAL LIMITED,23.29,23.39,22.92,23.09,23.28,23.12,,23.09,,,150274,3467414.02,423,F1,1,,,,,
2026-08-27,2026-08-27,CM,NSE,STK,24809,INE00U401027,UNIECOM,EQ,,,,,UNICOMMERCE ESOLUTIONS L,85.45,85.8,83.8,84.0,84.48,85.4,,84.01,,,147802,12485513.09,1550,F1,1,,,,,
2026-08-27,2026-08-27,CM,NSE,STK,765190,INE010C01025,SWISSMLTRY,EQ,,,,,SWISS MILITARY CON GOOD L,17.74,18.09,16.8,17.16,17.1,17.74,,17.16,,,147702,2588155.75,440,F1,1,,,,,
2026-08-27,2026-08-27,CM,NSE,STK,25634,INE122M01019,ESSARSHPNG,EQ,,,,,ESSAR SHIPPING LTD,17.0,17.39,16.71,16.79,16.8,16.91,,16.79,,,147138,2496206.25,756,F1,1,,,,,
2026-08-27,2026-08-27,CM,NSE,STK,9667,INE630Y01024,MEDICO,EQ,,,,,MEDICO REMEDIES LIMITED,42.37,43.7,41.5,43.31,43.5,42.2,,43.31,,,146929,6298845.94,1039,F1,1,,,,,
2026-08-27,2026-08-27,CM,NSE,STK,19556,INE474E01029,BHANDARI,EQ,,,,,BHANDARI HOSIERY EXP LTD,3.04,3.1,2.97,3.04,3.05,3.01,,3.04,,,146566,445457.41,186,F1,1,,,,,
2026-08-27,2026-08-27,CM,NSE,STK,28879,INE0V7W01012,CARRARO,EQ,,,,,CARRARO INDIA LIMITED,538.75,550.2,534.8,544.05,544.0,538.1,,544.03,,,146358,79782412.6,6638,F1,1,,,,,
2026-08-27,2026-08-27,CM,NSE,STK,22930,INE0PT501018,PLATIND,EQ,,,,,PLATINUM INDUSTRIES LTD,218.39,231.95,216.41,227.31,227.2,218.31,,227.3,,,146353,33041952.22,2979,F1,1,,,,,
2026-08-27,2026-08-27,CM,NSE,STK,25786,INE879E01037,KANANIIND,EQ,,,,,KANANI INDUSTRIES LTD,1.49,1.5,1.4,1.47,1.48,1.49,,1.47,,,145295,211830.37,217,F1,1,,,,,
2026-08-27,2026-08-27,CM,NSE,STK,13218,INE142Q01026,SULA,EQ,,,,,SULA VINEYARDS LIMITED,148.55,149.8,146.5,146.92,146.9,148.02,,146.93,,,145183,21442872.39,2893,F1,1,,,,,
2026-08-27,2026-08-27,CM,NSE,STK,578,INE060901027,LIKHITHA,EQ,,,,,LIKHITHA INFRASTRUC LTD,211.0,221.99,209.64,212.02,210.15,210.89,,212.02,,,145162,31168469.04,2146,F1,1,,,,,
2026-08-27,2026-08-27,CM,NSE,STK,23066,INE0L9R01028,GOPAL,EQ,,,,,GOPAL SNACKS LIMITED,285.95,286.15,278.0,279.15,278.5,284.9,,279.15,,,143662,40336410.0,8545,F1,1,,,,,
2026-08-27,2026-08-27,CM,NSE,STK,23480,INE985A01022,SINCLAIR,EQ,,,,,SINCLAIRS HOTELS LIMITED,75.1,80.3,74.0,79.92,80.22,74.86,,79.9,,,143654,11314863.82,530,F1,1,,,,,
2026-08-27,2026-08-27,CM,NSE,STK,2562,INE275B01026,HUHTAMAKI,EQ,,,,,HUHTAMAKI INDIA LIMITED,270.4,270.4,259.0,260.5,259.0,270.4,,260.52,,,143477,37664359.9,3777,F1,1,,,,,
2026-08-27,2026-08-27,CM,NSE,STK,20822,INE843S01025,SURAJEST,EQ,,,,,SURAJ ESTATE DEVELOPERS L,197.17,197.25,193.1,195.77,197.0,196.01,,195.77,,,143225,27909042.34,646,F1,1,,,,,
2026-08-27,2026-08-27,CM,NSE,STK,759876,INE12UR01024,UTLSOLAR,EQ,,,,,FUJIYAMA POWER SYSTEMS L,447.8,452.8,440.2,443.35,445.0,444.2,,443.41,,,143124,63764815.5,6592,F1,1,,,,,
2026-08-27,2026-08-27,CM,NSE,STK,28969,INF769K01NS5,CONSUMER,EQ,,,,,MIRAEAMC - CONSUMER,12.61,12.61,12.29,12.31,12.31,12.36,,12.31,,,143065,1763289.6,306,F1,1,,,,,
2026-08-27,2026-08-27,CM,NSE,STK,8614,INE803D01021,INDOBORAX,EQ,,,,,INDO BORAX & CHEMICAL LTD,505.7,516.95,498.1,503.0,501.6,505.7,,503.0,,,142026,71897871.0,7188,F1,1,,,,,
2026-08-27,2026-08-27,CM,NSE,STK,760300,INE0G1L01025,LEMERITE,EQ,,,,,LE MERITE EXPORTS LIMITED,21.9,22.3,21.5,21.81,21.95,21.9,,21.81,,,141633,3114158.84,306,F1,1,,,,,
2026-08-27,2026-08-27,CM,NSE,STK,2627,INF174KA1GC5,IT,EQ,,,,,KOTAKMAMC - KOTAKIT,33.79,33.97,33.55,33.68,33.81,33.79,,33.68,,,140975,4747205.75,747,F1,1,,,,,
2026-08-27,2026-08-27,CM,NSE,STK,23806,INF209KB19Z4,ABSLPSE,EQ,,,,,BIRLASLAMC-ABSLPSE,10.2,10.2,10.08,10.11,10.2,10.15,,10.11,,,140364,1418659.75,449,F1,1,,,,,
2026-08-27,2026-08-27,CM,NSE,STK,13810,INE08ZM01014,GREENPANEL,EQ,,,,,GREENPANEL INDUSTRIES LTD,158.71,160.39,157.94,159.9,158.5,157.98,,159.9,,,140277,22319873.4,3056,F1,1,,,,,
2026-08-27,2026-08-27,CM,NSE,STK,3646,INE835A01029,VARDMNPOLY,EQ,,,,,VARDHMAN POLYTEX LTD.,6.18,6.18,5.96,6.01,6.04,6.03,,6.02,,,140266,843783.28,310,F1,1,,,,,
2026-08-27,2026-08-27,CM,NSE,STK,11538,INF179KC1HV6,HDFCMOMENT,EQ,,,,,HDFCAMC - HDFCMOMENT,31.83,31.9,31.64,31.71,31.72,31.71,,31.71,,,140210,4448647.88,570,F1,1,,,,,
2026-08-27,2026-08-27,CM,NSE,STK,312,INE974X01010,TIINDIA,EQ,,,,,TUBE INVEST OF INDIA LTD,2853.3,2879.4,2835.6,2870.0,2870.0,2860.0,,2869.75,,,139913,400601576.2,18252,F1,1,,,,,
2026-08-27,2026-08-27,CM,NSE,STK,21017,INE360L01017,FMNL,EQ,,,,,FUTURE MKT NETWORKS LTD,10.54,10.63,9.76,10.62,10.63,10.13,,10.62,,,139763,1458898.0,160,F1,1,,,,,
2026-08-27,2026-08-27,CM,NSE,STK,18417,INE0N2P01017,RISHABH,EQ,,,,,RISHABH INSTRUMENTS LTD,687.7,704.95,686.05,690.5,689.6,687.7,,690.58,,,139748,97179788.65,7183,F1,1,,,,,
2026-08-27,2026-08-27,CM,NSE,STK,760039,INE0QPI01025,SUDEEPPHRM,EQ,,,,,SUDEEP PHARMA LIMITED,1128.95,1149.9,1122.1,1134.1,1135.0,1129.1,,1134.09,,,139528,158552470.5,6380,F1,1,,,,,
2026-08-27,2026-08-27,CM,NSE,STK,595,INE120A01034,CARBORUNIV,EQ,,,,,CARBORUNDUM UNIVERSAL LTD,1114.9,1119.2,1100.0,1103.2,1105.0,1105.7,,1103.09,,,139357,154457975.0,9010,F1,1,,,,,
2026-08-27,2026-08-27,CM,NSE,STK,14922,INE323I01011,PURVA,EQ,,,,,PURAVANKARA LIMITED,218.9,219.5,212.0,214.22,215.99,218.87,,214.23,,,139252,29954500.47,3422,F1,1,,,,,
2026-08-27,2026-08-27,CM,NSE,STK,9592,INE0JA001018,VENUSPIPES,EQ,,,,,VENUS PIPES & TUBES LTD,1647.0,1672.0,1608.0,1653.8,1648.7,1636.6,,1653.84,,,139211,229076430.9,10214,F1,1,,,,,
2026-08-27,2026-08-27,CM,NSE,STK,9049,INE535D01037,ROTO,EQ,,,,,ROTO PUMPS LIMITED,65.9,66.08,64.61,65.02,64.61,65.51,,65.02,,,139044,9055916.86,1366,F1,1,,,,,
2026-08-27,2026-08-27,CM,NSE,STK,199,INE348L01012,MASFIN,EQ,,,,,MAS FINANCIAL SERV LTD,298.9,298.9,294.8,295.5,295.0,297.25,,295.5,,,138307,40844580.6,8167,F1,1,,,,,
2026-08-27,2026-08-27,CM,NSE,STK,21423,INF247L01023,MOM100,EQ,,,,,MOTILAL OS MIDCAP100 ETF,69.6,69.8,69.11,69.22,69.2,69.4,,69.22,,,137634,9537707.09,1941,F1,1,,,,,
2026-08-27,2026-08-27,CM,NSE,STK,9111,INE955V01021,ARVINDFASN,EQ,,,,,ARVIND FASHIONS LIMITED,445.0,451.05,437.05,449.4,450.0,443.5,,449.42,,,137480,61311519.75,11741,F1,1,,,,,
2026-08-27,2026-08-27,CM,NSE,STK,15883,INE05AN01011,HINDWAREAP,EQ,,,,,HINDWARE HME INOVATON LTD,196.29,197.53,190.0,190.84,191.8,196.29,,190.87,,,137457,26411301.04,2850,F1,1,,,,,
2026-08-27,2026-08-27,CM,NSE,STK,7560,INE368U01029,UNITEDPOLY,EQ,,,,,UNITED POLYFAB GUJ. LTD.,37.3,37.99,36.4,37.44,37.99,36.85,,37.44,,,137274,5067981.39,284,F1,1,,,,,
2026-08-27,2026-08-27,CM,NSE,STK,1204,INE546Y01022,PRAXIS,EQ,,,,,PRAXIS HOME RETAIL LTD,5.19,5.19,4.94,4.98,4.94,5.13,,4.98,,,137214,692441.24,235,F1,1,,,,,
2026-08-27,2026-08-27,CM,NSE,STK,14912,INE930H01031,KPRMILL,EQ,,,,,KPR MILL LTD.,1141.5,1147.1,1120.0,1126.5,1129.5,1136.0,,1125.6,,,136961,154738611.2,14464,F1,1,,,,,
2026-08-27,2026-08-27,CM,NSE,STK,23553,INE206F01022,AIIL,EQ,,,,,AUTHUM INVEST & INFRA LTD,561.6,567.3,550.3,553.9,551.0,561.6,,553.91,,,136961,76198436.55,9876,F1,1,,,,,
2026-08-27,2026-08-27,CM,NSE,STK,2492,INE01II01013,SILGO,EQ,,,,,SILGO RETAIL LIMITED,73.28,75.07,72.55,74.03,73.1,72.85,,74.03,,,136582,10065387.36,1092,F1,1,,,,,
2026-08-27,2026-08-27,CM,NSE,STK,21406,INE349W01017,AVADHSUGAR,EQ,,,,,AVADH SUG & ENERGY LTD,813.8,822.25,790.05,804.55,803.55,813.7,,804.52,,,136563,109808391.5,5922,F1,1,,,,,
2026-08-27,2026-08-27,CM,NSE,STK,2829,INE930P01018,ANURAS,EQ,,,,,ANUPAM RASAYAN INDIA LTD,1265.5,1270.0,1256.0,1259.8,1260.5,1267.6,,1259.81,,,136325,172182318.6,5319,F1,1,,,,,
2026-08-27,2026-08-27,CM,NSE,STK,4503,INE356A01018,MPHASIS,EQ,,,,,MPHASIS LIMITED,2391.2,2419.2,2385.3,2413.6,2413.6,2400.0,,2413.6,,,136275,327258539.9,12109,F1,1,,,,,
2026-08-27,2026-08-27,CM,NSE,STK,757096,INF1J2R01064,AONENIFTY,EQ,,,,,AONEAMC - AONENIFTY,10.28,10.28,9.93,9.96,9.99,10.03,,9.96,,,135846,1357513.3,1076,F1,1,,,,,
2026-08-27,2026-08-27,CM,NSE,STK,14485,INE083B01024,THEMISMED,EQ,,,,,THEMIS MEDICARE LTD.,126.26,128.15,123.12,126.15,128.0,126.26,,126.09,,,135765,17002118.99,2452,F1,1,,,,,
2026-08-27,2026-08-27,CM,NSE,STK,11655,INE927D01051,JBMA,EQ,,,,,JBM AUTO LIMITED,652.0,653.95,643.15,645.25,645.0,653.4,,645.23,,,135727,87862734.15,8017,F1,1,,,,,
2026-08-27,2026-08-27,CM,NSE,STK,13536,INE632C01026,VIDHIING,EQ,,,,,VIDHI SPCLTY F INGRDNTS L,341.15,356.95,338.4,350.1,355.9,341.0,,350.13,,,135580,47409194.55,2637,F1,1,,,,,
2026-08-27,2026-08-27,CM,NSE,STK,13557,INE323B01024,AVONMORE,EQ,,,,,AVONMORE CAP&MGT SERV LTD,14.2,14.44,13.5,13.68,13.85,13.97,,13.68,,,135197,1858642.32,592,F1,1,,,,,
2026-08-27,2026-08-27,CM,NSE,STK,24461,INF769K01LQ3,EVINDIA,EQ,,,,,MIRAEAMC - EVINDIA,34.37,34.37,33.36,33.5,33.47,33.54,,33.5,,,134974,4520623.4,1472,F1,1,,,,,
2026-08-27,2026-08-27,CM,NSE,STK,3009,INE080B01012,KOHINOOR,EQ,,,,,KOHINOOR FOODS LIMITED,34.3,35.8,33.21,34.35,34.25,34.66,,34.37,,,134853,4644331.07,1509,F1,1,,,,,
2026-08-27,2026-08-27,CM,NSE,STK,958,INE042A01014,ESCORTS,EQ,,,,,ESCORTS KUBOTA LIMITED,3070.0,3096.9,2967.7,2974.1,2974.1,3067.0,,2974.11,,,134744,406654227.5,28599,F1,1,,,,,
2026-08-27,2026-08-27,CM,NSE,STK,23402,INE0R6Z01013,SRM,EQ,,,,,SRM CONTRACTORS LIMITED,462.5,465.0,443.2,446.25,444.0,462.5,,446.23,,,134211,60442667.75,3986,F1,1,,,,,
2026-08-27,2026-08-27,CM,NSE,STK,11027,INE344S01016,INFOBEAN,EQ,,,,,INFOBEANS TECHNO. LTD.,154.8,159.2,154.26,154.65,155.0,155.54,,154.66,,,133984,20806053.15,1885,F1,1,,,,,
2026-08-27,2026-08-27,CM,NSE,STK,25758,INF666M01IO8,GROWWDEFNC,EQ,,,,,GROWWAMC - GROWWDEFNC,97.4,98.32,97.4,97.95,97.9,97.4,,97.95,,,133545,13079188.64,2321,F1,1,,,,,
2026-08-27,2026-08-27,CM,NSE,STK,15002,INE550H01011,SUPREMEINF,EQ,,,,,SUPREME INFRA. LTD.,84.94,86.76,83.51,84.99,84.0,84.81,,84.99,,,133453,11322178.41,704,F1,1,,,,,
2026-08-27,2026-08-27,CM,NSE,STK,395,INE258A01024,BEML,EQ,,,,,BEML LIMITED,1945.0,1949.7,1914.5,1920.6,1926.0,1937.7,,1920.51,,,133220,257300418.7,16162,F1,1,,,,,
2026-08-27,2026-08-27,CM,NSE,STK,29666,INE093A01041,HEXT,EQ,,,,,HEXAWARE TECHNOLOGIES LTD,556.3,561.0,547.55,556.6,556.0,554.95,,556.62,,,133088,73597092.05,9489,F1,1,,,,,
2026-08-27,2026-08-27,CM,NSE,STK,18479,INE566K01011,ISFT,EQ,,,,,INTRASOFT TECH. LTD,92.89,97.0,92.72,95.17,94.49,96.68,,95.16,,,132402,12463113.94,1023,F1,1,,,,,
2026-08-27,2026-08-27,CM,NSE,STK,14627,INE788H01017,HILTON,EQ,,,,,HILTON METAL FORGING LTD,20.0,20.05,19.4,19.51,19.49,20.0,,19.51,,,132293,2605059.35,389,F1,1,,,,,
2026-08-27,2026-08-27,CM,NSE,STK,12603,INE484I01029,PRECAM,EQ,,,,,PRECISION CAMSHAFTS LTD.,129.1,130.5,124.55,125.8,127.0,129.27,,125.82,,,131571,16671263.28,3060,F1,1,,,,,
2026-08-27,2026-08-27,CM,NSE,STK,583,INE477A01020,CANFINHOME,EQ,,,,,CAN FIN HOMES LTD,802.0,809.35,799.0,803.8,804.45,802.75,,803.81,,,131463,105647714.9,9829,F1,1,,,,,
2026-08-27,2026-08-27,CM,NSE,STK,758551,INE1SY401010,RAYMONDREL,EQ,,,,,RAYMOND REALTY LIMITED,575.0,578.35,560.2,565.4,565.9,575.2,,565.4,,,130850,74501318.8,3467,F1,1,,,,,
2026-08-27,2026-08-27,CM,NSE,STK,2397,INE278H01035,SANDHAR,EQ,,,,,SANDHAR TECHNOLOGIES LTD,659.8,663.2,644.8,651.75,649.9,661.05,,651.75,,,130633,85199600.85,6426,F1,1,,,,,
2026-08-27,2026-08-27,CM,NSE,STK,11364,INE884A01027,VAIBHAVGBL,EQ,,,,,VAIBHAV GLOBAL LIMITED,224.65,225.4,221.5,222.2,222.35,223.6,,222.2,,,130477,29072459.7,8505,F1,1,,,,,
2026-08-27,2026-08-27,CM,NSE,STK,9158,INE794B01026,BALAJITELE,EQ,,,,,BALAJI TELEFILMS LIMITED.,95.37,95.79,93.0,93.54,94.0,95.43,,93.54,,,130118,12227223.59,1413,F1,1,,,,,
2026-08-27,2026-08-27,CM,NSE,STK,24582,INE08NE01025,SANSTAR,EQ,,,,,SANSTAR LIMITED,109.2,110.95,108.17,109.25,108.5,110.15,,109.26,,,129899,14202036.41,1321,F1,1,,,,,
2026-08-27,2026-08-27,CM,NSE,STK,166,INE435A01051,ANDHRAPAP,EQ,,,,,ANDHRA PAPER LIMITED,60.46,60.99,59.81,60.11,60.2,60.46,,60.11,,,129859,7846813.29,2083,F1,1,,,,,
2026-08-27,2026-08-27,CM,NSE,STK,762767,INE631R01026,MADHAVIPL,EQ,,,,,MADHAV INFRA PROJECTS L,8.18,8.2,7.95,8.12,8.08,8.03,,8.13,,,129794,1050699.87,446,F1,1,,,,,
2026-08-27,2026-08-27,CM,NSE,STK,1186,INE068V01023,GLAND,EQ,,,,,GLAND PHARMA LIMITED,2912.9,2924.4,2855.6,2873.5,2880.0,2903.2,,2873.47,,,129706,373246238.4,18070,F1,1,,,,,
2026-08-27,2026-08-27,CM,NSE,STK,1805,INE900B01029,KABRAEXTRU,EQ,,,,,KABRA EXTRUSION TECHNIK L,602.85,609.8,587.0,589.6,590.0,601.65,,589.56,,,129623,77575836.25,4491,F1,1,,,,,
2026-08-27,2026-08-27,CM,NSE,STK,1196,INE531A01024,KANSAINER,EQ,,,,,KANSAI NEROLAC PAINTS LTD,200.75,201.22,198.0,198.44,198.01,201.33,,198.44,,,129493,25798928.81,4515,F1,1,,,,,
2026-08-27,2026-08-27,CM,NSE,STK,5359,INE08LI01020,KRSNAA,EQ,,,,,KRSNAA DIAGNOSTICS LTD,564.85,570.6,554.1,557.7,556.0,565.55,,557.72,,,129490,73062346.15,10309,F1,1,,,,,
2026-08-27,2026-08-27,CM,NSE,STK,21623,INE346W01013,APEX,EQ,,,,,APEX FROZEN FOODS LIMITED,385.5,390.0,381.0,383.45,386.0,382.5,,383.46,,,129470,49772546.05,4429,F1,1,,,,,
2026-08-27,2026-08-27,CM,NSE,STK,14423,INE059D01020,LAOPALA,EQ,,,,,LA OPALA RG LIMITED,170.06,170.4,167.2,169.92,170.0,170.17,,169.92,,,128865,21718486.24,4526,F1,1,,,,,
2026-08-27,2026-08-27,CM,NSE,STK,11511,INE281A01026,CENTEXT,EQ,,,,,CENTURY EXTRUSIONS LTD,22.6,22.71,22.17,22.59,22.6,22.45,,22.59,,,128792,2888301.07,628,F1,1,,,,,
2026-08-27,2026-08-27,CM,NSE,STK,9917,INE136S01016,NEOGEN,EQ,,,,,NEOGEN CHEMICALS LIMITED,2183.0,2246.3,2173.0,2230.2,2226.9,2183.3,,2230.25,,,128727,286264821.3,17626,F1,1,,,,,
2026-08-27,2026-08-27,CM,NSE,STK,5578,INE00FF01025,ACUTAAS,EQ,,,,,ACUTAAS CHEMICALS LIMITED,3258.0,3341.0,3257.0,3329.2,3335.0,3257.8,,3329.8,,,128415,426045834.7,21470,F1,1,,,,,
2026-08-27,2026-08-27,CM,NSE,STK,8311,INE472A01039,BLUESTARCO,EQ,,,,,BLUE STAR LIMITED,1488.0,1509.9,1487.2,1497.0,1497.0,1485.0,,1497.15,,,128386,192096070.4,9191,F1,1,,,,,
2026-08-27,2026-08-27,CM,NSE,STK,11618,INE386C01029,ASTRAMICRO,EQ,,,,,ASTRA MICROWAVE LTD,1707.1,1715.0,1680.7,1687.5,1684.8,1698.7,,1687.52,,,128292,217687473.2,10280,F1,1,,,,,
2026-08-27,2026-08-27,CM,NSE,STK,764818,INE457G01029,ORIRAIL,EQ,,,,,ORIENTAL RAIL INFRA L,131.61,133.85,125.7,126.56,126.1,132.99,,126.47,,,128112,16548829.76,2479,F1,1,,,,,
2026-08-27,2026-08-27,CM,NSE,STK,11794,INE667G01023,SAKSOFT,EQ,,,,,SAKSOFT LIMITED,160.4,161.65,156.5,157.78,157.7,161.36,,157.79,,,127771,20297285.88,2754,F1,1,,,,,
2026-08-27,2026-08-27,CM,NSE,STK,4136,INE829A01014,BIOFILCHEM,EQ,,,,,BIOFIL CHEM & PHARMA LTD,33.39,33.39,32.12,32.8,32.79,32.72,,32.9,,,127673,4205588.68,508,F1,1,,,,,
2026-08-27,2026-08-27,CM,NSE,STK,760242,INE1RDG01013,PNGSREVA,EQ,,,,,PNGS REVA DIAMOND JEWEL L,563.65,564.9,538.1,542.9,541.05,555.65,,542.89,,,127409,70058197.95,4826,F1,1,,,,,
2026-08-27,2026-08-27,CM,NSE,STK,27067,INE050M01012,VSSL,EQ,,,,,VARDHMAN SPC STEEL LTD,370.4,370.45,354.1,358.05,357.6,367.75,,358.04,,,127105,45733967.2,4215,F1,1,,,,,
2026-08-27,2026-08-27,CM,NSE,STK,765105,INE348N01042,MANBRO,EQ,,,,,MANBRO INDUSTRIES LTD.,61.49,61.49,58.52,60.51,60.8,60.23,,60.48,,,126899,7543425.09,608,F1,1,,,,,
2026-08-27,2026-08-27,CM,NSE,STK,761420,INE638A01035,SINGERIND,EQ,,,,,SINGER INDIA LIMITED,77.84,78.5,75.63,76.96,77.0,77.15,,76.98,,,126431,9717387.05,1055,F1,1,,,,,
2026-08-27,2026-08-27,CM,NSE,STK,13101,INE579C01029,VIMTALABS,EQ,,,,,VIMTA LABS LIMITED,632.1,636.0,611.25,615.0,612.1,627.7,,615.03,,,126269,78396708.15,5656,F1,1,,,,,
2026-08-27,2026-08-27,CM,NSE,STK,1181,INE260B01028,GODFRYPHLP,EQ,,,,,GODFREY PHILLIPS INDIA LT,2153.0,2161.0,2110.0,2115.0,2115.0,2153.3,,2115.0,,,126205,268848936.2,10886,F1,1,,,,,
2026-08-27,2026-08-27,CM,NSE,STK,19142,INE240C01028,UMESLTD,EQ,,,,,USHA MARTIN EDU & SOL LTD,5.72,5.72,5.05,5.14,5.05,5.61,,5.15,,,126042,656083.76,238,F1,1,,,,,
2026-08-27,2026-08-27,CM,NSE,STK,759079,INE0VOV01021,DEVX,EQ,,,,,DEV ACCELERATOR LIMITED,34.99,35.4,34.16,34.98,34.51,34.71,,34.98,,,125803,4391163.32,1455,F1,1,,,,,
2026-08-27,2026-08-27,CM,NSE,STK,16589,INE972X01022,VAISHALI,EQ,,,,,VAISHALI PHARMA LIMITED,8.0,8.35,7.82,8.33,8.25,8.17,,8.33,,,125534,1027918.89,228,F1,1,,,,,
2026-08-27,2026-08-27,CM,NSE,STK,11778,INE887G01027,GOKEX,EQ,,,,,GOKALDAS EXPORTS LTD.,784.7,796.55,771.2,774.9,772.0,787.1,,774.91,,,125337,97909265.8,6891,F1,1,,,,,
2026-08-27,2026-08-27,CM,NSE,STK,762787,INE650G01029,MENNPIS,EQ,,,,,MENON PISTONS LTD.,69.91,75.6,69.91,74.59,75.1,69.89,,74.55,,,125327,9216530.25,1149,F1,1,,,,,
2026-08-27,2026-08-27,CM,NSE,STK,25171,INF740KA1UR9,TOP10ADD,EQ,,,,,DSPAMC - TOP10ADD,88.3,88.3,87.66,87.89,87.66,88.04,,87.9,,,125196,11006592.12,452,F1,1,,,,,
2026-08-27,2026-08-27,CM,NSE,STK,7145,INE463V01026,ANANDRATHI,EQ,,,,,ANAND RATHI WEALTH LTD,2191.0,2195.0,2169.2,2182.9,2188.0,2179.4,,2182.91,,,124936,272564003.4,15232,F1,1,,,,,
2026-08-27,2026-08-27,CM,NSE,STK,759951,INE00YJ01010,JARO,EQ,,,,,JARO INS OF TEC MG N RE L,465.0,468.0,458.1,463.15,465.9,461.1,,463.16,,,124691,57719771.05,3351,F1,1,,,,,
2026-08-27,2026-08-27,CM,NSE,STK,758173,INE0BX301013,PROSTARM,EQ,,,,,PROSTARM INFO SYSTEMS LTD,137.12,137.5,132.0,132.52,132.32,135.88,,132.53,,,124540,16692621.94,2256,F1,1,,,,,
2026-08-27,2026-08-27,CM,NSE,STK,4934,INE0D6701023,IPL,EQ,,,,,INDIA PESTICIDES LIMITED,140.47,141.26,137.02,137.79,137.11,140.47,,137.64,,,124420,17268346.08,1873,F1,1,,,,,
2026-08-27,2026-08-27,CM,NSE,STK,764186,INE1JCQ01037,ALPINETEX,EQ,,,,,ALPINE TEXWORLD LIMITED,56.08,56.49,55.35,55.67,55.35,55.77,,55.68,,,124399,6951515.46,1468,F1,1,,,,,
2026-08-27,2026-08-27,CM,NSE,STK,764203,INE536P01021,CPL,EQ,,,,,CAPTAIN POLYPLAST LIMITED,65.12,66.89,64.11,64.76,65.0,66.08,,64.7,,,124293,8122948.83,1056,F1,1,,,,,
2026-08-27,2026-08-27,CM,NSE,STK,5401,INE236Y01012,NGIL,EQ,,,,,NAKODA GROUP OF IND. LTD,38.8,42.69,37.0,41.96,42.3,38.81,,41.88,,,124146,5072577.72,383,F1,1,,,,,
2026-08-27,2026-08-27,CM,NSE,STK,10457,INE034S01021,ARVSMART,EQ,,,,,ARVIND SMARTSPACES LTD,671.0,677.95,648.6,652.65,652.1,670.7,,652.69,,,123741,81328598.6,4088,F1,1,,,,,
2026-08-27,2026-08-27,CM,NSE,STK,1448,INE102A01024,HLVLTD,EQ,,,,,HLV LIMITED,6.66,6.66,6.56,6.63,6.66,6.62,,6.63,,,123353,816355.75,366,F1,1,,,,,
2026-08-27,2026-08-27,CM,NSE,STK,17778,INE0NN701020,ATL,EQ,,,,,ALLCARGO TERMINALS LTD,26.71,27.37,26.1,26.25,26.31,26.71,,26.25,,,123304,3284111.35,960,F1,1,,,,,
2026-08-27,2026-08-27,CM,NSE,STK,28960,INE0U3I01011,UNIMECH,EQ,,,,,UNIMECH AEROSPACE N MFG L,1507.7,1527.7,1471.0,1485.4,1476.8,1500.2,,1485.31,,,123211,185046910.5,9276,F1,1,,,,,
2026-08-27,2026-08-27,CM,NSE,STK,759992,INF1J2R01148,AONETMMQ50,EQ,,,,,AONEAMC - AONETMMQ50,10.58,10.58,10.4,10.43,10.41,10.41,,10.43,,,122907,1282898.36,250,F1,1,,,,,
2026-08-27,2026-08-27,CM,NSE,STK,527,INE094J01016,UTIAMC,EQ,,,,,UTI ASSET MNGMT CO LTD,897.2,899.0,889.0,890.7,892.0,897.2,,890.61,,,122786,109336976.4,3529,F1,1,,,,,
2026-08-27,2026-08-27,CM,NSE,STK,765215,INE247C01023,VIRTUALG,EQ,,,,,VIRTUAL GLOBAL EDU LTD,0.53,0.53,0.51,0.51,0.52,0.52,,0.51,,,122565,63281.91,181,F1,1,,,,,
2026-08-27,2026-08-27,CM,NSE,STK,8546,INE427F01016,CHALET,EQ,,,,,CHALET HOTELS LIMITED,912.0,913.15,890.5,910.3,908.0,912.45,,910.33,,,122466,110641481.6,11567,F1,1,,,,,
2026-08-27,2026-08-27,CM,NSE,STK,4598,INE978A01027,HERITGFOOD,EQ,,,,,HERITAGE FOODS LTD,383.0,383.0,375.1,378.15,377.75,383.3,,378.12,,,122264,46217849.85,4677,F1,1,,,,,
2026-08-27,2026-08-27,CM,NSE,STK,1633,INE571A01038,IPCALAB,EQ,,,,,IPCA LABORATORIES LTD,1954.8,1970.3,1947.3,1959.8,1960.7,1952.4,,1959.78,,,122184,238869451.3,15181,F1,1,,,,,
2026-08-27,2026-08-27,CM,NSE,STK,13451,INE703B01027,RATNAMANI,EQ,,,,,RATNAMANI MET & TUB LTD.,2641.1,2759.9,2631.0,2654.8,2652.0,2641.6,,2655.33,,,121827,328827601.8,18818,F1,1,,,,,
2026-08-27,2026-08-27,CM,NSE,STK,1814,INE220B01022,KPIL,EQ,,,,,KALPATARU PROJECT INT LTD,1391.5,1405.0,1384.5,1391.0,1387.1,1391.3,,1391.94,,,121480,169340375.7,13940,F1,1,,,,,
2026-08-27,2026-08-27,CM,NSE,STK,21469,INE350C01017,OPTIEMUS,EQ,,,,,OPTIEMUS INFRACOM LTD,583.4,587.4,574.4,576.45,576.7,584.45,,576.43,,,121096,70312045.75,5384,F1,1,,,,,
2026-08-27,2026-08-27,CM,NSE,STK,18889,INE907A01026,KSL,EQ,,,,,KALYANI STEELS LIMITED,925.45,939.7,873.1,881.3,886.0,919.3,,881.32,,,121094,109256999.2,7171,F1,1,,,,,
2026-08-27,2026-08-27,CM,NSE,STK,15377,INE865T01018,PDMJEPAPER,EQ,,,,,PUDUMJEE PAPER PRO. LTD,90.57,91.7,86.0,87.52,87.4,89.69,,87.53,,,121080,10801810.1,2261,F1,1,,,,,
2026-08-27,2026-08-27,CM,NSE,STK,17576,INF740KA1TA7,PVTBANKADD,EQ,,,,,DSPAMC - DSPPVBKETF,28.31,28.4,28.24,28.28,28.4,28.24,,28.28,,,121002,3423628.6,129,F1,1,,,,,
2026-08-27,2026-08-27,CM,NSE,STK,3348,INE947A01014,SUNFLAG,EQ,,,,,SUNFLAG IRON AND STEEL CO,353.35,354.0,342.2,344.4,344.8,350.45,,344.41,,,120437,41859325.8,2612,F1,1,,,,,
2026-08-27,2026-08-27,CM,NSE,STK,13057,INE244O01017,UNIPARTS,EQ,,,,,UNIPARTS INDIA LIMITED,806.2,824.0,801.0,808.3,809.55,806.2,,808.49,,,120396,97786743.35,9565,F1,1,,,,,
2026-08-27,2026-08-27,CM,NSE,STK,23127,INE0PB301013,SCILAL,EQ,,,,,SHIPPING CORP OF ILA LTD,40.15,40.44,39.87,40.02,40.07,40.15,,40.04,,,120058,4817358.0,1115,F1,1,,,,,
2026-08-27,2026-08-27,CM,NSE,STK,5162,INE0GK401011,TATVA,EQ,,,,,TATVA CHIN PHARM CHEM LTD,1620.0,1695.0,1581.5,1599.2,1585.3,1606.4,,1599.17,,,120039,197272247.8,12118,F1,1,,,,,
2026-08-27,2026-08-27,CM,NSE,STK,16822,INE0LOJ01019,IKIO,EQ,,,,,IKIO TECHNOLOGIES LIMITED,191.3,193.2,185.0,186.14,186.44,192.08,,186.14,,,119881,22545418.06,2756,F1,1,,,,,
2026-08-27,2026-08-27,CM,NSE,STK,739,INE169A01031,COROMANDEL,EQ,,,,,COROMANDEL INTERNTL. LTD,1950.0,1963.4,1923.1,1928.4,1930.0,1949.7,,1928.38,,,119821,233465116.5,18380,F1,1,,,,,
2026-08-27,2026-08-27,CM,NSE,STK,2496,INE592A01026,ORIENTPPR,EQ,,,,,ORIENT PAPER AND INDS LTD,17.0,17.28,16.92,17.04,17.1,17.03,,17.04,,,119793,2043568.01,415,F1,1,,,,,
2026-08-27,2026-08-27,CM,NSE,STK,29256,INE0R4L01018,DENTA,EQ,,,,,DENTA WATER N INFRA SOL L,287.0,294.85,282.6,284.5,283.0,285.6,,284.52,,,119460,34320657.6,2432,F1,1,,,,,
2026-08-27,2026-08-27,CM,NSE,STK,9219,INE413G01022,TPLPLASTEH,EQ,,,,,TPL PLASTECH LIMITED,79.03,79.03,77.0,77.44,77.48,77.6,,77.43,,,119271,9302104.33,908,F1,1,,,,,
2026-08-27,2026-08-27,CM,NSE,STK,2056,INE481N01025,HOMEFIRST,EQ,,,,,HOME FIRST FIN CO IND LTD,1184.0,1204.3,1183.0,1200.2,1196.0,1183.7,,1200.2,,,118552,141938329.5,10572,F1,1,,,,,
2026-08-27,2026-08-27,CM,NSE,STK,10945,INE668A01016,TMB,EQ,,,,,TAMILNAD MERCA BANK LTD,897.6,903.6,882.15,893.85,897.95,897.6,,893.84,,,118544,106046668.0,10292,F1,1,,,,,
2026-08-27,2026-08-27,CM,NSE,STK,10508,INF247L01BB1,MOHEALTH,EQ,,,,,MOTILALAMC - MOHEALTH,51.8,52.85,51.33,51.83,52.04,52.14,,51.84,,,118365,6133796.98,553,F1,1,,,,,
2026-08-27,2026-08-27,CM,NSE,STK,12101,INF179KC1IA8,HDFCNIFIT,EQ,,,,,HDFCAMC - HDFCNIFIT,32.51,32.66,32.15,32.33,32.42,32.51,,32.33,,,118089,3827186.23,274,F1,1,,,,,
2026-08-27,2026-08-27,CM,NSE,STK,13794,INE020D01022,BAIDFIN,EQ,,,,,BAID FINSERV LIMITED,9.79,9.88,9.69,9.76,9.78,9.79,,9.79,,,117995,1154688.66,203,F1,1,,,,,
2026-08-27,2026-08-27,CM,NSE,STK,104,INE932X01026,SHAREINDIA,EQ,,,,,SHARE IND. SECURITIES LTD,171.0,172.89,167.6,169.02,168.14,171.02,,169.02,,,116849,19799187.86,1918,F1,1,,,,,
2026-08-27,2026-08-27,CM,NSE,STK,20152,INE491J01022,ASKAUTOLTD,EQ,,,,,ASK AUTOMOTIVE LIMITED,620.9,620.9,603.1,606.05,609.85,617.0,,605.86,,,116536,71142892.75,9891,F1,1,,,,,
2026-08-27,2026-08-27,CM,NSE,STK,13814,INE0BTI01037,KAMOPAINTS,EQ,,,,,KAMDHENU VENTURES LIMITED,4.53,4.67,4.51,4.54,4.56,4.53,,4.55,,,115936,527551.96,392,F1,1,,,,,
2026-08-27,2026-08-27,CM,NSE,STK,371,INE176A01028,BATAINDIA,EQ,,,,,BATA INDIA LTD,686.95,687.65,678.8,681.6,680.8,685.55,,681.58,,,115819,78919084.8,6700,F1,1,,,,,
2026-08-27,2026-08-27,CM,NSE,STK,1127,INE539A01019,GHCL,EQ,,,,,GHCL LIMITED,439.9,442.35,438.0,440.15,440.45,437.85,,440.15,,,115639,50921929.05,3334,F1,1,,,,,
2026-08-27,2026-08-27,CM,NSE,STK,20556,INE922K01024,INDIASHLTR,EQ,,,,,INDIA SHELTER FIN CORP L,660.0,662.45,647.15,650.3,650.05,659.0,,650.3,,,115418,75548011.1,5599,F1,1,,,,,
2026-08-27,2026-08-27,CM,NSE,STK,20534,INE024L01027,GRAVITA,EQ,,,,,GRAVITA INDIA LIMITED,1840.3,1850.2,1806.2,1824.5,1819.9,1840.3,,1824.69,,,115208,210550846.3,13533,F1,1,,,,,
2026-08-27,2026-08-27,CM,NSE,STK,758448,INE0GV601021,ALLTIME,EQ,,,,,ALL TIME PLASTICS LIMITED,206.18,208.6,202.0,206.36,205.1,206.18,,206.36,,,114814,23564868.56,4362,F1,1,,,,,
2026-08-27,2026-08-27,CM,NSE,STK,8727,INE151G01028,SHAILY,EQ,,,,,SHAILY ENG PLASTICS LTD,3235.0,3333.0,3222.9,3289.0,3290.0,3238.3,,3289.39,,,114517,376545787.9,18902,F1,1,,,,,
2026-08-27,2026-08-27,CM,NSE,STK,760125,INE0HF201011,FABTECH,EQ,,,,,FABTECH TECHNOLOGIES LTD,147.86,152.5,146.21,146.97,146.5,146.99,,147.0,,,114477,17057261.9,2045,F1,1,,,,,
2026-08-27,2026-08-27,CM,NSE,STK,4587,INE614A01028,RAMCOIND,EQ,,,,,RAMCO INDUSTRIES LIMITED,350.25,355.0,339.45,341.6,341.35,349.65,,341.6,,,114445,39212123.5,2479,F1,1,,,,,
2026-08-27,2026-08-27,CM,NSE,STK,760346,INE428V01029,NEPHROPLUS,EQ,,,,,NEPHROCARE HEALTH SERV L,693.65,699.3,683.0,685.45,684.0,693.65,,685.32,,,114061,78561048.2,6787,F1,1,,,,,
2026-08-27,2026-08-27,CM,NSE,STK,13710,INE737H01014,FIEMIND,EQ,,,,,FIEM INDUSTRIES LIMITED,2110.0,2117.9,2060.0,2067.2,2066.0,2110.0,,2067.18,,,113990,237553250.7,15256,F1,1,,,,,
2026-08-27,2026-08-27,CM,NSE,STK,16795,INE877I01016,ARCHIDPLY,EQ,,,,,ARCHIDPLY IND. LTD,114.95,114.99,102.26,103.04,104.3,112.94,,103.14,,,113517,11986833.67,1843,F1,1,,,,,
2026-08-27,2026-08-27,CM,NSE,STK,10310,INE898S01029,AURUM,EQ,,,,,AURUM PROPTECH LIMITED,233.43,233.43,226.25,228.45,231.2,233.43,,228.46,,,112758,25826359.71,2266,F1,1,,,,,
2026-08-27,2026-08-27,CM,NSE,STK,760204,INE0FW001016,MARKOLINES,EQ,,,,,MARKOLINES PAVEMENT TEC L,172.12,174.92,171.0,172.74,172.3,171.83,,172.72,,,112561,19481177.46,853,F1,1,,,,,
2026-08-27,2026-08-27,CM,NSE,STK,4394,INE771A01026,MIRZAINT,EQ,,,,,MIRZA INTERNATIONAL LIMIT,31.96,32.14,31.26,31.56,31.3,31.96,,31.53,,,112343,3569996.73,1370,F1,1,,,,,
2026-08-27,2026-08-27,CM,NSE,STK,2316,INE578A01017,HEIDELBERG,EQ,,,,,HEIDELBERGCEMENT (I) LTD,162.46,162.5,160.41,161.7,161.97,161.86,,161.69,,,112221,18133595.83,1928,F1,1,,,,,
2026-08-27,2026-08-27,CM,NSE,STK,17747,INE342G01023,NIITMTS,EQ,,,,,NIIT LEARNING SYSTEMS LTD,233.68,233.68,226.5,229.81,229.0,232.51,,229.81,,,112221,25739048.86,7098,F1,1,,,,,
2026-08-27,2026-08-27,CM,NSE,STK,11162,INE0JUS01029,HARSHA,EQ,,,,,HARSHA ENGINEERS INT LTD,431.15,440.0,422.8,438.55,438.1,428.75,,438.54,,,111988,48338791.75,3677,F1,1,,,,,
2026-08-27,2026-08-27,CM,NSE,STK,17197,INE551D01018,PAKKA,EQ,,,,,PAKKA LIMITED,80.6,81.79,77.1,77.64,77.55,80.52,,77.64,,,111632,8817997.85,2366,F1,1,,,,,
2026-08-27,2026-08-27,CM,NSE,STK,6908,INE270I01022,VISHNU,EQ,,,,,VISHNU CHEMICALS LIMITED,640.45,657.95,635.0,647.85,647.35,639.8,,647.84,,,111588,72239815.8,3853,F1,1,,,,,
2026-08-27,2026-08-27,CM,NSE,STK,761025,INE947T01022,GICL,EQ,,,,,GLOBE INTL CARRIERS LTD,23.51,23.8,22.65,23.34,23.78,23.51,,23.34,,,111449,2602139.77,439,F1,1,,,,,
2026-08-27,2026-08-27,CM,NSE,STK,625,INE055A01016,ABREL,EQ,,,,,ADITYA BIRLA REAL EST LTD,1400.0,1404.9,1380.0,1393.4,1390.0,1392.3,,1393.41,,,111296,154852283.2,9157,F1,1,,,,,
2026-08-27,2026-08-27,CM,NSE,STK,827,INE501A01019,DEEPAKFERT,EQ,,,,,DEEPAK FERTILIZERS & PETR,1484.5,1484.6,1450.0,1455.3,1454.0,1479.3,,1455.31,,,111196,162827426.2,10820,F1,1,,,,,
2026-08-27,2026-08-27,CM,NSE,STK,4843,INE734N01019,SNOWMAN,EQ,,,,,SNOWMAN LOGISTICS LTD.,37.27,37.46,36.75,36.85,36.9,37.13,,36.85,,,110411,4088309.79,890,F1,1,,,,,
2026-08-27,2026-08-27,CM,NSE,STK,6964,INE0BJS01011,GOCOLORS,EQ,,,,,GO FASHION INDIA LTD,343.5,343.75,330.1,334.5,333.0,343.6,,334.5,,,110138,37058460.4,2951,F1,1,,,,,
2026-08-27,2026-08-27,CM,NSE,STK,16736,INE964W01021,MKPL,EQ,,,,,M K PROTEINS LIMITED,4.17,4.17,4.02,4.11,4.11,4.11,,4.11,,,109758,452682.46,297,F1,1,,,,,
2026-08-27,2026-08-27,CM,NSE,STK,25718,INE205C01021,POLYMED,EQ,,,,,POLY MEDICURE LIMITED,1712.0,1727.5,1682.3,1712.6,1713.0,1711.2,,1712.57,,,109590,186718078.3,14206,F1,1,,,,,
2026-08-27,2026-08-27,CM,NSE,STK,761680,INE921L01032,POWERICA,EQ,,,,,POWERICA LIMITED,532.0,534.4,516.15,519.0,517.15,532.0,,519.05,,,108857,56760026.5,5211,F1,1,,,,,
2026-08-27,2026-08-27,CM,NSE,STK,758863,INE06WU01026,LAXMIINDIA,EQ,,,,,LAXMI INDIA FINANCE LTD,128.35,128.35,122.0,122.5,122.79,126.73,,122.51,,,108437,13425044.56,1144,F1,1,,,,,
2026-08-27,2026-08-27,CM,NSE,STK,757754,INE546C01010,PICCADIL,EQ,,,,,PICCADILY AGRO INDUSTRI L,668.8,668.8,651.1,653.85,653.05,665.3,,653.92,,,107744,71124278.65,6366,F1,1,,,,,
2026-08-27,2026-08-27,CM,NSE,STK,13491,INE786A01032,JKLAKSHMI,EQ,,,,,JK LAKSHMI CEMENT LTD,548.85,551.9,542.05,544.2,544.45,549.85,,544.2,,,107723,59008361.55,10065,F1,1,,,,,
2026-08-27,2026-08-27,CM,NSE,STK,24184,INE603J01030,PIIND,EQ,,,,,PI INDUSTRIES LTD,2508.3,2536.5,2460.0,2467.0,2467.0,2508.3,,2467.24,,,107358,267627318.4,12997,F1,1,,,,,
2026-08-27,2026-08-27,CM,NSE,STK,10726,INE933S01016,INDIAMART,EQ,,,,,INDIAMART INTERMESH LTD,1750.5,1770.9,1744.1,1755.4,1759.8,1751.9,,1755.38,,,106982,188370448.5,9727,F1,1,,,,,
2026-08-27,2026-08-27,CM,NSE,STK,19525,INE886A01014,IITL,EQ,,,,,INDUSTRIAL INV TRUST LTD,156.49,162.0,155.0,159.91,161.79,155.57,,160.0,,,106801,16900648.32,1249,F1,1,,,,,
2026-08-27,2026-08-27,CM,NSE,STK,13211,INE199G01027,JAGRAN,EQ,,,,,JAGRAN PRAKASHAN LIMITED,62.09,62.19,61.48,61.68,62.18,61.74,,61.68,,,106545,6570254.88,1496,F1,1,,,,,
2026-08-27,2026-08-27,CM,NSE,STK,17818,INE214T01019,LTM,EQ,,,,,LTM LIMITED,4494.6,4530.3,4464.0,4464.0,4464.0,4460.0,,4464.42,,,106428,478522244.2,14060,F1,1,,,,,
2026-08-27,2026-08-27,CM,NSE,STK,30089,INE876N01018,ORIENTCEM,EQ,,,,,ORIENT CEMENT LTD.,134.86,134.86,131.0,131.41,131.51,134.48,,131.41,,,105869,14032140.03,1947,F1,1,,,,,
2026-08-27,2026-08-27,CM,NSE,STK,758595,INF769K01PB6,INTERNET,EQ,,,,,MIRAEAMC - INTERNET,15.13,15.13,14.73,14.76,14.75,14.83,,14.76,,,105445,1561707.09,212,F1,1,,,,,
2026-08-27,2026-08-27,CM,NSE,STK,15555,INE075I01017,HCG,EQ,,,,,HEALTHCARE GLOB. ENT. LTD,707.0,714.0,692.3,699.95,707.0,706.15,,699.95,,,105209,73677644.6,13965,F1,1,,,,,
2026-08-27,2026-08-27,CM,NSE,STK,6713,INE893J01029,MOLDTKPAC,EQ,,,,,MOLD-TEK PACKAGING LTD,715.5,721.0,698.0,702.2,701.0,711.1,,702.27,,,104568,74116021.75,5613,F1,1,,,,,
2026-08-27,2026-08-27,CM,NSE,STK,24398,INE168P01015,EMCURE,EQ,,,,,EMCURE PHARMACEUTICALS L,1874.0,1893.2,1855.4,1878.4,1883.5,1862.3,,1878.48,,,104535,195827071.1,19057,F1,1,,,,,
2026-08-27,2026-08-27,CM,NSE,STK,756925,INE607A01022,PRIMO,EQ,,,,,PRIMO CHEMICALS LIMITED,21.6,21.62,21.0,21.49,21.54,21.28,,21.49,,,104515,2238149.04,800,F1,1,,,,,
2026-08-27,2026-08-27,CM,NSE,STK,13001,INE00OQ01016,DHARMAJ,EQ,,,,,DHARMAJ CROP GUARD LTD,268.0,273.0,265.65,270.8,270.0,269.55,,270.8,,,104452,28194104.05,1845,F1,1,,,,,
2026-08-27,2026-08-27,CM,NSE,STK,759934,INE04VU01023,STYL,EQ,,,,,SESHAASAI TECHNOLOGIES L,396.7,410.95,396.7,399.95,399.0,396.85,,399.91,,,103912,42051002.3,4612,F1,1,,,,,
2026-08-27,2026-08-27,CM,NSE,STK,17105,INE258G01013,SUMICHEM,EQ,,,,,SUMITOMO CHEM INDIA LTD,533.1,534.0,520.35,525.0,526.35,530.45,,524.71,,,103888,54582042.25,7195,F1,1,,,,,
2026-08-27,2026-08-27,CM,NSE,STK,23740,INE673O01025,TBOTEK,EQ,,,,,TBO TEK LIMITED,1699.7,1725.9,1690.0,1696.6,1691.1,1706.5,,1696.45,,,103405,176297021.9,14257,F1,1,,,,,
2026-08-27,2026-08-27,CM,NSE,STK,14972,INE455I01029,KSCL,EQ,,,,,KAVERI SEED CO. LTD.,784.0,787.95,772.05,785.0,781.0,785.25,,784.99,,,103150,80708614.65,3706,F1,1,,,,,
2026-08-27,2026-08-27,CM,NSE,STK,471,INE143A01010,OSWALGREEN,EQ,,,,,OSWAL GREENTECH LIMITED,21.12,21.18,20.73,20.9,20.9,20.79,,20.91,,,102763,2153159.32,581,F1,1,,,,,
2026-08-27,2026-08-27,CM,NSE,STK,756038,INE299N01021,WAAREERTL,EQ,,,,,WAAREE RENEWABLE TECH LTD,889.95,894.7,870.65,874.95,875.0,885.75,,874.93,,,102752,90219625.05,6495,F1,1,,,,,
2026-08-27,2026-08-27,CM,NSE,STK,3579,INE351A01035,UNICHEMLAB,EQ,,,,,UNICHEM LABORATORIES LTD,530.3,545.0,521.2,539.75,541.4,530.3,,539.51,,,102231,54912951.25,4242,F1,1,,,,,
2026-08-27,2026-08-27,CM,NSE,STK,3724,INE710A01016,VSTIND,EQ,,,,,VST INDUSTRIES LTD,211.95,211.95,210.0,211.23,211.69,210.95,,211.36,,,101422,21382440.25,2485,F1,1,,,,,
2026-08-27,2026-08-27,CM,NSE,STK,1949,INE999A01023,KSB,EQ,,,,,KSB LIMITED,810.0,810.0,790.0,793.85,794.7,796.45,,793.84,,,101117,80973073.65,8306,F1,1,,,,,
2026-08-27,2026-08-27,CM,NSE,STK,10557,INE278M01019,NAVKARCORP,EQ,,,,,NAVKAR CORPORATION LTD.,98.4,98.4,97.02,97.37,97.03,98.44,,97.37,,,101043,9843750.07,1332,F1,1,,,,,
2026-08-27,2026-08-27,CM,NSE,STK,18422,INE363A01022,ASIANHOTNR,EQ,,,,,ASIAN HOTELS (NORTH) LTD,308.35,314.4,305.0,312.05,311.5,306.7,,312.05,,,101028,31139812.95,685,F1,1,,,,,
2026-08-27,2026-08-27,CM,NSE,STK,7390,INE07RO01027,SUPRIYA,EQ,,,,,SUPRIYA LIFESCIENCE LTD,782.95,792.0,774.3,776.35,777.5,781.75,,776.35,,,100955,78743162.3,6748,F1,1,,,,,
2026-08-27,2026-08-27,CM,NSE,STK,7851,INE246B01019,RAMCOSYS,EQ,,,,,RAMCO SYSTEMS LTD.,553.0,565.6,552.25,556.2,556.25,553.1,,556.24,,,100913,56503607.7,4417,F1,1,,,,,
2026-08-27,2026-08-27,CM,NSE,STK,15034,INE193E01025,BAJAJELEC,EQ,,,,,BAJAJ ELECT.LTD,340.6,342.6,333.7,334.8,335.0,340.6,,334.78,,,100898,34032832.15,5055,F1,1,,,,,
2026-08-27,2026-08-27,CM,NSE,STK,385,INE766P01016,MAHLOG,EQ,,,,,MAHINDRA LOGISTIC LIMITED,397.0,403.4,390.5,391.6,390.5,399.4,,391.6,,,100872,39837856.85,7140,F1,1,,,,,
2026-08-27,2026-08-27,CM,NSE,STK,3162,INE059B01024,SIMPLEXINF,EQ,,,,,SIMPLEX INFRASTRUCTURES L,255.0,262.5,253.04,258.67,262.0,251.41,,258.69,,,100700,25956535.6,2027,F1,1,,,,,
2026-08-27,2026-08-27,CM,NSE,STK,765307,INF22M001184,NIFTYJBLK,EQ,,,,,JIOBLACKROCKAMC-NIFTYJBLK,12.77,12.77,12.38,12.38,12.4,12.46,,12.39,,,100108,1242846.37,1027,F1,1,,,,,
2026-08-27,2026-08-27,CM,NSE,STK,1879,INE482D01024,CARYSIL,EQ,,,,,CARYSIL LIMITED,1144.9,1147.9,1110.8,1116.3,1120.8,1139.7,,1116.33,,,100034,112173250.6,6702,F1,1,,,,,
2026-08-27,2026-08-27,CM,NSE,STK,25162,INE0KCE01017,EUREKAFORB,EQ,,,,,EUREKA FORBES LIMITED,424.05,435.25,422.55,433.15,435.0,425.45,,433.12,,,99062,42548788.9,9237,F1,1,,,,,
2026-08-27,2026-08-27,CM,NSE,STK,6643,INE284S01014,SJS,EQ,,,,,SJS ENTERPRISES LIMITED,2488.0,2529.0,2485.0,2502.5,2489.0,2485.9,,2502.42,,,99001,248342927.2,16671,F1,1,,,,,
2026-08-27,2026-08-27,CM,NSE,STK,23621,INE0OAF01028,JNKINDIA,EQ,,,,,JNK INDIA LIMITED,454.0,457.9,442.05,444.75,443.0,453.25,,444.77,,,98066,43853080.75,2501,F1,1,,,,,
2026-08-27,2026-08-27,CM,NSE,STK,5782,INF769K01HP3,MASPTOP50,EQ,,,,,MIRAEAMC - MASPTOP50,79.96,79.96,79.96,79.96,79.96,79.58,,79.96,,,97888,7827124.48,219,F1,1,,,,,
2026-08-27,2026-08-27,CM,NSE,STK,762747,INE338F01015,KLBRENG-B,EQ,,,,,KILBURN ENGINEERING LTD.,394.9,399.0,389.0,390.9,390.0,394.9,,390.91,,,97542,38260993.3,2211,F1,1,,,,,
2026-08-27,2026-08-27,CM,NSE,STK,14014,INE872H01027,LUMAXTECH,EQ,,,,,LUMAX AUTO TECH LTD,1927.9,1959.5,1908.4,1930.6,1935.0,1927.8,,1930.65,,,97288,188006998.3,13194,F1,1,,,,,
2026-08-27,2026-08-27,CM,NSE,STK,759007,INE0Z4F01028,ATLANTAELE,EQ,,,,,ATLANTA ELECTRICALS LTD,1725.9,1725.9,1668.0,1674.9,1670.1,1725.1,,1674.88,,,96691,163443152.2,11280,F1,1,,,,,
2026-08-27,2026-08-27,CM,NSE,STK,763753,INE0ZK601013,CSM,EQ,,,,,CSM TECHNOLOGIES LIMITED,96.85,97.6,96.21,97.14,97.2,96.85,,97.14,,,96576,9365000.3,1011,F1,1,,,,,
2026-08-27,2026-08-27,CM,NSE,STK,19599,INE696K01024,PRAKASHSTL,EQ,,,,,PRAKASH STEELAGE LTD,3.87,3.98,3.87,3.88,3.88,3.87,,3.88,,,96363,377111.55,254,F1,1,,,,,
2026-08-27,2026-08-27,CM,NSE,STK,5938,INE950M01013,MONTECARLO,EQ,,,,,MONTE CARLO FASHIONS LTD.,546.9,546.9,525.0,528.4,528.7,544.25,,528.43,,,96060,51067018.8,3026,F1,1,,,,,
2026-08-27,2026-08-27,CM,NSE,STK,22739,INF247L01AP3,MON100,EQ,,,,,MOTILAL OS NASDAQ100 ETF,326.94,326.94,326.94,326.94,326.94,326.0,,326.94,,,95399,31189749.06,1147,F1,1,,,,,
2026-08-27,2026-08-27,CM,NSE,STK,5264,INE111Q01021,PDSL,EQ,,,,,PDS LIMITED,370.35,375.45,359.65,366.55,367.0,369.1,,366.55,,,95276,34840647.85,3123,F1,1,,,,,
2026-08-27,2026-08-27,CM,NSE,STK,10227,INE00VM01036,MANORAMA,EQ,,,,,MANORAMA INDUSTRIES LTD,1901.5,1920.6,1882.0,1887.2,1882.0,1896.9,,1887.15,,,94994,180461024.8,11691,F1,1,,,,,
2026-08-27,2026-08-27,CM,NSE,STK,1675,INE248A01017,ITI,EQ,,,,,ITI LTD,277.2,278.8,274.6,275.2,275.4,278.55,,275.2,,,94943,26251021.3,3406,F1,1,,,,,
2026-08-27,2026-08-27,CM,NSE,STK,6848,INE544R01021,GREENLAM,EQ,,,,,GREENLAM INDUSTRIES LTD.,248.8,248.9,242.0,243.25,242.8,247.3,,243.3,,,94551,23070720.6,2480,F1,1,,,,,
2026-08-27,2026-08-27,CM,NSE,STK,24735,INE912T01018,RPEL,EQ,,,,,RAGHAV PRODUCTIVITY ENH L,1736.0,1765.9,1702.0,1745.4,1750.0,1736.7,,1745.2,,,94129,164200578.4,7961,F1,1,,,,,
2026-08-27,2026-08-27,CM,NSE,STK,7374,INE939A01011,STAR,EQ,,,,,STRIDES PHARMA SCI LTD,982.9,994.4,978.9,983.0,983.0,982.9,,982.96,,,94124,92727259.0,6645,F1,1,,,,,
2026-08-27,2026-08-27,CM,NSE,STK,5352,INE0GFE01026,EXXARO,EQ,,,,,EXXARO TILES LIMITED,6.34,6.47,6.04,6.19,6.2,6.16,,6.19,,,94104,583745.54,282,F1,1,,,,,
2026-08-27,2026-08-27,CM,NSE,STK,757850,INE0S4R01014,CRIZAC,EQ,,,,,CRIZAC LIMITED,178.75,178.75,175.36,175.78,176.75,178.83,,175.78,,,93758,16538687.77,2677,F1,1,,,,,
2026-08-27,2026-08-27,CM,NSE,STK,20878,INE220Q01020,MUFTI,EQ,,,,,CREDO BRANDS MARKETING L,79.0,79.04,77.5,77.91,77.8,78.63,,77.91,,,93626,7306245.31,1032,F1,1,,,,,
2026-08-27,2026-08-27,CM,NSE,STK,17547,INE098F01031,AMRUTANJAN,EQ,,,,,AMRUTAJAN HEALTH LTD,527.0,527.75,506.55,517.05,514.7,527.75,,517.05,,,93176,48091901.05,4812,F1,1,,,,,
2026-08-27,2026-08-27,CM,NSE,STK,1570,INE541A01023,GMMPFAUDLR,EQ,,,,,GMM PFAUDLER LIMITED,1014.0,1040.7,1013.3,1025.15,1021.05,1017.4,,1025.19,,,93043,95711694.85,7642,F1,1,,,,,
2026-08-27,2026-08-27,CM,NSE,STK,3411,INE670A01012,TATAELXSI,EQ,,,,,TATA ELXSI LIMITED,3650.0,3664.6,3622.6,3633.2,3633.2,3650.0,,3633.19,,,92977,337944013.0,12031,F1,1,,,,,
2026-08-27,2026-08-27,CM,NSE,STK,14771,INE924H01018,TARMAT,EQ,,,,,TARMAT LIMITED,61.92,61.95,58.21,59.93,58.9,62.54,,59.93,,,92840,5543362.84,1017,F1,1,,,,,
2026-08-27,2026-08-27,CM,NSE,STK,764955,INE284B01028,TGVSL,EQ,,,,,T G V SRAAC LTD.,106.05,106.79,104.31,104.96,104.8,105.42,,104.96,,,92534,9725918.4,809,F1,1,,,,,
2026-08-27,2026-08-27,CM,NSE,STK,11582,INE0HMF01019,TRACXN,EQ,,,,,TRACXN TECHNOLOGIES LTD,29.6,30.25,29.6,30.06,30.1,29.98,,30.06,,,92527,2776359.0,467,F1,1,,,,,
2026-08-27,2026-08-27,CM,NSE,STK,761720,INE875B01015,NIMBSPROJ,EQ,,,,,NIMBUS PROJECTS LIMITED,170.2,172.87,168.5,169.7,169.5,170.18,,169.74,,,92467,15860531.53,226,F1,1,,,,,
2026-08-27,2026-08-27,CM,NSE,STK,764121,INE302D01024,RIR,EQ,,,,,RIR POWER ELECTRONICS L,165.44,166.9,161.0,162.21,162.58,164.46,,162.28,,,92180,15057775.15,1912,F1,1,,,,,
2026-08-27,2026-08-27,CM,NSE,STK,23056,INE0MB501011,JGCHEM,EQ,,,,,J.G.CHEMICALS LIMITED,603.9,606.8,582.7,585.5,583.6,597.95,,585.42,,,92153,54456560.7,5020,F1,1,,,,,
2026-08-27,2026-08-27,CM,NSE,STK,3607,INE279A01012,UNIVCABLES,EQ,,,,,UNIVERSAL CABLES LTD,1576.0,1624.6,1564.8,1607.3,1611.0,1578.7,,1607.26,,,91786,146405878.4,10750,F1,1,,,,,
2026-08-27,2026-08-27,CM,NSE,STK,2809,INE562B01019,RAJSREESUG,EQ,,,,,RAJSHREE SUGAR & CHEMICAL,37.3,37.3,35.1,35.25,35.4,36.59,,35.23,,,91732,3303612.02,722,F1,1,,,,,
2026-08-27,2026-08-27,CM,NSE,STK,5378,INE439A01020,ASAHIINDIA,EQ,,,,,ASAHI INDIA GLASS LIMITED,950.1,961.9,941.15,951.25,958.0,951.15,,951.34,,,91523,87204036.45,10156,F1,1,,,,,
2026-08-27,2026-08-27,CM,NSE,STK,27334,INE877V01027,SURAKSHA,EQ,,,,,SURAKSHA DIAGNOSTIC LTD,340.0,340.0,332.35,335.4,335.25,338.75,,335.4,,,91126,30622943.3,3086,F1,1,,,,,
2026-08-27,2026-08-27,CM,NSE,STK,11640,INE802W01023,BOHRAIND,EQ,,,,,BOHRA INDUSTRIES LIMITED,13.99,14.74,12.73,12.85,13.68,13.86,,12.85,,,90454,1194752.12,197,F1,1,,,,,
2026-08-27,2026-08-27,CM,NSE,STK,20874,INE0PEQ01016,RBZJEWEL,EQ,,,,,RBZ JEWELLERS LIMITED,148.25,150.79,145.68,146.46,146.0,149.33,,146.46,,,90071,13308102.1,1868,F1,1,,,,,
2026-08-27,2026-08-27,CM,NSE,STK,15239,INE865C01022,BIRLAMONEY,EQ,,,,,ADITYA BIRLA MONEY LTD,127.37,132.0,127.03,129.89,130.3,128.15,,129.88,,,90025,11711825.64,1536,F1,1,,,,,
2026-08-27,2026-08-27,CM,NSE,STK,15295,INE539B01017,VIRINCHI,EQ,,,,,VIRINCHI LIMITED,15.12,15.48,14.6,15.1,15.02,15.28,,15.09,,,90020,1346290.22,324,F1,1,,,,,
2026-08-27,2026-08-27,CM,NSE,STK,4751,INE681B01017,INDRAMEDCO,EQ,,,,,INDRAPRASTHA MEDICAL CORP,368.1,371.95,366.25,369.3,368.25,369.3,,369.28,,,89754,33133173.9,3142,F1,1,,,,,
2026-08-27,2026-08-27,CM,NSE,STK,18457,INE07Y701011,POWERINDIA,EQ,,,,,HITACHI ENERGY INDIA LTD,33395.0,34250.0,33290.0,33880.0,33880.0,33125.0,,33880.0,,,87939,2971369880.0,29177,F1,1,,,,,
2026-08-27,2026-08-27,CM,NSE,STK,11654,INE600L01024,LALPATHLAB,EQ,,,,,DR. LAL PATH LABS LTD.,1942.0,1948.8,1908.6,1936.4,1940.0,1937.3,,1936.44,,,87929,170172927.6,21600,F1,1,,,,,
2026-08-27,2026-08-27,CM,NSE,STK,13844,INE227C01017,MMFL,EQ,,,,,MM FORGINGS LTD,628.5,634.55,612.0,625.8,632.0,628.5,,625.78,,,87622,54418228.25,5642,F1,1,,,,,
2026-08-27,2026-08-27,CM,NSE,STK,765220,INE222F01029,VTMLTD,EQ,,,,,V T M LTD.,54.47,57.8,53.3,56.47,57.0,53.71,,56.38,,,86749,4788322.39,560,F1,1,,,,,
2026-08-27,2026-08-27,CM,NSE,STK,30835,INE600A01035,PILITA,EQ,,,,,PIL ITALICA LIFESTYLE LTD,8.14,8.4,8.1,8.11,8.12,8.14,,8.11,,,86576,712492.53,137,F1,1,,,,,
2026-08-27,2026-08-27,CM,NSE,STK,13091,INE184H01027,EKC,EQ,,,,,EVEREST KANTO CYLINDERLTD,110.15,110.79,108.5,109.16,108.91,110.15,,109.16,,,86505,9472760.73,1531,F1,1,,,,,
2026-08-27,2026-08-27,CM,NSE,STK,7463,INE824Q01011,MANAKSTEEL,EQ,,,,,MANAKSIA STEELS LTD,86.98,91.37,86.8,90.28,91.37,87.02,,90.2,,,86493,7715888.31,857,F1,1,,,,,
2026-08-27,2026-08-27,CM,NSE,STK,1139,INE289B01019,GICHSGFIN,EQ,,,,,GIC HOUSING FINANCE LTD,141.5,143.88,140.22,142.1,142.0,141.75,,142.1,,,86267,12249487.3,1079,F1,1,,,,,
2026-08-27,2026-08-27,CM,NSE,STK,3637,INE700A01033,JUBLPHARMA,EQ,,,,,JUBILANT PHARMOVA LTD,887.4,894.75,875.0,878.7,879.35,887.4,,878.71,,,86026,75829565.65,12291,F1,1,,,,,
2026-08-27,2026-08-27,CM,NSE,STK,759428,INF666M01MN2,GROWWRLTY,EQ,,,,,GROWWAMC - GROWWRLTY,10.22,10.35,10.15,10.2,10.16,10.23,,10.2,,,85910,878846.96,348,F1,1,,,,,
2026-08-27,2026-08-27,CM,NSE,STK,10693,INF209KB14K7,MOMENTUM,EQ,,,,,BIRLASLAMC - MOMENTUM,31.94,32.04,31.8,31.8,31.85,31.8,,31.79,,,85710,2735194.35,175,F1,1,,,,,
2026-08-27,2026-08-27,CM,NSE,STK,1797,INE01BK01022,AWHCL,EQ,,,,,ANTONY WASTE HDG CELL LTD,383.05,392.0,383.05,389.2,387.8,384.5,,389.17,,,85317,33084901.2,4016,F1,1,,,,,
2026-08-27,2026-08-27,CM,NSE,STK,3345,INE387A01021,SUNDRMFAST,EQ,,,,,SUNDRAM FASTENERS LTD,1244.4,1245.4,1214.0,1216.2,1218.0,1237.95,,1216.22,,,85029,103770282.65,8516,F1,1,,,,,
2026-08-27,2026-08-27,CM,NSE,STK,4898,INE258B01022,FDC,EQ,,,,,FDC LIMITED,347.25,348.5,340.25,343.85,344.0,347.25,,343.85,,,84955,29234517.0,3527,F1,1,,,,,
2026-08-27,2026-08-27,CM,NSE,STK,1720,INE364A01020,JAYSREETEA,EQ,,,,,JAYSHREE TEA & INDUSTRIES,102.05,104.8,100.0,100.1,100.9,102.05,,100.09,,,84909,8676573.18,1104,F1,1,,,,,
2026-08-27,2026-08-27,CM,NSE,STK,24596,INE206N01018,RELTD,EQ,,,,,RAVINDRA ENERGY LIMITED,157.4,159.0,155.25,156.4,156.9,156.7,,156.31,,,84687,13311291.88,2016,F1,1,,,,,
2026-08-27,2026-08-27,CM,NSE,STK,762432,INE25E901019,OMPOWER,EQ,,,,,OM POWER TRANSMISSION LTD,172.84,173.0,170.0,172.27,172.0,172.84,,172.24,,,84420,14500102.92,1229,F1,1,,,,,
2026-08-27,2026-08-27,CM,NSE,STK,154,INE116A01032,APCOTEXIND,EQ,,,,,APCOTEX INDUSTRIES LIMITE,615.0,622.0,608.0,611.65,612.0,611.25,,611.65,,,84346,51868498.1,3663,F1,1,,,,,
2026-08-27,2026-08-27,CM,NSE,STK,7105,INE011K01018,TEGA,EQ,,,,,TEGA INDUSTRIES LIMITED,1662.0,1668.3,1615.9,1621.4,1616.9,1652.1,,1621.44,,,83977,137545034.6,5681,F1,1,,,,,
2026-08-27,2026-08-27,CM,NSE,STK,15180,INE811A01038,KIRLPNU,EQ,,,,,KIRLOSKAR PNEUMATIC COM L,728.0,736.5,720.2,731.5,733.0,728.6,,731.3,,,83823,61138824.9,12991,F1,1,,,,,
2026-08-27,2026-08-27,CM,NSE,STK,17397,INE863B01029,PREMEXPLN,EQ,,,,,PREMIER EXPLOSIVES LTD,671.95,673.95,665.0,666.25,666.1,671.2,,666.26,,,83749,55970987.8,1722,F1,1,,,,,
2026-08-27,2026-08-27,CM,NSE,STK,29877,INE370E01029,VIVIDHA,EQ,,,,,VISAGAR POLYTEX LTD,0.52,0.52,0.51,0.52,0.52,0.51,,0.52,,,83499,43319.66,119,F1,1,,,,,
2026-08-27,2026-08-27,CM,NSE,STK,14952,INE227G01018,INDOWIND,EQ,,,,,INDOWIND ENERGY LTD,9.37,9.44,9.08,9.21,9.3,9.34,,9.23,,,83274,769147.69,319,F1,1,,,,,
2026-08-27,2026-08-27,CM,NSE,STK,765155,INE286N01028,PRISMX,EQ,,,,,PRISMX GLOBAL VENTURES L,0.54,0.55,0.52,0.53,0.54,0.54,,0.53,,,83271,44410.56,91,F1,1,,,,,
2026-08-27,2026-08-27,CM,NSE,STK,18086,INE917M01012,DBL,EQ,,,,,DILIP BUILDCON LIMITED,414.0,416.6,406.05,407.55,407.95,413.9,,407.56,,,83249,34196647.7,2149,F1,1,,,,,
2026-08-27,2026-08-27,CM,NSE,STK,29962,INE599M01018,JUSTDIAL,EQ,,,,,JUSTDIAL LTD.,647.65,650.0,637.3,640.5,642.0,647.65,,640.51,,,82613,52999991.6,4060,F1,1,,,,,
2026-08-27,2026-08-27,CM,NSE,STK,9617,INE663A01033,SPLPETRO,EQ,,,,,SUPREME PETROCHEM LIMITED,701.1,715.2,691.0,692.0,692.0,708.3,,692.02,,,82584,57555051.2,5912,F1,1,,,,,
2026-08-27,2026-08-27,CM,NSE,STK,10925,INE233A01035,GODREJIND,EQ,,,,,GODREJ INDUSTRIES LTD,1140.0,1166.6,1125.1,1150.5,1156.3,1138.0,,1150.5,,,82356,94480142.7,9258,F1,1,,,,,
2026-08-27,2026-08-27,CM,NSE,STK,21740,INE149A01033,CHOLAHLDNG,EQ,,,,,CHOLAMANDALAM FIN HOL LTD,1546.0,1556.2,1511.9,1517.2,1514.3,1559.4,,1517.24,,,82278,125555800.1,10957,F1,1,,,,,
2026-08-27,2026-08-27,CM,NSE,STK,3237,INE643A01035,JTEKTINDIA,EQ,,,,,JTEKT INDIA LIMITED,126.53,128.12,125.82,126.18,126.55,126.53,,126.17,,,82110,10408678.66,1292,F1,1,,,,,
2026-08-27,2026-08-27,CM,NSE,STK,30134,INE0I0M01023,PRABHA,EQ,,,,,PRABHA ENERGY LIMITED,209.16,213.8,205.0,206.86,206.0,209.16,,206.87,,,81746,17177078.42,825,F1,1,,,,,
2026-08-27,2026-08-27,CM,NSE,STK,4481,INE767A01016,AARTIDRUGS,EQ,,,,,AARTI DRUGS LTD.,419.95,423.0,413.9,417.9,418.4,418.0,,417.87,,,81669,34201063.0,3674,F1,1,,,,,
2026-08-27,2026-08-27,CM,NSE,STK,5751,INE953O01021,SANSERA,EQ,,,,,SANSERA ENGINEERING LTD,3836.6,3897.9,3805.0,3842.8,3849.9,3836.6,,3842.83,,,81562,314386233.4,17825,F1,1,,,,,
2026-08-27,2026-08-27,CM,NSE,STK,2124,INE759A01021,MASTEK,EQ,,,,,MASTEK LTD,1648.5,1653.6,1607.1,1611.6,1608.3,1644.5,,1611.65,,,81510,132048320.1,14597,F1,1,,,,,
2026-08-27,2026-08-27,CM,NSE,STK,23799,INE03JT01014,GODIGIT,EQ,,,,,GO DIGIT GENERAL INS LTD,259.4,261.0,257.0,257.75,257.0,259.1,,257.75,,,81433,21039409.85,5406,F1,1,,,,,
2026-08-27,2026-08-27,CM,NSE,STK,20854,INE330T01021,HAPPYFORGE,EQ,,,,,HAPPY FORGINGS LIMITED,2234.6,2279.0,2188.9,2250.8,2260.1,2212.5,,2250.74,,,81051,182415016.4,13920,F1,1,,,,,
2026-08-27,2026-08-27,CM,NSE,STK,6863,INE411U01027,BAJAJHCARE,EQ,,,,,BAJAJ HEALTHCARE LIMITED,323.7,327.4,318.1,320.9,322.7,326.45,,320.9,,,80183,25880123.7,2482,F1,1,,,,,
2026-08-27,2026-08-27,CM,NSE,STK,758572,INE0V3U01015,GLOBECIVIL,EQ,,,,,GLOBE CIVIL PROJECTS LTD,45.5,46.44,45.22,45.73,45.87,45.85,,45.74,,,80115,3664835.13,1256,F1,1,,,,,
2026-08-27,2026-08-27,CM,NSE,STK,19184,INE916U01025,SFL,EQ,,,,,SHEELA FOAM LIMITED,650.2,655.0,633.3,636.3,637.25,648.05,,636.28,,,80080,51443305.45,7502,F1,1,,,,,
2026-08-27,2026-08-27,CM,NSE,STK,14937,INE536H01010,CIEINDIA,EQ,,,,,CIE AUTOMOTIVE INDIA LTD,400.0,400.0,393.9,394.5,394.3,397.0,,394.5,,,79832,31534214.85,6275,F1,1,,,,,
2026-08-27,2026-08-27,CM,NSE,STK,9539,INE732S01012,SAKAR,EQ,,,,,SAKAR HEALTHCARE LIMITED,904.0,904.0,871.35,892.6,897.75,901.4,,892.6,,,79776,71197659.3,5460,F1,1,,,,,
2026-08-27,2026-08-27,CM,NSE,STK,25672,INE184O01015,DIFFNKG,EQ,,,,,DIFFUSION ENGINEERS LTD,391.0,404.8,390.05,402.55,401.25,388.8,,402.55,,,79652,31819452.1,2349,F1,1,,,,,
2026-08-27,2026-08-27,CM,NSE,STK,8132,INE791A01024,BLBLIMITED,EQ,,,,,BLB LIMITED,15.87,16.18,15.75,16.04,16.1,15.87,,16.04,,,79408,1266040.73,152,F1,1,,,,,
2026-08-27,2026-08-27,CM,NSE,STK,763663,INE763M01028,MERCURYEV,EQ,,,,,MERCURY EV-TECH LIMITED,39.73,40.5,38.17,38.93,39.0,38.73,,38.88,,,79392,3099414.85,1180,F1,1,,,,,
2026-08-27,2026-08-27,CM,NSE,STK,18679,INE495S01016,HPL,EQ,,,,,HPL ELECTRIC & POWER LTD,312.0,313.5,306.3,307.65,307.5,313.5,,307.65,,,79285,24478736.0,2920,F1,1,,,,,
2026-08-27,2026-08-27,CM,NSE,STK,762680,INE225B01021,FERMENTA,EQ,,,,,FERMENTA BIOTECH LTD.,470.1,492.5,462.85,486.25,488.0,467.5,,486.24,,,78747,37820297.3,3877,F1,1,,,,,
2026-08-27,2026-08-27,CM,NSE,STK,1841,INE805C01028,KCP,EQ,,,,,KCP LTD,172.03,175.07,168.2,169.51,168.2,172.03,,169.52,,,78496,13354767.48,1685,F1,1,,,,,
2026-08-27,2026-08-27,CM,NSE,STK,9436,INE555B01013,AXISCADES,EQ,,,,,AXISCADES TECH LTD,1615.0,1620.9,1590.0,1612.9,1612.0,1606.7,,1612.93,,,78410,125981924.3,8284,F1,1,,,,,
2026-08-27,2026-08-27,CM,NSE,STK,2107,INE00IN01015,STOVEKRAFT,EQ,,,,,STOVE KRAFT LIMITED,818.0,821.6,798.0,809.05,809.0,816.6,,809.01,,,78325,63195342.7,4899,F1,1,,,,,
2026-08-27,2026-08-27,CM,NSE,STK,9288,INE00Z501029,KRITIKA,EQ,,,,,KRITIKA WIRES LIMITED,5.5,5.59,5.43,5.44,5.44,5.5,,5.44,,,78201,427982.59,307,F1,1,,,,,
2026-08-27,2026-08-27,CM,NSE,STK,5313,INE583D01011,UGROCAP,EQ,,,,,UGRO CAPITAL LIMITED,87.44,88.8,86.68,87.22,87.43,87.05,,87.2,,,78155,6807761.23,1119,F1,1,,,,,
2026-08-27,2026-08-27,CM,NSE,STK,24265,INE778B01029,ESTER,EQ,,,,,ESTER INDUSTRIES LTD,93.26,94.41,92.0,93.0,92.85,93.31,,93.02,,,78074,7286855.06,1295,F1,1,,,,,
2026-08-27,2026-08-27,CM,NSE,STK,20160,INE068L01024,CANTABIL,EQ,,,,,CANTABIL RETAIL LTD,247.0,254.4,243.62,246.52,246.0,246.5,,246.52,,,78071,19245209.19,1790,F1,1,,,,,
2026-08-27,2026-08-27,CM,NSE,STK,17795,INE0O3901029,TREL,EQ,,,,,TRANSINDIA REAL ESTATE L,26.39,27.03,25.82,26.49,26.56,26.39,,26.49,,,77679,2047010.94,824,F1,1,,,,,
2026-08-27,2026-08-27,CM,NSE,STK,761153,INE00XB01019,SEDEMAC,EQ,,,,,SEDEMAC MECHATRONICS LTD,3071.9,3150.5,3011.0,3026.5,3011.0,3065.0,,3026.5,,,77550,238414664.9,14915,F1,1,,,,,
2026-08-27,2026-08-27,CM,NSE,STK,10700,INE130B01031,SURANAT&P,EQ,,,,,SURANA TELECOM AND POW LT,16.45,16.45,15.5,15.91,15.9,16.2,,15.91,,,77509,1253556.15,388,F1,1,,,,,
2026-08-27,2026-08-27,CM,NSE,STK,15266,INE576I01022,JKIL,EQ,,,,,JKUMAR INFR.LTD.,500.4,506.95,495.0,504.25,500.0,500.65,,504.17,,,77485,38912141.15,3158,F1,1,,,,,
2026-08-27,2026-08-27,CM,NSE,STK,13175,INE229H01012,NITINSPIN,EQ,,,,,NITIN SPINNERS LIMITED,628.25,631.0,616.1,620.45,621.5,627.0,,620.46,,,77358,48156634.85,4350,F1,1,,,,,
2026-08-27,2026-08-27,CM,NSE,STK,759956,INE549H01021,ARSSBL,EQ,,,,,ANAND RATHI SH N STK BR L,529.7,529.7,515.0,517.05,516.5,526.3,,516.96,,,77288,40163285.2,2758,F1,1,,,,,
2026-08-27,2026-08-27,CM,NSE,STK,15244,INE641C01019,KAVDEFENCE,EQ,,,,,KAVVERI DFS & WIR TEC LTD,58.65,60.3,57.5,57.83,57.5,58.41,,57.77,,,77154,4533224.98,1207,F1,1,,,,,
2026-08-27,2026-08-27,CM,NSE,STK,4911,INE414A01015,MADRASFERT,EQ,,,,,MADRAS FERTILISERS LTD,70.5,70.9,67.8,67.97,68.1,69.71,,67.97,,,77038,5282709.94,949,F1,1,,,,,
2026-08-27,2026-08-27,CM,NSE,STK,11435,INE572J01011,SPANDANA,EQ,,,,,SPANDANA SPHOORTY FIN LTD,246.9,248.0,241.15,242.85,243.9,247.1,,242.93,,,77018,18791227.9,2946,F1,1,,,,,
2026-08-27,2026-08-27,CM,NSE,STK,742,INE757A01017,COSMOFIRST,EQ,,,,,COSMO FIRST LIMITED,921.0,945.5,915.75,942.05,940.2,924.3,,942.01,,,76944,71687285.7,4700,F1,1,,,,,
2026-08-27,2026-08-27,CM,NSE,STK,14813,INE102I01027,ADSL,EQ,,,,,ALLIED DIGITAL SERV. LTD,109.7,109.79,107.0,107.53,107.3,109.48,,107.53,,,76892,8332474.47,1663,F1,1,,,,,
2026-08-27,2026-08-27,CM,NSE,STK,29284,INE665J01013,VMART,EQ,,,,,VMART RETAIL LTD,845.0,854.75,834.55,836.05,837.0,852.35,,836.08,,,76410,64152202.9,5734,F1,1,,,,,
2026-08-27,2026-08-27,CM,NSE,STK,11226,INE116D01028,BAGFILMS,EQ,,,,,B.A.G FILMS AND MEDIA LTD,4.45,4.54,4.36,4.44,4.44,4.45,,4.45,,,76241,339883.39,171,F1,1,,,,,
2026-08-27,2026-08-27,CM,NSE,STK,24226,INE01A001028,STANLEY,EQ,,,,,STANLEY LIFESTYLES LTD,136.0,140.79,136.0,137.98,137.9,137.01,,137.98,,,76157,10574186.85,2025,F1,1,,,,,
2026-08-27,2026-08-27,CM,NSE,STK,2616,INE497B01018,SEAMECLTD,EQ,,,,,SEAMEC LIMITED,1660.0,1670.1,1600.0,1624.4,1619.0,1658.1,,1624.2,,,76118,125032299.8,5081,F1,1,,,,,
2026-08-27,2026-08-27,CM,NSE,STK,14657,INE070I01018,INSECTICID,EQ,,,,,INSECTICIDES (I) LTD,579.5,585.0,564.4,567.1,567.0,579.5,,567.07,,,75819,43410432.75,3548,F1,1,,,,,
2026-08-27,2026-08-27,CM,NSE,STK,764778,INE898Q01015,MIIL,EQ,,,,,MEGHNA INFRACON INFRA L,716.75,742.9,711.8,718.75,721.0,726.45,,718.69,,,75771,55131920.5,1869,F1,1,,,,,
2026-08-27,2026-08-27,CM,NSE,STK,13276,INE559R01029,LANDMARK,EQ,,,,,LANDMARK CARS LIMITED,514.0,516.9,505.0,506.15,505.8,516.2,,506.17,,,75404,38384279.35,4874,F1,1,,,,,
2026-08-27,2026-08-27,CM,NSE,STK,19299,INE353K01014,ITDC,EQ,,,,,INDIA TOUR. DEV. CO. LTD.,685.0,686.95,657.0,659.35,657.0,684.05,,659.36,,,75324,50328399.6,7304,F1,1,,,,,
2026-08-27,2026-08-27,CM,NSE,STK,1011,INE513A01022,SCHAEFFLER,EQ,,,,,SCHAEFFLER INDIA LIMITED,4001.0,4084.0,4001.0,4051.1,4068.2,4010.2,,4051.08,,,75168,303891277.2,9301,F1,1,,,,,
2026-08-27,2026-08-27,CM,NSE,STK,28906,INE040D01038,MAYURUNIQ,EQ,,,,,MAYUR UNIQUOTERS LTD,747.45,761.0,728.05,749.4,754.0,747.45,,749.46,,,75037,55640394.4,4481,F1,1,,,,,
2026-08-27,2026-08-27,CM,NSE,STK,765070,INE432F01032,EBIX,EQ,,,,,EBIX LIMITED,21.9,22.18,20.57,21.5,21.46,21.37,,21.5,,,75019,1614337.2,306,F1,1,,,,,
2026-08-27,2026-08-27,CM,NSE,STK,759439,INE0R8B01010,PATELRMART,EQ,,,,,PATEL RETAIL LIMITED,232.99,237.85,231.0,234.25,233.99,233.12,,234.25,,,74789,17535611.6,2034,F1,1,,,,,
2026-08-27,2026-08-27,CM,NSE,STK,19235,INE919H01018,IMFA,EQ,,,,,INDIAN METALS & FERRO,1380.8,1404.4,1363.0,1367.9,1370.0,1380.5,,1367.9,,,74662,102987730.6,8100,F1,1,,,,,
2026-08-27,2026-08-27,CM,NSE,STK,759012,INE652V01016,GANESHCP,EQ,,,,,GANESH CONSUMER PRODUCT L,167.39,167.75,162.25,163.49,163.25,166.07,,163.49,,,74014,12173454.45,1344,F1,1,,,,,
2026-08-27,2026-08-27,CM,NSE,STK,1412,INE415A01038,AGI,EQ,,,,,AGI GREENPAC LIMITED,747.0,752.0,735.1,737.7,736.15,744.5,,737.71,,,74008,54764209.05,3647,F1,1,,,,,
2026-08-27,2026-08-27,CM,NSE,STK,17186,INE526E01018,SHRIPISTON,EQ,,,,,SPR AUTO TECHNOLOGIES LTD,4601.0,4627.9,4434.2,4498.4,4493.0,4610.0,,4497.73,,,73996,333652911.7,17788,F1,1,,,,,
2026-08-27,2026-08-27,CM,NSE,STK,19761,INE982B01027,ADFFOODS,EQ,,,,,ADF FOODS LIMITED,280.7,280.7,272.05,273.8,272.35,280.7,,273.8,,,73656,20261830.15,2495,F1,1,,,,,
2026-08-27,2026-08-27,CM,NSE,STK,759210,INE0MWH01014,TRUALT,EQ,,,,,TRUALT BIOENERGY LIMITED,444.5,444.6,432.3,433.85,433.6,442.2,,433.83,,,73493,32143453.95,2742,F1,1,,,,,
2026-08-27,2026-08-27,CM,NSE,STK,13982,INE039O01029,JASH,EQ,,,,,JASH ENGINEERING LIMITED,489.7,492.2,480.0,484.65,484.45,489.8,,484.63,,,73386,35616045.5,4087,F1,1,,,,,
2026-08-27,2026-08-27,CM,NSE,STK,34,INE045A01017,ADOR,EQ,,,,,ADOR WELDING LTD,1529.0,1579.0,1529.0,1541.9,1550.0,1531.2,,1541.87,,,73103,113324074.3,6726,F1,1,,,,,
2026-08-27,2026-08-27,CM,NSE,STK,14567,INE243D01012,BFUTILITIE,EQ,,,,,BF UTILITIES LIMITED,516.6,533.0,496.0,502.55,503.0,514.2,,502.58,,,72400,36917872.35,2796,F1,1,,,,,
2026-08-27,2026-08-27,CM,NSE,STK,25403,INE0CJF01024,WCIL,EQ,,,,,WESTERN CARRIERS (IND) L,86.65,87.84,86.29,87.12,87.1,86.21,,87.12,,,71591,6209896.71,594,F1,1,,,,,
2026-08-27,2026-08-27,CM,NSE,STK,18029,INE912H01013,MBLINFRA,EQ,,,,,MBL INFRASTRUCTURE LTD,23.4,24.19,22.51,22.62,22.85,23.68,,22.63,,,71491,1640773.49,476,F1,1,,,,,
2026-08-27,2026-08-27,CM,NSE,STK,29025,INE622H01018,INDOFARM,EQ,,,,,INDO FARM EQUIPMENT LTD,139.0,143.29,138.0,138.24,138.02,139.67,,138.24,,,71355,9999918.25,1674,F1,1,,,,,
2026-08-27,2026-08-27,CM,NSE,STK,30244,INE415D01024,BHARATSE,EQ,,,,,BHARAT SEATS LIMITED,225.8,225.8,220.0,221.07,220.54,224.74,,221.1,,,71277,15829426.13,2136,F1,1,,,,,
2026-08-27,2026-08-27,CM,NSE,STK,758150,INE08N601015,MBEL,EQ,,,,,M AND B ENGINEERING LTD,273.2,278.2,271.45,273.3,271.5,273.2,,273.23,,,70930,19489368.25,3856,F1,1,,,,,
2026-08-27,2026-08-27,CM,NSE,STK,2048,INE09VQ01012,INDIGOPNTS,EQ,,,,,INDIGO PAINTS LIMITED,1196.0,1196.0,1165.3,1170.2,1176.0,1186.1,,1169.93,,,70872,83754155.7,10440,F1,1,,,,,
2026-08-27,2026-08-27,CM,NSE,STK,11271,INE506A01018,DREDGECORP,EQ,,,,,DREDGING CORP OF INDIA,1138.6,1138.6,1104.9,1115.8,1110.2,1131.1,,1115.86,,,70849,79502422.3,4522,F1,1,,,,,
2026-08-27,2026-08-27,CM,NSE,STK,3807,INE505Y01010,VINEETLAB,EQ,,,,,VINEET LABORATORIES LTD,39.02,39.48,38.01,39.01,39.24,38.79,,38.98,,,70176,2725019.26,634,F1,1,,,,,
2026-08-27,2026-08-27,CM,NSE,STK,8968,INE00EV01017,HARIOMPIPE,EQ,,,,,HARIOM PIPE INDUSTRIES L,348.3,348.3,339.75,341.15,341.5,346.55,,341.14,,,70134,24036369.05,2414,F1,1,,,,,
2026-08-27,2026-08-27,CM,NSE,STK,18962,INE451D01029,RAJRATAN,EQ,,,,,RAJRATAN GLOBAL WIRE LTD,495.75,509.0,485.25,489.55,490.0,495.75,,489.55,,,70021,34473250.45,3537,F1,1,,,,,
2026-08-27,2026-08-27,CM,NSE,STK,30155,INF846KA1119,VALUEAXIS,EQ,,,,,AXISAMC-VALUEAXIS,34.05,34.05,32.7,32.77,32.8,33.22,,32.77,,,69748,2289694.46,605,F1,1,,,,,
2026-08-27,2026-08-27,CM,NSE,STK,9408,INE961O01016,RAINBOW,EQ,,,,,RAINBOW CHILDRENS MED LTD,1445.0,1449.9,1423.9,1441.0,1442.9,1446.7,,1440.92,,,69440,99672740.5,9785,F1,1,,,,,
2026-08-27,2026-08-27,CM,NSE,STK,25235,INE547B01028,XTGLOBAL,EQ,,,,,XTGLOBAL INFOTECH LIMITED,29.0,29.99,28.61,29.88,29.9,29.29,,29.88,,,69117,2010375.27,327,F1,1,,,,,
2026-08-27,2026-08-27,CM,NSE,STK,757801,INE05J901018,IGCL,EQ,,,,,INDOGULF CROPSCIENCES LTD,71.96,72.58,71.2,72.24,72.0,72.46,,72.24,,,69100,4978457.18,518,F1,1,,,,,
2026-08-27,2026-08-27,CM,NSE,STK,8182,INF247L01BK2,MOMOMENTUM,EQ,,,,,MOTILALAMC - MOMOMENTUM,63.9,64.0,63.4,63.58,63.61,63.55,,63.58,,,68651,4373074.76,314,F1,1,,,,,
2026-08-27,2026-08-27,CM,NSE,STK,22360,INE813V01022,MCL,EQ,,,,,M TEK COPPER LIMITED,59.88,59.88,57.5,57.77,57.95,59.59,,57.77,,,68404,4026209.26,2209,F1,1,,,,,
2026-08-27,2026-08-27,CM,NSE,STK,14479,INE753U01022,DIVGIITTS,EQ,,,,,DIVGI TORQTRANSFER SYST L,1185.5,1207.4,1143.2,1195.5,1200.0,1175.9,,1195.5,,,68404,80418762.4,6639,F1,1,,,,,
2026-08-27,2026-08-27,CM,NSE,STK,761192,INE0J5601015,KRISHNADEF,EQ,,,,,KRISHNA DEF AND ALD IND L,1030.9,1049.0,1021.2,1031.0,1029.5,1025.9,,1031.0,,,68280,70616467.0,6006,F1,1,,,,,
2026-08-27,2026-08-27,CM,NSE,STK,11399,INE457F01013,SALZERELEC,EQ,,,,,SALZER ELECTRONICS LTD,556.5,560.15,543.0,547.25,546.1,556.5,,547.28,,,68041,37404858.15,2414,F1,1,,,,,
2026-08-27,2026-08-27,CM,NSE,STK,14174,INE848A01014,IZMO,EQ,,,,,IZMO LIMITED,858.55,861.65,825.2,829.6,826.75,856.85,,830.03,,,68003,56977841.05,7332,F1,1,,,,,
2026-08-27,2026-08-27,CM,NSE,STK,811,INE499A01024,DCMSHRIRAM,EQ,,,,,DCM SHRIRAM LIMITED,1069.0,1079.0,1021.0,1028.4,1025.0,1050.1,,1028.37,,,67889,70763898.4,5672,F1,1,,,,,
2026-08-27,2026-08-27,CM,NSE,STK,22,INE012A01025,ACC,EQ,,,,,ACC LIMITED,1330.0,1335.0,1310.0,1310.6,1310.0,1331.7,,1310.49,,,67738,89292996.6,7360,F1,1,,,,,
2026-08-27,2026-08-27,CM,NSE,STK,6803,INE124E01038,STEELCAS,EQ,,,,,STEELCAST LIMITED,347.15,350.0,335.55,339.85,335.55,343.65,,339.84,,,67394,23138037.1,1913,F1,1,,,,,
2026-08-27,2026-08-27,CM,NSE,STK,17641,INE805D01034,SUNTECK,EQ,,,,,SUNTECK REALTY LIMITED,312.05,313.2,305.25,307.5,307.75,312.1,,307.5,,,67138,20751180.1,2575,F1,1,,,,,
2026-08-27,2026-08-27,CM,NSE,STK,9921,INE914E01040,ALANKIT,EQ,,,,,ALANKIT LIMITED,8.25,8.25,7.71,7.91,8.09,8.06,,7.92,,,66759,535657.2,449,F1,1,,,,,
2026-08-27,2026-08-27,CM,NSE,STK,2998,INE018401013,SUVIDHAA,EQ,,,,,SUVIDHAA INFOSERVE LTD,2.4,2.4,2.26,2.28,2.3,2.3,,2.28,,,66595,153859.65,187,F1,1,,,,,
2026-08-27,2026-08-27,CM,NSE,STK,6445,INE285K01026,TECHNOE,EQ,,,,,TECHNO ELEC & ENG CO. LTD,1004.0,1007.45,993.6,997.45,996.0,1004.25,,997.42,,,66454,66355376.65,7752,F1,1,,,,,
2026-08-27,2026-08-27,CM,NSE,STK,759402,INE1B0W01010,ADVANCE,EQ,,,,,ADVANCE AGROLIFE LIMITED,123.2,123.2,119.89,120.32,120.04,122.58,,120.32,,,66356,8018356.99,1091,F1,1,,,,,
2026-08-27,2026-08-27,CM,NSE,STK,6429,INE165B01029,RSSOFTWARE,EQ,,,,,R. S. SOFTWARE (INDIA) LI,32.0,32.94,31.0,32.93,32.92,31.38,,33.03,,,66301,2166414.39,631,F1,1,,,,,
2026-08-27,2026-08-27,CM,NSE,STK,7376,INE0GSL01024,HPAL,EQ,,,,,HP ADHESIVES LIMITED,34.79,35.99,34.31,34.63,34.79,34.72,,34.63,,,66278,2299209.21,496,F1,1,,,,,
2026-08-27,2026-08-27,CM,NSE,STK,4410,INE048B01035,JAGSNPHARM,EQ,,,,,JAGSONPAL PHARMACEUTICALS,242.0,242.66,235.1,236.99,239.0,242.2,,237.02,,,66137,15797997.68,2199,F1,1,,,,,
2026-08-27,2026-08-27,CM,NSE,STK,25597,INE939X01013,MANBA,EQ,,,,,MANBA FINANCE LIMITED,131.7,131.82,128.81,129.93,129.0,131.82,,129.93,,,65983,8582300.49,1115,F1,1,,,,,
2026-08-27,2026-08-27,CM,NSE,STK,16915,INE342J01019,ZFCVINDIA,EQ,,,,,ZF COM VE CTR SYS IND LTD,2575.6,2601.8,2545.1,2570.5,2573.0,2588.4,,2570.44,,,65894,169600470.6,12594,F1,1,,,,,
2026-08-27,2026-08-27,CM,NSE,STK,759461,INE06XZ01023,GEMAROMA,EQ,,,,,GEM AROMATICS LIMITED,173.8,174.79,169.66,170.83,172.35,172.35,,170.83,,,65892,11283795.75,1011,F1,1,,,,,
2026-08-27,2026-08-27,CM,NSE,STK,4055,INE922B01023,PANACEABIO,EQ,,,,,PANACEA BIOTEC LTD,398.2,399.95,390.0,393.25,395.0,397.95,,393.25,,,65254,25687383.25,1832,F1,1,,,,,
2026-08-27,2026-08-27,CM,NSE,STK,19126,INE880L01014,KIOCL,EQ,,,,,KIOCL LIMITED,388.0,390.85,380.65,382.8,384.5,388.95,,382.81,,,64958,24998103.9,2412,F1,1,,,,,
2026-08-27,2026-08-27,CM,NSE,STK,18220,INE134B01017,KECL,EQ,,,,,KIRLOSKAR ELECTRIC CO LTD,130.05,132.79,129.0,129.87,129.6,130.44,,129.84,,,64722,8445600.61,1259,F1,1,,,,,
2026-08-27,2026-08-27,CM,NSE,STK,19015,INE0KNT01012,MVGJL,EQ,,,,,MANOJ VAIBHAV GEM N JEW L,156.08,159.33,153.01,153.77,153.98,155.19,,153.77,,,64608,10052846.55,1454,F1,1,,,,,
2026-08-27,2026-08-27,CM,NSE,STK,5382,INE071N01016,EPIGRAL,EQ,,,,,EPIGRAL LIMITED,1250.0,1264.8,1200.3,1206.4,1200.3,1249.2,,1206.5,,,64607,79504741.3,7546,F1,1,,,,,
2026-08-27,2026-08-27,CM,NSE,STK,11841,INE717A01029,KENNAMET,EQ,,,,,KENNAMETAL INDIA LIMITED,4327.7,4555.0,4275.2,4515.1,4505.0,4325.5,,4515.05,,,64402,283736095.5,11903,F1,1,,,,,
2026-08-27,2026-08-27,CM,NSE,STK,4127,INE699B01027,SAMBHAAV,EQ,,,,,SAMBHAAV MEDIA LTD,6.2,6.29,6.05,6.09,6.06,6.24,,6.09,,,64358,395038.69,108,F1,1,,,,,
2026-08-27,2026-08-27,CM,NSE,STK,30023,INE951D01028,ATULAUTO,EQ,,,,,ATUL AUTO LIMITED,487.9,491.9,480.0,481.15,481.0,487.5,,481.16,,,64301,31021393.8,2512,F1,1,,,,,
2026-08-27,2026-08-27,CM,NSE,STK,25724,INE895B01021,RUPA,EQ,,,,,RUPA & COMPANY LTD,149.26,151.05,147.09,147.55,147.43,149.25,,147.54,,,64113,9490535.85,2229,F1,1,,,,,
2026-08-27,2026-08-27,CM,NSE,STK,22846,INE486R01017,GPTHEALTH,EQ,,,,,GPT HEALTHCARE LIMITED,152.95,154.68,151.0,151.39,151.0,152.05,,151.39,,,64034,9788088.14,1815,F1,1,,,,,
2026-08-27,2026-08-27,CM,NSE,STK,18118,INE085J01014,THANGAMAYL,EQ,,,,,THANGAMAYIL JEWELLERY LTD,5499.0,5589.0,5474.5,5502.0,5489.0,5495.5,,5501.98,,,64030,354169165.0,8629,F1,1,,,,,
2026-08-27,2026-08-27,CM,NSE,STK,760986,INF769K01QA6,HEALTHCARE,EQ,,,,,MIRAEAMC - HEALTHCARE,22.17,22.17,21.62,21.8,21.8,21.74,,21.8,,,63911,1387261.27,178,F1,1,,,,,
2026-08-27,2026-08-27,CM,NSE,STK,8050,INE813A01018,MAHLIFE,EQ,,,,,MAHINDRA LIFESPACE DEVLTD,371.25,376.45,368.0,368.65,368.6,371.25,,368.63,,,63804,23628939.45,4195,F1,1,,,,,
2026-08-27,2026-08-27,CM,NSE,STK,1267,INE186A01019,GUJALKALI,EQ,,,,,GUJARAT ALKALIES & CHEM,723.45,728.0,703.25,710.75,706.5,719.85,,710.78,,,63803,45769767.6,5726,F1,1,,,,,
2026-08-27,2026-08-27,CM,NSE,STK,18321,INE337A01034,LGBBROSLTD,EQ,,,,,LG BALAKRISHNAN & BROS,1697.4,1729.8,1671.4,1684.4,1694.8,1688.9,,1684.38,,,63343,107495429.0,8137,F1,1,,,,,
2026-08-27,2026-08-27,CM,NSE,STK,11782,INE128A01029,EVEREADY,EQ,,,,,EVEREADY INDS. IND.  LTD.,345.65,349.9,338.5,342.7,340.0,345.65,,342.69,,,63148,21563941.3,2219,F1,1,,,,,
2026-08-27,2026-08-27,CM,NSE,STK,10511,INF789F1AZC0,NIFTYBETA,EQ,,,,,UTIAMC-NIFTYBETA,269.92,270.94,267.69,268.27,268.25,269.92,,268.27,,,62830,16872230.52,393,F1,1,,,,,
2026-08-27,2026-08-27,CM,NSE,STK,24378,INE375Y01018,RELIABLE,EQ,,,,,RELIABLE DATA SERVICE LTD,142.13,142.13,137.0,138.94,138.6,140.45,,138.92,,,62620,8761891.0,623,F1,1,,,,,
2026-08-27,2026-08-27,CM,NSE,STK,756020,INE015C01016,TINNARUBR,EQ,,,,,TINNA RUBBER AND INFR LTD,1016.4,1027.8,984.1,998.4,995.0,1016.4,,998.07,,,62609,62562867.6,5009,F1,1,,,,,
2026-08-27,2026-08-27,CM,NSE,STK,5054,INE201P01022,GRINFRA,EQ,,,,,G R INFRAPROJECTS LIMITED,898.3,909.0,882.0,890.4,900.0,905.2,,890.41,,,62312,55569995.85,8178,F1,1,,,,,
2026-08-27,2026-08-27,CM,NSE,STK,18822,INE913H01037,ENDURANCE,EQ,,,,,ENDURANCE TECHNO. LTD.,2990.0,2990.0,2935.0,2944.8,2950.0,2986.0,,2944.69,,,62223,184189764.9,11695,F1,1,,,,,
2026-08-27,2026-08-27,CM,NSE,STK,764285,INF666M01PH7,CEMNTGROWW,EQ,,,,,GROWWAMC - CEMNTGROWW,15.16,15.18,14.91,14.97,14.98,15.16,,14.97,,,62182,933496.45,596,F1,1,,,,,
2026-08-27,2026-08-27,CM,NSE,STK,13890,INE835D01023,HIRECT,EQ,,,,,HIRECT LIMITED,1235.8,1242.9,1202.1,1223.0,1230.0,1246.8,,1223.09,,,62144,75859531.2,6013,F1,1,,,,,
2026-08-27,2026-08-27,CM,NSE,STK,13870,INE529I01021,KUANTUM,EQ,,,,,KUANTUM PAPERS LIMITED,72.69,72.89,72.0,72.31,72.44,72.35,,72.31,,,62008,4489768.9,893,F1,1,,,,,
2026-08-27,2026-08-27,CM,NSE,STK,15017,INE215I01027,MAANALU,EQ,,,,,MAAN ALUMINIUM LIMITED,120.49,120.9,115.6,116.68,115.6,118.98,,116.68,,,61592,7213148.54,853,F1,1,,,,,
2026-08-27,2026-08-27,CM,NSE,STK,7456,INF740KA1ZF3,MIDQ50ADD,EQ,,,,,DSPAMC - DSPQ50ETF,25.5,25.6,25.42,25.49,25.5,25.44,,25.49,,,61358,1564777.3,99,F1,1,,,,,
2026-08-27,2026-08-27,CM,NSE,STK,13750,INE09N301011,FLUOROCHEM,EQ,,,,,GUJARAT FLUOROCHEM LTD,4710.0,4729.7,4660.1,4672.1,4690.0,4732.1,,4672.18,,,61251,287538810.4,8263,F1,1,,,,,
2026-08-27,2026-08-27,CM,NSE,STK,14562,INE318D01020,ZENITHSTL,EQ,,,,,ZENITH STEEL PIP IND LTD,5.53,5.53,5.35,5.4,5.37,5.38,,5.4,,,60821,329414.88,183,F1,1,,,,,
2026-08-27,2026-08-27,CM,NSE,STK,15124,INE094I01018,KOLTEPATIL,EQ,,,,,KOLTE PATIL DEV. LTD.,456.0,458.5,446.1,447.95,446.1,456.7,,447.97,,,60697,27453693.6,2732,F1,1,,,,,
2026-08-27,2026-08-27,CM,NSE,STK,5265,INE03Q201024,ALIVUS,EQ,,,,,ALIVUS LIFE SCIENCES LTD,1362.9,1400.0,1353.1,1358.2,1360.0,1360.8,,1358.17,,,60525,82966884.1,7495,F1,1,,,,,
2026-08-27,2026-08-27,CM,NSE,STK,9553,INE00F201020,PRUDENT,EQ,,,,,PRUDENT CORP ADV SER LTD,3405.0,3509.9,3351.0,3473.5,3440.0,3345.1,,3473.55,,,60513,208169474.3,11592,F1,1,,,,,
2026-08-27,2026-08-27,CM,NSE,STK,7627,INE879A01019,SHREERAMA,EQ,,,,,SHREE RAMA MULTI TECH LTD,43.87,44.2,42.72,43.1,43.15,43.44,,43.1,,,60326,2618473.39,792,F1,1,,,,,
2026-08-27,2026-08-27,CM,NSE,STK,11325,INE304A01026,MUKANDLTD,EQ,,,,,MUKAND LTD.,137.03,137.98,135.1,136.26,137.0,137.03,,136.23,,,60318,8242357.35,1181,F1,1,,,,,
2026-08-27,2026-08-27,CM,NSE,STK,30109,INF769K01ON4,SELECTIPO,EQ,,,,,MIRAEAMC - SELECTIPO,49.45,49.45,49.17,49.31,49.21,49.39,,49.31,,,60280,2972287.02,94,F1,1,,,,,
2026-08-27,2026-08-27,CM,NSE,STK,760896,INE0OU201013,DCMSIL,EQ,,,,,DCM SHRIRAM INTERNATNL L,76.7,76.7,71.0,73.26,73.9,75.25,,73.25,,,60094,4413593.04,575,F1,1,,,,,
2026-08-27,2026-08-27,CM,NSE,STK,4920,INE642Y01029,HINDCON,EQ,,,,,HINDCON CHEMICALS LIMITED,24.15,24.5,22.02,22.6,22.56,24.0,,22.6,,,59613,1371041.23,351,F1,1,,,,,
2026-08-27,2026-08-27,CM,NSE,STK,14908,INE291D01011,KDDL,EQ,,,,,KDDL LIMITED,4033.5,4063.8,3921.5,3947.2,3926.0,3941.1,,3947.05,,,59602,237976577.9,10174,F1,1,,,,,
2026-08-27,2026-08-27,CM,NSE,STK,1415,INE291W01037,GLOBAL,EQ,,,,,GLOBAL EDUCATION LIMITED,111.41,112.0,108.71,110.98,110.0,111.06,,110.98,,,59561,6580927.7,658,F1,1,,,,,
2026-08-27,2026-08-27,CM,NSE,STK,4487,INE150B01039,ALKYLAMINE,EQ,,,,,ALKYL AMINES CHEM. LTD,2083.0,2089.4,2026.7,2045.0,2046.0,2089.6,,2045.14,,,59466,122581363.7,11361,F1,1,,,,,
2026-08-27,2026-08-27,CM,NSE,STK,25080,INF769K01LX9,MULTICAP,EQ,,,,,MIRAEAMC - MULTICAP,17.32,17.32,16.88,16.89,16.92,16.98,,16.89,,,59385,1005642.12,467,F1,1,,,,,
2026-08-27,2026-08-27,CM,NSE,STK,3676,INE386A01023,VESUVIUS,EQ,,,,,VESUVIUS INDIA LTD,424.0,428.6,420.6,422.4,420.6,422.9,,422.4,,,59366,25162851.9,2341,F1,1,,,,,
2026-08-27,2026-08-27,CM,NSE,STK,10825,INF247L01BE5,MOVALUE,EQ,,,,,MOTILALAMC - MOVALUE,114.23,114.3,113.14,113.47,113.71,114.23,,113.49,,,59255,6737200.93,801,F1,1,,,,,
2026-08-27,2026-08-27,CM,NSE,STK,11580,INE274F01020,WESTLIFE,EQ,,,,,WESTLIFE FOODWORLD LTD,570.0,570.25,553.45,563.25,564.55,566.2,,563.24,,,59250,33274736.85,5297,F1,1,,,,,
2026-08-27,2026-08-27,CM,NSE,STK,24961,INE0PPK01015,ORIENTTECH,EQ,,,,,ORIENT TECHNOLOGIES LTD,248.25,248.25,242.85,243.65,244.0,245.55,,243.67,,,58999,14391791.75,1601,F1,1,,,,,
2026-08-27,2026-08-27,CM,NSE,STK,11773,INE755Q01025,VISHAL,EQ,,,,,VISHAL FABRICS LTD.,18.28,19.3,18.28,18.7,19.1,18.67,,18.71,,,58414,1094076.22,332,F1,1,,,,,
2026-08-27,2026-08-27,CM,NSE,STK,14260,INE940H01022,PGIL,EQ,,,,,PEARL GLOBAL IND LIMITED,2280.0,2315.2,2262.0,2294.8,2305.0,2289.6,,2294.7,,,58387,133455600.9,7271,F1,1,,,,,
2026-08-27,2026-08-27,CM,NSE,STK,765095,INE791B01014,LEENEE,EQ,,,,,LEE & NEE SOFTWARES (E) L,10.24,10.24,9.15,9.82,9.95,9.84,,9.83,,,58271,565150.11,302,F1,1,,,,,
2026-08-27,2026-08-27,CM,NSE,STK,4007,INE558D01021,CORALFINAC,EQ,,,,,CORAL INDIA FIN & HOUS LT,34.82,35.0,33.51,33.8,33.7,34.18,,33.71,,,57241,1965303.77,1110,F1,1,,,,,
2026-08-27,2026-08-27,CM,NSE,STK,29050,INE840M01016,ZUARI,EQ,,,,,ZUARI AGRO CHEMICALS LTD,236.75,237.82,230.02,230.83,230.3,234.3,,230.84,,,57189,13283616.7,1470,F1,1,,,,,
2026-08-27,2026-08-27,CM,NSE,STK,29098,INE0HR601026,DDEVPLSTIK,EQ,,,,,DDEV PLASTIKS IND LTD,278.95,280.0,275.6,278.7,279.0,276.25,,278.14,,,56523,15693552.4,1752,F1,1,,,,,
2026-08-27,2026-08-27,CM,NSE,STK,14917,INE142I01023,TAKE,EQ,,,,,TAKE LIMITED,16.98,16.98,16.98,16.98,16.98,17.87,,17.0,,,56409,957824.82,295,F1,1,,,,,
2026-08-27,2026-08-27,CM,NSE,STK,347,INE655B01011,BANARBEADS,EQ,,,,,BANARAS BEADS LTD,110.3,128.8,110.3,119.51,118.2,111.75,,119.55,,,56286,6784118.71,1431,F1,1,,,,,
2026-08-27,2026-08-27,CM,NSE,STK,13577,INE540H01012,VOLTAMP,EQ,,,,,VOLTAMP TRANSFORMERS LTD,10700.0,11378.5,10700.0,11228.5,11111.0,10978.5,,11229.0,,,56167,630995452.0,17566,F1,1,,,,,
2026-08-27,2026-08-27,CM,NSE,STK,20321,INE274V01019,SHANKARA,EQ,,,,,SHANKARA BLDG PRODUCT LTD,147.69,148.39,146.02,146.95,146.02,147.61,,146.95,,,55600,8179147.8,359,F1,1,,,,,
2026-08-27,2026-08-27,CM,NSE,STK,19955,INE866K01023,WAAREEINDO,EQ,,,,,INDOSOLAR LIMITED,275.15,277.0,271.0,272.9,274.7,275.15,,272.88,,,55525,15195253.4,1507,F1,1,,,,,
2026-08-27,2026-08-27,CM,NSE,STK,7254,INE804L01022,MEDPLUS,EQ,,,,,MEDPLUS HEALTH SERV LTD,695.0,695.0,681.6,688.35,690.0,692.1,,688.33,,,55452,38062824.9,3520,F1,1,,,,,
2026-08-27,2026-08-27,CM,NSE,STK,1289,INE538A01037,GFLLIMITED,EQ,,,,,GFL LIMITED,54.5,55.81,54.25,54.92,55.0,55.79,,54.96,,,55444,3048153.97,1545,F1,1,,,,,
2026-08-27,2026-08-27,CM,NSE,STK,757794,INE03NU01014,BRIGHOTEL,EQ,,,,,BRIGADE HOTEL VENTURE LTD,60.06,60.55,59.44,59.57,59.44,60.06,,59.57,,,55401,3316507.62,1618,F1,1,,,,,
2026-08-27,2026-08-27,CM,NSE,STK,762690,INE207H01018,GNRL,EQ,,,,,GUJARAT NATURAL RES L,100.9,101.5,97.35,97.65,97.95,99.73,,97.67,,,55385,5488975.77,748,F1,1,,,,,
2026-08-27,2026-08-27,CM,NSE,STK,13305,INE348B01021,CENTURYPLY,EQ,,,,,CENTURY PLYBOARDS (I) LTD,743.05,761.0,742.1,751.75,742.5,743.05,,751.77,,,55312,41623209.2,3986,F1,1,,,,,
2026-08-27,2026-08-27,CM,NSE,STK,305,INE118A01012,BAJAJHLDNG,EQ,,,,,BAJAJ HOLDINGS & INVS LTD,11440.0,11520.0,11331.0,11399.0,11399.0,11540.0,,11399.0,,,55310,632028319.0,17672,F1,1,,,,,
2026-08-27,2026-08-27,CM,NSE,STK,5194,INE414B01021,ANTGRAPHIC,EQ,,,,,ANTARCTICA LTD,0.73,0.74,0.72,0.72,0.72,0.73,,0.72,,,54840,39778.36,105,F1,1,,,,,
2026-08-27,2026-08-27,CM,NSE,STK,10690,INF209KB15K4,NIFTYQLITY,EQ,,,,,BIRLASLAMC - NIFTYQLITY,21.7,21.7,21.42,21.5,21.52,21.6,,21.53,,,54751,1178441.99,176,F1,1,,,,,
2026-08-27,2026-08-27,CM,NSE,STK,14346,INE998H01012,ORIENTALTL,EQ,,,,,ORIENTAL TRIMEX LTD,5.3,5.3,5.01,5.14,5.15,5.13,,5.14,,,54620,278911.95,236,F1,1,,,,,
2026-08-27,2026-08-27,CM,NSE,STK,760976,INF666M01NQ3,GROWWPSE,EQ,,,,,GROWWAMC - GROWWPSE,96.03,98.41,96.03,97.92,97.98,97.99,,97.92,,,54574,5342840.82,55,F1,1,,,,,
2026-08-27,2026-08-27,CM,NSE,STK,13880,INE213C01025,BANCOINDIA,EQ,,,,,BANCO PRODUCTS (I) LTD,627.85,630.7,621.25,623.65,622.9,627.85,,623.68,,,54297,33961449.35,4969,F1,1,,,,,
2026-08-27,2026-08-27,CM,NSE,STK,764748,INE879K01018,KMCSHIL,EQ,,,,,K M C SPECIALITY HOSP I L,139.73,140.6,136.01,138.18,139.5,138.91,,138.11,,,54285,7469643.11,990,F1,1,,,,,
2026-08-27,2026-08-27,CM,NSE,STK,13720,INE544H01014,JHS,EQ,,,,,JHS SVEND. LAB. LTD,9.34,9.34,8.85,8.95,8.97,9.0,,8.95,,,54116,495740.86,221,F1,1,,,,,
2026-08-27,2026-08-27,CM,NSE,STK,22675,INE646H01017,CAPITALSFB,EQ,,,,,CAPITAL SMALL FIN BANK L,284.25,297.3,282.2,283.95,282.2,282.6,,283.95,,,54058,15518334.5,1950,F1,1,,,,,
2026-08-27,2026-08-27,CM,NSE,STK,4594,INE720A01015,KOTHARIPET,EQ,,,,,KOTHARI PETROCHEM LTD,134.4,136.76,130.06,131.52,131.61,134.4,,131.52,,,54045,7182060.6,1508,F1,1,,,,,
2026-08-27,2026-08-27,CM,NSE,STK,17851,INE250K01012,DLINKINDIA,EQ,,,,,D-LINK INDIA LTD,442.7,446.45,436.9,438.0,440.0,443.8,,437.92,,,53887,23741774.95,2159,F1,1,,,,,
2026-08-27,2026-08-27,CM,NSE,STK,8806,INE00LM01029,SONAMLTD,EQ,,,,,SONAM LIMITED,65.7,65.7,62.44,63.24,63.5,64.44,,63.24,,,53732,3439026.48,639,F1,1,,,,,
2026-08-27,2026-08-27,CM,NSE,STK,6944,INE845D01014,GANECOS,EQ,,,,,GANESHA ECOSPHERE LIMITED,1045.0,1050.1,1027.0,1029.2,1027.0,1045.2,,1029.19,,,53603,55402009.2,4788,F1,1,,,,,
2026-08-27,2026-08-27,CM,NSE,STK,25482,INE440L01017,TIJARIA,EQ,,,,,TIJARIA POLYPIPES LTD,5.98,6.09,5.71,5.92,5.99,5.92,,5.91,,,53557,314783.12,181,F1,1,,,,,
2026-08-27,2026-08-27,CM,NSE,STK,5585,INE043W01024,VIJAYA,EQ,,,,,VIJAYA DIAGNOSTIC CEN LTD,1487.0,1489.0,1464.1,1472.4,1476.0,1472.8,,1472.42,,,53540,78990618.4,8543,F1,1,,,,,
2026-08-27,2026-08-27,CM,NSE,STK,757965,INE0NAZ01010,SMARTWORKS,EQ,,,,,SMARTWORKS COWORKING SP L,544.0,546.0,534.0,540.6,541.0,541.85,,540.6,,,53458,28799934.2,3903,F1,1,,,,,
2026-08-27,2026-08-27,CM,NSE,STK,19223,INE586V01016,TCIEXP,EQ,,,,,TCI EXPRESS LIMITED,552.15,560.0,540.1,558.35,560.0,549.85,,558.37,,,53331,29256409.25,2658,F1,1,,,,,
2026-08-27,2026-08-27,CM,NSE,STK,3987,INE461C01038,GREENPLY,EQ,,,,,GREENPLY INDUSTRIES LTD,292.1,294.0,287.0,291.25,288.1,292.1,,291.3,,,53257,15459749.3,1566,F1,1,,,,,
2026-08-27,2026-08-27,CM,NSE,STK,16683,INE927C01020,DIGISPICE,EQ,,,,,DIGISPICE TECHNOLOGIES LT,17.15,17.15,16.64,16.99,16.8,16.93,,16.99,,,53031,898395.17,113,F1,1,,,,,
2026-08-27,2026-08-27,CM,NSE,STK,6600,INE949P01018,GENUSPAPER,EQ,,,,,GENUS P&B LIMITED,12.7,12.7,12.11,12.37,12.43,12.37,,12.38,,,53013,655453.45,265,F1,1,,,,,
2026-08-27,2026-08-27,CM,NSE,STK,759374,INF247L01GH7,MOENERGY,EQ,,,,,MOTILALAMC - MOENERGY,39.08,39.08,38.2,38.3,38.31,38.31,,38.3,,,52810,2022789.85,531,F1,1,,,,,
2026-08-27,2026-08-27,CM,NSE,STK,18139,INE920A01037,DOLPHIN,EQ,,,,,DOLPHIN OFF ENT (IND) L,613.0,640.0,613.0,628.2,623.55,613.3,,628.2,,,52709,33328520.05,1358,F1,1,,,,,
2026-08-27,2026-08-27,CM,NSE,STK,2289,INE461D01028,HLEGLAS,EQ,,,,,HLE GLASCOAT LIMITED,313.9,316.0,312.0,314.85,314.05,313.45,,314.85,,,52671,16546678.35,1445,F1,1,,,,,
2026-08-27,2026-08-27,CM,NSE,STK,10661,INE838E01017,PONNIERODE,EQ,,,,,PONNIE SUGARS (ERODE) LTD,392.0,395.25,379.95,382.0,381.25,391.05,,381.75,,,52604,20343131.95,2831,F1,1,,,,,
2026-08-27,2026-08-27,CM,NSE,STK,759103,INE00RL01028,HILINFRA,EQ,,,,,HIGHWAY INFRASTRUCTURE L,45.9,45.9,45.1,45.29,45.15,45.32,,45.29,,,52520,2387239.25,1085,F1,1,,,,,
2026-08-27,2026-08-27,CM,NSE,STK,18250,INE0MIS01010,PYRAMID,EQ,,,,,PYRAMID TECHNOPLAST LTD,164.07,164.83,158.15,159.99,160.0,162.73,,159.99,,,52418,8465315.9,1191,F1,1,,,,,
2026-08-27,2026-08-27,CM,NSE,STK,758558,INE227J01012,KALPATARU,EQ,,,,,KALPATARU LIMITED,279.75,280.65,272.95,274.15,273.0,277.0,,274.15,,,52410,14414297.1,987,F1,1,,,,,
2026-08-27,2026-08-27,CM,NSE,STK,3507,INF769K01HF4,MAFANG,EQ,,,,,MIRAEAMC - MAFANG,206.55,206.55,206.55,206.55,206.55,205.29,,206.55,,,52377,10818469.35,331,F1,1,,,,,
2026-08-27,2026-08-27,CM,NSE,STK,761511,INF769K01QV2,VALUE,EQ,,,,,MIRAEAMC - VALUE,16.33,16.33,16.1,16.13,16.13,16.3,,16.13,,,52341,845146.96,126,F1,1,,,,,
2026-08-27,2026-08-27,CM,NSE,STK,762802,INE200D01020,MMWL,EQ,,,,,MEDIA MATRIX WORLDWIDE L,15.9,15.9,14.9,14.97,15.1,15.6,,15.17,,,52297,788947.05,179,F1,1,,,,,
2026-08-27,2026-08-27,CM,NSE,STK,762603,INE525F01025,BLIL,EQ,,,,,BALMER LAWRIE INVSTS. L,71.63,72.45,71.63,72.19,72.1,71.9,,72.18,,,52156,3766414.07,780,F1,1,,,,,
2026-08-27,2026-08-27,CM,NSE,STK,3475,INE152A01029,THERMAX,EQ,,,,,THERMAX LTD,3970.0,4029.9,3954.0,3962.7,3954.0,3968.5,,3962.65,,,52092,207450640.1,13682,F1,1,,,,,
2026-08-27,2026-08-27,CM,NSE,STK,763572,INF666M01OT5,PVTBKGROWW,EQ,,,,,GROWWAMC - PVTBKGROWW,28.09,28.09,27.33,27.89,28.03,27.77,,27.89,,,52090,1453368.38,899,F1,1,,,,,
2026-08-27,2026-08-27,CM,NSE,STK,764803,INE839E01023,ODYCORP,EQ,,,,,ODYSSEY CORPORATION LTD.,7.59,7.59,7.06,7.1,7.1,7.11,,7.1,,,52084,371105.96,106,F1,1,,,,,
2026-08-27,2026-08-27,CM,NSE,STK,20776,INE458B01036,BHAGYANGR,EQ,,,,,BHAGYANAGAR INDIA LIMITED,385.05,391.7,380.0,382.9,382.7,384.75,,382.93,,,52016,19892334.15,2018,F1,1,,,,,
2026-08-27,2026-08-27,CM,NSE,STK,25684,IN9175A01010,JISLDVREQS,EQ,,,,,JAIN DVR EQUITY SHARES,21.95,21.97,20.92,21.13,21.0,21.61,,21.35,,,51960,1106086.11,256,F1,1,,,,,
2026-08-27,2026-08-27,CM,NSE,STK,21154,INE406M01024,ERIS,EQ,,,,,ERIS LIFESCIENCES LIMITED,1317.0,1332.5,1306.9,1312.2,1310.0,1310.7,,1312.19,,,51939,68214980.0,11681,F1,1,,,,,
2026-08-27,2026-08-27,CM,NSE,STK,760188,INE19GK01015,SRTL,EQ,,,,,SHREE RAM TWISTEX LIMITED,40.02,40.5,38.1,38.98,39.0,40.02,,39.09,,,51668,2024748.27,525,F1,1,,,,,
2026-08-27,2026-08-27,CM,NSE,STK,3757,INE398A01010,VENKEYS,EQ,,,,,VENKY S (INDIA) LIMITED,1598.0,1621.3,1565.1,1575.6,1565.1,1597.0,,1575.6,,,51334,82010288.6,4818,F1,1,,,,,
2026-08-27,2026-08-27,CM,NSE,STK,3339,INE660A01013,SUNDARMFIN,EQ,,,,,SUNDARAM FINANCE LTD,4530.0,4665.7,4500.0,4636.9,4650.0,4539.6,,4636.68,,,51237,237282978.4,12030,F1,1,,,,,
2026-08-27,2026-08-27,CM,NSE,STK,17685,INE390G01014,GPTINFRA,EQ,,,,,GPT INFRAPROJECTS LTD,113.72,114.8,112.4,113.58,113.01,113.78,,113.57,,,51050,5781104.47,978,F1,1,,,,,
2026-08-27,2026-08-27,CM,NSE,STK,11566,INE0A1101019,DCI,EQ,,,,,DC INFOTECH AND COMUN LTD,408.8,418.0,402.0,413.85,418.0,402.8,,413.86,,,50993,20967199.55,1786,F1,1,,,,,
2026-08-27,2026-08-27,CM,NSE,STK,29624,INE274Y01021,AJAXENGG,EQ,,,,,AJAX ENGINEERING LIMITED,581.5,582.5,575.05,579.1,578.4,581.5,,579.13,,,50817,29422285.7,5574,F1,1,,,,,
2026-08-27,2026-08-27,CM,NSE,STK,14305,INE00IK01029,OSWALSEEDS,EQ,,,,,SHREEOSWAL S AND CHE LTD,12.3,12.5,11.97,12.17,12.23,12.37,,12.17,,,50780,617658.38,271,F1,1,,,,,
2026-08-27,2026-08-27,CM,NSE,STK,764813,INE031G01022,OPTIFIN,EQ,,,,,OPTIMUS FINANCE LTD.,13.94,13.94,12.9,13.09,13.09,13.82,,13.06,,,50770,666525.32,156,F1,1,,,,,
2026-08-27,2026-08-27,CM,NSE,STK,19,INE189B01011,STYRENIX,EQ,,,,,STYRENIX PERFORMANCE LTD,2064.5,2077.2,2014.0,2018.2,2018.0,2064.4,,2018.25,,,50752,103574786.8,5502,F1,1,,,,,
2026-08-27,2026-08-27,CM,NSE,STK,16827,INE760A01029,KOKUYOCMLN,EQ,,,,,KOKUYO CAMLIN LIMITED,79.93,82.0,79.2,81.21,81.5,79.93,,81.2,,,50733,4097655.58,826,F1,1,,,,,
2026-08-27,2026-08-27,CM,NSE,STK,2385,INE060A01024,NAVNETEDUL,EQ,,,,,NAVNEET EDUCATION LTD,133.11,133.85,132.96,133.59,133.84,133.11,,133.59,,,50566,6746131.43,651,F1,1,,,,,
2026-08-27,2026-08-27,CM,NSE,STK,23512,INE555Z01020,TARACHAND,EQ,,,,,TARA CHAND INFRA SOLN LTD,47.72,49.99,47.72,48.59,49.5,47.72,,48.59,,,50433,2454694.33,692,F1,1,,,,,
2026-08-27,2026-08-27,CM,NSE,STK,11787,INE705X01026,GOYALALUM,EQ,,,,,GOYAL ALUMINIUMS LIMITED,6.35,6.39,6.25,6.33,6.33,6.36,,6.33,,,50418,318648.56,277,F1,1,,,,,
2026-08-27,2026-08-27,CM,NSE,STK,714,INE597J01018,SHALBY,EQ,,,,,SHALBY LIMITED,156.92,157.79,153.5,154.33,153.76,156.92,,154.33,,,50336,7795190.87,1191,F1,1,,,,,
2026-08-27,2026-08-27,CM,NSE,STK,1073,INE519A01011,FOSECOIND,EQ,,,,,FOSECO INDIA LTD,5982.0,6190.0,5931.5,6110.5,6100.0,6077.5,,6110.52,,,50276,305579593.5,10262,F1,1,,,,,
2026-08-27,2026-08-27,CM,NSE,STK,13826,INE671H01015,SOBHA,EQ,,,,,SOBHA LIMITED,1305.0,1305.0,1267.3,1273.9,1273.8,1292.2,,1273.88,,,50171,64184788.8,6798,F1,1,,,,,
2026-08-27,2026-08-27,CM,NSE,STK,15347,INE871H01011,GSS,EQ,,,,,GSS INFOTECH LIMITED,12.94,12.94,11.71,12.13,12.06,12.55,,12.13,,,49967,616566.49,190,F1,1,,,,,
2026-08-27,2026-08-27,CM,NSE,STK,10473,INE211R01019,POWERMECH,EQ,,,,,POWER MECH PROJECTS LTD.,2513.9,2570.0,2513.9,2547.4,2552.0,2513.3,,2547.33,,,49931,127146431.6,8464,F1,1,,,,,
2026-08-27,2026-08-27,CM,NSE,STK,3827,INE217A01012,ZUARIIND,EQ,,,,,ZUARI INDUSTRIES LIMITED,275.9,284.0,269.25,270.85,271.75,275.9,,270.86,,,49782,13618192.95,1508,F1,1,,,,,
2026-08-27,2026-08-27,CM,NSE,STK,634,INE188B01013,IGARASHI,EQ,,,,,IGARASHI MOTORS INDIA LTD,427.0,432.85,420.05,420.8,420.55,426.5,,420.8,,,49708,21076483.3,2221,F1,1,,,,,
2026-08-27,2026-08-27,CM,NSE,STK,8124,INE031B01049,AJANTPHARM,EQ,,,,,AJANTA PHARMA LIMITED,3574.8,3574.8,3513.1,3543.6,3574.0,3551.8,,3543.55,,,49671,175672159.8,13549,F1,1,,,,,
2026-08-27,2026-08-27,CM,NSE,STK,24231,INE239D01028,OMINFRAL,EQ,,,,,OM INFRA LIMITED,82.24,84.0,81.5,83.3,83.45,82.1,,83.29,,,48931,4032594.47,1307,F1,1,,,,,
2026-08-27,2026-08-27,CM,NSE,STK,25262,INE0RWQ01014,TOLINS,EQ,,,,,TOLINS TYRES LIMITED,96.01,97.64,94.99,95.29,95.99,96.58,,95.29,,,48675,4672859.66,1024,F1,1,,,,,
2026-08-27,2026-08-27,CM,NSE,STK,11427,INE155G01029,NDTV,EQ,,,,,NDTV LTD,74.35,75.44,73.8,74.2,74.33,74.35,,74.19,,,48551,3600359.91,651,F1,1,,,,,
2026-08-27,2026-08-27,CM,NSE,STK,15214,INE477B01010,DVL,EQ,,,,,DHUNSERI VENTURES LIMITED,300.0,300.0,279.68,293.97,292.9,294.44,,293.94,,,48383,14110182.42,1524,F1,1,,,,,
2026-08-27,2026-08-27,CM,NSE,STK,9354,INE586B01026,TAJGVK,EQ,,,,,TAJ GVK HOTELS & RESORTS,339.35,342.75,337.1,341.75,342.7,339.4,,341.75,,,48286,16427525.2,2201,F1,1,,,,,
2026-08-27,2026-08-27,CM,NSE,STK,13035,INE429E01023,SAFARI,EQ,,,,,SAFARI IND (INDIA) LTD,1496.1,1541.0,1496.1,1522.2,1522.2,1496.1,,1522.1,,,48118,73461057.6,5039,F1,1,,,,,
2026-08-27,2026-08-27,CM,NSE,STK,4391,INE635Q01029,GULFOILLUB,EQ,,,,,GULF OIL LUB. IND. LTD.,1170.0,1170.0,1150.0,1154.3,1152.0,1162.8,,1154.28,,,48111,55634707.5,4984,F1,1,,,,,
2026-08-27,2026-08-27,CM,NSE,STK,23043,INE0NQ801033,RKSWAMY,EQ,,,,,R K SWAMY LIMITED,94.0,94.5,93.0,94.01,94.24,93.2,,94.02,,,48023,4502391.65,564,F1,1,,,,,
2026-08-27,2026-08-27,CM,NSE,STK,3329,INE858B01029,ISGEC,EQ,,,,,ISGEC HEAVY ENG LTD,773.9,783.0,759.3,780.4,780.05,769.3,,780.4,,,47827,36958862.95,9794,F1,1,,,,,
2026-08-27,2026-08-27,CM,NSE,STK,11979,INE501G01024,HTMEDIA,EQ,,,,,HT MEDIA LIMITED,26.99,27.68,26.92,27.05,27.0,26.88,,27.05,,,47718,1290061.24,148,F1,1,,,,,
2026-08-27,2026-08-27,CM,NSE,STK,29171,INE0WO601020,LAXMIDENTL,EQ,,,,,LAXMI DENTAL LIMITED,196.9,196.9,193.9,194.82,196.0,196.21,,194.83,,,47648,9289368.79,1469,F1,1,,,,,
2026-08-27,2026-08-27,CM,NSE,STK,21062,INE0DUT01020,INNOVACAP,EQ,,,,,INNOVA CAPTAB LIMITED,1026.0,1039.35,1011.0,1021.55,1018.0,1031.25,,1021.54,,,47647,48884265.05,6597,F1,1,,,,,
2026-08-27,2026-08-27,CM,NSE,STK,8944,INE01EG01016,RITCO,EQ,,,,,RITCO LOGISTICS LIMITED,312.5,318.4,307.8,310.1,311.95,311.2,,310.09,,,47535,14826428.9,1604,F1,1,,,,,
2026-08-27,2026-08-27,CM,NSE,STK,25941,INE497S01012,GODAVARIB,EQ,,,,,GODAVARI BIOREFINERIES L,241.65,244.2,238.4,239.15,239.3,243.15,,239.17,,,47074,11326512.55,1123,F1,1,,,,,
2026-08-27,2026-08-27,CM,NSE,STK,15254,INE482A01020,CEATLTD,EQ,,,,,CEAT LIMITED,3585.2,3599.1,3500.0,3510.6,3505.0,3584.3,,3510.74,,,46998,166232652.6,9646,F1,1,,,,,
2026-08-27,2026-08-27,CM,NSE,STK,11039,INE08KP01019,DCMNVL,EQ,,,,,DCM NOUVELLE LIMITED,182.55,198.58,182.55,190.98,192.89,189.18,,190.98,,,46978,9106019.11,982,F1,1,,,,,
2026-08-27,2026-08-27,CM,NSE,STK,758952,INF754K01VV4,ELM250,EQ,,,,,EDELAMC - ELM250,17.01,17.1,16.75,16.83,16.89,16.93,,16.83,,,46857,790758.33,219,F1,1,,,,,
2026-08-27,2026-08-27,CM,NSE,STK,2854,INE00LO01017,CRAFTSMAN,EQ,,,,,CRAFTSMAN AUTOMATION LTD,10564.5,10929.5,10473.0,10898.0,10885.0,10539.0,,10897.67,,,46789,503733918.5,13894,F1,1,,,,,
2026-08-27,2026-08-27,CM,NSE,STK,21578,INE073V01015,COMSYN,EQ,,,,,COMMERCIAL SYN BAGS LTD,287.05,290.04,277.49,283.75,286.58,288.72,,283.75,,,46730,13239462.36,1088,F1,1,,,,,
2026-08-27,2026-08-27,CM,NSE,STK,2183,INE202Z01029,TSFINV,EQ,,,,,TSF INVESTMENTS LIMITED,410.95,412.5,399.15,404.2,406.9,410.65,,404.2,,,46649,18874466.2,2328,F1,1,,,,,
2026-08-27,2026-08-27,CM,NSE,STK,7420,INE859Q01017,MANAKALUCO,EQ,,,,,MANAK ALUMINIUM CO. LTD.,40.0,40.7,38.74,39.1,39.0,39.17,,39.1,,,46528,1850836.56,701,F1,1,,,,,
2026-08-27,2026-08-27,CM,NSE,STK,764471,INE0MGM01017,ANNAPURNA,EQ,,,,,ANNAPURNA SWADISHT LTD,150.85,152.7,144.35,146.4,149.95,148.85,,146.4,,,46443,6856073.45,779,F1,1,,,,,
2026-08-27,2026-08-27,CM,NSE,STK,759057,INE13B501022,SAATVIKGL,EQ,,,,,SAATVIK GREEN ENERGY LTD,423.85,430.0,420.0,428.4,428.6,423.85,,428.34,,,46407,19709027.0,1770,F1,1,,,,,
2026-08-27,2026-08-27,CM,NSE,STK,3965,INE474C01023,REMSONSIND,EQ,,,,,REMSONS INDUSTRIES LTD,81.09,82.98,80.1,80.46,80.1,81.09,,80.46,,,46303,3742101.09,1500,F1,1,,,,,
2026-08-27,2026-08-27,CM,NSE,STK,19458,INE0INJ01017,PLAZACABLE,EQ,,,,,PLAZA WIRES LIMITED,52.5,54.0,50.22,51.3,50.71,52.22,,51.31,,,46229,2388115.95,620,F1,1,,,,,
2026-08-27,2026-08-27,CM,NSE,STK,13598,INE818A01017,ANTELOPUS,EQ,,,,,ANTELOPUS SELAN ENRGY LTD,787.0,793.85,778.0,781.2,784.0,792.05,,781.16,,,46134,36067902.65,2412,F1,1,,,,,
2026-08-27,2026-08-27,CM,NSE,STK,762961,INE405A01021,ULTRAMAR,EQ,,,,,ULTRAMARINE & PIGMENTS L,434.9,435.0,421.05,423.3,424.1,432.75,,423.29,,,45873,19631093.65,2477,F1,1,,,,,
2026-08-27,2026-08-27,CM,NSE,STK,19097,INE203Y01012,SILLYMONKS,EQ,,,,,SILLY MONKS ENTERTAIN LTD,16.64,16.64,15.35,15.5,15.51,16.58,,15.5,,,45633,712644.37,207,F1,1,,,,,
2026-08-27,2026-08-27,CM,NSE,STK,760673,INF666M01NP5,GROWWCHEM,EQ,,,,,GROWWAMC - GROWWCHEM,30.98,30.98,30.16,30.4,30.16,30.64,,30.4,,,45212,1381185.15,361,F1,1,,,,,
2026-08-27,2026-08-27,CM,NSE,STK,14459,INE500X01013,LEXUS,EQ,,,,,LEXUS GRANITO (INDIA) LTD,14.45,14.45,13.04,13.07,13.19,13.75,,13.07,,,45143,599060.98,189,F1,1,,,,,
2026-08-27,2026-08-27,CM,NSE,STK,28764,INE037Z01029,CEWATER,EQ,,,,,CONCORD ENVIRO SYSTEMS L,273.0,274.65,265.05,266.25,265.1,271.75,,266.3,,,44998,12145945.8,2302,F1,1,,,,,
2026-08-27,2026-08-27,CM,NSE,STK,14607,INE797H01018,TGBHOTELS,EQ,,,,,TGB BANQUETS&HOTELS LTD,9.28,9.63,8.55,9.15,9.26,9.27,,9.15,,,44990,403750.11,152,F1,1,,,,,
2026-08-27,2026-08-27,CM,NSE,STK,11140,INE748Z01013,SUMIT,EQ,,,,,SUMIT WOODS LIMITED,50.9,51.89,49.71,51.53,51.66,51.21,,51.53,,,44744,2260279.52,728,F1,1,,,,,
2026-08-27,2026-08-27,CM,NSE,STK,17794,INE323J01019,SOMICONVEY,EQ,,,,,SOMI CONVEYOR BELT. LTD.,91.5,93.7,90.05,91.28,90.7,91.85,,91.29,,,44147,4030684.29,1027,F1,1,,,,,
2026-08-27,2026-08-27,CM,NSE,STK,759368,INF740KA1WU9,FLEXIADD,EQ,,,,,DSPAMC - FLEXIADD,10.28,10.28,10.15,10.2,10.18,10.23,,10.2,,,44144,449741.67,273,F1,1,,,,,
2026-08-27,2026-08-27,CM,NSE,STK,761095,INF200KB1AJ0,SBIMIDMOM,EQ,,,,,SBIAMC - SBIMIDMOM,65.97,65.97,64.71,64.73,64.91,64.98,,64.73,,,43378,2811109.59,128,F1,1,,,,,
2026-08-27,2026-08-27,CM,NSE,STK,2687,INE633B01018,POLYPLEX,EQ,,,,,POLYPLEX CORPORATION LTD,1172.5,1181.5,1147.1,1149.2,1153.9,1175.4,,1149.19,,,43298,50167765.1,3475,F1,1,,,,,
2026-08-27,2026-08-27,CM,NSE,STK,757817,INF247L01FQ0,MOMIDMTM,EQ,,,,,MOTILALAMC - MOMIDMTM,65.88,65.93,65.43,65.68,65.69,65.63,,65.68,,,43227,2837149.54,235,F1,1,,,,,
2026-08-27,2026-08-27,CM,NSE,STK,3546,INE690A01028,TTKPRESTIG,EQ,,,,,TTK PRESTIGE LTD,614.4,614.4,603.85,606.9,605.0,610.15,,606.89,,,42507,25823585.8,4015,F1,1,,,,,
2026-08-27,2026-08-27,CM,NSE,STK,19292,INE482B01010,TERASOFT,EQ,,,,,TERA SOFTWARE LIMITED,311.65,323.9,295.0,301.35,298.5,306.3,,301.35,,,42482,13170130.1,2219,F1,1,,,,,
2026-08-27,2026-08-27,CM,NSE,STK,14982,INE320B01020,CENTUM,EQ,,,,,CENTUM ELECTRONICS LTD,3349.5,3444.0,3349.5,3401.9,3410.0,3334.5,,3402.23,,,42422,144548817.1,9841,F1,1,,,,,
2026-08-27,2026-08-27,CM,NSE,STK,759397,INE880Y01017,SOLEX,EQ,,,,,SOLEX ENERGY LIMITED,785.75,788.0,753.05,762.0,761.25,781.45,,762.09,,,41650,31849348.7,3157,F1,1,,,,,
2026-08-27,2026-08-27,CM,NSE,STK,22433,INF179KC1HY0,HDFCNIFBAN,EQ,,,,,HDFCAMC - HDFCNIFBAN,59.68,59.69,59.19,59.29,59.19,59.55,,59.29,,,41641,2473345.64,336,F1,1,,,,,
2026-08-27,2026-08-27,CM,NSE,STK,1110,INE688Y01022,DANGEE,EQ,,,,,DANGEE DUMS LIMITED,2.88,2.92,2.78,2.87,2.88,2.82,,2.87,,,41132,117354.49,152,F1,1,,,,,
2026-08-27,2026-08-27,CM,NSE,STK,18581,INE732A01036,KIRLOSBROS,EQ,,,,,KIRLOSKAR BROTHERS LTD,1914.9,1919.0,1885.8,1899.3,1900.0,1900.7,,1899.31,,,41120,78287317.9,6015,F1,1,,,,,
2026-08-27,2026-08-27,CM,NSE,STK,6006,INE377E01024,COASTCORP,EQ,,,,,COASTAL CORPORATION LTD,40.69,41.09,40.2,40.62,40.74,40.69,,40.48,,,41001,1665477.78,360,F1,1,,,,,
2026-08-27,2026-08-27,CM,NSE,STK,6673,INE976E01023,FOODSIN,EQ,,,,,FOODS & INNS LIMITED,53.05,54.72,53.0,53.15,53.0,53.33,,53.17,,,40979,2202229.59,1270,F1,1,,,,,
2026-08-27,2026-08-27,CM,NSE,STK,12384,INE518E01015,ZIMLAB,EQ,,,,,ZIM LABORATORIES LIMITED,126.41,130.4,125.0,125.21,125.7,126.4,,125.19,,,40646,5161206.83,541,F1,1,,,,,
2026-08-27,2026-08-27,CM,NSE,STK,11573,INE451A01017,FORCEMOT,EQ,,,,,FORCE MOTORS LIMITED,17495.0,17537.0,17301.0,17375.0,17375.0,17450.0,,17374.21,,,40549,704747593.0,12215,F1,1,,,,,
2026-08-27,2026-08-27,CM,NSE,STK,17881,INE950I01011,DBCORP,EQ,,,,,D.B.CORP LTD,204.92,205.92,202.21,205.17,204.64,203.71,,205.17,,,40384,8255039.79,1516,F1,1,,,,,
2026-08-27,2026-08-27,CM,NSE,STK,3906,INE475E01026,CAPLIPOINT,EQ,,,,,CAPLIN POINT LAB LTD.,2529.9,2548.1,2500.7,2540.7,2548.0,2516.3,,2540.84,,,40296,101898374.9,6158,F1,1,,,,,
2026-08-27,2026-08-27,CM,NSE,STK,15067,INE0N7W01012,BLAL,EQ,,,,,BEML LAND ASSETS LIMITED,168.79,169.5,165.95,166.46,166.12,166.76,,166.46,,,40101,6685172.02,528,F1,1,,,,,
2026-08-27,2026-08-27,CM,NSE,STK,765120,INE227F01010,MKEXIM,EQ,,,,,M K EXIM (INDIA) LTD.,64.0,68.69,62.01,64.3,65.0,63.38,,64.64,,,40017,2582740.92,215,F1,1,,,,,
2026-08-27,2026-08-27,CM,NSE,STK,11606,INE742B01025,GUFICBIO,EQ,,,,,GUFIC BIOSCIENCES LTD.,414.0,416.0,405.0,412.2,410.0,408.45,,412.2,,,39966,16351638.95,1799,F1,1,,,,,
2026-08-27,2026-08-27,CM,NSE,STK,2481,INE229A01017,ONWARDTEC,EQ,,,,,ONWARD TECHNOLOGIES LTD,283.05,294.35,283.05,285.6,285.15,283.4,,285.6,,,39930,11505337.8,1044,F1,1,,,,,
2026-08-27,2026-08-27,CM,NSE,STK,14339,INE460C01014,GANESHHOU,EQ,,,,,GANESH HOUSING LIMITED,814.0,825.9,791.1,798.3,801.0,813.4,,798.29,,,39849,32041939.5,3684,F1,1,,,,,
2026-08-27,2026-08-27,CM,NSE,STK,762346,INE655V01019,RMC,EQ,,,,,RMC SWITCHGEARS LIMITED,257.0,258.2,248.6,249.45,249.8,256.75,,249.6,,,39639,10028334.9,1017,F1,1,,,,,
2026-08-27,2026-08-27,CM,NSE,STK,15840,INE262Z01023,LATTEYS,EQ,,,,,LATTEYS INDUSTRIES LTD,23.5,23.5,22.0,22.2,22.38,22.6,,22.2,,,39358,879465.63,178,F1,1,,,,,
2026-08-27,2026-08-27,CM,NSE,STK,11935,INE978G01016,SPLIL,EQ,,,,,SPL INDUSTRIES LIMITED,35.3,35.3,32.3,34.08,34.9,34.14,,34.08,,,39293,1324424.7,254,F1,1,,,,,
2026-08-27,2026-08-27,CM,NSE,STK,762807,INE166R01015,NATIONSTD,EQ,,,,,NATIONAL STAND (INDIA) L,103.44,107.45,103.44,103.44,103.44,108.88,,103.44,,,39226,4062606.16,371,F1,1,,,,,
2026-08-27,2026-08-27,CM,NSE,STK,23489,INE343G01021,BHARTIHEXA,EQ,,,,,BHARTI HEXACOM LIMITED,1579.1,1598.2,1547.7,1551.1,1550.0,1579.8,,1551.25,,,38948,60927838.0,8084,F1,1,,,,,
2026-08-27,2026-08-27,CM,NSE,STK,19597,INE07U701015,IRMENERGY,EQ,,,,,IRM ENERGY LIMITED,289.0,291.45,281.7,283.1,282.5,287.5,,283.1,,,38894,11066668.1,1446,F1,1,,,,,
2026-08-27,2026-08-27,CM,NSE,STK,21392,INE347W01011,MAGADSUGAR,EQ,,,,,MAGADH SUGAR & ENERGY LTD,577.0,582.45,547.35,551.0,553.95,577.1,,551.09,,,38876,21750266.0,2433,F1,1,,,,,
2026-08-27,2026-08-27,CM,NSE,STK,14490,INE732C01016,NCLIND,EQ,,,,,NCL INDUSTRIES LIMITED,181.85,183.47,177.05,178.61,177.05,181.85,,178.59,,,38756,6958996.53,3130,F1,1,,,,,
2026-08-27,2026-08-27,CM,NSE,STK,3387,INE294B01019,SMLMAH,EQ,,,,,SML MAHINDRA LIMITED,5237.0,5250.0,5155.0,5194.0,5200.0,5190.5,,5193.99,,,38450,199794076.0,5675,F1,1,,,,,
2026-08-27,2026-08-27,CM,NSE,STK,10922,INE090B01011,OMAXAUTO,EQ,,,,,OMAX AUTOS LTD,186.84,193.5,183.22,191.23,190.0,186.84,,191.25,,,38392,7290259.8,862,F1,1,,,,,
2026-08-27,2026-08-27,CM,NSE,STK,263,INE100A01010,ATUL,EQ,,,,,ATUL LTD,6568.0,6602.0,6481.0,6585.0,6598.5,6526.0,,6584.85,,,38284,250690981.5,11468,F1,1,,,,,
2026-08-27,2026-08-27,CM,NSE,STK,4040,INE158B01016,EIMCOELECO,EQ,,,,,EIMCO ELECON (INDIA) LTD,2205.6,2233.9,2176.0,2211.2,2215.0,2205.6,,2211.14,,,38142,84098086.3,3701,F1,1,,,,,
2026-08-27,2026-08-27,CM,NSE,STK,6407,INE112F01022,LAMBODHARA,EQ,,,,,LAMBODHARA TEXTILES LTD.,141.0,147.19,139.51,140.71,141.45,141.88,,140.67,,,38124,5462967.05,835,F1,1,,,,,
2026-08-27,2026-08-27,CM,NSE,STK,1672,INE926X01010,HGINFRA,EQ,,,,,H.G.INFRA ENGINEERING LTD,501.95,506.15,500.25,502.15,501.25,501.9,,502.15,,,37937,19052782.5,1688,F1,1,,,,,
2026-08-27,2026-08-27,CM,NSE,STK,24386,INE0B9K01025,BANSALWIRE,EQ,,,,,BANSAL WIRE INDUSTRIES L,320.5,326.0,315.35,316.95,317.0,320.5,,316.91,,,37906,12116091.65,1645,F1,1,,,,,
2026-08-27,2026-08-27,CM,NSE,STK,2406,INE794A01010,NEULANDLAB,EQ,,,,,NEULAND LAB LTD.,23545.0,23730.0,23350.0,23496.0,23500.0,23545.0,,23495.94,,,37696,887116532.0,12679,F1,1,,,,,
2026-08-27,2026-08-27,CM,NSE,STK,761037,INE016Q01014,CEINSYS,EQ,,,,,CEINSYS TECH LIMITED,731.8,744.0,719.8,727.0,724.0,728.2,,727.06,,,37637,27495155.15,2769,F1,1,,,,,
2026-08-27,2026-08-27,CM,NSE,STK,13337,INE297H01019,GALLANTT,EQ,,,,,GALLANTT ISPAT LIMITED,581.0,589.0,573.25,576.85,576.75,583.5,,576.87,,,37534,21805155.0,3244,F1,1,,,,,
2026-08-27,2026-08-27,CM,NSE,STK,14278,INE607D01018,ORIENTBELL,EQ,,,,,ORIENT BELL LIMITED,379.1,382.05,371.1,377.2,377.0,378.2,,377.12,,,37203,14015295.4,810,F1,1,,,,,
2026-08-27,2026-08-27,CM,NSE,STK,764195,INF174KA1A94,PVTBANK,EQ,,,,,KOTAKMAMC - PVTBANK,27.81,28.03,27.81,27.94,28.03,27.81,,27.94,,,37160,1035664.27,22,F1,1,,,,,
2026-08-27,2026-08-27,CM,NSE,STK,18252,INE212I01016,SPAL,EQ,,,,,S. P. APPARELS LIMITED,950.7,964.0,936.0,952.95,961.0,949.7,,952.92,,,37022,35064945.8,2972,F1,1,,,,,
2026-08-27,2026-08-27,CM,NSE,STK,11297,INE173A01025,SIL,EQ,,,,,STANDARD INDUSTRIES LTD.,19.56,20.08,19.2,19.32,19.35,19.65,,19.33,,,37009,726078.03,406,F1,1,,,,,
2026-08-27,2026-08-27,CM,NSE,STK,6164,INE414D01027,BHAGCHEM,EQ,,,,,BHAGIRADHA CHEM & INDS L,286.6,286.6,281.3,282.6,281.75,286.6,,282.58,,,36932,10446694.1,947,F1,1,,,,,
2026-08-27,2026-08-27,CM,NSE,STK,18564,INE010V01017,LTTS,EQ,,,,,L&T TECHNOLOGY SER. LTD.,3556.0,3564.0,3525.3,3537.9,3525.7,3543.2,,3537.87,,,36907,130683771.2,8706,F1,1,,,,,
2026-08-27,2026-08-27,CM,NSE,STK,20560,INE325C01035,DOLLAR,EQ,,,,,DOLLAR INDUSTRIES LIMITED,271.9,271.9,264.6,265.25,266.4,270.9,,265.26,,,36835,9865984.65,1472,F1,1,,,,,
2026-08-27,2026-08-27,CM,NSE,STK,759587,INE00Q601028,STUDDS,EQ,,,,,STUDDS ACCESSORIES LTD,451.35,452.0,447.1,450.25,450.0,451.35,,450.27,,,36654,16489324.75,1377,F1,1,,,,,
2026-08-27,2026-08-27,CM,NSE,STK,759847,INE024F01011,SHILCTECH,EQ,,,,,SHILCHAR TECHNOLOGIES LTD,3920.0,4123.8,3920.0,4045.8,4030.0,3947.8,,4043.18,,,36592,148412749.1,7356,F1,1,,,,,
2026-08-27,2026-08-27,CM,NSE,STK,4184,INE495C01010,SANGAMIND,EQ,,,,,SANGAM (INDIA) LTD,570.3,585.25,567.05,579.8,576.5,570.95,,579.8,,,36440,20993224.35,2397,F1,1,,,,,
2026-08-27,2026-08-27,CM,NSE,STK,20134,INE874I01013,RAMKY,EQ,,,,,RAMKY INFRA LTD,366.7,370.05,360.0,362.75,360.0,366.2,,362.74,,,36363,13260951.5,1453,F1,1,,,,,
2026-08-27,2026-08-27,CM,NSE,STK,24014,INE02L001032,BOROSCI,EQ,,,,,BOROSIL SCIENTIFIC LTD,127.07,128.17,125.25,125.89,126.49,127.07,,125.88,,,36361,4609210.02,981,F1,1,,,,,
2026-08-27,2026-08-27,CM,NSE,STK,10786,INE781B01015,NOIDATOLL,EQ,,,,,NOIDA TOLL BRIDGE CO LTD,4.14,4.18,4.06,4.13,4.12,4.13,,4.13,,,36328,148893.04,201,F1,1,,,,,
2026-08-27,2026-08-27,CM,NSE,STK,22347,INE155Z01011,MACPOWER,EQ,,,,,MACPOWER CNC MACHINES LTD,1831.8,1921.5,1826.1,1868.8,1878.8,1850.6,,1868.8,,,36143,68215282.2,3760,F1,1,,,,,
2026-08-27,2026-08-27,CM,NSE,STK,759256,INE965W01036,BMWVENTLTD,EQ,,,,,BMW VENTURES LIMITED,57.0,57.24,56.5,56.95,56.57,56.9,,56.95,,,36087,2047749.53,808,F1,1,,,,,
2026-08-27,2026-08-27,CM,NSE,STK,29423,INE954E01012,MOHITIND,EQ,,,,,MOHIT INDUSTRIES LTD,23.06,25.85,23.06,25.07,25.23,23.48,,25.07,,,36060,895437.17,280,F1,1,,,,,
2026-08-27,2026-08-27,CM,NSE,STK,6462,INF209KB11D8,TECH,EQ,,,,,BIRLASLAMC - TECH,33.23,33.55,33.08,33.22,33.55,33.39,,33.22,,,36036,1196766.88,159,F1,1,,,,,
2026-08-27,2026-08-27,CM,NSE,STK,7848,INE828A01016,BIL,EQ,,,,,BHARTIYA INTERNATIONAL,845.75,877.4,845.75,867.15,857.0,840.45,,865.6,,,35867,30895868.7,755,F1,1,,,,,
2026-08-27,2026-08-27,CM,NSE,STK,21840,INE393P01035,DIAMONDYD,EQ,,,,,PRATAAP SNACKS LIMITED,1168.2,1187.2,1158.4,1175.0,1173.0,1167.3,,1175.14,,,35814,42275191.3,1158,F1,1,,,,,
2026-08-27,2026-08-27,CM,NSE,STK,24969,INE052A01021,WINDMACHIN,EQ,,,,,WINDSOR MACHINES LIMITED,309.9,310.0,301.1,303.95,302.35,309.15,,303.9,,,35449,10781820.5,1562,F1,1,,,,,
2026-08-27,2026-08-27,CM,NSE,STK,8163,INE020801028,SPENCERS,EQ,,,,,SPENCER S RETAIL LIMITED,30.4,30.42,29.22,29.71,29.75,30.1,,29.71,,,35225,1049616.49,423,F1,1,,,,,
2026-08-27,2026-08-27,CM,NSE,STK,24856,INE0PQ101010,SSDL,EQ,,,,,SARASWATI SAREE DEPOT LTD,56.65,58.2,56.0,56.33,56.47,57.25,,56.33,,,35212,1991792.02,550,F1,1,,,,,
2026-08-27,2026-08-27,CM,NSE,STK,11407,INE445C01015,XPROINDIA,EQ,,,,,XPRO INDIA LIMITED,1173.0,1180.0,1134.0,1137.1,1140.0,1176.3,,1137.12,,,35135,40438547.1,2911,F1,1,,,,,
2026-08-27,2026-08-27,CM,NSE,STK,759205,INE1FF001016,JKIPL,EQ,,,,,JINKUSHAL INDUSTRIES LTD,109.5,109.69,106.02,109.12,109.0,106.39,,109.14,,,34996,3781424.92,514,F1,1,,,,,
2026-08-27,2026-08-27,CM,NSE,STK,11817,INE584F01014,MANGALAM,EQ,,,,,MANGALAM DRUG & CHEM LTD,31.5,32.99,31.5,32.15,32.0,31.41,,32.13,,,34979,1132374.74,321,F1,1,,,,,
2026-08-27,2026-08-27,CM,NSE,STK,8146,INE060X01034,DEVIT,EQ,,,,,DEV INFO TECHNOLOGY LTD,25.49,25.61,24.52,24.86,24.94,25.46,,24.86,,,34292,858039.69,238,F1,1,,,,,
2026-08-27,2026-08-27,CM,NSE,STK,5428,INE948A01012,TRIGYN,EQ,,,,,TRIGYN TECHNOLOGIES LTD,61.0,61.45,59.04,60.09,59.51,60.66,,60.08,,,34212,2062214.87,559,F1,1,,,,,
2026-08-27,2026-08-27,CM,NSE,STK,4064,INE144D01012,CUBEXTUB,EQ,,,,,CUBEX TUBINGS LTD,77.95,78.16,76.25,76.43,76.25,77.87,,76.46,,,34198,2635107.73,1224,F1,1,,,,,
2026-08-27,2026-08-27,CM,NSE,STK,1515,INE383A01012,INDIACEM,EQ,,,,,THE INDIA CEMENTS LIMITED,373.75,374.4,368.15,369.05,369.35,371.85,,369.03,,,34132,12644564.0,3685,F1,1,,,,,
2026-08-27,2026-08-27,CM,NSE,STK,17616,INF740KA1SY9,PSUBANKADD,EQ,,,,,DSPAMC - DSPPSBKETF,88.09,88.09,86.86,87.02,86.95,87.97,,86.99,,,34081,2973506.62,186,F1,1,,,,,
2026-08-27,2026-08-27,CM,NSE,STK,11394,INE358U01012,ZOTA,EQ,,,,,ZOTA HEALTH CARE LIMITED,1080.6,1111.0,1080.0,1081.3,1084.0,1077.1,,1081.3,,,34014,37002811.5,2204,F1,1,,,,,
2026-08-27,2026-08-27,CM,NSE,STK,760594,INE24OJ01011,BUILDPRO,EQ,,,,,SHANKARA BUILDPRO LIMITED,1245.0,1259.0,1225.1,1242.1,1243.0,1262.9,,1242.13,,,33871,42034760.9,3159,F1,1,,,,,
2026-08-27,2026-08-27,CM,NSE,STK,20372,INE00Y201027,FLAIR,EQ,,,,,FLAIR WRITING INDUST LTD,251.7,252.0,247.05,247.95,247.35,250.25,,247.94,,,33840,8415441.6,891,F1,1,,,,,
2026-08-27,2026-08-27,CM,NSE,STK,29944,INF174KA1UW4,NIFTY100EW,EQ,,,,,KOTAKMAMC - NIFTY100EW,35.94,35.94,35.49,35.69,35.73,35.94,,35.69,,,33598,1196551.13,208,F1,1,,,,,
2026-08-27,2026-08-27,CM,NSE,STK,8175,INE976T01013,SAGARDEEP,EQ,,,,,SAGARDEEP ALLOYS LIMITED,24.2,26.99,23.51,23.79,23.8,23.64,,23.79,,,33589,817304.94,209,F1,1,,,,,
2026-08-27,2026-08-27,CM,NSE,STK,619,INE485A01015,CENTENKA,EQ,,,,,CENTURY ENKA LTD,560.0,560.0,545.1,547.3,546.0,557.55,,547.3,,,33256,18258663.4,2032,F1,1,,,,,
2026-08-27,2026-08-27,CM,NSE,STK,14319,INE804H01012,TFL,EQ,,,,,TRANSWARRANTY FIN. LTD.,12.48,12.79,11.51,12.07,12.25,11.71,,12.07,,,33191,399336.6,93,F1,1,,,,,
2026-08-27,2026-08-27,CM,NSE,STK,760101,INE2J8701016,SKFINDUS,EQ,,,,,SKF IND (INDUSTRIAL) LTD,2870.0,2930.0,2835.1,2891.6,2892.1,2864.8,,2891.5,,,33057,95239969.2,7045,F1,1,,,,,
2026-08-27,2026-08-27,CM,NSE,STK,1547,INE786W01010,RKEC,EQ,,,,,RKEC PROJECTS LIMITED,23.97,23.97,22.0,22.32,22.2,23.24,,22.32,,,32945,737695.8,204,F1,1,,,,,
2026-08-27,2026-08-27,CM,NSE,STK,2112,INE882A01013,MARALOVER,EQ,,,,,MARAL OVERSEAS LTD,55.7,57.48,54.1,56.27,55.55,55.7,,56.26,,,32937,1857486.41,255,F1,1,,,,,
2026-08-27,2026-08-27,CM,NSE,STK,762608,INE00HZ01011,BNAGROCHEM,EQ,,,,,BN AGROCHEM LTD.,219.05,234.95,219.05,233.9,234.45,230.05,,233.9,,,32625,7488832.2,100,F1,1,,,,,
2026-08-27,2026-08-27,CM,NSE,STK,2176,INE00Y801016,AKG,EQ,,,,,AKG EXIM LIMITED,9.98,9.98,9.08,9.24,9.3,9.58,,9.24,,,32487,301665.12,312,F1,1,,,,,
2026-08-27,2026-08-27,CM,NSE,STK,14511,INE629D01020,BANSWRAS,EQ,,,,,BANSWARA SYNTEX LIMITED,117.0,119.8,115.5,118.46,117.5,114.88,,118.46,,,32468,3817252.89,753,F1,1,,,,,
2026-08-27,2026-08-27,CM,NSE,STK,25340,INE590L01019,VASWANI,EQ,,,,,VASWANI IND LTD,49.59,49.99,47.53,48.42,49.0,48.3,,48.42,,,32341,1560013.0,225,F1,1,,,,,
2026-08-27,2026-08-27,CM,NSE,STK,13565,INE278B01020,RAMANEWS,EQ,,,,,SHREE RAMA NEWSPRINT LTD,32.0,33.49,31.75,32.77,32.5,31.81,,32.77,,,32254,1061369.93,280,F1,1,,,,,
2026-08-27,2026-08-27,CM,NSE,STK,6973,INE505A01010,DMCC,EQ,,,,,DMCC SPECIALITY CHEMICALS,288.2,288.2,277.0,279.1,277.55,285.9,,279.21,,,32174,9029560.25,1172,F1,1,,,,,
2026-08-27,2026-08-27,CM,NSE,STK,30290,INF200KB1712,SBIBPB,EQ,,,,,SBIAMC - SBIBPB,50.6,50.9,49.41,49.89,49.82,50.35,,49.89,,,32106,1605308.39,318,F1,1,,,,,
2026-08-27,2026-08-27,CM,NSE,STK,24190,INE225D01027,SYMPHONY,EQ,,,,,SYMPHONY LIMITED,602.5,605.0,597.0,599.05,601.9,602.5,,599.25,,,32084,19218629.1,2267,F1,1,,,,,
2026-08-27,2026-08-27,CM,NSE,STK,18967,INE542Z01028,KAPSTON,EQ,,,,,KAPSTON SERVICES LIMITED,508.05,510.3,500.0,501.0,500.1,505.25,,501.0,,,31930,16087097.95,1495,F1,1,,,,,
2026-08-27,2026-08-27,CM,NSE,STK,9014,INE294Z01018,ANUP,EQ,,,,,THE ANUP ENGINEERING LTD,1782.0,1819.7,1775.6,1801.3,1792.5,1786.2,,1801.31,,,31913,57489291.3,3852,F1,1,,,,,
2026-08-27,2026-08-27,CM,NSE,STK,2614,INE694N01015,HERANBA,EQ,,,,,HERANBA INDUSTRIES LTD,175.0,177.49,168.97,169.69,169.5,174.06,,169.69,,,31886,5465535.56,1125,F1,1,,,,,
2026-08-27,2026-08-27,CM,NSE,STK,31507,INE147P01019,JPOLYINVST,EQ,,,,,JIND POL INV & FIN CO LTD,982.1,1065.0,960.0,966.1,960.0,992.2,,966.11,,,31789,32186422.4,3813,F1,1,,,,,
2026-08-27,2026-08-27,CM,NSE,STK,2912,INE046A01015,RIIL,EQ,,,,,RELIANCE INDUSTRIAL INFRA,769.9,769.9,755.1,758.9,757.0,762.5,,758.86,,,31756,24153595.0,1721,F1,1,,,,,
2026-08-27,2026-08-27,CM,NSE,STK,14198,INE325A01013,TIMKEN,EQ,,,,,TIMKEN INDIA LTD.,3090.0,3197.0,3090.0,3183.4,3197.0,3098.7,,3183.38,,,31733,100265533.8,8046,F1,1,,,,,
2026-08-27,2026-08-27,CM,NSE,STK,11593,INF179KC1HX2,HDFCSENSEX,EQ,,,,,HDFCAMC - HDFCSENSEX,87.8,88.48,87.6,87.65,87.6,88.03,,87.65,,,31710,2783646.55,452,F1,1,,,,,
2026-08-27,2026-08-27,CM,NSE,STK,19877,INE919I01024,RADIOCITY,EQ,,,,,MUSIC BROADCAST LIMITED,6.62,6.82,6.5,6.57,6.6,6.62,,6.57,,,31627,208407.87,113,F1,1,,,,,
2026-08-27,2026-08-27,CM,NSE,STK,765205,INE400A01014,TUTIALKA,EQ,,,,,TUTICORIN ALKAL CH & FE L,58.89,62.7,56.9,59.04,58.76,58.88,,59.07,,,31516,1906506.4,396,F1,1,,,,,
2026-08-27,2026-08-27,CM,NSE,STK,4491,INE782A01015,BOSCH-HCIL,EQ,,,,,BOSCH HOME COMFRT IND LTD,1714.1,1732.0,1660.0,1667.6,1660.0,1705.6,,1667.89,,,31224,52834179.9,4080,F1,1,,,,,
2026-08-27,2026-08-27,CM,NSE,STK,29487,INE149O01018,NIBE,EQ,,,,,NIBE LIMITED,1395.1,1407.8,1378.1,1388.6,1391.9,1392.2,,1388.66,,,31196,43342508.3,2723,F1,1,,,,,
2026-08-27,2026-08-27,CM,NSE,STK,3766,INE715A01015,WHEELS,EQ,,,,,WHEELS INDIA LTD,1486.0,1520.0,1483.0,1516.3,1519.0,1487.1,,1516.12,,,31125,46859419.2,3593,F1,1,,,,,
2026-08-27,2026-08-27,CM,NSE,STK,17651,INE637C01025,POKARNA,EQ,,,,,POKARNA LIMITED,869.7,876.25,852.95,855.3,853.6,869.6,,855.26,,,31056,26760605.4,2315,F1,1,,,,,
2026-08-27,2026-08-27,CM,NSE,STK,14742,INF846K010Q0,SENSEXAXIS,EQ,,,,,AXISAMC-SENSEXAXIS,80.5,80.5,80.02,80.24,80.35,80.5,,80.24,,,31026,2487536.38,71,F1,1,,,,,
2026-08-27,2026-08-27,CM,NSE,STK,530,INE110A01019,BPL,EQ,,,,,BPL LTD,51.99,52.69,51.6,51.79,51.9,51.67,,51.79,,,31024,1614008.94,592,F1,1,,,,,
2026-08-27,2026-08-27,CM,NSE,STK,4201,INE314C01013,SOMATEX,EQ,,,,,SOMA TEXTILES & INDUST LT,83.75,86.89,80.55,80.8,80.55,84.78,,80.82,,,30964,2524489.65,383,F1,1,,,,,
2026-08-27,2026-08-27,CM,NSE,STK,18214,INE141K01013,TEXMOPIPES,EQ,,,,,TEXMO PIPE & PRODUCTS LTD,47.89,48.0,46.55,46.95,46.75,47.34,,46.92,,,30818,1461413.47,368,F1,1,,,,,
2026-08-27,2026-08-27,CM,NSE,STK,14466,INE884B01025,KIRLFER,EQ,,,,,KIRLOSKAR FERROUS IND LTD,448.0,449.0,442.75,447.6,447.65,448.3,,447.61,,,30799,13713705.8,1604,F1,1,,,,,
2026-08-27,2026-08-27,CM,NSE,STK,764050,INE724A01017,GYFTR,EQ,,,,,GYFTR LIMITED,167.7,169.0,165.0,166.81,166.1,168.19,,166.6,,,30786,5119558.44,742,F1,1,,,,,
2026-08-27,2026-08-27,CM,NSE,STK,7457,INE293B01029,HAVISHA,EQ,,,,,SRI HAVISHA HOSP & INFR L,1.45,1.45,1.3,1.35,1.39,1.39,,1.35,,,30752,42480.77,113,F1,1,,,,,
2026-08-27,2026-08-27,CM,NSE,STK,22428,INE0CG601016,MAXIND,EQ,,,,,MAX INDIA LIMITED,150.72,154.4,149.51,150.48,150.95,150.98,,150.48,,,30422,4577979.9,967,F1,1,,,,,
2026-08-27,2026-08-27,CM,NSE,STK,10568,INE809A01032,RAMAPHO,EQ,,,,,RAMA PHOSPHATES LIMITED,126.0,128.01,124.2,126.56,126.8,128.0,,126.56,,,30254,3820734.23,626,F1,1,,,,,
2026-08-27,2026-08-27,CM,NSE,STK,5606,INE575C01027,INTLCONV,EQ,,,,,INTL CONVEYORS LIMITED,77.48,77.5,76.21,76.92,77.5,76.72,,76.92,,,30038,2313747.8,930,F1,1,,,,,
2026-08-27,2026-08-27,CM,NSE,STK,21077,INE272L01022,SURANASOL,EQ,,,,,SURANA SOLAR LIMITED,25.66,25.99,25.0,25.45,25.42,25.77,,25.46,,,30019,765551.18,350,F1,1,,,,,
2026-08-27,2026-08-27,CM,NSE,STK,10859,INE0JS101016,DREAMFOLKS,EQ,,,,,DREAMFOLKS SERVICES LTD,69.2,69.8,67.12,67.31,67.2,68.77,,67.31,,,29972,2027032.78,663,F1,1,,,,,
2026-08-27,2026-08-27,CM,NSE,STK,11689,INE399C01030,SUPRAJIT,EQ,,,,,SUPRAJIT ENGINEERING LTD,502.7,510.7,500.0,504.05,501.05,502.7,,504.12,,,29850,14999695.4,2835,F1,1,,,,,
2026-08-27,2026-08-27,CM,NSE,STK,5366,INE0H5O01029,WINDLAS,EQ,,,,,WINDLAS BIOTECH LIMITED,988.3,1010.0,972.0,987.15,982.3,978.4,,987.1,,,29843,29349190.75,2738,F1,1,,,,,
2026-08-27,2026-08-27,CM,NSE,STK,10530,INE597I01028,SHARDAMOTR,EQ,,,,,SHARDA MOTOR INDS LTD,897.3,897.3,872.1,874.5,872.3,891.6,,874.58,,,29628,26172272.45,3548,F1,1,,,,,
2026-08-27,2026-08-27,CM,NSE,STK,11813,INE498B01024,SHOPERSTOP,EQ,,,,,SHOPPERS STOP LIMITED,386.35,388.7,371.45,374.85,372.05,386.0,,374.84,,,29552,11198500.05,2255,F1,1,,,,,
2026-08-27,2026-08-27,CM,NSE,STK,24909,INE00M901018,INTERARCH,EQ,,,,,INTERARCH BLDNG SOLTN LTD,1691.2,1703.4,1672.0,1685.6,1690.0,1691.2,,1685.51,,,29383,49576749.1,3276,F1,1,,,,,
2026-08-27,2026-08-27,CM,NSE,STK,16875,INE176J01011,SICAGEN,EQ,,,,,SICAGEN INDIA LIMITED,56.0,56.0,53.86,54.97,54.52,54.96,,54.97,,,29181,1595738.53,441,F1,1,,,,,
2026-08-27,2026-08-27,CM,NSE,STK,16713,INE686F01025,UBL,EQ,,,,,UNITED BREWERIES LTD,1345.1,1351.3,1339.1,1346.6,1345.9,1353.7,,1346.61,,,29122,39140747.2,4758,F1,1,,,,,
2026-08-27,2026-08-27,CM,NSE,STK,11060,INE0D6I01023,KSOLVES,EQ,,,,,KSOLVES INDIA LIMITED,275.45,275.45,266.05,267.85,268.5,273.4,,267.89,,,29069,7843450.35,1403,F1,1,,,,,
2026-08-27,2026-08-27,CM,NSE,STK,11549,INE435C01024,TEXINFRA,EQ,,,,,TEXMACO INFRA & HOLDG LTD,112.16,112.16,110.0,110.55,110.0,110.13,,110.55,,,29042,3213009.23,384,F1,1,,,,,
2026-08-27,2026-08-27,CM,NSE,STK,27171,INE704B01017,RACLGEAR,EQ,,,,,RACL GEARTECH LIMITED,1526.6,1537.9,1484.3,1528.8,1529.0,1509.4,,1528.77,,,29003,43935565.3,3307,F1,1,,,,,
2026-08-27,2026-08-27,CM,NSE,STK,12716,INE985S01024,TEAMLEASE,EQ,,,,,TEAMLEASE SERVICES LTD.,1256.2,1263.9,1229.7,1252.7,1241.2,1248.8,,1252.62,,,28997,36042691.8,4786,F1,1,,,,,
2026-08-27,2026-08-27,CM,NSE,STK,2181,INE323A01026,BOSCHLTD,EQ,,,,,BOSCH LIMITED,48945.0,48945.0,48460.0,48780.0,48780.0,48895.0,,48762.63,,,28795,1402423030.0,7657,F1,1,,,,,
2026-08-27,2026-08-27,CM,NSE,STK,24321,INE0S2V01010,VRAJ,EQ,,,,,VRAJ IRON AND STEEL LTD,122.66,128.0,122.59,127.19,125.7,122.66,,127.19,,,28735,3581919.75,539,F1,1,,,,,
2026-08-27,2026-08-27,CM,NSE,STK,23142,INE772T01024,PVSL,EQ,,,,,POPULAR VEHICLES N SER L,106.53,109.8,105.63,106.08,106.0,106.53,,106.08,,,28688,3071068.78,527,F1,1,,,,,
2026-08-27,2026-08-27,CM,NSE,STK,6278,INE646B01010,MEDICAMEQ,EQ,,,,,MEDICAMEN BIOTECH LIMITED,241.38,242.43,228.0,230.74,231.0,240.66,,230.68,,,28626,6706384.35,726,F1,1,,,,,
2026-08-27,2026-08-27,CM,NSE,STK,760657,INE0ALI01010,ADVAIT,EQ,,,,,ADVAIT ENRGY TRANSITION L,2147.7,2151.2,2105.7,2114.7,2111.0,2147.7,,2114.32,,,28614,60642619.8,3939,F1,1,,,,,
2026-08-27,2026-08-27,CM,NSE,STK,3324,INE287B01021,SUBROS,EQ,,,,,SUBROS LIMITED,733.35,736.75,725.05,728.9,725.75,730.3,,728.87,,,28576,20865004.25,1861,F1,1,,,,,
2026-08-27,2026-08-27,CM,NSE,STK,760116,INE0TQE01026,GLOTTIS,EQ,,,,,GLOTTIS LIMITED,65.99,66.49,64.11,64.66,64.65,65.77,,64.67,,,28434,1845683.52,553,F1,1,,,,,
2026-08-27,2026-08-27,CM,NSE,STK,31138,INE453B01029,COMPUSOFT,EQ,,,,,COMPUCOM SOFTWARE LTD,13.37,13.55,13.25,13.47,13.38,13.29,,13.48,,,28431,380317.71,142,F1,1,,,,,
2026-08-27,2026-08-27,CM,NSE,STK,9087,INE751B01018,PIXTRANS,EQ,,,,,PIX TRANSMISSIONS LIMITED,1810.1,1892.1,1810.1,1863.6,1852.7,1810.1,,1863.46,,,28376,52679695.9,3894,F1,1,,,,,
2026-08-27,2026-08-27,CM,NSE,STK,1782,INE694E01014,KANPRPLA,EQ,,,,,KANPUR PLASTIPACK LIMITED,268.0,274.0,260.41,268.49,271.0,263.27,,268.45,,,28339,7539412.71,681,F1,1,,,,,
2026-08-27,2026-08-27,CM,NSE,STK,16395,INE511Y01018,MMP,EQ,,,,,MMP INDUSTRIES LIMITED,402.95,405.95,395.05,403.45,404.5,400.7,,403.45,,,28165,11300657.65,1034,F1,1,,,,,
2026-08-27,2026-08-27,CM,NSE,STK,760715,INE115S01010,HALDER,EQ,,,,,HALDER VENTURE LIMITED,292.25,299.8,290.05,297.88,299.0,295.99,,297.83,,,28147,8269478.93,321,F1,1,,,,,
2026-08-27,2026-08-27,CM,NSE,STK,17424,INE615I01010,GLOBUSSPR,EQ,,,,,GLOBUS SPIRITS LTD,924.0,924.0,907.05,912.3,911.05,915.45,,912.29,,,28085,25636129.0,1931,F1,1,,,,,
2026-08-27,2026-08-27,CM,NSE,STK,14413,INE761H01022,PAGEIND,EQ,,,,,PAGE INDUSTRIES LTD,35160.0,36215.0,35160.0,35800.0,35800.0,35155.0,,35800.0,,,28033,1005465540.0,10765,F1,1,,,,,
2026-08-27,2026-08-27,CM,NSE,STK,760415,INF769K01PZ5,TOP20,EQ,,,,,MIRAEAMC - TOP20,9.02,9.12,8.95,8.95,9.12,9.0,,8.95,,,27883,250277.61,210,F1,1,,,,,
2026-08-27,2026-08-27,CM,NSE,STK,13106,INE289A01011,NAHARINDUS,EQ,,,,,NAHAR INDS ENT LTD,135.0,140.7,135.0,138.1,138.95,135.92,,138.1,,,27875,3855455.44,443,F1,1,,,,,
2026-08-27,2026-08-27,CM,NSE,STK,764995,INE380K01017,VIVOBIOT,EQ,,,,,VIVO BIO TECH LTD.,18.5,18.98,17.51,18.8,18.98,18.5,,18.67,,,27829,513635.61,110,F1,1,,,,,
2026-08-27,2026-08-27,CM,NSE,STK,8825,INE959A01019,PRIVISCL,EQ,,,,,PRIVI SPECIALITY CHE LTD,3480.0,3489.0,3450.0,3456.6,3460.0,3458.4,,3456.62,,,27749,96319268.2,6242,F1,1,,,,,
2026-08-27,2026-08-27,CM,NSE,STK,29872,INF666M01JV1,GROWWN200,EQ,,,,,GROWWAMC - GROWWN200,11.17,11.77,11.17,11.47,11.49,11.46,,11.47,,,27722,318110.39,207,F1,1,,,,,
2026-08-27,2026-08-27,CM,NSE,STK,3745,INE054C01015,WATERBASE,EQ,,,,,WATERBASE LTD.,48.32,49.5,48.01,48.76,48.81,49.31,,48.76,,,27659,1350584.57,290,F1,1,,,,,
2026-08-27,2026-08-27,CM,NSE,STK,7979,INF769K01IB1,MAKEINDIA,EQ,,,,,MIRAEAMC - MAMFGETF,170.24,170.24,165.55,168.87,168.85,168.93,,168.87,,,27609,4658103.09,353,F1,1,,,,,
2026-08-27,2026-08-27,CM,NSE,STK,13761,INE464A01036,BBL,EQ,,,,,BHARAT BIJLEE LTD,2339.3,2392.2,2339.3,2370.4,2365.1,2338.9,,2370.27,,,27598,65385868.7,3238,F1,1,,,,,
2026-08-27,2026-08-27,CM,NSE,STK,11705,INE692G01013,XCHANGING,EQ,,,,,XCHANGING SOLUTIONS LTD,61.82,62.11,61.0,61.29,61.67,61.51,,61.29,,,27470,1688414.99,599,F1,1,,,,,
2026-08-27,2026-08-27,CM,NSE,STK,10676,INF174KA1JF2,MNC,EQ,,,,,KOTAKMAMC - KOTAKMNC,34.27,34.42,33.98,34.05,34.2,34.27,,34.05,,,27445,936729.13,289,F1,1,,,,,
2026-08-27,2026-08-27,CM,NSE,STK,764402,INF247L01HG7,MOMETAL,EQ,,,,,MOTILALAMC - MOMETAL,13.74,13.74,13.45,13.48,13.48,13.61,,13.48,,,27375,372094.27,39,F1,1,,,,,
2026-08-27,2026-08-27,CM,NSE,STK,11457,INF174KA1ZE1,NV20,EQ,,,,,KOTAKMAMC - KTKNV20ETF,14.27,14.27,13.89,13.92,13.93,13.99,,13.92,,,27366,381445.07,161,F1,1,,,,,
2026-08-27,2026-08-27,CM,NSE,STK,14245,INE421C01016,TVSSRICHAK,EQ,,,,,TVS SRICHAKRA LIMITED,5310.9,5310.9,5155.0,5244.5,5260.9,5311.8,,5244.54,,,27296,143121088.2,5251,F1,1,,,,,
2026-08-27,2026-08-27,CM,NSE,STK,5186,INE239C01020,STYLAMIND,EQ,,,,,STYLAM INDUSTRIES LIMITED,3570.0,3604.9,3443.2,3471.0,3478.0,3570.4,,3471.09,,,27283,95720157.5,5657,F1,1,,,,,
2026-08-27,2026-08-27,CM,NSE,STK,4566,INE413B01023,RUCHINFRA,EQ,,,,,RUCHI INFRASTRUCTURE LTD,5.8,5.89,5.78,5.83,5.85,5.76,,5.83,,,27190,158670.25,144,F1,1,,,,,
2026-08-27,2026-08-27,CM,NSE,STK,12173,INE254N01026,HNDFDS,EQ,,,,,HINDUSTAN FOODS LIMITED,633.0,640.0,630.0,635.55,632.0,636.5,,635.5,,,27024,17177943.45,2437,F1,1,,,,,
2026-08-27,2026-08-27,CM,NSE,STK,14096,INE076B01028,SIYSIL,EQ,,,,,SIYARAM SILK MILLS LTD,572.05,574.15,561.55,564.8,565.0,570.9,,564.81,,,26972,15283113.75,1696,F1,1,,,,,
2026-08-27,2026-08-27,CM,NSE,STK,2241,INE794W01014,MODTHREAD,EQ,,,,,MODERN THREADS INDIA LTD,55.51,55.99,47.35,55.68,55.99,56.05,,55.68,,,26488,1397162.28,198,F1,1,,,,,
2026-08-27,2026-08-27,CM,NSE,STK,29019,INF754K01TX4,ECAPINSURE,EQ,,,,,EDELAMC - ECAPINSURE,24.5,24.55,24.29,24.45,24.29,24.5,,24.44,,,26459,646688.76,250,F1,1,,,,,
2026-08-27,2026-08-27,CM,NSE,STK,17933,INE520H01022,BEARDSELL,EQ,,,,,BEARDSELL LIMITED,27.98,27.98,25.61,26.52,26.36,27.35,,26.52,,,26348,704939.64,321,F1,1,,,,,
2026-08-27,2026-08-27,CM,NSE,STK,936,INE266Y01019,DPABHUSHAN,EQ,,,,,D. P. ABHUSHAN LIMITED,1515.9,1533.0,1485.4,1521.2,1510.1,1506.1,,1521.02,,,26341,39913321.2,2603,F1,1,,,,,
2026-08-27,2026-08-27,CM,NSE,STK,759842,INE351Y01019,BETA,EQ,,,,,BETA DRUGS LIMITED,2261.0,2293.3,2179.3,2194.2,2201.0,2261.0,,2194.2,,,26249,57977070.2,3362,F1,1,,,,,
2026-08-27,2026-08-27,CM,NSE,STK,13689,INE035801013,AERONEU,EQ,,,,,AEROFLEX NEU LIMITED,82.15,84.49,80.31,81.88,83.0,82.14,,81.9,,,26169,2158830.16,274,F1,1,,,,,
2026-08-27,2026-08-27,CM,NSE,STK,14523,INE725G01011,ICRA,EQ,,,,,ICRA LIMITED,4909.2,4937.5,4821.1,4832.5,4821.1,4907.8,,4832.44,,,26070,126571930.5,5101,F1,1,,,,,
2026-08-27,2026-08-27,CM,NSE,STK,762757,INE552U01010,KPL,EQ,,,,,KWALITY PHARMACEUTICALS L,3324.9,3418.8,3250.0,3267.1,3256.0,3326.1,,3266.71,,,26045,86226860.4,4232,F1,1,,,,,
2026-08-27,2026-08-27,CM,NSE,STK,3066,INE630A01024,SESHAPAPER,EQ,,,,,SESHASAYEE PAPER & BOARDS,229.54,234.6,225.1,230.11,230.0,227.27,,230.2,,,26016,5954949.33,629,F1,1,,,,,
2026-08-27,2026-08-27,CM,NSE,STK,3963,INE077F01035,GOCLCORP,EQ,,,,,GOCL CORPORATION LIMITED,397.45,403.5,395.45,397.35,398.0,397.4,,397.35,,,26007,10354334.85,1350,F1,1,,,,,
2026-08-27,2026-08-27,CM,NSE,STK,489,INE520Y01019,ICEMAKE,EQ,,,,,ICE MAKE REFRIGERAT LTD,728.9,752.05,717.0,747.65,748.0,734.0,,747.65,,,25790,19172630.1,1801,F1,1,,,,,
2026-08-27,2026-08-27,CM,NSE,STK,18431,INE412U01025,BIGBLOC,EQ,,,,,BIGBLOC CONSTRUCTION LTD,43.27,43.49,42.5,42.67,42.55,43.27,,42.68,,,25712,1098409.74,415,F1,1,,,,,
2026-08-27,2026-08-27,CM,NSE,STK,762568,INE177C01022,BATLIBOI,EQ,,,,,BATLIBOI LTD.,85.5,87.38,83.6,85.03,85.01,86.83,,85.04,,,25630,2199565.47,995,F1,1,,,,,
2026-08-27,2026-08-27,CM,NSE,STK,17263,INE109C01017,ARMANFIN,EQ,,,,,ARMAN FIN SERV LTD,1975.0,1979.9,1955.0,1967.1,1970.4,1977.8,,1967.1,,,25618,50426864.3,4634,F1,1,,,,,
2026-08-27,2026-08-27,CM,NSE,STK,17207,INF740KA1SX1,ITADD,EQ,,,,,DSPAMC - DSPIT,32.24,32.41,32.07,32.19,32.23,32.19,,32.19,,,25426,817986.33,72,F1,1,,,,,
2026-08-27,2026-08-27,CM,NSE,STK,761741,INF200KB1AK8,SBINMID150,EQ,,,,,SBIAMC - SBINMID150,23.8,23.8,23.43,23.56,23.67,23.69,,23.56,,,25193,595147.84,121,F1,1,,,,,
2026-08-27,2026-08-27,CM,NSE,STK,16933,INE841B01017,INDBANK,EQ,,,,,INDBANK MERCH BANK,32.0,32.0,31.52,31.55,31.54,31.94,,31.42,,,25096,794482.2,213,F1,1,,,,,
2026-08-27,2026-08-27,CM,NSE,STK,255,INE368I01016,NIRAJ,EQ,,,,,NIRAJ CEMENT STRUC LTD,29.2,29.79,28.51,28.57,29.0,29.12,,28.57,,,25049,726557.66,166,F1,1,,,,,
2026-08-27,2026-08-27,CM,NSE,STK,13381,INE401H01017,KKCL,EQ,,,,,KEWAL KIRAN CLOTHING LTD,514.55,515.85,497.0,498.2,497.05,514.8,,498.21,,,24953,12560125.5,1519,F1,1,,,,,
2026-08-27,2026-08-27,CM,NSE,STK,14223,INE545H01011,TIIL,EQ,,,,,TECHNOCRAFT IND LTD,3385.0,3435.0,3310.5,3328.1,3311.2,3386.6,,3328.12,,,24929,84011821.0,4467,F1,1,,,,,
2026-08-27,2026-08-27,CM,NSE,STK,28687,INE0TO701015,MAMATA,EQ,,,,,MAMATA MACHINERY LIMITED,407.0,410.95,401.5,403.5,402.0,410.15,,403.51,,,24795,10036261.3,1135,F1,1,,,,,
2026-08-27,2026-08-27,CM,NSE,STK,13162,INE185H01016,CELEBRITY,EQ,,,,,CELEBRITY FASHIONS LTD,6.83,6.9,6.61,6.88,6.75,6.7,,6.88,,,24766,169623.22,76,F1,1,,,,,
2026-08-27,2026-08-27,CM,NSE,STK,15409,INE317F01035,NESCO,EQ,,,,,NESCO LTD.,1024.0,1030.0,1015.0,1017.1,1015.7,1018.9,,1017.21,,,24736,25222456.1,3456,F1,1,,,,,
2026-08-27,2026-08-27,CM,NSE,STK,30469,INF174KA1VW2,MID150,EQ,,,,,KOTAKMAMC - MID150,24.18,24.18,23.85,23.98,24.01,23.95,,23.98,,,24582,588626.82,176,F1,1,,,,,
2026-08-27,2026-08-27,CM,NSE,STK,14843,INE450G01024,VIPCLOTHNG,EQ,,,,,VIP CLOTHING LIMITED,20.23,20.79,20.23,20.38,20.52,20.53,,20.38,,,24546,501067.59,134,F1,1,,,,,
2026-08-27,2026-08-27,CM,NSE,STK,4953,INE737B01033,ADROITINFO,EQ,,,,,ADROIT INFOTECH LIMITED,10.31,10.5,10.03,10.4,10.5,10.19,,10.58,,,24530,253553.91,124,F1,1,,,,,
2026-08-27,2026-08-27,CM,NSE,STK,18131,INE616Z01012,YASHO,EQ,,,,,YASHO INDUSTRIES LIMITED,4400.0,4400.0,4240.0,4341.7,4350.0,4369.6,,4341.81,,,24392,105209453.4,6872,F1,1,,,,,
2026-08-27,2026-08-27,CM,NSE,STK,765247,INE967B01028,SGLRES,EQ,,,,,SGL RESOURCES LIMITED,2.4,2.44,2.28,2.32,2.37,2.38,,2.32,,,24319,56291.43,88,F1,1,,,,,
2026-08-27,2026-08-27,CM,NSE,STK,14101,INE034D01049,PTL,EQ,,,,,PTL ENTERPRISES LTD,38.3,38.81,38.3,38.41,38.4,38.69,,38.41,,,24028,925610.85,674,F1,1,,,,,
2026-08-27,2026-08-27,CM,NSE,STK,6951,INE802B01027,LINC,EQ,,,,,LINC LIMITED,97.75,97.78,94.5,95.04,95.0,97.2,,95.04,,,23995,2288278.42,403,F1,1,,,,,
2026-08-27,2026-08-27,CM,NSE,STK,12219,INE263M01029,RUSTOMJEE,EQ,,,,,KEYSTONE REALTORS LIMITED,379.1,384.0,372.8,381.8,382.05,379.1,,381.8,,,23977,9085244.3,1271,F1,1,,,,,
2026-08-27,2026-08-27,CM,NSE,STK,13656,INE062D01024,ALICON,EQ,,,,,ALICON CASTALLOY LIMITED,691.65,694.95,676.55,683.65,680.0,691.65,,683.6,,,23794,16244631.4,1612,F1,1,,,,,
2026-08-27,2026-08-27,CM,NSE,STK,759488,INF174KA1XS6,MOMENTUM30,EQ,,,,,KOTAKMAMC - MOMENTUM30,31.55,31.62,31.34,31.42,31.34,31.51,,31.42,,,23793,748675.51,71,F1,1,,,,,
2026-08-27,2026-08-27,CM,NSE,STK,764880,INE068B01017,SEKURITIND,EQ,,,,,SAINT GOBAIN SEKUR IND L,117.62,117.62,116.1,116.78,117.0,117.04,,116.68,,,23587,2753450.85,222,F1,1,,,,,
2026-08-27,2026-08-27,CM,NSE,STK,11423,INE365B01017,DATAMATICS,EQ,,,,,DATAMATICS GLOBAL SER LTD,790.1,801.55,787.55,790.8,790.1,798.7,,790.8,,,23531,18674504.7,1738,F1,1,,,,,
2026-08-27,2026-08-27,CM,NSE,STK,11155,INE985W01018,CNL,EQ,,,,,CREATIVE NEWTECH LIMITED,1214.5,1238.3,1175.75,1207.95,1195.1,1215.4,,1207.73,,,23472,28456792.6,2632,F1,1,,,,,
2026-08-27,2026-08-27,CM,NSE,STK,3744,INE686Y01026,FINEORG,EQ,,,,,FINE ORGANIC IND. LTD.,5139.1,5285.0,5111.1,5258.2,5255.0,5139.1,,5257.77,,,23417,122224375.0,8239,F1,1,,,,,
2026-08-27,2026-08-27,CM,NSE,STK,22440,INF789F1AUV1,BANKBETA,EQ,,,,,UTIAMC-BANKBETA,61.36,61.36,58.67,59.58,59.48,59.87,,59.58,,,23319,1392240.23,299,F1,1,,,,,
2026-08-27,2026-08-27,CM,NSE,STK,10159,INE730A01022,ORICONENT,EQ,,,,,ORICON ENTERPRISES LTD,56.98,56.98,55.01,55.4,55.49,56.65,,55.4,,,23280,1290488.91,292,F1,1,,,,,
2026-08-27,2026-08-27,CM,NSE,STK,20877,INE488V01015,PSPPROJECT,EQ,,,,,PSP PROJECTS LIMITED,909.2,911.6,898.0,901.2,903.0,904.65,,901.19,,,23261,20990261.75,1183,F1,1,,,,,
2026-08-27,2026-08-27,CM,NSE,STK,1313,INE544A01019,HARRMALAYA,EQ,,,,,HARRISON MALAYALAM LTD,202.74,204.4,193.6,194.7,193.7,202.73,,194.7,,,23208,4582173.19,1030,F1,1,,,,,
2026-08-27,2026-08-27,CM,NSE,STK,10948,INE655A01013,STCINDIA,EQ,,,,,THE STATE TRADING CORPN,118.51,119.88,117.12,117.48,117.12,118.29,,117.47,,,23181,2747281.65,486,F1,1,,,,,
2026-08-27,2026-08-27,CM,NSE,STK,15716,INE557Z01018,PIGL,EQ,,,,,POWER INSTRUMENT (G) LTD,103.0,106.0,101.0,101.85,102.9,101.41,,101.85,,,23137,2364014.35,401,F1,1,,,,,
2026-08-27,2026-08-27,CM,NSE,STK,22656,INE0KGZ01021,SIGNPOST,EQ,,,,,SIGNPOST INDIA LIMITED,261.75,265.65,257.0,261.3,260.3,261.2,,261.25,,,23105,6000347.0,1178,F1,1,,,,,
2026-08-27,2026-08-27,CM,NSE,STK,20698,INE807K01035,SCHAND,EQ,,,,,S CHAND AND COMPANY LTD,138.46,138.46,134.5,134.72,134.52,138.46,,134.72,,,22971,3113496.62,642,F1,1,,,,,
2026-08-27,2026-08-27,CM,NSE,STK,1485,INE559A01017,IFBIND,EQ,,,,,IFB INDUSTRIES LTD,1369.8,1372.0,1345.1,1351.6,1351.2,1369.8,,1351.59,,,22854,31031405.2,2326,F1,1,,,,,
2026-08-27,2026-08-27,CM,NSE,STK,7242,INE317I01021,METROBRAND,EQ,,,,,METRO BRANDS LIMITED,955.5,955.5,915.0,921.7,922.0,945.3,,921.71,,,22707,21076899.4,3965,F1,1,,,,,
2026-08-27,2026-08-27,CM,NSE,STK,7109,INE412C01023,JMA,EQ,,,,,JULLUNDUR MOT AGENCY LTD,91.47,94.25,89.8,93.04,93.0,90.77,,93.04,,,22629,2098600.85,278,F1,1,,,,,
2026-08-27,2026-08-27,CM,NSE,STK,3389,INE204E01012,AGARIND,EQ,,,,,AGARWAL INDS CORP LTD.,467.25,474.4,464.0,465.5,464.0,470.2,,465.68,,,22604,10580555.05,1169,F1,1,,,,,
2026-08-27,2026-08-27,CM,NSE,STK,1467,INE133A01011,JSWDULUX,EQ,,,,,JSW DULUX LIMITED,3100.0,3134.0,3090.1,3110.4,3132.0,3106.0,,3110.39,,,22595,70171492.1,6231,F1,1,,,,,
2026-08-27,2026-08-27,CM,NSE,STK,11842,INE278G01037,CYBERMEDIA,EQ,,,,,CYBER MEDIA (INDIA) LTD.,18.01,19.0,17.57,18.41,18.5,18.17,,18.34,,,22560,419979.19,73,F1,1,,,,,
2026-08-27,2026-08-27,CM,NSE,STK,11975,INE050H01012,RML,EQ,,,,,RANE (MADRAS) LIMITED,1150.0,1156.0,1120.0,1123.3,1123.2,1144.1,,1123.31,,,22508,25419177.7,2201,F1,1,,,,,
2026-08-27,2026-08-27,CM,NSE,STK,2421,INE310A01015,NILKAMAL,EQ,,,,,NILKAMAL LIMITED,2107.2,2118.6,2062.1,2081.6,2084.6,2096.8,,2081.48,,,21992,45790577.6,2975,F1,1,,,,,
2026-08-27,2026-08-27,CM,NSE,STK,11241,INF179KC1DJ0,HDFCGROWTH,EQ,,,,,HDFCAMC - HDFCGROWTH,121.41,121.52,120.29,120.43,120.29,121.41,,120.44,,,21902,2638913.5,154,F1,1,,,,,
2026-08-27,2026-08-27,CM,NSE,STK,762772,INE270B01035,MAFATIND,EQ,,,,,MAFATLAL INDUSTRIES LTD.,120.8,122.5,119.87,120.73,121.29,120.09,,120.89,,,21835,2639420.15,795,F1,1,,,,,
2026-08-27,2026-08-27,CM,NSE,STK,31837,INE099F01013,SREEL,EQ,,,,,SREELEATHERS LIMITED,262.0,266.4,259.27,263.24,263.46,260.0,,263.25,,,21756,5734630.25,675,F1,1,,,,,
2026-08-27,2026-08-27,CM,NSE,STK,13086,INE212H01026,AIAENG,EQ,,,,,AIA ENGINEERING LIMITED,4288.0,4300.0,4223.0,4232.3,4241.1,4235.5,,4232.35,,,21571,91733430.0,6006,F1,1,,,,,
2026-08-27,2026-08-27,CM,NSE,STK,24538,INE683C01011,MAITHANALL,EQ,,,,,MAITHAN ALLOYS LTD,1010.0,1013.4,992.0,994.8,992.0,1005.25,,994.73,,,21538,21631428.7,1443,F1,1,,,,,
2026-08-27,2026-08-27,CM,NSE,STK,17839,INE047B01011,GILLANDERS,EQ,,,,,GILLANDERS ARBUTHNOT LTD,101.0,108.0,101.0,104.99,103.0,104.07,,104.99,,,21530,2291554.31,174,F1,1,,,,,
2026-08-27,2026-08-27,CM,NSE,STK,9867,INE747B01016,NEXTMEDIA,EQ,,,,,NEXT MEDIAWORKS LIMITED,3.75,3.94,3.61,3.85,3.85,3.58,,3.85,,,21424,80217.45,76,F1,1,,,,,
2026-08-27,2026-08-27,CM,NSE,STK,19410,INE02A801020,ROSSARI,EQ,,,,,ROSSARI BIOTECH LIMITED,500.05,502.45,495.05,497.05,499.0,500.05,,497.08,,,21341,10616592.05,1217,F1,1,,,,,
2026-08-27,2026-08-27,CM,NSE,STK,14139,INE05ST01028,SBGLP,EQ,,,,,SURATWWALA BUS GROUP LTD,23.16,24.79,23.16,24.0,24.37,23.64,,24.0,,,21293,507256.55,149,F1,1,,,,,
2026-08-27,2026-08-27,CM,NSE,STK,29678,INE0O9T01021,BAJAJINDEF,EQ,,,,,INDEF MANUFACTURING LTD,227.5,233.7,227.5,228.85,227.52,229.65,,228.85,,,21154,4876584.98,568,F1,1,,,,,
2026-08-27,2026-08-27,CM,NSE,STK,235,INE087Z01024,AAKASH,EQ,,,,,AAKASH EXPLORATION SER L,8.73,8.98,8.7,8.75,8.78,8.73,,8.75,,,21147,185301.45,215,F1,1,,,,,
2026-08-27,2026-08-27,CM,NSE,STK,765160,INE555C01029,SHIVACEM,EQ,,,,,SHIVA CEMENT LTD.,16.87,16.87,16.31,16.55,16.57,16.58,,16.57,,,21023,347372.35,147,F1,1,,,,,
2026-08-27,2026-08-27,CM,NSE,STK,2643,INE182A01018,PFIZER,EQ,,,,,PFIZER LTD,4816.9,4819.1,4730.0,4740.4,4744.0,4802.5,,4740.52,,,20922,99542985.4,4733,F1,1,,,,,
2026-08-27,2026-08-27,CM,NSE,STK,762685,INE572D01014,FRONTSP,EQ,,,,,FRONTIER SPRINGS LTD.,1265.4,1292.8,1255.0,1285.4,1289.8,1257.9,,1285.54,,,20818,26569897.6,2301,F1,1,,,,,
2026-08-27,2026-08-27,CM,NSE,STK,7780,INE977Y01011,BCONCEPTS,EQ,,,,,BRAND CONCEPTS LIMITED,156.0,163.08,153.5,160.01,160.0,160.48,,160.0,,,20738,3244051.58,858,F1,1,,,,,
2026-08-27,2026-08-27,CM,NSE,STK,756900,INF247L01FC0,MON50EQUAL,EQ,,,,,MOTILALAMC - MON50EQUAL,33.7,33.7,33.42,33.52,33.52,33.64,,33.52,,,20729,692890.86,38,F1,1,,,,,
2026-08-27,2026-08-27,CM,NSE,STK,9750,INE04TZ01018,ETHOSLTD,EQ,,,,,ETHOS LIMITED,2879.0,2912.7,2873.2,2891.0,2883.2,2879.4,,2890.87,,,20609,59680014.7,5052,F1,1,,,,,
2026-08-27,2026-08-27,CM,NSE,STK,29113,INE752H01013,CARERATING,EQ,,,,,CARE RATINGS LIMITED,1660.0,1673.8,1631.0,1633.7,1631.0,1661.0,,1633.48,,,20543,33902746.6,6757,F1,1,,,,,
2026-08-27,2026-08-27,CM,NSE,STK,14043,INE453D01025,SARLAPOLY,EQ,,,,,SARLA PERF. FIBERS LTD,101.0,101.49,99.9,100.41,100.48,100.5,,100.41,,,20491,2060051.69,588,F1,1,,,,,
2026-08-27,2026-08-27,CM,NSE,STK,756324,INE0FFK01017,NPST,EQ,,,,,NETWORK PEOPLE SRV TECH L,1660.2,1690.0,1625.3,1638.8,1645.0,1660.2,,1638.72,,,20285,33472429.8,2571,F1,1,,,,,
2026-08-27,2026-08-27,CM,NSE,STK,5114,INE00QT01015,SGIL,EQ,,,,,SYNERGY GREEN IND. LTD,586.35,599.0,583.15,597.85,598.95,586.5,,597.85,,,20282,11987184.7,414,F1,1,,,,,
2026-08-27,2026-08-27,CM,NSE,STK,2018,INE162B01018,LUMAXIND,EQ,,,,,LUMAX INDUSTRIES LTD,6196.0,6204.0,6030.0,6094.5,6070.0,6160.5,,6094.9,,,20103,122967489.5,6560,F1,1,,,,,
2026-08-27,2026-08-27,CM,NSE,STK,13585,INE285H01022,ATLANTAA,EQ,,,,,ATLANTAA LIMITED,37.99,38.0,37.0,37.64,37.74,37.41,,37.66,,,20034,749714.72,330,F1,1,,,,,
2026-08-27,2026-08-27,CM,NSE,STK,21113,INE878K01010,BFINVEST,EQ,,,,,BF INVESTMENT LIMITED,450.3,450.9,440.0,442.95,443.0,447.7,,442.95,,,20007,8878145.85,918,F1,1,,,,,
2026-08-27,2026-08-27,CM,NSE,STK,757938,INE344T01014,BELLACASA,EQ,,,,,BELLA CASA FASH AND RET L,250.0,250.0,237.25,246.74,246.0,239.22,,246.75,,,19987,4892656.54,517,F1,1,,,,,
2026-08-27,2026-08-27,CM,NSE,STK,20950,INE722J01012,RKDL,EQ,,,,,RAVI KUMAR DIST. LTD.,18.88,18.95,18.31,18.88,18.89,18.88,,18.9,,,19865,373624.19,65,F1,1,,,,,
2026-08-27,2026-08-27,CM,NSE,STK,11909,INE409B01013,SWELECTES,EQ,,,,,SWELECT ENERGY SYS LTD,605.2,605.5,588.0,594.2,593.3,605.55,,594.2,,,19790,11813531.55,1121,F1,1,,,,,
2026-08-27,2026-08-27,CM,NSE,STK,765075,INE299D01022,HAMPTON,EQ,,,,,HAMPTON SKY REALTY LTD.,8.91,8.91,7.42,8.3,8.36,8.18,,8.31,,,19787,163902.2,162,F1,1,,,,,
2026-08-27,2026-08-27,CM,NSE,STK,28847,INE781S01027,VENTIVE,EQ,,,,,VENTIVE HOSPITALITY LTD,605.45,605.45,581.0,583.5,582.0,594.6,,583.49,,,19764,11616626.3,1091,F1,1,,,,,
2026-08-27,2026-08-27,CM,NSE,STK,757669,INF247L01FR8,MOALPHA50,EQ,,,,,MOTILALAMC - MOALPHA50,57.25,58.7,57.09,57.1,57.1,57.25,,57.1,,,19739,1132656.35,60,F1,1,,,,,
2026-08-27,2026-08-27,CM,NSE,STK,1168,INE075D01018,GMBREW,EQ,,,,,G M BREWERIES LTD,898.6,899.0,890.0,891.7,894.95,893.3,,891.7,,,19492,17411116.35,1004,F1,1,,,,,
2026-08-27,2026-08-27,CM,NSE,STK,1663,INE209A01019,SUNDROP,EQ,,,,,SUNDROP BRANDS LIMITED,661.8,663.25,648.0,655.45,660.8,660.75,,655.38,,,19400,12764279.1,829,F1,1,,,,,
2026-08-27,2026-08-27,CM,NSE,STK,9039,INE527H01019,UFO,EQ,,,,,UFO MOVIEZ INDIA LTD.,66.01,66.59,65.15,65.54,65.7,66.51,,65.54,,,19386,1279055.87,335,F1,1,,,,,
2026-08-27,2026-08-27,CM,NSE,STK,14957,INE387I01016,MAGNUM,EQ,,,,,MAGNUM VENTURES LTD.,19.01,19.29,18.8,19.25,19.25,19.19,,19.25,,,19375,370301.98,69,F1,1,,,,,
2026-08-27,2026-08-27,CM,NSE,STK,25082,INE040M01013,TREEHOUSE,EQ,,,,,TREE HOUSE EDU LTD,6.33,6.33,6.04,6.28,6.3,6.29,,6.28,,,19335,121177.11,75,F1,1,,,,,
2026-08-27,2026-08-27,CM,NSE,STK,480,INE340A01012,BIRLACORPN,EQ,,,,,BIRLA CORPORATION LTD,892.0,898.8,881.0,883.0,883.0,895.3,,883.02,,,19226,17030969.75,2037,F1,1,,,,,
2026-08-27,2026-08-27,CM,NSE,STK,25737,INE01NE01012,SRD,EQ,,,,,SHANKAR LAL RAMPAL LTD,40.15,40.5,39.5,39.62,39.5,40.1,,39.63,,,19220,767204.82,121,F1,1,,,,,
2026-08-27,2026-08-27,CM,NSE,STK,1100,INE276A01018,GARFIBRES,EQ,,,,,GARWARE TECH FIBRES LTD,793.7,802.9,783.95,792.55,796.0,792.75,,792.52,,,19137,15199119.0,3756,F1,1,,,,,
2026-08-27,2026-08-27,CM,NSE,STK,764683,INE194R01017,FREDUN,EQ,,,,,FREDUN PHARMACEUTICALS L,1519.9,1526.8,1474.7,1492.7,1488.0,1494.3,,1492.23,,,19034,28530088.8,1779,F1,1,,,,,
2026-08-27,2026-08-27,CM,NSE,STK,21683,INE727S01012,BRNL,EQ,,,,,BHARAT ROAD NETWORK LTD,17.02,17.4,17.02,17.29,17.34,17.3,,17.29,,,18991,326695.72,221,F1,1,,,,,
2026-08-27,2026-08-27,CM,NSE,STK,765065,INE595R01023,EASTWEST,EQ,,,,,EAST WEST FREIGHT CARRI L,2.55,2.65,2.44,2.49,2.5,2.5,,2.49,,,18976,47719.12,104,F1,1,,,,,
2026-08-27,2026-08-27,CM,NSE,STK,4822,INE021O01019,DODLA,EQ,,,,,DODLA DAIRY LIMITED,1092.0,1098.8,1073.6,1090.5,1088.0,1094.0,,1090.55,,,18952,20525304.7,6271,F1,1,,,,,
2026-08-27,2026-08-27,CM,NSE,STK,3186,INE640A01023,SKFINDIA,EQ,,,,,SKF INDIA LTD,1594.4,1596.4,1562.2,1566.0,1567.9,1587.1,,1565.99,,,18762,29583359.2,3336,F1,1,,,,,
2026-08-27,2026-08-27,CM,NSE,STK,445,INE618L01018,5PAISA,EQ,,,,,5PAISA CAPITAL LIMITED,376.95,377.05,370.0,371.15,370.0,376.4,,371.09,,,18714,6981303.65,1032,F1,1,,,,,
2026-08-27,2026-08-27,CM,NSE,STK,17364,INE410B01037,VINATIORGA,EQ,,,,,VINATI ORGANICS LTD,1324.0,1334.1,1315.0,1318.4,1324.7,1321.5,,1318.17,,,18669,24692799.3,1754,F1,1,,,,,
2026-08-27,2026-08-27,CM,NSE,STK,14828,INE100D01014,WSI,EQ,,,,,W.S.INDUSTRIES (I) LTD.,61.2,61.2,59.9,60.2,60.8,60.74,,60.1,,,18658,1129540.03,1081,F1,1,,,,,
2026-08-27,2026-08-27,CM,NSE,STK,25134,INE0RE001014,GALAPREC,EQ,,,,,GALA PRECISION ENG LTD,1045.0,1075.0,1012.0,1039.8,1046.0,1040.6,,1039.92,,,18606,19420412.6,1885,F1,1,,,,,
2026-08-27,2026-08-27,CM,NSE,STK,24730,INE642C01025,RUBFILA,EQ,,,,,RUBFILA INTERNATIONAL LTD,65.65,66.9,65.6,66.54,66.9,65.9,,66.54,,,18575,1232889.35,342,F1,1,,,,,
2026-08-27,2026-08-27,CM,NSE,STK,25690,INE417B01040,DSSL,EQ,,,,,DYNACONS SYS & SOLN LTD,1073.5,1094.3,1069.2,1078.0,1076.6,1073.5,,1076.79,,,18453,19933507.3,2007,F1,1,,,,,
2026-08-27,2026-08-27,CM,NSE,STK,1565,INE09E501017,RVHL,EQ,,,,,RAVINDER HEIGHTS LIMITED,40.5,40.69,38.48,39.78,39.01,40.96,,39.79,,,18438,718102.12,182,F1,1,,,,,
2026-08-27,2026-08-27,CM,NSE,STK,762914,INE438E01032,SIKA,EQ,,,,,SIKA INTERPLANT SYSTEMS L,1010.0,1024.9,993.5,1006.9,1009.9,1020.4,,1006.76,,,18378,18501355.4,2041,F1,1,,,,,
2026-08-27,2026-08-27,CM,NSE,STK,763602,INF579M01BP5,MSCI360,EQ,,,,,360ONEAMC - MSCI360,10.27,10.27,10.13,10.22,10.23,10.27,,10.22,,,18364,187788.71,25,F1,1,,,,,
2026-08-27,2026-08-27,CM,NSE,STK,11265,INE236G01019,TVSELECT,EQ,,,,,TVS ELECTRONICS LTD,444.0,448.0,438.2,443.05,444.85,443.15,,443.05,,,18350,8116559.95,772,F1,1,,,,,
2026-08-27,2026-08-27,CM,NSE,STK,756782,INE0GGO01015,KRISHIVAL,EQ,,,,,KRISHIVAL FOODS LIMITED,398.0,409.95,392.05,406.5,408.8,396.0,,406.5,,,18323,7383644.85,306,F1,1,,,,,
2026-08-27,2026-08-27,CM,NSE,STK,436,INE133Y01011,IFGLEXPOR,EQ,,,,,IFGL REFRACTORIES LIMITED,215.01,218.79,211.0,212.96,212.06,215.01,,212.87,,,18285,3915085.56,933,F1,1,,,,,
2026-08-27,2026-08-27,CM,NSE,STK,25203,INE0S2G01011,BALAJEE,EQ,,,,,SHREE TIRUPATI BALAJEE L,26.12,26.79,26.11,26.46,26.78,26.21,,26.46,,,18201,479731.41,236,F1,1,,,,,
2026-08-27,2026-08-27,CM,NSE,STK,3291,INE733A01018,STARPAPER,EQ,,,,,STAR PAPER MILLS LTD,147.77,152.8,145.0,148.97,148.52,146.87,,148.92,,,18090,2700484.8,228,F1,1,,,,,
2026-08-27,2026-08-27,CM,NSE,STK,1576,INE322A01010,GILLETTE,EQ,,,,,GILLETTE INDIA LTD,7403.5,7460.0,7324.0,7409.0,7401.0,7403.5,,7408.75,,,18048,133449879.0,4681,F1,1,,,,,
2026-08-27,2026-08-27,CM,NSE,STK,4041,INE785A01026,JAYAGROGN,EQ,,,,,JAYANT AGRO ORGANICS LTD,224.9,230.7,220.15,222.07,222.2,223.25,,222.08,,,17966,4027312.58,340,F1,1,,,,,
2026-08-27,2026-08-27,CM,NSE,STK,11065,INE448G01010,NATHBIOGEN,EQ,,,,,NATH BIO-GENES (I) LTD,155.0,155.0,152.27,153.86,154.0,152.81,,153.86,,,17896,2741853.41,249,F1,1,,,,,
2026-08-27,2026-08-27,CM,NSE,STK,14582,INE917H01012,SRHHYPOLTD,EQ,,,,,SREE RAYALSEEMA HHP LTD.,474.4,482.85,466.0,468.75,467.3,470.95,,468.75,,,17832,8401393.85,957,F1,1,,,,,
2026-08-27,2026-08-27,CM,NSE,STK,14924,INE740X01023,LAL,EQ,,,,,LORENZINI APPARELS LTD,8.93,9.05,8.82,8.98,8.95,8.93,,8.97,,,17788,158306.54,85,F1,1,,,,,
2026-08-27,2026-08-27,CM,NSE,STK,18049,INE110B01017,MINDTECK,EQ,,,,,MINDTECK (INDIA) LIMITED,171.52,173.74,171.01,172.4,172.95,170.6,,172.53,,,17586,3030143.9,668,F1,1,,,,,
2026-08-27,2026-08-27,CM,NSE,STK,764678,INE130L01014,ENKEIWHEL,EQ,,,,,ENKEI WHEELS (INDIA) LTD.,404.05,410.0,395.0,396.95,396.25,404.8,,399.11,,,17585,7017188.05,123,F1,1,,,,,
2026-08-27,2026-08-27,CM,NSE,STK,21247,INE0PSC01024,DIGIDRIVE,EQ,,,,,DIGIDRIVE DISTRIBUTORS L,17.95,18.5,17.52,17.77,17.78,17.95,,17.7,,,17538,310998.25,165,F1,1,,,,,
2026-08-27,2026-08-27,CM,NSE,STK,708,INE715Y01031,SHRADHA,EQ,,,,,SHRADHA REALTY LIMITED,32.25,33.44,31.51,32.39,32.4,32.44,,32.39,,,17461,562563.45,142,F1,1,,,,,
2026-08-27,2026-08-27,CM,NSE,STK,21726,INE866R01028,MATRIMONY,EQ,,,,,MATRIMONY.COM LIMITED,515.0,531.0,507.05,515.45,512.1,515.05,,515.45,,,17404,8966402.65,1151,F1,1,,,,,
2026-08-27,2026-08-27,CM,NSE,STK,14398,INE005I01014,AMDIND,EQ,,,,,AMD INDUSTRIES LIMITED,52.51,54.5,52.41,53.33,52.6,52.59,,53.38,,,17333,924506.46,194,F1,1,,,,,
2026-08-27,2026-08-27,CM,NSE,STK,765130,INE154B01023,MOHITE,EQ,,,,,MOHITE INDUSTRIES LTD.,2.55,2.69,2.55,2.64,2.68,2.59,,2.65,,,17300,44990.27,71,F1,1,,,,,
2026-08-27,2026-08-27,CM,NSE,STK,11275,INE038F01029,TVTODAY,EQ,,,,,TV TODAY NETWORK LTD,115.16,115.16,113.0,113.13,113.05,115.16,,113.14,,,17247,1964077.23,884,F1,1,,,,,
2026-08-27,2026-08-27,CM,NSE,STK,757919,INE16SF01016,BORANA,EQ,,,,,BORANA WEAVES LIMITED,315.7,316.0,309.1,310.15,309.15,318.1,,310.15,,,17072,5312432.15,588,F1,1,,,,,
2026-08-27,2026-08-27,CM,NSE,STK,13821,INE803H01014,RUCHIRA,EQ,,,,,RUCHIRA PAPERS LIMITED,102.0,104.73,102.0,102.7,102.99,103.42,,102.7,,,17057,1762299.09,318,F1,1,,,,,
2026-08-27,2026-08-27,CM,NSE,STK,13275,INE332H01014,INDOTECH,EQ,,,,,INDO TECH TRANSFORM LTD.,3730.0,3844.0,3677.0,3712.2,3728.0,3745.9,,3712.73,,,17022,64013617.9,2934,F1,1,,,,,
2026-08-27,2026-08-27,CM,NSE,STK,15049,INE306C01019,ENERGYDEV,EQ,,,,,ENERGY DEVE. CO.LTD,16.12,16.5,16.05,16.13,16.29,16.12,,16.25,,,16990,274515.25,236,F1,1,,,,,
2026-08-27,2026-08-27,CM,NSE,STK,495,INE233B01017,BLUEDART,EQ,,,,,BLUE DART EXPRESS LTD,5032.0,5050.0,4969.0,5005.5,5001.0,5007.0,,5005.17,,,16935,84724834.0,3505,F1,1,,,,,
2026-08-27,2026-08-27,CM,NSE,STK,11798,INE835G01018,ALLDIGI,EQ,,,,,ALLDIGI TECH LIMITED,819.3,819.3,795.5,797.2,795.55,815.2,,797.14,,,16931,13555343.7,949,F1,1,,,,,
2026-08-27,2026-08-27,CM,NSE,STK,1627,INE473A01011,LINDEINDIA,EQ,,,,,LINDE INDIA LIMITED,6595.0,6677.5,6536.0,6549.0,6560.0,6598.5,,6549.06,,,16850,110842742.0,4651,F1,1,,,,,
2026-08-27,2026-08-27,CM,NSE,STK,10350,INE718F01018,CSLFINANCE,EQ,,,,,CSL FINANCE LIMITED,233.0,233.0,225.0,226.87,229.0,229.74,,227.01,,,16640,3814990.49,358,F1,1,,,,,
2026-08-27,2026-08-27,CM,NSE,STK,21713,INE670X01014,LASA,EQ,,,,,LASA SUPERGENERICS LTD,7.2,7.2,6.83,6.97,6.97,6.94,,6.97,,,16622,116850.48,137,F1,1,,,,,
2026-08-27,2026-08-27,CM,NSE,STK,15420,INE666E01020,ACL,EQ,,,,,ANDHRA CEMENTS LIMITED,44.95,45.0,43.75,44.06,44.0,44.38,,44.07,,,16516,732793.96,285,F1,1,,,,,
2026-08-27,2026-08-27,CM,NSE,STK,7339,INF209KB16D7,ABSLNN50ET,EQ,,,,,BIRLASLAMC - ABSLNN50ET,78.68,78.74,77.49,77.53,78.15,78.53,,77.53,,,16412,1280912.07,179,F1,1,,,,,
2026-08-27,2026-08-27,CM,NSE,STK,762518,INE994E01018,3BBLACKBIO,EQ,,,,,3B BLACKBIO DX LTD.,1310.0,1361.9,1310.0,1350.3,1353.9,1306.3,,1351.24,,,16388,21973980.9,1983,F1,1,,,,,
2026-08-27,2026-08-27,CM,NSE,STK,13920,INE083C01022,PLASTIBLEN,EQ,,,,,PLASTIBLENDS INDIA LTD,190.25,196.19,189.0,189.24,189.0,188.89,,189.27,,,16361,3131331.91,705,F1,1,,,,,
2026-08-27,2026-08-27,CM,NSE,STK,10578,INE943D01017,MPSLTD,EQ,,,,,MPS LIMITED,2723.8,2725.9,2651.0,2660.2,2670.0,2704.0,,2660.36,,,16336,43753687.5,2486,F1,1,,,,,
2026-08-27,2026-08-27,CM,NSE,STK,16682,INE596F01018,PTCIL,EQ,,,,,PTC INDUSTRIES LIMITED,20801.0,20888.0,20429.0,20622.0,20600.0,20919.0,,20620.31,,,16310,336610697.0,5326,F1,1,,,,,
2026-08-27,2026-08-27,CM,NSE,STK,2004,INE00PV01013,AHLADA,EQ,,,,,AHLADA ENGINEERS LIMITED,38.69,39.0,37.21,38.47,37.28,37.95,,38.47,,,16187,616824.14,123,F1,1,,,,,
2026-08-27,2026-08-27,CM,NSE,STK,17181,INF769K01FN2,NEXT50,EQ,,,,,MIRAEAMC - MANXT50,779.49,779.49,767.07,768.67,769.34,770.25,,768.68,,,16086,12360668.44,4334,F1,1,,,,,
2026-08-27,2026-08-27,CM,NSE,STK,30249,INE561M01018,ISHANCH,EQ,,,,,ISHAN DYES N CHEMICALS L,44.4,44.9,43.0,44.0,44.9,43.23,,43.97,,,16067,701860.37,315,F1,1,,,,,
2026-08-27,2026-08-27,CM,NSE,STK,759998,INF754K01VX0,ENIFTY,EQ,,,,,EDELAMC - ENIFTY,24.96,24.96,24.32,24.37,24.37,24.5,,24.37,,,16021,391517.5,51,F1,1,,,,,
2026-08-27,2026-08-27,CM,NSE,STK,17927,INE462A01022,BAYERCROP,EQ,,,,,BAYER CROPSCIENCE LTD,4100.0,4100.0,4034.1,4067.9,4068.0,4089.3,,4067.88,,,15932,64657099.6,3013,F1,1,,,,,
2026-08-27,2026-08-27,CM,NSE,STK,13126,INE461B01014,REPRO,EQ,,,,,REPRO INDIA LIMITED,309.25,312.9,305.0,309.1,310.0,307.65,,309.09,,,15925,4905232.5,406,F1,1,,,,,
2026-08-27,2026-08-27,CM,NSE,STK,19691,INE863T01013,JITFINFRA,EQ,,,,,JITF INFRALOGISTICS LTD,324.6,329.5,317.7,321.5,325.7,321.55,,321.63,,,15909,5149375.5,568,F1,1,,,,,
2026-08-27,2026-08-27,CM,NSE,STK,778,INE055C01020,KEEPLEARN,EQ,,,,,DSJ KEEP LEARNING LTD,1.98,1.99,1.91,1.98,1.99,1.98,,1.98,,,15874,31244.33,72,F1,1,,,,,
2026-08-27,2026-08-27,CM,NSE,STK,20086,INE521J01018,CPCAP,EQ,,,,,CP CAPITAL LIMITED,118.66,118.66,112.0,112.73,115.49,115.77,,112.71,,,15693,1811020.63,241,F1,1,,,,,
2026-08-27,2026-08-27,CM,NSE,STK,1315,INE600K01018,GALAXYSURF,EQ,,,,,GALAXY SURFACTANTS LTD,2335.0,2346.7,2276.2,2305.0,2312.2,2338.8,,2305.01,,,15555,36036022.5,3177,F1,1,,,,,
2026-08-27,2026-08-27,CM,NSE,STK,29758,INF174KA1VD2,MSCIINDIA,EQ,,,,,KOTAKMAMC - MSCIINDIA,30.24,30.24,29.9,30.03,30.15,30.33,,30.03,,,15521,467571.86,95,F1,1,,,,,
2026-08-27,2026-08-27,CM,NSE,STK,2645,INE03RS01027,DRCSYSTEMS,EQ,,,,,DRC SYSTEMS INDIA LIMITED,12.94,12.94,12.56,12.79,12.81,12.76,,12.79,,,15496,197918.7,428,F1,1,,,,,
2026-08-27,2026-08-27,CM,NSE,STK,1156,INE540A01017,GLFL,EQ,,,,,GUJARAT LEASE FINANCING L,5.73,5.73,5.45,5.45,5.45,5.73,,5.67,,,15365,84101.82,31,F1,1,,,,,
2026-08-27,2026-08-27,CM,NSE,STK,24924,INE819L01012,ELGIRUBCO,EQ,,,,,ELGI RUBBER CO. LTD,59.8,59.8,58.0,58.16,58.0,58.39,,58.16,,,15346,897476.16,377,F1,1,,,,,
2026-08-27,2026-08-27,CM,NSE,STK,29439,INE822E01011,SUPREME,EQ,,,,,SUPREME HOLDIN N HOSP I L,39.72,39.9,38.5,39.0,38.73,39.44,,39.0,,,15330,596674.59,159,F1,1,,,,,
2026-08-27,2026-08-27,CM,NSE,STK,6489,INE864K01010,IRIS,EQ,,,,,IRIS REGTECH SOLUTION LTD,235.0,247.35,235.0,235.68,238.9,237.61,,235.68,,,15317,3661620.74,618,F1,1,,,,,
2026-08-27,2026-08-27,CM,NSE,STK,1442,INE058A01010,SANOFI,EQ,,,,,SANOFI INDIA LIMITED,3185.6,3200.0,3165.2,3181.0,3180.0,3191.2,,3181.0,,,15305,48738223.9,2900,F1,1,,,,,
2026-08-27,2026-08-27,CM,NSE,STK,24851,INE442P01014,SUYOG,EQ,,,,,SUYOG TELEMATICS LIMITED,768.0,769.1,750.0,764.85,761.0,755.8,,764.85,,,15071,11469893.0,1089,F1,1,,,,,
2026-08-27,2026-08-27,CM,NSE,STK,3727,INE02AR01019,ANMOL,EQ,,,,,ANMOL INDIA LIMITED,10.16,10.16,9.67,9.99,10.05,10.03,,9.99,,,15057,149441.62,124,F1,1,,,,,
2026-08-27,2026-08-27,CM,NSE,STK,11255,INF179KC1DL6,HDFCQUAL,EQ,,,,,HDFCAMC - HDFCQUAL,59.61,59.61,59.09,59.09,59.35,59.39,,59.09,,,15045,890938.36,82,F1,1,,,,,
2026-08-27,2026-08-27,CM,NSE,STK,24403,INE365D01021,ASHIANA,EQ,,,,,ASHIANA HOUSING LTD,368.7,369.45,364.5,365.55,367.3,368.7,,365.55,,,15013,5513090.25,511,F1,1,,,,,
2026-08-27,2026-08-27,CM,NSE,STK,762737,INE081G01019,KANCHI,EQ,,,,,KANCHI KARPOORAM LTD.,432.45,432.45,400.0,420.0,424.0,411.9,,420.39,,,14970,6287424.75,514,F1,1,,,,,
2026-08-27,2026-08-27,CM,NSE,STK,715,INE492A01029,SUDARCOLOR,EQ,,,,,SUDARSHAN COLORNT IND LTD,389.35,399.0,377.0,379.65,383.0,387.45,,379.63,,,14953,5703415.75,866,F1,1,,,,,
2026-08-27,2026-08-27,CM,NSE,STK,31017,INE480M01011,THOMASCOTT,EQ,,,,,THOMAS SCOTT (INDIA) LTD,283.8,284.75,278.0,279.6,278.35,281.1,,279.68,,,14941,4187418.25,766,F1,1,,,,,
2026-08-27,2026-08-27,CM,NSE,STK,1597,INE177A01018,INGERRAND,EQ,,,,,INGERSOLL-RAND INDIA LTD,4581.0,4648.3,4560.0,4609.4,4622.0,4576.7,,4609.31,,,14940,68904391.6,3009,F1,1,,,,,
2026-08-27,2026-08-27,CM,NSE,STK,14440,INE290A01027,NAHARSPING,EQ,,,,,NAHAR SPINNING MILLS LTD.,298.5,298.5,290.0,291.25,291.55,294.1,,291.25,,,14921,4376205.65,582,F1,1,,,,,
2026-08-27,2026-08-27,CM,NSE,STK,13693,INE669A01022,INFOMEDIA,EQ,,,,,INFOMEDIA PRESS LIMITED,5.06,5.37,5.05,5.11,5.1,5.22,,5.11,,,14910,76547.61,64,F1,1,,,,,
2026-08-27,2026-08-27,CM,NSE,STK,25996,INF754K01TF1,EMULTIMQ,EQ,,,,,EDELAMC - EMULTIMQ,43.4,43.4,42.23,42.39,42.34,42.39,,42.39,,,14830,631346.58,143,F1,1,,,,,
2026-08-27,2026-08-27,CM,NSE,STK,10634,INE900C01027,ASAL,EQ,,,,,AUTOMOTIVE STAMPINGS & AS,489.05,495.0,485.7,488.45,489.2,489.3,,488.46,,,14769,7229251.55,815,F1,1,,,,,
2026-08-27,2026-08-27,CM,NSE,STK,4235,INE274C01019,WENDT,EQ,,,,,WENDT (INDIA) LIMITED,8209.0,8516.5,8126.0,8376.0,8395.0,8148.5,,8375.93,,,14765,123356292.0,3390,F1,1,,,,,
2026-08-27,2026-08-27,CM,NSE,STK,756015,INE345H01024,CIFL,EQ,,,,,CAPITAL INDIA FINANCE LTD,20.14,20.89,20.14,20.74,20.84,20.75,,20.78,,,14648,301615.05,231,F1,1,,,,,
2026-08-27,2026-08-27,CM,NSE,STK,764753,INE953E01022,KSE,EQ,,,,,KSE LTD.,178.4,184.0,175.63,177.96,178.0,180.23,,178.17,,,14503,2606854.03,419,F1,1,,,,,
2026-08-27,2026-08-27,CM,NSE,STK,14068,INE229C01021,SAGCEM,EQ,,,,,SAGAR CEMENTS LIMITED,167.67,168.28,163.21,164.09,164.01,167.67,,164.11,,,14441,2386620.28,555,F1,1,,,,,
2026-08-27,2026-08-27,CM,NSE,STK,5650,INE933X01016,SHANTI,EQ,,,,,SHANTI OVERSEAS INDIA LTD,6.44,6.44,5.94,6.11,6.15,6.22,,6.11,,,14368,88191.45,84,F1,1,,,,,
2026-08-27,2026-08-27,CM,NSE,STK,10512,INF174KA1ZF8,CONS,EQ,,,,,KOTAKMAMC - KOTAKCONS,12.35,12.38,12.3,12.32,12.34,12.4,,12.32,,,14348,176793.22,135,F1,1,,,,,
2026-08-27,2026-08-27,CM,NSE,STK,23175,INE0QN801017,KRYSTAL,EQ,,,,,KRYSTAL INTEGRATED SER L,658.0,665.85,645.0,648.35,645.0,652.45,,648.45,,,14332,9382962.5,900,F1,1,,,,,
2026-08-27,2026-08-27,CM,NSE,STK,2610,INE844A01013,PEARLPOLY,EQ,,,,,PEARL POLYMERS LTD,15.52,15.94,15.0,15.18,15.13,15.52,,15.18,,,14297,218910.29,107,F1,1,,,,,
2026-08-27,2026-08-27,CM,NSE,STK,2514,INE142A01012,OSWALAGRO,EQ,,,,,OSWAL AGRO MILLS LTD,36.61,37.8,36.61,36.86,36.78,36.79,,36.87,,,14188,524983.29,144,F1,1,,,,,
2026-08-27,2026-08-27,CM,NSE,STK,7422,INF247L01AU3,MONQ50,EQ,,,,,MOTILALAMC - MONQ50,146.52,146.52,146.52,146.52,146.52,146.42,,146.52,,,14181,2077800.12,107,F1,1,,,,,
2026-08-27,2026-08-27,CM,NSE,STK,11596,INE405C01035,LINCOLN,EQ,,,,,LINCOLN PHARMA LTD,616.2,619.45,609.6,614.0,614.95,612.55,,614.02,,,14024,8613328.6,1193,F1,1,,,,,
2026-08-27,2026-08-27,CM,NSE,STK,764638,INE700F01024,CFEL,EQ,,,,,CONFIDENCE FUTURIST ENE L,32.8,33.12,31.52,31.63,31.61,32.69,,31.77,,,13940,446413.49,77,F1,1,,,,,
2026-08-27,2026-08-27,CM,NSE,STK,17598,INE073G01016,ASALCBR,EQ,,,,,ASSO ALCOHOLS & BREW LTD,732.25,732.45,711.85,716.4,719.8,727.95,,716.43,,,13921,10013287.55,1271,F1,1,,,,,
2026-08-27,2026-08-27,CM,NSE,STK,761528,INE0ADB01012,INNOVISION,EQ,,,,,INNOVISION LIMITED,252.0,258.0,251.05,251.4,251.55,254.8,,251.41,,,13867,3500662.55,973,F1,1,,,,,
2026-08-27,2026-08-27,CM,NSE,STK,4037,INE218C01016,AUSOMENT,EQ,,,,,AUSOM ENTERPRISE LIMITED,145.55,149.0,142.11,147.25,149.0,146.1,,146.93,,,13834,2028129.24,98,F1,1,,,,,
2026-08-27,2026-08-27,CM,NSE,STK,14938,INF769K01KF8,GSEC10YEAR,EQ,,,,,MIRAEAMC - MAGS813ETF,30.66,30.73,30.31,30.73,30.73,30.72,,30.73,,,13801,420356.88,18,F1,1,,,,,
2026-08-27,2026-08-27,CM,NSE,STK,17728,INE563J01010,ASTEC,EQ,,,,,ASTEC LIFESCIENCES LTD,594.05,596.75,583.8,585.9,584.1,593.5,,585.9,,,13787,8124445.35,1071,F1,1,,,,,
2026-08-27,2026-08-27,CM,NSE,STK,20551,INE321T01012,DOMS,EQ,,,,,DOMS INDUSTRIES LIMITED,2209.0,2235.0,2201.2,2214.9,2204.2,2204.0,,2214.73,,,13731,30474544.8,3895,F1,1,,,,,
2026-08-27,2026-08-27,CM,NSE,STK,9046,INE740V01019,AGROPHOS,EQ,,,,,AGRO PHOS INDIA LIMITED,26.02,27.7,26.02,27.04,26.75,26.75,,27.04,,,13621,364641.05,151,F1,1,,,,,
2026-08-27,2026-08-27,CM,NSE,STK,3512,INE141D01018,TNTELE,EQ,,,,,TAMILNADU TELECOMMUNICATI,9.01,9.4,8.87,8.91,8.87,9.08,,8.91,,,13530,121254.32,59,F1,1,,,,,
2026-08-27,2026-08-27,CM,NSE,STK,29733,INE047O01014,NIBL,EQ,,,,,NRB INDUS. BEARINGS LTD.,30.16,31.44,30.16,30.58,30.85,30.65,,30.59,,,13529,414117.93,116,F1,1,,,,,
2026-08-27,2026-08-27,CM,NSE,STK,762854,INE641R01017,QUINT,EQ,,,,,QUINT DIGITAL LTD.,43.9,43.9,39.23,40.26,40.99,41.01,,40.33,,,13432,552043.68,79,F1,1,,,,,
2026-08-27,2026-08-27,CM,NSE,STK,16807,INE947I01017,LOTUSEYE,EQ,,,,,LOTUS EYE HOSP & INST L,109.6,114.48,109.37,112.63,112.6,111.61,,112.63,,,13355,1501906.47,471,F1,1,,,,,
2026-08-27,2026-08-27,CM,NSE,STK,10633,INF179KC1HR4,HDFCNIF100,EQ,,,,,HDFCAMC - HDFCNIF100,26.32,26.4,26.18,26.29,26.33,26.3,,26.3,,,13284,348657.03,190,F1,1,,,,,
2026-08-27,2026-08-27,CM,NSE,STK,759517,INE0XAD01024,MIDWESTLTD,EQ,,,,,MIDWEST LIMITED,1149.0,1149.0,1110.0,1114.4,1115.0,1135.4,,1114.83,,,13200,14824512.4,993,F1,1,,,,,
2026-08-27,2026-08-27,CM,NSE,STK,13421,INE296H01011,EMKAY,EQ,,,,,EMKAY GLOBAL FIN SERV LTD,236.25,242.67,236.25,239.73,239.0,239.24,,239.79,,,13138,3145464.43,443,F1,1,,,,,
2026-08-27,2026-08-27,CM,NSE,STK,10580,INE688A01022,TCI,EQ,,,,,TRANSPORT CORPN OF INDIA,899.5,907.6,895.0,897.3,897.0,903.15,,897.3,,,13098,11801780.45,2374,F1,1,,,,,
2026-08-27,2026-08-27,CM,NSE,STK,764980,INE359B01010,VEDAVAAG,EQ,,,,,VEDAVAAG SYSTEMS LTD.,18.87,18.9,18.21,18.36,18.35,18.5,,18.32,,,13071,240929.63,109,F1,1,,,,,
2026-08-27,2026-08-27,CM,NSE,STK,10932,INE874F01027,RADAAN,EQ,,,,,RADAAN MEDIAWORKS (I) LTD,3.02,3.08,2.91,3.01,2.95,3.02,,3.01,,,12988,39031.48,75,F1,1,,,,,
2026-08-27,2026-08-27,CM,NSE,STK,15199,INE015D01022,MANAKSIA,EQ,,,,,MANAKSIA LTD.,57.0,58.34,56.5,56.89,57.28,57.09,,56.87,,,12936,738743.08,346,F1,1,,,,,
2026-08-27,2026-08-27,CM,NSE,STK,359,INE294G01026,ROML,EQ,,,,,RAJ OIL MILLS LIMITED,42.47,42.56,39.55,40.61,40.9,42.44,,40.61,,,12924,528681.56,172,F1,1,,,,,
2026-08-27,2026-08-27,CM,NSE,STK,10791,INE096B01018,NUCLEUS,EQ,,,,,NUCLEUS SOFTWARE EXPORTS,734.55,742.0,734.55,738.1,735.0,740.1,,737.7,,,12856,9504893.5,896,F1,1,,,,,
2026-08-27,2026-08-27,CM,NSE,STK,5688,INE731A01020,ARCHIES,EQ,,,,,ARCHIES LTD,13.9,13.9,13.35,13.4,13.38,13.51,,13.4,,,12809,173535.42,51,F1,1,,,,,
2026-08-27,2026-08-27,CM,NSE,STK,760359,INF740KA1WX3,SMALLADD,EQ,,,,,DSPAMC - SMALLADD,18.66,18.66,18.55,18.56,18.55,18.58,,18.56,,,12799,238010.58,183,F1,1,,,,,
2026-08-27,2026-08-27,CM,NSE,STK,368,INE373A01013,BASF,EQ,,,,,BASF INDIA LTD,3939.2,3939.2,3832.1,3846.1,3837.0,3914.0,,3846.13,,,12754,49328159.0,3078,F1,1,,,,,
2026-08-27,2026-08-27,CM,NSE,STK,9384,INE230B01021,CREATIVEYE,EQ,,,,,CREATIVE EYE LIMITED,6.34,6.34,5.91,6.06,6.14,6.32,,6.06,,,12735,77283.91,98,F1,1,,,,,
2026-08-27,2026-08-27,CM,NSE,STK,760923,INE0KNW01016,KNAGRI,EQ,,,,,KN AGRI RESOURCES LIMITED,213.95,217.38,213.95,214.23,214.0,215.29,,214.23,,,12730,2731205.32,143,F1,1,,,,,
2026-08-27,2026-08-27,CM,NSE,STK,13192,INE265F01028,ENIL,EQ,,,,,ENTERTAIN NET. IND. LTD.,108.06,108.1,103.5,104.41,104.2,106.99,,104.41,,,12683,1353730.33,405,F1,1,,,,,
2026-08-27,2026-08-27,CM,NSE,STK,11301,INE150G01020,LUXIND,EQ,,,,,LUX INDUSTRIES LIMITED,1213.2,1213.2,1191.2,1201.0,1195.5,1207.1,,1200.96,,,12647,15134094.7,1279,F1,1,,,,,
2026-08-27,2026-08-27,CM,NSE,STK,13735,INE792H01019,GLOBALVECT,EQ,,,,,GLOBAL VEC HELICORP LTD,148.78,149.95,144.98,146.47,148.0,147.31,,146.47,,,12574,1840400.38,325,F1,1,,,,,
2026-08-27,2026-08-27,CM,NSE,STK,22595,INF179KC1HW4,HDFCPSUBK,EQ,,,,,HDFCAMC HDFCPSUBK,88.07,88.07,86.28,86.77,86.47,87.44,,86.78,,,12549,1092044.31,206,F1,1,,,,,
2026-08-27,2026-08-27,CM,NSE,STK,761330,INE757T01025,AEPL,EQ,,,,,ARTEMIS ELECTRICALS & P L,15.55,15.55,14.66,15.39,15.51,15.1,,15.38,,,12516,188217.43,149,F1,1,,,,,
2026-08-27,2026-08-27,CM,NSE,STK,8159,INE296C01020,FIBERWEB,EQ,,,,,FIBERWEB INDIA LIMITED,26.1,26.69,26.0,26.42,26.45,26.0,,26.43,,,12397,327102.7,70,F1,1,,,,,
2026-08-27,2026-08-27,CM,NSE,STK,19277,INE778K01012,EMAMIREAL,EQ,,,,,EMAMI REALTY LIMITED,68.22,68.22,66.78,67.57,67.95,68.22,,67.57,,,12387,837216.53,311,F1,1,,,,,
2026-08-27,2026-08-27,CM,NSE,STK,13644,INF740KA1RX3,BANKADD,EQ,,,,,DSPAMC - DSPBANK,59.24,59.32,58.9,59.04,58.9,59.28,,59.05,,,12387,733242.94,38,F1,1,,,,,
2026-08-27,2026-08-27,CM,NSE,STK,6262,INE105I01020,SELMC,EQ,,,,,SEL MANUFACTURING CO LTD,28.78,30.5,27.24,27.45,27.51,27.9,,27.83,,,12252,349284.23,178,F1,1,,,,,
2026-08-27,2026-08-27,CM,NSE,STK,3715,INE709A01018,VLSFINANCE,EQ,,,,,VLS FINANCE LTD,245.75,251.0,244.35,246.25,244.5,245.35,,246.22,,,12216,3006118.45,375,F1,1,,,,,
2026-08-27,2026-08-27,CM,NSE,STK,13270,INE823G01014,JKCEMENT,EQ,,,,,JK CEMENT LIMITED,5290.0,5299.0,5213.0,5233.5,5221.0,5277.0,,5233.51,,,12186,63775349.5,3449,F1,1,,,,,
2026-08-27,2026-08-27,CM,NSE,STK,16943,INE760Y01011,ASHOKAMET,EQ,,,,,ASHOKA METCAST LIMITED,13.55,13.58,13.0,13.51,13.58,13.5,,13.53,,,12184,161657.94,111,F1,1,,,,,
2026-08-27,2026-08-27,CM,NSE,STK,3608,INF846K01Z12,HEALTHAXIS,EQ,,,,,AXISAMC-HEALTHAXIS,169.3,169.99,168.91,169.65,169.0,169.86,,169.6,,,12037,2038374.83,57,F1,1,,,,,
2026-08-27,2026-08-27,CM,NSE,STK,765060,INE715T01031,DHATRE,EQ,,,,,DHATRE UDYOG LTD.,4.23,4.56,4.21,4.32,4.31,4.29,,4.32,,,12036,51609.4,126,F1,1,,,,,
2026-08-27,2026-08-27,CM,NSE,STK,27303,INE735M01018,SAMPANN,EQ,,,,,SAMPANN UTPADAN INDIA LTD,26.6,26.6,25.51,25.61,25.61,26.1,,25.62,,,12017,311455.48,128,F1,1,,,,,
2026-08-27,2026-08-27,CM,NSE,STK,13885,INE413D01011,ARIHANT,EQ,,,,,ARIHANT FOUN & HOU LTD,970.0,1009.9,945.3,974.8,975.0,973.3,,975.28,,,11973,11771223.3,747,F1,1,,,,,
2026-08-27,2026-08-27,CM,NSE,STK,764845,INE035S01028,POEL,EQ,,,,,P O C L ENTERPRISES LTD.,149.65,153.78,149.65,150.6,152.38,150.86,,150.68,,,11911,1800302.79,232,F1,1,,,,,
2026-08-27,2026-08-27,CM,NSE,STK,14403,INE952H01027,RAJTV,EQ,,,,,RAJ TV NETWORK LTD,10.68,10.68,10.11,10.43,10.31,10.58,,10.43,,,11911,122493.3,104,F1,1,,,,,
2026-08-27,2026-08-27,CM,NSE,STK,765035,INE566M01017,AZADIND,EQ,,,,,AZAD INDIA MOBILITY LTD.,92.0,98.9,89.95,96.8,94.5,90.03,,96.38,,,11894,1137641.5,190,F1,1,,,,,
2026-08-27,2026-08-27,CM,NSE,STK,14838,INE583C01021,DECCANCE,EQ,,,,,DECCAN CEMENTS LIMITED,572.1,580.05,568.1,575.15,575.0,577.15,,575.16,,,11892,6831365.0,306,F1,1,,,,,
2026-08-27,2026-08-27,CM,NSE,STK,17477,INE663B01015,CONTROLPR,EQ,,,,,CONTROL PRINT LIMITED,603.25,605.95,593.05,596.7,596.5,601.3,,596.62,,,11828,7066817.15,1316,F1,1,,,,,
2026-08-27,2026-08-27,CM,NSE,STK,3103,INE070A01015,SHREECEM,EQ,,,,,SHREE CEMENT LIMITED,24825.0,24945.0,24425.0,24480.0,24480.0,24865.0,,24479.6,,,11780,289572195.0,6823,F1,1,,,,,
2026-08-27,2026-08-27,CM,NSE,STK,24937,INE0US801024,MFML,EQ,,,,,MAHALAXMI FABRIC MILLS LT,19.74,19.75,18.4,18.53,18.53,18.71,,18.53,,,11692,218779.69,51,F1,1,,,,,
2026-08-27,2026-08-27,CM,NSE,STK,764945,INE692C01020,TANAA,EQ,,,,,TANEJA AEROSPACE & AVIA L,300.0,300.85,291.6,292.7,292.0,298.45,,294.48,,,11677,3424896.35,521,F1,1,,,,,
2026-08-27,2026-08-27,CM,NSE,STK,11260,INF179KC1DK8,HDFCVALUE,EQ,,,,,HDFCAMC - HDFCVALUE,125.72,126.2,124.98,125.42,125.77,126.2,,125.42,,,11472,1439027.34,88,F1,1,,,,,
2026-08-27,2026-08-27,CM,NSE,STK,11804,INE450E01029,SUKHJITS,EQ,,,,,SUKHJIT STARCH & CHEM LTD,161.53,165.0,161.53,162.32,162.99,161.53,,162.29,,,11394,1860529.18,185,F1,1,,,,,
2026-08-27,2026-08-27,CM,NSE,STK,11369,INE910C01018,TTKHLTCARE,EQ,,,,,TTK HEALTHCARE LIMITED,1099.0,1101.2,1075.5,1080.2,1075.5,1090.6,,1080.22,,,11390,12412003.7,1352,F1,1,,,,,
2026-08-27,2026-08-27,CM,NSE,STK,759152,INE0SJA01013,VMSTMT,EQ,,,,,VMS TMT LIMITED,47.44,47.44,46.25,46.26,46.69,46.7,,46.26,,,11380,530207.1,195,F1,1,,,,,
2026-08-27,2026-08-27,CM,NSE,STK,757955,INE124Y01028,PASHUPATI,EQ,,,,,PASHUPATI COTSPIN LIMITED,85.25,85.25,83.82,84.17,84.48,84.09,,84.17,,,11357,958916.29,495,F1,1,,,,,
2026-08-27,2026-08-27,CM,NSE,STK,7518,INE00CA01015,TREJHARA,EQ,,,,,TREJHARA SOLUTIONS LTD,148.54,152.87,147.27,149.89,149.95,148.54,,149.9,,,11319,1697427.73,371,F1,1,,,,,
2026-08-27,2026-08-27,CM,NSE,STK,17486,INE201K01015,EXPLEOSOL,EQ,,,,,EXPLEO SOLUTIONS LIMITED,884.1,888.95,866.6,873.7,879.0,879.95,,873.78,,,11211,9847816.15,884,F1,1,,,,,
2026-08-27,2026-08-27,CM,NSE,STK,1200,INF769K01GS9,ESG,EQ,,,,,MIRAEAMC - MAESGETF,40.71,41.82,40.71,41.53,41.53,41.76,,41.55,,,11208,466830.77,74,F1,1,,,,,
2026-08-27,2026-08-27,CM,NSE,STK,19073,INE754X01016,AARVI,EQ,,,,,AARVI ENCON LIMITED,150.59,151.93,144.01,145.07,145.23,150.04,,145.07,,,11191,1653493.92,536,F1,1,,,,,
2026-08-27,2026-08-27,CM,NSE,STK,22233,INE320L01011,DHUNINV,EQ,,,,,DHUNSERI INVESTMENTS LTD,1105.0,1130.0,1037.0,1046.5,1050.0,1115.9,,1046.4,,,11119,12133790.3,931,F1,1,,,,,
2026-08-27,2026-08-27,CM,NSE,STK,27571,INE054301028,ODIGMA,EQ,,,,,ODIGMA CONSULTANCY SOL L,22.5,23.49,22.15,22.73,22.9,22.53,,22.79,,,11102,252157.74,271,F1,1,,,,,
2026-08-27,2026-08-27,CM,NSE,STK,1530,INE323C01030,INDIANHUME,EQ,,,,,INDIAN HUME PIPE CO. LTD.,394.4,394.4,389.3,390.85,391.0,392.8,,390.84,,,11045,4314324.95,603,F1,1,,,,,
2026-08-27,2026-08-27,CM,NSE,STK,13941,INE505C01016,PRAENG,EQ,,,,,PRAJAY ENG. SYN. LTD.,19.85,20.0,19.31,19.76,19.74,19.44,,19.77,,,11024,218428.52,85,F1,1,,,,,
2026-08-27,2026-08-27,CM,NSE,STK,765252,INE761Q01015,VGCL,EQ,,,,,VIBRANT GLOBAL CAPITAL L,56.85,59.9,55.09,59.38,59.9,57.05,,59.38,,,10993,650804.21,99,F1,1,,,,,
2026-08-27,2026-08-27,CM,NSE,STK,16819,INF082J01499,QNIFTY,EQ,,,,,QUANTUM NIFTY 50 ETF,268.0,268.0,265.4,266.19,266.2,267.48,,266.19,,,10992,2926450.77,87,F1,1,,,,,
2026-08-27,2026-08-27,CM,NSE,STK,764990,INE467D01017,VIRAT,EQ,,,,,VIRAT INDUSTRIES LTD.,435.0,445.0,429.95,442.05,444.0,442.0,,442.21,,,10945,4786168.4,282,F1,1,,,,,
2026-08-27,2026-08-27,CM,NSE,STK,765200,INE330E01023,TRANSCOR,EQ,,,,,TRANSCORP INTERNATIONAL L,25.49,26.25,24.1,25.95,26.15,24.58,,25.86,,,10945,284482.77,91,F1,1,,,,,
2026-08-27,2026-08-27,CM,NSE,STK,2307,INE577A01027,MUNJALSHOW,EQ,,,,,MUNJAL SHOWA LTD,133.7,133.7,131.0,131.27,131.1,132.39,,131.27,,,10794,1423272.08,402,F1,1,,,,,
2026-08-27,2026-08-27,CM,NSE,STK,22423,INE336X01012,TOTAL,EQ,,,,,TOTAL TRANSPORT SYS LTD,73.05,73.05,68.2,69.57,69.11,71.57,,69.57,,,10783,759424.71,198,F1,1,,,,,
2026-08-27,2026-08-27,CM,NSE,STK,4525,INE221B01012,DYNAMATECH,EQ,,,,,DYNAMATIC TECHNOLOGIES,11495.0,11848.0,11411.0,11497.0,11477.0,11510.0,,11497.04,,,10773,124864212.0,3885,F1,1,,,,,
2026-08-27,2026-08-27,CM,NSE,STK,765100,INE341H01023,LKPSEC,EQ,,,,,L K P SECURITIES LTD.,15.6,15.93,14.51,15.63,15.73,15.43,,15.63,,,10552,160968.3,137,F1,1,,,,,
2026-08-27,2026-08-27,CM,NSE,STK,761030,INF769K01QB4,INFRA,EQ,,,,,MIRAEAMC - INFRA,12.21,12.32,12.16,12.18,12.18,12.21,,12.18,,,10519,128266.95,130,F1,1,,,,,
2026-08-27,2026-08-27,CM,NSE,STK,3453,INE014B01011,TECILCHEM,EQ,,,,,TECIL CHEMICALS,9.66,9.66,8.82,9.09,9.0,9.49,,9.09,,,10472,96618.32,99,F1,1,,,,,
2026-08-27,2026-08-27,CM,NSE,STK,1030,INE721Z01010,AARON,EQ,,,,,AARON INDUSTRIES LIMITED,136.08,139.9,134.81,135.71,137.2,136.08,,135.71,,,10460,1427430.52,325,F1,1,,,,,
2026-08-27,2026-08-27,CM,NSE,STK,15399,INE276C01014,EIHAHOTELS,EQ,,,,,EIH ASSOCIATED HOTELS LTD,303.7,306.7,300.1,302.55,303.25,301.95,,302.52,,,10449,3175448.05,466,F1,1,,,,,
2026-08-27,2026-08-27,CM,NSE,STK,7129,INE761Y01019,ZODIAC,EQ,,,,,ZODIAC ENERGY LIMITED,253.35,256.1,242.1,245.8,247.2,250.85,,245.54,,,10402,2564887.85,652,F1,1,,,,,
2026-08-27,2026-08-27,CM,NSE,STK,13560,INE536A01023,GRINDWELL,EQ,,,,,GRINDWELL NORTON LIMITED,2062.5,2068.5,2018.0,2024.1,2035.3,2055.8,,2024.13,,,10397,21161312.8,3295,F1,1,,,,,
2026-08-27,2026-08-27,CM,NSE,STK,758941,INE0P6P01016,CPEDU,EQ,,,,,CAREER POINT EDUTECH LTD,185.0,195.9,178.0,192.21,192.25,185.09,,192.21,,,10392,1966511.01,563,F1,1,,,,,
2026-08-27,2026-08-27,CM,NSE,STK,757953,INE505V01016,EUROBOND,EQ,,,,,EURO PANEL PRODUCTS LTD,154.99,155.78,149.0,151.24,153.0,155.54,,151.24,,,10287,1555367.87,283,F1,1,,,,,
2026-08-27,2026-08-27,CM,NSE,STK,5631,INE04LG01015,PAR,EQ,,,,,PAR DRUGS AND CHEM LTD,99.99,99.99,99.16,99.56,99.2,99.54,,99.56,,,10240,1019152.26,67,F1,1,,,,,
2026-08-27,2026-08-27,CM,NSE,STK,21957,INE611L01021,INDTERRAIN,EQ,,,,,IND TERRAIN FASHIONS LTD,30.82,30.82,29.95,30.11,30.05,30.15,,30.11,,,10083,303381.22,74,F1,1,,,,,
2026-08-27,2026-08-27,CM,NSE,STK,759371,INF247L01GG9,MONIFTY100,EQ,,,,,MOTILALAMC - MONIFTY100,25.99,25.99,25.46,25.62,25.62,25.75,,25.62,,,10061,257878.52,64,F1,1,,,,,
2026-08-27,2026-08-27,CM,NSE,STK,759891,INF247L01GI5,MOIPO,EQ,,,,,MOTILALAMC - MOIPO,50.58,50.58,49.12,49.2,49.2,49.35,,49.2,,,10016,493059.17,35,F1,1,,,,,
2026-08-27,2026-08-27,CM,NSE,STK,762864,INE951M01037,RRIL,EQ,,,,,R R I L LTD.,17.56,17.57,16.91,17.27,17.4,17.0,,17.27,,,10008,173914.86,87,F1,1,,,,,
2026-08-27,2026-08-27,CM,NSE,STK,6422,INE370D01013,MANORG,EQ,,,,,MANGALAM ORGANICS LIMITED,503.55,514.0,499.0,500.0,505.0,503.55,,500.06,,,9985,5027617.6,362,F1,1,,,,,
2026-08-27,2026-08-27,CM,NSE,STK,18827,INE747K01017,TARAPUR,EQ,,,,,TARAPUR TRANSFORMERS LTD,14.74,15.34,14.31,14.96,14.89,14.65,,14.99,,,9977,148361.8,150,F1,1,,,,,
2026-08-27,2026-08-27,CM,NSE,STK,14871,INE0N0Y01013,USK,EQ,,,,,UDAYSHIVAKUMAR INFRA LTD,21.46,21.86,21.01,21.31,21.68,21.56,,21.45,,,9962,213331.14,123,F1,1,,,,,
2026-08-27,2026-08-27,CM,NSE,STK,4747,INE092B01025,INDNIPPON,EQ,,,,,INDIA NIPPON ELECT  LTD,1066.1,1082.9,1056.0,1062.2,1063.0,1066.1,,1062.2,,,9885,10574757.6,1104,F1,1,,,,,
2026-08-27,2026-08-27,CM,NSE,STK,10285,INE193B01039,AYMSYNTEX,EQ,,,,,AYM SYNTEX LIMITED,253.9,257.45,249.1,250.25,250.25,254.95,,250.26,,,9859,2485206.7,340,F1,1,,,,,
2026-08-27,2026-08-27,CM,NSE,STK,28805,INE0JPD01013,SANATHAN,EQ,,,,,SANATHAN TEXTILES LIMITED,462.0,470.0,453.0,461.45,470.0,462.1,,461.21,,,9780,4486760.9,938,F1,1,,,,,
2026-08-27,2026-08-27,CM,NSE,STK,22415,INE597L01014,LOVABLE,EQ,,,,,LOVABLE LINGERIE LTD,74.0,76.0,72.12,72.51,73.37,74.0,,72.48,,,9704,718223.55,249,F1,1,,,,,
2026-08-27,2026-08-27,CM,NSE,STK,2598,INE606A01024,AMJLAND,EQ,,,,,AMJ LAND HOLDINGS LIMITED,38.68,39.43,38.68,39.22,39.0,38.68,,39.22,,,9682,377763.88,74,F1,1,,,,,
2026-08-27,2026-08-27,CM,NSE,STK,14547,INE353A01023,NDLVENTURE,EQ,,,,,NDL VENTURES LIMITED,126.85,126.85,118.0,122.62,124.1,123.17,,122.65,,,9645,1184146.74,150,F1,1,,,,,
2026-08-27,2026-08-27,CM,NSE,STK,14712,INE170I01016,HGS,EQ,,,,,HINDUJA GLOBAL SOLS. LTD.,400.0,404.15,400.0,402.55,402.9,401.95,,402.52,,,9634,3870476.85,339,F1,1,,,,,
2026-08-27,2026-08-27,CM,NSE,STK,22255,INE07OG01012,NDRAUTO,EQ,,,,,NDR AUTO COMPONENTS LTD,740.0,749.95,730.0,733.3,737.85,744.3,,733.3,,,9618,7075883.0,1232,F1,1,,,,,
2026-08-27,2026-08-27,CM,NSE,STK,27161,INE704H01022,CINELINE,EQ,,,,,CINELINE INDIA LIMITED,90.69,90.7,88.16,89.37,89.8,89.73,,89.37,,,9587,862250.98,185,F1,1,,,,,
2026-08-27,2026-08-27,CM,NSE,STK,759381,INE296Q01012,MONEYBOXX,EQ,,,,,MONEYBOXX FINANCE LIMITED,56.01,56.89,56.0,56.0,56.0,56.0,,56.0,,,9576,536719.37,50,F1,1,,,,,
2026-08-27,2026-08-27,CM,NSE,STK,763530,INF740KA1ZA4,FMCGADD,EQ,,,,,DSPAMC - FMCGADD,47.62,48.88,47.26,47.47,48.88,47.68,,47.47,,,9558,452784.53,198,F1,1,,,,,
2026-08-27,2026-08-27,CM,NSE,STK,12000,INE963C01033,FAZE3Q,EQ,,,,,FAZE THREE LIMITED,491.3,494.0,485.4,485.75,487.0,488.7,,485.76,,,9557,4663633.7,446,F1,1,,,,,
2026-08-27,2026-08-27,CM,NSE,STK,8477,INE01P501012,XELPMOC,EQ,,,,,XELPMOC DESIGN & TECH LTD,81.01,83.6,79.01,81.09,81.8,81.81,,81.09,,,9504,769372.74,200,F1,1,,,,,
2026-08-27,2026-08-27,CM,NSE,STK,759987,INE1SPP01016,KSR,EQ,,,,,KSR FOOTWEAR LIMITED,29.0,29.5,27.71,28.58,28.99,29.13,,28.58,,,9317,262632.99,355,F1,1,,,,,
2026-08-27,2026-08-27,CM,NSE,STK,19876,INE258Y01016,LGHL,EQ,,,,,LAXMI GOLDORNA HOUSE LTD,178.82,181.35,177.47,179.9,181.35,176.1,,179.9,,,9254,1656173.1,173,F1,1,,,,,
2026-08-27,2026-08-27,CM,NSE,STK,6417,INE479D01038,KRITI,EQ,,,,,KRITI INDUSTRIES IND LTD,64.06,65.45,64.0,64.08,64.05,64.14,,64.09,,,9207,592908.07,76,F1,1,,,,,
2026-08-27,2026-08-27,CM,NSE,STK,20616,INE712B01010,SUPERHOUSE,EQ,,,,,SUPERHOUSE LIMITED,176.0,178.95,167.74,169.9,169.15,176.14,,170.1,,,9160,1590857.28,320,F1,1,,,,,
2026-08-27,2026-08-27,CM,NSE,STK,751745,INF666M01PG9,SMALLGROWW,EQ,,,,,GROWWAMC - SMALLGROWW,49.47,50.84,48.92,50.52,49.5,48.92,,50.52,,,9158,458571.08,94,F1,1,,,,,
2026-08-27,2026-08-27,CM,NSE,STK,940,INE199A01012,PGHL,EQ,,,,,PROCTER & GAMBLE HEALTH L,5720.0,5781.5,5713.0,5722.5,5713.0,5766.0,,5723.38,,,9113,52302779.5,2183,F1,1,,,,,
2026-08-27,2026-08-27,CM,NSE,STK,13771,INE273D01027,VGL,EQ,,,,,VARVEE GLOBAL LIMITED,58.45,58.45,56.31,56.85,56.51,57.56,,56.85,,,9107,519661.47,136,F1,1,,,,,
2026-08-27,2026-08-27,CM,NSE,STK,8119,INE425Y01011,RPSGVENT,EQ,,,,,RPSG VENTURES LIMITED,865.4,869.15,857.0,861.35,860.0,868.5,,861.35,,,9070,7811361.3,578,F1,1,,,,,
2026-08-27,2026-08-27,CM,NSE,STK,6568,INE801V01019,LAXMICOT,EQ,,,,,LAXMI COTSPIN LIMITED,13.9,13.9,13.5,13.83,13.89,13.74,,13.83,,,9049,124967.42,50,F1,1,,,,,
2026-08-27,2026-08-27,CM,NSE,STK,11983,INE231F01020,SASKEN,EQ,,,,,SASKEN TECHNOLOGIES LTD,1832.0,1900.0,1832.0,1861.4,1865.9,1863.0,,1861.24,,,9015,16887848.3,1347,F1,1,,,,,
2026-08-27,2026-08-27,CM,NSE,STK,13182,INE283H01019,ROHLTD,EQ,,,,,ROYAL ORCHID HOTELS LTD,306.0,308.4,302.2,303.15,303.4,306.2,,303.15,,,9004,2738794.85,433,F1,1,,,,,
2026-08-27,2026-08-27,CM,NSE,STK,641,INE016M01021,DNAMEDIA,EQ,,,,,DILIGENT MEDIA CORP LTD.,2.58,2.64,2.55,2.6,2.61,2.58,,2.6,,,8995,23388.6,77,F1,1,,,,,
2026-08-27,2026-08-27,CM,NSE,STK,1994,INE557B01019,LIBERTSHOE,EQ,,,,,LIBERTY SHOES LTD,248.8,248.8,244.0,245.1,245.9,248.1,,245.09,,,8975,2205547.1,324,F1,1,,,,,
2026-08-27,2026-08-27,CM,NSE,STK,22592,INF740KA1ZG1,HEALTHADD,EQ,,,,,DSPAMC - HEALTHADD,16.92,16.94,16.77,16.87,16.77,16.84,,16.87,,,8959,150520.28,171,F1,1,,,,,
2026-08-27,2026-08-27,CM,NSE,STK,3834,INE838B01021,BHARATRAS,EQ,,,,,BHARAT RASAYAN LTD,1281.0,1284.5,1260.1,1272.6,1270.3,1278.4,,1272.59,,,8926,11367680.1,1965,F1,1,,,,,
2026-08-27,2026-08-27,CM,NSE,STK,5516,INE696V01013,JAIPURKURT,EQ,,,,,NANDANI CREATION LIMITED,26.64,27.2,26.07,26.33,26.21,26.64,,26.33,,,8925,237013.29,111,F1,1,,,,,
2026-08-27,2026-08-27,CM,NSE,STK,14557,INE210C01013,AROGRANITE,EQ,,,,,ARO GRANITE IND. LTD.,25.49,25.75,24.75,25.59,25.49,25.49,,25.59,,,8920,227953.2,86,F1,1,,,,,
2026-08-27,2026-08-27,CM,NSE,STK,13367,INE353H01010,SGL,EQ,,,,,STL GLOBAL LIMITED,10.08,10.48,9.88,10.04,10.17,10.03,,10.04,,,8802,89366.68,80,F1,1,,,,,
2026-08-27,2026-08-27,CM,NSE,STK,5501,INE384C01016,YUKEN,EQ,,,,,YUKEN INDIA LIMITED,939.0,951.0,923.0,928.7,923.0,938.85,,928.7,,,8665,8094309.3,582,F1,1,,,,,
2026-08-27,2026-08-27,CM,NSE,STK,762752,INE972A01020,KOTIC,EQ,,,,,KOTHARI INDUSTRIAL CORP L,152.03,152.03,144.0,149.0,150.0,149.05,,148.89,,,8608,1272931.3,334,F1,1,,,,,
2026-08-27,2026-08-27,CM,NSE,STK,14745,INE199C01026,ADVANIHOTR,EQ,,,,,ADVANI HOT.& RES.(I) LTD,49.81,50.81,49.26,49.92,50.21,49.88,,49.93,,,8560,426936.18,209,F1,1,,,,,
2026-08-27,2026-08-27,CM,NSE,STK,4469,INE822G01016,ELECTHERM,EQ,,,,,ELECTROTHERM (I) LTD.,1032.7,1042.0,1030.0,1032.9,1040.0,1038.3,,1031.2,,,8555,8857412.6,315,F1,1,,,,,
2026-08-27,2026-08-27,CM,NSE,STK,8024,INE039B01026,CINEVISTA,EQ,,,,,CINEVISTA LIMITED,14.73,14.73,14.16,14.18,14.48,14.53,,14.16,,,8518,122458.95,67,F1,1,,,,,
2026-08-27,2026-08-27,CM,NSE,STK,10406,INE395H01011,STEELCITY,EQ,,,,,STEEL CITY SECURITIES LTD,87.9,87.9,85.0,86.2,86.2,87.87,,86.2,,,8483,729576.44,158,F1,1,,,,,
2026-08-27,2026-08-27,CM,NSE,STK,765242,INE670O01013,ONEGLOBAL,EQ,,,,,ONE GLOBAL SERVICE PROV L,565.0,565.0,540.0,541.4,545.0,556.5,,542.43,,,8373,4571520.95,518,F1,1,,,,,
2026-08-27,2026-08-27,CM,NSE,STK,25725,INF769K01LZ4,BANKPSU,EQ,,,,,MIRAEAMC - BANKPSU,87.51,87.51,86.48,86.7,86.77,87.51,,86.7,,,8350,725257.23,118,F1,1,,,,,
2026-08-27,2026-08-27,CM,NSE,STK,20071,INE781A01025,INTENTECH,EQ,,,,,INTENSE TECHNOLOGIES LTD,81.86,82.98,81.45,82.05,82.68,82.92,,82.05,,,8344,684821.1,306,F1,1,,,,,
2026-08-27,2026-08-27,CM,NSE,STK,13352,INE383H01017,MALUPAPER,EQ,,,,,MALU PAPER MILLS LIMITED,31.6,33.0,31.6,32.25,32.49,31.72,,32.25,,,8315,269036.47,80,F1,1,,,,,
2026-08-27,2026-08-27,CM,NSE,STK,764663,INE316A01038,ECORECO,EQ,,,,,ECO RECYCLING LTD.,455.5,465.0,452.4,459.95,465.0,456.95,,460.63,,,8284,3800358.8,599,F1,1,,,,,
2026-08-27,2026-08-27,CM,NSE,STK,703,INE303A01010,DICIND,EQ,,,,,DIC INDIA LIMITED,607.4,619.9,593.55,601.3,606.0,601.95,,601.18,,,8279,5017882.2,295,F1,1,,,,,
2026-08-27,2026-08-27,CM,NSE,STK,13740,INE635A01023,SHYAMTEL,EQ,,,,,SHYAM TELECOM LIMITED,13.15,13.15,13.0,13.1,13.1,13.15,,13.13,,,8266,108320.4,36,F1,1,,,,,
2026-08-27,2026-08-27,CM,NSE,STK,760412,INF769K01PY8,DIVIDEND,EQ,,,,,MIRAEAMC - DIVIDEND,35.84,35.84,35.52,35.57,35.56,35.84,,35.58,,,8233,293201.79,76,F1,1,,,,,
2026-08-27,2026-08-27,CM,NSE,STK,14687,INE426D01013,GOACARBON,EQ,,,,,GOA CARBON LIMITED,359.0,361.5,350.25,352.15,353.0,358.1,,352.33,,,8229,2918150.05,534,F1,1,,,,,
2026-08-27,2026-08-27,CM,NSE,STK,11471,INE369A01029,EXCELINDUS,EQ,,,,,EXCEL INDUSTRIES LTD,1039.75,1050.0,1034.55,1041.6,1044.4,1039.75,,1041.64,,,8170,8513419.6,1078,F1,1,,,,,
2026-08-27,2026-08-27,CM,NSE,STK,15039,INE739E01017,CERA,EQ,,,,,CERA SANITARYWARE LTD,5717.0,5825.0,5650.0,5662.0,5659.5,5717.0,,5661.93,,,8155,46317330.0,2937,F1,1,,,,,
2026-08-27,2026-08-27,CM,NSE,STK,757946,INF174KA1WT6,QUALITY30,EQ,,,,,KOTAKMAMC - QUALITY30,20.98,20.98,20.81,20.9,20.95,21.02,,20.9,,,8127,169504.48,52,F1,1,,,,,
2026-08-27,2026-08-27,CM,NSE,STK,17256,INE155C01010,ALBERTDAVD,EQ,,,,,ALBERT DAVID LIMITED,869.9,899.0,861.0,890.25,893.0,869.7,,890.13,,,8084,7159897.95,805,F1,1,,,,,
2026-08-27,2026-08-27,CM,NSE,STK,2844,INE384A01010,RANEHOLDIN,EQ,,,,,RANE HOLDINGS LIMITED,1580.8,1637.0,1577.7,1593.9,1593.0,1581.6,,1594.07,,,8041,12902709.4,1350,F1,1,,,,,
2026-08-27,2026-08-27,CM,NSE,STK,19205,INE759V01019,HEADSUP,EQ,,,,,HEADS UP VENTURES LIMITED,6.5,6.98,6.5,6.87,6.8,6.46,,6.89,,,8022,55037.27,137,F1,1,,,,,
2026-08-27,2026-08-27,CM,NSE,STK,24409,INE435G01025,DHANUKA,EQ,,,,,DHANUKA AGRITECH LTD,987.6,990.0,981.6,985.8,987.2,985.2,,985.81,,,8006,7883836.4,1198,F1,1,,,,,
2026-08-27,2026-08-27,CM,NSE,STK,1756,INE197D01010,JINDALPOLY,EQ,,,,,JINDAL POLY FILMS LIMITED,645.0,646.0,636.05,637.55,637.0,641.4,,637.55,,,7939,5069636.3,447,F1,1,,,,,
2026-08-27,2026-08-27,CM,NSE,STK,17351,INE498E01010,SALONA,EQ,,,,,SALONA COTSPIN LTD.,278.0,287.0,265.25,268.09,268.05,262.01,,268.1,,,7827,2149095.05,172,F1,1,,,,,
2026-08-27,2026-08-27,CM,NSE,STK,764773,INE987A01010,MAKERSL,EQ,,,,,MAKERS LABORATORIES LTD.,207.0,213.98,205.12,206.11,206.0,214.49,,206.12,,,7822,1633856.59,245,F1,1,,,,,
2026-08-27,2026-08-27,CM,NSE,STK,2535,INE179A01014,PGHH,EQ,,,,,P&G HYGIENE & HEALTH CARE,8125.0,8208.5,8085.0,8102.5,8100.0,8136.5,,8102.57,,,7803,63484529.0,2122,F1,1,,,,,
2026-08-27,2026-08-27,CM,NSE,STK,759969,INE111F01024,PAUSHAKLTD,EQ,,,,,PAUSHAK LIMITED,746.15,754.65,735.1,738.2,735.15,750.55,,737.66,,,7797,5786550.75,668,F1,1,,,,,
2026-08-27,2026-08-27,CM,NSE,STK,1455,INE557A01011,BIRLANU,EQ,,,,,BIRLANU LIMITED,1480.5,1500.0,1445.0,1450.8,1450.6,1480.5,,1450.92,,,7788,11413607.8,1422,F1,1,,,,,
2026-08-27,2026-08-27,CM,NSE,STK,764905,INE311M01018,SHRADDHA,EQ,,,,,SHRADDHA PRIME PROJECTS L,145.0,153.95,145.0,151.27,148.25,146.36,,150.78,,,7787,1151760.97,137,F1,1,,,,,
2026-08-27,2026-08-27,CM,NSE,STK,761688,INE861D01011,SAHLIBHFI,EQ,,,,,SHALIBHADRA FINANCE LTD,74.51,76.5,73.0,75.0,75.0,74.51,,75.33,,,7785,582296.86,79,F1,1,,,,,
2026-08-27,2026-08-27,CM,NSE,STK,6385,INE652F01027,CCHHL,EQ,,,,,COUNTRY CLUB HOSP HOL LTD,12.73,13.13,12.73,12.86,12.78,12.98,,12.86,,,7776,100158.92,89,F1,1,,,,,
2026-08-27,2026-08-27,CM,NSE,STK,21252,INF846K01W98,NIFTYAXIS,EQ,,,,,AXISAMC-NIFTYAXIS,269.26,269.26,266.59,267.74,267.63,269.23,,267.74,,,7675,2056504.79,164,F1,1,,,,,
2026-08-27,2026-08-27,CM,NSE,STK,13839,INE668D01028,DONEAR,EQ,,,,,DONEAR IND. LIMITED,85.5,85.5,83.62,84.46,84.14,84.25,,84.46,,,7674,650751.23,151,F1,1,,,,,
2026-08-27,2026-08-27,CM,NSE,STK,764668,INE0CPR01018,EKI,EQ,,,,,EKI ENERGY SERVICES LTD,77.0,78.0,76.01,77.24,77.32,76.52,,77.23,,,7579,583524.35,275,F1,1,,,,,
2026-08-27,2026-08-27,CM,NSE,STK,759130,INE08PH01015,ABCOTS,EQ,,,,,A B COTSPIN INDIA LIMITED,209.9,209.9,203.1,204.5,205.89,205.36,,204.5,,,7494,1543875.94,95,F1,1,,,,,
2026-08-27,2026-08-27,CM,NSE,STK,20159,INE643K01018,ARIHANTSUP,EQ,,,,,ARIHANT SUPERSTRUCT LTD,263.9,269.7,259.45,261.5,262.2,259.45,,261.5,,,7478,1983029.8,336,F1,1,,,,,
2026-08-27,2026-08-27,CM,NSE,STK,764743,INE533C01018,KJMCFIN,EQ,,,,,K J M C FINANCIAL SERV L,72.95,72.95,66.41,69.11,67.5,73.78,,69.11,,,7457,504298.0,82,F1,1,,,,,
2026-08-27,2026-08-27,CM,NSE,STK,14848,INE385I01010,ALPA,EQ,,,,,ALPA LABORATORIES LTD,62.8,62.8,60.61,61.18,61.99,61.45,,61.18,,,7422,455859.97,201,F1,1,,,,,
2026-08-27,2026-08-27,CM,NSE,STK,14900,INE280H01015,SAHYADRI,EQ,,,,,SAHYADRI INDUSTRIES LTD,345.4,352.25,342.0,348.15,352.25,339.35,,348.2,,,7367,2546419.5,739,F1,1,,,,,
2026-08-27,2026-08-27,CM,NSE,STK,4471,INE579B01039,ELPROINTL,EQ,,,,,ELPRO INTERNATIONAL LTD,173.5,174.9,173.0,173.21,173.0,174.6,,173.36,,,7299,1267158.16,126,F1,1,,,,,
2026-08-27,2026-08-27,CM,NSE,STK,9305,INE992I01013,STARTECK,EQ,,,,,STARTECK FINANCE LIMITED,250.0,259.9,246.15,256.65,251.3,257.0,,256.65,,,7241,1843775.35,138,F1,1,,,,,
2026-08-27,2026-08-27,CM,NSE,STK,21314,INE256H01015,DYNPRO,EQ,,,,,DYNEMIC PRODUCTS LIMITED,234.55,234.95,231.35,232.4,234.9,231.1,,232.4,,,7205,1677111.15,168,F1,1,,,,,
2026-08-27,2026-08-27,CM,NSE,STK,29008,INE105A01035,TVSHLTD,EQ,,,,,TVS HOLDINGS LIMITED,13546.0,13619.0,13276.0,13434.0,13470.0,13542.0,,13433.97,,,7150,95672098.0,2731,F1,1,,,,,
2026-08-27,2026-08-27,CM,NSE,STK,8998,INE398B01018,UMIYA-MRO,EQ,,,,,UMIYA BUILDCON LIMITED,88.22,90.8,88.22,88.68,88.63,89.24,,88.68,,,7142,633285.89,50,F1,1,,,,,
2026-08-27,2026-08-27,CM,NSE,STK,760247,INF209KC1670,ABSL10BANK,EQ,,,,,BIRLASLAMC - ABSL10BANK,172.04,172.51,169.24,170.07,172.51,171.96,,170.07,,,7135,1216584.41,69,F1,1,,,,,
2026-08-27,2026-08-27,CM,NSE,STK,22730,INE0QTF01015,VSTL,EQ,,,,,VIBHOR STEEL TUBES LTD,112.1,113.5,111.15,112.63,113.49,112.1,,112.63,,,7077,795340.13,135,F1,1,,,,,
2026-08-27,2026-08-27,CM,NSE,STK,764288,INF754K01XG1,EMETAL,EQ,,,,,EDELAMC - EMETAL,13.54,13.6,13.28,13.3,13.28,13.51,,13.3,,,7029,94234.45,51,F1,1,,,,,
2026-08-27,2026-08-27,CM,NSE,STK,19931,INE725E01024,ORISSAMINE,EQ,,,,,ORISSA MIN DEV CO LTD,4555.0,4625.8,4515.3,4543.5,4564.1,4572.2,,4543.07,,,7028,32126367.3,1802,F1,1,,,,,
2026-08-27,2026-08-27,CM,NSE,STK,764855,INE005C01017,RTSPOWR,EQ,,,,,R T S POWER CORPN. LTD.,94.5,94.5,89.3,89.44,89.3,94.18,,89.44,,,6949,626021.92,122,F1,1,,,,,
2026-08-27,2026-08-27,CM,NSE,STK,758300,INF666M01LB9,GROWWLOVOL,EQ,,,,,GROWWAMC - GROWWLOVOL,10.56,10.56,10.37,10.38,10.38,10.46,,10.38,,,6886,71596.57,96,F1,1,,,,,
2026-08-27,2026-08-27,CM,NSE,STK,22277,INE196Y01018,WORTHPERI,EQ,,,,,WORTH PERIPHERALS LIMITED,157.49,158.15,152.01,153.38,153.0,157.44,,153.38,,,6829,1061994.35,410,F1,1,,,,,
2026-08-27,2026-08-27,CM,NSE,STK,11309,INE618N01022,BALAXI,EQ,,,,,BALAXI PHARMA LTD,22.3,22.94,22.3,22.44,22.45,22.41,,22.44,,,6825,154653.49,92,F1,1,,,,,
2026-08-27,2026-08-27,CM,NSE,STK,24196,INE694D01016,VADILALIND,EQ,,,,,VADILAL INDUSTRIES LTD,7401.0,7480.0,7401.0,7444.5,7457.0,7423.0,,7444.5,,,6764,50361680.5,1514,F1,1,,,,,
2026-08-27,2026-08-27,CM,NSE,STK,2716,INE295F01017,BUTTERFLY,EQ,,,,,BTRFLY GANDHI APPL LTD,640.0,641.4,625.0,627.75,627.0,639.25,,627.77,,,6732,4248423.0,623,F1,1,,,,,
2026-08-27,2026-08-27,CM,NSE,STK,18944,INE473D01015,KINGFA,EQ,,,,,KINGFA SCI & TEC IND LTD.,6090.0,6090.0,5930.0,5960.5,5981.0,6060.5,,5962.09,,,6668,40036580.5,1833,F1,1,,,,,
2026-08-27,2026-08-27,CM,NSE,STK,762523,INE365O01028,ABANSENT,EQ,,,,,ABANS ENTERPRISES LTD.,27.88,29.3,27.11,27.51,28.45,27.91,,27.51,,,6608,185128.07,132,F1,1,,,,,
2026-08-27,2026-08-27,CM,NSE,STK,8266,INE728Z01015,SOFTTECH,EQ,,,,,SOFTTECH ENGINEERS LTD,424.25,427.0,415.75,419.4,419.95,422.15,,419.41,,,6592,2770800.85,91,F1,1,,,,,
2026-08-27,2026-08-27,CM,NSE,STK,19289,INF247L01536,MOM50,EQ,,,,,MOTILAL OSWAL M50 ETF,254.1,259.0,252.99,256.07,254.0,253.46,,256.07,,,6571,1663690.55,71,F1,1,,,,,
2026-08-27,2026-08-27,CM,NSE,STK,14445,INE308A01027,NAHARPOLY,EQ,,,,,NAHAR POLY FILMS LIMITED,245.35,250.0,244.05,246.55,248.0,245.5,,246.55,,,6568,1618775.9,191,F1,1,,,,,
2026-08-27,2026-08-27,CM,NSE,STK,760356,INF740KA1WW5,MIDCAPADD,EQ,,,,,DSPAMC - MIDCAPADD,23.67,23.69,23.5,23.56,23.5,23.43,,23.56,,,6550,154627.84,42,F1,1,,,,,
2026-08-27,2026-08-27,CM,NSE,STK,2229,INE832A01018,MODIRUBBER,EQ,,,,,MODI RUBBER LTD,136.88,136.88,130.01,132.47,131.15,136.2,,132.44,,,6513,862102.9,203,F1,1,,,,,
2026-08-27,2026-08-27,CM,NSE,STK,11082,INE908V01012,LIBAS,EQ,,,,,LIBAS CONSU PRODUCTS LTD,10.5,10.9,10.11,10.47,10.48,10.65,,10.47,,,6494,68709.58,113,F1,1,,,,,
2026-08-27,2026-08-27,CM,NSE,STK,9007,INE234A01025,NOVARTIND,EQ,,,,,NOVARTIS INDIA LIMITED,1490.1,1505.0,1461.2,1490.2,1478.5,1490.1,,1490.4,,,6478,9585756.9,749,F1,1,,,,,
2026-08-27,2026-08-27,CM,NSE,STK,5610,INE203A01020,ASTRAZEN,EQ,,,,,ASTRAZENECA PHARMA IND LT,7170.0,7200.0,7070.0,7136.0,7106.0,7153.0,,7133.47,,,6394,45635457.0,2072,F1,1,,,,,
2026-08-27,2026-08-27,CM,NSE,STK,14786,INF769K01JU9,LOWVOL,EQ,,,,,MIRAEAMC - MANV30F,207.79,207.92,207.25,207.87,207.87,208.11,,207.87,,,6373,1322941.74,11,F1,1,,,,,
2026-08-27,2026-08-27,CM,NSE,STK,11058,INE650K01021,SECURKLOUD,EQ,,,,,SECUREKLOUD TECH LIMITED,18.0,18.0,17.45,17.8,17.76,17.77,,17.8,,,6298,111329.38,113,F1,1,,,,,
2026-08-27,2026-08-27,CM,NSE,STK,13441,INE083D01012,BALPHARMA,EQ,,,,,BAL PHARMA LTD.,83.4,85.88,83.4,85.02,85.87,83.57,,85.02,,,6257,531089.62,189,F1,1,,,,,
2026-08-27,2026-08-27,CM,NSE,STK,11293,INE037A01022,UNIENTER,EQ,,,,,UNIPHOS ENTERPRISES LTD,97.98,97.98,93.8,96.04,95.4,95.08,,96.04,,,6228,589018.08,109,F1,1,,,,,
2026-08-27,2026-08-27,CM,NSE,STK,7048,INE782E01017,HESTERBIO,EQ,,,,,HESTER BIOSCIENCES LTD,2336.7,2359.2,2270.2,2289.8,2300.0,2354.4,,2289.91,,,6174,14219984.2,1008,F1,1,,,,,
2026-08-27,2026-08-27,CM,NSE,STK,21399,INE335W01016,GANGESSECU,EQ,,,,,GANGES SECURITIES LIMITED,120.3,120.3,116.25,117.71,116.7,121.43,,117.58,,,6133,721425.35,132,F1,1,,,,,
2026-08-27,2026-08-27,CM,NSE,STK,804,INE705C01020,SHIVATEX,EQ,,,,,SHIVA TEXYARN LIMITED,162.05,172.0,162.05,170.97,171.0,170.99,,170.97,,,6103,1038875.58,157,F1,1,,,,,
2026-08-27,2026-08-27,CM,NSE,STK,18232,INE846D01012,LORDSCHLO,EQ,,,,,LORDS CHLORO ALKALI LTD,140.54,140.54,137.31,139.42,139.7,139.54,,139.42,,,6100,847432.5,162,F1,1,,,,,
2026-08-27,2026-08-27,CM,NSE,STK,15404,INE09KD01013,ATAM,EQ,,,,,ATAM VALVES LIMITED,57.8,57.8,56.13,56.51,56.5,56.79,,56.51,,,5973,339157.3,175,F1,1,,,,,
2026-08-27,2026-08-27,CM,NSE,STK,764336,INF179KC1KT4,HDFCNIMEG,EQ,,,,,HDFCAMC - HDFCNIMEG,136.06,136.06,132.79,133.2,133.35,135.19,,133.2,,,5924,798477.25,78,F1,1,,,,,
2026-08-27,2026-08-27,CM,NSE,STK,20314,INE740D01017,NRAIL,EQ,,,,,N R AGARWAL INDS LTD,509.05,512.0,505.25,511.3,512.0,509.3,,511.19,,,5884,3003939.6,372,F1,1,,,,,
2026-08-27,2026-08-27,CM,NSE,STK,764628,INE320I01017,BRAHMINFRA,EQ,,,,,BRAHMAPUTRA INFRA L,163.9,163.9,156.45,156.86,156.65,157.39,,156.96,,,5878,933837.71,232,F1,1,,,,,
2026-08-27,2026-08-27,CM,NSE,STK,765045,INE298W01016,CHEMCRUX,EQ,,,,,CHEMCRUX ENTERPRISES LTD.,87.5,87.5,83.1,83.98,84.12,86.72,,83.97,,,5867,496411.12,125,F1,1,,,,,
2026-08-27,2026-08-27,CM,NSE,STK,30121,INF769K01OA1,EQUAL200,EQ,,,,,MIRAEAMC - EQUAL200,14.08,14.08,14.0,14.02,14.02,14.06,,14.02,,,5820,81646.61,45,F1,1,,,,,
2026-08-27,2026-08-27,CM,NSE,STK,1507,INF247L01AK4,MOGSEC,EQ,,,,,MOTILALAMC - G5,65.08,65.74,65.08,65.39,65.4,65.06,,65.37,,,5777,376549.08,40,F1,1,,,,,
2026-08-27,2026-08-27,CM,NSE,STK,809,INE032Z01020,BSHSL,EQ,,,,,BOMBAY SUPER HYBRID SEEDS,90.6,91.0,88.0,89.08,89.03,89.88,,89.08,,,5768,521031.93,125,F1,1,,,,,
2026-08-27,2026-08-27,CM,NSE,STK,760254,INE02ZQ01018,CORONA,EQ,,,,,CORONA REMEDIES LIMITED,2102.0,2103.1,2075.3,2083.2,2078.6,2103.1,,2084.7,,,5743,11977586.2,1132,F1,1,,,,,
2026-08-27,2026-08-27,CM,NSE,STK,11864,INE032B01021,PRIMESECU,EQ,,,,,PRIME SECURITIES LIMITED,281.7,284.05,275.2,279.9,283.0,283.8,,279.74,,,5727,1602357.2,294,F1,1,,,,,
2026-08-27,2026-08-27,CM,NSE,STK,16657,INE087B01017,ANIKINDS,EQ,,,,,ANIK INDUSTRIES LTD,47.4,47.7,46.5,46.5,46.5,47.21,,46.51,,,5680,264999.33,35,F1,1,,,,,
2026-08-27,2026-08-27,CM,NSE,STK,762563,INE704G01024,BAJAJST,EQ,,,,,BAJAJ STEEL INDS. LTD.,351.2,359.0,351.2,357.4,359.0,354.2,,357.25,,,5625,2000218.4,372,F1,1,,,,,
2026-08-27,2026-08-27,CM,NSE,STK,14019,INE484C01030,VEEDOL,EQ,,,,,VEEDOL CORPORATION LTD,1519.9,1519.9,1488.0,1491.5,1488.0,1510.1,,1491.79,,,5623,8420501.1,969,F1,1,,,,,
2026-08-27,2026-08-27,CM,NSE,STK,764738,INE344D01018,KAMANWALA,EQ,,,,,KAMANWALA HOUSING CONST L,16.35,16.8,16.0,16.52,16.6,16.38,,16.52,,,5619,91092.39,62,F1,1,,,,,
2026-08-27,2026-08-27,CM,NSE,STK,764613,INE767C01012,AXTEL,EQ,,,,,AXTEL INDUSTRIES LTD.,408.3,415.0,390.0,403.85,398.05,406.3,,403.02,,,5613,2264722.9,237,F1,1,,,,,
2026-08-27,2026-08-27,CM,NSE,STK,3126,INE231C01019,SHREYANIND,EQ,,,,,SHREYANS INDUSTRIES LTD,123.01,126.8,123.01,124.61,124.52,124.99,,124.61,,,5612,699315.22,96,F1,1,,,,,
2026-08-27,2026-08-27,CM,NSE,STK,15234,INE540G01014,AMBIKCO,EQ,,,,,AMBIKA COTTON MILL LTD.,1651.9,1651.9,1628.0,1636.7,1630.1,1639.2,,1636.61,,,5586,9156448.8,778,F1,1,,,,,
2026-08-27,2026-08-27,CM,NSE,STK,6858,INE506Z01015,DHRUV,EQ,,,,,DHRUV CONSULTANCY SER LTD,24.6,24.6,23.78,24.2,24.23,24.5,,24.2,,,5561,135252.11,58,F1,1,,,,,
2026-08-27,2026-08-27,CM,NSE,STK,2439,INE542C01019,NKIND,EQ,,,,,NK INDUSTRIES LTD,64.45,66.0,57.0,59.65,61.0,59.09,,59.65,,,5547,336833.51,95,F1,1,,,,,
2026-08-27,2026-08-27,CM,NSE,STK,762792,INE689O01013,MERCANTILE,EQ,,,,,MERCANTILE VENTURES LTD.,26.28,26.28,24.5,24.71,25.26,24.24,,24.74,,,5524,139567.94,116,F1,1,,,,,
2026-08-27,2026-08-27,CM,NSE,STK,16725,INE105J01010,RPGLIFE,EQ,,,,,RPG LIFE SCIENCES LTD,2592.7,2617.0,2560.0,2567.6,2560.2,2592.7,,2567.85,,,5515,14256861.0,1196,F1,1,,,,,
2026-08-27,2026-08-27,CM,NSE,STK,184,INE822C01015,TCPLPACK,EQ,,,,,TCPL PACKAGING LIMITED,3880.0,3921.1,3828.1,3846.4,3842.7,3877.1,,3845.23,,,5515,21412355.8,1113,F1,1,,,,,
2026-08-27,2026-08-27,CM,NSE,STK,14702,INE123B01028,NAGREEKEXP,EQ,,,,,NAGREEKA EXPORTS LTD.,22.8,22.8,22.1,22.52,22.33,22.06,,22.52,,,5505,124240.64,89,F1,1,,,,,
2026-08-27,2026-08-27,CM,NSE,STK,10415,INE296G01013,MUTHOOTCAP,EQ,,,,,MUTHOOT CAP SERV LTD,243.1,246.59,240.22,241.13,240.5,241.76,,241.19,,,5446,1320171.14,248,F1,1,,,,,
2026-08-27,2026-08-27,CM,NSE,STK,23507,INE899L01030,UEL,EQ,,,,,UJAAS ENERGY LIMITED,180.32,180.32,180.32,180.32,180.32,171.74,,183.6,,,5389,971744.48,48,F1,1,,,,,
2026-08-27,2026-08-27,CM,NSE,STK,19025,INE250A01039,KIRLOSIND,EQ,,,,,KIRLOSKAR INDUSTRIES LTD,3772.1,3772.1,3691.0,3704.2,3706.0,3774.0,,3704.32,,,5375,19944598.6,1416,F1,1,,,,,
2026-08-27,2026-08-27,CM,NSE,STK,10181,INE875R01011,BALKRISHNA,EQ,,,,,BALKRISHNA PAPER MILLS L,17.11,17.5,17.02,17.13,17.02,17.18,,17.13,,,5373,92253.41,45,F1,1,,,,,
2026-08-27,2026-08-27,CM,NSE,STK,2433,INE910A01012,NIRLON,EQ,,,,,NIRLON LTD,645.2,645.2,630.0,631.2,630.1,640.7,,631.58,,,5317,3371150.45,406,F1,1,,,,,
2026-08-27,2026-08-27,CM,NSE,STK,764733,INE577D01013,JYOTIRES,EQ,,,,,JYOTI RESINS & ADHESIVE L,900.0,910.0,890.0,890.55,890.0,903.65,,890.55,,,5200,4651016.2,586,F1,1,,,,,
2026-08-27,2026-08-27,CM,NSE,STK,6843,INE017W01010,SMLT,EQ,,,,,SARTHAK METALS LIMITED,67.0,69.09,67.0,67.6,68.0,68.45,,67.6,,,5180,353198.21,95,F1,1,,,,,
2026-08-27,2026-08-27,CM,NSE,STK,765185,INE967A01012,SWARNSAR,EQ,,,,,SWARNSARITA JEWELS IND L,34.8,34.8,34.2,34.57,34.44,34.46,,34.57,,,5171,178209.95,41,F1,1,,,,,
2026-08-27,2026-08-27,CM,NSE,STK,5239,INE843B01013,MAHAPEXLTD,EQ,,,,,MAHA RASHTRA APEX COPR. L,57.95,58.99,55.36,55.95,56.25,57.28,,55.95,,,5127,289771.69,105,F1,1,,,,,
2026-08-27,2026-08-27,CM,NSE,STK,764608,INE759F01012,AUSTENG,EQ,,,,,AUSTIN ENGINEERING CO. L,134.0,134.0,118.6,121.01,121.0,124.01,,121.08,,,5096,623277.62,181,F1,1,,,,,
2026-08-27,2026-08-27,CM,NSE,STK,1214,INE393A01011,DELTAMAGNT,EQ,,,,,DELTA MANUFACTURING LTD,59.6,59.6,55.4,57.22,57.74,57.83,,57.22,,,5090,290150.92,123,F1,1,,,,,
2026-08-27,2026-08-27,CM,NSE,STK,7425,INE558R01013,HECPROJECT,EQ,,,,,HEC INFRA PROJECTS LTD,120.3,121.1,115.01,117.97,117.5,118.8,,117.97,,,5086,602790.65,206,F1,1,,,,,
2026-08-27,2026-08-27,CM,NSE,STK,17987,INE391D01019,TRF,EQ,,,,,TRF LIMITED,231.66,231.99,229.0,229.22,230.21,229.94,,229.22,,,4991,1145347.59,151,F1,1,,,,,
2026-08-27,2026-08-27,CM,NSE,STK,765125,INE588G01021,MLKFOOD,EQ,,,,,MILKFOOD LTD.,90.01,91.0,85.5,86.87,85.64,90.15,,87.28,,,4960,441101.04,119,F1,1,,,,,
2026-08-27,2026-08-27,CM,NSE,STK,1205,INE533A01012,GOODYEAR,EQ,,,,,GOODYEAR INDIA LIMITED,760.7,771.9,750.05,765.05,764.0,755.4,,766.08,,,4955,3772509.15,577,F1,1,,,,,
2026-08-27,2026-08-27,CM,NSE,STK,16821,INE250B01029,VINYLINDIA,EQ,,,,,VINYL CHEMICALS (I) LTD.,236.0,237.98,234.0,234.75,237.0,234.53,,235.19,,,4908,1155622.2,236,F1,1,,,,,
2026-08-27,2026-08-27,CM,NSE,STK,7791,INE481Z01011,UNIINFO,EQ,,,,,UNIINFO TELECOM SERVI LTD,10.93,11.0,10.39,10.97,10.97,10.93,,10.97,,,4881,51983.67,59,F1,1,,,,,
2026-08-27,2026-08-27,CM,NSE,STK,1937,INE268B01013,KREBSBIO,EQ,,,,,KREBS BIOCHEMICALS & IND,53.01,58.0,53.0,56.21,57.57,53.0,,56.25,,,4874,270530.51,153,F1,1,,,,,
2026-08-27,2026-08-27,CM,NSE,STK,761494,INE00SW01015,BCPL,EQ,,,,,BCPL RAILWAY INFRA LTD,68.6,70.79,68.6,69.42,69.24,69.81,,69.42,,,4873,339846.4,126,F1,1,,,,,
2026-08-27,2026-08-27,CM,NSE,STK,3010,INF846K01Y96,ITAXIS,EQ,,,,,AXISAMC-ITAXIS,335.32,335.52,329.83,332.0,329.85,335.47,,332.0,,,4857,1621708.33,105,F1,1,,,,,
2026-08-27,2026-08-27,CM,NSE,STK,762929,INE524T01011,TAALTECH,EQ,,,,,TAAL TECH LTD.,4488.0,4613.0,4370.0,4406.4,4425.0,4501.5,,4405.91,,,4853,21576855.0,647,F1,1,,,,,
2026-08-27,2026-08-27,CM,NSE,STK,2313,INE692B01014,MURUDCERA,EQ,,,,,MURUDESHWAR CERAMICS LTD,30.68,30.9,30.41,30.65,30.63,30.62,,30.65,,,4805,147450.54,68,F1,1,,,,,
2026-08-27,2026-08-27,CM,NSE,STK,5865,INE548Z01017,LAGNAM,EQ,,,,,LAGNAM SPINTEX LIMITED,75.57,76.0,75.25,75.47,75.5,75.55,,75.47,,,4794,362948.24,89,F1,1,,,,,
2026-08-27,2026-08-27,CM,NSE,STK,764583,INE841D01013,AMAL,EQ,,,,,AMAL LTD.,745.85,751.95,738.05,741.3,746.0,745.85,,740.79,,,4782,3553600.2,380,F1,1,,,,,
2026-08-27,2026-08-27,CM,NSE,STK,7053,INE793A01012,ACCELYA,EQ,,,,,ACCELYA SOLN INDIA LTD,1142.0,1145.1,1128.1,1134.9,1138.2,1131.8,,1134.89,,,4730,5369078.8,567,F1,1,,,,,
2026-08-27,2026-08-27,CM,NSE,STK,822,INE862Y01015,BANKA,EQ,,,,,BANKA BIOLOO LIMITED,78.44,80.39,77.3,79.62,78.35,78.44,,79.62,,,4726,369513.67,30,F1,1,,,,,
2026-08-27,2026-08-27,CM,NSE,STK,21484,INE577L01016,STEL,EQ,,,,,STEL HOLDINGS LIMITED,625.0,631.95,608.4,622.6,619.65,619.7,,622.55,,,4721,2932711.55,279,F1,1,,,,,
2026-08-27,2026-08-27,CM,NSE,STK,5020,INE308E01029,SVPGLOB,EQ,,,,,SVP GLOBAL TEXTILES LTD,3.77,3.8,3.68,3.75,3.75,3.74,,3.77,,,4717,17664.68,46,F1,1,,,,,
2026-08-27,2026-08-27,CM,NSE,STK,17903,INE358A01014,ABBOTINDIA,EQ,,,,,ABBOTT INDIA LIMITED,26680.0,26695.0,26300.0,26350.0,26300.0,26555.0,,26351.84,,,4712,124658270.0,2279,F1,1,,,,,
2026-08-27,2026-08-27,CM,NSE,STK,765025,INE822B01017,ASIANTNE,EQ,,,,,ASIAN TEA & EXPORTS LTD.,9.38,9.74,9.32,9.65,9.7,9.57,,9.69,,,4657,44639.31,50,F1,1,,,,,
2026-08-27,2026-08-27,CM,NSE,STK,6606,INF740KA1QK2,EQUAL50ADD,EQ,,,,,DSPAMC - DSPNEWETF,347.28,347.28,344.78,345.36,346.37,346.78,,345.36,,,4646,1604520.2,209,F1,1,,,,,
2026-08-27,2026-08-27,CM,NSE,STK,29590,INE03CC01015,JUBLCPL,EQ,,,,,JUBILANT AGRI N CON PRO L,2152.4,2176.7,2101.9,2122.9,2102.5,2141.7,,2121.74,,,4614,9854462.6,588,F1,1,,,,,
2026-08-27,2026-08-27,CM,NSE,STK,762623,INE515A01019,COCKERILL,EQ,,,,,JOHN COCKERILL INDIA LTD.,8122.0,8190.0,8067.5,8089.5,8070.0,8024.5,,8089.56,,,4588,37263902.0,1314,F1,1,,,,,
2026-08-27,2026-08-27,CM,NSE,STK,764673,INE515H01014,EMPIND,EQ,,,,,EMPIRE INDUSTRIES LTD.,1229.0,1234.9,1205.0,1212.7,1218.9,1221.8,,1212.77,,,4582,5599170.5,420,F1,1,,,,,
2026-08-27,2026-08-27,CM,NSE,STK,14116,INE524B01027,GANDHITUBE,EQ,,,,,GANDHI SPL. TUBES LTD,905.0,905.0,892.6,903.1,898.25,901.5,,903.1,,,4558,4107262.85,231,F1,1,,,,,
2026-08-27,2026-08-27,CM,NSE,STK,757443,INF247L01FP2,MOTOUR,EQ,,,,,MOTILALAMC - MOTOUR,79.93,80.27,79.31,79.39,79.35,79.92,,79.39,,,4556,362315.92,158,F1,1,,,,,
2026-08-27,2026-08-27,CM,NSE,STK,761514,INF666M01OG2,GROWWPSUBK,EQ,,,,,GROWWAMC - GROWWPSUBK,87.31,87.43,85.7,85.78,86.65,87.42,,85.78,,,4548,391570.9,83,F1,1,,,,,
2026-08-27,2026-08-27,CM,NSE,STK,4,INE253B01015,21STCENMGM,EQ,,,,,21ST CENTURY MGMT SERVICE,42.35,42.35,41.74,42.0,42.0,42.59,,42.0,,,4547,190202.6,31,F1,1,,,,,
2026-08-27,2026-08-27,CM,NSE,STK,12533,INE0D0U01013,AAATECH,EQ,,,,,AAA TECHNOLOGIES LIMITED,91.4,93.37,91.01,92.01,91.75,91.49,,92.01,,,4547,418639.42,130,F1,1,,,,,
2026-08-27,2026-08-27,CM,NSE,STK,764713,INE558A01019,IPRINGLTD,EQ,,,,,IP RINGS LTD.,149.87,149.87,138.51,138.64,138.51,148.39,,138.64,,,4545,645980.34,114,F1,1,,,,,
2026-08-27,2026-08-27,CM,NSE,STK,7451,INF740KA1CL0,NIFTYADD,EQ,,,,,DSPAMC - DSPNIFTY,255.57,255.68,254.54,254.7,254.6,256.28,,254.7,,,4484,1143090.37,120,F1,1,,,,,
2026-08-27,2026-08-27,CM,NSE,STK,764405,INF247L01HH5,MOOILGAS,EQ,,,,,MOTILALAMC - MOOILGAS,10.9,11.4,10.9,11.1,11.1,11.18,,11.1,,,4450,49483.33,44,F1,1,,,,,
2026-08-27,2026-08-27,CM,NSE,STK,3384,INE277A01016,SWARAJENG,EQ,,,,,SWARAJ ENGINES LTD,3575.0,3576.8,3535.0,3548.3,3550.0,3549.0,,3548.4,,,4442,15769936.4,1220,F1,1,,,,,
2026-08-27,2026-08-27,CM,NSE,STK,11880,INE824G01012,JSWHL,EQ,,,,,JSW HOLDINGS LIMITED,11831.0,11831.0,11498.0,11735.0,11749.0,11832.0,,11734.39,,,4377,51034150.0,1458,F1,1,,,,,
2026-08-27,2026-08-27,CM,NSE,STK,762727,INE586E01020,IWP,EQ,,,,,INDIAN WOOD PRODUCTS CO L,34.1,35.2,34.0,34.95,34.95,35.23,,34.95,,,4327,150928.87,41,F1,1,,,,,
2026-08-27,2026-08-27,CM,NSE,STK,760599,INF740KA1XU7,NEXT50ADD,EQ,,,,,DSPAMC - NEXT50ADD,75.58,75.58,74.82,75.06,75.06,75.21,,75.14,,,4324,324186.4,138,F1,1,,,,,
2026-08-27,2026-08-27,CM,NSE,STK,762899,INE402H01015,SHBAJRG,EQ,,,,,SHRI BAJRANG ALLIANCE L,162.1,173.49,162.01,171.19,171.01,162.13,,171.19,,,4323,730243.26,106,F1,1,,,,,
2026-08-27,2026-08-27,CM,NSE,STK,31468,INE142K01011,AURUS,EQ,,,,,AURUS GEM CORP LIMITED,4.55,4.61,4.55,4.57,4.56,4.61,,4.57,,,4322,19840.93,136,F1,1,,,,,
2026-08-27,2026-08-27,CM,NSE,STK,19279,INE121N01019,THEJO,EQ,,,,,THEJO ENGINEERING LIMITED,2045.6,2100.1,2039.0,2093.6,2096.8,2043.9,,2093.6,,,4315,8976638.3,508,F1,1,,,,,
2026-08-27,2026-08-27,CM,NSE,STK,1482,INE076C01018,IFBAGRO,EQ,,,,,IFB AGRO INDUSTRIES LTD,978.75,978.75,941.1,946.15,941.1,959.2,,946.19,,,4285,4085286.5,339,F1,1,,,,,
2026-08-27,2026-08-27,CM,NSE,STK,17603,INE215D01010,MAHEPC,EQ,,,,,MAHINDRA EPC IRRIG LTD,106.06,107.68,106.06,106.86,106.98,107.34,,106.87,,,4257,454879.57,209,F1,1,,,,,
2026-08-27,2026-08-27,CM,NSE,STK,765110,INE442D01010,MEDICAPQ,EQ,,,,,MEDI CAPS LTD.,25.6,27.38,25.0,25.5,25.5,26.99,,25.5,,,4211,106962.15,73,F1,1,,,,,
2026-08-27,2026-08-27,CM,NSE,STK,2979,INE749B01020,ORTINGLOBE,EQ,,,,,ORTIN GLOBAL LIMITED,14.72,15.74,14.72,15.1,15.44,15.35,,15.06,,,4209,63138.0,37,F1,1,,,,,
2026-08-27,2026-08-27,CM,NSE,STK,10277,INE887E01022,NGLFINE,EQ,,,,,NGL FINE CHEM LIMITED,2877.3,2964.0,2830.6,2901.1,2865.0,2877.3,,2900.7,,,4203,12200128.1,1335,F1,1,,,,,
2026-08-27,2026-08-27,CM,NSE,STK,20481,INE215F01023,WIPL,EQ,,,,,THE WESTERN INDIA PLY LTD,168.0,169.0,162.1,163.54,167.89,167.98,,163.54,,,4191,690562.59,44,F1,1,,,,,
2026-08-27,2026-08-27,CM,NSE,STK,25503,INE250Z01010,INDOUS,EQ,,,,,INDO US BIOTECH LTD,80.96,83.46,80.05,80.79,80.06,80.96,,80.79,,,4183,338847.14,80,F1,1,,,,,
2026-08-27,2026-08-27,CM,NSE,STK,18644,INE591D01014,DIAMINESQ,EQ,,,,,DIAMINES & CHEMICALS LTD,245.24,246.0,240.16,244.38,246.0,245.24,,244.36,,,4174,1016173.35,107,F1,1,,,,,
2026-08-27,2026-08-27,CM,NSE,STK,13900,INE559D01011,CREST,EQ,,,,,CREST VENTURES LIMITED,363.0,390.0,363.0,371.85,372.0,372.35,,371.86,,,4173,1557203.7,182,F1,1,,,,,
2026-08-27,2026-08-27,CM,NSE,STK,765055,INE00IY01012,DEEP,EQ,,,,,DEEP POLYMERS LTD.,37.9,37.9,36.65,37.44,37.45,38.01,,37.44,,,4111,151797.17,65,F1,1,,,,,
2026-08-27,2026-08-27,CM,NSE,STK,11432,INE798K01010,KRITINUT,EQ,,,,,KRITI NUTRIENTS LIMITED,87.45,89.99,85.11,86.23,87.94,88.1,,86.17,,,4106,356692.27,131,F1,1,,,,,
2026-08-27,2026-08-27,CM,NSE,STK,21427,INE924D01017,THEINVEST,EQ,,,,,THE INVEST TRUST OF IND L,99.8,99.8,94.01,94.96,94.52,96.34,,94.97,,,4092,388934.22,161,F1,1,,,,,
2026-08-27,2026-08-27,CM,NSE,STK,764960,INE440G01017,TRITONV,EQ,,,,,TRITON VALVES LTD.,1139.3,1175.0,1121.0,1144.9,1143.0,1123.7,,1144.78,,,4057,4658363.4,566,F1,1,,,,,
2026-08-27,2026-08-27,CM,NSE,STK,764793,INE653C01022,NICCOPAR,EQ,,,,,NICCO PARKS & RESORTS LTD,82.5,95.25,82.5,90.23,92.99,89.43,,90.27,,,4054,369319.28,157,F1,1,,,,,
2026-08-27,2026-08-27,CM,NSE,STK,3138,INE634A01018,HONDAPOWER,EQ,,,,,HONDA I POWER PRODUCT LTD,2074.1,2090.0,2060.0,2068.3,2070.0,2062.3,,2068.3,,,4023,8320019.0,382,F1,1,,,,,
2026-08-27,2026-08-27,CM,NSE,STK,2595,INE105C01023,3PLAND,EQ,,,,,3P LAND HOLDINGS LIMITED,32.0,32.4,31.55,31.87,31.9,32.0,,31.87,,,3978,126450.73,73,F1,1,,,,,
2026-08-27,2026-08-27,CM,NSE,STK,8797,INE426Z01016,OBCL,EQ,,,,,OBCL LIMITED,58.0,58.0,55.7,56.16,56.1,57.68,,56.16,,,3976,225896.47,69,F1,1,,,,,
2026-08-27,2026-08-27,CM,NSE,STK,764578,INE058F01019,ALUFLUOR,EQ,,,,,ALUFLUORIDE LTD.,454.1,467.1,454.0,458.5,458.5,453.8,,458.51,,,3929,1803922.9,191,F1,1,,,,,
2026-08-27,2026-08-27,CM,NSE,STK,14677,INE826C01016,GUJAPOLLO,EQ,,,,,GUJ. APOLLO IND. LTD.,368.0,368.0,350.2,351.5,351.0,351.75,,351.58,,,3912,1394758.5,171,F1,1,,,,,
2026-08-27,2026-08-27,CM,NSE,STK,29464,INF740KA1VE5,NEXT30ADD,EQ,,,,,DSPAMC - NEXT30ADD,43.43,43.45,43.18,43.42,43.45,43.64,,43.42,,,3788,163890.88,80,F1,1,,,,,
2026-08-27,2026-08-27,CM,NSE,STK,955,INE284A01012,ESABINDIA,EQ,,,,,ESAB INDIA LTD,6160.0,6194.0,6056.5,6095.5,6112.0,6163.0,,6095.19,,,3776,23034438.0,1649,F1,1,,,,,
2026-08-27,2026-08-27,CM,NSE,STK,3821,INE206B01013,ZODIACLOTH,EQ,,,,,ZODIAC CLOTHING CO. LTD.,74.29,74.29,72.12,72.63,73.37,73.56,,72.63,,,3734,270910.42,74,F1,1,,,,,
2026-08-27,2026-08-27,CM,NSE,STK,757142,INF769K01OO2,EQUAL50,EQ,,,,,MIRAEAMC - EQUAL50,334.77,335.18,333.68,334.28,334.11,334.73,,334.28,,,3722,1244598.37,22,F1,1,,,,,
2026-08-27,2026-08-27,CM,NSE,STK,18783,INF194KA1U07,IDFNIFTYET,EQ,,,,,BANDHANAMC - IDFNIFTYET,267.95,268.75,266.5,267.17,267.79,269.09,,267.17,,,3722,996241.84,39,F1,1,,,,,
2026-08-27,2026-08-27,CM,NSE,STK,4130,INE277C01012,REGENCERAM,EQ,,,,,REGENCY CERAMICS LTD.,35.0,35.0,32.82,33.0,33.0,33.0,,33.0,,,3706,122493.8,28,F1,1,,,,,
2026-08-27,2026-08-27,CM,NSE,STK,21383,INE471W01019,PALASHSECU,EQ,,,,,PALASH SECURITIES LTD,91.9,91.9,87.5,89.78,89.89,92.56,,89.78,,,3706,327233.12,193,F1,1,,,,,
2026-08-27,2026-08-27,CM,NSE,STK,14618,INE995D01025,CHEMBOND,EQ,,,,,CHEMBOND MATERIALTECH LTD,170.0,178.0,166.51,173.59,174.88,172.12,,173.59,,,3656,631045.91,142,F1,1,,,,,
2026-08-27,2026-08-27,CM,NSE,STK,762824,INE265B01019,NITTAGELA,EQ,,,,,NITTA GELATIN INDIA LTD.,1580.0,1598.0,1564.3,1589.5,1593.0,1567.8,,1587.96,,,3613,5730710.5,467,F1,1,,,,,
2026-08-27,2026-08-27,CM,NSE,STK,15391,INE084Q01012,RACE,EQ,,,,,RACE ECO CHAIN LIMITED,101.9,101.99,98.0,101.59,101.88,100.77,,101.73,,,3586,359255.78,89,F1,1,,,,,
2026-08-27,2026-08-27,CM,NSE,STK,765165,INE009C01019,SRIKPRIND,EQ,,,,,SRI KPR INDUSTRIES LTD.,20.9,21.65,20.22,20.65,20.65,20.88,,20.15,,,3570,74400.72,20,F1,1,,,,,
2026-08-27,2026-08-27,CM,NSE,STK,762817,INE445D01013,NILE,EQ,,,,,NILE LTD.,1472.1,1500.3,1470.2,1478.8,1479.0,1497.2,,1478.29,,,3554,5268763.5,504,F1,1,,,,,
2026-08-27,2026-08-27,CM,NSE,STK,6068,INE801L01010,AIROLAM,EQ,,,,,AIRO LAM LIMITED,89.7,89.7,85.0,87.5,88.29,87.99,,87.5,,,3549,308332.27,113,F1,1,,,,,
2026-08-27,2026-08-27,CM,NSE,STK,17507,INE452L01012,INCREDIBLE,EQ,,,,,INCREDIBLE INDUSTRIES LTD,34.49,34.49,32.52,32.85,32.75,34.3,,32.85,,,3484,115936.82,56,F1,1,,,,,
2026-08-27,2026-08-27,CM,NSE,STK,24292,INE764D01017,VSTTILLERS,EQ,,,,,VST TILLERS TRACTORS LTD,4438.2,4438.5,4365.5,4375.0,4371.0,4418.5,,4375.14,,,3441,15109070.5,816,F1,1,,,,,
2026-08-27,2026-08-27,CM,NSE,STK,764925,INE671K01027,SUNRAKSHAK,EQ,,,,,SUNRAKSHAKK INDUS IND L,374.85,374.95,365.7,371.1,370.0,369.2,,370.96,,,3426,1261959.05,88,F1,1,,,,,
2026-08-27,2026-08-27,CM,NSE,STK,757031,INF247L01FL1,MOINFRA,EQ,,,,,MOTILALAMC - MOINFRA,59.14,59.24,58.89,58.99,59.0,59.14,,58.99,,,3420,201892.13,81,F1,1,,,,,
2026-08-27,2026-08-27,CM,NSE,STK,559,INE594B01012,BSL,EQ,,,,,BSL LTD,123.0,123.8,121.23,123.42,123.4,121.56,,123.41,,,3420,418096.9,47,F1,1,,,,,
2026-08-27,2026-08-27,CM,NSE,STK,764885,INE414Y01015,SGRL,EQ,,,,,SHREE GANESH REMEDIES LTD,519.7,524.9,510.0,516.7,514.55,513.05,,517.37,,,3407,1759352.55,222,F1,1,,,,,
2026-08-27,2026-08-27,CM,NSE,STK,762695,INE926B01016,GRANDOAK,EQ,,,,,GRAND OAK CANYONS DIST L,37.06,38.53,36.13,37.45,37.9,36.7,,37.45,,,3325,125439.59,67,F1,1,,,,,
2026-08-27,2026-08-27,CM,NSE,STK,761056,INE0B9A01018,BONLON,EQ,,,,,BONLON INDUSTRIES LIMITED,40.39,40.9,39.11,40.3,40.3,39.6,,39.21,,,3325,132977.64,84,F1,1,,,,,
2026-08-27,2026-08-27,CM,NSE,STK,762732,INE411F01010,KAMAHOLD,EQ,,,,,KAMA HOLDINGS LTD.,2387.5,2403.6,2381.0,2389.4,2382.4,2385.5,,2390.53,,,3320,7943482.9,323,F1,1,,,,,
2026-08-27,2026-08-27,CM,NSE,STK,474,INE470A01017,3MINDIA,EQ,,,,,3M INDIA LIMITED,33520.0,34515.0,33520.0,34245.0,34200.0,33570.0,,34243.8,,,3288,111938110.0,2086,F1,1,,,,,
2026-08-27,2026-08-27,CM,NSE,STK,4775,INE891B01012,DCMFINSERV,EQ,,,,,DCM FINANCIAL SERVICES LT,5.34,5.44,5.27,5.43,5.43,5.34,,5.41,,,3239,17165.86,84,F1,1,,,,,
2026-08-27,2026-08-27,CM,NSE,STK,12153,INE01EE01011,BBTCL,EQ,,,,,B&B TRIPLEWALL CONT LTD,233.07,243.0,232.3,237.01,238.0,233.07,,237.99,,,3220,758627.41,202,F1,1,,,,,
2026-08-27,2026-08-27,CM,NSE,STK,764428,INF740KA1ZH9,MIDBANKADD,EQ,,,,,DSPAMC - MIDBANKADD,17.54,17.54,17.35,17.37,17.37,17.54,,17.37,,,3168,55160.62,78,F1,1,,,,,
2026-08-27,2026-08-27,CM,NSE,STK,9342,INE392B01011,PNC,EQ,,,,,PRITISH NANDY COMMUNICATI,17.07,17.6,16.99,17.44,17.4,16.99,,17.44,,,3159,54736.27,106,F1,1,,,,,
2026-08-27,2026-08-27,CM,NSE,STK,759458,INF666M01LZ8,GROWWNXT50,EQ,,,,,GROWWAMC - GROWWNXT50,75.45,75.45,74.65,74.99,75.01,75.12,,74.99,,,3158,236798.84,85,F1,1,,,,,
2026-08-27,2026-08-27,CM,NSE,STK,7091,INE955I01044,SEJALLTD,EQ,,,,,SEJAL GLASS LIMITED,673.55,686.9,664.0,676.5,678.0,666.95,,676.5,,,3143,2118430.45,333,F1,1,,,,,
2026-08-27,2026-08-27,CM,NSE,STK,4279,INE244A01016,DENORA,EQ,,,,,DE NORA INDIA LIMITED,812.35,833.9,807.1,832.35,832.95,811.6,,832.35,,,3143,2595573.95,383,F1,1,,,,,
2026-08-27,2026-08-27,CM,NSE,STK,2951,INE902B01017,S&SPOWER,EQ,,,,,S&S POWER SWITCHGEARS LTD,354.9,354.9,333.2,334.05,334.9,350.7,,333.92,,,3117,1050010.5,165,F1,1,,,,,
2026-08-27,2026-08-27,CM,NSE,STK,13288,INE00ZE01026,AFSL,EQ,,,,,ABANS FINANCIAL SRVCS LTD,201.88,202.4,201.12,202.04,202.4,201.0,,202.04,,,3110,627689.91,82,F1,1,,,,,
2026-08-27,2026-08-27,CM,NSE,STK,17270,INE991I01015,ASPINWALL,EQ,,,,,ASPINWALL & CO LTD,259.92,269.06,258.0,261.26,261.0,259.15,,261.26,,,3080,809262.39,108,F1,1,,,,,
2026-08-27,2026-08-27,CM,NSE,STK,14942,INE245I01016,NAGREEKCAP,EQ,,,,,NAGREEKA CAP & INFR.LTD,23.8,23.99,22.0,22.5,22.84,23.52,,22.51,,,3067,69080.63,58,F1,1,,,,,
2026-08-27,2026-08-27,CM,NSE,STK,2814,INE006Z01016,ARVEE,EQ,,,,,ARVEE LABORATORIES I LTD,174.0,174.4,164.25,170.59,170.0,174.8,,170.59,,,3030,515168.81,135,F1,1,,,,,
2026-08-27,2026-08-27,CM,NSE,STK,2799,INE783X01023,CHEMFAB,EQ,,,,,CHEMFAB ALKALIS LIMITED,366.1,373.95,352.0,358.9,366.5,367.1,,358.9,,,3024,1097231.5,178,F1,1,,,,,
2026-08-27,2026-08-27,CM,NSE,STK,8654,INF247L01BL0,MOLOWVOL,EQ,,,,,MOTILALAMC - MOLOWVOL,36.85,36.85,36.58,36.62,36.62,36.95,,36.62,,,2948,108090.28,56,F1,1,,,,,
2026-08-27,2026-08-27,CM,NSE,STK,3396,INE123C01018,TAINWALCHM,EQ,,,,,TAINWALA CHEMICAL AND PLA,212.06,216.83,211.02,212.68,212.1,216.7,,212.68,,,2869,612189.49,62,F1,1,,,,,
2026-08-27,2026-08-27,CM,NSE,STK,278,INE449A01011,AUTOAXLES,EQ,,,,,AUTOMOTIVE AXLES LIMITED,1745.0,1774.5,1714.2,1723.6,1720.3,1745.4,,1723.75,,,2849,4923877.1,842,F1,1,,,,,
2026-08-27,2026-08-27,CM,NSE,STK,19036,INE371C01013,PODDARMENT,EQ,,,,,PODDAR PIGMENTS LIMITED,248.35,251.35,242.75,245.8,250.5,248.3,,245.8,,,2808,694021.1,81,F1,1,,,,,
2026-08-27,2026-08-27,CM,NSE,STK,11072,INE449G01018,AGRITECH,EQ,,,,,AGRI-TECH (INDIA) LIMITED,103.36,104.89,101.0,101.11,102.0,103.36,,101.11,,,2765,281374.94,88,F1,1,,,,,
2026-08-27,2026-08-27,CM,NSE,STK,17999,INE458F01011,UNITEDTEA,EQ,,,,,UNITED NILGIRI TEA LTD,462.0,463.0,451.7,454.9,454.9,460.15,,454.9,,,2733,1245303.3,91,F1,1,,,,,
2026-08-27,2026-08-27,CM,NSE,STK,5528,INE823A01017,KOTHARIPRO,EQ,,,,,KOTHARI PRODUCTS LTD,69.0,69.0,68.0,68.84,69.0,68.06,,68.84,,,2727,187191.25,57,F1,1,,,,,
2026-08-27,2026-08-27,CM,NSE,STK,764698,INE074C01013,HINDADH,EQ,,,,,HINDUSTAN ADHESIVES LTD.,359.0,359.0,349.05,350.4,350.1,353.9,,350.02,,,2720,955853.55,138,F1,1,,,,,
2026-08-27,2026-08-27,CM,NSE,STK,10515,INF789FB1X58,SENSEXBETA,EQ,,,,,UTIAMC-SENSEXBETA,860.62,860.99,856.5,857.94,857.94,860.62,,858.17,,,2688,2303591.74,103,F1,1,,,,,
2026-08-27,2026-08-27,CM,NSE,STK,4422,INE061A01014,INDIANCARD,EQ,,,,,INDIAN CARD CLOTHING CO.,212.8,212.99,207.38,208.03,208.0,208.67,,208.03,,,2682,562868.49,85,F1,1,,,,,
2026-08-27,2026-08-27,CM,NSE,STK,20063,INE019J01013,HEALTHX,EQ,,,,,HEALTH X PLATFORM LIMITED,309.65,309.65,290.9,293.55,293.55,298.2,,293.67,,,2663,784934.45,129,F1,1,,,,,
2026-08-27,2026-08-27,CM,NSE,STK,4344,INE277B01014,PUNJABCHEM,EQ,,,,,PUNJAB CHEM & CROP PROT L,1119.0,1135.9,1110.6,1112.8,1110.6,1119.0,,1112.8,,,2654,2969444.1,377,F1,1,,,,,
2026-08-27,2026-08-27,CM,NSE,STK,20092,INE488B01017,TASTYBITE,EQ,,,,,TASTY BITE EATABLES LTD,9966.5,10172.5,9755.0,9816.5,9888.5,9911.5,,9817.24,,,2577,25590468.5,1017,F1,1,,,,,
2026-08-27,2026-08-27,CM,NSE,STK,764723,INE478D01014,ITL,EQ,,,,,ITL INDUSTRIES LTD.,356.0,372.0,354.95,367.2,367.2,364.0,,367.2,,,2562,929228.35,167,F1,1,,,,,
2026-08-27,2026-08-27,CM,NSE,STK,16908,INE486Y01013,TOUCHWOOD,EQ,,,,,TOUCHWOOD ENTERTAIN LTD.,63.5,63.5,60.5,61.0,61.0,62.65,,61.0,,,2552,156648.19,83,F1,1,,,,,
2026-08-27,2026-08-27,CM,NSE,STK,2085,INE288A01013,MAHSCOOTER,EQ,,,,,MAHARASHTRA SCOOTERS LTD,13700.0,13880.0,13502.0,13564.0,13698.0,13662.0,,13563.55,,,2539,34760993.0,1259,F1,1,,,,,
2026-08-27,2026-08-27,CM,NSE,STK,25258,INF754K01TE4,EBANKNIFTY,EQ,,,,,EDELAMC - EBANKNIFTY,57.36,58.47,57.36,58.27,58.27,58.53,,58.27,,,2526,146776.7,22,F1,1,,,,,
2026-08-27,2026-08-27,CM,NSE,STK,10346,INE03JI01017,DGCONTENT,EQ,,,,,DIGICONTENT LIMITED,24.2,24.59,23.81,24.0,24.0,24.23,,24.0,,,2514,60743.82,30,F1,1,,,,,
2026-08-27,2026-08-27,CM,NSE,STK,1811,INE437B01014,KAKATCEM,EQ,,,,,KAKATIYA CEM SUGAR &IND L,114.1,116.67,113.1,115.39,115.85,113.99,,115.39,,,2465,283516.11,76,F1,1,,,,,
2026-08-27,2026-08-27,CM,NSE,STK,6302,INE451F01024,APOLSINHOT,EQ,,,,,APOLLO SINDOORI HOTEL LTD,1195.2,1260.4,1151.0,1235.3,1243.9,1190.7,,1235.3,,,2414,2944225.8,309,F1,1,,,,,
2026-08-27,2026-08-27,CM,NSE,STK,761693,INF247L01GV8,MOBANK10,EQ,,,,,MOTILALAMC - MOBANK10,17.18,17.18,16.95,16.95,16.95,17.01,,16.95,,,2397,40792.2,49,F1,1,,,,,
2026-08-27,2026-08-27,CM,NSE,STK,12009,INE547E01014,IMPAL,EQ,,,,,IND MOTOR PART & ACC LTD,1089.5,1120.0,1089.5,1108.1,1101.5,1082.4,,1108.07,,,2325,2572925.1,306,F1,1,,,,,
2026-08-27,2026-08-27,CM,NSE,STK,3147,INE843L01012,SIEL,EQ,,,,,SUPERIOR INDUSTRIAL ENT L,34.49,34.49,34.0,34.49,34.49,32.85,,34.49,,,2288,78845.5,28,F1,1,,,,,
2026-08-27,2026-08-27,CM,NSE,STK,19867,INE275D01022,AMNPLST,EQ,,,,,AMINES & PLASTICIZERS LTD,193.07,193.07,184.0,186.81,187.63,189.28,,186.78,,,2281,425215.75,97,F1,1,,,,,
2026-08-27,2026-08-27,CM,NSE,STK,6127,INE731U01028,DIGJAMLMTD,EQ,,,,,DIGJAM LTD,52.0,52.5,51.2,52.0,52.0,51.73,,52.0,,,2268,117803.72,28,F1,1,,,,,
2026-08-27,2026-08-27,CM,NSE,STK,22722,INF767K01RN1,LICNMID100,EQ,,,,,LICNAMC - LICNMID100,65.05,65.05,64.15,64.27,64.63,64.86,,64.27,,,2206,142364.16,62,F1,1,,,,,
2026-08-27,2026-08-27,CM,NSE,STK,764643,INE084D01010,CGVAK,EQ,,,,,C G V A K SOFTWARE & EX L,150.5,150.5,146.93,148.15,148.25,149.57,,147.89,,,2206,327267.14,78,F1,1,,,,,
2026-08-27,2026-08-27,CM,NSE,STK,13463,INE156C01018,PIONEEREMB,EQ,,,,,PIONEER EMBROIDERIES LTD,22.0,22.0,21.95,21.98,21.95,21.92,,21.99,,,2199,48334.2,27,F1,1,,,,,
2026-08-27,2026-08-27,CM,NSE,STK,11374,INE0LQS01015,TIPSFILMS,EQ,,,,,TIPS FILMS LIMITED,342.0,346.7,340.0,342.15,342.25,342.1,,342.23,,,2195,753938.4,209,F1,1,,,,,
2026-08-27,2026-08-27,CM,NSE,STK,764870,INE304D01012,SAMBANDAM,EQ,,,,,SAMBANDAM SPINNING MILL L,126.0,130.0,113.1,118.51,116.7,125.47,,118.86,,,2163,268867.32,77,F1,1,,,,,
2026-08-27,2026-08-27,CM,NSE,STK,20196,INE844K01012,BEDMUTHA,EQ,,,,,BEDMUTHA INDUST LTD,108.0,108.7,104.92,106.04,105.63,107.3,,106.04,,,2151,227778.82,74,F1,1,,,,,
2026-08-27,2026-08-27,CM,NSE,STK,20453,INE071F01012,APCL,EQ,,,,,ANJANI PORTLAND CEM LTD,104.5,104.5,101.0,101.16,101.13,101.97,,101.16,,,2129,215717.18,86,F1,1,,,,,
2026-08-27,2026-08-27,CM,NSE,STK,2277,INE883A01011,MRF,EQ,,,,,MRF LTD,133600.0,133790.0,132500.0,133600.0,133600.0,133520.0,,133592.09,,,2084,278012500.0,1653,F1,1,,,,,
2026-08-27,2026-08-27,CM,NSE,STK,762633,INE928C01010,DAICHI,EQ,,,,,DAI-ICHI KARKARIA LTD.,344.0,345.15,331.3,331.9,332.0,343.25,,331.98,,,2081,700778.5,89,F1,1,,,,,
2026-08-27,2026-08-27,CM,NSE,STK,764838,INE418E01018,PERMAGN,EQ,,,,,PERMANENT MAGNETS LTD.,900.55,900.55,864.0,869.45,865.75,900.55,,870.76,,,2080,1819407.8,376,F1,1,,,,,
2026-08-27,2026-08-27,CM,NSE,STK,15157,INE508K01013,RHL,EQ,,,,,ROBUST HOTELS LIMITED,169.0,170.0,165.0,166.54,165.6,169.75,,166.54,,,1991,330076.87,21,F1,1,,,,,
2026-08-27,2026-08-27,CM,NSE,STK,13510,INE737W01013,AKASH,EQ,,,,,AKASH INFRA-PROJECTS LTD,24.16,25.15,24.16,24.31,24.31,24.63,,24.31,,,1980,48898.47,29,F1,1,,,,,
2026-08-27,2026-08-27,CM,NSE,STK,3417,INE671A01010,HONAUT,EQ,,,,,HONEYWELL AUTOMATION IND,36145.0,36895.0,36145.0,36800.0,36750.0,36445.0,,36801.93,,,1961,71965465.0,1205,F1,1,,,,,
2026-08-27,2026-08-27,CM,NSE,STK,5192,INE177F01017,KOVAI,EQ,,,,,KOVAI MEDICAL CENTER & HO,6084.0,6111.0,5985.0,6014.0,6056.0,6122.0,,6014.66,,,1955,11768997.5,414,F1,1,,,,,
2026-08-27,2026-08-27,CM,NSE,STK,762573,INE213D01015,BEEKAY,EQ,,,,,BEEKAY STEEL INDS. LTD.,434.9,449.0,426.15,427.25,426.15,425.0,,427.09,,,1954,839341.0,77,F1,1,,,,,
2026-08-27,2026-08-27,CM,NSE,STK,24145,INE03DD01011,RETAIL,EQ,,,,,JHS SVENDGAARD RETAIL V L,17.9,17.9,17.0,17.11,17.05,17.81,,17.14,,,1927,33560.94,62,F1,1,,,,,
2026-08-27,2026-08-27,CM,NSE,STK,11743,INE796G01012,JINDALPHOT,EQ,,,,,JINDAL PHOTO LIMITED,1057.0,1083.0,1035.1,1041.0,1045.1,1042.6,,1041.08,,,1901,2008051.8,242,F1,1,,,,,
2026-08-27,2026-08-27,CM,NSE,STK,1372,INE310C01029,HINDCOMPOS,EQ,,,,,HINDUSTAN COMPOSITES LTD.,411.9,415.2,407.75,409.45,408.35,408.25,,409.47,,,1894,778030.55,147,F1,1,,,,,
2026-08-27,2026-08-27,CM,NSE,STK,19438,INE926K01017,AHLEAST,EQ,,,,,ASIAN HOTELS (EAST) LTD,139.5,139.51,135.0,136.73,137.0,138.66,,136.73,,,1870,255951.84,50,F1,1,,,,,
2026-08-27,2026-08-27,CM,NSE,STK,764940,INE159L01013,SVGLOBAL,EQ,,,,,S V GLOBAL MILL LTD.,134.11,144.8,118.21,129.5,129.5,132.79,,121.0,,,1849,234606.6,65,F1,1,,,,,
2026-08-27,2026-08-27,CM,NSE,STK,11547,INF179KC1HU8,HDFCLOWVOL,EQ,,,,,HDFCAMC - HDFCLOWVOL,20.83,20.84,20.7,20.72,20.7,20.83,,20.67,,,1832,38030.86,51,F1,1,,,,,
2026-08-27,2026-08-27,CM,NSE,STK,15151,INE925C01016,MADHAV,EQ,,,,,MADHAV MARBLE & GRANITE,36.8,36.8,33.7,35.19,35.01,34.84,,35.19,,,1831,63472.05,71,F1,1,,,,,
2026-08-27,2026-08-27,CM,NSE,STK,21275,INE519C01017,SUMMITSEC,EQ,,,,,SUMMIT SECURITIES LTD,1425.0,1439.8,1415.0,1420.7,1423.0,1433.3,,1420.7,,,1827,2605958.4,236,F1,1,,,,,
2026-08-27,2026-08-27,CM,NSE,STK,1979,INE269B01029,LMW,EQ,,,,,LMW LIMITED,19325.0,19459.0,19050.0,19132.0,19150.0,19204.0,,19133.4,,,1824,35142845.0,1127,F1,1,,,,,
2026-08-27,2026-08-27,CM,NSE,STK,15156,INE314G01014,KALYANIFRG,EQ,,,,,KALYANI FORGE LIMITED,681.95,699.0,666.05,682.45,685.5,675.0,,682.48,,,1821,1246530.6,219,F1,1,,,,,
2026-08-27,2026-08-27,CM,NSE,STK,11852,INE713B01026,SURYALAXMI,EQ,,,,,SURYALAKSHMI COT MIL LTD,57.92,58.0,56.65,57.14,58.0,57.92,,57.7,,,1810,103338.47,64,F1,1,,,,,
2026-08-27,2026-08-27,CM,NSE,STK,760001,INF247L01GJ3,MOSERVICE,EQ,,,,,MOTILALAMC - MOSERVICE,31.13,31.14,31.0,31.01,31.0,31.18,,31.01,,,1798,55791.18,76,F1,1,,,,,
2026-08-27,2026-08-27,CM,NSE,STK,4229,INE116C01012,ZFSTEERING,EQ,,,,,Z F STEERING GEAR (I) LTD,678.0,678.0,670.0,671.25,674.1,669.6,,671.25,,,1786,1199359.95,83,F1,1,,,,,
2026-08-27,2026-08-27,CM,NSE,STK,757167,INF247L01FD8,MONEXT50,EQ,,,,,MOTILALAMC - MONEXT50,74.61,74.62,74.15,74.59,74.6,74.48,,74.59,,,1759,130892.34,43,F1,1,,,,,
2026-08-27,2026-08-27,CM,NSE,STK,764708,INE716F01012,INDOKEM,EQ,,,,,INDOKEM LTD.,607.0,635.0,607.0,610.85,607.5,624.0,,611.48,,,1758,1079612.85,156,F1,1,,,,,
2026-08-27,2026-08-27,CM,NSE,STK,765085,INE227B01019,HINDALUMI,EQ,,,,,HIND ALUMINIUM INDS. LTD.,98.0,99.87,97.95,97.99,98.0,99.88,,98.05,,,1724,169604.5,53,F1,1,,,,,
2026-08-27,2026-08-27,CM,NSE,STK,11239,INE023A01030,NSIL,EQ,,,,,NALWA SONS INVESTMENT LTD,5777.0,5823.5,5725.0,5741.0,5725.0,5783.5,,5741.0,,,1718,9907368.5,323,F1,1,,,,,
2026-08-27,2026-08-27,CM,NSE,STK,765175,INE886B01012,SUMEDHA,EQ,,,,,SUMEDHA FISCAL SERVICES L,39.8,40.19,39.12,39.27,39.27,39.8,,39.97,,,1710,67269.66,15,F1,1,,,,,
2026-08-27,2026-08-27,CM,NSE,STK,11445,INE417C01014,PILANIINVS,EQ,,,,,PILANI INV & IND COR LTD,4424.9,4450.0,4350.0,4363.8,4360.2,4424.9,,4363.8,,,1684,7413963.7,289,F1,1,,,,,
2026-08-27,2026-08-27,CM,NSE,STK,2711,INE283A01014,PRECOT,EQ,,,,,PRECOT LIMITED,696.35,712.85,690.0,703.75,711.0,695.45,,703.75,,,1662,1162928.85,196,F1,1,,,,,
2026-08-27,2026-08-27,CM,NSE,STK,7902,INE850E01012,LFIC,EQ,,,,,LAKSHMI FIN IND CORP LTD,138.9,144.85,136.0,136.56,136.0,136.65,,136.56,,,1655,227281.11,66,F1,1,,,,,
2026-08-27,2026-08-27,CM,NSE,STK,27754,INE403Y01018,INNOVANA,EQ,,,,,INNOVANA THINKLABS LTD,317.05,319.9,309.3,313.6,316.95,316.9,,313.38,,,1647,520639.9,55,F1,1,,,,,
2026-08-27,2026-08-27,CM,NSE,STK,7965,INE389C01015,MALLCOM,EQ,,,,,MALLCOM (INDIA) LIMITED,989.9,998.95,966.0,973.4,967.5,979.75,,973.41,,,1617,1586012.4,187,F1,1,,,,,
2026-08-27,2026-08-27,CM,NSE,STK,757431,INF247L01FO5,MOPSE,EQ,,,,,MOTILALAMC - MOPSE,99.37,101.5,98.5,99.02,98.5,99.58,,99.02,,,1604,158780.31,41,F1,1,,,,,
2026-08-27,2026-08-27,CM,NSE,STK,762742,INE555P01013,KIRANVYPAR,EQ,,,,,KIRAN VYAPAR LTD.,205.0,205.0,198.5,200.62,198.5,202.0,,200.6,,,1570,318721.69,39,F1,1,,,,,
2026-08-27,2026-08-27,CM,NSE,STK,9168,INF789F1AUU3,SNXT50BETA,EQ,,,,,UTIAMC-SNXT50BETA,96.08,97.23,96.01,96.85,96.88,96.36,,96.85,,,1519,146377.29,73,F1,1,,,,,
2026-08-27,2026-08-27,CM,NSE,STK,762648,INE934C01018,DRAGARWQ,EQ,,,,,DR. AGARWAL'S EYE HOSP L,5248.0,5324.0,5151.0,5176.5,5151.0,5246.0,,5176.52,,,1492,7812511.5,566,F1,1,,,,,
2026-08-27,2026-08-27,CM,NSE,STK,25222,INE0UOS01011,SANOFICONR,EQ,,,,,SANOFI CONS HEALTHC IND L,4169.2,4184.9,4132.0,4150.0,4135.6,4158.5,,4150.03,,,1480,6137021.0,587,F1,1,,,,,
2026-08-27,2026-08-27,CM,NSE,STK,764930,INE199E01014,SUNSHIEL,EQ,,,,,SUNSHIELD CHEMICALS LTD.,1189.0,1209.6,1131.3,1156.3,1169.9,1188.7,,1158.41,,,1474,1726712.5,252,F1,1,,,,,
2026-08-27,2026-08-27,CM,NSE,STK,764833,INE383L01019,PARNAXLAB,EQ,,,,,PARNAX LAB LTD.,123.41,123.41,123.4,123.41,123.41,123.71,,122.0,,,1460,180178.35,17,F1,1,,,,,
2026-08-27,2026-08-27,CM,NSE,STK,4105,INE923A01015,SILINV,EQ,,,,,SIL INVESTMENTS LIMITED,475.1,493.0,465.3,478.1,478.0,483.75,,478.1,,,1406,672767.65,133,F1,1,,,,,
2026-08-27,2026-08-27,CM,NSE,STK,764768,INE026D01011,LOTUSCHO,EQ,,,,,LOTUS CHOCOLATE CO. LTD.,620.0,625.5,607.0,618.7,622.0,625.45,,618.15,,,1395,863201.9,134,F1,1,,,,,
2026-08-27,2026-08-27,CM,NSE,STK,8153,INE00EM01016,MEGASTAR,EQ,,,,,MEGASTAR FOODS LIMITED,308.2,312.0,306.7,309.2,307.45,309.8,,309.17,,,1384,428084.65,105,F1,1,,,,,
2026-08-27,2026-08-27,CM,NSE,STK,13592,INE596H01014,HGM,EQ,,,,,HANDSON GBL MNGMNT LTD,44.3,44.9,43.0,43.99,43.13,43.76,,43.99,,,1372,60255.42,34,F1,1,,,,,
2026-08-27,2026-08-27,CM,NSE,STK,3837,INE932C01012,TOKYOPLAST,EQ,,,,,TOKYO PLAST INTL LTD,76.0,77.5,74.8,77.25,77.5,75.15,,77.25,,,1365,104239.06,44,F1,1,,,,,
2026-08-27,2026-08-27,CM,NSE,STK,9879,INE974B01016,CHEVIOT,EQ,,,,,CHEVIOT COMPANY LIMITED,1148.0,1156.0,1134.0,1135.8,1139.9,1154.0,,1135.8,,,1360,1552277.5,200,F1,1,,,,,
2026-08-27,2026-08-27,CM,NSE,STK,762653,INE280B01018,ELANTAS,EQ,,,,,ELANTAS BECK INDIA LTD.,11670.5,11700.0,11528.0,11583.5,11595.0,11563.0,,11583.35,,,1333,15446669.5,639,F1,1,,,,,
2026-08-27,2026-08-27,CM,NSE,STK,3247,INE439T01012,NITIRAJ,EQ,,,,,NITIRAJ ENGINEERS LTD,182.03,205.84,182.03,203.42,204.5,199.42,,203.42,,,1329,265914.77,68,F1,1,,,,,
2026-08-27,2026-08-27,CM,NSE,STK,762538,INE701G01012,AKCAPIT,EQ,,,,,A K CAPITAL SERVICES LTD.,1761.7,1761.7,1685.0,1686.2,1686.0,1717.6,,1686.69,,,1302,2206814.0,161,F1,1,,,,,
2026-08-27,2026-08-27,CM,NSE,STK,759747,INE719F01016,SHIVAUM,EQ,,,,,SHIV AUM STEELS LIMITED,449.45,449.45,445.0,445.0,445.0,444.45,,445.0,,,1264,563298.15,31,F1,1,,,,,
2026-08-27,2026-08-27,CM,NSE,STK,6782,INE567A01028,NIPPOBATRY,EQ,,,,,INDO-NATIONAL LIMITED,320.0,333.95,320.0,327.35,327.0,325.45,,327.35,,,1244,408793.05,108,F1,1,,,,,
2026-08-27,2026-08-27,CM,NSE,STK,764378,INF754K01XH9,EBANK10,EQ,,,,,EDELAMC - EBANK10,17.01,17.01,16.8,16.94,16.94,17.01,,16.94,,,1194,20172.1,14,F1,1,,,,,
2026-08-27,2026-08-27,CM,NSE,STK,4568,INE446A01025,ATLASCYCLE,EQ,,,,,ATLAS CYCLE (HARYANA) LTD,95.61,97.1,95.61,96.28,96.96,96.63,,96.06,,,1180,113552.35,39,F1,1,,,,,
2026-08-27,2026-08-27,CM,NSE,STK,764623,INE365Y01019,BPLPHARMA,EQ,,,,,BHARAT PARENTERALS LTD.,1649.0,1649.0,1480.2,1496.6,1495.9,1541.2,,1498.47,,,1177,1798697.6,228,F1,1,,,,,
2026-08-27,2026-08-27,CM,NSE,STK,21119,INE029L01018,KICL,EQ,,,,,KALYANI INVEST CO LTD,5331.0,5335.0,5179.5,5238.0,5202.0,5260.5,,5231.4,,,1165,6082019.0,197,F1,1,,,,,
2026-08-27,2026-08-27,CM,NSE,STK,4160,INE369C01017,NORBTEAEXP,EQ,,,,,NORBEN TEA & EXPORTS LTD,67.4,69.89,67.2,67.3,67.2,70.02,,67.3,,,1136,76763.12,25,F1,1,,,,,
2026-08-27,2026-08-27,CM,NSE,STK,11779,INE543V01017,ACEINTEG,EQ,,,,,ACE INTEGRATED SOLU. LTD.,18.16,18.16,17.11,17.38,17.4,17.72,,17.38,,,1130,19807.18,44,F1,1,,,,,
2026-08-27,2026-08-27,CM,NSE,STK,20956,INE0Q3R01026,SUNCLAY,EQ,,,,,SUNDARAM CLAYTON LIMITED,1242.0,1279.9,1242.0,1272.2,1271.0,1267.9,,1272.19,,,1101,1400240.8,180,F1,1,,,,,
2026-08-27,2026-08-27,CM,NSE,STK,14194,INE395U01014,NINSYS,EQ,,,,,NINTEC SYSTEMS LIMITED,713.0,724.95,712.25,713.95,712.6,713.4,,714.77,,,1081,775539.6,135,F1,1,,,,,
2026-08-27,2026-08-27,CM,NSE,STK,762528,INE850B01026,ABMKNO,EQ,,,,,A B M KNOWLEDGEWARE LTD.,187.1,193.0,182.01,187.21,184.0,186.39,,186.22,,,1079,201902.72,43,F1,1,,,,,
2026-08-27,2026-08-27,CM,NSE,STK,8083,INE491V01019,CROWN,EQ,,,,,CROWN LIFTERS LIMITED,106.0,106.0,103.5,105.1,105.23,105.28,,105.1,,,1076,113030.63,40,F1,1,,,,,
2026-08-27,2026-08-27,CM,NSE,STK,350,INE459A01010,BANARISUG,EQ,,,,,BANNARI AMMAN SUGARS LTD,3847.3,3857.5,3756.1,3766.4,3798.9,3847.9,,3766.38,,,1062,4032356.7,248,F1,1,,,,,
2026-08-27,2026-08-27,CM,NSE,STK,15360,INE049I01012,NAHARCAP,EQ,,,,,NAHAR CAP & FIN.,258.5,260.5,251.8,255.75,257.6,258.5,,255.5,,,1044,266954.22,50,F1,1,,,,,
2026-08-27,2026-08-27,CM,NSE,STK,381,INE129Z01016,SINTERCOM,EQ,,,,,SINTERCOM INDIA LIMITED,80.99,80.99,79.29,79.82,79.9,79.06,,79.82,,,1034,82300.43,19,F1,1,,,,,
2026-08-27,2026-08-27,CM,NSE,STK,6543,INE137I01015,GRPLTD,EQ,,,,,GRP LIMITED,1969.1,1999.9,1958.2,1982.9,1961.2,1969.5,,1982.0,,,1024,2027144.8,186,F1,1,,,,,
2026-08-27,2026-08-27,CM,NSE,STK,8953,INE668G01021,ELDEHSG,EQ,,,,,ELDECO HSG & IND LTD.,795.25,818.45,777.7,781.8,777.85,799.55,,781.8,,,992,777179.75,103,F1,1,,,,,
2026-08-27,2026-08-27,CM,NSE,STK,4444,INE979B01015,HAWKINCOOK,EQ,,,,,HAWKINS COOKERS LTD,8020.0,8264.5,8020.0,8239.0,8250.0,8197.5,,8240.83,,,976,7952681.5,447,F1,1,,,,,
2026-08-27,2026-08-27,CM,NSE,STK,765010,INE290E01011,YOGI,EQ,,,,,YOGI LTD.,163.9,166.0,163.89,165.38,165.4,163.09,,165.38,,,965,158401.28,25,F1,1,,,,,
2026-08-27,2026-08-27,CM,NSE,STK,762909,INE997I01012,SHRIKRISH,EQ,,,,,SHRI KRISHNA DEVCON LTD.,38.2,38.2,36.0,36.55,37.1,38.2,,36.55,,,962,36712.4,6,F1,1,,,,,
2026-08-27,2026-08-27,CM,NSE,STK,2658,INE245B01011,PHOENXINTL,EQ,,,,,PHOENIX INTERNATIONAL LTD,32.0,32.04,30.05,30.31,31.5,30.66,,30.18,,,928,28585.67,34,F1,1,,,,,
2026-08-27,2026-08-27,CM,NSE,STK,11496,INE792B01012,AMBICAAGAR,EQ,,,,,AMBICA AGAR & AROMAINDLTD,24.46,27.49,24.46,24.97,24.97,24.98,,24.97,,,920,22872.82,35,F1,1,,,,,
2026-08-27,2026-08-27,CM,NSE,STK,762797,INE085D01033,METROGLOBL,EQ,,,,,METROGLOBAL LTD.,138.1,140.0,135.0,135.07,135.0,137.82,,135.08,,,875,119130.28,37,F1,1,,,,,
2026-08-27,2026-08-27,CM,NSE,STK,5732,INF846K016C7,CONSUMAXIS,EQ,,,,,AXISAMC-CONSUMAXIS,123.36,123.46,122.41,122.9,123.46,123.95,,122.89,,,852,104765.55,25,F1,1,,,,,
2026-08-27,2026-08-27,CM,NSE,STK,765000,INE285C01015,VOITHPAPR,EQ,,,,,VOITH PAPER FABRICS IND L,1474.9,1500.0,1450.0,1459.8,1466.9,1460.0,,1465.18,,,849,1237473.4,64,F1,1,,,,,
2026-08-27,2026-08-27,CM,NSE,STK,24932,INE0URU01010,GLOBALE,EQ,,,,,GLOBALE TESSILE LIMITED,11.8,12.0,11.22,11.24,11.24,11.49,,11.27,,,837,9920.17,8,F1,1,,,,,
2026-08-27,2026-08-27,CM,NSE,STK,9652,INE750D01016,RELCHEMQ,EQ,,,,,RELIANCE CHEMOTEX IND LTD,116.47,119.0,112.72,113.36,113.27,114.19,,113.38,,,821,94375.98,46,F1,1,,,,,
2026-08-27,2026-08-27,CM,NSE,STK,764563,INE757C01021,ADDIND,EQ,,,,,ADDI INDUSTRIES LTD.,82.66,90.0,80.0,86.7,86.7,82.66,,86.7,,,800,67661.49,25,F1,1,,,,,
2026-08-27,2026-08-27,CM,NSE,STK,3912,INE731C01018,KHAITANLTD,EQ,,,,,KHAITAN (INDIA)LTD.,145.0,147.97,141.01,144.78,143.99,146.96,,144.78,,,729,104993.62,44,F1,1,,,,,
2026-08-27,2026-08-27,CM,NSE,STK,764895,INE960A01017,SHILGRAVQ,EQ,,,,,SHILP GRAVURES LTD.,169.39,169.4,165.05,169.0,169.0,169.39,,169.13,,,725,120835.97,30,F1,1,,,,,
2026-08-27,2026-08-27,CM,NSE,STK,759995,INF754K01VY8,ESENSEX,EQ,,,,,EDELAMC - ESENSEX,78.43,78.43,77.56,78.13,78.14,78.43,,78.13,,,711,55479.02,18,F1,1,,,,,
2026-08-27,2026-08-27,CM,NSE,STK,764965,INE551B01012,UDAYJEW,EQ,,,,,UDAY JEWELLERY INDS. LTD.,130.0,147.2,129.1,143.28,143.28,141.8,,142.25,,,705,99380.02,23,F1,1,,,,,
2026-08-27,2026-08-27,CM,NSE,STK,764728,INE354A01013,JENBURPH,EQ,,,,,JENBURKT PHARMACEUTICAL L,1056.0,1056.0,1026.6,1032.8,1034.1,1050.1,,1032.69,,,665,694871.5,51,F1,1,,,,,
2026-08-27,2026-08-27,CM,NSE,STK,765080,INE638B01025,HBPOR,EQ,,,,,HB PORTFOLIO LTD.,62.89,62.89,59.1,59.5,59.5,58.31,,59.26,,,662,39693.07,16,F1,1,,,,,
2026-08-27,2026-08-27,CM,NSE,STK,181,INE610C01014,ARENTERP,EQ,,,,,RAJDARSHAN INDUSTRIES LTD,36.0,37.29,35.2,37.29,37.29,36.49,,37.29,,,658,24223.43,22,F1,1,,,,,
2026-08-27,2026-08-27,CM,NSE,STK,10717,INE289C01025,TEAMGTY,EQ,,,,,TEAM INDIA GUARANTY LTD,230.0,248.0,230.0,240.02,240.0,240.0,,240.02,,,658,158712.75,36,F1,1,,,,,
2026-08-27,2026-08-27,CM,NSE,STK,763540,INF754K01XF3,ENEXT50,EQ,,,,,EDELAMC - ENEXT50,75.86,75.86,74.21,74.78,74.78,74.37,,74.78,,,653,49179.48,13,F1,1,,,,,
2026-08-27,2026-08-27,CM,NSE,STK,764823,INE883C01025,PACIFICI,EQ,,,,,PACIFIC INDUSTRIES LTD.,149.6,149.6,135.3,137.63,137.5,146.67,,137.64,,,651,89707.86,31,F1,1,,,,,
2026-08-27,2026-08-27,CM,NSE,STK,11892,INE701A01023,VHL,EQ,,,,,VARDHMAN HOLDINGS LIMITED,3431.0,3474.3,3380.0,3392.3,3385.0,3428.9,,3392.35,,,644,2198206.3,167,F1,1,,,,,
2026-08-27,2026-08-27,CM,NSE,STK,10822,INF247L01BH8,MOQUALITY,EQ,,,,,MOTILALAMC - MOQUALITY,203.82,203.82,202.4,202.4,202.4,201.81,,202.4,,,639,129424.58,18,F1,1,,,,,
2026-08-27,2026-08-27,CM,NSE,STK,12978,INF277K010X4,NPBET,EQ,,,,,TATAAML - NPBET,283.64,289.3,283.63,288.0,288.0,286.5,,288.0,,,600,172984.27,24,F1,1,,,,,
2026-08-27,2026-08-27,CM,NSE,STK,762588,INE469A01019,BIMETAL,EQ,,,,,BIMETAL BEARINGS LTD.,630.0,630.1,600.0,618.5,618.0,630.1,,618.27,,,579,354769.45,88,F1,1,,,,,
2026-08-27,2026-08-27,CM,NSE,STK,764910,INE564J01026,SHRJAGP,EQ,,,,,SHRI JAGDAMBA POLYMERS L,680.0,694.95,668.05,682.85,685.4,680.7,,682.44,,,578,388893.25,37,F1,1,,,,,
2026-08-27,2026-08-27,CM,NSE,STK,759978,INF740KA1WV7,MSCIADD,EQ,,,,,DSPAMC - MSCIADD,29.89,29.9,29.73,29.9,29.9,29.99,,29.9,,,576,17177.68,9,F1,1,,,,,
2026-08-27,2026-08-27,CM,NSE,STK,18840,INE326T01011,NIRAJISPAT,EQ,,,,,NIRAJ ISPAT IND LTD,216.0,257.0,216.0,246.59,236.9,216.0,,246.59,,,556,130300.84,17,F1,1,,,,,
2026-08-27,2026-08-27,CM,NSE,STK,11796,INE05X901010,HPIL,EQ,,,,,HINDPRAKASH INDUSTRY LTD,127.0,127.0,123.61,123.81,123.7,128.62,,123.81,,,551,68235.33,23,F1,1,,,,,
2026-08-27,2026-08-27,CM,NSE,STK,22488,INF789F1AZD8,ITBETA,EQ,,,,,UTIAMC-ITBETA,319.89,319.89,317.33,319.0,319.0,321.38,,319.54,,,543,172762.65,18,F1,1,,,,,
2026-08-27,2026-08-27,CM,NSE,STK,764798,INE920C01017,NTCIND,EQ,,,,,N T C INDUSTRIES LTD.,134.9,139.69,133.0,136.42,136.42,135.91,,135.71,,,541,72246.04,36,F1,1,,,,,
2026-08-27,2026-08-27,CM,NSE,STK,6977,INE613B01010,ICDSLTD,EQ,,,,,ICDS LTD,41.32,41.63,41.25,41.63,41.63,41.09,,41.63,,,524,21763.12,11,F1,1,,,,,
2026-08-27,2026-08-27,CM,NSE,STK,759719,INF666M01MV5,GROWWMC150,EQ,,,,,GROWWAMC - GROWWMC150,237.0,237.83,235.1,237.0,237.0,236.63,,237.0,,,510,120745.9,24,F1,1,,,,,
2026-08-27,2026-08-27,CM,NSE,STK,762712,INE640B01021,HBESD,EQ,,,,,H B ESTATE DEVELOPERS L,75.01,76.69,75.0,75.95,76.0,76.31,,75.95,,,510,38305.81,25,F1,1,,,,,
2026-08-27,2026-08-27,CM,NSE,STK,764900,INE960E01019,SHIVAAGRO,EQ,,,,,SHIVA GLOBAL AGRO INDS. L,40.65,42.5,40.02,40.74,40.7,42.17,,40.74,,,441,18065.16,32,F1,1,,,,,
2026-08-27,2026-08-27,CM,NSE,STK,22524,INF789F1AZF3,GILT10BETA,EQ,,,,,UTIAMC-GILT10BETA,26.92,26.92,26.39,26.92,26.92,26.99,,26.92,,,436,11602.27,13,F1,1,,,,,
2026-08-27,2026-08-27,CM,NSE,STK,17613,INF740KA1SZ6,SENSEXADD,EQ,,,,,DSPAMC - DSPSENXETF,79.97,80.32,79.53,80.06,79.53,80.18,,80.06,,,434,34721.79,24,F1,1,,,,,
2026-08-27,2026-08-27,CM,NSE,STK,9641,INE060B01014,KHANDSE,EQ,,,,,KHANDWALA SECURITIES LTD,17.0,17.87,16.53,17.38,17.42,17.05,,17.38,,,431,7508.57,41,F1,1,,,,,
2026-08-27,2026-08-27,CM,NSE,STK,21551,INE320X01016,HALEOSLABS,EQ,,,,,HALEOS LABS LIMITED,1549.4,1549.4,1470.0,1501.8,1500.0,1500.9,,1501.43,,,411,617478.2,48,F1,1,,,,,
2026-08-27,2026-08-27,CM,NSE,STK,24385,INE725L01011,KARMAENG,EQ,,,,,KARMA ENERGY LIMITED,37.55,39.95,37.55,38.05,38.47,38.0,,38.05,,,410,15726.23,17,F1,1,,,,,
2026-08-27,2026-08-27,CM,NSE,STK,23590,INE350Z01018,GLOSTERLTD,EQ,,,,,GLOSTER LIMITED,606.1,606.1,595.9,604.4,595.9,595.35,,603.66,,,405,244333.1,46,F1,1,,,,,
2026-08-27,2026-08-27,CM,NSE,STK,3748,INE080A01014,WEIZMANIND,EQ,,,,,WEIZMANN LTD,75.3,76.99,75.0,75.6,75.99,75.63,,75.6,,,401,30157.46,25,F1,1,,,,,
2026-08-27,2026-08-27,CM,NSE,STK,24404,INF209KC1134,ABGSEC,EQ,,,,,BIRLASLAMC - ABGSEC,115.24,115.24,114.11,114.15,114.11,114.75,,114.15,,,395,45194.55,8,F1,1,,,,,
2026-08-27,2026-08-27,CM,NSE,STK,10590,INE970D01010,LOYALTEX,EQ,,,,,LOYAL TEXTILE MILLS LTD,215.0,220.65,212.84,218.9,218.9,215.0,,218.9,,,394,85767.6,20,F1,1,,,,,
2026-08-27,2026-08-27,CM,NSE,STK,18119,INE559N01010,SRGHFL,EQ,,,,,SRG HOUSING FINANCE L,255.5,260.0,255.5,260.0,260.0,260.0,,260.0,,,394,101418.75,11,F1,1,,,,,
2026-08-27,2026-08-27,CM,NSE,STK,762643,INE131C01011,DISAQ,EQ,,,,,DISA INDIA LTD.,11915.0,12099.0,11400.0,11590.0,11650.0,11974.0,,11593.94,,,389,4559992.0,162,F1,1,,,,,
2026-08-27,2026-08-27,CM,NSE,STK,762859,INE296E01026,RAJPALAYAM,EQ,,,,,RAJAPALAYAM MILLS LTD.,828.0,828.0,810.0,810.0,810.0,826.9,,810.0,,,385,313016.6,20,F1,1,,,,,
2026-08-27,2026-08-27,CM,NSE,STK,762849,INE001E01012,PREMCO,EQ,,,,,PREMCO GLOBAL LTD.,381.45,393.0,370.05,384.35,389.45,381.45,,383.85,,,381,145684.3,38,F1,1,,,,,
2026-08-27,2026-08-27,CM,NSE,STK,764558,INE451C01013,ACGL,EQ,,,,,AUTOMOBILE CORPN OF GOA L,1801.9,1807.0,1790.1,1805.3,1802.0,1802.9,,1805.05,,,378,680496.7,64,F1,1,,,,,
2026-08-27,2026-08-27,CM,NSE,STK,245,INE0CHO01012,ADL,EQ,,,,,ARCHIDPLY DECOR LIMITED,72.45,72.45,70.45,70.91,70.96,72.47,,71.37,,,369,26561.39,22,F1,1,,,,,
2026-08-27,2026-08-27,CM,NSE,STK,764367,INF754K01XI7,ELMDIV,EQ,,,,,EDELAMC - ELMDIV,37.03,37.03,36.76,36.95,36.95,37.1,,36.95,,,369,13623.17,8,F1,1,,,,,
2026-08-27,2026-08-27,CM,NSE,STK,764985,INE362D01010,VIJSOLX,EQ,,,,,VIJAY SOLVEX LTD.,690.05,698.5,690.05,696.0,698.5,698.45,,703.67,,,356,245738.1,29,F1,1,,,,,
2026-08-27,2026-08-27,CM,NSE,STK,764718,INE684B01029,ISTLTD,EQ,,,,,I S T LTD.,660.0,670.0,651.0,668.9,669.0,657.3,,668.9,,,354,232310.55,38,F1,1,,,,,
2026-08-27,2026-08-27,CM,NSE,STK,2988,INE583B01015,SANDESH,EQ,,,,,SANDESH LTD,1037.9,1038.35,1013.4,1017.6,1020.0,1032.2,,1017.6,,,351,358757.5,86,F1,1,,,,,
2026-08-27,2026-08-27,CM,NSE,STK,757099,INF247L01FK3,MOMGF,EQ,,,,,MOTILALAMC - MOMGF,166.13,166.27,165.65,165.65,165.65,166.0,,165.65,,,334,55415.41,18,F1,1,,,,,
2026-08-27,2026-08-27,CM,NSE,STK,17770,INE646C01018,GROBTEA,EQ,,,,,THE GROB TEA COMPANY LTD,992.0,1012.15,985.0,995.9,1003.0,1017.15,,995.9,,,320,318636.05,70,F1,1,,,,,
2026-08-27,2026-08-27,CM,NSE,STK,764703,INE400G01011,HRYNSHP,EQ,,,,,HARIYANA SHIP BREAKERS L,101.98,101.98,91.0,99.86,99.99,102.49,,99.91,,,314,31504.15,32,F1,1,,,,,
2026-08-27,2026-08-27,CM,NSE,STK,761066,INF209KC1662,ABSLMSCIN,EQ,,,,,BIRLASLAMC - ABSLMSCIN,29.84,29.98,29.73,29.73,29.73,29.98,,29.73,,,313,9324.19,5,F1,1,,,,,
2026-08-27,2026-08-27,CM,NSE,STK,760054,INF247L01GK1,MOMNC,EQ,,,,,MOTILALAMC - MOMNC,33.31,33.31,33.03,33.15,33.15,33.27,,33.15,,,309,10238.4,12,F1,1,,,,,
2026-08-27,2026-08-27,CM,NSE,STK,764648,INE823B01015,COMPEAU,EQ,,,,,COMPETENT AUTOMOB CO. L,362.0,362.0,345.5,348.05,345.65,351.15,,343.27,,,301,104795.45,28,F1,1,,,,,
2026-08-27,2026-08-27,CM,NSE,STK,4548,INE610B01024,GUJRAFFIA,EQ,,,,,GUJARAT RAFFIA INDUST LTD,40.0,41.2,39.55,41.0,41.0,40.89,,40.81,,,291,11765.75,20,F1,1,,,,,
2026-08-27,2026-08-27,CM,NSE,STK,762578,INE083K01017,BENGALASM,EQ,,,,,BENGAL & ASSAM CO. LTD.,6162.0,6280.0,6140.0,6248.0,6240.0,6160.0,,6247.74,,,289,1796188.5,69,F1,1,,,,,
2026-08-27,2026-08-27,CM,NSE,STK,4116,INE550B01022,HBSL,EQ,,,,,HB STOCKHOLDINGS LIMITED,52.76,53.0,50.73,51.99,52.0,52.24,,51.75,,,283,14517.3,28,F1,1,,,,,
2026-08-27,2026-08-27,CM,NSE,STK,764633,INE630D01010,BRIGHTBR,EQ,,,,,BRIGHT BROTHERS LTD.,262.64,268.8,253.35,263.83,268.8,257.49,,260.55,,,276,72077.05,20,F1,1,,,,,
2026-08-27,2026-08-27,CM,NSE,STK,762874,INE185C01017,SAPPL,EQ,,,,,SHREE AJIT PULP & PAPER L,288.95,288.95,281.05,288.0,288.0,289.0,,288.0,,,274,78079.8,8,F1,1,,,,,
2026-08-27,2026-08-27,CM,NSE,STK,762949,INE403F01017,THAKDEV,EQ,,,,,THAKKERS DEVELOPERS LTD.,141.0,141.0,140.6,140.65,140.65,140.94,,140.58,,,273,38414.8,3,F1,1,,,,,
2026-08-27,2026-08-27,CM,NSE,STK,1923,INE658T01017,WEALTH,EQ,,,,,WEALTH FRST PORT. MG. LTD,856.4,864.85,856.05,864.15,864.0,856.05,,864.15,,,271,233247.0,69,F1,1,,,,,
2026-08-27,2026-08-27,CM,NSE,STK,18347,INF789F1AYX9,MIDCAPBETA,EQ,,,,,UTIAMC-MIDCAPBETA,238.0,240.0,235.55,238.01,240.0,238.89,,237.97,,,266,63337.57,22,F1,1,,,,,
2026-08-27,2026-08-27,CM,NSE,STK,765020,INE030C01015,ANSALBU,EQ,,,,,ANSAL BUILDWELL LTD.,73.5,85.69,72.01,85.69,85.69,72.01,,85.69,,,263,20425.84,4,F1,1,,,,,
2026-08-27,2026-08-27,CM,NSE,STK,762834,INE291E01019,PML,EQ,,,,,PAUL MERCHANTS LTD.,499.0,499.0,485.35,498.0,498.0,499.65,,498.0,,,262,129131.4,26,F1,1,,,,,
2026-08-27,2026-08-27,CM,NSE,STK,11961,INE617A01013,SEMAC,EQ,,,,,SEMAC CONSTRUCTION LTD,286.0,294.95,284.05,285.3,284.05,285.15,,285.2,,,243,69722.25,26,F1,1,,,,,
2026-08-27,2026-08-27,CM,NSE,STK,762939,INE314H01012,TECHNVISN,EQ,,,,,TECHNVISION VENTURES LTD.,5145.6,5291.6,4911.0,5117.9,5165.0,5129.2,,5107.73,,,238,1218900.8,112,F1,1,,,,,
2026-08-27,2026-08-27,CM,NSE,STK,765005,INE855A01019,WHBRADY,EQ,,,,,W H BRADY & CO. LTD.,499.8,524.9,481.05,492.2,490.0,497.8,,492.2,,,236,119320.65,40,F1,1,,,,,
2026-08-27,2026-08-27,CM,NSE,STK,764865,INE531X01018,SAICAPI,EQ,,,,,SAI CAPITAL LTD.,153.0,153.0,140.5,140.51,140.51,145.1,,140.73,,,232,33434.22,18,F1,1,,,,,
2026-08-27,2026-08-27,CM,NSE,STK,19322,INE598C01011,HISARMETAL,EQ,,,,,HISAR METAL IND. LIMITED,151.02,151.8,148.35,149.23,151.8,151.82,,149.75,,,201,30084.82,17,F1,1,,,,,
2026-08-27,2026-08-27,CM,NSE,STK,765330,INF205KA1CB9,IVZBANKNF,EQ,,,,,RELIGARAMC - IVZBANKNF,57.72,57.72,57.66,57.66,57.66,57.72,,57.66,,,178,10273.86,3,F1,1,,,,,
2026-08-27,2026-08-27,CM,NSE,STK,765313,INF769K01RK3,LARGEMID50,EQ,,,,,MIRAEAMC - LARGEMID50,36.99,36.99,36.86,36.86,36.86,36.9,,36.84,,,175,6462.98,6,F1,1,,,,,
2026-08-27,2026-08-27,CM,NSE,STK,17357,INE528A01020,GKWLIMITED,EQ,,,,,GKW LIMITED,1609.8,1609.8,1585.0,1599.8,1599.8,1580.0,,1599.8,,,171,273586.9,30,F1,1,,,,,
2026-08-27,2026-08-27,CM,NSE,STK,764598,INE372M01010,ARCL,EQ,,,,,ARCL ORGANICS LTD.,234.45,234.45,223.0,232.0,232.0,228.0,,236.35,,,161,36408.33,13,F1,1,,,,,
2026-08-27,2026-08-27,CM,NSE,STK,24217,INF205KA1CC7,IVZINNIFTY,EQ,,,,,INVESCO INDIA NIFTY ETF,278.59,278.59,276.17,277.01,277.55,278.2,,277.01,,,153,42506.17,25,F1,1,,,,,
2026-08-27,2026-08-27,CM,NSE,STK,764588,INE484D01012,AMARJOTHI,EQ,,,,,AMARJOTHI SPINNING MILL L,160.5,160.5,159.0,160.0,160.0,160.5,,161.5,,,153,24516.5,10,F1,1,,,,,
2026-08-27,2026-08-27,CM,NSE,STK,762924,INE132C01027,SURYALA,EQ,,,,,SURYALATA SPINNING MILL L,382.0,389.0,382.0,382.15,382.0,380.85,,382.15,,,146,56129.3,12,F1,1,,,,,
2026-08-27,2026-08-27,CM,NSE,STK,762782,INE435D01014,MCCHRLS-B,EQ,,,,,MAC CHARLES (INDIA) LTD.,799.0,799.0,670.0,680.0,680.0,670.0,,681.14,,,141,97894.5,24,F1,1,,,,,
2026-08-27,2026-08-27,CM,NSE,STK,4681,INE657B01025,BLUECHIP,EQ,,,,,BLUE CHIP INDIA LIMITED,2.1,2.1,2.1,2.1,2.1,2.06,,2.21,,,122,256.2,3,F1,1,,,,,
2026-08-27,2026-08-27,CM,NSE,STK,1497,INE644Y01017,SHIVAMILLS,EQ,,,,,SHIVA MILLS LIMITED,60.5,62.7,59.5,62.6,62.6,60.48,,62.35,,,115,7158.7,7,F1,1,,,,,
2026-08-27,2026-08-27,CM,NSE,STK,765150,INE914G01029,POLYSPIN,EQ,,,,,POLYSPIN EXPORTS LTD.,29.0,31.93,28.0,31.93,31.93,29.5,,31.93,,,114,3311.7,12,F1,1,,,,,
2026-08-27,2026-08-27,CM,NSE,STK,9862,INE082W01014,WEWIN,EQ,,,,,WE WIN LIMITED,46.99,46.99,46.0,46.21,46.4,45.4,,46.21,,,111,5157.73,11,F1,1,,,,,
2026-08-27,2026-08-27,CM,NSE,STK,25157,INE0DAB01012,RVTH,EQ,,,,,REVATHI EQUIPMENT INDIA L,730.0,746.0,725.1,736.3,738.0,730.15,,736.3,,,108,78877.85,11,F1,1,,,,,
2026-08-27,2026-08-27,CM,NSE,STK,765327,INF205KA1CA1,IVZSENSEX,EQ,,,,,RELIGARAMC - IVZSENSEX,77.82,77.82,77.16,77.37,77.37,77.55,,77.37,,,106,8195.34,11,F1,1,,,,,
2026-08-27,2026-08-27,CM,NSE,STK,764875,INE327G01032,SAYAJIIND,EQ,,,,,SAYAJI INDUSTRIES LTD.,117.49,117.49,117.49,117.49,117.49,117.46,,117.42,,,102,11983.98,3,F1,1,,,,,
2026-08-27,2026-08-27,CM,NSE,STK,764860,INE137M01017,SAB,EQ,,,,,S A B INDUSTRIES LTD.,170.0,170.0,170.0,170.0,170.0,173.0,,170.0,,,101,17170.0,6,F1,1,,,,,
2026-08-27,2026-08-27,CM,NSE,STK,762812,INE605D01012,NEAGI,EQ,,,,,NEELAMALAI AGRO INDS. L,3400.0,3400.0,3306.0,3306.0,3306.0,3480.0,,3440.0,,,99,328943.5,24,F1,1,,,,,
2026-08-27,2026-08-27,CM,NSE,STK,30189,INE117B01020,CURAA,EQ,,,,,CURA TECHNOLOGIES LIMITED,69.2,69.99,68.5,69.27,68.5,69.11,,69.27,,,92,6372.75,11,F1,1,,,,,
2026-08-27,2026-08-27,CM,NSE,STK,3772,INE210A01017,WILLAMAGOR,EQ,,,,,WILLIAMSON MAGOR,24.0,24.35,24.0,24.1,24.1,24.05,,24.48,,,90,2161.25,7,F1,1,,,,,
2026-08-27,2026-08-27,CM,NSE,STK,22521,INF789F1AZE6,GILT5BETA,EQ,,,,,UTIAMC-GILT5BETA,65.85,65.85,65.85,65.85,65.85,65.52,,65.85,,,88,5794.8,2,F1,1,,,,,
2026-08-27,2026-08-27,CM,NSE,STK,764688,INE265D01015,GKB,EQ,,,,,GKB OPHTHALMICS LTD.,65.0,65.0,64.67,65.0,65.0,64.67,,62.35,,,84,5458.02,4,F1,1,,,,,
2026-08-27,2026-08-27,CM,NSE,STK,10321,INE431F01018,PKTEA,EQ,,,,,THE P K TEA PROD CO LTD,785.0,785.0,737.0,751.85,750.0,785.0,,751.85,,,80,60039.5,24,F1,1,,,,,
2026-08-27,2026-08-27,CM,NSE,STK,764653,INE145E01017,CRAVATEX,EQ,,,,,CRAVATEX LTD.,330.0,335.0,328.3,332.6,328.3,334.95,,336.65,,,76,25107.45,15,F1,1,,,,,
2026-08-27,2026-08-27,CM,NSE,STK,15229,INF767K01PC8,LICNFNHGP,EQ,,,,,LICNAMC - LICNFNHGP,278.07,279.77,278.07,278.67,278.67,279.82,,278.67,,,71,19789.24,12,F1,1,,,,,
2026-08-27,2026-08-27,CM,NSE,STK,19111,INE365I01020,NBIFIN,EQ,,,,,N.B.I. IND. FIN. CO. LTD,1975.5,2020.0,1975.5,1980.1,1980.1,1990.0,,1980.1,,,66,131471.2,14,F1,1,,,,,
2026-08-27,2026-08-27,CM,NSE,STK,765145,INE501F01018,PBMPOLY,EQ,,,,,P B M POLYTEX LTD.,60.0,60.5,58.0,60.2,60.2,60.3,,60.1,,,65,3923.2,6,F1,1,,,,,
2026-08-27,2026-08-27,CM,NSE,STK,764890,INE011D01013,SHERVANI,EQ,,,,,SHERVANI INDUSTRIAL SYN L,325.0,325.0,321.0,321.45,325.0,321.15,,321.45,,,54,17377.85,9,F1,1,,,,,
2026-08-27,2026-08-27,CM,NSE,STK,18371,INE756C01015,NDGL,EQ,,,,,NAGA DHUNSERI GROUP LTD,2889.0,2895.0,2802.8,2826.5,2839.9,2860.1,,2826.5,,,50,141944.1,23,F1,1,,,,,
2026-08-27,2026-08-27,CM,NSE,STK,764783,INE829S01016,MSL,EQ,,,,,MANGALAM SEEDS LTD.,146.18,147.0,146.18,147.0,147.0,146.91,,144.35,,,47,6900.35,9,F1,1,,,,,
2026-08-27,2026-08-27,CM,NSE,STK,762985,INE967G01019,ZSARACOM,EQ,,,,,SARASWATI COMM (INDIA) L,11270.0,11270.0,10960.0,11046.0,10960.0,11261.0,,11046.0,,,44,491268.0,25,F1,1,,,,,
2026-08-27,2026-08-27,CM,NSE,STK,764970,INE726E01014,UPHOT,EQ,,,,,U P HOTELS LTD.,1350.0,1397.0,1350.0,1397.0,1397.0,1331.0,,1391.5,,,37,50749.0,9,F1,1,,,,,
2026-08-27,2026-08-27,CM,NSE,STK,4157,INE681C01015,KEYFINSERV,EQ,,,,,KEYNOTE FIN SERV LTD.,257.0,257.0,255.0,255.0,255.0,256.65,,255.0,,,33,8435.0,6,F1,1,,,,,
2026-08-27,2026-08-27,CM,NSE,STK,24966,INE713C01016,SURAJLTD,EQ,,,,,SURAJ LIMITED,213.5,216.85,210.0,214.0,214.0,213.51,,214.5,,,33,7051.13,6,F1,1,,,,,
2026-08-27,2026-08-27,CM,NSE,STK,27008,INE750M01017,HEXATRADEX,EQ,,,,,HEXA TRADEX LIMITED,160.9,160.9,159.1,159.1,159.1,158.5,,158.93,,,23,3662.98,9,F1,1,,,,,
2026-08-27,2026-08-27,CM,NSE,STK,764618,INE664D01019,BENARAS,EQ,,,,,BENARES HOTELS LTD.,10275.0,10275.0,10081.0,10200.0,10200.0,10200.0,,10200.0,,,23,232371.0,5,F1,1,,,,,
2026-08-27,2026-08-27,CM,NSE,STK,762762,INE515C01023,LAHOTIOV,EQ,,,,,LAHOTI OVERSEAS LTD.,43.0,43.0,41.72,41.72,41.72,42.72,,42.75,,,22,922.14,6,F1,1,,,,,
2026-08-27,2026-08-27,CM,NSE,STK,762717,INE620D01011,INDPRUD,EQ,,,,,INDUSTRIAL & PRU INV CO L,6300.0,6300.0,6180.0,6200.0,6200.0,6220.5,,6207.69,,,22,136480.0,9,F1,1,,,,,
2026-08-27,2026-08-27,CM,NSE,STK,6141,INE697V01011,PANSARI,EQ,,,,,PANSARI DEVELOPERS LTD,324.0,324.0,311.1,315.0,315.0,324.0,,315.0,,,17,5396.05,7,F1,1,,,,,
2026-08-27,2026-08-27,CM,NSE,STK,764573,INE782D01027,ALFREDHE,EQ,,,,,ALFRED HERBERT INDIA L,2900.9,3000.0,2900.9,2910.8,2900.9,2901.8,,2910.8,,,16,47009.0,5,F1,1,,,,,
2026-08-27,2026-08-27,CM,NSE,STK,19496,INE0BTM01013,SECMARK,EQ,,,,,SECMARK CONSULTANCY LTD,128.0,129.4,126.95,126.95,126.95,128.0,,125.98,,,14,1786.05,3,F1,1,,,,,
2026-08-27,2026-08-27,CM,NSE,STK,764758,INE519D01015,LADDERUP,EQ,,,,,LADDERUP FINANCE LTD.,52.9,52.9,52.1,52.1,52.1,53.47,,52.1,,,13,679.68,4,F1,1,,,,,
2026-08-27,2026-08-27,CM,NSE,STK,764850,INE0AK901016,RRECL,EQ,,,,,RDB REAL ESTATE CONS L,136.5,145.0,136.5,145.0,145.0,151.66,,133.9,,,12,1663.5,4,F1,1,,,,,
2026-08-27,2026-08-27,CM,NSE,STK,762879,INE318C01014,SAYAJIHOTL,EQ,,,,,SAYAJI HOTELS LTD.,333.0,333.0,318.0,332.0,332.0,320.1,,333.3,,,8,2603.6,6,F1,1,,,,,
2026-08-27,2026-08-27,CM,NSE,STK,18727,INE885F01015,MASKINVEST,EQ,,,,,MASK INVESTMENTS LIMITED,151.72,151.72,145.0,146.3,145.0,151.72,,146.3,,,7,1051.2,3,F1,1,,,,,
2026-08-27,2026-08-27,CM,NSE,STK,765090,INE398L01017,KANCOTEA,EQ,,,,,KANCO TEA & INDS. LTD.,57.9,57.9,56.35,56.35,56.35,56.35,,56.35,,,6,339.65,2,F1,1,,,,,
2026-08-27,2026-08-27,CM,NSE,STK,762658,INE927X01018,ELCIDIN,EQ,,,,,ELCID INVESTMENTS LTD.,108455.0,109800.0,108450.0,109130.0,109800.0,109000.0,,109664.98,,,4,435160.0,4,F1,1,,,,,
2026-08-27,2026-08-27,CM,NSE,STK,764915,INE167H01014,SIMPLXREA,EQ,,,,,SIMPLEX REALTY LTD.,125.4,130.4,125.4,130.4,130.4,125.4,,132.4,,,3,386.2,3,F1,1,,,,,
2026-08-27,2026-08-27,CM,NSE,STK,764763,INE938C01019,LAKSHMIMIL,EQ,,,,,LAKSHMI MILLS CO. LTD.,8011.0,8298.0,8011.0,8298.0,8298.0,8299.0,,8262.33,,,3,24335.0,3,F1,1,,,,,
2026-08-27,2026-08-27,CM,NSE,STK,764950,INE390D01011,TERAI,EQ,,,,,TERAI TEA CO. LTD.,125.9,125.9,125.9,125.9,125.9,123.28,,118.15,,,1,125.9,1,F1,1,,,,,
2026-08-27,2026-08-27,CM,NSE,STK,764603,INE032E01017,ARYAMAN,EQ,,,,,ARYAMAN FINANCIAL SERV L,625.0,625.0,625.0,625.0,625.0,625.0,,625.5,,,1,625.0,1,F1,1,,,,,
2026-08-27,2026-08-27,CM,NSE,STK,762700,INE214F01026,GRAVISSHO,EQ,,,,,GRAVISS HOSPITALITY LTD.,30.85,30.85,30.85,30.85,30.85,30.92,,30.43,,,1,30.85,1,F1,1,,,,,
