TradDt,BizDt,Sgmt,Src,FinInstrmTp,FinInstrmId,ISIN,TckrSymb,SctySrs,XpryDt,FininstrmActlXpryDt,StrkPric,OptnTp,FinInstrmNm,OpnPric,HghPric,LwPric,ClsPric,LastPric,PrvsClsgPric,UndrlygPric,SttlmPric,OpnIntrst,ChngInOpnIntrst,TtlTradgVol,TtlTrfVal,TtlNbOfTxsExctd,SsnId,NewBrdLotQty,Rmks,Rsvd1,Rsvd2,Rsvd3,Rsvd4
2026-08-28,2026-08-28,CM,NSE,STK,14366,INE669E01016,IDEA,EQ,,,,,VODAFONE IDEA LIMITED,15.03,15.1,14.6,14.68,14.68,14.97,,14.68,,,375500261,5543174651.32,383204,F1,1,,,,,
2026-08-28,2026-08-28,CM,NSE,STK,29124,INE785M01021,PCJEWELLER,EQ,,,,,PC JEWELLER LTD,10.95,11.25,10.83,10.94,10.92,11.01,,10.94,,,360417197,3963334519.61,81595,F1,1,,,,,
2026-08-28,2026-08-28,CM,NSE,STK,1491,INE039A01010,IFCI,EQ,,,,,IFCI LTD,84.27,92.45,83.57,89.96,90.2,84.27,,89.96,,,139340453,12446613321.01,325702,F1,1,,,,,
2026-08-28,2026-08-28,CM,NSE,STK,17675,INE270A01029,ALOKINDS,EQ,,,,,ALOK INDUSTRIES LIMITED,10.49,10.49,9.16,9.24,9.23,10.43,,9.24,,,85131255,810784310.71,56499,F1,1,,,,,
2026-08-28,2026-08-28,CM,NSE,STK,24777,INE0LXG01040,OLAELEC,EQ,,,,,OLA ELECTRIC MOBILITY LTD,38.0,39.77,37.45,38.98,38.83,37.63,,38.98,,,78463929,3052324435.07,125161,F1,1,,,,,
2026-08-28,2026-08-28,CM,NSE,STK,21428,INF277KA1984,TATSILV,EQ,,,,,TATAAML-TATSILV,23.5,23.52,22.39,23.37,23.36,22.97,,23.37,,,73180946,1699481123.02,43678,F1,1,,,,,
2026-08-28,2026-08-28,CM,NSE,STK,11915,INE528G01035,YESBANK,EQ,,,,,YES BANK LIMITED,22.31,22.36,22.01,22.1,22.1,22.26,,22.1,,,63531708,1406070905.0,64302,F1,1,,,,,
2026-08-28,2026-08-28,CM,NSE,STK,27052,INE0W2G01015,SAGILITY,EQ,,,,,SAGILITY LIMITED,44.39,46.4,44.3,46.34,46.34,44.27,,46.35,,,60764265,2784332343.18,95538,F1,1,,,,,
2026-08-28,2026-08-28,CM,NSE,STK,15308,INE964H01014,SEPC,EQ,,,,,SEPC LIMITED,5.71,5.83,5.5,5.56,5.54,5.71,,5.56,,,59773560,334627130.37,24068,F1,1,,,,,
2026-08-28,2026-08-28,CM,NSE,STK,14180,INE0NNS01018,NSLNISP,EQ,,,,,NMDC STEEL LIMITED,44.99,49.4,44.78,49.02,48.75,44.99,,49.02,,,57456853,2743402307.69,109550,F1,1,,,,,
2026-08-28,2026-08-28,CM,NSE,STK,11992,INE312C01025,SYNCOMF,EQ,,,,,SYNCOM FORMU (I) LTD,17.67,20.38,17.26,19.46,19.65,17.34,,19.46,,,57135698,1108743520.89,270783,F1,1,,,,,
2026-08-28,2026-08-28,CM,NSE,STK,759806,INE0HOQ01053,GROWW,EQ,,,,,BILLIONBRAINS GARAGE VN L,196.5,196.75,189.7,191.46,191.58,196.84,,191.46,,,53275950,10230639015.65,319137,F1,1,,,,,
2026-08-28,2026-08-28,CM,NSE,STK,308,INE306A01021,BAJAJHIND,EQ,,,,,BAJAJ HINDUSTHAN SUGAR LT,21.13,22.08,21.13,21.67,21.89,21.11,,21.67,,,51508959,1114909542.15,66394,F1,1,,,,,
2026-08-28,2026-08-28,CM,NSE,STK,765426,INE1KZI01025,TEMPSENS,EQ,,,,,TEMPSENS INST (INDIA) LTD,634.0,634.85,551.15,586.65,590.6,300.0,,586.66,,,51084119,30363197674.25,821540,F1,1,,,,,
2026-08-28,2026-08-28,CM,NSE,STK,8954,INE517B01013,TTML,EQ,,,,,TATA TELESERV(MAHARASTRA),36.46,40.5,36.44,38.84,39.0,36.46,,38.85,,,50962825,2007271101.45,103945,F1,1,,,,,
2026-08-28,2026-08-28,CM,NSE,STK,21794,INE179G01029,DAVANGERE,EQ,,,,,DAVANGERE SUGAR COMPANY L,1.95,2.17,1.95,2.09,2.1,2.12,,2.09,,,50635098,104542506.41,11200,F1,1,,,,,
2026-08-28,2026-08-28,CM,NSE,STK,750368,INE704J01044,VOGL,EQ,,,,,VEDANTA OIL AND GAS LTD,41.9,42.7,40.12,40.32,40.39,41.98,,40.32,,,50083778,2058628253.7,84956,F1,1,,,,,
2026-08-28,2026-08-28,CM,NSE,STK,2963,INE114A01011,SAIL,EQ,,,,,STEEL AUTHORITY OF INDIA,193.05,200.96,192.55,200.0,200.0,193.0,,199.99,,,48585004,9638242953.83,118490,F1,1,,,,,
2026-08-28,2026-08-28,CM,NSE,STK,21131,INE010J01012,TEJASNET,EQ,,,,,TEJAS NETWORKS LIMITED,538.0,576.85,538.0,550.15,549.0,511.15,,550.2,,,43164679,24188150337.7,534714,F1,1,,,,,
2026-08-28,2026-08-28,CM,NSE,STK,1375,INE549A01026,HCC,EQ,,,,,HINDUSTAN CONSTRUCTION CO,25.25,25.59,24.5,24.64,24.69,25.1,,24.64,,,41624710,1038297306.03,44159,F1,1,,,,,
2026-08-28,2026-08-28,CM,NSE,STK,3499,INE081A01020,TATASTEEL,EQ,,,,,TATA STEEL LIMITED,187.6,188.79,184.08,186.5,186.5,186.8,,186.49,,,39370394,7309368090.87,123995,F1,1,,,,,
2026-08-28,2026-08-28,CM,NSE,STK,2259,INE083A01026,MOREPENLAB,EQ,,,,,MOREPEN LAB. LTD,96.74,106.37,96.06,106.19,106.37,96.7,,106.19,,,39001643,4003933223.55,107502,F1,1,,,,,
2026-08-28,2026-08-28,CM,NSE,STK,20374,INE522F01014,COALINDIA,EQ,,,,,COAL INDIA LTD,401.0,406.35,397.5,401.0,401.0,400.0,,401.0,,,38504284,15368913982.35,132542,F1,1,,,,,
2026-08-28,2026-08-28,CM,NSE,STK,5097,INE758T01015,ETERNAL,EQ,,,,,ETERNAL LIMITED,329.1,330.0,324.3,328.0,328.0,328.5,,328.0,,,31385139,10277203991.1,156665,F1,1,,,,,
2026-08-28,2026-08-28,CM,NSE,STK,12026,INE087H01022,RENUKA,EQ,,,,,SHREE RENUKA SUGARS LTD,23.63,24.79,23.55,24.14,24.19,23.43,,24.14,,,30588379,740648721.24,43478,F1,1,,,,,
2026-08-28,2026-08-28,CM,NSE,STK,20329,INE180C01042,CGCL,EQ,,,,,CAPRI GLOBAL CAPITAL LTD,245.0,263.56,244.1,257.98,257.55,244.8,,257.97,,,29680127,7479825121.16,118337,F1,1,,,,,
2026-08-28,2026-08-28,CM,NSE,STK,764397,INE0OWZ01020,MVELECTRO,EQ,,,,,MV ELECTROSYSTEMS LIMITED,649.9,768.0,638.5,719.55,728.0,646.8,,719.64,,,28262303,20373038929.55,493343,F1,1,,,,,
2026-08-28,2026-08-28,CM,NSE,STK,14853,INE800H01010,OMAXE,EQ,,,,,OMAXE LIMITED,112.16,134.3,111.81,131.74,132.0,113.38,,131.76,,,24953289,3174468629.57,145066,F1,1,,,,,
2026-08-28,2026-08-28,CM,NSE,STK,13745,INE221H01019,GTLINFRA,EQ,,,,,GTL INFRA.LTD,1.21,1.23,1.2,1.2,1.21,1.2,,1.2,,,24825816,30043226.2,5260,F1,1,,,,,
2026-08-28,2026-08-28,CM,NSE,STK,765361,INE0K9O01026,LALITHAA,EQ,,,,,LALITHAA JEWELLERY MART L,247.35,267.9,245.52,265.24,267.15,246.23,,265.27,,,24374432,6328794557.94,194690,F1,1,,,,,
2026-08-28,2026-08-28,CM,NSE,STK,20788,INE0FRK01020,MOTISONS,EQ,,,,,MOTISONS JEWELLERS LTD,16.44,16.73,16.11,16.64,16.66,16.27,,16.64,,,23963671,395888290.03,29153,F1,1,,,,,
2026-08-28,2026-08-28,CM,NSE,STK,12018,INE040H01021,SUZLON,EQ,,,,,SUZLON ENERGY LIMITED,46.69,47.05,46.5,46.79,46.79,46.81,,46.79,,,23944393,1120085921.24,54137,F1,1,,,,,
2026-08-28,2026-08-28,CM,NSE,STK,13528,INE776C01039,GMRAIRPORT,EQ,,,,,GMR AIRPORTS LIMITED,99.3,99.35,98.11,98.31,98.31,98.68,,98.31,,,23296240,2299219463.78,30637,F1,1,,,,,
2026-08-28,2026-08-28,CM,NSE,STK,759062,INE0KKN01029,RHETAN,EQ,,,,,RHETAN TMT LIMITED,21.34,22.39,20.17,20.31,20.3,21.23,,20.31,,,22750054,476349542.51,32859,F1,1,,,,,
2026-08-28,2026-08-28,CM,NSE,STK,13501,INE418H01029,ALLCARGO,EQ,,,,,ALLCARGO LOGISTICS LTD,12.6,12.83,12.02,12.19,12.17,12.57,,12.19,,,21895655,270984706.03,25841,F1,1,,,,,
2026-08-28,2026-08-28,CM,NSE,STK,3812,INE256A01028,ZEEL,EQ,,,,,ZEE ENTERTAINMENT ENT LTD,105.2,106.24,100.85,101.51,101.85,103.98,,101.51,,,20423986,2101592330.04,63664,F1,1,,,,,
2026-08-28,2026-08-28,CM,NSE,STK,750290,INE1CLE01013,VISL,EQ,,,,,VEDANTA IRON AND STEEL L,38.7,39.59,38.4,38.59,38.6,38.85,,38.59,,,20299879,788647162.74,41697,F1,1,,,,,
2026-08-28,2026-08-28,CM,NSE,STK,11763,INE351F01018,JPPOWER,EQ,,,,,JAIPRAKASH POWER VEN. LTD,16.94,16.98,16.76,16.82,16.81,16.92,,16.82,,,19545803,329083902.19,90341,F1,1,,,,,
2026-08-28,2026-08-28,CM,NSE,STK,3063,INE205A01025,VEDL,EQ,,,,,VEDANTA LIMITED,283.7,289.5,282.4,287.95,287.95,281.0,,287.92,,,19438996,5580101265.65,107450,F1,1,,,,,
2026-08-28,2026-08-28,CM,NSE,STK,1922,INE237A01036,KOTAKBANK,EQ,,,,,KOTAK MAHINDRA BANK LTD,424.6,426.2,421.0,423.7,423.7,424.2,,423.7,,,18952918,8036634828.2,166948,F1,1,,,,,
2026-08-28,2026-08-28,CM,NSE,STK,7287,INE391J01032,JTLIND,EQ,,,,,JTL INDUSTRIES LIMITED,83.37,91.01,82.83,89.87,89.6,82.57,,89.87,,,18590394,1640218531.42,79438,F1,1,,,,,
2026-08-28,2026-08-28,CM,NSE,STK,13430,INE164B01030,KELLTONTEC,EQ,,,,,KELLTON TECH SOL LTD,14.86,15.7,14.81,15.07,14.9,14.86,,15.07,,,18231630,279820823.0,46165,F1,1,,,,,
2026-08-28,2026-08-28,CM,NSE,STK,1190,INE529A01010,FMGOETZE,EQ,,,,,FEDERAL-MOGUL GOETZE (IND,576.15,614.8,561.95,602.05,609.0,545.55,,602.01,,,18185623,10823493241.65,259520,F1,1,,,,,
2026-08-28,2026-08-28,CM,NSE,STK,760946,INE2KCE01013,KWIL,EQ,,,,,KWALITY WALL'S (INDIA) L,46.52,47.47,45.2,45.55,45.55,46.35,,45.55,,,18050967,837085035.8,34208,F1,1,,,,,
2026-08-28,2026-08-28,CM,NSE,STK,17520,INE399K01017,RTNPOWER,EQ,,,,,RATTANINDIA POWER LIMITED,7.89,8.0,7.79,7.95,7.97,7.83,,7.95,,,17525647,138686397.02,11865,F1,1,,,,,
2026-08-28,2026-08-28,CM,NSE,STK,21951,INE548A01028,HFCL,EQ,,,,,HFCL LIMITED,246.4,255.1,245.55,251.47,252.2,245.84,,251.47,,,17035686,4270869036.68,101581,F1,1,,,,,
2026-08-28,2026-08-28,CM,NSE,STK,1333,INE040A01034,HDFCBANK,EQ,,,,,HDFC BANK LTD,710.85,720.3,707.0,720.3,720.3,711.0,,720.29,,,16494301,11796010616.7,221663,F1,1,,,,,
2026-08-28,2026-08-28,CM,NSE,STK,759723,INE0LP301011,PWL,EQ,,,,,PHYSICSWALLAH LIMITED,124.68,124.74,118.25,119.46,119.3,124.09,,119.46,,,16232251,1947488502.57,90556,F1,1,,,,,
2026-08-28,2026-08-28,CM,NSE,STK,9480,INE0J1Y01017,LICI,EQ,,,,,LIFE INSURA CORP OF INDIA,416.8,422.0,409.5,422.0,422.0,413.95,,422.0,,,16058167,6670327783.2,67262,F1,1,,,,,
2026-08-28,2026-08-28,CM,NSE,STK,14255,INE891D01026,REDINGTON,EQ,,,,,REDINGTON LIMITED,360.0,378.5,360.0,366.0,366.5,358.4,,366.0,,,16023073,5957194959.15,176308,F1,1,,,,,
2026-08-28,2026-08-28,CM,NSE,STK,758968,INE0Y8W01025,AHCL,EQ,,,,,ANLON HEALTHCARE LIMITED,15.6,16.87,15.26,15.91,15.89,15.6,,15.91,,,15441669,251260656.3,55557,F1,1,,,,,
2026-08-28,2026-08-28,CM,NSE,STK,18520,INE509F01029,CUPID,EQ,,,,,CUPID LIMITED,278.2,287.94,274.25,282.33,282.28,276.65,,282.34,,,15411651,4354016664.0,139501,F1,1,,,,,
2026-08-28,2026-08-28,CM,NSE,STK,1660,INE154A01025,ITC,EQ,,,,,ITC LTD,269.0,269.0,264.8,266.0,266.0,269.0,,266.0,,,15200847,4042397933.7,204924,F1,1,,,,,
2026-08-28,2026-08-28,CM,NSE,STK,7672,INE172N01012,IMAGICAA,EQ,,,,,IMAGICAAWORLD ENT LTD,60.03,62.0,57.01,58.07,58.2,60.21,,58.07,,,14845101,884995130.54,52973,F1,1,,,,,
2026-08-28,2026-08-28,CM,NSE,STK,3787,INE075A01022,WIPRO,EQ,,,,,WIPRO LTD,178.25,181.85,178.25,180.95,180.95,176.4,,180.92,,,14686269,2647612449.73,78138,F1,1,,,,,
2026-08-28,2026-08-28,CM,NSE,STK,765272,INE00IT01020,MILKYMIST,EQ,,,,,MILKY MIST DAIRY FOOD L,215.0,217.26,210.1,214.31,215.9,217.31,,214.33,,,14621198,3123066464.19,97559,F1,1,,,,,
2026-08-28,2026-08-28,CM,NSE,STK,757645,INE0LEZ01016,ATHERENERG,EQ,,,,,ATHER ENERGY LIMITED,1523.7,1630.0,1523.7,1616.3,1616.3,1495.3,,1616.22,,,14538878,23141900172.5,350831,F1,1,,,,,
2026-08-28,2026-08-28,CM,NSE,STK,23647,INE185E01021,FILATFASH,EQ,,,,,FILATEX FASHIONS LIMITED,0.19,0.19,0.18,0.18,0.19,0.18,,0.18,,,14509523,2657847.14,1486,F1,1,,,,,
2026-08-28,2026-08-28,CM,NSE,STK,17388,INE814H01029,ADANIPOWER,EQ,,,,,ADANI POWER LTD,215.92,216.5,210.91,212.63,212.63,215.0,,212.63,,,14256352,3029384925.5,75985,F1,1,,,,,
2026-08-28,2026-08-28,CM,NSE,STK,11184,INE092T01019,IDFCFIRSTB,EQ,,,,,IDFC FIRST BANK LIMITED,83.79,84.23,82.95,83.12,83.12,83.8,,83.12,,,14247602,1188291105.47,52105,F1,1,,,,,
2026-08-28,2026-08-28,CM,NSE,STK,15332,INE584A01023,NMDC,EQ,,,,,NMDC LTD.,86.03,87.59,86.0,86.76,86.76,85.72,,86.76,,,14224538,1233606090.93,39926,F1,1,,,,,
2026-08-28,2026-08-28,CM,NSE,STK,10794,INE476A01022,CANBK,EQ,,,,,CANARA BANK,128.15,129.06,127.25,128.35,128.35,128.14,,128.35,,,13970144,1787588307.56,47694,F1,1,,,,,
2026-08-28,2026-08-28,CM,NSE,STK,15649,INE0ALR01029,ATALREAL,EQ,,,,,ATAL REALTECH LIMITED,35.35,36.0,34.71,35.51,35.5,35.13,,35.51,,,13592636,480456190.5,7126,F1,1,,,,,
2026-08-28,2026-08-28,CM,NSE,STK,750518,INE694L01019,VEDPOWER,EQ,,,,,VEDANTA POWER LIMITED,37.65,37.75,36.51,36.64,36.75,37.5,,36.64,,,13250516,488389723.13,41648,F1,1,,,,,
2026-08-28,2026-08-28,CM,NSE,STK,765282,INE0FOO01011,SHIPROCKET,EQ,,,,,SHIPROCKET LIMITED,132.1,132.3,124.0,125.4,125.45,132.09,,125.4,,,12606030,1608693904.28,61741,F1,1,,,,,
2026-08-28,2026-08-28,CM,NSE,STK,5352,INE0GFE01026,EXXARO,EQ,,,,,EXXARO TILES LIMITED,6.2,7.42,6.2,7.41,7.42,6.19,,7.41,,,12072793,89078952.96,6423,F1,1,,,,,
2026-08-28,2026-08-28,CM,NSE,STK,6198,INE045J01034,FCL,EQ,,,,,FINEOTEX CHEMICAL LIMITED,48.65,50.49,47.81,50.03,49.95,48.49,,50.03,,,11903879,587617946.69,28478,F1,1,,,,,
2026-08-28,2026-08-28,CM,NSE,STK,4957,INE691Z01023,GANGAFORGE,EQ,,,,,GANGA FORGING LIMITED,1.61,1.66,1.61,1.61,1.61,1.69,,1.61,,,11863316,19111646.96,2644,F1,1,,,,,
2026-08-28,2026-08-28,CM,NSE,STK,212,INE208A01029,ASHOKLEY,EQ,,,,,ASHOK LEYLAND LTD,178.0,178.18,174.81,175.77,175.77,177.4,,175.77,,,11814260,2077528384.38,39809,F1,1,,,,,
2026-08-28,2026-08-28,CM,NSE,STK,765387,INE1B3O01011,SUNSHINE,EQ,,,,,SUNSHINE PICTURES LIMITED,369.4,441.7,369.0,429.75,429.1,368.1,,429.74,,,11491099,4819035481.0,180065,F1,1,,,,,
2026-08-28,2026-08-28,CM,NSE,STK,15259,INE614G01033,RPOWER,EQ,,,,,RELIANCE POWER LTD.,22.82,22.88,22.39,22.45,22.47,22.71,,22.45,,,10849559,244740848.29,22113,F1,1,,,,,
2026-08-28,2026-08-28,CM,NSE,STK,20296,INE482J01021,SHAH,EQ,,,,,SHAH METACORP LIMITED,3.94,3.95,3.63,3.74,3.75,3.78,,3.74,,,10826338,41135716.56,3297,F1,1,,,,,
2026-08-28,2026-08-28,CM,NSE,STK,1164,INE619B01017,NEWGEN,EQ,,,,,NEWGEN SOFTWARE TECH LTD,524.7,575.9,524.7,567.1,566.0,523.0,,567.12,,,10501206,5887260273.1,178725,F1,1,,,,,
2026-08-28,2026-08-28,CM,NSE,STK,1476,INE008A01015,IDBI,EQ,,,,,IDBI BANK LIMITED,92.29,93.8,91.55,92.66,92.7,92.24,,92.66,,,10401965,964178938.46,37615,F1,1,,,,,
2026-08-28,2026-08-28,CM,NSE,STK,17939,INE531E01026,HINDCOPPER,EQ,,,,,HINDUSTAN COPPER LTD,539.0,543.0,530.0,533.55,532.95,536.3,,533.55,,,10119066,5397779859.4,112591,F1,1,,,,,
2026-08-28,2026-08-28,CM,NSE,STK,11377,INE457A01014,MAHABANK,EQ,,,,,BANK OF MAHARASHTRA,84.89,84.89,82.95,83.8,83.8,84.69,,83.81,,,9938458,831436405.05,45589,F1,1,,,,,
2026-08-28,2026-08-28,CM,NSE,STK,25468,INE420C01059,PAISALO,EQ,,,,,PAISALO DIGITAL LIMITED,67.85,68.54,66.82,67.56,67.74,67.83,,67.56,,,9932266,671853409.59,10752,F1,1,,,,,
2026-08-28,2026-08-28,CM,NSE,STK,1594,INE009A01021,INFY,EQ,,,,,INFOSYS LIMITED,1123.6,1145.0,1123.3,1144.0,1144.0,1110.8,,1144.0,,,9621969,10963088036.2,147819,F1,1,,,,,
2026-08-28,2026-08-28,CM,NSE,STK,17400,INE848E01016,NHPC,EQ,,,,,NHPC LTD,76.2,76.39,74.82,74.82,74.82,76.55,,74.83,,,9597848,721524315.57,35590,F1,1,,,,,
2026-08-28,2026-08-28,CM,NSE,STK,760229,INE0VDM01015,MEESHO,EQ,,,,,MEESHO LIMITED,203.85,210.0,201.82,208.63,208.0,207.64,,208.63,,,9520098,1983001163.59,92647,F1,1,,,,,
2026-08-28,2026-08-28,CM,NSE,STK,2606,INE970X01018,LEMONTREE,EQ,,,,,LEMON TREE HOTELS LTD,105.5,108.8,105.12,108.53,108.64,107.69,,108.53,,,9179975,989879758.42,30121,F1,1,,,,,
2026-08-28,2026-08-28,CM,NSE,STK,11905,INE955D01029,GENUSPOWER,EQ,,,,,GENUS POWER INFRASTRU LTD,332.7,353.5,328.3,349.7,352.0,332.2,,349.71,,,8939930,3090093198.6,88291,F1,1,,,,,
2026-08-28,2026-08-28,CM,NSE,STK,760981,INE501X01029,AYE,EQ,,,,,AYE FINANCE LIMITED,182.97,195.0,180.73,183.92,185.15,181.54,,183.93,,,8919813,1672545155.33,75404,F1,1,,,,,
2026-08-28,2026-08-28,CM,NSE,STK,764523,INE00GO01025,LEAPIND,EQ,,,,,LEAP INDIA LIMITED,162.48,169.8,161.85,168.4,169.29,161.77,,168.41,,,8859488,1478846134.7,70327,F1,1,,,,,
2026-08-28,2026-08-28,CM,NSE,STK,11027,INE344S01016,INFOBEAN,EQ,,,,,INFOBEANS TECHNO. LTD.,155.01,183.0,155.01,165.67,167.0,154.65,,165.67,,,8786919,1520255560.19,72280,F1,1,,,,,
2026-08-28,2026-08-28,CM,NSE,STK,4717,INE129A01019,GAIL,EQ,,,,,GAIL (INDIA) LTD,171.7,172.44,170.11,171.1,171.1,172.44,,171.1,,,8706458,1487707265.51,64883,F1,1,,,,,
2026-08-28,2026-08-28,CM,NSE,STK,759084,INE0CAZ01013,URBANCO,EQ,,,,,URBAN COMPANY LIMITED,167.9,171.44,165.91,168.41,168.65,167.36,,168.41,,,8658242,1467378886.04,61759,F1,1,,,,,
2026-08-28,2026-08-28,CM,NSE,STK,4963,INE090A01021,ICICIBANK,EQ,,,,,ICICI BANK LTD.,1435.0,1439.8,1418.9,1422.8,1422.8,1443.0,,1422.87,,,8625738,12314180817.7,87869,F1,1,,,,,
2026-08-28,2026-08-28,CM,NSE,STK,2792,INE07O001026,EASEMYTRIP,EQ,,,,,EASY TRIP PLANNERS LTD,6.11,6.18,6.06,6.12,6.13,6.1,,6.12,,,8588475,52656331.31,4785,F1,1,,,,,
2026-08-28,2026-08-28,CM,NSE,STK,2717,INE372C01037,PRECWIRE,EQ,,,,,PRECISION WIRES INDIA LTD,422.8,507.35,421.7,507.35,507.35,422.8,,507.47,,,8561415,4160789657.35,133706,F1,1,,,,,
2026-08-28,2026-08-28,CM,NSE,STK,10666,INE160A01022,PNB,EQ,,,,,PUNJAB NATIONAL BANK,114.81,115.75,114.42,115.4,115.4,115.4,,115.4,,,8502644,979841598.81,29536,F1,1,,,,,
2026-08-28,2026-08-28,CM,NSE,STK,9741,INE088F01024,PARADEEP,EQ,,,,,PARADEEP PHOSPHATES LTD,161.35,168.0,161.35,165.88,165.25,160.55,,165.87,,,8464938,1403851232.0,71995,F1,1,,,,,
2026-08-28,2026-08-28,CM,NSE,STK,4204,INE775A01035,MOTHERSON,EQ,,,,,SAMVRDHNA MTHRSN INTL LTD,166.78,167.15,164.68,165.6,165.6,166.0,,165.6,,,8444402,1398633129.8,61762,F1,1,,,,,
2026-08-28,2026-08-28,CM,NSE,STK,14334,INE019C01026,HSCL,EQ,,,,,HIMADRI SPECIALITY CHEM L,677.15,683.8,667.65,672.95,675.9,674.35,,672.95,,,8440567,5692797935.6,65459,F1,1,,,,,
2026-08-28,2026-08-28,CM,NSE,STK,3466,INE305A01023,TFCILTD,EQ,,,,,TOURISM FINANCE CORP. OF,142.0,144.62,139.55,140.54,140.95,141.84,,140.54,,,8389884,1190258834.39,24945,F1,1,,,,,
2026-08-28,2026-08-28,CM,NSE,STK,759820,INE15B701018,PINELABS,EQ,,,,,PINE LABS LIMITED,170.5,170.5,164.15,165.07,165.88,169.67,,165.07,,,8248186,1378390893.67,41729,F1,1,,,,,
2026-08-28,2026-08-28,CM,NSE,STK,2987,INE418L01047,NAZARA,EQ,,,,,NAZARA TECHNOLOGIES LTD,354.0,379.4,354.0,374.6,373.9,354.5,,374.59,,,8037749,2983049517.45,76176,F1,1,,,,,
2026-08-28,2026-08-28,CM,NSE,STK,383,INE263A01024,BEL,EQ,,,,,BHARAT ELECTRONICS LTD,410.85,411.9,407.25,411.9,411.9,411.0,,411.84,,,8025382,3286671404.85,65127,F1,1,,,,,
2026-08-28,2026-08-28,CM,NSE,STK,18921,INE200M01039,VBL,EQ,,,,,VARUN BEVERAGES LIMITED,418.65,420.9,412.2,414.0,414.0,418.75,,414.0,,,7918746,3290015171.25,55490,F1,1,,,,,
2026-08-28,2026-08-28,CM,NSE,STK,2955,INE303R01014,KALYANKJIL,EQ,,,,,KALYAN JEWELLERS IND LTD,633.0,635.5,613.0,615.8,615.8,629.3,,615.8,,,7914847,4921500421.7,72981,F1,1,,,,,
2026-08-28,2026-08-28,CM,NSE,STK,2475,INE213A01029,ONGC,EQ,,,,,OIL AND NATURAL GAS CORP.,233.35,233.39,231.25,232.25,232.25,232.0,,232.25,,,7638954,1773287983.14,90402,F1,1,,,,,
2026-08-28,2026-08-28,CM,NSE,STK,18226,INE949H01023,MANINFRA,EQ,,,,,MAN INFRA LTD,116.02,123.45,116.02,122.81,122.8,115.46,,122.81,,,7397297,895532721.19,34460,F1,1,,,,,
2026-08-28,2026-08-28,CM,NSE,STK,11630,INE733E01010,NTPC,EQ,,,,,NTPC LTD,329.5,333.1,328.8,330.05,330.05,330.9,,330.05,,,7332490,2427187702.3,81709,F1,1,,,,,
2026-08-28,2026-08-28,CM,NSE,STK,18143,INE758E01017,JIOFIN,EQ,,,,,JIO FIN SERVICES LTD,238.6,240.0,237.6,238.4,238.4,238.1,,238.37,,,7150998,1704698420.75,61321,F1,1,,,,,
2026-08-28,2026-08-28,CM,NSE,STK,14296,INE807F01027,VIYASH,EQ,,,,,VIYASH SCIENTIFIC LIMITED,260.0,268.0,256.95,267.4,267.25,259.5,,267.39,,,7083862,1866778450.9,46725,F1,1,,,,,
2026-08-28,2026-08-28,CM,NSE,STK,18423,INE05CZ01011,RATNAVEER,EQ,,,,,RATNAVEER PRECISION ENG L,297.4,305.25,291.0,294.95,294.0,294.89,,294.96,,,7080185,2106539943.22,45452,F1,1,,,,,
2026-08-28,2026-08-28,CM,NSE,STK,7852,INE066P01011,INOXWIND,EQ,,,,,INOX WIND LIMITED,72.0,72.48,71.27,71.79,71.79,72.0,,71.78,,,7058151,505649683.0,28457,F1,1,,,,,
2026-08-28,2026-08-28,CM,NSE,STK,765356,INE685T01010,HORIZONIND,EQ,,,,,HORIZON INDUSTRIAL PRKS L,56.78,58.7,56.6,58.05,57.5,56.78,,58.07,,,6908806,399914789.5,26446,F1,1,,,,,
2026-08-28,2026-08-28,CM,NSE,STK,15228,INE551W01018,UJJIVANSFB,EQ,,,,,UJJIVAN SMALL FINANC BANK,68.7,69.23,67.6,67.85,67.79,68.57,,67.85,,,6875259,469422585.77,33424,F1,1,,,,,
2026-08-28,2026-08-28,CM,NSE,STK,2029,INE053F01010,IRFC,EQ,,,,,INDIAN RAILWAY FIN CORP L,84.65,84.99,83.65,83.9,83.9,84.65,,83.88,,,6872970,579111218.01,47245,F1,1,,,,,
2026-08-28,2026-08-28,CM,NSE,STK,2885,INE002A01018,RELIANCE,EQ,,,,,RELIANCE INDUSTRIES LTD,1284.9,1291.8,1280.0,1287.0,1287.0,1282.2,,1286.96,,,6830228,8773545135.7,166675,F1,1,,,,,
2026-08-28,2026-08-28,CM,NSE,STK,31415,INE095N01031,NBCC,EQ,,,,,NBCC (INDIA) LIMITED,89.1,89.28,87.15,87.5,87.5,88.6,,87.5,,,6704520,590293663.86,26336,F1,1,,,,,
2026-08-28,2026-08-28,CM,NSE,STK,764480,INE0XNF01022,ARDEE,EQ,,,,,ARDEE INDUSTRIES LIMITED,59.96,61.96,58.78,61.16,61.5,59.28,,61.16,,,6521624,395240532.54,25408,F1,1,,,,,
2026-08-28,2026-08-28,CM,NSE,STK,14894,INE483A01010,CENTRALBK,EQ,,,,,CENTRAL BANK OF INDIA,30.67,30.77,30.37,30.54,30.59,30.65,,30.54,,,6429357,196092604.9,18644,F1,1,,,,,
2026-08-28,2026-08-28,CM,NSE,STK,16822,INE0LOJ01019,IKIO,EQ,,,,,IKIO TECHNOLOGIES LIMITED,186.14,217.7,186.14,213.72,215.2,186.14,,213.75,,,6393359,1357430087.41,68918,F1,1,,,,,
2026-08-28,2026-08-28,CM,NSE,STK,16249,INE483S01020,CCAVENUE,EQ,,,,,AVENUESAI LIMITED,15.25,15.52,15.2,15.27,15.27,15.22,,15.27,,,6373496,97581398.8,8887,F1,1,,,,,
2026-08-28,2026-08-28,CM,NSE,STK,750174,INE1CDF01017,VAML,EQ,,,,,VEDANTA ALUMINIUM METAL L,455.9,460.7,452.4,456.15,456.5,454.45,,456.15,,,6349673,2895985162.05,98651,F1,1,,,,,
2026-08-28,2026-08-28,CM,NSE,STK,14299,INE134E01011,PFC,EQ,,,,,POWER FIN CORP LTD.,356.0,356.0,350.2,352.0,352.0,355.85,,352.0,,,6299577,2216248443.85,69166,F1,1,,,,,
2026-08-28,2026-08-28,CM,NSE,STK,1424,INE267A01025,HINDZINC,EQ,,,,,HINDUSTAN ZINC LIMITED,615.7,624.35,607.8,622.0,622.0,610.1,,622.0,,,6227595,3839933737.7,66474,F1,1,,,,,
2026-08-28,2026-08-28,CM,NSE,STK,759782,INE1TAE01010,TMCV,EQ,,,,,TATA MOTORS LIMITED,474.75,474.85,462.65,466.3,467.1,473.1,,466.3,,,6189661,2888592499.85,76180,F1,1,,,,,
2026-08-28,2026-08-28,CM,NSE,STK,10604,INE397D01024,BHARTIARTL,EQ,,,,,BHARTI AIRTEL LIMITED,1875.7,1894.3,1867.6,1882.4,1882.4,1878.3,,1882.4,,,6106300,11480659564.2,133052,F1,1,,,,,
2026-08-28,2026-08-28,CM,NSE,STK,759605,INE956O01016,LENSKART,EQ,,,,,LENSKART SOLUTIONS LTD,645.0,648.0,635.75,636.15,636.1,640.6,,636.15,,,6054352,3875719542.05,154870,F1,1,,,,,
2026-08-28,2026-08-28,CM,NSE,STK,8596,INE0FS801015,MSUMI,EQ,,,,,MOTHERSON SUMI WRNG IND L,37.92,37.98,37.53,37.74,37.68,37.92,,37.74,,,6037911,227995728.28,36140,F1,1,,,,,
2026-08-28,2026-08-28,CM,NSE,STK,676,INE302A01020,EXIDEIND,EQ,,,,,EXIDE INDUSTRIES LTD,438.05,457.9,437.75,444.6,443.5,437.75,,444.61,,,6027670,2711319063.0,80903,F1,1,,,,,
2026-08-28,2026-08-28,CM,NSE,STK,23056,INE0MB501011,JGCHEM,EQ,,,,,J.G.CHEMICALS LIMITED,589.9,675.0,586.45,651.3,658.0,585.5,,651.39,,,5912922,3878595436.95,149333,F1,1,,,,,
2026-08-28,2026-08-28,CM,NSE,STK,3456,INE155A01022,TMPV,EQ,,,,,TATA MOTORS PASS VEH LTD,317.5,319.4,313.3,319.4,319.4,316.0,,319.36,,,5852894,1850137730.6,53789,F1,1,,,,,
2026-08-28,2026-08-28,CM,NSE,STK,438,INE257A01026,BHEL,EQ,,,,,BHEL,434.0,436.65,427.0,430.85,430.85,433.95,,430.84,,,5837847,2515880760.6,58385,F1,1,,,,,
2026-08-28,2026-08-28,CM,NSE,STK,24999,INE126M01010,IBULLSLTD,EQ,,,,,INDIABULLS LIMITED,26.45,26.5,25.82,26.31,26.3,26.11,,26.31,,,5773711,150570417.6,10603,F1,1,,,,,
2026-08-28,2026-08-28,CM,NSE,STK,20642,INE247D01039,JINDWORLD,EQ,,,,,JINDAL WORLDWIDE LTD,37.01,38.67,37.01,37.86,38.0,36.83,,37.86,,,5772657,218407185.09,13347,F1,1,,,,,
2026-08-28,2026-08-28,CM,NSE,STK,6792,INE04AK01028,SBC,EQ,,,,,SBC EXPORTS LIMITED,41.65,42.24,41.42,41.93,42.14,41.45,,41.92,,,5763946,240083512.2,8529,F1,1,,,,,
2026-08-28,2026-08-28,CM,NSE,STK,17094,INE299U01018,CROMPTON,EQ,,,,,CROMPT GREA CON ELEC LTD,240.0,240.0,230.7,233.0,233.0,237.9,,233.0,,,5656422,1317238819.8,50707,F1,1,,,,,
2026-08-28,2026-08-28,CM,NSE,STK,757614,INE0H9P01028,ARIS,EQ,,,,,ARISINFRA SOLUTIONS LTD,143.25,153.25,143.25,151.31,151.2,143.89,,151.31,,,5643850,848393325.61,30342,F1,1,,,,,
2026-08-28,2026-08-28,CM,NSE,STK,9683,INE04I401011,KPITTECH,EQ,,,,,KPIT TECHNOLOGIES LIMITED,590.0,613.45,589.4,609.4,609.4,588.0,,609.33,,,5637989,3420884428.35,75088,F1,1,,,,,
2026-08-28,2026-08-28,CM,NSE,STK,761469,INE12UN01015,SHADOWFAX,EQ,,,,,SHADOWFAX TECHNOLOGIES L,238.6,247.89,238.1,245.36,245.75,238.6,,245.38,,,5614024,1374308729.41,50979,F1,1,,,,,
2026-08-28,2026-08-28,CM,NSE,STK,11543,INE591G01025,COFORGE,EQ,,,,,COFORGE LIMITED,1915.0,2016.5,1911.0,2014.6,2014.6,1901.8,,2014.58,,,5516587,10933987674.3,172421,F1,1,,,,,
2026-08-28,2026-08-28,CM,NSE,STK,2124,INE759A01021,MASTEK,EQ,,,,,MASTEK LTD,1615.0,1933.9,1615.0,1901.4,1933.9,1611.6,,1901.6,,,5449060,10028772572.9,228186,F1,1,,,,,
2026-08-28,2026-08-28,CM,NSE,STK,764312,INE0NG701011,XTRANET,EQ,,,,,XTRANET TECHNOLOGIES LTD,165.0,197.11,163.0,197.11,197.11,164.26,,197.47,,,5428284,1019389036.4,40068,F1,1,,,,,
2026-08-28,2026-08-28,CM,NSE,STK,11571,INE0DK501011,PPLPHARMA,EQ,,,,,PIRAMAL PHARMA LIMITED,215.4,220.0,214.61,218.68,217.9,214.95,,218.68,,,5418446,1181851387.5,47935,F1,1,,,,,
2026-08-28,2026-08-28,CM,NSE,STK,765396,INE18UN01038,GAJA,EQ,,,,,GAJA ALT ASSET MGT LTD,165.13,170.4,156.91,158.66,158.8,165.13,,158.64,,,5358385,878682405.05,46651,F1,1,,,,,
2026-08-28,2026-08-28,CM,NSE,STK,22947,INE777F01014,EXICOM,EQ,,,,,EXICOM TELE SYSTEMS LTD,156.15,171.39,156.15,167.93,169.0,156.14,,167.93,,,5278089,885110913.42,47574,F1,1,,,,,
2026-08-28,2026-08-28,CM,NSE,STK,27969,INE01EA01019,VMM,EQ,,,,,VISHAL MEGA MART LIMITED,108.5,108.5,107.0,107.0,107.0,108.0,,107.0,,,5132761,551768853.02,32508,F1,1,,,,,
2026-08-28,2026-08-28,CM,NSE,STK,3048,INE109A01011,SCI,EQ,,,,,SHIPPING CORP OF INDIA LT,294.25,303.7,294.2,299.05,299.5,292.55,,299.04,,,5131992,1542683398.1,50483,F1,1,,,,,
2026-08-28,2026-08-28,CM,NSE,STK,14977,INE752E01010,POWERGRID,EQ,,,,,POWER GRID CORP. LTD.,266.05,267.35,265.05,266.05,266.05,264.9,,266.16,,,5112511,1362102627.4,37454,F1,1,,,,,
2026-08-28,2026-08-28,CM,NSE,STK,15313,INE821I01022,IRB,EQ,,,,,IRB INFRA DEV LTD.,19.25,19.41,19.04,19.07,19.08,19.32,,19.07,,,5016562,96373624.12,14168,F1,1,,,,,
2026-08-28,2026-08-28,CM,NSE,STK,25426,INE850M01015,NORTHARC,EQ,,,,,NORTHERN ARC CAPITAL LTD,287.95,292.0,283.5,285.75,287.7,286.3,,285.75,,,4983190,1428423603.05,663207,F1,1,,,,,
2026-08-28,2026-08-28,CM,NSE,STK,3045,INE062A01020,SBIN,EQ,,,,,STATE BANK OF INDIA,1046.0,1051.2,1040.5,1047.5,1047.5,1042.9,,1047.47,,,4969272,5201768412.6,90209,F1,1,,,,,
2026-08-28,2026-08-28,CM,NSE,STK,761386,INE415B01044,MARSONS,EQ,,,,,MARSONS LIMITED,126.4,136.5,125.3,133.17,136.0,125.54,,133.19,,,4963629,634029493.88,20190,F1,1,,,,,
2026-08-28,2026-08-28,CM,NSE,STK,27066,INE00H001014,SWIGGY,EQ,,,,,SWIGGY LIMITED,284.7,284.7,280.1,280.5,280.5,284.7,,280.5,,,4825338,1363668976.75,50573,F1,1,,,,,
2026-08-28,2026-08-28,CM,NSE,STK,19585,INE118H01025,BSE,EQ,,,,,BSE LIMITED,3313.0,3410.0,3303.0,3405.0,3405.0,3328.0,,3405.0,,,4774200,16139117711.6,140695,F1,1,,,,,
2026-08-28,2026-08-28,CM,NSE,STK,526,INE029A01011,BPCL,EQ,,,,,BHARAT PETROLEUM CORP  LT,318.0,319.9,316.0,319.25,319.25,318.0,,319.22,,,4733069,1504466755.0,30824,F1,1,,,,,
2026-08-28,2026-08-28,CM,NSE,STK,4745,INE084A01016,BANKINDIA,EQ,,,,,BANK OF INDIA,144.89,144.89,142.7,144.0,144.0,144.6,,144.0,,,4694456,673716025.9,31540,F1,1,,,,,
2026-08-28,2026-08-28,CM,NSE,STK,765382,INE1WFC01025,SHANKESH,EQ,,,,,SHANKESH JEWELLERS LTD,89.69,92.56,87.25,91.73,92.5,89.69,,91.72,,,4645174,419288803.92,26252,F1,1,,,,,
2026-08-28,2026-08-28,CM,NSE,STK,14111,INE870H01013,NETWORK18,EQ,,,,,NETWORK18 MEDIA & INV LTD,29.35,29.42,28.46,28.8,28.7,29.14,,28.79,,,4626567,133835448.1,12125,F1,1,,,,,
2026-08-28,2026-08-28,CM,NSE,STK,30108,INE647O01011,ABFRL,EQ,,,,,ADITYA BIRLA FASHION & RT,54.0,54.0,52.21,52.49,52.59,53.64,,52.49,,,4611357,244508084.86,18625,F1,1,,,,,
2026-08-28,2026-08-28,CM,NSE,STK,317,INE296A01032,BAJFINANCE,EQ,,,,,BAJAJ FINANCE LIMITED,1065.7,1081.5,1065.7,1079.9,1079.9,1083.0,,1079.89,,,4554311,4893465405.2,72226,F1,1,,,,,
2026-08-28,2026-08-28,CM,NSE,STK,20261,INE202E01016,IREDA,EQ,,,,,INDIAN RENEWABLE ENERGY,117.0,117.9,115.77,117.02,117.02,117.4,,117.06,,,4510429,526895421.27,38298,F1,1,,,,,
2026-08-28,2026-08-28,CM,NSE,STK,11667,INE366A01041,DWARKESH,EQ,,,,,DWARIKESH SUGAR IND LTD,51.87,53.89,50.97,51.89,52.41,51.18,,51.89,,,4452694,232915072.69,18049,F1,1,,,,,
2026-08-28,2026-08-28,CM,NSE,STK,20413,INE485C01029,IOLCP,EQ,,,,,IOL CHEM AND PHARMA LTD,193.89,197.0,190.1,194.95,193.9,193.07,,194.94,,,4410316,855325457.33,35484,F1,1,,,,,
2026-08-28,2026-08-28,CM,NSE,STK,14003,INE966H01019,ZEEMEDIA,EQ,,,,,ZEE MEDIA CORPORATION LTD,8.65,9.2,8.65,8.93,8.96,8.61,,8.93,,,4361082,39048786.39,6650,F1,1,,,,,
2026-08-28,2026-08-28,CM,NSE,STK,4907,INE510A01028,ENGINERSIN,EQ,,,,,ENGINEERS INDIA LTD,247.5,254.59,246.76,253.72,254.0,246.96,,253.73,,,4342151,1096502818.65,63553,F1,1,,,,,
2026-08-28,2026-08-28,CM,NSE,STK,15355,INE020B01018,RECLTD,EQ,,,,,REC LIMITED,320.9,321.95,316.0,316.8,316.8,320.9,,316.8,,,4333649,1380213060.1,37817,F1,1,,,,,
2026-08-28,2026-08-28,CM,NSE,STK,30125,INE148I01020,SAMMAANCAP,EQ,,,,,SAMMAAN CAPITAL LIMITED,148.28,148.74,145.1,145.8,145.7,147.34,,145.8,,,4311399,633810761.79,20048,F1,1,,,,,
2026-08-28,2026-08-28,CM,NSE,STK,4749,INE111A01025,CONCOR,EQ,,,,,CONTAINER CORP OF IND LTD,502.35,520.0,502.35,516.0,516.0,493.05,,516.0,,,4311023,2214786125.45,76983,F1,1,,,,,
2026-08-28,2026-08-28,CM,NSE,STK,3426,INE245A01021,TATAPOWER,EQ,,,,,TATA POWER CO LTD,352.0,352.95,349.25,351.85,351.85,352.0,,351.84,,,4301719,1511254943.9,48953,F1,1,,,,,
2026-08-28,2026-08-28,CM,NSE,STK,762163,INE0LZF01039,CORDELIA,EQ,,,,,WATERWAYS LEISURE TOUR L,105.0,106.95,100.15,105.05,103.75,105.0,,105.04,,,4082279,419219062.15,13138,F1,1,,,,,
2026-08-28,2026-08-28,CM,NSE,STK,2331,INE854B01010,JAYNECOIND,EQ,,,,,JAYASWAL NECO INDUSTR LTD,101.09,102.1,97.31,99.1,99.0,101.09,,99.1,,,4064048,403549023.52,27350,F1,1,,,,,
2026-08-28,2026-08-28,CM,NSE,STK,11536,INE467B01029,TCS,EQ,,,,,TATA CONSULTANCY SERV LT,2272.0,2348.5,2263.3,2342.0,2342.0,2248.4,,2342.07,,,4054069,9437754087.9,155502,F1,1,,,,,
2026-08-28,2026-08-28,CM,NSE,STK,1624,INE242A01010,IOC,EQ,,,,,INDIAN OIL CORP LTD,137.57,137.57,136.23,137.1,137.1,137.57,,137.09,,,4050844,553713749.55,34602,F1,1,,,,,
2026-08-28,2026-08-28,CM,NSE,STK,1997,INE115A01026,LICHSGFIN,EQ,,,,,LIC HOUSING FINANCE LTD,536.0,543.0,531.75,535.0,535.0,535.5,,535.0,,,4033348,2168386824.65,40355,F1,1,,,,,
2026-08-28,2026-08-28,CM,NSE,STK,25835,INE498Q01014,VINCOFE,EQ,,,,,VINTAGE COFFEE N BVRGS L,175.0,181.66,174.11,177.97,176.53,174.65,,177.96,,,4029164,719020322.36,37036,F1,1,,,,,
2026-08-28,2026-08-28,CM,NSE,STK,15129,INE722H01024,RGL,EQ,,,,,RENAISSANCE GLOBAL LTD,134.49,140.9,132.5,139.39,139.0,133.81,,139.38,,,3985843,546256795.19,28758,F1,1,,,,,
2026-08-28,2026-08-28,CM,NSE,STK,2294,INE153A01019,MTNL,EQ,,,,,MAHANAGAR TELEPHONE NIGAM,26.55,28.26,26.46,27.25,27.3,26.56,,27.26,,,3912822,108419931.1,11787,F1,1,,,,,
2026-08-28,2026-08-28,CM,NSE,STK,756090,INE0OC301013,TURTLEMINT,EQ,,,,,TURTLEMINT FINTECH SOLS L,153.62,160.0,148.0,152.65,152.5,153.64,,152.72,,,3794826,587733011.7,40796,F1,1,,,,,
2026-08-28,2026-08-28,CM,NSE,STK,3594,INE694A01020,UNITECH,EQ,,,,,UNITECH LTD,3.95,3.97,3.88,3.9,3.94,3.92,,3.9,,,3787223,14888796.13,1736,F1,1,,,,,
2026-08-28,2026-08-28,CM,NSE,STK,928,INE086A01029,ELECTCAST,EQ,,,,,ELECTROSTEEL CASTINGS LTD,79.0,82.4,78.84,81.5,81.3,78.99,,81.5,,,3779745,305857760.69,18271,F1,1,,,,,
2026-08-28,2026-08-28,CM,NSE,STK,17358,INE735W01017,UTKARSHBNK,EQ,,,,,UTKARSH SMALL FIN BANK L,14.85,14.96,14.53,14.68,14.77,14.92,,14.68,,,3732185,55077342.6,4630,F1,1,,,,,
2026-08-28,2026-08-28,CM,NSE,STK,11223,INE691A01018,UCOBANK,EQ,,,,,UCO BANK,25.55,25.71,25.35,25.48,25.5,25.49,,25.48,,,3624254,92579486.76,11694,F1,1,,,,,
2026-08-28,2026-08-28,CM,NSE,STK,10753,INE692A01016,UNIONBANK,EQ,,,,,UNION BANK OF INDIA,184.7,186.31,184.09,186.0,186.0,184.5,,185.99,,,3617223,669710275.33,29351,F1,1,,,,,
2026-08-28,2026-08-28,CM,NSE,STK,4668,INE028A01039,BANKBARODA,EQ,,,,,BANK OF BARODA,241.15,241.9,239.5,241.9,241.9,241.0,,241.9,,,3571651,858998990.89,30675,F1,1,,,,,
2026-08-28,2026-08-28,CM,NSE,STK,5948,INE683A01023,SOUTHBANK,EQ,,,,,THE SOUTH INDIAN BANK LTD,45.75,46.22,45.3,45.37,45.41,45.73,,45.37,,,3557940,162343006.94,12497,F1,1,,,,,
2026-08-28,2026-08-28,CM,NSE,STK,15068,INE621H01010,RELIGARE,EQ,,,,,RELIGARE ENTER. LTD.,234.0,236.95,228.0,233.05,233.5,234.2,,233.11,,,3498183,811473911.6,14466,F1,1,,,,,
2026-08-28,2026-08-28,CM,NSE,STK,2263,INE545U01014,BANDHANBNK,EQ,,,,,BANDHAN BANK LIMITED,170.03,170.48,167.8,168.25,168.25,169.7,,168.25,,,3469922,585946450.85,44093,F1,1,,,,,
2026-08-28,2026-08-28,CM,NSE,STK,7229,INE860A01027,HCLTECH,EQ,,,,,HCL TECHNOLOGIES LTD,1290.0,1334.2,1290.0,1316.1,1316.1,1282.0,,1316.1,,,3459476,4560031668.3,91276,F1,1,,,,,
2026-08-28,2026-08-28,CM,NSE,STK,342,INE596I01020,CAMS,EQ,,,,,COMPUTER AGE MNGT SER LTD,743.4,762.0,739.0,762.0,762.0,740.9,,761.8,,,3420858,2574553738.9,54804,F1,1,,,,,
2026-08-28,2026-08-28,CM,NSE,STK,13538,INE669C01036,TECHM,EQ,,,,,TECH MAHINDRA LIMITED,1600.0,1642.0,1598.0,1640.9,1640.9,1585.0,,1640.86,,,3415226,5570551817.6,94086,F1,1,,,,,
2026-08-28,2026-08-28,CM,NSE,STK,1023,INE171A01029,FEDERALBNK,EQ,,,,,FEDERAL BANK LTD,343.05,345.85,342.25,344.25,344.25,344.8,,344.25,,,3391019,1166246203.5,96165,F1,1,,,,,
2026-08-28,2026-08-28,CM,NSE,STK,15119,INE532F01054,EDELWEISS,EQ,,,,,EDELWEISS FIN SERV LTD,125.01,127.7,124.07,125.42,125.36,124.61,,125.42,,,3373693,424497747.09,25777,F1,1,,,,,
2026-08-28,2026-08-28,CM,NSE,STK,8529,INE0CU601026,GMRP&UI,EQ,,,,,GMR POW AND URBAN INFRA L,95.3,98.28,92.21,93.35,93.56,94.54,,93.35,,,3307470,313462983.35,34509,F1,1,,,,,
2026-08-28,2026-08-28,CM,NSE,STK,15083,INE742F01042,ADANIPORTS,EQ,,,,,ADANI PORT & SEZ LTD,1712.0,1723.9,1699.2,1707.5,1707.5,1714.0,,1707.49,,,3268356,5591867655.5,89746,F1,1,,,,,
2026-08-28,2026-08-28,CM,NSE,STK,48,INE419U01012,HAPPSTMNDS,EQ,,,,,HAPPIEST MINDS TECHNO LTD,421.1,427.1,404.05,408.0,410.0,420.25,,408.0,,,3267707,1351924020.3,64728,F1,1,,,,,
2026-08-28,2026-08-28,CM,NSE,STK,5900,INE238A01034,AXISBANK,EQ,,,,,AXIS BANK LIMITED,1256.0,1265.4,1248.2,1265.0,1265.0,1256.0,,1265.0,,,3243469,4088549528.7,103208,F1,1,,,,,
2026-08-28,2026-08-28,CM,NSE,STK,6994,INE836A01035,BSOFT,EQ,,,,,BIRLASOFT LIMITED,289.95,303.95,289.9,300.9,300.85,287.95,,300.9,,,3235524,966770067.0,44867,F1,1,,,,,
2026-08-28,2026-08-28,CM,NSE,STK,1134,INE713T01028,APOLLO,EQ,,,,,APOLLO MICRO SYSTEMS LTD,387.7,388.5,383.85,387.45,388.4,386.35,,387.45,,,3217421,1242295047.1,22693,F1,1,,,,,
2026-08-28,2026-08-28,CM,NSE,STK,765040,INE373T01047,BLUECLOUDS,EQ,,,,,BLUE CLOUD SOFTECH SOLU L,20.6,20.9,19.9,20.19,20.19,20.43,,20.19,,,3212056,64613896.94,4679,F1,1,,,,,
2026-08-28,2026-08-28,CM,NSE,STK,1512,INE053A01029,INDHOTEL,EQ,,,,,THE INDIAN HOTELS CO. LTD,716.0,716.9,703.55,706.4,706.4,718.5,,706.28,,,3199451,2260976534.35,67736,F1,1,,,,,
2026-08-28,2026-08-28,CM,NSE,STK,17801,INE093R01011,LLOYDSENGG,EQ,,,,,LLOYDS ENGG WORK LIMITED,87.5,87.85,86.02,86.74,86.71,87.56,,86.73,,,3159675,274465316.84,15659,F1,1,,,,,
2026-08-28,2026-08-28,CM,NSE,STK,1406,INE094A01015,HINDPETRO,EQ,,,,,HINDUSTAN PETROLEUM CORP,370.0,370.9,363.85,364.0,364.0,371.0,,364.01,,,3150636,1153457356.8,35545,F1,1,,,,,
2026-08-28,2026-08-28,CM,NSE,STK,757102,INE894V01022,BELRISE,EQ,,,,,BELRISE INDUSTRIES LTD,229.32,232.2,226.2,229.87,231.0,229.22,,229.88,,,3131483,718646632.05,31850,F1,1,,,,,
2026-08-28,2026-08-28,CM,NSE,STK,11999,INE512B01022,FCSSOFT,EQ,,,,,FCS SOFTWARE SOLN. LTD.,1.47,1.52,1.44,1.5,1.51,1.45,,1.5,,,3112760,4569120.05,1160,F1,1,,,,,
2026-08-28,2026-08-28,CM,NSE,STK,11253,INE192B01031,WELSPUNLIV,EQ,,,,,WELSPUN LIVING LIMITED,192.29,195.35,188.99,190.46,189.55,192.29,,190.43,,,3068541,587475383.76,29483,F1,1,,,,,
2026-08-28,2026-08-28,CM,NSE,STK,14707,INE508G01029,TIMETECHNO,EQ,,,,,TIME TECHNOPLAST LTD.,185.67,189.79,185.31,186.29,186.01,185.67,,186.28,,,2984174,559039336.86,18947,F1,1,,,,,
2026-08-28,2026-08-28,CM,NSE,STK,2283,INE103A01014,MRPL,EQ,,,,,MRPL,171.0,172.4,168.0,168.53,168.5,170.8,,168.53,,,2978571,505064095.7,21213,F1,1,,,,,
2026-08-28,2026-08-28,CM,NSE,STK,14450,INE069I01010,EMBDL,EQ,,,,,EMBASSY DEVELOPMENTS LTD,62.39,64.34,62.39,62.78,62.77,62.16,,62.78,,,2970745,188469699.5,13459,F1,1,,,,,
2026-08-28,2026-08-28,CM,NSE,STK,760726,INE05XR01022,BHARATCOAL,EQ,,,,,BHARAT COKING COAL LTD,34.34,34.48,33.92,34.02,34.1,34.17,,34.02,,,2950662,100711069.18,10241,F1,1,,,,,
2026-08-28,2026-08-28,CM,NSE,STK,762227,INE1SJO01012,RAMBHAJO,EQ,,,,,ADVIT JEWELS LIMITED,259.8,264.87,245.31,250.51,248.89,263.57,,250.49,,,2950380,751521439.57,33910,F1,1,,,,,
2026-08-28,2026-08-28,CM,NSE,STK,1802,INE197A01024,JYOTISTRUC,EQ,,,,,JYOTI STRUCTURES LTD,10.23,10.36,10.06,10.14,10.21,10.19,,10.14,,,2945954,30038796.46,2952,F1,1,,,,,
2026-08-28,2026-08-28,CM,NSE,STK,25807,INE080I01025,LLOYDSENT,EQ,,,,,LLOYDS ENTERPRISES LTD,72.6,74.52,71.69,73.53,73.5,72.94,,73.5,,,2941824,216150151.44,10928,F1,1,,,,,
2026-08-28,2026-08-28,CM,NSE,STK,9552,INE415G01027,RVNL,EQ,,,,,RAIL VIKAS NIGAM LIMITED,217.0,217.1,214.0,214.22,214.22,216.0,,214.23,,,2941255,633446901.03,31709,F1,1,,,,,
2026-08-28,2026-08-28,CM,NSE,STK,15283,INE634I01029,KNRCON,EQ,,,,,KNR CONSTRU LTD.,123.0,125.67,121.32,124.55,124.01,122.45,,124.54,,,2939674,360561730.91,22783,F1,1,,,,,
2026-08-28,2026-08-28,CM,NSE,STK,13290,INE350H01032,BLKASHYAP,EQ,,,,,B.L.KASHYAP & SON LTD,56.47,60.9,56.47,58.57,58.61,56.47,,58.57,,,2938216,174108476.43,15238,F1,1,,,,,
2026-08-28,2026-08-28,CM,NSE,STK,24948,INE498L01015,LTF,EQ,,,,,L&T FINANCE LIMITED,322.0,322.4,314.3,314.3,314.3,321.9,,314.32,,,2889242,914418828.0,38973,F1,1,,,,,
2026-08-28,2026-08-28,CM,NSE,STK,324,INE732I01021,ANGELONE,EQ,,,,,ANGEL ONE LIMITED,295.9,297.7,291.65,294.0,294.0,295.9,,293.89,,,2866743,843896985.45,26505,F1,1,,,,,
2026-08-28,2026-08-28,CM,NSE,STK,1494,INE07T201019,RBA,EQ,,,,,RESTAURANT BRAND ASIA LTD,101.28,102.35,100.0,100.97,100.99,100.62,,100.97,,,2859553,288654958.81,12879,F1,1,,,,,
2026-08-28,2026-08-28,CM,NSE,STK,765030,INE758A01072,AVANCE,EQ,,,,,AVANCE TECHNOLOGIES LTD.,0.87,0.89,0.87,0.87,0.88,0.87,,0.88,,,2849676,2499963.01,1104,F1,1,,,,,
2026-08-28,2026-08-28,CM,NSE,STK,25114,INE01FR01028,STYLEBAAZA,EQ,,,,,BAAZAR STYLE RETAIL LTD,406.0,413.65,400.0,410.8,412.55,401.95,,410.79,,,2708270,1095029534.65,11413,F1,1,,,,,
2026-08-28,2026-08-28,CM,NSE,STK,4693,INE810G01011,SHYAMMETL,EQ,,,,,SHYAM METALICS AND ENGY L,1050.0,1111.0,1039.6,1099.8,1104.4,1042.4,,1099.79,,,2682841,2879005787.8,67021,F1,1,,,,,
2026-08-28,2026-08-28,CM,NSE,STK,763299,INE361K01017,GRADIENTE,EQ,,,,,GRADIENTE INFOTAINMENT L,2.79,2.79,2.65,2.72,2.75,2.71,,2.72,,,2679318,7373930.56,362,F1,1,,,,,
2026-08-28,2026-08-28,CM,NSE,STK,29459,INE935B01025,MOSCHIP,EQ,,,,,MOSCHIP TECHNOLOGIES LTD,220.0,223.54,218.5,219.77,218.55,219.36,,219.78,,,2669474,588884381.8,24867,F1,1,,,,,
2026-08-28,2026-08-28,CM,NSE,STK,1336,INE545A01024,HEG,EQ,,,,,HEG LTD,713.1,743.55,712.2,737.35,737.8,710.2,,737.35,,,2665306,1957504190.9,49201,F1,1,,,,,
2026-08-28,2026-08-28,CM,NSE,STK,8479,INE494B01023,TVSMOTOR,EQ,,,,,TVS MOTOR COMPANY  LTD,4409.8,4425.0,4161.5,4304.2,4304.2,4409.8,,4304.19,,,2654527,11297589656.7,198109,F1,1,,,,,
2026-08-28,2026-08-28,CM,NSE,STK,6663,INE0D0K01022,SIGACHI,EQ,,,,,SIGACHI INDUSTRIES LTD,32.51,34.14,32.11,33.16,33.13,32.51,,33.16,,,2630895,86637763.24,8127,F1,1,,,,,
2026-08-28,2026-08-28,CM,NSE,STK,5279,INE645S01024,ROLEXRINGS,EQ,,,,,ROLEX RINGS LIMITED,180.0,182.4,175.22,180.55,181.65,180.43,,180.55,,,2628695,470604073.77,26496,F1,1,,,,,
2026-08-28,2026-08-28,CM,NSE,STK,21828,INE621L01012,TEXRAIL,EQ,,,,,TEXMACO RAIL & ENG. LTD.,109.99,112.64,108.8,109.44,109.6,108.43,,109.44,,,2601407,286665338.75,20041,F1,1,,,,,
2026-08-28,2026-08-28,CM,NSE,STK,1328,INE01JE01028,MARINE,EQ,,,,,MARINE ELECTRICAL (I) LTD,376.25,412.15,376.25,406.8,407.0,374.1,,406.8,,,2596284,1033110101.85,54541,F1,1,,,,,
2026-08-28,2026-08-28,CM,NSE,STK,15337,INE855B01025,RAIN,EQ,,,,,RAIN INDUSTRIES LIMITED,194.5,200.4,194.5,199.31,199.3,194.38,,199.31,,,2589958,514081310.46,16239,F1,1,,,,,
2026-08-28,2026-08-28,CM,NSE,STK,10417,INE600Y01019,DYCL,EQ,,,,,DYNAMIC CABLES LIMITED,449.0,491.0,447.2,487.6,489.0,448.25,,487.6,,,2566700,1234275079.55,54805,F1,1,,,,,
2026-08-28,2026-08-28,CM,NSE,STK,967,INE754A01055,SUBEXLTD,EQ,,,,,SUBEX LTD,17.9,18.49,17.8,18.13,18.05,17.95,,18.13,,,2555948,46442416.86,4306,F1,1,,,,,
2026-08-28,2026-08-28,CM,NSE,STK,760224,INE14UN01029,VIDYAWIRES,EQ,,,,,VIDYA WIRES LIMITED,86.45,90.09,86.37,90.07,90.06,85.8,,90.07,,,2554647,228829817.77,10902,F1,1,,,,,
2026-08-28,2026-08-28,CM,NSE,STK,20293,INE142M01025,TATATECH,EQ,,,,,TATA TECHNOLOGIES LIMITED,800.0,839.7,796.7,834.35,834.1,799.35,,834.35,,,2546795,2095524793.65,65247,F1,1,,,,,
2026-08-28,2026-08-28,CM,NSE,STK,5373,INE872J01023,DEVYANI,EQ,,,,,DEVYANI INTERNATIONAL LTD,146.5,146.79,139.16,139.94,140.45,146.11,,139.91,,,2546557,360631579.08,22984,F1,1,,,,,
2026-08-28,2026-08-28,CM,NSE,STK,11262,INE203G01027,IGL,EQ,,,,,INDRAPRASTHA GAS LTD,147.45,148.66,147.21,147.61,147.36,147.17,,147.61,,,2537531,374920303.86,15918,F1,1,,,,,
2026-08-28,2026-08-28,CM,NSE,STK,14889,INE022I01019,ASIANTILES,EQ,,,,,ASIAN GRANITO IND. LTD.,47.78,48.29,47.0,47.88,48.0,47.02,,47.88,,,2511054,119606283.27,6314,F1,1,,,,,
2026-08-28,2026-08-28,CM,NSE,STK,5748,INE136B01020,CYIENT,EQ,,,,,CYIENT LIMITED,1042.05,1114.5,1039.2,1107.45,1111.4,1052.7,,1107.51,,,2503595,2731176052.05,81258,F1,1,,,,,
2026-08-28,2026-08-28,CM,NSE,STK,9931,INE161L01027,VIKASLIFE,EQ,,,,,VIKAS LIFECARE LIMITED,1.36,1.38,1.33,1.35,1.36,1.36,,1.35,,,2479223,3355813.96,9597,F1,1,,,,,
2026-08-28,2026-08-28,CM,NSE,STK,13951,INE074B01023,PARACABLES,EQ,,,,,PARAMOUNT COMM LTD,59.55,63.53,59.3,62.37,62.7,59.37,,62.37,,,2465156,152638317.75,12581,F1,1,,,,,
2026-08-28,2026-08-28,CM,NSE,STK,4067,INE196A01026,MARICO,EQ,,,,,MARICO LIMITED,832.1,840.7,826.45,829.65,829.65,833.5,,829.64,,,2455289,2040728961.5,75553,F1,1,,,,,
2026-08-28,2026-08-28,CM,NSE,STK,8833,INE425B01027,BCG,EQ,,,,,BRIGHTCOM GROUP LIMITED,9.01,9.09,9.01,9.05,9.07,9.03,,9.05,,,2448110,22136045.5,2938,F1,1,,,,,
2026-08-28,2026-08-28,CM,NSE,STK,763800,INE2FMX01012,AASTHA,EQ,,,,,AASTHA SPINTEX LIMITED,85.0,85.0,79.53,79.61,79.75,88.36,,79.61,,,2379114,194185627.22,9067,F1,1,,,,,
2026-08-28,2026-08-28,CM,NSE,STK,758165,INF666M01LM6,GROWWPOWER,EQ,,,,,GROWWAMC - GROWWPOWER,11.39,11.42,11.3,11.33,11.36,11.32,,11.33,,,2374411,26911959.9,1926,F1,1,,,,,
2026-08-28,2026-08-28,CM,NSE,STK,399,INE470Y01017,NIACL,EQ,,,,,THE NEW INDIA ASSU CO LTD,187.0,191.91,185.5,186.34,186.45,185.2,,186.34,,,2336110,440481271.17,24524,F1,1,,,,,
2026-08-28,2026-08-28,CM,NSE,STK,25049,INE0BS701011,PREMIERENE,EQ,,,,,PREMIER ENERGIES LIMITED,994.9,1019.0,973.0,1013.9,1013.9,1000.0,,1013.9,,,2307505,2305299150.9,64112,F1,1,,,,,
2026-08-28,2026-08-28,CM,NSE,STK,21362,INE170V01027,SALASAR,EQ,,,,,SALASAR TECHNO ENGG. LTD.,5.86,6.0,5.86,5.92,5.98,5.88,,5.92,,,2269266,13448146.07,2126,F1,1,,,,,
2026-08-28,2026-08-28,CM,NSE,STK,13637,INE780C01023,JMFINANCIL,EQ,,,,,JM FINANCIAL LIMITED,130.87,132.5,128.6,129.29,129.1,130.45,,129.29,,,2233306,291176026.3,16847,F1,1,,,,,
2026-08-28,2026-08-28,CM,NSE,STK,19234,INE947Q01028,LAURUSLABS,EQ,,,,,LAURUS LABS LIMITED,1929.7,1938.5,1910.1,1938.5,1938.5,1929.4,,1938.48,,,2231476,4292637913.9,56959,F1,1,,,,,
2026-08-28,2026-08-28,CM,NSE,STK,760,INE067A01029,CGPOWER,EQ,,,,,CG POWER AND IND SOL LTD,896.45,896.45,878.2,889.0,889.0,897.9,,889.0,,,2230616,1979673407.85,40430,F1,1,,,,,
2026-08-28,2026-08-28,CM,NSE,STK,10397,INE175A01038,JISLJALEQS,EQ,,,,,JAIN IRRIGATION SYSTEMS,29.5,29.98,28.5,28.7,28.89,29.69,,28.7,,,2217553,64536172.61,6733,F1,1,,,,,
2026-08-28,2026-08-28,CM,NSE,STK,4306,INE721A01047,SHRIRAMFIN,EQ,,,,,SHRIRAM FINANCE LIMITED,1105.0,1106.7,1083.2,1086.9,1086.9,1101.0,,1086.88,,,2207426,2405610558.5,47955,F1,1,,,,,
2026-08-28,2026-08-28,CM,NSE,STK,764553,INE01NH01023,DHOOTTRANS,EQ,,,,,DHOOT TRANSMISSION LTD,1509.0,1510.9,1431.25,1454.9,1446.0,1499.85,,1455.23,,,2198048,3224887601.95,83558,F1,1,,,,,
2026-08-28,2026-08-28,CM,NSE,STK,16859,INE325D01025,SINDHUTRAD,EQ,,,,,SINDHU TRADE LINKS LTD,24.9,25.45,24.5,24.99,25.0,24.99,,24.99,,,2192076,54382245.9,1231,F1,1,,,,,
2026-08-28,2026-08-28,CM,NSE,STK,11373,INE376G01013,BIOCON,EQ,,,,,BIOCON LIMITED.,416.4,418.65,410.0,411.1,411.1,418.4,,411.1,,,2187557,903120616.95,26051,F1,1,,,,,
2026-08-28,2026-08-28,CM,NSE,STK,14788,INE232I01014,SPARC,EQ,,,,,SUN PHARMA ADV.RES.CO.LTD,194.98,209.9,194.61,207.71,208.0,194.98,,207.7,,,2167701,444648941.33,29986,F1,1,,,,,
2026-08-28,2026-08-28,CM,NSE,STK,18026,INE423Y01016,SBFC,EQ,,,,,SBFC FINANCE LIMITED,98.3,101.05,98.12,98.75,98.5,98.61,,98.7,,,2163907,215121215.23,13756,F1,1,,,,,
2026-08-28,2026-08-28,CM,NSE,STK,1270,INE079A01024,AMBUJACEM,EQ,,,,,AMBUJA CEMENTS LTD,411.55,413.5,410.0,412.05,412.05,411.05,,412.11,,,2152464,887197468.2,16160,F1,1,,,,,
2026-08-28,2026-08-28,CM,NSE,STK,3496,INE338A01024,TIRUMALCHM,EQ,,,,,THIRUMALAI CHEMICALS LTD,159.58,164.86,158.65,160.32,160.5,159.58,,160.31,,,2119773,344157873.62,21689,F1,1,,,,,
2026-08-28,2026-08-28,CM,NSE,STK,6596,INE269A01021,SONATSOFTW,EQ,,,,,SONATA SOFTWARE LTD,290.5,305.45,289.7,304.6,303.95,289.5,,304.61,,,2110765,634837074.95,38008,F1,1,,,,,
2026-08-28,2026-08-28,CM,NSE,STK,764357,INE459N01021,MANIPALHOS,EQ,,,,,MANIPAL HEALTH ENTERPRI L,814.0,815.0,768.0,771.65,775.95,797.95,,771.68,,,2108677,1658811322.85,54864,F1,1,,,,,
2026-08-28,2026-08-28,CM,NSE,STK,341,INE119A01028,BALRAMCHIN,EQ,,,,,BALRAMPUR CHINI MILLS LTD,649.6,665.8,645.65,654.85,653.9,649.95,,654.85,,,2100532,1378162576.4,41226,F1,1,,,,,
2026-08-28,2026-08-28,CM,NSE,STK,764532,INE1D0W01018,TECHNOCRAF,EQ,,,,,TECHNOCRAFT VENTURES LTD,360.95,382.96,360.14,373.83,373.5,358.24,,373.83,,,2097019,780189275.91,33968,F1,1,,,,,
2026-08-28,2026-08-28,CM,NSE,STK,18268,INE024001021,AEROFLEX,EQ,,,,,AEROFLEX INDUSTRIES LTD,521.85,547.0,519.8,542.1,541.75,522.1,,542.12,,,2093610,1123336768.45,43794,F1,1,,,,,
2026-08-28,2026-08-28,CM,NSE,STK,467,INE795G01014,HDFCLIFE,EQ,,,,,HDFC LIFE INS CO LTD,550.8,550.95,543.8,548.0,548.0,548.0,,547.99,,,2076182,1137041038.35,48440,F1,1,,,,,
2026-08-28,2026-08-28,CM,NSE,STK,758958,INE1VXE01018,STLNETWORK,EQ,,,,,STL NETWORKS LIMITED,26.09,27.28,25.7,27.28,27.28,25.99,,27.28,,,1971600,53189467.06,2778,F1,1,,,,,
2026-08-28,2026-08-28,CM,NSE,STK,17433,INE0NT901020,NETWEB,EQ,,,,,NETWEB TECH INDIA LTD,5344.9,5450.0,5290.0,5322.9,5327.0,5272.2,,5323.0,,,1962173,10508609797.3,159124,F1,1,,,,,
2026-08-28,2026-08-28,CM,NSE,STK,772,INE016A01026,DABUR,EQ,,,,,DABUR INDIA LTD,387.7,387.7,383.1,386.0,386.0,386.2,,385.98,,,1925866,740276249.4,33459,F1,1,,,,,
2026-08-28,2026-08-28,CM,NSE,STK,17438,INE274J01014,OIL,EQ,,,,,OIL INDIA LTD,473.5,484.7,471.75,482.85,482.85,469.85,,482.85,,,1907538,915992363.05,27334,F1,1,,,,,
2026-08-28,2026-08-28,CM,NSE,STK,19061,INE522D01027,MANAPPURAM,EQ,,,,,MANAPPURAM FINANCE LTD,348.15,351.15,346.15,348.9,348.9,348.0,,348.93,,,1893238,660134655.8,27546,F1,1,,,,,
2026-08-28,2026-08-28,CM,NSE,STK,23693,INE065X01017,INDGN,EQ,,,,,INDEGENE LIMITED,567.35,587.15,565.5,578.95,582.0,567.35,,578.95,,,1891693,1097246076.15,85500,F1,1,,,,,
2026-08-28,2026-08-28,CM,NSE,STK,13300,INE858F01012,NITCO,EQ,,,,,NITCO LIMITED,97.29,97.48,95.21,95.59,96.0,97.56,,95.59,,,1888937,182152706.1,5099,F1,1,,,,,
2026-08-28,2026-08-28,CM,NSE,STK,25756,INE806A01020,VIKASECO,EQ,,,,,VIKAS ECOTECH LIMITED,1.15,1.16,1.13,1.14,1.15,1.14,,1.14,,,1874986,2158045.05,1291,F1,1,,,,,
2026-08-28,2026-08-28,CM,NSE,STK,6364,INE139A01034,NATIONALUM,EQ,,,,,NATIONAL ALUMINIUM CO LTD,392.65,394.95,389.3,394.95,394.95,389.3,,394.93,,,1868958,733389367.55,26440,F1,1,,,,,
2026-08-28,2026-08-28,CM,NSE,STK,6705,INE982J01020,PAYTM,EQ,,,,,ONE 97 COMMUNICATIONS LTD,1685.0,1698.3,1641.7,1650.9,1650.9,1679.0,,1650.89,,,1837484,3062638146.2,42611,F1,1,,,,,
2026-08-28,2026-08-28,CM,NSE,STK,1076,INE520A01027,ZENSARTECH,EQ,,,,,ZENSAR TECHNOLOGIES  LTD,465.8,475.0,464.35,470.6,471.5,463.75,,470.6,,,1834114,863998027.9,40028,F1,1,,,,,
2026-08-28,2026-08-28,CM,NSE,STK,22377,INE027H01010,MAXHEALTH,EQ,,,,,MAX HEALTHCARE INS LTD,1009.1,1017.5,1001.8,1014.1,1014.1,1009.0,,1014.09,,,1811091,1830327154.2,29462,F1,1,,,,,
2026-08-28,2026-08-28,CM,NSE,STK,13751,INE663F01032,NAUKRI,EQ,,,,,INFO EDGE (I) LTD,1339.0,1369.4,1339.0,1354.0,1354.0,1330.0,,1354.0,,,1808851,2452715886.6,75476,F1,1,,,,,
2026-08-28,2026-08-28,CM,NSE,STK,11699,INE244B01030,PATELENG,EQ,,,,,PATEL ENGINEERING LTD.,29.16,29.24,28.3,28.34,28.4,29.08,,28.34,,,1807723,51713141.62,5413,F1,1,,,,,
2026-08-28,2026-08-28,CM,NSE,STK,9685,INE064C01022,TRIDENT,EQ,,,,,TRIDENT LIMITED,24.4,24.48,24.27,24.32,24.35,24.38,,24.32,,,1788468,43539859.11,8699,F1,1,,,,,
2026-08-28,2026-08-28,CM,NSE,STK,11809,INE530B01024,IIFL,EQ,,,,,IIFL FINANCE LIMITED,633.65,667.35,615.0,659.25,658.0,635.65,,659.28,,,1785071,1163327305.2,39408,F1,1,,,,,
2026-08-28,2026-08-28,CM,NSE,STK,764173,INE640G01020,SBIFUNDS,EQ,,,,,SBI FUNDS MANAGEMENT LTD,565.5,566.0,553.25,563.8,562.6,562.55,,563.8,,,1785037,999536752.5,30275,F1,1,,,,,
2026-08-28,2026-08-28,CM,NSE,STK,9819,INE176B01034,HAVELLS,EQ,,,,,HAVELLS INDIA LIMITED,1247.0,1247.0,1190.1,1222.9,1222.9,1241.0,,1222.89,,,1778490,2162091401.4,60138,F1,1,,,,,
2026-08-28,2026-08-28,CM,NSE,STK,1508,INE914M01019,ASTERDM,EQ,,,,,ASTER DM QUALITY CARE LTD,759.85,765.0,744.05,748.4,747.7,754.8,,746.42,,,1768713,1323780278.2,62879,F1,1,,,,,
2026-08-28,2026-08-28,CM,NSE,STK,30065,INF247L01EV3,MOCAPITAL,EQ,,,,,MOTILALAMC - MOCAPITAL,56.4,56.4,54.67,55.39,55.57,55.03,,55.39,,,1768640,97754342.18,2355,F1,1,,,,,
2026-08-28,2026-08-28,CM,NSE,STK,11919,INE752G01015,MSPL,EQ,,,,,MSP STEEL & POWER LTD.,34.99,36.7,34.63,36.39,36.49,34.59,,36.39,,,1767980,63500397.46,5368,F1,1,,,,,
2026-08-28,2026-08-28,CM,NSE,STK,22832,INF769K01LC3,SMALLCAP,EQ,,,,,MIRAEAMC - SMALLCAP,49.12,49.34,49.09,49.15,49.16,49.11,,49.15,,,1760899,86680162.47,2862,F1,1,,,,,
2026-08-28,2026-08-28,CM,NSE,STK,20110,INE999K01014,GREENPOWER,EQ,,,,,ORIENT GREEN POWER CO LTD,9.41,9.54,9.36,9.39,9.42,9.41,,9.39,,,1758824,16545594.23,2574,F1,1,,,,,
2026-08-28,2026-08-28,CM,NSE,STK,761439,INE313L01016,RSL,EQ,,,,,RAJPUTANA STAINLESS LTD,178.0,178.0,172.02,177.49,177.1,172.47,,177.5,,,1753430,307194399.23,8540,F1,1,,,,,
2026-08-28,2026-08-28,CM,NSE,STK,24532,INE816B01035,FILATEX,EQ,,,,,FILATEX INDIA LTD,78.35,79.75,77.45,78.89,78.44,78.31,,78.88,,,1752425,137736141.0,7463,F1,1,,,,,
2026-08-28,2026-08-28,CM,NSE,STK,2031,INE101A01026,M&M,EQ,,,,,MAHINDRA & MAHINDRA LTD,3331.0,3351.7,3302.0,3334.0,3334.0,3330.0,,3333.97,,,1744074,5799268719.1,110918,F1,1,,,,,
2026-08-28,2026-08-28,CM,NSE,STK,4010,INE362A01016,PVP,EQ,,,,,PVP VENTURES LIMITED,65.0,65.22,63.9,65.22,65.22,62.12,,65.22,,,1739968,113254991.88,1971,F1,1,,,,,
2026-08-28,2026-08-28,CM,NSE,STK,628,INE486A01021,CESC,EQ,,,,,CESC LTD,152.2,152.29,147.83,148.11,147.99,152.13,,148.09,,,1728235,258633077.1,21299,F1,1,,,,,
2026-08-28,2026-08-28,CM,NSE,STK,764198,INF769K01RC0,MOMMIDCAP,EQ,,,,,MIRAEAMC - MOMMIDCAP,13.3,13.32,13.22,13.27,13.28,13.29,,13.27,,,1723081,22854679.32,699,F1,1,,,,,
2026-08-28,2026-08-28,CM,NSE,STK,29482,INE613C01026,MCLOUD,EQ,,,,,MAGELLANIC CLOUD LIMITED,27.89,28.09,27.1,27.47,27.5,27.79,,27.46,,,1705240,47230286.47,5367,F1,1,,,,,
2026-08-28,2026-08-28,CM,NSE,STK,13725,INE503A01015,DCBBANK,EQ,,,,,DCB BANK LIMITED,217.85,217.85,212.5,212.97,213.0,217.51,,212.97,,,1702351,364504662.72,20293,F1,1,,,,,
2026-08-28,2026-08-28,CM,NSE,STK,8054,INE614B01018,KTKBANK,EQ,,,,,KARNATAKA BANK LIMITED,325.0,331.35,324.2,330.35,330.75,327.15,,330.35,,,1698579,557338852.0,23891,F1,1,,,,,
2026-08-28,2026-08-28,CM,NSE,STK,4684,INE073K01018,SONACOMS,EQ,,,,,SONA BLW PRECISION FRGS L,822.75,824.6,803.05,815.0,815.0,819.0,,815.0,,,1696565,1377317055.25,43343,F1,1,,,,,
2026-08-28,2026-08-28,CM,NSE,STK,25270,INE377Y01014,BAJAJHFL,EQ,,,,,BAJAJ HOUSING FINANCE LTD,85.71,85.79,84.76,85.0,85.05,85.29,,85.0,,,1693097,143982045.68,16466,F1,1,,,,,
2026-08-28,2026-08-28,CM,NSE,STK,1363,INE038A01020,HINDALCO,EQ,,,,,HINDALCO  INDUSTRIES  LTD,1030.0,1037.4,1025.95,1037.4,1037.4,1024.0,,1037.4,,,1687987,1741133045.15,44004,F1,1,,,,,
2026-08-28,2026-08-28,CM,NSE,STK,762670,INE507F01023,EMPOWER,EQ,,,,,EMPOWER INDIA LTD.,2.12,2.12,2.12,2.12,2.12,2.23,,2.12,,,1655980,3510677.6,1077,F1,1,,,,,
2026-08-28,2026-08-28,CM,NSE,STK,10217,INE931S01010,ADANIENSOL,EQ,,,,,ADANI ENERGY SOLUTION LTD,1610.0,1611.9,1566.9,1581.4,1581.4,1617.0,,1581.31,,,1647674,2604056467.4,59276,F1,1,,,,,
2026-08-28,2026-08-28,CM,NSE,STK,23027,INE572G01025,LANCORHOL,EQ,,,,,LANCOR HOLDINGS LIMITED,33.0,34.49,32.36,33.93,33.95,30.86,,33.92,,,1647306,55120980.45,7054,F1,1,,,,,
2026-08-28,2026-08-28,CM,NSE,STK,20790,INE235C01036,SUMEETINDS,EQ,,,,,SUMEET IND LIMITED,13.0,13.15,12.6,12.68,12.75,12.99,,12.68,,,1624681,20809821.53,1310,F1,1,,,,,
2026-08-28,2026-08-28,CM,NSE,STK,8962,INE626Z01029,HARDWYN,EQ,,,,,HARDWYN INDIA LIMITED,9.07,9.24,9.0,9.07,9.06,9.05,,9.07,,,1621337,14746175.63,1373,F1,1,,,,,
2026-08-28,2026-08-28,CM,NSE,STK,14537,INE836F01026,DISHTV,EQ,,,,,DISH TV INDIA LTD.,2.72,2.86,2.69,2.82,2.79,2.73,,2.82,,,1605915,4447788.02,1304,F1,1,,,,,
2026-08-28,2026-08-28,CM,NSE,STK,18652,INE726G01019,ICICIPRULI,EQ,,,,,ICICI PRU LIFE INS CO LTD,510.25,510.4,502.45,506.0,506.0,510.0,,506.0,,,1603027,812007642.3,26860,F1,1,,,,,
2026-08-28,2026-08-28,CM,NSE,STK,2144,INE171Z01026,BDL,EQ,,,,,BHARAT DYNAMICS LIMITED,1345.8,1348.4,1301.0,1306.0,1306.0,1348.6,,1305.99,,,1589088,2089599210.7,47737,F1,1,,,,,
2026-08-28,2026-08-28,CM,NSE,STK,7506,INE049B01025,WOCKPHARMA,EQ,,,,,WOCKHARDT LIMITED,1976.1,2045.0,1963.1,1977.1,1975.0,1962.0,,1977.05,,,1581060,3180244939.1,78343,F1,1,,,,,
2026-08-28,2026-08-28,CM,NSE,STK,18760,INE0JR601024,YATRA,EQ,,,,,YATRA ONLINE LIMITED,108.34,111.75,105.49,109.82,108.3,107.81,,109.82,,,1574744,170026246.63,10536,F1,1,,,,,
2026-08-28,2026-08-28,CM,NSE,STK,28952,INE741L01018,DUCON,EQ,,,,,DUCON INFRATECHNOLOGIES L,2.17,2.17,2.06,2.07,2.07,2.17,,2.07,,,1573568,3301985.4,937,F1,1,,,,,
2026-08-28,2026-08-28,CM,NSE,STK,12188,INE510W01014,INOXGREEN,EQ,,,,,INOX GREEN ENERGY SER LTD,172.18,177.4,168.0,174.26,175.7,172.18,,174.28,,,1571341,271113812.03,9526,F1,1,,,,,
2026-08-28,2026-08-28,CM,NSE,STK,220,INE022Q01020,IEX,EQ,,,,,INDIAN ENERGY EXC LTD,122.0,122.24,121.07,121.8,121.8,122.0,,121.79,,,1550661,188327193.41,25591,F1,1,,,,,
2026-08-28,2026-08-28,CM,NSE,STK,6545,INE388Y01029,NYKAA,EQ,,,,,FSN E COMMERCE VENTURES,338.15,339.95,334.5,335.65,335.65,338.0,,335.61,,,1538325,517261152.45,29670,F1,1,,,,,
2026-08-28,2026-08-28,CM,NSE,STK,29135,INE121J01017,INDUSTOWER,EQ,,,,,INDUS TOWERS LIMITED,379.95,385.7,378.75,380.0,380.0,379.95,,379.97,,,1536497,587624472.1,33128,F1,1,,,,,
2026-08-28,2026-08-28,CM,NSE,STK,30323,INE418N01035,ESSENTIA,EQ,,,,,INTEGRA ESSENTIA LIMITED,1.05,1.08,1.03,1.08,1.08,1.03,,1.08,,,1512552,1621955.58,372,F1,1,,,,,
2026-08-28,2026-08-28,CM,NSE,STK,11566,INE0A1101019,DCI,EQ,,,,,DC INFOTECH AND COMUN LTD,418.0,464.0,402.0,410.05,411.0,413.85,,410.08,,,1492745,645232896.05,39920,F1,1,,,,,
2026-08-28,2026-08-28,CM,NSE,STK,14602,INE855C01023,WEBELSOLAR,EQ,,,,,WEBSOL ENERGY SYSTEM LTD,77.3,78.49,76.95,77.84,77.9,77.29,,77.84,,,1471654,114430846.74,12361,F1,1,,,,,
2026-08-28,2026-08-28,CM,NSE,STK,765291,INE1EEM01017,BLEL,EQ,,,,,BEHARI LAL ENGINEERING L,470.0,470.5,452.3,457.45,454.8,469.85,,457.46,,,1468288,675122762.25,25019,F1,1,,,,,
2026-08-28,2026-08-28,CM,NSE,STK,10579,INE750C01026,MARKSANS,EQ,,,,,MARKSANS PHARMA LIMITED,326.15,335.45,324.05,329.7,329.95,326.15,,329.68,,,1463661,481451231.7,27128,F1,1,,,,,
2026-08-28,2026-08-28,CM,NSE,STK,14592,INE061F01013,FORTIS,EQ,,,,,FORTIS HEALTHCARE LTD,918.75,941.9,916.05,926.75,926.75,915.65,,926.8,,,1462799,1362375628.85,41575,F1,1,,,,,
2026-08-28,2026-08-28,CM,NSE,STK,2319,INE868B01028,NCC,EQ,,,,,NCC LIMITED,150.79,150.79,146.53,148.4,148.6,150.29,,148.4,,,1458322,216203998.21,19010,F1,1,,,,,
2026-08-28,2026-08-28,CM,NSE,STK,23607,INE011E01029,BALUFORGE,EQ,,,,,BALU FORGE INDUSTRIES LTD,635.0,649.5,635.0,638.8,638.7,632.9,,638.83,,,1441287,926029255.2,22011,F1,1,,,,,
2026-08-28,2026-08-28,CM,NSE,STK,3405,INE092A01019,TATACHEM,EQ,,,,,TATA CHEMICALS LTD,644.9,674.8,644.5,655.75,655.0,644.15,,655.79,,,1439859,953849467.45,40570,F1,1,,,,,
2026-08-28,2026-08-28,CM,NSE,STK,19783,INE08KJ01020,MUFIN,EQ,,,,,MUFIN GREEN FINANCE LTD,136.5,140.9,135.4,138.27,137.96,135.95,,138.26,,,1428754,198255771.42,5959,F1,1,,,,,
2026-08-28,2026-08-28,CM,NSE,STK,981,INE255A01020,EPL,EQ,,,,,EPL LIMITED,252.8,259.2,247.45,251.94,252.0,252.8,,251.94,,,1428390,361337902.27,21441,F1,1,,,,,
2026-08-28,2026-08-28,CM,NSE,STK,13776,INE017A01032,GESHIP,EQ,,,,,THE GE SHPG.LTD,1324.9,1363.0,1321.2,1339.6,1338.0,1317.2,,1339.57,,,1428262,1917655720.6,73647,F1,1,,,,,
2026-08-28,2026-08-28,CM,NSE,STK,19020,INE880J01026,JSWINFRA,EQ,,,,,JSW INFRASTRUCTURE LTD,339.5,344.85,337.5,342.95,342.0,337.95,,342.95,,,1428019,488970345.15,29463,F1,1,,,,,
2026-08-28,2026-08-28,CM,NSE,STK,9599,INE148O01028,DELHIVERY,EQ,,,,,DELHIVERY LIMITED,466.7,471.05,460.0,470.2,470.2,466.0,,470.2,,,1426037,664668883.15,51166,F1,1,,,,,
2026-08-28,2026-08-28,CM,NSE,STK,25744,INF769K01LY7,METAL,EQ,,,,,MIRAEAMC - METAL,13.65,13.67,13.53,13.6,13.65,13.56,,13.6,,,1425857,19385847.97,4813,F1,1,,,,,
2026-08-28,2026-08-28,CM,NSE,STK,10238,INE552D01024,CONFIPET,EQ,,,,,CONFIDENCE PETRO IND LTD.,78.9,80.6,78.16,79.87,79.21,79.01,,79.87,,,1407583,112137421.74,8590,F1,1,,,,,
2026-08-28,2026-08-28,CM,NSE,STK,19531,INE933K01021,BAJAJCON,EQ,,,,,BAJAJ CONSUMER CARE LTD,452.0,479.5,449.1,477.45,478.7,450.6,,477.46,,,1407453,663177989.3,28964,F1,1,,,,,
2026-08-28,2026-08-28,CM,NSE,STK,11723,INE019A01038,JSWSTEEL,EQ,,,,,JSW STEEL LIMITED,1335.2,1344.0,1320.4,1334.9,1334.9,1337.5,,1334.82,,,1403899,1864667683.3,33207,F1,1,,,,,
2026-08-28,2026-08-28,CM,NSE,STK,17971,INE018E01016,SBICARD,EQ,,,,,SBI CARDS & PAY SER LTD,645.0,649.4,638.0,641.05,641.05,645.0,,641.05,,,1398856,897550238.75,30861,F1,1,,,,,
2026-08-28,2026-08-28,CM,NSE,STK,11856,INE640C01011,SHAHALLOYS,EQ,,,,,SHAH ALLOYS LIMITED,89.01,103.15,87.0,103.15,103.15,85.96,,103.14,,,1390957,139206267.36,7839,F1,1,,,,,
2026-08-28,2026-08-28,CM,NSE,STK,1145,INE162A01010,GIPCL,EQ,,,,,GUJ IND POW CO. LTD,200.99,206.8,200.56,205.91,205.61,200.48,,205.9,,,1384606,282836780.77,14397,F1,1,,,,,
2026-08-28,2026-08-28,CM,NSE,STK,17738,INE0JO301016,YATHARTH,EQ,,,,,YATHARTH HOSP & TRA C S L,979.0,1024.85,956.3,967.4,969.5,973.05,,967.34,,,1376658,1373596490.6,49615,F1,1,,,,,
2026-08-28,2026-08-28,CM,NSE,STK,756827,INF666M01OF4,GROWWSLVR,EQ,,,,,GROWWAMC - GROWWSLVR,23.78,23.78,23.1,23.59,23.6,23.2,,23.59,,,1375964,32261386.9,2233,F1,1,,,,,
2026-08-28,2026-08-28,CM,NSE,STK,31258,INE875G01048,NDL,EQ,,,,,NANDAN DENIM LIMITED,2.97,3.06,2.97,3.02,3.02,2.96,,3.02,,,1373143,4166169.48,1357,F1,1,,,,,
2026-08-28,2026-08-28,CM,NSE,STK,7835,INE02WG01024,WEL,EQ,,,,,WONDER ELECTRICALS LTD,99.8,99.8,99.8,99.8,99.8,124.74,,99.8,,,1368633,136589573.4,5645,F1,1,,,,,
2026-08-28,2026-08-28,CM,NSE,STK,30290,INF200KB1712,SBIBPB,EQ,,,,,SBIAMC - SBIBPB,50.47,50.47,49.67,49.8,49.7,49.89,,49.8,,,1368503,68270892.28,438,F1,1,,,,,
2026-08-28,2026-08-28,CM,NSE,STK,763784,INE1YPB01014,AGL,EQ,,,,,ALLCARGO GLOBAL LIMITED,14.33,14.6,13.95,14.03,14.11,14.34,,14.04,,,1366639,19328779.66,3057,F1,1,,,,,
2026-08-28,2026-08-28,CM,NSE,STK,11411,INE399G01023,RKFORGE,EQ,,,,,RAMKRISHNA FORGINGS LTD,720.95,753.0,720.15,751.25,752.8,716.65,,751.25,,,1361521,1009772993.6,47363,F1,1,,,,,
2026-08-28,2026-08-28,CM,NSE,STK,31181,INE745G01043,MCX,EQ,,,,,MULTI COMMODITY EXCHANGE,3273.1,3339.0,3245.0,3332.0,3332.0,3273.0,,3331.97,,,1360874,4495686806.9,71961,F1,1,,,,,
2026-08-28,2026-08-28,CM,NSE,STK,16696,INE0PA801013,GHCLTEXTIL,EQ,,,,,GHCL TEXTILES LIMITED,126.37,132.04,125.0,130.79,131.9,125.36,,130.79,,,1355885,175156937.9,10105,F1,1,,,,,
2026-08-28,2026-08-28,CM,NSE,STK,757862,INE18JU01028,EBGNG,EQ,,,,,GNG ELECTRONICS LIMITED,584.9,638.25,578.0,635.1,630.1,580.25,,635.48,,,1346148,837420688.5,31132,F1,1,,,,,
2026-08-28,2026-08-28,CM,NSE,STK,513,INE032A01023,BOMDYEING,EQ,,,,,BOMBAY DYEING & MFG. CO L,116.69,119.75,115.15,118.4,118.45,116.95,,118.4,,,1343633,158299528.93,13637,F1,1,,,,,
2026-08-28,2026-08-28,CM,NSE,STK,11821,INE191B01025,WELCORP,EQ,,,,,WELSPUN CORP LIMITED,2430.0,2443.9,2351.0,2373.8,2365.0,2405.8,,2373.82,,,1342665,3199245140.4,58727,F1,1,,,,,
2026-08-28,2026-08-28,CM,NSE,STK,760234,INE947N01017,AEQUS,EQ,,,,,AEQUS LIMITED,246.66,248.0,243.29,245.99,246.0,246.66,,245.99,,,1329838,327333558.51,19541,F1,1,,,,,
2026-08-28,2026-08-28,CM,NSE,STK,29251,INE379A01028,ITCHOTELS,EQ,,,,,ITC HOTELS LIMITED,164.16,164.95,161.95,162.73,163.35,164.16,,162.74,,,1319791,215240139.02,20369,F1,1,,,,,
2026-08-28,2026-08-28,CM,NSE,STK,10485,INE207E01023,RAMRAT,EQ,,,,,RAM RATNA WIRES LIMITED,570.5,602.45,562.1,591.9,586.2,569.6,,591.91,,,1319098,778266482.65,42547,F1,1,,,,,
2026-08-28,2026-08-28,CM,NSE,STK,5194,INE414B01021,ANTGRAPHIC,EQ,,,,,ANTARCTICA LTD,0.74,0.86,0.72,0.75,0.77,0.72,,0.75,,,1307534,1017165.58,325,F1,1,,,,,
2026-08-28,2026-08-28,CM,NSE,STK,17376,INE688J01023,LANDSMILL,EQ,,,,,LANDSMILL GREEN LIMITED,0.7,0.7,0.69,0.69,0.7,0.69,,0.69,,,1303618,907125.69,832,F1,1,,,,,
2026-08-28,2026-08-28,CM,NSE,STK,1838,INE036D01028,KARURVYSYA,EQ,,,,,KARUR VYSYA BANK LTD,346.3,350.85,344.45,346.0,346.0,346.3,,346.0,,,1302287,452053200.8,34548,F1,1,,,,,
2026-08-28,2026-08-28,CM,NSE,STK,9348,INE565A01014,IOB,EQ,,,,,INDIAN OVERSEAS BANK,33.0,33.0,32.62,32.81,32.85,32.9,,32.81,,,1294744,42460277.05,9391,F1,1,,,,,
2026-08-28,2026-08-28,CM,NSE,STK,7929,INE010B01027,ZYDUSLIFE,EQ,,,,,ZYDUS LIFESCIENCES LTD,1190.0,1198.9,1170.6,1191.0,1191.0,1189.2,,1190.99,,,1291738,1524516444.3,26489,F1,1,,,,,
2026-08-28,2026-08-28,CM,NSE,STK,10865,INE382T01030,GVPTECH,EQ,,,,,GVP INFOTECH LIMITED,7.88,9.03,7.87,9.03,9.03,7.53,,9.03,,,1285332,11316687.03,2146,F1,1,,,,,
2026-08-28,2026-08-28,CM,NSE,STK,11355,INE877F01012,PTC,EQ,,,,,PTC INDIA LIMITED,158.0,158.11,156.01,157.69,157.65,157.96,,157.69,,,1285321,201654105.75,13589,F1,1,,,,,
2026-08-28,2026-08-28,CM,NSE,STK,759453,INE078V01014,VIKRAMSOLR,EQ,,,,,VIKRAM SOLAR LIMITED,172.89,174.49,171.1,172.71,173.0,172.01,,172.71,,,1282945,221644849.62,12861,F1,1,,,,,
2026-08-28,2026-08-28,CM,NSE,STK,18883,INE002L01015,SJVN,EQ,,,,,SJVN LTD,65.45,65.46,64.75,64.88,64.96,65.26,,64.88,,,1275895,82890222.02,12476,F1,1,,,,,
2026-08-28,2026-08-28,CM,NSE,STK,9902,INE02EZ01022,AXITA,EQ,,,,,AXITA COTTON LIMITED,8.05,8.23,8.05,8.05,8.06,7.98,,8.05,,,1263568,10213021.32,1174,F1,1,,,,,
2026-08-28,2026-08-28,CM,NSE,STK,761197,INE0V0W01025,GKSL,EQ,,,,,GUJARAT KIDNEY N SUP SP L,155.2,163.44,153.02,160.64,160.51,154.29,,160.65,,,1261120,200325704.69,12477,F1,1,,,,,
2026-08-28,2026-08-28,CM,NSE,STK,7603,INE925R01014,CMSINFO,EQ,,,,,CMS INFO SYSTEMS LIMITED,241.0,244.65,239.5,242.55,243.45,239.95,,242.55,,,1254724,302688434.0,30073,F1,1,,,,,
2026-08-28,2026-08-28,CM,NSE,STK,764408,INE05C901015,JNPR,EQ,,,,,JUNIPER GREEN ENERGY LTD,254.51,259.0,246.57,258.23,258.5,254.32,,258.22,,,1228144,310629189.44,20405,F1,1,,,,,
2026-08-28,2026-08-28,CM,NSE,STK,21614,INE674K01013,ABCAPITAL,EQ,,,,,ADITYA BIRLA CAPITAL LTD.,409.85,410.35,404.8,405.55,405.55,410.0,,405.55,,,1217070,495534681.7,25871,F1,1,,,,,
2026-08-28,2026-08-28,CM,NSE,STK,2866,INE027A01015,RCF,EQ,,,,,RASHTRIYA CHEMICALS & FER,121.85,121.89,119.31,119.81,119.72,121.77,,119.81,,,1211992,145543279.04,16635,F1,1,,,,,
2026-08-28,2026-08-28,CM,NSE,STK,18154,INE982F01036,HATHWAY,EQ,,,,,HATHWAY CABLE & DATACOM,10.55,10.65,10.51,10.57,10.58,10.55,,10.57,,,1196466,12657870.72,1785,F1,1,,,,,
2026-08-28,2026-08-28,CM,NSE,STK,27061,INE622W01025,ACMESOLAR,EQ,,,,,ACME SOLAR HOLDINGS LTD,392.0,398.0,388.05,393.7,392.05,386.3,,393.69,,,1185544,466882266.85,37800,F1,1,,,,,
2026-08-28,2026-08-28,CM,NSE,STK,11287,INE628A01036,UPL,EQ,,,,,UPL LIMITED,580.0,580.05,569.55,571.0,571.0,578.1,,571.0,,,1181623,679025222.6,21660,F1,1,,,,,
2026-08-28,2026-08-28,CM,NSE,STK,937,INE285A01027,ELGIEQUIP,EQ,,,,,ELGI EQUIPMENTS LTD,599.9,631.0,596.0,628.85,627.5,599.25,,628.84,,,1169585,722521682.35,29262,F1,1,,,,,
2026-08-28,2026-08-28,CM,NSE,STK,11351,INE347G01014,PETRONET,EQ,,,,,PETRONET LNG LIMITED,291.0,292.85,290.05,292.0,292.0,290.95,,292.0,,,1164928,340064513.05,27110,F1,1,,,,,
2026-08-28,2026-08-28,CM,NSE,STK,2868,INE106T01025,HITECH,EQ,,,,,HI-TECH PIPES LIMITED,78.12,82.73,78.12,82.05,82.02,77.93,,82.05,,,1162242,94011602.61,8392,F1,1,,,,,
2026-08-28,2026-08-28,CM,NSE,STK,759477,INE01TY01017,CANHLIFE,EQ,,,,,CANARA HSBC LIFE INS CO L,157.5,159.0,153.1,154.19,154.5,156.89,,154.18,,,1161040,179698491.37,12849,F1,1,,,,,
2026-08-28,2026-08-28,CM,NSE,STK,18608,INE07K301024,ZAGGLE,EQ,,,,,ZAGGLE PREPA OCEAN SER L,189.43,193.4,188.4,190.26,190.96,189.43,,190.25,,,1160425,221400260.5,13342,F1,1,,,,,
2026-08-28,2026-08-28,CM,NSE,STK,759265,INE976I01016,TATACAP,EQ,,,,,TATA CAPITAL LIMITED,376.1,377.75,372.9,375.7,376.0,376.0,,375.7,,,1158290,435346437.9,25418,F1,1,,,,,
2026-08-28,2026-08-28,CM,NSE,STK,3024,INE324A01032,JINDALSAW,EQ,,,,,JINDAL SAW LIMITED,310.25,311.2,305.05,308.6,309.0,310.25,,308.59,,,1154109,355555443.7,19347,F1,1,,,,,
2026-08-28,2026-08-28,CM,NSE,STK,18096,INE797F01020,JUBLFOOD,EQ,,,,,JUBILANT FOODWORKS LTD,502.25,502.7,490.05,490.45,490.45,504.0,,490.45,,,1153110,570814904.8,24513,F1,1,,,,,
2026-08-28,2026-08-28,CM,NSE,STK,17818,INE214T01019,LTM,EQ,,,,,LTM LIMITED,4500.9,4700.0,4500.9,4675.0,4675.0,4464.0,,4675.41,,,1148000,5341658333.1,90379,F1,1,,,,,
2026-08-28,2026-08-28,CM,NSE,STK,3351,INE044A01036,SUNPHARMA,EQ,,,,,SUN PHARMACEUTICAL IND L,1925.0,1931.0,1903.8,1920.0,1920.0,1913.3,,1920.0,,,1140742,2189037517.0,65184,F1,1,,,,,
2026-08-28,2026-08-28,CM,NSE,STK,760259,INE0E7301029,WAKEFIT,EQ,,,,,WAKEFIT INNOVATIONS LTD,146.5,151.88,144.05,144.71,144.6,147.72,,144.71,,,1135910,169269251.82,10597,F1,1,,,,,
2026-08-28,2026-08-28,CM,NSE,STK,8110,INE699H01024,AWL,EQ,,,,,AWL AGRI BUSINESS LIMITED,199.74,199.74,195.3,196.27,195.81,199.74,,196.27,,,1135382,224255441.56,23429,F1,1,,,,,
2026-08-28,2026-08-28,CM,NSE,STK,18562,INE997Y01027,MITTAL,EQ,,,,,MITTAL LIFE STYLE LIMITED,0.86,0.86,0.75,0.83,0.84,0.85,,0.83,,,1129631,940958.68,424,F1,1,,,,,
2026-08-28,2026-08-28,CM,NSE,STK,762663,INE669R01026,ELITECON,EQ,,,,,ELITECON INTERNATIONAL L,11.2,11.2,11.2,11.2,11.2,11.78,,11.2,,,1116613,12506065.6,3079,F1,1,,,,,
2026-08-28,2026-08-28,CM,NSE,STK,11522,INE161A01038,NIITLTD,EQ,,,,,NIIT LIMITED,102.95,106.7,102.21,105.52,106.03,102.94,,105.52,,,1104323,116235796.86,10607,F1,1,,,,,
2026-08-28,2026-08-28,CM,NSE,STK,22440,INF789F1AUV1,BANKBETA,EQ,,,,,UTIAMC-BANKBETA,59.58,59.72,59.31,59.48,59.43,59.58,,59.48,,,1102472,65428489.98,377,F1,1,,,,,
2026-08-28,2026-08-28,CM,NSE,STK,17029,INE619A01035,PATANJALI,EQ,,,,,PATANJALI FOODS LIMITED,349.0,349.8,345.35,348.45,348.45,348.25,,348.47,,,1099007,381855083.05,69149,F1,1,,,,,
2026-08-28,2026-08-28,CM,NSE,STK,19731,INE517F01014,GPPL,EQ,,,,,GUJARAT PIPAVAV PORT LTD,169.55,169.55,167.4,168.75,168.7,169.1,,168.75,,,1092016,184032607.69,12181,F1,1,,,,,
2026-08-28,2026-08-28,CM,NSE,STK,764301,INE084101034,INDOMIM,EQ,,,,,INDO-MIM LIMITED,881.7,892.0,864.45,868.05,869.0,877.5,,868.07,,,1086896,951162977.1,35935,F1,1,,,,,
2026-08-28,2026-08-28,CM,NSE,STK,3586,INE514Y01020,MOKSH,EQ,,,,,MOKSH ORNAMENTS LIMITED,10.06,11.5,10.01,10.69,10.66,10.08,,10.69,,,1086495,11629792.71,1589,F1,1,,,,,
2026-08-28,2026-08-28,CM,NSE,STK,757658,INE771F01041,FISCHER,EQ,,,,,FISCHER MEDICAL VENTURE L,35.53,36.5,34.89,35.44,36.3,35.27,,35.51,,,1086361,38512964.3,3644,F1,1,,,,,
2026-08-28,2026-08-28,CM,NSE,STK,5701,INE491A01021,CUB,EQ,,,,,CITY UNION BANK LTD,229.05,230.92,221.77,222.24,222.65,229.23,,222.24,,,1085352,244312521.72,21072,F1,1,,,,,
2026-08-28,2026-08-28,CM,NSE,STK,23365,INE416A01051,AQYLON,EQ,,,,,AQYLON NEXUS LIMITED,23.2,23.34,22.11,22.11,22.11,23.27,,22.13,,,1075974,24223772.77,1548,F1,1,,,,,
2026-08-28,2026-08-28,CM,NSE,STK,8510,INE079J01017,GATEWAY,EQ,,,,,GATEWAY DISTRIPARKS LTD,53.98,53.98,53.01,53.61,53.39,53.74,,53.6,,,1075095,57350627.48,5843,F1,1,,,,,
2026-08-28,2026-08-28,CM,NSE,STK,8806,INE00LM01029,SONAMLTD,EQ,,,,,SONAM LIMITED,64.8,74.6,63.6,73.17,73.0,63.24,,73.17,,,1074944,76606970.85,6051,F1,1,,,,,
2026-08-28,2026-08-28,CM,NSE,STK,13517,INE548C01032,EMAMILTD,EQ,,,,,EMAMI LIMITED,388.0,388.55,378.3,379.4,381.0,387.7,,379.4,,,1065144,407642364.3,29906,F1,1,,,,,
2026-08-28,2026-08-28,CM,NSE,STK,757767,INE12NJ01018,SAMBHV,EQ,,,,,SAMBHV STEEL TUBES LTD,124.68,128.18,123.5,127.41,127.99,124.14,,127.41,,,1060636,134109031.69,9819,F1,1,,,,,
2026-08-28,2026-08-28,CM,NSE,STK,14732,INE271C01023,DLF,EQ,,,,,DLF LIMITED,680.0,682.95,672.5,679.8,679.8,676.15,,679.79,,,1060004,717998915.6,30945,F1,1,,,,,
2026-08-28,2026-08-28,CM,NSE,STK,21578,INE073V01015,COMSYN,EQ,,,,,COMMERCIAL SYN BAGS LTD,283.75,286.76,266.04,282.0,280.7,283.75,,282.01,,,1058298,290987238.14,5807,F1,1,,,,,
2026-08-28,2026-08-28,CM,NSE,STK,13404,INE424H01027,SUNTV,EQ,,,,,SUN TV NETWORK LIMITED,465.0,481.2,463.3,474.5,473.8,463.95,,474.5,,,1054319,499973569.7,49123,F1,1,,,,,
2026-08-28,2026-08-28,CM,NSE,STK,17053,INE0ECP01024,HMAAGRO,EQ,,,,,HMA AGRO INDUSTRIES LTD,21.07,21.22,20.72,20.97,21.0,20.9,,20.97,,,1054199,22089697.52,2237,F1,1,,,,,
2026-08-28,2026-08-28,CM,NSE,STK,21174,INE736A01011,CDSL,EQ,,,,,CENTRAL DEPO SER (I) LTD,1410.8,1417.3,1397.0,1414.7,1414.7,1410.8,,1414.7,,,1052357,1483402975.4,34284,F1,1,,,,,
2026-08-28,2026-08-28,CM,NSE,STK,18124,INE879I01012,DBREALTY,EQ,,,,,VALOR ESTATE LIMITED,107.01,109.5,105.5,107.37,107.5,106.85,,107.37,,,1049285,112965553.36,9676,F1,1,,,,,
2026-08-28,2026-08-28,CM,NSE,STK,21808,INE123W01016,SBILIFE,EQ,,,,,SBI LIFE INSURANCE CO LTD,1780.4,1782.0,1747.8,1761.1,1761.1,1773.2,,1761.11,,,1039823,1827055698.0,36994,F1,1,,,,,
2026-08-28,2026-08-28,CM,NSE,STK,25780,INE702C01027,APLAPOLLO,EQ,,,,,APL APOLLO TUBES LTD,2187.0,2278.4,2182.5,2265.6,2265.6,2188.0,,2265.56,,,1037530,2320954896.2,38752,F1,1,,,,,
2026-08-28,2026-08-28,CM,NSE,STK,27176,INE0ONG01011,NTPCGREEN,EQ,,,,,NTPC GREEN ENERGY LIMITED,91.04,91.45,90.75,90.82,90.77,90.99,,90.82,,,1033809,94125416.95,11275,F1,1,,,,,
2026-08-28,2026-08-28,CM,NSE,STK,5851,INF174KA1ZB7,BANKNIFTY1,EQ,,,,,KOTAKMAMC-KOTAKBKETF,59.82,60.6,59.53,60.0,60.04,59.76,,60.0,,,1030739,61726923.85,840,F1,1,,,,,
2026-08-28,2026-08-28,CM,NSE,STK,761270,INE598D01035,ALGOQUANT,EQ,,,,,ALGOQUANT FINTECH LIMITED,65.0,66.38,64.08,64.56,65.45,64.88,,64.54,,,1028546,66236444.46,1974,F1,1,,,,,
2026-08-28,2026-08-28,CM,NSE,STK,5258,INE095A01012,INDUSINDBK,EQ,,,,,INDUSIND BANK LIMITED,997.0,1000.6,987.3,994.0,994.0,1002.9,,994.0,,,1026834,1018955659.3,55158,F1,1,,,,,
2026-08-28,2026-08-28,CM,NSE,STK,17957,INE123F01029,MMTC,EQ,,,,,MMTC LIMITED,63.55,63.79,63.0,63.07,63.2,63.51,,63.07,,,1025217,64888629.51,6273,F1,1,,,,,
2026-08-28,2026-08-28,CM,NSE,STK,20825,INE031A01017,HUDCO,EQ,,,,,HSG & URBAN DEV CORPN LTD,182.5,184.27,181.6,183.23,183.0,182.63,,183.26,,,1015334,186031306.97,23199,F1,1,,,,,
2026-08-28,2026-08-28,CM,NSE,STK,1628,INE495P01020,BECTORFOOD,EQ,,,,,MRS BECTORS FOOD SPE LTD,240.0,241.28,230.29,232.87,233.38,238.12,,232.61,,,1011561,238375771.46,17253,F1,1,,,,,
2026-08-28,2026-08-28,CM,NSE,STK,27037,INE760L01018,TBZ,EQ,,,,,TRIB BHIMJI ZAVERI LTD,306.0,311.25,294.8,301.7,300.7,306.1,,301.71,,,998166,302316148.5,16895,F1,1,,,,,
2026-08-28,2026-08-28,CM,NSE,STK,12913,INE324X01026,SARVESHWAR,EQ,,,,,SARVESHWAR FOODS LIMITED,3.43,3.48,3.39,3.4,3.41,3.42,,3.4,,,996451,3409566.45,1340,F1,1,,,,,
2026-08-28,2026-08-28,CM,NSE,STK,17869,INE121E01018,JSWENERGY,EQ,,,,,JSW ENERGY LIMITED,539.8,542.0,535.3,535.3,535.3,542.1,,535.3,,,995262,536266666.5,32579,F1,1,,,,,
2026-08-28,2026-08-28,CM,NSE,STK,3220,INE670K01029,LODHA,EQ,,,,,LODHA DEVELOPERS LIMITED,1260.0,1274.0,1248.5,1274.0,1274.0,1246.3,,1273.97,,,995058,1256199184.5,27575,F1,1,,,,,
2026-08-28,2026-08-28,CM,NSE,STK,5449,INE488A01050,CHEMPLASTS,EQ,,,,,CHEMPLAST SANMAR LIMITED,178.5,188.5,178.5,182.68,181.55,178.65,,182.7,,,993182,183578054.94,19903,F1,1,,,,,
2026-08-28,2026-08-28,CM,NSE,STK,3149,INE666D01022,BORORENEW,EQ,,,,,BOROSIL RENEWABLES LTD,514.5,520.0,501.0,502.25,502.0,517.55,,502.26,,,988158,501427969.3,20448,F1,1,,,,,
2026-08-28,2026-08-28,CM,NSE,STK,21339,INE503B01021,STEELXIND,EQ,,,,,STEEL EXCHANGE INDIA LTD,10.65,10.75,10.5,10.65,10.64,10.66,,10.65,,,987877,10458552.34,1527,F1,1,,,,,
2026-08-28,2026-08-28,CM,NSE,STK,11256,INE091G01026,JAIBALAJI,EQ,,,,,JAI BALAJI INDUSTRIES LTD,70.3,70.81,68.45,69.23,69.9,70.16,,69.23,,,986503,68582555.16,3886,F1,1,,,,,
2026-08-28,2026-08-28,CM,NSE,STK,11884,INE993A01026,MANINDS,EQ,,,,,MAN INDUSTRIES (I) LTD.,777.55,778.95,748.0,768.2,767.55,767.45,,768.19,,,985437,752158287.1,34212,F1,1,,,,,
2026-08-28,2026-08-28,CM,NSE,STK,10905,INE727B01026,GENESYS,EQ,,,,,GENESYS INTL CORPN LTD,234.5,234.5,222.0,227.8,226.3,234.5,,227.81,,,984498,223442148.45,13849,F1,1,,,,,
2026-08-28,2026-08-28,CM,NSE,STK,10407,INE013801027,KSHITIJPOL,EQ,,,,,KSHITIJ POLYLINE LIMITED,3.01,3.08,2.96,3.05,3.07,3.01,,3.05,,,983386,2998987.45,874,F1,1,,,,,
2026-08-28,2026-08-28,CM,NSE,STK,817,INE500A01029,DCW,EQ,,,,,DCW LTD,45.95,46.9,45.81,46.4,46.39,45.95,,46.4,,,981591,45550849.69,4482,F1,1,,,,,
2026-08-28,2026-08-28,CM,NSE,STK,764548,INE869T01028,MOLBIO,EQ,,,,,MOLBIO DIAGNOSTICS LTD,1153.95,1156.1,1077.5,1094.75,1117.0,1144.15,,1094.89,,,980898,1094544462.55,35736,F1,1,,,,,
2026-08-28,2026-08-28,CM,NSE,STK,419,INE922A01025,BEPL,EQ,,,,,BHANSALI ENG. POLYMERS LT,122.0,125.8,121.51,123.52,123.59,121.43,,123.5,,,979785,121307599.77,7786,F1,1,,,,,
2026-08-28,2026-08-28,CM,NSE,STK,3432,INE192A01025,TATACONSUM,EQ,,,,,TATA CONSUMER PRODUCT LTD,1047.0,1047.0,1030.4,1040.7,1040.7,1042.0,,1040.7,,,971764,1006632710.1,37300,F1,1,,,,,
2026-08-28,2026-08-28,CM,NSE,STK,13423,INE050401020,ELIN,EQ,,,,,ELIN ELECTRONICS LIMITED,101.39,106.75,100.55,104.88,103.72,100.64,,104.89,,,965462,100382611.91,8830,F1,1,,,,,
2026-08-28,2026-08-28,CM,NSE,STK,758700,INE784R01023,ARFIN,EQ,,,,,ARFIN INDIA LIMITED,86.11,86.3,84.65,85.77,85.99,85.4,,85.77,,,964118,82182760.32,2417,F1,1,,,,,
2026-08-28,2026-08-28,CM,NSE,STK,18391,INE976G01028,RBLBANK,EQ,,,,,RBL BANK LIMITED,384.7,384.7,380.1,382.0,382.0,385.4,,381.99,,,963822,367963030.65,26109,F1,1,,,,,
2026-08-28,2026-08-28,CM,NSE,STK,18365,INE262H01021,PERSISTENT,EQ,,,,,PERSISTENT SYSTEMS LTD,5677.0,5910.0,5677.0,5875.0,5875.0,5654.0,,5874.84,,,957631,5584987716.5,69212,F1,1,,,,,
2026-08-28,2026-08-28,CM,NSE,STK,4503,INE356A01018,MPHASIS,EQ,,,,,MPHASIS LIMITED,2426.3,2482.0,2425.1,2455.0,2455.0,2413.6,,2455.0,,,956656,2349649771.0,25858,F1,1,,,,,
2026-08-28,2026-08-28,CM,NSE,STK,10871,INE192H01020,GRMOVER,EQ,,,,,GRM OVERSEAS LIMITED,87.07,88.65,86.0,86.38,86.0,87.76,,86.38,,,956059,83270209.46,3993,F1,1,,,,,
2026-08-28,2026-08-28,CM,NSE,STK,25178,INE419M01035,TDPOWERSYS,EQ,,,,,TD POWER SYSTEMS LTD.,748.9,761.9,746.1,752.7,751.6,740.6,,752.7,,,955212,719315738.8,32704,F1,1,,,,,
2026-08-28,2026-08-28,CM,NSE,STK,24870,INE878H01024,INVENTURE,EQ,,,,,INVENTURE GRO & SEC LTD,0.97,0.98,0.94,0.96,0.96,0.97,,0.96,,,936470,899727.43,432,F1,1,,,,,
2026-08-28,2026-08-28,CM,NSE,STK,1394,INE030A01027,HINDUNILVR,EQ,,,,,HINDUSTAN UNILEVER LTD.,2018.0,2018.0,1997.5,2010.4,2010.4,2009.0,,2010.4,,,933212,1869568230.8,43909,F1,1,,,,,
2026-08-28,2026-08-28,CM,NSE,STK,10099,INE102D01028,GODREJCP,EQ,,,,,GODREJ CONSUMER PRODUCTS,927.8,927.8,911.6,915.0,915.0,923.0,,914.98,,,930774,851553725.6,23601,F1,1,,,,,
2026-08-28,2026-08-28,CM,NSE,STK,12015,INE065D01027,AEROENTER,EQ,,,,,AEROFLEX ENTERPRISES LTD,144.82,147.43,143.05,146.29,146.1,142.66,,146.29,,,930558,135704731.11,9749,F1,1,,,,,
2026-08-28,2026-08-28,CM,NSE,STK,592,INE371A01025,GRAPHITE,EQ,,,,,GRAPHITE INDIA LTD,683.9,705.6,683.0,696.0,695.5,683.0,,696.03,,,930045,649096674.45,36210,F1,1,,,,,
2026-08-28,2026-08-28,CM,NSE,STK,758973,INE01R501028,VIKRAN,EQ,,,,,VIKRAN ENGINEERING LTD,59.52,60.21,59.0,59.39,59.5,59.47,,59.39,,,921337,54730984.64,5394,F1,1,,,,,
2026-08-28,2026-08-28,CM,NSE,STK,8585,INE589A01014,NLCINDIA,EQ,,,,,NLC INDIA LIMITED,268.9,272.05,268.4,270.6,269.5,268.8,,270.61,,,916598,247267611.8,15664,F1,1,,,,,
2026-08-28,2026-08-28,CM,NSE,STK,8828,INE036B01030,GAEL,EQ,,,,,GUJARAT AMBUJA EXPORTS LT,169.0,170.57,165.56,166.98,167.4,168.5,,167.02,,,913733,153123299.43,16281,F1,1,,,,,
2026-08-28,2026-08-28,CM,NSE,STK,763294,INE12F801023,KISSHT,EQ,,,,,ONEMI TECHNOLOGY SOL LTD,302.9,312.0,302.4,306.3,306.45,303.1,,306.3,,,907622,279312333.25,31771,F1,1,,,,,
2026-08-28,2026-08-28,CM,NSE,STK,764537,INE551C01044,SHUKRAPHAR,EQ,,,,,SHUKRA PHARMACEUTICALS L,44.25,45.33,44.25,44.28,44.61,44.22,,44.28,,,901483,40042573.5,1723,F1,1,,,,,
2026-08-28,2026-08-28,CM,NSE,STK,913,INE063P01018,EQUITASBNK,EQ,,,,,EQUITAS SMALL FIN BNK LTD,74.17,74.5,73.49,73.9,74.1,74.17,,74.07,,,898730,66449823.07,10111,F1,1,,,,,
2026-08-28,2026-08-28,CM,NSE,STK,11483,INE018A01030,LT,EQ,,,,,LARSEN & TOUBRO LTD.,4045.0,4060.0,4021.3,4045.8,4045.8,4027.0,,4045.58,,,893956,3609013321.2,52314,F1,1,,,,,
2026-08-28,2026-08-28,CM,NSE,STK,18011,INE716A01013,WHIRLPOOL,EQ,,,,,WHIRLPOOL OF INDIA LTD,835.0,835.0,806.1,813.25,814.8,841.15,,813.24,,,893000,728829534.9,27663,F1,1,,,,,
2026-08-28,2026-08-28,CM,NSE,STK,17279,INE153T01027,BLS,EQ,,,,,BLS INTL SERVS LTD,238.1,240.45,237.2,239.03,239.15,238.07,,239.02,,,890636,212730675.6,17695,F1,1,,,,,
2026-08-28,2026-08-28,CM,NSE,STK,857,INE041A01016,DHAMPURSUG,EQ,,,,,DHAMPUR SUGAR MILLS LTD.,173.0,178.46,171.96,175.23,175.84,170.92,,175.25,,,890434,155740132.07,11082,F1,1,,,,,
2026-08-28,2026-08-28,CM,NSE,STK,20778,INE039C01032,JAMNAAUTO,EQ,,,,,JAMNA AUTO IND LTD,119.88,122.72,119.88,120.8,121.16,119.88,,120.8,,,886484,107497213.07,9941,F1,1,,,,,
2026-08-28,2026-08-28,CM,NSE,STK,13285,INE774D01024,M&MFIN,EQ,,,,,M&M FIN. SERVICES LTD,383.35,384.35,375.2,376.6,376.15,383.35,,376.6,,,886148,334620457.55,26520,F1,1,,,,,
2026-08-28,2026-08-28,CM,NSE,STK,5394,INE0CT101020,MOL,EQ,,,,,MEGHMANI ORGANICS LIMITED,60.56,61.9,60.29,60.94,60.96,60.29,,60.94,,,885447,54065201.28,4082,F1,1,,,,,
2026-08-28,2026-08-28,CM,NSE,STK,5633,INE168A01041,J&KBANK,EQ,,,,,J & K BANK LTD.,151.93,152.39,149.0,150.01,150.0,152.17,,150.0,,,884757,132814902.05,14043,F1,1,,,,,
2026-08-28,2026-08-28,CM,NSE,STK,18151,INE395N01027,TVSSCS,EQ,,,,,TVS SUPPLY CHAIN SOL L,131.09,133.66,130.3,131.56,131.0,130.79,,131.58,,,884652,116656122.7,10606,F1,1,,,,,
2026-08-28,2026-08-28,CM,NSE,STK,1235,INE224A01026,GREAVESCOT,EQ,,,,,GREAVES COTTON LTD.,192.02,196.53,192.02,194.41,194.11,191.17,,194.41,,,884651,172066783.07,9284,F1,1,,,,,
2026-08-28,2026-08-28,CM,NSE,STK,14233,INF179KC1FB2,HDFCSML250,EQ,,,,,HDFCAMC - HDFCSML250,186.82,186.82,185.56,186.5,186.55,185.58,,186.48,,,879722,163957575.1,8440,F1,1,,,,,
2026-08-28,2026-08-28,CM,NSE,STK,17752,INE790G01031,SHILPAMED,EQ,,,,,SHILPA MEDICARE LTD,901.0,910.0,890.7,903.8,901.0,901.85,,903.81,,,879302,792373817.6,33099,F1,1,,,,,
2026-08-28,2026-08-28,CM,NSE,STK,24067,INE0HV901016,IXIGO,EQ,,,,,LE TRAVENUES TECHNOLOGY L,164.73,167.91,163.0,163.36,163.78,162.83,,163.36,,,879086,144394835.36,15025,F1,1,,,,,
2026-08-28,2026-08-28,CM,NSE,STK,21334,INE980O01024,JYOTICNC,EQ,,,,,JYOTI CNC AUTOMATION LTD,1029.8,1048.0,1014.55,1039.4,1033.4,1029.8,,1039.39,,,873856,905595950.7,45284,F1,1,,,,,
2026-08-28,2026-08-28,CM,NSE,STK,21238,INE949L01017,AUBANK,EQ,,,,,AU SMALL FINANCE BANK LTD,1086.3,1094.3,1073.3,1077.1,1077.1,1091.0,,1077.1,,,871951,944558490.3,41897,F1,1,,,,,
2026-08-28,2026-08-28,CM,NSE,STK,759448,INE1B6101010,SHREEJISPG,EQ,,,,,SHREEJI SHIPPING GLOBAL L,640.7,659.85,635.25,652.5,650.0,640.35,,652.53,,,863122,555754847.7,6468,F1,1,,,,,
2026-08-28,2026-08-28,CM,NSE,STK,6718,INE806T01020,SAPPHIRE,EQ,,,,,SAPPHIRE FOODS INDIA LTD,238.5,242.4,230.01,231.5,232.0,239.74,,231.52,,,862659,202084275.56,33518,F1,1,,,,,
2026-08-28,2026-08-28,CM,NSE,STK,21770,INE765G01017,ICICIGI,EQ,,,,,ICICI LOMBARD GIC LIMITED,1588.1,1589.0,1550.1,1562.0,1562.0,1588.1,,1562.03,,,859511,1343251482.6,53811,F1,1,,,,,
2026-08-28,2026-08-28,CM,NSE,STK,25844,INE0V6F01027,HYUNDAI,EQ,,,,,HYUNDAI MOTOR INDIA LTD,2248.7,2279.0,2240.3,2267.0,2267.0,2253.0,,2266.99,,,855357,1937849999.8,68318,F1,1,,,,,
2026-08-28,2026-08-28,CM,NSE,STK,3275,INE869Y01028,TEMBO,EQ,,,,,TEMBO GLOBAL IND LTD,57.7,59.0,57.25,58.2,58.0,57.7,,58.2,,,851623,49586439.0,2624,F1,1,,,,,
2026-08-28,2026-08-28,CM,NSE,STK,10599,INE844O01030,GUJENERGY,EQ,,,,,GUJARAT ENERGY LIMITED,251.9,255.65,250.0,254.8,254.7,250.35,,254.8,,,848622,214785337.8,18522,F1,1,,,,,
2026-08-28,2026-08-28,CM,NSE,STK,1250,INE172A01027,CASTROLIND,EQ,,,,,CASTROL INDIA LIMITED,185.55,186.95,185.06,185.24,185.3,185.27,,185.24,,,848396,157803083.78,18012,F1,1,,,,,
2026-08-28,2026-08-28,CM,NSE,STK,765130,INE154B01023,MOHITE,EQ,,,,,MOHITE INDUSTRIES LTD.,2.64,3.16,2.6,2.95,2.99,2.64,,2.95,,,843639,2555872.73,519,F1,1,,,,,
2026-08-28,2026-08-28,CM,NSE,STK,3481,INE332A01027,THOMASCOOK,EQ,,,,,THOMAS COOK (INDIA) LTD,110.0,111.35,108.0,108.43,108.35,110.06,,108.43,,,841847,91838310.08,11241,F1,1,,,,,
2026-08-28,2026-08-28,CM,NSE,STK,13409,INE177H01039,GPIL,EQ,,,,,GODAWARI POW & ISP LTD,240.6,247.0,239.0,239.85,240.0,240.33,,239.85,,,837487,202434177.25,13764,F1,1,,,,,
2026-08-28,2026-08-28,CM,NSE,STK,163,INE438A01022,APOLLOTYRE,EQ,,,,,APOLLO TYRES LTD,448.1,451.0,442.1,443.5,443.5,443.25,,443.5,,,836372,374362449.6,23412,F1,1,,,,,
2026-08-28,2026-08-28,CM,NSE,STK,4986,INE962Y01021,IRCON,EQ,,,,,IRCON INTERNATIONAL LTD,123.3,123.89,122.2,122.4,123.0,123.04,,122.41,,,834876,102711945.35,11487,F1,1,,,,,
2026-08-28,2026-08-28,CM,NSE,STK,9558,INE256Z01025,AKSHAR,EQ,,,,,AKSHAR SPINTEX LIMITED,0.42,0.43,0.41,0.42,0.43,0.42,,0.43,,,834403,352690.15,256,F1,1,,,,,
2026-08-28,2026-08-28,CM,NSE,STK,24781,INF209KB19D1,BSLNIFTY,EQ,,,,,ADITYBIRLA SL NIF ETF-GR,28.79,28.79,28.1,28.38,28.43,28.4,,28.38,,,832664,23625510.57,3166,F1,1,,,,,
2026-08-28,2026-08-28,CM,NSE,STK,2493,INE750A01020,ORIENTHOT,EQ,,,,,ORIENT HOTELS LTD,139.15,139.89,136.8,137.48,137.94,139.15,,137.55,,,831534,114483944.04,7452,F1,1,,,,,
2026-08-28,2026-08-28,CM,NSE,STK,22463,INE0G5901015,EPACK,EQ,,,,,EPACK DURABLE LIMITED,196.75,197.5,190.98,191.95,192.95,196.86,,191.96,,,829652,160011447.22,11692,F1,1,,,,,
2026-08-28,2026-08-28,CM,NSE,STK,10577,INE001B01026,KRBL,EQ,,,,,KRBL LIMITED,431.5,443.85,424.0,437.65,435.6,433.55,,437.65,,,829333,361606884.85,14224,F1,1,,,,,
2026-08-28,2026-08-28,CM,NSE,STK,759093,INE1B3L01017,SHRINGARMS,EQ,,,,,SHRINGAR HOU OF MANGALS L,219.75,224.3,218.0,220.17,220.0,219.37,,220.17,,,827671,183732604.35,4131,F1,1,,,,,
2026-08-28,2026-08-28,CM,NSE,STK,17187,INE055S01018,CYIENTDLM,EQ,,,,,CYIENT DLM LIMITED,815.0,836.3,800.0,819.1,820.0,810.4,,819.11,,,817892,669563714.35,42558,F1,1,,,,,
2026-08-28,2026-08-28,CM,NSE,STK,22717,INE010601016,ENTERO,EQ,,,,,ENTERO HEALTHCARE SOLU L,1749.6,1838.0,1745.2,1808.6,1807.0,1753.5,,1808.64,,,815739,1475730749.5,51329,F1,1,,,,,
2026-08-28,2026-08-28,CM,NSE,STK,759244,INE0YD401026,JAINREC,EQ,,,,,JAIN RESOURCE RECYCLING L,285.1,293.35,285.1,287.95,287.9,285.05,,287.95,,,811696,234544443.65,16108,F1,1,,,,,
2026-08-28,2026-08-28,CM,NSE,STK,7406,INE935A01035,GLENMARK,EQ,,,,,GLENMARK PHARMACEUTICALS,2460.0,2537.6,2431.7,2515.0,2515.0,2460.0,,2515.01,,,807816,2010340569.1,53159,F1,1,,,,,
2026-08-28,2026-08-28,CM,NSE,STK,2837,INE625B01014,RANASUG,EQ,,,,,RANA SUGARS LTD.,14.45,15.45,14.45,15.31,15.39,14.75,,15.3,,,804346,12172543.01,1920,F1,1,,,,,
2026-08-28,2026-08-28,CM,NSE,STK,12489,INE00M201021,SWSOLAR,EQ,,,,,STRLNG & WIL REN ENE LTD,198.0,201.56,195.01,195.37,195.3,199.15,,195.38,,,803620,158558971.27,10202,F1,1,,,,,
2026-08-28,2026-08-28,CM,NSE,STK,685,INE121A01024,CHOLAFIN,EQ,,,,,CHOLAMANDALAM IN & FIN CO,1878.0,1878.0,1845.0,1862.9,1862.9,1875.4,,1862.41,,,803008,1494237014.8,27822,F1,1,,,,,
2026-08-28,2026-08-28,CM,NSE,STK,19578,INE071E01023,UGARSUGAR,EQ,,,,,THE UGAR SUGAR WORKS LTD,50.9,55.87,50.41,54.13,55.0,50.7,,54.15,,,801341,42457834.16,6156,F1,1,,,,,
2026-08-28,2026-08-28,CM,NSE,STK,29075,INE0M4D01010,SETL,EQ,,,,,STANDARD ENGNG TCNLGY LTD,354.0,364.2,351.1,364.2,364.2,346.9,,364.21,,,797470,288470343.85,4681,F1,1,,,,,
2026-08-28,2026-08-28,CM,NSE,STK,13251,INE190H01024,SAKUMA,EQ,,,,,SAKUMA EXPORTS LIMITED,1.71,1.73,1.69,1.71,1.72,1.71,,1.71,,,797283,1365585.4,767,F1,1,,,,,
2026-08-28,2026-08-28,CM,NSE,STK,13342,INE051B01021,VAKRANGEE,EQ,,,,,VAKRANGEE LIMITED,5.91,5.99,5.81,5.89,5.9,5.92,,5.89,,,794251,4673805.9,1386,F1,1,,,,,
2026-08-28,2026-08-28,CM,NSE,STK,13081,INE256C01024,TRIVENI,EQ,,,,,TRIVENI ENGG. & INDS. LTD,285.3,287.93,279.42,283.82,284.0,282.21,,283.83,,,792373,224508730.45,17171,F1,1,,,,,
2026-08-28,2026-08-28,CM,NSE,STK,18252,INE212I01016,SPAL,EQ,,,,,S. P. APPARELS LIMITED,980.0,1049.9,980.0,1022.0,1021.0,952.95,,1022.18,,,789999,801613994.8,39007,F1,1,,,,,
2026-08-28,2026-08-28,CM,NSE,STK,11896,INE007B01023,GEOJITFSL,EQ,,,,,GEOJIT FINANCIAL SER L,82.64,85.25,81.4,83.7,83.75,82.64,,83.69,,,785239,65625322.78,6136,F1,1,,,,,
2026-08-28,2026-08-28,CM,NSE,STK,7412,INF174KA1IA5,ALPHA,EQ,,,,,KOTAKMAMC - KOTAKALPHA,55.35,55.52,55.0,55.39,55.5,55.08,,55.39,,,785101,43366822.41,2132,F1,1,,,,,
2026-08-28,2026-08-28,CM,NSE,STK,18931,INE108E01023,SUNDARAM,EQ,,,,,SUNDARAM MULTI PAP LTD,1.23,1.28,1.2,1.27,1.27,1.23,,1.27,,,783863,976704.55,349,F1,1,,,,,
2026-08-28,2026-08-28,CM,NSE,STK,760073,INE903A01025,JAYKAY,EQ,,,,,JAYKAY ENTERPRISES LTD,151.22,156.8,149.0,154.11,154.95,169.62,,154.12,,,781470,119748428.11,11518,F1,1,,,,,
2026-08-28,2026-08-28,CM,NSE,STK,23181,INF247L01CH6,MOSMALL250,EQ,,,,,MOTILALAMC - MOSMALL250,18.07,18.64,18.07,18.55,18.57,18.54,,18.55,,,777493,14435309.12,1678,F1,1,,,,,
2026-08-28,2026-08-28,CM,NSE,STK,3563,INE364U01010,ADANIGREEN,EQ,,,,,ADANI GREEN ENERGY LTD,1319.8,1321.0,1303.2,1311.0,1311.0,1328.5,,1310.9,,,776595,1016788185.8,20162,F1,1,,,,,
2026-08-28,2026-08-28,CM,NSE,STK,16719,INE326B01035,ALMONDZ,EQ,,,,,ALMONDZ GLOBAL SEC LTD,16.5,17.49,16.0,16.96,16.99,16.15,,16.96,,,774739,13046938.38,1850,F1,1,,,,,
2026-08-28,2026-08-28,CM,NSE,STK,10940,INE361B01024,DIVISLAB,EQ,,,,,DIVI S LABORATORIES LTD,9099.5,9270.0,9080.5,9239.0,9239.0,9060.0,,9240.56,,,773225,7106742836.0,56456,F1,1,,,,,
2026-08-28,2026-08-28,CM,NSE,STK,29087,INE0LRY01011,QUADFUTURE,EQ,,,,,QUADRANT FUTURE TEK LTD,434.8,445.0,424.25,429.2,425.5,432.55,,429.21,,,767293,334891062.35,15958,F1,1,,,,,
2026-08-28,2026-08-28,CM,NSE,STK,10768,INE959C01023,OAL,EQ,,,,,ORIENTAL AROMATICS LTD,425.0,492.7,424.0,487.8,486.0,428.95,,487.81,,,765470,358024095.8,32190,F1,1,,,,,
2026-08-28,2026-08-28,CM,NSE,STK,3718,INE226A01021,VOLTAS,EQ,,,,,VOLTAS LTD,1225.0,1225.0,1195.0,1200.0,1200.0,1217.5,,1200.0,,,761300,915897421.0,25670,F1,1,,,,,
2026-08-28,2026-08-28,CM,NSE,STK,193,INE034A01011,ARVIND,EQ,,,,,ARVIND LIMITED,545.0,545.25,532.2,543.35,539.1,540.95,,543.35,,,760011,409832828.9,18102,F1,1,,,,,
2026-08-28,2026-08-28,CM,NSE,STK,335,INE787D01026,BALKRISIND,EQ,,,,,BALKRISHNA IND. LTD,2358.0,2360.9,2326.5,2340.1,2344.0,2352.1,,2340.08,,,755064,1767480004.1,93022,F1,1,,,,,
2026-08-28,2026-08-28,CM,NSE,STK,760407,INE346A01027,ICICIAMC,EQ,,,,,ICICI PRUDENTIAL AMC LTD,3114.8,3179.3,3088.6,3139.6,3140.0,3093.6,,3139.67,,,755036,2377557399.7,54766,F1,1,,,,,
2026-08-28,2026-08-28,CM,NSE,STK,760213,INE324D01010,LGEINDIA,EQ,,,,,LG ELECTRONICS INDIA LTD,1700.0,1719.2,1682.7,1691.4,1686.0,1700.4,,1691.31,,,753223,1285626973.9,32661,F1,1,,,,,
2026-08-28,2026-08-28,CM,NSE,STK,24814,INE02RE01045,FIRSTCRY,EQ,,,,,BRAINBEES SOLUTIONS LTD,188.53,189.5,184.97,185.48,185.34,188.26,,185.49,,,752050,139923188.77,12279,F1,1,,,,,
2026-08-28,2026-08-28,CM,NSE,STK,29962,INE599M01018,JUSTDIAL,EQ,,,,,JUSTDIAL LTD.,655.0,704.55,653.35,704.55,704.55,640.5,,704.56,,,739937,517527462.0,9281,F1,1,,,,,
2026-08-28,2026-08-28,CM,NSE,STK,758889,INE385F01024,SGMART,EQ,,,,,SG MART LIMITED,809.0,819.45,785.3,789.3,789.0,810.25,,789.28,,,739639,591196409.7,16641,F1,1,,,,,
2026-08-28,2026-08-28,CM,NSE,STK,759728,INE1C6T01020,EMMVEE,EQ,,,,,EMMVEE PHOTOVOLTAIC PWR L,327.3,331.0,322.75,324.1,324.65,327.3,,324.08,,,737469,239107476.5,17520,F1,1,,,,,
2026-08-28,2026-08-28,CM,NSE,STK,5204,INE131A01031,GMDCLTD,EQ,,,,,GUJARAT MINERAL DEV CORP,567.0,574.35,565.6,567.65,567.5,567.25,,567.65,,,736396,419079084.95,16469,F1,1,,,,,
2026-08-28,2026-08-28,CM,NSE,STK,20607,INE616N01034,INOXINDIA,EQ,,,,,INOX INDIA LIMITED,2175.0,2267.9,2115.2,2126.2,2118.0,2177.9,,2126.09,,,733868,1590385437.5,56284,F1,1,,,,,
2026-08-28,2026-08-28,CM,NSE,STK,24944,INF247L01DJ0,MODEFENCE,EQ,,,,,MOTILALAMC - MODEFENCE,108.36,108.38,106.52,106.85,106.9,107.31,,106.85,,,731681,78248153.37,6476,F1,1,,,,,
2026-08-28,2026-08-28,CM,NSE,STK,15174,INE763I01026,TARIL,EQ,,,,,TRANS & RECTI. LTD,304.8,308.45,301.6,303.45,303.5,304.15,,303.46,,,729621,222055610.7,14065,F1,1,,,,,
2026-08-28,2026-08-28,CM,NSE,STK,1247,INE026A01025,GSFC,EQ,,,,,GUJ STATE FERT & CHEM LTD,159.4,161.0,157.6,157.97,157.96,159.16,,157.97,,,729308,115512262.93,7150,F1,1,,,,,
2026-08-28,2026-08-28,CM,NSE,STK,25977,INE101I01011,AFCONS,EQ,,,,,AFCONS INFRASTRUCTURE LTD,284.0,292.0,284.0,286.65,286.0,285.05,,286.65,,,728796,210185778.4,14358,F1,1,,,,,
2026-08-28,2026-08-28,CM,NSE,STK,27297,INE834M01019,RTNINDIA,EQ,,,,,RATTANINDIA ENT LIMITED,30.16,30.45,30.0,30.24,30.32,30.1,,30.24,,,726146,21934909.16,3885,F1,1,,,,,
2026-08-28,2026-08-28,CM,NSE,STK,11530,INE02YR01019,EMIL,EQ,,,,,ELECTRONICS MART IND LTD,178.0,181.0,176.2,177.35,176.5,178.99,,177.35,,,724327,129169013.12,9310,F1,1,,,,,
2026-08-28,2026-08-28,CM,NSE,STK,17704,INE615P01015,QUESS,EQ,,,,,QUESS CORP LIMITED,357.0,374.7,356.85,372.25,374.15,356.95,,372.25,,,722192,266686047.15,28257,F1,1,,,,,
2026-08-28,2026-08-28,CM,NSE,STK,5200,INE266D01021,GRAUWEIL,EQ,,,,,GRAUER & WEIL IND LTD,67.95,72.0,67.75,71.32,71.19,67.75,,71.31,,,715607,50369499.14,9449,F1,1,,,,,
2026-08-28,2026-08-28,CM,NSE,STK,760874,INF666M01OD9,GROWWHOSPI,EQ,,,,,GROWWAMC - GROWWHOSPI,52.2,52.8,52.2,52.64,52.52,52.43,,52.64,,,709887,37381335.74,1041,F1,1,,,,,
2026-08-28,2026-08-28,CM,NSE,STK,7030,INE276G01015,ASIANENE,EQ,,,,,ASIAN ENERGY SERVICES LTD,496.45,520.0,477.0,480.8,479.0,492.7,,480.8,,,701493,349881022.55,20552,F1,1,,,,,
2026-08-28,2026-08-28,CM,NSE,STK,758595,INF769K01PB6,INTERNET,EQ,,,,,MIRAEAMC - INTERNET,14.83,15.33,14.65,14.66,14.65,14.76,,14.66,,,700673,10410654.48,346,F1,1,,,,,
2026-08-28,2026-08-28,CM,NSE,STK,14418,INE006I01046,ASTRAL,EQ,,,,,ASTRAL LIMITED,1535.6,1556.4,1529.5,1532.3,1532.3,1529.2,,1532.32,,,700559,1078714314.2,59978,F1,1,,,,,
2026-08-28,2026-08-28,CM,NSE,STK,16639,INE415I01015,KIRIINDUS,EQ,,,,,KIRI INDUSTRIES LIMITED,482.5,497.0,482.5,492.9,491.45,481.1,,492.91,,,698220,342738055.95,15336,F1,1,,,,,
2026-08-28,2026-08-28,CM,NSE,STK,27095,INE665A01038,SWANCORP,EQ,,,,,SWAN CORP LIMITED,304.15,305.3,296.5,298.15,298.25,303.8,,298.15,,,698162,210204478.75,9799,F1,1,,,,,
2026-08-28,2026-08-28,CM,NSE,STK,2049,INE178A01016,CHENNPETRO,EQ,,,,,CHENNAI PETROLEUM CORP LT,1359.1,1376.0,1333.2,1341.1,1346.0,1352.4,,1340.84,,,690557,933620531.7,32317,F1,1,,,,,
2026-08-28,2026-08-28,CM,NSE,STK,13796,INE201A01024,MANALIPETC,EQ,,,,,MANALI PETROCHEMICALS LT,70.99,74.14,70.64,73.36,73.2,70.8,,73.36,,,688296,49988840.32,6679,F1,1,,,,,
2026-08-28,2026-08-28,CM,NSE,STK,9581,INE112L01020,METROPOLIS,EQ,,,,,METROPOLIS HEALTHCARE LTD,583.15,602.0,581.25,588.45,588.65,576.9,,588.45,,,687298,407052242.3,35406,F1,1,,,,,
2026-08-28,2026-08-28,CM,NSE,STK,19813,INE0J5401028,HONASA,EQ,,,,,HONASA CONSUMER LIMITED,483.8,483.8,467.2,470.65,470.0,484.85,,470.65,,,684018,323585240.45,20362,F1,1,,,,,
2026-08-28,2026-08-28,CM,NSE,STK,14304,INE684F01012,FSL,EQ,,,,,FIRSTSOURCE SOLU. LTD.,268.5,272.85,268.0,269.3,269.4,268.5,,269.3,,,683316,184662802.6,13694,F1,1,,,,,
2026-08-28,2026-08-28,CM,NSE,STK,881,INE089A01031,DRREDDY,EQ,,,,,DR. REDDY S LABORATORIES,1175.0,1186.6,1172.5,1178.0,1178.0,1177.0,,1178.0,,,682712,804686092.3,25106,F1,1,,,,,
2026-08-28,2026-08-28,CM,NSE,STK,759880,INE19RI01016,TENNIND,EQ,,,,,TENNECO CLEAN AIR INDIA L,546.3,547.4,535.8,537.5,538.25,541.4,,537.53,,,682567,368896306.8,18923,F1,1,,,,,
2026-08-28,2026-08-28,CM,NSE,STK,21001,INE608A01012,PSB,EQ,,,,,PUNJAB & SIND BANK,23.3,23.34,23.1,23.14,23.18,23.32,,23.14,,,680020,15770371.71,2585,F1,1,,,,,
2026-08-28,2026-08-28,CM,NSE,STK,758697,INF666M01LL8,GROWWNIFTY,EQ,,,,,GROWWAMC - GROWWNIFTY,9.9,9.9,9.71,9.74,9.81,9.77,,9.74,,,679296,6632108.38,3269,F1,1,,,,,
2026-08-28,2026-08-28,CM,NSE,STK,18614,INE08U801020,SAMHI,EQ,,,,,SAMHI HOTELS LIMITED,157.72,160.0,155.0,156.01,156.01,157.55,,156.02,,,679031,106279503.48,13255,F1,1,,,,,
2026-08-28,2026-08-28,CM,NSE,STK,1232,INE047A01021,GRASIM,EQ,,,,,GRASIM INDUSTRIES LTD,3261.0,3292.5,3229.0,3290.0,3290.0,3258.0,,3289.99,,,676185,2199548744.5,26435,F1,1,,,,,
2026-08-28,2026-08-28,CM,NSE,STK,12092,INE918Z01012,KAYNES,EQ,,,,,KAYNES TECHNOLOGY IND LTD,4035.1,4053.5,3930.3,3943.1,3943.1,4018.8,,3941.81,,,673805,2689420615.5,44979,F1,1,,,,,
2026-08-28,2026-08-28,CM,NSE,STK,277,INE481Y01014,GICRE,EQ,,,,,GENERAL INS CORP OF INDIA,354.0,355.9,351.9,353.3,354.0,351.85,,353.26,,,672586,238120715.05,12568,F1,1,,,,,
2026-08-28,2026-08-28,CM,NSE,STK,762675,INE417D01020,FEDDERSHOL,EQ,,,,,FEDDERS HOLDING LTD.,44.85,45.1,43.9,43.99,44.0,43.11,,44.0,,,672325,29741845.49,874,F1,1,,,,,
2026-08-28,2026-08-28,CM,NSE,STK,25312,INE953R01016,PNGJL,EQ,,,,,P N GADGIL JEWELLERS LTD,595.0,601.7,583.3,598.0,596.35,594.55,,598.0,,,671442,398930343.25,21720,F1,1,,,,,
2026-08-28,2026-08-28,CM,NSE,STK,759048,INE1AG301022,GKENERGY,EQ,,,,,GK ENERGY LIMITED,140.95,140.95,136.32,138.46,138.31,139.65,,138.44,,,670822,93031964.61,8306,F1,1,,,,,
2026-08-28,2026-08-28,CM,NSE,STK,11987,INE483B01026,ICIL,EQ,,,,,INDO COUNT INDUSTRIES LTD,425.0,439.35,420.2,434.95,437.0,423.4,,434.92,,,668975,289384298.15,18759,F1,1,,,,,
2026-08-28,2026-08-28,CM,NSE,STK,29452,INE943P01029,AGARWALEYE,EQ,,,,,DR AGARWALS HEALTH CARE L,493.15,512.7,489.5,507.8,504.85,496.65,,507.8,,,663188,333293960.05,20205,F1,1,,,,,
2026-08-28,2026-08-28,CM,NSE,STK,2909,INE209B01025,RICOAUTO,EQ,,,,,RICO AUTO INDUSTRIES LTD,129.5,132.05,128.44,129.41,129.8,130.02,,129.41,,,656237,85307095.68,5771,F1,1,,,,,
2026-08-28,2026-08-28,CM,NSE,STK,6216,INE052I01032,CAMLINFINE,EQ,,,,,CAMLIN FINE SCIENCES LTD,104.1,104.4,102.51,103.52,104.0,102.94,,103.52,,,655783,67758506.98,5496,F1,1,,,,,
2026-08-28,2026-08-28,CM,NSE,STK,6733,INE749A01030,JINDALSTEL,EQ,,,,,JINDAL STEEL LIMITED,1172.7,1191.9,1170.0,1179.2,1179.2,1170.0,,1179.17,,,652427,768886784.4,24138,F1,1,,,,,
2026-08-28,2026-08-28,CM,NSE,STK,19401,INE02PY01013,BOROLTD,EQ,,,,,BOROSIL LIMITED,244.59,251.84,238.27,239.81,239.99,244.07,,239.8,,,651151,159442440.09,10258,F1,1,,,,,
2026-08-28,2026-08-28,CM,NSE,STK,79,INE426A01027,ALEMBICLTD,EQ,,,,,ALEMBIC LIMITED,102.77,103.23,99.47,100.04,99.99,102.77,,100.05,,,645251,65188924.34,7664,F1,1,,,,,
2026-08-28,2026-08-28,CM,NSE,STK,7,INE769A01020,AARTIIND,EQ,,,,,AARTI INDUSTRIES LTD,540.0,543.0,528.0,540.35,542.5,538.9,,540.35,,,644631,345388679.1,19146,F1,1,,,,,
2026-08-28,2026-08-28,CM,NSE,STK,20188,INE956G01038,WABAG,EQ,,,,,VA TECH WABAG LTD,2133.9,2139.0,2063.0,2086.1,2085.0,2133.9,,2085.68,,,644576,1344376497.5,29893,F1,1,,,,,
2026-08-28,2026-08-28,CM,NSE,STK,22566,INE0NLT01010,BLSE,EQ,,,,,BLS E-SERVICES LIMITED,314.0,328.9,313.0,326.25,326.0,314.05,,326.25,,,641255,207767102.25,11460,F1,1,,,,,
2026-08-28,2026-08-28,CM,NSE,STK,17271,INE602W01027,SENCO,EQ,,,,,SENCO GOLD LIMITED,362.8,363.7,352.5,354.85,356.9,362.75,,354.84,,,639082,228105018.2,15080,F1,1,,,,,
2026-08-28,2026-08-28,CM,NSE,STK,12686,INE900L01028,MBAPL,EQ,,,,,MADHYA BHARAT AGRO P. LTD,164.25,164.66,160.66,162.94,163.9,162.78,,162.94,,,637478,103814300.39,8118,F1,1,,,,,
2026-08-28,2026-08-28,CM,NSE,STK,18566,INE777K01022,RRKABEL,EQ,,,,,R R KABEL LIMITED,2843.3,2925.0,2840.0,2905.2,2908.0,2830.1,,2905.19,,,629274,1820567662.5,47503,F1,1,,,,,
2026-08-28,2026-08-28,CM,NSE,STK,30893,INE00WV01027,CMRGREEN,EQ,,,,,CMR GREEN TECHNOLOGIES L,221.79,226.8,218.69,225.11,225.02,221.07,,225.11,,,627825,141076388.05,10329,F1,1,,,,,
2026-08-28,2026-08-28,CM,NSE,STK,380,INE050A01025,BBTC,EQ,,,,,BOMBAY BURMAH TRADING COR,1598.9,1598.9,1552.0,1563.2,1564.5,1613.6,,1563.14,,,627788,984379502.1,31290,F1,1,,,,,
2026-08-28,2026-08-28,CM,NSE,STK,4847,INE967H01025,KIMS,EQ,,,,,KRISHNA INST OF MED SCI L,772.25,785.6,763.3,771.0,766.8,768.45,,770.98,,,627500,485192725.35,41367,F1,1,,,,,
2026-08-28,2026-08-28,CM,NSE,STK,24742,INE0AG901020,CEIGALL,EQ,,,,,CEIGALL INDIA LIMITED,340.45,344.65,335.6,341.0,340.0,341.05,,341.05,,,624378,212832659.1,8333,F1,1,,,,,
2026-08-28,2026-08-28,CM,NSE,STK,2202,INE831A01028,ONIDA,EQ,,,,,ONIDA ELECTRONICS LIMITED,36.24,36.5,35.15,36.19,36.2,36.24,,36.18,,,623381,22308265.21,1945,F1,1,,,,,
2026-08-28,2026-08-28,CM,NSE,STK,765195,INE457P01020,TOYAMSL,EQ,,,,,TOYAM SPORTS LTD.,0.63,0.64,0.61,0.63,0.64,0.62,,0.63,,,621993,391477.24,183,F1,1,,,,,
2026-08-28,2026-08-28,CM,NSE,STK,14766,INE945H01021,V2RETAIL,EQ,,,,,V2 RETAIL LIMITED,223.39,224.0,220.5,221.32,221.0,222.4,,221.31,,,620306,137875820.05,10457,F1,1,,,,,
2026-08-28,2026-08-28,CM,NSE,STK,5911,INE045601023,PARAS,EQ,,,,,PARAS DEF AND SPCE TECH L,1459.0,1467.1,1425.0,1439.7,1441.8,1454.8,,1439.73,,,618190,891770272.5,30557,F1,1,,,,,
2026-08-28,2026-08-28,CM,NSE,STK,20830,INE490G01020,MOIL,EQ,,,,,MOIL LIMITED,260.95,262.55,257.1,258.25,258.0,260.95,,258.23,,,617417,160010404.9,15133,F1,1,,,,,
2026-08-28,2026-08-28,CM,NSE,STK,13620,INE242C01024,ANANTRAJ,EQ,,,,,ANANT RAJ LIMITED,605.25,611.9,603.2,606.15,604.65,605.25,,606.11,,,616038,373802598.3,18116,F1,1,,,,,
2026-08-28,2026-08-28,CM,NSE,STK,10447,INE854D01024,UNITDSPR,EQ,,,,,UNITED SPIRITS LIMITED,1526.0,1540.0,1497.7,1510.0,1510.0,1522.0,,1509.59,,,612774,922754629.9,21886,F1,1,,,,,
2026-08-28,2026-08-28,CM,NSE,STK,136,INE715B01021,ANDHRSUGAR,EQ,,,,,ANDHRA SUGARS LTD,96.36,100.37,95.84,98.02,97.84,95.45,,98.01,,,610078,59842795.88,5526,F1,1,,,,,
2026-08-28,2026-08-28,CM,NSE,STK,20224,INE209L01016,JWL,EQ,,,,,JUPITER WAGONS LIMITED,246.9,247.7,244.5,245.1,245.5,247.0,,245.11,,,606055,149049369.0,11953,F1,1,,,,,
2026-08-28,2026-08-28,CM,NSE,STK,762747,INE338F01015,KLBRENG-B,EQ,,,,,KILBURN ENGINEERING LTD.,395.2,427.0,394.8,421.0,420.9,390.9,,420.96,,,605979,251483591.9,11527,F1,1,,,,,
2026-08-28,2026-08-28,CM,NSE,STK,20322,INE007N01010,FEDFINA,EQ,,,,,FEDBANK FINANCIAL SER L,157.0,160.77,154.85,158.94,158.1,157.94,,158.94,,,602415,95631587.08,6767,F1,1,,,,,
2026-08-28,2026-08-28,CM,NSE,STK,17922,INE669X01032,GEEKAYWIRE,EQ,,,,,GEEKAY WIRES LIMITED,23.02,25.24,22.91,24.69,24.52,23.02,,24.69,,,595471,14494420.89,3009,F1,1,,,,,
2026-08-28,2026-08-28,CM,NSE,STK,11895,INE0KL801015,DCXINDIA,EQ,,,,,DCX SYSTEMS LIMITED,173.88,178.89,173.88,177.81,178.02,173.99,,177.81,,,591125,104906587.14,5993,F1,1,,,,,
2026-08-28,2026-08-28,CM,NSE,STK,757336,INE0INX01018,AEGISVOPAK,EQ,,,,,AEGIS VOPAK TERMINALS LTD,267.0,272.45,262.0,269.9,269.15,263.5,,269.9,,,588121,158161021.55,11497,F1,1,,,,,
2026-08-28,2026-08-28,CM,NSE,STK,13359,INE138Y01010,KFINTECH,EQ,,,,,KFIN TECHNOLOGIES LIMITED,959.65,964.15,942.6,949.95,949.95,957.0,,949.89,,,587920,559358074.25,26064,F1,1,,,,,
2026-08-28,2026-08-28,CM,NSE,STK,4244,INE127D01025,HDFCAMC,EQ,,,,,HDFC AMC LIMITED,2573.0,2589.2,2539.0,2569.0,2569.0,2575.0,,2568.85,,,587652,1503585103.0,34671,F1,1,,,,,
2026-08-28,2026-08-28,CM,NSE,STK,14966,INE679A01013,CSBBANK,EQ,,,,,CSB BANK LIMITED,349.0,350.25,334.9,336.3,338.0,348.8,,336.32,,,585124,200294220.05,16994,F1,1,,,,,
2026-08-28,2026-08-28,CM,NSE,STK,11050,INE792Z01011,SIRCA,EQ,,,,,SIRCA PAINT INDIA LIMITED,436.9,439.9,433.35,436.3,434.8,435.1,,436.3,,,584490,255438495.7,4133,F1,1,,,,,
2026-08-28,2026-08-28,CM,NSE,STK,29711,INE0SII01026,QPOWER,EQ,,,,,QUALITY POWER ELEC EQUP L,1390.0,1431.2,1359.7,1431.2,1431.2,1363.1,,1431.2,,,582162,825318479.7,19149,F1,1,,,,,
2026-08-28,2026-08-28,CM,NSE,STK,13611,INE335Y01020,IRCTC,EQ,,,,,INDIAN RAIL TOUR CORP LTD,487.55,489.0,484.7,485.65,486.4,487.55,,485.65,,,581576,282718358.15,32911,F1,1,,,,,
2026-08-28,2026-08-28,CM,NSE,STK,25235,INE547B01028,XTGLOBAL,EQ,,,,,XTGLOBAL INFOTECH LIMITED,29.99,33.54,29.83,32.16,32.14,29.88,,32.15,,,574198,18562848.82,5423,F1,1,,,,,
2026-08-28,2026-08-28,CM,NSE,STK,13966,INE292B01021,HBLENGINE,EQ,,,,,HBL ENGINEERING LTD,665.75,677.9,665.75,674.1,674.45,665.75,,674.07,,,573296,385823712.8,19610,F1,1,,,,,
2026-08-28,2026-08-28,CM,NSE,STK,916,INE126A01031,EIDPARRY,EQ,,,,,EID PARRY INDIA LTD,801.95,818.2,800.0,805.3,806.0,795.3,,805.3,,,567851,459197191.4,24645,F1,1,,,,,
2026-08-28,2026-08-28,CM,NSE,STK,100,INE885A01032,ARE&M,EQ,,,,,AMARA RAJA ENERGY MOB LTD,912.4,936.5,912.4,921.35,923.5,911.9,,921.32,,,567121,525533675.05,28996,F1,1,,,,,
2026-08-28,2026-08-28,CM,NSE,STK,13702,INE430N01022,VISHWARAJ,EQ,,,,,VISHWARAJ SUGAR IND LTD,5.86,6.24,5.86,6.04,6.09,5.92,,6.04,,,565540,3452940.81,1032,F1,1,,,,,
2026-08-28,2026-08-28,CM,NSE,STK,2841,INE576O01020,LXCHEM,EQ,,,,,LAXMI ORGANIC INDUS LTD,168.95,172.8,167.95,171.34,171.85,167.47,,171.35,,,563267,96210100.77,7786,F1,1,,,,,
2026-08-28,2026-08-28,CM,NSE,STK,12847,INE506W01020,KRISHANA,EQ,,,,,KRISHANA PHOSCHEM LIMITED,191.05,194.22,189.57,192.91,191.15,191.92,,192.91,,,561202,107798255.34,9603,F1,1,,,,,
2026-08-28,2026-08-28,CM,NSE,STK,11403,INE511C01022,POONAWALLA,EQ,,,,,POONAWALLA FINCORP LTD,482.6,486.25,475.0,479.05,477.85,482.35,,479.04,,,560278,268596376.55,17743,F1,1,,,,,
2026-08-28,2026-08-28,CM,NSE,STK,13236,INE226H01026,SADBHAV,EQ,,,,,SADBHAV ENGINEERING LTD,8.73,8.89,8.5,8.89,8.89,8.47,,8.89,,,558589,4942753.18,377,F1,1,,,,,
2026-08-28,2026-08-28,CM,NSE,STK,765215,INE247C01023,VIRTUALG,EQ,,,,,VIRTUAL GLOBAL EDU LTD,0.53,0.54,0.51,0.53,0.54,0.51,,0.53,,,558395,294812.05,283,F1,1,,,,,
2026-08-28,2026-08-28,CM,NSE,STK,4014,INE725A01030,NAVA,EQ,,,,,NAVA LIMITED,559.0,586.4,559.0,564.85,566.5,556.5,,564.87,,,556705,317319602.2,20177,F1,1,,,,,
2026-08-28,2026-08-28,CM,NSE,STK,14947,INE338I01027,MOTILALOFS,EQ,,,,,MOTILAL OSWAL FIN LTD,1034.0,1053.0,1027.15,1038.3,1038.3,1038.1,,1038.34,,,554756,578013858.4,25070,F1,1,,,,,
2026-08-28,2026-08-28,CM,NSE,STK,20303,INE717W01049,GANDHAR,EQ,,,,,GANDHAR OIL REFINE IND L,255.0,259.0,253.55,256.47,256.46,254.85,,256.49,,,553101,142055762.16,10095,F1,1,,,,,
2026-08-28,2026-08-28,CM,NSE,STK,14154,INE405E01023,UNOMINDA,EQ,,,,,UNO MINDA LIMITED,1282.0,1283.1,1263.4,1276.0,1276.0,1280.0,,1275.99,,,552647,705525717.2,28772,F1,1,,,,,
2026-08-28,2026-08-28,CM,NSE,STK,9939,INE840Y01029,ONEPOINT,EQ,,,,,ONE POINT ONE SOL LTD,55.77,55.79,54.55,55.03,54.84,55.54,,55.03,,,552470,30383335.25,2529,F1,1,,,,,
2026-08-28,2026-08-28,CM,NSE,STK,14423,INE059D01020,LAOPALA,EQ,,,,,LA OPALA RG LIMITED,169.91,179.9,168.3,175.95,175.24,169.92,,175.95,,,551312,96856102.14,12067,F1,1,,,,,
2026-08-28,2026-08-28,CM,NSE,STK,199,INE348L01012,MASFIN,EQ,,,,,MAS FINANCIAL SERV LTD,295.5,297.6,290.6,294.4,294.55,295.5,,294.4,,,550606,162051101.4,30878,F1,1,,,,,
2026-08-28,2026-08-28,CM,NSE,STK,2088,INE271B01025,MAHSEAMLES,EQ,,,,,MAHARASHTRA SEAMLESS LTD,643.0,667.85,642.95,661.7,663.5,642.05,,661.64,,,550119,362294399.45,25400,F1,1,,,,,
2026-08-28,2026-08-28,CM,NSE,STK,8827,INE652Z01025,AVROIND,EQ,,,,,AVRO INDIA LIMITED,9.34,9.8,9.0,9.3,9.01,9.29,,9.23,,,547964,5155658.99,1306,F1,1,,,,,
2026-08-28,2026-08-28,CM,NSE,STK,3506,INE280A01028,TITAN,EQ,,,,,TITAN COMPANY LIMITED,5155.0,5169.9,5136.0,5169.2,5169.2,5139.3,,5169.01,,,547804,2822109613.5,39225,F1,1,,,,,
2026-08-28,2026-08-28,CM,NSE,STK,2188,INE854S01022,GENCON,EQ,,,,,GENERIC ENG CONS PROJ LTD,45.91,46.13,43.16,44.12,43.57,45.83,,44.12,,,547085,24464186.32,1312,F1,1,,,,,
2026-08-28,2026-08-28,CM,NSE,STK,22670,INE0J1F01024,RPTECH,EQ,,,,,RASHI PERIPHERALS LIMITED,786.0,837.75,786.0,828.55,833.0,782.5,,828.62,,,544572,443352708.2,26271,F1,1,,,,,
2026-08-28,2026-08-28,CM,NSE,STK,3162,INE059B01024,SIMPLEXINF,EQ,,,,,SIMPLEX INFRASTRUCTURES L,259.5,279.55,258.14,277.59,278.8,258.67,,277.62,,,543731,148236719.47,7826,F1,1,,,,,
2026-08-28,2026-08-28,CM,NSE,STK,759012,INE652V01016,GANESHCP,EQ,,,,,GANESH CONSUMER PRODUCT L,165.49,180.0,165.09,174.15,176.57,163.49,,174.16,,,542827,95309124.84,8850,F1,1,,,,,
2026-08-28,2026-08-28,CM,NSE,STK,6125,INE127I01024,GOODLUCK,EQ,,,,,GOODLUCK INDIA LIMITED,434.4,453.0,430.1,449.9,450.8,432.8,,449.91,,,539784,239981233.1,14949,F1,1,,,,,
2026-08-28,2026-08-28,CM,NSE,STK,6818,INE0I7C01011,LATENTVIEW,EQ,,,,,LATENT VIEW ANALYTICS LTD,276.0,284.6,275.2,279.6,279.7,275.25,,279.63,,,539539,151549070.05,17016,F1,1,,,,,
2026-08-28,2026-08-28,CM,NSE,STK,11794,INE667G01023,SAKSOFT,EQ,,,,,SAKSOFT LIMITED,158.45,162.84,157.86,160.64,160.05,157.78,,160.64,,,539331,86785988.93,5706,F1,1,,,,,
2026-08-28,2026-08-28,CM,NSE,STK,17778,INE0NN701020,ATL,EQ,,,,,ALLCARGO TERMINALS LTD,26.6,28.0,26.35,27.04,26.91,26.25,,27.04,,,534798,14616244.05,3505,F1,1,,,,,
2026-08-28,2026-08-28,CM,NSE,STK,25358,INE457L01029,PGEL,EQ,,,,,PG ELECTROPLAST LTD,596.0,598.7,584.15,585.85,585.85,596.0,,585.83,,,533664,314545227.1,11736,F1,1,,,,,
2026-08-28,2026-08-28,CM,NSE,STK,25,INE423A01024,ADANIENT,EQ,,,,,ADANI ENTERPRISES LIMITED,3170.0,3173.7,3133.3,3168.5,3168.5,3169.0,,3168.41,,,530795,1673147172.1,39519,F1,1,,,,,
2026-08-28,2026-08-28,CM,NSE,STK,4870,INE915B01019,INDSWFTLAB,EQ,,,,,IND SWIFT LABORATORIES LT,360.0,366.0,355.65,362.92,361.0,358.04,,362.92,,,527926,191061149.77,12528,F1,1,,,,,
2026-08-28,2026-08-28,CM,NSE,STK,2442,INE163A01018,NOCIL,EQ,,,,,NOCIL LIMITED,166.25,167.3,163.56,164.96,164.16,165.13,,164.96,,,527888,87046885.1,4889,F1,1,,,,,
2026-08-28,2026-08-28,CM,NSE,STK,6973,INE505A01010,DMCC,EQ,,,,,DMCC SPECIALITY CHEMICALS,277.75,311.95,277.75,301.0,302.0,279.1,,301.0,,,527305,159549987.95,16514,F1,1,,,,,
2026-08-28,2026-08-28,CM,NSE,STK,4656,INE386D01027,SBCL,EQ,,,,,SHIVALIK BIMETAL CON. LTD,1055.9,1087.95,1036.1,1049.2,1045.0,1044.2,,1049.21,,,524106,556369731.4,23516,F1,1,,,,,
2026-08-28,2026-08-28,CM,NSE,STK,3908,INE309M01020,PREMIERPOL,EQ,,,,,PREMIER POLYFILM LTD,96.0,97.99,92.5,93.86,94.4,95.21,,93.9,,,522731,49933040.69,5557,F1,1,,,,,
2026-08-28,2026-08-28,CM,NSE,STK,16783,INE200A01026,GVT&D,EQ,,,,,GE VERNOVA T&D INDIA LTD,4404.0,4416.4,4331.0,4339.2,4339.2,4407.8,,4339.21,,,520191,2266617849.6,49358,F1,1,,,,,
2026-08-28,2026-08-28,CM,NSE,STK,28879,INE0V7W01012,CARRARO,EQ,,,,,CARRARO INDIA LIMITED,546.7,561.8,542.4,557.8,560.0,544.05,,557.77,,,518886,289445147.9,9905,F1,1,,,,,
2026-08-28,2026-08-28,CM,NSE,STK,6297,INF209KB10C2,HEALTHY,EQ,,,,,BIRLASLAMC - HEALTHY,17.2,17.39,17.14,17.24,17.31,17.2,,17.24,,,511546,8822572.45,851,F1,1,,,,,
2026-08-28,2026-08-28,CM,NSE,STK,14667,INE157H01023,KMSUGAR,EQ,,,,,K M SUGAR MILLS LTD,30.84,32.99,30.66,32.64,32.55,30.61,,32.61,,,505957,16216885.32,2158,F1,1,,,,,
2026-08-28,2026-08-28,CM,NSE,STK,357,INE298J01013,NAM-INDIA,EQ,,,,,NIPPON L I A M LTD,1196.6,1209.4,1185.0,1194.4,1194.4,1204.0,,1194.35,,,505054,603665578.6,27979,F1,1,,,,,
2026-08-28,2026-08-28,CM,NSE,STK,2627,INF174KA1GC5,IT,EQ,,,,,KOTAKMAMC - KOTAKIT,34.0,34.92,33.68,34.63,34.7,33.68,,34.63,,,503340,17386656.37,904,F1,1,,,,,
2026-08-28,2026-08-28,CM,NSE,STK,9428,INE439E01022,SKIPPER,EQ,,,,,SKIPPER LIMITED,557.95,559.95,540.3,546.25,545.8,558.1,,546.21,,,502418,277344311.3,12735,F1,1,,,,,
2026-08-28,2026-08-28,CM,NSE,STK,1085,INE524A01029,GABRIEL,EQ,,,,,GABRIEL INDIA LTD,1361.8,1375.0,1316.1,1367.6,1373.0,1357.2,,1367.59,,,501459,673899401.1,33567,F1,1,,,,,
2026-08-28,2026-08-28,CM,NSE,STK,11359,INE680A01011,DHANBANK,EQ,,,,,DHANLAXMI BANK LIMITED,32.72,33.0,32.06,32.27,32.3,32.72,,32.27,,,500508,16221922.12,2017,F1,1,,,,,
2026-08-28,2026-08-28,CM,NSE,STK,759876,INE12UR01024,UTLSOLAR,EQ,,,,,FUJIYAMA POWER SYSTEMS L,451.8,464.45,445.0,449.55,445.05,443.35,,449.55,,,498009,225399550.2,12930,F1,1,,,,,
2026-08-28,2026-08-28,CM,NSE,STK,17307,INE298G01035,AJMERA,EQ,,,,,AJMERA REALTY & INF I LTD,117.36,118.88,114.56,117.41,116.82,116.98,,117.41,,,497791,58006444.08,4308,F1,1,,,,,
2026-08-28,2026-08-28,CM,NSE,STK,15194,INE817H01022,BURNPUR,EQ,,,,,BURNPUR CEMENT LIMITED,16.15,16.15,15.1,16.15,16.15,14.69,,16.15,,,494712,7943476.81,1124,F1,1,,,,,
2026-08-28,2026-08-28,CM,NSE,STK,395,INE258A01024,BEML,EQ,,,,,BEML LIMITED,1926.1,1990.0,1909.0,1984.9,1981.0,1920.6,,1984.79,,,494559,974442123.4,39282,F1,1,,,,,
2026-08-28,2026-08-28,CM,NSE,STK,17022,INE636A01039,MAWANASUG,EQ,,,,,MAWANA SUGARS LIMITED,144.0,151.28,141.1,147.94,150.0,141.67,,147.94,,,494282,72915766.75,7697,F1,1,,,,,
2026-08-28,2026-08-28,CM,NSE,STK,25907,INE377N01017,WAAREEENER,EQ,,,,,WAAREE ENERGIES LIMITED,2623.9,2650.0,2593.2,2640.0,2640.0,2624.0,,2639.99,,,488508,1282006472.9,31371,F1,1,,,,,
2026-08-28,2026-08-28,CM,NSE,STK,4421,INE741K01010,CREDITACC,EQ,,,,,CREDITACCESS GRAMEEN LTD,1417.0,1422.8,1367.4,1391.7,1394.0,1425.9,,1391.67,,,488002,676265148.8,43765,F1,1,,,,,
2026-08-28,2026-08-28,CM,NSE,STK,13260,INE389H01022,KEC,EQ,,,,,KEC INTL. LIMITED,421.0,427.0,421.0,425.8,425.8,421.4,,425.78,,,486493,206343871.1,15062,F1,1,,,,,
2026-08-28,2026-08-28,CM,NSE,STK,275,INE406A01037,AUROPHARMA,EQ,,,,,AUROBINDO PHARMA LTD,1637.0,1656.2,1620.1,1645.3,1645.3,1637.0,,1645.33,,,484381,794024853.9,21512,F1,1,,,,,
2026-08-28,2026-08-28,CM,NSE,STK,2303,INE066F01020,HAL,EQ,,,,,HINDUSTAN AERONAUTICS LTD,4884.1,4890.0,4816.0,4861.1,4861.1,4899.0,,4860.81,,,484334,2348630947.9,35812,F1,1,,,,,
2026-08-28,2026-08-28,CM,NSE,STK,13976,INE483C01032,TANLA,EQ,,,,,TANLA PLATFORMS LIMITED,532.05,546.45,532.05,544.25,546.0,531.5,,544.16,,,483977,262412708.55,16265,F1,1,,,,,
2026-08-28,2026-08-28,CM,NSE,STK,236,INE021A01026,ASIANPAINT,EQ,,,,,ASIAN PAINTS LIMITED,2645.0,2645.0,2583.8,2608.7,2608.7,2631.0,,2608.52,,,482544,1257683631.8,36207,F1,1,,,,,
2026-08-28,2026-08-28,CM,NSE,STK,20906,INE619I01012,A2ZINFRA,EQ,,,,,A2Z INFRA ENGINEERING LTD,16.79,17.12,16.18,16.63,16.52,16.41,,16.63,,,482090,7986742.96,723,F1,1,,,,,
2026-08-28,2026-08-28,CM,NSE,STK,14480,INE314T01033,GOKULAGRO,EQ,,,,,GOKUL AGRO RESOURCES LTD,244.25,248.07,243.39,244.34,245.89,244.48,,244.34,,,480942,117848256.01,8826,F1,1,,,,,
2026-08-28,2026-08-28,CM,NSE,STK,13511,INE672B01032,MUNJALAU,EQ,,,,,MUNJAL AUTO IND. LTD.,112.31,113.5,111.16,112.4,112.7,111.42,,112.4,,,480682,53912889.54,4326,F1,1,,,,,
2026-08-28,2026-08-28,CM,NSE,STK,764693,INE550F01049,HAZOOR,EQ,,,,,HAZOOR MULTI PROJECTS LTD,20.82,22.49,19.41,19.94,19.8,20.82,,19.95,,,480486,9785312.68,1193,F1,1,,,,,
2026-08-28,2026-08-28,CM,NSE,STK,757814,INF666M01LI4,GROWWNET,EQ,,,,,GROWWAMC - GROWWNET,11.09,11.09,10.81,10.88,10.91,11.0,,10.88,,,480119,5246106.72,803,F1,1,,,,,
2026-08-28,2026-08-28,CM,NSE,STK,760961,INE212S01015,FRACTAL,EQ,,,,,FRACTAL ANALYTICS LIMITED,842.8,857.0,835.0,844.3,845.0,840.25,,844.16,,,479939,406627199.65,20207,F1,1,,,,,
2026-08-28,2026-08-28,CM,NSE,STK,758460,INE718I01012,JSWCEMENT,EQ,,,,,JSW CEMENT LIMITED,127.0,127.2,124.7,125.24,125.15,126.55,,125.24,,,476253,59650696.3,10156,F1,1,,,,,
2026-08-28,2026-08-28,CM,NSE,STK,1964,INE849A01020,TRENT,EQ,,,,,TRENT LTD,2890.4,2911.2,2875.8,2898.0,2898.0,2878.5,,2898.01,,,469911,1361961123.6,33099,F1,1,,,,,
2026-08-28,2026-08-28,CM,NSE,STK,7411,INE00S901012,NILASPACES,EQ,,,,,NILA SPACES LIMITED,12.44,12.81,12.25,12.55,12.51,12.43,,12.55,,,468887,5922361.96,1727,F1,1,,,,,
2026-08-28,2026-08-28,CM,NSE,STK,11927,INE023H01027,NECLIFE,EQ,,,,,NECTAR LIFESCIENCES LTD.,13.08,13.08,12.43,12.47,12.49,13.08,,12.47,,,468735,5891475.42,1091,F1,1,,,,,
2026-08-28,2026-08-28,CM,NSE,STK,761581,INE05HV01027,CMPDI,EQ,,,,,CENTRAL MINE P N D INST L,230.1,232.01,229.05,230.97,231.88,229.97,,230.95,,,468417,107899734.05,7181,F1,1,,,,,
2026-08-28,2026-08-28,CM,NSE,STK,13057,INE244O01017,UNIPARTS,EQ,,,,,UNIPARTS INDIA LIMITED,817.4,879.8,813.05,873.15,877.25,808.3,,873.29,,,467444,399945096.75,22529,F1,1,,,,,
2026-08-28,2026-08-28,CM,NSE,STK,16675,INE918I01026,BAJAJFINSV,EQ,,,,,BAJAJ FINSERV LTD.,2011.0,2014.7,1982.3,2002.0,2002.0,2011.0,,2001.97,,,466703,930050047.7,41192,F1,1,,,,,
2026-08-28,2026-08-28,CM,NSE,STK,764126,INE17IR01028,LASERPOWER,EQ,,,,,LASER POWER & INFRA LTD,320.05,327.9,318.45,325.65,326.45,319.6,,325.67,,,466158,150588320.0,8734,F1,1,,,,,
2026-08-28,2026-08-28,CM,NSE,STK,15377,INE865T01018,PDMJEPAPER,EQ,,,,,PUDUMJEE PAPER PRO. LTD,88.1,95.9,87.7,94.98,95.9,87.52,,94.95,,,465662,43432055.93,4175,F1,1,,,,,
2026-08-28,2026-08-28,CM,NSE,STK,29527,INF666M01JJ6,GROWWRAIL,EQ,,,,,GROWWAMC - GROWWRAIL,28.64,28.7,28.37,28.52,28.56,28.51,,28.55,,,464130,13217091.52,2466,F1,1,,,,,
2026-08-28,2026-08-28,CM,NSE,STK,1338,INE480C01038,SDBL,EQ,,,,,SOM DIST & BREW LTD,71.9,73.95,71.25,73.38,73.25,71.82,,73.38,,,456962,33292529.48,2931,F1,1,,,,,
2026-08-28,2026-08-28,CM,NSE,STK,14309,INE562A01011,INDIANB,EQ,,,,,INDIAN BANK,882.2,883.95,872.45,882.4,882.4,884.4,,882.39,,,456709,400744278.45,15081,F1,1,,,,,
2026-08-28,2026-08-28,CM,NSE,STK,757014,INE0AQ201015,THELEELA,EQ,,,,,LEELA PALACES HOTEL LTD,551.5,560.95,547.55,555.25,552.15,553.8,,555.2,,,455524,253183868.95,24543,F1,1,,,,,
2026-08-28,2026-08-28,CM,NSE,STK,28046,INE0HLU01028,MOBIKWIK,EQ,,,,,ONE MOBIKWIK SYSTEMS LTD,192.94,195.46,191.0,192.33,192.75,191.55,,192.3,,,454425,87631858.11,5693,F1,1,,,,,
2026-08-28,2026-08-28,CM,NSE,STK,24154,INE841L01016,DEEDEV,EQ,,,,,DEE DEVELOPMENT ENG LTD,643.95,645.0,604.05,606.15,610.95,635.8,,606.22,,,454298,277115070.85,8997,F1,1,,,,,
2026-08-28,2026-08-28,CM,NSE,STK,7200,INE217L01019,SHRIRAMPPS,EQ,,,,,SHRIRAM PROPERTIES LTD,76.74,77.73,74.99,75.97,75.9,76.74,,75.97,,,451643,34242414.38,3843,F1,1,,,,,
2026-08-28,2026-08-28,CM,NSE,STK,10993,INE156A01020,INDORAMA,EQ,,,,,INDO RAMA SYNTHETICS LTD,64.89,64.89,61.81,63.65,63.85,63.87,,63.6,,,451194,28560015.05,4218,F1,1,,,,,
2026-08-28,2026-08-28,CM,NSE,STK,2664,INE318A01026,PIDILITIND,EQ,,,,,PIDILITE INDUSTRIES LTD,1656.0,1658.5,1617.0,1629.5,1629.5,1656.0,,1629.49,,,449546,732343391.5,23685,F1,1,,,,,
2026-08-28,2026-08-28,CM,NSE,STK,24445,INE976R01033,AGIIL,EQ,,,,,AGI INFRA LIMITED,297.0,297.0,287.25,289.1,290.0,288.8,,289.08,,,447958,130133101.0,6735,F1,1,,,,,
2026-08-28,2026-08-28,CM,NSE,STK,17963,INE239A01024,NESTLEIND,EQ,,,,,NESTLE INDIA LIMITED,1454.4,1456.5,1438.0,1454.6,1454.6,1450.0,,1454.6,,,445734,644533923.6,22812,F1,1,,,,,
2026-08-28,2026-08-28,CM,NSE,STK,5108,INE542W01025,KPIGREEN,EQ,,,,,KPI GREEN ENERGY LIMITED,319.0,319.4,311.55,314.25,315.75,316.65,,314.26,,,444520,139502618.2,12910,F1,1,,,,,
2026-08-28,2026-08-28,CM,NSE,STK,9810,INE0BWX01014,AETHER,EQ,,,,,AETHER INDUSTRIES LIMITED,1685.5,1717.0,1664.0,1696.8,1700.0,1677.3,,1696.8,,,443550,749287351.7,39734,F1,1,,,,,
2026-08-28,2026-08-28,CM,NSE,STK,1038,INE235A01022,FINCABLES,EQ,,,,,FINOLEX CABLES LTD,1298.0,1308.15,1283.1,1297.9,1300.0,1291.15,,1297.91,,,443359,574220672.65,21204,F1,1,,,,,
2026-08-28,2026-08-28,CM,NSE,STK,11829,INE802C01033,SSWL,EQ,,,,,STEEL STRIPS WHEELS LTD.,292.25,297.2,289.5,295.5,295.7,292.45,,295.49,,,438993,128599151.5,7627,F1,1,,,,,
2026-08-28,2026-08-28,CM,NSE,STK,2705,INE074A01025,PRAJIND,EQ,,,,,PRAJ INDUSTRIES LTD,353.25,354.85,346.5,347.9,347.75,354.4,,347.9,,,438949,153559453.4,12836,F1,1,,,,,
2026-08-28,2026-08-28,CM,NSE,STK,756086,INF666M01KJ4,GROWWMOM50,EQ,,,,,GROWWAMC - GROWWMOM50,10.91,11.55,10.91,11.35,11.23,11.19,,11.35,,,438378,4944467.72,556,F1,1,,,,,
2026-08-28,2026-08-28,CM,NSE,STK,18908,INE572E01012,PNBHOUSING,EQ,,,,,PNB HOUSING FIN LTD.,1174.6,1189.3,1158.0,1169.9,1169.9,1178.0,,1169.82,,,438325,511497920.6,18622,F1,1,,,,,
2026-08-28,2026-08-28,CM,NSE,STK,22602,INE560K01014,PFS,EQ,,,,,PTC INDIA FIN SERV LTD,27.16,27.4,26.88,26.95,27.0,27.24,,26.95,,,438006,11835130.72,2067,F1,1,,,,,
2026-08-28,2026-08-28,CM,NSE,STK,24823,INE545L01039,MANCREDIT,EQ,,,,,MANGAL CREDIT N FINCORP L,232.5,256.0,232.5,247.65,255.9,229.52,,247.6,,,437371,105254540.57,3421,F1,1,,,,,
2026-08-28,2026-08-28,CM,NSE,STK,7374,INE939A01011,STAR,EQ,,,,,STRIDES PHARMA SCI LTD,984.0,1026.5,982.1,1019.9,1018.4,983.0,,1019.91,,,435651,437675455.2,16784,F1,1,,,,,
2026-08-28,2026-08-28,CM,NSE,STK,758986,INE199P01028,GCSL,EQ,,,,,GRETEX CORPORATE SERVICES,545.75,545.75,537.1,541.3,543.8,540.55,,541.3,,,433052,235058708.2,4031,F1,1,,,,,
2026-08-28,2026-08-28,CM,NSE,STK,757520,INE0U4101014,BLUSPRING,EQ,,,,,BLUSPRING ENTERPRISES LTD,132.0,135.0,127.0,127.43,128.0,131.56,,127.43,,,429364,55834205.25,5538,F1,1,,,,,
2026-08-28,2026-08-28,CM,NSE,STK,9362,INE278Y01022,CAMPUS,EQ,,,,,CAMPUS ACTIVEWEAR LIMITED,225.0,227.8,223.1,226.14,227.0,224.99,,226.17,,,428622,96671535.8,6756,F1,1,,,,,
2026-08-28,2026-08-28,CM,NSE,STK,17313,INE281B01032,LLOYDSME,EQ,,,,,LLOYDS METALS N ENERGY L,1800.9,1850.0,1798.4,1810.2,1800.0,1798.5,,1810.26,,,428526,781360421.0,22462,F1,1,,,,,
2026-08-28,2026-08-28,CM,NSE,STK,10738,INE881D01027,OFSS,EQ,,,,,ORACLE FIN SERV SOFT LTD.,11876.0,12275.0,11876.0,12190.0,12190.0,11855.0,,12189.86,,,428317,5204053344.0,50809,F1,1,,,,,
2026-08-28,2026-08-28,CM,NSE,STK,20203,INE550C01020,URJA,EQ,,,,,URJA GLOBAL LIMITED,9.25,9.3,9.15,9.19,9.24,9.25,,9.19,,,427256,3935208.38,1734,F1,1,,,,,
2026-08-28,2026-08-28,CM,NSE,STK,2969,INE623A01011,SAKHTISUG,EQ,,,,,SAKTHI SUGARS LTD,19.99,21.0,19.74,20.71,20.77,19.74,,20.71,,,424178,8746251.33,1390,F1,1,,,,,
2026-08-28,2026-08-28,CM,NSE,STK,13061,INE466L01038,360ONE,EQ,,,,,360 ONE WAM LIMITED,1204.0,1208.0,1193.9,1200.0,1200.0,1204.0,,1200.0,,,422710,508479692.6,29706,F1,1,,,,,
2026-08-28,2026-08-28,CM,NSE,STK,2708,INE603A01013,PRAKASH,EQ,,,,,PRAKASH INDUSTRIES LTD,127.5,131.31,127.5,129.97,129.6,127.31,,129.97,,,419655,54320543.13,4550,F1,1,,,,,
2026-08-28,2026-08-28,CM,NSE,STK,7145,INE463V01026,ANANDRATHI,EQ,,,,,ANAND RATHI WEALTH LTD,2195.0,2242.0,2182.0,2213.4,2219.7,2182.9,,2213.41,,,418905,925836839.1,27226,F1,1,,,,,
2026-08-28,2026-08-28,CM,NSE,STK,760438,INF666M01NI0,GROWWMETAL,EQ,,,,,GROWWAMC - GROWWMETAL,12.97,12.98,12.77,12.87,12.83,12.84,,12.87,,,416956,5360067.61,1547,F1,1,,,,,
2026-08-28,2026-08-28,CM,NSE,STK,20152,INE491J01022,ASKAUTOLTD,EQ,,,,,ASK AUTOMOTIVE LIMITED,607.95,635.95,604.25,633.1,635.0,606.05,,633.09,,,416555,260609945.15,20075,F1,1,,,,,
2026-08-28,2026-08-28,CM,NSE,STK,7936,INE871C01038,AVANTIFEED,EQ,,,,,AVANTI FEEDS LIMITED,844.9,845.6,822.0,826.75,828.0,844.45,,826.71,,,415922,344355371.7,23086,F1,1,,,,,
2026-08-28,2026-08-28,CM,NSE,STK,2275,INE01GN01025,IRISDOREME,EQ,,,,,IRIS CLOTHINGS LIMITED,58.37,59.09,58.11,58.7,58.9,57.93,,58.7,,,415448,24358030.35,3442,F1,1,,,,,
2026-08-28,2026-08-28,CM,NSE,STK,21508,INE704P01025,COCHINSHIP,EQ,,,,,COCHIN SHIPYARD LIMITED,1543.0,1543.9,1528.0,1535.0,1535.0,1543.0,,1534.99,,,412702,633557472.7,17338,F1,1,,,,,
2026-08-28,2026-08-28,CM,NSE,STK,19196,INE133E01013,TI,EQ,,,,,TILAKNAGAR INDUSTRIES LTD,556.1,574.0,553.0,567.2,565.8,557.8,,567.22,,,411373,233257329.85,14461,F1,1,,,,,
2026-08-28,2026-08-28,CM,NSE,STK,23864,INE108V01019,AWFIS,EQ,,,,,AWFIS SPACE SOLUTIONS LTD,260.0,262.0,251.9,253.25,252.0,257.65,,253.33,,,409033,104550261.25,22403,F1,1,,,,,
2026-08-28,2026-08-28,CM,NSE,STK,29050,INE840M01016,ZUARI,EQ,,,,,ZUARI AGRO CHEMICALS LTD,231.1,243.5,230.32,240.76,240.7,230.83,,240.76,,,408824,98087510.88,6960,F1,1,,,,,
2026-08-28,2026-08-28,CM,NSE,STK,1348,INE158A01026,HEROMOTOCO,EQ,,,,,HERO MOTOCORP LIMITED,5549.0,5654.0,5529.0,5600.0,5600.0,5550.0,,5600.01,,,408239,2292292220.5,33549,F1,1,,,,,
2026-08-28,2026-08-28,CM,NSE,STK,24715,INE09XN01023,AKUMS,EQ,,,,,AKUMS DRUGS AND PHARMA L,764.0,774.45,758.6,772.6,773.75,761.2,,772.6,,,408016,313570425.15,18171,F1,1,,,,,
2026-08-28,2026-08-28,CM,NSE,STK,10793,INE0DYJ01015,SYRMA,EQ,,,,,SYRMA SGS TECHNOLOGY LTD,1499.0,1505.0,1470.0,1474.3,1474.5,1493.5,,1474.29,,,404693,599246822.6,21505,F1,1,,,,,
2026-08-28,2026-08-28,CM,NSE,STK,764116,INE0ISX01025,KUSUMGAR,EQ,,,,,KUSUMGAR LIMITED,571.45,573.7,557.85,563.1,563.8,572.35,,563.11,,,404494,228218114.3,10498,F1,1,,,,,
2026-08-28,2026-08-28,CM,NSE,STK,11956,INE474Q01031,MEDANTA,EQ,,,,,GLOBAL HEALTH LIMITED,1520.5,1531.4,1462.1,1472.2,1469.5,1508.9,,1472.14,,,404295,606777110.7,30380,F1,1,,,,,
2026-08-28,2026-08-28,CM,NSE,STK,23650,INE414G01012,MUTHOOTFIN,EQ,,,,,MUTHOOT FINANCE LIMITED,3090.7,3107.0,3062.2,3091.0,3091.0,3085.0,,3092.84,,,403576,1248253783.4,33064,F1,1,,,,,
2026-08-28,2026-08-28,CM,NSE,STK,13816,INE818H01020,LTFOODS,EQ,,,,,LT FOODS LIMITED,437.8,444.95,436.0,439.35,439.0,437.85,,439.33,,,403175,177892347.7,18302,F1,1,,,,,
2026-08-28,2026-08-28,CM,NSE,STK,2513,INE412G01024,BCLIND,EQ,,,,,BCL INDUSTRIES LIMITED,37.02,37.13,36.55,36.74,36.95,37.02,,36.73,,,402479,14810938.6,2322,F1,1,,,,,
2026-08-28,2026-08-28,CM,NSE,STK,3918,INE987B01026,NATCOPHARM,EQ,,,,,NATCO PHARMA LTD.,857.8,861.0,844.85,853.8,856.5,857.6,,853.76,,,402204,342432315.1,31653,F1,1,,,,,
2026-08-28,2026-08-28,CM,NSE,STK,20905,INE02IJ01035,AZAD,EQ,,,,,AZAD ENGINEERING LIMITED,2814.4,2882.0,2798.5,2850.5,2849.0,2802.4,,2850.52,,,401279,1142254465.3,27291,F1,1,,,,,
2026-08-28,2026-08-28,CM,NSE,STK,11627,INE117Z01029,NARMADA,EQ,,,,,NARMADA AGROBASE LIMITED,13.98,14.1,13.78,13.96,13.95,13.87,,13.96,,,400153,5576125.45,1102,F1,1,,,,,
2026-08-28,2026-08-28,CM,NSE,STK,765225,INE945P01024,WARDINMOBI,EQ,,,,,WARDWIZARD INNO & MOB L,5.99,6.99,5.75,5.87,5.87,5.89,,5.87,,,399468,2347053.37,1045,F1,1,,,,,
2026-08-28,2026-08-28,CM,NSE,STK,11626,INE625G01013,WELENT,EQ,,,,,WELSPUN ENTERPRISES LTD.,677.0,685.75,661.6,670.3,673.7,676.6,,670.32,,,398894,267467145.65,11743,F1,1,,,,,
2026-08-28,2026-08-28,CM,NSE,STK,759342,INE0S3G01027,PACEDIGITK,EQ,,,,,PACE DIGITEK LIMITED,178.5,180.71,175.5,176.15,176.6,179.15,,176.19,,,397830,70469658.32,4904,F1,1,,,,,
2026-08-28,2026-08-28,CM,NSE,STK,5926,INE306R01017,INTELLECT,EQ,,,,,INTELLECT DESIGN ARENA,677.0,689.6,677.0,679.7,679.9,678.3,,679.71,,,395222,269169805.9,21044,F1,1,,,,,
2026-08-28,2026-08-28,CM,NSE,STK,759251,INE0MLS01022,EPACKPEB,EQ,,,,,EPACK PREFAB TECHN LTD,233.95,233.95,218.8,225.65,226.55,233.95,,225.64,,,394792,90167590.1,5160,F1,1,,,,,
2026-08-28,2026-08-28,CM,NSE,STK,759551,INE202B01038,PIRAMALFIN,EQ,,,,,PIRAMAL FINANCE LIMITED,2211.3,2299.9,2211.3,2278.4,2281.0,2228.7,,2278.39,,,394664,897425963.5,25565,F1,1,,,,,
2026-08-28,2026-08-28,CM,NSE,STK,12024,INE128X01021,ACI,EQ,,,,,ARCHEAN CHEMICAL IND LTD,480.0,489.85,479.8,484.3,484.3,483.95,,484.36,,,390477,189588596.0,14775,F1,1,,,,,
2026-08-28,2026-08-28,CM,NSE,STK,509,INE249Z01020,MAZDOCK,EQ,,,,,MAZAGON DOCK SHIPBUIL LTD,2583.0,2596.0,2543.0,2555.0,2555.0,2588.0,,2554.84,,,388879,996143885.6,20107,F1,1,,,,,
2026-08-28,2026-08-28,CM,NSE,STK,3736,INE711A01022,WALCHANNAG,EQ,,,,,WALCHANDNAGAR INDUSTRIES,222.99,224.39,220.62,221.09,220.72,222.26,,221.08,,,388344,86133882.08,4368,F1,1,,,,,
2026-08-28,2026-08-28,CM,NSE,STK,2816,INE613A01020,RALLIS,EQ,,,,,RALLIS INDIA LTD,210.99,212.58,209.0,209.63,209.11,210.24,,209.65,,,387772,81702074.23,14835,F1,1,,,,,
2026-08-28,2026-08-28,CM,NSE,STK,1901,INE298A01020,CUMMINSIND,EQ,,,,,CUMMINS INDIA LTD,5215.0,5215.0,5126.0,5193.0,5193.0,5190.0,,5192.7,,,387326,1995502187.0,28413,F1,1,,,,,
2026-08-28,2026-08-28,CM,NSE,STK,8840,INE228A01035,USHAMART,EQ,,,,,USHA MARTIN LTD.,491.0,498.7,487.5,492.45,491.9,489.15,,492.46,,,386312,190071651.7,21682,F1,1,,,,,
2026-08-28,2026-08-28,CM,NSE,STK,1412,INE415A01038,AGI,EQ,,,,,AGI GREENPAC LIMITED,737.7,777.15,725.7,774.8,775.0,737.7,,774.77,,,385938,294948404.75,16492,F1,1,,,,,
2026-08-28,2026-08-28,CM,NSE,STK,21749,INE264T01014,CAPACITE,EQ,,,,,CAPACITE INFRAPROJECT LTD,224.0,224.05,216.5,217.33,217.0,223.16,,217.34,,,385660,84307217.65,7297,F1,1,,,,,
2026-08-28,2026-08-28,CM,NSE,STK,25606,INF247L01DK8,MOMENTUM50,EQ,,,,,MOTILALAMC - MOMENTUM50,55.19,55.64,55.12,55.46,55.5,55.2,,55.46,,,384299,21259197.02,1468,F1,1,,,,,
2026-08-28,2026-08-28,CM,NSE,STK,762954,INE064A01026,TIMEX,EQ,,,,,TIMEX GROUP INDIA LTD.,630.8,657.0,629.0,653.75,656.0,624.05,,653.69,,,384200,248159467.85,18412,F1,1,,,,,
2026-08-28,2026-08-28,CM,NSE,STK,21195,INE869I01013,GTPL,EQ,,,,,GTPL HATHWAY LIMITED,53.55,55.1,53.25,53.54,53.52,53.95,,53.54,,,383813,20718855.21,514,F1,1,,,,,
2026-08-28,2026-08-28,CM,NSE,STK,24159,INE916Y01027,AFIL,EQ,,,,,AKME FINTRADE (INDIA) LTD,9.52,9.61,9.35,9.4,9.43,9.42,,9.4,,,383110,3624506.01,380,F1,1,,,,,
2026-08-28,2026-08-28,CM,NSE,STK,14385,INE063E01061,POCL,EQ,,,,,PONDY OXIDES & CHEM LTD,514.55,514.55,499.75,509.2,510.0,511.3,,509.19,,,380141,192215085.85,9924,F1,1,,,,,
2026-08-28,2026-08-28,CM,NSE,STK,5245,INE198H01019,AAREYDRUGS,EQ,,,,,AAREY DRUGS & PHARM LTD,87.0,89.01,86.1,89.01,89.01,84.78,,89.01,,,379960,33651400.48,913,F1,1,,,,,
2026-08-28,2026-08-28,CM,NSE,STK,19686,INE0KBH01020,BLUEJET,EQ,,,,,BLUE JET HEALTHCARE LTD,585.0,590.25,575.0,577.65,580.9,585.6,,577.62,,,378817,219864589.5,13214,F1,1,,,,,
2026-08-28,2026-08-28,CM,NSE,STK,8866,INE102B01014,CHOICEIN,EQ,,,,,CHOICE INTERNATIONAL LTD,775.0,792.9,774.3,786.4,785.0,775.05,,786.4,,,378490,297601929.7,9069,F1,1,,,,,
2026-08-28,2026-08-28,CM,NSE,STK,694,INE059A01026,CIPLA,EQ,,,,,CIPLA LTD,1420.0,1423.9,1409.1,1423.5,1423.5,1420.0,,1423.46,,,377976,535696163.1,20704,F1,1,,,,,
2026-08-28,2026-08-28,CM,NSE,STK,757885,INE0CZ201020,ANTHEM,EQ,,,,,ANTHEM BIOSCIENCES LTD,928.9,932.0,896.0,900.1,900.05,924.6,,900.13,,,375323,341858159.3,23007,F1,1,,,,,
2026-08-28,2026-08-28,CM,NSE,STK,14150,INE0EEJ01023,BTML,EQ,,,,,BODHI TREE MULTIMEDIA LTD,8.93,8.96,8.54,8.61,8.59,8.98,,8.61,,,374591,3302205.59,472,F1,1,,,,,
2026-08-28,2026-08-28,CM,NSE,STK,762971,INE731F01037,WELSPLSOL,EQ,,,,,WELSPUN SPECIALTY SOL L,54.05,55.0,53.0,53.29,53.21,54.03,,53.3,,,370412,19985216.48,2637,F1,1,,,,,
2026-08-28,2026-08-28,CM,NSE,STK,24610,INE005B01027,AVANTEL,EQ,,,,,AVANTEL LIMITED,157.0,158.4,156.48,156.79,157.63,158.05,,156.78,,,369537,58012209.79,5280,F1,1,,,,,
2026-08-28,2026-08-28,CM,NSE,STK,17140,INE349Y01013,IDEAFORGE,EQ,,,,,IDEAFORGE TECHNO LTD,811.9,827.9,796.2,807.65,813.0,805.0,,807.74,,,369510,299842437.65,15431,F1,1,,,,,
2026-08-28,2026-08-28,CM,NSE,STK,393,INE581X01021,GLOBE,EQ,,,,,GLOBE ENTERPRISE (I) LTD,2.07,2.07,1.99,2.0,2.0,2.05,,2.0,,,368659,742285.82,266,F1,1,,,,,
2026-08-28,2026-08-28,CM,NSE,STK,23799,INE03JT01014,GODIGIT,EQ,,,,,GO DIGIT GENERAL INS LTD,258.05,265.1,256.2,262.35,261.0,257.75,,262.36,,,368020,95801317.95,13921,F1,1,,,,,
2026-08-28,2026-08-28,CM,NSE,STK,2431,INE0DD101019,RAILTEL,EQ,,,,,RAILTEL CORP OF IND LTD,279.0,282.6,278.1,278.9,279.0,279.05,,278.9,,,365408,102333912.2,8994,F1,1,,,,,
2026-08-28,2026-08-28,CM,NSE,STK,3703,INE054A01027,VIPIND,EQ,,,,,VIP INDUSTRIES LTD,302.4,309.3,299.85,305.8,306.0,304.3,,305.8,,,365257,111283866.45,6893,F1,1,,,,,
2026-08-28,2026-08-28,CM,NSE,STK,23855,INF769K01LJ8,MIDSMALL,EQ,,,,,MIRAEAMC - MIDSMALL,52.62,52.79,52.46,52.75,52.77,52.48,,52.75,,,364235,19174270.69,1912,F1,1,,,,,
2026-08-28,2026-08-28,CM,NSE,STK,14230,INF179KC1EZ4,HDFCBSE500,EQ,,,,,HDFCAMC - HDFCBSE500,37.46,38.17,37.46,37.87,37.99,37.86,,37.87,,,363854,13776399.9,173,F1,1,,,,,
2026-08-28,2026-08-28,CM,NSE,STK,17859,INE0LXT01019,REDTAPE,EQ,,,,,REDTAPE LIMITED,124.0,127.25,123.13,126.01,125.95,124.26,,126.01,,,363662,45582255.75,5025,F1,1,,,,,
2026-08-28,2026-08-28,CM,NSE,STK,1174,INE113A01013,GNFC,EQ,,,,,GUJ NAR VAL FER & CHEM L,577.0,591.95,572.95,580.05,581.9,577.0,,580.08,,,363373,210756751.6,12961,F1,1,,,,,
2026-08-28,2026-08-28,CM,NSE,STK,14058,INE989A01032,SANGHVIMOV,EQ,,,,,SANGHVI MOVERS LTD,445.95,455.6,437.5,444.1,443.0,444.65,,444.15,,,363002,161606441.75,15725,F1,1,,,,,
2026-08-28,2026-08-28,CM,NSE,STK,422,INE465A01025,BHARATFORG,EQ,,,,,BHARAT FORGE LTD,2048.1,2048.1,2005.4,2037.7,2037.7,2050.0,,2037.65,,,362775,735218350.6,24847,F1,1,,,,,
2026-08-28,2026-08-28,CM,NSE,STK,761814,INE887D01016,TCC,EQ,,,,,TCC CONCEPT LIMITED,232.95,233.25,218.05,223.25,222.05,231.75,,223.27,,,362460,81008328.35,9202,F1,1,,,,,
2026-08-28,2026-08-28,CM,NSE,STK,13376,INE786F01031,UTTAMSUGAR,EQ,,,,,UTTAM SUGAR MILLS LTD.,301.81,306.68,294.1,299.55,299.8,298.34,,299.54,,,362389,108959574.66,8513,F1,1,,,,,
2026-08-28,2026-08-28,CM,NSE,STK,10893,INE0I3401014,DBOL,EQ,,,,,DHAMPUR BIO ORGANICS LTD,126.5,130.9,123.78,125.42,126.35,123.34,,125.52,,,362310,46064851.84,5619,F1,1,,,,,
2026-08-28,2026-08-28,CM,NSE,STK,9385,INE195J01029,PNCINFRA,EQ,,,,,PNC INFRATECH LTD.,200.0,200.0,194.01,195.22,195.65,198.34,,195.23,,,361612,70781540.7,9331,F1,1,,,,,
2026-08-28,2026-08-28,CM,NSE,STK,758115,INE0J5801029,JSLL,EQ,,,,,JEENA SIKHO LIFECARE LTD,505.0,515.0,502.6,512.5,511.2,501.9,,512.48,,,361458,183913258.4,10068,F1,1,,,,,
2026-08-28,2026-08-28,CM,NSE,STK,28714,INE454P01035,TRANSRAILL,EQ,,,,,TRANSRAIL LIGHTING LTD,458.0,458.95,452.05,452.75,453.4,458.5,,452.75,,,359968,163109656.9,15691,F1,1,,,,,
2026-08-28,2026-08-28,CM,NSE,STK,15044,INE124G01033,DELTACORP,EQ,,,,,DELTA CORP LIMITED,60.14,60.22,59.3,59.43,59.45,59.84,,59.43,,,358522,21371163.43,2505,F1,1,,,,,
2026-08-28,2026-08-28,CM,NSE,STK,757515,INE0U4701011,DIGITIDE,EQ,,,,,DIGITIDE SOLUTIONS LTD,101.85,103.95,98.5,99.46,98.6,102.44,,99.46,,,357370,35928658.75,3466,F1,1,,,,,
2026-08-28,2026-08-28,CM,NSE,STK,24595,INE573K01025,RUSHIL,EQ,,,,,RUSHIL DECOR LIMITED,16.5,17.03,16.38,16.79,16.88,16.49,,16.78,,,355509,5924216.84,762,F1,1,,,,,
2026-08-28,2026-08-28,CM,NSE,STK,19599,INE696K01024,PRAKASHSTL,EQ,,,,,PRAKASH STEELAGE LTD,3.88,4.06,3.7,3.92,3.92,3.88,,3.92,,,355098,1415989.53,359,F1,1,,,,,
2026-08-28,2026-08-28,CM,NSE,STK,20621,INE932A01024,PENIND,EQ,,,,,PENNAR INDUSTRIES LTD,160.91,163.9,159.0,162.28,162.2,160.9,,162.29,,,354594,57478217.78,4760,F1,1,,,,,
2026-08-28,2026-08-28,CM,NSE,STK,764808,INE173M01012,ONIXSOLAR,EQ,,,,,ONIX SOLAR ENERGY LTD.,308.8,316.05,305.35,316.05,316.05,301.0,,316.04,,,354364,111584030.0,2453,F1,1,,,,,
2026-08-28,2026-08-28,CM,NSE,STK,2649,INE602A01031,PCBL,EQ,,,,,PCBL CHEMICAL LIMITED,323.0,326.8,321.15,322.1,322.6,323.0,,322.1,,,353232,114258725.35,9385,F1,1,,,,,
2026-08-28,2026-08-28,CM,NSE,STK,2320,INE103C01036,SMCGLOBAL,EQ,,,,,SMC GLOBAL SECURITIES LTD,78.77,80.28,77.66,79.2,79.49,78.61,,79.2,,,350990,27666765.39,1788,F1,1,,,,,
2026-08-28,2026-08-28,CM,NSE,STK,18341,INE0AE001013,VPRPL,EQ,,,,,VISHNU PRAKASH R PUNGLI L,33.16,33.42,31.8,32.16,32.27,32.99,,32.17,,,350253,11388987.71,2035,F1,1,,,,,
2026-08-28,2026-08-28,CM,NSE,STK,28913,INE847C01020,ROSSELLIND,EQ,,,,,ROSSELL INDIA LIMITED,57.19,61.38,57.0,59.62,59.1,56.99,,59.67,,,349907,20909565.85,3151,F1,1,,,,,
2026-08-28,2026-08-28,CM,NSE,STK,15362,INE951I01027,VGUARD,EQ,,,,,V-GUARD IND LTD.,330.05,337.95,330.05,333.25,333.85,331.5,,333.25,,,349373,116867271.0,6430,F1,1,,,,,
2026-08-28,2026-08-28,CM,NSE,STK,5385,INE216P01012,AAVAS,EQ,,,,,AAVAS FINANCIERS LIMITED,1273.4,1333.8,1264.1,1275.5,1289.4,1269.4,,1275.53,,,348832,452333685.7,48510,F1,1,,,,,
2026-08-28,2026-08-28,CM,NSE,STK,25897,INE842C01021,MINDACORP,EQ,,,,,MINDA CORPORATION LTD,692.65,707.75,691.1,702.8,702.0,690.65,,702.7,,,348343,244503972.15,19417,F1,1,,,,,
2026-08-28,2026-08-28,CM,NSE,STK,10440,INE326A01037,LUPIN,EQ,,,,,LUPIN LIMITED,2164.9,2179.8,2153.0,2171.5,2171.5,2158.1,,2171.53,,,348121,754778827.0,20422,F1,1,,,,,
2026-08-28,2026-08-28,CM,NSE,STK,12032,INE128S01021,FIVESTAR,EQ,,,,,FIVE-STAR BUS FIN LTD,533.15,539.7,530.85,537.85,539.0,533.75,,537.81,,,347854,186229882.1,21238,F1,1,,,,,
2026-08-28,2026-08-28,CM,NSE,STK,6656,INE417T01026,POLICYBZR,EQ,,,,,PB FINTECH LIMITED,1842.7,1844.8,1804.8,1811.5,1811.5,1837.9,,1811.5,,,344633,629247726.7,54124,F1,1,,,,,
2026-08-28,2026-08-28,CM,NSE,STK,763839,INE17QZ01016,KNACK,EQ,,,,,KNACK PACKAGING LIMITED,192.89,195.97,192.05,192.61,193.38,192.05,,192.6,,,341774,66215471.12,3985,F1,1,,,,,
2026-08-28,2026-08-28,CM,NSE,STK,18359,INE149K01016,SANDUMA,EQ,,,,,SANDUR MANG & IRON ORES L,208.05,209.19,205.0,205.45,205.02,206.95,,205.44,,,340342,70270067.1,7107,F1,1,,,,,
2026-08-28,2026-08-28,CM,NSE,STK,14236,INF179KC1HT0,HDFCMID150,EQ,,,,,HDFCAMC - HDFCMID150,23.82,23.91,23.77,23.79,23.89,23.81,,23.8,,,339699,8087434.3,1208,F1,1,,,,,
2026-08-28,2026-08-28,CM,NSE,STK,764296,INE0QJW01029,LCL,EQ,,,,,LOHIA CORP LIMITED,569.95,576.0,556.3,565.1,565.95,566.0,,565.09,,,339182,191519023.7,15016,F1,1,,,,,
2026-08-28,2026-08-28,CM,NSE,STK,21501,INE285J01028,SIS,EQ,,,,,SIS LIMITED,421.7,436.0,421.5,431.0,432.0,421.7,,431.0,,,338084,145426939.8,7814,F1,1,,,,,
2026-08-28,2026-08-28,CM,NSE,STK,22739,INF247L01AP3,MON100,EQ,,,,,MOTILAL OS NASDAQ100 ETF,327.1,327.1,327.1,327.1,327.1,326.94,,327.1,,,337871,110517604.1,679,F1,1,,,,,
2026-08-28,2026-08-28,CM,NSE,STK,9356,INE255X01014,MSTCLTD,EQ,,,,,MSTC LIMITED,718.6,734.4,705.1,729.65,726.2,722.25,,729.38,,,337402,242884207.7,18205,F1,1,,,,,
2026-08-28,2026-08-28,CM,NSE,STK,13925,INE870D01012,NFL,EQ,,,,,NATIONAL FERT. LTD,71.49,71.8,71.0,71.09,71.06,71.36,,71.08,,,337128,23995442.26,2107,F1,1,,,,,
2026-08-28,2026-08-28,CM,NSE,STK,910,INE066A01021,EICHERMOT,EQ,,,,,EICHER MOTORS LTD,8140.0,8140.0,8003.0,8059.0,8059.0,8100.0,,8059.0,,,337007,2715967306.5,35904,F1,1,,,,,
2026-08-28,2026-08-28,CM,NSE,STK,21091,INE460H01021,STARCEMENT,EQ,,,,,STAR CEMENT LIMITED,190.99,191.98,185.3,187.79,187.0,188.68,,187.79,,,336872,63141895.35,8744,F1,1,,,,,
2026-08-28,2026-08-28,CM,NSE,STK,637,INE085A01013,CHAMBLFERT,EQ,,,,,CHAMBAL FERTILIZERS LTD,425.7,426.95,421.1,421.55,422.0,424.75,,421.56,,,336671,142219298.05,12666,F1,1,,,,,
2026-08-28,2026-08-28,CM,NSE,STK,759814,INF769K01PQ4,SMALL250,EQ,,,,,MIRAEAMC - SMALL250,18.84,18.84,18.53,18.56,18.56,18.47,,18.56,,,334042,6200218.72,526,F1,1,,,,,
2026-08-28,2026-08-28,CM,NSE,STK,7413,INE830Q01018,MANAKCOAT,EQ,,,,,MAN COAT METAL & IND LTD,121.33,125.49,121.15,122.85,121.15,121.09,,122.85,,,333746,41088342.28,4333,F1,1,,,,,
2026-08-28,2026-08-28,CM,NSE,STK,3607,INE279A01012,UNIVCABLES,EQ,,,,,UNIVERSAL CABLES LTD,1610.0,1700.0,1605.8,1693.2,1690.0,1607.3,,1693.19,,,333702,557253294.3,26236,F1,1,,,,,
2026-08-28,2026-08-28,CM,NSE,STK,11932,INE139R01012,FUSION,EQ,,,,,FUSION FINANCE LIMITED,196.79,200.5,194.3,199.24,198.58,196.05,,199.24,,,333505,65950688.95,6533,F1,1,,,,,
2026-08-28,2026-08-28,CM,NSE,STK,759769,INE28GN01010,ADVENTHTL,EQ,,,,,ADVENT HOTELS INTERNATI L,140.9,144.79,139.11,142.8,142.31,140.52,,142.8,,,333397,47584917.09,5125,F1,1,,,,,
2026-08-28,2026-08-28,CM,NSE,STK,760051,INF666M01MM4,GROWWCAPM,EQ,,,,,GROWWAMC - GROWWCAPM,11.58,11.63,11.42,11.58,11.63,11.48,,11.58,,,332571,3849865.18,604,F1,1,,,,,
2026-08-28,2026-08-28,CM,NSE,STK,20936,INE146L01010,KIRLOSENG,EQ,,,,,KIRLOSKAR OIL ENG LTD,2119.4,2144.4,2090.4,2123.1,2115.2,2100.2,,2123.11,,,332403,706272771.8,22451,F1,1,,,,,
2026-08-28,2026-08-28,CM,NSE,STK,23184,INF247L01CI4,MOREALTY,EQ,,,,,MOTILALAMC - MOREALTY,92.18,92.18,90.69,90.82,90.86,91.27,,90.82,,,332230,30256230.33,1476,F1,1,,,,,
2026-08-28,2026-08-28,CM,NSE,STK,3579,INE351A01035,UNICHEMLAB,EQ,,,,,UNICHEM LABORATORIES LTD,542.85,570.0,535.0,564.25,565.95,539.75,,564.24,,,330176,184822027.15,12615,F1,1,,,,,
2026-08-28,2026-08-28,CM,NSE,STK,759205,INE1FF001016,JKIPL,EQ,,,,,JINKUSHAL INDUSTRIES LTD,107.55,109.8,104.26,104.92,104.26,109.12,,104.92,,,329849,34768106.08,734,F1,1,,,,,
2026-08-28,2026-08-28,CM,NSE,STK,10159,INE730A01022,ORICONENT,EQ,,,,,ORICON ENTERPRISES LTD,55.0,56.39,51.85,55.82,56.39,55.4,,55.76,,,329836,18461548.0,771,F1,1,,,,,
2026-08-28,2026-08-28,CM,NSE,STK,759987,INE1SPP01016,KSR,EQ,,,,,KSR FOOTWEAR LIMITED,29.5,31.43,29.5,31.42,31.43,28.58,,31.42,,,329368,10306473.88,413,F1,1,,,,,
2026-08-28,2026-08-28,CM,NSE,STK,27097,INE995S01015,NIVABUPA,EQ,,,,,NIVA BUPA HEALTH INS CO L,82.5,83.0,81.5,81.8,82.13,82.5,,81.8,,,329259,26987623.79,4919,F1,1,,,,,
2026-08-28,2026-08-28,CM,NSE,STK,19372,INE970N01027,SPCENET,EQ,,,,,SPACENET ENTERS IND LTD,3.38,3.39,3.31,3.32,3.33,3.34,,3.32,,,329202,1099041.42,391,F1,1,,,,,
2026-08-28,2026-08-28,CM,NSE,STK,17875,INE484J01027,GODREJPROP,EQ,,,,,GODREJ PROPERTIES LTD,2075.4,2083.3,2024.5,2029.1,2029.1,2069.4,,2029.12,,,329143,675348271.5,20174,F1,1,,,,,
2026-08-28,2026-08-28,CM,NSE,STK,11872,INE101D01020,GRANULES,EQ,,,,,GRANULES INDIA LIMITED,833.5,844.75,833.5,836.65,837.85,832.3,,836.67,,,328237,275246239.2,14831,F1,1,,,,,
2026-08-28,2026-08-28,CM,NSE,STK,1581,INE0EK901012,TARC,EQ,,,,,TARC LIMITED,117.91,120.0,117.31,117.9,118.0,117.53,,117.9,,,325384,38564281.36,3082,F1,1,,,,,
2026-08-28,2026-08-28,CM,NSE,STK,5435,INE852O01025,APTUS,EQ,,,,,APTUS VALUE HSG FIN I LTD,254.8,257.2,253.55,256.15,256.15,256.45,,256.11,,,324345,82895789.9,16616,F1,1,,,,,
2026-08-28,2026-08-28,CM,NSE,STK,15146,INE668F01031,JYOTHYLAB,EQ,,,,,JYOTHY LABS LIMITED,209.52,210.05,206.1,207.4,206.1,209.52,,207.4,,,323793,67542462.62,8243,F1,1,,,,,
2026-08-28,2026-08-28,CM,NSE,STK,760865,INE0UH301010,OMNI,EQ,,,,,OMNITECH ENGINEERING LTD,576.0,578.95,561.15,565.55,566.0,575.7,,565.49,,,317666,180017059.15,11824,F1,1,,,,,
2026-08-28,2026-08-28,CM,NSE,STK,3766,INE715A01015,WHEELS,EQ,,,,,WHEELS INDIA LTD,1527.0,1613.7,1506.6,1547.7,1546.0,1516.3,,1547.59,,,316555,497484178.8,22335,F1,1,,,,,
2026-08-28,2026-08-28,CM,NSE,STK,13310,INE878B01027,KEI,EQ,,,,,KEI INDUSTRIES LTD.,5536.0,5570.0,5487.4,5570.0,5570.0,5536.0,,5569.97,,,316313,1751677833.7,32631,F1,1,,,,,
2026-08-28,2026-08-28,CM,NSE,STK,25643,INE0Q3J01015,KRN,EQ,,,,,KRN HEAT EXCHANGE N REF L,1542.0,1612.1,1539.9,1609.7,1612.1,1535.4,,1610.32,,,314773,499751421.4,18642,F1,1,,,,,
2026-08-28,2026-08-28,CM,NSE,STK,3375,INE335A01020,SURYAROSNI,EQ,,,,,SURYA ROSHNI LTD,218.15,223.65,218.15,220.46,220.5,218.41,,220.45,,,313345,69355208.93,8351,F1,1,,,,,
2026-08-28,2026-08-28,CM,NSE,STK,157,INE437A01024,APOLLOHOSP,EQ,,,,,APOLLO HOSPITALS ENTER. L,8848.0,8905.0,8818.5,8838.5,8838.5,8800.0,,8838.98,,,311286,2763044111.0,26318,F1,1,,,,,
2026-08-28,2026-08-28,CM,NSE,STK,2168,INE00KV01022,RAJMET,EQ,,,,,RAJNANDINI METAL LIMITED,3.2,3.26,3.1,3.13,3.14,3.13,,3.13,,,310902,977470.02,728,F1,1,,,,,
2026-08-28,2026-08-28,CM,NSE,STK,9867,INE747B01016,NEXTMEDIA,EQ,,,,,NEXT MEDIAWORKS LIMITED,4.59,4.62,3.85,4.62,4.62,3.85,,4.62,,,308631,1372144.94,324,F1,1,,,,,
2026-08-28,2026-08-28,CM,NSE,STK,11236,INE220G01021,JSL,EQ,,,,,JINDAL STAINLESS LIMITED,704.0,707.55,697.0,705.15,705.0,705.0,,705.14,,,307596,216497977.0,17519,F1,1,,,,,
2026-08-28,2026-08-28,CM,NSE,STK,24809,INE00U401027,UNIECOM,EQ,,,,,UNICOMMERCE ESOLUTIONS L,84.1,89.0,83.91,87.18,87.5,84.0,,87.12,,,307248,26455259.66,2633,F1,1,,,,,
2026-08-28,2026-08-28,CM,NSE,STK,24961,INE0PPK01015,ORIENTTECH,EQ,,,,,ORIENT TECHNOLOGIES LTD,244.0,255.65,244.0,244.8,244.8,243.65,,244.8,,,306165,76423202.25,6204,F1,1,,,,,
2026-08-28,2026-08-28,CM,NSE,STK,2142,INE180A01020,MFSL,EQ,,,,,MAX FINANCIAL SERV LTD,1571.9,1588.3,1553.6,1564.4,1564.4,1568.0,,1564.39,,,305746,482236733.3,28211,F1,1,,,,,
2026-08-28,2026-08-28,CM,NSE,STK,3411,INE670A01012,TATAELXSI,EQ,,,,,TATA ELXSI LIMITED,3645.0,3708.0,3645.0,3685.0,3685.0,3633.2,,3684.83,,,303505,1117823510.6,25286,F1,1,,,,,
2026-08-28,2026-08-28,CM,NSE,STK,7358,INE0IX101010,DATAPATTNS,EQ,,,,,DATA PATTERNS INDIA LTD,4676.0,4688.9,4608.5,4624.8,4627.0,4666.7,,4624.66,,,302955,1403833192.8,26632,F1,1,,,,,
2026-08-28,2026-08-28,CM,NSE,STK,6066,INE399L01023,ATGL,EQ,,,,,ADANI TOTAL GAS LIMITED,644.0,645.15,635.0,636.5,639.5,645.35,,636.58,,,302887,193630452.1,11650,F1,1,,,,,
2026-08-28,2026-08-28,CM,NSE,STK,761046,INF769K01QC2,DEFENCE,EQ,,,,,MIRAEAMC - DEFENCE,82.77,82.77,81.89,82.34,82.49,82.74,,82.34,,,302122,24863426.4,887,F1,1,,,,,
2026-08-28,2026-08-28,CM,NSE,STK,14435,INE573A01042,JKTYRE,EQ,,,,,JK TYRE & INDUSTRIES LTD,381.95,382.55,377.6,380.25,379.5,378.75,,380.24,,,301864,114629524.45,8279,F1,1,,,,,
2026-08-28,2026-08-28,CM,NSE,STK,22663,INE953L01027,JSFB,EQ,,,,,JANA SMALL FIN BANK LTD,547.0,551.25,539.2,541.0,543.0,544.55,,540.99,,,301768,164022859.4,9207,F1,1,,,,,
2026-08-28,2026-08-28,CM,NSE,STK,25786,INE879E01037,KANANIIND,EQ,,,,,KANANI INDUSTRIES LTD,1.45,1.54,1.45,1.52,1.51,1.47,,1.52,,,300568,453835.68,203,F1,1,,,,,
2026-08-28,2026-08-28,CM,NSE,STK,18571,INE934S01014,GNA,EQ,,,,,GNA AXLES LIMITED,547.0,553.0,531.25,542.65,542.65,546.8,,542.66,,,300414,162510654.7,9340,F1,1,,,,,
2026-08-28,2026-08-28,CM,NSE,STK,1041,INE183A01024,FINPIPE,EQ,,,,,FINOLEX INDUSTRIES LTD,160.54,162.0,160.1,160.56,161.2,160.54,,160.56,,,300382,48299815.33,12861,F1,1,,,,,
2026-08-28,2026-08-28,CM,NSE,STK,5606,INE575C01027,INTLCONV,EQ,,,,,INTL CONVEYORS LIMITED,76.98,82.0,76.51,80.31,80.79,76.92,,80.36,,,300014,24223527.23,6510,F1,1,,,,,
2026-08-28,2026-08-28,CM,NSE,STK,2739,INE010A01011,PRSMJOHNSN,EQ,,,,,PRISM JOHNSON LIMITED,111.6,111.8,111.0,111.18,111.0,111.16,,111.17,,,298381,33209495.17,4232,F1,1,,,,,
2026-08-28,2026-08-28,CM,NSE,STK,27213,INE0LLY01014,EIEL,EQ,,,,,ENVIRO INFRA ENGINEERS L,201.8,201.8,197.8,199.23,199.2,201.04,,199.23,,,296099,58898260.45,5702,F1,1,,,,,
2026-08-28,2026-08-28,CM,NSE,STK,9253,INE937C01029,NILAINFRA,EQ,,,,,NILA INFRASTRUCTURES LTD,6.99,6.99,6.75,6.79,6.8,6.89,,6.79,,,295906,2019797.29,585,F1,1,,,,,
2026-08-28,2026-08-28,CM,NSE,STK,28899,INE602G01020,KITEX,EQ,,,,,KITEX GARMENTS LTD,128.76,130.6,127.05,128.4,128.23,129.86,,128.4,,,295487,37872082.51,3874,F1,1,,,,,
2026-08-28,2026-08-28,CM,NSE,STK,20182,INE442H01029,ASHOKA,EQ,,,,,ASHOKA BUILDCON LTD,113.01,113.4,112.32,112.65,112.92,113.05,,112.65,,,294687,33270298.31,2950,F1,1,,,,,
2026-08-28,2026-08-28,CM,NSE,STK,2496,INE592A01026,ORIENTPPR,EQ,,,,,ORIENT PAPER AND INDS LTD,17.04,17.33,16.82,17.21,17.15,17.04,,17.21,,,294544,5016710.74,663,F1,1,,,,,
2026-08-28,2026-08-28,CM,NSE,STK,10243,INE398R01022,SYNGENE,EQ,,,,,SYNGENE INTERNATIONAL LTD,415.0,417.9,402.7,403.4,403.75,413.8,,403.4,,,293096,119293776.2,12062,F1,1,,,,,
2026-08-28,2026-08-28,CM,NSE,STK,19237,INF247L01BU1,MONIFTY500,EQ,,,,,MOTILALAMC - MONIFTY500,24.69,24.69,23.48,24.11,24.1,24.09,,24.13,,,293035,7055414.05,1163,F1,1,,,,,
2026-08-28,2026-08-28,CM,NSE,STK,1053,INE516A01017,UFLEX,EQ,,,,,UFLEX LIMITED,635.0,658.85,631.0,634.35,634.0,631.0,,634.35,,,292297,187296325.35,8084,F1,1,,,,,
2026-08-28,2026-08-28,CM,NSE,STK,8311,INE472A01039,BLUESTARCO,EQ,,,,,BLUE STAR LIMITED,1494.0,1494.0,1472.9,1480.0,1480.0,1497.0,,1480.04,,,292190,432531130.3,18226,F1,1,,,,,
2026-08-28,2026-08-28,CM,NSE,STK,11634,INE658G01014,SALSTEEL,EQ,,,,,S.A.L. STEEL LTD.,71.5,75.16,71.5,75.16,75.16,71.59,,75.16,,,289253,21470157.09,2563,F1,1,,,,,
2026-08-28,2026-08-28,CM,NSE,STK,25252,INE0O6601022,KROSS,EQ,,,,,KROSS LIMITED,215.0,218.2,213.22,213.99,215.0,215.11,,213.99,,,287407,62016327.66,5656,F1,1,,,,,
2026-08-28,2026-08-28,CM,NSE,STK,2859,INE301A01014,RAYMOND,EQ,,,,,RAYMOND LTD,614.0,630.0,612.1,626.85,626.2,614.0,,626.87,,,285076,178313893.25,11401,F1,1,,,,,
2026-08-28,2026-08-28,CM,NSE,STK,1360,INE049A01027,HIMATSEIDE,EQ,,,,,HIMATSINGKA SEIDE LTD,72.25,72.25,70.66,71.31,71.45,71.83,,71.31,,,284820,20287643.52,2380,F1,1,,,,,
2026-08-28,2026-08-28,CM,NSE,STK,765015,INE178T01024,ADVIKCA,EQ,,,,,ADVIK CAPITAL LTD.,1.21,1.23,1.18,1.19,1.19,1.19,,1.19,,,284503,341149.01,227,F1,1,,,,,
2026-08-28,2026-08-28,CM,NSE,STK,1708,INE571B01036,JAYBARMARU,EQ,,,,,JAY BHARAT MARUTI LTD,124.99,128.7,123.21,128.35,127.0,122.58,,128.37,,,283574,35896233.96,2518,F1,1,,,,,
2026-08-28,2026-08-28,CM,NSE,STK,15141,INE259A01022,COLPAL,EQ,,,,,COLGATE PALMOLIVE LTD.,1851.9,1851.9,1825.0,1826.9,1826.9,1845.0,,1826.9,,,283459,519086119.4,39248,F1,1,,,,,
2026-08-28,2026-08-28,CM,NSE,STK,29472,INE004A01022,PROTEAN,EQ,,,,,PROTEAN EGOV TECHNO LTD,548.0,554.0,537.65,539.75,540.0,556.9,,539.74,,,283361,153255199.95,9894,F1,1,,,,,
2026-08-28,2026-08-28,CM,NSE,STK,759402,INE1B0W01010,ADVANCE,EQ,,,,,ADVANCE AGROLIFE LIMITED,120.92,123.9,115.93,116.95,117.85,120.32,,116.95,,,282536,33368295.21,2566,F1,1,,,,,
2026-08-28,2026-08-28,CM,NSE,STK,18118,INE085J01014,THANGAMAYL,EQ,,,,,THANGAMAYIL JEWELLERY LTD,5502.0,5563.5,5373.5,5440.5,5430.0,5502.0,,5440.48,,,280954,1527800285.0,18193,F1,1,,,,,
2026-08-28,2026-08-28,CM,NSE,STK,2970,INE428Q01011,SURYODAY,EQ,,,,,SURYODAY SMALL FIN BK LTD,155.68,156.41,153.68,154.26,154.26,155.68,,154.26,,,280837,43507529.05,4531,F1,1,,,,,
2026-08-28,2026-08-28,CM,NSE,STK,759041,INE056801025,IVALUE,EQ,,,,,IVALUE INFOSOLUTIONS LTD,273.1,274.65,258.35,264.65,265.0,274.75,,264.66,,,279869,74222643.9,7126,F1,1,,,,,
2026-08-28,2026-08-28,CM,NSE,STK,15303,INE863I01016,BANG,EQ,,,,,BANG OVERSEAS LTD.,34.4,35.0,32.81,34.75,34.25,33.42,,34.75,,,279802,9572585.52,836,F1,1,,,,,
2026-08-28,2026-08-28,CM,NSE,STK,25574,INE908D01010,SHAKTIPUMP,EQ,,,,,SHAKTI PUMPS (I) LTD,498.9,499.0,490.3,493.55,493.0,497.4,,493.53,,,279592,137915506.4,11895,F1,1,,,,,
2026-08-28,2026-08-28,CM,NSE,STK,3150,INE003A01024,SIEMENS,EQ,,,,,SIEMENS LTD,4089.3,4113.0,4060.0,4089.0,4089.0,4095.0,,4088.37,,,278973,1139635245.3,15697,F1,1,,,,,
2026-08-28,2026-08-28,CM,NSE,STK,13868,INE0LRU01027,AARTIPHARM,EQ,,,,,AARTI PHARMALABS LIMITED,818.0,848.9,815.75,840.7,843.0,813.5,,840.67,,,278187,231746490.0,15849,F1,1,,,,,
2026-08-28,2026-08-28,CM,NSE,STK,1805,INE900B01029,KABRAEXTRU,EQ,,,,,KABRA EXTRUSION TECHNIK L,590.0,612.15,578.3,603.5,601.7,589.6,,603.44,,,278180,166473252.0,10623,F1,1,,,,,
2026-08-28,2026-08-28,CM,NSE,STK,28378,INE0Q9301021,IGIL,EQ,,,,,INTL GEMOLOGICAL INST LTD,341.15,346.8,337.45,338.95,339.4,343.55,,338.96,,,277869,94827963.65,11452,F1,1,,,,,
2026-08-28,2026-08-28,CM,NSE,STK,758563,INE236E01022,ELLEN,EQ,,,,,ELLENBARRIE INDUS GASES L,330.8,332.6,319.0,319.8,319.6,325.8,,319.8,,,277761,89716302.85,5538,F1,1,,,,,
2026-08-28,2026-08-28,CM,NSE,STK,759291,INE304W01038,BLUESTONE,EQ,,,,,BLUESTONE JEWEL LFSTL LTD,804.0,809.85,790.15,794.7,794.0,800.5,,794.7,,,277657,222094112.1,10978,F1,1,,,,,
2026-08-28,2026-08-28,CM,NSE,STK,10999,INE585B01010,MARUTI,EQ,,,,,MARUTI SUZUKI INDIA LTD.,13500.0,13525.0,13318.0,13376.0,13376.0,13440.0,,13376.25,,,277509,3721974285.0,45941,F1,1,,,,,
2026-08-28,2026-08-28,CM,NSE,STK,19913,INE192R01011,DMART,EQ,,,,,AVENUE SUPERMARTS LIMITED,3850.0,3853.9,3822.0,3830.6,3830.6,3847.4,,3830.6,,,276877,1062057685.5,19223,F1,1,,,,,
2026-08-28,2026-08-28,CM,NSE,STK,25608,INE337M01021,INDOTHAI,EQ,,,,,INDO THAI SEC LTD,46.18,46.18,46.18,46.18,46.18,48.61,,46.18,,,276690,12777544.2,1006,F1,1,,,,,
2026-08-28,2026-08-28,CM,NSE,STK,1633,INE571A01038,IPCALAB,EQ,,,,,IPCA LABORATORIES LTD,1951.0,1977.3,1929.8,1950.3,1953.7,1959.8,,1950.31,,,276397,537936243.0,25707,F1,1,,,,,
2026-08-28,2026-08-28,CM,NSE,STK,7074,INF769K01HS7,MAHKTECH,EQ,,,,,MIRAEAMC - MAHKTECH,22.57,22.75,22.5,22.75,22.75,22.57,,22.75,,,274749,6250538.42,1479,F1,1,,,,,
2026-08-28,2026-08-28,CM,NSE,STK,20302,INE811K01011,PRESTIGE,EQ,,,,,PRESTIGE ESTATE LTD,1624.0,1628.5,1584.5,1588.0,1588.0,1623.0,,1588.0,,,274021,437438750.4,13229,F1,1,,,,,
2026-08-28,2026-08-28,CM,NSE,STK,12101,INF179KC1IA8,HDFCNIFIT,EQ,,,,,HDFCAMC - HDFCNIFIT,32.33,33.44,32.33,33.25,33.26,32.33,,33.25,,,273938,9102332.69,317,F1,1,,,,,
2026-08-28,2026-08-28,CM,NSE,STK,17945,INE03QK01018,COHANCE,EQ,,,,,COHANCE LIFESCIENCES LTD,453.7,454.75,447.25,449.9,450.45,454.0,,449.99,,,272982,123022868.7,9027,F1,1,,,,,
2026-08-28,2026-08-28,CM,NSE,STK,6445,INE285K01026,TECHNOE,EQ,,,,,TECHNO ELEC & ENG CO. LTD,998.5,1041.5,992.5,1025.5,1024.1,997.45,,1025.5,,,272844,278667298.85,20524,F1,1,,,,,
2026-08-28,2026-08-28,CM,NSE,STK,1621,INE672A01026,TATAINVEST,EQ,,,,,TATA INVESTMENT CORP LTD,644.0,656.4,637.6,638.75,639.0,642.1,,638.76,,,272032,175155953.35,17539,F1,1,,,,,
2026-08-28,2026-08-28,CM,NSE,STK,1185,INE371P01015,AMBER,EQ,,,,,AMBER ENTERPRISES (I) LTD,7750.5,7794.0,7655.0,7675.0,7675.0,7701.0,,7675.33,,,271368,2094066026.0,27872,F1,1,,,,,
2026-08-28,2026-08-28,CM,NSE,STK,14912,INE930H01031,KPRMILL,EQ,,,,,KPR MILL LTD.,1129.4,1138.0,1100.6,1130.2,1130.0,1126.5,,1130.2,,,270993,303338526.2,18721,F1,1,,,,,
2026-08-28,2026-08-28,CM,NSE,STK,25584,INE152M01016,TRITURBINE,EQ,,,,,TRIVENI TURBINE LIMITED,588.1,592.95,578.0,580.3,581.2,583.45,,580.3,,,270490,157325969.55,16784,F1,1,,,,,
2026-08-28,2026-08-28,CM,NSE,STK,17534,INE002S01010,MGL,EQ,,,,,MAHANAGAR GAS LTD.,1094.0,1107.8,1089.0,1092.6,1096.6,1092.8,,1092.57,,,270473,296502256.8,31199,F1,1,,,,,
2026-08-28,2026-08-28,CM,NSE,STK,21423,INF247L01023,MOM100,EQ,,,,,MOTILAL OS MIDCAP100 ETF,69.26,69.78,68.4,69.12,69.0,69.22,,69.12,,,270059,18694876.76,2202,F1,1,,,,,
2026-08-28,2026-08-28,CM,NSE,STK,3363,INE195A01028,SUPREMEIND,EQ,,,,,SUPREME INDUSTRIES LTD,3615.4,3710.0,3581.1,3636.9,3636.9,3585.0,,3636.97,,,269330,987727681.1,39028,F1,1,,,,,
2026-08-28,2026-08-28,CM,NSE,STK,14992,INE429I01024,CCCL,EQ,,,,,CONS. CONST. CONSORT LTD,15.18,15.18,14.66,14.76,14.75,14.98,,14.76,,,268918,3994963.18,420,F1,1,,,,,
2026-08-28,2026-08-28,CM,NSE,STK,22980,INE0CG401037,MUKKA,EQ,,,,,MUKKA PROTEINS LIMITED,25.25,25.7,24.95,25.06,25.06,25.29,,25.06,,,268612,6765300.87,1176,F1,1,,,,,
2026-08-28,2026-08-28,CM,NSE,STK,8696,INE366I01010,VRLLOG,EQ,,,,,VRL LOGISTICS LIMITED,295.0,299.9,292.55,295.95,297.0,293.9,,295.94,,,268516,79598515.1,12459,F1,1,,,,,
2026-08-28,2026-08-28,CM,NSE,STK,23806,INF209KB19Z4,ABSLPSE,EQ,,,,,BIRLASLAMC-ABSLPSE,10.19,10.19,10.07,10.12,10.19,10.11,,10.12,,,266913,2695623.95,650,F1,1,,,,,
2026-08-28,2026-08-28,CM,NSE,STK,2306,INE052T01021,BESTAGRO,EQ,,,,,BEST AGROLIFE LIMITED,17.48,17.78,17.42,17.61,17.55,17.47,,17.62,,,265082,4665898.85,1184,F1,1,,,,,
2026-08-28,2026-08-28,CM,NSE,STK,24461,INF769K01LQ3,EVINDIA,EQ,,,,,MIRAEAMC - EVINDIA,34.33,34.33,33.41,33.58,33.56,33.5,,33.58,,,263880,8857107.2,1477,F1,1,,,,,
2026-08-28,2026-08-28,CM,NSE,STK,40,INE208C01025,AEGISLOG,EQ,,,,,AEGIS LOGISTICS LIMITED,1304.0,1304.7,1283.6,1289.4,1290.0,1298.0,,1289.41,,,263570,341070492.0,13415,F1,1,,,,,
2026-08-28,2026-08-28,CM,NSE,STK,18220,INE134B01017,KECL,EQ,,,,,KIRLOSKAR ELECTRIC CO LTD,129.85,138.95,129.85,134.83,134.7,129.87,,134.81,,,263151,35543049.92,3512,F1,1,,,,,
2026-08-28,2026-08-28,CM,NSE,STK,20242,INE093I01010,OBEROIRLTY,EQ,,,,,OBEROI REALTY LIMITED,1873.1,1880.8,1855.7,1870.0,1870.0,1872.9,,1870.0,,,263019,491884517.8,38133,F1,1,,,,,
2026-08-28,2026-08-28,CM,NSE,STK,759079,INE0VOV01021,DEVX,EQ,,,,,DEV ACCELERATOR LIMITED,34.67,36.14,34.51,35.92,36.14,34.98,,35.92,,,262973,9285352.28,1310,F1,1,,,,,
2026-08-28,2026-08-28,CM,NSE,STK,765140,INE258R01028,PANORAMA,EQ,,,,,PANORAMA STUDIOS INTL. L,48.5,48.62,45.51,46.47,46.11,48.26,,46.39,,,262808,12186350.04,1123,F1,1,,,,,
2026-08-28,2026-08-28,CM,NSE,STK,16669,INE917I01010,BAJAJ-AUTO,EQ,,,,,BAJAJ AUTO LIMITED,11810.0,11974.0,11769.0,11910.0,11910.0,11720.0,,11910.02,,,262591,3127969410.0,34876,F1,1,,,,,
2026-08-28,2026-08-28,CM,NSE,STK,1403,INE345A01011,HINDOILEXP,EQ,,,,,HINDUSTAN OIL EXPLORATION,164.05,164.05,160.53,162.66,162.0,163.43,,162.65,,,262249,42586200.78,3994,F1,1,,,,,
2026-08-28,2026-08-28,CM,NSE,STK,5264,INE111Q01021,PDSL,EQ,,,,,PDS LIMITED,367.3,371.95,364.05,369.75,366.7,366.55,,369.73,,,259144,95544766.5,9608,F1,1,,,,,
2026-08-28,2026-08-28,CM,NSE,STK,13643,INE205B01031,ELECON,EQ,,,,,ELECON ENG. CO. LTD,423.25,428.65,420.05,425.25,426.3,423.25,,425.22,,,259116,110183113.75,11941,F1,1,,,,,
2026-08-28,2026-08-28,CM,NSE,STK,9219,INE413G01022,TPLPLASTEH,EQ,,,,,TPL PLASTECH LIMITED,78.02,78.39,72.9,73.4,73.9,77.44,,73.41,,,258779,19230297.68,2679,F1,1,,,,,
2026-08-28,2026-08-28,CM,NSE,STK,8736,INE859A01011,PNBGILTS,EQ,,,,,PNB GILTS LIMITED,77.99,79.9,77.85,78.71,78.99,77.96,,78.71,,,258583,20404275.44,2003,F1,1,,,,,
2026-08-28,2026-08-28,CM,NSE,STK,14937,INE536H01010,CIEINDIA,EQ,,,,,CIE AUTOMOTIVE INDIA LTD,394.5,397.45,389.0,389.95,391.0,394.5,,389.95,,,258053,100957935.05,14701,F1,1,,,,,
2026-08-28,2026-08-28,CM,NSE,STK,11195,INE646L01027,INDIGO,EQ,,,,,INTERGLOBE AVIATION LTD,5199.0,5200.5,5137.5,5166.0,5166.0,5189.0,,5166.04,,,257496,1330254274.5,24501,F1,1,,,,,
2026-08-28,2026-08-28,CM,NSE,STK,29492,INE215B01022,ORCHASP,EQ,,,,,ORCHASP LIMITED,1.43,1.5,1.4,1.43,1.44,1.43,,1.43,,,256666,370114.3,200,F1,1,,,,,
2026-08-28,2026-08-28,CM,NSE,STK,11677,INE873D01024,INDOCO,EQ,,,,,INDOCO REMEDIES LTD.,242.53,253.7,239.34,248.8,248.0,242.53,,248.78,,,256307,63579059.44,6061,F1,1,,,,,
2026-08-28,2026-08-28,CM,NSE,STK,8167,INE825V01034,MANYAVAR,EQ,,,,,VEDANT FASHIONS LIMITED,544.0,550.5,537.0,547.8,546.7,544.55,,547.8,,,255004,139158704.2,19655,F1,1,,,,,
2026-08-28,2026-08-28,CM,NSE,STK,17130,INE883N01014,PARAGMILK,EQ,,,,,PARAG MILK FOODS LTD.,242.7,242.7,237.0,237.65,238.0,241.17,,237.6,,,254261,60787666.02,4699,F1,1,,,,,
2026-08-28,2026-08-28,CM,NSE,STK,13414,INE411H01032,RSYSTEMS,EQ,,,,,R SYS INTERNATIONAL LTD,238.25,248.7,238.2,246.75,246.5,239.1,,246.76,,,253785,62134350.35,5231,F1,1,,,,,
2026-08-28,2026-08-28,CM,NSE,STK,756871,INE1NPP01017,ENRIN,EQ,,,,,SIEMENS ENERGY INDIA LTD,3267.0,3290.0,3227.2,3242.6,3245.0,3256.4,,3242.66,,,253686,824159518.8,26280,F1,1,,,,,
2026-08-28,2026-08-28,CM,NSE,STK,5049,INE227W01023,CLEAN,EQ,,,,,CLEAN SCIENCE & TECH LTD,832.0,844.4,822.6,836.45,836.5,830.05,,836.38,,,253666,212142713.0,13484,F1,1,,,,,
2026-08-28,2026-08-28,CM,NSE,STK,21704,INE385W01011,DCAL,EQ,,,,,DISHMAN CARBO AMCIS LTD,177.22,178.18,173.1,174.77,175.0,177.22,,174.77,,,253662,44479520.84,2440,F1,1,,,,,
2026-08-28,2026-08-28,CM,NSE,STK,6711,INE050B01023,IVC,EQ,,,,,IL&FS INVESTMENT MANAGERS,8.56,8.58,8.36,8.49,8.49,8.39,,8.49,,,253604,2158391.97,848,F1,1,,,,,
2026-08-28,2026-08-28,CM,NSE,STK,760351,INE119201023,PARKHOSPS,EQ,,,,,PARK MEDI WORLD LIMITED,291.0,293.25,289.2,290.55,290.0,290.15,,290.52,,,253289,73746379.2,4719,F1,1,,,,,
2026-08-28,2026-08-28,CM,NSE,STK,13580,INE855R01021,RADIANTCMS,EQ,,,,,RADIANT CASH MGMT SER LTD,40.99,40.99,39.16,39.27,39.2,40.41,,39.27,,,253157,10016369.15,2309,F1,1,,,,,
2026-08-28,2026-08-28,CM,NSE,STK,14552,INE211B01039,PHOENIXLTD,EQ,,,,,THE PHOENIX MILLS LTD,1902.9,1923.9,1896.0,1917.0,1917.0,1901.7,,1916.41,,,253002,483201930.3,22001,F1,1,,,,,
2026-08-28,2026-08-28,CM,NSE,STK,9590,INE455K01017,POLYCAB,EQ,,,,,POLYCAB INDIA LIMITED,9079.0,9103.0,9013.5,9088.0,9088.0,9079.0,,9088.04,,,252548,2288991120.0,30899,F1,1,,,,,
2026-08-28,2026-08-28,CM,NSE,STK,756843,INE14LE01019,ABLBL,EQ,,,,,ADITYA BIRLA LIFES BRAN L,85.15,85.64,84.4,84.6,84.5,85.22,,84.6,,,252167,21416563.37,4409,F1,1,,,,,
2026-08-28,2026-08-28,CM,NSE,STK,3509,INE148A01019,TNPETRO,EQ,,,,,TAMILNADU PETROPRODUCTS L,109.47,112.39,109.0,111.37,111.7,109.12,,111.36,,,251558,27944379.07,4940,F1,1,,,,,
2026-08-28,2026-08-28,CM,NSE,STK,7227,INE0BV301023,MAPMYINDIA,EQ,,,,,C.E. INFO SYSTEMS LIMITED,981.0,1011.0,961.6,965.9,970.0,977.1,,965.9,,,250732,245637522.0,15406,F1,1,,,,,
2026-08-28,2026-08-28,CM,NSE,STK,24184,INE603J01030,PIIND,EQ,,,,,PI INDUSTRIES LTD,2479.8,2493.7,2420.1,2420.1,2420.1,2467.0,,2420.23,,,249992,615039377.5,22311,F1,1,,,,,
2026-08-28,2026-08-28,CM,NSE,STK,15184,INE791I01019,BRIGADE,EQ,,,,,BRIGADE ENTER. LTD,657.1,657.75,640.4,642.25,641.0,656.75,,642.39,,,249374,161353137.7,12265,F1,1,,,,,
2026-08-28,2026-08-28,CM,NSE,STK,759316,INE506V01022,RUBICON,EQ,,,,,RUBICON RESEARCH LIMITED,1849.0,1899.0,1796.2,1804.4,1801.6,1841.0,,1804.46,,,249261,456770702.9,24539,F1,1,,,,,
2026-08-28,2026-08-28,CM,NSE,STK,20831,INE046W01019,MUTHOOTMF,EQ,,,,,MUTHOOT MICROFIN LIMITED,206.0,210.4,204.1,208.46,210.0,204.94,,208.43,,,248099,51451405.38,5913,F1,1,,,,,
2026-08-28,2026-08-28,CM,NSE,STK,547,INE216A01030,BRITANNIA,EQ,,,,,BRITANNIA INDUSTRIES LTD,5298.0,5355.0,5276.5,5308.5,5308.5,5298.0,,5308.5,,,246611,1308950179.5,19372,F1,1,,,,,
2026-08-28,2026-08-28,CM,NSE,STK,18721,INE531F01023,NUVAMA,EQ,,,,,NUVAMA WEALTH MANAGE LTD,1784.0,1825.0,1782.0,1805.0,1800.1,1784.0,,1805.13,,,246065,443898773.8,19489,F1,1,,,,,
2026-08-28,2026-08-28,CM,NSE,STK,19631,INE726V01018,PRICOLLTD,EQ,,,,,PRICOL LIMITED,769.0,780.75,767.05,770.65,770.0,776.7,,770.63,,,244858,189240447.4,23252,F1,1,,,,,
2026-08-28,2026-08-28,CM,NSE,STK,7463,INE824Q01011,MANAKSTEEL,EQ,,,,,MANAKSIA STEELS LTD,93.39,94.79,90.88,94.79,94.79,90.28,,94.79,,,244759,23034809.54,1216,F1,1,,,,,
2026-08-28,2026-08-28,CM,NSE,STK,11966,INE00E101023,BIKAJI,EQ,,,,,BIKAJI FOODS INTERN LTD,614.95,624.2,612.0,618.8,616.3,611.9,,618.8,,,244238,151019471.55,20077,F1,1,,,,,
2026-08-28,2026-08-28,CM,NSE,STK,10343,INE583V01021,RADHIKAJWE,EQ,,,,,RADHIKA JEWELTECH LIMITED,70.33,70.67,68.5,68.76,68.5,70.33,,68.76,,,243664,16957685.4,2653,F1,1,,,,,
2026-08-28,2026-08-28,CM,NSE,STK,2043,INE331A01037,RAMCOCEM,EQ,,,,,THE RAMCO CEMENTS LIMITED,892.8,899.45,883.4,895.65,895.0,892.55,,895.65,,,243570,216991489.45,16700,F1,1,,,,,
2026-08-28,2026-08-28,CM,NSE,STK,18967,INE542Z01028,KAPSTON,EQ,,,,,KAPSTON SERVICES LIMITED,504.7,566.4,504.7,559.2,561.0,501.0,,559.2,,,242617,129887058.55,6571,F1,1,,,,,
2026-08-28,2026-08-28,CM,NSE,STK,11868,INE111B01023,63MOONS,EQ,,,,,63 MOONS TECHNOLOGIES LTD,745.0,789.0,744.95,776.4,776.95,745.45,,776.39,,,242493,187533990.65,10165,F1,1,,,,,
2026-08-28,2026-08-28,CM,NSE,STK,11618,INE386C01029,ASTRAMICRO,EQ,,,,,ASTRA MICROWAVE LTD,1689.8,1722.4,1670.0,1706.6,1702.0,1687.5,,1706.55,,,242127,409643485.3,17156,F1,1,,,,,
2026-08-28,2026-08-28,CM,NSE,STK,20425,INE295D01020,NACLIND,EQ,,,,,NACL INDUSTRIES LIMITED,174.8,175.29,170.12,171.63,172.2,174.8,,171.63,,,241630,41676471.53,4343,F1,1,,,,,
2026-08-28,2026-08-28,CM,NSE,STK,16921,INE144J01027,20MICRONS,EQ,,,,,20 MICRONS LTD,217.34,224.87,217.0,222.0,220.3,216.37,,221.99,,,241206,53281611.76,5911,F1,1,,,,,
2026-08-28,2026-08-28,CM,NSE,STK,13753,INE784W01015,MANOMAY,EQ,,,,,MANOMAY TEX INDIA LTD,227.78,227.8,223.8,225.93,225.9,227.91,,225.92,,,241205,54370843.12,2954,F1,1,,,,,
2026-08-28,2026-08-28,CM,NSE,STK,5578,INE00FF01025,ACUTAAS,EQ,,,,,ACUTAAS CHEMICALS LIMITED,3359.8,3384.0,3235.0,3281.6,3262.5,3329.2,,3281.62,,,240776,790508726.3,39978,F1,1,,,,,
2026-08-28,2026-08-28,CM,NSE,STK,15058,INE0LCL01028,AVALON,EQ,,,,,AVALON TECHNOLOGIES LTD,2250.0,2251.1,2172.0,2231.7,2239.0,2256.6,,2231.64,,,239819,531547536.6,25509,F1,1,,,,,
2026-08-28,2026-08-28,CM,NSE,STK,759428,INF666M01MN2,GROWWRLTY,EQ,,,,,GROWWAMC - GROWWRLTY,10.25,10.32,10.11,10.14,10.11,10.2,,10.14,,,238175,2418721.67,433,F1,1,,,,,
2026-08-28,2026-08-28,CM,NSE,STK,10637,INE260D01016,OLECTRA,EQ,,,,,OLECTRA GREENTECH LIMITED,1332.3,1335.7,1303.7,1312.3,1317.0,1326.3,,1312.43,,,237865,313025382.0,13996,F1,1,,,,,
2026-08-28,2026-08-28,CM,NSE,STK,5426,INE118D01016,NUVOCO,EQ,,,,,NUVOCO VISTAS CORP LTD,324.3,327.55,321.0,324.85,324.65,324.15,,324.83,,,236387,76821025.0,14439,F1,1,,,,,
2026-08-28,2026-08-28,CM,NSE,STK,11532,INE481G01011,ULTRACEMCO,EQ,,,,,ULTRATECH CEMENT LIMITED,11705.0,11746.0,11523.0,11589.0,11589.0,11717.0,,11588.95,,,235738,2728803871.0,27946,F1,1,,,,,
2026-08-28,2026-08-28,CM,NSE,STK,1515,INE383A01012,INDIACEM,EQ,,,,,THE INDIA CEMENTS LIMITED,369.35,371.9,363.1,369.75,370.05,369.05,,369.75,,,235653,86641036.85,7230,F1,1,,,,,
2026-08-28,2026-08-28,CM,NSE,STK,759569,INE16NZ01023,ORKLAINDIA,EQ,,,,,ORKLA INDIA LIMITED,611.0,616.45,590.25,595.4,601.0,606.0,,595.43,,,235478,142603680.05,15147,F1,1,,,,,
2026-08-28,2026-08-28,CM,NSE,STK,14014,INE872H01027,LUMAXTECH,EQ,,,,,LUMAX AUTO TECH LTD,1939.2,2000.0,1928.1,1985.5,1987.7,1930.6,,1985.4,,,235382,465146039.4,24007,F1,1,,,,,
2026-08-28,2026-08-28,CM,NSE,STK,3327,INE659A01023,SUDARSCHEM,EQ,,,,,SUDARSHAN CHEMICAL INDS L,1250.0,1264.7,1232.1,1256.9,1260.0,1252.8,,1256.89,,,234717,292889078.9,20072,F1,1,,,,,
2026-08-28,2026-08-28,CM,NSE,STK,21469,INE350C01017,OPTIEMUS,EQ,,,,,OPTIEMUS INFRACOM LTD,576.45,602.9,574.0,579.6,578.2,576.45,,579.61,,,233808,137677933.45,13324,F1,1,,,,,
2026-08-28,2026-08-28,CM,NSE,STK,762432,INE25E901019,OMPOWER,EQ,,,,,OM POWER TRANSMISSION LTD,172.0,177.0,168.86,175.31,175.05,172.27,,175.29,,,232635,40426302.91,2818,F1,1,,,,,
2026-08-28,2026-08-28,CM,NSE,STK,759780,INF769K01PR2,ENERGY,EQ,,,,,MIRAEAMC - ENERGY,39.06,39.06,38.15,38.23,38.26,38.29,,38.23,,,232113,8883976.86,1055,F1,1,,,,,
2026-08-28,2026-08-28,CM,NSE,STK,2463,INE099Z01011,MIDHANI,EQ,,,,,MISHRA DHATU NIGAM LTD,419.9,420.5,416.0,417.75,418.95,418.3,,417.76,,,231448,96778499.25,7802,F1,1,,,,,
2026-08-28,2026-08-28,CM,NSE,STK,1162,INE043A01012,GTL,EQ,,,,,GTL LTD,7.42,7.5,7.26,7.37,7.4,7.32,,7.37,,,231354,1704875.62,504,F1,1,,,,,
2026-08-28,2026-08-28,CM,NSE,STK,11703,INE540L01014,ALKEM,EQ,,,,,ALKEM LABORATORIES LTD.,5352.5,5406.5,5316.0,5355.0,5355.0,5320.0,,5355.0,,,231100,1239308101.0,16890,F1,1,,,,,
2026-08-28,2026-08-28,CM,NSE,STK,7390,INE07RO01027,SUPRIYA,EQ,,,,,SUPRIYA LIFESCIENCE LTD,777.95,808.8,777.95,804.15,804.75,776.35,,804.14,,,230999,184370999.75,13703,F1,1,,,,,
2026-08-28,2026-08-28,CM,NSE,STK,762767,INE631R01026,MADHAVIPL,EQ,,,,,MADHAV INFRA PROJECTS L,8.12,8.45,8.12,8.21,8.3,8.12,,8.21,,,229567,1912167.98,481,F1,1,,,,,
2026-08-28,2026-08-28,CM,NSE,STK,1521,INE560A01023,INDIAGLYCO,EQ,,,,,INDIA GLYCOLS LTD,1195.0,1204.5,1168.0,1178.3,1174.0,1203.3,,1178.26,,,229423,271148671.6,16475,F1,1,,,,,
2026-08-28,2026-08-28,CM,NSE,STK,781,INE495A01022,DALMIASUG,EQ,,,,,DALMIA BHARAT SUG IN LTD,478.8,489.75,472.6,477.95,482.55,474.55,,477.92,,,229150,110107966.95,7601,F1,1,,,,,
2026-08-28,2026-08-28,CM,NSE,STK,27839,INE570L01029,SAILIFE,EQ,,,,,SAI LIFE SCIENCES LIMITED,1489.9,1506.3,1473.8,1485.0,1485.0,1488.2,,1484.7,,,228815,340509149.8,17890,F1,1,,,,,
2026-08-28,2026-08-28,CM,NSE,STK,20760,INE324L01013,RPPINFRA,EQ,,,,,R.P.P INFRA PROJECTS LTD,57.5,57.9,53.6,53.83,54.4,57.53,,53.83,,,228233,12575365.61,3462,F1,1,,,,,
2026-08-28,2026-08-28,CM,NSE,STK,7177,INE0CLI01024,RATEGAIN,EQ,,,,,RATEGAIN TRAVEL TECHN LTD,915.0,939.0,915.0,933.95,938.95,918.25,,933.96,,,227209,211675649.3,12478,F1,1,,,,,
2026-08-28,2026-08-28,CM,NSE,STK,13121,INE202H01019,KERNEX,EQ,,,,,KERNEX MICROSYS(I) LTD,1805.0,1828.9,1751.0,1800.0,1810.0,1801.2,,1800.28,,,227048,404961684.9,16270,F1,1,,,,,
2026-08-28,2026-08-28,CM,NSE,STK,3761,INE320J01015,RITES,EQ,,,,,RITES LIMITED,217.19,218.5,216.6,217.0,217.04,217.19,,217.0,,,226819,49303685.47,6894,F1,1,,,,,
2026-08-28,2026-08-28,CM,NSE,STK,583,INE477A01020,CANFINHOME,EQ,,,,,CAN FIN HOMES LTD,804.7,819.25,804.4,815.5,817.4,803.8,,815.43,,,225609,183757770.75,8042,F1,1,,,,,
2026-08-28,2026-08-28,CM,NSE,STK,15414,INE615H01020,TITAGARH,EQ,,,,,TITAGARH RAIL SYSTEMS LTD,831.0,843.4,826.8,835.35,838.0,831.15,,835.32,,,225348,188523968.8,10513,F1,1,,,,,
2026-08-28,2026-08-28,CM,NSE,STK,11212,INE500L01026,SHK,EQ,,,,,S H KELKAR AND CO. LTD.,151.41,153.0,150.61,152.43,153.0,151.41,,152.44,,,224385,34122453.45,4678,F1,1,,,,,
2026-08-28,2026-08-28,CM,NSE,STK,760183,INE647U01026,CLEANMAX,EQ,,,,,CLEAN MAX ENVIRO EN SOL L,1272.0,1273.9,1240.5,1250.9,1254.0,1274.6,,1250.86,,,224246,281085920.9,15602,F1,1,,,,,
2026-08-28,2026-08-28,CM,NSE,STK,21690,INE935N01020,DIXON,EQ,,,,,DIXON TECHNO (INDIA) LTD,14811.0,14920.0,14650.0,14650.0,14650.0,14711.0,,14650.85,,,223996,3317864524.0,32959,F1,1,,,,,
2026-08-28,2026-08-28,CM,NSE,STK,16658,INE0A0S01028,SIGMA,EQ,,,,,SIGMA SOLVE LIMITED,47.9,49.09,46.5,47.25,46.62,47.54,,47.25,,,223885,10780607.98,1810,F1,1,,,,,
2026-08-28,2026-08-28,CM,NSE,STK,762593,INE372E01025,BIRLAPREC,EQ,,,,,BIRLA PRECISION TECH L,48.39,49.0,46.2,47.64,47.25,47.37,,47.62,,,222244,10645685.56,1736,F1,1,,,,,
2026-08-28,2026-08-28,CM,NSE,STK,5428,INE948A01012,TRIGYN,EQ,,,,,TRIGYN TECHNOLOGIES LTD,59.45,64.82,59.0,62.85,62.7,60.09,,62.84,,,221932,14107509.31,2303,F1,1,,,,,
2026-08-28,2026-08-28,CM,NSE,STK,4221,INE392A01021,VISAKAIND,EQ,,,,,VISAKA INDUSTRIES LIMITED,91.02,93.5,89.0,89.65,89.11,91.02,,89.65,,,221890,20023792.48,3263,F1,1,,,,,
2026-08-28,2026-08-28,CM,NSE,STK,7508,INE251B01027,ZENTEC,EQ,,,,,ZEN TECHNOLOGIES LIMITED,1825.0,1837.0,1805.3,1820.1,1826.8,1825.6,,1820.05,,,221628,403559422.2,17633,F1,1,,,,,
2026-08-28,2026-08-28,CM,NSE,STK,25984,INE679V01027,AVL,EQ,,,,,ADITYA VISION LIMITED,590.0,595.85,582.25,590.8,591.0,592.3,,590.8,,,220999,130310357.2,18716,F1,1,,,,,
2026-08-28,2026-08-28,CM,NSE,STK,203,INE348A01023,ASHAPURMIN,EQ,,,,,ASHAPURA MINECHEM LTD,579.95,587.2,576.4,582.1,582.3,578.05,,582.11,,,220503,128449370.1,11642,F1,1,,,,,
2026-08-28,2026-08-28,CM,NSE,STK,1196,INE531A01024,KANSAINER,EQ,,,,,KANSAI NEROLAC PAINTS LTD,198.44,200.01,194.93,195.77,195.9,198.44,,195.77,,,219737,43249891.92,7565,F1,1,,,,,
2026-08-28,2026-08-28,CM,NSE,STK,15409,INE317F01035,NESCO,EQ,,,,,NESCO LTD.,1031.0,1075.3,1025.0,1048.4,1050.0,1017.1,,1048.4,,,219548,230078643.9,15775,F1,1,,,,,
2026-08-28,2026-08-28,CM,NSE,STK,756802,INE0BYP01024,OSWALPUMPS,EQ,,,,,OSWAL PUMPS LIMITED,296.0,298.35,293.8,295.55,296.0,298.4,,295.54,,,218585,64647149.55,4790,F1,1,,,,,
2026-08-28,2026-08-28,CM,NSE,STK,13810,INE08ZM01014,GREENPANEL,EQ,,,,,GREENPANEL INDUSTRIES LTD,159.85,164.13,158.41,161.06,160.89,159.9,,161.06,,,218249,35209012.83,4146,F1,1,,,,,
2026-08-28,2026-08-28,CM,NSE,STK,4732,INE411D01023,SKMEGGPROD,EQ,,,,,SKM EGG PROD EXPORT(I) LT,265.99,266.39,256.71,257.55,258.8,266.86,,257.55,,,218221,56902021.42,5097,F1,1,,,,,
2026-08-28,2026-08-28,CM,NSE,STK,762904,INE220Z01013,SHINDL,EQ,,,,,SHARAT INDUSTRIES LTD.,164.23,166.15,161.22,164.13,166.15,164.23,,164.22,,,217652,35349616.92,968,F1,1,,,,,
2026-08-28,2026-08-28,CM,NSE,STK,24798,INF666M01IH2,GROWWEV,EQ,,,,,GROWWAMC - GROWWEV,33.26,33.55,33.11,33.38,33.11,33.25,,33.38,,,217473,7260781.75,1611,F1,1,,,,,
2026-08-28,2026-08-28,CM,NSE,STK,761099,INE0LGX01024,INA,EQ,,,,,INSOLATION ENERGY LIMITED,90.7,92.97,90.7,92.58,92.77,90.55,,92.55,,,217012,19980507.45,2812,F1,1,,,,,
2026-08-28,2026-08-28,CM,NSE,STK,4892,INE979A01025,SAREGAMA,EQ,,,,,SAREGAMA INDIA LIMITED,490.65,498.95,486.0,492.8,494.15,487.5,,492.8,,,216953,106867289.7,17492,F1,1,,,,,
2026-08-28,2026-08-28,CM,NSE,STK,7105,INE011K01018,TEGA,EQ,,,,,TEGA INDUSTRIES LIMITED,1641.9,1687.1,1616.2,1658.7,1660.0,1621.4,,1658.61,,,216658,358011809.3,15116,F1,1,,,,,
2026-08-28,2026-08-28,CM,NSE,STK,11778,INE887G01027,GOKEX,EQ,,,,,GOKALDAS EXPORTS LTD.,777.4,777.4,765.0,767.8,770.95,774.9,,767.65,,,216062,166368537.7,16176,F1,1,,,,,
2026-08-28,2026-08-28,CM,NSE,STK,22649,INE988S01028,PARKHOTELS,EQ,,,,,PARKHOTELS,112.89,115.0,111.51,112.33,113.5,112.11,,112.32,,,215724,24386118.1,2766,F1,1,,,,,
2026-08-28,2026-08-28,CM,NSE,STK,3252,INE147A01011,SPIC,EQ,,,,,SPIC LTD,69.34,69.5,68.65,69.09,69.0,69.46,,69.08,,,214528,14817992.72,2005,F1,1,,,,,
2026-08-28,2026-08-28,CM,NSE,STK,18110,INE893I01013,VASCONEQ,EQ,,,,,VASCON ENGINEERS LTD,30.88,31.25,30.81,30.98,31.0,30.78,,30.98,,,213371,6618004.15,820,F1,1,,,,,
2026-08-28,2026-08-28,CM,NSE,STK,13786,INE813H01021,TORNTPOWER,EQ,,,,,TORRENT POWER LTD,1237.4,1237.4,1212.6,1217.7,1223.0,1230.1,,1217.71,,,213261,260199709.1,23733,F1,1,,,,,
2026-08-28,2026-08-28,CM,NSE,STK,12749,INE0B1K01014,DJML,EQ,,,,,DJ MEDIAPRINT & LOG LTD,72.9,76.08,67.57,72.19,71.11,73.08,,72.27,,,212993,15331028.65,2029,F1,1,,,,,
2026-08-28,2026-08-28,CM,NSE,STK,522,INF109KB15Y7,ICICIB22,EQ,,,,,ICICIPRAMC - BHARATIWIN,115.0,115.0,114.28,114.41,114.5,114.52,,114.41,,,211427,24194033.7,2433,F1,1,,,,,
2026-08-28,2026-08-28,CM,NSE,STK,11233,INE495B01038,SUVEN,EQ,,,,,SUVEN LIFE SCIENCES LTD,368.0,368.3,361.5,364.95,365.0,368.1,,364.95,,,211420,76973041.65,6450,F1,1,,,,,
2026-08-28,2026-08-28,CM,NSE,STK,5507,INE782X01033,SERVOTECH,EQ,,,,,SERVOTECH REN POW SYS LTD,81.15,81.69,80.48,80.97,80.8,81.12,,80.97,,,210914,17090664.8,2544,F1,1,,,,,
2026-08-28,2026-08-28,CM,NSE,STK,13147,INE191H01014,PVRINOX,EQ,,,,,PVR INOX LIMITED,1234.9,1242.8,1215.1,1220.9,1219.7,1236.3,,1220.92,,,210854,258178410.5,15691,F1,1,,,,,
2026-08-28,2026-08-28,CM,NSE,STK,12490,INE01KI01027,VINNY,EQ,,,,,VINNY OVERSEAS LIMITED,1.05,1.06,1.04,1.05,1.05,1.04,,1.05,,,210648,221911.45,109,F1,1,,,,,
2026-08-28,2026-08-28,CM,NSE,STK,29731,INE942C01045,GUJTHEM,EQ,,,,,GUJARAT THEMIS BIOSYN LTD,410.1,417.5,406.75,411.05,410.15,412.2,,411.04,,,209713,86133738.15,6180,F1,1,,,,,
2026-08-28,2026-08-28,CM,NSE,STK,9378,INE615R01029,TRU,EQ,,,,,TRUCAP FINANCE LIMITED,4.15,4.15,3.96,4.12,4.13,4.04,,4.12,,,209566,846105.03,618,F1,1,,,,,
2026-08-28,2026-08-28,CM,NSE,STK,11840,INE410P01011,NH,EQ,,,,,NARAYANA HRUDAYALAYA LTD.,1908.0,1940.0,1905.9,1932.1,1934.5,1903.8,,1932.05,,,209531,404193052.6,19028,F1,1,,,,,
2026-08-28,2026-08-28,CM,NSE,STK,701,INE0AJG01018,HEMIPROP,EQ,,,,,HEMISPHERE PROP IND LTD,130.61,131.47,129.26,129.98,130.0,130.56,,129.96,,,208579,27129542.96,1715,F1,1,,,,,
2026-08-28,2026-08-28,CM,NSE,STK,9392,INE359U01028,LANCER,EQ,,,,,LANCER CONTAINER LINES L,11.96,11.96,11.45,11.5,11.5,11.64,,11.51,,,207955,2425623.78,479,F1,1,,,,,
2026-08-28,2026-08-28,CM,NSE,STK,25800,INE0JVO01026,GARUDA,EQ,,,,,GARUDA CONSTRUCT N ENG L,175.71,178.0,174.0,175.2,175.1,175.52,,175.2,,,207234,36444432.46,3476,F1,1,,,,,
2026-08-28,2026-08-28,CM,NSE,STK,1327,INE236A01020,HCL-INSYS,EQ,,,,,HCL INFOSYSTEMS LTD,10.81,11.07,10.62,10.78,10.76,10.81,,10.78,,,206429,2234822.81,788,F1,1,,,,,
2026-08-28,2026-08-28,CM,NSE,STK,3721,INE151A01013,TATACOMM,EQ,,,,,TATA COMMUNICATIONS LTD,1685.4,1704.0,1678.1,1694.7,1697.8,1689.6,,1694.7,,,205459,347633541.3,14952,F1,1,,,,,
2026-08-28,2026-08-28,CM,NSE,STK,5407,INE290S01011,CARTRADE,EQ,,,,,CARTRADE TECH LIMITED,3079.0,3079.0,3001.0,3014.6,3020.0,3080.2,,3014.53,,,205402,624975393.7,21079,F1,1,,,,,
2026-08-28,2026-08-28,CM,NSE,STK,14361,INE126J01016,APOLLOPIPE,EQ,,,,,APOLLO PIPES LIMITED,638.55,643.0,620.6,631.0,625.0,638.55,,631.14,,,204371,128516186.6,7446,F1,1,,,,,
2026-08-28,2026-08-28,CM,NSE,STK,8546,INE427F01016,CHALET,EQ,,,,,CHALET HOTELS LIMITED,906.0,925.1,894.75,901.2,905.0,910.3,,900.9,,,204227,186234910.85,18281,F1,1,,,,,
2026-08-28,2026-08-28,CM,NSE,STK,12022,INE132H01018,AURIONPRO,EQ,,,,,AURIONPRO SOLN LTD,692.8,712.45,690.0,707.6,703.3,688.0,,707.7,,,204145,143447637.6,11865,F1,1,,,,,
2026-08-28,2026-08-28,CM,NSE,STK,14761,INE189I01024,NELCAST,EQ,,,,,NELCAST LIMITED,117.31,121.01,117.31,119.85,119.52,117.08,,119.86,,,204137,24288364.75,2560,F1,1,,,,,
2026-08-28,2026-08-28,CM,NSE,STK,759434,INE085001019,WEWORK,EQ,,,,,WEWORK INDIA MANAGEMENT L,676.95,694.25,667.8,691.6,690.0,675.35,,691.6,,,203332,137912280.1,17506,F1,1,,,,,
2026-08-28,2026-08-28,CM,NSE,STK,764186,INE1JCQ01037,ALPINETEX,EQ,,,,,ALPINE TEXWORLD LIMITED,55.91,56.79,54.5,55.16,55.03,55.67,,55.16,,,201803,11210093.94,2329,F1,1,,,,,
2026-08-28,2026-08-28,CM,NSE,STK,5143,INE070D01027,JAICORPLTD,EQ,,,,,JAI CORP LIMITED,100.91,101.0,99.66,100.32,100.33,100.1,,100.32,,,200251,20084155.46,2572,F1,1,,,,,
2026-08-28,2026-08-28,CM,NSE,STK,104,INE932X01026,SHAREINDIA,EQ,,,,,SHARE IND. SECURITIES LTD,170.0,170.0,167.65,167.93,167.65,169.02,,167.93,,,200247,33675861.37,1647,F1,1,,,,,
2026-08-28,2026-08-28,CM,NSE,STK,8077,INF174KA1ZC5,MIDCAP,EQ,,,,,KOTAKMAMC - KOTAKMID50,18.9,18.9,18.75,18.83,18.84,18.81,,18.83,,,200209,3773551.6,693,F1,1,,,,,
2026-08-28,2026-08-28,CM,NSE,STK,9617,INE663A01033,SPLPETRO,EQ,,,,,SUPREME PETROCHEM LIMITED,692.85,717.0,691.95,700.85,698.0,692.0,,700.85,,,199388,140845266.45,16553,F1,1,,,,,
2026-08-28,2026-08-28,CM,NSE,STK,3002,INE066O01014,WONDERLA,EQ,,,,,WONDERLA HOLIDAYS LTD.,546.45,555.0,532.8,537.1,534.5,542.25,,537.12,,,199353,108738034.65,9344,F1,1,,,,,
2026-08-28,2026-08-28,CM,NSE,STK,5475,INE382Z01011,GRSE,EQ,,,,,GARDEN REACH SHIP&ENG LTD,2642.0,2650.0,2607.1,2612.9,2615.0,2643.0,,2612.91,,,199226,521867272.5,13800,F1,1,,,,,
2026-08-28,2026-08-28,CM,NSE,STK,11943,INE942G01012,MCLEODRUSS,EQ,,,,,MCLEOD RUSSEL INDIA LTD.,49.15,50.5,48.5,49.81,50.35,49.17,,49.82,,,199015,9864232.9,1214,F1,1,,,,,
2026-08-28,2026-08-28,CM,NSE,STK,18889,INE907A01026,KSL,EQ,,,,,KALYANI STEELS LIMITED,881.3,932.0,880.55,888.35,889.0,881.3,,888.34,,,198799,179501842.65,10757,F1,1,,,,,
2026-08-28,2026-08-28,CM,NSE,STK,762680,INE225B01021,FERMENTA,EQ,,,,,FERMENTA BIOTECH LTD.,492.25,519.9,486.1,509.9,509.5,486.25,,509.9,,,198787,101418473.25,10042,F1,1,,,,,
2026-08-28,2026-08-28,CM,NSE,STK,28859,INE195N01013,PROZONER,EQ,,,,,PROZONE REALTY LIMITED,45.25,45.25,43.1,44.91,45.02,44.21,,44.91,,,198541,8787082.16,1247,F1,1,,,,,
2026-08-28,2026-08-28,CM,NSE,STK,7109,INE412C01023,JMA,EQ,,,,,JULLUNDUR MOT AGENCY LTD,93.04,103.7,92.0,95.09,95.0,93.04,,95.09,,,198237,19500253.75,1600,F1,1,,,,,
2026-08-28,2026-08-28,CM,NSE,STK,25718,INE205C01021,POLYMED,EQ,,,,,POLY MEDICURE LIMITED,1707.2,1741.0,1681.7,1733.0,1739.5,1712.6,,1732.99,,,197416,338692355.8,16131,F1,1,,,,,
2026-08-28,2026-08-28,CM,NSE,STK,31234,INE839M01018,SCHNEIDER,EQ,,,,,SCHNEIDER ELECTRIC INFRA,1215.0,1217.9,1184.4,1201.9,1198.5,1207.0,,1201.71,,,197078,235863035.6,13435,F1,1,,,,,
2026-08-28,2026-08-28,CM,NSE,STK,760300,INE0G1L01025,LEMERITE,EQ,,,,,LE MERITE EXPORTS LIMITED,22.49,22.49,20.8,20.97,20.98,21.81,,20.97,,,195943,4229850.57,436,F1,1,,,,,
2026-08-28,2026-08-28,CM,NSE,STK,17764,INE056I01025,REFEX,EQ,,,,,REFEX INDUSTRIES LIMITED,290.3,292.95,286.2,287.55,287.7,289.4,,287.55,,,195240,56538108.65,4661,F1,1,,,,,
2026-08-28,2026-08-28,CM,NSE,STK,20531,INE0KQN01018,BAJEL,EQ,,,,,BAJEL PROJECTS LIMITED,195.45,197.3,192.21,192.84,193.0,194.53,,192.84,,,194797,37855564.43,4393,F1,1,,,,,
2026-08-28,2026-08-28,CM,NSE,STK,27079,INE127T01021,KPEL,EQ,,,,,K.P. ENERGY LIMITED,244.0,250.55,242.6,249.45,248.85,244.9,,249.46,,,194393,48170179.75,4634,F1,1,,,,,
2026-08-28,2026-08-28,CM,NSE,STK,3857,INE665L01035,VARROC,EQ,,,,,VARROC ENGINEERING LTD.,811.0,829.5,803.35,821.85,829.0,813.15,,821.77,,,194076,157985319.3,13923,F1,1,,,,,
2026-08-28,2026-08-28,CM,NSE,STK,17722,INE947J01015,DEN,EQ,,,,,DEN NETWORKS LTD,28.0,28.65,27.98,28.31,28.25,28.12,,28.31,,,193788,5499474.98,1205,F1,1,,,,,
2026-08-28,2026-08-28,CM,NSE,STK,29975,INF1J2R01015,AONETOTAL,EQ,,,,,AONEAMC - AONETOTAL,12.08,12.08,11.96,11.98,11.98,12.02,,11.98,,,193160,2318426.92,1143,F1,1,,,,,
2026-08-28,2026-08-28,CM,NSE,STK,14203,INE703H01016,HUBTOWN,EQ,,,,,HUBTOWN LIMITED,184.8,188.72,183.23,186.09,186.9,184.71,,186.05,,,192831,35769482.5,3160,F1,1,,,,,
2026-08-28,2026-08-28,CM,NSE,STK,3672,INE624Z01016,SOLARA,EQ,,,,,SOLARA ACTIVE PHA SCI LTD,613.0,634.4,610.3,623.7,623.0,611.85,,623.37,,,192812,120472023.05,9346,F1,1,,,,,
2026-08-28,2026-08-28,CM,NSE,STK,18039,INE837H01020,ADVENZYMES,EQ,,,,,ADVANCED ENZYME TECH LTD,297.95,301.95,296.25,299.8,300.0,297.6,,299.8,,,192573,57480505.15,2941,F1,1,,,,,
2026-08-28,2026-08-28,CM,NSE,STK,3813,INE420B01036,ARIHANTCAP,EQ,,,,,ARIHANT CAPITAL MKTS LTD,78.6,80.49,76.93,79.39,80.3,78.62,,79.38,,,192228,15075619.02,1401,F1,1,,,,,
2026-08-28,2026-08-28,CM,NSE,STK,759797,INE198501012,EUROPRATIK,EQ,,,,,EURO PRATIK SALES LIMITED,255.0,258.6,253.15,257.45,257.2,254.05,,257.46,,,191858,49375973.45,1670,F1,1,,,,,
2026-08-28,2026-08-28,CM,NSE,STK,9117,INE716B01029,TIPSMUSIC,EQ,,,,,TIPS MUSIC LIMITED,660.0,660.25,644.05,648.05,648.0,660.0,,648.05,,,191676,124831549.05,11091,F1,1,,,,,
2026-08-28,2026-08-28,CM,NSE,STK,21740,INE149A01033,CHOLAHLDNG,EQ,,,,,CHOLAMANDALAM FIN HOL LTD,1517.2,1527.6,1491.7,1498.8,1494.0,1517.2,,1498.59,,,191026,286836402.1,18473,F1,1,,,,,
2026-08-28,2026-08-28,CM,NSE,STK,15380,INE634S01028,MANKIND,EQ,,,,,MANKIND PHARMA LIMITED,2419.0,2422.1,2370.0,2382.9,2382.9,2417.5,,2382.9,,,190737,455420161.1,20759,F1,1,,,,,
2026-08-28,2026-08-28,CM,NSE,STK,4843,INE734N01019,SNOWMAN,EQ,,,,,SNOWMAN LOGISTICS LTD.,36.55,38.2,36.55,37.66,37.81,36.85,,37.66,,,190525,7172497.31,1761,F1,1,,,,,
2026-08-28,2026-08-28,CM,NSE,STK,5313,INE583D01011,UGROCAP,EQ,,,,,UGRO CAPITAL LIMITED,87.22,88.5,86.51,86.96,87.0,87.22,,86.96,,,190255,16623523.17,1634,F1,1,,,,,
2026-08-28,2026-08-28,CM,NSE,STK,757096,INF1J2R01064,AONENIFTY,EQ,,,,,AONEAMC - AONENIFTY,10.03,10.03,9.95,9.96,9.96,9.96,,9.96,,,189083,1885836.41,1092,F1,1,,,,,
2026-08-28,2026-08-28,CM,NSE,STK,29284,INE665J01013,VMART,EQ,,,,,VMART RETAIL LTD,835.95,841.0,805.2,819.65,819.0,836.05,,819.68,,,188815,154569533.65,17054,F1,1,,,,,
2026-08-28,2026-08-28,CM,NSE,STK,14599,INE0JSX01015,GSLSU,EQ,,,,,GLOBAL SURFACES LIMITED,27.89,28.24,26.62,27.08,27.0,27.26,,27.08,,,188689,5101108.87,813,F1,1,,,,,
2026-08-28,2026-08-28,CM,NSE,STK,15179,INE738I01010,ECLERX,EQ,,,,,ECLERX SERVICES LTD,1938.9,1998.0,1930.0,1955.5,1945.0,1940.9,,1955.13,,,188636,370310579.2,20551,F1,1,,,,,
2026-08-28,2026-08-28,CM,NSE,STK,29666,INE093A01041,HEXT,EQ,,,,,HEXAWARE TECHNOLOGIES LTD,565.5,565.85,552.2,555.7,553.2,556.6,,555.66,,,188517,105615174.9,14813,F1,1,,,,,
2026-08-28,2026-08-28,CM,NSE,STK,7553,INE349A01021,NRBBEARING,EQ,,,,,NRB BEARING LIMITED,468.1,475.0,465.85,469.65,469.4,466.6,,469.59,,,187908,88407200.0,5255,F1,1,,,,,
2026-08-28,2026-08-28,CM,NSE,STK,19943,INE288B01029,DEEPAKNTR,EQ,,,,,DEEPAK NITRITE LTD,1752.8,1787.9,1752.8,1762.9,1766.9,1752.8,,1762.9,,,186904,331373475.8,16787,F1,1,,,,,
2026-08-28,2026-08-28,CM,NSE,STK,13648,INE187D01029,TALBROAUTO,EQ,,,,,TALBROS AUTO. COMP. LTD,407.0,418.2,398.1,401.35,401.0,408.65,,401.36,,,186335,75614219.25,6000,F1,1,,,,,
2026-08-28,2026-08-28,CM,NSE,STK,760740,INE121R01077,AMAGI,EQ,,,,,AMAGI MEDIA LABS LIMITED,573.0,578.45,566.45,570.8,571.35,578.45,,570.44,,,184757,105669806.45,8251,F1,1,,,,,
2026-08-28,2026-08-28,CM,NSE,STK,3880,INE355A01028,SOMANYCERA,EQ,,,,,SOMANY CERAMICS LIMITED,560.0,568.6,553.8,564.5,565.1,556.6,,564.51,,,184392,104019028.45,6525,F1,1,,,,,
2026-08-28,2026-08-28,CM,NSE,STK,3292,INE0FHS01024,DEEPINDS,EQ,,,,,DEEP INDUSTRIES LIMITED,666.0,685.25,666.0,674.45,672.0,667.35,,674.47,,,184232,124947112.3,7376,F1,1,,,,,
2026-08-28,2026-08-28,CM,NSE,STK,3518,INE685A01028,TORNTPHARM,EQ,,,,,TORRENT PHARMACEUTICALS L,5000.0,5050.0,4967.0,5050.0,5050.0,4999.0,,5049.63,,,184156,921988550.5,19513,F1,1,,,,,
2026-08-28,2026-08-28,CM,NSE,STK,3078,INE631A01022,SHANTIGEAR,EQ,,,,,SHANTHI GEARS LTD,542.05,542.1,510.2,517.75,514.9,544.8,,517.76,,,183487,96763024.35,5487,F1,1,,,,,
2026-08-28,2026-08-28,CM,NSE,STK,8890,INE0IQ001011,VERANDA,EQ,,,,,VERANDA LEARNING SOL LTD,242.5,244.0,238.6,240.65,239.95,243.55,,240.64,,,182964,44100527.0,2655,F1,1,,,,,
2026-08-28,2026-08-28,CM,NSE,STK,12603,INE484I01029,PRECAM,EQ,,,,,PRECISION CAMSHAFTS LTD.,125.7,128.0,124.76,126.33,125.81,125.8,,126.3,,,182688,23095160.08,3912,F1,1,,,,,
2026-08-28,2026-08-28,CM,NSE,STK,3321,INE937A01023,SPMLINFRA,EQ,,,,,SPML INFRA LIMITED,179.5,185.0,178.32,179.88,179.95,180.0,,179.87,,,182511,33099595.78,2643,F1,1,,,,,
2026-08-28,2026-08-28,CM,NSE,STK,17747,INE342G01023,NIITMTS,EQ,,,,,NIIT LEARNING SYSTEMS LTD,227.09,234.76,227.09,233.07,233.48,229.81,,233.07,,,182210,42349549.61,8625,F1,1,,,,,
2026-08-28,2026-08-28,CM,NSE,STK,761916,INE0I0T01010,VOEPL,EQ,,,,,VIRTUOSO OPTOELECTRONIC L,570.0,591.6,556.6,570.65,580.0,572.7,,570.65,,,181264,103442842.6,6155,F1,1,,,,,
2026-08-28,2026-08-28,CM,NSE,STK,18417,INE0N2P01017,RISHABH,EQ,,,,,RISHABH INSTRUMENTS LTD,694.95,714.0,685.25,691.6,694.0,690.5,,691.62,,,181013,126309772.45,9805,F1,1,,,,,
2026-08-28,2026-08-28,CM,NSE,STK,764121,INE302D01024,RIR,EQ,,,,,RIR POWER ELECTRONICS L,162.58,163.99,158.0,159.83,161.0,162.21,,159.79,,,180957,28952733.51,3571,F1,1,,,,,
2026-08-28,2026-08-28,CM,NSE,STK,1448,INE102A01024,HLVLTD,EQ,,,,,HLV LIMITED,6.66,6.66,6.48,6.53,6.48,6.63,,6.53,,,180001,1182789.37,592,F1,1,,,,,
2026-08-28,2026-08-28,CM,NSE,STK,3021,INE035D01020,SOTL,EQ,,,,,SAVITA OIL TECHNOLO. LTD,688.0,701.9,681.25,693.2,692.05,679.45,,693.25,,,179883,124770941.75,6687,F1,1,,,,,
2026-08-28,2026-08-28,CM,NSE,STK,761670,INE05TO01019,AEROPLANE,EQ,,,,,AMIR CHAND JAG KUM (E) L,170.7,176.41,170.7,174.82,174.0,171.41,,174.93,,,179790,31245655.25,3183,F1,1,,,,,
2026-08-28,2026-08-28,CM,NSE,STK,759311,INE218I01013,CRAMC,EQ,,,,,CANARA ROBECO AMC LIMITED,258.0,261.15,255.7,259.9,259.5,258.9,,259.88,,,179348,46409423.7,5978,F1,1,,,,,
2026-08-28,2026-08-28,CM,NSE,STK,7851,INE246B01019,RAMCOSYS,EQ,,,,,RAMCO SYSTEMS LTD.,556.25,584.0,556.25,578.4,578.95,556.2,,578.36,,,177179,101882020.9,6597,F1,1,,,,,
2026-08-28,2026-08-28,CM,NSE,STK,760039,INE0QPI01025,SUDEEPPHRM,EQ,,,,,SUDEEP PHARMA LIMITED,1135.0,1171.65,1106.0,1152.1,1157.2,1134.1,,1152.12,,,176989,201650405.75,8338,F1,1,,,,,
2026-08-28,2026-08-28,CM,NSE,STK,1675,INE248A01017,ITI,EQ,,,,,ITI LTD,275.95,279.55,274.6,275.5,276.0,275.2,,275.5,,,176937,49019727.95,4473,F1,1,,,,,
2026-08-28,2026-08-28,CM,NSE,STK,3693,INE287Z01012,GAYAHWS,EQ,,,,,GAYATRI HIGHWAYS LIMITED,1.87,1.91,1.85,1.88,1.89,1.87,,1.88,,,176841,331386.01,295,F1,1,,,,,
2026-08-28,2026-08-28,CM,NSE,STK,20822,INE843S01025,SURAJEST,EQ,,,,,SURAJ ESTATE DEVELOPERS L,195.0,204.01,194.81,198.68,197.9,195.77,,198.68,,,175596,34737988.89,1877,F1,1,,,,,
2026-08-28,2026-08-28,CM,NSE,STK,13844,INE227C01017,MMFL,EQ,,,,,MM FORGINGS LTD,627.85,654.8,624.1,641.7,642.0,625.8,,641.73,,,173695,111420909.65,8603,F1,1,,,,,
2026-08-28,2026-08-28,CM,NSE,STK,9111,INE955V01021,ARVINDFASN,EQ,,,,,ARVIND FASHIONS LIMITED,450.65,454.5,442.35,450.65,450.15,449.4,,450.64,,,173596,77833083.6,16021,F1,1,,,,,
2026-08-28,2026-08-28,CM,NSE,STK,5378,INE439A01020,ASAHIINDIA,EQ,,,,,ASAHI INDIA GLASS LIMITED,954.2,968.1,944.0,952.7,949.95,951.25,,952.81,,,172883,166004638.3,15793,F1,1,,,,,
2026-08-28,2026-08-28,CM,NSE,STK,757772,INE756I01012,HDBFS,EQ,,,,,HDB FINANCIAL SERVICES L,685.15,687.0,678.0,679.35,680.0,685.15,,679.34,,,172622,117639755.7,10930,F1,1,,,,,
2026-08-28,2026-08-28,CM,NSE,STK,10733,INE885H01029,SPORTKING,EQ,,,,,SPORTKING INDIA LIMITED,229.13,229.13,222.0,222.94,222.02,227.26,,222.94,,,172545,38728137.05,4294,F1,1,,,,,
2026-08-28,2026-08-28,CM,NSE,STK,13218,INE142Q01026,SULA,EQ,,,,,SULA VINEYARDS LIMITED,147.21,149.02,146.54,147.58,148.5,146.92,,147.53,,,172404,25486919.96,2755,F1,1,,,,,
2026-08-28,2026-08-28,CM,NSE,STK,3009,INE080B01012,KOHINOOR,EQ,,,,,KOHINOOR FOODS LIMITED,34.1,34.95,33.91,34.45,34.1,34.35,,34.44,,,172391,5931722.83,1666,F1,1,,,,,
2026-08-28,2026-08-28,CM,NSE,STK,756038,INE299N01021,WAAREERTL,EQ,,,,,WAAREE RENEWABLE TECH LTD,874.8,884.7,870.05,878.7,880.0,874.95,,878.71,,,171468,150493989.4,10783,F1,1,,,,,
2026-08-28,2026-08-28,CM,NSE,STK,17635,INE768C01028,ZYDUSWELL,EQ,,,,,ZYDUS WELLNESS LIMITED,535.2,541.55,525.1,526.55,526.4,535.2,,526.54,,,171032,91127088.3,10624,F1,1,,,,,
2026-08-28,2026-08-28,CM,NSE,STK,21406,INE349W01017,AVADHSUGAR,EQ,,,,,AVADH SUG & ENERGY LTD,811.0,838.4,806.85,830.05,828.2,804.55,,830.06,,,170865,141202738.15,6229,F1,1,,,,,
2026-08-28,2026-08-28,CM,NSE,STK,25758,INF666M01IO8,GROWWDEFNC,EQ,,,,,GROWWAMC - GROWWDEFNC,97.98,98.73,97.05,97.44,97.69,97.95,,97.44,,,170175,16586588.74,2363,F1,1,,,,,
2026-08-28,2026-08-28,CM,NSE,STK,17032,INE594H01019,THYROCARE,EQ,,,,,THYROCARE TECH LTD,581.45,589.1,579.0,584.35,588.0,581.45,,584.37,,,170008,99218571.1,11887,F1,1,,,,,
2026-08-28,2026-08-28,CM,NSE,STK,24225,INE131B01039,RELAXO,EQ,,,,,RELAXO FOOT LTD.,355.85,360.75,352.6,356.75,357.5,356.1,,356.76,,,169422,60425848.4,9377,F1,1,,,,,
2026-08-28,2026-08-28,CM,NSE,STK,23066,INE0L9R01028,GOPAL,EQ,,,,,GOPAL SNACKS LIMITED,279.15,284.0,275.1,276.25,276.95,279.15,,276.25,,,167988,46809383.85,8878,F1,1,,,,,
2026-08-28,2026-08-28,CM,NSE,STK,758173,INE0BX301013,PROSTARM,EQ,,,,,PROSTARM INFO SYSTEMS LTD,131.64,136.4,131.64,135.31,135.1,132.52,,135.32,,,167124,22481068.34,2742,F1,1,,,,,
2026-08-28,2026-08-28,CM,NSE,STK,9667,INE630Y01024,MEDICO,EQ,,,,,MEDICO REMEDIES LIMITED,43.62,43.62,42.0,42.41,42.5,43.31,,42.41,,,166991,7142736.25,1001,F1,1,,,,,
2026-08-28,2026-08-28,CM,NSE,STK,18743,INE903U01023,SIGNATURE,EQ,,,,,SIGNATUREGLOBAL INDIA LTD,781.0,786.2,776.25,779.25,776.25,783.5,,779.3,,,166979,130705692.15,3582,F1,1,,,,,
2026-08-28,2026-08-28,CM,NSE,STK,17795,INE0O3901029,TREL,EQ,,,,,TRANSINDIA REAL ESTATE L,26.51,27.5,26.51,27.18,27.37,26.49,,27.18,,,166860,4520812.83,2363,F1,1,,,,,
2026-08-28,2026-08-28,CM,NSE,STK,13496,INE367G01038,PFOCUS,EQ,,,,,PRIME FOCUS LIMITED,296.9,299.45,292.35,294.4,294.6,295.65,,294.39,,,166516,49101931.25,4526,F1,1,,,,,
2026-08-28,2026-08-28,CM,NSE,STK,758981,INE012Q01039,RNBDENIMS,EQ,,,,,R&B DENIMS LIMITED,9.68,9.83,9.68,9.83,9.83,9.37,,9.83,,,166097,1621008.65,189,F1,1,,,,,
2026-08-28,2026-08-28,CM,NSE,STK,1008,INE188A01015,FACT,EQ,,,,,FACT LTD,839.0,850.0,829.6,832.5,833.6,842.55,,832.52,,,165741,138777799.65,8005,F1,1,,,,,
2026-08-28,2026-08-28,CM,NSE,STK,7560,INE368U01029,UNITEDPOLY,EQ,,,,,UNITED POLYFAB GUJ. LTD.,37.44,39.5,37.11,38.8,39.0,37.44,,38.8,,,165582,6421093.9,474,F1,1,,,,,
2026-08-28,2026-08-28,CM,NSE,STK,1186,INE068V01023,GLAND,EQ,,,,,GLAND PHARMA LIMITED,2873.5,2900.0,2852.1,2888.0,2885.0,2873.5,,2887.85,,,165191,476285982.5,23505,F1,1,,,,,
2026-08-28,2026-08-28,CM,NSE,STK,21705,INE456Z01021,MEDIASSIST,EQ,,,,,MEDI ASSIST HEALTH SER L,337.55,340.0,331.25,333.8,333.0,337.25,,333.79,,,164861,55015943.5,10055,F1,1,,,,,
2026-08-28,2026-08-28,CM,NSE,STK,765307,INF22M001184,NIFTYJBLK,EQ,,,,,JIOBLACKROCKAMC-NIFTYJBLK,12.68,12.68,12.36,12.39,12.45,12.38,,12.39,,,164738,2040056.0,503,F1,1,,,,,
2026-08-28,2026-08-28,CM,NSE,STK,27144,INE0UIZ01018,BLACKBUCK,EQ,,,,,BLACKBUCK LIMITED,589.95,592.75,584.75,588.15,592.0,588.2,,588.15,,,164649,96955462.65,7720,F1,1,,,,,
2026-08-28,2026-08-28,CM,NSE,STK,25724,INE895B01021,RUPA,EQ,,,,,RUPA & COMPANY LTD,147.43,151.08,145.36,149.49,149.1,147.55,,149.47,,,164338,24349292.55,3874,F1,1,,,,,
2026-08-28,2026-08-28,CM,NSE,STK,3799,INE976A01021,WSTCSTPAPR,EQ,,,,,WEST COAST PAPER MILLS LT,611.7,617.9,605.0,612.5,611.7,606.85,,612.31,,,163884,100280807.1,8940,F1,1,,,,,
2026-08-28,2026-08-28,CM,NSE,STK,760204,INE0FW001016,MARKOLINES,EQ,,,,,MARKOLINES PAVEMENT TEC L,172.81,173.85,171.2,171.92,171.5,172.74,,171.9,,,163793,28189899.83,990,F1,1,,,,,
2026-08-28,2026-08-28,CM,NSE,STK,22824,INE696F01016,JUNIPER,EQ,,,,,JUNIPER HOTELS LIMITED,216.05,217.9,213.45,214.59,215.42,216.05,,214.6,,,163439,35168560.36,3812,F1,1,,,,,
2026-08-28,2026-08-28,CM,NSE,STK,758551,INE1SY401010,RAYMONDREL,EQ,,,,,RAYMOND REALTY LIMITED,565.4,571.35,552.3,557.05,558.0,565.4,,557.05,,,163200,91710931.65,4937,F1,1,,,,,
2026-08-28,2026-08-28,CM,NSE,STK,758675,INE886D01026,EFCIL,EQ,,,,,EFC (I) LIMITED,200.31,202.9,196.81,202.26,202.0,198.72,,202.26,,,162859,32634463.52,4647,F1,1,,,,,
2026-08-28,2026-08-28,CM,NSE,STK,759522,INF666M01MO0,GROWWSC250,EQ,,,,,GROWWAMC - GROWWSC250,10.6,10.69,10.58,10.67,10.68,10.61,,10.67,,,162225,1728970.12,502,F1,1,,,,,
2026-08-28,2026-08-28,CM,NSE,STK,759885,INF174KA1XV0,CHEMICAL,EQ,,,,,KOTAKMAMC - CHEMICAL,30.66,30.66,30.3,30.39,30.47,30.51,,30.39,,,162213,4931272.33,821,F1,1,,,,,
2026-08-28,2026-08-28,CM,NSE,STK,16705,INE020J01029,GOKUL,EQ,,,,,GOKUL REFOILS & SOLV LTD,43.09,44.26,42.05,42.46,42.95,43.09,,42.44,,,162046,6983626.35,1284,F1,1,,,,,
2026-08-28,2026-08-28,CM,NSE,STK,15073,INE139I01011,BVCL,EQ,,,,,BARAK VALLEY CEM. LTD.,43.5,45.48,41.9,43.9,43.95,43.57,,43.9,,,161651,7114760.97,533,F1,1,,,,,
2026-08-28,2026-08-28,CM,NSE,STK,19184,INE916U01025,SFL,EQ,,,,,SHEELA FOAM LIMITED,635.0,641.75,627.9,637.0,640.0,636.3,,637.01,,,161161,102448373.35,11648,F1,1,,,,,
2026-08-28,2026-08-28,CM,NSE,STK,11364,INE884A01027,VAIBHAVGBL,EQ,,,,,VAIBHAV GLOBAL LIMITED,222.2,225.7,220.7,221.55,221.4,222.2,,221.52,,,160964,35811889.45,15362,F1,1,,,,,
2026-08-28,2026-08-28,CM,NSE,STK,2397,INE278H01035,SANDHAR,EQ,,,,,SANDHAR TECHNOLOGIES LTD,654.8,658.2,645.0,649.25,652.85,651.75,,649.24,,,160374,104605931.65,14123,F1,1,,,,,
2026-08-28,2026-08-28,CM,NSE,STK,3965,INE474C01023,REMSONSIND,EQ,,,,,REMSONS INDUSTRIES LTD,84.7,90.95,81.31,86.49,85.63,80.46,,86.5,,,160067,13678852.45,3819,F1,1,,,,,
2026-08-28,2026-08-28,CM,NSE,STK,13295,INE286H01012,VISACHROME,EQ,,,,,VISA CHROME LIMITED,38.0,39.07,37.84,39.07,39.07,37.21,,39.07,,,159657,6189462.17,208,F1,1,,,,,
2026-08-28,2026-08-28,CM,NSE,STK,11394,INE358U01012,ZOTA,EQ,,,,,ZOTA HEALTH CARE LIMITED,1081.3,1103.4,1072.0,1082.7,1072.0,1081.3,,1082.7,,,158966,172266527.5,6395,F1,1,,,,,
2026-08-28,2026-08-28,CM,NSE,STK,23127,INE0PB301013,SCILAL,EQ,,,,,SHIPPING CORP OF ILA LTD,40.02,40.69,40.0,40.38,40.47,40.02,,40.38,,,157415,6356591.6,1041,F1,1,,,,,
2026-08-28,2026-08-28,CM,NSE,STK,18755,INE438K01021,KALAMANDIR,EQ,,,,,SAI SILKS (KALAMANDIR) L,86.48,87.5,86.45,87.09,87.33,86.48,,87.09,,,157352,13663812.67,1530,F1,1,,,,,
2026-08-28,2026-08-28,CM,NSE,STK,19795,INE0LMW01024,CELLO,EQ,,,,,CELLO WORLD LIMITED,352.9,353.7,348.3,350.8,350.35,350.4,,350.81,,,156223,54744312.9,6468,F1,1,,,,,
2026-08-28,2026-08-28,CM,NSE,STK,2388,INE045B01015,NELCO,EQ,,,,,NELCO LTD,969.9,974.8,948.6,961.2,970.0,960.4,,960.9,,,156043,150122211.1,6876,F1,1,,,,,
2026-08-28,2026-08-28,CM,NSE,STK,27084,INE0CJD01029,KMEW,EQ,,,,,KNOWLEDGE MARINE & EN W L,2980.0,3080.0,2969.0,3051.9,3052.0,2969.0,,3051.64,,,155002,470534309.6,27147,F1,1,,,,,
2026-08-28,2026-08-28,CM,NSE,STK,19646,INE03EI01018,MAXESTATES,EQ,,,,,MAX ESTATES LIMITED,560.0,560.0,529.0,539.05,541.95,558.45,,539.05,,,154812,83948973.0,5018,F1,1,,,,,
2026-08-28,2026-08-28,CM,NSE,STK,760433,INE987S01020,KSHINTL,EQ,,,,,KSH INTERNATIONAL LIMITED,967.9,970.0,946.05,963.85,959.5,962.35,,963.76,,,154785,148290057.25,9291,F1,1,,,,,
2026-08-28,2026-08-28,CM,NSE,STK,10786,INE781B01015,NOIDATOLL,EQ,,,,,NOIDA TOLL BRIDGE CO LTD,4.16,4.28,4.07,4.2,4.22,4.13,,4.2,,,153839,649537.86,360,F1,1,,,,,
2026-08-28,2026-08-28,CM,NSE,STK,471,INE143A01010,OSWALGREEN,EQ,,,,,OSWAL GREENTECH LIMITED,21.25,21.25,20.65,20.74,20.65,20.9,,20.74,,,153640,3187396.38,459,F1,1,,,,,
2026-08-28,2026-08-28,CM,NSE,STK,23402,INE0R6Z01013,SRM,EQ,,,,,SRM CONTRACTORS LIMITED,443.2,463.0,438.4,459.35,458.0,446.25,,459.29,,,153387,69192381.5,6242,F1,1,,,,,
2026-08-28,2026-08-28,CM,NSE,STK,25634,INE122M01019,ESSARSHPNG,EQ,,,,,ESSAR SHIPPING LTD,16.79,17.29,16.62,16.77,16.8,16.79,,16.77,,,153219,2594236.19,511,F1,1,,,,,
2026-08-28,2026-08-28,CM,NSE,STK,14314,INE592B01024,TTL,EQ,,,,,T T LIMITED,6.53,6.8,6.41,6.66,6.8,6.53,,6.66,,,152997,1006308.5,343,F1,1,,,,,
2026-08-28,2026-08-28,CM,NSE,STK,20321,INE274V01019,SHANKARA,EQ,,,,,SHANKARA BLDG PRODUCT LTD,147.24,148.24,145.51,146.09,145.51,146.95,,146.09,,,151430,22208946.38,714,F1,1,,,,,
2026-08-28,2026-08-28,CM,NSE,STK,11045,INE170E01023,SATIA,EQ,,,,,SATIA INDUSTRIES LIMITED,58.8,58.8,57.0,57.76,58.25,58.01,,57.76,,,151230,8711967.39,1769,F1,1,,,,,
2026-08-28,2026-08-28,CM,NSE,STK,3273,INE647A01010,SRF,EQ,,,,,SRF LTD,2605.0,2615.0,2582.0,2589.9,2589.9,2605.0,,2589.98,,,150532,390650769.5,21168,F1,1,,,,,
2026-08-28,2026-08-28,CM,NSE,STK,404,INE463A01038,BERGEPAINT,EQ,,,,,BERGER PAINTS (I) LTD,501.85,501.85,493.0,494.35,495.45,501.0,,494.36,,,149998,74444397.1,14789,F1,1,,,,,
2026-08-28,2026-08-28,CM,NSE,STK,757850,INE0S4R01014,CRIZAC,EQ,,,,,CRIZAC LIMITED,175.95,178.08,171.8,172.9,173.5,175.78,,172.92,,,149889,25995867.58,3924,F1,1,,,,,
2026-08-28,2026-08-28,CM,NSE,STK,17333,INE998I01010,MHRIL,EQ,,,,,MAHINDRA HOLIDAYS LTD,211.65,215.8,209.9,211.39,210.4,211.23,,211.4,,,149497,31597319.21,2988,F1,1,,,,,
2026-08-28,2026-08-28,CM,NSE,STK,11162,INE0JUS01029,HARSHA,EQ,,,,,HARSHA ENGINEERS INT LTD,441.9,447.8,436.65,438.85,438.0,438.55,,438.85,,,149012,66008402.45,5288,F1,1,,,,,
2026-08-28,2026-08-28,CM,NSE,STK,764203,INE536P01021,CPL,EQ,,,,,CAPTAIN POLYPLAST LIMITED,64.76,65.55,63.01,63.89,63.9,64.76,,63.95,,,148670,9602499.56,1890,F1,1,,,,,
2026-08-28,2026-08-28,CM,NSE,STK,3646,INE835A01029,VARDMNPOLY,EQ,,,,,VARDHMAN POLYTEX LTD.,5.92,6.15,5.9,5.98,6.0,6.01,,5.96,,,147794,888758.8,352,F1,1,,,,,
2026-08-28,2026-08-28,CM,NSE,STK,13587,INE731H01025,ACE,EQ,,,,,ACTION CONST EQUIP LTD,1141.2,1154.1,1132.0,1140.6,1144.0,1136.0,,1140.6,,,146229,167251524.4,12198,F1,1,,,,,
2026-08-28,2026-08-28,CM,NSE,STK,13557,INE323B01024,AVONMORE,EQ,,,,,AVONMORE CAP&MGT SERV LTD,13.72,14.15,13.72,13.9,13.9,13.68,,13.9,,,145925,2037211.38,350,F1,1,,,,,
2026-08-28,2026-08-28,CM,NSE,STK,765190,INE010C01025,SWISSMLTRY,EQ,,,,,SWISS MILITARY CON GOOD L,17.2,17.75,16.81,16.96,16.93,17.16,,16.97,,,145870,2495043.64,388,F1,1,,,,,
2026-08-28,2026-08-28,CM,NSE,STK,1841,INE805C01028,KCP,EQ,,,,,KCP LTD,169.69,173.94,166.35,168.69,166.35,169.51,,168.62,,,145640,24785010.03,2520,F1,1,,,,,
2026-08-28,2026-08-28,CM,NSE,STK,7529,INE938A01021,LCCINFOTEC,EQ,,,,,LCC INFOTECH LTD,3.58,3.85,3.5,3.68,3.68,3.53,,3.67,,,143489,528011.58,328,F1,1,,,,,
2026-08-28,2026-08-28,CM,NSE,STK,759374,INF247L01GH7,MOENERGY,EQ,,,,,MOTILALAMC - MOENERGY,38.67,38.67,38.15,38.16,38.19,38.3,,38.16,,,143411,5485919.54,679,F1,1,,,,,
2026-08-28,2026-08-28,CM,NSE,STK,24596,INE206N01018,RELTD,EQ,,,,,RAVINDRA ENERGY LIMITED,164.0,164.0,155.0,156.76,157.0,156.4,,156.75,,,143330,22516391.22,2549,F1,1,,,,,
2026-08-28,2026-08-28,CM,NSE,STK,2783,INE0BY001018,JUBLINGREA,EQ,,,,,JUBILANT INGREVIA LIMITED,691.0,698.0,681.0,683.5,684.05,691.1,,683.55,,,142239,97922453.6,8209,F1,1,,,,,
2026-08-28,2026-08-28,CM,NSE,STK,28314,INE489G01022,ANUHPHR,EQ,,,,,ANUH PHARMA LIMITED,83.57,85.99,82.25,83.57,83.75,83.58,,83.57,,,141578,11928467.52,2520,F1,1,,,,,
2026-08-28,2026-08-28,CM,NSE,STK,14008,INE488D01021,AVTNPL,EQ,,,,,AVT NATURAL PRODUCTS LTD,85.25,86.6,83.57,85.19,85.5,85.64,,85.21,,,141293,11980147.93,1993,F1,1,,,,,
2026-08-28,2026-08-28,CM,NSE,STK,11860,INE789E01012,JKPAPER,EQ,,,,,JK PAPER LIMITED,391.45,395.3,389.0,391.55,390.75,390.4,,391.57,,,141274,55431967.4,4961,F1,1,,,,,
2026-08-28,2026-08-28,CM,NSE,STK,20323,INE688D01026,RESPONIND,EQ,,,,,RESPONSIVE INDUSTRIES LTD,158.06,158.06,152.4,153.55,154.0,156.82,,153.52,,,140995,21741119.13,4144,F1,1,,,,,
2026-08-28,2026-08-28,CM,NSE,STK,10990,INE944F01028,RADICO,EQ,,,,,RADICO KHAITAN LTD,4600.8,4615.0,4574.3,4605.0,4605.0,4606.0,,4605.0,,,140966,648757080.2,15768,F1,1,,,,,
2026-08-28,2026-08-28,CM,NSE,STK,27334,INE877V01027,SURAKSHA,EQ,,,,,SURAKSHA DIAGNOSTIC LTD,335.25,343.0,331.45,340.2,340.0,335.4,,340.03,,,140946,47671480.35,5614,F1,1,,,,,
2026-08-28,2026-08-28,CM,NSE,STK,25398,INE0QRL01017,ARKADE,EQ,,,,,ARKADE DEVELOPERS LIMITED,127.2,128.0,126.5,127.38,128.0,127.25,,127.38,,,140894,17942793.3,1212,F1,1,,,,,
2026-08-28,2026-08-28,CM,NSE,STK,25392,INE305C01029,PANAMAPET,EQ,,,,,PANAMA PETROCHEM LTD,473.8,474.05,464.0,465.2,465.95,470.75,,465.22,,,140701,65804547.2,3949,F1,1,,,,,
2026-08-28,2026-08-28,CM,NSE,STK,2616,INE497B01018,SEAMECLTD,EQ,,,,,SEAMEC LIMITED,1624.4,1693.5,1618.0,1676.6,1667.4,1624.4,,1676.58,,,140532,233246264.9,11908,F1,1,,,,,
2026-08-28,2026-08-28,CM,NSE,STK,764255,INE11XY01018,CMLL,EQ,,,,,CALIBER MINING AND LOG L,517.25,517.25,507.35,509.8,510.0,511.35,,509.76,,,140467,71672196.0,3092,F1,1,,,,,
2026-08-28,2026-08-28,CM,NSE,STK,762239,INE713R01022,GSPCROP,EQ,,,,,GSP CROP SCIENCE LIMITED,627.0,637.1,622.5,626.6,627.8,627.75,,626.61,,,140331,88210971.0,4752,F1,1,,,,,
2026-08-28,2026-08-28,CM,NSE,STK,10557,INE278M01019,NAVKARCORP,EQ,,,,,NAVKAR CORPORATION LTD.,97.5,97.8,96.5,96.88,97.35,97.37,,96.88,,,140276,13615940.98,1643,F1,1,,,,,
2026-08-28,2026-08-28,CM,NSE,STK,3435,INE676A01027,BBOX,EQ,,,,,BLACK BOX LIMITED,741.05,754.95,740.0,745.9,748.9,739.0,,745.84,,,139959,104471494.9,8770,F1,1,,,,,
2026-08-28,2026-08-28,CM,NSE,STK,2454,INE660C01027,CENTRUM,EQ,,,,,CENTRUM CAPITAL LIMITED,23.29,23.31,23.0,23.05,23.3,23.09,,23.05,,,139773,3232277.54,448,F1,1,,,,,
2026-08-28,2026-08-28,CM,NSE,STK,9668,INE475B01022,HIKAL,EQ,,,,,HIKAL LIMITED,204.85,206.89,202.23,204.23,204.15,204.63,,204.22,,,139273,28427123.08,3213,F1,1,,,,,
2026-08-28,2026-08-28,CM,NSE,STK,17758,INE385C01021,SARDAEN,EQ,,,,,SARDA ENERGY & MIN LTD,505.7,514.05,505.7,508.25,509.95,509.6,,508.25,,,139241,71117523.6,7964,F1,1,,,,,
2026-08-28,2026-08-28,CM,NSE,STK,760007,INE606N01019,EXCELSOFT,EQ,,,,,EXCELSOFT TECHNOLOGIES L,72.0,72.0,70.9,71.03,71.22,71.53,,71.03,,,139173,9924790.23,1246,F1,1,,,,,
2026-08-28,2026-08-28,CM,NSE,STK,758858,INE819V01029,CPPLUS,EQ,,,,,ADITYA INFOTECH LIMITED,3630.0,3662.0,3552.0,3576.6,3570.9,3629.7,,3576.61,,,138494,498098405.8,15638,F1,1,,,,,
2026-08-28,2026-08-28,CM,NSE,STK,1949,INE999A01023,KSB,EQ,,,,,KSB LIMITED,795.0,798.45,787.0,793.85,793.0,793.85,,793.81,,,138338,109698287.15,9644,F1,1,,,,,
2026-08-28,2026-08-28,CM,NSE,STK,19113,INE851I01011,UDS,EQ,,,,,UPDATER SERVICES LIMITED,222.0,224.62,221.0,222.48,222.5,221.82,,222.48,,,137777,30673618.12,4813,F1,1,,,,,
2026-08-28,2026-08-28,CM,NSE,STK,9049,INE535D01037,ROTO,EQ,,,,,ROTO PUMPS LIMITED,65.38,65.38,64.3,64.52,64.55,65.02,,64.53,,,136747,8847362.07,1408,F1,1,,,,,
2026-08-28,2026-08-28,CM,NSE,STK,757478,INE090501011,SCODATUBES,EQ,,,,,SCODA TUBES LIMITED,130.85,135.22,130.32,132.59,132.26,130.93,,132.58,,,136534,18134653.4,1846,F1,1,,,,,
2026-08-28,2026-08-28,CM,NSE,STK,166,INE435A01051,ANDHRAPAP,EQ,,,,,ANDHRA PAPER LIMITED,60.41,61.65,60.17,61.07,61.37,60.11,,61.06,,,136218,8273419.22,2234,F1,1,,,,,
2026-08-28,2026-08-28,CM,NSE,STK,1153,INE159A01016,GLAXO,EQ,,,,,GLAXOSMITHKLINE PHARMA LT,3069.0,3120.7,3052.7,3106.4,3105.0,3069.1,,3106.39,,,135782,421062211.1,12393,F1,1,,,,,
2026-08-28,2026-08-28,CM,NSE,STK,2316,INE578A01017,HEIDELBERG,EQ,,,,,HEIDELBERGCEMENT (I) LTD,161.7,162.75,160.65,160.99,161.0,161.7,,161.0,,,135775,21903347.83,1608,F1,1,,,,,
2026-08-28,2026-08-28,CM,NSE,STK,12108,INF179KC1HZ7,HDFCPVTBAN,EQ,,,,,HDFCAMC - HDFCPVTBAN,29.04,29.04,28.23,28.32,28.38,28.34,,28.32,,,135247,3830135.2,362,F1,1,,,,,
2026-08-28,2026-08-28,CM,NSE,STK,765155,INE286N01028,PRISMX,EQ,,,,,PRISMX GLOBAL VENTURES L,0.53,0.55,0.53,0.55,0.55,0.53,,0.55,,,134404,72715.19,84,F1,1,,,,,
2026-08-28,2026-08-28,CM,NSE,STK,24924,INE819L01012,ELGIRUBCO,EQ,,,,,ELGI RUBBER CO. LTD,59.5,63.6,57.5,60.94,60.55,58.16,,60.94,,,134200,8171937.46,2225,F1,1,,,,,
2026-08-28,2026-08-28,CM,NSE,STK,11343,INE00WC01027,AFFLE,EQ,,,,,AFFLE 3I LIMITED,1650.3,1659.0,1615.9,1620.2,1619.0,1650.3,,1620.18,,,133536,218155714.5,15928,F1,1,,,,,
2026-08-28,2026-08-28,CM,NSE,STK,14329,INE812G01025,SMSPHARMA,EQ,,,,,SMS PHARMACEUTICALS LTD.,363.15,363.15,349.25,355.55,356.95,362.45,,355.55,,,133244,47439839.0,3513,F1,1,,,,,
2026-08-28,2026-08-28,CM,NSE,STK,24398,INE168P01015,EMCURE,EQ,,,,,EMCURE PHARMACEUTICALS L,1878.9,1893.0,1850.0,1869.4,1866.0,1878.4,,1869.51,,,133174,248693449.4,21731,F1,1,,,,,
2026-08-28,2026-08-28,CM,NSE,STK,11538,INF179KC1HV6,HDFCMOMENT,EQ,,,,,HDFCAMC - HDFCMOMENT,31.73,31.87,31.62,31.71,31.75,31.71,,31.7,,,132955,4217393.29,519,F1,1,,,,,
2026-08-28,2026-08-28,CM,NSE,STK,13072,INE489L01022,IIFLCAPS,EQ,,,,,IIFL CAPITAL SERVICES LTD,334.4,335.35,333.1,333.2,333.1,334.4,,333.2,,,132914,44344019.05,6666,F1,1,,,,,
2026-08-28,2026-08-28,CM,NSE,STK,13211,INE199G01027,JAGRAN,EQ,,,,,JAGRAN PRAKASHAN LIMITED,61.8,62.02,61.2,61.3,61.25,61.68,,61.31,,,132770,8167905.28,2040,F1,1,,,,,
2026-08-28,2026-08-28,CM,NSE,STK,2829,INE930P01018,ANURAS,EQ,,,,,ANUPAM RASAYAN INDIA LTD,1265.4,1269.0,1253.0,1260.4,1253.0,1259.8,,1260.39,,,132636,166922601.7,4731,F1,1,,,,,
2026-08-28,2026-08-28,CM,NSE,STK,27047,INE677D01037,MASTERTR,EQ,,,,,MASTER TRUST LIMITED,82.85,83.61,82.48,82.68,82.95,83.34,,82.68,,,132504,10968800.56,533,F1,1,,,,,
2026-08-28,2026-08-28,CM,NSE,STK,11655,INE927D01051,JBMA,EQ,,,,,JBM AUTO LIMITED,645.9,650.7,640.1,641.55,641.5,645.25,,641.54,,,132197,85099196.2,7652,F1,1,,,,,
2026-08-28,2026-08-28,CM,NSE,STK,1204,INE546Y01022,PRAXIS,EQ,,,,,PRAXIS HOME RETAIL LTD,5.18,5.18,4.95,4.96,4.95,4.98,,4.95,,,132169,662780.51,210,F1,1,,,,,
2026-08-28,2026-08-28,CM,NSE,STK,759929,INE0TY101024,SOLARWORLD,EQ,,,,,SOLARWORLD ENERGY SOL LTD,150.0,150.0,146.51,148.75,148.06,147.96,,148.72,,,132148,19563203.97,2551,F1,1,,,,,
2026-08-28,2026-08-28,CM,NSE,STK,11271,INE506A01018,DREDGECORP,EQ,,,,,DREDGING CORP OF INDIA,1111.1,1131.8,1108.1,1120.4,1121.5,1115.8,,1120.66,,,131251,147388575.3,6149,F1,1,,,,,
2026-08-28,2026-08-28,CM,NSE,STK,15034,INE193E01025,BAJAJELEC,EQ,,,,,BAJAJ ELECT.LTD,335.9,337.9,329.65,332.75,333.45,334.8,,332.76,,,131210,43758961.85,5904,F1,1,,,,,
2026-08-28,2026-08-28,CM,NSE,STK,11452,INE421D01022,CCL,EQ,,,,,CCL PRODUCTS (I) LTD,1111.5,1126.9,1101.7,1123.1,1125.0,1111.5,,1123.06,,,131036,146316004.5,14019,F1,1,,,,,
2026-08-28,2026-08-28,CM,NSE,STK,34,INE045A01017,ADOR,EQ,,,,,ADOR WELDING LTD,1546.9,1652.0,1546.6,1635.6,1638.0,1541.9,,1635.62,,,130736,211004656.3,12883,F1,1,,,,,
2026-08-28,2026-08-28,CM,NSE,STK,4898,INE258B01022,FDC,EQ,,,,,FDC LIMITED,345.05,349.85,341.2,342.5,344.9,343.85,,342.49,,,130650,45062476.45,6050,F1,1,,,,,
2026-08-28,2026-08-28,CM,NSE,STK,759934,INE04VU01023,STYL,EQ,,,,,SESHAASAI TECHNOLOGIES L,399.0,414.0,398.75,402.1,400.0,399.95,,402.1,,,130545,53113399.55,4881,F1,1,,,,,
2026-08-28,2026-08-28,CM,NSE,STK,30244,INE415D01024,BHARATSE,EQ,,,,,BHARAT SEATS LIMITED,221.9,227.77,220.15,226.43,225.35,221.07,,226.41,,,130053,29125166.16,2902,F1,1,,,,,
2026-08-28,2026-08-28,CM,NSE,STK,13720,INE544H01014,JHS,EQ,,,,,JHS SVEND. LAB. LTD,8.95,9.3,8.24,8.29,8.3,8.95,,8.29,,,129946,1105782.36,500,F1,1,,,,,
2026-08-28,2026-08-28,CM,NSE,STK,759169,INE0JYY01029,MWL,EQ,,,,,MANGALAM WORLDWIDE LTD,40.01,40.01,39.21,39.53,39.21,40.01,,39.53,,,129680,5121227.96,549,F1,1,,,,,
2026-08-28,2026-08-28,CM,NSE,STK,5622,INE686A01026,CEMPRO,EQ,,,,,CEMINDIA PROJECTS LIMITED,1264.0,1285.0,1252.9,1268.1,1268.0,1251.2,,1268.12,,,129496,164336677.3,9650,F1,1,,,,,
2026-08-28,2026-08-28,CM,NSE,STK,3186,INE640A01023,SKFINDIA,EQ,,,,,SKF INDIA LTD,1566.0,1589.4,1565.0,1571.3,1568.0,1566.0,,1571.37,,,129396,203819303.9,5883,F1,1,,,,,
2026-08-28,2026-08-28,CM,NSE,STK,13332,INE343H01029,SOLARINDS,EQ,,,,,SOLAR INDUSTRIES (I) LTD,20645.0,20672.0,20247.0,20400.0,20400.0,20580.0,,20399.92,,,128635,2635481572.0,22566,F1,1,,,,,
2026-08-28,2026-08-28,CM,NSE,STK,759956,INE549H01021,ARSSBL,EQ,,,,,ANAND RATHI SH N STK BR L,517.05,521.0,508.0,509.7,509.95,517.05,,509.66,,,128495,65881848.2,3294,F1,1,,,,,
2026-08-28,2026-08-28,CM,NSE,STK,759007,INE0Z4F01028,ATLANTAELE,EQ,,,,,ATLANTA ELECTRICALS LTD,1684.0,1750.0,1675.3,1745.1,1743.0,1674.9,,1745.38,,,128412,221091789.3,15372,F1,1,,,,,
2026-08-28,2026-08-28,CM,NSE,STK,128,INE450U01017,ROUTE,EQ,,,,,ROUTE MOBILE LIMITED,511.75,516.0,508.1,509.35,509.75,509.0,,509.35,,,128361,65654670.7,3792,F1,1,,,,,
2026-08-28,2026-08-28,CM,NSE,STK,13111,INE569C01020,ORIENTCER,EQ,,,,,ORIENT CERATECH LIMITED,45.05,47.0,45.05,46.6,46.98,45.29,,46.61,,,128190,5944918.08,2732,F1,1,,,,,
2026-08-28,2026-08-28,CM,NSE,STK,31163,INE743M01012,RHIM,EQ,,,,,RHI MAGNESITA INDIA LTD,372.0,373.0,367.85,369.35,370.0,370.3,,369.35,,,127018,47012481.15,3823,F1,1,,,,,
2026-08-28,2026-08-28,CM,NSE,STK,7325,INE843D01027,DCMSRIND,EQ,,,,,DCM SHRIRAM IND LTD,47.11,49.26,46.5,46.98,47.23,46.77,,47.02,,,126969,6042068.49,796,F1,1,,,,,
2026-08-28,2026-08-28,CM,NSE,STK,28662,INE284H01025,DAMCAPITAL,EQ,,,,,DAM CAPITAL ADVISORS LTD,148.97,149.12,146.0,146.27,146.95,149.12,,146.29,,,126736,18629138.69,2141,F1,1,,,,,
2026-08-28,2026-08-28,CM,NSE,STK,758863,INE06WU01026,LAXMIINDIA,EQ,,,,,LAXMI INDIA FINANCE LTD,123.39,127.65,122.11,126.29,127.4,122.5,,126.33,,,126472,15795502.72,1921,F1,1,,,,,
2026-08-28,2026-08-28,CM,NSE,STK,757754,INE546C01010,PICCADIL,EQ,,,,,PICCADILY AGRO INDUSTRI L,654.8,658.4,649.2,651.25,651.0,653.85,,651.3,,,126218,82444915.65,6251,F1,1,,,,,
2026-08-28,2026-08-28,CM,NSE,STK,14657,INE070I01018,INSECTICID,EQ,,,,,INSECTICIDES (I) LTD,568.1,608.1,566.3,598.5,601.35,567.1,,598.47,,,125263,74283074.25,6790,F1,1,,,,,
2026-08-28,2026-08-28,CM,NSE,STK,1181,INE260B01028,GODFRYPHLP,EQ,,,,,GODFREY PHILLIPS INDIA LT,2117.5,2140.0,2105.9,2123.7,2123.7,2115.0,,2123.73,,,125235,266203195.1,12967,F1,1,,,,,
2026-08-28,2026-08-28,CM,NSE,STK,14501,INE050E01027,BALAMINES,EQ,,,,,BALAJI AMINES LIMITED,2413.0,2431.1,2361.1,2390.5,2393.8,2425.8,,2390.27,,,124958,298368254.1,14622,F1,1,,,,,
2026-08-28,2026-08-28,CM,NSE,STK,4587,INE614A01028,RAMCOIND,EQ,,,,,RAMCO INDUSTRIES LIMITED,342.7,342.8,332.5,335.7,336.75,341.6,,335.71,,,124642,41836588.65,3027,F1,1,,,,,
2026-08-28,2026-08-28,CM,NSE,STK,25482,INE440L01017,TIJARIA,EQ,,,,,TIJARIA POLYPIPES LTD,5.93,6.3,5.7,6.02,6.05,5.92,,6.02,,,124221,739991.41,242,F1,1,,,,,
2026-08-28,2026-08-28,CM,NSE,STK,3637,INE700A01033,JUBLPHARMA,EQ,,,,,JUBILANT PHARMOVA LTD,880.0,895.0,871.1,882.65,881.95,878.7,,882.63,,,124044,109775464.95,12474,F1,1,,,,,
2026-08-28,2026-08-28,CM,NSE,STK,16913,INE025R01021,ARTEMISMED,EQ,,,,,ARTEMIS MED SERVICE LTD,316.95,321.0,316.95,319.25,320.8,316.95,,319.25,,,123988,39562558.75,5900,F1,1,,,,,
2026-08-28,2026-08-28,CM,NSE,STK,312,INE974X01010,TIINDIA,EQ,,,,,TUBE INVEST OF INDIA LTD,2870.0,2885.7,2831.5,2840.0,2840.0,2870.0,,2840.02,,,123842,352386781.2,21980,F1,1,,,,,
2026-08-28,2026-08-28,CM,NSE,STK,5585,INE043W01024,VIJAYA,EQ,,,,,VIJAYA DIAGNOSTIC CEN LTD,1472.4,1479.9,1440.0,1452.5,1451.0,1472.4,,1452.47,,,123663,179914601.3,16581,F1,1,,,,,
2026-08-28,2026-08-28,CM,NSE,STK,7083,INE575P01011,STARHEALTH,EQ,,,,,STAR HEALTH & AL INS CO L,586.1,586.1,571.5,573.5,573.0,586.1,,573.48,,,123282,70979957.55,12743,F1,1,,,,,
2026-08-28,2026-08-28,CM,NSE,STK,18479,INE566K01011,ISFT,EQ,,,,,INTRASOFT TECH. LTD,93.36,99.15,93.21,94.11,93.51,95.17,,94.11,,,123205,11690909.91,946,F1,1,,,,,
2026-08-28,2026-08-28,CM,NSE,STK,1597,INE177A01018,INGERRAND,EQ,,,,,INGERSOLL-RAND INDIA LTD,4609.0,4899.0,4609.0,4860.2,4871.1,4609.4,,4860.26,,,123159,591528358.4,22921,F1,1,,,,,
2026-08-28,2026-08-28,CM,NSE,STK,764955,INE284B01028,TGVSL,EQ,,,,,T G V SRAAC LTD.,105.69,106.04,103.75,105.24,105.5,104.96,,105.18,,,122911,12861205.22,2940,F1,1,,,,,
2026-08-28,2026-08-28,CM,NSE,STK,23729,INE883F01010,AADHARHFC,EQ,,,,,AADHAR HOUSING FINANCE L,463.2,472.45,463.2,471.1,470.35,465.8,,471.1,,,121779,57041656.15,15383,F1,1,,,,,
2026-08-28,2026-08-28,CM,NSE,STK,9756,INE01QM01018,EMUDHRA,EQ,,,,,EMUDHRA LIMITED,559.25,564.0,550.4,559.65,555.15,559.25,,559.65,,,121659,67885390.35,4329,F1,1,,,,,
2026-08-28,2026-08-28,CM,NSE,STK,11491,INE372A01015,APARINDS,EQ,,,,,APAR INDUSTRIES LTD.,17858.0,17900.0,17485.0,17803.0,17735.0,17900.0,,17801.57,,,120837,2138275709.0,33923,F1,1,,,,,
2026-08-28,2026-08-28,CM,NSE,STK,3972,INE162C01024,PARASPETRO,EQ,,,,,PARAS PETROFILS LTD.,2.2,2.34,2.2,2.22,2.25,2.24,,2.22,,,120184,272171.02,195,F1,1,,,,,
2026-08-28,2026-08-28,CM,NSE,STK,759992,INF1J2R01148,AONETMMQ50,EQ,,,,,AONEAMC - AONETMMQ50,10.16,10.55,10.16,10.44,10.42,10.43,,10.44,,,119934,1248981.24,244,F1,1,,,,,
2026-08-28,2026-08-28,CM,NSE,STK,3892,INE473B01035,HATSUN,EQ,,,,,HATSUN AGRO PRODUCT LTD.,1151.0,1196.55,1135.55,1176.05,1177.0,1152.5,,1175.99,,,119907,140653193.7,11389,F1,1,,,,,
2026-08-28,2026-08-28,CM,NSE,STK,10633,INF179KC1HR4,HDFCNIF100,EQ,,,,,HDFCAMC - HDFCNIF100,26.14,26.33,26.1,26.31,26.33,26.29,,26.31,,,119859,3149088.8,237,F1,1,,,,,
2026-08-28,2026-08-28,CM,NSE,STK,6643,INE284S01014,SJS,EQ,,,,,SJS ENTERPRISES LIMITED,2509.0,2535.0,2494.5,2509.5,2500.9,2502.5,,2509.47,,,119639,300760655.4,19499,F1,1,,,,,
2026-08-28,2026-08-28,CM,NSE,STK,18822,INE913H01037,ENDURANCE,EQ,,,,,ENDURANCE TECHNO. LTD.,2945.8,2985.0,2913.6,2929.2,2943.9,2944.8,,2929.19,,,119626,351145776.4,14858,F1,1,,,,,
2026-08-28,2026-08-28,CM,NSE,STK,3099,INE232A01011,SHREDIGCEM,EQ,,,,,SHREE DIGVIJAY CEM CO LTD,78.21,79.9,75.55,78.19,77.5,77.91,,78.13,,,119571,9261834.52,1240,F1,1,,,,,
2026-08-28,2026-08-28,CM,NSE,STK,154,INE116A01032,APCOTEXIND,EQ,,,,,APCOTEX INDUSTRIES LIMITE,610.0,629.0,610.0,625.25,627.0,611.65,,625.25,,,118722,73793875.7,5242,F1,1,,,,,
2026-08-28,2026-08-28,CM,NSE,STK,29877,INE370E01029,VIVIDHA,EQ,,,,,VISAGAR POLYTEX LTD,0.52,0.53,0.51,0.52,0.52,0.52,,0.52,,,118614,62051.17,136,F1,1,,,,,
2026-08-28,2026-08-28,CM,NSE,STK,4992,INE221J01015,SHARDACROP,EQ,,,,,SHARDA CROPCHEM LTD.,794.0,800.0,780.15,783.75,784.5,793.05,,783.75,,,118584,93289128.45,8395,F1,1,,,,,
2026-08-28,2026-08-28,CM,NSE,STK,4751,INE681B01017,INDRAMEDCO,EQ,,,,,INDRAPRASTHA MEDICAL CORP,369.5,372.55,366.1,368.05,369.65,369.3,,367.91,,,118497,43673799.05,7837,F1,1,,,,,
2026-08-28,2026-08-28,CM,NSE,STK,14828,INE100D01014,WSI,EQ,,,,,W.S.INDUSTRIES (I) LTD.,61.16,62.99,59.27,61.86,62.4,60.2,,61.86,,,117829,7224039.95,3436,F1,1,,,,,
2026-08-28,2026-08-28,CM,NSE,STK,10453,INE836B01017,SATIN,EQ,,,,,SATIN CREDIT NET LTD,225.0,228.56,221.4,222.37,223.01,226.01,,222.37,,,117758,26312501.76,2702,F1,1,,,,,
2026-08-28,2026-08-28,CM,NSE,STK,827,INE501A01019,DEEPAKFERT,EQ,,,,,DEEPAK FERTILIZERS & PETR,1464.9,1464.9,1430.0,1436.3,1438.0,1455.3,,1436.28,,,117367,169244912.2,13152,F1,1,,,,,
2026-08-28,2026-08-28,CM,NSE,STK,7862,INE878A01011,GVPIL,EQ,,,,,GE POWER INDIA LIMITED,660.5,663.45,650.6,652.7,654.0,661.75,,652.69,,,116813,76559570.9,5006,F1,1,,,,,
2026-08-28,2026-08-28,CM,NSE,STK,338,INE164A01016,BALMLAWRIE,EQ,,,,,BALMER LAWRIE & CO LTD,176.45,178.16,175.81,177.8,177.8,175.26,,177.79,,,116790,20709977.07,2045,F1,1,,,,,
2026-08-28,2026-08-28,CM,NSE,STK,28969,INF769K01NS5,CONSUMER,EQ,,,,,MIRAEAMC - CONSUMER,12.07,12.34,12.07,12.23,12.25,12.31,,12.23,,,116527,1427809.49,381,F1,1,,,,,
2026-08-28,2026-08-28,CM,NSE,STK,1630,INE570A01022,IONEXCHANG,EQ,,,,,ION EXCHANGE (INDIA) LTD,377.0,379.15,371.0,371.45,371.15,376.0,,371.45,,,116406,43599594.9,6924,F1,1,,,,,
2026-08-28,2026-08-28,CM,NSE,STK,10227,INE00VM01036,MANORAMA,EQ,,,,,MANORAMA INDUSTRIES LTD,1898.5,1907.5,1872.0,1889.4,1880.2,1887.2,,1889.0,,,115933,219076578.8,11458,F1,1,,,,,
2026-08-28,2026-08-28,CM,NSE,STK,739,INE169A01031,COROMANDEL,EQ,,,,,COROMANDEL INTERNTL. LTD,1931.0,1943.0,1895.2,1913.7,1917.0,1928.4,,1913.63,,,115794,221588490.0,18480,F1,1,,,,,
2026-08-28,2026-08-28,CM,NSE,STK,16045,INE689W01016,PRINCEPIPE,EQ,,,,,PRINCE PIPES FITTINGS LTD,295.65,297.4,291.4,293.45,294.4,295.65,,293.45,,,114876,33763962.45,2840,F1,1,,,,,
2026-08-28,2026-08-28,CM,NSE,STK,23553,INE206F01022,AIIL,EQ,,,,,AUTHUM INVEST & INFRA LTD,550.25,558.95,544.0,545.9,544.2,553.9,,545.19,,,114584,63232269.35,9285,F1,1,,,,,
2026-08-28,2026-08-28,CM,NSE,STK,4598,INE978A01027,HERITGFOOD,EQ,,,,,HERITAGE FOODS LTD,378.0,380.65,369.0,370.55,370.8,378.15,,370.57,,,114313,42598708.4,4910,F1,1,,,,,
2026-08-28,2026-08-28,CM,NSE,STK,19525,INE886A01014,IITL,EQ,,,,,INDUSTRIAL INV TRUST LTD,160.0,164.46,152.73,156.53,154.1,159.91,,156.49,,,114182,18313009.77,1884,F1,1,,,,,
2026-08-28,2026-08-28,CM,NSE,STK,14479,INE753U01022,DIVGIITTS,EQ,,,,,DIVGI TORQTRANSFER SYST L,1200.0,1204.05,1156.55,1175.15,1172.4,1195.5,,1175.2,,,114049,133227388.95,8804,F1,1,,,,,
2026-08-28,2026-08-28,CM,NSE,STK,764818,INE457G01029,ORIRAIL,EQ,,,,,ORIENTAL RAIL INFRA L,124.5,133.38,124.5,131.7,132.0,126.56,,131.68,,,113427,14783823.37,1883,F1,1,,,,,
2026-08-28,2026-08-28,CM,NSE,STK,18553,INE682M01020,JLHL,EQ,,,,,JUPITER LIFE LINE HOSP L,309.0,312.95,295.0,301.4,300.0,307.45,,301.4,,,111623,33660409.0,4197,F1,1,,,,,
2026-08-28,2026-08-28,CM,NSE,STK,758448,INE0GV601021,ALLTIME,EQ,,,,,ALL TIME PLASTICS LIMITED,205.2,209.17,202.31,203.79,202.7,206.36,,203.79,,,111080,22842401.31,1970,F1,1,,,,,
2026-08-28,2026-08-28,CM,NSE,STK,13750,INE09N301011,FLUOROCHEM,EQ,,,,,GUJARAT FLUOROCHEM LTD,4672.1,4789.0,4642.3,4771.2,4770.0,4672.1,,4771.27,,,111013,524121279.4,11729,F1,1,,,,,
2026-08-28,2026-08-28,CM,NSE,STK,28125,INE115Q01022,IKS,EQ,,,,,INVENTURUS KNOWLEDGE SO L,1743.0,1778.0,1740.5,1762.0,1756.3,1750.6,,1761.65,,,110044,194280168.2,14012,F1,1,,,,,
2026-08-28,2026-08-28,CM,NSE,STK,24582,INE08NE01025,SANSTAR,EQ,,,,,SANSTAR LIMITED,109.0,110.69,107.91,108.21,108.85,109.25,,108.21,,,109652,11970657.77,1855,F1,1,,,,,
2026-08-28,2026-08-28,CM,NSE,STK,2972,INE142Z01019,ORIENTELEC,EQ,,,,,ORIENT ELECTRIC LIMITED,180.36,181.25,178.51,180.17,180.5,179.46,,180.15,,,109521,19723558.16,3142,F1,1,,,,,
2026-08-28,2026-08-28,CM,NSE,STK,6579,INE02NC01014,FINOPB,EQ,,,,,FINO PAYMENTS BANK LTD,141.05,144.19,141.0,141.57,142.15,143.06,,141.58,,,109487,15579715.16,1986,F1,1,,,,,
2026-08-28,2026-08-28,CM,NSE,STK,24308,INE552Z01027,ABDL,EQ,,,,,ALLIED BLEND N DISTILS L,607.5,613.4,605.65,610.0,610.4,607.5,,609.96,,,109318,66676949.5,5499,F1,1,,,,,
2026-08-28,2026-08-28,CM,NSE,STK,759239,INE734I01027,FINKURVE,EQ,,,,,FINKURVE FINANCIAL SERV L,78.0,79.6,74.0,75.56,75.5,78.18,,75.58,,,109029,8403159.11,1315,F1,1,,,,,
2026-08-28,2026-08-28,CM,NSE,STK,3403,INE820Y01021,AJOONI,EQ,,,,,AJOONI BIOTECH LIMITED,3.8,3.84,3.75,3.82,3.83,3.79,,3.82,,,108907,412950.19,245,F1,1,,,,,
2026-08-28,2026-08-28,CM,NSE,STK,765070,INE432F01032,EBIX,EQ,,,,,EBIX LIMITED,22.39,22.39,20.98,21.69,21.51,21.5,,21.71,,,108719,2359643.74,302,F1,1,,,,,
2026-08-28,2026-08-28,CM,NSE,STK,10825,INF247L01BE5,MOVALUE,EQ,,,,,MOTILALAMC - MOVALUE,113.47,113.56,112.92,113.08,112.98,113.47,,113.08,,,108609,12276211.24,686,F1,1,,,,,
2026-08-28,2026-08-28,CM,NSE,STK,3963,INE077F01035,GOCLCORP,EQ,,,,,GOCL CORPORATION LIMITED,398.65,399.0,385.05,388.25,389.0,397.35,,388.27,,,108569,42303691.7,3082,F1,1,,,,,
2026-08-28,2026-08-28,CM,NSE,STK,16863,INE197J01017,LPDC,EQ,,,,,LANDMARK PR.DEV.CO.LTD,6.76,6.99,6.58,6.93,6.86,6.7,,6.94,,,108365,740011.78,272,F1,1,,,,,
2026-08-28,2026-08-28,CM,NSE,STK,11979,INE501G01024,HTMEDIA,EQ,,,,,HT MEDIA LIMITED,27.6,27.7,26.29,26.78,26.8,27.05,,26.78,,,108269,2918482.65,546,F1,1,,,,,
2026-08-28,2026-08-28,CM,NSE,STK,19955,INE866K01023,WAAREEINDO,EQ,,,,,INDOSOLAR LIMITED,273.45,282.95,269.2,276.25,275.7,272.9,,276.22,,,107996,29783613.3,2283,F1,1,,,,,
2026-08-28,2026-08-28,CM,NSE,STK,758853,INE618R01015,SGFIN,EQ,,,,,SG FINSERVE LIMITED,690.8,690.8,682.05,684.55,685.8,687.45,,684.57,,,107777,73847709.9,3165,F1,1,,,,,
2026-08-28,2026-08-28,CM,NSE,STK,9921,INE914E01040,ALANKIT,EQ,,,,,ALANKIT LIMITED,7.88,8.22,7.88,8.13,8.18,7.91,,8.13,,,107670,876239.85,614,F1,1,,,,,
2026-08-28,2026-08-28,CM,NSE,STK,8614,INE803D01021,INDOBORAX,EQ,,,,,INDO BORAX & CHEMICAL LTD,512.0,512.0,490.0,495.1,495.55,503.0,,495.1,,,107301,53311766.55,4776,F1,1,,,,,
2026-08-28,2026-08-28,CM,NSE,STK,10310,INE898S01029,AURUM,EQ,,,,,AURUM PROPTECH LIMITED,229.76,235.25,228.21,232.98,232.51,228.45,,233.01,,,107260,24920737.94,2349,F1,1,,,,,
2026-08-28,2026-08-28,CM,NSE,STK,13875,INE742C01031,JINDRILL,EQ,,,,,JINDAL DRILLING IND. LTD,630.9,635.5,625.55,628.2,630.0,630.55,,628.23,,,106924,67425315.45,4968,F1,1,,,,,
2026-08-28,2026-08-28,CM,NSE,STK,23621,INE0OAF01028,JNKINDIA,EQ,,,,,JNK INDIA LIMITED,440.75,450.1,437.1,447.65,446.0,444.75,,447.65,,,106881,47396260.15,3325,F1,1,,,,,
2026-08-28,2026-08-28,CM,NSE,STK,3676,INE386A01023,VESUVIUS,EQ,,,,,VESUVIUS INDIA LTD,424.1,428.2,418.3,421.55,422.0,422.4,,421.56,,,106746,45013050.15,4463,F1,1,,,,,
2026-08-28,2026-08-28,CM,NSE,STK,6286,INE255D01024,GULPOLY,EQ,,,,,GULSHAN POLYOLS LIMITED,193.09,195.48,191.0,192.73,192.53,193.09,,192.72,,,105481,20348502.58,2161,F1,1,,,,,
2026-08-28,2026-08-28,CM,NSE,STK,764803,INE839E01023,ODYCORP,EQ,,,,,ODYSSEY CORPORATION LTD.,7.59,8.48,6.98,7.98,7.4,7.1,,7.9,,,105386,792097.68,230,F1,1,,,,,
2026-08-28,2026-08-28,CM,NSE,STK,757,INE007A01025,CRISIL,EQ,,,,,CRISIL LTD,4707.0,4795.5,4690.7,4732.7,4740.0,4703.2,,4732.57,,,105229,500678707.0,21347,F1,1,,,,,
2026-08-28,2026-08-28,CM,NSE,STK,15061,INF174KA1A86,PSUBANK,EQ,,,,,KOTAK PSU BANK,87.0,87.0,85.66,86.15,86.37,86.08,,86.12,,,104999,9036356.37,440,F1,1,,,,,
2026-08-28,2026-08-28,CM,NSE,STK,23489,INE343G01021,BHARTIHEXA,EQ,,,,,BHARTI HEXACOM LIMITED,1545.0,1576.2,1522.0,1550.1,1540.9,1551.1,,1550.12,,,104940,161588841.2,9643,F1,1,,,,,
2026-08-28,2026-08-28,CM,NSE,STK,10700,INE130B01031,SURANAT&P,EQ,,,,,SURANA TELECOM AND POW LT,15.75,16.9,15.65,16.47,16.69,15.91,,16.47,,,104413,1680327.01,777,F1,1,,,,,
2026-08-28,2026-08-28,CM,NSE,STK,9288,INE00Z501029,KRITIKA,EQ,,,,,KRITIKA WIRES LIMITED,5.55,5.55,5.36,5.46,5.5,5.44,,5.46,,,103920,566796.28,317,F1,1,,,,,
2026-08-28,2026-08-28,CM,NSE,STK,22347,INE155Z01011,MACPOWER,EQ,,,,,MACPOWER CNC MACHINES LTD,1897.5,2050.0,1876.0,2007.1,1973.9,1868.8,,2007.1,,,103809,205844152.9,10209,F1,1,,,,,
2026-08-28,2026-08-28,CM,NSE,STK,21478,INF789F1AUW9,NEXT50BETA,EQ,,,,,UTIAMC-NEXT50BETA,80.54,80.69,79.52,79.81,80.39,80.29,,79.8,,,103520,8285056.21,607,F1,1,,,,,
2026-08-28,2026-08-28,CM,NSE,STK,2073,INE825A01020,VTL,EQ,,,,,VARDHMAN TEXTILES LIMITED,592.0,598.45,587.5,592.75,595.0,594.6,,592.62,,,103519,61393670.45,9165,F1,1,,,,,
2026-08-28,2026-08-28,CM,NSE,STK,762961,INE405A01021,ULTRAMAR,EQ,,,,,ULTRAMARINE & PIGMENTS L,426.65,429.0,406.8,411.3,412.0,423.3,,411.22,,,103267,42858890.4,3391,F1,1,,,,,
2026-08-28,2026-08-28,CM,NSE,STK,2106,INE347A01017,MANGLMCEM,EQ,,,,,MANGALAM CEMENT LTD,1084.0,1084.0,1050.4,1062.9,1069.8,1058.2,,1062.97,,,103225,109566684.35,3500,F1,1,,,,,
2026-08-28,2026-08-28,CM,NSE,STK,144,INE850D01014,GODREJAGRO,EQ,,,,,GODREJ AGROVET LIMITED,613.65,616.65,604.0,609.3,607.0,614.75,,609.25,,,102348,62308069.25,5218,F1,1,,,,,
2026-08-28,2026-08-28,CM,NSE,STK,758680,INE0MHO01029,REGAAL,EQ,,,,,REGAAL RESOURCES LIMITED,93.2,94.2,92.3,92.51,92.5,93.04,,92.52,,,101607,9447689.22,873,F1,1,,,,,
2026-08-28,2026-08-28,CM,NSE,STK,9436,INE555B01013,AXISCADES,EQ,,,,,AXISCADES TECH LTD,1619.0,1645.0,1581.0,1594.7,1602.0,1612.9,,1594.68,,,101508,163665809.0,9508,F1,1,,,,,
2026-08-28,2026-08-28,CM,NSE,STK,25162,INE0KCE01017,EUREKAFORB,EQ,,,,,EUREKA FORBES LIMITED,433.5,440.3,426.0,427.75,428.0,433.15,,427.81,,,101179,44005755.0,5591,F1,1,,,,,
2026-08-28,2026-08-28,CM,NSE,STK,5206,INE449C01025,ANDREWYU,EQ,,,,,ANDREW YULE & CO. LTD.,27.99,28.79,27.75,28.45,28.25,27.99,,28.45,,,101147,2858967.65,393,F1,1,,,,,
2026-08-28,2026-08-28,CM,NSE,STK,16682,INE596F01018,PTCIL,EQ,,,,,PTC INDUSTRIES LIMITED,20625.0,22215.0,20622.0,22110.0,22050.0,20622.0,,22110.21,,,100300,2184445054.0,29062,F1,1,,,,,
2026-08-28,2026-08-28,CM,NSE,STK,756925,INE607A01022,PRIMO,EQ,,,,,PRIMO CHEMICALS LIMITED,21.65,21.65,21.0,21.33,21.3,21.49,,21.33,,,100284,2139243.57,1413,F1,1,,,,,
2026-08-28,2026-08-28,CM,NSE,STK,11511,INE281A01026,CENTEXT,EQ,,,,,CENTURY EXTRUSIONS LTD,22.65,22.89,22.02,22.27,22.2,22.59,,22.26,,,99676,2223824.55,552,F1,1,,,,,
2026-08-28,2026-08-28,CM,NSE,STK,13814,INE0BTI01037,KAMOPAINTS,EQ,,,,,KAMDHENU VENTURES LIMITED,4.63,4.65,4.45,4.5,4.5,4.54,,4.54,,,99545,447234.35,441,F1,1,,,,,
2026-08-28,2026-08-28,CM,NSE,STK,28960,INE0U3I01011,UNIMECH,EQ,,,,,UNIMECH AEROSPACE N MFG L,1498.0,1511.7,1482.5,1503.1,1507.0,1485.4,,1503.08,,,99475,149211911.0,7579,F1,1,,,,,
2026-08-28,2026-08-28,CM,NSE,STK,18422,INE363A01022,ASIANHOTNR,EQ,,,,,ASIAN HOTELS (NORTH) LTD,307.75,317.8,301.55,315.95,317.8,312.05,,315.95,,,98958,31047014.25,499,F1,1,,,,,
2026-08-28,2026-08-28,CM,NSE,STK,14562,INE318D01020,ZENITHSTL,EQ,,,,,ZENITH STEEL PIP IND LTD,5.41,5.54,5.35,5.37,5.35,5.4,,5.38,,,98522,537660.62,193,F1,1,,,,,
2026-08-28,2026-08-28,CM,NSE,STK,13,INE117A01022,ABB,EQ,,,,,ABB INDIA LIMITED,7501.0,7529.0,7440.0,7509.0,7509.0,7490.0,,7508.91,,,98513,737290612.0,17075,F1,1,,,,,
2026-08-28,2026-08-28,CM,NSE,STK,14086,INE204A01010,IGPL,EQ,,,,,I G PETROCHEMICALS LTD,524.9,536.0,522.4,532.4,533.4,521.95,,532.38,,,98498,52322561.95,4573,F1,1,,,,,
2026-08-28,2026-08-28,CM,NSE,STK,760657,INE0ALI01010,ADVAIT,EQ,,,,,ADVAIT ENRGY TRANSITION L,2122.0,2230.1,2119.0,2200.5,2208.6,2114.7,,2200.76,,,98198,215605113.7,10126,F1,1,,,,,
2026-08-28,2026-08-28,CM,NSE,STK,758952,INF754K01VV4,ELM250,EQ,,,,,EDELAMC - ELM250,16.82,16.9,16.75,16.88,16.76,16.83,,16.88,,,97601,1646694.44,171,F1,1,,,,,
2026-08-28,2026-08-28,CM,NSE,STK,2562,INE275B01026,HUHTAMAKI,EQ,,,,,HUHTAMAKI INDIA LIMITED,260.5,264.9,259.4,262.9,262.95,260.5,,262.92,,,97579,25616281.4,3313,F1,1,,,,,
2026-08-28,2026-08-28,CM,NSE,STK,762628,INE819A01049,COMFINTE,EQ,,,,,COMFORT INTECH LTD.,5.95,6.2,5.85,5.94,5.99,5.93,,5.94,,,97517,578405.03,302,F1,1,,,,,
2026-08-28,2026-08-28,CM,NSE,STK,761025,INE947T01022,GICL,EQ,,,,,GLOBE INTL CARRIERS LTD,23.34,23.89,23.11,23.73,23.85,23.34,,23.73,,,97474,2290850.85,291,F1,1,,,,,
2026-08-28,2026-08-28,CM,NSE,STK,11841,INE717A01029,KENNAMET,EQ,,,,,KENNAMETAL INDIA LIMITED,4505.0,4860.0,4472.5,4580.3,4620.0,4515.1,,4580.3,,,97124,451042840.5,20429,F1,1,,,,,
2026-08-28,2026-08-28,CM,NSE,STK,8968,INE00EV01017,HARIOMPIPE,EQ,,,,,HARIOM PIPE INDUSTRIES L,343.65,354.4,342.15,352.2,353.5,341.15,,352.22,,,96840,33731742.55,2774,F1,1,,,,,
2026-08-28,2026-08-28,CM,NSE,STK,1814,INE220B01022,KPIL,EQ,,,,,KALPATARU PROJECT INT LTD,1395.9,1404.9,1382.0,1386.3,1382.5,1391.0,,1386.2,,,96391,133947930.1,14253,F1,1,,,,,
2026-08-28,2026-08-28,CM,NSE,STK,14346,INE998H01012,ORIENTALTL,EQ,,,,,ORIENTAL TRIMEX LTD,5.03,5.15,4.94,5.01,5.0,5.14,,5.01,,,96232,482565.99,351,F1,1,,,,,
2026-08-28,2026-08-28,CM,NSE,STK,764778,INE898Q01015,MIIL,EQ,,,,,MEGHNA INFRACON INFRA L,724.5,727.0,689.05,709.95,712.95,718.75,,709.95,,,94256,67567359.55,2277,F1,1,,,,,
2026-08-28,2026-08-28,CM,NSE,STK,28764,INE037Z01029,CEWATER,EQ,,,,,CONCORD ENVIRO SYSTEMS L,263.7,272.15,263.3,267.5,267.05,266.25,,267.52,,,94109,25213229.55,2669,F1,1,,,,,
2026-08-28,2026-08-28,CM,NSE,STK,759951,INE00YJ01010,JARO,EQ,,,,,JARO INS OF TEC MG N RE L,465.9,477.75,464.2,470.05,472.95,463.15,,470.09,,,93456,44063581.5,3720,F1,1,,,,,
2026-08-28,2026-08-28,CM,NSE,STK,759176,INE906O01029,TIGERLOGS,EQ,,,,,TIGER LOGISTICS (INDIA) L,30.09,30.39,29.0,29.45,29.01,30.09,,29.46,,,92798,2763354.84,439,F1,1,,,,,
2026-08-28,2026-08-28,CM,NSE,STK,4410,INE048B01035,JAGSNPHARM,EQ,,,,,JAGSONPAL PHARMACEUTICALS,237.76,242.86,236.17,239.06,240.86,236.99,,239.07,,,92231,22111264.05,3024,F1,1,,,,,
2026-08-28,2026-08-28,CM,NSE,STK,24735,INE912T01018,RPEL,EQ,,,,,RAGHAV PRODUCTIVITY ENH L,1742.0,1798.0,1719.4,1748.4,1745.0,1745.4,,1748.47,,,91921,161496194.1,10758,F1,1,,,,,
2026-08-28,2026-08-28,CM,NSE,STK,23142,INE772T01024,PVSL,EQ,,,,,POPULAR VEHICLES N SER L,106.0,109.0,100.5,102.11,101.71,106.08,,102.11,,,91563,9457811.18,1887,F1,1,,,,,
2026-08-28,2026-08-28,CM,NSE,STK,1808,INE217B01036,KAJARIACER,EQ,,,,,KAJARIA CERAMICS LTD,1204.0,1229.9,1202.0,1215.5,1217.0,1200.4,,1215.5,,,91389,111134447.1,6990,F1,1,,,,,
2026-08-28,2026-08-28,CM,NSE,STK,761420,INE638A01035,SINGERIND,EQ,,,,,SINGER INDIA LIMITED,77.5,80.5,76.61,77.25,77.89,76.96,,77.26,,,91302,7165354.01,1594,F1,1,,,,,
2026-08-28,2026-08-28,CM,NSE,STK,15180,INE811A01038,KIRLPNU,EQ,,,,,KIRLOSKAR PNEUMATIC COM L,733.0,737.9,717.3,723.3,724.0,731.5,,723.29,,,91054,65967014.8,7991,F1,1,,,,,
2026-08-28,2026-08-28,CM,NSE,STK,11654,INE600L01024,LALPATHLAB,EQ,,,,,DR. LAL PATH LABS LTD.,1938.5,1946.8,1916.1,1931.1,1926.4,1936.4,,1931.09,,,90724,174984951.0,26056,F1,1,,,,,
2026-08-28,2026-08-28,CM,NSE,STK,8341,INE526B01014,CALSOFT,EQ,,,,,CALIFORNIA SOFTWARE CO LT,35.5,35.5,35.5,35.5,35.5,33.81,,35.5,,,90695,3219672.5,238,F1,1,,,,,
2026-08-28,2026-08-28,CM,NSE,STK,19556,INE474E01029,BHANDARI,EQ,,,,,BHANDARI HOSIERY EXP LTD,3.09,3.09,3.01,3.03,3.05,3.04,,3.03,,,90135,274966.05,212,F1,1,,,,,
2026-08-28,2026-08-28,CM,NSE,STK,11591,INF179KC1965,HDFCNIFTY,EQ,,,,,HDFCAMC - HDFCNIFTY,272.59,273.18,271.76,272.45,273.0,272.77,,272.45,,,90081,24535733.78,819,F1,1,,,,,
2026-08-28,2026-08-28,CM,NSE,STK,6164,INE414D01027,BHAGCHEM,EQ,,,,,BHAGIRADHA CHEM & INDS L,282.45,283.95,272.1,277.9,279.0,282.6,,277.9,,,90077,25112666.65,1815,F1,1,,,,,
2026-08-28,2026-08-28,CM,NSE,STK,30089,INE876N01018,ORIENTCEM,EQ,,,,,ORIENT CEMENT LTD.,132.04,132.1,130.81,131.37,131.25,131.41,,131.37,,,89980,11806280.5,1377,F1,1,,,,,
2026-08-28,2026-08-28,CM,NSE,STK,9917,INE136S01016,NEOGEN,EQ,,,,,NEOGEN CHEMICALS LIMITED,2226.9,2259.0,2173.0,2209.8,2192.5,2230.2,,2209.8,,,89932,198254356.5,18148,F1,1,,,,,
2026-08-28,2026-08-28,CM,NSE,STK,2056,INE481N01025,HOMEFIRST,EQ,,,,,HOME FIRST FIN CO IND LTD,1200.0,1205.0,1188.3,1198.3,1200.0,1200.2,,1198.27,,,89891,107771318.0,8301,F1,1,,,,,
2026-08-28,2026-08-28,CM,NSE,STK,25328,INE901L01018,APLLTD,EQ,,,,,ALEMBIC PHARMA LTD,824.0,828.45,811.1,813.45,812.7,824.0,,813.46,,,89882,73158417.9,5352,F1,1,,,,,
2026-08-28,2026-08-28,CM,NSE,STK,4055,INE922B01023,PANACEABIO,EQ,,,,,PANACEA BIOTEC LTD,396.9,409.0,393.2,395.5,395.1,393.25,,395.48,,,89332,35600410.15,2909,F1,1,,,,,
2026-08-28,2026-08-28,CM,NSE,STK,6462,INF209KB11D8,TECH,EQ,,,,,BIRLASLAMC - TECH,33.23,34.3,33.23,34.05,34.0,33.22,,34.05,,,89007,3032019.42,222,F1,1,,,,,
2026-08-28,2026-08-28,CM,NSE,STK,14063,INE107F01022,WANBURY,EQ,,,,,WANBURY LIMITED,255.5,262.0,255.0,257.5,260.0,254.65,,257.49,,,88873,22967590.95,2138,F1,1,,,,,
2026-08-28,2026-08-28,CM,NSE,STK,762807,INE166R01015,NATIONSTD,EQ,,,,,NATIONAL STAND (INDIA) L,98.27,105.0,98.27,103.07,104.0,103.44,,103.14,,,88867,8829157.87,1059,F1,1,,,,,
2026-08-28,2026-08-28,CM,NSE,STK,765247,INE967B01028,SGLRES,EQ,,,,,SGL RESOURCES LIMITED,2.3,2.43,2.3,2.42,2.43,2.32,,2.42,,,88832,213063.85,126,F1,1,,,,,
2026-08-28,2026-08-28,CM,NSE,STK,8727,INE151G01028,SHAILY,EQ,,,,,SHAILY ENG PLASTICS LTD,3302.3,3310.0,3244.0,3270.4,3260.0,3289.0,,3270.37,,,88738,290351001.3,17839,F1,1,,,,,
2026-08-28,2026-08-28,CM,NSE,STK,30835,INE600A01035,PILITA,EQ,,,,,PIL ITALICA LIFESTYLE LTD,8.27,8.3,7.75,7.93,7.99,8.11,,7.93,,,88732,711509.58,269,F1,1,,,,,
2026-08-28,2026-08-28,CM,NSE,STK,8132,INE791A01024,BLBLIMITED,EQ,,,,,BLB LIMITED,15.82,16.18,15.8,15.98,16.0,16.04,,15.98,,,88700,1412608.19,292,F1,1,,,,,
2026-08-28,2026-08-28,CM,NSE,STK,759368,INF740KA1WU9,FLEXIADD,EQ,,,,,DSPAMC - FLEXIADD,10.18,10.27,10.18,10.24,10.25,10.2,,10.24,,,88380,905375.83,182,F1,1,,,,,
2026-08-28,2026-08-28,CM,NSE,STK,24909,INE00M901018,INTERARCH,EQ,,,,,INTERARCH BLDNG SOLTN LTD,1719.4,1746.0,1690.0,1701.4,1695.0,1685.6,,1701.34,,,88375,151155439.6,9040,F1,1,,,,,
2026-08-28,2026-08-28,CM,NSE,STK,10457,INE034S01021,ARVSMART,EQ,,,,,ARVIND SMARTSPACES LTD,652.65,668.0,646.0,661.4,661.4,652.65,,661.37,,,88204,57777388.2,4112,F1,1,,,,,
2026-08-28,2026-08-28,CM,NSE,STK,7982,INE291A01017,GRWRHITECH,EQ,,,,,GARWARE HI-TECH FILMS LTD,7084.5,7309.5,7065.5,7224.5,7240.0,7060.5,,7224.7,,,88184,634144281.0,8210,F1,1,,,,,
2026-08-28,2026-08-28,CM,NSE,STK,18060,INE338H01029,CONCORDBIO,EQ,,,,,CONCORD BIOTECH LIMITED,1507.8,1519.7,1475.4,1481.1,1486.0,1481.9,,1481.18,,,88034,131418138.1,11622,F1,1,,,,,
2026-08-28,2026-08-28,CM,NSE,STK,14813,INE102I01027,ADSL,EQ,,,,,ALLIED DIGITAL SERV. LTD,107.0,108.79,105.7,106.21,106.7,107.53,,106.21,,,87735,9389562.05,1818,F1,1,,,,,
2026-08-28,2026-08-28,CM,NSE,STK,24231,INE239D01028,OMINFRAL,EQ,,,,,OM INFRA LIMITED,83.0,84.8,81.6,83.01,83.48,83.3,,83.01,,,86860,7229228.82,2014,F1,1,,,,,
2026-08-28,2026-08-28,CM,NSE,STK,761720,INE875B01015,NIMBSPROJ,EQ,,,,,NIMBUS PROJECTS LIMITED,174.0,174.84,169.0,169.98,169.0,169.7,,170.14,,,86546,14688134.0,70,F1,1,,,,,
2026-08-28,2026-08-28,CM,NSE,STK,28906,INE040D01038,MAYURUNIQ,EQ,,,,,MAYUR UNIQUOTERS LTD,753.9,774.5,745.1,766.9,773.0,749.4,,766.87,,,86499,65916338.75,4394,F1,1,,,,,
2026-08-28,2026-08-28,CM,NSE,STK,18593,INE0OV601013,EMSLIMITED,EQ,,,,,EMS LIMITED,383.0,383.7,376.55,377.85,378.4,381.1,,377.81,,,86423,32715825.15,2783,F1,1,,,,,
2026-08-28,2026-08-28,CM,NSE,STK,765220,INE222F01029,VTMLTD,EQ,,,,,V T M LTD.,58.39,58.9,56.55,58.2,58.3,56.47,,58.21,,,86409,4982708.74,313,F1,1,,,,,
2026-08-28,2026-08-28,CM,NSE,STK,761675,INE0H9F01037,SAIPARENT,EQ,,,,,SAI PARENTERALS LIMITED,536.9,536.9,517.1,521.35,524.75,520.7,,521.26,,,86402,45011204.1,4113,F1,1,,,,,
2026-08-28,2026-08-28,CM,NSE,STK,21154,INE406M01024,ERIS,EQ,,,,,ERIS LIFESCIENCES LIMITED,1310.0,1325.1,1295.0,1314.8,1325.0,1312.2,,1314.84,,,86138,112734035.7,11490,F1,1,,,,,
2026-08-28,2026-08-28,CM,NSE,STK,1073,INE519A01011,FOSECOIND,EQ,,,,,FOSECO INDIA LTD,6162.5,6580.0,6066.0,6362.0,6300.0,6110.5,,6361.73,,,86007,548839428.0,16161,F1,1,,,,,
2026-08-28,2026-08-28,CM,NSE,STK,14890,INE642Z01026,AKI,EQ,,,,,AKI INDIA LIMITED,4.12,4.24,4.08,4.13,4.15,4.2,,4.13,,,85878,355785.27,295,F1,1,,,,,
2026-08-28,2026-08-28,CM,NSE,STK,17197,INE551D01018,PAKKA,EQ,,,,,PAKKA LIMITED,78.55,79.69,77.07,78.38,78.2,77.64,,78.39,,,85729,6736603.05,2558,F1,1,,,,,
2026-08-28,2026-08-28,CM,NSE,STK,14922,INE323I01011,PURVA,EQ,,,,,PURAVANKARA LIMITED,214.2,216.85,212.93,215.78,214.8,214.22,,215.8,,,85702,18440397.01,3376,F1,1,,,,,
2026-08-28,2026-08-28,CM,NSE,STK,385,INE766P01016,MAHLOG,EQ,,,,,MAHINDRA LOGISTIC LIMITED,392.35,395.5,388.5,392.75,393.6,391.6,,392.74,,,85642,33609641.7,4429,F1,1,,,,,
2026-08-28,2026-08-28,CM,NSE,STK,7254,INE804L01022,MEDPLUS,EQ,,,,,MEDPLUS HEALTH SERV LTD,688.35,695.0,674.3,676.35,676.5,688.35,,676.35,,,85619,58610042.8,6913,F1,1,,,,,
2026-08-28,2026-08-28,CM,NSE,STK,27353,INE0OJW01016,ROSSTECH,EQ,,,,,ROSSELL TECHSYS LIMITED,1111.85,1120.7,1092.65,1104.6,1113.0,1103.4,,1104.64,,,85448,94794277.1,5650,F1,1,,,,,
2026-08-28,2026-08-28,CM,NSE,STK,20534,INE024L01027,GRAVITA,EQ,,,,,GRAVITA INDIA LIMITED,1821.9,1835.0,1809.0,1825.8,1825.0,1824.5,,1825.89,,,85446,155789262.1,9732,F1,1,,,,,
2026-08-28,2026-08-28,CM,NSE,STK,19761,INE982B01027,ADFFOODS,EQ,,,,,ADF FOODS LIMITED,273.8,276.05,270.6,274.45,271.35,273.8,,274.45,,,85375,23350699.65,3519,F1,1,,,,,
2026-08-28,2026-08-28,CM,NSE,STK,11582,INE0HMF01019,TRACXN,EQ,,,,,TRACXN TECHNOLOGIES LTD,29.8,30.24,29.52,29.76,29.71,30.06,,29.77,,,85210,2557485.97,752,F1,1,,,,,
2026-08-28,2026-08-28,CM,NSE,STK,595,INE120A01034,CARBORUNIV,EQ,,,,,CARBORUNDUM UNIVERSAL LTD,1100.1,1125.0,1087.0,1116.8,1115.0,1103.2,,1116.94,,,85151,94013780.8,8581,F1,1,,,,,
2026-08-28,2026-08-28,CM,NSE,STK,9539,INE732S01012,SAKAR,EQ,,,,,SAKAR HEALTHCARE LIMITED,890.3,910.0,870.0,875.7,879.0,892.6,,875.7,,,84908,74818849.15,5237,F1,1,,,,,
2026-08-28,2026-08-28,CM,NSE,STK,11689,INE399C01030,SUPRAJIT,EQ,,,,,SUPRAJIT ENGINEERING LTD,501.2,509.4,501.0,505.25,507.95,504.05,,505.21,,,84894,42844137.85,6298,F1,1,,,,,
2026-08-28,2026-08-28,CM,NSE,STK,28888,INE0RB801010,SENORES,EQ,,,,,SENORES PHARMACEUTICALS L,1474.6,1494.0,1466.2,1482.1,1494.0,1474.6,,1482.1,,,84500,125000430.4,7007,F1,1,,,,,
2026-08-28,2026-08-28,CM,NSE,STK,6848,INE544R01021,GREENLAM,EQ,,,,,GREENLAM INDUSTRIES LTD.,244.6,248.8,242.5,246.35,246.75,243.25,,246.44,,,84116,20666361.65,2705,F1,1,,,,,
2026-08-28,2026-08-28,CM,NSE,STK,13276,INE559R01029,LANDMARK,EQ,,,,,LANDMARK CARS LIMITED,510.2,513.95,501.0,503.35,501.8,506.15,,503.34,,,83915,42349942.4,5259,F1,1,,,,,
2026-08-28,2026-08-28,CM,NSE,STK,14134,INE450D01021,PITTIENG,EQ,,,,,PITTI ENGINEERING LIMITED,1140.0,1140.9,1113.35,1121.2,1118.0,1129.65,,1121.21,,,83398,93937822.55,5176,F1,1,,,,,
2026-08-28,2026-08-28,CM,NSE,STK,16123,INE316L01019,BHARATWIRE,EQ,,,,,BHARAT WIRE ROPES LTD.,186.64,188.94,185.64,186.99,186.5,187.64,,186.99,,,83316,15608841.51,1936,F1,1,,,,,
2026-08-28,2026-08-28,CM,NSE,STK,3088,INE896L01010,INDOSTAR,EQ,,,,,INDOSTAR CAPITAL FIN LTD,253.35,260.0,252.6,258.85,258.0,255.05,,258.83,,,82794,21173849.7,1437,F1,1,,,,,
2026-08-28,2026-08-28,CM,NSE,STK,12124,INE966A01022,DOLATALGO,EQ,,,,,DOLAT ALGOTECH LIMITED,74.31,74.31,72.51,72.82,73.45,73.76,,72.86,,,82639,6031117.79,1040,F1,1,,,,,
2026-08-28,2026-08-28,CM,NSE,STK,896,INE745B01028,KHAICHEM,EQ,,,,,KHAITAN CHEM & FERT LTD,55.5,56.78,55.37,55.58,55.6,55.52,,55.58,,,82431,4601838.42,723,F1,1,,,,,
2026-08-28,2026-08-28,CM,NSE,STK,17685,INE390G01014,GPTINFRA,EQ,,,,,GPT INFRAPROJECTS LTD,113.58,114.05,111.6,111.91,111.6,113.58,,111.92,,,82362,9258724.4,1024,F1,1,,,,,
2026-08-28,2026-08-28,CM,NSE,STK,28687,INE0TO701015,MAMATA,EQ,,,,,MAMATA MACHINERY LIMITED,402.0,405.0,398.4,400.05,400.85,403.5,,400.04,,,82152,33002946.45,1313,F1,1,,,,,
2026-08-28,2026-08-28,CM,NSE,STK,3724,INE710A01016,VSTIND,EQ,,,,,VST INDUSTRIES LTD,212.4,212.4,209.5,210.45,210.6,211.23,,210.48,,,82104,17274294.49,2523,F1,1,,,,,
2026-08-28,2026-08-28,CM,NSE,STK,764748,INE879K01018,KMCSHIL,EQ,,,,,K M C SPECIALITY HOSP I L,138.6,139.58,136.62,138.05,139.0,138.18,,138.06,,,82093,11327964.79,1400,F1,1,,,,,
2026-08-28,2026-08-28,CM,NSE,STK,20776,INE458B01036,BHAGYANGR,EQ,,,,,BHAGYANAGAR INDIA LIMITED,380.95,398.5,380.05,391.05,391.85,382.9,,391.01,,,81903,31994695.05,2929,F1,1,,,,,
2026-08-28,2026-08-28,CM,NSE,STK,760346,INE428V01029,NEPHROPLUS,EQ,,,,,NEPHROCARE HEALTH SERV L,692.75,703.0,690.0,692.35,691.0,685.45,,692.32,,,81324,56698166.1,6323,F1,1,,,,,
2026-08-28,2026-08-28,CM,NSE,STK,625,INE055A01016,ABREL,EQ,,,,,ADITYA BIRLA REAL EST LTD,1382.0,1406.2,1380.0,1387.0,1387.4,1393.4,,1387.04,,,81323,113050768.4,7073,F1,1,,,,,
2026-08-28,2026-08-28,CM,NSE,STK,6943,INE144Z01023,TARSONS,EQ,,,,,TARSONS PRODUCTS LIMITED,331.65,337.8,328.3,332.25,333.4,329.4,,332.24,,,81322,27067048.4,3613,F1,1,,,,,
2026-08-28,2026-08-28,CM,NSE,STK,13305,INE348B01021,CENTURYPLY,EQ,,,,,CENTURY PLYBOARDS (I) LTD,740.0,758.25,740.0,753.8,751.0,751.75,,753.74,,,81308,61308648.4,3452,F1,1,,,,,
2026-08-28,2026-08-28,CM,NSE,STK,759867,INE0ILV01024,CAPILLARY,EQ,,,,,CAPILLARY TECHNO INDIA L,508.95,509.0,498.1,501.5,504.5,508.95,,501.45,,,81204,40870472.85,3986,F1,1,,,,,
2026-08-28,2026-08-28,CM,NSE,STK,29598,INE612J01015,REPCOHOME,EQ,,,,,REPCO HOME FINANCE LTD,368.25,368.8,362.75,365.5,368.75,365.7,,365.5,,,81201,29695634.45,1920,F1,1,,,,,
2026-08-28,2026-08-28,CM,NSE,STK,759103,INE00RL01028,HILINFRA,EQ,,,,,HIGHWAY INFRASTRUCTURE L,45.12,46.1,44.5,45.52,46.1,45.29,,45.33,,,81065,3677466.85,1388,F1,1,,,,,
2026-08-28,2026-08-28,CM,NSE,STK,17833,INE758C01029,AHLUCONT,EQ,,,,,AHLUWALIA CONT IND LTD,638.0,647.75,630.05,641.1,640.0,636.6,,641.07,,,80833,51792669.95,5603,F1,1,,,,,
2026-08-28,2026-08-28,CM,NSE,STK,10945,INE668A01016,TMB,EQ,,,,,TAMILNAD MERCA BANK LTD,887.2,897.0,882.35,886.05,882.5,893.85,,886.04,,,80734,71850292.15,7093,F1,1,,,,,
2026-08-28,2026-08-28,CM,NSE,STK,3482,INE419D01026,CLSEL,EQ,,,,,CHAMAN LAL SETIA EXP LTD,294.05,299.0,291.25,293.05,293.4,295.2,,293.06,,,80641,23675083.8,2662,F1,1,,,,,
2026-08-28,2026-08-28,CM,NSE,STK,3348,INE947A01014,SUNFLAG,EQ,,,,,SUNFLAG IRON AND STEEL CO,344.8,351.2,344.8,348.25,348.45,344.4,,348.24,,,80367,27938446.0,1721,F1,1,,,,,
2026-08-28,2026-08-28,CM,NSE,STK,23480,INE985A01022,SINCLAIR,EQ,,,,,SINCLAIRS HOTELS LIMITED,80.99,83.02,78.12,81.51,81.9,79.92,,81.49,,,80303,6520595.25,1246,F1,1,,,,,
2026-08-28,2026-08-28,CM,NSE,STK,371,INE176A01028,BATAINDIA,EQ,,,,,BATA INDIA LTD,682.0,684.7,678.1,681.3,683.95,681.6,,681.33,,,80053,54521391.2,5428,F1,1,,,,,
2026-08-28,2026-08-28,CM,NSE,STK,16736,INE964W01021,MKPL,EQ,,,,,M K PROTEINS LIMITED,4.19,4.19,4.11,4.13,4.11,4.11,,4.13,,,79759,330808.13,260,F1,1,,,,,
2026-08-28,2026-08-28,CM,NSE,STK,22930,INE0PT501018,PLATIND,EQ,,,,,PLATINUM INDUSTRIES LTD,227.29,234.0,226.41,230.58,230.4,227.31,,230.59,,,79302,18289655.75,2135,F1,1,,,,,
2026-08-28,2026-08-28,CM,NSE,STK,4184,INE495C01010,SANGAMIND,EQ,,,,,SANGAM (INDIA) LTD,580.0,609.5,575.95,603.15,596.1,579.8,,603.27,,,79127,47551635.65,4419,F1,1,,,,,
2026-08-28,2026-08-28,CM,NSE,STK,3018,INE626A01014,SAURASHCEM,EQ,,,,,SAURASHTRA CEMENT LIMITED,57.11,57.94,56.1,56.33,56.6,57.13,,56.33,,,79022,4497028.14,1179,F1,1,,,,,
2026-08-28,2026-08-28,CM,NSE,STK,762787,INE650G01029,MENNPIS,EQ,,,,,MENON PISTONS LTD.,77.0,77.19,73.0,73.97,73.75,74.59,,73.98,,,78947,5946257.5,1168,F1,1,,,,,
2026-08-28,2026-08-28,CM,NSE,STK,5220,INF769K01HI8,BFSI,EQ,,,,,MIRAEAMC - MAFSETF,28.09,28.09,27.22,27.31,27.37,27.41,,27.31,,,78704,2150399.01,680,F1,1,,,,,
2026-08-28,2026-08-28,CM,NSE,STK,1826,INE967C01018,KAMATHOTEL,EQ,,,,,KAMAT HOTELS (I) LTD,237.0,241.11,227.21,228.3,229.84,236.51,,228.29,,,78492,18382046.84,2212,F1,1,,,,,
2026-08-28,2026-08-28,CM,NSE,STK,20878,INE220Q01020,MUFTI,EQ,,,,,CREDO BRANDS MARKETING L,76.93,76.93,75.28,75.92,75.82,77.91,,75.92,,,78216,5925598.48,987,F1,1,,,,,
2026-08-28,2026-08-28,CM,NSE,STK,765105,INE348N01042,MANBRO,EQ,,,,,MANBRO INDUSTRIES LTD.,60.95,60.95,58.97,59.64,60.0,60.51,,59.76,,,77984,4639449.37,286,F1,1,,,,,
2026-08-28,2026-08-28,CM,NSE,STK,18962,INE451D01029,RAJRATAN,EQ,,,,,RAJRATAN GLOBAL WIRE LTD,492.95,500.0,487.0,496.65,495.0,489.55,,496.67,,,77735,38402039.45,4274,F1,1,,,,,
2026-08-28,2026-08-28,CM,NSE,STK,14278,INE607D01018,ORIENTBELL,EQ,,,,,ORIENT BELL LIMITED,367.0,404.8,367.0,379.25,377.1,377.2,,379.25,,,77661,29959677.4,3431,F1,1,,,,,
2026-08-28,2026-08-28,CM,NSE,STK,17641,INE805D01034,SUNTECK,EQ,,,,,SUNTECK REALTY LIMITED,307.85,309.45,304.65,306.0,306.35,307.5,,305.99,,,77659,23774212.45,2106,F1,1,,,,,
2026-08-28,2026-08-28,CM,NSE,STK,13421,INE296H01011,EMKAY,EQ,,,,,EMKAY GLOBAL FIN SERV LTD,239.0,259.9,239.0,251.59,251.0,239.73,,251.57,,,77078,19352727.69,2777,F1,1,,,,,
2026-08-28,2026-08-28,CM,NSE,STK,14672,INE048G01026,NAVINFLUOR,EQ,,,,,NAVIN FLUORINE INT. LTD,8589.0,8591.0,8470.5,8517.5,8539.0,8567.5,,8517.23,,,77045,656392767.0,15811,F1,1,,,,,
2026-08-28,2026-08-28,CM,NSE,STK,6908,INE270I01022,VISHNU,EQ,,,,,VISHNU CHEMICALS LIMITED,647.0,656.35,643.6,652.2,648.0,647.85,,652.16,,,77007,50154278.4,3048,F1,1,,,,,
2026-08-28,2026-08-28,CM,NSE,STK,762889,INE440T01028,SEIL,EQ,,,,,SHANTI EDU INITIATIVES L,209.78,210.33,205.3,206.67,206.71,208.11,,206.73,,,76804,15938157.73,1402,F1,1,,,,,
2026-08-28,2026-08-28,CM,NSE,STK,14485,INE083B01024,THEMISMED,EQ,,,,,THEMIS MEDICARE LTD.,127.03,128.01,124.36,125.48,126.4,126.15,,125.48,,,76736,9625463.01,863,F1,1,,,,,
2026-08-28,2026-08-28,CM,NSE,STK,17105,INE258G01013,SUMICHEM,EQ,,,,,SUMITOMO CHEM INDIA LTD,528.95,528.95,517.5,517.85,518.45,525.0,,517.85,,,76606,39881737.0,4496,F1,1,,,,,
2026-08-28,2026-08-28,CM,NSE,STK,29171,INE0WO601020,LAXMIDENTL,EQ,,,,,LAXMI DENTAL LIMITED,196.27,202.0,194.89,199.78,200.48,194.82,,199.78,,,76144,15144391.78,2434,F1,1,,,,,
2026-08-28,2026-08-28,CM,NSE,STK,25672,INE184O01015,DIFFNKG,EQ,,,,,DIFFUSION ENGINEERS LTD,406.5,419.7,400.25,411.0,412.2,402.55,,410.97,,,75646,30873895.55,1989,F1,1,,,,,
2026-08-28,2026-08-28,CM,NSE,STK,13536,INE632C01026,VIDHIING,EQ,,,,,VIDHI SPCLTY F INGRDNTS L,352.65,360.0,347.9,355.7,355.0,350.1,,355.7,,,75581,26879329.6,2744,F1,1,,,,,
2026-08-28,2026-08-28,CM,NSE,STK,15244,INE641C01019,KAVDEFENCE,EQ,,,,,KAVVERI DFS & WIR TEC LTD,57.7,58.11,56.73,57.22,57.02,57.83,,57.22,,,75324,4311706.03,894,F1,1,,,,,
2026-08-28,2026-08-28,CM,NSE,STK,6713,INE893J01029,MOLDTKPAC,EQ,,,,,MOLD-TEK PACKAGING LTD,700.0,703.6,688.0,691.2,692.0,702.2,,691.22,,,75305,52285251.95,3414,F1,1,,,,,
2026-08-28,2026-08-28,CM,NSE,STK,758748,INE0PKD01011,MEIL,EQ,,,,,MANGAL ELECTRICAL IND L,307.0,308.0,296.95,299.4,298.2,304.3,,299.38,,,75243,22640931.2,1736,F1,1,,,,,
2026-08-28,2026-08-28,CM,NSE,STK,11369,INE910C01018,TTKHLTCARE,EQ,,,,,TTK HEALTHCARE LIMITED,1087.9,1150.9,1081.0,1134.2,1128.5,1080.2,,1134.28,,,75111,84737551.8,7565,F1,1,,,,,
2026-08-28,2026-08-28,CM,NSE,STK,757794,INE03NU01014,BRIGHOTEL,EQ,,,,,BRIGADE HOTEL VENTURE LTD,59.99,60.0,59.0,59.56,59.4,59.57,,59.57,,,74934,4452695.7,2058,F1,1,,,,,
2026-08-28,2026-08-28,CM,NSE,STK,6018,INE404A01024,ABSLAMC,EQ,,,,,ADIT BIRL SUN LIF AMC LTD,1050.0,1053.5,1038.1,1047.9,1050.3,1046.5,,1047.88,,,74281,77833642.0,8950,F1,1,,,,,
2026-08-28,2026-08-28,CM,NSE,STK,10726,INE933S01016,INDIAMART,EQ,,,,,INDIAMART INTERMESH LTD,1763.9,1774.0,1752.5,1756.9,1758.0,1755.4,,1756.89,,,74123,130442340.1,15035,F1,1,,,,,
2026-08-28,2026-08-28,CM,NSE,STK,19496,INE0BTM01013,SECMARK,EQ,,,,,SECMARK CONSULTANCY LTD,131.05,152.34,128.8,151.31,152.34,126.95,,151.22,,,73883,10856669.18,1262,F1,1,,,,,
2026-08-28,2026-08-28,CM,NSE,STK,13870,INE529I01021,KUANTUM,EQ,,,,,KUANTUM PAPERS LIMITED,72.31,73.98,72.0,72.54,73.0,72.31,,72.54,,,73864,5359516.47,854,F1,1,,,,,
2026-08-28,2026-08-28,CM,NSE,STK,20560,INE325C01035,DOLLAR,EQ,,,,,DOLLAR INDUSTRIES LIMITED,265.1,271.0,265.0,268.7,270.0,265.25,,268.57,,,73785,19813225.45,1558,F1,1,,,,,
2026-08-28,2026-08-28,CM,NSE,STK,25080,INF769K01LX9,MULTICAP,EQ,,,,,MIRAEAMC - MULTICAP,16.89,16.95,16.86,16.89,16.93,16.89,,16.89,,,73472,1242887.22,363,F1,1,,,,,
2026-08-28,2026-08-28,CM,NSE,STK,25403,INE0CJF01024,WCIL,EQ,,,,,WESTERN CARRIERS (IND) L,87.3,87.49,84.92,85.74,86.25,87.12,,85.74,,,73305,6298370.8,1048,F1,1,,,,,
2026-08-28,2026-08-28,CM,NSE,STK,17397,INE863B01029,PREMEXPLN,EQ,,,,,PREMIER EXPLOSIVES LTD,666.45,668.0,661.1,662.75,663.8,666.25,,662.75,,,72917,48345449.8,1353,F1,1,,,,,
2026-08-28,2026-08-28,CM,NSE,STK,2514,INE142A01012,OSWALAGRO,EQ,,,,,OSWAL AGRO MILLS LTD,37.48,37.8,36.66,37.65,37.78,36.86,,37.65,,,72768,2722767.25,425,F1,1,,,,,
2026-08-28,2026-08-28,CM,NSE,STK,11435,INE572J01011,SPANDANA,EQ,,,,,SPANDANA SPHOORTY FIN LTD,242.85,246.2,241.0,244.3,243.0,242.85,,244.33,,,72380,17592117.9,2045,F1,1,,,,,
2026-08-28,2026-08-28,CM,NSE,STK,8075,INE00R701025,DALBHARAT,EQ,,,,,DALMIA BHARAT LIMITED,1876.2,1876.2,1832.3,1845.3,1842.4,1876.2,,1845.31,,,72320,133572349.1,13172,F1,1,,,,,
2026-08-28,2026-08-28,CM,NSE,STK,19597,INE07U701015,IRMENERGY,EQ,,,,,IRM ENERGY LIMITED,282.5,289.0,281.1,283.35,283.3,283.1,,283.47,,,72208,20509792.95,2518,F1,1,,,,,
2026-08-28,2026-08-28,CM,NSE,STK,761095,INF200KB1AJ0,SBIMIDMOM,EQ,,,,,SBIAMC - SBIMIDMOM,64.89,65.15,64.78,65.0,64.98,64.73,,65.0,,,72161,4690235.72,239,F1,1,,,,,
2026-08-28,2026-08-28,CM,NSE,STK,19235,INE919H01018,IMFA,EQ,,,,,INDIAN METALS & FERRO,1377.0,1399.3,1361.5,1370.7,1375.0,1367.9,,1370.8,,,71985,99234044.7,7710,F1,1,,,,,
2026-08-28,2026-08-28,CM,NSE,STK,14174,INE848A01014,IZMO,EQ,,,,,IZMO LIMITED,834.0,880.8,827.65,848.45,850.0,829.6,,848.46,,,71967,61202059.45,5524,F1,1,,,,,
2026-08-28,2026-08-28,CM,NSE,STK,18086,INE917M01012,DBL,EQ,,,,,DILIP BUILDCON LIMITED,408.0,411.0,404.45,406.95,410.0,407.55,,406.93,,,71934,29334384.95,2372,F1,1,,,,,
2026-08-28,2026-08-28,CM,NSE,STK,4394,INE771A01026,MIRZAINT,EQ,,,,,MIRZA INTERNATIONAL LIMIT,31.71,32.3,31.42,31.83,31.9,31.56,,31.83,,,71922,2279289.87,1265,F1,1,,,,,
2026-08-28,2026-08-28,CM,NSE,STK,2687,INE633B01018,POLYPLEX,EQ,,,,,POLYPLEX CORPORATION LTD,1150.0,1190.9,1150.0,1184.4,1190.9,1149.2,,1184.38,,,71791,84594061.7,4947,F1,1,,,,,
2026-08-28,2026-08-28,CM,NSE,STK,14952,INE227G01018,INDOWIND,EQ,,,,,INDOWIND ENERGY LTD,9.15,9.35,9.1,9.16,9.19,9.21,,9.16,,,71572,660657.82,379,F1,1,,,,,
2026-08-28,2026-08-28,CM,NSE,STK,6278,INE646B01010,MEDICAMEQ,EQ,,,,,MEDICAMEN BIOTECH LIMITED,231.13,251.0,220.0,248.88,249.0,230.74,,248.87,,,71552,17346751.76,1975,F1,1,,,,,
2026-08-28,2026-08-28,CM,NSE,STK,10925,INE233A01035,GODREJIND,EQ,,,,,GODREJ INDUSTRIES LTD,1163.6,1175.7,1146.1,1167.5,1162.0,1150.5,,1167.59,,,71294,82941927.7,8671,F1,1,,,,,
2026-08-28,2026-08-28,CM,NSE,STK,6429,INE165B01029,RSSOFTWARE,EQ,,,,,R. S. SOFTWARE (INDIA) LI,33.94,33.94,31.29,31.29,31.29,32.93,,31.3,,,71139,2253032.06,259,F1,1,,,,,
2026-08-28,2026-08-28,CM,NSE,STK,9678,INE980Y01015,SOUTHWEST,EQ,,,,,SOUTH WEST PINNACLE LTD,208.54,210.0,206.47,209.06,208.98,206.89,,209.18,,,71117,14837382.29,2045,F1,1,,,,,
2026-08-28,2026-08-28,CM,NSE,STK,759969,INE111F01024,PAUSHAKLTD,EQ,,,,,PAUSHAK LIMITED,732.2,789.9,732.2,776.7,781.0,738.2,,776.79,,,71076,55216985.05,5162,F1,1,,,,,
2026-08-28,2026-08-28,CM,NSE,STK,21392,INE347W01011,MAGADSUGAR,EQ,,,,,MAGADH SUGAR & ENERGY LTD,552.95,590.35,552.95,584.15,584.0,551.0,,584.08,,,71010,40731147.45,3936,F1,1,,,,,
2026-08-28,2026-08-28,CM,NSE,STK,2854,INE00LO01017,CRAFTSMAN,EQ,,,,,CRAFTSMAN AUTOMATION LTD,10949.0,11199.5,10858.0,11118.0,11097.0,10898.0,,11118.06,,,70823,783889856.0,20516,F1,1,,,,,
2026-08-28,2026-08-28,CM,NSE,STK,14972,INE455I01029,KSCL,EQ,,,,,KAVERI SEED CO. LTD.,789.9,789.9,780.0,786.8,788.0,785.0,,786.82,,,70765,55588389.3,3395,F1,1,,,,,
2026-08-28,2026-08-28,CM,NSE,STK,16915,INE342J01019,ZFCVINDIA,EQ,,,,,ZF COM VE CTR SYS IND LTD,2592.0,2592.0,2541.2,2568.0,2550.0,2570.5,,2567.68,,,70679,181255706.9,18533,F1,1,,,,,
2026-08-28,2026-08-28,CM,NSE,STK,19458,INE0INJ01017,PLAZACABLE,EQ,,,,,PLAZA WIRES LIMITED,52.6,53.86,51.31,53.86,53.86,51.3,,53.92,,,70633,3757527.65,500,F1,1,,,,,
2026-08-28,2026-08-28,CM,NSE,STK,14106,INE718H01014,AUTOIND,EQ,,,,,AUTOLINE INDUSTRIES LTD,88.58,90.78,88.05,89.04,88.7,89.02,,89.0,,,70443,6283820.17,661,F1,1,,,,,
2026-08-28,2026-08-28,CM,NSE,STK,811,INE499A01024,DCMSHRIRAM,EQ,,,,,DCM SHRIRAM LIMITED,1025.6,1038.0,1015.1,1022.3,1025.0,1028.4,,1022.27,,,70239,71997870.7,7917,F1,1,,,,,
2026-08-28,2026-08-28,CM,NSE,STK,759210,INE0MWH01014,TRUALT,EQ,,,,,TRUALT BIOENERGY LIMITED,434.0,438.6,430.85,434.15,437.0,433.85,,434.12,,,69662,30219272.45,2558,F1,1,,,,,
2026-08-28,2026-08-28,CM,NSE,STK,17207,INF740KA1SX1,ITADD,EQ,,,,,DSPAMC - DSPIT,32.68,33.21,32.65,33.01,33.01,32.19,,33.01,,,69661,2298686.89,1881,F1,1,,,,,
2026-08-28,2026-08-28,CM,NSE,STK,21713,INE670X01014,LASA,EQ,,,,,LASA SUPERGENERICS LTD,7.0,7.42,6.85,6.99,6.9,6.97,,6.99,,,69589,493353.64,247,F1,1,,,,,
2026-08-28,2026-08-28,CM,NSE,STK,25073,INE02ID01020,RAYMONDLSL,EQ,,,,,RAYMOND LIFESTYLE LIMITED,694.0,704.0,688.4,691.35,691.55,692.2,,691.33,,,69558,48217840.95,3429,F1,1,,,,,
2026-08-28,2026-08-28,CM,NSE,STK,11606,INE742B01025,GUFICBIO,EQ,,,,,GUFIC BIOSCIENCES LTD.,412.2,414.05,400.5,406.3,409.4,412.2,,406.35,,,69317,28378859.0,2792,F1,1,,,,,
2026-08-28,2026-08-28,CM,NSE,STK,2385,INE060A01024,NAVNETEDUL,EQ,,,,,NAVNEET EDUCATION LTD,133.84,135.52,133.2,134.51,135.5,133.59,,134.51,,,69249,9326441.31,1312,F1,1,,,,,
2026-08-28,2026-08-28,CM,NSE,STK,18679,INE495S01016,HPL,EQ,,,,,HPL ELECTRIC & POWER LTD,309.05,311.95,304.8,308.8,309.5,307.65,,308.81,,,69054,21283864.2,2426,F1,1,,,,,
2026-08-28,2026-08-28,CM,NSE,STK,14627,INE788H01017,HILTON,EQ,,,,,HILTON METAL FORGING LTD,19.98,19.98,19.02,19.37,19.35,19.51,,19.34,,,68962,1334583.51,336,F1,1,,,,,
2026-08-28,2026-08-28,CM,NSE,STK,3987,INE461C01038,GREENPLY,EQ,,,,,GREENPLY INDUSTRIES LTD,293.0,293.4,283.1,286.25,285.0,291.25,,286.25,,,68923,19749417.3,2323,F1,1,,,,,
2026-08-28,2026-08-28,CM,NSE,STK,25503,INE250Z01010,INDOUS,EQ,,,,,INDO US BIOTECH LTD,83.22,83.75,79.0,80.91,80.99,80.79,,80.91,,,68690,5559098.01,211,F1,1,,,,,
2026-08-28,2026-08-28,CM,NSE,STK,11155,INE985W01018,CNL,EQ,,,,,CREATIVE NEWTECH LIMITED,1203.7,1268.95,1194.0,1242.15,1242.65,1207.95,,1242.16,,,68622,84246869.9,5583,F1,1,,,,,
2026-08-28,2026-08-28,CM,NSE,STK,760188,INE19GK01015,SRTL,EQ,,,,,SHREE RAM TWISTEX LIMITED,38.61,39.2,37.6,37.94,38.29,38.98,,37.94,,,68538,2617887.13,451,F1,1,,,,,
2026-08-28,2026-08-28,CM,NSE,STK,9408,INE961O01016,RAINBOW,EQ,,,,,RAINBOW CHILDRENS MED LTD,1441.0,1457.8,1430.6,1442.8,1439.8,1441.0,,1442.66,,,68321,98513590.0,9066,F1,1,,,,,
2026-08-28,2026-08-28,CM,NSE,STK,27067,INE050M01012,VSSL,EQ,,,,,VARDHMAN SPC STEEL LTD,357.0,357.0,346.95,348.55,348.3,358.05,,348.63,,,68075,23861668.8,2406,F1,1,,,,,
2026-08-28,2026-08-28,CM,NSE,STK,7979,INF769K01IB1,MAKEINDIA,EQ,,,,,MIRAEAMC - MAMFGETF,169.04,169.05,167.79,168.4,168.55,168.87,,168.39,,,67914,11432202.15,363,F1,1,,,,,
2026-08-28,2026-08-28,CM,NSE,STK,21623,INE346W01013,APEX,EQ,,,,,APEX FROZEN FOODS LIMITED,385.35,387.95,379.95,381.25,381.1,383.45,,381.24,,,67352,25743195.55,2616,F1,1,,,,,
2026-08-28,2026-08-28,CM,NSE,STK,17547,INE098F01031,AMRUTANJAN,EQ,,,,,AMRUTAJAN HEALTH LTD,517.2,522.2,511.2,514.25,513.6,517.05,,514.25,,,67238,34681069.75,4593,F1,1,,,,,
2026-08-28,2026-08-28,CM,NSE,STK,3827,INE217A01012,ZUARIIND,EQ,,,,,ZUARI INDUSTRIES LIMITED,270.3,280.0,270.3,272.95,273.95,270.85,,272.94,,,67186,18508529.3,1780,F1,1,,,,,
2026-08-28,2026-08-28,CM,NSE,STK,11549,INE435C01024,TEXINFRA,EQ,,,,,TEXMACO INFRA & HOLDG LTD,111.34,113.0,111.0,111.41,111.1,110.55,,111.39,,,67121,7491494.43,593,F1,1,,,,,
2026-08-28,2026-08-28,CM,NSE,STK,13101,INE579C01029,VIMTALABS,EQ,,,,,VIMTA LABS LIMITED,617.8,620.7,612.0,617.7,615.15,615.0,,617.69,,,67057,41393026.3,3643,F1,1,,,,,
2026-08-28,2026-08-28,CM,NSE,STK,13091,INE184H01027,EKC,EQ,,,,,EVEREST KANTO CYLINDERLTD,109.0,109.92,108.5,108.87,109.5,109.16,,108.89,,,66898,7292485.11,1164,F1,1,,,,,
2026-08-28,2026-08-28,CM,NSE,STK,15295,INE539B01017,VIRINCHI,EQ,,,,,VIRINCHI LIMITED,15.5,15.5,14.85,14.98,15.05,15.1,,14.98,,,66728,1005335.32,254,F1,1,,,,,
2026-08-28,2026-08-28,CM,NSE,STK,13491,INE786A01032,JKLAKSHMI,EQ,,,,,JK LAKSHMI CEMENT LTD,544.2,544.4,539.0,540.85,541.6,544.2,,540.84,,,66478,35996256.95,7291,F1,1,,,,,
2026-08-28,2026-08-28,CM,NSE,STK,3237,INE643A01035,JTEKTINDIA,EQ,,,,,JTEKT INDIA LIMITED,126.18,126.99,125.0,126.38,126.35,126.18,,126.38,,,66429,8385523.74,1422,F1,1,,,,,
2026-08-28,2026-08-28,CM,NSE,STK,7376,INE0GSL01024,HPAL,EQ,,,,,HP ADHESIVES LIMITED,34.0,35.62,34.0,34.86,35.25,34.63,,34.86,,,66287,2320679.67,613,F1,1,,,,,
2026-08-28,2026-08-28,CM,NSE,STK,10285,INE193B01039,AYMSYNTEX,EQ,,,,,AYM SYNTEX LIMITED,250.0,256.55,241.55,254.4,256.55,250.25,,254.4,,,65947,16351383.75,2284,F1,1,,,,,
2026-08-28,2026-08-28,CM,NSE,STK,958,INE042A01014,ESCORTS,EQ,,,,,ESCORTS KUBOTA LIMITED,2974.1,3056.2,2974.0,3015.5,3008.8,2974.1,,3015.49,,,65907,199225510.5,13016,F1,1,,,,,
2026-08-28,2026-08-28,CM,NSE,STK,21017,INE360L01017,FMNL,EQ,,,,,FUTURE MKT NETWORKS LTD,10.75,11.15,10.31,11.0,11.0,10.62,,11.0,,,65746,715507.28,148,F1,1,,,,,
2026-08-28,2026-08-28,CM,NSE,STK,761680,INE921L01032,POWERICA,EQ,,,,,POWERICA LIMITED,519.0,528.95,515.45,517.7,518.0,519.0,,517.77,,,65666,34039016.1,2537,F1,1,,,,,
2026-08-28,2026-08-28,CM,NSE,STK,22,INE012A01025,ACC,EQ,,,,,ACC LIMITED,1314.0,1314.0,1303.0,1306.4,1309.0,1310.6,,1306.41,,,65574,85758604.2,8824,F1,1,,,,,
2026-08-28,2026-08-28,CM,NSE,STK,5751,INE953O01021,SANSERA,EQ,,,,,SANSERA ENGINEERING LTD,3858.0,3913.1,3830.1,3859.0,3858.2,3842.8,,3859.03,,,65476,253178953.1,9365,F1,1,,,,,
2026-08-28,2026-08-28,CM,NSE,STK,761192,INE0J5601015,KRISHNADEF,EQ,,,,,KRISHNA DEF AND ALD IND L,1033.9,1036.0,1015.1,1019.8,1021.6,1031.0,,1019.8,,,65359,66852825.5,4409,F1,1,,,,,
2026-08-28,2026-08-28,CM,NSE,STK,9592,INE0JA001018,VENUSPIPES,EQ,,,,,VENUS PIPES & TUBES LTD,1655.0,1668.8,1620.0,1634.3,1637.0,1653.8,,1634.41,,,65204,106999211.3,6852,F1,1,,,,,
2026-08-28,2026-08-28,CM,NSE,STK,15002,INE550H01011,SUPREMEINF,EQ,,,,,SUPREME INFRA. LTD.,85.6,85.6,83.0,83.25,84.04,84.99,,83.25,,,64331,5391824.57,688,F1,1,,,,,
2026-08-28,2026-08-28,CM,NSE,STK,760242,INE1RDG01013,PNGSREVA,EQ,,,,,PNGS REVA DIAMOND JEWEL L,547.65,554.45,536.1,542.25,544.35,542.9,,542.24,,,64170,34918717.45,2334,F1,1,,,,,
2026-08-28,2026-08-28,CM,NSE,STK,235,INE087Z01024,AAKASH,EQ,,,,,AAKASH EXPLORATION SER L,8.61,8.9,8.59,8.73,8.79,8.75,,8.73,,,63832,556873.33,275,F1,1,,,,,
2026-08-28,2026-08-28,CM,NSE,STK,926,INE191A01027,ORCHPHARMA,EQ,,,,,ORCHID PHARMA LIMITED,931.9,980.0,924.95,975.6,972.6,928.8,,975.47,,,63715,61003003.25,4929,F1,1,,,,,
2026-08-28,2026-08-28,CM,NSE,STK,29583,INE936B01015,NATCAPSUQ,EQ,,,,,NATURAL CAPSULES LIMITED,215.24,219.7,203.5,204.96,209.3,214.16,,205.01,,,63397,13275106.73,2131,F1,1,,,,,
2026-08-28,2026-08-28,CM,NSE,STK,19299,INE353K01014,ITDC,EQ,,,,,INDIA TOUR. DEV. CO. LTD.,664.9,675.6,659.05,662.15,663.75,659.35,,662.22,,,63395,42067207.1,5349,F1,1,,,,,
2026-08-28,2026-08-28,CM,NSE,STK,3453,INE014B01011,TECILCHEM,EQ,,,,,TECIL CHEMICALS,9.98,10.2,8.53,9.58,9.32,9.09,,9.57,,,63383,606067.05,219,F1,1,,,,,
2026-08-28,2026-08-28,CM,NSE,STK,761153,INE00XB01019,SEDEMAC,EQ,,,,,SEDEMAC MECHATRONICS LTD,3052.0,3095.0,2962.1,3011.6,3006.0,3026.5,,3010.72,,,63095,190166700.3,10755,F1,1,,,,,
2026-08-28,2026-08-28,CM,NSE,STK,11457,INF174KA1ZE1,NV20,EQ,,,,,KOTAKMAMC - KTKNV20ETF,13.92,14.0,13.89,13.96,13.92,13.92,,13.96,,,62956,877324.86,156,F1,1,,,,,
2026-08-28,2026-08-28,CM,NSE,STK,24190,INE225D01027,SYMPHONY,EQ,,,,,SYMPHONY LIMITED,599.05,602.15,590.0,591.15,590.25,599.05,,591.15,,,62907,37343808.35,4187,F1,1,,,,,
2026-08-28,2026-08-28,CM,NSE,STK,1127,INE539A01019,GHCL,EQ,,,,,GHCL LIMITED,440.15,446.0,440.15,441.45,444.0,440.15,,441.45,,,62705,27792663.8,2459,F1,1,,,,,
2026-08-28,2026-08-28,CM,NSE,STK,7679,INE903D01011,MONARCH,EQ,,,,,MONARCH NETWORTH CAP LTD,375.0,380.0,373.5,376.6,376.0,374.7,,376.59,,,62695,23618250.65,1583,F1,1,,,,,
2026-08-28,2026-08-28,CM,NSE,STK,2809,INE562B01019,RAJSREESUG,EQ,,,,,RAJSHREE SUGAR & CHEMICAL,36.2,36.92,35.76,36.49,36.4,35.25,,36.5,,,62645,2288199.68,544,F1,1,,,,,
2026-08-28,2026-08-28,CM,NSE,STK,17651,INE637C01025,POKARNA,EQ,,,,,POKARNA LIMITED,862.15,888.0,857.05,875.05,873.1,855.3,,875.05,,,62427,54436823.05,4133,F1,1,,,,,
2026-08-28,2026-08-28,CM,NSE,STK,29025,INE622H01018,INDOFARM,EQ,,,,,INDO FARM EQUIPMENT LTD,140.1,140.79,138.0,138.85,138.41,138.24,,138.91,,,61967,8601661.17,1517,F1,1,,,,,
2026-08-28,2026-08-28,CM,NSE,STK,17424,INE615I01010,GLOBUSSPR,EQ,,,,,GLOBUS SPIRITS LTD,916.2,924.0,910.5,916.1,915.0,912.3,,916.04,,,61880,56731343.3,3415,F1,1,,,,,
2026-08-28,2026-08-28,CM,NSE,STK,11817,INE584F01014,MANGALAM,EQ,,,,,MANGALAM DRUG & CHEM LTD,32.0,32.83,29.1,31.94,32.0,32.15,,31.92,,,61865,1906821.09,558,F1,1,,,,,
2026-08-28,2026-08-28,CM,NSE,STK,22360,INE813V01022,MCL,EQ,,,,,M TEK COPPER LIMITED,57.15,59.58,57.15,59.17,59.01,57.77,,59.17,,,61746,3627657.09,1273,F1,1,,,,,
2026-08-28,2026-08-28,CM,NSE,STK,11782,INE128A01029,EVEREADY,EQ,,,,,EVEREADY INDS. IND.  LTD.,342.7,345.1,335.6,337.1,337.0,342.7,,337.09,,,61683,20864796.4,1765,F1,1,,,,,
2026-08-28,2026-08-28,CM,NSE,STK,756324,INE0FFK01017,NPST,EQ,,,,,NETWORK PEOPLE SRV TECH L,1645.0,1746.9,1629.2,1701.1,1708.0,1638.8,,1701.07,,,61681,105149207.5,8206,F1,1,,,,,
2026-08-28,2026-08-28,CM,NSE,STK,15199,INE015D01022,MANAKSIA,EQ,,,,,MANAKSIA LTD.,57.05,59.06,56.89,58.13,58.02,56.89,,58.14,,,61674,3603325.58,442,F1,1,,,,,
2026-08-28,2026-08-28,CM,NSE,STK,16395,INE511Y01018,MMP,EQ,,,,,MMP INDUSTRIES LIMITED,403.45,419.8,402.75,404.4,407.0,403.45,,404.4,,,60928,24946173.75,2000,F1,1,,,,,
2026-08-28,2026-08-28,CM,NSE,STK,758150,INE08N601015,MBEL,EQ,,,,,M AND B ENGINEERING LTD,275.25,276.55,270.0,271.35,271.8,273.3,,271.37,,,60889,16603407.85,1777,F1,1,,,,,
2026-08-28,2026-08-28,CM,NSE,STK,4911,INE414A01015,MADRASFERT,EQ,,,,,MADRAS FERTILISERS LTD,68.01,69.02,67.01,67.43,67.35,67.97,,67.44,,,60820,4119842.77,901,F1,1,,,,,
2026-08-28,2026-08-28,CM,NSE,STK,11407,INE445C01015,XPROINDIA,EQ,,,,,XPRO INDIA LIMITED,1141.9,1149.4,1131.9,1139.4,1136.0,1137.1,,1138.97,,,60756,69180351.6,2665,F1,1,,,,,
2026-08-28,2026-08-28,CM,NSE,STK,11909,INE409B01013,SWELECTES,EQ,,,,,SWELECT ENERGY SYS LTD,594.0,606.9,581.8,589.9,598.5,594.2,,589.92,,,60628,35726629.95,1518,F1,1,,,,,
2026-08-28,2026-08-28,CM,NSE,STK,14917,INE142I01023,TAKE,EQ,,,,,TAKE LIMITED,16.14,16.14,16.14,16.14,16.14,16.98,,16.14,,,60299,973225.86,283,F1,1,,,,,
2026-08-28,2026-08-28,CM,NSE,STK,1570,INE541A01023,GMMPFAUDLR,EQ,,,,,GMM PFAUDLER LIMITED,1030.0,1043.0,1015.0,1026.7,1022.95,1025.15,,1026.7,,,60107,61894892.3,5454,F1,1,,,,,
2026-08-28,2026-08-28,CM,NSE,STK,25597,INE939X01013,MANBA,EQ,,,,,MANBA FINANCE LIMITED,129.87,132.0,129.0,130.81,129.52,129.93,,130.67,,,60090,7811060.9,669,F1,1,,,,,
2026-08-28,2026-08-28,CM,NSE,STK,10619,INF179KC1HS2,HDFCNEXT50,EQ,,,,,HDFCAMC - HDFCNEXT50,76.28,76.28,75.52,75.73,75.97,75.91,,75.73,,,60024,4552595.4,539,F1,1,,,,,
2026-08-28,2026-08-28,CM,NSE,STK,4481,INE767A01016,AARTIDRUGS,EQ,,,,,AARTI DRUGS LTD.,417.9,422.0,417.0,418.55,419.95,417.9,,418.56,,,59919,25109894.7,3418,F1,1,,,,,
2026-08-28,2026-08-28,CM,NSE,STK,3507,INF769K01HF4,MAFANG,EQ,,,,,MIRAEAMC - MAFANG,207.13,207.13,207.13,207.13,207.13,206.55,,207.13,,,59201,12262303.13,307,F1,1,,,,,
2026-08-28,2026-08-28,CM,NSE,STK,763663,INE763M01028,MERCURYEV,EQ,,,,,MERCURY EV-TECH LIMITED,39.12,39.69,38.4,38.67,38.5,38.93,,38.67,,,59148,2307508.09,770,F1,1,,,,,
2026-08-28,2026-08-28,CM,NSE,STK,9897,INE645W01026,AIRAN,EQ,,,,,AIRAN LIMITED,14.98,15.47,14.84,15.09,15.05,14.81,,15.09,,,58965,891361.47,405,F1,1,,,,,
2026-08-28,2026-08-28,CM,NSE,STK,18659,INE182D01020,MARATHON,EQ,,,,,MARATHON NXTGEN REALT LTD,430.15,430.15,418.25,421.55,425.0,428.75,,421.47,,,58874,24883477.75,2319,F1,1,,,,,
2026-08-28,2026-08-28,CM,NSE,STK,765025,INE822B01017,ASIANTNE,EQ,,,,,ASIAN TEA & EXPORTS LTD.,9.9,10.99,9.72,10.89,10.98,9.65,,10.85,,,58850,622727.01,252,F1,1,,,,,
2026-08-28,2026-08-28,CM,NSE,STK,16589,INE972X01022,VAISHALI,EQ,,,,,VAISHALI PHARMA LIMITED,8.33,8.46,8.2,8.31,8.24,8.33,,8.31,,,58628,486885.51,165,F1,1,,,,,
2026-08-28,2026-08-28,CM,NSE,STK,7420,INE859Q01017,MANAKALUCO,EQ,,,,,MANAK ALUMINIUM CO. LTD.,38.71,39.74,37.92,39.39,39.4,39.1,,39.44,,,58604,2269543.12,731,F1,1,,,,,
2026-08-28,2026-08-28,CM,NSE,STK,25941,INE497S01012,GODAVARIB,EQ,,,,,GODAVARI BIOREFINERIES L,239.2,242.35,237.55,239.05,238.6,239.15,,239.2,,,58540,14036711.75,2290,F1,1,,,,,
2026-08-28,2026-08-28,CM,NSE,STK,30109,INF769K01ON4,SELECTIPO,EQ,,,,,MIRAEAMC - SELECTIPO,49.31,49.32,49.01,49.14,49.01,49.31,,49.14,,,58426,2873627.33,103,F1,1,,,,,
2026-08-28,2026-08-28,CM,NSE,STK,8998,INE398B01018,UMIYA-MRO,EQ,,,,,UMIYA BUILDCON LIMITED,88.63,96.0,88.16,94.64,94.95,88.68,,94.64,,,58425,5527506.63,517,F1,1,,,,,
2026-08-28,2026-08-28,CM,NSE,STK,14924,INE740X01023,LAL,EQ,,,,,LORENZINI APPARELS LTD,8.95,10.29,8.8,9.06,9.14,8.98,,9.06,,,58396,534153.54,191,F1,1,,,,,
2026-08-28,2026-08-28,CM,NSE,STK,2492,INE01II01013,SILGO,EQ,,,,,SILGO RETAIL LIMITED,74.16,76.0,73.7,75.63,74.8,74.03,,75.63,,,58311,4387790.95,632,F1,1,,,,,
2026-08-28,2026-08-28,CM,NSE,STK,764285,INF666M01PH7,CEMNTGROWW,EQ,,,,,GROWWAMC - CEMNTGROWW,15.04,15.13,14.72,14.87,14.88,14.97,,14.87,,,56947,845167.15,562,F1,1,,,,,
2026-08-28,2026-08-28,CM,NSE,STK,8182,INF247L01BK2,MOMOMENTUM,EQ,,,,,MOTILALAMC - MOMOMENTUM,63.78,63.8,63.32,63.5,63.42,63.58,,63.5,,,56728,3604935.37,400,F1,1,,,,,
2026-08-28,2026-08-28,CM,NSE,STK,1720,INE364A01020,JAYSREETEA,EQ,,,,,JAYSHREE TEA & INDUSTRIES,100.05,101.8,98.15,98.84,98.98,100.1,,98.85,,,56082,5609193.03,816,F1,1,,,,,
2026-08-28,2026-08-28,CM,NSE,STK,1110,INE688Y01022,DANGEE,EQ,,,,,DANGEE DUMS LIMITED,2.92,2.92,2.79,2.86,2.84,2.87,,2.86,,,56001,159846.15,131,F1,1,,,,,
2026-08-28,2026-08-28,CM,NSE,STK,22846,INE486R01017,GPTHEALTH,EQ,,,,,GPT HEALTHCARE LIMITED,151.4,153.7,150.49,151.72,150.5,151.39,,151.72,,,55986,8492810.64,1395,F1,1,,,,,
2026-08-28,2026-08-28,CM,NSE,STK,20556,INE922K01024,INDIASHLTR,EQ,,,,,INDIA SHELTER FIN CORP L,653.7,653.7,646.1,649.85,650.5,650.3,,649.85,,,55916,36310675.5,7659,F1,1,,,,,
2026-08-28,2026-08-28,CM,NSE,STK,13880,INE213C01025,BANCOINDIA,EQ,,,,,BANCO PRODUCTS (I) LTD,624.3,630.5,619.0,624.4,626.3,623.65,,624.36,,,55866,34950079.8,4639,F1,1,,,,,
2026-08-28,2026-08-28,CM,NSE,STK,30134,INE0I0M01023,PRABHA,EQ,,,,,PRABHA ENERGY LIMITED,208.52,211.3,203.49,207.77,210.95,206.86,,207.76,,,55823,11545844.15,591,F1,1,,,,,
2026-08-28,2026-08-28,CM,NSE,STK,14745,INE199C01026,ADVANIHOTR,EQ,,,,,ADVANI HOT.& RES.(I) LTD,50.7,53.14,49.5,50.01,50.0,49.92,,49.9,,,55736,2824589.47,537,F1,1,,,,,
2026-08-28,2026-08-28,CM,NSE,STK,3345,INE387A01021,SUNDRMFAST,EQ,,,,,SUNDRAM FASTENERS LTD,1225.0,1225.0,1196.65,1200.0,1202.5,1216.2,,1199.97,,,55523,67034065.95,5545,F1,1,,,,,
2026-08-28,2026-08-28,CM,NSE,STK,4391,INE635Q01029,GULFOILLUB,EQ,,,,,GULF OIL LUB. IND. LTD.,1154.3,1154.6,1136.6,1143.9,1143.4,1154.3,,1143.89,,,55037,63062659.7,8985,F1,1,,,,,
2026-08-28,2026-08-28,CM,NSE,STK,15555,INE075I01017,HCG,EQ,,,,,HEALTHCARE GLOB. ENT. LTD,703.95,704.9,693.55,696.3,694.6,699.95,,696.28,,,54966,38478791.75,8646,F1,1,,,,,
2026-08-28,2026-08-28,CM,NSE,STK,6944,INE845D01014,GANECOS,EQ,,,,,GANESHA ECOSPHERE LIMITED,1030.0,1035.4,1015.1,1019.3,1018.7,1029.2,,1019.24,,,54854,56346830.0,4731,F1,1,,,,,
2026-08-28,2026-08-28,CM,NSE,STK,758558,INE227J01012,KALPATARU,EQ,,,,,KALPATARU LIMITED,275.0,279.8,274.0,276.45,276.0,274.15,,276.48,,,54833,15161764.65,861,F1,1,,,,,
2026-08-28,2026-08-28,CM,NSE,STK,17851,INE250K01012,DLINKINDIA,EQ,,,,,D-LINK INDIA LTD,439.3,448.9,438.0,443.25,443.2,438.0,,443.25,,,54705,24236350.35,2234,F1,1,,,,,
2026-08-28,2026-08-28,CM,NSE,STK,29256,INE0R4L01018,DENTA,EQ,,,,,DENTA WATER N INFRA SOL L,285.1,287.1,282.2,283.75,284.1,284.5,,283.75,,,54630,15535328.8,1843,F1,1,,,,,
2026-08-28,2026-08-28,CM,NSE,STK,11423,INE365B01017,DATAMATICS,EQ,,,,,DATAMATICS GLOBAL SER LTD,790.8,809.15,787.65,791.9,788.65,790.8,,791.9,,,54584,43522282.65,3358,F1,1,,,,,
2026-08-28,2026-08-28,CM,NSE,STK,15204,INE298I01015,ARIES,EQ,,,,,ARIES AGRO LTD.,492.8,497.6,465.3,484.3,482.2,490.65,,484.33,,,54489,26451948.45,2404,F1,1,,,,,
2026-08-28,2026-08-28,CM,NSE,STK,23740,INE673O01025,TBOTEK,EQ,,,,,TBO TEK LIMITED,1680.0,1717.5,1659.2,1682.7,1684.0,1696.6,,1682.63,,,54341,91532006.2,7773,F1,1,,,,,
2026-08-28,2026-08-28,CM,NSE,STK,758572,INE0V3U01015,GLOBECIVIL,EQ,,,,,GLOBE CIVIL PROJECTS LTD,46.08,46.48,45.5,45.58,45.98,45.73,,45.59,,,54328,2488817.37,819,F1,1,,,,,
2026-08-28,2026-08-28,CM,NSE,STK,24226,INE01A001028,STANLEY,EQ,,,,,STANLEY LIFESTYLES LTD,138.98,139.19,137.22,137.39,137.24,137.98,,137.42,,,54306,7482650.12,1340,F1,1,,,,,
2026-08-28,2026-08-28,CM,NSE,STK,757545,INE103V01028,TRAVELFOOD,EQ,,,,,TRAVEL FOOD SERVICES LTD,1333.0,1336.6,1290.0,1297.7,1300.0,1333.9,,1297.69,,,54197,70828928.0,6163,F1,1,,,,,
2026-08-28,2026-08-28,CM,NSE,STK,9039,INE527H01019,UFO,EQ,,,,,UFO MOVIEZ INDIA LTD.,66.27,69.6,64.55,66.49,66.99,65.54,,66.49,,,54139,3601685.93,979,F1,1,,,,,
2026-08-28,2026-08-28,CM,NSE,STK,2107,INE00IN01015,STOVEKRAFT,EQ,,,,,STOVE KRAFT LIMITED,815.0,815.0,790.8,797.5,799.5,809.05,,797.49,,,54115,43245061.75,3916,F1,1,,,,,
2026-08-28,2026-08-28,CM,NSE,STK,15840,INE262Z01023,LATTEYS,EQ,,,,,LATTEYS INDUSTRIES LTD,22.99,23.39,22.03,22.19,22.24,22.2,,22.19,,,54079,1204741.03,229,F1,1,,,,,
2026-08-28,2026-08-28,CM,NSE,STK,7627,INE879A01019,SHREERAMA,EQ,,,,,SHREE RAMA MULTI TECH LTD,44.17,44.29,42.76,42.89,42.92,43.1,,42.89,,,54007,2337151.67,554,F1,1,,,,,
2026-08-28,2026-08-28,CM,NSE,STK,10690,INF209KB15K4,NIFTYQLITY,EQ,,,,,BIRLASLAMC - NIFTYQLITY,21.54,21.68,21.43,21.55,21.68,21.5,,21.55,,,53666,1157069.02,154,F1,1,,,,,
2026-08-28,2026-08-28,CM,NSE,STK,11427,INE155G01029,NDTV,EQ,,,,,NDTV LTD,74.33,74.76,73.06,73.77,73.07,74.2,,73.77,,,53358,3947860.61,879,F1,1,,,,,
2026-08-28,2026-08-28,CM,NSE,STK,11787,INE705X01026,GOYALALUM,EQ,,,,,GOYAL ALUMINIUMS LIMITED,6.32,6.55,6.25,6.27,6.33,6.33,,6.27,,,53164,334669.91,269,F1,1,,,,,
2026-08-28,2026-08-28,CM,NSE,STK,4822,INE021O01019,DODLA,EQ,,,,,DODLA DAIRY LIMITED,1090.4,1110.9,1075.2,1093.4,1105.1,1090.5,,1093.35,,,53044,57363461.5,3763,F1,1,,,,,
2026-08-28,2026-08-28,CM,NSE,STK,1672,INE926X01010,HGINFRA,EQ,,,,,H.G.INFRA ENGINEERING LTD,502.0,504.15,495.1,496.5,497.7,502.15,,496.48,,,52973,26387749.0,2547,F1,1,,,,,
2026-08-28,2026-08-28,CM,NSE,STK,762603,INE525F01025,BLIL,EQ,,,,,BALMER LAWRIE INVSTS. L,72.3,72.43,71.95,72.14,72.18,72.19,,72.14,,,52904,3813139.35,811,F1,1,,,,,
2026-08-28,2026-08-28,CM,NSE,STK,9158,INE794B01026,BALAJITELE,EQ,,,,,BALAJI TELEFILMS LIMITED.,93.96,95.0,93.3,94.05,94.9,93.54,,94.03,,,52835,4967972.85,849,F1,1,,,,,
2026-08-28,2026-08-28,CM,NSE,STK,10932,INE874F01027,RADAAN,EQ,,,,,RADAAN MEDIAWORKS (I) LTD,3.01,3.14,2.9,3.12,3.14,3.01,,3.12,,,52812,162198.65,105,F1,1,,,,,
2026-08-28,2026-08-28,CM,NSE,STK,919,INE230A01023,EIHOTEL,EQ,,,,,EIH LIMITED,302.15,302.15,296.35,297.8,297.95,300.05,,297.82,,,52017,15549895.05,3114,F1,1,,,,,
2026-08-28,2026-08-28,CM,NSE,STK,8654,INF247L01BL0,MOLOWVOL,EQ,,,,,MOTILALAMC - MOLOWVOL,36.58,37.5,36.3,36.61,36.63,36.62,,36.68,,,51935,1889791.66,75,F1,1,,,,,
2026-08-28,2026-08-28,CM,NSE,STK,6803,INE124E01038,STEELCAS,EQ,,,,,STEELCAST LIMITED,338.0,349.0,338.0,342.3,343.0,339.85,,342.28,,,51899,17762932.3,1705,F1,1,,,,,
2026-08-28,2026-08-28,CM,NSE,STK,5265,INE03Q201024,ALIVUS,EQ,,,,,ALIVUS LIFE SCIENCES LTD,1358.2,1375.9,1338.2,1350.2,1359.0,1358.2,,1350.23,,,51812,69985301.0,6400,F1,1,,,,,
2026-08-28,2026-08-28,CM,NSE,STK,13175,INE229H01012,NITINSPIN,EQ,,,,,NITIN SPINNERS LIMITED,621.7,629.9,612.6,626.4,621.1,620.45,,626.29,,,51698,32144704.4,3178,F1,1,,,,,
2026-08-28,2026-08-28,CM,NSE,STK,16683,INE927C01020,DIGISPICE,EQ,,,,,DIGISPICE TECHNOLOGIES LT,16.99,17.72,16.91,17.07,17.0,16.99,,17.07,,,51653,889530.04,248,F1,1,,,,,
2026-08-28,2026-08-28,CM,NSE,STK,20854,INE330T01021,HAPPYFORGE,EQ,,,,,HAPPY FORGINGS LIMITED,2272.0,2311.0,2260.1,2307.0,2310.0,2250.8,,2306.99,,,51595,118250310.8,6987,F1,1,,,,,
2026-08-28,2026-08-28,CM,NSE,STK,24378,INE375Y01018,RELIABLE,EQ,,,,,RELIABLE DATA SERVICE LTD,142.5,143.0,137.86,139.75,143.0,138.94,,139.75,,,51546,7210056.12,605,F1,1,,,,,
2026-08-28,2026-08-28,CM,NSE,STK,255,INE368I01016,NIRAJ,EQ,,,,,NIRAJ CEMENT STRUC LTD,29.14,29.75,28.5,29.35,29.3,28.57,,29.36,,,51519,1516106.33,219,F1,1,,,,,
2026-08-28,2026-08-28,CM,NSE,STK,5382,INE071N01016,EPIGRAL,EQ,,,,,EPIGRAL LIMITED,1206.4,1241.0,1204.0,1232.8,1235.0,1206.4,,1232.76,,,51366,62905190.7,5833,F1,1,,,,,
2026-08-28,2026-08-28,CM,NSE,STK,760125,INE0HF201011,FABTECH,EQ,,,,,FABTECH TECHNOLOGIES LTD,146.24,148.99,146.0,147.56,148.04,146.97,,147.55,,,51330,7566290.19,673,F1,1,,,,,
2026-08-28,2026-08-28,CM,NSE,STK,764471,INE0MGM01017,ANNAPURNA,EQ,,,,,ANNAPURNA SWADISHT LTD,150.9,153.2,143.5,144.65,143.7,146.4,,144.65,,,51186,7548971.9,612,F1,1,,,,,
2026-08-28,2026-08-28,CM,NSE,STK,3694,INE707A01012,VINDHYATEL,EQ,,,,,VINDHYA TELELINKS LTD,2530.0,2595.0,2525.0,2585.5,2591.0,2530.5,,2585.7,,,51176,131359717.6,6188,F1,1,,,,,
2026-08-28,2026-08-28,CM,NSE,STK,11226,INE116D01028,BAGFILMS,EQ,,,,,B.A.G FILMS AND MEDIA LTD,4.49,4.49,4.34,4.42,4.44,4.44,,4.42,,,51030,225253.6,146,F1,1,,,,,
2026-08-28,2026-08-28,CM,NSE,STK,17263,INE109C01017,ARMANFIN,EQ,,,,,ARMAN FIN SERV LTD,1966.0,2045.0,1959.4,2034.2,2035.0,1967.1,,2034.18,,,50932,102170524.0,4724,F1,1,,,,,
2026-08-28,2026-08-28,CM,NSE,STK,3980,INE107A01015,TNPL,EQ,,,,,TAMILNADU NEWSPRT & PAPER,140.12,141.79,139.65,141.22,141.3,139.91,,141.22,,,50860,7157033.88,1106,F1,1,,,,,
2026-08-28,2026-08-28,CM,NSE,STK,760896,INE0OU201013,DCMSIL,EQ,,,,,DCM SHRIRAM INTERNATNL L,73.35,75.67,72.81,73.49,74.68,73.26,,73.49,,,50800,3789059.34,304,F1,1,,,,,
2026-08-28,2026-08-28,CM,NSE,STK,759461,INE06XZ01023,GEMAROMA,EQ,,,,,GEM AROMATICS LIMITED,170.83,174.49,168.0,168.75,169.27,170.83,,168.75,,,50771,8592287.63,922,F1,1,,,,,
2026-08-28,2026-08-28,CM,NSE,STK,2998,INE018401013,SUVIDHAA,EQ,,,,,SUVIDHAA INFOSERVE LTD,2.28,2.31,2.26,2.29,2.3,2.28,,2.29,,,50677,116066.96,130,F1,1,,,,,
2026-08-28,2026-08-28,CM,NSE,STK,18431,INE412U01025,BIGBLOC,EQ,,,,,BIGBLOC CONSTRUCTION LTD,42.9,43.27,41.95,42.33,42.67,42.67,,42.26,,,50587,2137395.45,575,F1,1,,,,,
2026-08-28,2026-08-28,CM,NSE,STK,31017,INE480M01011,THOMASCOTT,EQ,,,,,THOMAS SCOTT (INDIA) LTD,279.9,285.0,270.0,277.25,276.35,279.6,,277.41,,,50583,13851765.8,1753,F1,1,,,,,
2026-08-28,2026-08-28,CM,NSE,STK,759752,INE0L0L01012,MODIS,EQ,,,,,MODIS NAVNIRMAN LTD,379.8,383.5,375.6,377.45,383.5,379.7,,377.46,,,50349,19037445.8,1493,F1,1,,,,,
2026-08-28,2026-08-28,CM,NSE,STK,1415,INE291W01037,GLOBAL,EQ,,,,,GLOBAL EDUCATION LIMITED,110.99,110.99,108.3,108.99,108.3,110.98,,108.99,,,50333,5499727.05,632,F1,1,,,,,
2026-08-28,2026-08-28,CM,NSE,STK,11275,INE038F01029,TVTODAY,EQ,,,,,TV TODAY NETWORK LTD,112.1,114.7,111.13,112.04,111.5,113.13,,112.04,,,50189,5646531.05,1987,F1,1,,,,,
2026-08-28,2026-08-28,CM,NSE,STK,527,INE094J01016,UTIAMC,EQ,,,,,UTI ASSET MNGMT CO LTD,890.7,896.45,886.15,887.7,887.9,890.7,,887.71,,,50141,44668411.7,7116,F1,1,,,,,
2026-08-28,2026-08-28,CM,NSE,STK,762346,INE655V01019,RMC,EQ,,,,,RMC SWITCHGEARS LIMITED,250.4,256.95,243.65,246.45,246.0,249.45,,246.49,,,50140,12432187.1,2161,F1,1,,,,,
2026-08-28,2026-08-28,CM,NSE,STK,765035,INE566M01017,AZADIND,EQ,,,,,AZAD INDIA MOBILITY LTD.,96.8,98.99,89.13,93.5,90.0,96.8,,93.49,,,49897,4562542.23,686,F1,1,,,,,
2026-08-28,2026-08-28,CM,NSE,STK,14567,INE243D01012,BFUTILITIE,EQ,,,,,BF UTILITIES LIMITED,502.55,514.9,500.0,510.25,510.8,502.55,,510.25,,,49622,25221453.35,2960,F1,1,,,,,
2026-08-28,2026-08-28,CM,NSE,STK,760116,INE0TQE01026,GLOTTIS,EQ,,,,,GLOTTIS LIMITED,64.34,65.03,64.25,64.27,64.26,64.66,,64.27,,,49445,3181516.35,506,F1,1,,,,,
2026-08-28,2026-08-28,CM,NSE,STK,16795,INE877I01016,ARCHIDPLY,EQ,,,,,ARCHIDPLY IND. LTD,103.06,108.4,99.01,105.23,105.44,103.04,,105.34,,,49263,5144662.84,1148,F1,1,,,,,
2026-08-28,2026-08-28,CM,NSE,STK,27171,INE704B01017,RACLGEAR,EQ,,,,,RACL GEARTECH LIMITED,1528.8,1562.0,1503.1,1538.6,1549.1,1528.8,,1538.5,,,49159,75640382.2,5188,F1,1,,,,,
2026-08-28,2026-08-28,CM,NSE,STK,30023,INE951D01028,ATULAUTO,EQ,,,,,ATUL AUTO LIMITED,482.1,485.8,479.05,483.35,483.2,481.15,,483.33,,,49107,23669690.4,1719,F1,1,,,,,
2026-08-28,2026-08-28,CM,NSE,STK,17186,INE526E01018,SHRIPISTON,EQ,,,,,SPR AUTO TECHNOLOGIES LTD,4500.0,4613.8,4444.2,4572.2,4569.0,4498.4,,4572.4,,,49040,222497297.3,10948,F1,1,,,,,
2026-08-28,2026-08-28,CM,NSE,STK,4934,INE0D6701023,IPL,EQ,,,,,INDIA PESTICIDES LIMITED,138.1,140.05,138.1,139.0,139.3,137.79,,139.05,,,48826,6789524.68,1388,F1,1,,,,,
2026-08-28,2026-08-28,CM,NSE,STK,1011,INE513A01022,SCHAEFFLER,EQ,,,,,SCHAEFFLER INDIA LIMITED,4051.1,4081.0,4015.0,4033.4,4030.0,4051.1,,4033.08,,,48578,195990943.7,14727,F1,1,,,,,
2026-08-28,2026-08-28,CM,NSE,STK,742,INE757A01017,COSMOFIRST,EQ,,,,,COSMO FIRST LIMITED,942.05,949.0,931.45,938.35,940.0,942.05,,938.32,,,48392,45503017.3,3010,F1,1,,,,,
2026-08-28,2026-08-28,CM,NSE,STK,1782,INE694E01014,KANPRPLA,EQ,,,,,KANPUR PLASTIPACK LIMITED,271.39,275.0,261.36,272.32,274.85,268.49,,272.32,,,48314,13017537.3,1371,F1,1,,,,,
2026-08-28,2026-08-28,CM,NSE,STK,13451,INE703B01027,RATNAMANI,EQ,,,,,RATNAMANI MET & TUB LTD.,2650.0,2685.3,2588.0,2611.1,2608.9,2654.8,,2611.17,,,48237,127318455.0,12093,F1,1,,,,,
2026-08-28,2026-08-28,CM,NSE,STK,18564,INE010V01017,LTTS,EQ,,,,,L&T TECHNOLOGY SER. LTD.,3545.0,3603.0,3544.6,3568.7,3557.3,3537.9,,3568.81,,,48168,171914395.5,8774,F1,1,,,,,
2026-08-28,2026-08-28,CM,NSE,STK,10508,INF247L01BB1,MOHEALTH,EQ,,,,,MOTILALAMC - MOHEALTH,51.99,52.51,51.34,52.45,52.5,51.83,,52.45,,,47802,2495157.26,488,F1,1,,,,,
2026-08-28,2026-08-28,CM,NSE,STK,10511,INF789F1AZC0,NIFTYBETA,EQ,,,,,UTIAMC-NIFTYBETA,274.97,274.97,267.42,268.24,268.25,268.27,,268.24,,,47612,12776012.04,549,F1,1,,,,,
2026-08-28,2026-08-28,CM,NSE,STK,3906,INE475E01026,CAPLIPOINT,EQ,,,,,CAPLIN POINT LAB LTD.,2553.3,2597.9,2510.0,2517.2,2523.8,2540.7,,2517.07,,,47400,120639459.5,7440,F1,1,,,,,
2026-08-28,2026-08-28,CM,NSE,STK,18139,INE920A01037,DOLPHIN,EQ,,,,,DOLPHIN OFF ENT (IND) L,628.2,640.0,605.35,612.55,611.1,628.2,,612.81,,,47390,29538371.0,1875,F1,1,,,,,
2026-08-28,2026-08-28,CM,NSE,STK,11580,INE274F01020,WESTLIFE,EQ,,,,,WESTLIFE FOODWORLD LTD,567.8,569.7,552.95,555.75,555.85,563.25,,555.75,,,47269,26391314.6,3532,F1,1,,,,,
2026-08-28,2026-08-28,CM,NSE,STK,765160,INE555C01029,SHIVACEM,EQ,,,,,SHIVA CEMENT LTD.,16.55,16.93,16.25,16.61,16.63,16.55,,16.54,,,47261,779183.72,162,F1,1,,,,,
2026-08-28,2026-08-28,CM,NSE,STK,6964,INE0BJS01011,GOCOLORS,EQ,,,,,GO FASHION INDIA LTD,334.5,341.55,334.0,335.65,335.0,334.5,,335.64,,,47026,15865899.1,1570,F1,1,,,,,
2026-08-28,2026-08-28,CM,NSE,STK,15883,INE05AN01011,HINDWAREAP,EQ,,,,,HINDWARE HME INOVATON LTD,191.94,195.59,191.25,191.61,192.2,190.84,,191.61,,,46887,9032253.06,1690,F1,1,,,,,
2026-08-28,2026-08-28,CM,NSE,STK,10922,INE090B01011,OMAXAUTO,EQ,,,,,OMAX AUTOS LTD,188.93,192.4,186.0,188.72,189.0,191.23,,188.72,,,46687,8851083.28,1163,F1,1,,,,,
2026-08-28,2026-08-28,CM,NSE,STK,13381,INE401H01017,KKCL,EQ,,,,,KEWAL KIRAN CLOTHING LTD,501.05,508.3,492.5,507.05,507.0,498.2,,507.05,,,46684,23485376.8,1594,F1,1,,,,,
2026-08-28,2026-08-28,CM,NSE,STK,3339,INE660A01013,SUNDARMFIN,EQ,,,,,SUNDARAM FINANCE LTD,4636.9,4646.9,4545.5,4574.4,4582.6,4636.9,,4574.23,,,46286,211950275.7,9390,F1,1,,,,,
2026-08-28,2026-08-28,CM,NSE,STK,15124,INE094I01018,KOLTEPATIL,EQ,,,,,KOLTE PATIL DEV. LTD.,450.0,452.85,443.5,448.2,446.0,447.95,,448.23,,,46188,20703866.8,2119,F1,1,,,,,
2026-08-28,2026-08-28,CM,NSE,STK,206,INE440A01010,ASHIMASYN,EQ,,,,,ASHIMA LTD,18.87,19.6,18.5,18.83,18.92,18.87,,18.79,,,46088,866598.75,291,F1,1,,,,,
2026-08-28,2026-08-28,CM,NSE,STK,714,INE597J01018,SHALBY,EQ,,,,,SHALBY LIMITED,155.43,157.2,152.5,154.65,154.6,154.33,,154.65,,,45656,7069706.32,1527,F1,1,,,,,
2026-08-28,2026-08-28,CM,NSE,STK,18029,INE912H01013,MBLINFRA,EQ,,,,,MBL INFRASTRUCTURE LTD,22.5,23.75,22.0,23.27,23.4,22.62,,23.2,,,45515,1041947.56,182,F1,1,,,,,
2026-08-28,2026-08-28,CM,NSE,STK,762518,INE994E01018,3BBLACKBIO,EQ,,,,,3B BLACKBIO DX LTD.,1362.0,1463.0,1362.0,1441.2,1440.1,1350.3,,1440.81,,,45446,64328466.0,3114,F1,1,,,,,
2026-08-28,2026-08-28,CM,NSE,STK,10473,INE211R01019,POWERMECH,EQ,,,,,POWER MECH PROJECTS LTD.,2547.4,2586.0,2546.2,2580.6,2579.0,2547.4,,2580.58,,,45314,116251084.9,6007,F1,1,,,,,
2026-08-28,2026-08-28,CM,NSE,STK,13710,INE737H01014,FIEMIND,EQ,,,,,FIEM INDUSTRIES LIMITED,2070.8,2102.8,2067.2,2087.7,2086.5,2067.2,,2087.75,,,45157,94119144.6,7001,F1,1,,,,,
2026-08-28,2026-08-28,CM,NSE,STK,13982,INE039O01029,JASH,EQ,,,,,JASH ENGINEERING LIMITED,488.0,488.0,477.1,478.3,478.9,484.65,,478.35,,,44964,21568575.7,3210,F1,1,,,,,
2026-08-28,2026-08-28,CM,NSE,STK,1797,INE01BK01022,AWHCL,EQ,,,,,ANTONY WASTE HDG CELL LTD,391.0,391.0,385.05,387.3,385.65,389.2,,387.28,,,44715,17350148.35,2341,F1,1,,,,,
2026-08-28,2026-08-28,CM,NSE,STK,764920,INE252A01019,SPELS,EQ,,,,,SPEL SEMICONDUCTOR LTD,155.39,156.6,150.0,150.77,151.9,152.01,,150.81,,,44406,6776222.29,1295,F1,1,,,,,
2026-08-28,2026-08-28,CM,NSE,STK,19,INE189B01011,STYRENIX,EQ,,,,,STYRENIX PERFORMANCE LTD,2027.3,2065.3,2009.3,2020.8,2017.0,2018.2,,2020.79,,,44371,90166067.1,4074,F1,1,,,,,
2026-08-28,2026-08-28,CM,NSE,STK,19126,INE880L01014,KIOCL,EQ,,,,,KIOCL LIMITED,384.0,389.15,382.35,386.55,388.3,382.8,,386.58,,,44120,17024209.45,1836,F1,1,,,,,
2026-08-28,2026-08-28,CM,NSE,STK,760415,INF769K01PZ5,TOP20,EQ,,,,,MIRAEAMC - TOP20,8.95,9.01,8.95,8.98,9.0,8.95,,8.98,,,44084,396146.08,115,F1,1,,,,,
2026-08-28,2026-08-28,CM,NSE,STK,29098,INE0HR601026,DDEVPLSTIK,EQ,,,,,DDEV PLASTIKS IND LTD,278.7,281.85,277.0,279.05,278.6,278.7,,279.04,,,44046,12247276.95,1299,F1,1,,,,,
2026-08-28,2026-08-28,CM,NSE,STK,5501,INE384C01016,YUKEN,EQ,,,,,YUKEN INDIA LIMITED,937.25,1004.4,930.25,993.4,1000.0,928.7,,993.44,,,43929,43243863.0,2616,F1,1,,,,,
2026-08-28,2026-08-28,CM,NSE,STK,13794,INE020D01022,BAIDFIN,EQ,,,,,BAID FINSERV LIMITED,9.86,9.86,9.53,9.74,9.75,9.76,,9.74,,,43620,423306.62,156,F1,1,,,,,
2026-08-28,2026-08-28,CM,NSE,STK,10350,INE718F01018,CSLFINANCE,EQ,,,,,CSL FINANCE LIMITED,230.0,236.0,228.0,230.92,229.99,226.87,,230.42,,,43515,10029030.18,403,F1,1,,,,,
2026-08-28,2026-08-28,CM,NSE,STK,12384,INE518E01015,ZIMLAB,EQ,,,,,ZIM LABORATORIES LIMITED,122.21,126.99,122.2,125.46,125.5,125.21,,125.46,,,43488,5430558.62,1101,F1,1,,,,,
2026-08-28,2026-08-28,CM,NSE,STK,5359,INE08LI01020,KRSNAA,EQ,,,,,KRSNAA DIAGNOSTICS LTD,558.5,569.4,555.4,564.05,566.3,557.7,,564.0,,,43292,24432605.35,9486,F1,1,,,,,
2026-08-28,2026-08-28,CM,NSE,STK,13598,INE818A01017,ANTELOPUS,EQ,,,,,ANTELOPUS SELAN ENRGY LTD,781.2,794.15,777.85,787.3,782.1,781.2,,787.25,,,43078,33812910.55,2545,F1,1,,,,,
2026-08-28,2026-08-28,CM,NSE,STK,24196,INE694D01016,VADILALIND,EQ,,,,,VADILAL INDUSTRIES LTD,7410.0,8020.0,7385.0,7900.0,7880.0,7444.5,,7900.07,,,43027,335742503.0,11527,F1,1,,,,,
2026-08-28,2026-08-28,CM,NSE,STK,5938,INE950M01013,MONTECARLO,EQ,,,,,MONTE CARLO FASHIONS LTD.,532.05,543.8,528.95,539.55,543.8,528.4,,539.54,,,43022,23071207.2,1637,F1,1,,,,,
2026-08-28,2026-08-28,CM,NSE,STK,4487,INE150B01039,ALKYLAMINE,EQ,,,,,ALKYL AMINES CHEM. LTD,2054.2,2086.2,2041.1,2047.9,2050.0,2045.0,,2047.73,,,43006,88688727.2,6393,F1,1,,,,,
2026-08-28,2026-08-28,CM,NSE,STK,17576,INF740KA1TA7,PVTBANKADD,EQ,,,,,DSPAMC - DSPPVBKETF,28.19,28.29,28.06,28.15,28.06,28.28,,28.15,,,42848,1205986.65,109,F1,1,,,,,
2026-08-28,2026-08-28,CM,NSE,STK,23043,INE0NQ801033,RKSWAMY,EQ,,,,,R K SWAMY LIMITED,94.06,95.21,92.9,93.82,94.5,94.01,,93.83,,,42695,3988185.81,874,F1,1,,,,,
2026-08-28,2026-08-28,CM,NSE,STK,13826,INE671H01015,SOBHA,EQ,,,,,SOBHA LIMITED,1283.2,1283.2,1265.3,1270.2,1268.1,1273.9,,1270.2,,,42616,54309698.9,5824,F1,1,,,,,
2026-08-28,2026-08-28,CM,NSE,STK,2048,INE09VQ01012,INDIGOPNTS,EQ,,,,,INDIGO PAINTS LIMITED,1175.5,1176.9,1145.0,1151.8,1151.0,1170.2,,1151.8,,,42514,49100875.3,6696,F1,1,,,,,
2026-08-28,2026-08-28,CM,NSE,STK,24969,INE052A01021,WINDMACHIN,EQ,,,,,WINDSOR MACHINES LIMITED,304.55,308.9,300.0,301.9,301.15,303.95,,301.9,,,42122,12743069.6,1520,F1,1,,,,,
2026-08-28,2026-08-28,CM,NSE,STK,10588,INE712K01011,SHREEPUSHK,EQ,,,,,SHRE PUSH CHEM & FERT LTD,455.4,455.85,449.5,451.4,453.0,452.25,,451.39,,,42110,19009184.55,2199,F1,1,,,,,
2026-08-28,2026-08-28,CM,NSE,STK,3807,INE505Y01010,VINEETLAB,EQ,,,,,VINEET LABORATORIES LTD,40.0,40.0,38.13,38.68,39.25,39.01,,38.67,,,41952,1621187.95,590,F1,1,,,,,
2026-08-28,2026-08-28,CM,NSE,STK,20874,INE0PEQ01016,RBZJEWEL,EQ,,,,,RBZ JEWELLERS LIMITED,145.01,147.26,145.01,146.2,147.12,146.46,,146.19,,,41946,6128431.0,1125,F1,1,,,,,
2026-08-28,2026-08-28,CM,NSE,STK,21062,INE0DUT01020,INNOVACAP,EQ,,,,,INNOVA CAPTAB LIMITED,1021.55,1060.0,1016.2,1055.1,1057.0,1021.55,,1055.1,,,41828,43844394.95,6125,F1,1,,,,,
2026-08-28,2026-08-28,CM,NSE,STK,24265,INE778B01029,ESTER,EQ,,,,,ESTER INDUSTRIES LTD,93.14,94.47,93.01,93.73,93.9,93.0,,93.73,,,41734,3909713.2,795,F1,1,,,,,
2026-08-28,2026-08-28,CM,NSE,STK,18049,INE110B01017,MINDTECK,EQ,,,,,MINDTECK (INDIA) LIMITED,172.4,179.4,172.0,176.4,179.4,172.4,,176.28,,,41663,7287871.86,971,F1,1,,,,,
2026-08-28,2026-08-28,CM,NSE,STK,17881,INE950I01011,DBCORP,EQ,,,,,D.B.CORP LTD,206.0,206.0,201.92,202.57,202.51,205.17,,202.57,,,41206,8361735.17,1341,F1,1,,,,,
2026-08-28,2026-08-28,CM,NSE,STK,11255,INF179KC1DL6,HDFCQUAL,EQ,,,,,HDFCAMC - HDFCQUAL,57.98,59.74,57.98,59.26,59.6,59.09,,59.26,,,41122,2438656.12,81,F1,1,,,,,
2026-08-28,2026-08-28,CM,NSE,STK,3329,INE858B01029,ISGEC,EQ,,,,,ISGEC HEAVY ENG LTD,775.0,791.0,774.6,789.05,788.0,780.4,,789.0,,,41044,32188265.85,3685,F1,1,,,,,
2026-08-28,2026-08-28,CM,NSE,STK,11325,INE304A01026,MUKANDLTD,EQ,,,,,MUKAND LTD.,136.01,138.0,135.5,137.27,137.64,136.26,,137.27,,,41044,5613791.09,706,F1,1,,,,,
2026-08-28,2026-08-28,CM,NSE,STK,19015,INE0KNT01012,MVGJL,EQ,,,,,MANOJ VAIBHAV GEM N JEW L,153.0,157.2,153.0,154.84,154.99,153.77,,154.99,,,40954,6339107.21,988,F1,1,,,,,
2026-08-28,2026-08-28,CM,NSE,STK,19877,INE919I01024,RADIOCITY,EQ,,,,,MUSIC BROADCAST LIMITED,6.6,6.87,6.45,6.56,6.6,6.57,,6.56,,,40611,266765.69,128,F1,1,,,,,
2026-08-28,2026-08-28,CM,NSE,STK,2183,INE202Z01029,TSFINV,EQ,,,,,TSF INVESTMENTS LIMITED,404.95,409.95,403.0,407.2,406.3,404.2,,407.2,,,40490,16450750.3,2189,F1,1,,,,,
2026-08-28,2026-08-28,CM,NSE,STK,4064,INE144D01012,CUBEXTUB,EQ,,,,,CUBEX TUBINGS LTD,78.29,78.46,76.5,77.41,77.0,76.43,,77.4,,,40364,3120707.51,1850,F1,1,,,,,
2026-08-28,2026-08-28,CM,NSE,STK,763753,INE0ZK601013,CSM,EQ,,,,,CSM TECHNOLOGIES LIMITED,97.2,98.0,96.61,97.4,97.5,97.14,,97.41,,,40209,3915177.64,808,F1,1,,,,,
2026-08-28,2026-08-28,CM,NSE,STK,8124,INE031B01049,AJANTPHARM,EQ,,,,,AJANTA PHARMA LIMITED,3584.9,3596.0,3541.6,3557.0,3566.0,3543.6,,3557.52,,,39913,141912880.6,12218,F1,1,,,,,
2026-08-28,2026-08-28,CM,NSE,STK,22656,INE0KGZ01021,SIGNPOST,EQ,,,,,SIGNPOST INDIA LIMITED,260.4,264.5,257.3,260.15,262.0,261.3,,260.13,,,39824,10393680.4,1252,F1,1,,,,,
2026-08-28,2026-08-28,CM,NSE,STK,1289,INE538A01037,GFLLIMITED,EQ,,,,,GFL LIMITED,55.8,55.8,53.83,54.28,54.4,54.92,,54.22,,,39595,2160221.56,812,F1,1,,,,,
2026-08-28,2026-08-28,CM,NSE,STK,3324,INE287B01021,SUBROS,EQ,,,,,SUBROS LIMITED,728.6,733.05,718.0,726.2,725.0,728.9,,726.16,,,39584,28730874.5,2355,F1,1,,,,,
2026-08-28,2026-08-28,CM,NSE,STK,11573,INE451A01017,FORCEMOT,EQ,,,,,FORCE MOTORS LIMITED,17355.0,17469.0,17280.0,17370.0,17370.0,17375.0,,17369.61,,,39573,686597950.0,11434,F1,1,,,,,
2026-08-28,2026-08-28,CM,NSE,STK,759256,INE965W01036,BMWVENTLTD,EQ,,,,,BMW VENTURES LIMITED,57.0,57.38,56.51,56.65,56.51,56.95,,56.65,,,39438,2247613.28,806,F1,1,,,,,
2026-08-28,2026-08-28,CM,NSE,STK,2289,INE461D01028,HLEGLAS,EQ,,,,,HLE GLASCOAT LIMITED,316.0,316.0,312.2,313.3,314.0,314.85,,313.3,,,39351,12335399.0,1368,F1,1,,,,,
2026-08-28,2026-08-28,CM,NSE,STK,760101,INE2J8701016,SKFINDUS,EQ,,,,,SKF IND (INDUSTRIAL) LTD,2912.6,2960.0,2888.4,2952.2,2959.6,2891.6,,2952.24,,,39141,114817747.3,8312,F1,1,,,,,
2026-08-28,2026-08-28,CM,NSE,STK,2406,INE794A01010,NEULANDLAB,EQ,,,,,NEULAND LAB LTD.,23500.0,23876.0,23100.0,23205.0,23206.0,23496.0,,23205.81,,,38996,912874122.0,15250,F1,1,,,,,
2026-08-28,2026-08-28,CM,NSE,STK,22592,INF740KA1ZG1,HEALTHADD,EQ,,,,,DSPAMC - HEALTHADD,16.95,16.98,16.85,16.91,16.9,16.87,,16.91,,,38715,654203.04,80,F1,1,,,,,
2026-08-28,2026-08-28,CM,NSE,STK,6006,INE377E01024,COASTCORP,EQ,,,,,COASTAL CORPORATION LTD,40.93,40.93,40.3,40.62,40.8,40.62,,40.62,,,38682,1570748.97,537,F1,1,,,,,
2026-08-28,2026-08-28,CM,NSE,STK,9354,INE586B01026,TAJGVK,EQ,,,,,TAJ GVK HOTELS & RESORTS,343.95,343.95,337.2,340.0,341.1,341.75,,339.99,,,38431,13061325.0,1827,F1,1,,,,,
2026-08-28,2026-08-28,CM,NSE,STK,3727,INE02AR01019,ANMOL,EQ,,,,,ANMOL INDIA LIMITED,10.07,10.18,10.0,10.05,10.0,9.99,,10.05,,,38369,385396.43,150,F1,1,,,,,
2026-08-28,2026-08-28,CM,NSE,STK,10661,INE838E01017,PONNIERODE,EQ,,,,,PONNIE SUGARS (ERODE) LTD,385.7,400.0,385.7,396.95,397.95,382.0,,397.0,,,38255,15066162.65,2618,F1,1,,,,,
2026-08-28,2026-08-28,CM,NSE,STK,760673,INF666M01NP5,GROWWCHEM,EQ,,,,,GROWWAMC - GROWWCHEM,30.56,30.78,30.14,30.35,30.42,30.4,,30.35,,,38114,1155480.35,282,F1,1,,,,,
2026-08-28,2026-08-28,CM,NSE,STK,6673,INE976E01023,FOODSIN,EQ,,,,,FOODS & INNS LIMITED,54.32,54.45,52.3,52.87,52.5,53.15,,52.88,,,37977,2023915.33,858,F1,1,,,,,
2026-08-28,2026-08-28,CM,NSE,STK,759439,INE0R8B01010,PATELRMART,EQ,,,,,PATEL RETAIL LIMITED,234.38,236.9,230.0,232.68,233.13,234.25,,232.71,,,37968,8872685.79,1334,F1,1,,,,,
2026-08-28,2026-08-28,CM,NSE,STK,11813,INE498B01024,SHOPERSTOP,EQ,,,,,SHOPPERS STOP LIMITED,374.7,385.85,372.85,382.85,381.25,374.85,,382.87,,,37738,14367433.3,2204,F1,1,,,,,
2026-08-28,2026-08-28,CM,NSE,STK,2645,INE03RS01027,DRCSYSTEMS,EQ,,,,,DRC SYSTEMS INDIA LIMITED,12.63,12.95,12.63,12.71,12.75,12.79,,12.7,,,37580,479212.34,193,F1,1,,,,,
2026-08-28,2026-08-28,CM,NSE,STK,763530,INF740KA1ZA4,FMCGADD,EQ,,,,,DSPAMC - FMCGADD,47.47,47.9,46.84,47.33,47.16,47.47,,47.33,,,37492,1762493.44,214,F1,1,,,,,
2026-08-28,2026-08-28,CM,NSE,STK,30155,INF846KA1119,VALUEAXIS,EQ,,,,,AXISAMC-VALUEAXIS,32.89,32.97,32.8,32.82,32.8,32.77,,32.82,,,37478,1232558.07,236,F1,1,,,,,
2026-08-28,2026-08-28,CM,NSE,STK,764905,INE311M01018,SHRADDHA,EQ,,,,,SHRADDHA PRIME PROJECTS L,150.27,165.99,149.27,162.9,160.15,151.27,,162.76,,,37275,5901541.22,580,F1,1,,,,,
2026-08-28,2026-08-28,CM,NSE,STK,13585,INE285H01022,ATLANTAA,EQ,,,,,ATLANTAA LIMITED,37.1,37.78,36.95,37.03,37.15,37.64,,37.03,,,37210,1382563.78,329,F1,1,,,,,
2026-08-28,2026-08-28,CM,NSE,STK,15266,INE576I01022,JKIL,EQ,,,,,JKUMAR INFR.LTD.,506.0,506.9,497.0,500.25,502.25,504.25,,500.25,,,37156,18599748.95,2307,F1,1,,,,,
2026-08-28,2026-08-28,CM,NSE,STK,530,INE110A01019,BPL,EQ,,,,,BPL LTD,52.0,52.01,49.3,50.43,50.39,51.79,,50.45,,,36901,1883118.98,577,F1,1,,,,,
2026-08-28,2026-08-28,CM,NSE,STK,20160,INE068L01024,CANTABIL,EQ,,,,,CANTABIL RETAIL LTD,246.6,247.01,242.5,243.59,242.5,246.52,,243.59,,,36886,9012589.33,901,F1,1,,,,,
2026-08-28,2026-08-28,CM,NSE,STK,25134,INE0RE001014,GALAPREC,EQ,,,,,GALA PRECISION ENG LTD,1048.0,1049.9,1019.1,1034.2,1032.0,1039.8,,1034.24,,,36705,37804320.2,2711,F1,1,,,,,
2026-08-28,2026-08-28,CM,NSE,STK,16713,INE686F01025,UBL,EQ,,,,,UNITED BREWERIES LTD,1343.0,1345.2,1330.0,1334.1,1335.0,1346.6,,1334.25,,,36542,48821772.6,5923,F1,1,,,,,
2026-08-28,2026-08-28,CM,NSE,STK,14223,INE545H01011,TIIL,EQ,,,,,TECHNOCRAFT IND LTD,3336.0,3420.0,3259.8,3292.6,3295.0,3328.1,,3292.71,,,36436,121619880.5,5689,F1,1,,,,,
2026-08-28,2026-08-28,CM,NSE,STK,3387,INE294B01019,SMLMAH,EQ,,,,,SML MAHINDRA LIMITED,5242.0,5295.0,5171.0,5186.5,5185.0,5194.0,,5186.16,,,36373,189764059.5,6191,F1,1,,,,,
2026-08-28,2026-08-28,CM,NSE,STK,24014,INE02L001032,BOROSCI,EQ,,,,,BOROSIL SCIENTIFIC LTD,126.5,126.69,122.41,124.44,125.0,125.89,,124.44,,,36344,4542145.08,973,F1,1,,,,,
2026-08-28,2026-08-28,CM,NSE,STK,765075,INE299D01022,HAMPTON,EQ,,,,,HAMPTON SKY REALTY LTD.,8.83,8.83,8.0,8.03,8.14,8.3,,8.03,,,36275,294694.06,120,F1,1,,,,,
2026-08-28,2026-08-28,CM,NSE,STK,14771,INE924H01018,TARMAT,EQ,,,,,TARMAT LIMITED,60.99,60.99,57.05,58.37,59.0,59.93,,58.37,,,36222,2128168.98,641,F1,1,,,,,
2026-08-28,2026-08-28,CM,NSE,STK,8163,INE020801028,SPENCERS,EQ,,,,,SPENCER S RETAIL LIMITED,29.41,30.11,29.3,29.89,29.98,29.71,,29.87,,,36202,1072993.84,414,F1,1,,,,,
2026-08-28,2026-08-28,CM,NSE,STK,1879,INE482D01024,CARYSIL,EQ,,,,,CARYSIL LIMITED,1117.0,1130.0,1108.1,1112.8,1117.3,1116.3,,1113.11,,,36105,40281535.5,3872,F1,1,,,,,
2026-08-28,2026-08-28,CM,NSE,STK,6863,INE411U01027,BAJAJHCARE,EQ,,,,,BAJAJ HEALTHCARE LIMITED,322.7,325.7,320.1,322.0,320.1,320.9,,322.0,,,36072,11635696.5,1533,F1,1,,,,,
2026-08-28,2026-08-28,CM,NSE,STK,3475,INE152A01029,THERMAX,EQ,,,,,THERMAX LTD,3998.9,3998.9,3934.4,3944.2,3952.0,3962.7,,3944.18,,,35970,141969810.6,12334,F1,1,,,,,
2026-08-28,2026-08-28,CM,NSE,STK,641,INE016M01021,DNAMEDIA,EQ,,,,,DILIGENT MEDIA CORP LTD.,2.55,2.75,2.5,2.57,2.55,2.6,,2.56,,,35825,92741.65,153,F1,1,,,,,
2026-08-28,2026-08-28,CM,NSE,STK,29624,INE274Y01021,AJAXENGG,EQ,,,,,AJAX ENGINEERING LIMITED,577.0,579.0,566.25,571.1,570.0,579.1,,571.11,,,35790,20427995.85,4911,F1,1,,,,,
2026-08-28,2026-08-28,CM,NSE,STK,31837,INE099F01013,SREEL,EQ,,,,,SREELEATHERS LIMITED,269.39,269.39,242.95,249.48,249.0,263.24,,249.5,,,35722,9039674.29,864,F1,1,,,,,
2026-08-28,2026-08-28,CM,NSE,STK,22255,INE07OG01012,NDRAUTO,EQ,,,,,NDR AUTO COMPONENTS LTD,736.6,738.45,704.0,714.85,718.0,733.3,,715.01,,,35308,25310091.65,3244,F1,1,,,,,
2026-08-28,2026-08-28,CM,NSE,STK,762568,INE177C01022,BATLIBOI,EQ,,,,,BATLIBOI LTD.,85.95,90.0,84.54,88.41,88.0,85.03,,88.41,,,35076,3072696.18,744,F1,1,,,,,
2026-08-28,2026-08-28,CM,NSE,STK,11399,INE457F01013,SALZERELEC,EQ,,,,,SALZER ELECTRONICS LTD,546.35,555.0,541.55,552.6,553.4,547.25,,552.58,,,34995,19231247.9,2195,F1,1,,,,,
2026-08-28,2026-08-28,CM,NSE,STK,6600,INE949P01018,GENUSPAPER,EQ,,,,,GENUS P&B LIMITED,12.14,12.5,12.0,12.16,12.15,12.37,,12.16,,,34987,425601.77,305,F1,1,,,,,
2026-08-28,2026-08-28,CM,NSE,STK,15017,INE215I01027,MAANALU,EQ,,,,,MAAN ALUMINIUM LIMITED,121.8,121.95,116.61,120.43,120.0,116.68,,120.53,,,34831,4183398.21,739,F1,1,,,,,
2026-08-28,2026-08-28,CM,NSE,STK,762690,INE207H01018,GNRL,EQ,,,,,GUJARAT NATURAL RES L,97.9,97.9,96.31,96.82,96.9,97.65,,96.83,,,34747,3369607.98,550,F1,1,,,,,
2026-08-28,2026-08-28,CM,NSE,STK,1267,INE186A01019,GUJALKALI,EQ,,,,,GUJARAT ALKALIES & CHEM,715.0,716.6,705.0,706.85,705.3,710.75,,706.89,,,34553,24522394.05,3298,F1,1,,,,,
2026-08-28,2026-08-28,CM,NSE,STK,11060,INE0D6I01023,KSOLVES,EQ,,,,,KSOLVES INDIA LIMITED,274.5,274.5,265.05,269.35,269.1,267.85,,269.39,,,34553,9319656.55,1136,F1,1,,,,,
2026-08-28,2026-08-28,CM,NSE,STK,31138,INE453B01029,COMPUSOFT,EQ,,,,,COMPUCOM SOFTWARE LTD,13.54,13.99,12.67,13.26,13.2,13.47,,13.26,,,34546,463707.25,282,F1,1,,,,,
2026-08-28,2026-08-28,CM,NSE,STK,29872,INF666M01JV1,GROWWN200,EQ,,,,,GROWWAMC - GROWWN200,11.75,11.75,11.39,11.39,11.39,11.47,,11.39,,,34342,392105.79,247,F1,1,,,,,
2026-08-28,2026-08-28,CM,NSE,STK,14305,INE00IK01029,OSWALSEEDS,EQ,,,,,SHREEOSWAL S AND CHE LTD,12.01,12.25,11.96,12.07,12.04,12.17,,12.07,,,34022,409983.46,254,F1,1,,,,,
2026-08-28,2026-08-28,CM,NSE,STK,13086,INE212H01026,AIAENG,EQ,,,,,AIA ENGINEERING LIMITED,4232.3,4260.7,4192.2,4234.2,4249.9,4232.3,,4234.22,,,33928,143297431.7,11401,F1,1,,,,,
2026-08-28,2026-08-28,CM,NSE,STK,757845,INE06ST01018,INDIQUBE,EQ,,,,,INDIQUBE SPACES LIMITED,192.45,193.3,189.31,192.36,192.1,191.06,,192.57,,,33833,6493818.05,1502,F1,1,,,,,
2026-08-28,2026-08-28,CM,NSE,STK,5366,INE0H5O01029,WINDLAS,EQ,,,,,WINDLAS BIOTECH LIMITED,990.35,1004.9,978.05,998.55,997.0,987.15,,998.61,,,33748,33471729.6,2827,F1,1,,,,,
2026-08-28,2026-08-28,CM,NSE,STK,759057,INE13B501022,SAATVIKGL,EQ,,,,,SAATVIK GREEN ENERGY LTD,428.4,428.4,418.6,422.3,422.0,428.4,,422.47,,,33723,14261364.25,1560,F1,1,,,,,
2026-08-28,2026-08-28,CM,NSE,STK,760412,INF769K01PY8,DIVIDEND,EQ,,,,,MIRAEAMC - DIVIDEND,35.61,35.93,35.6,35.82,35.83,35.57,,35.82,,,33710,1207701.63,64,F1,1,,,,,
2026-08-28,2026-08-28,CM,NSE,STK,19097,INE203Y01012,SILLYMONKS,EQ,,,,,SILLY MONKS ENTERTAIN LTD,15.6,16.39,15.42,16.01,16.03,15.5,,16.01,,,33584,531050.5,118,F1,1,,,,,
2026-08-28,2026-08-28,CM,NSE,STK,3745,INE054C01015,WATERBASE,EQ,,,,,WATERBASE LTD.,48.76,50.99,47.62,49.89,50.98,48.76,,49.91,,,33531,1654579.05,327,F1,1,,,,,
2026-08-28,2026-08-28,CM,NSE,STK,22428,INE0CG601016,MAXIND,EQ,,,,,MAX INDIA LIMITED,151.6,154.79,149.2,150.4,150.0,150.48,,150.37,,,33498,5030142.83,936,F1,1,,,,,
2026-08-28,2026-08-28,CM,NSE,STK,24538,INE683C01011,MAITHANALL,EQ,,,,,MAITHAN ALLOYS LTD,1000.5,1002.0,974.65,982.15,978.0,994.8,,982.15,,,33450,33042314.7,2221,F1,1,,,,,
2026-08-28,2026-08-28,CM,NSE,STK,18581,INE732A01036,KIRLOSBROS,EQ,,,,,KIRLOSKAR BROTHERS LTD,1909.6,1920.2,1890.5,1914.7,1915.0,1899.3,,1914.72,,,33445,63809533.8,3423,F1,1,,,,,
2026-08-28,2026-08-28,CM,NSE,STK,14523,INE725G01011,ICRA,EQ,,,,,ICRA LIMITED,4813.0,4949.9,4793.1,4912.8,4903.4,4832.5,,4912.84,,,33309,162853975.5,6286,F1,1,,,,,
2026-08-28,2026-08-28,CM,NSE,STK,765095,INE791B01014,LEENEE,EQ,,,,,LEE & NEE SOFTWARES (E) L,10.06,10.47,9.51,10.25,9.99,9.82,,10.27,,,33254,334441.48,181,F1,1,,,,,
2026-08-28,2026-08-28,CM,NSE,STK,757817,INF247L01FQ0,MOMIDMTM,EQ,,,,,MOTILALAMC - MOMIDMTM,66.97,66.97,65.41,65.49,65.7,65.68,,65.49,,,33165,2176292.03,245,F1,1,,,,,
2026-08-28,2026-08-28,CM,NSE,STK,13941,INE505C01016,PRAENG,EQ,,,,,PRAJAY ENG. SYN. LTD.,20.7,20.7,19.82,20.63,20.64,19.76,,20.63,,,33024,673156.84,127,F1,1,,,,,
2026-08-28,2026-08-28,CM,NSE,STK,15254,INE482A01020,CEATLTD,EQ,,,,,CEAT LIMITED,3514.3,3548.6,3494.5,3511.5,3509.5,3510.6,,3511.61,,,33013,116313056.4,7265,F1,1,,,,,
2026-08-28,2026-08-28,CM,NSE,STK,16807,INE947I01017,LOTUSEYE,EQ,,,,,LOTUS EYE HOSP & INST L,113.02,114.2,108.8,110.52,110.0,112.63,,110.52,,,32816,3634905.97,472,F1,1,,,,,
2026-08-28,2026-08-28,CM,NSE,STK,763602,INF579M01BP5,MSCI360,EQ,,,,,360ONEAMC - MSCI360,10.12,10.47,10.05,10.22,10.22,10.22,,10.22,,,32814,333160.01,42,F1,1,,,,,
2026-08-28,2026-08-28,CM,NSE,STK,18321,INE337A01034,LGBBROSLTD,EQ,,,,,LG BALAKRISHNAN & BROS,1692.0,1724.6,1675.1,1717.7,1715.1,1684.4,,1717.85,,,32810,55994488.7,4747,F1,1,,,,,
2026-08-28,2026-08-28,CM,NSE,STK,18457,INE07Y701011,POWERINDIA,EQ,,,,,HITACHI ENERGY INDIA LTD,33840.0,33840.0,33235.0,33330.0,33330.0,33880.0,,33330.85,,,32688,1093456605.0,12225,F1,1,,,,,
2026-08-28,2026-08-28,CM,NSE,STK,22415,INE597L01014,LOVABLE,EQ,,,,,LOVABLE LINGERIE LTD,71.22,75.5,71.07,74.66,74.49,72.51,,74.66,,,32684,2411749.54,631,F1,1,,,,,
2026-08-28,2026-08-28,CM,NSE,STK,29224,INE013P01021,ONESOURCE,EQ,,,,,ONESOURCE SPECL PHARMA L,1525.0,1539.5,1520.0,1532.2,1530.0,1517.5,,1532.23,,,32479,49681857.1,5981,F1,1,,,,,
2026-08-28,2026-08-28,CM,NSE,STK,480,INE340A01012,BIRLACORPN,EQ,,,,,BIRLA CORPORATION LTD,883.0,897.95,877.15,881.2,883.35,883.0,,881.69,,,32452,28605555.6,3594,F1,1,,,,,
2026-08-28,2026-08-28,CM,NSE,STK,757801,INE05J901018,IGCL,EQ,,,,,INDOGULF CROPSCIENCES LTD,72.0,72.11,71.5,71.84,71.51,72.24,,71.84,,,32425,2327181.73,416,F1,1,,,,,
2026-08-28,2026-08-28,CM,NSE,STK,6227,INE341R01014,DTIL,EQ,,,,,DHUNSERI TEA & IND. LTD.,170.99,171.3,165.32,167.09,167.8,173.94,,167.07,,,32402,5443264.81,821,F1,1,,,,,
2026-08-28,2026-08-28,CM,NSE,STK,7242,INE317I01021,METROBRAND,EQ,,,,,METRO BRANDS LIMITED,915.2,940.0,915.2,936.7,935.0,921.7,,936.74,,,32396,30134874.9,5558,F1,1,,,,,
2026-08-28,2026-08-28,CM,NSE,STK,14198,INE325A01013,TIMKEN,EQ,,,,,TIMKEN INDIA LTD.,3192.0,3207.2,3142.4,3149.8,3146.0,3183.4,,3149.87,,,32308,102946625.3,7402,F1,1,,,,,
2026-08-28,2026-08-28,CM,NSE,STK,4127,INE699B01027,SAMBHAAV,EQ,,,,,SAMBHAAV MEDIA LTD,6.09,6.34,5.8,6.1,6.17,6.09,,6.1,,,32142,195760.75,110,F1,1,,,,,
2026-08-28,2026-08-28,CM,NSE,STK,29487,INE149O01018,NIBE,EQ,,,,,NIBE LIMITED,1420.6,1426.3,1402.0,1408.1,1409.7,1388.6,,1408.07,,,32127,45283190.9,2677,F1,1,,,,,
2026-08-28,2026-08-28,CM,NSE,STK,305,INE118A01012,BAJAJHLDNG,EQ,,,,,BAJAJ HOLDINGS & INVS LTD,11406.0,11429.0,11250.0,11340.0,11340.0,11399.0,,11340.0,,,31945,362582209.0,6759,F1,1,,,,,
2026-08-28,2026-08-28,CM,NSE,STK,10676,INF174KA1JF2,MNC,EQ,,,,,KOTAKMAMC - KOTAKMNC,34.39,34.39,33.9,33.97,34.0,34.05,,33.97,,,31885,1086576.39,336,F1,1,,,,,
2026-08-28,2026-08-28,CM,NSE,STK,20698,INE807K01035,SCHAND,EQ,,,,,S CHAND AND COMPANY LTD,135.02,138.99,135.01,137.97,136.75,134.72,,137.96,,,31629,4322587.36,560,F1,1,,,,,
2026-08-28,2026-08-28,CM,NSE,STK,20372,INE00Y201027,FLAIR,EQ,,,,,FLAIR WRITING INDUST LTD,247.5,251.6,246.65,249.3,249.2,247.95,,249.33,,,31596,7843254.8,1064,F1,1,,,,,
2026-08-28,2026-08-28,CM,NSE,STK,764845,INE035S01028,POEL,EQ,,,,,P O C L ENTERPRISES LTD.,152.94,156.18,149.0,149.51,151.8,150.6,,149.54,,,31498,4778125.22,506,F1,1,,,,,
2026-08-28,2026-08-28,CM,NSE,STK,12533,INE0D0U01013,AAATECH,EQ,,,,,AAA TECHNOLOGIES LIMITED,91.96,98.4,91.5,95.03,94.24,92.01,,95.03,,,31461,3012690.14,714,F1,1,,,,,
2026-08-28,2026-08-28,CM,NSE,STK,19223,INE586V01016,TCIEXP,EQ,,,,,TCI EXPRESS LIMITED,559.0,567.1,546.35,555.8,558.0,558.35,,555.79,,,31370,17468661.8,2875,F1,1,,,,,
2026-08-28,2026-08-28,CM,NSE,STK,11640,INE802W01023,BOHRAIND,EQ,,,,,BOHRA INDUSTRIES LIMITED,13.8,13.8,12.11,12.64,12.5,12.85,,12.64,,,31336,398400.88,158,F1,1,,,,,
2026-08-28,2026-08-28,CM,NSE,STK,3546,INE690A01028,TTKPRESTIG,EQ,,,,,TTK PRESTIGE LTD,606.9,610.95,592.0,593.7,598.0,606.9,,593.73,,,31260,18656397.65,3094,F1,1,,,,,
2026-08-28,2026-08-28,CM,NSE,STK,17477,INE663B01015,CONTROLPR,EQ,,,,,CONTROL PRINT LIMITED,594.0,612.7,594.0,598.2,604.0,596.7,,598.31,,,31181,18746622.0,2354,F1,1,,,,,
2026-08-28,2026-08-28,CM,NSE,STK,11140,INE748Z01013,SUMIT,EQ,,,,,SUMIT WOODS LIMITED,51.49,52.5,50.71,51.72,52.1,51.53,,51.72,,,31181,1606154.32,664,F1,1,,,,,
2026-08-28,2026-08-28,CM,NSE,STK,5401,INE236Y01012,NGIL,EQ,,,,,NAKODA GROUP OF IND. LTD,41.95,41.95,40.05,41.53,41.0,41.96,,41.53,,,31122,1280428.91,310,F1,1,,,,,
2026-08-28,2026-08-28,CM,NSE,STK,765120,INE227F01010,MKEXIM,EQ,,,,,M K EXIM (INDIA) LTD.,64.01,64.9,60.1,62.6,62.0,64.3,,62.52,,,31078,1946237.34,218,F1,1,,,,,
2026-08-28,2026-08-28,CM,NSE,STK,6407,INE112F01022,LAMBODHARA,EQ,,,,,LAMBODHARA TEXTILES LTD.,144.0,145.7,137.24,138.48,139.95,140.71,,138.58,,,31026,4349679.68,539,F1,1,,,,,
2026-08-28,2026-08-28,CM,NSE,STK,11705,INE692G01013,XCHANGING,EQ,,,,,XCHANGING SOLUTIONS LTD,61.01,61.83,60.91,61.38,61.29,61.29,,61.4,,,30996,1900656.17,536,F1,1,,,,,
2026-08-28,2026-08-28,CM,NSE,STK,23512,INE555Z01020,TARACHAND,EQ,,,,,TARA CHAND INFRA SOLN LTD,49.49,49.49,47.55,48.22,49.4,48.59,,48.22,,,30912,1485073.46,427,F1,1,,,,,
2026-08-28,2026-08-28,CM,NSE,STK,760986,INF769K01QA6,HEALTHCARE,EQ,,,,,MIRAEAMC - HEALTHCARE,22.24,22.24,21.8,21.89,21.91,21.8,,21.89,,,30792,673428.38,166,F1,1,,,,,
2026-08-28,2026-08-28,CM,NSE,STK,13106,INE289A01011,NAHARINDUS,EQ,,,,,NAHAR INDS ENT LTD,139.56,139.56,135.25,135.99,135.25,138.1,,136.0,,,30643,4201134.82,556,F1,1,,,,,
2026-08-28,2026-08-28,CM,NSE,STK,19279,INE121N01019,THEJO,EQ,,,,,THEJO ENGINEERING LIMITED,2103.9,2114.9,2052.3,2060.6,2056.0,2093.6,,2060.6,,,30486,63234275.2,642,F1,1,,,,,
2026-08-28,2026-08-28,CM,NSE,STK,751745,INF666M01PG9,SMALLGROWW,EQ,,,,,GROWWAMC - SMALLGROWW,50.17,50.17,49.04,49.43,49.45,50.52,,49.43,,,30398,1502622.97,201,F1,1,,,,,
2026-08-28,2026-08-28,CM,NSE,STK,29019,INF754K01TX4,ECAPINSURE,EQ,,,,,EDELAMC - ECAPINSURE,24.38,24.64,24.06,24.24,24.31,24.45,,24.24,,,30336,734908.66,288,F1,1,,,,,
2026-08-28,2026-08-28,CM,NSE,STK,19142,INE240C01028,UMESLTD,EQ,,,,,USHA MARTIN EDU & SOL LTD,5.5,5.5,4.8,5.3,5.45,5.14,,5.31,,,29979,155810.76,157,F1,1,,,,,
2026-08-28,2026-08-28,CM,NSE,STK,761037,INE016Q01014,CEINSYS,EQ,,,,,CEINSYS TECH LIMITED,730.6,741.1,720.0,723.15,722.0,727.0,,723.11,,,29948,21870821.35,2399,F1,1,,,,,
2026-08-28,2026-08-28,CM,NSE,STK,1100,INE276A01018,GARFIBRES,EQ,,,,,GARWARE TECH FIBRES LTD,785.0,805.9,785.0,799.0,799.9,792.55,,798.99,,,29877,23812737.75,3364,F1,1,,,,,
2026-08-28,2026-08-28,CM,NSE,STK,20134,INE874I01013,RAMKY,EQ,,,,,RAMKY INFRA LTD,362.85,364.7,357.2,358.5,360.0,362.75,,358.49,,,29709,10707341.5,1240,F1,1,,,,,
2026-08-28,2026-08-28,CM,NSE,STK,25171,INF740KA1UR9,TOP10ADD,EQ,,,,,DSPAMC - TOP10ADD,88.32,88.35,87.91,88.08,87.91,87.89,,88.08,,,29570,2606225.58,255,F1,1,,,,,
2026-08-28,2026-08-28,CM,NSE,STK,14843,INE450G01024,VIPCLOTHNG,EQ,,,,,VIP CLOTHING LIMITED,20.02,20.77,20.02,20.37,20.42,20.38,,20.37,,,29428,599736.7,167,F1,1,,,,,
2026-08-28,2026-08-28,CM,NSE,STK,762772,INE270B01035,MAFATIND,EQ,,,,,MAFATLAL INDUSTRIES LTD.,121.51,124.0,120.61,123.4,123.7,120.73,,123.32,,,29417,3609540.86,791,F1,1,,,,,
2026-08-28,2026-08-28,CM,NSE,STK,578,INE060901027,LIKHITHA,EQ,,,,,LIKHITHA INFRASTRUC LTD,208.87,212.0,208.2,208.88,208.3,212.02,,208.88,,,29394,6159491.48,582,F1,1,,,,,
2026-08-28,2026-08-28,CM,NSE,STK,24856,INE0PQ101010,SSDL,EQ,,,,,SARASWATI SAREE DEPOT LTD,55.65,58.67,55.65,57.18,57.84,56.33,,57.16,,,29370,1681140.55,520,F1,1,,,,,
2026-08-28,2026-08-28,CM,NSE,STK,8944,INE01EG01016,RITCO,EQ,,,,,RITCO LOGISTICS LIMITED,312.35,314.0,307.7,311.6,310.0,310.1,,311.59,,,29324,9116263.15,878,F1,1,,,,,
2026-08-28,2026-08-28,CM,NSE,STK,27161,INE704H01022,CINELINE,EQ,,,,,CINELINE INDIA LIMITED,89.1,89.1,87.9,87.98,88.0,89.37,,87.98,,,29265,2578869.58,152,F1,1,,,,,
2026-08-28,2026-08-28,CM,NSE,STK,5162,INE0GK401011,TATVA,EQ,,,,,TATVA CHIN PHARM CHEM LTD,1589.0,1660.0,1588.9,1630.0,1648.0,1599.2,,1630.19,,,29170,47207239.9,3936,F1,1,,,,,
2026-08-28,2026-08-28,CM,NSE,STK,20877,INE488V01015,PSPPROJECT,EQ,,,,,PSP PROJECTS LIMITED,903.0,903.25,885.0,889.0,889.0,901.2,,888.99,,,29015,25959939.25,1547,F1,1,,,,,
2026-08-28,2026-08-28,CM,NSE,STK,263,INE100A01010,ATUL,EQ,,,,,ATUL LTD,6598.0,6598.0,6437.5,6459.5,6469.0,6585.0,,6459.38,,,28383,184148585.0,10476,F1,1,,,,,
2026-08-28,2026-08-28,CM,NSE,STK,15067,INE0N7W01012,BLAL,EQ,,,,,BEML LAND ASSETS LIMITED,166.0,167.74,165.92,166.14,167.01,166.46,,166.14,,,28314,4706464.34,330,F1,1,,,,,
2026-08-28,2026-08-28,CM,NSE,STK,22595,INF179KC1HW4,HDFCPSUBK,EQ,,,,,HDFCAMC HDFCPSUBK,86.51,87.28,86.5,86.7,86.5,86.77,,86.7,,,28295,2455500.05,134,F1,1,,,,,
2026-08-28,2026-08-28,CM,NSE,STK,936,INE266Y01019,DPABHUSHAN,EQ,,,,,D. P. ABHUSHAN LIMITED,1529.9,1548.9,1475.4,1483.0,1486.0,1521.2,,1483.02,,,28136,42322616.8,2895,F1,1,,,,,
2026-08-28,2026-08-28,CM,NSE,STK,18102,INF174K014P6,NIFTY1,EQ,,,,,KOTAK NIFTY ETF,268.32,268.9,267.16,268.17,268.05,268.32,,268.21,,,28107,7534670.44,1436,F1,1,,,,,
2026-08-28,2026-08-28,CM,NSE,STK,14490,INE732C01016,NCLIND,EQ,,,,,NCL INDUSTRIES LIMITED,180.0,180.0,174.0,176.26,176.99,178.61,,176.26,,,28059,4940038.33,2982,F1,1,,,,,
2026-08-28,2026-08-28,CM,NSE,STK,10568,INE809A01032,RAMAPHO,EQ,,,,,RAMA PHOSPHATES LIMITED,124.13,128.59,124.13,125.8,125.86,126.56,,125.8,,,27862,3521318.4,535,F1,1,,,,,
2026-08-28,2026-08-28,CM,NSE,STK,24409,INE435G01025,DHANUKA,EQ,,,,,DHANUKA AGRITECH LTD,985.8,999.0,972.2,976.1,979.0,985.8,,976.09,,,27694,27173878.2,4803,F1,1,,,,,
2026-08-28,2026-08-28,CM,NSE,STK,13890,INE835D01023,HIRECT,EQ,,,,,HIRECT LIMITED,1230.0,1247.0,1218.8,1237.8,1236.3,1223.0,,1237.78,,,27665,34033935.9,2772,F1,1,,,,,
2026-08-28,2026-08-28,CM,NSE,STK,29113,INE752H01013,CARERATING,EQ,,,,,CARE RATINGS LIMITED,1634.0,1685.2,1634.0,1682.1,1685.2,1633.7,,1682.1,,,27594,46233324.6,4838,F1,1,,,,,
2026-08-28,2026-08-28,CM,NSE,STK,18250,INE0MIS01010,PYRAMID,EQ,,,,,PYRAMID TECHNOPLAST LTD,160.0,160.01,158.5,159.89,160.0,159.99,,159.89,,,27568,4394690.84,505,F1,1,,,,,
2026-08-28,2026-08-28,CM,NSE,STK,8050,INE813A01018,MAHLIFE,EQ,,,,,MAHINDRA LIFESPACE DEVLTD,369.85,371.8,367.0,367.55,368.2,368.65,,367.56,,,27344,10087245.25,2822,F1,1,,,,,
2026-08-28,2026-08-28,CM,NSE,STK,25262,INE0RWQ01014,TOLINS,EQ,,,,,TOLINS TYRES LIMITED,97.0,97.0,94.52,95.0,95.0,95.29,,95.0,,,27319,2607855.85,656,F1,1,,,,,
2026-08-28,2026-08-28,CM,NSE,STK,10580,INE688A01022,TCI,EQ,,,,,TRANSPORT CORPN OF INDIA,901.35,901.35,883.15,888.1,892.0,897.3,,888.08,,,27292,24296005.0,3091,F1,1,,,,,
2026-08-28,2026-08-28,CM,NSE,STK,765252,INE761Q01015,VGCL,EQ,,,,,VIBRANT GLOBAL CAPITAL L,61.0,62.01,56.57,57.75,56.71,59.38,,57.65,,,27178,1609167.92,123,F1,1,,,,,
2026-08-28,2026-08-28,CM,NSE,STK,11265,INE236G01019,TVSELECT,EQ,,,,,TVS ELECTRONICS LTD,444.0,444.0,435.25,437.4,439.95,443.05,,437.41,,,27147,11895308.2,1230,F1,1,,,,,
2026-08-28,2026-08-28,CM,NSE,STK,25996,INF754K01TF1,EMULTIMQ,EQ,,,,,EDELAMC - EMULTIMQ,42.6,42.6,42.05,42.2,42.58,42.39,,42.2,,,27075,1149934.42,126,F1,1,,,,,
2026-08-28,2026-08-28,CM,NSE,STK,2643,INE182A01018,PFIZER,EQ,,,,,PFIZER LTD,4763.9,4778.4,4690.1,4703.8,4715.0,4740.4,,4703.51,,,26865,126891360.1,6799,F1,1,,,,,
2026-08-28,2026-08-28,CM,NSE,STK,13270,INE823G01014,JKCEMENT,EQ,,,,,JK CEMENT LIMITED,5233.5,5244.5,5132.0,5168.5,5139.0,5233.5,,5168.23,,,26769,138631311.5,6816,F1,1,,,,,
2026-08-28,2026-08-28,CM,NSE,STK,14511,INE629D01020,BANSWRAS,EQ,,,,,BANSWARA SYNTEX LIMITED,117.86,119.78,116.45,116.88,117.9,118.46,,116.87,,,26728,3131749.54,406,F1,1,,,,,
2026-08-28,2026-08-28,CM,NSE,STK,11082,INE908V01012,LIBAS,EQ,,,,,LIBAS CONSU PRODUCTS LTD,10.48,11.0,10.15,10.46,10.53,10.47,,10.46,,,26728,283364.67,174,F1,1,,,,,
2026-08-28,2026-08-28,CM,NSE,STK,3291,INE733A01018,STARPAPER,EQ,,,,,STAR PAPER MILLS LTD,145.0,155.8,145.0,153.0,153.0,148.97,,153.0,,,26616,4035164.6,247,F1,1,,,,,
2026-08-28,2026-08-28,CM,NSE,STK,15420,INE666E01020,ACL,EQ,,,,,ANDHRA CEMENTS LIMITED,44.95,44.95,43.72,44.14,44.0,44.06,,44.14,,,26615,1173091.08,196,F1,1,,,,,
2026-08-28,2026-08-28,CM,NSE,STK,9553,INE00F201020,PRUDENT,EQ,,,,,PRUDENT CORP ADV SER LTD,3485.0,3485.0,3361.6,3421.3,3425.0,3473.5,,3421.18,,,26505,90221251.6,4907,F1,1,,,,,
2026-08-28,2026-08-28,CM,NSE,STK,12173,INE254N01026,HNDFDS,EQ,,,,,HINDUSTAN FOODS LIMITED,635.0,639.75,631.0,634.45,636.0,635.55,,634.46,,,26448,16815102.4,2470,F1,1,,,,,
2026-08-28,2026-08-28,CM,NSE,STK,11065,INE448G01010,NATHBIOGEN,EQ,,,,,NATH BIO-GENES (I) LTD,153.97,157.9,151.8,157.3,157.4,153.86,,157.3,,,26350,4098477.32,547,F1,1,,,,,
2026-08-28,2026-08-28,CM,NSE,STK,761030,INF769K01QB4,INFRA,EQ,,,,,MIRAEAMC - INFRA,12.18,12.19,12.1,12.13,12.14,12.18,,12.13,,,26340,319904.88,182,F1,1,,,,,
2026-08-28,2026-08-28,CM,NSE,STK,2181,INE323A01026,BOSCHLTD,EQ,,,,,BOSCH LIMITED,48780.0,48930.0,48020.0,48640.0,48640.0,48780.0,,48639.93,,,26114,1268249610.0,8138,F1,1,,,,,
2026-08-28,2026-08-28,CM,NSE,STK,2716,INE295F01017,BUTTERFLY,EQ,,,,,BTRFLY GANDHI APPL LTD,628.0,655.45,625.05,633.15,626.6,627.75,,633.09,,,26089,16658263.55,1899,F1,1,,,,,
2026-08-28,2026-08-28,CM,NSE,STK,14101,INE034D01049,PTL,EQ,,,,,PTL ENTERPRISES LTD,38.64,38.64,38.2,38.53,38.5,38.41,,38.53,,,26069,1002480.1,614,F1,1,,,,,
2026-08-28,2026-08-28,CM,NSE,STK,708,INE715Y01031,SHRADHA,EQ,,,,,SHRADHA REALTY LIMITED,32.45,32.45,30.65,31.99,32.0,32.39,,31.99,,,26056,827937.16,234,F1,1,,,,,
2026-08-28,2026-08-28,CM,NSE,STK,20551,INE321T01012,DOMS,EQ,,,,,DOMS INDUSTRIES LIMITED,2193.0,2214.4,2186.1,2198.9,2205.0,2214.9,,2198.86,,,25988,57263150.8,4637,F1,1,,,,,
2026-08-28,2026-08-28,CM,NSE,STK,25203,INE0S2G01011,BALAJEE,EQ,,,,,SHREE TIRUPATI BALAJEE L,26.98,26.98,26.16,26.51,26.5,26.46,,26.51,,,25967,686258.66,175,F1,1,,,,,
2026-08-28,2026-08-28,CM,NSE,STK,14982,INE320B01020,CENTUM,EQ,,,,,CENTUM ELECTRONICS LTD,3401.0,3456.1,3399.9,3442.8,3448.9,3401.9,,3442.87,,,25905,89002343.7,5098,F1,1,,,,,
2026-08-28,2026-08-28,CM,NSE,STK,30469,INF174KA1VW2,MID150,EQ,,,,,KOTAKMAMC - MID150,23.98,24.24,23.83,23.97,24.0,23.98,,23.97,,,25876,619380.7,175,F1,1,,,,,
2026-08-28,2026-08-28,CM,NSE,STK,6489,INE864K01010,IRIS,EQ,,,,,IRIS REGTECH SOLUTION LTD,240.0,253.0,235.68,250.72,250.0,235.68,,250.7,,,25805,6340340.46,882,F1,1,,,,,
2026-08-28,2026-08-28,CM,NSE,STK,14459,INE500X01013,LEXUS,EQ,,,,,LEXUS GRANITO (INDIA) LTD,13.44,13.6,12.82,13.03,13.08,13.07,,13.03,,,25357,330707.02,111,F1,1,,,,,
2026-08-28,2026-08-28,CM,NSE,STK,19073,INE754X01016,AARVI,EQ,,,,,AARVI ENCON LIMITED,144.35,148.15,141.0,142.25,141.1,145.07,,142.26,,,25356,3646197.64,694,F1,1,,,,,
2026-08-28,2026-08-28,CM,NSE,STK,8146,INE060X01034,DEVIT,EQ,,,,,DEV INFO TECHNOLOGY LTD,24.99,25.4,24.75,24.91,24.8,24.86,,24.91,,,25314,635709.5,179,F1,1,,,,,
2026-08-28,2026-08-28,CM,NSE,STK,17728,INE563J01010,ASTEC,EQ,,,,,ASTEC LIFESCIENCES LTD,589.0,593.95,572.0,581.45,580.0,585.9,,581.43,,,25129,14648555.1,1545,F1,1,,,,,
2026-08-28,2026-08-28,CM,NSE,STK,21077,INE272L01022,SURANASOL,EQ,,,,,SURANA SOLAR LIMITED,25.44,25.85,25.32,25.75,25.75,25.45,,25.75,,,25054,641050.61,329,F1,1,,,,,
2026-08-28,2026-08-28,CM,NSE,STK,14607,INE797H01018,TGBHOTELS,EQ,,,,,TGB BANQUETS&HOTELS LTD,9.11,9.69,9.08,9.4,9.6,9.15,,9.45,,,25001,232147.23,74,F1,1,,,,,
2026-08-28,2026-08-28,CM,NSE,STK,31468,INE142K01011,AURUS,EQ,,,,,AURUS GEM CORP LIMITED,4.64,4.75,4.52,4.66,4.68,4.57,,4.66,,,25000,115943.58,129,F1,1,,,,,
2026-08-28,2026-08-28,CM,NSE,STK,14043,INE453D01025,SARLAPOLY,EQ,,,,,SARLA PERF. FIBERS LTD,100.41,102.88,98.4,98.76,99.39,100.41,,98.82,,,24871,2473906.09,622,F1,1,,,,,
2026-08-28,2026-08-28,CM,NSE,STK,760392,INE027T01023,RUDRA,EQ,,,,,RUDRA GLOBAL INFRA PROD L,21.1,21.1,20.5,20.76,20.99,20.29,,20.76,,,24814,513409.37,213,F1,1,,,,,
2026-08-28,2026-08-28,CM,NSE,STK,5650,INE933X01016,SHANTI,EQ,,,,,SHANTI OVERSEAS INDIA LTD,6.02,6.4,6.02,6.31,6.16,6.11,,6.31,,,24808,153980.69,54,F1,1,,,,,
2026-08-28,2026-08-28,CM,NSE,STK,762844,INE722B01019,PRAVEG,EQ,,,,,PRAVEG LTD.,275.5,279.8,270.0,276.65,277.6,275.0,,276.6,,,24796,6801090.9,1398,F1,1,,,,,
2026-08-28,2026-08-28,CM,NSE,STK,2481,INE229A01017,ONWARDTEC,EQ,,,,,ONWARD TECHNOLOGIES LTD,286.15,291.2,285.0,287.2,286.65,285.6,,287.12,,,24765,7139814.05,771,F1,1,,,,,
2026-08-28,2026-08-28,CM,NSE,STK,1139,INE289B01019,GICHSGFIN,EQ,,,,,GIC HOUSING FINANCE LTD,142.0,142.09,140.52,141.03,140.8,142.1,,141.03,,,24679,3481707.84,509,F1,1,,,,,
2026-08-28,2026-08-28,CM,NSE,STK,634,INE188B01013,IGARASHI,EQ,,,,,IGARASHI MOTORS INDIA LTD,422.15,428.4,420.8,427.1,428.4,420.8,,427.1,,,24661,10498098.05,1028,F1,1,,,,,
2026-08-28,2026-08-28,CM,NSE,STK,6951,INE802B01027,LINC,EQ,,,,,LINC LIMITED,95.21,97.09,94.6,95.54,96.0,95.04,,95.54,,,24522,2344250.24,373,F1,1,,,,,
2026-08-28,2026-08-28,CM,NSE,STK,14260,INE940H01022,PGIL,EQ,,,,,PEARL GLOBAL IND LIMITED,2294.8,2333.1,2290.0,2314.3,2320.0,2294.8,,2314.3,,,24478,56626102.2,4977,F1,1,,,,,
2026-08-28,2026-08-28,CM,NSE,STK,4566,INE413B01023,RUCHINFRA,EQ,,,,,RUCHI INFRASTRUCTURE LTD,5.85,5.88,5.8,5.82,5.82,5.83,,5.82,,,24306,142212.06,124,F1,1,,,,,
2026-08-28,2026-08-28,CM,NSE,STK,14466,INE884B01025,KIRLFER,EQ,,,,,KIRLOSKAR FERROUS IND LTD,447.5,452.05,441.1,449.85,451.4,447.6,,449.77,,,24121,10795839.35,1793,F1,1,,,,,
2026-08-28,2026-08-28,CM,NSE,STK,11297,INE173A01025,SIL,EQ,,,,,STANDARD INDUSTRIES LTD.,19.41,19.69,19.01,19.22,19.3,19.32,,19.18,,,24107,465275.21,271,F1,1,,,,,
2026-08-28,2026-08-28,CM,NSE,STK,15239,INE865C01022,BIRLAMONEY,EQ,,,,,ADITYA BIRLA MONEY LTD,131.77,131.77,128.45,129.94,130.75,129.89,,129.92,,,24071,3126106.41,544,F1,1,,,,,
2026-08-28,2026-08-28,CM,NSE,STK,757443,INF247L01FP2,MOTOUR,EQ,,,,,MOTILALAMC - MOTOUR,79.39,79.39,78.6,78.7,78.85,79.39,,78.7,,,23997,1892330.2,258,F1,1,,,,,
2026-08-28,2026-08-28,CM,NSE,STK,24403,INE365D01021,ASHIANA,EQ,,,,,ASHIANA HOUSING LTD,366.3,369.85,362.05,368.8,369.8,365.55,,368.8,,,23913,8755238.45,1099,F1,1,,,,,
2026-08-28,2026-08-28,CM,NSE,STK,761364,INF740KA1YH2,BANK10ADD,EQ,,,,,DSPAMC - BANK10ADD,16.95,17.0,16.87,16.95,17.0,17.01,,16.95,,,23809,402447.95,86,F1,1,,,,,
2026-08-28,2026-08-28,CM,NSE,STK,1547,INE786W01010,RKEC,EQ,,,,,RKEC PROJECTS LIMITED,22.4,23.15,22.01,22.38,22.83,22.32,,22.38,,,23701,534227.93,193,F1,1,,,,,
2026-08-28,2026-08-28,CM,NSE,STK,764336,INF179KC1KT4,HDFCNIMEG,EQ,,,,,HDFCAMC - HDFCNIMEG,134.74,134.96,133.96,134.3,134.24,133.2,,134.3,,,23694,3182500.58,52,F1,1,,,,,
2026-08-28,2026-08-28,CM,NSE,STK,4920,INE642Y01029,HINDCON,EQ,,,,,HINDCON CHEMICALS LIMITED,23.9,23.9,22.25,22.89,22.99,22.6,,22.89,,,23694,541665.24,172,F1,1,,,,,
2026-08-28,2026-08-28,CM,NSE,STK,18232,INE846D01012,LORDSCHLO,EQ,,,,,LORDS CHLORO ALKALI LTD,139.66,145.42,136.51,140.25,138.0,139.42,,140.24,,,23683,3361445.52,704,F1,1,,,,,
2026-08-28,2026-08-28,CM,NSE,STK,761741,INF200KB1AK8,SBINMID150,EQ,,,,,SBIAMC - SBINMID150,23.64,23.69,23.51,23.56,23.69,23.56,,23.58,,,23667,557766.02,92,F1,1,,,,,
2026-08-28,2026-08-28,CM,NSE,STK,3744,INE686Y01026,FINEORG,EQ,,,,,FINE ORGANIC IND. LTD.,5258.1,5312.0,5187.0,5282.5,5295.0,5258.2,,5282.24,,,23657,124448922.0,9659,F1,1,,,,,
2026-08-28,2026-08-28,CM,NSE,STK,16933,INE841B01017,INDBANK,EQ,,,,,INDBANK MERCH BANK,31.99,31.99,31.0,31.45,31.31,31.55,,31.45,,,23473,737283.59,224,F1,1,,,,,
2026-08-28,2026-08-28,CM,NSE,STK,30249,INE561M01018,ISHANCH,EQ,,,,,ISHAN DYES N CHEMICALS L,44.46,45.0,43.4,44.82,44.5,44.0,,44.87,,,23463,1036028.24,400,F1,1,,,,,
2026-08-28,2026-08-28,CM,NSE,STK,17603,INE215D01010,MAHEPC,EQ,,,,,MAHINDRA EPC IRRIG LTD,106.94,107.87,104.5,105.47,105.05,106.86,,105.48,,,23453,2479540.06,455,F1,1,,,,,
2026-08-28,2026-08-28,CM,NSE,STK,24386,INE0B9K01025,BANSALWIRE,EQ,,,,,BANSAL WIRE INDUSTRIES L,319.3,320.9,317.0,318.0,318.05,316.95,,318.0,,,23351,7445879.8,1557,F1,1,,,,,
2026-08-28,2026-08-28,CM,NSE,STK,4594,INE720A01015,KOTHARIPET,EQ,,,,,KOTHARI PETROCHEM LTD,132.0,133.78,130.86,131.15,130.86,131.52,,131.15,,,23331,3077665.92,845,F1,1,,,,,
2026-08-28,2026-08-28,CM,NSE,STK,10512,INF174KA1ZF8,CONS,EQ,,,,,KOTAKMAMC - KOTAKCONS,12.34,12.34,12.21,12.28,12.32,12.32,,12.28,,,23314,286149.88,130,F1,1,,,,,
2026-08-28,2026-08-28,CM,NSE,STK,2912,INE046A01015,RIIL,EQ,,,,,RELIANCE INDUSTRIAL INFRA,758.9,764.9,754.6,761.45,763.0,758.9,,761.43,,,23303,17684593.6,1312,F1,1,,,,,
2026-08-28,2026-08-28,CM,NSE,STK,14096,INE076B01028,SIYSIL,EQ,,,,,SIYARAM SILK MILLS LTD,561.1,569.95,561.1,567.55,567.1,564.8,,567.54,,,23148,13080050.0,2056,F1,1,,,,,
2026-08-28,2026-08-28,CM,NSE,STK,764668,INE0CPR01018,EKI,EQ,,,,,EKI ENERGY SERVICES LTD,74.75,77.98,73.0,74.21,75.1,77.24,,74.3,,,23089,1730904.85,460,F1,1,,,,,
2026-08-28,2026-08-28,CM,NSE,STK,14838,INE583C01021,DECCANCE,EQ,,,,,DECCAN CEMENTS LIMITED,575.0,576.95,567.0,568.75,568.1,575.15,,568.75,,,23021,13177772.05,357,F1,1,,,,,
2026-08-28,2026-08-28,CM,NSE,STK,762608,INE00HZ01011,BNAGROCHEM,EQ,,,,,BN AGROCHEM LTD.,234.95,234.95,223.65,226.8,226.0,233.9,,226.8,,,22675,5272113.55,65,F1,1,,,,,
2026-08-28,2026-08-28,CM,NSE,STK,12000,INE963C01033,FAZE3Q,EQ,,,,,FAZE THREE LIMITED,488.6,501.5,484.0,491.05,490.0,485.75,,491.53,,,22544,11075755.7,746,F1,1,,,,,
2026-08-28,2026-08-28,CM,NSE,STK,756782,INE0GGO01015,KRISHIVAL,EQ,,,,,KRISHIVAL FOODS LIMITED,408.95,411.95,404.35,410.25,411.8,406.5,,410.24,,,22511,9210097.75,613,F1,1,,,,,
2026-08-28,2026-08-28,CM,NSE,STK,764753,INE953E01022,KSE,EQ,,,,,KSE LTD.,177.96,180.95,175.02,177.99,177.11,177.96,,178.03,,,22498,4005815.88,374,F1,1,,,,,
2026-08-28,2026-08-28,CM,NSE,STK,10530,INE597I01028,SHARDAMOTR,EQ,,,,,SHARDA MOTOR INDS LTD,871.95,896.6,866.45,877.2,879.2,874.5,,877.18,,,22462,19705462.9,4690,F1,1,,,,,
2026-08-28,2026-08-28,CM,NSE,STK,13821,INE803H01014,RUCHIRA,EQ,,,,,RUCHIRA PAPERS LIMITED,103.98,103.98,102.09,102.64,103.5,102.7,,102.64,,,22447,2300720.79,327,F1,1,,,,,
2026-08-28,2026-08-28,CM,NSE,STK,16875,INE176J01011,SICAGEN,EQ,,,,,SICAGEN INDIA LIMITED,53.75,55.0,53.51,54.14,54.5,54.97,,54.17,,,22444,1214814.3,340,F1,1,,,,,
2026-08-28,2026-08-28,CM,NSE,STK,11301,INE150G01020,LUXIND,EQ,,,,,LUX INDUSTRIES LIMITED,1196.0,1227.7,1186.2,1199.5,1200.0,1201.0,,1199.3,,,22393,26964126.0,2724,F1,1,,,,,
2026-08-28,2026-08-28,CM,NSE,STK,756020,INE015C01016,TINNARUBR,EQ,,,,,TINNA RUBBER AND INFR LTD,1008.4,1015.8,995.1,996.1,995.1,998.4,,996.11,,,22357,22416166.6,1836,F1,1,,,,,
2026-08-28,2026-08-28,CM,NSE,STK,11039,INE08KP01019,DCMNVL,EQ,,,,,DCM NOUVELLE LIMITED,193.99,196.99,188.41,192.85,193.81,190.98,,192.82,,,22211,4279157.61,472,F1,1,,,,,
2026-08-28,2026-08-28,CM,NSE,STK,763572,INF666M01OT5,PVTBKGROWW,EQ,,,,,GROWWAMC - PVTBKGROWW,28.19,28.39,27.64,27.86,27.68,27.89,,27.86,,,22199,618547.33,815,F1,1,,,,,
2026-08-28,2026-08-28,CM,NSE,STK,5186,INE239C01020,STYLAMIND,EQ,,,,,STYLAM INDUSTRIES LIMITED,3480.0,3520.0,3440.0,3507.5,3509.3,3471.0,,3507.51,,,22172,77393936.1,5241,F1,1,,,,,
2026-08-28,2026-08-28,CM,NSE,STK,6417,INE479D01038,KRITI,EQ,,,,,KRITI INDUSTRIES IND LTD,64.99,64.99,61.99,62.71,63.8,64.08,,62.64,,,21987,1385198.82,203,F1,1,,,,,
2026-08-28,2026-08-28,CM,NSE,STK,764195,INF174KA1A94,PVTBANK,EQ,,,,,KOTAKMAMC - PVTBANK,27.94,27.96,27.7,27.77,27.96,27.94,,27.77,,,21964,609973.81,16,F1,1,,,,,
2026-08-28,2026-08-28,CM,NSE,STK,2421,INE310A01015,NILKAMAL,EQ,,,,,NILKAMAL LIMITED,2094.0,2105.0,2055.7,2071.9,2085.0,2081.6,,2072.04,,,21838,45371752.4,3119,F1,1,,,,,
2026-08-28,2026-08-28,CM,NSE,STK,7422,INF247L01AU3,MONQ50,EQ,,,,,MOTILALAMC - MONQ50,146.37,146.37,146.37,146.37,146.37,146.52,,146.37,,,21810,3192329.7,80,F1,1,,,,,
2026-08-28,2026-08-28,CM,NSE,STK,14848,INE385I01010,ALPA,EQ,,,,,ALPA LABORATORIES LTD,61.1,65.3,61.0,63.77,64.3,61.18,,63.77,,,21708,1387894.92,338,F1,1,,,,,
2026-08-28,2026-08-28,CM,NSE,STK,7848,INE828A01016,BIL,EQ,,,,,BHARTIYA INTERNATIONAL,872.05,890.0,844.55,857.7,855.0,867.15,,857.7,,,21683,18811970.9,927,F1,1,,,,,
2026-08-28,2026-08-28,CM,NSE,STK,17181,INF769K01FN2,NEXT50,EQ,,,,,MIRAEAMC - MANXT50,767.0,768.74,763.0,763.78,767.57,768.67,,763.65,,,21668,16582325.55,3731,F1,1,,,,,
2026-08-28,2026-08-28,CM,NSE,STK,11596,INE405C01035,LINCOLN,EQ,,,,,LINCOLN PHARMA LTD,616.0,617.85,603.05,614.95,616.5,614.0,,614.97,,,21598,13201052.5,1170,F1,1,,,,,
2026-08-28,2026-08-28,CM,NSE,STK,7518,INE00CA01015,TREJHARA,EQ,,,,,TREJHARA SOLUTIONS LTD,151.8,151.88,143.15,144.2,144.96,149.89,,144.2,,,21578,3162887.01,457,F1,1,,,,,
2026-08-28,2026-08-28,CM,NSE,STK,757953,INE505V01016,EUROBOND,EQ,,,,,EURO PANEL PRODUCTS LTD,155.0,155.0,148.0,150.32,150.55,151.24,,150.32,,,21463,3229880.39,193,F1,1,,,,,
2026-08-28,2026-08-28,CM,NSE,STK,761056,INE0B9A01018,BONLON,EQ,,,,,BONLON INDUSTRIES LIMITED,39.05,41.99,39.05,40.5,40.7,40.3,,40.83,,,21445,874402.71,275,F1,1,,,,,
2026-08-28,2026-08-28,CM,NSE,STK,17486,INE201K01015,EXPLEOSOL,EQ,,,,,EXPLEO SOLUTIONS LIMITED,873.7,897.0,872.0,875.75,877.05,873.7,,875.75,,,21427,18901151.5,1508,F1,1,,,,,
2026-08-28,2026-08-28,CM,NSE,STK,18827,INE747K01017,TARAPUR,EQ,,,,,TARAPUR TRANSFORMERS LTD,14.96,15.1,14.11,14.43,14.3,14.96,,14.45,,,21412,309881.65,131,F1,1,,,,,
2026-08-28,2026-08-28,CM,NSE,STK,8825,INE959A01019,PRIVISCL,EQ,,,,,PRIVI SPECIALITY CHE LTD,3450.1,3490.0,3402.5,3458.0,3404.0,3456.6,,3458.04,,,21368,74067016.7,6003,F1,1,,,,,
2026-08-28,2026-08-28,CM,NSE,STK,1565,INE09E501017,RVHL,EQ,,,,,RAVINDER HEIGHTS LIMITED,39.78,39.78,39.0,39.39,39.4,39.78,,39.39,,,21366,844095.92,80,F1,1,,,,,
2026-08-28,2026-08-28,CM,NSE,STK,1485,INE559A01017,IFBIND,EQ,,,,,IFB INDUSTRIES LTD,1354.3,1358.3,1328.3,1336.8,1337.0,1351.6,,1336.8,,,21273,28482199.9,3241,F1,1,,,,,
2026-08-28,2026-08-28,CM,NSE,STK,10859,INE0JS101016,DREAMFOLKS,EQ,,,,,DREAMFOLKS SERVICES LTD,67.99,68.49,66.86,67.06,66.95,67.31,,67.07,,,21252,1431136.44,650,F1,1,,,,,
2026-08-28,2026-08-28,CM,NSE,STK,22433,INF179KC1HY0,HDFCNIFBAN,EQ,,,,,HDFCAMC - HDFCNIFBAN,59.29,59.44,59.1,59.28,59.37,59.29,,59.28,,,21219,1257592.68,319,F1,1,,,,,
2026-08-28,2026-08-28,CM,NSE,STK,9014,INE294Z01018,ANUP,EQ,,,,,THE ANUP ENGINEERING LTD,1801.0,1817.0,1770.3,1800.5,1800.0,1801.3,,1800.4,,,21172,38002255.5,3164,F1,1,,,,,
2026-08-28,2026-08-28,CM,NSE,STK,19292,INE482B01010,TERASOFT,EQ,,,,,TERA SOFTWARE LIMITED,301.35,307.75,295.3,297.8,300.65,301.35,,297.75,,,21083,6336281.45,1058,F1,1,,,,,
2026-08-28,2026-08-28,CM,NSE,STK,31507,INE147P01019,JPOLYINVST,EQ,,,,,JIND POL INV & FIN CO LTD,968.0,1030.0,968.0,1025.0,1027.1,966.1,,1024.99,,,21055,21235005.3,1610,F1,1,,,,,
2026-08-28,2026-08-28,CM,NSE,STK,2307,INE577A01027,MUNJALSHOW,EQ,,,,,MUNJAL SHOWA LTD,132.52,132.8,130.5,130.97,131.0,131.27,,130.97,,,21024,2762826.8,421,F1,1,,,,,
2026-08-28,2026-08-28,CM,NSE,STK,19410,INE02A801020,ROSSARI,EQ,,,,,ROSSARI BIOTECH LIMITED,499.5,499.55,496.55,498.1,498.6,497.05,,498.08,,,21018,10462522.7,955,F1,1,,,,,
2026-08-28,2026-08-28,CM,NSE,STK,22423,INE336X01012,TOTAL,EQ,,,,,TOTAL TRANSPORT SYS LTD,70.0,72.0,68.54,70.77,71.9,69.57,,70.77,,,20945,1470897.5,244,F1,1,,,,,
2026-08-28,2026-08-28,CM,NSE,STK,13001,INE00OQ01016,DHARMAJ,EQ,,,,,DHARMAJ CROP GUARD LTD,270.25,272.35,269.8,270.45,271.85,270.8,,270.38,,,20846,5636854.8,539,F1,1,,,,,
2026-08-28,2026-08-28,CM,NSE,STK,619,INE485A01015,CENTENKA,EQ,,,,,CENTURY ENKA LTD,548.4,553.0,544.0,547.4,551.95,547.3,,547.39,,,20796,11395546.5,1885,F1,1,,,,,
2026-08-28,2026-08-28,CM,NSE,STK,14245,INE421C01016,TVSSRICHAK,EQ,,,,,TVS SRICHAKRA LIMITED,5251.4,5314.8,5155.3,5292.3,5301.0,5244.5,,5292.21,,,20685,108472467.6,3642,F1,1,,,,,
2026-08-28,2026-08-28,CM,NSE,STK,757669,INF247L01FR8,MOALPHA50,EQ,,,,,MOTILALAMC - MOALPHA50,57.35,57.89,56.97,57.48,57.05,57.1,,57.48,,,20603,1180851.57,71,F1,1,,,,,
2026-08-28,2026-08-28,CM,NSE,STK,18214,INE141K01013,TEXMOPIPES,EQ,,,,,TEXMO PIPE & PRODUCTS LTD,47.01,47.5,46.05,46.24,46.05,46.95,,46.24,,,20451,952006.28,287,F1,1,,,,,
2026-08-28,2026-08-28,CM,NSE,STK,24730,INE642C01025,RUBFILA,EQ,,,,,RUBFILA INTERNATIONAL LTD,66.9,69.55,65.06,68.59,69.55,66.54,,68.59,,,20442,1378437.85,358,F1,1,,,,,
2026-08-28,2026-08-28,CM,NSE,STK,13192,INE265F01028,ENIL,EQ,,,,,ENTERTAIN NET. IND. LTD.,104.98,108.23,103.0,104.89,104.02,104.41,,104.89,,,20428,2166399.81,704,F1,1,,,,,
2026-08-28,2026-08-28,CM,NSE,STK,2313,INE692B01014,MURUDCERA,EQ,,,,,MURUDESHWAR CERAMICS LTD,30.6,30.9,30.15,30.69,30.8,30.65,,30.69,,,20408,623034.11,96,F1,1,,,,,
2026-08-28,2026-08-28,CM,NSE,STK,436,INE133Y01011,IFGLEXPOR,EQ,,,,,IFGL REFRACTORIES LIMITED,210.98,219.0,210.91,215.47,215.9,212.96,,215.47,,,20333,4364552.18,882,F1,1,,,,,
2026-08-28,2026-08-28,CM,NSE,STK,1315,INE600K01018,GALAXYSURF,EQ,,,,,GALAXY SURFACTANTS LTD,2305.0,2327.9,2268.3,2285.0,2294.9,2305.0,,2285.1,,,20322,46793734.5,3748,F1,1,,,,,
2026-08-28,2026-08-28,CM,NSE,STK,10791,INE096B01018,NUCLEUS,EQ,,,,,NUCLEUS SOFTWARE EXPORTS,733.4,749.7,733.4,745.2,746.5,738.1,,745.19,,,20206,15050777.05,1179,F1,1,,,,,
2026-08-28,2026-08-28,CM,NSE,STK,17256,INE155C01010,ALBERTDAVD,EQ,,,,,ALBERT DAVID LIMITED,894.5,912.0,880.05,898.6,898.9,890.25,,898.61,,,20164,18135179.65,1842,F1,1,,,,,
2026-08-28,2026-08-28,CM,NSE,STK,759152,INE0SJA01013,VMSTMT,EQ,,,,,VMS TMT LIMITED,46.5,46.8,45.92,46.05,46.1,46.26,,46.05,,,20154,933197.66,258,F1,1,,,,,
2026-08-28,2026-08-28,CM,NSE,STK,3103,INE070A01015,SHREECEM,EQ,,,,,SHREE CEMENT LIMITED,24480.0,24485.0,23900.0,24000.0,24000.0,24480.0,,24000.0,,,20074,482773675.0,9792,F1,1,,,,,
2026-08-28,2026-08-28,CM,NSE,STK,1530,INE323C01030,INDIANHUME,EQ,,,,,INDIAN HUME PIPE CO. LTD.,392.0,392.1,381.55,386.55,384.0,390.85,,386.55,,,20050,7736590.15,1286,F1,1,,,,,
2026-08-28,2026-08-28,CM,NSE,STK,13592,INE596H01014,HGM,EQ,,,,,HANDSON GBL MNGMNT LTD,44.89,48.9,42.0,46.74,46.79,43.99,,46.84,,,20040,924622.1,329,F1,1,,,,,
2026-08-28,2026-08-28,CM,NSE,STK,14339,INE460C01014,GANESHHOU,EQ,,,,,GANESH HOUSING LIMITED,798.0,812.15,791.05,803.6,804.0,798.3,,803.58,,,19735,15804767.35,1710,F1,1,,,,,
2026-08-28,2026-08-28,CM,NSE,STK,762978,INE765D01022,WPIL,EQ,,,,,W P I L LTD.,448.6,454.95,441.25,447.75,447.1,448.65,,447.73,,,19718,8847857.8,1145,F1,1,,,,,
2026-08-28,2026-08-28,CM,NSE,STK,4007,INE558D01021,CORALFINAC,EQ,,,,,CORAL INDIA FIN & HOUS LT,34.16,34.16,33.16,33.26,33.86,33.8,,33.29,,,19686,663128.58,403,F1,1,,,,,
2026-08-28,2026-08-28,CM,NSE,STK,13288,INE00ZE01026,AFSL,EQ,,,,,ABANS FINANCIAL SRVCS LTD,201.01,215.0,201.01,211.92,212.16,202.04,,212.0,,,19645,4104029.49,432,F1,1,,,,,
2026-08-28,2026-08-28,CM,NSE,STK,8119,INE425Y01011,RPSGVENT,EQ,,,,,RPSG VENTURES LIMITED,864.15,864.9,853.0,857.15,854.0,861.35,,857.17,,,19607,16820087.95,878,F1,1,,,,,
2026-08-28,2026-08-28,CM,NSE,STK,764880,INE068B01017,SEKURITIND,EQ,,,,,SAINT GOBAIN SEKUR IND L,116.77,117.0,115.0,115.43,115.5,116.78,,115.48,,,19600,2272316.7,240,F1,1,,,,,
2026-08-28,2026-08-28,CM,NSE,STK,15049,INE306C01019,ENERGYDEV,EQ,,,,,ENERGY DEVE. CO.LTD,16.13,16.39,16.0,16.06,16.0,16.13,,16.08,,,19571,316501.78,250,F1,1,,,,,
2026-08-28,2026-08-28,CM,NSE,STK,13577,INE540H01012,VOLTAMP,EQ,,,,,VOLTAMP TRANSFORMERS LTD,11218.0,11338.0,11000.0,11038.5,11073.0,11228.5,,11038.42,,,19236,214568828.0,8259,F1,1,,,,,
2026-08-28,2026-08-28,CM,NSE,STK,765060,INE715T01031,DHATRE,EQ,,,,,DHATRE UDYOG LTD.,4.42,4.42,4.15,4.24,4.24,4.32,,4.23,,,19182,81310.29,117,F1,1,,,,,
2026-08-28,2026-08-28,CM,NSE,STK,7457,INE293B01029,HAVISHA,EQ,,,,,SRI HAVISHA HOSP & INFR L,1.41,1.41,1.35,1.37,1.39,1.35,,1.37,,,19177,26403.29,91,F1,1,,,,,
2026-08-28,2026-08-28,CM,NSE,STK,1442,INE058A01010,SANOFI,EQ,,,,,SANOFI INDIA LIMITED,3171.0,3199.0,3160.1,3181.6,3183.0,3181.0,,3181.59,,,19128,60878376.3,3192,F1,1,,,,,
2026-08-28,2026-08-28,CM,NSE,STK,17364,INE410B01037,VINATIORGA,EQ,,,,,VINATI ORGANICS LTD,1325.0,1332.8,1322.0,1325.2,1325.2,1318.4,,1325.19,,,19076,25293419.8,1645,F1,1,,,,,
2026-08-28,2026-08-28,CM,NSE,STK,759587,INE00Q601028,STUDDS,EQ,,,,,STUDDS ACCESSORIES LTD,448.85,452.95,440.05,450.0,450.0,450.25,,450.0,,,18936,8527632.1,1142,F1,1,,,,,
2026-08-28,2026-08-28,CM,NSE,STK,2614,INE694N01015,HERANBA,EQ,,,,,HERANBA INDUSTRIES LTD,174.0,174.0,170.0,171.64,172.33,169.69,,171.44,,,18761,3214997.32,866,F1,1,,,,,
2026-08-28,2026-08-28,CM,NSE,STK,6568,INE801V01019,LAXMICOT,EQ,,,,,LAXMI COTSPIN LIMITED,14.19,14.19,13.35,13.42,13.4,13.83,,13.42,,,18723,252677.64,86,F1,1,,,,,
2026-08-28,2026-08-28,CM,NSE,STK,4201,INE314C01013,SOMATEX,EQ,,,,,SOMA TEXTILES & INDUST LT,80.0,82.8,76.76,77.16,78.11,80.8,,77.15,,,18586,1447625.91,371,F1,1,,,,,
2026-08-28,2026-08-28,CM,NSE,STK,762757,INE552U01010,KPL,EQ,,,,,KWALITY PHARMACEUTICALS L,3276.6,3338.4,3257.7,3314.3,3313.0,3267.1,,3314.14,,,18523,61112454.4,3004,F1,1,,,,,
2026-08-28,2026-08-28,CM,NSE,STK,757965,INE0NAZ01010,SMARTWORKS,EQ,,,,,SMARTWORKS COWORKING SP L,537.55,542.0,533.75,538.75,542.0,540.6,,538.76,,,18490,9940333.7,1792,F1,1,,,,,
2026-08-28,2026-08-28,CM,NSE,STK,3066,INE630A01024,SESHAPAPER,EQ,,,,,SESHASAYEE PAPER & BOARDS,231.73,234.7,228.01,229.61,228.1,230.11,,229.46,,,18457,4244661.31,619,F1,1,,,,,
2026-08-28,2026-08-28,CM,NSE,STK,29944,INF174KA1UW4,NIFTY100EW,EQ,,,,,KOTAKMAMC - NIFTY100EW,35.66,35.66,35.36,35.54,35.6,35.69,,35.54,,,18378,653139.38,202,F1,1,,,,,
2026-08-28,2026-08-28,CM,NSE,STK,764980,INE359B01010,VEDAVAAG,EQ,,,,,VEDAVAAG SYSTEMS LTD.,18.9,18.9,18.0,18.33,18.4,18.36,,18.35,,,18350,337622.7,119,F1,1,,,,,
2026-08-28,2026-08-28,CM,NSE,STK,15214,INE477B01010,DVL,EQ,,,,,DHUNSERI VENTURES LIMITED,291.55,293.14,278.0,279.37,280.25,293.97,,279.43,,,18238,5168791.16,728,F1,1,,,,,
2026-08-28,2026-08-28,CM,NSE,STK,21314,INE256H01015,DYNPRO,EQ,,,,,DYNEMIC PRODUCTS LIMITED,236.5,236.5,223.1,228.55,228.3,232.4,,228.8,,,18143,4175200.2,803,F1,1,,,,,
2026-08-28,2026-08-28,CM,NSE,STK,9750,INE04TZ01018,ETHOSLTD,EQ,,,,,ETHOS LIMITED,2883.2,2910.0,2850.2,2875.1,2895.0,2891.0,,2875.22,,,18140,52348744.6,3573,F1,1,,,,,
2026-08-28,2026-08-28,CM,NSE,STK,760594,INE24OJ01011,BUILDPRO,EQ,,,,,SHANKARA BUILDPRO LIMITED,1242.0,1268.2,1240.1,1243.7,1245.3,1242.1,,1243.74,,,18107,22718562.7,1757,F1,1,,,,,
2026-08-28,2026-08-28,CM,NSE,STK,762563,INE704G01024,BAJAJST,EQ,,,,,BAJAJ STEEL INDS. LTD.,362.65,364.65,343.0,345.55,346.85,357.4,,345.6,,,18018,6288408.15,1028,F1,1,,,,,
2026-08-28,2026-08-28,CM,NSE,STK,16943,INE760Y01011,ASHOKAMET,EQ,,,,,ASHOKA METCAST LIMITED,13.88,13.89,13.16,13.65,13.65,13.51,,13.65,,,17883,245560.87,134,F1,1,,,,,
2026-08-28,2026-08-28,CM,NSE,STK,24321,INE0S2V01010,VRAJ,EQ,,,,,VRAJ IRON AND STEEL LTD,127.19,129.49,125.13,125.47,126.0,127.19,,125.47,,,17793,2264128.53,600,F1,1,,,,,
2026-08-28,2026-08-28,CM,NSE,STK,764638,INE700F01024,CFEL,EQ,,,,,CONFIDENCE FUTURIST ENE L,32.0,32.0,31.0,31.0,31.0,31.63,,31.0,,,17757,556215.56,64,F1,1,,,,,
2026-08-28,2026-08-28,CM,NSE,STK,21957,INE611L01021,INDTERRAIN,EQ,,,,,IND TERRAIN FASHIONS LTD,30.12,30.5,29.75,30.02,30.0,30.11,,30.08,,,17734,531915.04,78,F1,1,,,,,
2026-08-28,2026-08-28,CM,NSE,STK,29439,INE822E01011,SUPREME,EQ,,,,,SUPREME HOLDIN N HOSP I L,39.9,40.0,38.67,38.78,38.95,39.0,,38.78,,,17568,687914.06,117,F1,1,,,,,
2026-08-28,2026-08-28,CM,NSE,STK,4491,INE782A01015,BOSCH-HCIL,EQ,,,,,BOSCH HOME COMFRT IND LTD,1675.1,1706.8,1666.8,1695.2,1685.0,1667.6,,1697.41,,,17547,29649557.1,2124,F1,1,,,,,
2026-08-28,2026-08-28,CM,NSE,STK,13920,INE083C01022,PLASTIBLEN,EQ,,,,,PLASTIBLENDS INDIA LTD,189.95,191.69,188.08,189.56,188.4,189.24,,189.57,,,17406,3298648.51,439,F1,1,,,,,
2026-08-28,2026-08-28,CM,NSE,STK,24851,INE442P01014,SUYOG,EQ,,,,,SUYOG TELEMATICS LIMITED,766.5,771.0,735.1,745.3,745.0,764.85,,745.3,,,17328,12989090.4,1347,F1,1,,,,,
2026-08-28,2026-08-28,CM,NSE,STK,764578,INE058F01019,ALUFLUOR,EQ,,,,,ALUFLUORIDE LTD.,469.9,484.0,459.5,477.9,481.0,458.5,,478.66,,,17315,8235404.8,692,F1,1,,,,,
2026-08-28,2026-08-28,CM,NSE,STK,765065,INE595R01023,EASTWEST,EQ,,,,,EAST WEST FREIGHT CARRI L,2.46,2.57,2.44,2.49,2.54,2.49,,2.49,,,17311,42911.08,93,F1,1,,,,,
2026-08-28,2026-08-28,CM,NSE,STK,14139,INE05ST01028,SBGLP,EQ,,,,,SURATWWALA BUS GROUP LTD,23.32,26.0,23.32,24.63,24.79,24.0,,24.63,,,17281,428247.79,230,F1,1,,,,,
2026-08-28,2026-08-28,CM,NSE,STK,13337,INE297H01019,GALLANTT,EQ,,,,,GALLANTT ISPAT LIMITED,579.45,585.85,574.75,577.85,578.55,576.85,,577.79,,,17144,9937252.85,2197,F1,1,,,,,
2026-08-28,2026-08-28,CM,NSE,STK,759517,INE0XAD01024,MIDWESTLTD,EQ,,,,,MIDWEST LIMITED,1114.4,1127.0,1101.0,1106.6,1106.2,1114.4,,1106.62,,,17134,18964233.9,957,F1,1,,,,,
2026-08-28,2026-08-28,CM,NSE,STK,15404,INE09KD01013,ATAM,EQ,,,,,ATAM VALVES LIMITED,56.51,58.5,55.25,55.85,55.55,56.51,,55.87,,,17108,972781.66,239,F1,1,,,,,
2026-08-28,2026-08-28,CM,NSE,STK,759397,INE880Y01017,SOLEX,EQ,,,,,SOLEX ENERGY LIMITED,767.3,772.2,757.0,759.6,761.0,762.0,,759.64,,,17022,12969640.05,2012,F1,1,,,,,
2026-08-28,2026-08-28,CM,NSE,STK,28805,INE0JPD01013,SANATHAN,EQ,,,,,SANATHAN TEXTILES LIMITED,466.85,466.85,445.1,448.05,446.0,461.45,,448.65,,,16896,7648544.45,1047,F1,1,,,,,
2026-08-28,2026-08-28,CM,NSE,STK,18131,INE616Z01012,YASHO,EQ,,,,,YASHO INDUSTRIES LIMITED,4341.7,4450.0,4304.1,4338.8,4340.0,4341.7,,4338.56,,,16813,73151494.5,4335,F1,1,,,,,
2026-08-28,2026-08-28,CM,NSE,STK,1482,INE076C01018,IFBAGRO,EQ,,,,,IFB AGRO INDUSTRIES LTD,950.5,950.5,915.0,919.8,925.0,946.15,,919.83,,,16694,15439935.55,804,F1,1,,,,,
2026-08-28,2026-08-28,CM,NSE,STK,759458,INF666M01LZ8,GROWWNXT50,EQ,,,,,GROWWAMC - GROWWNXT50,75.48,75.48,74.17,74.51,74.7,74.99,,74.51,,,16692,1243594.15,116,F1,1,,,,,
2026-08-28,2026-08-28,CM,NSE,STK,761528,INE0ADB01012,INNOVISION,EQ,,,,,INNOVISION LIMITED,249.3,254.75,246.2,247.25,246.85,251.4,,247.15,,,16674,4154230.4,1178,F1,1,,,,,
2026-08-28,2026-08-28,CM,NSE,STK,12716,INE985S01024,TEAMLEASE,EQ,,,,,TEAMLEASE SERVICES LTD.,1260.0,1290.0,1243.0,1272.7,1262.0,1252.7,,1272.7,,,16630,21103112.2,3349,F1,1,,,,,
2026-08-28,2026-08-28,CM,NSE,STK,11983,INE231F01020,SASKEN,EQ,,,,,SASKEN TECHNOLOGIES LTD,1861.4,1932.0,1861.4,1901.0,1900.0,1861.4,,1901.07,,,16489,31420499.9,1880,F1,1,,,,,
2026-08-28,2026-08-28,CM,NSE,STK,778,INE055C01020,KEEPLEARN,EQ,,,,,DSJ KEEP LEARNING LTD,1.98,1.98,1.91,1.94,1.98,1.98,,1.94,,,16395,32021.28,76,F1,1,,,,,
2026-08-28,2026-08-28,CM,NSE,STK,10181,INE875R01011,BALKRISHNA,EQ,,,,,BALKRISHNA PAPER MILLS L,17.11,17.48,16.6,16.89,16.67,17.13,,16.87,,,16299,276132.46,210,F1,1,,,,,
2026-08-28,2026-08-28,CM,NSE,STK,30121,INF769K01OA1,EQUAL200,EQ,,,,,MIRAEAMC - EQUAL200,14.04,14.05,13.96,13.99,14.01,14.02,,13.99,,,16273,227293.91,66,F1,1,,,,,
2026-08-28,2026-08-28,CM,NSE,STK,445,INE618L01018,5PAISA,EQ,,,,,5PAISA CAPITAL LIMITED,371.0,372.5,365.0,368.35,366.0,371.15,,368.24,,,16145,5965880.0,1159,F1,1,,,,,
2026-08-28,2026-08-28,CM,NSE,STK,762695,INE926B01016,GRANDOAK,EQ,,,,,GRAND OAK CANYONS DIST L,37.82,38.95,35.58,36.69,36.7,37.45,,36.69,,,16138,587282.75,228,F1,1,,,,,
2026-08-28,2026-08-28,CM,NSE,STK,759842,INE351Y01019,BETA,EQ,,,,,BETA DRUGS LIMITED,2194.2,2253.0,2166.2,2201.0,2195.1,2194.2,,2201.0,,,16090,35278285.4,2550,F1,1,,,,,
2026-08-28,2026-08-28,CM,NSE,STK,9046,INE740V01019,AGROPHOS,EQ,,,,,AGRO PHOS INDIA LIMITED,27.0,27.49,26.01,26.34,26.35,27.04,,26.34,,,15966,421412.56,164,F1,1,,,,,
2026-08-28,2026-08-28,CM,NSE,STK,5782,INF769K01HP3,MASPTOP50,EQ,,,,,MIRAEAMC - MASPTOP50,79.78,79.78,79.78,79.78,79.78,79.96,,79.78,,,15883,1267145.74,96,F1,1,,,,,
2026-08-28,2026-08-28,CM,NSE,STK,17933,INE520H01022,BEARDSELL,EQ,,,,,BEARDSELL LIMITED,27.68,27.68,25.65,25.96,26.26,26.52,,25.96,,,15836,415676.44,326,F1,1,,,,,
2026-08-28,2026-08-28,CM,NSE,STK,761330,INE757T01025,AEPL,EQ,,,,,ARTEMIS ELECTRICALS & P L,15.65,15.65,14.67,15.38,15.35,15.39,,15.36,,,15835,239380.15,157,F1,1,,,,,
2026-08-28,2026-08-28,CM,NSE,STK,8632,INF174KA1IY5,LOWVOL1,EQ,,,,,KOTAKMAMC - KOTAKLOVOL,21.34,21.37,21.17,21.29,21.17,21.33,,21.29,,,15820,336639.87,173,F1,1,,,,,
2026-08-28,2026-08-28,CM,NSE,STK,764288,INF754K01XG1,EMETAL,EQ,,,,,EDELAMC - EMETAL,13.63,13.63,13.42,13.53,13.54,13.3,,13.53,,,15808,213132.68,42,F1,1,,,,,
2026-08-28,2026-08-28,CM,NSE,STK,3389,INE204E01012,AGARIND,EQ,,,,,AGARWAL INDS CORP LTD.,466.25,470.0,463.85,465.3,464.6,465.5,,465.41,,,15795,7366144.05,1074,F1,1,,,,,
2026-08-28,2026-08-28,CM,NSE,STK,12219,INE263M01029,RUSTOMJEE,EQ,,,,,KEYSTONE REALTORS LIMITED,383.8,383.8,378.1,380.3,381.2,381.8,,380.32,,,15764,5989519.65,746,F1,1,,,,,
2026-08-28,2026-08-28,CM,NSE,STK,27571,INE054301028,ODIGMA,EQ,,,,,ODIGMA CONSULTANCY SOL L,22.3,23.11,22.3,23.0,23.0,22.73,,23.01,,,15757,360451.39,220,F1,1,,,,,
2026-08-28,2026-08-28,CM,NSE,STK,764628,INE320I01017,BRAHMINFRA,EQ,,,,,BRAHMAPUTRA INFRA L,161.29,165.0,155.02,160.13,163.49,156.86,,160.34,,,15733,2496845.95,468,F1,1,,,,,
2026-08-28,2026-08-28,CM,NSE,STK,13560,INE536A01023,GRINDWELL,EQ,,,,,GRINDWELL NORTON LIMITED,2034.2,2063.7,2024.4,2057.7,2059.0,2024.1,,2057.67,,,15697,32155052.8,5057,F1,1,,,,,
2026-08-28,2026-08-28,CM,NSE,STK,10406,INE395H01011,STEELCITY,EQ,,,,,STEEL CITY SECURITIES LTD,85.3,86.78,83.59,84.16,84.25,86.2,,84.16,,,15673,1332020.43,186,F1,1,,,,,
2026-08-28,2026-08-28,CM,NSE,STK,760715,INE115S01010,HALDER,EQ,,,,,HALDER VENTURE LIMITED,297.97,298.0,287.0,294.99,295.0,297.88,,295.73,,,15606,4624426.06,143,F1,1,,,,,
2026-08-28,2026-08-28,CM,NSE,STK,762914,INE438E01032,SIKA,EQ,,,,,SIKA INTERPLANT SYSTEMS L,1002.1,1027.0,1002.1,1018.6,1019.9,1006.9,,1018.59,,,15560,15824188.5,1360,F1,1,,,,,
2026-08-28,2026-08-28,CM,NSE,STK,19205,INE759V01019,HEADSUP,EQ,,,,,HEADS UP VENTURES LIMITED,6.8,7.29,6.8,6.99,7.0,6.87,,6.99,,,15550,108895.16,111,F1,1,,,,,
2026-08-28,2026-08-28,CM,NSE,STK,759847,INE024F01011,SHILCTECH,EQ,,,,,SHILCHAR TECHNOLOGIES LTD,4101.0,4106.0,4014.2,4084.2,4071.0,4045.8,,4083.72,,,15471,63014535.0,3736,F1,1,,,,,
2026-08-28,2026-08-28,CM,NSE,STK,3512,INE141D01018,TNTELE,EQ,,,,,TAMILNADU TELECOMMUNICATI,9.13,9.13,8.91,8.95,8.96,8.91,,8.95,,,15400,137576.89,45,F1,1,,,,,
2026-08-28,2026-08-28,CM,NSE,STK,16725,INE105J01010,RPGLIFE,EQ,,,,,RPG LIFE SCIENCES LTD,2582.3,2582.3,2490.1,2537.6,2525.0,2567.6,,2537.5,,,15329,38678860.1,2016,F1,1,,,,,
2026-08-28,2026-08-28,CM,NSE,STK,15716,INE557Z01018,PIGL,EQ,,,,,POWER INSTRUMENT (G) LTD,103.76,103.79,101.58,102.14,102.55,101.85,,102.14,,,14912,1524869.03,743,F1,1,,,,,
2026-08-28,2026-08-28,CM,NSE,STK,18644,INE591D01014,DIAMINESQ,EQ,,,,,DIAMINES & CHEMICALS LTD,240.8,245.99,240.1,243.27,245.9,244.38,,243.27,,,14898,3622666.41,231,F1,1,,,,,
2026-08-28,2026-08-28,CM,NSE,STK,1576,INE322A01010,GILLETTE,EQ,,,,,GILLETTE INDIA LTD,7431.5,7442.5,7300.0,7316.0,7308.0,7409.0,,7318.74,,,14848,109194395.0,5430,F1,1,,,,,
2026-08-28,2026-08-28,CM,NSE,STK,22722,INF767K01RN1,LICNMID100,EQ,,,,,LICNAMC - LICNMID100,64.8,65.11,63.89,64.21,64.21,64.27,,64.21,,,14789,953763.37,103,F1,1,,,,,
2026-08-28,2026-08-28,CM,NSE,STK,13656,INE062D01024,ALICON,EQ,,,,,ALICON CASTALLOY LIMITED,678.35,695.9,678.15,685.05,688.25,683.65,,685.01,,,14703,10085717.55,1018,F1,1,,,,,
2026-08-28,2026-08-28,CM,NSE,STK,15156,INE314G01014,KALYANIFRG,EQ,,,,,KALYANI FORGE LIMITED,679.3,784.5,672.05,761.95,745.0,682.45,,762.08,,,14670,10873848.1,836,F1,1,,,,,
2026-08-28,2026-08-28,CM,NSE,STK,11852,INE713B01026,SURYALAXMI,EQ,,,,,SURYALAKSHMI COT MIL LTD,58.59,59.97,56.0,58.05,58.69,57.14,,58.05,,,14628,853181.11,83,F1,1,,,,,
2026-08-28,2026-08-28,CM,NSE,STK,19876,INE258Y01016,LGHL,EQ,,,,,LAXMI GOLDORNA HOUSE LTD,170.0,183.6,170.0,173.45,175.98,179.9,,173.45,,,14592,2597683.56,764,F1,1,,,,,
2026-08-28,2026-08-28,CM,NSE,STK,4953,INE737B01033,ADROITINFO,EQ,,,,,ADROIT INFOTECH LIMITED,10.64,10.77,10.12,10.44,10.25,10.4,,10.44,,,14489,151539.06,148,F1,1,,,,,
2026-08-28,2026-08-28,CM,NSE,STK,4040,INE158B01016,EIMCOELECO,EQ,,,,,EIMCO ELECON (INDIA) LTD,2225.5,2232.5,2182.1,2196.1,2197.0,2211.2,,2196.9,,,14369,31693117.2,2454,F1,1,,,,,
2026-08-28,2026-08-28,CM,NSE,STK,20086,INE521J01018,CPCAP,EQ,,,,,CP CAPITAL LIMITED,112.73,116.19,111.0,114.16,113.05,112.73,,114.18,,,14367,1631276.17,409,F1,1,,,,,
2026-08-28,2026-08-28,CM,NSE,STK,3757,INE398A01010,VENKEYS,EQ,,,,,VENKY S (INDIA) LIMITED,1583.0,1587.3,1565.0,1571.9,1571.0,1575.6,,1571.96,,,14290,22511155.7,1655,F1,1,,,,,
2026-08-28,2026-08-28,CM,NSE,STK,7456,INF740KA1ZF3,MIDQ50ADD,EQ,,,,,DSPAMC - DSPQ50ETF,25.6,25.66,25.54,25.6,25.62,25.49,,25.6,,,14180,363050.19,86,F1,1,,,,,
2026-08-28,2026-08-28,CM,NSE,STK,10948,INE655A01013,STCINDIA,EQ,,,,,THE STATE TRADING CORPN,117.6,118.5,116.21,116.88,117.05,117.48,,116.88,,,14173,1662777.4,334,F1,1,,,,,
2026-08-28,2026-08-28,CM,NSE,STK,762864,INE951M01037,RRIL,EQ,,,,,R R I L LTD.,16.68,17.88,16.68,16.71,16.69,17.27,,16.8,,,13971,236269.2,84,F1,1,,,,,
2026-08-28,2026-08-28,CM,NSE,STK,11241,INF179KC1DJ0,HDFCGROWTH,EQ,,,,,HDFCAMC - HDFCGROWTH,121.5,121.85,120.92,121.37,121.81,120.43,,121.35,,,13860,1682458.99,98,F1,1,,,,,
2026-08-28,2026-08-28,CM,NSE,STK,804,INE705C01020,SHIVATEX,EQ,,,,,SHIVA TEXYARN LIMITED,166.08,179.0,166.06,176.4,176.01,170.97,,176.4,,,13850,2433188.64,197,F1,1,,,,,
2026-08-28,2026-08-28,CM,NSE,STK,764813,INE031G01022,OPTIFIN,EQ,,,,,OPTIMUS FINANCE LTD.,13.0,13.65,12.9,13.03,13.38,13.09,,13.04,,,13755,181925.88,101,F1,1,,,,,
2026-08-28,2026-08-28,CM,NSE,STK,14440,INE290A01027,NAHARSPING,EQ,,,,,NAHAR SPINNING MILLS LTD.,291.25,294.55,287.7,288.4,290.1,291.25,,288.4,,,13709,3956825.3,386,F1,1,,,,,
2026-08-28,2026-08-28,CM,NSE,STK,11593,INF179KC1HX2,HDFCSENSEX,EQ,,,,,HDFCAMC - HDFCSENSEX,88.0,88.0,87.31,87.54,87.4,87.65,,87.54,,,13651,1196568.37,464,F1,1,,,,,
2026-08-28,2026-08-28,CM,NSE,STK,10578,INE943D01017,MPSLTD,EQ,,,,,MPS LIMITED,2660.2,2699.0,2647.0,2677.9,2676.9,2660.2,,2677.85,,,13645,36530667.7,2239,F1,1,,,,,
2026-08-28,2026-08-28,CM,NSE,STK,13182,INE283H01019,ROHLTD,EQ,,,,,ROYAL ORCHID HOTELS LTD,302.5,303.7,300.0,302.35,303.0,303.15,,302.35,,,13630,4106897.85,516,F1,1,,,,,
2026-08-28,2026-08-28,CM,NSE,STK,11309,INE618N01022,BALAXI,EQ,,,,,BALAXI PHARMA LTD,22.1,22.9,22.1,22.54,22.6,22.44,,22.54,,,13533,305422.78,96,F1,1,,,,,
2026-08-28,2026-08-28,CM,NSE,STK,11864,INE032B01021,PRIMESECU,EQ,,,,,PRIME SECURITIES LIMITED,281.35,292.0,276.05,287.85,287.0,279.9,,287.91,,,13466,3836395.45,349,F1,1,,,,,
2026-08-28,2026-08-28,CM,NSE,STK,764995,INE380K01017,VIVOBIOT,EQ,,,,,VIVO BIO TECH LTD.,18.98,18.98,17.65,18.11,18.65,18.8,,18.14,,,13463,246904.99,107,F1,1,,,,,
2026-08-28,2026-08-28,CM,NSE,STK,14687,INE426D01013,GOACARBON,EQ,,,,,GOA CARBON LIMITED,356.0,363.0,351.15,361.85,363.0,352.15,,361.74,,,13443,4816053.55,864,F1,1,,,,,
2026-08-28,2026-08-28,CM,NSE,STK,16827,INE760A01029,KOKUYOCMLN,EQ,,,,,KOKUYO CAMLIN LIMITED,81.0,81.9,80.02,80.18,80.15,81.21,,80.18,,,13438,1080896.44,265,F1,1,,,,,
2026-08-28,2026-08-28,CM,NSE,STK,17616,INF740KA1SY9,PSUBANKADD,EQ,,,,,DSPAMC - DSPPSBKETF,86.9,87.15,86.5,86.88,86.5,87.02,,86.88,,,13408,1164668.93,446,F1,1,,,,,
2026-08-28,2026-08-28,CM,NSE,STK,22675,INE646H01017,CAPITALSFB,EQ,,,,,CAPITAL SMALL FIN BANK L,286.85,286.9,280.05,281.65,281.25,283.95,,281.76,,,13245,3747618.4,564,F1,1,,,,,
2026-08-28,2026-08-28,CM,NSE,STK,756015,INE345H01024,CIFL,EQ,,,,,CAPITAL INDIA FINANCE LTD,20.33,20.86,20.33,20.72,20.75,20.74,,20.72,,,13146,272547.51,130,F1,1,,,,,
2026-08-28,2026-08-28,CM,NSE,STK,14413,INE761H01022,PAGEIND,EQ,,,,,PAGE INDUSTRIES LTD,35800.0,35985.0,35510.0,35985.0,35985.0,35800.0,,35981.68,,,13087,467718770.0,6258,F1,1,,,,,
2026-08-28,2026-08-28,CM,NSE,STK,17927,INE462A01022,BAYERCROP,EQ,,,,,BAYER CROPSCIENCE LTD,4077.0,4077.3,4042.0,4048.7,4049.8,4067.9,,4048.73,,,12947,52459716.6,2329,F1,1,,,,,
2026-08-28,2026-08-28,CM,NSE,STK,10415,INE296G01013,MUTHOOTCAP,EQ,,,,,MUTHOOT CAP SERV LTD,244.7,245.68,236.9,240.43,244.49,241.13,,240.38,,,12868,3115377.17,329,F1,1,,,,,
2026-08-28,2026-08-28,CM,NSE,STK,14908,INE291D01011,KDDL,EQ,,,,,KDDL LIMITED,3949.0,3972.4,3921.9,3936.9,3940.2,3947.2,,3936.9,,,12866,50723691.7,3199,F1,1,,,,,
2026-08-28,2026-08-28,CM,NSE,STK,764050,INE724A01017,GYFTR,EQ,,,,,GYFTR LIMITED,168.58,168.58,164.88,166.82,168.5,166.81,,166.74,,,12842,2133948.31,121,F1,1,,,,,
2026-08-28,2026-08-28,CM,NSE,STK,764402,INF247L01HG7,MOMETAL,EQ,,,,,MOTILALAMC - MOMETAL,13.5,13.68,13.44,13.62,13.57,13.48,,13.62,,,12835,173075.68,24,F1,1,,,,,
2026-08-28,2026-08-28,CM,NSE,STK,13035,INE429E01023,SAFARI,EQ,,,,,SAFARI IND (INDIA) LTD,1521.8,1533.8,1497.6,1509.7,1510.0,1522.2,,1509.7,,,12818,19329943.9,2368,F1,1,,,,,
2026-08-28,2026-08-28,CM,NSE,STK,11935,INE978G01016,SPLIL,EQ,,,,,SPL INDUSTRIES LIMITED,34.15,34.99,33.0,33.13,33.17,34.08,,32.99,,,12759,428826.33,113,F1,1,,,,,
2026-08-28,2026-08-28,CM,NSE,STK,17598,INE073G01016,ASALCBR,EQ,,,,,ASSO ALCOHOLS & BREW LTD,719.6,721.4,710.0,714.5,715.7,716.4,,714.56,,,12716,9081184.9,1629,F1,1,,,,,
2026-08-28,2026-08-28,CM,NSE,STK,14547,INE353A01023,NDLVENTURE,EQ,,,,,NDL VENTURES LIMITED,124.82,124.82,117.16,119.7,122.79,122.62,,119.46,,,12469,1499408.58,212,F1,1,,,,,
2026-08-28,2026-08-28,CM,NSE,STK,9087,INE751B01018,PIXTRANS,EQ,,,,,PIX TRANSMISSIONS LIMITED,1870.0,1870.0,1831.0,1843.3,1849.0,1863.6,,1843.31,,,12449,22976178.5,2113,F1,1,,,,,
2026-08-28,2026-08-28,CM,NSE,STK,14319,INE804H01012,TFL,EQ,,,,,TRANSWARRANTY FIN. LTD.,12.45,12.85,11.62,12.46,12.85,12.07,,12.46,,,12439,153792.86,84,F1,1,,,,,
2026-08-28,2026-08-28,CM,NSE,STK,17839,INE047B01011,GILLANDERS,EQ,,,,,GILLANDERS ARBUTHNOT LTD,105.0,108.45,105.0,106.38,107.8,104.99,,106.38,,,12239,1297436.29,93,F1,1,,,,,
2026-08-28,2026-08-28,CM,NSE,STK,13761,INE464A01036,BBL,EQ,,,,,BHARAT BIJLEE LTD,2384.0,2384.0,2345.0,2358.8,2359.9,2370.4,,2358.62,,,12187,28767682.1,1663,F1,1,,,,,
2026-08-28,2026-08-28,CM,NSE,STK,765205,INE400A01014,TUTIALKA,EQ,,,,,TUTICORIN ALKAL CH & FE L,60.0,61.73,59.06,59.47,59.98,59.04,,59.81,,,12125,723141.75,173,F1,1,,,,,
2026-08-28,2026-08-28,CM,NSE,STK,940,INE199A01012,PGHL,EQ,,,,,PROCTER & GAMBLE HEALTH L,5750.0,5750.0,5640.0,5670.5,5690.0,5722.5,,5670.49,,,12108,68766537.5,3706,F1,1,,,,,
2026-08-28,2026-08-28,CM,NSE,STK,757919,INE16SF01016,BORANA,EQ,,,,,BORANA WEAVES LIMITED,311.85,322.0,309.85,317.75,315.25,310.15,,317.75,,,12087,3794309.35,245,F1,1,,,,,
2026-08-28,2026-08-28,CM,NSE,STK,14068,INE229C01021,SAGCEM,EQ,,,,,SAGAR CEMENTS LIMITED,165.1,165.1,162.22,162.96,163.0,164.09,,162.96,,,12009,1962994.43,422,F1,1,,,,,
2026-08-28,2026-08-28,CM,NSE,STK,11058,INE650K01021,SECURKLOUD,EQ,,,,,SECUREKLOUD TECH LIMITED,18.18,18.18,17.21,17.4,17.26,17.8,,17.4,,,11774,206007.93,90,F1,1,,,,,
2026-08-28,2026-08-28,CM,NSE,STK,17794,INE323J01019,SOMICONVEY,EQ,,,,,SOMI CONVEYOR BELT. LTD.,90.63,94.49,90.1,91.58,91.02,91.28,,91.55,,,11707,1080712.65,574,F1,1,,,,,
2026-08-28,2026-08-28,CM,NSE,STK,8266,INE728Z01015,SOFTTECH,EQ,,,,,SOFTTECH ENGINEERS LTD,419.5,422.0,416.0,417.4,420.0,419.4,,417.4,,,11674,4877111.5,113,F1,1,,,,,
2026-08-28,2026-08-28,CM,NSE,STK,4681,INE657B01025,BLUECHIP,EQ,,,,,BLUE CHIP INDIA LIMITED,2.14,2.14,2.14,2.14,2.14,2.1,,2.24,,,11621,24868.94,15,F1,1,,,,,
2026-08-28,2026-08-28,CM,NSE,STK,3834,INE838B01021,BHARATRAS,EQ,,,,,BHARAT RASAYAN LTD,1278.5,1281.7,1251.5,1255.2,1256.0,1272.6,,1255.21,,,11614,14621289.4,1829,F1,1,,,,,
2026-08-28,2026-08-28,CM,NSE,STK,11842,INE278G01037,CYBERMEDIA,EQ,,,,,CYBER MEDIA (INDIA) LTD.,18.42,18.96,17.85,18.78,18.88,18.41,,18.78,,,11469,213148.23,167,F1,1,,,,,
2026-08-28,2026-08-28,CM,NSE,STK,7129,INE761Y01019,ZODIAC,EQ,,,,,ZODIAC ENERGY LIMITED,245.0,251.9,243.35,247.25,249.5,245.8,,247.15,,,11449,2839172.45,551,F1,1,,,,,
2026-08-28,2026-08-28,CM,NSE,STK,5020,INE308E01029,SVPGLOB,EQ,,,,,SVP GLOBAL TEXTILES LTD,3.9,3.9,3.65,3.73,3.88,3.75,,3.74,,,11390,42326.91,73,F1,1,,,,,
2026-08-28,2026-08-28,CM,NSE,STK,11773,INE755Q01025,VISHAL,EQ,,,,,VISHAL FABRICS LTD.,19.3,19.3,18.5,18.7,18.8,18.7,,18.7,,,11364,212588.79,121,F1,1,,,,,
2026-08-28,2026-08-28,CM,NSE,STK,21840,INE393P01035,DIAMONDYD,EQ,,,,,PRATAAP SNACKS LIMITED,1170.1,1175.9,1150.0,1162.8,1169.0,1175.0,,1162.89,,,11325,13168302.4,1485,F1,1,,,,,
2026-08-28,2026-08-28,CM,NSE,STK,5114,INE00QT01015,SGIL,EQ,,,,,SYNERGY GREEN IND. LTD,598.7,611.9,590.0,607.7,603.5,597.85,,607.69,,,11281,6758792.0,422,F1,1,,,,,
2026-08-28,2026-08-28,CM,NSE,STK,10693,INF209KB14K7,MOMENTUM,EQ,,,,,BIRLASLAMC - MOMENTUM,32.0,32.0,31.7,31.78,31.72,31.8,,31.76,,,11274,358324.41,130,F1,1,,,,,
2026-08-28,2026-08-28,CM,NSE,STK,13565,INE278B01020,RAMANEWS,EQ,,,,,SHREE RAMA NEWSPRINT LTD,32.95,33.0,31.5,31.8,31.6,32.77,,31.77,,,11248,363051.35,141,F1,1,,,,,
2026-08-28,2026-08-28,CM,NSE,STK,29733,INE047O01014,NIBL,EQ,,,,,NRB INDUS. BEARINGS LTD.,31.0,32.0,30.4,30.66,30.5,30.58,,30.67,,,11192,345717.4,102,F1,1,,,,,
2026-08-28,2026-08-28,CM,NSE,STK,764990,INE467D01017,VIRAT,EQ,,,,,VIRAT INDUSTRIES LTD.,440.25,474.7,435.95,466.05,467.0,442.05,,464.68,,,11161,5082223.6,269,F1,1,,,,,
2026-08-28,2026-08-28,CM,NSE,STK,25690,INE417B01040,DSSL,EQ,,,,,DYNACONS SYS & SOLN LTD,1081.5,1084.1,1067.0,1069.9,1072.0,1078.0,,1069.85,,,11157,11979588.7,1366,F1,1,,,,,
2026-08-28,2026-08-28,CM,NSE,STK,14712,INE170I01016,HGS,EQ,,,,,HINDUJA GLOBAL SOLS. LTD.,406.9,406.9,398.6,402.55,404.0,402.55,,402.53,,,11089,4459938.45,652,F1,1,,,,,
2026-08-28,2026-08-28,CM,NSE,STK,29678,INE0O9T01021,BAJAJINDEF,EQ,,,,,INDEF MANUFACTURING LTD,229.5,229.5,225.33,228.49,227.3,228.85,,228.49,,,11019,2502216.04,324,F1,1,,,,,
2026-08-28,2026-08-28,CM,NSE,STK,10634,INE900C01027,ASAL,EQ,,,,,AUTOMOTIVE STAMPINGS & AS,486.0,493.3,486.0,488.2,487.5,488.45,,488.2,,,10947,5362992.45,502,F1,1,,,,,
2026-08-28,2026-08-28,CM,NSE,STK,20071,INE781A01025,INTENTECH,EQ,,,,,INTENSE TECHNOLOGIES LTD,82.98,84.5,82.02,83.62,83.25,82.05,,83.62,,,10882,903446.4,225,F1,1,,,,,
2026-08-28,2026-08-28,CM,NSE,STK,764683,INE194R01017,FREDUN,EQ,,,,,FREDUN PHARMACEUTICALS L,1500.1,1509.8,1465.7,1476.6,1470.2,1492.7,,1476.63,,,10875,16186453.2,1108,F1,1,,,,,
2026-08-28,2026-08-28,CM,NSE,STK,359,INE294G01026,ROML,EQ,,,,,RAJ OIL MILLS LIMITED,41.11,43.0,41.01,42.58,43.0,40.61,,42.56,,,10850,458296.92,44,F1,1,,,,,
2026-08-28,2026-08-28,CM,NSE,STK,3010,INF846K01Y96,ITAXIS,EQ,,,,,AXISAMC-ITAXIS,337.68,345.34,337.68,343.84,345.34,332.0,,343.85,,,10697,3669129.39,174,F1,1,,,,,
2026-08-28,2026-08-28,CM,NSE,STK,11374,INE0LQS01015,TIPSFILMS,EQ,,,,,TIPS FILMS LIMITED,339.9,343.5,333.0,334.3,333.1,342.15,,333.83,,,10675,3608901.8,524,F1,1,,,,,
2026-08-28,2026-08-28,CM,NSE,STK,13839,INE668D01028,DONEAR,EQ,,,,,DONEAR IND. LIMITED,84.98,85.4,83.95,84.75,84.26,84.46,,84.75,,,10670,900846.87,109,F1,1,,,,,
2026-08-28,2026-08-28,CM,NSE,STK,5054,INE201P01022,GRINFRA,EQ,,,,,G R INFRAPROJECTS LIMITED,893.3,896.75,884.55,890.75,886.0,890.4,,890.67,,,10647,9477249.95,1235,F1,1,,,,,
2026-08-28,2026-08-28,CM,NSE,STK,765020,INE030C01015,ANSALBU,EQ,,,,,ANSAL BUILDWELL LTD.,77.45,86.49,77.45,82.42,81.33,85.69,,82.12,,,10639,887310.57,172,F1,1,,,,,
2026-08-28,2026-08-28,CM,NSE,STK,764583,INE841D01013,AMAL,EQ,,,,,AMAL LTD.,750.0,779.9,737.0,760.75,757.0,741.3,,760.52,,,10626,8080967.6,741,F1,1,,,,,
2026-08-28,2026-08-28,CM,NSE,STK,4775,INE891B01012,DCMFINSERV,EQ,,,,,DCM FINANCIAL SERVICES LT,5.43,5.62,5.05,5.38,5.3,5.43,,5.39,,,10587,55933.1,63,F1,1,,,,,
2026-08-28,2026-08-28,CM,NSE,STK,14871,INE0N0Y01013,USK,EQ,,,,,UDAYSHIVAKUMAR INFRA LTD,21.31,21.89,21.0,21.54,21.65,21.31,,21.54,,,10584,225918.31,102,F1,1,,,,,
2026-08-28,2026-08-28,CM,NSE,STK,760254,INE02ZQ01018,CORONA,EQ,,,,,CORONA REMEDIES LIMITED,2093.0,2093.1,2054.1,2079.5,2085.0,2083.2,,2080.3,,,10524,21825764.9,2297,F1,1,,,,,
2026-08-28,2026-08-28,CM,NSE,STK,1937,INE268B01013,KREBSBIO,EQ,,,,,KREBS BIOCHEMICALS & IND,56.25,62.0,56.23,59.17,59.0,56.21,,59.11,,,10318,599564.48,139,F1,1,,,,,
2026-08-28,2026-08-28,CM,NSE,STK,14702,INE123B01028,NAGREEKEXP,EQ,,,,,NAGREEKA EXPORTS LTD.,22.97,22.97,22.0,22.24,22.5,22.52,,22.2,,,10306,229893.74,74,F1,1,,,,,
2026-08-28,2026-08-28,CM,NSE,STK,13275,INE332H01014,INDOTECH,EQ,,,,,INDO TECH TRANSFORM LTD.,3728.0,3795.1,3725.0,3757.1,3751.1,3712.2,,3757.07,,,10275,38689913.1,1443,F1,1,,,,,
2026-08-28,2026-08-28,CM,NSE,STK,765327,INF205KA1CA1,IVZSENSEX,EQ,,,,,RELIGARAMC - IVZSENSEX,76.24,79.2,76.22,79.2,79.2,77.37,,79.2,,,10260,782322.47,13,F1,1,,,,,
2026-08-28,2026-08-28,CM,NSE,STK,19277,INE778K01012,EMAMIREAL,EQ,,,,,EMAMI REALTY LIMITED,68.99,70.9,67.1,70.16,70.48,67.57,,70.07,,,10252,719495.62,337,F1,1,,,,,
2026-08-28,2026-08-28,CM,NSE,STK,1663,INE209A01019,SUNDROP,EQ,,,,,SUNDROP BRANDS LIMITED,658.45,660.0,645.1,652.7,648.0,655.45,,652.68,,,10214,6690820.7,432,F1,1,,,,,
2026-08-28,2026-08-28,CM,NSE,STK,5688,INE731A01020,ARCHIES,EQ,,,,,ARCHIES LTD,13.5,13.7,13.38,13.4,13.45,13.4,,13.4,,,10149,136827.36,68,F1,1,,,,,
2026-08-28,2026-08-28,CM,NSE,STK,8159,INE296C01020,FIBERWEB,EQ,,,,,FIBERWEB INDIA LIMITED,26.55,26.9,26.31,26.7,26.75,26.42,,26.7,,,10118,270100.44,72,F1,1,,,,,
2026-08-28,2026-08-28,CM,NSE,STK,1994,INE557B01019,LIBERTSHOE,EQ,,,,,LIBERTY SHOES LTD,245.1,247.95,243.05,244.35,245.8,245.1,,244.35,,,10075,2472080.55,324,F1,1,,,,,
2026-08-28,2026-08-28,CM,NSE,STK,20453,INE071F01012,APCL,EQ,,,,,ANJANI PORTLAND CEM LTD,103.0,103.0,99.8,100.27,100.0,101.16,,100.27,,,10017,1005905.32,154,F1,1,,,,,
2026-08-28,2026-08-28,CM,NSE,STK,19289,INF247L01536,MOM50,EQ,,,,,MOTILAL OSWAL M50 ETF,256.07,256.07,252.49,253.6,252.5,256.07,,253.5,,,10009,2534170.43,187,F1,1,,,,,
2026-08-28,2026-08-28,CM,NSE,STK,4469,INE822G01016,ELECTHERM,EQ,,,,,ELECTROTHERM (I) LTD.,1031.8,1034.8,1012.9,1016.1,1019.9,1032.9,,1016.1,,,9988,10241435.1,383,F1,1,,,,,
2026-08-28,2026-08-28,CM,NSE,STK,14403,INE952H01027,RAJTV,EQ,,,,,RAJ TV NETWORK LTD,10.78,10.79,10.16,10.4,10.59,10.43,,10.42,,,9950,104465.94,109,F1,1,,,,,
2026-08-28,2026-08-28,CM,NSE,STK,10346,INE03JI01017,DGCONTENT,EQ,,,,,DIGICONTENT LIMITED,24.44,24.97,23.84,23.85,23.84,24.0,,23.84,,,9947,241393.53,52,F1,1,,,,,
2026-08-28,2026-08-28,CM,NSE,STK,762752,INE972A01020,KOTIC,EQ,,,,,KOTHARI INDUSTRIAL CORP L,149.0,153.65,149.0,150.19,150.99,149.0,,150.23,,,9899,1496689.25,276,F1,1,,,,,
2026-08-28,2026-08-28,CM,NSE,STK,11547,INF179KC1HU8,HDFCLOWVOL,EQ,,,,,HDFCAMC - HDFCLOWVOL,20.72,20.83,20.72,20.74,20.74,20.72,,20.74,,,9837,204132.87,59,F1,1,,,,,
2026-08-28,2026-08-28,CM,NSE,STK,1627,INE473A01011,LINDEINDIA,EQ,,,,,LINDE INDIA LIMITED,6549.0,6549.5,6491.0,6504.0,6518.0,6549.0,,6504.06,,,9814,63979293.5,2842,F1,1,,,,,
2026-08-28,2026-08-28,CM,NSE,STK,21113,INE878K01010,BFINVEST,EQ,,,,,BF INVESTMENT LIMITED,443.0,450.0,441.0,442.8,442.95,442.95,,442.8,,,9810,4348146.75,614,F1,1,,,,,
2026-08-28,2026-08-28,CM,NSE,STK,758300,INF666M01LB9,GROWWLOVOL,EQ,,,,,GROWWAMC - GROWWLOVOL,10.38,10.58,10.38,10.47,10.48,10.38,,10.47,,,9671,101129.05,85,F1,1,,,,,
2026-08-28,2026-08-28,CM,NSE,STK,13771,INE273D01027,VGL,EQ,,,,,VARVEE GLOBAL LIMITED,57.0,58.99,56.15,58.22,58.4,56.85,,58.22,,,9637,560129.78,173,F1,1,,,,,
2026-08-28,2026-08-28,CM,NSE,STK,13126,INE461B01014,REPRO,EQ,,,,,REPRO INDIA LIMITED,311.8,313.0,305.1,307.95,306.15,309.1,,307.96,,,9587,2967555.95,472,F1,1,,,,,
2026-08-28,2026-08-28,CM,NSE,STK,21683,INE727S01012,BRNL,EQ,,,,,BHARAT ROAD NETWORK LTD,17.29,17.4,17.1,17.29,17.25,17.29,,17.29,,,9562,165402.21,110,F1,1,,,,,
2026-08-28,2026-08-28,CM,NSE,STK,7339,INF209KB16D7,ABSLNN50ET,EQ,,,,,BIRLASLAMC - ABSLNN50ET,78.38,78.45,77.7,77.89,78.4,77.53,,77.91,,,9554,744663.68,214,F1,1,,,,,
2026-08-28,2026-08-28,CM,NSE,STK,1313,INE544A01019,HARRMALAYA,EQ,,,,,HARRISON MALAYALAM LTD,198.75,198.75,193.22,197.2,197.51,194.7,,197.2,,,9508,1864318.57,345,F1,1,,,,,
2026-08-28,2026-08-28,CM,NSE,STK,25725,INF769K01LZ4,BANKPSU,EQ,,,,,MIRAEAMC - BANKPSU,86.6,86.87,86.41,86.63,86.74,86.7,,86.63,,,9490,822084.44,75,F1,1,,,,,
2026-08-28,2026-08-28,CM,NSE,STK,22730,INE0QTF01015,VSTL,EQ,,,,,VIBHOR STEEL TUBES LTD,113.8,113.8,109.05,110.82,111.17,112.63,,110.76,,,9476,1052443.36,265,F1,1,,,,,
2026-08-28,2026-08-28,CM,NSE,STK,1156,INE540A01017,GLFL,EQ,,,,,GUJARAT LEASE FINANCING L,5.45,5.72,5.2,5.72,5.72,5.45,,5.72,,,9421,53089.7,37,F1,1,,,,,
2026-08-28,2026-08-28,CM,NSE,STK,9342,INE392B01011,PNC,EQ,,,,,PRITISH NANDY COMMUNICATI,17.52,17.8,16.25,16.99,17.25,17.44,,17.01,,,9376,161001.46,210,F1,1,,,,,
2026-08-28,2026-08-28,CM,NSE,STK,764663,INE316A01038,ECORECO,EQ,,,,,ECO RECYCLING LTD.,457.7,470.0,451.5,467.65,470.0,459.95,,467.76,,,9337,4290009.85,607,F1,1,,,,,
2026-08-28,2026-08-28,CM,NSE,STK,764428,INF740KA1ZH9,MIDBANKADD,EQ,,,,,DSPAMC - MIDBANKADD,17.29,17.36,17.21,17.22,17.29,17.37,,17.22,,,9277,160104.05,71,F1,1,,,,,
2026-08-28,2026-08-28,CM,NSE,STK,22277,INE196Y01018,WORTHPERI,EQ,,,,,WORTH PERIPHERALS LIMITED,152.66,160.0,152.66,159.55,159.77,153.38,,159.58,,,9269,1448573.31,583,F1,1,,,,,
2026-08-28,2026-08-28,CM,NSE,STK,757955,INE124Y01028,PASHUPATI,EQ,,,,,PASHUPATI COTSPIN LIMITED,85.2,85.2,83.96,84.18,84.0,84.17,,84.18,,,9228,779982.84,469,F1,1,,,,,
2026-08-28,2026-08-28,CM,NSE,STK,7780,INE977Y01011,BCONCEPTS,EQ,,,,,BRAND CONCEPTS LIMITED,159.93,167.5,158.05,163.07,163.91,160.01,,163.06,,,9226,1505898.33,555,F1,1,,,,,
2026-08-28,2026-08-28,CM,NSE,STK,760923,INE0KNW01016,KNAGRI,EQ,,,,,KN AGRI RESOURCES LIMITED,214.1,220.0,214.1,219.99,220.0,214.23,,219.99,,,9223,2007426.04,192,F1,1,,,,,
2026-08-28,2026-08-28,CM,NSE,STK,16192,INE07S101038,PAVNAIND,EQ,,,,,PAVNA INDUSTRIES LIMITED,18.21,18.9,18.21,18.47,18.26,18.51,,18.47,,,9166,170359.76,109,F1,1,,,,,
2026-08-28,2026-08-28,CM,NSE,STK,2610,INE844A01013,PEARLPOLY,EQ,,,,,PEARL POLYMERS LTD,15.55,15.55,15.04,15.16,15.4,15.18,,15.11,,,9153,138883.01,45,F1,1,,,,,
2026-08-28,2026-08-28,CM,NSE,STK,15234,INE540G01014,AMBIKCO,EQ,,,,,AMBIKA COTTON MILL LTD.,1633.3,1659.9,1631.5,1638.3,1636.0,1636.7,,1638.31,,,9146,15037858.2,1119,F1,1,,,,,
2026-08-28,2026-08-28,CM,NSE,STK,20956,INE0Q3R01026,SUNCLAY,EQ,,,,,SUNDARAM CLAYTON LIMITED,1261.4,1321.8,1259.4,1280.5,1290.0,1272.2,,1280.5,,,9128,11777901.2,830,F1,1,,,,,
2026-08-28,2026-08-28,CM,NSE,STK,757938,INE344T01014,BELLACASA,EQ,,,,,BELLA CASA FASH AND RET L,245.0,254.8,243.42,247.3,251.99,246.74,,247.25,,,9120,2276369.79,319,F1,1,,,,,
2026-08-28,2026-08-28,CM,NSE,STK,4344,INE277B01014,PUNJABCHEM,EQ,,,,,PUNJAB CHEM & CROP PROT L,1124.6,1164.2,1111.1,1126.9,1124.1,1112.8,,1126.9,,,9103,10382374.0,846,F1,1,,,,,
2026-08-28,2026-08-28,CM,NSE,STK,762802,INE200D01020,MMWL,EQ,,,,,MEDIA MATRIX WORLDWIDE L,14.65,15.6,14.65,14.81,14.91,14.97,,14.81,,,9034,135322.23,109,F1,1,,,,,
2026-08-28,2026-08-28,CM,NSE,STK,8024,INE039B01026,CINEVISTA,EQ,,,,,CINEVISTA LIMITED,14.11,14.9,14.1,14.41,14.49,14.18,,14.48,,,9025,131273.21,108,F1,1,,,,,
2026-08-28,2026-08-28,CM,NSE,STK,5239,INE843B01013,MAHAPEXLTD,EQ,,,,,MAHA RASHTRA APEX COPR. L,55.0,56.96,53.5,54.2,54.0,55.95,,54.2,,,9015,492082.61,248,F1,1,,,,,
2026-08-28,2026-08-28,CM,NSE,STK,24385,INE725L01011,KARMAENG,EQ,,,,,KARMA ENERGY LIMITED,37.51,43.2,37.51,38.84,39.01,38.05,,38.84,,,8956,353206.26,251,F1,1,,,,,
2026-08-28,2026-08-28,CM,NSE,STK,28847,INE781S01027,VENTIVE,EQ,,,,,VENTIVE HOSPITALITY LTD,582.6,590.0,581.55,587.1,587.7,583.5,,587.1,,,8952,5252328.8,801,F1,1,,,,,
2026-08-28,2026-08-28,CM,NSE,STK,6422,INE370D01013,MANORG,EQ,,,,,MANGALAM ORGANICS LIMITED,505.1,517.5,499.8,510.6,514.9,500.0,,510.55,,,8802,4447474.95,293,F1,1,,,,,
2026-08-28,2026-08-28,CM,NSE,STK,764945,INE692C01020,TANAA,EQ,,,,,TANEJA AEROSPACE & AVIA L,295.6,299.4,290.0,293.05,291.1,292.7,,292.55,,,8794,2588214.75,341,F1,1,,,,,
2026-08-28,2026-08-28,CM,NSE,STK,2241,INE794W01014,MODTHREAD,EQ,,,,,MODERN THREADS INDIA LTD,53.05,55.0,51.01,53.51,53.5,55.68,,53.52,,,8784,465294.57,159,F1,1,,,,,
2026-08-28,2026-08-28,CM,NSE,STK,9384,INE230B01021,CREATIVEYE,EQ,,,,,CREATIVE EYE LIMITED,6.36,6.36,6.06,6.18,6.29,6.06,,6.18,,,8732,53962.48,35,F1,1,,,,,
2026-08-28,2026-08-28,CM,NSE,STK,762685,INE572D01014,FRONTSP,EQ,,,,,FRONTIER SPRINGS LTD.,1294.7,1298.6,1265.0,1273.4,1279.7,1285.4,,1273.12,,,8714,11110339.5,1583,F1,1,,,,,
2026-08-28,2026-08-28,CM,NSE,STK,350,INE459A01010,BANARISUG,EQ,,,,,BANNARI AMMAN SUGARS LTD,3797.5,4060.0,3797.5,3930.7,3979.0,3766.4,,3930.7,,,8682,34381006.5,1591,F1,1,,,,,
2026-08-28,2026-08-28,CM,NSE,STK,11975,INE050H01012,RML,EQ,,,,,RANE (MADRAS) LIMITED,1131.2,1132.4,1118.2,1126.7,1127.6,1123.3,,1126.52,,,8548,9633826.4,1158,F1,1,,,,,
2026-08-28,2026-08-28,CM,NSE,STK,764678,INE130L01014,ENKEIWHEL,EQ,,,,,ENKEI WHEELS (INDIA) LTD.,396.0,400.0,385.0,400.0,400.0,396.95,,403.9,,,8474,3356169.85,45,F1,1,,,,,
2026-08-28,2026-08-28,CM,NSE,STK,809,INE032Z01020,BSHSL,EQ,,,,,BOMBAY SUPER HYBRID SEEDS,90.0,92.61,90.0,91.85,90.5,89.08,,91.31,,,8443,774328.37,129,F1,1,,,,,
2026-08-28,2026-08-28,CM,NSE,STK,20159,INE643K01018,ARIHANTSUP,EQ,,,,,ARIHANT SUPERSTRUCT LTD,262.1,262.1,252.1,255.35,256.8,261.5,,255.37,,,8417,2159589.85,268,F1,1,,,,,
2026-08-28,2026-08-28,CM,NSE,STK,16657,INE087B01017,ANIKINDS,EQ,,,,,ANIK INDUSTRIES LTD,46.5,48.99,44.1,46.06,47.77,46.5,,46.26,,,8384,386858.45,72,F1,1,,,,,
2026-08-28,2026-08-28,CM,NSE,STK,489,INE520Y01019,ICEMAKE,EQ,,,,,ICE MAKE REFRIGERAT LTD,747.65,749.0,730.2,742.55,742.0,747.65,,742.55,,,8314,6133045.65,775,F1,1,,,,,
2026-08-28,2026-08-28,CM,NSE,STK,11804,INE450E01029,SUKHJITS,EQ,,,,,SUKHJIT STARCH & CHEM LTD,162.3,162.3,158.71,159.0,159.0,162.32,,159.12,,,8220,1314822.54,277,F1,1,,,,,
2026-08-28,2026-08-28,CM,NSE,STK,1168,INE075D01018,GMBREW,EQ,,,,,G M BREWERIES LTD,890.1,895.95,886.55,890.4,889.0,891.7,,890.4,,,8173,7282101.3,902,F1,1,,,,,
2026-08-28,2026-08-28,CM,NSE,STK,20950,INE722J01012,RKDL,EQ,,,,,RAVI KUMAR DIST. LTD.,18.95,18.95,18.55,18.55,18.55,18.88,,18.55,,,8170,152515.5,56,F1,1,,,,,
2026-08-28,2026-08-28,CM,NSE,STK,17507,INE452L01012,INCREDIBLE,EQ,,,,,INCREDIBLE INDUSTRIES LTD,33.9,33.9,32.0,32.19,32.99,32.85,,32.19,,,8155,265168.43,71,F1,1,,,,,
2026-08-28,2026-08-28,CM,NSE,STK,4747,INE092B01025,INDNIPPON,EQ,,,,,INDIA NIPPON ELECT  LTD,1056.5,1072.9,1056.1,1061.6,1058.2,1062.2,,1061.64,,,8033,8544836.9,1225,F1,1,,,,,
2026-08-28,2026-08-28,CM,NSE,STK,761511,INF769K01QV2,VALUE,EQ,,,,,MIRAEAMC - VALUE,16.19,16.19,16.11,16.17,16.17,16.13,,16.15,,,8030,129795.81,52,F1,1,,,,,
2026-08-28,2026-08-28,CM,NSE,STK,1200,INF769K01GS9,ESG,EQ,,,,,MIRAEAMC - MAESGETF,41.48,41.61,41.35,41.5,41.5,41.53,,41.5,,,7927,329090.42,51,F1,1,,,,,
2026-08-28,2026-08-28,CM,NSE,STK,6385,INE652F01027,CCHHL,EQ,,,,,COUNTRY CLUB HOSP HOL LTD,12.93,13.09,12.78,12.89,12.9,12.86,,12.89,,,7905,101588.34,38,F1,1,,,,,
2026-08-28,2026-08-28,CM,NSE,STK,760359,INF740KA1WX3,SMALLADD,EQ,,,,,DSPAMC - SMALLADD,18.54,18.65,18.54,18.63,18.63,18.56,,18.63,,,7883,146721.27,72,F1,1,,,,,
2026-08-28,2026-08-28,CM,NSE,STK,759488,INF174KA1XS6,MOMENTUM30,EQ,,,,,KOTAKMAMC - MOMENTUM30,31.48,31.52,31.37,31.48,31.51,31.42,,31.48,,,7839,246320.26,53,F1,1,,,,,
2026-08-28,2026-08-28,CM,NSE,STK,29758,INF174KA1VD2,MSCIINDIA,EQ,,,,,KOTAKMAMC - MSCIINDIA,30.03,30.18,30.0,30.14,30.17,30.03,,30.14,,,7823,235401.64,71,F1,1,,,,,
2026-08-28,2026-08-28,CM,NSE,STK,765100,INE341H01023,LKPSEC,EQ,,,,,L K P SECURITIES LTD.,15.45,15.87,15.21,15.44,15.43,15.63,,15.43,,,7798,120878.44,83,F1,1,,,,,
2026-08-28,2026-08-28,CM,NSE,STK,368,INE373A01013,BASF,EQ,,,,,BASF INDIA LTD,3845.0,3879.9,3835.8,3848.7,3835.8,3846.1,,3848.63,,,7730,29807034.8,2178,F1,1,,,,,
2026-08-28,2026-08-28,CM,NSE,STK,762929,INE524T01011,TAALTECH,EQ,,,,,TAAL TECH LTD.,4438.2,4590.0,4375.1,4562.0,4550.0,4406.4,,4567.26,,,7719,34945429.8,1186,F1,1,,,,,
2026-08-28,2026-08-28,CM,NSE,STK,1205,INE533A01012,GOODYEAR,EQ,,,,,GOODYEAR INDIA LIMITED,774.35,774.35,736.3,749.9,750.0,765.05,,749.91,,,7639,5754610.25,526,F1,1,,,,,
2026-08-28,2026-08-28,CM,NSE,STK,25684,IN9175A01010,JISLDVREQS,EQ,,,,,JAIN DVR EQUITY SHARES,20.95,21.7,20.89,21.22,21.0,21.13,,21.22,,,7484,159253.51,70,F1,1,,,,,
2026-08-28,2026-08-28,CM,NSE,STK,10277,INE887E01022,NGLFINE,EQ,,,,,NGL FINE CHEM LIMITED,2897.4,2897.4,2800.0,2813.4,2810.0,2901.1,,2813.36,,,7479,21151655.9,1725,F1,1,,,,,
2026-08-28,2026-08-28,CM,NSE,STK,3608,INF846K01Z12,HEALTHAXIS,EQ,,,,,AXISAMC-HEALTHAXIS,165.4,171.42,165.4,170.79,170.69,169.65,,170.79,,,7441,1269490.0,76,F1,1,,,,,
2026-08-28,2026-08-28,CM,NSE,STK,15347,INE871H01011,GSS,EQ,,,,,GSS INFOTECH LIMITED,12.47,12.47,12.08,12.38,12.41,12.13,,12.38,,,7380,90883.57,103,F1,1,,,,,
2026-08-28,2026-08-28,CM,NSE,STK,10822,INF247L01BH8,MOQUALITY,EQ,,,,,MOTILALAMC - MOQUALITY,203.36,203.6,201.56,201.57,201.56,202.4,,201.57,,,7347,1485666.38,35,F1,1,,,,,
2026-08-28,2026-08-28,CM,NSE,STK,14900,INE280H01015,SAHYADRI,EQ,,,,,SAHYADRI INDUSTRIES LTD,352.2,356.85,340.0,343.6,342.0,348.15,,343.63,,,7282,2522928.25,736,F1,1,,,,,
2026-08-28,2026-08-28,CM,NSE,STK,14677,INE826C01016,GUJAPOLLO,EQ,,,,,GUJ. APOLLO IND. LTD.,360.0,360.0,342.8,345.25,344.4,351.5,,345.25,,,7280,2529727.85,445,F1,1,,,,,
2026-08-28,2026-08-28,CM,NSE,STK,13162,INE185H01016,CELEBRITY,EQ,,,,,CELEBRITY FASHIONS LTD,6.88,6.93,6.7,6.8,6.8,6.88,,6.8,,,7244,49266.94,71,F1,1,,,,,
2026-08-28,2026-08-28,CM,NSE,STK,6858,INE506Z01015,DHRUV,EQ,,,,,DHRUV CONSULTANCY SER LTD,24.2,24.47,23.1,23.22,23.21,24.2,,23.22,,,7212,169371.19,121,F1,1,,,,,
2026-08-28,2026-08-28,CM,NSE,STK,4471,INE579B01039,ELPROINTL,EQ,,,,,ELPRO INTERNATIONAL LTD,175.01,175.87,174.29,174.71,175.0,173.21,,174.67,,,7211,1260371.8,132,F1,1,,,,,
2026-08-28,2026-08-28,CM,NSE,STK,7053,INE793A01012,ACCELYA,EQ,,,,,ACCELYA SOLN INDIA LTD,1135.0,1144.0,1119.8,1134.1,1131.7,1134.9,,1134.18,,,7211,8173774.4,784,F1,1,,,,,
2026-08-28,2026-08-28,CM,NSE,STK,11471,INE369A01029,EXCELINDUS,EQ,,,,,EXCEL INDUSTRIES LTD,1046.0,1048.5,1025.2,1030.85,1025.2,1041.6,,1030.84,,,7207,7463655.75,674,F1,1,,,,,
2026-08-28,2026-08-28,CM,NSE,STK,19931,INE725E01024,ORISSAMINE,EQ,,,,,ORISSA MIN DEV CO LTD,4552.6,4617.0,4428.0,4462.2,4448.8,4543.5,,4462.23,,,7201,32505525.4,1358,F1,1,,,,,
2026-08-28,2026-08-28,CM,NSE,STK,15039,INE739E01017,CERA,EQ,,,,,CERA SANITARYWARE LTD,5690.0,5709.5,5600.0,5654.5,5645.0,5662.0,,5655.14,,,7189,40707303.0,2907,F1,1,,,,,
2026-08-28,2026-08-28,CM,NSE,STK,14618,INE995D01025,CHEMBOND,EQ,,,,,CHEMBOND MATERIALTECH LTD,174.88,176.99,168.0,174.48,175.12,173.59,,174.48,,,7183,1235740.68,112,F1,1,,,,,
2026-08-28,2026-08-28,CM,NSE,STK,14582,INE917H01012,SRHHYPOLTD,EQ,,,,,SREE RAYALSEEMA HHP LTD.,472.8,480.45,468.05,473.95,474.8,468.75,,473.93,,,7101,3356319.6,351,F1,1,,,,,
2026-08-28,2026-08-28,CM,NSE,STK,2535,INE179A01014,PGHH,EQ,,,,,P&G HYGIENE & HEALTH CARE,8156.0,8165.0,8076.5,8092.0,8093.0,8102.5,,8092.17,,,7078,57463485.0,1812,F1,1,,,,,
2026-08-28,2026-08-28,CM,NSE,STK,21726,INE866R01028,MATRIMONY,EQ,,,,,MATRIMONY.COM LIMITED,512.1,519.05,511.5,515.0,515.0,515.45,,515.0,,,7035,3625745.55,341,F1,1,,,,,
2026-08-28,2026-08-28,CM,NSE,STK,4235,INE274C01019,WENDT,EQ,,,,,WENDT (INDIA) LIMITED,8446.5,8446.5,8191.0,8243.5,8230.0,8376.0,,8243.81,,,7022,58335538.0,1785,F1,1,,,,,
2026-08-28,2026-08-28,CM,NSE,STK,757167,INF247L01FD8,MONEXT50,EQ,,,,,MOTILALAMC - MONEXT50,74.59,74.94,73.77,74.02,74.3,74.59,,74.02,,,6962,515614.65,86,F1,1,,,,,
2026-08-28,2026-08-28,CM,NSE,STK,2433,INE910A01012,NIRLON,EQ,,,,,NIRLON LTD,635.9,644.85,632.35,642.65,642.9,631.2,,642.67,,,6956,4452760.6,450,F1,1,,,,,
2026-08-28,2026-08-28,CM,NSE,STK,1467,INE133A01011,JSWDULUX,EQ,,,,,JSW DULUX LIMITED,3130.0,3139.0,3100.3,3110.8,3110.0,3110.4,,3110.85,,,6926,21593283.4,2078,F1,1,,,,,
2026-08-28,2026-08-28,CM,NSE,STK,762573,INE213D01015,BEEKAY,EQ,,,,,BEEKAY STEEL INDS. LTD.,428.0,444.0,419.0,424.2,421.0,427.25,,422.1,,,6911,2946416.6,50,F1,1,,,,,
2026-08-28,2026-08-28,CM,NSE,STK,25737,INE01NE01012,SRD,EQ,,,,,SHANKAR LAL RAMPAL LTD,40.09,40.28,39.82,40.24,40.26,39.62,,40.24,,,6863,274698.72,66,F1,1,,,,,
2026-08-28,2026-08-28,CM,NSE,STK,14957,INE387I01016,MAGNUM,EQ,,,,,MAGNUM VENTURES LTD.,19.57,19.57,18.91,19.04,19.25,19.25,,19.06,,,6773,130642.52,58,F1,1,,,,,
2026-08-28,2026-08-28,CM,NSE,STK,3715,INE709A01018,VLSFINANCE,EQ,,,,,VLS FINANCE LTD,251.9,251.9,242.4,243.75,243.8,246.25,,243.75,,,6675,1631241.5,229,F1,1,,,,,
2026-08-28,2026-08-28,CM,NSE,STK,1030,INE721Z01010,AARON,EQ,,,,,AARON INDUSTRIES LIMITED,137.2,139.8,134.0,134.94,137.6,135.71,,134.94,,,6654,906371.47,342,F1,1,,,,,
2026-08-28,2026-08-28,CM,NSE,STK,14557,INE210C01013,AROGRANITE,EQ,,,,,ARO GRANITE IND. LTD.,26.5,26.5,25.0,25.1,25.05,25.59,,25.1,,,6645,167837.49,56,F1,1,,,,,
2026-08-28,2026-08-28,CM,NSE,STK,19691,INE863T01013,JITFINFRA,EQ,,,,,JITF INFRALOGISTICS LTD,321.55,325.5,317.0,318.1,317.0,321.5,,318.1,,,6571,2110789.8,295,F1,1,,,,,
2026-08-28,2026-08-28,CM,NSE,STK,1455,INE557A01011,BIRLANU,EQ,,,,,BIRLANU LIMITED,1450.0,1467.2,1430.0,1442.3,1445.0,1450.8,,1442.31,,,6565,9516222.6,1045,F1,1,,,,,
2026-08-28,2026-08-28,CM,NSE,STK,7451,INF740KA1CL0,NIFTYADD,EQ,,,,,DSPAMC - DSPNIFTY,257.25,257.25,253.91,254.81,255.2,254.7,,254.81,,,6550,1668545.87,126,F1,1,,,,,
2026-08-28,2026-08-28,CM,NSE,STK,17903,INE358A01014,ABBOTINDIA,EQ,,,,,ABBOTT INDIA LIMITED,26420.0,26745.0,26120.0,26175.0,26200.0,26350.0,,26185.71,,,6550,172464970.0,4655,F1,1,,,,,
2026-08-28,2026-08-28,CM,NSE,STK,761494,INE00SW01015,BCPL,EQ,,,,,BCPL RAILWAY INFRA LTD,70.5,70.5,67.0,68.94,68.5,69.42,,68.94,,,6526,448243.11,150,F1,1,,,,,
2026-08-28,2026-08-28,CM,NSE,STK,23175,INE0QN801017,KRYSTAL,EQ,,,,,KRYSTAL INTEGRATED SER L,652.0,652.0,639.0,646.05,640.15,648.35,,646.01,,,6515,4197655.1,466,F1,1,,,,,
2026-08-28,2026-08-28,CM,NSE,STK,759130,INE08PH01015,ABCOTS,EQ,,,,,A B COTSPIN INDIA LIMITED,203.48,209.0,200.2,203.7,203.8,204.5,,203.69,,,6512,1327647.1,201,F1,1,,,,,
2026-08-28,2026-08-28,CM,NSE,STK,2979,INE749B01020,ORTINGLOBE,EQ,,,,,ORTIN GLOBAL LIMITED,15.1,15.38,14.86,14.93,15.2,15.1,,14.91,,,6400,97455.66,33,F1,1,,,,,
2026-08-28,2026-08-28,CM,NSE,STK,762762,INE515C01023,LAHOTIOV,EQ,,,,,LAHOTI OVERSEAS LTD.,41.1,42.0,40.5,40.71,40.71,41.72,,40.83,,,6370,262295.51,47,F1,1,,,,,
2026-08-28,2026-08-28,CM,NSE,STK,757031,INF247L01FL1,MOINFRA,EQ,,,,,MOTILALAMC - MOINFRA,58.8,60.5,58.55,59.36,58.99,58.99,,59.36,,,6358,374132.31,92,F1,1,,,,,
2026-08-28,2026-08-28,CM,NSE,STK,764885,INE414Y01015,SGRL,EQ,,,,,SHREE GANESH REMEDIES LTD,519.35,589.75,519.05,542.6,589.75,516.7,,543.45,,,6293,3357601.8,359,F1,1,,,,,
2026-08-28,2026-08-28,CM,NSE,STK,11432,INE798K01010,KRITINUT,EQ,,,,,KRITI NUTRIENTS LIMITED,87.95,90.3,84.5,88.88,90.29,86.23,,88.83,,,6203,543499.93,167,F1,1,,,,,
2026-08-28,2026-08-28,CM,NSE,STK,13441,INE083D01012,BALPHARMA,EQ,,,,,BAL PHARMA LTD.,85.89,86.03,84.17,84.8,84.56,85.02,,84.78,,,6199,528921.81,140,F1,1,,,,,
2026-08-28,2026-08-28,CM,NSE,STK,15399,INE276C01014,EIHAHOTELS,EQ,,,,,EIH ASSOCIATED HOTELS LTD,302.55,302.55,299.0,301.8,302.0,302.55,,301.8,,,6180,1860514.55,247,F1,1,,,,,
2026-08-28,2026-08-28,CM,NSE,STK,24292,INE764D01017,VSTTILLERS,EQ,,,,,VST TILLERS TRACTORS LTD,4455.0,4460.4,4365.1,4381.6,4390.0,4375.0,,4381.61,,,6151,26994534.9,751,F1,1,,,,,
2026-08-28,2026-08-28,CM,NSE,STK,3126,INE231C01019,SHREYANIND,EQ,,,,,SHREYANS INDUSTRIES LTD,125.23,125.5,122.0,124.97,125.0,124.61,,124.97,,,6135,762655.42,78,F1,1,,,,,
2026-08-28,2026-08-28,CM,NSE,STK,764773,INE987A01010,MAKERSL,EQ,,,,,MAKERS LABORATORIES LTD.,206.0,206.11,195.02,198.73,195.25,206.11,,197.64,,,6128,1220868.33,185,F1,1,,,,,
2026-08-28,2026-08-28,CM,NSE,STK,2018,INE162B01018,LUMAXIND,EQ,,,,,LUMAX INDUSTRIES LTD,6122.0,6140.0,6025.0,6071.0,6070.0,6094.5,,6070.8,,,6056,36716816.5,2427,F1,1,,,,,
2026-08-28,2026-08-28,CM,NSE,STK,29464,INF740KA1VE5,NEXT30ADD,EQ,,,,,DSPAMC - NEXT30ADD,43.42,43.42,43.14,43.25,43.39,43.42,,43.25,,,6032,261037.17,57,F1,1,,,,,
2026-08-28,2026-08-28,CM,NSE,STK,764793,INE653C01022,NICCOPAR,EQ,,,,,NICCO PARKS & RESORTS LTD,98.99,98.99,85.0,87.04,85.01,90.23,,87.0,,,6005,534929.92,109,F1,1,,,,,
2026-08-28,2026-08-28,CM,NSE,STK,762633,INE928C01010,DAICHI,EQ,,,,,DAI-ICHI KARKARIA LTD.,325.4,348.0,325.4,344.05,345.0,331.9,,343.99,,,6004,2017552.25,130,F1,1,,,,,
2026-08-28,2026-08-28,CM,NSE,STK,14398,INE005I01014,AMDIND,EQ,,,,,AMD INDUSTRIES LIMITED,53.25,54.5,51.73,52.38,52.4,53.33,,52.39,,,5977,315124.52,102,F1,1,,,,,
2026-08-28,2026-08-28,CM,NSE,STK,757946,INF174KA1WT6,QUALITY30,EQ,,,,,KOTAKMAMC - QUALITY30,21.02,21.04,20.85,20.96,20.85,20.9,,20.96,,,5936,124165.83,30,F1,1,,,,,
2026-08-28,2026-08-28,CM,NSE,STK,3821,INE206B01013,ZODIACLOTH,EQ,,,,,ZODIAC CLOTHING CO. LTD.,73.0,77.14,73.0,73.19,73.17,72.63,,73.19,,,5896,440670.9,122,F1,1,,,,,
2026-08-28,2026-08-28,CM,NSE,STK,759747,INE719F01016,SHIVAUM,EQ,,,,,SHIV AUM STEELS LIMITED,462.15,462.15,445.0,445.0,445.0,445.0,,445.0,,,5872,2619714.55,41,F1,1,,,,,
2026-08-28,2026-08-28,CM,NSE,STK,762854,INE641R01017,QUINT,EQ,,,,,QUINT DIGITAL LTD.,41.0,42.0,40.0,40.74,41.0,40.26,,40.8,,,5809,235928.99,71,F1,1,,,,,
2026-08-28,2026-08-28,CM,NSE,STK,762824,INE265B01019,NITTAGELA,EQ,,,,,NITTA GELATIN INDIA LTD.,1589.5,1672.9,1580.2,1656.1,1662.0,1589.5,,1655.2,,,5804,9482784.5,1045,F1,1,,,,,
2026-08-28,2026-08-28,CM,NSE,STK,759381,INE296Q01012,MONEYBOXX,EQ,,,,,MONEYBOXX FINANCE LIMITED,56.98,57.5,56.0,56.97,56.99,56.0,,56.84,,,5774,325284.69,63,F1,1,,,,,
2026-08-28,2026-08-28,CM,NSE,STK,14445,INE308A01027,NAHARPOLY,EQ,,,,,NAHAR POLY FILMS LIMITED,246.05,248.9,245.8,247.35,246.05,246.55,,247.36,,,5711,1410682.8,122,F1,1,,,,,
2026-08-28,2026-08-28,CM,NSE,STK,21484,INE577L01016,STEL,EQ,,,,,STEL HOLDINGS LIMITED,622.85,645.0,617.75,636.9,628.1,622.6,,636.44,,,5706,3600463.3,330,F1,1,,,,,
2026-08-28,2026-08-28,CM,NSE,STK,25340,INE590L01019,VASWANI,EQ,,,,,VASWANI IND LTD,48.42,49.5,48.42,48.98,49.38,48.42,,48.98,,,5704,279188.38,61,F1,1,,,,,
2026-08-28,2026-08-28,CM,NSE,STK,13644,INF740KA1RX3,BANKADD,EQ,,,,,DSPAMC - DSPBANK,59.19,59.19,58.8,58.84,58.91,59.04,,58.84,,,5670,333914.69,61,F1,1,,,,,
2026-08-28,2026-08-28,CM,NSE,STK,2085,INE288A01013,MAHSCOOTER,EQ,,,,,MAHARASHTRA SCOOTERS LTD,13699.0,13934.0,13561.0,13696.0,13685.0,13564.0,,13691.64,,,5667,77876944.0,1873,F1,1,,,,,
2026-08-28,2026-08-28,CM,NSE,STK,13463,INE156C01018,PIONEEREMB,EQ,,,,,PIONEER EMBROIDERIES LTD,22.0,22.0,21.75,21.95,21.95,21.98,,21.95,,,5645,123573.08,36,F1,1,,,,,
2026-08-28,2026-08-28,CM,NSE,STK,765165,INE009C01019,SRIKPRIND,EQ,,,,,SRI KPR INDUSTRIES LTD.,20.24,21.4,20.24,20.99,21.0,20.65,,20.99,,,5608,117533.11,24,F1,1,,,,,
2026-08-28,2026-08-28,CM,NSE,STK,6606,INF740KA1QK2,EQUAL50ADD,EQ,,,,,DSPAMC - DSPNEWETF,345.3,347.12,344.75,345.92,347.12,345.36,,345.92,,,5565,1922520.28,184,F1,1,,,,,
2026-08-28,2026-08-28,CM,NSE,STK,3147,INE843L01012,SIEL,EQ,,,,,SUPERIOR INDUSTRIAL ENT L,36.21,36.21,32.77,32.78,33.38,34.49,,32.8,,,5545,187086.72,33,F1,1,,,,,
2026-08-28,2026-08-28,CM,NSE,STK,15391,INE084Q01012,RACE,EQ,,,,,RACE ECO CHAIN LIMITED,101.59,103.39,99.5,100.55,99.85,101.59,,100.71,,,5538,557658.05,68,F1,1,,,,,
2026-08-28,2026-08-28,CM,NSE,STK,760247,INF209KC1670,ABSL10BANK,EQ,,,,,BIRLASLAMC - ABSL10BANK,173.47,173.47,168.75,168.96,168.75,170.07,,168.96,,,5367,910789.88,63,F1,1,,,,,
2026-08-28,2026-08-28,CM,NSE,STK,25082,INE040M01013,TREEHOUSE,EQ,,,,,TREE HOUSE EDU LTD,6.28,6.33,6.1,6.27,6.28,6.28,,6.27,,,5340,33193.51,55,F1,1,,,,,
2026-08-28,2026-08-28,CM,NSE,STK,1756,INE197D01010,JINDALPOLY,EQ,,,,,JINDAL POLY FILMS LIMITED,637.55,642.0,632.85,635.85,635.0,637.55,,635.85,,,5335,3399166.4,410,F1,1,,,,,
2026-08-28,2026-08-28,CM,NSE,STK,11260,INF179KC1DK8,HDFCVALUE,EQ,,,,,HDFCAMC - HDFCVALUE,125.43,125.85,125.2,125.51,125.5,125.42,,125.51,,,5306,665782.29,53,F1,1,,,,,
2026-08-28,2026-08-28,CM,NSE,STK,764733,INE577D01013,JYOTIRES,EQ,,,,,JYOTI RESINS & ADHESIVE L,897.15,904.55,873.0,879.65,883.0,890.55,,879.21,,,5279,4686491.7,547,F1,1,,,,,
2026-08-28,2026-08-28,CM,NSE,STK,13735,INE792H01019,GLOBALVECT,EQ,,,,,GLOBAL VEC HELICORP LTD,145.0,148.7,144.25,145.92,147.33,146.47,,145.56,,,5273,775140.17,232,F1,1,,,,,
2026-08-28,2026-08-28,CM,NSE,STK,955,INE284A01012,ESABINDIA,EQ,,,,,ESAB INDIA LTD,6112.0,6216.0,6039.0,6162.0,6151.0,6095.5,,6162.65,,,5270,32279522.0,2214,F1,1,,,,,
2026-08-28,2026-08-28,CM,NSE,STK,759371,INF247L01GG9,MONIFTY100,EQ,,,,,MOTILALAMC - MONIFTY100,25.57,25.58,25.49,25.5,25.5,25.62,,25.5,,,5216,133033.19,38,F1,1,,,,,
2026-08-28,2026-08-28,CM,NSE,STK,8477,INE01P501012,XELPMOC,EQ,,,,,XELPMOC DESIGN & TECH LTD,83.45,83.45,81.05,81.64,81.09,81.09,,81.63,,,5212,426816.55,100,F1,1,,,,,
2026-08-28,2026-08-28,CM,NSE,STK,21247,INE0PSC01024,DIGIDRIVE,EQ,,,,,DIGIDRIVE DISTRIBUTORS L,17.32,18.0,17.32,17.71,17.6,17.77,,17.71,,,5144,91368.48,99,F1,1,,,,,
2026-08-28,2026-08-28,CM,NSE,STK,4037,INE218C01016,AUSOMENT,EQ,,,,,AUSOM ENTERPRISE LIMITED,147.25,148.85,144.65,148.24,148.85,147.25,,148.24,,,5076,752395.23,183,F1,1,,,,,
2026-08-28,2026-08-28,CM,NSE,STK,27303,INE735M01018,SAMPANN,EQ,,,,,SAMPANN UTPADAN INDIA LTD,26.7,26.7,25.67,26.13,26.21,25.61,,26.13,,,5068,132641.67,88,F1,1,,,,,
2026-08-28,2026-08-28,CM,NSE,STK,757142,INF769K01OO2,EQUAL50,EQ,,,,,MIRAEAMC - EQUAL50,334.5,334.58,333.41,334.29,334.29,334.28,,333.75,,,4997,1669508.88,26,F1,1,,,,,
2026-08-28,2026-08-28,CM,NSE,STK,17987,INE391D01019,TRF,EQ,,,,,TRF LIMITED,230.83,231.67,228.0,229.48,230.0,229.22,,229.48,,,4996,1150638.17,186,F1,1,,,,,
2026-08-28,2026-08-28,CM,NSE,STK,20314,INE740D01017,NRAIL,EQ,,,,,N R AGARWAL INDS LTD,510.0,510.0,492.35,497.5,498.95,511.3,,497.52,,,4957,2484299.1,312,F1,1,,,,,
2026-08-28,2026-08-28,CM,NSE,STK,4229,INE116C01012,ZFSTEERING,EQ,,,,,Z F STEERING GEAR (I) LTD,682.0,682.0,666.05,670.95,669.0,671.25,,670.95,,,4947,3331018.15,174,F1,1,,,,,
2026-08-28,2026-08-28,CM,NSE,STK,715,INE492A01029,SUDARCOLOR,EQ,,,,,SUDARSHAN COLORNT IND LTD,379.6,394.95,379.6,390.35,387.15,379.65,,390.35,,,4927,1920842.15,285,F1,1,,,,,
2026-08-28,2026-08-28,CM,NSE,STK,762732,INE411F01010,KAMAHOLD,EQ,,,,,KAMA HOLDINGS LTD.,2398.4,2400.0,2370.0,2374.6,2383.0,2389.4,,2375.81,,,4904,11666521.3,711,F1,1,,,,,
2026-08-28,2026-08-28,CM,NSE,STK,5516,INE696V01013,JAIPURKURT,EQ,,,,,NANDANI CREATION LIMITED,26.34,26.88,26.33,26.78,26.43,26.33,,26.78,,,4902,131520.91,26,F1,1,,,,,
2026-08-28,2026-08-28,CM,NSE,STK,758941,INE0P6P01016,CPEDU,EQ,,,,,CAREER POINT EDUTECH LTD,191.95,194.37,185.0,186.52,185.9,192.21,,186.52,,,4888,915950.9,104,F1,1,,,,,
2026-08-28,2026-08-28,CM,NSE,STK,4105,INE923A01015,SILINV,EQ,,,,,SIL INVESTMENTS LIMITED,484.0,497.0,473.3,490.05,490.0,478.1,,489.93,,,4839,2362752.75,223,F1,1,,,,,
2026-08-28,2026-08-28,CM,NSE,STK,1811,INE437B01014,KAKATCEM,EQ,,,,,KAKATIYA CEM SUGAR &IND L,112.8,117.0,112.8,113.78,113.12,115.39,,113.79,,,4787,546401.4,76,F1,1,,,,,
2026-08-28,2026-08-28,CM,NSE,STK,2004,INE00PV01013,AHLADA,EQ,,,,,AHLADA ENGINEERS LIMITED,37.57,39.07,37.5,38.06,38.85,38.47,,38.06,,,4759,181066.75,86,F1,1,,,,,
2026-08-28,2026-08-28,CM,NSE,STK,8083,INE491V01019,CROWN,EQ,,,,,CROWN LIFTERS LIMITED,104.06,105.49,101.44,102.7,103.8,105.1,,102.7,,,4747,491821.96,204,F1,1,,,,,
2026-08-28,2026-08-28,CM,NSE,STK,11743,INE796G01012,JINDALPHOT,EQ,,,,,JINDAL PHOTO LIMITED,1020.4,1055.8,1012.1,1026.6,1048.0,1041.0,,1026.65,,,4737,4849754.2,346,F1,1,,,,,
2026-08-28,2026-08-28,CM,NSE,STK,765125,INE588G01021,MLKFOOD,EQ,,,,,MILKFOOD LTD.,86.01,89.98,85.65,86.71,85.7,86.87,,86.18,,,4729,411538.34,141,F1,1,,,,,
2026-08-28,2026-08-28,CM,NSE,STK,762727,INE586E01020,IWP,EQ,,,,,INDIAN WOOD PRODUCTS CO L,35.2,35.65,34.0,34.03,34.0,34.95,,34.03,,,4697,162515.43,72,F1,1,,,,,
2026-08-28,2026-08-28,CM,NSE,STK,761693,INF247L01GV8,MOBANK10,EQ,,,,,MOTILALAMC - MOBANK10,16.95,16.99,16.83,16.85,16.93,16.95,,16.85,,,4668,79124.42,58,F1,1,,,,,
2026-08-28,2026-08-28,CM,NSE,STK,18944,INE473D01015,KINGFA,EQ,,,,,KINGFA SCI & TEC IND LTD.,5950.0,5975.0,5910.0,5947.0,5975.0,5960.5,,5946.99,,,4643,27595684.5,1338,F1,1,,,,,
2026-08-28,2026-08-28,CM,NSE,STK,5192,INE177F01017,KOVAI,EQ,,,,,KOVAI MEDICAL CENTER & HO,6021.5,6094.0,6014.0,6032.5,6050.0,6014.0,,6032.36,,,4637,28065776.0,700,F1,1,,,,,
2026-08-28,2026-08-28,CM,NSE,STK,764643,INE084D01010,CGVAK,EQ,,,,,C G V A K SOFTWARE & EX L,148.0,154.0,147.13,149.7,149.7,148.15,,149.21,,,4564,681555.29,48,F1,1,,,,,
2026-08-28,2026-08-28,CM,NSE,STK,14019,INE484C01030,VEEDOL,EQ,,,,,VEEDOL CORPORATION LTD,1499.8,1506.0,1487.7,1496.1,1491.7,1491.5,,1495.55,,,4534,6791299.1,1022,F1,1,,,,,
2026-08-28,2026-08-28,CM,NSE,STK,765242,INE670O01013,ONEGLOBAL,EQ,,,,,ONE GLOBAL SERVICE PROV L,564.95,564.95,546.0,546.7,546.0,541.4,,547.2,,,4526,2486074.45,334,F1,1,,,,,
2026-08-28,2026-08-28,CM,NSE,STK,11293,INE037A01022,UNIENTER,EQ,,,,,UNIPHOS ENTERPRISES LTD,96.04,96.95,92.74,94.1,94.66,96.04,,94.1,,,4514,426577.9,108,F1,1,,,,,
2026-08-28,2026-08-28,CM,NSE,STK,12153,INE01EE01011,BBTCL,EQ,,,,,B&B TRIPLEWALL CONT LTD,235.05,239.78,233.12,235.59,235.6,237.01,,235.59,,,4480,1060829.41,188,F1,1,,,,,
2026-08-28,2026-08-28,CM,NSE,STK,184,INE822C01015,TCPLPACK,EQ,,,,,TCPL PACKAGING LIMITED,3815.4,3871.1,3790.0,3821.7,3870.0,3846.4,,3821.65,,,4466,17053785.0,954,F1,1,,,,,
2026-08-28,2026-08-28,CM,NSE,STK,5528,INE823A01017,KOTHARIPRO,EQ,,,,,KOTHARI PRODUCTS LTD,71.8,71.8,67.3,68.24,68.83,68.84,,68.24,,,4461,305153.96,69,F1,1,,,,,
2026-08-28,2026-08-28,CM,NSE,STK,16821,INE250B01029,VINYLINDIA,EQ,,,,,VINYL CHEMICALS (I) LTD.,238.0,238.0,232.82,234.25,234.7,234.75,,234.28,,,4451,1043700.68,265,F1,1,,,,,
2026-08-28,2026-08-28,CM,NSE,STK,762737,INE081G01019,KANCHI,EQ,,,,,KANCHI KARPOORAM LTD.,415.5,435.0,404.2,422.3,424.4,420.0,,422.75,,,4421,1874106.1,140,F1,1,,,,,
2026-08-28,2026-08-28,CM,NSE,STK,760599,INF740KA1XU7,NEXT50ADD,EQ,,,,,DSPAMC - NEXT50ADD,74.84,74.84,74.2,74.47,74.79,75.06,,74.47,,,4376,326165.66,34,F1,1,,,,,
2026-08-28,2026-08-28,CM,NSE,STK,4525,INE221B01012,DYNAMATECH,EQ,,,,,DYNAMATIC TECHNOLOGIES,11497.0,11615.0,11390.0,11436.0,11485.0,11497.0,,11435.47,,,4340,49796203.0,1838,F1,1,,,,,
2026-08-28,2026-08-28,CM,NSE,STK,2711,INE283A01014,PRECOT,EQ,,,,,PRECOT LIMITED,712.0,720.1,681.5,701.5,707.05,703.75,,701.5,,,4311,3064704.8,340,F1,1,,,,,
2026-08-28,2026-08-28,CM,NSE,STK,13352,INE383H01017,MALUPAPER,EQ,,,,,MALU PAPER MILLS LIMITED,32.0,32.59,31.61,32.04,32.39,32.25,,32.04,,,4291,137277.24,38,F1,1,,,,,
2026-08-28,2026-08-28,CM,NSE,STK,20092,INE488B01017,TASTYBITE,EQ,,,,,TASTY BITE EATABLES LTD,9800.0,10160.0,9800.0,10073.0,10015.0,9816.5,,10073.03,,,4271,42800840.5,1220,F1,1,,,,,
2026-08-28,2026-08-28,CM,NSE,STK,10590,INE970D01010,LOYALTEX,EQ,,,,,LOYAL TEXTILE MILLS LTD,257.79,257.79,221.01,226.02,223.0,218.9,,225.78,,,4243,984890.67,267,F1,1,,,,,
2026-08-28,2026-08-28,CM,NSE,STK,9007,INE234A01025,NOVARTIND,EQ,,,,,NOVARTIS INDIA LIMITED,1488.5,1494.0,1471.2,1486.3,1485.1,1490.2,,1486.31,,,4238,6285102.5,518,F1,1,,,,,
2026-08-28,2026-08-28,CM,NSE,STK,4136,INE829A01014,BIOFILCHEM,EQ,,,,,BIOFIL CHEM & PHARMA LTD,32.8,33.79,32.8,32.93,33.0,32.8,,32.94,,,4186,138181.41,116,F1,1,,,,,
2026-08-28,2026-08-28,CM,NSE,STK,765200,INE330E01023,TRANSCOR,EQ,,,,,TRANSCORP INTERNATIONAL L,25.5,25.8,24.0,24.7,25.3,25.95,,24.92,,,4184,103472.05,59,F1,1,,,,,
2026-08-28,2026-08-28,CM,NSE,STK,19322,INE598C01011,HISARMETAL,EQ,,,,,HISAR METAL IND. LIMITED,148.0,159.9,148.0,155.96,156.0,149.23,,155.96,,,4146,642176.88,120,F1,1,,,,,
2026-08-28,2026-08-28,CM,NSE,STK,1372,INE310C01029,HINDCOMPOS,EQ,,,,,HINDUSTAN COMPOSITES LTD.,410.35,413.0,406.0,408.35,406.5,409.45,,408.37,,,4130,1687342.8,270,F1,1,,,,,
2026-08-28,2026-08-28,CM,NSE,STK,2112,INE882A01013,MARALOVER,EQ,,,,,MARAL OVERSEAS LTD,56.99,57.4,55.6,56.65,56.65,56.27,,56.65,,,4078,230759.86,41,F1,1,,,,,
2026-08-28,2026-08-28,CM,NSE,STK,13510,INE737W01013,AKASH,EQ,,,,,AKASH INFRA-PROJECTS LTD,24.31,24.97,24.31,24.36,24.36,24.31,,24.36,,,4053,98903.48,34,F1,1,,,,,
2026-08-28,2026-08-28,CM,NSE,STK,4116,INE550B01022,HBSL,EQ,,,,,HB STOCKHOLDINGS LIMITED,52.0,53.4,50.7,52.55,52.95,51.99,,52.55,,,4040,210201.23,139,F1,1,,,,,
2026-08-28,2026-08-28,CM,NSE,STK,11798,INE835G01018,ALLDIGI,EQ,,,,,ALLDIGI TECH LIMITED,795.0,818.0,795.0,813.65,815.0,797.2,,813.57,,,3998,3229421.55,372,F1,1,,,,,
2026-08-28,2026-08-28,CM,NSE,STK,5865,INE548Z01017,LAGNAM,EQ,,,,,LAGNAM SPINTEX LIMITED,77.48,78.31,76.21,76.56,76.5,75.47,,76.56,,,3982,310588.8,24,F1,1,,,,,
2026-08-28,2026-08-28,CM,NSE,STK,29008,INE105A01035,TVSHLTD,EQ,,,,,TVS HOLDINGS LIMITED,13435.0,13587.0,13361.0,13450.0,13410.0,13434.0,,13450.04,,,3931,52896723.0,1440,F1,1,,,,,
2026-08-28,2026-08-28,CM,NSE,STK,21383,INE471W01019,PALASHSECU,EQ,,,,,PALASH SECURITIES LTD,89.9,91.9,86.4,91.39,91.39,89.78,,91.39,,,3854,352217.83,34,F1,1,,,,,
2026-08-28,2026-08-28,CM,NSE,STK,25222,INE0UOS01011,SANOFICONR,EQ,,,,,SANOFI CONS HEALTHC IND L,4180.8,4301.6,4122.1,4213.7,4217.2,4150.0,,4213.7,,,3831,16086570.7,1307,F1,1,,,,,
2026-08-28,2026-08-28,CM,NSE,STK,347,INE655B01011,BANARBEADS,EQ,,,,,BANARAS BEADS LTD,122.4,122.8,115.26,115.53,115.43,119.51,,115.53,,,3807,446439.07,130,F1,1,,,,,
2026-08-28,2026-08-28,CM,NSE,STK,22488,INF789F1AZD8,ITBETA,EQ,,,,,UTIAMC-ITBETA,327.9,330.21,326.47,328.0,328.0,319.0,,328.0,,,3772,1235620.26,43,F1,1,,,,,
2026-08-28,2026-08-28,CM,NSE,STK,19438,INE926K01017,AHLEAST,EQ,,,,,ASIAN HOTELS (EAST) LTD,137.05,141.4,135.0,139.32,141.4,136.73,,139.61,,,3751,520040.37,63,F1,1,,,,,
2026-08-28,2026-08-28,CM,NSE,STK,764405,INF247L01HH5,MOOILGAS,EQ,,,,,MOTILALAMC - MOOILGAS,11.32,11.32,11.05,11.11,11.12,11.1,,11.11,,,3738,41450.37,34,F1,1,,,,,
2026-08-28,2026-08-28,CM,NSE,STK,764738,INE344D01018,KAMANWALA,EQ,,,,,KAMANWALA HOUSING CONST L,16.9,17.0,16.1,16.93,17.0,16.52,,16.91,,,3706,62289.23,25,F1,1,,,,,
2026-08-28,2026-08-28,CM,NSE,STK,495,INE233B01017,BLUEDART,EQ,,,,,BLUE DART EXPRESS LTD,5001.0,5032.5,4975.0,4989.5,4980.0,5005.5,,4985.59,,,3660,18278990.5,1134,F1,1,,,,,
2026-08-28,2026-08-28,CM,NSE,STK,13689,INE035801013,AERONEU,EQ,,,,,AEROFLEX NEU LIMITED,83.99,83.99,80.25,80.68,81.01,81.88,,80.68,,,3586,293477.27,259,F1,1,,,,,
2026-08-28,2026-08-28,CM,NSE,STK,760976,INF666M01NQ3,GROWWPSE,EQ,,,,,GROWWAMC - GROWWPSE,96.1,99.6,95.96,97.13,97.8,97.92,,97.13,,,3578,348125.28,64,F1,1,,,,,
2026-08-28,2026-08-28,CM,NSE,STK,19867,INE275D01022,AMNPLST,EQ,,,,,AMINES & PLASTICIZERS LTD,183.63,189.0,180.6,184.16,185.0,186.81,,184.16,,,3545,653780.65,181,F1,1,,,,,
2026-08-28,2026-08-28,CM,NSE,STK,4,INE253B01015,21STCENMGM,EQ,,,,,21ST CENTURY MGMT SERVICE,41.74,41.74,41.16,41.16,41.16,42.0,,41.17,,,3530,145822.12,33,F1,1,,,,,
2026-08-28,2026-08-28,CM,NSE,STK,4041,INE785A01026,JAYAGROGN,EQ,,,,,JAYANT AGRO ORGANICS LTD,223.11,227.58,222.32,223.14,224.78,222.07,,223.14,,,3465,776636.06,233,F1,1,,,,,
2026-08-28,2026-08-28,CM,NSE,STK,15360,INE049I01012,NAHARCAP,EQ,,,,,NAHAR CAP & FIN.,258.8,259.2,255.0,258.44,257.5,255.75,,258.44,,,3453,893279.69,38,F1,1,,,,,
2026-08-28,2026-08-28,CM,NSE,STK,13367,INE353H01010,SGL,EQ,,,,,STL GLOBAL LIMITED,9.75,10.46,9.75,10.12,10.28,10.04,,10.08,,,3436,35018.62,55,F1,1,,,,,
2026-08-28,2026-08-28,CM,NSE,STK,764613,INE767C01012,AXTEL,EQ,,,,,AXTEL INDUSTRIES LTD.,400.0,406.8,392.3,394.35,398.0,403.85,,394.68,,,3424,1363990.55,129,F1,1,,,,,
2026-08-28,2026-08-28,CM,NSE,STK,14942,INE245I01016,NAGREEKCAP,EQ,,,,,NAGREEKA CAP & INFR.LTD,23.25,23.49,22.0,22.77,22.72,22.5,,22.77,,,3419,76942.82,117,F1,1,,,,,
2026-08-28,2026-08-28,CM,NSE,STK,5631,INE04LG01015,PAR,EQ,,,,,PAR DRUGS AND CHEM LTD,99.0,100.9,99.0,100.21,100.28,99.56,,100.21,,,3407,338534.85,73,F1,1,,,,,
2026-08-28,2026-08-28,CM,NSE,STK,765055,INE00IY01012,DEEP,EQ,,,,,DEEP POLYMERS LTD.,37.24,37.25,36.06,36.95,36.95,37.44,,36.66,,,3406,124292.34,44,F1,1,,,,,
2026-08-28,2026-08-28,CM,NSE,STK,3384,INE277A01016,SWARAJENG,EQ,,,,,SWARAJ ENGINES LTD,3551.9,3560.0,3535.0,3544.8,3541.3,3548.3,,3544.69,,,3338,11845776.6,971,F1,1,,,,,
2026-08-28,2026-08-28,CM,NSE,STK,20616,INE712B01010,SUPERHOUSE,EQ,,,,,SUPERHOUSE LIMITED,169.15,177.9,169.15,175.57,174.0,169.9,,175.57,,,3321,579147.0,116,F1,1,,,,,
2026-08-28,2026-08-28,CM,NSE,STK,765313,INF769K01RK3,LARGEMID50,EQ,,,,,MIRAEAMC - LARGEMID50,36.8,36.88,36.7,36.87,36.87,36.86,,36.79,,,3301,121500.53,17,F1,1,,,,,
2026-08-28,2026-08-28,CM,NSE,STK,764673,INE515H01014,EMPIND,EQ,,,,,EMPIRE INDUSTRIES LTD.,1248.0,1248.0,1209.0,1214.2,1215.0,1212.7,,1214.32,,,3295,4006454.1,266,F1,1,,,,,
2026-08-28,2026-08-28,CM,NSE,STK,6262,INE105I01020,SELMC,EQ,,,,,SEL MANUFACTURING CO LTD,27.0,28.38,27.0,27.71,27.77,27.45,,27.73,,,3292,91774.46,69,F1,1,,,,,
2026-08-28,2026-08-28,CM,NSE,STK,762538,INE701G01012,AKCAPIT,EQ,,,,,A K CAPITAL SERVICES LTD.,1687.7,1774.7,1644.2,1708.1,1719.9,1686.2,,1708.1,,,3268,5567686.8,453,F1,1,,,,,
2026-08-28,2026-08-28,CM,NSE,STK,4568,INE446A01025,ATLASCYCLE,EQ,,,,,ATLAS CYCLE (HARYANA) LTD,97.0,97.43,95.5,96.11,96.49,96.28,,96.11,,,3218,309345.58,88,F1,1,,,,,
2026-08-28,2026-08-28,CM,NSE,STK,2799,INE783X01023,CHEMFAB,EQ,,,,,CHEMFAB ALKALIS LIMITED,354.0,372.5,354.0,369.75,369.0,358.9,,369.75,,,3184,1171275.85,150,F1,1,,,,,
2026-08-28,2026-08-28,CM,NSE,STK,6127,INE731U01028,DIGJAMLMTD,EQ,,,,,DIGJAM LTD,53.0,53.48,50.22,51.31,50.7,52.0,,51.29,,,3184,165515.05,64,F1,1,,,,,
2026-08-28,2026-08-28,CM,NSE,STK,7965,INE389C01015,MALLCOM,EQ,,,,,MALLCOM (INDIA) LIMITED,974.75,1014.95,968.05,1000.05,988.0,973.4,,1000.16,,,3165,3130943.5,318,F1,1,,,,,
2026-08-28,2026-08-28,CM,NSE,STK,762909,INE997I01012,SHRIKRISH,EQ,,,,,SHRI KRISHNA DEVCON LTD.,37.5,42.87,35.6,39.9,41.2,36.55,,39.91,,,3128,117715.24,27,F1,1,,,,,
2026-08-28,2026-08-28,CM,NSE,STK,8175,INE976T01013,SAGARDEEP,EQ,,,,,SAGARDEEP ALLOYS LIMITED,23.79,24.59,23.51,23.62,23.62,23.79,,23.62,,,3087,73461.46,65,F1,1,,,,,
2026-08-28,2026-08-28,CM,NSE,STK,7425,INE558R01013,HECPROJECT,EQ,,,,,HEC INFRA PROJECTS LTD,116.26,119.35,116.26,118.06,118.9,117.97,,118.06,,,3081,364270.28,86,F1,1,,,,,
2026-08-28,2026-08-28,CM,NSE,STK,18840,INE326T01011,NIRAJISPAT,EQ,,,,,NIRAJ ISPAT IND LTD,286.0,295.9,278.99,295.9,295.9,246.59,,295.9,,,3053,894476.22,77,F1,1,,,,,
2026-08-28,2026-08-28,CM,NSE,STK,759891,INF247L01GI5,MOIPO,EQ,,,,,MOTILALAMC - MOIPO,49.2,49.4,49.02,49.26,49.37,49.2,,49.26,,,2973,146273.14,35,F1,1,,,,,
2026-08-28,2026-08-28,CM,NSE,STK,2844,INE384A01010,RANEHOLDIN,EQ,,,,,RANE HOLDINGS LIMITED,1584.7,1628.0,1578.0,1598.9,1596.0,1593.9,,1598.82,,,2972,4736797.0,595,F1,1,,,,,
2026-08-28,2026-08-28,CM,NSE,STK,3772,INE210A01017,WILLAMAGOR,EQ,,,,,WILLIAMSON MAGOR,24.58,26.0,23.62,24.0,23.75,24.1,,24.0,,,2961,71383.45,25,F1,1,,,,,
2026-08-28,2026-08-28,CM,NSE,STK,7091,INE955I01044,SEJALLTD,EQ,,,,,SEJAL GLASS LIMITED,676.35,680.95,670.6,673.35,676.0,676.5,,673.35,,,2882,1949611.8,223,F1,1,,,,,
2026-08-28,2026-08-28,CM,NSE,STK,27754,INE403Y01018,INNOVANA,EQ,,,,,INNOVANA THINKLABS LTD,316.5,316.5,300.0,306.75,306.2,313.6,,306.75,,,2852,870056.45,93,F1,1,,,,,
2026-08-28,2026-08-28,CM,NSE,STK,764723,INE478D01014,ITL,EQ,,,,,ITL INDUSTRIES LTD.,360.0,377.0,360.0,368.4,368.4,367.2,,367.78,,,2845,1056317.85,70,F1,1,,,,,
2026-08-28,2026-08-28,CM,NSE,STK,23507,INE899L01030,UEL,EQ,,,,,UJAAS ENERGY LIMITED,189.33,189.33,189.33,189.33,189.33,180.32,,194.02,,,2841,537886.53,43,F1,1,,,,,
2026-08-28,2026-08-28,CM,NSE,STK,764855,INE005C01017,RTSPOWR,EQ,,,,,R T S POWER CORPN. LTD.,91.67,94.99,86.38,88.3,90.84,89.44,,88.83,,,2791,250693.9,123,F1,1,,,,,
2026-08-28,2026-08-28,CM,NSE,STK,762523,INE365O01028,ABANSENT,EQ,,,,,ABANS ENTERPRISES LTD.,28.8,28.8,27.0,27.99,27.99,27.51,,27.64,,,2791,76631.39,87,F1,1,,,,,
2026-08-28,2026-08-28,CM,NSE,STK,764838,INE418E01018,PERMAGN,EQ,,,,,PERMANENT MAGNETS LTD.,875.0,907.4,870.05,893.95,889.0,869.45,,893.64,,,2754,2441417.75,387,F1,1,,,,,
2026-08-28,2026-08-28,CM,NSE,STK,3912,INE731C01018,KHAITANLTD,EQ,,,,,KHAITAN (INDIA)LTD.,145.0,147.0,140.0,142.1,142.2,144.78,,142.17,,,2714,385974.52,78,F1,1,,,,,
2026-08-28,2026-08-28,CM,NSE,STK,8153,INE00EM01016,MEGASTAR,EQ,,,,,MEGASTAR FOODS LIMITED,318.0,318.0,308.2,311.6,311.7,309.2,,311.57,,,2700,839537.7,179,F1,1,,,,,
2026-08-28,2026-08-28,CM,NSE,STK,703,INE303A01010,DICIND,EQ,,,,,DIC INDIA LIMITED,601.1,611.95,598.6,605.6,605.0,601.3,,605.6,,,2697,1632824.7,155,F1,1,,,,,
2026-08-28,2026-08-28,CM,NSE,STK,2951,INE902B01017,S&SPOWER,EQ,,,,,S&S POWER SWITCHGEARS LTD,341.3,350.75,335.0,338.75,338.5,334.05,,338.75,,,2696,925715.2,113,F1,1,,,,,
2026-08-28,2026-08-28,CM,NSE,STK,25258,INF754K01TE4,EBANKNIFTY,EQ,,,,,EDELAMC - EBANKNIFTY,58.56,58.56,57.76,58.13,58.14,58.27,,58.13,,,2684,155621.87,21,F1,1,,,,,
2026-08-28,2026-08-28,CM,NSE,STK,16908,INE486Y01013,TOUCHWOOD,EQ,,,,,TOUCHWOOD ENTERTAIN LTD.,61.0,61.9,59.0,60.69,60.69,61.0,,60.69,,,2680,162562.92,79,F1,1,,,,,
2026-08-28,2026-08-28,CM,NSE,STK,5610,INE203A01020,ASTRAZEN,EQ,,,,,ASTRAZENECA PHARMA IND LT,7140.5,7170.0,7081.0,7106.5,7137.0,7136.0,,7106.49,,,2651,18906505.0,1060,F1,1,,,,,
2026-08-28,2026-08-28,CM,NSE,STK,21252,INF846K01W98,NIFTYAXIS,EQ,,,,,AXISAMC-NIFTYAXIS,266.94,268.31,266.79,267.88,267.23,267.74,,267.88,,,2633,704025.52,104,F1,1,,,,,
2026-08-28,2026-08-28,CM,NSE,STK,762623,INE515A01019,COCKERILL,EQ,,,,,JOHN COCKERILL INDIA LTD.,8101.5,8150.0,8030.0,8123.0,8145.0,8089.5,,8123.09,,,2613,21147231.0,1216,F1,1,,,,,
2026-08-28,2026-08-28,CM,NSE,STK,14194,INE395U01014,NINSYS,EQ,,,,,NINTEC SYSTEMS LIMITED,712.85,737.0,702.65,722.8,727.0,713.95,,722.88,,,2516,1812005.0,233,F1,1,,,,,
2026-08-28,2026-08-28,CM,NSE,STK,1979,INE269B01029,LMW,EQ,,,,,LMW LIMITED,19286.0,19286.0,18795.0,18901.0,18900.0,19132.0,,18894.61,,,2505,47601112.0,1109,F1,1,,,,,
2026-08-28,2026-08-28,CM,NSE,STK,11796,INE05X901010,HPIL,EQ,,,,,HINDPRAKASH INDUSTRY LTD,124.9,127.39,123.25,125.08,125.2,123.81,,124.78,,,2501,312920.86,69,F1,1,,,,,
2026-08-28,2026-08-28,CM,NSE,STK,3138,INE634A01018,HONDAPOWER,EQ,,,,,HONDA I POWER PRODUCT LTD,2060.5,2081.7,2050.0,2058.6,2052.0,2068.3,,2058.66,,,2497,5146080.7,360,F1,1,,,,,
2026-08-28,2026-08-28,CM,NSE,STK,22233,INE320L01011,DHUNINV,EQ,,,,,DHUNSERI INVESTMENTS LTD,1050.2,1073.0,1011.85,1026.45,1028.0,1046.5,,1026.45,,,2491,2598317.7,187,F1,1,,,,,
2026-08-28,2026-08-28,CM,NSE,STK,474,INE470A01017,3MINDIA,EQ,,,,,3M INDIA LIMITED,34245.0,34840.0,34130.0,34415.0,34500.0,34245.0,,34420.01,,,2422,83667700.0,1347,F1,1,,,,,
2026-08-28,2026-08-28,CM,NSE,STK,20196,INE844K01012,BEDMUTHA,EQ,,,,,BEDMUTHA INDUST LTD,105.0,107.75,105.0,106.25,106.27,106.04,,106.25,,,2412,256252.48,40,F1,1,,,,,
2026-08-28,2026-08-28,CM,NSE,STK,7048,INE782E01017,HESTERBIO,EQ,,,,,HESTER BIOSCIENCES LTD,2294.4,2347.9,2291.2,2302.3,2292.9,2289.8,,2302.09,,,2398,5549442.1,565,F1,1,,,,,
2026-08-28,2026-08-28,CM,NSE,STK,765145,INE501F01018,PBMPOLY,EQ,,,,,P B M POLYTEX LTD.,60.2,72.2,60.2,64.61,65.5,60.2,,64.51,,,2394,164320.95,48,F1,1,,,,,
2026-08-28,2026-08-28,CM,NSE,STK,764925,INE671K01027,SUNRAKSHAK,EQ,,,,,SUNRAKSHAKK INDUS IND L,370.0,374.15,368.05,373.0,373.0,371.1,,373.0,,,2388,887682.35,73,F1,1,,,,,
2026-08-28,2026-08-28,CM,NSE,STK,762588,INE469A01019,BIMETAL,EQ,,,,,BIMETAL BEARINGS LTD.,625.0,679.0,625.0,648.5,660.0,618.5,,647.34,,,2388,1530524.55,113,F1,1,,,,,
2026-08-28,2026-08-28,CM,NSE,STK,29423,INE954E01012,MOHITIND,EQ,,,,,MOHIT INDUSTRIES LTD,25.05,25.05,24.53,24.69,24.61,25.07,,24.65,,,2376,58827.94,47,F1,1,,,,,
2026-08-28,2026-08-28,CM,NSE,STK,765045,INE298W01016,CHEMCRUX,EQ,,,,,CHEMCRUX ENTERPRISES LTD.,85.95,85.95,82.3,84.46,84.9,83.98,,84.71,,,2359,198483.3,88,F1,1,,,,,
2026-08-28,2026-08-28,CM,NSE,STK,14116,INE524B01027,GANDHITUBE,EQ,,,,,GANDHI SPL. TUBES LTD,895.0,900.0,893.4,898.25,900.0,903.1,,898.17,,,2356,2113148.05,285,F1,1,,,,,
2026-08-28,2026-08-28,CM,NSE,STK,15157,INE508K01013,RHL,EQ,,,,,ROBUST HOTELS LIMITED,168.0,169.8,165.6,168.0,168.0,166.54,,168.0,,,2341,391557.13,26,F1,1,,,,,
2026-08-28,2026-08-28,CM,NSE,STK,10717,INE289C01025,TEAMGTY,EQ,,,,,TEAM INDIA GUARANTY LTD,244.9,244.99,230.2,240.33,240.0,240.02,,240.33,,,2315,547481.47,41,F1,1,,,,,
2026-08-28,2026-08-28,CM,NSE,STK,9862,INE082W01014,WEWIN,EQ,,,,,WE WIN LIMITED,46.0,47.48,45.7,46.81,46.81,46.21,,46.81,,,2307,106604.93,15,F1,1,,,,,
2026-08-28,2026-08-28,CM,NSE,STK,21427,INE924D01017,THEINVEST,EQ,,,,,THE INVEST TRUST OF IND L,94.96,97.0,94.52,95.0,95.01,94.96,,95.01,,,2303,220922.65,105,F1,1,,,,,
2026-08-28,2026-08-28,CM,NSE,STK,2277,INE883A01011,MRF,EQ,,,,,MRF LTD,133600.0,134000.0,131910.0,132080.0,132010.0,133600.0,,132083.36,,,2262,299934400.0,1814,F1,1,,,,,
2026-08-28,2026-08-28,CM,NSE,STK,2658,INE245B01011,PHOENXINTL,EQ,,,,,PHOENIX INTERNATIONAL LTD,31.5,31.5,29.85,30.13,31.4,30.31,,30.13,,,2249,68406.59,39,F1,1,,,,,
2026-08-28,2026-08-28,CM,NSE,STK,20063,INE019J01013,HEALTHX,EQ,,,,,HEALTH X PLATFORM LIMITED,292.1,302.25,292.1,300.05,302.25,293.55,,300.05,,,2233,665195.5,58,F1,1,,,,,
2026-08-28,2026-08-28,CM,NSE,STK,765431,INF789F1AG76,NIF500BETA,EQ,,,,,UTIAMC - NIF500BETA,37.86,38.0,37.75,37.85,37.85,37.85,,37.93,,,2226,84456.76,24,F1,1,,,,,
2026-08-28,2026-08-28,CM,NSE,STK,6843,INE017W01010,SMLT,EQ,,,,,SARTHAK METALS LIMITED,67.27,67.5,66.0,67.1,66.95,67.6,,67.09,,,2189,146841.23,141,F1,1,,,,,
2026-08-28,2026-08-28,CM,NSE,STK,3396,INE123C01018,TAINWALCHM,EQ,,,,,TAINWALA CHEMICAL AND PLA,212.68,215.9,210.0,213.0,213.0,212.68,,213.0,,,2176,463295.98,72,F1,1,,,,,
2026-08-28,2026-08-28,CM,NSE,STK,756900,INF247L01FC0,MON50EQUAL,EQ,,,,,MOTILALAMC - MON50EQUAL,33.56,33.75,33.45,33.71,33.7,33.52,,33.71,,,2128,71445.07,45,F1,1,,,,,
2026-08-28,2026-08-28,CM,NSE,STK,5732,INF846K016C7,CONSUMAXIS,EQ,,,,,AXISAMC-CONSUMAXIS,122.9,123.23,122.23,122.8,122.7,122.9,,122.8,,,2122,259599.31,23,F1,1,,,,,
2026-08-28,2026-08-28,CM,NSE,STK,2176,INE00Y801016,AKG,EQ,,,,,AKG EXIM LIMITED,9.24,9.5,9.1,9.16,9.16,9.24,,9.16,,,2096,19294.93,61,F1,1,,,,,
2026-08-28,2026-08-28,CM,NSE,STK,29590,INE03CC01015,JUBLCPL,EQ,,,,,JUBILANT AGRI N CON PRO L,2118.7,2166.4,2102.0,2140.4,2150.0,2122.9,,2139.68,,,2075,4426466.9,396,F1,1,,,,,
2026-08-28,2026-08-28,CM,NSE,STK,2595,INE105C01023,3PLAND,EQ,,,,,3P LAND HOLDINGS LIMITED,31.9,32.34,31.55,31.74,32.25,31.87,,31.74,,,2074,66284.72,33,F1,1,,,,,
2026-08-28,2026-08-28,CM,NSE,STK,764900,INE960E01019,SHIVAAGRO,EQ,,,,,SHIVA GLOBAL AGRO INDS. L,40.7,41.9,39.21,41.72,41.79,40.74,,41.82,,,2027,83346.86,40,F1,1,,,,,
2026-08-28,2026-08-28,CM,NSE,STK,762817,INE445D01013,NILE,EQ,,,,,NILE LTD.,1490.0,1493.9,1456.4,1487.4,1490.0,1478.8,,1487.54,,,1996,2961899.1,354,F1,1,,,,,
2026-08-28,2026-08-28,CM,NSE,STK,278,INE449A01011,AUTOAXLES,EQ,,,,,AUTOMOTIVE AXLES LIMITED,1735.9,1744.9,1714.2,1740.2,1739.8,1723.6,,1740.12,,,1988,3445596.1,369,F1,1,,,,,
2026-08-28,2026-08-28,CM,NSE,STK,9652,INE750D01016,RELCHEMQ,EQ,,,,,RELIANCE CHEMOTEX IND LTD,123.98,123.98,113.05,115.33,118.0,113.36,,114.03,,,1955,225887.17,121,F1,1,,,,,
2026-08-28,2026-08-28,CM,NSE,STK,759978,INF740KA1WV7,MSCIADD,EQ,,,,,DSPAMC - MSCIADD,29.8,29.89,29.73,29.78,29.8,29.9,,29.78,,,1937,57666.23,20,F1,1,,,,,
2026-08-28,2026-08-28,CM,NSE,STK,762742,INE555P01013,KIRANVYPAR,EQ,,,,,KIRAN VYAPAR LTD.,197.0,202.58,196.0,198.24,197.9,200.62,,199.34,,,1934,383957.35,47,F1,1,,,,,
2026-08-28,2026-08-28,CM,NSE,STK,17270,INE991I01015,ASPINWALL,EQ,,,,,ASPINWALL & CO LTD,260.21,268.0,260.1,262.52,260.3,261.26,,262.52,,,1933,512693.5,52,F1,1,,,,,
2026-08-28,2026-08-28,CM,NSE,STK,3748,INE080A01014,WEIZMANIND,EQ,,,,,WEIZMANN LTD,76.0,76.99,74.0,74.09,74.0,75.6,,74.09,,,1916,143129.57,73,F1,1,,,,,
2026-08-28,2026-08-28,CM,NSE,STK,6068,INE801L01010,AIROLAM,EQ,,,,,AIRO LAM LIMITED,88.2,89.0,86.51,88.88,88.9,87.5,,88.88,,,1901,168838.1,43,F1,1,,,,,
2026-08-28,2026-08-28,CM,NSE,STK,764698,INE074C01013,HINDADH,EQ,,,,,HINDUSTAN ADHESIVES LTD.,352.7,355.4,344.0,349.05,348.0,350.4,,349.22,,,1895,663563.65,127,F1,1,,,,,
2026-08-28,2026-08-28,CM,NSE,STK,2598,INE606A01024,AMJLAND,EQ,,,,,AMJ LAND HOLDINGS LIMITED,39.22,39.22,38.61,38.62,38.62,39.22,,38.62,,,1890,73393.39,46,F1,1,,,,,
2026-08-28,2026-08-28,CM,NSE,STK,764960,INE440G01017,TRITONV,EQ,,,,,TRITON VALVES LTD.,1140.2,1160.1,1126.2,1148.5,1150.0,1144.9,,1148.94,,,1875,2141839.8,276,F1,1,,,,,
2026-08-28,2026-08-28,CM,NSE,STK,11072,INE449G01018,AGRITECH,EQ,,,,,AGRI-TECH (INDIA) LIMITED,101.11,103.63,100.06,102.9,102.9,101.11,,102.95,,,1874,191729.58,76,F1,1,,,,,
2026-08-28,2026-08-28,CM,NSE,STK,12009,INE547E01014,IMPAL,EQ,,,,,IND MOTOR PART & ACC LTD,1107.8,1119.9,1086.5,1097.5,1097.0,1108.1,,1097.43,,,1862,2046040.2,246,F1,1,,,,,
2026-08-28,2026-08-28,CM,NSE,STK,764608,INE759F01012,AUSTENG,EQ,,,,,AUSTIN ENGINEERING CO. L,120.01,125.0,119.99,123.28,123.0,121.01,,123.59,,,1859,227006.28,53,F1,1,,,,,
2026-08-28,2026-08-28,CM,NSE,STK,764895,INE960A01017,SHILGRAVQ,EQ,,,,,SHILP GRAVURES LTD.,165.0,172.2,163.0,170.07,172.2,169.0,,170.43,,,1773,299896.72,17,F1,1,,,,,
2026-08-28,2026-08-28,CM,NSE,STK,761514,INF666M01OG2,GROWWPSUBK,EQ,,,,,GROWWAMC - GROWWPSUBK,86.51,86.51,85.73,85.83,86.0,85.78,,85.83,,,1740,149397.31,35,F1,1,,,,,
2026-08-28,2026-08-28,CM,NSE,STK,761688,INE861D01011,SAHLIBHFI,EQ,,,,,SHALIBHADRA FINANCE LTD,72.16,79.88,72.16,76.84,75.05,75.0,,76.94,,,1739,133285.66,125,F1,1,,,,,
2026-08-28,2026-08-28,CM,NSE,STK,2988,INE583B01015,SANDESH,EQ,,,,,SANDESH LTD,1028.55,1032.0,990.8,1009.55,1005.2,1017.6,,1009.56,,,1698,1718079.75,278,F1,1,,,,,
2026-08-28,2026-08-28,CM,NSE,STK,762899,INE402H01015,SHBAJRG,EQ,,,,,SHRI BAJRANG ALLIANCE L,171.95,171.99,168.2,171.98,171.99,171.19,,171.94,,,1673,287652.25,32,F1,1,,,,,
2026-08-28,2026-08-28,CM,NSE,STK,4279,INE244A01016,DENORA,EQ,,,,,DE NORA INDIA LIMITED,831.7,843.25,812.0,830.2,822.45,832.35,,827.78,,,1639,1355622.75,341,F1,1,,,,,
2026-08-28,2026-08-28,CM,NSE,STK,2229,INE832A01018,MODIRUBBER,EQ,,,,,MODI RUBBER LTD,132.47,137.13,132.4,132.63,132.4,132.47,,132.86,,,1637,219222.04,101,F1,1,,,,,
2026-08-28,2026-08-28,CM,NSE,STK,764930,INE199E01014,SUNSHIEL,EQ,,,,,SUNSHIELD CHEMICALS LTD.,1175.8,1224.0,1150.1,1179.4,1183.0,1156.3,,1181.3,,,1631,1930788.6,343,F1,1,,,,,
2026-08-28,2026-08-28,CM,NSE,STK,19025,INE250A01039,KIRLOSIND,EQ,,,,,KIRLOSKAR INDUSTRIES LTD,3710.1,3757.6,3700.0,3715.1,3711.1,3704.2,,3715.03,,,1628,6048276.2,314,F1,1,,,,,
2026-08-28,2026-08-28,CM,NSE,STK,764965,INE551B01012,UDAYJEW,EQ,,,,,UDAY JEWELLERY INDS. LTD.,142.85,144.75,130.2,137.96,137.96,143.28,,139.7,,,1601,226450.14,32,F1,1,,,,,
2026-08-28,2026-08-28,CM,NSE,STK,13740,INE635A01023,SHYAMTEL,EQ,,,,,SHYAM TELECOM LIMITED,13.78,13.94,13.3,13.87,13.89,13.1,,13.87,,,1595,21852.12,24,F1,1,,,,,
2026-08-28,2026-08-28,CM,NSE,STK,1507,INF247L01AK4,MOGSEC,EQ,,,,,MOTILALAMC - G5,65.4,65.4,65.07,65.11,65.09,65.39,,65.11,,,1587,103502.18,35,F1,1,,,,,
2026-08-28,2026-08-28,CM,NSE,STK,764833,INE383L01019,PARNAXLAB,EQ,,,,,PARNAX LAB LTD.,124.02,130.0,124.0,128.4,128.0,123.41,,128.4,,,1555,197825.54,20,F1,1,,,,,
2026-08-28,2026-08-28,CM,NSE,STK,764798,INE920C01017,NTCIND,EQ,,,,,N T C INDUSTRIES LTD.,136.42,138.9,132.5,133.47,134.9,136.42,,133.48,,,1527,204890.85,73,F1,1,,,,,
2026-08-28,2026-08-28,CM,NSE,STK,764648,INE823B01015,COMPEAU,EQ,,,,,COMPETENT AUTOMOB CO. L,348.05,355.0,340.0,353.95,355.0,348.05,,354.62,,,1520,527151.85,39,F1,1,,,,,
2026-08-28,2026-08-28,CM,NSE,STK,3417,INE671A01010,HONAUT,EQ,,,,,HONEYWELL AUTOMATION IND,36750.0,36970.0,36515.0,36635.0,36670.0,36800.0,,36633.16,,,1514,55646645.0,1133,F1,1,,,,,
2026-08-28,2026-08-28,CM,NSE,STK,24145,INE03DD01011,RETAIL,EQ,,,,,JHS SVENDGAARD RETAIL V L,17.01,18.5,17.0,17.64,17.2,17.11,,17.64,,,1474,26571.97,42,F1,1,,,,,
2026-08-28,2026-08-28,CM,NSE,STK,6977,INE613B01010,ICDSLTD,EQ,,,,,ICDS LTD,41.63,45.5,40.05,41.44,40.05,41.63,,41.48,,,1467,63732.72,54,F1,1,,,,,
2026-08-28,2026-08-28,CM,NSE,STK,21275,INE519C01017,SUMMITSEC,EQ,,,,,SUMMIT SECURITIES LTD,1424.5,1445.7,1410.1,1421.0,1427.0,1420.7,,1421.69,,,1462,2084161.6,340,F1,1,,,,,
2026-08-28,2026-08-28,CM,NSE,STK,8953,INE668G01021,ELDEHSG,EQ,,,,,ELDECO HSG & IND LTD.,809.75,823.65,787.5,799.2,792.35,781.8,,799.2,,,1453,1175257.85,115,F1,1,,,,,
2026-08-28,2026-08-28,CM,NSE,STK,24966,INE713C01016,SURAJLTD,EQ,,,,,SURAJ LIMITED,214.0,216.44,205.1,209.89,209.89,214.0,,210.17,,,1428,300982.72,39,F1,1,,,,,
2026-08-28,2026-08-28,CM,NSE,STK,18119,INE559N01010,SRGHFL,EQ,,,,,SRG HOUSING FINANCE L,260.05,260.05,253.5,254.9,255.0,260.0,,254.9,,,1365,349137.6,29,F1,1,,,,,
2026-08-28,2026-08-28,CM,NSE,STK,764708,INE716F01012,INDOKEM,EQ,,,,,INDOKEM LTD.,611.0,634.95,608.0,617.85,626.1,610.85,,617.71,,,1353,838162.7,217,F1,1,,,,,
2026-08-28,2026-08-28,CM,NSE,STK,765180,INE671C01016,SUNLOC,EQ,,,,,SUNIL HEALTHCARE LTD.,70.05,77.0,70.05,75.93,73.0,70.0,,77.96,,,1341,100907.04,33,F1,1,,,,,
2026-08-28,2026-08-28,CM,NSE,STK,21551,INE320X01016,HALEOSLABS,EQ,,,,,HALEOS LABS LIMITED,1495.0,1526.8,1486.0,1495.1,1495.0,1501.8,,1495.1,,,1337,2005404.6,154,F1,1,,,,,
2026-08-28,2026-08-28,CM,NSE,STK,765110,INE442D01010,MEDICAPQ,EQ,,,,,MEDI CAPS LTD.,25.58,26.5,25.0,25.91,25.99,25.5,,25.91,,,1313,33968.3,38,F1,1,,,,,
2026-08-28,2026-08-28,CM,NSE,STK,6782,INE567A01028,NIPPOBATRY,EQ,,,,,INDO-NATIONAL LIMITED,327.35,332.95,325.0,326.35,325.0,327.35,,326.23,,,1312,427349.3,57,F1,1,,,,,
2026-08-28,2026-08-28,CM,NSE,STK,9641,INE060B01014,KHANDSE,EQ,,,,,KHANDWALA SECURITIES LTD,17.81,18.38,16.19,17.05,17.87,17.38,,17.07,,,1305,22279.46,66,F1,1,,,,,
2026-08-28,2026-08-28,CM,NSE,STK,13885,INE413D01011,ARIHANT,EQ,,,,,ARIHANT FOUN & HOU LTD,994.8,994.8,950.0,958.9,965.0,974.8,,958.83,,,1298,1251376.4,188,F1,1,,,,,
2026-08-28,2026-08-28,CM,NSE,STK,763540,INF754K01XF3,ENEXT50,EQ,,,,,EDELAMC - ENEXT50,75.15,75.8,73.99,74.0,74.0,74.78,,74.0,,,1292,95622.95,25,F1,1,,,,,
2026-08-28,2026-08-28,CM,NSE,STK,764768,INE026D01011,LOTUSCHO,EQ,,,,,LOTUS CHOCOLATE CO. LTD.,615.0,622.9,612.0,614.35,617.0,618.7,,614.83,,,1278,787633.55,129,F1,1,,,,,
2026-08-28,2026-08-28,CM,NSE,STK,1923,INE658T01017,WEALTH,EQ,,,,,WEALTH FRST PORT. MG. LTD,860.0,864.85,844.15,848.3,844.15,864.15,,848.51,,,1274,1083086.85,147,F1,1,,,,,
2026-08-28,2026-08-28,CM,NSE,STK,760356,INF740KA1WW5,MIDCAPADD,EQ,,,,,DSPAMC - MIDCAPADD,23.67,23.67,23.52,23.6,23.6,23.56,,23.6,,,1269,29976.07,25,F1,1,,,,,
2026-08-28,2026-08-28,CM,NSE,STK,559,INE594B01012,BSL,EQ,,,,,BSL LTD,125.0,125.0,121.8,123.03,123.5,123.42,,123.03,,,1236,151676.71,48,F1,1,,,,,
2026-08-28,2026-08-28,CM,NSE,STK,764743,INE533C01018,KJMCFIN,EQ,,,,,K J M C FINANCIAL SERV L,64.6,72.46,64.6,66.97,66.37,69.11,,66.6,,,1211,82320.3,42,F1,1,,,,,
2026-08-28,2026-08-28,CM,NSE,STK,22524,INF789F1AZF3,GILT10BETA,EQ,,,,,UTIAMC-GILT10BETA,26.87,26.87,26.87,26.87,26.87,26.92,,26.87,,,1205,32378.35,8,F1,1,,,,,
2026-08-28,2026-08-28,CM,NSE,STK,764713,INE558A01019,IPRINGLTD,EQ,,,,,IP RINGS LTD.,146.9,146.9,140.0,145.0,145.0,138.64,,142.05,,,1192,170244.26,44,F1,1,,,,,
2026-08-28,2026-08-28,CM,NSE,STK,2439,INE542C01019,NKIND,EQ,,,,,NK INDUSTRIES LTD,63.8,63.8,56.8,59.89,56.8,59.65,,59.89,,,1182,72965.07,45,F1,1,,,,,
2026-08-28,2026-08-28,CM,NSE,STK,4422,INE061A01014,INDIANCARD,EQ,,,,,INDIAN CARD CLOTHING CO.,208.01,214.38,205.22,210.29,210.94,208.03,,213.38,,,1179,246539.4,38,F1,1,,,,,
2026-08-28,2026-08-28,CM,NSE,STK,11880,INE824G01012,JSWHL,EQ,,,,,JSW HOLDINGS LIMITED,11800.0,11800.0,11524.0,11578.0,11622.0,11735.0,,11581.49,,,1170,13619131.0,533,F1,1,,,,,
2026-08-28,2026-08-28,CM,NSE,STK,15151,INE925C01016,MADHAV,EQ,,,,,MADHAV MARBLE & GRANITE,35.39,35.4,34.21,34.31,34.31,35.19,,34.31,,,1131,39485.63,24,F1,1,,,,,
2026-08-28,2026-08-28,CM,NSE,STK,764633,INE630D01010,BRIGHTBR,EQ,,,,,BRIGHT BROTHERS LTD.,253.36,267.67,240.0,260.78,255.03,263.83,,255.57,,,1113,277413.54,34,F1,1,,,,,
2026-08-28,2026-08-28,CM,NSE,STK,761066,INF209KC1662,ABSLMSCIN,EQ,,,,,BIRLASLAMC - ABSLMSCIN,29.87,29.87,29.62,29.75,29.75,29.73,,29.75,,,1100,32586.33,8,F1,1,,,,,
2026-08-28,2026-08-28,CM,NSE,STK,762797,INE085D01033,METROGLOBL,EQ,,,,,METROGLOBAL LTD.,135.51,140.0,134.14,139.93,139.95,135.07,,136.98,,,1100,149850.04,44,F1,1,,,,,
2026-08-28,2026-08-28,CM,NSE,STK,11239,INE023A01030,NSIL,EQ,,,,,NALWA SONS INVESTMENT LTD,5725.0,5799.5,5700.5,5715.5,5702.0,5741.0,,5715.5,,,1078,6176247.0,317,F1,1,,,,,
2026-08-28,2026-08-28,CM,NSE,STK,757431,INF247L01FO5,MOPSE,EQ,,,,,MOTILALAMC - MOPSE,98.5,98.88,98.5,98.57,98.5,99.02,,98.57,,,1057,104258.04,32,F1,1,,,,,
2026-08-28,2026-08-28,CM,NSE,STK,245,INE0CHO01012,ADL,EQ,,,,,ARCHIDPLY DECOR LIMITED,70.96,75.0,70.96,75.0,75.0,70.91,,72.12,,,1056,77817.62,19,F1,1,,,,,
2026-08-28,2026-08-28,CM,NSE,STK,381,INE129Z01016,SINTERCOM,EQ,,,,,SINTERCOM INDIA LIMITED,79.8,79.8,75.6,79.35,79.35,79.82,,79.35,,,1052,82161.41,37,F1,1,,,,,
2026-08-28,2026-08-28,CM,NSE,STK,16819,INF082J01499,QNIFTY,EQ,,,,,QUANTUM NIFTY 50 ETF,271.51,271.51,263.01,266.31,266.2,266.19,,266.31,,,1049,278960.45,98,F1,1,,,,,
2026-08-28,2026-08-28,CM,NSE,STK,759998,INF754K01VX0,ENIFTY,EQ,,,,,EDELAMC - ENIFTY,24.37,24.43,24.29,24.35,24.36,24.37,,24.35,,,1045,25448.85,49,F1,1,,,,,
2026-08-28,2026-08-28,CM,NSE,STK,21119,INE029L01018,KICL,EQ,,,,,KALYANI INVEST CO LTD,5223.5,5259.5,5134.0,5180.0,5157.0,5238.0,,5180.0,,,1041,5405345.5,199,F1,1,,,,,
2026-08-28,2026-08-28,CM,NSE,STK,19036,INE371C01013,PODDARMENT,EQ,,,,,PODDAR PIGMENTS LIMITED,245.8,253.6,242.35,251.0,251.0,245.8,,251.0,,,1040,259493.9,55,F1,1,,,,,
2026-08-28,2026-08-28,CM,NSE,STK,6156,INE738V01013,ARTNIRMAN,EQ,,,,,ART NIRMAN LIMITED,42.0,42.0,39.62,39.84,39.85,39.7,,39.84,,,1005,41221.34,18,F1,1,,,,,
2026-08-28,2026-08-28,CM,NSE,STK,9168,INF789F1AUU3,SNXT50BETA,EQ,,,,,UTIAMC-SNXT50BETA,96.85,97.0,95.85,96.24,96.24,96.85,,96.3,,,994,95754.84,73,F1,1,,,,,
2026-08-28,2026-08-28,CM,NSE,STK,7791,INE481Z01011,UNIINFO,EQ,,,,,UNIINFO TELECOM SERVI LTD,10.92,10.97,10.43,10.97,10.97,10.97,,10.97,,,959,10257.18,17,F1,1,,,,,
2026-08-28,2026-08-28,CM,NSE,STK,762879,INE318C01014,SAYAJIHOTL,EQ,,,,,SAYAJI HOTELS LTD.,365.2,365.2,310.0,315.7,318.15,332.0,,315.7,,,956,331639.3,75,F1,1,,,,,
2026-08-28,2026-08-28,CM,NSE,STK,13900,INE559D01011,CREST,EQ,,,,,CREST VENTURES LIMITED,363.4,378.0,363.05,371.95,372.0,371.85,,371.94,,,938,348084.75,99,F1,1,,,,,
2026-08-28,2026-08-28,CM,NSE,STK,765330,INF205KA1CB9,IVZBANKNF,EQ,,,,,RELIGARAMC - IVZBANKNF,57.39,57.54,57.26,57.35,57.35,57.66,,57.35,,,936,53778.35,11,F1,1,,,,,
2026-08-28,2026-08-28,CM,NSE,STK,764623,INE365Y01019,BPLPHARMA,EQ,,,,,BHARAT PARENTERALS LTD.,1578.2,1578.2,1510.0,1527.8,1540.0,1496.6,,1529.63,,,936,1440854.1,151,F1,1,,,,,
2026-08-28,2026-08-28,CM,NSE,STK,762653,INE280B01018,ELANTAS,EQ,,,,,ELANTAS BECK INDIA LTD.,11690.0,11700.0,11404.0,11475.0,11500.0,11583.5,,11477.97,,,927,10671699.5,287,F1,1,,,,,
2026-08-28,2026-08-28,CM,NSE,STK,760001,INF247L01GJ3,MOSERVICE,EQ,,,,,MOTILALAMC - MOSERVICE,31.1,31.23,30.95,31.22,31.23,31.01,,31.22,,,926,28773.38,100,F1,1,,,,,
2026-08-28,2026-08-28,CM,NSE,STK,764875,INE327G01032,SAYAJIIND,EQ,,,,,SAYAJI INDUSTRIES LTD.,117.0,117.45,115.0,116.97,117.0,117.49,,115.45,,,904,105764.73,10,F1,1,,,,,
2026-08-28,2026-08-28,CM,NSE,STK,765085,INE227B01019,HINDALUMI,EQ,,,,,HIND ALUMINIUM INDS. LTD.,97.51,100.0,97.51,99.76,100.0,97.99,,99.72,,,895,88767.57,36,F1,1,,,,,
2026-08-28,2026-08-28,CM,NSE,STK,3247,INE439T01012,NITIRAJ,EQ,,,,,NITIRAJ ENGINEERS LTD,199.05,203.2,197.01,200.05,200.0,203.42,,200.05,,,875,174666.41,56,F1,1,,,,,
2026-08-28,2026-08-28,CM,NSE,STK,27008,INE750M01017,HEXATRADEX,EQ,,,,,HEXA TRADEX LIMITED,159.1,161.79,158.01,160.09,158.15,159.1,,160.09,,,852,136278.98,31,F1,1,,,,,
2026-08-28,2026-08-28,CM,NSE,STK,764788,INE596B01017,MUKESHB,EQ,,,,,MUKESH BABU FINANC SER L,145.0,145.95,145.0,145.83,145.95,145.95,,145.62,,,828,120750.5,13,F1,1,,,,,
2026-08-28,2026-08-28,CM,NSE,STK,2814,INE006Z01016,ARVEE,EQ,,,,,ARVEE LABORATORIES I LTD,162.15,174.5,162.15,169.0,169.0,170.59,,169.0,,,823,139865.26,48,F1,1,,,,,
2026-08-28,2026-08-28,CM,NSE,STK,762643,INE131C01011,DISAQ,EQ,,,,,DISA INDIA LTD.,11754.0,12400.0,11734.0,12208.0,12252.0,11590.0,,12207.47,,,819,9836087.0,563,F1,1,,,,,
2026-08-28,2026-08-28,CM,NSE,STK,764870,INE304D01012,SAMBANDAM,EQ,,,,,SAMBANDAM SPINNING MILL L,121.89,122.99,115.75,120.98,116.2,118.51,,120.08,,,796,96454.43,29,F1,1,,,,,
2026-08-28,2026-08-28,CM,NSE,STK,17613,INF740KA1SZ6,SENSEXADD,EQ,,,,,DSPAMC - DSPSENXETF,79.46,80.0,79.42,79.45,79.84,80.06,,79.74,,,795,63248.7,24,F1,1,,,,,
2026-08-28,2026-08-28,CM,NSE,STK,23590,INE350Z01018,GLOSTERLTD,EQ,,,,,GLOSTER LIMITED,595.0,610.0,595.0,607.15,600.1,604.4,,605.57,,,794,480364.55,62,F1,1,,,,,
2026-08-28,2026-08-28,CM,NSE,STK,18783,INF194KA1U07,IDFNIFTYET,EQ,,,,,BANDHANAMC - IDFNIFTYET,267.15,267.75,262.75,264.35,265.0,267.17,,264.35,,,781,208254.7,52,F1,1,,,,,
2026-08-28,2026-08-28,CM,NSE,STK,762648,INE934C01018,DRAGARWQ,EQ,,,,,DR. AGARWAL'S EYE HOSP L,5229.5,5275.0,5175.5,5245.5,5250.0,5176.5,,5243.29,,,780,4080052.5,294,F1,1,,,,,
2026-08-28,2026-08-28,CM,NSE,STK,8797,INE426Z01016,OBCL,EQ,,,,,OBCL LIMITED,56.1,56.1,55.21,55.4,55.5,56.16,,55.4,,,774,42994.78,29,F1,1,,,,,
2026-08-28,2026-08-28,CM,NSE,STK,15229,INF767K01PC8,LICNFNHGP,EQ,,,,,LICNAMC - LICNFNHGP,278.73,282.2,276.74,277.75,278.46,278.67,,277.75,,,759,210933.53,35,F1,1,,,,,
2026-08-28,2026-08-28,CM,NSE,STK,764823,INE883C01025,PACIFICI,EQ,,,,,PACIFIC INDUSTRIES LTD.,134.89,145.0,133.0,136.0,136.0,137.63,,140.35,,,747,102499.26,29,F1,1,,,,,
2026-08-28,2026-08-28,CM,NSE,STK,765150,INE914G01029,POLYSPIN,EQ,,,,,POLYSPIN EXPORTS LTD.,31.93,31.93,28.06,29.52,30.79,31.93,,29.51,,,742,22443.62,23,F1,1,,,,,
2026-08-28,2026-08-28,CM,NSE,STK,9879,INE974B01016,CHEVIOT,EQ,,,,,CHEVIOT COMPANY LIMITED,1142.5,1146.0,1135.0,1141.6,1135.1,1135.8,,1141.89,,,725,827206.0,117,F1,1,,,,,
2026-08-28,2026-08-28,CM,NSE,STK,764603,INE032E01017,ARYAMAN,EQ,,,,,ARYAMAN FINANCIAL SERV L,620.0,674.95,614.0,644.3,674.95,625.0,,642.63,,,709,451525.05,26,F1,1,,,,,
2026-08-28,2026-08-28,CM,NSE,STK,14742,INF846K010Q0,SENSEXAXIS,EQ,,,,,AXISAMC-SENSEXAXIS,80.64,80.64,79.8,79.96,79.8,80.24,,79.96,,,697,55923.12,53,F1,1,,,,,
2026-08-28,2026-08-28,CM,NSE,STK,11496,INE792B01012,AMBICAAGAR,EQ,,,,,AMBICA AGAR & AROMAINDLTD,24.97,25.89,24.6,25.24,25.24,24.97,,25.24,,,697,17396.93,16,F1,1,,,,,
2026-08-28,2026-08-28,CM,NSE,STK,20481,INE215F01023,WIPL,EQ,,,,,THE WESTERN INDIA PLY LTD,165.0,167.89,164.0,167.89,167.89,163.54,,167.89,,,652,107653.13,14,F1,1,,,,,
2026-08-28,2026-08-28,CM,NSE,STK,181,INE610C01014,ARENTERP,EQ,,,,,RAJDARSHAN INDUSTRIES LTD,37.0,37.29,36.01,37.29,37.29,37.29,,37.29,,,634,23551.12,41,F1,1,,,,,
2026-08-28,2026-08-28,CM,NSE,STK,764850,INE0AK901016,RRECL,EQ,,,,,RDB REAL ESTATE CONS L,145.0,145.0,130.5,134.5,134.5,145.0,,133.3,,,631,86786.0,16,F1,1,,,,,
2026-08-28,2026-08-28,CM,NSE,STK,4548,INE610B01024,GUJRAFFIA,EQ,,,,,GUJARAT RAFFIA INDUST LTD,41.5,41.5,39.4,41.4,41.4,41.0,,41.4,,,627,25480.04,16,F1,1,,,,,
2026-08-28,2026-08-28,CM,NSE,STK,759719,INF666M01MV5,GROWWMC150,EQ,,,,,GROWWAMC - GROWWMC150,240.98,240.98,234.39,237.13,236.98,237.0,,237.13,,,625,148041.07,38,F1,1,,,,,
2026-08-28,2026-08-28,CM,NSE,STK,24937,INE0US801024,MFML,EQ,,,,,MAHALAXMI FABRIC MILLS LT,18.62,19.3,18.5,18.55,19.29,18.53,,18.59,,,620,11497.08,25,F1,1,,,,,
2026-08-28,2026-08-28,CM,NSE,STK,762939,INE314H01012,TECHNVISN,EQ,,,,,TECHNVISION VENTURES LTD.,5023.6,5373.7,5018.9,5373.7,5373.7,5117.9,,5373.7,,,619,3293251.9,147,F1,1,,,,,
2026-08-28,2026-08-28,CM,NSE,STK,10515,INF789FB1X58,SENSEXBETA,EQ,,,,,UTIAMC-SENSEXBETA,857.94,870.99,855.0,863.35,865.0,857.94,,863.31,,,599,514104.94,71,F1,1,,,,,
2026-08-28,2026-08-28,CM,NSE,STK,11892,INE701A01023,VHL,EQ,,,,,VARDHMAN HOLDINGS LIMITED,3342.1,3525.0,3342.1,3506.9,3500.0,3392.3,,3506.9,,,596,2074947.4,172,F1,1,,,,,
2026-08-28,2026-08-28,CM,NSE,STK,1214,INE393A01011,DELTAMAGNT,EQ,,,,,DELTA MANUFACTURING LTD,60.35,60.35,56.1,57.55,57.55,57.22,,57.55,,,587,33619.63,38,F1,1,,,,,
2026-08-28,2026-08-28,CM,NSE,STK,14938,INF769K01KF8,GSEC10YEAR,EQ,,,,,MIRAEAMC - MAGS813ETF,30.73,30.73,30.33,30.63,30.64,30.73,,30.63,,,571,17472.78,19,F1,1,,,,,
2026-08-28,2026-08-28,CM,NSE,STK,764367,INF754K01XI7,ELMDIV,EQ,,,,,EDELAMC - ELMDIV,37.34,37.34,36.65,36.65,36.65,36.95,,36.65,,,563,20729.0,15,F1,1,,,,,
2026-08-28,2026-08-28,CM,NSE,STK,6302,INE451F01024,APOLSINHOT,EQ,,,,,APOLLO SINDOORI HOTEL LTD,1206.0,1249.9,1206.0,1215.4,1215.0,1235.3,,1215.4,,,553,679819.8,95,F1,1,,,,,
2026-08-28,2026-08-28,CM,NSE,STK,762712,INE640B01021,HBESD,EQ,,,,,H B ESTATE DEVELOPERS L,75.95,77.49,74.05,74.5,74.5,75.95,,74.57,,,540,40247.49,15,F1,1,,,,,
2026-08-28,2026-08-28,CM,NSE,STK,765185,INE967A01012,SWARNSAR,EQ,,,,,SWARNSARITA JEWELS IND L,35.0,35.0,34.0,34.41,34.5,34.57,,34.4,,,530,18071.52,9,F1,1,,,,,
2026-08-28,2026-08-28,CM,NSE,STK,11445,INE417C01014,PILANIINVS,EQ,,,,,PILANI INV & IND COR LTD,4403.7,4419.5,4374.4,4387.9,4376.1,4363.8,,4387.9,,,520,2285204.4,156,F1,1,,,,,
2026-08-28,2026-08-28,CM,NSE,STK,14786,INF769K01JU9,LOWVOL,EQ,,,,,MIRAEAMC - MANV30F,208.04,208.17,207.6,208.13,208.13,207.87,,208.13,,,519,107964.24,11,F1,1,,,,,
2026-08-28,2026-08-28,CM,NSE,STK,760054,INF247L01GK1,MOMNC,EQ,,,,,MOTILALAMC - MOMNC,33.15,33.15,33.03,33.05,33.05,33.15,,33.05,,,517,17101.1,9,F1,1,,,,,
2026-08-28,2026-08-28,CM,NSE,STK,765010,INE290E01011,YOGI,EQ,,,,,YOGI LTD.,165.4,165.4,165.4,165.4,165.4,165.38,,164.5,,,513,84850.2,6,F1,1,,,,,
2026-08-28,2026-08-28,CM,NSE,STK,1497,INE644Y01017,SHIVAMILLS,EQ,,,,,SHIVA MILLS LIMITED,62.9,62.9,61.0,61.89,61.89,62.6,,62.02,,,501,30867.1,16,F1,1,,,,,
2026-08-28,2026-08-28,CM,NSE,STK,4130,INE277C01012,REGENCERAM,EQ,,,,,REGENCY CERAMICS LTD.,33.0,33.1,33.0,33.0,33.0,33.0,,33.0,,,501,16553.0,10,F1,1,,,,,
2026-08-28,2026-08-28,CM,NSE,STK,764728,INE354A01013,JENBURPH,EQ,,,,,JENBURKT PHARMACEUTICAL L,1031.0,1055.0,1030.1,1048.0,1053.0,1032.8,,1048.08,,,501,524437.7,58,F1,1,,,,,
2026-08-28,2026-08-28,CM,NSE,STK,25157,INE0DAB01012,RVTH,EQ,,,,,REVATHI EQUIPMENT INDIA L,744.0,744.0,719.7,736.45,730.05,736.3,,736.45,,,500,364324.0,43,F1,1,,,,,
2026-08-28,2026-08-28,CM,NSE,STK,6543,INE137I01015,GRPLTD,EQ,,,,,GRP LIMITED,1969.4,2025.3,1961.2,2010.9,2025.3,1982.9,,2011.27,,,495,984653.9,107,F1,1,,,,,
2026-08-28,2026-08-28,CM,NSE,STK,765080,INE638B01025,HBPOR,EQ,,,,,HB PORTFOLIO LTD.,61.99,61.99,56.45,61.79,61.9,59.5,,61.79,,,479,29104.57,27,F1,1,,,,,
2026-08-28,2026-08-28,CM,NSE,STK,764688,INE265D01015,GKB,EQ,,,,,GKB OPHTHALMICS LTD.,65.0,65.0,62.0,62.5,62.5,65.0,,62.5,,,476,29752.0,11,F1,1,,,,,
2026-08-28,2026-08-28,CM,NSE,STK,762578,INE083K01017,BENGALASM,EQ,,,,,BENGAL & ASSAM CO. LTD.,6250.0,6350.0,6247.5,6339.5,6339.5,6248.0,,6327.88,,,462,2905630.0,62,F1,1,,,,,
2026-08-28,2026-08-28,CM,NSE,STK,4160,INE369C01017,NORBTEAEXP,EQ,,,,,NORBEN TEA & EXPORTS LTD,69.96,69.96,66.0,69.0,69.0,67.3,,69.0,,,456,30708.05,14,F1,1,,,,,
2026-08-28,2026-08-28,CM,NSE,STK,17351,INE498E01010,SALONA,EQ,,,,,SALONA COTSPIN LTD.,287.3,287.3,264.1,272.99,276.99,268.09,,272.99,,,442,121045.98,32,F1,1,,,,,
2026-08-28,2026-08-28,CM,NSE,STK,18347,INF789F1AYX9,MIDCAPBETA,EQ,,,,,UTIAMC-MIDCAPBETA,238.84,238.84,237.09,238.13,238.13,238.01,,238.13,,,426,101560.53,23,F1,1,,,,,
2026-08-28,2026-08-28,CM,NSE,STK,762874,INE185C01017,SAPPL,EQ,,,,,SHREE AJIT PULP & PAPER L,288.0,288.0,281.05,286.45,288.0,288.0,,286.42,,,406,115855.75,21,F1,1,,,,,
2026-08-28,2026-08-28,CM,NSE,STK,11779,INE543V01017,ACEINTEG,EQ,,,,,ACE INTEGRATED SOLU. LTD.,17.96,17.96,17.4,17.44,17.4,17.38,,17.44,,,404,7082.5,11,F1,1,,,,,
2026-08-28,2026-08-28,CM,NSE,STK,764588,INE484D01012,AMARJOTHI,EQ,,,,,AMARJOTHI SPINNING MILL L,160.0,163.97,156.0,162.4,162.4,160.0,,156.92,,,377,59072.25,18,F1,1,,,,,
2026-08-28,2026-08-28,CM,NSE,STK,4444,INE979B01015,HAWKINCOOK,EQ,,,,,HAWKINS COOKERS LTD,8250.0,8301.0,8131.0,8230.0,8270.0,8239.0,,8229.68,,,373,3074360.0,223,F1,1,,,,,
2026-08-28,2026-08-28,CM,NSE,STK,7902,INE850E01012,LFIC,EQ,,,,,LAKSHMI FIN IND CORP LTD,139.0,139.4,136.7,137.6,137.61,136.56,,137.6,,,362,50070.28,21,F1,1,,,,,
2026-08-28,2026-08-28,CM,NSE,STK,764718,INE684B01029,ISTLTD,EQ,,,,,I S T LTD.,670.0,678.0,650.1,676.4,677.0,668.9,,676.4,,,360,241730.4,54,F1,1,,,,,
2026-08-28,2026-08-28,CM,NSE,STK,17999,INE458F01011,UNITEDTEA,EQ,,,,,UNITED NILGIRI TEA LTD,458.85,458.85,451.0,454.0,456.9,454.9,,454.0,,,357,162263.55,30,F1,1,,,,,
2026-08-28,2026-08-28,CM,NSE,STK,22521,INF789F1AZE6,GILT5BETA,EQ,,,,,UTIAMC-GILT5BETA,66.15,67.1,66.15,66.5,66.5,65.85,,66.5,,,346,23178.25,4,F1,1,,,,,
2026-08-28,2026-08-28,CM,NSE,STK,764558,INE451C01013,ACGL,EQ,,,,,AUTOMOBILE CORPN OF GOA L,1823.5,1825.0,1773.4,1792.6,1787.0,1805.3,,1790.64,,,342,612787.9,85,F1,1,,,,,
2026-08-28,2026-08-28,CM,NSE,STK,764940,INE159L01013,SVGLOBAL,EQ,,,,,S V GLOBAL MILL LTD.,129.5,137.0,121.12,129.71,135.0,129.5,,129.16,,,336,44818.11,121,F1,1,,,,,
2026-08-28,2026-08-28,CM,NSE,STK,18371,INE756C01015,NDGL,EQ,,,,,NAGA DHUNSERI GROUP LTD,2995.0,2995.0,2700.0,2783.0,2790.0,2826.5,,2783.0,,,322,906503.7,87,F1,1,,,,,
2026-08-28,2026-08-28,CM,NSE,STK,762859,INE296E01026,RAJPALAYAM,EQ,,,,,RAJAPALAYAM MILLS LTD.,827.0,827.0,805.1,813.85,814.0,810.0,,813.85,,,311,252242.85,37,F1,1,,,,,
2026-08-28,2026-08-28,CM,NSE,STK,764975,INE693D01018,VADILENT,EQ,,,,,VADILAL ENTERPRISES LTD.,9700.0,11754.0,9700.0,10833.0,10750.0,9795.0,,11186.23,,,298,3011935.0,43,F1,1,,,,,
2026-08-28,2026-08-28,CM,NSE,STK,764828,INE798F01010,PANCHMAHQ,EQ,,,,,PANCHMAHAL STEEL LTD.,320.0,320.0,290.0,304.15,300.2,289.95,,304.83,,,297,90657.9,38,F1,1,,,,,
2026-08-28,2026-08-28,CM,NSE,STK,24932,INE0URU01010,GLOBALE,EQ,,,,,GLOBALE TESSILE LIMITED,11.25,11.7,11.24,11.58,11.24,11.24,,11.58,,,296,3339.75,12,F1,1,,,,,
2026-08-28,2026-08-28,CM,NSE,STK,9305,INE992I01013,STARTECK,EQ,,,,,STARTECK FINANCE LIMITED,256.55,258.65,251.25,253.45,251.25,256.65,,253.63,,,284,72283.25,43,F1,1,,,,,
2026-08-28,2026-08-28,CM,NSE,STK,822,INE862Y01015,BANKA,EQ,,,,,BANKA BIOLOO LIMITED,79.5,80.99,78.0,79.2,79.2,79.62,,79.2,,,283,22364.29,23,F1,1,,,,,
2026-08-28,2026-08-28,CM,NSE,STK,765090,INE398L01017,KANCOTEA,EQ,,,,,KANCO TEA & INDS. LTD.,57.99,57.99,55.94,55.95,55.95,56.35,,53.56,,,283,15835.72,10,F1,1,,,,,
2026-08-28,2026-08-28,CM,NSE,STK,765170,INE205F01016,STLSTRINF,EQ,,,,,STEEL STRIPS INFRA L,19.5,20.8,17.54,18.99,18.99,19.46,,19.76,,,269,4949.78,12,F1,1,,,,,
2026-08-28,2026-08-28,CM,NSE,STK,762924,INE132C01027,SURYALA,EQ,,,,,SURYALATA SPINNING MILL L,382.0,390.0,375.0,378.6,378.5,382.15,,378.6,,,266,101471.45,16,F1,1,,,,,
2026-08-28,2026-08-28,CM,NSE,STK,764985,INE362D01010,VIJSOLX,EQ,,,,,VIJAY SOLVEX LTD.,699.0,699.0,686.25,690.0,690.0,696.0,,690.0,,,255,175751.4,18,F1,1,,,,,
2026-08-28,2026-08-28,CM,NSE,STK,764865,INE531X01018,SAICAPI,EQ,,,,,SAI CAPITAL LTD.,149.8,149.8,140.54,148.5,148.5,140.51,,146.98,,,247,36085.71,22,F1,1,,,,,
2026-08-28,2026-08-28,CM,NSE,STK,17770,INE646C01018,GROBTEA,EQ,,,,,THE GROB TEA COMPANY LTD,1012.0,1012.0,980.5,991.6,980.5,995.9,,991.6,,,246,245006.2,30,F1,1,,,,,
2026-08-28,2026-08-28,CM,NSE,STK,24217,INF205KA1CC7,IVZINNIFTY,EQ,,,,,INVESCO INDIA NIFTY ETF,270.08,277.97,270.08,276.86,276.53,277.01,,276.86,,,243,67410.8,32,F1,1,,,,,
2026-08-28,2026-08-28,CM,NSE,STK,19111,INE365I01020,NBIFIN,EQ,,,,,N.B.I. IND. FIN. CO. LTD,2024.0,2024.0,1945.0,1988.7,1990.0,1980.1,,1988.7,,,242,479763.7,29,F1,1,,,,,
2026-08-28,2026-08-28,CM,NSE,STK,12978,INF277K010X4,NPBET,EQ,,,,,TATAAML - NPBET,288.56,288.75,286.19,287.9,287.9,288.0,,287.9,,,242,69558.41,22,F1,1,,,,,
2026-08-28,2026-08-28,CM,NSE,STK,6141,INE697V01011,PANSARI,EQ,,,,,PANSARI DEVELOPERS LTD,315.0,315.05,302.0,306.55,306.5,315.0,,306.55,,,234,72982.7,21,F1,1,,,,,
2026-08-28,2026-08-28,CM,NSE,STK,764890,INE011D01013,SHERVANI,EQ,,,,,SHERVANI INDUSTRIAL SYN L,319.0,319.0,306.0,306.5,306.5,321.45,,327.85,,,219,67494.55,44,F1,1,,,,,
2026-08-28,2026-08-28,CM,NSE,STK,3837,INE932C01012,TOKYOPLAST,EQ,,,,,TOKYO PLAST INTL LTD,76.0,77.25,76.0,77.24,77.24,77.25,,77.24,,,210,16217.49,4,F1,1,,,,,
2026-08-28,2026-08-28,CM,NSE,STK,21399,INE335W01016,GANGESSECU,EQ,,,,,GANGES SECURITIES LIMITED,117.71,120.79,116.67,116.81,116.67,117.71,,116.81,,,194,22741.8,5,F1,1,,,,,
2026-08-28,2026-08-28,CM,NSE,STK,4157,INE681C01015,KEYFINSERV,EQ,,,,,KEYNOTE FIN SERV LTD.,255.0,257.5,252.45,254.2,253.35,255.0,,254.2,,,185,47130.5,13,F1,1,,,,,
2026-08-28,2026-08-28,CM,NSE,STK,765237,INE165G01010,ASSAMENT,EQ,,,,,ASSAM ENTRADE LIMITED,705.0,778.05,705.0,778.05,778.05,741.0,,778.05,,,172,125477.85,9,F1,1,,,,,
2026-08-28,2026-08-28,CM,NSE,STK,764618,INE664D01019,BENARAS,EQ,,,,,BENARES HOTELS LTD.,10025.0,10270.0,10000.0,10122.0,10122.0,10200.0,,10160.98,,,167,1671395.0,24,F1,1,,,,,
2026-08-28,2026-08-28,CM,NSE,STK,762528,INE850B01026,ABMKNO,EQ,,,,,A B M KNOWLEDGEWARE LTD.,188.0,194.0,185.0,193.39,193.35,187.21,,193.39,,,164,31030.26,15,F1,1,,,,,
2026-08-28,2026-08-28,CM,NSE,STK,759995,INF754K01VY8,ESENSEX,EQ,,,,,EDELAMC - ESENSEX,77.97,78.09,77.67,77.96,77.96,78.13,,77.96,,,163,12696.11,12,F1,1,,,,,
2026-08-28,2026-08-28,CM,NSE,STK,11961,INE617A01013,SEMAC,EQ,,,,,SEMAC CONSTRUCTION LTD,285.3,290.0,282.5,288.0,288.0,285.3,,288.0,,,163,46755.5,10,F1,1,,,,,
2026-08-28,2026-08-28,CM,NSE,STK,17357,INE528A01020,GKWLIMITED,EQ,,,,,GKW LIMITED,1606.9,1606.9,1580.1,1597.9,1597.8,1599.8,,1597.9,,,160,255840.7,17,F1,1,,,,,
2026-08-28,2026-08-28,CM,NSE,STK,764910,INE564J01026,SHRJAGP,EQ,,,,,SHRI JAGDAMBA POLYMERS L,668.0,689.0,668.0,673.1,686.0,682.85,,676.73,,,155,104656.2,28,F1,1,,,,,
2026-08-28,2026-08-28,CM,NSE,STK,765000,INE285C01015,VOITHPAPR,EQ,,,,,VOITH PAPER FABRICS IND L,1459.8,1459.8,1450.0,1451.7,1450.0,1459.8,,1451.7,,,150,217829.2,10,F1,1,,,,,
2026-08-28,2026-08-28,CM,NSE,STK,765175,INE886B01012,SUMEDHA,EQ,,,,,SUMEDHA FISCAL SERVICES L,39.27,40.0,39.27,39.27,39.27,39.27,,39.35,,,145,5786.69,7,F1,1,,,,,
2026-08-28,2026-08-28,CM,NSE,STK,762812,INE605D01012,NEAGI,EQ,,,,,NEELAMALAI AGRO INDS. L,3471.3,3471.3,3328.2,3450.0,3450.0,3306.0,,3400.03,,,127,439296.2,37,F1,1,,,,,
2026-08-28,2026-08-28,CM,NSE,STK,764378,INF754K01XH9,EBANK10,EQ,,,,,EDELAMC - EBANK10,16.7,17.0,16.7,16.75,16.98,16.94,,16.75,,,126,2111.5,4,F1,1,,,,,
2026-08-28,2026-08-28,CM,NSE,STK,762849,INE001E01012,PREMCO,EQ,,,,,PREMCO GLOBAL LTD.,384.35,389.3,378.0,381.2,386.95,384.35,,381.2,,,117,44828.45,19,F1,1,,,,,
2026-08-28,2026-08-28,CM,NSE,STK,764598,INE372M01010,ARCL,EQ,,,,,ARCL ORGANICS LTD.,231.99,235.0,221.05,226.22,235.0,232.0,,227.18,,,114,26514.33,8,F1,1,,,,,
2026-08-28,2026-08-28,CM,NSE,STK,13693,INE669A01022,INFOMEDIA,EQ,,,,,INFOMEDIA PRESS LIMITED,5.21,5.35,5.09,5.33,5.33,5.11,,5.32,,,110,563.46,11,F1,1,,,,,
2026-08-28,2026-08-28,CM,NSE,STK,762792,INE689O01013,MERCANTILE,EQ,,,,,MERCANTILE VENTURES LTD.,24.83,25.26,23.57,24.99,25.26,24.71,,24.99,,,107,2654.07,10,F1,1,,,,,
2026-08-28,2026-08-28,CM,NSE,STK,10321,INE431F01018,PKTEA,EQ,,,,,THE P K TEA PROD CO LTD,752.0,796.95,731.05,744.75,731.25,751.85,,744.75,,,89,67894.15,22,F1,1,,,,,
2026-08-28,2026-08-28,CM,NSE,STK,764563,INE757C01021,ADDIND,EQ,,,,,ADDI INDUSTRIES LTD.,84.53,84.53,79.92,84.0,84.0,86.7,,84.85,,,88,7114.37,17,F1,1,,,,,
2026-08-28,2026-08-28,CM,NSE,STK,757099,INF247L01FK3,MOMGF,EQ,,,,,MOTILALAMC - MOMGF,165.65,166.0,165.12,165.12,165.12,165.65,,165.12,,,84,13911.55,13,F1,1,,,,,
2026-08-28,2026-08-28,CM,NSE,STK,762700,INE214F01026,GRAVISSHO,EQ,,,,,GRAVISS HOSPITALITY LTD.,28.67,30.0,28.67,30.0,30.0,30.85,,30.0,,,82,2404.7,8,F1,1,,,,,
2026-08-28,2026-08-28,CM,NSE,STK,764950,INE390D01011,TERAI,EQ,,,,,TERAI TEA CO. LTD.,113.95,124.8,113.5,115.0,115.0,125.9,,129.95,,,77,8903.65,14,F1,1,,,,,
2026-08-28,2026-08-28,CM,NSE,STK,762553,INE194D01017,ASTAR,EQ,,,,,ASIAN STAR CO. LTD.,590.0,599.95,588.0,599.9,599.85,590.0,,599.78,,,75,44673.1,13,F1,1,,,,,
2026-08-28,2026-08-28,CM,NSE,STK,765210,INE574G01013,VASUPRADA,EQ,,,,,SHRI VASUPRADA PLANTATI L,94.0,95.0,94.0,94.5,94.5,94.0,,94.5,,,50,4725.0,6,F1,1,,,,,
2026-08-28,2026-08-28,CM,NSE,STK,762782,INE435D01014,MCCHRLS-B,EQ,,,,,MAC CHARLES (INDIA) LTD.,697.95,697.95,680.0,687.8,694.95,680.0,,686.38,,,46,31943.25,10,F1,1,,,,,
2026-08-28,2026-08-28,CM,NSE,STK,24847,INF209KC1142,GSEC10ABSL,EQ,,,,,BIRLASLAMC - GSEC10ABSL,112.05,112.05,112.05,112.05,112.05,112.28,,112.05,,,35,3921.75,1,F1,1,,,,,
2026-08-28,2026-08-28,CM,NSE,STK,762717,INE620D01011,INDPRUD,EQ,,,,,INDUSTRIAL & PRU INV CO L,6270.0,6389.5,6225.0,6302.5,6389.5,6200.0,,6302.2,,,26,163699.5,14,F1,1,,,,,
2026-08-28,2026-08-28,CM,NSE,STK,764653,INE145E01017,CRAVATEX,EQ,,,,,CRAVATEX LTD.,332.6,332.6,328.3,328.3,328.3,332.6,,328.3,,,25,8230.5,6,F1,1,,,,,
2026-08-28,2026-08-28,CM,NSE,STK,762834,INE291E01019,PML,EQ,,,,,PAUL MERCHANTS LTD.,491.3,491.3,482.05,485.15,482.05,498.0,,492.65,,,25,12201.85,15,F1,1,,,,,
2026-08-28,2026-08-28,CM,NSE,STK,764703,INE400G01011,HRYNSHP,EQ,,,,,HARIYANA SHIP BREAKERS L,102.85,102.85,99.9,99.9,99.9,99.86,,100.8,,,22,2214.4,5,F1,1,,,,,
2026-08-28,2026-08-28,CM,NSE,STK,764970,INE726E01014,UPHOT,EQ,,,,,U P HOTELS LTD.,1397.0,1464.9,1397.0,1464.9,1464.9,1397.0,,1433.37,,,16,23234.7,4,F1,1,,,,,
2026-08-28,2026-08-28,CM,NSE,STK,24404,INF209KC1134,ABGSEC,EQ,,,,,BIRLASLAMC - ABGSEC,115.29,115.29,113.92,115.28,115.28,114.15,,115.28,,,14,1601.74,8,F1,1,,,,,
2026-08-28,2026-08-28,CM,NSE,STK,765310,INF740KA1ZI7,GSEC10ADD,EQ,,,,,DSPAMC - GSEC10ADD,26.66,26.89,26.66,26.89,26.89,26.82,,26.89,,,11,294.64,3,F1,1,,,,,
2026-08-28,2026-08-28,CM,NSE,STK,762985,INE967G01019,ZSARACOM,EQ,,,,,SARASWATI COMM (INDIA) L,10991.0,11000.0,10991.0,10991.0,10991.0,11046.0,,10931.5,,,11,120950.0,10,F1,1,,,,,
2026-08-28,2026-08-28,CM,NSE,STK,764758,INE519D01015,LADDERUP,EQ,,,,,LADDERUP FINANCE LTD.,50.9,50.9,50.9,50.9,50.9,52.1,,50.9,,,10,509.0,1,F1,1,,,,,
2026-08-28,2026-08-28,CM,NSE,STK,764783,INE829S01016,MSL,EQ,,,,,MANGALAM SEEDS LTD.,147.0,147.0,147.0,147.0,147.0,147.0,,148.4,,,10,1470.0,1,F1,1,,,,,
2026-08-28,2026-08-28,CM,NSE,STK,764763,INE938C01019,LAKSHMIMIL,EQ,,,,,LAKSHMI MILLS CO. LTD.,8300.0,8375.0,8288.0,8370.0,8370.0,8298.0,,8285.0,,,9,74833.0,7,F1,1,,,,,
2026-08-28,2026-08-28,CM,NSE,STK,764573,INE782D01027,ALFREDHE,EQ,,,,,ALFRED HERBERT INDIA L,2900.0,2900.0,2828.9,2855.0,2855.0,2910.8,,2855.0,,,8,22942.8,6,F1,1,,,,,
2026-08-28,2026-08-28,CM,NSE,STK,18727,INE885F01015,MASKINVEST,EQ,,,,,MASK INVESTMENTS LIMITED,147.76,147.76,145.0,145.0,145.0,146.3,,145.0,,,7,1018.76,3,F1,1,,,,,
2026-08-28,2026-08-28,CM,NSE,STK,762658,INE927X01018,ELCIDIN,EQ,,,,,ELCID INVESTMENTS LTD.,109900.0,109900.0,106000.0,109000.0,109000.0,109130.0,,108101.5,,,5,541685.0,5,F1,1,,,,,
2026-08-28,2026-08-28,CM,NSE,STK,30189,INE117B01020,CURAA,EQ,,,,,CURA TECHNOLOGIES LIMITED,69.0,70.05,69.0,70.05,70.05,69.27,,70.05,,,5,347.1,3,F1,1,,,,,
2026-08-28,2026-08-28,CM,NSE,STK,764915,INE167H01014,SIMPLXREA,EQ,,,,,SIMPLEX REALTY LTD.,136.0,136.0,136.0,136.0,136.0,130.4,,136.0,,,3,408.0,3,F1,1,,,,,
2026-08-28,2026-08-28,CM,NSE,STK,4176,INE058B01018,ZENITHEXPO,EQ,,,,,ZENITH EXPORTS LTD,214.78,214.78,214.78,214.78,214.78,214.78,,214.78,,,1,214.78,1,F1,1,,,,,
