TradDt,BizDt,Sgmt,Src,FinInstrmTp,FinInstrmId,ISIN,TckrSymb,SctySrs,XpryDt,FininstrmActlXpryDt,StrkPric,OptnTp,FinInstrmNm,OpnPric,HghPric,LwPric,ClsPric,LastPric,PrvsClsgPric,UndrlygPric,SttlmPric,OpnIntrst,ChngInOpnIntrst,TtlTradgVol,TtlTrfVal,TtlNbOfTxsExctd,SsnId,NewBrdLotQty,Rmks,Rsvd1,Rsvd2,Rsvd3,Rsvd4
2026-09-30,2026-09-30,CM,NSE,STK,14366,INE669E01016,IDEA,EQ,,,,,VODAFONE IDEA LIMITED,13.6,13.61,12.84,12.95,12.95,13.56,,12.95,,,640485531,8404045016.3,532942,F1,1,,,,,
2026-09-30,2026-09-30,CM,NSE,STK,29124,INE785M01021,PCJEWELLER,EQ,,,,,PC JEWELLER LTD,13.29,13.74,13.11,13.2,13.2,13.23,,13.2,,,227698090,3070139132.05,126895,F1,1,,,,,
2026-09-30,2026-09-30,CM,NSE,STK,766171,INE012G01022,HEROMOTORS,EQ,,,,,HERO MOTORS LIMITED,140.28,152.58,140.0,152.55,152.58,138.71,,152.55,,,107202546,15959107536.27,460639,F1,1,,,,,
2026-09-30,2026-09-30,CM,NSE,STK,11992,INE312C01025,SYNCOMF,EQ,,,,,SYNCOM FORMU (I) LTD,27.49,27.49,24.5,25.08,24.9,26.18,,25.09,,,99577808,2533028424.46,210558,F1,1,,,,,
2026-09-30,2026-09-30,CM,NSE,STK,11915,INE528G01035,YESBANK,EQ,,,,,YES BANK LIMITED,20.98,21.4,20.85,20.95,20.95,20.71,,20.95,,,94081938,1988140727.36,80661,F1,1,,,,,
2026-09-30,2026-09-30,CM,NSE,STK,15044,INE124G01033,DELTACORP,EQ,,,,,DELTA CORP LIMITED,78.55,87.9,78.55,80.51,80.74,78.69,,80.51,,,84962418,7197469272.84,280046,F1,1,,,,,
2026-09-30,2026-09-30,CM,NSE,STK,4986,INE962Y01021,IRCON,EQ,,,,,IRCON INTERNATIONAL LTD,102.8,122.96,102.8,117.09,116.5,102.47,,117.09,,,76654100,8959516978.59,394040,F1,1,,,,,
2026-09-30,2026-09-30,CM,NSE,STK,750290,INE1CLE01013,VISL,EQ,,,,,VEDANTA IRON AND STEEL L,34.4,34.49,31.82,32.3,32.35,32.85,,32.3,,,67267019,2267987843.83,60075,F1,1,,,,,
2026-09-30,2026-09-30,CM,NSE,STK,18520,INE509F01029,CUPID,EQ,,,,,CUPID LIMITED,288.0,312.0,287.4,311.65,311.7,288.0,,311.65,,,66496228,20445101092.35,356761,F1,1,,,,,
2026-09-30,2026-09-30,CM,NSE,STK,24777,INE0LXG01040,OLAELEC,EQ,,,,,OLA ELECTRIC MOBILITY LTD,37.51,38.25,36.71,36.92,36.94,37.42,,36.92,,,57479402,2159460113.31,123916,F1,1,,,,,
2026-09-30,2026-09-30,CM,NSE,STK,3761,INE320J01015,RITES,EQ,,,,,RITES LIMITED,192.6,218.9,192.6,209.05,212.34,192.31,,209.06,,,50416237,10695151123.67,417368,F1,1,,,,,
2026-09-30,2026-09-30,CM,NSE,STK,12018,INE040H01021,SUZLON,EQ,,,,,SUZLON ENERGY LIMITED,39.51,39.99,39.2,39.49,39.49,39.5,,39.49,,,47026942,1861807360.57,110303,F1,1,,,,,
2026-09-30,2026-09-30,CM,NSE,STK,20788,INE0FRK01020,MOTISONS,EQ,,,,,MOTISONS JEWELLERS LTD,17.62,18.28,17.52,18.0,18.01,17.62,,18.0,,,39407577,708543215.97,44500,F1,1,,,,,
2026-09-30,2026-09-30,CM,NSE,STK,1333,INE040A01034,HDFCBANK,EQ,,,,,HDFC BANK LTD,711.5,720.3,708.7,708.7,708.7,722.7,,708.71,,,39365496,28120806967.1,388951,F1,1,,,,,
2026-09-30,2026-09-30,CM,NSE,STK,766278,INE147X01013,ELEVATE,EQ,,,,,ELEVATE CAMPUSES LIMITED,355.1,372.75,290.1,322.95,319.7,362.0,,322.95,,,38490932,13131493145.9,365750,F1,1,,,,,
2026-09-30,2026-09-30,CM,NSE,STK,2029,INE053F01010,IRFC,EQ,,,,,INDIAN RAILWAY FIN CORP L,78.6,81.5,78.41,79.28,79.28,80.26,,79.28,,,38110222,3061230145.95,104381,F1,1,,,,,
2026-09-30,2026-09-30,CM,NSE,STK,6792,INE04AK01028,SBC,EQ,,,,,SBC EXPORTS LIMITED,54.99,59.5,54.81,58.29,58.75,54.73,,58.29,,,35616365,2071517760.1,67813,F1,1,,,,,
2026-09-30,2026-09-30,CM,NSE,STK,13404,INE424H01027,SUNTV,EQ,,,,,SUN TV NETWORK LIMITED,555.0,663.9,554.05,605.0,596.0,553.25,,604.96,,,34672457,21547292114.65,550809,F1,1,,,,,
2026-09-30,2026-09-30,CM,NSE,STK,1922,INE237A01036,KOTAKBANK,EQ,,,,,KOTAK MAHINDRA BANK LTD,406.1,419.15,405.95,417.0,417.0,406.0,,417.0,,,32537029,13498917019.35,194813,F1,1,,,,,
2026-09-30,2026-09-30,CM,NSE,STK,3499,INE081A01020,TATASTEEL,EQ,,,,,TATA STEEL LIMITED,189.0,189.55,184.3,184.3,184.3,188.0,,184.3,,,32381754,6058865328.54,245993,F1,1,,,,,
2026-09-30,2026-09-30,CM,NSE,STK,3466,INE305A01023,TFCILTD,EQ,,,,,TOURISM FINANCE CORP. OF,139.1,148.5,139.1,141.91,141.48,138.92,,142.25,,,31904742,4608440055.12,98196,F1,1,,,,,
2026-09-30,2026-09-30,CM,NSE,STK,2283,INE103A01014,MRPL,EQ,,,,,MRPL,172.5,180.8,162.5,169.29,168.2,171.65,,169.29,,,30852898,5299490753.9,193781,F1,1,,,,,
2026-09-30,2026-09-30,CM,NSE,STK,11763,INE351F01018,JPPOWER,EQ,,,,,JAIPRAKASH POWER VEN. LTD,15.25,15.58,15.0,15.13,15.15,15.26,,15.13,,,29140693,446717952.87,342879,F1,1,,,,,
2026-09-30,2026-09-30,CM,NSE,STK,15228,INE551W01018,UJJIVANSFB,EQ,,,,,UJJIVAN SMALL FINANC BANK,65.98,68.3,65.7,67.5,67.5,65.26,,67.5,,,28889413,1945550400.18,67741,F1,1,,,,,
2026-09-30,2026-09-30,CM,NSE,STK,5097,INE758T01015,ETERNAL,EQ,,,,,ETERNAL LIMITED,328.15,329.0,317.1,320.0,320.0,327.85,,320.0,,,28850208,9245532416.3,175774,F1,1,,,,,
2026-09-30,2026-09-30,CM,NSE,STK,13745,INE221H01019,GTLINFRA,EQ,,,,,GTL INFRA.LTD,1.09,1.11,1.08,1.08,1.08,1.08,,1.08,,,28683315,31304906.21,10871,F1,1,,,,,
2026-09-30,2026-09-30,CM,NSE,STK,758958,INE1VXE01018,STLNETWORK,EQ,,,,,STL NETWORKS LIMITED,51.93,51.93,48.48,48.97,49.32,49.46,,48.97,,,26400187,1354059390.35,36566,F1,1,,,,,
2026-09-30,2026-09-30,CM,NSE,STK,2259,INE083A01026,MOREPENLAB,EQ,,,,,MOREPEN LAB. LTD,119.34,128.1,117.8,125.99,125.7,118.8,,125.99,,,26169666,3247626966.07,87431,F1,1,,,,,
2026-09-30,2026-09-30,CM,NSE,STK,1491,INE039A01010,IFCI,EQ,,,,,IFCI LTD,70.95,71.43,68.45,68.77,68.55,70.97,,68.77,,,25751767,1797215582.9,71836,F1,1,,,,,
2026-09-30,2026-09-30,CM,NSE,STK,759806,INE0HOQ01053,GROWW,EQ,,,,,BILLIONBRAINS GARAGE VN L,184.1,187.65,183.08,183.91,183.8,183.52,,183.91,,,24545475,4542536150.06,129898,F1,1,,,,,
2026-09-30,2026-09-30,CM,NSE,STK,20224,INE209L01016,JWL,EQ,,,,,JUPITER WAGONS LIMITED,221.5,244.8,220.59,233.12,232.2,219.82,,233.12,,,24061117,5720062782.91,339159,F1,1,,,,,
2026-09-30,2026-09-30,CM,NSE,STK,11184,INE092T01019,IDFCFIRSTB,EQ,,,,,IDFC FIRST BANK LIMITED,79.46,82.08,79.46,81.44,81.44,79.46,,81.44,,,23332019,1893839832.12,73879,F1,1,,,,,
2026-09-30,2026-09-30,CM,NSE,STK,21428,INF277KA1984,TATSILV,EQ,,,,,TATAAML-TATSILV,21.28,21.47,21.27,21.3,21.3,21.25,,21.3,,,22886470,488704400.59,33260,F1,1,,,,,
2026-09-30,2026-09-30,CM,NSE,STK,17388,INE814H01029,ADANIPOWER,EQ,,,,,ADANI POWER LTD,198.69,204.49,198.65,204.0,204.0,196.3,,204.0,,,21070859,4266486345.14,107193,F1,1,,,,,
2026-09-30,2026-09-30,CM,NSE,STK,17801,INE093R01011,LLOYDSENGG,EQ,,,,,LLOYDS ENGG WORK LIMITED,102.72,104.2,97.51,98.64,98.35,102.19,,98.64,,,20659896,2088175646.95,85605,F1,1,,,,,
2026-09-30,2026-09-30,CM,NSE,STK,759820,INE15B701018,PINELABS,EQ,,,,,PINE LABS LIMITED,172.0,176.75,169.14,171.79,171.45,171.55,,171.79,,,19780220,3432720221.56,111637,F1,1,,,,,
2026-09-30,2026-09-30,CM,NSE,STK,750368,INE704J01044,VOGL,EQ,,,,,VEDANTA OIL AND GAS LTD,34.1,34.38,33.0,33.11,33.08,33.96,,33.11,,,19780131,661714190.92,103911,F1,1,,,,,
2026-09-30,2026-09-30,CM,NSE,STK,11377,INE457A01014,MAHABANK,EQ,,,,,BANK OF MAHARASHTRA,80.0,81.5,79.37,79.37,79.37,79.16,,79.37,,,19568168,1569431208.56,70421,F1,1,,,,,
2026-09-30,2026-09-30,CM,NSE,STK,15259,INE614G01033,RPOWER,EQ,,,,,RELIANCE POWER LTD.,19.77,20.39,19.63,19.69,19.7,19.77,,19.7,,,19097261,381982447.27,36527,F1,1,,,,,
2026-09-30,2026-09-30,CM,NSE,STK,758968,INE0Y8W01025,AHCL,EQ,,,,,ANLON HEALTHCARE LIMITED,37.17,37.24,34.58,34.58,34.58,36.39,,34.58,,,18707312,655680325.01,19886,F1,1,,,,,
2026-09-30,2026-09-30,CM,NSE,STK,212,INE208A01029,ASHOKLEY,EQ,,,,,ASHOK LEYLAND LTD,154.41,156.19,153.35,154.19,154.19,153.44,,154.19,,,17703276,2741624587.49,124940,F1,1,,,,,
2026-09-30,2026-09-30,CM,NSE,STK,9552,INE415G01027,RVNL,EQ,,,,,RAIL VIKAS NIGAM LIMITED,198.7,209.65,198.25,201.76,201.76,197.9,,201.77,,,17689293,3642950715.64,110396,F1,1,,,,,
2026-09-30,2026-09-30,CM,NSE,STK,750518,INE694L01019,VEDPOWER,EQ,,,,,VEDANTA POWER LIMITED,34.25,34.3,32.7,32.84,32.8,34.25,,32.84,,,17056090,566219284.61,155914,F1,1,,,,,
2026-09-30,2026-09-30,CM,NSE,STK,10753,INE692A01016,UNIONBANK,EQ,,,,,UNION BANK OF INDIA,169.98,172.6,169.95,171.0,171.0,166.0,,170.99,,,16921657,2901554106.45,79629,F1,1,,,,,
2026-09-30,2026-09-30,CM,NSE,STK,27969,INE01EA01019,VMM,EQ,,,,,VISHAL MEGA MART LIMITED,102.18,102.6,99.92,101.0,101.0,104.3,,101.0,,,16476797,1660336660.07,76281,F1,1,,,,,
2026-09-30,2026-09-30,CM,NSE,STK,2885,INE002A01018,RELIANCE,EQ,,,,,RELIANCE INDUSTRIES LTD,1182.0,1196.5,1181.7,1187.0,1187.0,1182.0,,1187.0,,,16376789,19480713993.9,328896,F1,1,,,,,
2026-09-30,2026-09-30,CM,NSE,STK,13528,INE776C01039,GMRAIRPORT,EQ,,,,,GMR AIRPORTS LIMITED,94.8,95.34,93.29,95.15,95.15,93.75,,95.15,,,16281025,1537681015.4,46517,F1,1,,,,,
2026-09-30,2026-09-30,CM,NSE,STK,6198,INE045J01034,FCL,EQ,,,,,FINEOTEX CHEMICAL LIMITED,57.94,59.21,57.0,57.45,57.5,57.94,,57.45,,,16165821,936727613.33,48898,F1,1,,,,,
2026-09-30,2026-09-30,CM,NSE,STK,21828,INE621L01012,TEXRAIL,EQ,,,,,TEXMACO RAIL & ENG. LTD.,125.75,135.4,125.75,131.73,130.9,125.67,,131.73,,,16021545,2123025045.71,123900,F1,1,,,,,
2026-09-30,2026-09-30,CM,NSE,STK,15313,INE821I01022,IRB,EQ,,,,,IRB INFRA DEV LTD.,16.98,17.57,16.92,17.49,17.37,16.98,,17.49,,,15971102,276670030.78,23469,F1,1,,,,,
2026-09-30,2026-09-30,CM,NSE,STK,3787,INE075A01022,WIPRO,EQ,,,,,WIPRO LTD,157.01,161.73,157.01,158.5,158.5,156.79,,158.5,,,15966068,2549259844.27,107306,F1,1,,,,,
2026-09-30,2026-09-30,CM,NSE,STK,15332,INE584A01023,NMDC,EQ,,,,,NMDC LTD.,77.0,77.79,76.54,76.54,76.54,77.0,,76.54,,,15817494,1219570220.1,71375,F1,1,,,,,
2026-09-30,2026-09-30,CM,NSE,STK,5948,INE683A01023,SOUTHBANK,EQ,,,,,THE SOUTH INDIAN BANK LTD,48.9,49.67,48.0,48.24,48.17,48.71,,48.24,,,15754423,770278971.14,52709,F1,1,,,,,
2026-09-30,2026-09-30,CM,NSE,STK,2963,INE114A01011,SAIL,EQ,,,,,STEEL AUTHORITY OF INDIA,181.85,186.0,180.26,181.49,181.49,181.82,,181.49,,,15646382,2866325991.26,77693,F1,1,,,,,
2026-09-30,2026-09-30,CM,NSE,STK,765291,INE1EEM01017,BLEL,EQ,,,,,BEHARI LAL ENGINEERING L,451.9,529.95,449.6,485.6,485.3,447.05,,485.61,,,15601996,7837875696.25,280390,F1,1,,,,,
2026-09-30,2026-09-30,CM,NSE,STK,760229,INE0VDM01015,MEESHO,EQ,,,,,MEESHO LIMITED,223.0,230.68,219.19,227.75,226.5,223.21,,227.75,,,15536460,3490969825.54,145410,F1,1,,,,,
2026-09-30,2026-09-30,CM,NSE,STK,4204,INE775A01035,MOTHERSON,EQ,,,,,SAMVRDHNA MTHRSN INTL LTD,160.35,164.1,160.35,163.26,163.26,158.56,,163.26,,,15307995,2489471824.82,71984,F1,1,,,,,
2026-09-30,2026-09-30,CM,NSE,STK,10666,INE160A01022,PNB,EQ,,,,,PUNJAB NATIONAL BANK,111.8,114.9,111.8,113.06,113.06,111.75,,113.06,,,15255055,1735223605.36,52720,F1,1,,,,,
2026-09-30,2026-09-30,CM,NSE,STK,21362,INE170V01027,SALASAR,EQ,,,,,SALASAR TECHNO ENGG. LTD.,4.16,4.3,3.8,4.08,4.07,4.16,,4.08,,,14749412,59457488.01,27592,F1,1,,,,,
2026-09-30,2026-09-30,CM,NSE,STK,18143,INE758E01017,JIOFIN,EQ,,,,,JIO FIN SERVICES LTD,218.0,220.39,215.64,216.88,216.88,217.56,,216.87,,,14305215,3109967665.59,126002,F1,1,,,,,
2026-09-30,2026-09-30,CM,NSE,STK,11530,INE02YR01019,EMIL,EQ,,,,,ELECTRONICS MART IND LTD,192.0,208.98,192.0,205.36,204.0,191.71,,205.36,,,14305072,2923361189.25,166963,F1,1,,,,,
2026-09-30,2026-09-30,CM,NSE,STK,4963,INE090A01021,ICICIBANK,EQ,,,,,ICICI BANK LTD.,1295.3,1337.0,1295.3,1321.7,1321.7,1292.2,,1321.7,,,14095232,18673858537.0,253536,F1,1,,,,,
2026-09-30,2026-09-30,CM,NSE,STK,1660,INE154A01025,ITC,EQ,,,,,ITC LTD,265.0,266.9,261.4,262.75,262.75,265.1,,262.75,,,14079098,3723966495.5,147324,F1,1,,,,,
2026-09-30,2026-09-30,CM,NSE,STK,750174,INE1CDF01017,VAML,EQ,,,,,VEDANTA ALUMINIUM METAL L,431.0,433.75,410.5,412.9,412.0,434.45,,412.91,,,13904115,5798353831.95,203121,F1,1,,,,,
2026-09-30,2026-09-30,CM,NSE,STK,762663,INE669R01026,ELITECON,EQ,,,,,ELITECON INTERNATIONAL L,8.2,8.61,7.86,7.98,7.9,8.2,,7.98,,,13834853,113832113.21,14615,F1,1,,,,,
2026-09-30,2026-09-30,CM,NSE,STK,22377,INE027H01010,MAXHEALTH,EQ,,,,,MAX HEALTHCARE INS LTD,963.0,976.3,907.7,929.8,929.8,982.1,,929.8,,,13817675,12865188298.3,334102,F1,1,,,,,
2026-09-30,2026-09-30,CM,NSE,STK,1594,INE009A01021,INFY,EQ,,,,,INFOSYS LIMITED,1004.0,1024.0,992.2,994.1,994.1,1015.4,,994.1,,,13508984,13548200811.4,222181,F1,1,,,,,
2026-09-30,2026-09-30,CM,NSE,STK,766176,INE1EQW01028,SSRETAIL,EQ,,,,,SS RETAIL LIMITED,756.05,761.6,725.3,749.5,735.0,746.85,,749.65,,,13357301,9919129303.25,286361,F1,1,,,,,
2026-09-30,2026-09-30,CM,NSE,STK,3812,INE256A01028,ZEEL,EQ,,,,,ZEE ENTERTAINMENT ENT LTD,74.09,76.39,73.95,74.47,74.74,74.14,,74.47,,,13100562,984574787.5,53027,F1,1,,,,,
2026-09-30,2026-09-30,CM,NSE,STK,2263,INE545U01014,BANDHANBNK,EQ,,,,,BANDHAN BANK LIMITED,184.01,184.37,177.26,178.23,178.23,185.31,,178.23,,,13031625,2343520135.03,68285,F1,1,,,,,
2026-09-30,2026-09-30,CM,NSE,STK,10794,INE476A01022,CANBK,EQ,,,,,CANARA BANK,119.7,121.48,119.44,119.44,119.44,119.51,,119.44,,,12579795,1518041726.2,57941,F1,1,,,,,
2026-09-30,2026-09-30,CM,NSE,STK,13414,INE411H01032,RSYSTEMS,EQ,,,,,R SYS INTERNATIONAL LTD,300.0,303.7,269.51,279.9,285.71,298.69,,279.71,,,12512625,3619572224.66,139454,F1,1,,,,,
2026-09-30,2026-09-30,CM,NSE,STK,308,INE306A01021,BAJAJHIND,EQ,,,,,BAJAJ HINDUSTHAN SUGAR LT,20.09,20.51,19.41,19.54,19.54,19.98,,19.54,,,12481018,249828698.48,15311,F1,1,,,,,
2026-09-30,2026-09-30,CM,NSE,STK,17675,INE270A01029,ALOKINDS,EQ,,,,,ALOK INDUSTRIES LIMITED,7.1,7.24,7.07,7.09,7.11,7.06,,7.08,,,12343099,88285203.71,7987,F1,1,,,,,
2026-09-30,2026-09-30,CM,NSE,STK,4717,INE129A01019,GAIL,EQ,,,,,GAIL (INDIA) LTD,170.62,172.99,170.21,170.55,170.55,170.04,,170.55,,,12187561,2091275918.3,51982,F1,1,,,,,
2026-09-30,2026-09-30,CM,NSE,STK,3456,INE155A01022,TMPV,EQ,,,,,TATA MOTORS PASS VEH LTD,281.0,287.05,280.1,283.5,283.5,280.95,,283.51,,,11539983,3274458637.2,107404,F1,1,,,,,
2026-09-30,2026-09-30,CM,NSE,STK,27052,INE0W2G01015,SAGILITY,EQ,,,,,SAGILITY LIMITED,42.69,43.4,42.38,42.58,42.58,42.54,,42.59,,,11436383,490641417.32,27074,F1,1,,,,,
2026-09-30,2026-09-30,CM,NSE,STK,766255,INE0M5301040,VARMORA,EQ,,,,,VARMORA GRANITO LIMITED,145.0,147.67,136.54,139.65,139.17,152.19,,139.64,,,11245606,1588761346.38,88623,F1,1,,,,,
2026-09-30,2026-09-30,CM,NSE,STK,760234,INE947N01017,AEQUS,EQ,,,,,AEQUS LIMITED,274.64,285.95,273.21,279.48,280.0,271.63,,279.48,,,11216835,3146845942.25,120225,F1,1,,,,,
2026-09-30,2026-09-30,CM,NSE,STK,2475,INE213A01029,ONGC,EQ,,,,,OIL AND NATURAL GAS CORP.,230.21,231.57,223.6,225.8,225.8,230.0,,225.78,,,11131417,2521782036.32,145921,F1,1,,,,,
2026-09-30,2026-09-30,CM,NSE,STK,4668,INE028A01039,BANKBARODA,EQ,,,,,BANK OF BARODA,230.4,235.7,230.29,230.55,230.55,227.68,,230.55,,,10920670,2547722371.32,73271,F1,1,,,,,
2026-09-30,2026-09-30,CM,NSE,STK,759782,INE1TAE01010,TMCV,EQ,,,,,TATA MOTORS LIMITED,430.15,438.15,418.7,421.65,420.0,430.15,,421.65,,,10915749,4636539580.5,212660,F1,1,,,,,
2026-09-30,2026-09-30,CM,NSE,STK,15119,INE532F01054,EDELWEISS,EQ,,,,,EDELWEISS FIN SERV LTD,137.7,144.05,137.7,142.73,144.0,137.77,,142.73,,,10840581,1536300275.67,72085,F1,1,,,,,
2026-09-30,2026-09-30,CM,NSE,STK,766295,INE0TWE01016,ARMEE,EQ,,,,,ARMEE INFOTECH LIMITED,375.0,375.0,300.0,300.0,300.0,375.0,,296.55,,,10736790,3541249142.9,151708,F1,1,,,,,
2026-09-30,2026-09-30,CM,NSE,STK,17520,INE399K01017,RTNPOWER,EQ,,,,,RATTANINDIA POWER LIMITED,6.8,6.98,6.8,6.89,6.9,6.87,,6.89,,,10508623,72635871.38,11191,F1,1,,,,,
2026-09-30,2026-09-30,CM,NSE,STK,23647,INE185E01021,FILATFASH,EQ,,,,,FILATEX FASHIONS LIMITED,0.19,0.19,0.18,0.18,0.19,0.18,,0.18,,,10328490,1905736.96,1407,F1,1,,,,,
2026-09-30,2026-09-30,CM,NSE,STK,967,INE754A01055,SUBEXLTD,EQ,,,,,SUBEX LTD,20.6,20.89,19.6,19.73,19.8,20.35,,19.73,,,10266212,207133979.41,20014,F1,1,,,,,
2026-09-30,2026-09-30,CM,NSE,STK,766005,INE644Q01039,GLASSWALL,EQ,,,,,GLASS WALL SYSTEM (I) LTD,283.4,293.28,276.01,282.0,280.56,286.55,,282.0,,,10083480,2856153605.64,101366,F1,1,,,,,
2026-09-30,2026-09-30,CM,NSE,STK,760946,INE2KCE01013,KWIL,EQ,,,,,KWALITY WALL'S (INDIA) L,41.22,41.22,39.0,39.22,39.25,41.0,,39.22,,,9990414,398369787.87,30818,F1,1,,,,,
2026-09-30,2026-09-30,CM,NSE,STK,14299,INE134E01011,PFC,EQ,,,,,POWER FIN CORP LTD.,325.85,332.5,325.0,325.5,325.5,324.1,,325.5,,,9986223,3279326367.8,81726,F1,1,,,,,
2026-09-30,2026-09-30,CM,NSE,STK,1375,INE549A01026,HCC,EQ,,,,,HINDUSTAN CONSTRUCTION CO,20.61,21.14,20.35,20.41,20.47,20.71,,20.41,,,9937639,206114883.99,23586,F1,1,,,,,
2026-09-30,2026-09-30,CM,NSE,STK,759062,INE0KKN01029,RHETAN,EQ,,,,,RHETAN TMT LIMITED,17.52,17.52,17.51,17.51,17.51,16.69,,17.51,,,9861676,172762207.14,3599,F1,1,,,,,
2026-09-30,2026-09-30,CM,NSE,STK,14977,INE752E01010,POWERGRID,EQ,,,,,POWER GRID CORP. LTD.,261.5,262.0,258.1,260.5,260.5,261.5,,260.5,,,9769840,2544362365.7,88676,F1,1,,,,,
2026-09-30,2026-09-30,CM,NSE,STK,383,INE263A01024,BEL,EQ,,,,,BHARAT ELECTRONICS LTD,386.4,391.0,385.0,388.3,388.3,387.75,,388.3,,,9671143,3756738197.7,131702,F1,1,,,,,
2026-09-30,2026-09-30,CM,NSE,STK,1624,INE242A01010,IOC,EQ,,,,,INDIAN OIL CORP LTD,133.3,135.99,133.14,134.93,134.93,131.33,,134.93,,,9545086,1284188444.05,71219,F1,1,,,,,
2026-09-30,2026-09-30,CM,NSE,STK,7852,INE066P01011,INOXWIND,EQ,,,,,INOX WIND LIMITED,72.0,72.93,69.51,69.51,69.51,71.5,,69.52,,,9235114,656378538.23,38865,F1,1,,,,,
2026-09-30,2026-09-30,CM,NSE,STK,13511,INE672B01032,MUNJALAU,EQ,,,,,MUNJAL AUTO IND. LTD.,106.3,115.7,106.0,112.86,109.99,106.48,,112.84,,,9221059,1044853813.07,63164,F1,1,,,,,
2026-09-30,2026-09-30,CM,NSE,STK,27066,INE00H001014,SWIGGY,EQ,,,,,SWIGGY LIMITED,255.95,257.0,250.0,250.1,250.1,253.7,,250.1,,,9125415,2303451773.0,60584,F1,1,,,,,
2026-09-30,2026-09-30,CM,NSE,STK,2792,INE07O001026,EASEMYTRIP,EQ,,,,,EASY TRIP PLANNERS LTD,5.88,6.03,5.81,5.86,5.85,5.88,,5.86,,,9015155,53427345.43,5425,F1,1,,,,,
2026-09-30,2026-09-30,CM,NSE,STK,6656,INE417T01026,POLICYBZR,EQ,,,,,PB FINTECH LIMITED,1087.0,1098.0,1031.4,1063.9,1063.9,1081.0,,1063.92,,,8915211,9483360945.6,223420,F1,1,,,,,
2026-09-30,2026-09-30,CM,NSE,STK,12026,INE087H01022,RENUKA,EQ,,,,,SHREE RENUKA SUGARS LTD,22.6,23.02,21.73,21.89,21.89,22.54,,21.89,,,8847058,198039329.09,14110,F1,1,,,,,
2026-09-30,2026-09-30,CM,NSE,STK,18921,INE200M01039,VBL,EQ,,,,,VARUN BEVERAGES LIMITED,428.0,436.4,427.5,432.0,432.0,430.0,,432.0,,,8815664,3818031205.7,70986,F1,1,,,,,
2026-09-30,2026-09-30,CM,NSE,STK,3063,INE205A01025,VEDL,EQ,,,,,VEDANTA LIMITED,260.0,260.5,255.15,259.0,259.0,260.0,,259.0,,,8639213,2232201123.35,73570,F1,1,,,,,
2026-09-30,2026-09-30,CM,NSE,STK,3676,INE386A01023,VESUVIUS,EQ,,,,,VESUVIUS INDIA LTD,404.95,453.8,403.75,424.2,425.45,400.2,,424.17,,,8173574,3574040196.55,186705,F1,1,,,,,
2026-09-30,2026-09-30,CM,NSE,STK,5701,INE491A01021,CUB,EQ,,,,,CITY UNION BANK LTD,216.75,229.0,214.91,226.05,225.01,214.91,,226.01,,,8157697,1841923680.73,103736,F1,1,,,,,
2026-09-30,2026-09-30,CM,NSE,STK,438,INE257A01026,BHEL,EQ,,,,,BHEL,415.1,421.8,411.7,415.5,415.5,413.35,,415.5,,,8153812,3382789625.25,67769,F1,1,,,,,
2026-09-30,2026-09-30,CM,NSE,STK,765030,INE758A01072,AVANCE,EQ,,,,,AVANCE TECHNOLOGIES LTD.,0.85,0.86,0.82,0.82,0.83,0.85,,0.82,,,8121839,6751587.87,1339,F1,1,,,,,
2026-09-30,2026-09-30,CM,NSE,STK,10604,INE397D01024,BHARTIARTL,EQ,,,,,BHARTI AIRTEL LIMITED,1775.2,1779.5,1753.7,1757.0,1757.0,1771.2,,1757.0,,,8080358,14235352951.2,148867,F1,1,,,,,
2026-09-30,2026-09-30,CM,NSE,STK,3045,INE062A01020,SBIN,EQ,,,,,STATE BANK OF INDIA,964.7,972.8,959.5,959.5,959.5,964.7,,959.5,,,8010571,7740234558.4,203154,F1,1,,,,,
2026-09-30,2026-09-30,CM,NSE,STK,13501,INE418H01029,ALLCARGO,EQ,,,,,ALLCARGO LOGISTICS LTD,10.78,10.78,10.05,10.13,10.1,10.53,,10.13,,,7854276,81393735.1,8586,F1,1,,,,,
2026-09-30,2026-09-30,CM,NSE,STK,17400,INE848E01016,NHPC,EQ,,,,,NHPC LTD,73.56,73.99,72.8,72.81,72.81,73.32,,72.81,,,7849564,574960734.31,38386,F1,1,,,,,
2026-09-30,2026-09-30,CM,NSE,STK,24999,INE126M01010,IBULLSLTD,EQ,,,,,INDIABULLS LIMITED,30.45,30.65,29.52,29.61,29.56,29.93,,29.6,,,7753680,233362547.03,12681,F1,1,,,,,
2026-09-30,2026-09-30,CM,NSE,STK,6297,INF209KB10C2,HEALTHY,EQ,,,,,BIRLASLAMC - HEALTHY,17.14,17.38,16.5,16.58,16.68,17.14,,16.58,,,7501875,124945691.21,2833,F1,1,,,,,
2026-09-30,2026-09-30,CM,NSE,STK,20374,INE522F01014,COALINDIA,EQ,,,,,COAL INDIA LTD,425.1,432.9,423.95,425.0,425.0,425.0,,425.0,,,7436925,3185286623.85,125774,F1,1,,,,,
2026-09-30,2026-09-30,CM,NSE,STK,761469,INE12UN01015,SHADOWFAX,EQ,,,,,SHADOWFAX TECHNOLOGIES L,282.0,289.8,278.15,280.25,279.0,280.85,,280.26,,,7428809,2105723373.4,84104,F1,1,,,,,
2026-09-30,2026-09-30,CM,NSE,STK,16249,INE483S01020,CCAVENUE,EQ,,,,,AVENUESAI LIMITED,15.31,15.52,15.08,15.12,15.11,15.36,,15.12,,,7376759,112467215.26,12429,F1,1,,,,,
2026-09-30,2026-09-30,CM,NSE,STK,25468,INE420C01059,PAISALO,EQ,,,,,PAISALO DIGITAL LIMITED,78.0,79.1,75.62,76.41,77.0,78.59,,76.41,,,7129862,548301263.65,19507,F1,1,,,,,
2026-09-30,2026-09-30,CM,NSE,STK,21339,INE503B01021,STEELXIND,EQ,,,,,STEEL EXCHANGE INDIA LTD,11.2,11.74,11.2,11.42,11.35,11.19,,11.42,,,7015322,80752213.02,6506,F1,1,,,,,
2026-09-30,2026-09-30,CM,NSE,STK,11630,INE733E01010,NTPC,EQ,,,,,NTPC LTD,323.5,323.95,318.9,322.75,322.75,323.5,,322.75,,,6908628,2222014714.35,79691,F1,1,,,,,
2026-09-30,2026-09-30,CM,NSE,STK,15355,INE020B01018,RECLTD,EQ,,,,,REC LIMITED,294.0,301.75,293.0,299.0,299.0,292.45,,299.0,,,6842344,2046461789.7,75005,F1,1,,,,,
2026-09-30,2026-09-30,CM,NSE,STK,2320,INE103C01036,SMCGLOBAL,EQ,,,,,SMC GLOBAL SECURITIES LTD,93.0,96.24,91.17,94.48,94.5,92.98,,94.48,,,6836896,639567956.42,43561,F1,1,,,,,
2026-09-30,2026-09-30,CM,NSE,STK,759605,INE956O01016,LENSKART,EQ,,,,,LENSKART SOLUTIONS LTD,684.35,698.1,672.4,685.05,683.0,674.6,,685.07,,,6800271,4685025308.95,150088,F1,1,,,,,
2026-09-30,2026-09-30,CM,NSE,STK,25634,INE122M01019,ESSARSHPNG,EQ,,,,,ESSAR SHIPPING LTD,17.54,20.34,17.54,18.89,18.97,16.95,,18.89,,,6789502,133555011.1,14309,F1,1,,,,,
2026-09-30,2026-09-30,CM,NSE,STK,21794,INE179G01029,DAVANGERE,EQ,,,,,DAVANGERE SUGAR COMPANY L,2.37,2.4,2.26,2.31,2.3,2.34,,2.31,,,6763373,15749801.52,2621,F1,1,,,,,
2026-09-30,2026-09-30,CM,NSE,STK,9939,INE840Y01029,ONEPOINT,EQ,,,,,ONE POINT ONE SOL LTD,71.55,74.4,70.62,73.39,73.33,71.62,,73.39,,,6743812,492149773.92,33780,F1,1,,,,,
2026-09-30,2026-09-30,CM,NSE,STK,28714,INE454P01035,TRANSRAILL,EQ,,,,,TRANSRAIL LIGHTING LTD,448.8,498.0,448.8,476.4,473.9,451.65,,476.45,,,6739028,3254351937.4,176146,F1,1,,,,,
2026-09-30,2026-09-30,CM,NSE,STK,765361,INE0K9O01026,LALITHAA,EQ,,,,,LALITHAA JEWELLERY MART L,384.0,393.75,375.5,381.9,383.0,375.0,,381.92,,,6734536,2622306577.4,43886,F1,1,,,,,
2026-09-30,2026-09-30,CM,NSE,STK,29135,INE121J01017,INDUSTOWER,EQ,,,,,INDUS TOWERS LIMITED,370.35,376.05,368.6,373.2,373.2,367.55,,373.2,,,6712752,2502796709.65,86049,F1,1,,,,,
2026-09-30,2026-09-30,CM,NSE,STK,14304,INE684F01012,FSL,EQ,,,,,FIRSTSOURCE SOLU. LTD.,248.9,270.7,248.9,255.8,254.05,248.9,,255.8,,,6657490,1720897599.7,107658,F1,1,,,,,
2026-09-30,2026-09-30,CM,NSE,STK,317,INE296A01032,BAJFINANCE,EQ,,,,,BAJAJ FINANCE LIMITED,981.5,981.5,955.8,959.4,959.4,973.8,,959.4,,,6625616,6382770033.0,120781,F1,1,,,,,
2026-09-30,2026-09-30,CM,NSE,STK,2431,INE0DD101019,RAILTEL,EQ,,,,,RAILTEL CORP OF IND LTD,259.1,281.0,258.65,265.65,265.2,259.25,,265.66,,,6564878,1794732059.35,112200,F1,1,,,,,
2026-09-30,2026-09-30,CM,NSE,STK,24948,INE498L01015,LTF,EQ,,,,,L&T FINANCE LIMITED,272.0,273.25,264.9,265.0,265.0,271.05,,265.0,,,6415013,1718012864.1,63173,F1,1,,,,,
2026-09-30,2026-09-30,CM,NSE,STK,19585,INE118H01025,BSE,EQ,,,,,BSE LIMITED,3138.9,3149.0,3075.0,3092.0,3092.0,3200.0,,3092.0,,,6411793,19888486245.1,272876,F1,1,,,,,
2026-09-30,2026-09-30,CM,NSE,STK,9480,INE0J1Y01017,LICI,EQ,,,,,LIFE INSURA CORP OF INDIA,395.0,398.95,391.9,395.2,395.2,390.0,,395.19,,,6311852,2496477849.85,101651,F1,1,,,,,
2026-09-30,2026-09-30,CM,NSE,STK,8596,INE0FS801015,MSUMI,EQ,,,,,MOTHERSON SUMI WRNG IND L,34.2,34.83,34.0,34.07,34.05,34.36,,34.07,,,6241303,214095854.27,42934,F1,1,,,,,
2026-09-30,2026-09-30,CM,NSE,STK,5900,INE238A01034,AXISBANK,EQ,,,,,AXIS BANK LIMITED,1201.1,1237.1,1201.1,1226.0,1226.0,1212.1,,1226.0,,,6178741,7569427800.2,133668,F1,1,,,,,
2026-09-30,2026-09-30,CM,NSE,STK,18423,INE05CZ01011,RATNAVEER,EQ,,,,,RATNAVEER PRECISION ENG L,332.65,344.4,328.2,330.75,330.0,331.15,,330.74,,,6063423,2024452411.35,49024,F1,1,,,,,
2026-09-30,2026-09-30,CM,NSE,STK,764537,INE551C01044,SHUKRAPHAR,EQ,,,,,SHUKRA PHARMACEUTICALS L,60.96,63.36,60.77,62.09,62.16,60.3,,62.09,,,6037718,373692566.91,34756,F1,1,,,,,
2026-09-30,2026-09-30,CM,NSE,STK,31415,INE095N01031,NBCC,EQ,,,,,NBCC (INDIA) LIMITED,78.83,79.99,78.5,78.5,78.5,78.01,,78.51,,,6032283,478166290.7,33876,F1,1,,,,,
2026-09-30,2026-09-30,CM,NSE,STK,757767,INE12NJ01018,SAMBHV,EQ,,,,,SAMBHV STEEL TUBES LTD,162.45,167.31,160.11,164.9,164.4,162.24,,164.9,,,5951525,978245073.9,52025,F1,1,,,,,
2026-09-30,2026-09-30,CM,NSE,STK,17939,INE531E01026,HINDCOPPER,EQ,,,,,HINDUSTAN COPPER LTD,477.0,481.7,471.5,472.65,472.6,474.35,,472.66,,,5881618,2806803944.0,88004,F1,1,,,,,
2026-09-30,2026-09-30,CM,NSE,STK,766056,INE590T01012,KARAMTARA,EQ,,,,,KARAMTARA ENGINEERING L,364.0,395.35,361.35,395.35,395.35,359.45,,395.59,,,5878325,2267892422.95,69256,F1,1,,,,,
2026-09-30,2026-09-30,CM,NSE,STK,14732,INE271C01023,DLF,EQ,,,,,DLF LIMITED,665.05,674.0,653.0,674.0,674.0,653.0,,673.99,,,5830044,3855925525.1,102181,F1,1,,,,,
2026-09-30,2026-09-30,CM,NSE,STK,14592,INE061F01013,FORTIS,EQ,,,,,FORTIS HEALTHCARE LTD,817.0,821.0,757.45,770.0,770.0,822.0,,769.98,,,5818918,4509227032.75,176401,F1,1,,,,,
2026-09-30,2026-09-30,CM,NSE,STK,20905,INE02IJ01035,AZAD,EQ,,,,,AZAD ENGINEERING LIMITED,2941.0,3127.9,2875.6,2963.2,2990.0,2914.2,,2963.39,,,5708538,17139646708.7,324803,F1,1,,,,,
2026-09-30,2026-09-30,CM,NSE,STK,759723,INE0LP301011,PWL,EQ,,,,,PHYSICSWALLAH LIMITED,126.05,126.7,122.0,123.48,122.65,125.15,,123.49,,,5681880,707303173.03,42128,F1,1,,,,,
2026-09-30,2026-09-30,CM,NSE,STK,2331,INE854B01010,JAYNECOIND,EQ,,,,,JAYASWAL NECO INDUSTR LTD,93.7,96.38,92.0,92.79,92.8,92.66,,92.76,,,5628555,533756154.77,37801,F1,1,,,,,
2026-09-30,2026-09-30,CM,NSE,STK,9599,INE148O01028,DELHIVERY,EQ,,,,,DELHIVERY LIMITED,418.35,418.35,400.35,409.7,409.7,417.4,,409.7,,,5573038,2272971338.35,95243,F1,1,,,,,
2026-09-30,2026-09-30,CM,NSE,STK,2955,INE303R01014,KALYANKJIL,EQ,,,,,KALYAN JEWELLERS IND LTD,572.0,572.05,552.5,553.15,553.15,568.85,,553.15,,,5559899,3114788286.2,61581,F1,1,,,,,
2026-09-30,2026-09-30,CM,NSE,STK,4306,INE721A01047,SHRIRAMFIN,EQ,,,,,SHRIRAM FINANCE LIMITED,972.2,987.0,965.1,982.7,982.7,971.5,,982.7,,,5552495,5438536493.7,126352,F1,1,,,,,
2026-09-30,2026-09-30,CM,NSE,STK,526,INE029A01011,BPCL,EQ,,,,,BHARAT PETROLEUM CORP  LT,301.95,308.25,301.1,303.2,303.2,299.35,,303.2,,,5525502,1678796398.2,81269,F1,1,,,,,
2026-09-30,2026-09-30,CM,NSE,STK,17376,INE688J01023,LANDSMILL,EQ,,,,,LANDSMILL GREEN LIMITED,0.96,0.96,0.96,0.96,0.96,0.88,,0.98,,,5502985,5282865.6,757,F1,1,,,,,
2026-09-30,2026-09-30,CM,NSE,STK,1023,INE171A01029,FEDERALBNK,EQ,,,,,FEDERAL BANK LTD,321.05,324.25,317.4,317.4,317.4,320.2,,317.4,,,5485971,1752429718.45,90866,F1,1,,,,,
2026-09-30,2026-09-30,CM,NSE,STK,1997,INE115A01026,LICHSGFIN,EQ,,,,,LIC HOUSING FINANCE LTD,555.1,565.0,530.2,530.2,530.2,548.5,,530.21,,,5474497,2975953668.1,63425,F1,1,,,,,
2026-09-30,2026-09-30,CM,NSE,STK,3426,INE245A01021,TATAPOWER,EQ,,,,,TATA POWER CO LTD,357.95,362.05,356.55,359.0,359.0,359.0,,359.0,,,5401745,1942198550.05,62988,F1,1,,,,,
2026-09-30,2026-09-30,CM,NSE,STK,27297,INE834M01019,RTNINDIA,EQ,,,,,RATTANINDIA ENT LIMITED,26.0,27.58,25.45,26.06,25.81,25.66,,26.06,,,5394562,143739768.29,21173,F1,1,,,,,
2026-09-30,2026-09-30,CM,NSE,STK,15308,INE964H01014,SEPC,EQ,,,,,SEPC LIMITED,5.15,5.19,5.01,5.02,5.04,5.1,,5.02,,,5233528,26569670.83,3735,F1,1,,,,,
2026-09-30,2026-09-30,CM,NSE,STK,1949,INE999A01023,KSB,EQ,,,,,KSB LIMITED,860.0,900.0,841.0,856.1,860.1,824.8,,856.08,,,5216083,4531342897.5,182332,F1,1,,,,,
2026-09-30,2026-09-30,CM,NSE,STK,6364,INE139A01034,NATIONALUM,EQ,,,,,NATIONAL ALUMINIUM CO LTD,345.05,348.95,340.95,340.95,340.95,346.65,,340.95,,,5109676,1762588555.95,49142,F1,1,,,,,
2026-09-30,2026-09-30,CM,NSE,STK,467,INE795G01014,HDFCLIFE,EQ,,,,,HDFC LIFE INS CO LTD,516.6,521.2,513.4,521.2,521.2,523.55,,521.2,,,5062593,2619697199.8,76915,F1,1,,,,,
2026-09-30,2026-09-30,CM,NSE,STK,4745,INE084A01016,BANKINDIA,EQ,,,,,BANK OF INDIA,130.89,132.73,130.24,130.24,130.24,130.11,,130.24,,,5018149,659177448.04,29248,F1,1,,,,,
2026-09-30,2026-09-30,CM,NSE,STK,14894,INE483A01010,CENTRALBK,EQ,,,,,CENTRAL BANK OF INDIA,30.07,30.84,30.07,30.46,30.53,30.04,,30.46,,,4973027,151933662.07,18306,F1,1,,,,,
2026-09-30,2026-09-30,CM,NSE,STK,14537,INE836F01026,DISHTV,EQ,,,,,DISH TV INDIA LTD.,2.05,2.19,2.05,2.06,2.08,2.15,,2.06,,,4887725,10135464.24,2843,F1,1,,,,,
2026-09-30,2026-09-30,CM,NSE,STK,757614,INE0H9P01028,ARIS,EQ,,,,,ARISINFRA SOLUTIONS LTD,140.0,146.4,136.79,143.88,142.55,135.0,,143.88,,,4654571,661013511.81,42677,F1,1,,,,,
2026-09-30,2026-09-30,CM,NSE,STK,765467,INE0LEG01024,HTEL,EQ,,,,,HY-TECH ENGINEERS LIMITED,71.7,77.15,70.0,72.29,72.65,69.52,,72.28,,,4644616,344922253.23,39218,F1,1,,,,,
2026-09-30,2026-09-30,CM,NSE,STK,30125,INE148I01020,SAMMAANCAP,EQ,,,,,SAMMAAN CAPITAL LIMITED,136.94,141.19,136.0,136.54,136.5,136.48,,136.54,,,4575005,632876288.45,33355,F1,1,,,,,
2026-09-30,2026-09-30,CM,NSE,STK,19299,INE353K01014,ITDC,EQ,,,,,INDIA TOUR. DEV. CO. LTD.,660.0,728.0,656.1,687.65,676.5,657.15,,687.64,,,4549325,3213275875.85,164302,F1,1,,,,,
2026-09-30,2026-09-30,CM,NSE,STK,24781,INF209KB19D1,BSLNIFTY,EQ,,,,,ADITYBIRLA SL NIF ETF-GR,27.73,28.0,26.56,26.85,27.33,27.06,,26.85,,,4493220,120227686.06,11337,F1,1,,,,,
2026-09-30,2026-09-30,CM,NSE,STK,760726,INE05XR01022,BHARATCOAL,EQ,,,,,BHARAT COKING COAL LTD,33.49,33.55,32.45,32.8,32.6,33.5,,32.8,,,4485549,147911776.79,15751,F1,1,,,,,
2026-09-30,2026-09-30,CM,NSE,STK,1476,INE008A01015,IDBI,EQ,,,,,IDBI BANK LIMITED,83.51,84.29,81.96,82.2,82.25,83.32,,82.2,,,4433814,368000647.09,21513,F1,1,,,,,
2026-09-30,2026-09-30,CM,NSE,STK,1363,INE038A01020,HINDALCO,EQ,,,,,HINDALCO  INDUSTRIES  LTD,950.2,956.8,941.1,941.8,941.8,955.2,,941.8,,,4420021,4193843978.1,112716,F1,1,,,,,
2026-09-30,2026-09-30,CM,NSE,STK,765040,INE373T01047,BLUECLOUDS,EQ,,,,,BLUE CLOUD SOFTECH SOLU L,20.35,20.82,19.56,19.9,20.23,20.23,,19.9,,,4389309,88764177.56,9818,F1,1,,,,,
2026-09-30,2026-09-30,CM,NSE,STK,5108,INE542W01025,KPIGREEN,EQ,,,,,KPI GREEN ENERGY LIMITED,386.4,386.9,355.5,358.95,357.8,371.25,,358.95,,,4386433,1636430792.9,69570,F1,1,,,,,
2026-09-30,2026-09-30,CM,NSE,STK,17358,INE735W01017,UTKARSHBNK,EQ,,,,,UTKARSH SMALL FIN BANK L,13.97,14.0,13.68,13.76,13.79,13.91,,13.76,,,4363721,60181446.63,4858,F1,1,,,,,
2026-09-30,2026-09-30,CM,NSE,STK,1134,INE713T01028,APOLLO,EQ,,,,,APOLLO MICRO SYSTEMS LTD,402.9,410.7,401.7,403.45,403.5,402.6,,403.43,,,4344769,1765198827.35,47514,F1,1,,,,,
2026-09-30,2026-09-30,CM,NSE,STK,25807,INE080I01025,LLOYDSENT,EQ,,,,,LLOYDS ENTERPRISES LTD,79.7,82.1,78.68,79.23,79.0,79.13,,79.24,,,4337499,348880261.44,26652,F1,1,,,,,
2026-09-30,2026-09-30,CM,NSE,STK,14180,INE0NNS01018,NSLNISP,EQ,,,,,NMDC STEEL LIMITED,42.0,42.35,41.15,41.32,41.3,41.79,,41.32,,,4305677,179761376.07,17167,F1,1,,,,,
2026-09-30,2026-09-30,CM,NSE,STK,25270,INE377Y01014,BAJAJHFL,EQ,,,,,BAJAJ HOUSING FINANCE LTD,81.33,83.4,81.33,82.0,82.0,81.26,,82.0,,,4275068,351076233.71,28912,F1,1,,,,,
2026-09-30,2026-09-30,CM,NSE,STK,7229,INE860A01027,HCLTECH,EQ,,,,,HCL TECHNOLOGIES LTD,1229.0,1256.4,1224.8,1230.0,1230.0,1222.0,,1230.0,,,4242658,5232092984.9,81494,F1,1,,,,,
2026-09-30,2026-09-30,CM,NSE,STK,14255,INE891D01026,REDINGTON,EQ,,,,,REDINGTON LIMITED,405.45,413.5,404.4,407.0,407.4,405.45,,407.0,,,4204334,1717974136.05,66471,F1,1,,,,,
2026-09-30,2026-09-30,CM,NSE,STK,1802,INE197A01024,JYOTISTRUC,EQ,,,,,JYOTI STRUCTURES LTD,8.98,9.25,8.83,8.9,8.92,9.07,,8.9,,,4112757,37203874.77,4532,F1,1,,,,,
2026-09-30,2026-09-30,CM,NSE,STK,881,INE089A01031,DRREDDY,EQ,,,,,DR. REDDY S LABORATORIES,1242.2,1244.6,1214.2,1233.0,1233.0,1251.9,,1233.0,,,4026022,4949646189.9,124097,F1,1,,,,,
2026-09-30,2026-09-30,CM,NSE,STK,6545,INE388Y01029,NYKAA,EQ,,,,,FSN E COMMERCE VENTURES,327.0,330.55,320.0,320.0,320.0,327.35,,320.0,,,3980003,1293640522.1,60944,F1,1,,,,,
2026-09-30,2026-09-30,CM,NSE,STK,14707,INE508G01029,TIMETECHNO,EQ,,,,,TIME TECHNOPLAST LTD.,183.75,188.4,181.41,182.36,182.8,183.92,,182.35,,,3950098,731548942.64,24546,F1,1,,,,,
2026-09-30,2026-09-30,CM,NSE,STK,220,INE022Q01020,IEX,EQ,,,,,INDIAN ENERGY EXC LTD,106.75,108.8,106.53,107.0,107.0,106.39,,107.0,,,3890920,419278502.39,30369,F1,1,,,,,
2026-09-30,2026-09-30,CM,NSE,STK,765524,INE185Q01025,LUMINO,EQ,,,,,LUMINO INDUSTRIES LIMITED,104.4,106.19,101.7,102.46,102.27,104.4,,102.46,,,3888707,403847890.11,22447,F1,1,,,,,
2026-09-30,2026-09-30,CM,NSE,STK,20261,INE202E01016,IREDA,EQ,,,,,INDIAN RENEWABLE ENERGY,111.7,113.84,111.37,111.68,111.68,111.0,,111.67,,,3872732,436130094.24,30154,F1,1,,,,,
2026-09-30,2026-09-30,CM,NSE,STK,18391,INE976G01028,RBLBANK,EQ,,,,,RBL BANK LIMITED,405.0,412.35,403.35,403.35,403.35,402.0,,403.35,,,3855694,1575244141.5,69227,F1,1,,,,,
2026-09-30,2026-09-30,CM,NSE,STK,762670,INE507F01023,EMPOWER,EQ,,,,,EMPOWER INDIA LTD.,1.62,1.62,1.62,1.62,1.62,1.7,,1.62,,,3851509,6239444.58,2121,F1,1,,,,,
2026-09-30,2026-09-30,CM,NSE,STK,28952,INE741L01018,DUCON,EQ,,,,,DUCON INFRATECHNOLOGIES L,1.37,1.43,1.35,1.36,1.37,1.42,,1.36,,,3809077,5246865.93,1057,F1,1,,,,,
2026-09-30,2026-09-30,CM,NSE,STK,30108,INE647O01011,ABFRL,EQ,,,,,ADITYA BIRLA FASHION & RT,46.6,47.29,45.97,46.32,46.2,46.24,,46.32,,,3805401,177944824.7,16117,F1,1,,,,,
2026-09-30,2026-09-30,CM,NSE,STK,10793,INE0DYJ01015,SYRMA,EQ,,,,,SYRMA SGS TECHNOLOGY LTD,1686.0,1820.0,1686.0,1782.9,1785.5,1692.6,,1782.86,,,3788979,6745343101.1,174596,F1,1,,,,,
2026-09-30,2026-09-30,CM,NSE,STK,27097,INE995S01015,NIVABUPA,EQ,,,,,NIVA BUPA HEALTH INS CO L,73.05,75.8,72.82,74.81,74.0,73.28,,74.81,,,3744324,277295008.72,67642,F1,1,,,,,
2026-09-30,2026-09-30,CM,NSE,STK,1512,INE053A01029,INDHOTEL,EQ,,,,,THE INDIAN HOTELS CO. LTD,714.35,736.9,713.0,728.65,728.65,714.35,,728.65,,,3733640,2720942610.7,54830,F1,1,,,,,
2026-09-30,2026-09-30,CM,NSE,STK,13496,INE367G01038,PFOCUS,EQ,,,,,PRIME FOCUS LIMITED,318.65,326.0,313.35,316.0,315.5,317.5,,316.0,,,3709507,1190175486.3,31026,F1,1,,,,,
2026-09-30,2026-09-30,CM,NSE,STK,8529,INE0CU601026,GMRP&UI,EQ,,,,,GMR POW AND URBAN INFRA L,100.72,106.84,100.72,105.38,104.0,100.72,,105.3,,,3679473,383401821.2,28551,F1,1,,,,,
2026-09-30,2026-09-30,CM,NSE,STK,24265,INE778B01029,ESTER,EQ,,,,,ESTER INDUSTRIES LTD,90.0,101.46,87.19,101.22,100.66,84.55,,101.23,,,3656608,366771031.31,17215,F1,1,,,,,
2026-09-30,2026-09-30,CM,NSE,STK,11536,INE467B01029,TCS,EQ,,,,,TATA CONSULTANCY SERV LT,2069.0,2101.0,2050.6,2050.6,2050.6,2032.4,,2050.59,,,3656425,7578320461.1,124004,F1,1,,,,,
2026-09-30,2026-09-30,CM,NSE,STK,21614,INE674K01013,ABCAPITAL,EQ,,,,,ADITYA BIRLA CAPITAL LTD.,380.15,385.55,379.95,380.6,380.6,378.0,,380.6,,,3567531,1362612842.1,56195,F1,1,,,,,
2026-09-30,2026-09-30,CM,NSE,STK,766065,INE0FRO01022,STEAMHOUSE,EQ,,,,,STEAMHOUSE INDIA LIMITED,111.4,113.85,110.3,110.94,110.5,110.86,,110.95,,,3547240,397305316.12,24385,F1,1,,,,,
2026-09-30,2026-09-30,CM,NSE,STK,8833,INE425B01027,BCG,EQ,,,,,BRIGHTCOM GROUP LIMITED,9.2,9.42,9.2,9.22,9.23,9.28,,9.22,,,3466176,32150829.41,3536,F1,1,,,,,
2026-09-30,2026-09-30,CM,NSE,STK,19061,INE522D01027,MANAPPURAM,EQ,,,,,MANAPPURAM FINANCE LTD,316.45,322.65,312.95,315.85,315.85,316.45,,315.86,,,3430831,1089900490.55,29134,F1,1,,,,,
2026-09-30,2026-09-30,CM,NSE,STK,8954,INE517B01013,TTML,EQ,,,,,TATA TELESERV(MAHARASTRA),34.86,35.67,34.02,34.3,34.3,35.18,,34.3,,,3429419,119270269.08,14969,F1,1,,,,,
2026-09-30,2026-09-30,CM,NSE,STK,1838,INE036D01028,KARURVYSYA,EQ,,,,,KARUR VYSYA BANK LTD,318.1,327.0,311.4,324.8,324.0,318.15,,324.8,,,3398416,1093288446.8,73601,F1,1,,,,,
2026-09-30,2026-09-30,CM,NSE,STK,20413,INE485C01029,IOLCP,EQ,,,,,IOL CHEM AND PHARMA LTD,202.6,211.6,202.51,207.08,207.0,201.48,,207.09,,,3390524,706505257.79,40875,F1,1,,,,,
2026-09-30,2026-09-30,CM,NSE,STK,928,INE086A01029,ELECTCAST,EQ,,,,,ELECTROSTEEL CASTINGS LTD,76.12,78.19,73.89,74.37,74.16,76.53,,74.37,,,3312574,252389252.12,22039,F1,1,,,,,
2026-09-30,2026-09-30,CM,NSE,STK,759084,INE0CAZ01013,URBANCO,EQ,,,,,URBAN COMPANY LIMITED,163.4,164.29,155.85,157.48,156.5,163.71,,157.47,,,3304372,527338430.33,34438,F1,1,,,,,
2026-09-30,2026-09-30,CM,NSE,STK,10579,INE750C01026,MARKSANS,EQ,,,,,MARKSANS PHARMA LIMITED,344.0,345.9,321.0,322.3,322.45,342.75,,322.3,,,3253271,1070536574.45,67544,F1,1,,,,,
2026-09-30,2026-09-30,CM,NSE,STK,764480,INE0XNF01022,ARDEE,EQ,,,,,ARDEE INDUSTRIES LIMITED,51.55,52.95,50.4,50.77,50.62,51.17,,50.78,,,3252521,168596632.24,23905,F1,1,,,,,
2026-09-30,2026-09-30,CM,NSE,STK,18011,INE716A01013,WHIRLPOOL,EQ,,,,,WHIRLPOOL OF INDIA LTD,879.3,942.8,862.25,890.25,880.45,888.2,,890.25,,,3226987,2927383669.05,111205,F1,1,,,,,
2026-09-30,2026-09-30,CM,NSE,STK,766051,INE241U01028,MPIMANIPAL,EQ,,,,,MANIPAL PAYMENT & IDE S L,425.05,438.8,400.15,409.15,406.0,417.4,,409.2,,,3225179,1365380442.75,73724,F1,1,,,,,
2026-09-30,2026-09-30,CM,NSE,STK,1270,INE079A01024,AMBUJACEM,EQ,,,,,AMBUJA CEMENTS LTD,369.0,376.65,368.65,374.0,374.0,365.75,,373.99,,,3219926,1201040911.35,92368,F1,1,,,,,
2026-09-30,2026-09-30,CM,NSE,STK,27176,INE0ONG01011,NTPCGREEN,EQ,,,,,NTPC GREEN ENERGY LIMITED,89.99,93.92,89.91,93.37,93.6,89.99,,93.37,,,3214816,297347904.13,35194,F1,1,,,,,
2026-09-30,2026-09-30,CM,NSE,STK,15083,INE742F01042,ADANIPORTS,EQ,,,,,ADANI PORT & SEZ LTD,1793.5,1803.2,1775.4,1798.3,1798.3,1822.0,,1798.27,,,3199507,5723548458.8,110981,F1,1,,,,,
2026-09-30,2026-09-30,CM,NSE,STK,3594,INE694A01020,UNITECH,EQ,,,,,UNITECH LTD,3.95,3.99,3.9,3.96,3.97,3.92,,3.96,,,3132347,12388709.07,1805,F1,1,,,,,
2026-09-30,2026-09-30,CM,NSE,STK,764548,INE869T01028,MOLBIO,EQ,,,,,MOLBIO DIAGNOSTICS LTD,1314.9,1369.2,1274.4,1308.9,1312.0,1255.6,,1308.92,,,3130442,4132390497.9,149712,F1,1,,,,,
2026-09-30,2026-09-30,CM,NSE,STK,4907,INE510A01028,ENGINERSIN,EQ,,,,,ENGINEERS INDIA LTD,310.75,315.5,307.5,309.6,309.75,310.2,,309.61,,,3125317,975192871.2,43936,F1,1,,,,,
2026-09-30,2026-09-30,CM,NSE,STK,11287,INE628A01036,UPL,EQ,,,,,UPL LIMITED,539.25,544.9,535.25,539.75,539.75,538.0,,539.75,,,3114983,1684283432.35,41403,F1,1,,,,,
2026-09-30,2026-09-30,CM,NSE,STK,11543,INE591G01025,COFORGE,EQ,,,,,COFORGE LIMITED,1757.6,1824.4,1749.1,1749.1,1749.1,1722.0,,1749.1,,,3113656,5563588495.0,102007,F1,1,,,,,
2026-09-30,2026-09-30,CM,NSE,STK,11262,INE203G01027,IGL,EQ,,,,,INDRAPRASTHA GAS LTD,141.99,146.9,141.99,145.61,145.35,142.02,,145.61,,,3093267,449779286.21,61349,F1,1,,,,,
2026-09-30,2026-09-30,CM,NSE,STK,11253,INE192B01031,WELSPUNLIV,EQ,,,,,WELSPUN LIVING LIMITED,225.45,232.49,225.01,227.33,226.8,225.21,,227.34,,,3089710,707794269.16,35299,F1,1,,,,,
2026-09-30,2026-09-30,CM,NSE,STK,757645,INE0LEZ01016,ATHERENERG,EQ,,,,,ATHER ENERGY LIMITED,1416.5,1441.0,1405.0,1425.0,1425.0,1407.0,,1425.01,,,3085289,4407931520.5,97640,F1,1,,,,,
2026-09-30,2026-09-30,CM,NSE,STK,17438,INE274J01014,OIL,EQ,,,,,OIL INDIA LTD,458.0,462.25,446.25,448.65,448.65,459.45,,448.64,,,3069066,1386354140.85,53542,F1,1,,,,,
2026-09-30,2026-09-30,CM,NSE,STK,981,INE255A01020,EPL,EQ,,,,,EPL LIMITED,235.8,241.35,233.5,237.0,236.0,233.05,,237.02,,,3029109,719925193.4,32692,F1,1,,,,,
2026-09-30,2026-09-30,CM,NSE,STK,765382,INE1WFC01025,SHANKESH,EQ,,,,,SHANKESH JEWELLERS LTD,89.8,94.44,89.24,90.25,90.5,88.8,,90.25,,,3014634,277122085.38,20929,F1,1,,,,,
2026-09-30,2026-09-30,CM,NSE,STK,765451,INE16W401027,AUGMONT,EQ,,,,,AUGMONT ENTERPRISES LTD,1074.0,1138.5,1014.3,1086.55,1098.0,1062.2,,1086.8,,,2989279,3156296720.05,102537,F1,1,,,,,
2026-09-30,2026-09-30,CM,NSE,STK,22602,INE560K01014,PFS,EQ,,,,,PTC INDIA FIN SERV LTD,28.0,29.49,27.65,29.08,29.21,28.0,,29.08,,,2963292,85443530.13,19188,F1,1,,,,,
2026-09-30,2026-09-30,CM,NSE,STK,765931,INE1M2N01020,DEEPA,EQ,,,,,DEEPA JEWELLERS LIMITED,191.8,199.9,189.74,195.48,195.91,188.89,,195.48,,,2948558,578093420.0,29728,F1,1,,,,,
2026-09-30,2026-09-30,CM,NSE,STK,1808,INE217B01036,KAJARIACER,EQ,,,,,KAJARIA CERAMICS LTD,1227.8,1265.9,1212.8,1235.1,1235.0,1190.5,,1235.1,,,2882388,3589568176.8,71905,F1,1,,,,,
2026-09-30,2026-09-30,CM,NSE,STK,1424,INE267A01025,HINDZINC,EQ,,,,,HINDUSTAN ZINC LIMITED,567.2,575.05,562.6,566.0,566.0,563.3,,566.0,,,2880602,1641643577.45,48468,F1,1,,,,,
2026-09-30,2026-09-30,CM,NSE,STK,4010,INE362A01016,PVP,EQ,,,,,PVP VENTURES LIMITED,54.5,56.88,53.12,53.12,53.12,55.91,,53.13,,,2852031,154740134.02,8906,F1,1,,,,,
2026-09-30,2026-09-30,CM,NSE,STK,13720,INE544H01014,JHS,EQ,,,,,JHS SVEND. LAB. LTD,11.4,12.45,11.0,12.45,12.45,10.38,,12.51,,,2836786,34439356.68,3651,F1,1,,,,,
2026-09-30,2026-09-30,CM,NSE,STK,11223,INE691A01018,UCOBANK,EQ,,,,,UCO BANK,23.05,23.5,23.05,23.28,23.31,23.05,,23.29,,,2802505,65457471.24,14748,F1,1,,,,,
2026-09-30,2026-09-30,CM,NSE,STK,11265,INE236G01019,TVSELECT,EQ,,,,,TVS ELECTRONICS LTD,372.05,440.55,371.15,416.15,417.0,374.3,,416.09,,,2795681,1179452722.3,64019,F1,1,,,,,
2026-09-30,2026-09-30,CM,NSE,STK,13538,INE669C01036,TECHM,EQ,,,,,TECH MAHINDRA LIMITED,1524.6,1559.5,1518.0,1524.0,1524.0,1510.5,,1524.0,,,2794174,4289289869.4,81207,F1,1,,,,,
2026-09-30,2026-09-30,CM,NSE,STK,20642,INE247D01039,JINDWORLD,EQ,,,,,JINDAL WORLDWIDE LTD,47.6,47.97,46.26,46.54,46.59,47.07,,46.54,,,2793369,131379349.72,8278,F1,1,,,,,
2026-09-30,2026-09-30,CM,NSE,STK,757955,INE124Y01028,PASHUPATI,EQ,,,,,PASHUPATI COTSPIN LIMITED,111.26,111.26,74.18,75.4,74.18,92.72,,75.38,,,2778737,240791192.47,25303,F1,1,,,,,
2026-09-30,2026-09-30,CM,NSE,STK,4684,INE073K01018,SONACOMS,EQ,,,,,SONA BLW PRECISION FRGS L,821.95,837.0,816.4,830.0,830.0,815.65,,830.0,,,2734579,2264549977.95,70671,F1,1,,,,,
2026-09-30,2026-09-30,CM,NSE,STK,676,INE302A01020,EXIDEIND,EQ,,,,,EXIDE INDUSTRIES LTD,407.75,417.5,407.75,412.6,410.25,407.0,,412.6,,,2723921,1124587056.2,56845,F1,1,,,,,
2026-09-30,2026-09-30,CM,NSE,STK,764748,INE879K01018,KMCSHIL,EQ,,,,,K M C SPECIALITY HOSP I L,163.98,175.4,156.26,171.14,170.5,161.98,,171.17,,,2691889,458086060.91,38068,F1,1,,,,,
2026-09-30,2026-09-30,CM,NSE,STK,8736,INE859A01011,PNBGILTS,EQ,,,,,PNB GILTS LIMITED,72.0,78.9,72.0,73.99,73.55,71.89,,73.99,,,2682738,203041566.78,18722,F1,1,,,,,
2026-09-30,2026-09-30,CM,NSE,STK,764357,INE459N01021,MANIPALHOS,EQ,,,,,MANIPAL HEALTH ENTERPRI L,749.8,752.3,703.15,708.3,709.0,747.75,,708.34,,,2679610,1917041996.6,91826,F1,1,,,,,
2026-09-30,2026-09-30,CM,NSE,STK,764121,INE302D01024,RIR,EQ,,,,,RIR POWER ELECTRONICS L,190.0,197.9,183.11,184.1,184.12,188.08,,184.09,,,2667403,511123132.95,24862,F1,1,,,,,
2026-09-30,2026-09-30,CM,NSE,STK,2319,INE868B01028,NCC,EQ,,,,,NCC LIMITED,128.5,130.42,128.0,128.88,128.35,128.27,,128.88,,,2665171,344185709.23,32777,F1,1,,,,,
2026-09-30,2026-09-30,CM,NSE,STK,24814,INE02RE01045,FIRSTCRY,EQ,,,,,BRAINBEES SOLUTIONS LTD,184.37,187.0,178.35,179.94,179.5,184.37,,179.97,,,2624709,480278770.27,22467,F1,1,,,,,
2026-09-30,2026-09-30,CM,NSE,STK,756090,INE0OC301013,TURTLEMINT,EQ,,,,,TURTLEMINT FINTECH SOLS L,79.0,82.0,75.6,76.44,75.8,79.52,,76.44,,,2617903,206086148.23,17922,F1,1,,,,,
2026-09-30,2026-09-30,CM,NSE,STK,25178,INE419M01035,TDPOWERSYS,EQ,,,,,TD POWER SYSTEMS LTD.,783.0,801.0,770.15,786.05,781.0,777.35,,785.99,,,2612869,2061637422.5,110713,F1,1,,,,,
2026-09-30,2026-09-30,CM,NSE,STK,3021,INE035D01020,SOTL,EQ,,,,,SAVITA OIL TECHNOLO. LTD,860.4,860.4,711.4,718.8,715.0,717.0,,718.81,,,2590903,1979298183.05,85063,F1,1,,,,,
2026-09-30,2026-09-30,CM,NSE,STK,20778,INE039C01032,JAMNAAUTO,EQ,,,,,JAMNA AUTO IND LTD,136.35,141.75,135.7,136.35,136.44,136.27,,136.34,,,2575110,355277878.47,38465,F1,1,,,,,
2026-09-30,2026-09-30,CM,NSE,STK,18883,INE002L01015,SJVN,EQ,,,,,SJVN LTD,59.98,60.3,59.01,59.32,59.2,59.83,,59.32,,,2571072,153531829.06,28045,F1,1,,,,,
2026-09-30,2026-09-30,CM,NSE,STK,1250,INE172A01027,CASTROLIND,EQ,,,,,CASTROL INDIA LIMITED,199.83,202.75,199.83,200.52,200.4,199.83,,200.51,,,2564891,515512682.44,32544,F1,1,,,,,
2026-09-30,2026-09-30,CM,NSE,STK,11919,INE752G01015,MSPL,EQ,,,,,MSP STEEL & POWER LTD.,33.83,34.95,32.83,33.0,33.35,33.55,,33.0,,,2560393,85403302.09,5110,F1,1,,,,,
2026-09-30,2026-09-30,CM,NSE,STK,11999,INE512B01022,FCSSOFT,EQ,,,,,FCS SOFTWARE SOLN. LTD.,1.39,1.45,1.38,1.4,1.41,1.39,,1.4,,,2540760,3588595.15,1189,F1,1,,,,,
2026-09-30,2026-09-30,CM,NSE,STK,1406,INE094A01015,HINDPETRO,EQ,,,,,HINDUSTAN PETROLEUM CORP,351.2,357.4,350.35,350.35,350.35,349.2,,350.37,,,2520543,892988877.7,37720,F1,1,,,,,
2026-09-30,2026-09-30,CM,NSE,STK,9348,INE565A01014,IOB,EQ,,,,,INDIAN OVERSEAS BANK,31.0,31.54,30.8,30.96,30.9,30.95,,30.96,,,2518317,78579143.58,14483,F1,1,,,,,
2026-09-30,2026-09-30,CM,NSE,STK,756843,INE14LE01019,ABLBL,EQ,,,,,ADITYA BIRLA LIFES BRAN L,77.39,77.8,76.11,76.52,76.35,76.98,,76.52,,,2517738,193181011.55,22249,F1,1,,,,,
2026-09-30,2026-09-30,CM,NSE,STK,766077,INE08T701025,RENTOMOJO,EQ,,,,,RENTOMOJO LIMITED,505.1,532.4,505.1,510.35,509.0,502.15,,510.34,,,2511330,1305562589.35,61648,F1,1,,,,,
2026-09-30,2026-09-30,CM,NSE,STK,4067,INE196A01026,MARICO,EQ,,,,,MARICO LIMITED,789.85,799.25,786.0,786.0,786.0,787.15,,786.0,,,2455494,1944652945.5,43893,F1,1,,,,,
2026-09-30,2026-09-30,CM,NSE,STK,324,INE732I01021,ANGELONE,EQ,,,,,ANGEL ONE LIMITED,274.25,278.2,273.25,274.0,274.0,273.5,,274.0,,,2439788,673236701.5,24996,F1,1,,,,,
2026-09-30,2026-09-30,CM,NSE,STK,5258,INE095A01012,INDUSINDBK,EQ,,,,,INDUSIND BANK LIMITED,885.0,902.1,885.0,901.4,901.4,878.0,,901.39,,,2428835,2174391194.9,53275,F1,1,,,,,
2026-09-30,2026-09-30,CM,NSE,STK,6705,INE982J01020,PAYTM,EQ,,,,,ONE 97 COMMUNICATIONS LTD,1701.0,1708.0,1667.1,1678.0,1678.0,1683.0,,1677.98,,,2424277,4081456886.3,120197,F1,1,,,,,
2026-09-30,2026-09-30,CM,NSE,STK,11351,INE347G01014,PETRONET,EQ,,,,,PETRONET LNG LIMITED,285.1,288.9,284.0,284.5,284.5,282.95,,284.5,,,2419296,692213965.85,46496,F1,1,,,,,
2026-09-30,2026-09-30,CM,NSE,STK,763294,INE12F801023,KISSHT,EQ,,,,,ONEMI TECHNOLOGY SOL LTD,356.0,372.0,352.2,369.55,366.55,358.65,,369.51,,,2404648,874521138.9,44693,F1,1,,,,,
2026-09-30,2026-09-30,CM,NSE,STK,760,INE067A01029,CGPOWER,EQ,,,,,CG POWER AND IND SOL LTD,866.45,876.8,854.2,854.2,854.2,858.05,,854.21,,,2404620,2078634450.9,56946,F1,1,,,,,
2026-09-30,2026-09-30,CM,NSE,STK,3351,INE044A01036,SUNPHARMA,EQ,,,,,SUN PHARMACEUTICAL IND L,1861.3,1863.6,1814.2,1816.6,1816.6,1865.0,,1816.61,,,2401495,4401163518.8,111724,F1,1,,,,,
2026-09-30,2026-09-30,CM,NSE,STK,11483,INE018A01030,LT,EQ,,,,,LARSEN & TOUBRO LTD.,3756.2,3786.5,3730.0,3760.0,3760.0,3749.1,,3759.98,,,2396040,9009426664.8,138729,F1,1,,,,,
2026-09-30,2026-09-30,CM,NSE,STK,592,INE371A01025,GRAPHITE,EQ,,,,,GRAPHITE INDIA LTD,780.0,801.0,757.25,764.8,768.8,801.55,,764.75,,,2394392,1856389586.0,74949,F1,1,,,,,
2026-09-30,2026-09-30,CM,NSE,STK,4847,INE967H01025,KIMS,EQ,,,,,KRISHNA INST OF MED SCI L,769.95,777.95,722.6,746.4,745.0,769.9,,746.43,,,2363878,1750668628.1,74637,F1,1,,,,,
2026-09-30,2026-09-30,CM,NSE,STK,1508,INE914M01019,ASTERDM,EQ,,,,,ASTER DM QUALITY CARE LTD,735.05,739.55,691.75,697.15,696.0,733.95,,696.43,,,2346216,1648242015.7,124155,F1,1,,,,,
2026-09-30,2026-09-30,CM,NSE,STK,2031,INE101A01026,M&M,EQ,,,,,MAHINDRA & MAHINDRA LTD,2925.0,2986.0,2925.0,2950.0,2950.0,2947.8,,2950.0,,,2332540,6894055492.1,99894,F1,1,,,,,
2026-09-30,2026-09-30,CM,NSE,STK,29482,INE613C01026,MCLOUD,EQ,,,,,MAGELLANIC CLOUD LIMITED,25.43,25.79,24.9,25.06,25.15,25.12,,25.06,,,2323995,58939996.78,7496,F1,1,,,,,
2026-09-30,2026-09-30,CM,NSE,STK,5748,INE136B01020,CYIENT,EQ,,,,,CYIENT LIMITED,1055.3,1138.0,1050.1,1100.7,1097.9,1055.3,,1100.74,,,2323228,2595074762.1,119232,F1,1,,,,,
2026-09-30,2026-09-30,CM,NSE,STK,8632,INF174KA1IY5,LOWVOL1,EQ,,,,,KOTAKMAMC - KOTAKLOVOL,19.97,19.98,19.66,19.67,19.66,19.88,,19.67,,,2308658,45863058.63,12966,F1,1,,,,,
2026-09-30,2026-09-30,CM,NSE,STK,765480,INE0PX301025,SKYWAYS,EQ,,,,,SKYWAYS AIR SERVICES LTD,116.0,117.79,112.31,113.26,113.32,115.31,,113.26,,,2306221,263874074.11,24779,F1,1,,,,,
2026-09-30,2026-09-30,CM,NSE,STK,13637,INE780C01023,JMFINANCIL,EQ,,,,,JM FINANCIAL LIMITED,125.25,129.65,125.25,129.02,129.06,125.78,,129.02,,,2299895,294673574.69,19153,F1,1,,,,,
2026-09-30,2026-09-30,CM,NSE,STK,14111,INE870H01013,NETWORK18,EQ,,,,,NETWORK18 MEDIA & INV LTD,26.01,26.52,25.75,25.87,25.75,25.88,,25.87,,,2299453,60187653.59,6405,F1,1,,,,,
2026-09-30,2026-09-30,CM,NSE,STK,15649,INE0ALR01029,ATALREAL,EQ,,,,,ATAL REALTECH LIMITED,11.88,12.63,11.7,12.58,12.62,12.03,,12.57,,,2281142,27619676.56,2902,F1,1,,,,,
2026-09-30,2026-09-30,CM,NSE,STK,20825,INE031A01017,HUDCO,EQ,,,,,HSG & URBAN DEV CORPN LTD,166.47,169.25,164.28,166.58,166.0,165.57,,166.59,,,2274257,379759741.59,36450,F1,1,,,,,
2026-09-30,2026-09-30,CM,NSE,STK,11571,INE0DK501011,PPLPHARMA,EQ,,,,,PIRAMAL PHARMA LIMITED,209.0,210.4,205.21,206.52,206.0,209.07,,206.51,,,2240520,463916268.74,35726,F1,1,,,,,
2026-09-30,2026-09-30,CM,NSE,STK,24532,INE816B01035,FILATEX,EQ,,,,,FILATEX INDIA LTD,111.85,112.94,107.1,107.76,107.29,112.0,,107.76,,,2227616,243464253.38,28356,F1,1,,,,,
2026-09-30,2026-09-30,CM,NSE,STK,761814,INE887D01024,TCC,EQ,,,,,TCC CONCEPT LIMITED,50.1,54.55,48.15,49.93,49.31,50.09,,49.99,,,2215816,114810909.51,14402,F1,1,,,,,
2026-09-30,2026-09-30,CM,NSE,STK,11905,INE955D01029,GENUSPOWER,EQ,,,,,GENUS POWER INFRASTRU LTD,294.05,298.65,286.1,288.65,290.0,293.65,,288.65,,,2196401,642099205.95,39077,F1,1,,,,,
2026-09-30,2026-09-30,CM,NSE,STK,19020,INE880J01026,JSWINFRA,EQ,,,,,JSW INFRASTRUCTURE LTD,352.0,358.5,348.7,356.6,356.0,350.0,,356.62,,,2191121,776805640.35,48477,F1,1,,,,,
2026-09-30,2026-09-30,CM,NSE,STK,2606,INE970X01018,LEMONTREE,EQ,,,,,LEMON TREE HOTELS LTD,104.2,105.4,103.7,104.25,104.21,104.17,,104.25,,,2167934,226394976.28,18535,F1,1,,,,,
2026-09-30,2026-09-30,CM,NSE,STK,758563,INE236E01022,ELLEN,EQ,,,,,ELLENBARRIE INDUS GASES L,378.0,381.0,354.15,356.9,356.0,369.35,,356.89,,,2144133,786237369.8,38513,F1,1,,,,,
2026-09-30,2026-09-30,CM,NSE,STK,15337,INE855B01025,RAIN,EQ,,,,,RAIN INDUSTRIES LIMITED,213.5,219.99,212.3,213.94,213.4,215.41,,213.94,,,2138947,463935097.55,19376,F1,1,,,,,
2026-09-30,2026-09-30,CM,NSE,STK,766016,INE455U01024,PRASOLCHEM,EQ,,,,,PRASOL CHEMICALS LIMITED,868.25,914.9,812.3,839.1,815.0,840.15,,839.23,,,2133289,1841420829.5,91252,F1,1,,,,,
2026-09-30,2026-09-30,CM,NSE,STK,762675,INE417D01020,FEDDERSHOL,EQ,,,,,FEDDERS HOLDING LTD.,61.0,62.6,61.0,61.51,61.52,60.69,,61.51,,,2131447,131846407.4,9464,F1,1,,,,,
2026-09-30,2026-09-30,CM,NSE,STK,759093,INE1B3L01017,SHRINGARMS,EQ,,,,,SHRINGAR HOU OF MANGALS L,216.85,231.0,216.79,224.6,224.0,215.91,,224.6,,,2130481,480774972.42,16668,F1,1,,,,,
2026-09-30,2026-09-30,CM,NSE,STK,157,INE437A01024,APOLLOHOSP,EQ,,,,,APOLLO HOSPITALS ENTER. L,8582.0,8659.0,8053.0,8165.5,8165.5,8659.0,,8165.19,,,2108531,17304819644.0,203998,F1,1,,,,,
2026-09-30,2026-09-30,CM,NSE,STK,2987,INE418L01047,NAZARA,EQ,,,,,NAZARA TECHNOLOGIES LTD,386.2,401.9,386.2,392.85,393.0,388.4,,392.85,,,2088636,829488162.55,38700,F1,1,,,,,
2026-09-30,2026-09-30,CM,NSE,STK,766000,INE0H4201019,PRANAV,EQ,,,,,PRANAV CONSTRUCTIONS LTD,101.5,103.15,97.25,100.1,99.8,100.18,,100.09,,,2087332,210905654.48,15195,F1,1,,,,,
2026-09-30,2026-09-30,CM,NSE,STK,766021,INE877D01025,KANOHAR,EQ,,,,,KANOHAR ELECTRICALS LTD,869.0,884.0,841.1,856.75,848.4,862.75,,856.73,,,2079818,1803143249.15,65775,F1,1,,,,,
2026-09-30,2026-09-30,CM,NSE,STK,31181,INE745G01043,MCX,EQ,,,,,MULTI COMMODITY EXCHANGE,3280.1,3345.0,3255.0,3300.4,3300.4,3232.0,,3300.4,,,2066935,6849895556.6,110489,F1,1,,,,,
2026-09-30,2026-09-30,CM,NSE,STK,9685,INE064C01022,TRIDENT,EQ,,,,,TRIDENT LIMITED,22.49,22.79,22.35,22.44,22.49,22.49,,22.44,,,2060666,46561279.51,13119,F1,1,,,,,
2026-09-30,2026-09-30,CM,NSE,STK,9931,INE161L01027,VIKASLIFE,EQ,,,,,VIKAS LIFECARE LIMITED,1.22,1.23,1.21,1.21,1.22,1.21,,1.21,,,2060239,2510199.53,8138,F1,1,,,,,
2026-09-30,2026-09-30,CM,NSE,STK,14334,INE019C01026,HSCL,EQ,,,,,HIMADRI SPECIALITY CHEM L,667.1,687.3,667.1,677.8,675.6,667.6,,677.79,,,2047533,1394539881.3,38747,F1,1,,,,,
2026-09-30,2026-09-30,CM,NSE,STK,14450,INE069I01010,EMBDL,EQ,,,,,EMBASSY DEVELOPMENTS LTD,56.9,59.49,55.51,58.51,57.65,56.33,,58.52,,,2043111,117230595.36,27373,F1,1,,,,,
2026-09-30,2026-09-30,CM,NSE,STK,1235,INE224A01026,GREAVESCOT,EQ,,,,,GREAVES COTTON LTD.,235.75,240.4,227.3,230.28,227.5,234.99,,230.29,,,2034376,478578090.82,30656,F1,1,,,,,
2026-09-30,2026-09-30,CM,NSE,STK,25744,INF769K01LY7,METAL,EQ,,,,,MIRAEAMC - METAL,13.28,13.28,12.88,12.91,12.9,13.02,,12.91,,,2030313,26385915.96,3554,F1,1,,,,,
2026-09-30,2026-09-30,CM,NSE,STK,2866,INE027A01015,RCF,EQ,,,,,RASHTRIYA CHEMICALS & FER,108.2,111.9,108.2,109.97,110.24,108.11,,109.97,,,2028734,223654689.86,25761,F1,1,,,,,
2026-09-30,2026-09-30,CM,NSE,STK,760874,INF666M01OD9,GROWWHOSPI,EQ,,,,,GROWWAMC - GROWWHOSPI,51.0,51.07,47.41,48.11,48.7,50.48,,48.1,,,2028190,97703700.55,6695,F1,1,,,,,
2026-09-30,2026-09-30,CM,NSE,STK,765485,INE899I01028,SYMBIOTEC,EQ,,,,,SYMBIOTEC PHARMALAB LTD,1158.0,1196.8,1138.2,1176.75,1179.55,1144.2,,1176.71,,,2016189,2369784601.45,100904,F1,1,,,,,
2026-09-30,2026-09-30,CM,NSE,STK,9219,INE413G01022,TPLPLASTEH,EQ,,,,,TPL PLASTECH LIMITED,68.67,78.0,68.0,71.14,71.3,65.26,,71.14,,,2013255,147046218.17,15645,F1,1,,,,,
2026-09-30,2026-09-30,CM,NSE,STK,15058,INE0LCL01028,AVALON,EQ,,,,,AVALON TECHNOLOGIES LTD,2205.0,2319.5,2180.0,2296.7,2311.0,2302.0,,2296.61,,,2010767,4502229122.4,81519,F1,1,,,,,
2026-09-30,2026-09-30,CM,NSE,STK,765195,INE457P01020,TOYAMSL,EQ,,,,,TOYAM SPORTS LTD.,0.72,0.75,0.71,0.72,0.75,0.74,,0.72,,,2003449,1443898.96,543,F1,1,,,,,
2026-09-30,2026-09-30,CM,NSE,STK,2463,INE099Z01011,MIDHANI,EQ,,,,,MISHRA DHATU NIGAM LTD,421.8,442.35,419.75,437.65,434.0,419.1,,437.67,,,1995574,867885189.45,47092,F1,1,,,,,
2026-09-30,2026-09-30,CM,NSE,STK,765356,INE685T01010,HORIZONIND,EQ,,,,,HORIZON INDUSTRIAL PRKS L,50.6,51.0,50.07,50.28,50.15,51.02,,50.28,,,1962971,98985723.21,18675,F1,1,,,,,
2026-09-30,2026-09-30,CM,NSE,STK,17094,INE299U01018,CROMPTON,EQ,,,,,CROMPT GREA CON ELEC LTD,212.0,214.56,208.67,208.67,208.67,211.37,,208.69,,,1957515,414613525.82,25209,F1,1,,,,,
2026-09-30,2026-09-30,CM,NSE,STK,772,INE016A01026,DABUR,EQ,,,,,DABUR INDIA LTD,379.95,384.65,379.15,380.1,380.1,380.4,,380.1,,,1957070,747545830.7,38343,F1,1,,,,,
2026-09-30,2026-09-30,CM,NSE,STK,21770,INE765G01017,ICICIGI,EQ,,,,,ICICI LOMBARD GIC LIMITED,1516.1,1590.0,1511.6,1590.0,1590.0,1515.0,,1590.0,,,1952166,3049324734.2,68888,F1,1,,,,,
2026-09-30,2026-09-30,CM,NSE,STK,758460,INE718I01012,JSWCEMENT,EQ,,,,,JSW CEMENT LIMITED,113.6,114.03,112.3,113.38,113.3,112.58,,113.38,,,1945111,220418072.84,33010,F1,1,,,,,
2026-09-30,2026-09-30,CM,NSE,STK,766072,INE148G01016,ARCIL,EQ,,,,,ASSET RECONSTRUC CO (I) L,143.51,149.27,143.32,144.59,144.99,142.51,,144.59,,,1943689,285060472.6,28804,F1,1,,,,,
2026-09-30,2026-09-30,CM,NSE,STK,13517,INE548C01032,EMAMILTD,EQ,,,,,EMAMI LIMITED,382.5,384.5,375.6,379.05,379.0,381.05,,379.05,,,1943040,736303657.65,36652,F1,1,,,,,
2026-09-30,2026-09-30,CM,NSE,STK,8585,INE589A01014,NLCINDIA,EQ,,,,,NLC INDIA LIMITED,258.55,263.5,255.4,261.7,261.8,255.75,,261.69,,,1940444,505518572.0,52228,F1,1,,,,,
2026-09-30,2026-09-30,CM,NSE,STK,9741,INE088F01024,PARADEEP,EQ,,,,,PARADEEP PHOSPHATES LTD,153.5,158.4,153.5,154.28,154.39,154.08,,154.28,,,1932116,302146198.23,28579,F1,1,,,,,
2026-09-30,2026-09-30,CM,NSE,STK,765282,INE0FOO01011,SHIPROCKET,EQ,,,,,SHIPROCKET LIMITED,120.0,123.97,119.51,120.16,119.85,119.99,,120.16,,,1916192,231901211.99,20264,F1,1,,,,,
2026-09-30,2026-09-30,CM,NSE,STK,19731,INE517F01014,GPPL,EQ,,,,,GUJARAT PIPAVAV PORT LTD,160.54,167.34,159.6,166.75,166.75,160.54,,166.75,,,1900735,314588100.22,21484,F1,1,,,,,
2026-09-30,2026-09-30,CM,NSE,STK,25114,INE01FR01028,STYLEBAAZA,EQ,,,,,BAAZAR STYLE RETAIL LTD,409.0,409.0,384.75,384.75,384.75,405.0,,384.75,,,1886372,732116781.1,10513,F1,1,,,,,
2026-09-30,2026-09-30,CM,NSE,STK,685,INE121A01024,CHOLAFIN,EQ,,,,,CHOLAMANDALAM IN & FIN CO,1637.2,1642.1,1600.1,1620.0,1620.0,1627.3,,1619.99,,,1860436,3003773356.6,58631,F1,1,,,,,
2026-09-30,2026-09-30,CM,NSE,STK,1494,INE07T201019,RBA,EQ,,,,,RESTAURANT BRAND ASIA LTD,92.25,92.45,90.0,91.58,91.31,91.98,,91.58,,,1853911,169251554.77,23023,F1,1,,,,,
2026-09-30,2026-09-30,CM,NSE,STK,6663,INE0D0K01022,SIGACHI,EQ,,,,,SIGACHI INDUSTRIES LTD,28.83,29.46,28.74,28.8,28.78,28.76,,28.8,,,1852936,53758606.02,6268,F1,1,,,,,
2026-09-30,2026-09-30,CM,NSE,STK,11373,INE376G01013,BIOCON,EQ,,,,,BIOCON LIMITED.,378.0,381.2,370.3,370.3,370.3,377.0,,370.3,,,1849491,693706843.4,35761,F1,1,,,,,
2026-09-30,2026-09-30,CM,NSE,STK,766044,INE1FPN01026,LCCPROJECT,EQ,,,,,LCC PROJECTS LIMITED,151.0,156.5,150.71,154.36,154.35,150.82,,154.36,,,1848088,284760079.66,17957,F1,1,,,,,
2026-09-30,2026-09-30,CM,NSE,STK,5435,INE852O01025,APTUS,EQ,,,,,APTUS VALUE HSG FIN I LTD,235.0,236.87,230.0,232.53,231.0,233.34,,232.53,,,1838844,429723949.9,43677,F1,1,,,,,
2026-09-30,2026-09-30,CM,NSE,STK,10238,INE552D01024,CONFIPET,EQ,,,,,CONFIDENCE PETRO IND LTD.,87.0,89.55,86.52,88.13,87.64,87.19,,88.13,,,1829935,161670547.34,25984,F1,1,,,,,
2026-09-30,2026-09-30,CM,NSE,STK,20936,INE146L01010,KIRLOSENG,EQ,,,,,KIRLOSKAR OIL ENG LTD,2358.0,2360.0,2241.3,2304.2,2319.0,2402.0,,2304.19,,,1822978,4184966564.8,127618,F1,1,,,,,
2026-09-30,2026-09-30,CM,NSE,STK,21808,INE123W01016,SBILIFE,EQ,,,,,SBI LIFE INSURANCE CO LTD,1724.0,1729.5,1681.0,1696.4,1696.4,1735.0,,1696.39,,,1813203,3082765855.8,79423,F1,1,,,,,
2026-09-30,2026-09-30,CM,NSE,STK,342,INE596I01020,CAMS,EQ,,,,,COMPUTER AGE MNGT SER LTD,666.6,679.95,666.0,671.0,671.0,666.0,,671.03,,,1798467,1210473701.8,36586,F1,1,,,,,
2026-09-30,2026-09-30,CM,NSE,STK,913,INE063P01018,EQUITASBNK,EQ,,,,,EQUITAS SMALL FIN BNK LTD,67.1,69.2,67.06,68.93,68.54,67.07,,68.93,,,1798270,122917122.35,15369,F1,1,,,,,
2026-09-30,2026-09-30,CM,NSE,STK,17869,INE121E01018,JSWENERGY,EQ,,,,,JSW ENERGY LIMITED,498.0,500.45,489.5,494.7,494.7,501.15,,494.63,,,1797485,886820660.95,42871,F1,1,,,,,
2026-09-30,2026-09-30,CM,NSE,STK,4953,INE737B01033,ADROITINFO,EQ,,,,,ADROIT INFOTECH LIMITED,14.69,15.84,14.26,14.67,14.69,14.23,,14.67,,,1779133,26958233.25,5839,F1,1,,,,,
2026-09-30,2026-09-30,CM,NSE,STK,3220,INE670K01029,LODHA,EQ,,,,,LODHA DEVELOPERS LIMITED,1103.0,1135.0,1091.8,1135.0,1135.0,1106.6,,1135.0,,,1779057,1978665369.7,38214,F1,1,,,,,
2026-09-30,2026-09-30,CM,NSE,STK,756827,INF666M01OF4,GROWWSLVR,EQ,,,,,GROWWAMC - GROWWSLVR,21.64,21.67,21.47,21.49,21.51,21.44,,21.49,,,1765536,38085436.53,3684,F1,1,,,,,
2026-09-30,2026-09-30,CM,NSE,STK,24610,INE005B01027,AVANTEL,EQ,,,,,AVANTEL LIMITED,149.02,156.5,149.0,154.06,154.5,149.22,,154.06,,,1744909,269081723.32,19583,F1,1,,,,,
2026-09-30,2026-09-30,CM,NSE,STK,7287,INE391J01032,JTLIND,EQ,,,,,JTL INDUSTRIES LIMITED,88.99,91.11,87.8,88.28,88.4,88.88,,88.28,,,1732287,155244202.9,11425,F1,1,,,,,
2026-09-30,2026-09-30,CM,NSE,STK,6994,INE836A01035,BSOFT,EQ,,,,,BIRLASOFT LIMITED,270.0,280.3,269.9,271.7,271.5,269.05,,271.7,,,1727416,477372317.0,39782,F1,1,,,,,
2026-09-30,2026-09-30,CM,NSE,STK,758165,INF666M01LM6,GROWWPOWER,EQ,,,,,GROWWAMC - GROWWPOWER,10.91,11.01,10.72,10.84,10.86,10.9,,10.84,,,1718738,18701836.64,2186,F1,1,,,,,
2026-09-30,2026-09-30,CM,NSE,STK,11821,INE191B01025,WELCORP,EQ,,,,,WELSPUN CORP LIMITED,2802.0,2835.8,2700.9,2717.0,2720.7,2842.0,,2716.96,,,1718055,4714433601.2,116570,F1,1,,,,,
2026-09-30,2026-09-30,CM,NSE,STK,759265,INE976I01016,TATACAP,EQ,,,,,TATA CAPITAL LIMITED,331.35,331.35,324.8,327.95,327.5,331.35,,327.96,,,1709693,559241942.9,52892,F1,1,,,,,
2026-09-30,2026-09-30,CM,NSE,STK,2049,INE178A01016,CHENNPETRO,EQ,,,,,CHENNAI PETROLEUM CORP LT,1447.9,1502.3,1428.0,1436.3,1432.0,1436.9,,1436.29,,,1709133,2504128288.4,76429,F1,1,,,,,
2026-09-30,2026-09-30,CM,NSE,STK,3432,INE192A01025,TATACONSUM,EQ,,,,,TATA CONSUMER PRODUCT LTD,966.0,968.1,949.5,949.5,949.5,967.7,,949.51,,,1708408,1641796243.9,67909,F1,1,,,,,
2026-09-30,2026-09-30,CM,NSE,STK,1338,INE480C01038,SDBL,EQ,,,,,SOM DIST & BREW LTD,78.96,80.69,77.5,78.17,78.0,79.05,,78.17,,,1674455,131729923.88,10130,F1,1,,,,,
2026-09-30,2026-09-30,CM,NSE,STK,25,INE423A01024,ADANIENT,EQ,,,,,ADANI ENTERPRISES LIMITED,2910.0,2957.6,2880.0,2903.4,2903.4,2972.9,,2903.4,,,1663023,4838753003.9,69848,F1,1,,,,,
2026-09-30,2026-09-30,CM,NSE,STK,22670,INE0J1F01024,RPTECH,EQ,,,,,RASHI PERIPHERALS LIMITED,930.15,1004.7,930.15,953.5,950.1,925.35,,953.4,,,1657051,1618493110.55,88201,F1,1,,,,,
2026-09-30,2026-09-30,CM,NSE,STK,18154,INE982F01036,HATHWAY,EQ,,,,,HATHWAY CABLE & DATACOM,9.5,9.64,9.41,9.45,9.52,9.49,,9.45,,,1655209,15749659.02,2837,F1,1,,,,,
2026-09-30,2026-09-30,CM,NSE,STK,10397,INE175A01038,JISLJALEQS,EQ,,,,,JAIN IRRIGATION SYSTEMS,28.93,29.3,27.75,27.93,27.75,28.97,,27.93,,,1648888,46887539.11,4750,F1,1,,,,,
2026-09-30,2026-09-30,CM,NSE,STK,22832,INF769K01LC3,SMALLCAP,EQ,,,,,MIRAEAMC - SMALLCAP,47.72,48.23,47.71,47.86,47.77,47.72,,47.8,,,1648275,79079091.83,3338,F1,1,,,,,
2026-09-30,2026-09-30,CM,NSE,STK,10099,INE102D01028,GODREJCP,EQ,,,,,GODREJ CONSUMER PRODUCTS,855.0,857.95,848.0,850.0,850.0,855.0,,850.0,,,1632650,1392317295.0,40502,F1,1,,,,,
2026-09-30,2026-09-30,CM,NSE,STK,9683,INE04I401011,KPITTECH,EQ,,,,,KPIT TECHNOLOGIES LIMITED,510.95,518.0,499.1,499.1,499.1,519.7,,499.13,,,1625467,826014915.8,38309,F1,1,,,,,
2026-09-30,2026-09-30,CM,NSE,STK,14203,INE703H01016,HUBTOWN,EQ,,,,,HUBTOWN LIMITED,167.45,186.0,167.21,182.28,184.99,166.41,,182.28,,,1619724,291456655.14,21909,F1,1,,,,,
2026-09-30,2026-09-30,CM,NSE,STK,7929,INE010B01027,ZYDUSLIFE,EQ,,,,,ZYDUS LIFESCIENCES LTD,1204.8,1210.5,1149.1,1162.0,1162.0,1200.5,,1162.0,,,1614233,1881255158.5,68813,F1,1,,,,,
2026-09-30,2026-09-30,CM,NSE,STK,7412,INF174KA1IA5,ALPHA,EQ,,,,,KOTAKMAMC - KOTAKALPHA,52.29,52.92,51.7,51.9,51.84,52.26,,51.9,,,1603268,83874210.19,3933,F1,1,,,,,
2026-09-30,2026-09-30,CM,NSE,STK,18226,INE949H01023,MANINFRA,EQ,,,,,MAN INFRA LTD,128.0,129.4,125.28,126.86,125.5,127.9,,126.85,,,1599762,204414787.53,9784,F1,1,,,,,
2026-09-30,2026-09-30,CM,NSE,STK,760224,INE14UN01029,VIDYAWIRES,EQ,,,,,VIDYA WIRES LIMITED,94.23,96.9,93.42,94.41,93.75,93.54,,94.4,,,1597875,152287890.72,13582,F1,1,,,,,
2026-09-30,2026-09-30,CM,NSE,STK,5633,INE168A01041,J&KBANK,EQ,,,,,J & K BANK LTD.,139.0,142.26,138.0,138.65,138.81,138.52,,138.65,,,1592541,223338077.51,29540,F1,1,,,,,
2026-09-30,2026-09-30,CM,NSE,STK,19813,INE0J5401028,HONASA,EQ,,,,,HONASA CONSUMER LIMITED,441.65,447.05,426.05,431.35,430.1,441.65,,431.35,,,1589113,689837048.4,43359,F1,1,,,,,
2026-09-30,2026-09-30,CM,NSE,STK,13751,INE663F01032,NAUKRI,EQ,,,,,INFO EDGE (I) LTD,1235.0,1246.0,1204.5,1219.5,1219.5,1245.0,,1219.35,,,1589054,1945140982.7,44204,F1,1,,,,,
2026-09-30,2026-09-30,CM,NSE,STK,2088,INE271B01025,MAHSEAMLES,EQ,,,,,MAHARASHTRA SEAMLESS LTD,725.0,768.0,721.95,737.65,737.0,721.85,,737.67,,,1572414,1180994215.15,72964,F1,1,,,,,
2026-09-30,2026-09-30,CM,NSE,STK,29251,INE379A01028,ITCHOTELS,EQ,,,,,ITC HOTELS LIMITED,161.7,164.9,160.25,164.13,164.29,160.53,,164.12,,,1550628,252197661.75,34936,F1,1,,,,,
2026-09-30,2026-09-30,CM,NSE,STK,2859,INE301A01014,RAYMOND,EQ,,,,,RAYMOND LTD,1185.75,1241.0,1185.4,1213.05,1202.0,1185.75,,1213.15,,,1545036,1885571716.95,57311,F1,1,,,,,
2026-09-30,2026-09-30,CM,NSE,STK,764173,INE640G01020,SBIFUNDS,EQ,,,,,SBI FUNDS MANAGEMENT LTD,517.8,524.45,514.0,516.05,514.3,517.8,,516.06,,,1541375,799313954.15,48520,F1,1,,,,,
2026-09-30,2026-09-30,CM,NSE,STK,628,INE486A01021,CESC,EQ,,,,,CESC LTD,133.95,136.39,133.61,133.85,134.02,133.87,,133.85,,,1540893,208055938.84,30798,F1,1,,,,,
2026-09-30,2026-09-30,CM,NSE,STK,6733,INE749A01030,JINDALSTEL,EQ,,,,,JINDAL STEEL LIMITED,1130.0,1144.3,1124.6,1134.9,1134.9,1130.0,,1134.85,,,1535849,1740816420.9,34723,F1,1,,,,,
2026-09-30,2026-09-30,CM,NSE,STK,11699,INE244B01030,PATELENG,EQ,,,,,PATEL ENGINEERING LTD.,26.41,27.45,26.35,26.45,26.41,26.45,,26.45,,,1520750,40696210.72,6828,F1,1,,,,,
2026-09-30,2026-09-30,CM,NSE,STK,7105,INE011K01018,TEGA,EQ,,,,,TEGA INDUSTRIES LIMITED,2080.2,2198.0,2062.6,2106.7,2100.0,2060.6,,2106.75,,,1493714,3197329990.1,89628,F1,1,,,,,
2026-09-30,2026-09-30,CM,NSE,STK,17945,INE03QK01018,COHANCE,EQ,,,,,COHANCE LIFESCIENCES LTD,456.0,460.95,440.8,444.0,443.5,457.9,,444.0,,,1480412,661237698.8,53461,F1,1,,,,,
2026-09-30,2026-09-30,CM,NSE,STK,758973,INE01R501028,VIKRAN,EQ,,,,,VIKRAN ENGINEERING LTD,60.33,61.73,59.0,59.71,59.29,60.88,,59.71,,,1472938,88801495.98,11487,F1,1,,,,,
2026-09-30,2026-09-30,CM,NSE,STK,23799,INE03JT01014,GODIGIT,EQ,,,,,GO DIGIT GENERAL INS LTD,251.05,261.9,251.05,260.05,260.0,253.2,,260.05,,,1467678,380606676.65,18221,F1,1,,,,,
2026-09-30,2026-09-30,CM,NSE,STK,8077,INF174KA1ZC5,MIDCAP,EQ,,,,,KOTAKMAMC - KOTAKMID50,17.52,17.78,17.39,17.48,17.49,17.52,,17.48,,,1467345,25713954.4,1121,F1,1,,,,,
2026-09-30,2026-09-30,CM,NSE,STK,3563,INE364U01010,ADANIGREEN,EQ,,,,,ADANI GREEN ENERGY LTD,1250.4,1284.8,1250.4,1278.0,1278.0,1260.0,,1277.99,,,1452231,1849463322.9,38289,F1,1,,,,,
2026-09-30,2026-09-30,CM,NSE,STK,765015,INE178T01024,ADVIKCA,EQ,,,,,ADVIK CAPITAL LTD.,0.96,1.07,0.86,1.0,0.99,0.97,,1.0,,,1451821,1431202.0,563,F1,1,,,,,
2026-09-30,2026-09-30,CM,NSE,STK,13295,INE286H01012,VISACHROME,EQ,,,,,VISA CHROME LIMITED,35.98,36.77,35.5,36.77,36.77,35.02,,37.13,,,1439494,51851850.29,234,F1,1,,,,,
2026-09-30,2026-09-30,CM,NSE,STK,11325,INE304A01026,MUKANDLTD,EQ,,,,,MUKAND LTD.,176.0,184.8,174.25,180.13,180.0,172.49,,180.12,,,1438322,259687734.07,18853,F1,1,,,,,
2026-09-30,2026-09-30,CM,NSE,STK,1394,INE030A01027,HINDUNILVR,EQ,,,,,HINDUSTAN UNILEVER LTD.,1871.4,1889.6,1865.2,1879.1,1879.1,1863.8,,1879.11,,,1430335,2682765808.8,60565,F1,1,,,,,
2026-09-30,2026-09-30,CM,NSE,STK,8890,INE0IQ001011,VERANDA,EQ,,,,,VERANDA LEARNING SOL LTD,223.0,224.95,216.9,220.75,221.95,223.31,,220.76,,,1426488,314523441.18,11348,F1,1,,,,,
2026-09-30,2026-09-30,CM,NSE,STK,20110,INE999K01014,GREENPOWER,EQ,,,,,ORIENT GREEN POWER CO LTD,8.85,9.0,8.8,8.83,8.84,8.85,,8.83,,,1424370,12627030.25,3119,F1,1,,,,,
2026-09-30,2026-09-30,CM,NSE,STK,23056,INE0MB501011,JGCHEM,EQ,,,,,J.G.CHEMICALS LIMITED,671.55,688.0,617.5,645.1,638.0,658.65,,644.8,,,1421545,947674646.2,47504,F1,1,,,,,
2026-09-30,2026-09-30,CM,NSE,STK,12686,INE900L01028,MBAPL,EQ,,,,,MADHYA BHARAT AGRO P. LTD,167.0,173.5,167.0,170.63,170.2,166.84,,170.63,,,1417308,242869792.62,14176,F1,1,,,,,
2026-09-30,2026-09-30,CM,NSE,STK,29459,INE935B01025,MOSCHIP,EQ,,,,,MOSCHIP TECHNOLOGIES LTD,199.04,205.49,199.04,201.25,201.21,198.47,,201.25,,,1416715,287239531.51,22439,F1,1,,,,,
2026-09-30,2026-09-30,CM,NSE,STK,20329,INE180C01042,CGCL,EQ,,,,,CAPRI GLOBAL CAPITAL LTD,249.3,252.75,246.5,247.45,246.5,246.9,,247.45,,,1406907,349589897.35,20924,F1,1,,,,,
2026-09-30,2026-09-30,CM,NSE,STK,19234,INE947Q01028,LAURUSLABS,EQ,,,,,LAURUS LABS LIMITED,1993.0,2001.6,1955.1,1980.0,1980.0,1979.0,,1980.01,,,1397926,2769093734.9,45660,F1,1,,,,,
2026-09-30,2026-09-30,CM,NSE,STK,9819,INE176B01034,HAVELLS,EQ,,,,,HAVELLS INDIA LIMITED,1045.0,1054.4,1015.1,1016.0,1016.0,1043.3,,1015.98,,,1394518,1434434865.0,41546,F1,1,,,,,
2026-09-30,2026-09-30,CM,NSE,STK,14788,INE232I01014,SPARC,EQ,,,,,SUN PHARMA ADV.RES.CO.LTD,208.85,210.65,196.0,197.19,196.99,208.85,,197.19,,,1366000,275818519.7,27740,F1,1,,,,,
2026-09-30,2026-09-30,CM,NSE,STK,21238,INE949L01017,AUBANK,EQ,,,,,AU SMALL FINANCE BANK LTD,1001.9,1015.1,995.2,1010.3,1010.3,1005.2,,1010.3,,,1358165,1366730984.4,59306,F1,1,,,,,
2026-09-30,2026-09-30,CM,NSE,STK,13061,INE466L01038,360ONE,EQ,,,,,360 ONE WAM LIMITED,1029.2,1047.0,1029.0,1030.0,1030.0,1029.2,,1030.0,,,1348986,1402757919.7,46749,F1,1,,,,,
2026-09-30,2026-09-30,CM,NSE,STK,17029,INE619A01035,PATANJALI,EQ,,,,,PATANJALI FOODS LIMITED,369.7,372.25,363.0,363.0,363.0,371.4,,363.0,,,1344954,494506780.9,39615,F1,1,,,,,
2026-09-30,2026-09-30,CM,NSE,STK,11667,INE366A01041,DWARKESH,EQ,,,,,DWARIKESH SUGAR IND LTD,43.8,44.55,42.45,42.66,42.56,43.33,,42.65,,,1342472,58425954.13,6743,F1,1,,,,,
2026-09-30,2026-09-30,CM,NSE,STK,1336,INE545A01024,HEGAM,EQ,,,,,HEG ADVANCED MATERIAL LTD,241.0,250.3,232.0,237.65,237.2,238.25,,237.64,,,1339286,323876748.2,20124,F1,1,,,,,
2026-09-30,2026-09-30,CM,NSE,STK,13072,INE489L01022,IIFLCAPS,EQ,,,,,IIFL CAPITAL SERVICES LTD,343.7,349.8,343.7,346.0,346.4,344.95,,346.01,,,1333723,463748689.7,26083,F1,1,,,,,
2026-09-30,2026-09-30,CM,NSE,STK,762628,INE819A01049,COMFINTE,EQ,,,,,COMFORT INTECH LTD.,6.94,7.24,6.02,6.36,6.14,6.73,,6.36,,,1331887,8824513.88,1405,F1,1,,,,,
2026-09-30,2026-09-30,CM,NSE,STK,28859,INE195N01013,PROZONER,EQ,,,,,PROZONE REALTY LIMITED,56.1,57.7,55.85,56.52,56.35,56.2,,56.52,,,1330700,75332818.24,2914,F1,1,,,,,
2026-09-30,2026-09-30,CM,NSE,STK,11723,INE019A01038,JSWSTEEL,EQ,,,,,JSW STEEL LIMITED,1272.4,1275.9,1253.4,1253.4,1253.4,1272.4,,1253.4,,,1329600,1678328568.9,49871,F1,1,,,,,
2026-09-30,2026-09-30,CM,NSE,STK,29527,INF666M01JJ6,GROWWRAIL,EQ,,,,,GROWWAMC - GROWWRAIL,26.22,27.11,26.1,26.55,26.94,26.23,,26.55,,,1325731,35483894.22,3902,F1,1,,,,,
2026-09-30,2026-09-30,CM,NSE,STK,15380,INE634S01028,MANKIND,EQ,,,,,MANKIND PHARMA LIMITED,2545.0,2552.0,2455.0,2503.8,2503.8,2545.0,,2503.8,,,1311278,3285399344.5,51912,F1,1,,,,,
2026-09-30,2026-09-30,CM,NSE,STK,762961,INE405A01021,ULTRAMAR,EQ,,,,,ULTRAMARINE & PIGMENTS L,420.0,428.95,408.1,409.4,408.1,418.5,,409.42,,,1302805,540512483.2,12985,F1,1,,,,,
2026-09-30,2026-09-30,CM,NSE,STK,11829,INE802C01033,SSWL,EQ,,,,,STEEL STRIPS WHEELS LTD.,405.4,413.75,403.2,408.1,406.0,400.65,,408.09,,,1299841,530190445.0,40586,F1,1,,,,,
2026-09-30,2026-09-30,CM,NSE,STK,17957,INE123F01029,MMTC,EQ,,,,,MMTC LIMITED,57.82,58.48,56.7,56.91,56.81,56.76,,56.91,,,1298784,74836470.93,10802,F1,1,,,,,
2026-09-30,2026-09-30,CM,NSE,STK,759728,INE1C6T01020,EMMVEE,EQ,,,,,EMMVEE PHOTOVOLTAIC PWR L,313.95,318.5,313.2,315.9,315.5,314.55,,315.9,,,1295809,409350769.95,33337,F1,1,,,,,
2026-09-30,2026-09-30,CM,NSE,STK,341,INE119A01028,BALRAMCHIN,EQ,,,,,BALRAMPUR CHINI MILLS LTD,678.0,688.4,654.0,662.85,664.7,672.9,,662.85,,,1285691,865439879.2,33873,F1,1,,,,,
2026-09-30,2026-09-30,CM,NSE,STK,20302,INE811K01011,PRESTIGE,EQ,,,,,PRESTIGE ESTATE LTD,1425.0,1493.0,1420.5,1481.9,1481.9,1417.5,,1481.9,,,1284002,1891568561.0,57208,F1,1,,,,,
2026-09-30,2026-09-30,CM,NSE,STK,29146,INE268H01044,NAVKARURB,EQ,,,,,NAVKAR URBANSTRUCTURE LTD,0.88,0.9,0.84,0.86,0.87,0.86,,0.86,,,1280895,1093236.22,322,F1,1,,,,,
2026-09-30,2026-09-30,CM,NSE,STK,759048,INE1AG301022,GKENERGY,EQ,,,,,GK ENERGY LIMITED,119.03,128.89,119.03,119.88,119.8,119.4,,119.88,,,1278697,157298448.4,13258,F1,1,,,,,
2026-09-30,2026-09-30,CM,NSE,STK,17963,INE239A01024,NESTLEIND,EQ,,,,,NESTLE INDIA LIMITED,1341.5,1345.5,1310.0,1310.0,1310.0,1345.7,,1310.0,,,1278279,1685814427.5,50857,F1,1,,,,,
2026-09-30,2026-09-30,CM,NSE,STK,14233,INF179KC1FB2,HDFCSML250,EQ,,,,,HDFCAMC - HDFCSML250,182.88,182.88,178.55,179.55,179.31,181.07,,179.55,,,1266359,228436610.36,11193,F1,1,,,,,
2026-09-30,2026-09-30,CM,NSE,STK,7406,INE935A01035,GLENMARK,EQ,,,,,GLENMARK PHARMACEUTICALS,2391.0,2410.0,2334.7,2334.7,2334.7,2441.5,,2328.61,,,1261905,2999614989.8,60710,F1,1,,,,,
2026-09-30,2026-09-30,CM,NSE,STK,14314,INE592B01024,TTL,EQ,,,,,T T LIMITED,7.7,8.44,7.35,8.07,8.19,7.71,,8.06,,,1258014,9829642.57,991,F1,1,,,,,
2026-09-30,2026-09-30,CM,NSE,STK,757014,INE0AQ201015,THELEELA,EQ,,,,,LEELA PALACES HOTEL LTD,532.0,586.95,532.0,573.8,579.0,533.6,,573.89,,,1251659,716128448.3,49785,F1,1,,,,,
2026-09-30,2026-09-30,CM,NSE,STK,14296,INE807F01027,VIYASH,EQ,,,,,VIYASH SCIENTIFIC LIMITED,238.8,242.5,235.05,235.8,235.3,238.05,,235.8,,,1248944,297142410.75,16892,F1,1,,,,,
2026-09-30,2026-09-30,CM,NSE,STK,9436,INE555B01013,AXISCADES,EQ,,,,,AXISCADES TECH LTD,2070.0,2274.1,2070.0,2231.2,2221.0,2067.4,,2231.08,,,1248290,2759327469.9,96015,F1,1,,,,,
2026-09-30,2026-09-30,CM,NSE,STK,759453,INE078V01014,VIKRAMSOLR,EQ,,,,,VIKRAM SOLAR LIMITED,161.0,162.28,160.0,160.01,160.05,160.05,,160.01,,,1243665,199401244.0,10833,F1,1,,,,,
2026-09-30,2026-09-30,CM,NSE,STK,13966,INE292B01021,HBLENGINE,EQ,,,,,HBL ENGINEERING LTD,812.3,815.5,786.2,794.5,789.0,808.3,,794.49,,,1235100,990325527.8,34501,F1,1,,,,,
2026-09-30,2026-09-30,CM,NSE,STK,13951,INE074B01023,PARACABLES,EQ,,,,,PARAMOUNT COMM LTD,58.58,59.39,56.0,56.36,57.15,57.85,,56.36,,,1234180,70889286.48,6782,F1,1,,,,,
2026-09-30,2026-09-30,CM,NSE,STK,2303,INE066F01020,HAL,EQ,,,,,HINDUSTAN AERONAUTICS LTD,4640.0,4701.0,4614.7,4668.0,4668.0,4549.3,,4667.88,,,1233758,5759356710.6,62129,F1,1,,,,,
2026-09-30,2026-09-30,CM,NSE,STK,11355,INE877F01012,PTC,EQ,,,,,PTC INDIA LIMITED,156.0,156.39,154.7,155.56,155.44,155.75,,155.56,,,1233686,192056406.41,14209,F1,1,,,,,
2026-09-30,2026-09-30,CM,NSE,STK,1328,INE01JE01028,MARINE,EQ,,,,,MARINE ELECTRICAL (I) LTD,440.4,446.05,416.65,429.55,432.0,438.25,,429.55,,,1225757,534318878.85,38874,F1,1,,,,,
2026-09-30,2026-09-30,CM,NSE,STK,3024,INE324A01032,JINDALSAW,EQ,,,,,JINDAL SAW LIMITED,277.3,282.05,274.35,277.7,275.75,277.7,,277.72,,,1224272,340769052.25,27929,F1,1,,,,,
2026-09-30,2026-09-30,CM,NSE,STK,757814,INF666M01LI4,GROWWNET,EQ,,,,,GROWWAMC - GROWWNET,10.4,10.49,10.0,10.01,10.01,10.21,,10.01,,,1218822,12254312.21,1145,F1,1,,,,,
2026-09-30,2026-09-30,CM,NSE,STK,763800,INE2FMX01012,AASTHA,EQ,,,,,AASTHA SPINTEX LIMITED,36.61,36.9,33.96,34.15,34.04,37.53,,34.16,,,1212077,42849458.3,8367,F1,1,,,,,
2026-09-30,2026-09-30,CM,NSE,STK,13430,INE164B01030,KELLTONTEC,EQ,,,,,KELLTON TECH SOL LTD,13.0,13.24,12.82,12.85,12.85,13.05,,12.86,,,1210486,15689374.69,3186,F1,1,,,,,
2026-09-30,2026-09-30,CM,NSE,STK,12913,INE324X01026,SARVESHWAR,EQ,,,,,SARVESHWAR FOODS LIMITED,3.45,3.56,3.45,3.49,3.49,3.44,,3.49,,,1207657,4229355.92,1619,F1,1,,,,,
2026-09-30,2026-09-30,CM,NSE,STK,765140,INE258R01028,PANORAMA,EQ,,,,,PANORAMA STUDIOS INTL. L,59.0,62.15,55.0,58.29,57.28,57.77,,58.29,,,1206378,70600226.14,5706,F1,1,,,,,
2026-09-30,2026-09-30,CM,NSE,STK,11809,INE530B01024,IIFL,EQ,,,,,IIFL FINANCE LIMITED,606.0,608.65,598.0,600.75,599.85,607.5,,600.76,,,1194083,720273580.1,41997,F1,1,,,,,
2026-09-30,2026-09-30,CM,NSE,STK,764198,INF769K01RC0,MOMMIDCAP,EQ,,,,,MIRAEAMC - MOMMIDCAP,12.58,12.59,12.45,12.46,12.45,12.51,,12.46,,,1193102,14922180.5,882,F1,1,,,,,
2026-09-30,2026-09-30,CM,NSE,STK,2144,INE171Z01026,BDL,EQ,,,,,BHARAT DYNAMICS LIMITED,1091.0,1127.6,1091.0,1110.1,1110.1,1085.1,,1109.89,,,1193043,1329029329.0,41801,F1,1,,,,,
2026-09-30,2026-09-30,CM,NSE,STK,24944,INF247L01DJ0,MODEFENCE,EQ,,,,,MOTILALAMC - MODEFENCE,101.29,102.3,101.0,101.86,101.99,101.29,,101.86,,,1179096,120183403.58,5786,F1,1,,,,,
2026-09-30,2026-09-30,CM,NSE,STK,4957,INE691Z01023,GANGAFORGE,EQ,,,,,GANGA FORGING LIMITED,1.54,1.54,1.51,1.54,1.54,1.47,,1.54,,,1174893,1807341.24,352,F1,1,,,,,
2026-09-30,2026-09-30,CM,NSE,STK,761270,INE598D01035,ALGOQUANT,EQ,,,,,ALGOQUANT FINTECH LIMITED,65.15,69.1,65.15,66.03,65.8,65.64,,66.03,,,1174607,78551561.07,6939,F1,1,,,,,
2026-09-30,2026-09-30,CM,NSE,STK,11634,INE658G01014,SALSTEEL,EQ,,,,,S.A.L. STEEL LTD.,99.87,101.53,97.0,99.06,98.0,97.08,,99.06,,,1173619,116841311.67,8178,F1,1,,,,,
2026-09-30,2026-09-30,CM,NSE,STK,9667,INE630Y01024,MEDICO,EQ,,,,,MEDICO REMEDIES LIMITED,22.4,23.64,21.17,21.53,21.56,21.84,,21.54,,,1169517,26054379.44,4793,F1,1,,,,,
2026-09-30,2026-09-30,CM,NSE,STK,21001,INE608A01012,PSB,EQ,,,,,PUNJAB & SIND BANK,21.1,21.47,21.09,21.33,21.26,21.11,,21.33,,,1167887,24927620.45,4375,F1,1,,,,,
2026-09-30,2026-09-30,CM,NSE,STK,10993,INE156A01020,INDORAMA,EQ,,,,,INDO RAMA SYNTHETICS LTD,105.85,107.5,99.0,100.36,99.95,103.44,,100.37,,,1164796,120639239.6,14631,F1,1,,,,,
2026-09-30,2026-09-30,CM,NSE,STK,18908,INE572E01012,PNBHOUSING,EQ,,,,,PNB HOUSING FIN LTD.,1098.0,1132.5,1095.9,1120.0,1120.0,1098.2,,1120.0,,,1164222,1303975082.1,55567,F1,1,,,,,
2026-09-30,2026-09-30,CM,NSE,STK,399,INE470Y01017,NIACL,EQ,,,,,THE NEW INDIA ASSU CO LTD,167.91,169.29,165.7,167.02,166.1,168.29,,167.02,,,1160229,194167089.23,19623,F1,1,,,,,
2026-09-30,2026-09-30,CM,NSE,STK,10217,INE931S01010,ADANIENSOL,EQ,,,,,ADANI ENERGY SOLUTION LTD,1319.0,1340.8,1308.9,1314.6,1314.6,1305.8,,1314.6,,,1154073,1526981276.9,49075,F1,1,,,,,
2026-09-30,2026-09-30,CM,NSE,STK,25049,INE0BS701011,PREMIERENE,EQ,,,,,PREMIER ENERGIES LIMITED,868.3,883.0,865.2,870.1,870.1,870.0,,870.13,,,1144007,1001163610.4,31941,F1,1,,,,,
2026-09-30,2026-09-30,CM,NSE,STK,275,INE406A01037,AUROPHARMA,EQ,,,,,AUROBINDO PHARMA LTD,1696.0,1707.2,1649.3,1672.0,1672.0,1697.7,,1671.98,,,1138610,1909194039.2,53421,F1,1,,,,,
2026-09-30,2026-09-30,CM,NSE,STK,3435,INE676A01027,BBOX,EQ,,,,,BLACK BOX LIMITED,820.0,854.6,800.25,804.8,807.5,812.8,,804.8,,,1137619,941471797.4,55428,F1,1,,,,,
2026-09-30,2026-09-30,CM,NSE,STK,13620,INE242C01024,ANANTRAJ,EQ,,,,,ANANT RAJ LIMITED,605.0,611.0,597.0,598.9,603.0,602.3,,598.9,,,1122020,677159061.1,28222,F1,1,,,,,
2026-09-30,2026-09-30,CM,NSE,STK,12489,INE00M201021,SWSOLAR,EQ,,,,,STRLNG & WIL REN ENE LTD,170.75,177.6,170.1,171.18,170.7,171.08,,171.17,,,1116546,193519945.31,14229,F1,1,,,,,
2026-09-30,2026-09-30,CM,NSE,STK,3405,INE092A01019,TATACHEM,EQ,,,,,TATA CHEMICALS LTD,615.0,628.75,610.2,611.45,611.4,613.85,,611.43,,,1113198,688260951.05,28600,F1,1,,,,,
2026-09-30,2026-09-30,CM,NSE,STK,27061,INE622W01025,ACMESOLAR,EQ,,,,,ACME SOLAR HOLDINGS LTD,441.3,444.6,436.0,439.0,440.0,437.95,,439.04,,,1108840,487723056.1,39095,F1,1,,,,,
2026-09-30,2026-09-30,CM,NSE,STK,17728,INE563J01010,ASTEC,EQ,,,,,ASTEC LIFESCIENCES LTD,699.0,787.8,699.0,722.75,716.0,696.25,,722.73,,,1100746,835314219.7,49298,F1,1,,,,,
2026-09-30,2026-09-30,CM,NSE,STK,12847,INE506W01020,KRISHANA,EQ,,,,,KRISHANA PHOSCHEM LIMITED,186.0,193.0,185.19,188.23,187.0,185.19,,188.23,,,1098163,208934395.69,15201,F1,1,,,,,
2026-09-30,2026-09-30,CM,NSE,STK,19401,INE02PY01013,BOROLTD,EQ,,,,,BOROSIL LIMITED,282.0,300.0,279.41,293.38,294.04,276.21,,293.4,,,1096443,320189712.41,23204,F1,1,,,,,
2026-09-30,2026-09-30,CM,NSE,STK,25756,INE806A01020,VIKASECO,EQ,,,,,VIKAS ECOTECH LIMITED,1.02,1.05,1.02,1.03,1.04,1.02,,1.03,,,1096252,1137328.84,847,F1,1,,,,,
2026-09-30,2026-09-30,CM,NSE,STK,4749,INE111A01025,CONCOR,EQ,,,,,CONTAINER CORP OF IND LTD,449.0,454.6,445.3,447.5,447.5,443.5,,447.51,,,1094966,494214034.7,26165,F1,1,,,,,
2026-09-30,2026-09-30,CM,NSE,STK,40,INE208C01025,AEGISLOG,EQ,,,,,AEGIS LOGISTICS LIMITED,1312.5,1400.0,1312.5,1380.1,1380.0,1299.8,,1380.03,,,1090547,1494622091.2,56469,F1,1,,,,,
2026-09-30,2026-09-30,CM,NSE,STK,5373,INE872J01023,DEVYANI,EQ,,,,,DEVYANI INTERNATIONAL LTD,130.68,132.7,129.0,130.29,130.9,130.72,,130.29,,,1090016,142959648.65,19977,F1,1,,,,,
2026-09-30,2026-09-30,CM,NSE,STK,11677,INE873D01024,INDOCO,EQ,,,,,INDOCO REMEDIES LTD.,270.52,274.87,255.35,261.67,257.02,269.15,,261.75,,,1088133,289993111.04,23368,F1,1,,,,,
2026-09-30,2026-09-30,CM,NSE,STK,14230,INF179KC1EZ4,HDFCBSE500,EQ,,,,,HDFCAMC - HDFCBSE500,35.92,36.32,35.5,35.71,35.7,35.75,,35.71,,,1086363,38861718.82,282,F1,1,,,,,
2026-09-30,2026-09-30,CM,NSE,STK,16675,INE918I01026,BAJAJFINSV,EQ,,,,,BAJAJ FINSERV LTD.,1742.4,1748.0,1702.1,1731.0,1731.0,1742.4,,1731.0,,,1086211,1870730470.6,60017,F1,1,,,,,
2026-09-30,2026-09-30,CM,NSE,STK,10440,INE326A01037,LUPIN,EQ,,,,,LUPIN LIMITED,2065.0,2071.7,2027.0,2030.2,2030.2,2052.1,,2030.2,,,1085192,2218314666.6,51375,F1,1,,,,,
2026-09-30,2026-09-30,CM,NSE,STK,15068,INE621H01010,RELIGARE,EQ,,,,,RELIGARE ENTER. LTD.,232.6,235.0,228.0,228.91,228.5,232.05,,228.9,,,1077320,248962169.11,10115,F1,1,,,,,
2026-09-30,2026-09-30,CM,NSE,STK,11884,INE993A01026,MANINDS,EQ,,,,,MAN INDUSTRIES (I) LTD.,962.0,992.95,898.25,907.35,911.0,959.6,,907.29,,,1072563,999992180.35,48431,F1,1,,,,,
2026-09-30,2026-09-30,CM,NSE,STK,9558,INE256Z01025,AKSHAR,EQ,,,,,AKSHAR SPINTEX LIMITED,0.41,0.43,0.41,0.42,0.43,0.41,,0.42,,,1069940,445608.31,225,F1,1,,,,,
2026-09-30,2026-09-30,CM,NSE,STK,14309,INE562A01011,INDIANB,EQ,,,,,INDIAN BANK,800.0,814.65,799.2,805.9,805.9,795.25,,805.91,,,1068705,864631463.2,39488,F1,1,,,,,
2026-09-30,2026-09-30,CM,NSE,STK,1675,INE248A01017,ITI,EQ,,,,,ITI LTD,242.6,261.9,242.25,246.4,246.0,243.4,,246.41,,,1068588,269186713.55,27618,F1,1,,,,,
2026-09-30,2026-09-30,CM,NSE,STK,13342,INE051B01021,VAKRANGEE,EQ,,,,,VAKRANGEE LIMITED,5.15,5.24,5.05,5.14,5.1,5.18,,5.14,,,1066328,5490472.63,1751,F1,1,,,,,
2026-09-30,2026-09-30,CM,NSE,STK,761386,INE415B01044,MARSONS,EQ,,,,,MARSONS LIMITED,117.85,119.25,114.11,115.44,114.3,117.96,,115.44,,,1066194,123645644.39,5836,F1,1,,,,,
2026-09-30,2026-09-30,CM,NSE,STK,14889,INE022I01019,ASIANTILES,EQ,,,,,ASIAN GRANITO IND. LTD.,51.0,51.0,49.26,49.68,49.55,50.1,,49.75,,,1065834,53388117.43,2772,F1,1,,,,,
2026-09-30,2026-09-30,CM,NSE,STK,694,INE059A01026,CIPLA,EQ,,,,,CIPLA LTD,1383.0,1384.0,1346.0,1346.0,1346.0,1379.3,,1346.01,,,1063964,1448105234.4,46027,F1,1,,,,,
2026-09-30,2026-09-30,CM,NSE,STK,422,INE465A01025,BHARATFORG,EQ,,,,,BHARAT FORGE LTD,1931.0,1944.9,1891.6,1926.0,1926.0,1942.0,,1925.99,,,1059256,2040165863.7,50648,F1,1,,,,,
2026-09-30,2026-09-30,CM,NSE,STK,764408,INE05C901015,JNPR,EQ,,,,,JUNIPER GREEN ENERGY LTD,270.5,282.75,269.85,273.3,273.0,272.3,,273.3,,,1056639,292044339.4,34888,F1,1,,,,,
2026-09-30,2026-09-30,CM,NSE,STK,5279,INE645S01024,ROLEXRINGS,EQ,,,,,ROLEX RINGS LIMITED,192.11,193.99,188.25,190.09,188.25,190.58,,190.1,,,1052365,201744433.17,19004,F1,1,,,,,
2026-09-30,2026-09-30,CM,NSE,STK,3048,INE109A01011,SCI,EQ,,,,,SHIPPING CORP OF INDIA LT,273.0,275.95,269.75,270.5,270.0,272.9,,270.5,,,1048767,285808606.15,23757,F1,1,,,,,
2026-09-30,2026-09-30,CM,NSE,STK,14435,INE573A01042,JKTYRE,EQ,,,,,JK TYRE & INDUSTRIES LTD,337.0,349.0,337.0,347.0,347.2,334.8,,347.0,,,1039519,359635108.8,24019,F1,1,,,,,
2026-09-30,2026-09-30,CM,NSE,STK,757102,INE894V01022,BELRISE,EQ,,,,,BELRISE INDUSTRIES LTD,240.5,244.14,240.0,240.36,240.5,240.52,,240.35,,,1036662,250559924.49,22495,F1,1,,,,,
2026-09-30,2026-09-30,CM,NSE,STK,18124,INE879I01012,DBREALTY,EQ,,,,,VALOR ESTATE LIMITED,98.25,98.99,95.5,96.52,96.8,97.82,,96.52,,,1028560,99938945.76,8319,F1,1,,,,,
2026-09-30,2026-09-30,CM,NSE,STK,3718,INE226A01021,VOLTAS,EQ,,,,,VOLTAS LTD,1094.0,1097.8,1066.0,1070.0,1070.0,1090.0,,1070.01,,,1028057,1112990312.5,33174,F1,1,,,,,
2026-09-30,2026-09-30,CM,NSE,STK,2649,INE602A01031,PCBL,EQ,,,,,PCBL CHEMICAL LIMITED,330.45,339.8,330.15,331.1,331.5,330.45,,331.1,,,1026589,343492628.65,30246,F1,1,,,,,
2026-09-30,2026-09-30,CM,NSE,STK,11987,INE483B01026,ICIL,EQ,,,,,INDO COUNT INDUSTRIES LTD,437.0,464.0,437.0,460.4,463.0,434.95,,460.41,,,1020870,467345265.9,28781,F1,1,,,,,
2026-09-30,2026-09-30,CM,NSE,STK,19237,INF247L01BU1,MONIFTY500,EQ,,,,,MOTILALAMC - MONIFTY500,22.8,22.9,22.62,22.67,22.71,22.79,,22.67,,,1019365,23186520.7,1595,F1,1,,,,,
2026-09-30,2026-09-30,CM,NSE,STK,2442,INE163A01018,NOCIL,EQ,,,,,NOCIL LIMITED,170.24,175.9,170.1,171.11,170.7,169.31,,171.11,,,1017979,175866872.91,21636,F1,1,,,,,
2026-09-30,2026-09-30,CM,NSE,STK,14063,INE107F01022,WANBURY,EQ,,,,,WANBURY LIMITED,218.55,220.55,196.05,199.5,197.0,216.95,,199.45,,,1016479,208358762.25,19334,F1,1,,,,,
2026-09-30,2026-09-30,CM,NSE,STK,760865,INE0UH301010,OMNI,EQ,,,,,OMNITECH ENGINEERING LTD,555.0,580.0,552.0,564.05,564.55,560.4,,564.06,,,1008108,574779770.6,29802,F1,1,,,,,
2026-09-30,2026-09-30,CM,NSE,STK,8054,INE614B01018,KTKBANK,EQ,,,,,KARNATAKA BANK LIMITED,324.4,332.15,322.55,329.0,328.15,324.25,,329.01,,,1004306,329289007.15,17972,F1,1,,,,,
2026-09-30,2026-09-30,CM,NSE,STK,16913,INE025R01021,ARTEMISMED,EQ,,,,,ARTEMIS MED SERVICE LTD,368.95,370.1,342.1,345.55,346.9,366.6,,345.55,,,1002073,352958239.55,33048,F1,1,,,,,
2026-09-30,2026-09-30,CM,NSE,STK,919,INE230A01023,EIHOTEL,EQ,,,,,EIH LIMITED,301.85,306.15,297.55,301.1,301.0,301.85,,301.1,,,1001715,299378093.55,10531,F1,1,,,,,
2026-09-30,2026-09-30,CM,NSE,STK,762971,INE731F01037,WELSPLSOL,EQ,,,,,WELSPUN SPECIALTY SOL L,53.08,56.75,53.08,53.98,53.88,52.69,,53.98,,,999336,55053204.48,7559,F1,1,,,,,
2026-09-30,2026-09-30,CM,NSE,STK,760051,INF666M01MM4,GROWWCAPM,EQ,,,,,GROWWAMC - GROWWCAPM,10.79,10.92,10.71,10.76,10.78,10.79,,10.76,,,997429,10722476.43,1204,F1,1,,,,,
2026-09-30,2026-09-30,CM,NSE,STK,15362,INE951I01027,VGUARD,EQ,,,,,V-GUARD IND LTD.,307.05,307.75,295.25,296.45,296.4,307.05,,296.45,,,995389,299209627.1,19224,F1,1,,,,,
2026-09-30,2026-09-30,CM,NSE,STK,1076,INE520A01027,ZENSARTECH,EQ,,,,,ZENSAR TECHNOLOGIES  LTD,429.4,438.95,420.15,422.1,421.95,429.0,,422.11,,,994997,426176348.7,31627,F1,1,,,,,
2026-09-30,2026-09-30,CM,NSE,STK,21508,INE704P01025,COCHINSHIP,EQ,,,,,COCHIN SHIPYARD LIMITED,1332.0,1348.6,1305.7,1315.0,1315.0,1359.3,,1315.0,,,985418,1309362999.9,38468,F1,1,,,,,
2026-09-30,2026-09-30,CM,NSE,STK,18268,INE024001021,AEROFLEX,EQ,,,,,AEROFLEX INDUSTRIES LTD,539.6,553.5,527.55,536.6,535.75,539.6,,536.59,,,981031,528177106.15,24494,F1,1,,,,,
2026-09-30,2026-09-30,CM,NSE,STK,17053,INE0ECP01024,HMAAGRO,EQ,,,,,HMA AGRO INDUSTRIES LTD,23.79,24.69,23.61,23.92,24.0,23.8,,23.92,,,978980,23504604.94,2963,F1,1,,,,,
2026-09-30,2026-09-30,CM,NSE,STK,10447,INE854D01024,UNITDSPR,EQ,,,,,UNITED SPIRITS LIMITED,1371.0,1376.5,1337.6,1354.0,1354.0,1363.0,,1354.0,,,976345,1320786464.7,38804,F1,1,,,,,
2026-09-30,2026-09-30,CM,NSE,STK,1174,INE113A01013,GNFC,EQ,,,,,GUJ NAR VAL FER & CHEM L,611.0,621.7,603.0,604.4,603.0,611.5,,604.4,,,973991,594608042.25,20348,F1,1,,,,,
2026-09-30,2026-09-30,CM,NSE,STK,7422,INF247L01AU3,MONQ50,EQ,,,,,MOTILALAMC - MONQ50,193.12,202.99,186.07,194.62,194.99,188.41,,194.6,,,960820,187644028.17,18997,F1,1,,,,,
2026-09-30,2026-09-30,CM,NSE,STK,13656,INE062D01024,ALICON,EQ,,,,,ALICON CASTALLOY LIMITED,730.15,869.8,726.05,869.8,869.8,724.85,,869.98,,,953310,792210345.15,31946,F1,1,,,,,
2026-09-30,2026-09-30,CM,NSE,STK,10599,INE844O01030,GUJENERGY,EQ,,,,,GUJARAT ENERGY LIMITED,236.61,240.65,236.14,237.58,237.66,236.61,,237.58,,,951899,227268775.14,37565,F1,1,,,,,
2026-09-30,2026-09-30,CM,NSE,STK,13868,INE0LRU01027,AARTIPHARM,EQ,,,,,AARTI PHARMALABS LIMITED,983.5,1002.4,943.0,953.75,954.0,972.8,,953.69,,,951362,921938256.75,56867,F1,1,,,,,
2026-09-30,2026-09-30,CM,NSE,STK,13276,INE559R01029,LANDMARK,EQ,,,,,LANDMARK CARS LIMITED,479.9,495.5,471.0,475.7,473.0,487.0,,475.73,,,949666,457180038.45,23433,F1,1,,,,,
2026-09-30,2026-09-30,CM,NSE,STK,3509,INE148A01019,TNPETRO,EQ,,,,,TAMILNADU PETROPRODUCTS L,125.77,129.99,123.15,124.08,124.0,125.67,,124.07,,,945747,119556304.31,12734,F1,1,,,,,
2026-09-30,2026-09-30,CM,NSE,STK,10871,INE192H01020,GRMOVER,EQ,,,,,GRM OVERSEAS LIMITED,79.46,80.3,78.06,78.92,78.06,78.76,,78.92,,,943352,74728903.66,3632,F1,1,,,,,
2026-09-30,2026-09-30,CM,NSE,STK,2664,INE318A01026,PIDILITIND,EQ,,,,,PIDILITE INDUSTRIES LTD,1481.0,1496.9,1465.1,1465.1,1465.1,1461.0,,1465.11,,,940925,1390722018.5,44978,F1,1,,,,,
2026-09-30,2026-09-30,CM,NSE,STK,13776,INE017A01032,GESHIP,EQ,,,,,THE GE SHPG.LTD,1538.0,1583.0,1538.0,1560.0,1561.2,1537.8,,1560.0,,,938291,1467205374.0,62022,F1,1,,,,,
2026-09-30,2026-09-30,CM,NSE,STK,21131,INE010J01012,TEJASNET,EQ,,,,,TEJAS NETWORKS LIMITED,488.5,496.9,482.25,486.2,486.45,490.4,,486.21,,,935883,458701993.35,29209,F1,1,,,,,
2026-09-30,2026-09-30,CM,NSE,STK,15414,INE615H01020,TITAGARH,EQ,,,,,TITAGARH RAIL SYSTEMS LTD,819.3,850.9,814.1,818.15,817.0,819.35,,818.18,,,933675,777234877.15,42362,F1,1,,,,,
2026-09-30,2026-09-30,CM,NSE,STK,2142,INE180A01020,MFSL,EQ,,,,,MAX FINANCIAL SERV LTD,1386.5,1395.1,1344.3,1373.4,1373.4,1392.4,,1373.4,,,931017,1273740600.4,59578,F1,1,,,,,
2026-09-30,2026-09-30,CM,NSE,STK,817,INE500A01029,DCW,EQ,,,,,DCW LTD,46.05,47.17,45.31,45.62,45.94,45.98,,45.63,,,928628,42853885.21,4895,F1,1,,,,,
2026-09-30,2026-09-30,CM,NSE,STK,3506,INE280A01028,TITAN,EQ,,,,,TITAN COMPANY LIMITED,4683.0,4698.0,4587.0,4587.0,4587.0,4675.0,,4587.0,,,927060,4292462229.5,77841,F1,1,,,,,
2026-09-30,2026-09-30,CM,NSE,STK,759244,INE0YD401026,JAINREC,EQ,,,,,JAIN RESOURCE RECYCLING L,286.9,293.85,283.05,292.35,291.0,287.65,,292.37,,,924581,267202231.15,25021,F1,1,,,,,
2026-09-30,2026-09-30,CM,NSE,STK,13285,INE774D01024,M&MFIN,EQ,,,,,M&M FIN. SERVICES LTD,328.75,333.25,322.65,324.85,323.0,328.05,,324.85,,,920944,300501152.6,43128,F1,1,,,,,
2026-09-30,2026-09-30,CM,NSE,STK,13409,INE177H01039,GPIL,EQ,,,,,GODAWARI POW & ISP LTD,223.05,226.0,221.0,222.34,222.41,221.35,,222.34,,,919919,205823294.96,20593,F1,1,,,,,
2026-09-30,2026-09-30,CM,NSE,STK,27095,INE665A01038,SWANCORP,EQ,,,,,SWAN CORP LIMITED,283.95,288.7,279.4,280.2,280.5,284.05,,280.21,,,919733,259886836.75,12396,F1,1,,,,,
2026-09-30,2026-09-30,CM,NSE,STK,758700,INE784R01023,ARFIN,EQ,,,,,ARFIN INDIA LIMITED,88.05,91.0,88.05,89.19,88.9,88.16,,89.18,,,916404,82435639.16,4981,F1,1,,,,,
2026-09-30,2026-09-30,CM,NSE,STK,23181,INF247L01CH6,MOSMALL250,EQ,,,,,MOTILALAMC - MOSMALL250,18.0,18.05,17.9,17.93,17.94,17.92,,17.93,,,915284,16458598.26,1693,F1,1,,,,,
2026-09-30,2026-09-30,CM,NSE,STK,14602,INE855C01023,WEBELSOLAR,EQ,,,,,WEBSOL ENERGY SYSTEM LTD,70.4,73.07,70.32,70.56,70.4,70.62,,70.55,,,914986,65305243.44,7657,F1,1,,,,,
2026-09-30,2026-09-30,CM,NSE,STK,8110,INE699H01024,AWL,EQ,,,,,AWL AGRI BUSINESS LIMITED,178.95,181.3,177.11,177.68,177.4,178.75,,177.68,,,910512,162576267.2,22903,F1,1,,,,,
2026-09-30,2026-09-30,CM,NSE,STK,4244,INE127D01025,HDFCAMC,EQ,,,,,HDFC AMC LIMITED,2255.0,2314.0,2252.6,2280.7,2280.7,2223.3,,2280.7,,,908968,2082198220.1,49003,F1,1,,,,,
2026-09-30,2026-09-30,CM,NSE,STK,757862,INE18JU01028,EBGNG,EQ,,,,,GNG ELECTRONICS LIMITED,700.05,711.45,684.9,686.75,687.0,674.8,,686.75,,,906069,632620970.5,35807,F1,1,,,,,
2026-09-30,2026-09-30,CM,NSE,STK,13300,INE858F01012,NITCO,EQ,,,,,NITCO LIMITED,86.01,89.29,85.74,88.12,86.57,86.75,,88.13,,,905412,79534208.41,5006,F1,1,,,,,
2026-09-30,2026-09-30,CM,NSE,STK,17130,INE883N01014,PARAGMILK,EQ,,,,,PARAG MILK FOODS LTD.,269.4,274.5,268.0,271.65,271.5,268.55,,271.64,,,893163,242831278.15,14198,F1,1,,,,,
2026-09-30,2026-09-30,CM,NSE,STK,20293,INE142M01025,TATATECH,EQ,,,,,TATA TECHNOLOGIES LIMITED,686.75,719.75,686.75,707.5,706.5,686.75,,707.49,,,891561,631653895.8,48962,F1,1,,,,,
2026-09-30,2026-09-30,CM,NSE,STK,763784,INE1YPB01014,AGL,EQ,,,,,ALLCARGO GLOBAL LIMITED,13.03,13.4,13.01,13.13,13.24,13.19,,13.13,,,885567,11694215.74,2110,F1,1,,,,,
2026-09-30,2026-09-30,CM,NSE,STK,760351,INE119201023,PARKHOSPS,EQ,,,,,PARK MEDI WORLD LIMITED,275.45,279.5,268.4,274.95,274.0,275.45,,274.94,,,877385,240101201.35,13805,F1,1,,,,,
2026-09-30,2026-09-30,CM,NSE,STK,17738,INE0JO301016,YATHARTH,EQ,,,,,YATHARTH HOSP & TRA C S L,1100.0,1106.0,1020.0,1032.5,1024.0,1108.0,,1032.53,,,875912,918606872.4,63508,F1,1,,,,,
2026-09-30,2026-09-30,CM,NSE,STK,21174,INE736A01011,CDSL,EQ,,,,,CENTRAL DEPO SER (I) LTD,1270.0,1286.5,1262.5,1264.0,1264.0,1261.9,,1264.0,,,871860,1110848076.5,39644,F1,1,,,,,
2026-09-30,2026-09-30,CM,NSE,STK,936,INE266Y01019,DPABHUSHAN,EQ,,,,,D. P. ABHUSHAN LIMITED,1750.0,1815.7,1685.0,1788.8,1798.0,1665.8,,1788.74,,,869922,1526999586.0,60021,F1,1,,,,,
2026-09-30,2026-09-30,CM,NSE,STK,3965,INE474C01023,REMSONSIND,EQ,,,,,REMSONS INDUSTRIES LTD,113.43,124.8,112.97,113.93,115.5,111.56,,113.94,,,869570,101915869.13,8670,F1,1,,,,,
2026-09-30,2026-09-30,CM,NSE,STK,760981,INE501X01029,AYE,EQ,,,,,AYE FINANCE LIMITED,160.7,161.29,155.0,155.89,156.0,159.7,,155.88,,,864881,136442581.95,23593,F1,1,,,,,
2026-09-30,2026-09-30,CM,NSE,STK,19196,INE133E01013,TI,EQ,,,,,TILAKNAGAR INDUSTRIES LTD,551.0,565.3,536.25,540.65,538.2,550.85,,540.69,,,864319,469674973.45,29914,F1,1,,,,,
2026-09-30,2026-09-30,CM,NSE,STK,11236,INE220G01021,JSL,EQ,,,,,JINDAL STAINLESS LIMITED,735.7,749.85,733.0,747.4,746.9,738.3,,747.39,,,860756,641274639.25,34700,F1,1,,,,,
2026-09-30,2026-09-30,CM,NSE,STK,3987,INE461C01038,GREENPLY,EQ,,,,,GREENPLY INDUSTRIES LTD,281.0,303.9,280.7,299.95,299.1,280.25,,299.95,,,859868,255910992.45,16991,F1,1,,,,,
2026-09-30,2026-09-30,CM,NSE,STK,762690,INE207H01018,GNRL,EQ,,,,,GUJARAT NATURAL RES L,98.9,99.9,97.0,98.26,97.98,98.16,,98.27,,,854365,83379708.33,3943,F1,1,,,,,
2026-09-30,2026-09-30,CM,NSE,STK,29087,INE0LRY01011,QUADFUTURE,EQ,,,,,QUADRANT FUTURE TEK LTD,545.6,567.2,540.3,547.45,546.65,542.15,,547.45,,,852162,472091003.85,34028,F1,1,,,,,
2026-09-30,2026-09-30,CM,NSE,STK,760183,INE647U01026,CLEANMAX,EQ,,,,,CLEAN MAX ENVIRO EN SOL L,1390.7,1405.0,1315.8,1327.2,1322.0,1382.4,,1327.18,,,851431,1135545880.5,42004,F1,1,,,,,
2026-09-30,2026-09-30,CM,NSE,STK,14917,INE142I01023,TAKE,EQ,,,,,TAKE LIMITED,13.31,14.59,13.31,13.31,13.31,14.01,,13.28,,,843488,11330378.19,868,F1,1,,,,,
2026-09-30,2026-09-30,CM,NSE,STK,24067,INE0HV901016,IXIGO,EQ,,,,,LE TRAVENUES TECHNOLOGY L,160.24,164.21,159.51,162.89,163.18,160.24,,162.86,,,842850,137179614.86,19162,F1,1,,,,,
2026-09-30,2026-09-30,CM,NSE,STK,18652,INE726G01019,ICICIPRULI,EQ,,,,,ICICI PRU LIFE INS CO LTD,448.0,450.0,442.4,443.8,443.8,444.55,,443.79,,,839768,373943919.85,39112,F1,1,,,,,
2026-09-30,2026-09-30,CM,NSE,STK,13982,INE039O01029,JASH,EQ,,,,,JASH ENGINEERING LIMITED,600.0,619.4,585.15,591.65,592.0,598.4,,591.64,,,838814,506694858.75,28457,F1,1,,,,,
2026-09-30,2026-09-30,CM,NSE,STK,2188,INE854S01022,GENCON,EQ,,,,,GENERIC ENG CONS PROJ LTD,36.51,40.99,36.51,39.54,39.75,37.12,,39.54,,,834565,31552264.93,5010,F1,1,,,,,
2026-09-30,2026-09-30,CM,NSE,STK,20790,INE235C01036,SUMEETINDS,EQ,,,,,SUMEET IND LIMITED,11.45,11.66,10.71,10.92,11.06,11.2,,10.92,,,833546,9245219.94,1631,F1,1,,,,,
2026-09-30,2026-09-30,CM,NSE,STK,11359,INE680A01011,DHANBANK,EQ,,,,,DHANLAXMI BANK LIMITED,28.11,28.93,27.1,27.52,27.51,28.37,,27.52,,,833002,23121346.35,3730,F1,1,,,,,
2026-09-30,2026-09-30,CM,NSE,STK,17875,INE484J01027,GODREJPROP,EQ,,,,,GODREJ PROPERTIES LTD,1640.6,1659.6,1623.4,1628.5,1628.5,1634.4,,1628.51,,,832521,1365699788.9,32063,F1,1,,,,,
2026-09-30,2026-09-30,CM,NSE,STK,13611,INE335Y01020,IRCTC,EQ,,,,,INDIAN RAIL TOUR CORP LTD,452.55,467.35,452.55,455.4,458.9,452.55,,455.41,,,829734,381782274.45,36847,F1,1,,,,,
2026-09-30,2026-09-30,CM,NSE,STK,13796,INE201A01024,MANALIPETC,EQ,,,,,MANALI PETROCHEMICALS LT,80.65,82.75,80.18,80.98,81.5,80.18,,80.99,,,828103,67697112.46,6732,F1,1,,,,,
2026-09-30,2026-09-30,CM,NSE,STK,25358,INE457L01029,PGEL,EQ,,,,,PG ELECTROPLAST LTD,499.9,506.0,493.45,493.45,493.45,493.15,,493.46,,,825728,412022556.8,22552,F1,1,,,,,
2026-09-30,2026-09-30,CM,NSE,STK,7506,INE049B01025,WOCKPHARMA,EQ,,,,,WOCKHARDT LIMITED,2201.1,2213.6,2106.2,2116.3,2115.3,2194.2,,2116.26,,,823461,1775840041.3,52427,F1,1,,,,,
2026-09-30,2026-09-30,CM,NSE,STK,14667,INE157H01023,KMSUGAR,EQ,,,,,K M SUGAR MILLS LTD,31.99,34.03,31.99,33.68,33.4,31.86,,33.69,,,822756,27458256.7,3915,F1,1,,,,,
2026-09-30,2026-09-30,CM,NSE,STK,14766,INE945H01021,V2RETAIL,EQ,,,,,V2 RETAIL LIMITED,210.09,210.94,207.11,208.74,208.79,209.43,,208.74,,,821359,171497304.23,14496,F1,1,,,,,
2026-09-30,2026-09-30,CM,NSE,STK,79,INE426A01027,ALEMBICLTD,EQ,,,,,ALEMBIC LIMITED,109.1,110.59,106.11,107.23,108.0,108.44,,107.24,,,819580,88461035.3,10010,F1,1,,,,,
2026-09-30,2026-09-30,CM,NSE,STK,11872,INE101D01020,GRANULES,EQ,,,,,GRANULES INDIA LIMITED,867.0,884.0,844.0,846.55,844.0,866.75,,846.56,,,819196,704960773.05,33936,F1,1,,,,,
2026-09-30,2026-09-30,CM,NSE,STK,25835,INE498Q01014,VINCOFE,EQ,,,,,VINTAGE COFFEE N BVRGS L,182.5,187.3,179.0,179.96,179.01,182.56,,179.91,,,817945,150195248.81,14262,F1,1,,,,,
2026-09-30,2026-09-30,CM,NSE,STK,6596,INE269A01021,SONATSOFTW,EQ,,,,,SONATA SOFTWARE LTD,260.85,267.4,257.0,258.25,258.0,260.85,,258.25,,,817817,214040552.5,24653,F1,1,,,,,
2026-09-30,2026-09-30,CM,NSE,STK,1628,INE495P01020,BECTORFOOD,EQ,,,,,MRS BECTORS FOOD SPE LTD,209.9,211.6,205.3,206.74,206.3,208.7,,206.75,,,816875,169273906.79,26888,F1,1,,,,,
2026-09-30,2026-09-30,CM,NSE,STK,764523,INE00GO01025,LEAPIND,EQ,,,,,LEAP INDIA LIMITED,137.44,142.4,136.51,137.78,137.2,137.44,,137.76,,,814776,113035375.17,10719,F1,1,,,,,
2026-09-30,2026-09-30,CM,NSE,STK,13643,INE205B01031,ELECON,EQ,,,,,ELECON ENG. CO. LTD,478.05,487.2,460.0,461.8,461.5,480.4,,461.81,,,812540,383617433.25,24579,F1,1,,,,,
2026-09-30,2026-09-30,CM,NSE,STK,13810,INE08ZM01014,GREENPANEL,EQ,,,,,GREENPANEL INDUSTRIES LTD,159.96,164.67,158.0,160.32,158.25,159.05,,160.33,,,811571,130774122.12,6150,F1,1,,,,,
2026-09-30,2026-09-30,CM,NSE,STK,8840,INE228A01035,USHAMART,EQ,,,,,USHA MARTIN LTD.,498.95,505.35,493.5,498.65,493.5,498.9,,498.65,,,808936,404719897.7,21121,F1,1,,,,,
2026-09-30,2026-09-30,CM,NSE,STK,759291,INE304W01038,BLUESTONE,EQ,,,,,BLUESTONE JEWEL LFSTL LTD,806.2,812.0,782.0,794.85,790.5,806.05,,794.9,,,805919,643962189.8,36320,F1,1,,,,,
2026-09-30,2026-09-30,CM,NSE,STK,4870,INE915B01019,INDSWFTLAB,EQ,,,,,IND SWIFT LABORATORIES LT,417.25,424.75,382.0,388.75,388.0,413.1,,388.41,,,805121,323060185.0,14719,F1,1,,,,,
2026-09-30,2026-09-30,CM,NSE,STK,18614,INE08U801020,SAMHI,EQ,,,,,SAMHI HOTELS LIMITED,149.35,155.0,149.35,153.68,153.3,149.34,,153.68,,,803682,122884899.91,11287,F1,1,,,,,
2026-09-30,2026-09-30,CM,NSE,STK,18096,INE797F01020,JUBLFOOD,EQ,,,,,JUBILANT FOODWORKS LTD,463.4,466.25,451.1,456.7,456.7,463.0,,456.68,,,797358,363479414.55,27075,F1,1,,,,,
2026-09-30,2026-09-30,CM,NSE,STK,13251,INE190H01024,SAKUMA,EQ,,,,,SAKUMA EXPORTS LIMITED,1.57,1.58,1.52,1.56,1.57,1.55,,1.56,,,797045,1237175.93,738,F1,1,,,,,
2026-09-30,2026-09-30,CM,NSE,STK,19223,INE586V01016,TCIEXP,EQ,,,,,TCI EXPRESS LIMITED,533.1,552.0,508.6,521.65,509.35,531.85,,521.44,,,794380,424337181.55,26171,F1,1,,,,,
2026-09-30,2026-09-30,CM,NSE,STK,9385,INE195J01029,PNCINFRA,EQ,,,,,PNC INFRATECH LTD.,130.05,134.89,130.05,133.18,133.25,129.8,,133.18,,,790721,104644757.81,11710,F1,1,,,,,
2026-09-30,2026-09-30,CM,NSE,STK,1964,INE849A01020,TRENT,EQ,,,,,TRENT LTD,2651.1,2669.9,2618.0,2621.6,2621.6,2635.0,,2621.62,,,785465,2069639495.0,49243,F1,1,,,,,
2026-09-30,2026-09-30,CM,NSE,STK,15174,INE763I01026,TARIL,EQ,,,,,TRANS & RECTI. LTD,274.85,278.0,268.0,270.1,268.6,272.85,,270.1,,,783795,213898659.95,21051,F1,1,,,,,
2026-09-30,2026-09-30,CM,NSE,STK,20621,INE932A01024,PENIND,EQ,,,,,PENNAR INDUSTRIES LTD,183.0,187.25,182.1,184.0,184.19,180.28,,183.97,,,783073,144621617.04,11228,F1,1,,,,,
2026-09-30,2026-09-30,CM,NSE,STK,13725,INE503A01015,DCBBANK,EQ,,,,,DCB BANK LIMITED,202.06,205.56,202.05,203.54,203.5,202.37,,203.53,,,781971,159211473.12,15771,F1,1,,,,,
2026-09-30,2026-09-30,CM,NSE,STK,761670,INE05TO01019,AEROPLANE,EQ,,,,,AMIR CHAND JAG KUM (E) L,205.0,210.0,200.0,206.57,207.0,202.08,,206.59,,,776058,159017244.98,6305,F1,1,,,,,
2026-09-30,2026-09-30,CM,NSE,STK,277,INE481Y01014,GICRE,EQ,,,,,GENERAL INS CORP OF INDIA,320.0,333.5,320.0,331.15,329.5,320.25,,331.18,,,772056,253527593.85,25047,F1,1,,,,,
2026-09-30,2026-09-30,CM,NSE,STK,30323,INE418N01035,ESSENTIA,EQ,,,,,INTEGRA ESSENTIA LIMITED,1.0,1.02,1.0,1.0,1.0,1.0,,1.0,,,770450,778297.71,560,F1,1,,,,,
2026-09-30,2026-09-30,CM,NSE,STK,1247,INE026A01025,GSFC,EQ,,,,,GUJ STATE FERT & CHEM LTD,152.41,154.0,150.25,150.79,150.5,151.65,,150.79,,,768508,116634336.11,9533,F1,1,,,,,
2026-09-30,2026-09-30,CM,NSE,STK,14947,INE338I01027,MOTILALOFS,EQ,,,,,MOTILAL OSWAL FIN LTD,999.9,1016.5,994.0,994.0,994.0,996.2,,993.99,,,766759,771673723.0,25994,F1,1,,,,,
2026-09-30,2026-09-30,CM,NSE,STK,2454,INE660C01027,CENTRUM,EQ,,,,,CENTRUM CAPITAL LIMITED,20.95,21.35,19.0,19.61,19.6,20.56,,19.61,,,765145,15477539.07,1439,F1,1,,,,,
2026-09-30,2026-09-30,CM,NSE,STK,758697,INF666M01LL8,GROWWNIFTY,EQ,,,,,GROWWAMC - GROWWNIFTY,9.01,9.35,9.01,9.18,9.23,9.25,,9.18,,,756450,6965733.98,3480,F1,1,,,,,
2026-09-30,2026-09-30,CM,NSE,STK,2708,INE603A01013,PRAKASH,EQ,,,,,PRAKASH INDUSTRIES LTD,120.85,129.0,120.62,123.72,122.86,121.62,,123.72,,,750601,93932962.64,10716,F1,1,,,,,
2026-09-30,2026-09-30,CM,NSE,STK,419,INE922A01025,BEPL,EQ,,,,,BHANSALI ENG. POLYMERS LT,124.0,127.19,123.75,124.4,124.26,124.0,,124.41,,,743884,93234763.04,6943,F1,1,,,,,
2026-09-30,2026-09-30,CM,NSE,STK,20303,INE717W01049,GANDHAR,EQ,,,,,GANDHAR OIL REFINE IND L,274.0,283.45,274.0,278.85,279.15,273.55,,278.84,,,742278,207892680.85,10959,F1,1,,,,,
2026-09-30,2026-09-30,CM,NSE,STK,3275,INE869Y01028,TEMBO,EQ,,,,,TEMBO GLOBAL IND LTD,58.0,58.56,57.05,57.67,57.5,57.99,,57.67,,,736216,42569883.21,4296,F1,1,,,,,
2026-09-30,2026-09-30,CM,NSE,STK,357,INE298J01013,NAM-INDIA,EQ,,,,,NIPPON L I A M LTD,1077.0,1088.0,1062.0,1070.0,1070.0,1068.0,,1070.0,,,728404,781157541.4,47789,F1,1,,,,,
2026-09-30,2026-09-30,CM,NSE,STK,761581,INE05HV01027,CMPDI,EQ,,,,,CENTRAL MINE P N D INST L,213.1,214.89,207.5,209.21,208.2,213.12,,209.17,,,726889,153349962.57,14087,F1,1,,,,,
2026-09-30,2026-09-30,CM,NSE,STK,30065,INF247L01EV3,MOCAPITAL,EQ,,,,,MOTILALAMC - MOCAPITAL,52.58,52.58,51.1,51.31,51.39,51.55,,51.31,,,726308,37300218.24,3633,F1,1,,,,,
2026-09-30,2026-09-30,CM,NSE,STK,7,INE769A01020,AARTIIND,EQ,,,,,AARTI INDUSTRIES LTD,472.0,489.95,471.4,475.7,475.15,469.9,,475.71,,,723013,347849843.4,29822,F1,1,,,,,
2026-09-30,2026-09-30,CM,NSE,STK,12092,INE918Z01012,KAYNES,EQ,,,,,KAYNES TECHNOLOGY IND LTD,3520.4,3611.0,3501.0,3501.0,3501.0,3511.5,,3501.14,,,720015,2552613352.6,45535,F1,1,,,,,
2026-09-30,2026-09-30,CM,NSE,STK,1360,INE049A01027,HIMATSEIDE,EQ,,,,,HIMATSINGKA SEIDE LTD,65.54,69.03,65.3,66.4,66.11,64.9,,66.4,,,718202,48323892.28,6341,F1,1,,,,,
2026-09-30,2026-09-30,CM,NSE,STK,21469,INE350C01017,OPTIEMUS,EQ,,,,,OPTIEMUS INFRACOM LTD,800.0,827.0,759.05,767.75,764.0,796.2,,767.87,,,716846,571908787.45,30321,F1,1,,,,,
2026-09-30,2026-09-30,CM,NSE,STK,13260,INE389H01022,KEC,EQ,,,,,KEC INTL. LIMITED,380.0,384.35,375.1,377.25,376.0,378.35,,377.26,,,715246,271875484.95,24435,F1,1,,,,,
2026-09-30,2026-09-30,CM,NSE,STK,9756,INE01QM01018,EMUDHRA,EQ,,,,,EMUDHRA LIMITED,628.5,637.6,592.1,596.5,596.75,627.15,,596.52,,,713583,434733108.85,29687,F1,1,,,,,
2026-09-30,2026-09-30,CM,NSE,STK,764312,INE0NG701011,XTRANET,EQ,,,,,XTRANET TECHNOLOGIES LTD,271.9,285.05,262.2,285.05,285.05,271.48,,285.1,,,712037,197091452.52,11776,F1,1,,,,,
2026-09-30,2026-09-30,CM,NSE,STK,13147,INE191H01014,PVRINOX,EQ,,,,,PVR INOX LIMITED,1197.9,1262.6,1187.0,1242.7,1248.0,1190.1,,1242.68,,,711172,877692285.8,39162,F1,1,,,,,
2026-09-30,2026-09-30,CM,NSE,STK,2841,INE576O01020,LXCHEM,EQ,,,,,LAXMI ORGANIC INDUS LTD,176.0,182.2,176.0,177.36,176.9,176.49,,177.35,,,710755,127577455.61,9852,F1,1,,,,,
2026-09-30,2026-09-30,CM,NSE,STK,764301,INE084101034,INDOMIM,EQ,,,,,INDO-MIM LIMITED,1263.9,1263.9,1223.0,1242.45,1235.0,1248.15,,1242.3,,,707284,879082412.4,35345,F1,1,,,,,
2026-09-30,2026-09-30,CM,NSE,STK,100,INE885A01032,ARE&M,EQ,,,,,AMARA RAJA ENERGY MOB LTD,768.95,781.65,750.0,754.55,753.0,766.3,,754.6,,,706708,539823676.5,31738,F1,1,,,,,
2026-09-30,2026-09-30,CM,NSE,STK,104,INE932X01026,SHAREINDIA,EQ,,,,,SHARE IND. SECURITIES LTD,206.58,208.9,202.5,205.01,203.85,205.68,,205.02,,,703869,145359529.44,9046,F1,1,,,,,
2026-09-30,2026-09-30,CM,NSE,STK,4503,INE356A01018,MPHASIS,EQ,,,,,MPHASIS LIMITED,2164.5,2252.6,2144.8,2154.4,2154.4,2154.4,,2154.4,,,701536,1538816244.1,39729,F1,1,,,,,
2026-09-30,2026-09-30,CM,NSE,STK,765426,INE1KZI01025,TEMPSENS,EQ,,,,,TEMPSENS INST (INDIA) LTD,529.65,537.95,523.0,526.75,524.85,529.3,,526.74,,,700380,370850692.5,23413,F1,1,,,,,
2026-09-30,2026-09-30,CM,NSE,STK,765160,INE555C01029,SHIVACEM,EQ,,,,,SHIVA CEMENT LTD.,14.5,14.5,13.0,13.76,13.69,14.91,,13.77,,,694858,9522422.71,1984,F1,1,,,,,
2026-09-30,2026-09-30,CM,NSE,STK,759797,INE198501012,EUROPRATIK,EQ,,,,,EURO PRATIK SALES LIMITED,202.4,216.8,190.1,192.3,191.5,202.05,,192.3,,,693046,138882011.7,23250,F1,1,,,,,
2026-09-30,2026-09-30,CM,NSE,STK,312,INE974X01010,TIINDIA,EQ,,,,,TUBE INVEST OF INDIA LTD,2419.4,2449.6,2373.2,2375.0,2375.0,2413.0,,2374.99,,,690294,1653446363.1,44907,F1,1,,,,,
2026-09-30,2026-09-30,CM,NSE,STK,5204,INE131A01031,GMDCLTD,EQ,,,,,GUJARAT MINERAL DEV CORP,515.0,524.4,506.0,507.7,507.0,513.2,,507.71,,,688502,353729209.25,23103,F1,1,,,,,
2026-09-30,2026-09-30,CM,NSE,STK,11403,INE511C01022,POONAWALLA,EQ,,,,,POONAWALLA FINCORP LTD,445.1,453.9,442.2,443.85,445.25,443.0,,443.85,,,687449,307496359.95,26237,F1,1,,,,,
2026-09-30,2026-09-30,CM,NSE,STK,163,INE438A01022,APOLLOTYRE,EQ,,,,,APOLLO TYRES LTD,412.9,412.95,402.0,404.7,403.2,406.75,,404.69,,,684149,277509572.45,28464,F1,1,,,,,
2026-09-30,2026-09-30,CM,NSE,STK,13925,INE870D01012,NFL,EQ,,,,,NATIONAL FERT. LTD,65.25,65.94,64.72,65.2,65.12,64.79,,65.2,,,682231,44591935.72,5124,F1,1,,,,,
2026-09-30,2026-09-30,CM,NSE,STK,20296,INE482J01021,SHAH,EQ,,,,,SHAH METACORP LIMITED,3.15,3.17,3.09,3.14,3.15,3.15,,3.14,,,678623,2121827.41,633,F1,1,,,,,
2026-09-30,2026-09-30,CM,NSE,STK,764532,INE1D0W01018,TECHNOCRAF,EQ,,,,,TECHNOCRAFT VENTURES LTD,482.5,487.1,470.5,476.55,476.55,480.85,,476.24,,,677585,325371212.85,14831,F1,1,,,,,
2026-09-30,2026-09-30,CM,NSE,STK,2306,INE052T01021,BESTAGRO,EQ,,,,,BEST AGROLIFE LIMITED,17.74,18.25,17.33,17.53,17.6,17.86,,17.53,,,672928,11996860.7,1698,F1,1,,,,,
2026-09-30,2026-09-30,CM,NSE,STK,25426,INE850M01015,NORTHARC,EQ,,,,,NORTHERN ARC CAPITAL LTD,290.0,297.05,285.55,287.35,287.95,290.75,,287.36,,,672623,195569316.05,12355,F1,1,,,,,
2026-09-30,2026-09-30,CM,NSE,STK,18760,INE0JR601024,YATRA,EQ,,,,,YATRA ONLINE LIMITED,102.39,104.29,99.1,99.89,99.6,101.37,,99.89,,,669290,67924811.88,5948,F1,1,,,,,
2026-09-30,2026-09-30,CM,NSE,STK,756871,INE1NPP01017,ENRIN,EQ,,,,,SIEMENS ENERGY INDIA LTD,3211.4,3322.8,3200.0,3200.0,3200.0,3199.0,,3200.05,,,666697,2178077479.1,60404,F1,1,,,,,
2026-09-30,2026-09-30,CM,NSE,STK,1708,INE571B01036,JAYBARMARU,EQ,,,,,JAY BHARAT MARUTI LTD,125.95,129.4,123.67,128.39,128.2,124.6,,128.4,,,660716,83851579.45,15895,F1,1,,,,,
2026-09-30,2026-09-30,CM,NSE,STK,477,INE800A01015,BIRLACABLE,EQ,,,,,BIRLA CABLE LIMITED,372.0,387.35,371.45,381.15,381.9,368.95,,381.18,,,654414,250230338.45,10126,F1,1,,,,,
2026-09-30,2026-09-30,CM,NSE,STK,762227,INE1SJO01012,RAMBHAJO,EQ,,,,,ADVIT JEWELS LIMITED,296.0,300.0,282.5,285.98,286.5,290.97,,285.97,,,654381,190231453.9,12419,F1,1,,,,,
2026-09-30,2026-09-30,CM,NSE,STK,857,INE041A01016,DHAMPURSUG,EQ,,,,,DHAMPUR SUGAR MILLS LTD.,174.0,179.69,170.1,171.42,171.9,171.8,,171.42,,,654374,114796304.47,16841,F1,1,,,,,
2026-09-30,2026-09-30,CM,NSE,STK,25023,INE336H01023,GAYAPROJ,EQ,,,,,GAYATRI PROJECTS LTD,22.5,23.44,22.14,22.68,22.7,22.44,,22.68,,,652974,14977989.04,3352,F1,1,,,,,
2026-09-30,2026-09-30,CM,NSE,STK,11549,INE435C01024,TEXINFRA,EQ,,,,,TEXMACO INFRA & HOLDG LTD,115.13,125.0,115.13,119.41,118.11,115.54,,119.41,,,649299,78911189.08,9172,F1,1,,,,,
2026-09-30,2026-09-30,CM,NSE,STK,25844,INE0V6F01027,HYUNDAI,EQ,,,,,HYUNDAI MOTOR INDIA LTD,2060.0,2084.6,2026.7,2031.0,2031.0,2100.0,,2031.03,,,644391,1327390039.5,52815,F1,1,,,,,
2026-09-30,2026-09-30,CM,NSE,STK,193,INE034A01011,ARVIND,EQ,,,,,ARVIND LIMITED,545.0,549.95,535.75,539.9,541.0,545.45,,539.89,,,644224,350705041.1,39792,F1,1,,,,,
2026-09-30,2026-09-30,CM,NSE,STK,4892,INE979A01025,SAREGAMA,EQ,,,,,SAREGAMA INDIA LIMITED,498.9,518.65,495.35,506.55,507.0,493.45,,506.56,,,643873,328186732.65,35414,F1,1,,,,,
2026-09-30,2026-09-30,CM,NSE,STK,18026,INE423Y01016,SBFC,EQ,,,,,SBFC FINANCE LIMITED,85.4,86.36,84.7,85.48,85.2,84.46,,85.48,,,642934,55045789.5,17308,F1,1,,,,,
2026-09-30,2026-09-30,CM,NSE,STK,18608,INE07K301024,ZAGGLE,EQ,,,,,ZAGGLE PREPA OCEAN SER L,173.8,178.75,172.52,173.18,172.65,173.84,,173.18,,,641899,112786353.03,9903,F1,1,,,,,
2026-09-30,2026-09-30,CM,NSE,STK,760073,INE903A01025,JAYKAY,EQ,,,,,JAYKAY ENTERPRISES LTD,206.05,214.9,204.1,204.93,205.29,205.01,,204.92,,,641565,134677479.83,10808,F1,1,,,,,
2026-09-30,2026-09-30,CM,NSE,STK,31258,INE875G01048,NDL,EQ,,,,,NANDAN DENIM LIMITED,2.65,2.65,2.6,2.61,2.62,2.62,,2.61,,,635500,1662028.38,890,F1,1,,,,,
2026-09-30,2026-09-30,CM,NSE,STK,7603,INE925R01014,CMSINFO,EQ,,,,,CMS INFO SYSTEMS LIMITED,229.95,231.99,220.99,221.45,222.49,229.17,,221.45,,,632685,141816072.18,14676,F1,1,,,,,
2026-09-30,2026-09-30,CM,NSE,STK,762163,INE0LZF01039,CORDELIA,EQ,,,,,WATERWAYS LEISURE TOUR L,103.46,105.16,102.3,102.59,102.95,102.56,,102.59,,,630212,64979104.05,5696,F1,1,,,,,
2026-09-30,2026-09-30,CM,NSE,STK,764818,INE457G01029,ORIRAIL,EQ,,,,,ORIENTAL RAIL INFRA L,123.69,134.9,121.42,127.31,126.98,122.81,,127.34,,,625276,81166676.78,6317,F1,1,,,,,
2026-09-30,2026-09-30,CM,NSE,STK,11195,INE646L01027,INDIGO,EQ,,,,,INTERGLOBE AVIATION LTD,4915.5,5021.5,4893.5,4984.0,4984.0,4872.0,,4983.99,,,624800,3104212506.0,57765,F1,1,,,,,
2026-09-30,2026-09-30,CM,NSE,STK,3348,INE947A01014,SUNFLAG,EQ,,,,,SUNFLAG IRON AND STEEL CO,465.0,471.0,447.6,456.05,452.65,464.3,,455.95,,,624779,287042802.75,15258,F1,1,,,,,
2026-09-30,2026-09-30,CM,NSE,STK,11943,INE942G01012,MCLEODRUSS,EQ,,,,,MCLEOD RUSSEL INDIA LTD.,45.55,45.73,44.5,44.74,44.85,43.56,,44.73,,,624727,28329726.5,1937,F1,1,,,,,
2026-09-30,2026-09-30,CM,NSE,STK,16783,INE200A01026,GVT&D,EQ,,,,,GE VERNOVA T&D INDIA LTD,4190.0,4258.4,4126.9,4201.0,4201.0,4130.3,,4200.75,,,624058,2636013880.9,77330,F1,1,,,,,
2026-09-30,2026-09-30,CM,NSE,STK,25252,INE0O6601022,KROSS,EQ,,,,,KROSS LIMITED,262.0,268.0,258.12,263.05,262.0,261.83,,263.05,,,623813,164132698.7,14217,F1,1,,,,,
2026-09-30,2026-09-30,CM,NSE,STK,28662,INE284H01025,DAMCAPITAL,EQ,,,,,DAM CAPITAL ADVISORS LTD,154.95,159.29,150.1,151.08,150.1,155.76,,151.09,,,623800,96677159.2,9174,F1,1,,,,,
2026-09-30,2026-09-30,CM,NSE,STK,21062,INE0DUT01020,INNOVACAP,EQ,,,,,INNOVA CAPTAB LIMITED,1269.8,1270.0,1146.5,1159.8,1166.9,1271.2,,1159.75,,,621573,739069181.9,38680,F1,1,,,,,
2026-09-30,2026-09-30,CM,NSE,STK,19913,INE192R01011,DMART,EQ,,,,,AVENUE SUPERMARTS LIMITED,3769.5,3865.0,3769.5,3801.4,3801.4,3750.0,,3801.4,,,620771,2379785236.7,39138,F1,1,,,,,
2026-09-30,2026-09-30,CM,NSE,STK,758551,INE1SY401010,RAYMONDREL,EQ,,,,,RAYMOND REALTY LIMITED,676.0,684.9,666.6,669.95,668.9,672.55,,669.95,,,620734,419373556.35,21636,F1,1,,,,,
2026-09-30,2026-09-30,CM,NSE,STK,6066,INE399L01023,ATGL,EQ,,,,,ADANI TOTAL GAS LIMITED,589.9,602.95,589.05,593.9,592.0,588.4,,593.85,,,616167,367644540.55,27162,F1,1,,,,,
2026-09-30,2026-09-30,CM,NSE,STK,8311,INE472A01039,BLUESTARCO,EQ,,,,,BLUE STAR LIMITED,1525.0,1541.1,1502.1,1518.0,1518.0,1529.5,,1518.0,,,615606,935100431.4,30048,F1,1,,,,,
2026-09-30,2026-09-30,CM,NSE,STK,3918,INE987B01026,NATCOPHARM,EQ,,,,,NATCO PHARMA LTD.,845.0,849.0,821.1,827.5,826.0,843.1,,827.46,,,615035,511353618.5,66438,F1,1,,,,,
2026-09-30,2026-09-30,CM,NSE,STK,2073,INE825A01020,VTL,EQ,,,,,VARDHMAN TEXTILES LIMITED,531.65,542.7,524.65,534.6,537.9,529.55,,534.6,,,615004,328683035.7,23753,F1,1,,,,,
2026-09-30,2026-09-30,CM,NSE,STK,18931,INE108E01023,SUNDARAM,EQ,,,,,SUNDARAM MULTI PAP LTD,1.1,1.12,1.05,1.09,1.09,1.1,,1.08,,,613063,671387.95,371,F1,1,,,,,
2026-09-30,2026-09-30,CM,NSE,STK,739,INE169A01031,COROMANDEL,EQ,,,,,COROMANDEL INTERNTL. LTD,1810.8,1832.0,1742.9,1758.2,1761.5,1792.9,,1758.18,,,612561,1084279114.2,31747,F1,1,,,,,
2026-09-30,2026-09-30,CM,NSE,STK,18365,INE262H01021,PERSISTENT,EQ,,,,,PERSISTENT SYSTEMS LTD,5200.0,5397.0,5200.0,5279.0,5279.0,5162.0,,5279.01,,,611251,3232685006.5,47849,F1,1,,,,,
2026-09-30,2026-09-30,CM,NSE,STK,21578,INE073V01015,COMSYN,EQ,,,,,COMMERCIAL SYN BAGS LTD,267.65,279.15,265.0,269.7,268.5,261.95,,269.71,,,610951,166378717.35,10495,F1,1,,,,,
2026-09-30,2026-09-30,CM,NSE,STK,761099,INE0LGX01024,INA,EQ,,,,,INSOLATION ENERGY LIMITED,89.26,91.8,86.81,87.5,88.4,87.63,,87.51,,,609109,54083800.08,5768,F1,1,,,,,
2026-09-30,2026-09-30,CM,NSE,STK,330,INE565V01010,VALIANTORG,EQ,,,,,VALIANT ORGANICS LIMITED,409.95,467.0,407.0,455.1,458.0,404.6,,455.17,,,606539,273556969.25,17460,F1,1,,,,,
2026-09-30,2026-09-30,CM,NSE,STK,8479,INE494B01023,TVSMOTOR,EQ,,,,,TVS MOTOR COMPANY  LTD,4100.0,4174.7,4084.1,4106.0,4106.0,4091.1,,4106.0,,,605529,2501962633.8,46144,F1,1,,,,,
2026-09-30,2026-09-30,CM,NSE,STK,2783,INE0BY001018,JUBLINGREA,EQ,,,,,JUBILANT INGREVIA LIMITED,639.5,677.4,639.5,653.2,650.0,639.1,,653.21,,,605507,402262964.3,26336,F1,1,,,,,
2026-09-30,2026-09-30,CM,NSE,STK,28046,INE0HLU01028,MOBIKWIK,EQ,,,,,ONE MOBIKWIK SYSTEMS LTD,194.95,202.39,194.95,196.32,196.16,194.93,,196.33,,,603060,119547469.24,8197,F1,1,,,,,
2026-09-30,2026-09-30,CM,NSE,STK,17279,INE153T01027,BLS,EQ,,,,,BLS INTL SERVS LTD,219.55,223.93,217.23,218.26,218.37,219.55,,218.26,,,602312,132600608.29,18598,F1,1,,,,,
2026-09-30,2026-09-30,CM,NSE,STK,12032,INE128S01021,FIVESTAR,EQ,,,,,FIVE-STAR BUS FIN LTD,495.05,519.9,494.85,516.85,517.9,497.25,,516.85,,,602120,308771545.95,25339,F1,1,,,,,
2026-09-30,2026-09-30,CM,NSE,STK,760300,INE0G1L01025,LEMERITE,EQ,,,,,LE MERITE EXPORTS LIMITED,19.9,20.38,19.0,19.93,19.59,19.95,,19.93,,,598289,11755992.59,665,F1,1,,,,,
2026-09-30,2026-09-30,CM,NSE,STK,759814,INF769K01PQ4,SMALL250,EQ,,,,,MIRAEAMC - SMALL250,17.9,18.0,17.81,17.91,17.82,17.9,,17.91,,,592871,10628357.1,670,F1,1,,,,,
2026-09-30,2026-09-30,CM,NSE,STK,10557,INE278M01019,NAVKARCORP,EQ,,,,,NAVKAR CORPORATION LTD.,87.0,88.05,84.11,84.88,85.45,86.6,,84.89,,,591236,50499628.88,4458,F1,1,,,,,
2026-09-30,2026-09-30,CM,NSE,STK,25606,INF247L01DK8,MOMENTUM50,EQ,,,,,MOTILALAMC - MOMENTUM50,52.47,53.05,52.23,52.54,52.61,52.47,,52.54,,,591232,31155027.49,14081,F1,1,,,,,
2026-09-30,2026-09-30,CM,NSE,STK,19783,INE08KJ01020,MUFIN,EQ,,,,,MUFIN GREEN FINANCE LTD,131.97,133.65,130.01,131.51,130.36,132.15,,131.67,,,589751,77843165.63,3272,F1,1,,,,,
2026-09-30,2026-09-30,CM,NSE,STK,25780,INE702C01027,APLAPOLLO,EQ,,,,,APL APOLLO TUBES LTD,2201.9,2224.5,2181.6,2190.1,2190.1,2188.6,,2190.09,,,587352,1294200556.2,31657,F1,1,,,,,
2026-09-30,2026-09-30,CM,NSE,STK,14003,INE966H01019,ZEEMEDIA,EQ,,,,,ZEE MEDIA CORPORATION LTD,7.2,7.37,7.17,7.21,7.25,7.18,,7.21,,,587340,4263604.37,1039,F1,1,,,,,
2026-09-30,2026-09-30,CM,NSE,STK,17433,INE0NT901020,NETWEB,EQ,,,,,NETWEB TECH INDIA LTD,4625.0,4684.5,4530.0,4548.0,4548.0,4613.0,,4548.12,,,586472,2707898240.0,55267,F1,1,,,,,
2026-09-30,2026-09-30,CM,NSE,STK,765502,INE103001017,ANNU,EQ,,,,,ANNU PROJECTS LIMITED,47.85,50.2,47.85,48.22,48.47,47.84,,48.23,,,585399,28785737.5,5717,F1,1,,,,,
2026-09-30,2026-09-30,CM,NSE,STK,28378,INE0Q9301021,IGIL,EQ,,,,,INTL GEMOLOGICAL INST LTD,323.2,327.05,314.05,315.9,316.55,324.3,,315.9,,,584224,187156569.45,17804,F1,1,,,,,
2026-09-30,2026-09-30,CM,NSE,STK,3481,INE332A01027,THOMASCOOK,EQ,,,,,THOMAS COOK (INDIA) LTD,103.03,104.58,102.0,102.39,102.53,103.92,,102.4,,,582675,60099375.18,6782,F1,1,,,,,
2026-09-30,2026-09-30,CM,NSE,STK,17971,INE018E01016,SBICARD,EQ,,,,,SBI CARDS & PAY SER LTD,585.15,591.25,578.05,578.05,578.05,581.0,,578.02,,,582328,340260736.4,20630,F1,1,,,,,
2026-09-30,2026-09-30,CM,NSE,STK,763839,INE17QZ01016,KNACK,EQ,,,,,KNACK PACKAGING LIMITED,175.75,182.0,175.75,180.0,180.0,176.58,,180.0,,,582310,104649689.32,5881,F1,1,,,,,
2026-09-30,2026-09-30,CM,NSE,STK,764553,INE01NH01023,DHOOTTRANS,EQ,,,,,DHOOT TRANSMISSION LTD,1505.0,1518.9,1480.0,1488.8,1484.9,1504.6,,1488.74,,,580685,871467803.2,43474,F1,1,,,,,
2026-09-30,2026-09-30,CM,NSE,STK,2909,INE209B01025,RICOAUTO,EQ,,,,,RICO AUTO INDUSTRIES LTD,126.5,129.18,125.65,126.92,126.03,126.22,,126.92,,,579784,74089698.51,5849,F1,1,,,,,
2026-09-30,2026-09-30,CM,NSE,STK,20322,INE007N01010,FEDFINA,EQ,,,,,FEDBANK FINANCIAL SER L,149.0,152.07,149.0,150.96,150.72,148.86,,150.94,,,578967,87358234.61,9681,F1,1,,,,,
2026-09-30,2026-09-30,CM,NSE,STK,29472,INE004A01022,PROTEAN,EQ,,,,,PROTEAN EGOV TECHNO LTD,666.65,684.4,651.65,659.3,657.35,666.65,,659.17,,,574562,384474689.65,15711,F1,1,,,,,
2026-09-30,2026-09-30,CM,NSE,STK,1901,INE298A01020,CUMMINSIND,EQ,,,,,CUMMINS INDIA LTD,4821.5,4839.0,4741.0,4760.0,4760.0,4800.0,,4759.99,,,573791,2755420408.0,54127,F1,1,,,,,
2026-09-30,2026-09-30,CM,NSE,STK,20242,INE093I01010,OBEROIRLTY,EQ,,,,,OBEROI REALTY LIMITED,1760.0,1796.3,1751.5,1765.7,1765.7,1762.9,,1765.7,,,573434,1019123076.8,44237,F1,1,,,,,
2026-09-30,2026-09-30,CM,NSE,STK,9581,INE112L01020,METROPOLIS,EQ,,,,,METROPOLIS HEALTHCARE LTD,560.0,561.25,536.65,541.7,540.0,562.3,,541.7,,,572003,311593240.65,32010,F1,1,,,,,
2026-09-30,2026-09-30,CM,NSE,STK,1348,INE158A01026,HEROMOTOCO,EQ,,,,,HERO MOTOCORP LIMITED,5236.5,5341.0,5236.5,5241.0,5241.0,5208.0,,5241.0,,,567810,3003681123.5,57772,F1,1,,,,,
2026-09-30,2026-09-30,CM,NSE,STK,15184,INE791I01019,BRIGADE,EQ,,,,,BRIGADE ENTER. LTD,559.1,586.85,559.1,575.25,573.4,563.05,,575.26,,,566667,325979782.3,41508,F1,1,,,,,
2026-09-30,2026-09-30,CM,NSE,STK,758115,INE0J5801029,JSLL,EQ,,,,,JEENA SIKHO LIFECARE LTD,509.45,512.9,494.6,500.8,498.0,509.45,,500.84,,,559788,280017254.4,24240,F1,1,,,,,
2026-09-30,2026-09-30,CM,NSE,STK,7553,INE349A01021,NRBBEARING,EQ,,,,,NRB BEARING LIMITED,542.0,555.0,527.55,534.05,528.1,541.05,,534.08,,,557714,299838170.5,21213,F1,1,,,,,
2026-09-30,2026-09-30,CM,NSE,STK,14064,INE855F01042,ASMS,EQ,,,,,AVIO SMART MRKT STACK LTD,6.2,6.49,5.81,6.06,5.96,6.08,,6.06,,,557356,3399026.26,932,F1,1,,,,,
2026-09-30,2026-09-30,CM,NSE,STK,11932,INE139R01012,FUSION,EQ,,,,,FUSION FINANCE LIMITED,175.05,178.2,172.87,175.08,175.02,173.3,,175.05,,,555656,97162261.98,7309,F1,1,,,,,
2026-09-30,2026-09-30,CM,NSE,STK,7560,INE368U01029,UNITEDPOLY,EQ,,,,,UNITED POLYFAB GUJ. LTD.,46.93,47.56,46.26,47.47,47.51,46.87,,47.47,,,555562,26226376.01,1315,F1,1,,,,,
2026-09-30,2026-09-30,CM,NSE,STK,13457,INE390H01020,KAMDHENU,EQ,,,,,KAMDHENU LIMITED,38.15,40.25,37.81,38.08,37.9,38.41,,38.08,,,554860,21333923.02,2507,F1,1,,,,,
2026-09-30,2026-09-30,CM,NSE,STK,236,INE021A01026,ASIANPAINT,EQ,,,,,ASIAN PAINTS LIMITED,2410.0,2430.5,2390.0,2402.6,2402.6,2415.0,,2402.61,,,553695,1331515414.3,48522,F1,1,,,,,
2026-09-30,2026-09-30,CM,NSE,STK,757478,INE090501011,SCODATUBES,EQ,,,,,SCODA TUBES LIMITED,127.75,127.9,124.03,124.87,124.63,130.14,,124.86,,,553569,69587880.75,4668,F1,1,,,,,
2026-09-30,2026-09-30,CM,NSE,STK,7145,INE463V01026,ANANDRATHI,EQ,,,,,ANAND RATHI WEALTH LTD,2111.1,2127.6,2072.0,2120.0,2120.0,2100.6,,2119.77,,,552945,1163493958.7,36823,F1,1,,,,,
2026-09-30,2026-09-30,CM,NSE,STK,28899,INE602G01020,KITEX,EQ,,,,,KITEX GARMENTS LTD,115.51,121.18,115.2,119.55,119.56,115.56,,119.54,,,552200,66071903.99,7195,F1,1,,,,,
2026-09-30,2026-09-30,CM,NSE,STK,12490,INE01KI01027,VINNY,EQ,,,,,VINNY OVERSEAS LIMITED,0.92,0.92,0.88,0.89,0.9,0.9,,0.89,,,551566,494395.06,207,F1,1,,,,,
2026-09-30,2026-09-30,CM,NSE,STK,1859,INE087A01019,KESORAMIND,EQ,,,,,KESORAM INDUSTRIES LTD,11.08,11.1,10.56,10.92,10.81,10.84,,10.92,,,547872,5971873.66,1613,F1,1,,,,,
2026-09-30,2026-09-30,CM,NSE,STK,10940,INE361B01024,DIVISLAB,EQ,,,,,DIVI S LABORATORIES LTD,9499.5,9505.0,9275.0,9291.5,9291.5,9431.0,,9291.48,,,541269,5066450759.0,83366,F1,1,,,,,
2026-09-30,2026-09-30,CM,NSE,STK,761197,INE0V0W01025,GKSL,EQ,,,,,GUJARAT KIDNEY N SUP SP L,177.52,184.4,176.38,179.05,178.2,175.89,,179.07,,,537362,97075844.77,10036,F1,1,,,,,
2026-09-30,2026-09-30,CM,NSE,STK,27839,INE570L01029,SAILIFE,EQ,,,,,SAI LIFE SCIENCES LIMITED,1565.7,1577.9,1516.4,1524.5,1529.0,1559.9,,1524.54,,,537181,825078732.2,43592,F1,1,,,,,
2026-09-30,2026-09-30,CM,NSE,STK,757336,INE0INX01018,AEGISVOPAK,EQ,,,,,AEGIS VOPAK TERMINALS LTD,296.0,299.5,294.05,296.8,297.0,294.25,,296.79,,,532792,158337610.35,17028,F1,1,,,,,
2026-09-30,2026-09-30,CM,NSE,STK,760007,INE606N01019,EXCELSOFT,EQ,,,,,EXCELSOFT TECHNOLOGIES L,83.99,85.7,80.23,81.17,80.54,83.39,,81.17,,,532184,44000306.16,5692,F1,1,,,,,
2026-09-30,2026-09-30,CM,NSE,STK,24159,INE916Y01027,AFIL,EQ,,,,,AKME FINTRADE (INDIA) LTD,7.98,8.05,7.86,7.93,7.86,7.85,,7.93,,,529863,4207227.23,484,F1,1,,,,,
2026-09-30,2026-09-30,CM,NSE,STK,11411,INE399G01023,RKFORGE,EQ,,,,,RAMKRISHNA FORGINGS LTD,719.9,724.0,699.1,702.3,700.35,714.65,,702.26,,,529472,375812843.1,22101,F1,1,,,,,
2026-09-30,2026-09-30,CM,NSE,STK,5911,INE045601023,PARAS,EQ,,,,,PARAS DEF AND SPCE TECH L,1325.0,1346.0,1303.0,1311.0,1310.9,1325.0,,1311.08,,,529254,702833173.6,33732,F1,1,,,,,
2026-09-30,2026-09-30,CM,NSE,STK,16696,INE0PA801013,GHCLTEXTIL,EQ,,,,,GHCL TEXTILES LIMITED,132.04,136.44,128.15,128.9,130.45,132.27,,128.91,,,528612,69433743.21,16954,F1,1,,,,,
2026-09-30,2026-09-30,CM,NSE,STK,1186,INE068V01023,GLAND,EQ,,,,,GLAND PHARMA LIMITED,2990.0,3007.7,2872.0,2899.4,2905.0,2989.7,,2899.49,,,528548,1555215750.7,48457,F1,1,,,,,
2026-09-30,2026-09-30,CM,NSE,STK,18562,INE997Y01027,MITTAL,EQ,,,,,MITTAL LIFE STYLE LIMITED,0.73,0.73,0.72,0.72,0.73,0.72,,0.72,,,528176,382515.01,227,F1,1,,,,,
2026-09-30,2026-09-30,CM,NSE,STK,14154,INE405E01023,UNOMINDA,EQ,,,,,UNO MINDA LIMITED,1159.1,1184.1,1159.1,1170.0,1170.0,1162.0,,1170.0,,,527106,619306748.9,39435,F1,1,,,,,
2026-09-30,2026-09-30,CM,NSE,STK,11654,INE600L01024,LALPATHLAB,EQ,,,,,DR. LAL PATH LABS LTD.,1946.0,1994.0,1865.0,1987.0,1983.0,1950.4,,1987.02,,,525994,1021957342.6,51969,F1,1,,,,,
2026-09-30,2026-09-30,CM,NSE,STK,3149,INE666D01022,BORORENEW,EQ,,,,,BOROSIL RENEWABLES LTD,452.95,470.8,452.95,458.15,459.8,452.5,,458.16,,,523400,243005412.15,24431,F1,1,,,,,
2026-09-30,2026-09-30,CM,NSE,STK,22947,INE777F01014,EXICOM,EQ,,,,,EXICOM TELE SYSTEMS LTD,152.97,158.6,151.0,152.11,151.7,152.97,,152.11,,,522829,80488558.04,6672,F1,1,,,,,
2026-09-30,2026-09-30,CM,NSE,STK,762680,INE225B01021,FERMENTA,EQ,,,,,FERMENTA BIOTECH LTD.,538.0,564.9,528.7,549.7,546.0,551.35,,549.7,,,521926,286209450.85,18942,F1,1,,,,,
2026-09-30,2026-09-30,CM,NSE,STK,827,INE501A01019,DEEPAKFERT,EQ,,,,,DEEPAK FERTILIZERS & PETR,1305.1,1387.4,1305.1,1351.0,1351.0,1308.9,,1351.03,,,520150,705060048.6,33171,F1,1,,,,,
2026-09-30,2026-09-30,CM,NSE,STK,5782,INF769K01HP3,MASPTOP50,EQ,,,,,MIRAEAMC - MASPTOP50,101.98,101.98,98.01,99.66,99.74,99.5,,99.66,,,519681,51870237.03,6598,F1,1,,,,,
2026-09-30,2026-09-30,CM,NSE,STK,765558,INE15EH01014,PRIORITY,EQ,,,,,PRIORITY JEWELS LIMITED,305.0,326.8,297.8,301.6,299.95,293.64,,301.68,,,517501,162311503.53,13501,F1,1,,,,,
2026-09-30,2026-09-30,CM,NSE,STK,8510,INE079J01017,GATEWAY,EQ,,,,,GATEWAY DISTRIPARKS LTD,51.65,52.45,51.61,52.04,52.02,51.57,,52.04,,,515500,26769999.27,3249,F1,1,,,,,
2026-09-30,2026-09-30,CM,NSE,STK,3813,INE420B01036,ARIHANTCAP,EQ,,,,,ARIHANT CAPITAL MKTS LTD,90.58,92.55,88.98,89.74,89.5,90.58,,89.74,,,513589,46515031.83,3957,F1,1,,,,,
2026-09-30,2026-09-30,CM,NSE,STK,17704,INE615P01015,QUESS,EQ,,,,,QUESS CORP LIMITED,342.1,346.0,332.05,334.95,332.5,342.1,,334.95,,,513187,173566770.0,19855,F1,1,,,,,
2026-09-30,2026-09-30,CM,NSE,STK,2493,INE750A01020,ORIENTHOT,EQ,,,,,ORIENT HOTELS LTD,138.99,143.8,138.0,142.36,142.78,139.34,,142.36,,,511057,72496662.95,3679,F1,1,,,,,
2026-09-30,2026-09-30,CM,NSE,STK,509,INE249Z01020,MAZDOCK,EQ,,,,,MAZAGON DOCK SHIPBUIL LTD,2083.4,2140.0,2081.1,2113.0,2113.0,2087.1,,2112.89,,,510455,1082002353.4,28574,F1,1,,,,,
2026-09-30,2026-09-30,CM,NSE,STK,18571,INE934S01014,GNA,EQ,,,,,GNA AXLES LIMITED,599.0,612.0,585.65,598.35,599.95,593.75,,598.36,,,510171,305568846.65,15474,F1,1,,,,,
2026-09-30,2026-09-30,CM,NSE,STK,9902,INE02EZ01022,AXITA,EQ,,,,,AXITA COTTON LIMITED,7.84,7.86,7.7,7.71,7.71,7.81,,7.71,,,504922,3926720.22,715,F1,1,,,,,
2026-09-30,2026-09-30,CM,NSE,STK,3507,INF769K01HF4,MAFANG,EQ,,,,,MIRAEAMC - MAFANG,238.14,242.36,235.6,240.79,242.12,238.14,,240.79,,,504625,121348424.17,10749,F1,1,,,,,
2026-09-30,2026-09-30,CM,NSE,STK,2816,INE613A01020,RALLIS,EQ,,,,,RALLIS INDIA LTD,199.7,200.86,198.05,199.73,199.92,199.96,,199.73,,,503038,100437404.49,16696,F1,1,,,,,
2026-09-30,2026-09-30,CM,NSE,STK,759880,INE19RI01016,TENNIND,EQ,,,,,TENNECO CLEAN AIR INDIA L,514.5,516.75,506.25,508.25,506.3,508.6,,508.23,,,502623,257590664.15,41267,F1,1,,,,,
2026-09-30,2026-09-30,CM,NSE,STK,17271,INE602W01027,SENCO,EQ,,,,,SENCO GOLD LIMITED,329.0,332.7,320.0,320.95,321.0,328.3,,320.96,,,502576,163482167.0,16857,F1,1,,,,,
2026-09-30,2026-09-30,CM,NSE,STK,764195,INF174KA1A94,PVTBANK,EQ,,,,,KOTAKMAMC - PVTBANK,26.95,27.44,26.33,26.55,26.65,27.01,,26.55,,,502363,13523744.68,189,F1,1,,,,,
2026-09-30,2026-09-30,CM,NSE,STK,14853,INE800H01010,OMAXE,EQ,,,,,OMAXE LIMITED,109.48,113.0,109.13,109.76,109.99,109.48,,109.78,,,497588,55282012.61,5941,F1,1,,,,,
2026-09-30,2026-09-30,CM,NSE,STK,17397,INE863B01029,PREMEXPLN,EQ,,,,,PREMIER EXPLOSIVES LTD,676.0,685.7,676.0,684.1,684.5,675.3,,684.1,,,494973,338024504.7,4155,F1,1,,,,,
2026-09-30,2026-09-30,CM,NSE,STK,9590,INE455K01017,POLYCAB,EQ,,,,,POLYCAB INDIA LIMITED,8102.5,8177.0,8026.0,8026.0,8026.0,8102.5,,8026.09,,,494724,4003875304.0,55306,F1,1,,,,,
2026-09-30,2026-09-30,CM,NSE,STK,18967,INE542Z01028,KAPSTON,EQ,,,,,KAPSTON SERVICES LIMITED,569.0,569.0,545.25,550.35,551.0,555.7,,550.35,,,494511,272540501.7,4268,F1,1,,,,,
2026-09-30,2026-09-30,CM,NSE,STK,17752,INE790G01031,SHILPAMED,EQ,,,,,SHILPA MEDICARE LTD,1060.0,1075.0,1033.5,1047.2,1041.95,1055.75,,1047.15,,,492219,518788422.3,32209,F1,1,,,,,
2026-09-30,2026-09-30,CM,NSE,STK,13753,INE784W01015,MANOMAY,EQ,,,,,MANOMAY TEX INDIA LTD,238.5,244.9,234.17,240.66,240.0,236.46,,240.8,,,491051,118529358.41,14937,F1,1,,,,,
2026-09-30,2026-09-30,CM,NSE,STK,764126,INE17IR01028,LASERPOWER,EQ,,,,,LASER POWER & INFRA LTD,269.75,277.0,262.25,263.85,263.0,270.45,,263.84,,,490611,132635783.05,9958,F1,1,,,,,
2026-09-30,2026-09-30,CM,NSE,STK,13359,INE138Y01010,KFINTECH,EQ,,,,,KFIN TECHNOLOGIES LIMITED,840.0,853.8,837.4,840.0,840.0,838.2,,840.04,,,489013,413751847.95,24368,F1,1,,,,,
2026-09-30,2026-09-30,CM,NSE,STK,18151,INE395N01027,TVSSCS,EQ,,,,,TVS SUPPLY CHAIN SOL L,131.0,134.4,130.05,130.57,130.35,131.3,,130.57,,,488937,64253177.34,10476,F1,1,,,,,
2026-09-30,2026-09-30,CM,NSE,STK,22649,INE988S01028,PARKHOTELS,EQ,,,,,PARKHOTELS,102.0,107.5,99.97,105.92,106.05,102.02,,105.92,,,488392,50865522.8,12057,F1,1,,,,,
2026-09-30,2026-09-30,CM,NSE,STK,1919,INE082A01010,KOPRAN,EQ,,,,,KOPRAN LTD,293.8,295.83,277.01,278.32,279.0,290.9,,278.31,,,487875,139538828.7,9241,F1,1,,,,,
2026-09-30,2026-09-30,CM,NSE,STK,547,INE216A01030,BRITANNIA,EQ,,,,,BRITANNIA INDUSTRIES LTD,4830.0,4830.5,4758.0,4830.0,4830.0,4835.0,,4829.97,,,485651,2328100425.0,34926,F1,1,,,,,
2026-09-30,2026-09-30,CM,NSE,STK,20152,INE491J01022,ASKAUTOLTD,EQ,,,,,ASK AUTOMOTIVE LIMITED,621.95,652.2,614.75,640.1,634.0,619.85,,640.12,,,479507,305717941.2,25467,F1,1,,,,,
2026-09-30,2026-09-30,CM,NSE,STK,48,INE419U01012,HAPPSTMNDS,EQ,,,,,HAPPIEST MINDS TECHNO LTD,308.7,315.25,308.65,310.6,310.0,308.7,,310.59,,,477766,149272549.45,10530,F1,1,,,,,
2026-09-30,2026-09-30,CM,NSE,STK,25574,INE908D01010,SHAKTIPUMP,EQ,,,,,SHAKTI PUMPS (I) LTD,459.95,471.0,458.6,461.35,460.8,458.0,,461.36,,,477179,221528203.8,23538,F1,1,,,,,
2026-09-30,2026-09-30,CM,NSE,STK,23365,INE416A01051,AQYLON,EQ,,,,,AQYLON NEXUS LIMITED,17.11,17.39,16.26,16.26,16.26,17.11,,16.26,,,476188,7843059.64,1728,F1,1,,,,,
2026-09-30,2026-09-30,CM,NSE,STK,24870,INE878H01024,INVENTURE,EQ,,,,,INVENTURE GRO & SEC LTD,0.86,0.88,0.86,0.86,0.86,0.86,,0.86,,,476101,412923.97,283,F1,1,,,,,
2026-09-30,2026-09-30,CM,NSE,STK,595,INE120A01034,CARBORUNIV,EQ,,,,,CARBORUNDUM UNIVERSAL LTD,1206.5,1269.9,1204.4,1252.5,1250.0,1200.5,,1252.49,,,475133,592918098.6,36400,F1,1,,,,,
2026-09-30,2026-09-30,CM,NSE,STK,760204,INE0FW001016,MARKOLINES,EQ,,,,,MARKOLINES PAVEMENT TEC L,169.59,170.2,166.4,167.72,167.5,167.82,,167.76,,,473817,80109109.28,1893,F1,1,,,,,
2026-09-30,2026-09-30,CM,NSE,STK,9049,INE535D01037,ROTO,EQ,,,,,ROTO PUMPS LIMITED,63.73,65.55,63.57,64.58,64.18,63.26,,64.58,,,473626,30457060.33,3232,F1,1,,,,,
2026-09-30,2026-09-30,CM,NSE,STK,7411,INE00S901012,NILASPACES,EQ,,,,,NILA SPACES LIMITED,11.27,11.64,11.11,11.19,11.37,11.16,,11.19,,,471707,5361615.68,1305,F1,1,,,,,
2026-09-30,2026-09-30,CM,NSE,STK,27144,INE0UIZ01018,BLACKBUCK,EQ,,,,,BLACKBUCK LIMITED,628.0,634.0,606.0,607.9,607.6,622.4,,607.92,,,471558,292287016.05,22685,F1,1,,,,,
2026-09-30,2026-09-30,CM,NSE,STK,22739,INF247L01AP3,MON100,EQ,,,,,MOTILAL OS NASDAQ100 ETF,319.64,323.6,316.44,321.08,321.12,319.64,,321.08,,,470889,151237572.19,12812,F1,1,,,,,
2026-09-30,2026-09-30,CM,NSE,STK,31163,INE743M01012,RHIM,EQ,,,,,RHI MAGNESITA INDIA LTD,393.9,398.9,383.75,384.85,385.7,393.2,,384.87,,,469409,183039328.6,16474,F1,1,,,,,
2026-09-30,2026-09-30,CM,NSE,STK,6711,INE050B01023,IVC,EQ,,,,,IL&FS INVESTMENT MANAGERS,7.71,8.18,7.71,7.8,7.89,7.68,,7.8,,,469057,3724419.94,1771,F1,1,,,,,
2026-09-30,2026-09-30,CM,NSE,STK,7936,INE871C01038,AVANTIFEED,EQ,,,,,AVANTI FEEDS LIMITED,751.0,759.1,715.0,717.8,722.0,747.5,,717.83,,,468691,340842340.4,31016,F1,1,,,,,
2026-09-30,2026-09-30,CM,NSE,STK,14485,INE083B01024,THEMISMED,EQ,,,,,THEMIS MEDICARE LTD.,120.9,122.19,115.25,116.46,116.5,119.95,,116.46,,,468486,54697617.44,1409,F1,1,,,,,
2026-09-30,2026-09-30,CM,NSE,STK,916,INE126A01031,EIDPARRY,EQ,,,,,EID PARRY INDIA LTD,696.0,708.0,681.0,685.9,683.5,696.25,,685.92,,,467662,324864363.35,33280,F1,1,,,,,
2026-09-30,2026-09-30,CM,NSE,STK,11627,INE117Z01029,NARMADA,EQ,,,,,NARMADA AGROBASE LIMITED,12.75,13.19,12.6,12.71,12.85,12.75,,12.71,,,465925,6030178.87,744,F1,1,,,,,
2026-09-30,2026-09-30,CM,NSE,STK,17818,INE214T01019,LTM,EQ,,,,,LTM LIMITED,3979.9,4138.0,3979.9,4045.0,4045.0,3936.0,,4044.94,,,463734,1882426313.4,37839,F1,1,,,,,
2026-09-30,2026-09-30,CM,NSE,STK,10310,INE898S01029,AURUM,EQ,,,,,AURUM PROPTECH LIMITED,221.8,238.54,220.06,232.37,231.0,220.31,,232.37,,,461824,106808672.12,9784,F1,1,,,,,
2026-09-30,2026-09-30,CM,NSE,STK,3736,INE711A01022,WALCHANNAG,EQ,,,,,WALCHANDNAGAR INDUSTRIES,204.4,210.84,199.1,200.24,200.0,203.24,,200.23,,,460410,94133746.85,9294,F1,1,,,,,
2026-09-30,2026-09-30,CM,NSE,STK,3637,INE700A01033,JUBLPHARMA,EQ,,,,,JUBILANT PHARMOVA LTD,1052.1,1063.1,1021.6,1028.8,1028.0,1048.2,,1028.8,,,460073,475692533.9,29569,F1,1,,,,,
2026-09-30,2026-09-30,CM,NSE,STK,23650,INE414G01012,MUTHOOTFIN,EQ,,,,,MUTHOOT FINANCE LIMITED,2747.9,2783.9,2737.1,2737.1,2737.1,2736.8,,2737.12,,,459482,1267674333.4,52359,F1,1,,,,,
2026-09-30,2026-09-30,CM,NSE,STK,15283,INE634I01029,KNRCON,EQ,,,,,KNR CONSTRU LTD.,118.38,120.6,118.08,118.58,119.58,119.33,,118.58,,,458300,54607767.87,6447,F1,1,,,,,
2026-09-30,2026-09-30,CM,NSE,STK,11956,INE474Q01031,MEDANTA,EQ,,,,,GLOBAL HEALTH LIMITED,1426.7,1429.1,1352.4,1365.0,1368.0,1415.1,,1364.99,,,457701,630560989.2,52336,F1,1,,,,,
2026-09-30,2026-09-30,CM,NSE,STK,5926,INE306R01017,INTELLECT,EQ,,,,,INTELLECT DESIGN ARENA,614.0,634.2,609.0,613.65,610.0,613.25,,613.66,,,457036,285096481.4,25736,F1,1,,,,,
2026-09-30,2026-09-30,CM,NSE,STK,1038,INE235A01022,FINCABLES,EQ,,,,,FINOLEX CABLES LTD,1432.0,1472.4,1432.0,1450.3,1446.0,1435.5,,1450.25,,,452990,656263486.9,26641,F1,1,,,,,
2026-09-30,2026-09-30,CM,NSE,STK,25608,INE337M01021,INDOTHAI,EQ,,,,,INDO THAI SEC LTD,32.4,33.52,32.39,33.52,33.52,31.93,,33.53,,,452135,15045008.99,1625,F1,1,,,,,
2026-09-30,2026-09-30,CM,NSE,STK,19372,INE970N01027,SPCENET,EQ,,,,,SPACENET ENTERS IND LTD,3.16,3.35,3.15,3.18,3.2,3.19,,3.18,,,450589,1445643.21,483,F1,1,,,,,
2026-09-30,2026-09-30,CM,NSE,STK,20425,INE295D01020,NACLIND,EQ,,,,,NACL INDUSTRIES LIMITED,132.1,136.99,132.1,132.86,133.1,132.45,,132.87,,,449680,60254701.52,7125,F1,1,,,,,
2026-09-30,2026-09-30,CM,NSE,STK,6718,INE806T01020,SAPPHIRE,EQ,,,,,SAPPHIRE FOODS INDIA LTD,211.48,216.92,209.45,212.08,210.95,211.05,,212.08,,,448922,95760440.06,19895,F1,1,,,,,
2026-09-30,2026-09-30,CM,NSE,STK,756925,INE607A01022,PRIMO,EQ,,,,,PRIMO CHEMICALS LIMITED,27.9,28.0,26.4,26.64,26.51,27.38,,26.63,,,448253,12227492.38,1740,F1,1,,,,,
2026-09-30,2026-09-30,CM,NSE,STK,1232,INE047A01021,GRASIM,EQ,,,,,GRASIM INDUSTRIES LTD,3100.0,3112.3,3046.4,3061.9,3061.9,3100.0,,3061.9,,,448156,1375918981.0,35657,F1,1,,,,,
2026-09-30,2026-09-30,CM,NSE,STK,7374,INE939A01011,STAR,EQ,,,,,STRIDES PHARMA SCI LTD,1167.0,1174.5,1110.0,1120.0,1110.3,1172.6,,1119.73,,,447494,506091852.2,40952,F1,1,,,,,
2026-09-30,2026-09-30,CM,NSE,STK,23740,INE673O01025,TBOTEK,EQ,,,,,TBO TEK LIMITED,1670.5,1729.9,1660.0,1685.2,1690.0,1684.7,,1685.08,,,446861,760685070.0,19757,F1,1,,,,,
2026-09-30,2026-09-30,CM,NSE,STK,22566,INE0NLT01010,BLSE,EQ,,,,,BLS E-SERVICES LIMITED,323.0,332.0,321.1,328.6,326.0,321.1,,328.6,,,445285,145663659.25,6718,F1,1,,,,,
2026-09-30,2026-09-30,CM,NSE,STK,1164,INE619B01017,NEWGEN,EQ,,,,,NEWGEN SOFTWARE TECH LTD,474.9,481.2,465.55,467.85,467.0,473.0,,467.86,,,443488,210449391.15,19998,F1,1,,,,,
2026-09-30,2026-09-30,CM,NSE,STK,27213,INE0LLY01014,EIEL,EQ,,,,,ENVIRO INFRA ENGINEERS L,193.05,195.66,188.0,189.62,190.2,191.48,,189.61,,,435975,83417238.14,10157,F1,1,,,,,
2026-09-30,2026-09-30,CM,NSE,STK,764397,INE0OWZ01020,MVELECTRO,EQ,,,,,MV ELECTROSYSTEMS LIMITED,840.3,843.4,811.55,818.15,818.0,838.05,,818.15,,,433635,358563051.75,15079,F1,1,,,,,
2026-09-30,2026-09-30,CM,NSE,STK,10999,INE585B01010,MARUTI,EQ,,,,,MARUTI SUZUKI INDIA LTD.,11901.0,12065.0,11879.0,11967.0,11967.0,11877.0,,11966.84,,,430286,5148312107.0,46788,F1,1,,,,,
2026-09-30,2026-09-30,CM,NSE,STK,21334,INE980O01024,JYOTICNC,EQ,,,,,JYOTI CNC AUTOMATION LTD,1062.0,1068.35,1028.0,1039.85,1033.4,1059.3,,1039.55,,,430258,453067997.55,25916,F1,1,,,,,
2026-09-30,2026-09-30,CM,NSE,STK,22663,INE953L01027,JSFB,EQ,,,,,JANA SMALL FIN BANK LTD,506.0,509.0,486.0,489.3,489.0,503.7,,489.3,,,428503,212299789.2,15566,F1,1,,,,,
2026-09-30,2026-09-30,CM,NSE,STK,13644,INF740KA1RX3,BANKADD,EQ,,,,,DSPAMC - DSPBANK,56.16,56.43,55.84,56.23,56.02,55.89,,56.23,,,428485,24095991.64,97,F1,1,,,,,
2026-09-30,2026-09-30,CM,NSE,STK,20203,INE550C01020,URJA,EQ,,,,,URJA GLOBAL LIMITED,8.88,8.93,8.67,8.77,8.8,8.9,,8.77,,,428412,3771150.39,2756,F1,1,,,,,
2026-09-30,2026-09-30,CM,NSE,STK,764955,INE284B01028,TGVSL,EQ,,,,,T G V SRAAC LTD.,123.6,125.0,120.0,121.48,122.49,122.47,,121.49,,,424592,51803051.58,4448,F1,1,,,,,
2026-09-30,2026-09-30,CM,NSE,STK,14552,INE211B01039,PHOENIXLTD,EQ,,,,,THE PHOENIX MILLS LTD,1940.4,1963.4,1916.2,1935.0,1935.0,1929.0,,1935.0,,,421345,819113264.8,37845,F1,1,,,,,
2026-09-30,2026-09-30,CM,NSE,STK,760213,INE324D01010,LGEINDIA,EQ,,,,,LG ELECTRONICS INDIA LTD,1740.0,1740.0,1704.0,1723.5,1710.5,1739.2,,1723.32,,,421274,725837681.0,40504,F1,1,,,,,
2026-09-30,2026-09-30,CM,NSE,STK,13290,INE350H01032,BLKASHYAP,EQ,,,,,B.L.KASHYAP & SON LTD,50.61,53.44,50.0,50.36,50.5,50.9,,50.36,,,421044,21669733.39,3073,F1,1,,,,,
2026-09-30,2026-09-30,CM,NSE,STK,757772,INE756I01012,HDBFS,EQ,,,,,HDB FINANCIAL SERVICES L,630.9,637.5,620.0,621.3,620.05,630.9,,621.29,,,420599,263987727.9,34700,F1,1,,,,,
2026-09-30,2026-09-30,CM,NSE,STK,910,INE066A01021,EICHERMOT,EQ,,,,,EICHER MOTORS LTD,7182.0,7245.0,7120.0,7150.0,7150.0,7179.0,,7149.99,,,418141,3002574890.5,45153,F1,1,,,,,
2026-09-30,2026-09-30,CM,NSE,STK,12188,INE510W01014,INOXGREEN,EQ,,,,,INOX GREEN ENERGY SER LTD,164.79,166.82,160.0,161.07,161.0,163.96,,161.06,,,413754,67445895.15,7868,F1,1,,,,,
2026-09-30,2026-09-30,CM,NSE,STK,20182,INE442H01029,ASHOKA,EQ,,,,,ASHOKA BUILDCON LTD,108.74,111.83,107.31,107.75,107.6,108.53,,107.76,,,413067,44914987.62,5889,F1,1,,,,,
2026-09-30,2026-09-30,CM,NSE,STK,9668,INE475B01022,HIKAL,EQ,,,,,HIKAL LIMITED,217.0,223.0,216.65,217.89,217.68,218.05,,217.89,,,411937,90826266.95,8973,F1,1,,,,,
2026-09-30,2026-09-30,CM,NSE,STK,29075,INE0M4D01010,SETL,EQ,,,,,STANDARD ENGNG TCNLGY LTD,428.95,436.95,415.0,422.8,423.9,428.95,,422.71,,,407519,172447778.25,9278,F1,1,,,,,
2026-09-30,2026-09-30,CM,NSE,STK,393,INE581X01021,GLOBE,EQ,,,,,GLOBE ENTERPRISE (I) LTD,2.14,2.18,2.11,2.14,2.14,2.14,,2.14,,,406477,874837.28,224,F1,1,,,,,
2026-09-30,2026-09-30,CM,NSE,STK,3327,INE659A01023,SUDARSCHEM,EQ,,,,,SUDARSHAN CHEMICAL INDS L,1203.8,1241.6,1195.0,1203.9,1196.5,1197.3,,1203.94,,,406263,491650398.6,20582,F1,1,,,,,
2026-09-30,2026-09-30,CM,NSE,STK,3475,INE152A01029,THERMAX,EQ,,,,,THERMAX LTD,3280.0,3424.5,3276.0,3392.2,3379.9,3291.0,,3392.14,,,406098,1374986331.7,42055,F1,1,,,,,
2026-09-30,2026-09-30,CM,NSE,STK,25907,INE377N01017,WAAREEENER,EQ,,,,,WAAREE ENERGIES LIMITED,2390.0,2401.4,2364.9,2374.4,2374.4,2380.0,,2374.03,,,402951,961026441.9,33321,F1,1,,,,,
2026-09-30,2026-09-30,CM,NSE,STK,11233,INE495B01038,SUVEN,EQ,,,,,SUVEN LIFE SCIENCES LTD,326.0,328.5,315.6,320.2,319.0,324.75,,320.18,,,402663,129901107.8,9278,F1,1,,,,,
2026-09-30,2026-09-30,CM,NSE,STK,12000,INE963C01033,FAZE3Q,EQ,,,,,FAZE THREE LIMITED,428.0,462.2,420.0,442.15,437.0,422.2,,442.09,,,402154,178948141.1,12182,F1,1,,,,,
2026-09-30,2026-09-30,CM,NSE,STK,8866,INE102B01014,CHOICEIN,EQ,,,,,CHOICE INTERNATIONAL LTD,741.05,749.4,721.2,726.25,727.0,741.15,,726.24,,,401169,293934529.6,10413,F1,1,,,,,
2026-09-30,2026-09-30,CM,NSE,STK,19686,INE0KBH01020,BLUEJET,EQ,,,,,BLUE JET HEALTHCARE LTD,555.0,562.35,535.0,538.05,535.05,549.6,,538.12,,,399671,217722415.6,17575,F1,1,,,,,
2026-09-30,2026-09-30,CM,NSE,STK,15146,INE668F01031,JYOTHYLAB,EQ,,,,,JYOTHY LABS LIMITED,184.6,187.48,183.29,186.7,186.95,184.26,,186.7,,,398247,73994646.14,14275,F1,1,,,,,
2026-09-30,2026-09-30,CM,NSE,STK,3518,INE685A01028,TORNTPHARM,EQ,,,,,TORRENT PHARMACEUTICALS L,4935.0,4935.0,4786.0,4800.0,4800.0,4894.0,,4800.0,,,397999,1920774704.5,33549,F1,1,,,,,
2026-09-30,2026-09-30,CM,NSE,STK,759210,INE0MWH01014,TRUALT,EQ,,,,,TRUALT BIOENERGY LIMITED,458.4,472.5,447.05,468.65,472.0,458.4,,468.45,,,396825,182666375.5,7757,F1,1,,,,,
2026-09-30,2026-09-30,CM,NSE,STK,16639,INE415I01015,KIRIINDUS,EQ,,,,,KIRI INDUSTRIES LIMITED,544.1,553.3,540.0,541.3,541.8,543.45,,541.32,,,396704,216719498.7,9220,F1,1,,,,,
2026-09-30,2026-09-30,CM,NSE,STK,30893,INE00WV01027,CMRGREEN,EQ,,,,,CMR GREEN TECHNOLOGIES L,228.98,233.99,223.5,224.83,225.2,227.91,,224.84,,,395630,89783067.25,10985,F1,1,,,,,
2026-09-30,2026-09-30,CM,NSE,STK,20188,INE956G01038,WABAG,EQ,,,,,VA TECH WABAG LTD,2077.9,2141.9,2051.0,2061.4,2058.0,2093.8,,2061.53,,,394972,829319517.0,29478,F1,1,,,,,
2026-09-30,2026-09-30,CM,NSE,STK,14761,INE189I01024,NELCAST,EQ,,,,,NELCAST LIMITED,119.0,124.7,118.8,123.4,122.1,118.93,,123.4,,,394628,48285136.31,5596,F1,1,,,,,
2026-09-30,2026-09-30,CM,NSE,STK,5292,INE583R01029,PRITIKAUTO,EQ,,,,,PRITIKA AUTO INDUS LTD,19.0,19.0,16.91,17.08,17.15,18.4,,17.08,,,394236,6995893.76,1502,F1,1,,,,,
2026-09-30,2026-09-30,CM,NSE,STK,5200,INE266D01021,GRAUWEIL,EQ,,,,,GRAUER & WEIL IND LTD,83.98,85.28,82.5,82.77,82.88,82.78,,82.77,,,394032,33033847.73,3912,F1,1,,,,,
2026-09-30,2026-09-30,CM,NSE,STK,5245,INE198H01019,AAREYDRUGS,EQ,,,,,AAREY DRUGS & PHARM LTD,100.18,103.69,99.22,102.72,102.1,99.92,,102.71,,,392668,39494578.37,1923,F1,1,,,,,
2026-09-30,2026-09-30,CM,NSE,STK,20830,INE490G01020,MOIL,EQ,,,,,MOIL LIMITED,244.0,245.88,235.0,237.76,238.9,243.96,,237.78,,,392618,94518998.98,7014,F1,1,,,,,
2026-09-30,2026-09-30,CM,NSE,STK,10905,INE727B01026,GENESYS,EQ,,,,,GENESYS INTL CORPN LTD,278.0,286.7,271.41,273.43,272.4,277.68,,273.39,,,392461,108731706.72,7542,F1,1,,,,,
2026-09-30,2026-09-30,CM,NSE,STK,760346,INE428V01029,NEPHROPLUS,EQ,,,,,NEPHROCARE HEALTH SERV L,665.3,669.8,655.0,659.75,662.0,663.4,,659.76,,,391732,260835565.95,21739,F1,1,,,,,
2026-09-30,2026-09-30,CM,NSE,STK,10637,INE260D01016,OLECTRA,EQ,,,,,OLECTRA GREENTECH LIMITED,1136.0,1167.0,1130.0,1134.2,1132.0,1136.9,,1134.19,,,391576,448855094.8,19255,F1,1,,,,,
2026-09-30,2026-09-30,CM,NSE,STK,2705,INE074A01025,PRAJIND,EQ,,,,,PRAJ INDUSTRIES LTD,307.75,312.5,304.5,305.85,306.8,307.75,,305.86,,,391097,120685515.3,12122,F1,1,,,,,
2026-09-30,2026-09-30,CM,NSE,STK,4751,INE681B01017,INDRAMEDCO,EQ,,,,,INDRAPRASTHA MEDICAL CORP,355.0,358.95,340.2,348.95,349.2,354.8,,348.95,,,390892,135642224.7,13147,F1,1,,,,,
2026-09-30,2026-09-30,CM,NSE,STK,20323,INE688D01026,RESPONIND,EQ,,,,,RESPONSIVE INDUSTRIES LTD,168.02,176.59,163.35,165.38,165.29,168.09,,165.39,,,390374,66215872.88,6939,F1,1,,,,,
2026-09-30,2026-09-30,CM,NSE,STK,23693,INE065X01017,INDGN,EQ,,,,,INDEGENE LIMITED,606.0,614.5,585.0,590.75,587.7,605.15,,590.74,,,390007,232691421.7,24081,F1,1,,,,,
2026-09-30,2026-09-30,CM,NSE,STK,10990,INE944F01028,RADICO,EQ,,,,,RADICO KHAITAN LTD,4408.9,4516.0,4365.1,4366.0,4366.0,4364.0,,4365.99,,,387850,1720105027.7,45971,F1,1,,,,,
2026-09-30,2026-09-30,CM,NSE,STK,10453,INE836B01017,SATIN,EQ,,,,,SATIN CREDIT NET LTD,239.3,239.3,230.15,232.2,232.0,237.69,,232.2,,,386106,90299435.84,6635,F1,1,,,,,
2026-09-30,2026-09-30,CM,NSE,STK,18755,INE438K01021,KALAMANDIR,EQ,,,,,SAI SILKS (KALAMANDIR) L,76.0,77.63,75.9,76.27,76.25,76.19,,76.27,,,385217,29586681.58,4044,F1,1,,,,,
2026-09-30,2026-09-30,CM,NSE,STK,18553,INE682M01020,JLHL,EQ,,,,,JUPITER LIFE LINE HOSP L,262.05,263.05,251.5,253.6,252.1,262.05,,253.6,,,384611,98737677.85,37804,F1,1,,,,,
2026-09-30,2026-09-30,CM,NSE,STK,637,INE085A01013,CHAMBLFERT,EQ,,,,,CHAMBAL FERTILIZERS LTD,414.35,417.45,408.4,409.25,408.95,413.55,,409.25,,,384509,158324145.1,19186,F1,1,,,,,
2026-09-30,2026-09-30,CM,NSE,STK,7177,INE0CLI01024,RATEGAIN,EQ,,,,,RATEGAIN TRAVEL TECHN LTD,835.0,870.0,823.4,851.55,855.0,830.0,,851.56,,,381974,324985837.2,33094,F1,1,,,,,
2026-09-30,2026-09-30,CM,NSE,STK,5475,INE382Z01011,GRSE,EQ,,,,,GARDEN REACH SHIP&ENG LTD,2215.0,2235.1,2175.0,2181.9,2184.0,2206.1,,2181.94,,,377318,831253870.8,37095,F1,1,,,,,
2026-09-30,2026-09-30,CM,NSE,STK,18341,INE0AE001013,VPRPL,EQ,,,,,VISHNU PRAKASH R PUNGLI L,28.55,29.82,28.55,29.62,29.65,28.99,,29.63,,,376950,11112788.32,1920,F1,1,,,,,
2026-09-30,2026-09-30,CM,NSE,STK,2294,INE153A01019,MTNL,EQ,,,,,MAHANAGAR TELEPHONE NIGAM,23.25,23.48,22.82,22.97,22.99,23.18,,22.98,,,376141,8721632.53,1984,F1,1,,,,,
2026-09-30,2026-09-30,CM,NSE,STK,4014,INE725A01030,NAVA,EQ,,,,,NAVA LIMITED,547.0,565.5,547.0,559.35,559.0,545.95,,559.35,,,374867,210311820.8,20215,F1,1,,,,,
2026-09-30,2026-09-30,CM,NSE,STK,14385,INE063E01061,POCL,EQ,,,,,PONDY OXIDES & CHEM LTD,464.2,466.65,450.0,452.65,455.75,461.6,,452.65,,,373694,169815520.25,11646,F1,1,,,,,
2026-09-30,2026-09-30,CM,NSE,STK,760407,INE346A01027,ICICIAMC,EQ,,,,,ICICI PRUDENTIAL AMC LTD,3249.0,3249.0,3107.4,3136.7,3114.0,3233.0,,3136.57,,,372808,1175971064.1,32396,F1,1,,,,,
2026-09-30,2026-09-30,CM,NSE,STK,14329,INE812G01025,SMSPHARMA,EQ,,,,,SMS PHARMACEUTICALS LTD.,483.9,485.0,467.5,476.6,473.0,479.4,,476.63,,,372222,177568129.5,13682,F1,1,,,,,
2026-09-30,2026-09-30,CM,NSE,STK,25977,INE101I01011,AFCONS,EQ,,,,,AFCONS INFRASTRUCTURE LTD,246.5,250.05,246.5,247.8,248.3,245.1,,247.82,,,370681,92056568.8,9599,F1,1,,,,,
2026-09-30,2026-09-30,CM,NSE,STK,5394,INE0CT101020,MOL,EQ,,,,,MEGHMANI ORGANICS LIMITED,57.23,58.73,56.02,56.31,56.2,57.27,,56.3,,,370257,21231303.43,3150,F1,1,,,,,
2026-09-30,2026-09-30,CM,NSE,STK,759956,INE549H01021,ARSSBL,EQ,,,,,ANAND RATHI SH N STK BR L,503.1,525.8,502.9,515.1,515.05,500.45,,515.11,,,370040,191320963.75,10604,F1,1,,,,,
2026-09-30,2026-09-30,CM,NSE,STK,6216,INE052I01032,CAMLINFINE,EQ,,,,,CAMLIN FINE SCIENCES LTD,93.8,95.79,92.91,93.15,93.25,93.17,,93.15,,,369269,34702874.71,3653,F1,1,,,,,
2026-09-30,2026-09-30,CM,NSE,STK,385,INE766P01016,MAHLOG,EQ,,,,,MAHINDRA LOGISTIC LIMITED,427.0,439.75,423.25,435.85,433.8,425.7,,435.86,,,367227,159546952.9,13706,F1,1,,,,,
2026-09-30,2026-09-30,CM,NSE,STK,757515,INE0U4701011,DIGITIDE,EQ,,,,,DIGITIDE SOLUTIONS LTD,75.67,77.5,72.2,72.85,72.5,75.12,,72.85,,,366324,27301735.1,5055,F1,1,,,,,
2026-09-30,2026-09-30,CM,NSE,STK,5507,INE782X01033,SERVOTECH,EQ,,,,,SERVOTECH REN POW SYS LTD,71.1,72.19,70.04,70.25,70.09,71.34,,70.25,,,364902,25934948.61,4677,F1,1,,,,,
2026-09-30,2026-09-30,CM,NSE,STK,13400,INE354C01027,BHAGERIA,EQ,,,,,BHAGERIA INDUSTRIES LTD,382.0,413.5,378.0,406.45,407.0,377.85,,406.37,,,364825,146357266.2,10427,F1,1,,,,,
2026-09-30,2026-09-30,CM,NSE,STK,4421,INE741K01010,CREDITACC,EQ,,,,,CREDITACCESS GRAMEEN LTD,1220.2,1278.8,1220.2,1272.0,1262.5,1216.3,,1272.07,,,364278,458077385.4,52861,F1,1,,,,,
2026-09-30,2026-09-30,CM,NSE,STK,9408,INE961O01016,RAINBOW,EQ,,,,,RAINBOW CHILDRENS MED LTD,1360.8,1383.0,1305.1,1314.3,1315.6,1367.8,,1314.34,,,363556,483265043.7,33247,F1,1,,,,,
2026-09-30,2026-09-30,CM,NSE,STK,759448,INE1B6101010,SHREEJISPG,EQ,,,,,SHREEJI SHIPPING GLOBAL L,764.0,774.0,764.0,770.4,766.5,763.3,,770.4,,,359788,277232780.75,7262,F1,1,,,,,
2026-09-30,2026-09-30,CM,NSE,STK,14236,INF179KC1HT0,HDFCMID150,EQ,,,,,HDFCAMC - HDFCMID150,22.67,22.78,22.16,22.16,22.24,22.23,,22.16,,,358356,7973346.71,1244,F1,1,,,,,
2026-09-30,2026-09-30,CM,NSE,STK,3411,INE670A01012,TATAELXSI,EQ,,,,,TATA ELXSI LIMITED,3150.0,3203.0,3085.0,3088.9,3088.9,3211.7,,3089.5,,,356864,1120898789.0,37533,F1,1,,,,,
2026-09-30,2026-09-30,CM,NSE,STK,13816,INE818H01020,LTFOODS,EQ,,,,,LT FOODS LIMITED,405.65,409.4,399.0,400.4,400.95,402.8,,400.41,,,356756,143776857.8,22164,F1,1,,,,,
2026-09-30,2026-09-30,CM,NSE,STK,14992,INE429I01024,CCCL,EQ,,,,,CONS. CONST. CONSORT LTD,13.98,14.38,13.05,13.95,14.1,13.47,,13.93,,,353951,4915863.53,1161,F1,1,,,,,
2026-09-30,2026-09-30,CM,NSE,STK,28879,INE0V7W01012,CARRARO,EQ,,,,,CARRARO INDIA LIMITED,520.0,530.45,515.0,527.5,526.0,520.8,,527.5,,,352593,185075235.2,7465,F1,1,,,,,
2026-09-30,2026-09-30,CM,NSE,STK,761675,INE0H9F01037,SAIPARENT,EQ,,,,,SAI PARENTERALS LIMITED,500.05,539.95,500.05,529.3,529.0,502.5,,529.26,,,352158,185918282.7,12373,F1,1,,,,,
2026-09-30,2026-09-30,CM,NSE,STK,759342,INE0S3G01027,PACEDIGITK,EQ,,,,,PACE DIGITEK LIMITED,161.82,164.58,159.2,159.98,160.04,162.3,,159.93,,,350071,56473457.81,5776,F1,1,,,,,
2026-09-30,2026-09-30,CM,NSE,STK,5578,INE00FF01025,ACUTAAS,EQ,,,,,ACUTAAS CHEMICALS LIMITED,3334.1,3344.0,3255.0,3279.4,3269.0,3304.1,,3279.4,,,349433,1152582582.9,49944,F1,1,,,,,
2026-09-30,2026-09-30,CM,NSE,STK,11895,INE0KL801015,DCXINDIA,EQ,,,,,DCX SYSTEMS LIMITED,159.6,164.87,159.6,161.18,160.28,158.81,,161.17,,,345928,56253060.6,6471,F1,1,,,,,
2026-09-30,2026-09-30,CM,NSE,STK,10243,INE398R01022,SYNGENE,EQ,,,,,SYNGENE INTERNATIONAL LTD,367.2,373.3,363.1,365.3,364.2,367.2,,365.26,,,345192,126911968.9,21324,F1,1,,,,,
2026-09-30,2026-09-30,CM,NSE,STK,15377,INE865T01018,PDMJEPAPER,EQ,,,,,PUDUMJEE PAPER PRO. LTD,94.5,99.8,94.0,97.22,94.5,94.67,,97.26,,,344257,33742149.4,5163,F1,1,,,,,
2026-09-30,2026-09-30,CM,NSE,STK,8124,INE031B01049,AJANTPHARM,EQ,,,,,AJANTA PHARMA LIMITED,3570.0,3758.9,3567.1,3620.8,3592.6,3557.5,,3620.67,,,344068,1261398797.3,56917,F1,1,,,,,
2026-09-30,2026-09-30,CM,NSE,STK,13587,INE731H01025,ACE,EQ,,,,,ACTION CONST EQUIP LTD,1205.9,1245.6,1205.0,1232.0,1233.0,1205.8,,1231.97,,,343169,421616022.9,27857,F1,1,,,,,
2026-09-30,2026-09-30,CM,NSE,STK,11840,INE410P01011,NH,EQ,,,,,NARAYANA HRUDAYALAYA LTD.,1776.0,1813.7,1730.1,1791.4,1775.0,1789.9,,1791.43,,,341005,605969878.2,43314,F1,1,,,,,
2026-09-30,2026-09-30,CM,NSE,STK,15129,INE722H01024,RGL,EQ,,,,,RENAISSANCE GLOBAL LTD,165.9,167.6,163.28,165.02,163.5,164.27,,165.02,,,340639,56357552.11,5177,F1,1,,,,,
2026-09-30,2026-09-30,CM,NSE,STK,23729,INE883F01010,AADHARHFC,EQ,,,,,AADHAR HOUSING FINANCE L,432.5,438.0,427.55,436.0,435.75,432.5,,435.98,,,338639,146477985.05,19904,F1,1,,,,,
2026-09-30,2026-09-30,CM,NSE,STK,1515,INE383A01012,INDIACEM,EQ,,,,,THE INDIA CEMENTS LIMITED,301.1,309.9,300.15,301.85,301.0,303.7,,301.86,,,337561,102563945.2,17034,F1,1,,,,,
2026-09-30,2026-09-30,CM,NSE,STK,18110,INE893I01013,VASCONEQ,EQ,,,,,VASCON ENGINEERS LTD,34.2,34.94,33.5,33.67,33.56,33.97,,33.67,,,337424,11446056.87,2319,F1,1,,,,,
2026-09-30,2026-09-30,CM,NSE,STK,7358,INE0IX101010,DATAPATTNS,EQ,,,,,DATA PATTERNS INDIA LTD,4241.2,4358.8,4226.0,4286.9,4278.1,4221.6,,4286.93,,,336383,1451575197.3,38704,F1,1,,,,,
2026-09-30,2026-09-30,CM,NSE,STK,2837,INE625B01014,RANASUG,EQ,,,,,RANA SUGARS LTD.,13.67,13.87,13.19,13.24,13.25,13.67,,13.24,,,334802,4499749.1,911,F1,1,,,,,
2026-09-30,2026-09-30,CM,NSE,STK,7200,INE217L01019,SHRIRAMPPS,EQ,,,,,SHRIRAM PROPERTIES LTD,70.15,70.64,68.51,69.21,69.2,69.86,,69.21,,,334575,23346963.19,3138,F1,1,,,,,
2026-09-30,2026-09-30,CM,NSE,STK,17313,INE281B01032,LLOYDSME,EQ,,,,,LLOYDS METALS N ENERGY L,1902.5,1918.8,1870.0,1884.0,1871.0,1902.2,,1883.55,,,333292,633072394.0,26811,F1,1,,,,,
2026-09-30,2026-09-30,CM,NSE,STK,9111,INE955V01021,ARVINDFASN,EQ,,,,,ARVIND FASHIONS LIMITED,407.1,411.35,386.0,387.45,389.5,410.15,,387.5,,,332564,131782825.6,17552,F1,1,,,,,
2026-09-30,2026-09-30,CM,NSE,STK,2868,INE106T01025,HITECH,EQ,,,,,HI-TECH PIPES LIMITED,73.0,74.35,72.3,72.61,72.68,73.19,,72.61,,,332376,24386346.96,3727,F1,1,,,,,
2026-09-30,2026-09-30,CM,NSE,STK,25584,INE152M01016,TRITURBINE,EQ,,,,,TRIVENI TURBINE LIMITED,542.0,548.45,537.7,539.4,540.2,543.55,,539.4,,,332296,180481933.3,39988,F1,1,,,,,
2026-09-30,2026-09-30,CM,NSE,STK,756802,INE0BYP01024,OSWALPUMPS,EQ,,,,,OSWAL PUMPS LIMITED,265.3,274.8,264.5,266.75,267.8,266.25,,266.77,,,331888,89463336.25,7746,F1,1,,,,,
2026-09-30,2026-09-30,CM,NSE,STK,18743,INE903U01023,SIGNATURE,EQ,,,,,SIGNATUREGLOBAL INDIA LTD,750.0,761.85,721.05,727.15,726.1,754.45,,727.2,,,331497,245359525.7,14350,F1,1,,,,,
2026-09-30,2026-09-30,CM,NSE,STK,759885,INF174KA1XV0,CHEMICAL,EQ,,,,,KOTAKMAMC - CHEMICAL,28.15,28.74,28.0,28.47,28.31,28.11,,28.47,,,326516,9322708.49,1158,F1,1,,,,,
2026-09-30,2026-09-30,CM,NSE,STK,7074,INF769K01HS7,MAHKTECH,EQ,,,,,MIRAEAMC - MAHKTECH,21.35,22.08,21.35,21.89,21.9,21.9,,21.89,,,324852,7134374.43,3633,F1,1,,,,,
2026-09-30,2026-09-30,CM,NSE,STK,16713,INE686F01025,UBL,EQ,,,,,UNITED BREWERIES LTD,1210.3,1213.8,1151.0,1158.1,1156.0,1210.2,,1158.11,,,322312,377674642.5,28841,F1,1,,,,,
2026-09-30,2026-09-30,CM,NSE,STK,18581,INE732A01036,KIRLOSBROS,EQ,,,,,KIRLOSKAR BROTHERS LTD,1828.0,1847.5,1745.0,1774.9,1768.0,1848.3,,1774.94,,,321866,570206789.1,25191,F1,1,,,,,
2026-09-30,2026-09-30,CM,NSE,STK,21501,INE285J01028,SIS,EQ,,,,,SIS LIMITED,416.4,424.0,415.8,419.1,419.15,418.65,,419.1,,,321349,135282574.4,18966,F1,1,,,,,
2026-09-30,2026-09-30,CM,NSE,STK,1521,INE560A01023,INDIAGLYCO,EQ,,,,,INDIA GLYCOLS LTD,307.0,314.3,304.1,307.4,306.5,304.5,,307.37,,,321153,99097603.8,7268,F1,1,,,,,
2026-09-30,2026-09-30,CM,NSE,STK,10893,INE0I3401014,DBOL,EQ,,,,,DHAMPUR BIO ORGANICS LTD,124.49,129.89,124.29,126.1,125.98,124.49,,126.12,,,321088,40807742.5,4358,F1,1,,,,,
2026-09-30,2026-09-30,CM,NSE,STK,759929,INE0TY101024,SOLARWORLD,EQ,,,,,SOLARWORLD ENERGY SOL LTD,128.75,137.56,128.0,129.28,128.81,128.98,,129.28,,,320705,42003771.82,5127,F1,1,,,,,
2026-09-30,2026-09-30,CM,NSE,STK,24308,INE552Z01027,ABDL,EQ,,,,,ALLIED BLEND N DISTILS L,716.5,729.0,711.65,718.9,716.0,716.5,,718.91,,,319559,229875026.25,19067,F1,1,,,,,
2026-09-30,2026-09-30,CM,NSE,STK,24445,INE976R01033,AGIIL,EQ,,,,,AGI INFRA LIMITED,265.0,268.95,262.55,264.7,264.1,264.85,,264.69,,,319369,84795552.7,5338,F1,1,,,,,
2026-09-30,2026-09-30,CM,NSE,STK,762954,INE064A01026,TIMEX,EQ,,,,,TIMEX GROUP INDIA LTD.,729.1,746.4,713.2,719.55,716.8,729.1,,719.61,,,317889,231303865.9,17200,F1,1,,,,,
2026-09-30,2026-09-30,CM,NSE,STK,937,INE285A01027,ELGIEQUIP,EQ,,,,,ELGI EQUIPMENTS LTD,594.95,614.8,594.95,608.85,607.75,594.85,,608.92,,,316761,191726700.05,23699,F1,1,,,,,
2026-09-30,2026-09-30,CM,NSE,STK,513,INE032A01023,BOMDYEING,EQ,,,,,BOMBAY DYEING & MFG. CO L,106.75,107.84,105.0,105.62,105.02,106.7,,105.63,,,316532,33735241.65,3562,F1,1,,,,,
2026-09-30,2026-09-30,CM,NSE,STK,13598,INE818A01017,ANTELOPUS,EQ,,,,,ANTELOPUS SELAN ENRGY LTD,1174.15,1178.15,1119.0,1125.9,1120.0,1162.5,,1125.89,,,316480,362053026.75,16736,F1,1,,,,,
2026-09-30,2026-09-30,CM,NSE,STK,764255,INE11XY01018,CMLL,EQ,,,,,CALIBER MINING AND LOG L,547.05,553.55,529.0,532.05,534.0,542.9,,532.08,,,314749,170509751.85,11311,F1,1,,,,,
2026-09-30,2026-09-30,CM,NSE,STK,16669,INE917I01010,BAJAJ-AUTO,EQ,,,,,BAJAJ AUTO LIMITED,10779.0,10953.0,10779.0,10874.0,10874.0,10811.0,,10873.98,,,313712,3414738099.0,53624,F1,1,,,,,
2026-09-30,2026-09-30,CM,NSE,STK,1621,INE672A01026,TATAINVEST,EQ,,,,,TATA INVESTMENT CORP LTD,630.0,636.0,616.15,620.05,619.4,625.45,,620.09,,,313002,195781772.8,18708,F1,1,,,,,
2026-09-30,2026-09-30,CM,NSE,STK,17764,INE056I01025,REFEX,EQ,,,,,REFEX INDUSTRIES LIMITED,272.05,279.75,264.0,265.25,264.0,272.05,,265.36,,,312704,84322694.7,6394,F1,1,,,,,
2026-09-30,2026-09-30,CM,NSE,STK,3693,INE287Z01012,GAYAHWS,EQ,,,,,GAYATRI HIGHWAYS LIMITED,1.84,1.84,1.72,1.76,1.76,1.84,,1.77,,,312692,554304.88,439,F1,1,,,,,
2026-09-30,2026-09-30,CM,NSE,STK,21423,INF247L01023,MOM100,EQ,,,,,MOTILAL OS MIDCAP100 ETF,64.75,64.97,64.0,64.29,64.2,64.55,,64.29,,,312563,20130471.97,2748,F1,1,,,,,
2026-09-30,2026-09-30,CM,NSE,STK,1633,INE571A01038,IPCALAB,EQ,,,,,IPCA LABORATORIES LTD,1950.3,1984.9,1916.4,1927.0,1929.0,1938.1,,1927.01,,,312460,607859871.2,36555,F1,1,,,,,
2026-09-30,2026-09-30,CM,NSE,STK,25162,INE0KCE01017,EUREKAFORB,EQ,,,,,EUREKA FORBES LIMITED,361.95,371.0,357.5,361.0,363.3,362.95,,361.0,,,311340,112981794.1,12820,F1,1,,,,,
2026-09-30,2026-09-30,CM,NSE,STK,2717,INE372C01037,PRECWIRE,EQ,,,,,PRECISION WIRES INDIA LTD,497.5,509.0,490.25,492.45,493.0,500.15,,492.35,,,310956,154812467.1,18353,F1,1,,,,,
2026-09-30,2026-09-30,CM,NSE,STK,13081,INE256C01024,TRIVENI,EQ,,,,,TRIVENI ENGG. & INDS. LTD,239.9,243.5,235.0,235.7,235.25,239.15,,235.7,,,310906,73884515.55,11555,F1,1,,,,,
2026-09-30,2026-09-30,CM,NSE,STK,23607,INE011E01029,BALUFORGE,EQ,,,,,BALU FORGE INDUSTRIES LTD,505.0,511.95,493.5,496.35,495.7,501.15,,496.37,,,310853,156422264.8,11700,F1,1,,,,,
2026-09-30,2026-09-30,CM,NSE,STK,11165,INE335K01011,COFFEEDAY,EQ,,,,,COFFEE DAY ENTERPRISE LTD,30.51,30.85,30.06,30.14,30.15,30.51,,30.14,,,310652,9423367.54,1106,F1,1,,,,,
2026-09-30,2026-09-30,CM,NSE,STK,765396,INE18UN01038,GAJA,EQ,,,,,GAJA ALT ASSET MGT LTD,140.0,143.05,139.21,140.05,139.23,140.42,,140.05,,,309382,43541561.51,4152,F1,1,,,,,
2026-09-30,2026-09-30,CM,NSE,STK,761680,INE921L01032,POWERICA,EQ,,,,,POWERICA LIMITED,607.0,620.85,598.0,600.6,601.5,599.75,,600.61,,,308631,186374234.25,11562,F1,1,,,,,
2026-09-30,2026-09-30,CM,NSE,STK,24742,INE0AG901020,CEIGALL,EQ,,,,,CEIGALL INDIA LIMITED,383.8,385.9,375.1,382.75,384.1,377.55,,382.77,,,305558,116187139.35,8342,F1,1,,,,,
2026-09-30,2026-09-30,CM,NSE,STK,11435,INE572J01011,SPANDANA,EQ,,,,,SPANDANA SPHOORTY FIN LTD,226.68,231.0,219.01,220.76,219.99,226.67,,220.76,,,304252,67563932.71,8533,F1,1,,,,,
2026-09-30,2026-09-30,CM,NSE,STK,8962,INE626Z01029,HARDWYN,EQ,,,,,HARDWYN INDIA LIMITED,9.33,9.39,9.11,9.21,9.25,9.26,,9.21,,,302662,2793244.37,565,F1,1,,,,,
2026-09-30,2026-09-30,CM,NSE,STK,404,INE463A01038,BERGEPAINT,EQ,,,,,BERGER PAINTS (I) LTD,451.15,458.75,449.25,455.45,456.5,448.2,,455.43,,,302319,137715448.7,33761,F1,1,,,,,
2026-09-30,2026-09-30,CM,NSE,STK,13332,INE343H01029,SOLARINDS,EQ,,,,,SOLAR INDUSTRIES (I) LTD,19030.0,19820.0,19030.0,19700.0,19700.0,18650.0,,19696.42,,,302167,5910566560.0,64195,F1,1,,,,,
2026-09-30,2026-09-30,CM,NSE,STK,6818,INE0I7C01011,LATENTVIEW,EQ,,,,,LATENT VIEW ANALYTICS LTD,235.5,243.8,234.75,236.0,235.6,235.5,,236.0,,,300979,71838303.65,8526,F1,1,,,,,
2026-09-30,2026-09-30,CM,NSE,STK,765936,INE1FCO01014,MOMSBELIEF,EQ,,,,,RAYS OF BELIEF LIMITED,255.96,256.89,230.6,234.64,235.0,255.96,,234.62,,,300642,72894465.57,9422,F1,1,,,,,
2026-09-30,2026-09-30,CM,NSE,STK,23184,INF247L01CI4,MOREALTY,EQ,,,,,MOTILALAMC - MOREALTY,84.79,85.84,84.0,84.85,84.56,84.51,,84.85,,,300207,25376699.86,1407,F1,1,,,,,
2026-09-30,2026-09-30,CM,NSE,STK,3375,INE335A01020,SURYAROSNI,EQ,,,,,SURYA ROSHNI LTD,220.75,225.5,220.74,221.37,221.5,220.75,,221.36,,,298508,66618653.27,6366,F1,1,,,,,
2026-09-30,2026-09-30,CM,NSE,STK,764296,INE0QJW01029,LCL,EQ,,,,,LOHIA CORP LIMITED,580.0,587.65,553.45,557.15,558.35,581.65,,556.94,,,296716,168279567.95,14753,F1,1,,,,,
2026-09-30,2026-09-30,CM,NSE,STK,4920,INE642Y01029,HINDCON,EQ,,,,,HINDCON CHEMICALS LIMITED,34.95,35.05,33.81,35.05,35.05,33.39,,35.05,,,296482,10336052.2,693,F1,1,,,,,
2026-09-30,2026-09-30,CM,NSE,STK,11860,INE789E01012,JKPAPER,EQ,,,,,JK PAPER LIMITED,394.6,399.45,391.0,393.7,392.35,391.35,,393.7,,,294026,116179563.15,15826,F1,1,,,,,
2026-09-30,2026-09-30,CM,NSE,STK,10473,INE211R01019,POWERMECH,EQ,,,,,POWER MECH PROJECTS LTD.,2488.9,2535.0,2442.0,2490.5,2488.0,2397.2,,2490.51,,,293610,728145715.2,33615,F1,1,,,,,
2026-09-30,2026-09-30,CM,NSE,STK,2202,INE831A01028,ONIDA,EQ,,,,,ONIDA ELECTRONICS LIMITED,31.76,32.74,31.5,32.03,31.61,31.75,,32.03,,,293561,9419688.85,1834,F1,1,,,,,
2026-09-30,2026-09-30,CM,NSE,STK,758853,INE618R01015,SGFIN,EQ,,,,,SG FINSERVE LIMITED,595.3,613.2,593.2,604.35,607.0,595.3,,604.29,,,293138,176939313.3,9871,F1,1,,,,,
2026-09-30,2026-09-30,CM,NSE,STK,9810,INE0BWX01014,AETHER,EQ,,,,,AETHER INDUSTRIES LIMITED,1758.2,1758.2,1685.6,1699.3,1691.9,1749.9,,1699.27,,,292457,501625311.0,28788,F1,1,,,,,
2026-09-30,2026-09-30,CM,NSE,STK,3273,INE647A01010,SRF,EQ,,,,,SRF LTD,2450.3,2502.1,2450.3,2472.5,2472.5,2420.1,,2472.5,,,292029,724994928.0,31766,F1,1,,,,,
2026-09-30,2026-09-30,CM,NSE,STK,6125,INE127I01024,GOODLUCK,EQ,,,,,GOODLUCK INDIA LIMITED,526.0,531.5,503.3,508.05,506.7,528.6,,508.04,,,291149,150425029.9,12501,F1,1,,,,,
2026-09-30,2026-09-30,CM,NSE,STK,765387,INE1B3O01011,SUNSHINE,EQ,,,,,SUNSHINE PICTURES LIMITED,447.95,467.0,443.3,453.65,451.65,445.05,,453.64,,,290474,132416815.45,5698,F1,1,,,,,
2026-09-30,2026-09-30,CM,NSE,STK,14937,INE536H01010,CIEINDIA,EQ,,,,,CIE AUTOMOTIVE INDIA LTD,379.0,390.0,378.05,386.3,384.8,376.45,,386.3,,,288927,111674490.35,16324,F1,1,,,,,
2026-09-30,2026-09-30,CM,NSE,STK,761335,INE0J0B01017,KOTYARK,EQ,,,,,KOTYARK INDUSTRIES LTD,29.08,30.9,29.07,29.83,29.77,29.39,,29.79,,,288722,8688997.99,1477,F1,1,,,,,
2026-09-30,2026-09-30,CM,NSE,STK,757658,INE771F01041,FISCHER,EQ,,,,,FISCHER MEDICAL VENTURE L,33.68,34.7,33.35,33.55,33.59,33.68,,33.55,,,284295,9601688.27,1278,F1,1,,,,,
2026-09-30,2026-09-30,CM,NSE,STK,2627,INF174KA1GC5,IT,EQ,,,,,KOTAKMAMC - KOTAKIT,30.72,31.63,30.64,30.83,30.92,30.72,,30.83,,,284257,8852340.99,768,F1,1,,,,,
2026-09-30,2026-09-30,CM,NSE,STK,14966,INE679A01013,CSBBANK,EQ,,,,,CSB BANK LIMITED,316.0,319.15,309.5,311.0,313.45,316.2,,310.98,,,283282,88650833.5,20059,F1,1,,,,,
2026-09-30,2026-09-30,CM,NSE,STK,759169,INE0JYY01029,MWL,EQ,,,,,MANGALAM WORLDWIDE LTD,43.6,43.95,42.9,43.38,43.13,43.4,,43.38,,,283085,12285227.79,1752,F1,1,,,,,
2026-09-30,2026-09-30,CM,NSE,STK,4410,INE048B01035,JAGSNPHARM,EQ,,,,,JAGSONPAL PHARMACEUTICALS,237.99,246.0,232.0,237.74,237.33,234.71,,237.69,,,282625,68133369.22,5858,F1,1,,,,,
2026-09-30,2026-09-30,CM,NSE,STK,757794,INE03NU01014,BRIGHOTEL,EQ,,,,,BRIGADE HOTEL VENTURE LTD,55.85,57.8,55.85,56.96,56.8,56.14,,56.96,,,282041,16100335.1,6869,F1,1,,,,,
2026-09-30,2026-09-30,CM,NSE,STK,760740,INE121R01077,AMAGI,EQ,,,,,AMAGI MEDIA LABS LIMITED,560.0,568.45,541.3,549.45,545.15,563.85,,549.41,,,281619,156730451.1,10606,F1,1,,,,,
2026-09-30,2026-09-30,CM,NSE,STK,7672,INE172N01012,IMAGICAA,EQ,,,,,IMAGICAAWORLD ENT LTD,51.3,52.19,50.6,51.08,50.8,51.3,,51.09,,,281012,14391561.83,2002,F1,1,,,,,
2026-09-30,2026-09-30,CM,NSE,STK,761439,INE313L01016,RSL,EQ,,,,,RAJPUTANA STAINLESS LTD,166.88,171.0,166.31,168.36,169.0,165.45,,168.39,,,279565,47162559.31,4780,F1,1,,,,,
2026-09-30,2026-09-30,CM,NSE,STK,5449,INE488A01050,CHEMPLASTS,EQ,,,,,CHEMPLAST SANMAR LIMITED,192.26,196.79,184.5,185.92,185.32,192.35,,185.98,,,278500,52511607.83,6726,F1,1,,,,,
2026-09-30,2026-09-30,CM,NSE,STK,20906,INE619I01012,A2ZINFRA,EQ,,,,,A2Z INFRA ENGINEERING LTD,14.5,15.15,14.36,14.93,14.9,14.51,,14.94,,,277855,4139645.93,585,F1,1,,,,,
2026-09-30,2026-09-30,CM,NSE,STK,5313,INE583D01011,UGROCAP,EQ,,,,,UGRO CAPITAL LIMITED,81.67,84.56,81.15,83.68,83.2,81.07,,83.68,,,277232,23085457.57,2711,F1,1,,,,,
2026-09-30,2026-09-30,CM,NSE,STK,625,INE055A01016,ABREL,EQ,,,,,ADITYA BIRLA REAL EST LTD,1169.9,1183.0,1122.1,1130.7,1131.0,1160.6,,1130.7,,,276535,317027339.2,27438,F1,1,,,,,
2026-09-30,2026-09-30,CM,NSE,STK,15141,INE259A01022,COLPAL,EQ,,,,,COLGATE PALMOLIVE LTD.,1790.1,1808.6,1763.3,1763.3,1763.3,1785.1,,1763.43,,,276534,494162593.8,20677,F1,1,,,,,
2026-09-30,2026-09-30,CM,NSE,STK,765225,INE945P01024,WARDINMOBI,EQ,,,,,WARDWIZARD INNO & MOB L,5.64,5.64,5.41,5.45,5.47,5.49,,5.46,,,275407,1508810.48,894,F1,1,,,,,
2026-09-30,2026-09-30,CM,NSE,STK,11256,INE091G01026,JAIBALAJI,EQ,,,,,JAI BALAJI INDUSTRIES LTD,64.18,65.0,62.0,62.24,62.88,63.35,,62.25,,,275374,17301485.06,2444,F1,1,,,,,
2026-09-30,2026-09-30,CM,NSE,STK,28960,INE0U3I01011,UNIMECH,EQ,,,,,UNIMECH AEROSPACE N MFG L,1721.0,1753.9,1705.1,1724.0,1727.9,1675.0,,1723.91,,,274093,474451431.3,31905,F1,1,,,,,
2026-09-30,2026-09-30,CM,NSE,STK,21690,INE935N01020,DIXON,EQ,,,,,DIXON TECHNO (INDIA) LTD,13300.0,13425.0,13100.0,13100.0,13100.0,13250.0,,13100.3,,,273569,3631014617.0,42262,F1,1,,,,,
2026-09-30,2026-09-30,CM,NSE,STK,24461,INF769K01LQ3,EVINDIA,EQ,,,,,MIRAEAMC - EVINDIA,30.69,31.05,30.69,30.76,30.8,30.69,,30.76,,,272976,8447686.86,1251,F1,1,,,,,
2026-09-30,2026-09-30,CM,NSE,STK,10738,INE881D01027,OFSS,EQ,,,,,ORACLE FIN SERV SOFT LTD.,10525.0,10869.0,10500.0,10630.0,10630.0,10406.0,,10630.45,,,272759,2912479246.0,44234,F1,1,,,,,
2026-09-30,2026-09-30,CM,NSE,STK,21740,INE149A01033,CHOLAHLDNG,EQ,,,,,CHOLAMANDALAM FIN HOL LTD,1361.0,1400.0,1361.0,1386.2,1380.0,1371.8,,1386.02,,,272263,376576669.2,26222,F1,1,,,,,
2026-09-30,2026-09-30,CM,NSE,STK,578,INE060901027,LIKHITHA,EQ,,,,,LIKHITHA INFRASTRUC LTD,221.13,243.82,220.24,234.29,233.0,222.85,,234.32,,,271910,64245317.83,4307,F1,1,,,,,
2026-09-30,2026-09-30,CM,NSE,STK,8828,INE036B01030,GAEL,EQ,,,,,GUJARAT AMBUJA EXPORTS LT,162.7,164.01,159.25,160.21,159.57,161.75,,160.21,,,271005,43764331.66,15085,F1,1,,,,,
2026-09-30,2026-09-30,CM,NSE,STK,765155,INE286N01028,PRISMX,EQ,,,,,PRISMX GLOBAL VENTURES L,0.54,0.55,0.52,0.52,0.53,0.53,,0.52,,,270697,144282.22,138,F1,1,,,,,
2026-09-30,2026-09-30,CM,NSE,STK,11618,INE386C01029,ASTRAMICRO,EQ,,,,,ASTRA MICROWAVE LTD,1651.4,1663.6,1621.0,1636.7,1636.0,1652.6,,1636.66,,,270444,444409518.8,23824,F1,1,,,,,
2026-09-30,2026-09-30,CM,NSE,STK,3799,INE976A01021,WSTCSTPAPR,EQ,,,,,WEST COAST PAPER MILLS LT,700.3,749.0,700.3,736.6,735.0,703.45,,736.6,,,270128,198514415.6,17499,F1,1,,,,,
2026-09-30,2026-09-30,CM,NSE,STK,17722,INE947J01015,DEN,EQ,,,,,DEN NETWORKS LTD,25.99,26.36,25.77,25.93,26.1,25.91,,25.93,,,269929,7013453.66,1170,F1,1,,,,,
2026-09-30,2026-09-30,CM,NSE,STK,20852,INE565L01011,ZEELEARN,EQ,,,,,ZEE LEARN LIMITED,6.36,6.68,6.36,6.5,6.5,6.25,,6.5,,,269367,1760717.53,643,F1,1,,,,,
2026-09-30,2026-09-30,CM,NSE,STK,18359,INE149K01016,SANDUMA,EQ,,,,,SANDUR MANG & IRON ORES L,181.27,184.69,181.0,182.18,182.2,182.69,,182.18,,,268845,49239616.79,8472,F1,1,,,,,
2026-09-30,2026-09-30,CM,NSE,STK,28888,INE0RB801010,SENORES,EQ,,,,,SENORES PHARMACEUTICALS L,1403.7,1413.0,1370.0,1385.8,1387.0,1403.7,,1385.78,,,268540,373162032.0,24081,F1,1,,,,,
2026-09-30,2026-09-30,CM,NSE,STK,1190,INE529A01010,FMGOETZE,EQ,,,,,FEDERAL-MOGUL GOETZE (IND,460.1,469.0,442.1,445.65,445.0,460.1,,445.66,,,268118,121308601.2,8778,F1,1,,,,,
2026-09-30,2026-09-30,CM,NSE,STK,29711,INE0SII01026,QPOWER,EQ,,,,,QUALITY POWER ELEC EQUP L,1610.1,1675.0,1572.3,1584.8,1585.0,1614.3,,1584.87,,,267707,431699903.1,20306,F1,1,,,,,
2026-09-30,2026-09-30,CM,NSE,STK,3857,INE665L01035,VARROC,EQ,,,,,VARROC ENGINEERING LTD.,837.3,867.0,834.0,862.95,855.25,837.4,,862.94,,,266860,229239524.6,21504,F1,1,,,,,
2026-09-30,2026-09-30,CM,NSE,STK,25328,INE901L01018,APLLTD,EQ,,,,,ALEMBIC PHARMA LTD,866.0,876.4,821.7,825.45,825.0,861.5,,825.46,,,266145,224518377.65,29192,F1,1,,,,,
2026-09-30,2026-09-30,CM,NSE,STK,29877,INE370E01029,VIVIDHA,EQ,,,,,VISAGAR POLYTEX LTD,0.52,0.53,0.51,0.51,0.51,0.52,,0.51,,,265809,137658.88,136,F1,1,,,,,
2026-09-30,2026-09-30,CM,NSE,STK,13976,INE483C01032,TANLA,EQ,,,,,TANLA PLATFORMS LIMITED,491.85,503.0,490.35,492.15,493.45,490.65,,492.16,,,265486,131897357.65,11596,F1,1,,,,,
2026-09-30,2026-09-30,CM,NSE,STK,7862,INE878A01011,GVPIL,EQ,,,,,GE POWER INDIA LIMITED,687.0,718.0,673.8,678.4,678.5,683.95,,678.1,,,263834,184977430.45,9630,F1,1,,,,,
2026-09-30,2026-09-30,CM,NSE,STK,714,INE597J01018,SHALBY,EQ,,,,,SHALBY LIMITED,142.0,145.88,135.0,138.65,137.01,142.01,,138.66,,,263673,36453851.42,4446,F1,1,,,,,
2026-09-30,2026-09-30,CM,NSE,STK,1403,INE345A01011,HINDOILEXP,EQ,,,,,HINDUSTAN OIL EXPLORATION,172.4,175.37,171.25,171.55,171.4,173.91,,171.55,,,262942,45483635.6,4754,F1,1,,,,,
2026-09-30,2026-09-30,CM,NSE,STK,759402,INE1B0W01010,ADVANCE,EQ,,,,,ADVANCE AGROLIFE LIMITED,120.19,125.45,120.0,121.19,121.88,120.19,,121.17,,,261919,32194094.93,4046,F1,1,,,,,
2026-09-30,2026-09-30,CM,NSE,STK,522,INF109KB15Y7,ICICIB22,EQ,,,,,ICICIPRAMC - BHARATIWIN,111.02,111.13,109.78,109.96,110.0,110.35,,109.95,,,261911,28977167.01,2497,F1,1,,,,,
2026-09-30,2026-09-30,CM,NSE,STK,17105,INE258G01013,SUMICHEM,EQ,,,,,SUMITOMO CHEM INDIA LTD,430.0,445.9,430.0,433.25,431.0,431.15,,433.25,,,261894,114341176.75,16891,F1,1,,,,,
2026-09-30,2026-09-30,CM,NSE,STK,203,INE348A01023,ASHAPURMIN,EQ,,,,,ASHAPURA MINECHEM LTD,526.6,526.6,502.5,504.15,504.0,518.8,,504.16,,,261585,134077006.3,10952,F1,1,,,,,
2026-09-30,2026-09-30,CM,NSE,STK,762239,INE713R01022,GSPCROP,EQ,,,,,GSP CROP SCIENCE LIMITED,478.7,480.55,462.55,467.15,463.2,469.45,,467.16,,,261143,124127106.85,3436,F1,1,,,,,
2026-09-30,2026-09-30,CM,NSE,STK,9428,INE439E01022,SKIPPER,EQ,,,,,SKIPPER LIMITED,541.9,548.65,528.25,531.15,530.9,541.55,,531.18,,,260601,140162108.6,9542,F1,1,,,,,
2026-09-30,2026-09-30,CM,NSE,STK,19531,INE933K01021,BAJAJCON,EQ,,,,,BAJAJ CONSUMER CARE LTD,499.0,503.9,493.45,495.55,497.0,493.0,,495.54,,,260252,129474716.8,9466,F1,1,,,,,
2026-09-30,2026-09-30,CM,NSE,STK,17635,INE768C01028,ZYDUSWELL,EQ,,,,,ZYDUS WELLNESS LIMITED,507.0,518.6,500.2,512.8,515.0,506.1,,512.8,,,258147,131413707.85,18328,F1,1,,,,,
2026-09-30,2026-09-30,CM,NSE,STK,14418,INE006I01046,ASTRAL,EQ,,,,,ASTRAL LIMITED,1376.0,1384.1,1366.0,1370.4,1370.4,1375.0,,1370.43,,,258131,354464405.5,23989,F1,1,,,,,
2026-09-30,2026-09-30,CM,NSE,STK,25312,INE953R01016,PNGJL,EQ,,,,,P N GADGIL JEWELLERS LTD,585.0,599.0,581.55,590.15,587.7,585.05,,590.14,,,257823,152764933.5,12940,F1,1,,,,,
2026-09-30,2026-09-30,CM,NSE,STK,11532,INE481G01011,ULTRACEMCO,EQ,,,,,ULTRATECH CEMENT LIMITED,10829.0,10971.0,10800.0,10956.0,10956.0,10829.0,,10956.01,,,257558,2810437652.0,35938,F1,1,,,,,
2026-09-30,2026-09-30,CM,NSE,STK,2056,INE481N01025,HOMEFIRST,EQ,,,,,HOME FIRST FIN CO IND LTD,1094.4,1136.9,1094.4,1104.8,1103.0,1094.4,,1104.79,,,255917,282695293.4,26002,F1,1,,,,,
2026-09-30,2026-09-30,CM,NSE,STK,25897,INE842C01021,MINDACORP,EQ,,,,,MINDA CORPORATION LTD,672.75,698.15,672.75,692.85,691.35,672.75,,692.89,,,255045,176093909.3,29757,F1,1,,,,,
2026-09-30,2026-09-30,CM,NSE,STK,18566,INE777K01022,RRKABEL,EQ,,,,,R R KABEL LIMITED,2530.0,2537.0,2477.0,2518.6,2526.0,2523.2,,2518.71,,,254650,641102410.8,29990,F1,1,,,,,
2026-09-30,2026-09-30,CM,NSE,STK,17022,INE636A01039,MAWANASUG,EQ,,,,,MAWANA SUGARS LIMITED,143.55,150.79,143.55,145.01,145.0,145.05,,145.0,,,253411,37411581.11,4323,F1,1,,,,,
2026-09-30,2026-09-30,CM,NSE,STK,27353,INE0OJW01016,ROSSTECH,EQ,,,,,ROSSELL TECHSYS LIMITED,1480.0,1525.0,1455.2,1503.2,1486.0,1481.7,,1503.13,,,253108,379722602.4,23945,F1,1,,,,,
2026-09-30,2026-09-30,CM,NSE,STK,13814,INE0BTI01037,KAMOPAINTS,EQ,,,,,KAMDHENU VENTURES LIMITED,4.11,4.24,4.05,4.14,4.11,4.1,,4.14,,,250787,1041043.06,612,F1,1,,,,,
2026-09-30,2026-09-30,CM,NSE,STK,6973,INE505A01010,DMCC,EQ,,,,,DMCC SPECIALITY CHEMICALS,317.0,324.0,308.35,311.7,312.0,314.45,,311.77,,,250289,79688114.85,6024,F1,1,,,,,
2026-09-30,2026-09-30,CM,NSE,STK,31234,INE839M01018,SCHNEIDER,EQ,,,,,SCHNEIDER ELECTRIC INFRA,1197.3,1226.8,1190.0,1203.4,1190.0,1192.7,,1203.49,,,249878,301433173.3,20132,F1,1,,,,,
2026-09-30,2026-09-30,CM,NSE,STK,759311,INE218I01013,CRAMC,EQ,,,,,CANARA ROBECO AMC LIMITED,224.45,227.0,224.0,224.7,224.5,223.55,,224.73,,,247677,55756050.55,5266,F1,1,,,,,
2026-09-30,2026-09-30,CM,NSE,STK,9617,INE663A01033,SPLPETRO,EQ,,,,,SUPREME PETROCHEM LIMITED,834.9,855.0,801.65,808.2,808.0,831.85,,808.18,,,247547,203612780.9,20533,F1,1,,,,,
2026-09-30,2026-09-30,CM,NSE,STK,2256,INE138A01028,PENINLAND,EQ,,,,,PENINSULA LAND LIMITED,15.21,15.99,15.0,15.05,15.08,15.48,,15.05,,,247368,3794578.09,1112,F1,1,,,,,
2026-09-30,2026-09-30,CM,NSE,STK,5751,INE953O01021,SANSERA,EQ,,,,,SANSERA ENGINEERING LTD,4450.0,4571.0,4317.3,4537.5,4505.0,4362.2,,4537.43,,,247139,1113099877.1,33862,F1,1,,,,,
2026-09-30,2026-09-30,CM,NSE,STK,758986,INE199P01028,GCSL,EQ,,,,,GRETEX CORPORATE SERVICES,667.5,682.5,666.75,675.85,675.05,666.25,,675.85,,,247015,166675790.95,3906,F1,1,,,,,
2026-09-30,2026-09-30,CM,NSE,STK,5049,INE227W01023,CLEAN,EQ,,,,,CLEAN SCIENCE & TECH LTD,776.9,801.2,774.8,794.35,789.9,775.75,,794.32,,,245660,194120987.7,19922,F1,1,,,,,
2026-09-30,2026-09-30,CM,NSE,STK,1085,INE524A01029,GABRIEL,EQ,,,,,GABRIEL INDIA LTD,1315.4,1355.0,1313.0,1341.8,1347.0,1303.9,,1341.92,,,243468,324457476.5,22454,F1,1,,,,,
2026-09-30,2026-09-30,CM,NSE,STK,3496,INE338A01024,TIRUMALCHM,EQ,,,,,THIRUMALAI CHEMICALS LTD,152.7,155.83,150.74,151.39,151.24,152.39,,151.45,,,243364,37231712.94,4678,F1,1,,,,,
2026-09-30,2026-09-30,CM,NSE,STK,10577,INE001B01026,KRBL,EQ,,,,,KRBL LIMITED,386.3,393.7,379.5,381.6,381.0,386.2,,381.62,,,243341,93971959.35,11241,F1,1,,,,,
2026-09-30,2026-09-30,CM,NSE,STK,5622,INE686A01026,CEMPRO,EQ,,,,,CEMINDIA PROJECTS LIMITED,1226.3,1249.0,1182.6,1192.2,1191.0,1223.3,,1192.23,,,242505,293431008.9,14896,F1,1,,,,,
2026-09-30,2026-09-30,CM,NSE,STK,759780,INF769K01PR2,ENERGY,EQ,,,,,MIRAEAMC - ENERGY,37.02,37.31,36.85,36.9,36.98,36.95,,36.84,,,241151,8938411.83,789,F1,1,,,,,
2026-09-30,2026-09-30,CM,NSE,STK,166,INE435A01051,ANDHRAPAP,EQ,,,,,ANDHRA PAPER LIMITED,72.0,73.93,72.0,72.68,72.25,72.32,,72.68,,,240993,17570073.94,5183,F1,1,,,,,
2026-09-30,2026-09-30,CM,NSE,STK,7083,INE575P01011,STARHEALTH,EQ,,,,,STAR HEALTH & AL INS CO L,538.1,542.8,531.35,534.65,533.95,538.1,,534.64,,,240982,129412042.95,26553,F1,1,,,,,
2026-09-30,2026-09-30,CM,NSE,STK,471,INE143A01010,OSWALGREEN,EQ,,,,,OSWAL GREENTECH LIMITED,19.5,20.95,19.5,20.32,20.36,19.41,,20.32,,,240885,4886643.96,1370,F1,1,,,,,
2026-09-30,2026-09-30,CM,NSE,STK,1181,INE260B01028,GODFRYPHLP,EQ,,,,,GODFREY PHILLIPS INDIA LT,1882.5,1932.0,1882.1,1891.8,1891.8,1862.0,,1892.3,,,240882,461887292.1,22332,F1,1,,,,,
2026-09-30,2026-09-30,CM,NSE,STK,19631,INE726V01018,PRICOLLTD,EQ,,,,,PRICOL LIMITED,752.0,763.9,742.15,747.6,742.4,749.35,,747.68,,,240483,180906016.75,15856,F1,1,,,,,
2026-09-30,2026-09-30,CM,NSE,STK,23621,INE0OAF01028,JNKINDIA,EQ,,,,,JNK INDIA LIMITED,459.95,462.9,434.8,438.2,437.65,451.75,,438.21,,,239632,106799276.7,11384,F1,1,,,,,
2026-09-30,2026-09-30,CM,NSE,STK,1041,INE183A01024,FINPIPE,EQ,,,,,FINOLEX INDUSTRIES LTD,152.0,153.44,150.36,151.48,150.98,151.15,,150.98,,,238428,36246569.75,13883,F1,1,,,,,
2026-09-30,2026-09-30,CM,NSE,STK,17140,INE349Y01013,IDEAFORGE,EQ,,,,,IDEAFORGE TECHNO LTD,725.0,744.8,717.5,730.95,731.3,719.7,,731.12,,,237947,173725021.0,13458,F1,1,,,,,
2026-09-30,2026-09-30,CM,NSE,STK,758858,INE819V01029,CPPLUS,EQ,,,,,ADITYA INFOTECH LIMITED,3840.1,3950.0,3766.0,3846.5,3795.0,3817.6,,3846.29,,,237687,916845388.9,25666,F1,1,,,,,
2026-09-30,2026-09-30,CM,NSE,STK,17032,INE594H01019,THYROCARE,EQ,,,,,THYROCARE TECH LTD,547.0,550.6,532.7,534.15,535.0,547.1,,534.15,,,237351,127956573.1,15956,F1,1,,,,,
2026-09-30,2026-09-30,CM,NSE,STK,583,INE477A01020,CANFINHOME,EQ,,,,,CAN FIN HOMES LTD,733.0,739.8,715.0,719.2,719.0,731.7,,719.21,,,235321,170690118.7,22349,F1,1,,,,,
2026-09-30,2026-09-30,CM,NSE,STK,4693,INE810G01011,SHYAMMETL,EQ,,,,,SHYAM METALICS AND ENGY L,1076.9,1078.5,1055.0,1065.0,1059.1,1074.0,,1064.55,,,235248,251646525.9,18679,F1,1,,,,,
2026-09-30,2026-09-30,CM,NSE,STK,1593,INE0APB01032,MGEL,EQ,,,,,MANGALAM GLOBAL ENT LTD,16.14,16.19,15.61,15.89,15.9,16.11,,15.89,,,235063,3755504.95,464,F1,1,,,,,
2026-09-30,2026-09-30,CM,NSE,STK,11655,INE927D01051,JBMA,EQ,,,,,JBM AUTO LIMITED,568.95,572.7,552.0,556.5,556.75,563.15,,556.56,,,234314,131644652.95,12195,F1,1,,,,,
2026-09-30,2026-09-30,CM,NSE,STK,4656,INE386D01027,SBCL,EQ,,,,,SHIVALIK BIMETAL CON. LTD,1140.0,1148.9,1060.0,1071.7,1075.9,1111.3,,1071.77,,,233735,254752327.2,15059,F1,1,,,,,
2026-09-30,2026-09-30,CM,NSE,STK,25171,INF740KA1UR9,TOP10ADD,EQ,,,,,DSPAMC - TOP10ADD,82.5,83.31,82.29,82.45,82.45,82.71,,82.45,,,232956,19283777.23,688,F1,1,,,,,
2026-09-30,2026-09-30,CM,NSE,STK,14008,INE488D01021,AVTNPL,EQ,,,,,AVT NATURAL PRODUCTS LTD,93.0,93.49,90.41,91.29,92.15,92.2,,91.27,,,232448,21351837.2,3360,F1,1,,,,,
2026-09-30,2026-09-30,CM,NSE,STK,27079,INE127T01021,KPEL,EQ,,,,,K.P. ENERGY LIMITED,225.5,229.2,219.13,220.41,223.92,224.03,,220.41,,,231806,51817279.11,6107,F1,1,,,,,
2026-09-30,2026-09-30,CM,NSE,STK,11778,INE887G01027,GOKEX,EQ,,,,,GOKALDAS EXPORTS LTD.,678.55,709.0,678.55,687.8,684.0,678.55,,687.79,,,231795,161399437.65,12297,F1,1,,,,,
2026-09-30,2026-09-30,CM,NSE,STK,12015,INE065D01027,AEROENTER,EQ,,,,,AEROFLEX ENTERPRISES LTD,125.5,126.99,122.71,124.0,123.53,124.7,,124.02,,,231674,28918594.54,3688,F1,1,,,,,
2026-09-30,2026-09-30,CM,NSE,STK,12024,INE128X01021,ACI,EQ,,,,,ARCHEAN CHEMICAL IND LTD,487.0,496.45,481.5,485.85,488.7,490.6,,485.9,,,231287,112636842.05,11646,F1,1,,,,,
2026-09-30,2026-09-30,CM,NSE,STK,1630,INE570A01022,IONEXCHANG,EQ,,,,,ION EXCHANGE (INDIA) LTD,411.9,414.5,403.6,411.15,411.0,410.2,,411.15,,,230496,94700047.45,18523,F1,1,,,,,
2026-09-30,2026-09-30,CM,NSE,STK,759551,INE202B01038,PIRAMALFIN,EQ,,,,,PIRAMAL FINANCE LIMITED,2098.0,2127.5,2012.0,2043.9,2033.0,2127.5,,2043.91,,,230032,476835998.1,22155,F1,1,,,,,
2026-09-30,2026-09-30,CM,NSE,STK,7390,INE07RO01027,SUPRIYA,EQ,,,,,SUPRIYA LIFESCIENCE LTD,995.25,995.95,945.2,950.25,949.85,985.05,,950.27,,,229715,220609893.9,16934,F1,1,,,,,
2026-09-30,2026-09-30,CM,NSE,STK,1547,INE786W01010,RKEC,EQ,,,,,RKEC PROJECTS LIMITED,23.97,26.94,21.62,23.09,22.25,23.61,,23.09,,,229395,5671374.25,1157,F1,1,,,,,
2026-09-30,2026-09-30,CM,NSE,STK,13,INE117A01022,ABB,EQ,,,,,ABB INDIA LIMITED,6801.0,6927.5,6771.0,6776.0,6776.0,6660.5,,6775.54,,,229223,1571344469.5,35422,F1,1,,,,,
2026-09-30,2026-09-30,CM,NSE,STK,14972,INE455I01029,KSCL,EQ,,,,,KAVERI SEED CO. LTD.,746.5,752.8,720.0,725.65,722.0,742.1,,725.71,,,229047,168526565.5,11189,F1,1,,,,,
2026-09-30,2026-09-30,CM,NSE,STK,13121,INE202H01019,KERNEX,EQ,,,,,KERNEX MICROSYS(I) LTD,1750.0,1762.5,1671.0,1686.0,1681.5,1744.1,,1686.21,,,228842,394745508.4,21499,F1,1,,,,,
2026-09-30,2026-09-30,CM,NSE,STK,21704,INE385W01011,DCAL,EQ,,,,,DISHMAN CARBO AMCIS LTD,162.57,163.83,156.35,157.47,157.0,161.39,,157.45,,,228801,36598636.52,3753,F1,1,,,,,
2026-09-30,2026-09-30,CM,NSE,STK,759316,INE506V01022,RUBICON,EQ,,,,,RUBICON RESEARCH LIMITED,1601.2,1635.0,1577.7,1619.4,1635.0,1609.0,,1619.09,,,228306,366866104.4,33007,F1,1,,,,,
2026-09-30,2026-09-30,CM,NSE,STK,759477,INE01TY01017,CANHLIFE,EQ,,,,,CANARA HSBC LIFE INS CO L,149.87,149.87,147.15,148.51,147.15,149.62,,148.52,,,225185,33432703.0,6761,F1,1,,,,,
2026-09-30,2026-09-30,CM,NSE,STK,7835,INE02WG01024,WEL,EQ,,,,,WONDER ELECTRICALS LTD,71.85,73.84,71.81,72.63,72.52,72.57,,72.63,,,224981,16363677.92,1559,F1,1,,,,,
2026-09-30,2026-09-30,CM,NSE,STK,1185,INE371P01015,AMBER,EQ,,,,,AMBER ENTERPRISES (I) LTD,6639.0,6786.0,6617.0,6672.5,6672.5,6606.5,,6672.71,,,224400,1513297307.5,32872,F1,1,,,,,
2026-09-30,2026-09-30,CM,NSE,STK,24856,INE0PQ101010,SSDL,EQ,,,,,SARASWATI SAREE DEPOT LTD,80.88,80.88,74.3,75.81,75.0,83.92,,75.86,,,224216,17303411.57,2645,F1,1,,,,,
2026-09-30,2026-09-30,CM,NSE,STK,2513,INE412G01024,BCLIND,EQ,,,,,BCL INDUSTRIES LIMITED,32.42,32.74,31.51,31.79,31.86,32.42,,31.79,,,223784,7199481.42,2206,F1,1,,,,,
2026-09-30,2026-09-30,CM,NSE,STK,27047,INE677D01037,MASTERTR,EQ,,,,,MASTER TRUST LIMITED,83.72,84.14,81.55,82.14,81.55,83.11,,82.13,,,223611,18560466.57,1334,F1,1,,,,,
2026-09-30,2026-09-30,CM,NSE,STK,25392,INE305C01029,PANAMAPET,EQ,,,,,PANAMA PETROCHEM LTD,484.8,499.8,482.2,484.25,484.45,480.5,,484.25,,,222411,108919527.65,10122,F1,1,,,,,
2026-09-30,2026-09-30,CM,NSE,STK,1805,INE900B01029,KABRAEXTRU,EQ,,,,,KABRA EXTRUSION TECHNIK L,835.0,838.9,788.35,805.55,807.0,829.8,,805.49,,,221415,179497358.7,10637,F1,1,,,,,
2026-09-30,2026-09-30,CM,NSE,STK,2739,INE010A01011,PRSMJOHNSN,EQ,,,,,PRISM JOHNSON LIMITED,109.89,111.29,108.25,108.74,108.9,109.27,,108.74,,,221376,24361976.9,4520,F1,1,,,,,
2026-09-30,2026-09-30,CM,NSE,STK,1507,INF247L01AK4,MOGSEC,EQ,,,,,MOTILALAMC - G5,64.7,65.25,64.7,64.75,65.2,64.66,,64.75,,,221149,14363628.06,77,F1,1,,,,,
2026-09-30,2026-09-30,CM,NSE,STK,20534,INE024L01027,GRAVITA,EQ,,,,,GRAVITA INDIA LIMITED,1459.7,1472.9,1439.7,1447.4,1455.5,1446.9,,1447.42,,,221058,321532939.6,21766,F1,1,,,,,
2026-09-30,2026-09-30,CM,NSE,STK,13101,INE579C01029,VIMTALABS,EQ,,,,,VIMTA LABS LIMITED,596.0,620.0,596.0,600.3,597.0,591.4,,600.8,,,220346,133504676.5,9937,F1,1,,,,,
2026-09-30,2026-09-30,CM,NSE,STK,9356,INE255X01014,MSTCLTD,EQ,,,,,MSTC LIMITED,715.0,733.05,712.2,714.75,713.75,713.05,,714.75,,,219386,158047903.5,10801,F1,1,,,,,
2026-09-30,2026-09-30,CM,NSE,STK,7413,INE830Q01018,MANAKCOAT,EQ,,,,,MAN COAT METAL & IND LTD,126.28,129.19,126.0,126.98,127.5,127.29,,126.98,,,218743,27805357.16,1465,F1,1,,,,,
2026-09-30,2026-09-30,CM,NSE,STK,3579,INE351A01035,UNICHEMLAB,EQ,,,,,UNICHEM LABORATORIES LTD,569.0,579.2,542.1,545.5,542.5,568.4,,545.53,,,217861,121742280.8,11737,F1,1,,,,,
2026-09-30,2026-09-30,CM,NSE,STK,27084,INE0CJD01029,KMEW,EQ,,,,,KNOWLEDGE MARINE & EN W L,3106.3,3170.0,2986.0,3041.5,3010.0,3064.8,,3041.59,,,217728,670937586.7,24515,F1,1,,,,,
2026-09-30,2026-09-30,CM,NSE,STK,3512,INE141D01018,TNTELE,EQ,,,,,TAMILNADU TELECOMMUNICATI,13.11,13.2,12.84,12.84,12.84,14.26,,12.84,,,217122,2823686.58,569,F1,1,,,,,
2026-09-30,2026-09-30,CM,NSE,STK,17534,INE002S01010,MGL,EQ,,,,,MAHANAGAR GAS LTD.,1048.0,1067.1,1039.0,1058.0,1059.0,1050.5,,1058.0,,,217105,228764529.5,30937,F1,1,,,,,
2026-09-30,2026-09-30,CM,NSE,STK,760896,INE0OU201013,DCMSIL,EQ,,,,,DCM SHRIRAM INTERNATNL L,78.05,85.31,77.3,82.25,82.64,77.56,,82.27,,,216984,17646800.21,2096,F1,1,,,,,
2026-09-30,2026-09-30,CM,NSE,STK,11343,INE00WC01027,AFFLE,EQ,,,,,AFFLE 3I LIMITED,1511.0,1547.0,1502.1,1511.0,1504.5,1501.0,,1511.0,,,216326,330593468.4,27747,F1,1,,,,,
2026-09-30,2026-09-30,CM,NSE,STK,10417,INE600Y01019,DYCL,EQ,,,,,DYNAMIC CABLES LIMITED,435.5,446.45,435.0,437.15,436.4,433.9,,437.14,,,216097,95100220.9,8702,F1,1,,,,,
2026-09-30,2026-09-30,CM,NSE,STK,760259,INE0E7301029,WAKEFIT,EQ,,,,,WAKEFIT INNOVATIONS LTD,144.06,144.93,140.8,143.82,141.9,144.06,,143.79,,,215953,30972154.27,3422,F1,1,,,,,
2026-09-30,2026-09-30,CM,NSE,STK,29452,INE943P01029,AGARWALEYE,EQ,,,,,DR AGARWALS HEALTH CARE L,499.7,499.75,472.5,479.3,476.0,495.25,,479.33,,,215481,104572397.8,11351,F1,1,,,,,
2026-09-30,2026-09-30,CM,NSE,STK,5851,INF174KA1ZB7,BANKNIFTY1,EQ,,,,,KOTAKMAMC-KOTAKBKETF,56.5,57.32,55.91,56.78,56.7,56.5,,56.78,,,215264,12272170.67,714,F1,1,,,,,
2026-09-30,2026-09-30,CM,NSE,STK,6018,INE404A01024,ABSLAMC,EQ,,,,,ADIT BIRL SUN LIF AMC LTD,955.9,1033.9,947.9,995.3,995.0,955.9,,995.24,,,214646,208947996.2,27548,F1,1,,,,,
2026-09-30,2026-09-30,CM,NSE,STK,17758,INE385C01021,SARDAEN,EQ,,,,,SARDA ENERGY & MIN LTD,500.35,507.75,495.1,497.3,496.0,500.35,,497.28,,,213966,107533718.15,9332,F1,1,,,,,
2026-09-30,2026-09-30,CM,NSE,STK,25800,INE0JVO01026,GARUDA,EQ,,,,,GARUDA CONSTRUCT N ENG L,178.4,179.2,173.8,174.67,174.9,176.56,,174.67,,,213498,37699026.51,4014,F1,1,,,,,
2026-09-30,2026-09-30,CM,NSE,STK,21705,INE456Z01021,MEDIASSIST,EQ,,,,,MEDI ASSIST HEALTH SER L,307.0,314.85,301.1,302.25,302.5,306.7,,302.25,,,211883,64551807.95,6367,F1,1,,,,,
2026-09-30,2026-09-30,CM,NSE,STK,7030,INE276G01015,ASIANENE,EQ,,,,,ASIAN ENERGY SERVICES LTD,479.1,482.45,463.0,471.85,471.0,478.25,,471.85,,,211572,99701241.55,9420,F1,1,,,,,
2026-09-30,2026-09-30,CM,NSE,STK,17859,INE0LXT01019,REDTAPE,EQ,,,,,REDTAPE LIMITED,118.0,119.2,116.5,117.6,116.8,117.48,,117.6,,,211189,24830269.1,4776,F1,1,,,,,
2026-09-30,2026-09-30,CM,NSE,STK,20560,INE325C01035,DOLLAR,EQ,,,,,DOLLAR INDUSTRIES LIMITED,278.2,285.9,276.0,277.25,279.0,280.25,,277.25,,,210742,59473350.05,3296,F1,1,,,,,
2026-09-30,2026-09-30,CM,NSE,STK,3908,INE309M01020,PREMIERPOL,EQ,,,,,PREMIER POLYFILM LTD,97.89,97.89,92.0,92.76,92.2,95.89,,92.77,,,208407,19545690.85,3818,F1,1,,,,,
2026-09-30,2026-09-30,CM,NSE,STK,2168,INE00KV01022,RAJMET,EQ,,,,,RAJNANDINI METAL LIMITED,3.11,3.16,3.06,3.12,3.14,3.06,,3.12,,,208256,648148.56,547,F1,1,,,,,
2026-09-30,2026-09-30,CM,NSE,STK,9116,INE760F01028,INDOAMIN,EQ,,,,,INDO AMINES LIMITED,145.61,148.0,138.35,142.07,143.42,145.45,,142.03,,,208080,29904598.24,3565,F1,1,,,,,
2026-09-30,2026-09-30,CM,NSE,STK,762747,INE338F01015,KLBRENG-B,EQ,,,,,KILBURN ENGINEERING LTD.,527.9,534.55,521.55,523.95,530.0,525.55,,524.01,,,206790,109043605.3,4210,F1,1,,,,,
2026-09-30,2026-09-30,CM,NSE,STK,758675,INE886D01026,EFCIL,EQ,,,,,EFC (I) LIMITED,174.28,177.94,171.5,172.21,172.0,174.28,,172.21,,,206429,35807791.19,3342,F1,1,,,,,
2026-09-30,2026-09-30,CM,NSE,STK,18721,INE531F01023,NUVAMA,EQ,,,,,NUVAMA WEALTH MANAGE LTD,1655.4,1688.6,1645.5,1652.5,1651.1,1652.1,,1652.44,,,206395,342044039.0,20818,F1,1,,,,,
2026-09-30,2026-09-30,CM,NSE,STK,1327,INE236A01020,HCL-INSYS,EQ,,,,,HCL INFOSYSTEMS LTD,10.26,10.35,10.02,10.1,10.09,10.11,,10.12,,,206242,2096948.72,866,F1,1,,,,,
2026-09-30,2026-09-30,CM,NSE,STK,17795,INE0O3901029,TREL,EQ,,,,,TRANSINDIA REAL ESTATE L,28.8,29.9,27.87,28.89,29.0,28.4,,28.89,,,205678,5940353.92,5621,F1,1,,,,,
2026-09-30,2026-09-30,CM,NSE,STK,11896,INE007B01023,GEOJITFSL,EQ,,,,,GEOJIT FINANCIAL SER L,76.76,78.29,76.1,76.59,76.6,76.76,,76.59,,,205675,15834899.54,2800,F1,1,,,,,
2026-09-30,2026-09-30,CM,NSE,STK,2043,INE331A01037,RAMCOCEM,EQ,,,,,THE RAMCO CEMENTS LIMITED,849.9,869.0,842.05,845.55,845.0,844.25,,845.56,,,205668,174710788.45,11838,F1,1,,,,,
2026-09-30,2026-09-30,CM,NSE,STK,759876,INE12UR01024,UTLSOLAR,EQ,,,,,FUJIYAMA POWER SYSTEMS L,403.0,410.15,396.9,398.45,399.75,407.7,,398.44,,,205502,82725449.0,8839,F1,1,,,,,
2026-09-30,2026-09-30,CM,NSE,STK,14058,INE989A01032,SANGHVIMOV,EQ,,,,,SANGHVI MOVERS LTD,457.1,471.9,452.4,455.2,457.0,454.0,,455.29,,,204771,94724624.25,8276,F1,1,,,,,
2026-09-30,2026-09-30,CM,NSE,STK,395,INE258A01024,BEML,EQ,,,,,BEML LIMITED,1956.6,2002.8,1956.6,1992.4,1995.0,1966.6,,1992.39,,,204724,406735799.6,22987,F1,1,,,,,
2026-09-30,2026-09-30,CM,NSE,STK,15555,INE075I01017,HCG,EQ,,,,,HEALTHCARE GLOB. ENT. LTD,703.6,710.0,660.5,666.05,667.95,703.6,,666.05,,,204434,137296071.9,19217,F1,1,,,,,
2026-09-30,2026-09-30,CM,NSE,STK,7325,INE843D01027,DCMSRIND,EQ,,,,,DCM SHRIRAM IND LTD,39.61,40.35,38.83,39.57,39.45,39.34,,39.56,,,203293,8065469.33,1719,F1,1,,,,,
2026-09-30,2026-09-30,CM,NSE,STK,17187,INE055S01018,CYIENTDLM,EQ,,,,,CYIENT DLM LIMITED,921.0,928.25,905.35,914.1,915.0,921.15,,914.12,,,203064,185729887.05,17880,F1,1,,,,,
2026-09-30,2026-09-30,CM,NSE,STK,762432,INE25E901019,OMPOWER,EQ,,,,,OM POWER TRANSMISSION LTD,164.0,166.73,153.5,156.95,156.72,163.18,,157.16,,,202294,32279095.67,1834,F1,1,,,,,
2026-09-30,2026-09-30,CM,NSE,STK,760178,INE0P8B01020,GAUDIUMIVF,EQ,,,,,GAUDIUM IVF N WOMEN H L,114.88,116.39,110.01,111.15,111.0,113.9,,111.15,,,201656,22693833.73,3083,F1,1,,,,,
2026-09-30,2026-09-30,CM,NSE,STK,2809,INE562B01019,RAJSREESUG,EQ,,,,,RAJSHREE SUGAR & CHEMICAL,30.66,31.78,28.5,28.87,28.99,30.58,,28.87,,,201576,6058113.47,1225,F1,1,,,,,
2026-09-30,2026-09-30,CM,NSE,STK,5143,INE070D01027,JAICORPLTD,EQ,,,,,JAI CORP LIMITED,91.8,93.63,91.3,91.69,91.46,91.8,,91.69,,,201178,18516109.05,3096,F1,1,,,,,
2026-09-30,2026-09-30,CM,NSE,STK,16589,INE972X01022,VAISHALI,EQ,,,,,VAISHALI PHARMA LIMITED,8.75,8.99,8.31,8.35,8.39,8.39,,8.35,,,199730,1693045.99,371,F1,1,,,,,
2026-09-30,2026-09-30,CM,NSE,STK,13091,INE184H01027,EKC,EQ,,,,,EVEREST KANTO CYLINDERLTD,108.2,110.5,106.65,108.9,110.5,107.74,,108.9,,,199123,21600375.39,2636,F1,1,,,,,
2026-09-30,2026-09-30,CM,NSE,STK,20531,INE0KQN01018,BAJEL,EQ,,,,,BAJEL PROJECTS LIMITED,168.93,172.56,163.5,164.9,164.0,170.2,,164.92,,,199105,33205288.88,3017,F1,1,,,,,
2026-09-30,2026-09-30,CM,NSE,STK,11045,INE170E01023,SATIA,EQ,,,,,SATIA INDUSTRIES LIMITED,68.7,71.26,68.7,69.7,69.34,68.48,,69.7,,,198881,13914959.15,3054,F1,1,,,,,
2026-09-30,2026-09-30,CM,NSE,STK,701,INE0AJG01018,HEMIPROP,EQ,,,,,HEMISPHERE PROP IND LTD,115.95,117.09,113.63,114.07,113.97,114.94,,114.08,,,198593,22810671.45,3036,F1,1,,,,,
2026-09-30,2026-09-30,CM,NSE,STK,761046,INF769K01QC2,DEFENCE,EQ,,,,,MIRAEAMC - DEFENCE,77.15,77.98,76.99,77.52,77.5,76.93,,77.52,,,198066,15371034.91,612,F1,1,,,,,
2026-09-30,2026-09-30,CM,NSE,STK,199,INE348L01012,MASFIN,EQ,,,,,MAS FINANCIAL SERV LTD,278.45,284.95,274.65,282.7,281.5,281.4,,282.72,,,197774,55312367.85,8108,F1,1,,,,,
2026-09-30,2026-09-30,CM,NSE,STK,5426,INE118D01016,NUVOCO,EQ,,,,,NUVOCO VISTAS CORP LTD,333.15,344.05,331.0,337.8,337.1,330.2,,337.81,,,197279,66820941.8,13913,F1,1,,,,,
2026-09-30,2026-09-30,CM,NSE,STK,23864,INE108V01019,AWFIS,EQ,,,,,AWFIS SPACE SOLUTIONS LTD,249.35,250.7,242.6,244.1,243.6,247.1,,244.11,,,196593,48270996.15,6779,F1,1,,,,,
2026-09-30,2026-09-30,CM,NSE,STK,24715,INE09XN01023,AKUMS,EQ,,,,,AKUMS DRUGS AND PHARMA L,828.2,828.2,811.1,818.5,814.0,819.55,,818.49,,,196569,161142528.75,15646,F1,1,,,,,
2026-09-30,2026-09-30,CM,NSE,STK,9362,INE278Y01022,CAMPUS,EQ,,,,,CAMPUS ACTIVEWEAR LIMITED,210.0,211.36,207.52,208.83,207.72,209.76,,208.83,,,196106,41100110.3,5958,F1,1,,,,,
2026-09-30,2026-09-30,CM,NSE,STK,17881,INE950I01011,DBCORP,EQ,,,,,D.B.CORP LTD,177.02,181.6,174.01,175.38,174.55,175.73,,175.38,,,195863,34731727.04,3644,F1,1,,,,,
2026-09-30,2026-09-30,CM,NSE,STK,1145,INE162A01010,GIPCL,EQ,,,,,GUJ IND POW CO. LTD,182.0,184.05,178.5,179.68,178.5,181.56,,179.67,,,195771,35442498.68,3660,F1,1,,,,,
2026-09-30,2026-09-30,CM,NSE,STK,25073,INE02ID01020,RAYMONDLSL,EQ,,,,,RAYMOND LIFESTYLE LIMITED,664.45,669.25,638.2,642.05,642.0,660.55,,642.05,,,195234,127188510.4,11012,F1,1,,,,,
2026-09-30,2026-09-30,CM,NSE,STK,24809,INE00U401027,UNIECOM,EQ,,,,,UNICOMMERCE ESOLUTIONS L,82.89,84.5,82.25,83.9,84.31,82.45,,83.9,,,194948,16251343.28,1972,F1,1,,,,,
2026-09-30,2026-09-30,CM,NSE,STK,29224,INE013P01021,ONESOURCE,EQ,,,,,ONESOURCE SPECL PHARMA L,1587.0,1600.0,1506.1,1521.6,1515.0,1583.3,,1521.88,,,194917,301352831.2,19383,F1,1,,,,,
2026-09-30,2026-09-30,CM,NSE,STK,759769,INE28GN01010,ADVENTHTL,EQ,,,,,ADVENT HOTELS INTERNATI L,125.74,130.5,123.9,126.32,127.0,124.7,,126.38,,,194445,24528752.99,2922,F1,1,,,,,
2026-09-30,2026-09-30,CM,NSE,STK,10485,INE207E01023,RAMRAT,EQ,,,,,RAM RATNA WIRES LIMITED,589.7,597.0,578.65,582.4,579.5,583.8,,582.42,,,193834,114068175.0,13997,F1,1,,,,,
2026-09-30,2026-09-30,CM,NSE,STK,13875,INE742C01031,JINDRILL,EQ,,,,,JINDAL DRILLING IND. LTD,599.9,612.4,595.35,600.6,598.0,599.95,,600.63,,,191699,115834685.4,8402,F1,1,,,,,
2026-09-30,2026-09-30,CM,NSE,STK,5407,INE290S01011,CARTRADE,EQ,,,,,CARTRADE TECH LIMITED,2922.0,2949.5,2888.0,2899.8,2909.0,2907.5,,2899.79,,,191607,557027921.3,17742,F1,1,,,,,
2026-09-30,2026-09-30,CM,NSE,STK,13702,INE430N01022,VISHWARAJ,EQ,,,,,VISHWARAJ SUGAR IND LTD,5.27,5.37,5.26,5.26,5.26,5.26,,5.26,,,190214,1009056.52,428,F1,1,,,,,
2026-09-30,2026-09-30,CM,NSE,STK,757885,INE0CZ201020,ANTHEM,EQ,,,,,ANTHEM BIOSCIENCES LTD,871.0,878.2,855.05,858.6,857.9,869.75,,858.43,,,189868,164381724.35,17615,F1,1,,,,,
2026-09-30,2026-09-30,CM,NSE,STK,30089,INE876N01018,ORIENTCEM,EQ,,,,,ORIENT CEMENT LTD.,119.38,120.29,118.08,118.77,118.81,118.42,,118.77,,,189008,22526688.47,2112,F1,1,,,,,
2026-09-30,2026-09-30,CM,NSE,STK,4732,INE411D01023,SKMEGGPROD,EQ,,,,,SKM EGG PROD EXPORT(I) LT,220.95,223.9,210.1,211.15,211.05,219.1,,211.14,,,187953,40401034.2,4074,F1,1,,,,,
2026-09-30,2026-09-30,CM,NSE,STK,14813,INE102I01027,ADSL,EQ,,,,,ALLIED DIGITAL SERV. LTD,110.8,113.37,108.0,108.53,108.16,109.99,,108.54,,,187491,20682811.97,2877,F1,1,,,,,
2026-09-30,2026-09-30,CM,NSE,STK,13786,INE813H01021,TORNTPOWER,EQ,,,,,TORRENT POWER LTD,1230.0,1256.4,1230.0,1245.9,1240.1,1220.2,,1245.89,,,187402,232952351.9,29924,F1,1,,,,,
2026-09-30,2026-09-30,CM,NSE,STK,29731,INE942C01045,GUJTHEM,EQ,,,,,GUJARAT THEMIS BIOSYN LTD,404.1,408.6,386.5,387.6,386.5,406.5,,387.61,,,187350,73822784.7,8962,F1,1,,,,,
2026-09-30,2026-09-30,CM,NSE,STK,758595,INF769K01PB6,INTERNET,EQ,,,,,MIRAEAMC - INTERNET,13.68,13.99,13.46,13.51,13.52,13.68,,13.51,,,187020,2541733.04,369,F1,1,,,,,
2026-09-30,2026-09-30,CM,NSE,STK,3292,INE0FHS01024,DEEPINDS,EQ,,,,,DEEP INDUSTRIES LIMITED,782.45,789.0,746.95,755.95,756.65,782.5,,756.0,,,186911,143237148.9,9644,F1,1,,,,,
2026-09-30,2026-09-30,CM,NSE,STK,5265,INE03Q201024,ALIVUS,EQ,,,,,ALIVUS LIFE SCIENCES LTD,1350.0,1390.0,1350.0,1379.3,1380.0,1356.8,,1379.29,,,186612,257169703.9,25149,F1,1,,,,,
2026-09-30,2026-09-30,CM,NSE,STK,136,INE715B01021,ANDHRSUGAR,EQ,,,,,ANDHRA SUGARS LTD,94.4,95.95,92.7,93.15,92.8,94.4,,93.15,,,186327,17580873.79,15215,F1,1,,,,,
2026-09-30,2026-09-30,CM,NSE,STK,7508,INE251B01027,ZENTEC,EQ,,,,,ZEN TECHNOLOGIES LIMITED,1625.0,1647.2,1601.0,1605.2,1605.0,1619.8,,1605.22,,,185419,300131930.8,18766,F1,1,,,,,
2026-09-30,2026-09-30,CM,NSE,STK,25643,INE0Q3J01015,KRN,EQ,,,,,KRN HEAT EXCHANGE N REF L,1456.0,1481.0,1424.0,1436.5,1427.6,1443.1,,1436.54,,,184949,269834928.5,15962,F1,1,,,,,
2026-09-30,2026-09-30,CM,NSE,STK,11364,INE884A01027,VAIBHAVGBL,EQ,,,,,VAIBHAV GLOBAL LIMITED,203.25,209.38,203.25,204.32,203.71,202.89,,204.33,,,184844,38155586.88,6504,F1,1,,,,,
2026-09-30,2026-09-30,CM,NSE,STK,9117,INE716B01029,TIPSMUSIC,EQ,,,,,TIPS MUSIC LIMITED,649.0,663.0,648.95,657.85,655.0,647.2,,657.88,,,184367,121133022.5,8893,F1,1,,,,,
2026-09-30,2026-09-30,CM,NSE,STK,3150,INE003A01024,SIEMENS,EQ,,,,,SIEMENS LTD,3721.1,3789.1,3720.0,3725.6,3725.6,3710.0,,3725.69,,,183302,689178215.6,20825,F1,1,,,,,
2026-09-30,2026-09-30,CM,NSE,STK,13310,INE878B01027,KEI,EQ,,,,,KEI INDUSTRIES LTD.,4504.5,4536.5,4450.0,4455.0,4455.0,4461.0,,4455.01,,,182773,820399540.5,22856,F1,1,,,,,
2026-09-30,2026-09-30,CM,NSE,STK,18214,INE141K01013,TEXMOPIPES,EQ,,,,,TEXMO PIPE & PRODUCTS LTD,52.75,58.59,52.75,55.08,55.79,53.72,,55.09,,,182461,10247406.25,2930,F1,1,,,,,
2026-09-30,2026-09-30,CM,NSE,STK,762705,INE506D01020,HALDYNGL,EQ,,,,,HALDYN GLASS LTD.,156.0,163.78,154.0,154.46,154.0,154.15,,154.47,,,182272,28808974.67,2579,F1,1,,,,,
2026-09-30,2026-09-30,CM,NSE,STK,11212,INE500L01026,SHK,EQ,,,,,S H KELKAR AND CO. LTD.,139.96,142.78,139.65,141.02,141.88,140.33,,141.02,,,181372,25575152.82,3748,F1,1,,,,,
2026-09-30,2026-09-30,CM,NSE,STK,6045,INE818B01023,PASUPTAC,EQ,,,,,PASUPATI ACRYLON LIMITED,76.1,76.89,71.87,72.73,72.05,75.2,,72.75,,,180671,13509299.43,2516,F1,1,,,,,
2026-09-30,2026-09-30,CM,NSE,STK,11591,INF179KC1965,HDFCNIFTY,EQ,,,,,HDFCAMC - HDFCNIFTY,263.02,263.02,255.3,255.84,255.91,256.61,,255.84,,,180348,46203167.57,1362,F1,1,,,,,
2026-09-30,2026-09-30,CM,NSE,STK,20607,INE616N01034,INOXINDIA,EQ,,,,,INOX INDIA LIMITED,2087.2,2099.0,2040.1,2052.5,2043.1,2070.4,,2052.11,,,179897,372154896.2,17066,F1,1,,,,,
2026-09-30,2026-09-30,CM,NSE,STK,23855,INF769K01LJ8,MIDSMALL,EQ,,,,,MIRAEAMC - MIDSMALL,50.0,50.34,49.8,49.88,49.86,49.98,,49.88,,,179826,8997845.83,1098,F1,1,,,,,
2026-09-30,2026-09-30,CM,NSE,STK,4598,INE978A01027,HERITGFOOD,EQ,,,,,HERITAGE FOODS LTD,400.0,407.3,398.15,402.0,401.0,401.2,,402.09,,,179464,72123752.0,6988,F1,1,,,,,
2026-09-30,2026-09-30,CM,NSE,STK,761153,INE00XB01019,SEDEMAC,EQ,,,,,SEDEMAC MECHATRONICS LTD,3499.0,3587.0,3460.8,3494.5,3490.0,3485.6,,3494.35,,,178976,626479330.2,33454,F1,1,,,,,
2026-09-30,2026-09-30,CM,NSE,STK,1196,INE531A01024,KANSAINER,EQ,,,,,KANSAI NEROLAC PAINTS LTD,182.9,183.54,177.1,177.99,177.98,181.33,,178.0,,,178729,32112573.71,8372,F1,1,,,,,
2026-09-30,2026-09-30,CM,NSE,STK,22463,INE0G5901015,EPACK,EQ,,,,,EPACK DURABLE LIMITED,178.65,180.15,175.0,175.35,175.0,177.93,,175.33,,,178498,31650326.8,3417,F1,1,,,,,
2026-09-30,2026-09-30,CM,NSE,STK,3672,INE624Z01016,SOLARA,EQ,,,,,SOLARA ACTIVE PHA SCI LTD,759.0,759.0,720.0,725.4,720.0,749.85,,725.38,,,177501,131037387.25,7983,F1,1,,,,,
2026-09-30,2026-09-30,CM,NSE,STK,15179,INE738I01010,ECLERX,EQ,,,,,ECLERX SERVICES LTD,1772.0,1848.7,1772.0,1819.9,1816.5,1769.7,,1819.87,,,177436,324114153.0,23668,F1,1,,,,,
2026-09-30,2026-09-30,CM,NSE,STK,759368,INF740KA1WU9,FLEXIADD,EQ,,,,,DSPAMC - FLEXIADD,9.52,9.74,9.4,9.44,9.49,9.45,,9.45,,,176556,1677756.3,241,F1,1,,,,,
2026-09-30,2026-09-30,CM,NSE,STK,760039,INE0QPI01025,SUDEEPPHRM,EQ,,,,,SUDEEP PHARMA LIMITED,1195.1,1249.8,1181.5,1205.8,1202.0,1195.2,,1205.78,,,176078,215439472.3,14162,F1,1,,,,,
2026-09-30,2026-09-30,CM,NSE,STK,3646,INE835A01029,VARDMNPOLY,EQ,,,,,VARDHMAN POLYTEX LTD.,5.81,5.95,5.72,5.8,5.84,5.81,,5.8,,,175113,1015655.74,328,F1,1,,,,,
2026-09-30,2026-09-30,CM,NSE,STK,11966,INE00E101023,BIKAJI,EQ,,,,,BIKAJI FOODS INTERN LTD,530.0,543.0,516.0,521.8,518.7,531.15,,521.79,,,174430,92134166.5,13075,F1,1,,,,,
2026-09-30,2026-09-30,CM,NSE,STK,19795,INE0LMW01024,CELLO,EQ,,,,,CELLO WORLD LIMITED,330.0,337.55,324.1,325.55,324.1,333.35,,325.55,,,174282,57552809.75,10280,F1,1,,,,,
2026-09-30,2026-09-30,CM,NSE,STK,24184,INE603J01030,PIIND,EQ,,,,,PI INDUSTRIES LTD,2290.0,2322.8,2270.0,2310.0,2310.0,2288.8,,2309.97,,,174009,400098642.7,17393,F1,1,,,,,
2026-09-30,2026-09-30,CM,NSE,STK,24596,INE206N01018,RELTD,EQ,,,,,RAVINDRA ENERGY LIMITED,149.12,151.5,146.51,149.67,149.05,149.12,,149.67,,,173979,25976367.12,2558,F1,1,,,,,
2026-09-30,2026-09-30,CM,NSE,STK,761741,INF200KB1AK8,SBINMID150,EQ,,,,,SBIAMC - SBINMID150,22.39,22.39,21.9,21.97,22.04,22.34,,21.97,,,173495,3824354.62,226,F1,1,,,,,
2026-09-30,2026-09-30,CM,NSE,STK,4587,INE614A01028,RAMCOIND,EQ,,,,,RAMCO INDUSTRIES LIMITED,310.05,323.7,305.15,307.6,306.9,310.1,,307.58,,,172756,54129872.9,4598,F1,1,,,,,
2026-09-30,2026-09-30,CM,NSE,STK,760101,INE2J8701016,SKFINDUS,EQ,,,,,SKF IND (INDUSTRIAL) LTD,2780.0,2842.9,2735.0,2767.9,2759.2,2789.0,,2767.92,,,172115,481490746.2,10593,F1,1,,,,,
2026-09-30,2026-09-30,CM,NSE,STK,29284,INE665J01013,VMART,EQ,,,,,VMART RETAIL LTD,760.05,784.8,740.2,753.7,760.0,760.05,,753.69,,,170425,128791521.8,17460,F1,1,,,,,
2026-09-30,2026-09-30,CM,NSE,STK,11626,INE625G01013,WELENT,EQ,,,,,WELSPUN ENTERPRISES LTD.,741.0,764.4,740.0,742.7,743.0,744.3,,742.73,,,169996,127703558.2,8349,F1,1,,,,,
2026-09-30,2026-09-30,CM,NSE,STK,6803,INE124E01038,STEELCAS,EQ,,,,,STEELCAST LIMITED,372.8,380.1,366.1,377.2,376.05,371.8,,377.26,,,169841,63658356.75,5189,F1,1,,,,,
2026-09-30,2026-09-30,CM,NSE,STK,18012,INE03HW01020,VLEGOV,EQ,,,,,VL E GOV AND IT SOL LTD,10.25,10.55,9.86,9.99,9.86,10.2,,9.99,,,169457,1705818.51,646,F1,1,,,,,
2026-09-30,2026-09-30,CM,NSE,STK,11794,INE667G01023,SAKSOFT,EQ,,,,,SAKSOFT LIMITED,140.0,143.67,136.61,139.43,140.0,139.78,,139.43,,,169137,23823471.37,3705,F1,1,,,,,
2026-09-30,2026-09-30,CM,NSE,STK,8614,INE803D01021,INDOBORAX,EQ,,,,,INDO BORAX & CHEMICAL LTD,489.0,495.0,470.0,481.45,477.9,489.5,,481.82,,,168168,81101608.05,7386,F1,1,,,,,
2026-09-30,2026-09-30,CM,NSE,STK,3703,INE054A01027,VIPIND,EQ,,,,,VIP INDUSTRIES LTD,293.0,297.0,289.05,290.95,289.05,293.2,,290.96,,,167259,49032319.2,6187,F1,1,,,,,
2026-09-30,2026-09-30,CM,NSE,STK,14361,INE126J01016,APOLLOPIPE,EQ,,,,,APOLLO PIPES LIMITED,516.9,525.0,505.0,507.85,505.2,513.7,,507.85,,,166142,85730459.1,3931,F1,1,,,,,
2026-09-30,2026-09-30,CM,NSE,STK,14912,INE930H01031,KPRMILL,EQ,,,,,KPR MILL LTD.,1081.5,1113.3,1076.4,1103.3,1109.0,1081.5,,1103.3,,,165794,182661840.8,20435,F1,1,,,,,
2026-09-30,2026-09-30,CM,NSE,STK,757096,INF1J2R01064,AONENIFTY,EQ,,,,,AONEAMC - AONENIFTY,9.65,9.65,9.35,9.37,9.4,9.42,,9.37,,,165786,1558000.23,1179,F1,1,,,,,
2026-09-30,2026-09-30,CM,NSE,STK,760433,INE987S01020,KSHINTL,EQ,,,,,KSH INTERNATIONAL LIMITED,1036.7,1040.2,1000.0,1001.1,1001.0,1028.4,,1001.04,,,165317,167376650.5,15200,F1,1,,,,,
2026-09-30,2026-09-30,CM,NSE,STK,25403,INE0CJF01024,WCIL,EQ,,,,,WESTERN CARRIERS (IND) L,95.0,96.5,93.0,93.16,93.0,94.91,,93.16,,,165294,15734359.85,1332,F1,1,,,,,
2026-09-30,2026-09-30,CM,NSE,STK,17307,INE298G01035,AJMERA,EQ,,,,,AJMERA REALTY & INF I LTD,120.15,121.09,117.45,118.74,117.88,120.16,,118.72,,,165082,19648191.1,2324,F1,1,,,,,
2026-09-30,2026-09-30,CM,NSE,STK,21840,INE393P01035,DIAMONDYD,EQ,,,,,PRATAAP SNACKS LIMITED,1061.0,1124.9,1056.2,1108.5,1110.0,1051.1,,1108.53,,,164680,179061308.9,6037,F1,1,,,,,
2026-09-30,2026-09-30,CM,NSE,STK,1570,INE541A01023,GMMPFAUDLR,EQ,,,,,GMM PFAUDLER LIMITED,1489.9,1509.0,1444.0,1466.7,1465.0,1477.1,,1466.7,,,164451,243253588.2,18219,F1,1,,,,,
2026-09-30,2026-09-30,CM,NSE,STK,11566,INE0A1101019,DCI,EQ,,,,,DC INFOTECH AND COMUN LTD,326.9,340.0,322.9,335.0,333.05,325.7,,334.99,,,162842,54467937.7,4632,F1,1,,,,,
2026-09-30,2026-09-30,CM,NSE,STK,17685,INE390G01014,GPTINFRA,EQ,,,,,GPT INFRAPROJECTS LTD,116.57,119.4,114.1,118.34,118.5,115.72,,118.29,,,162220,19023349.84,2564,F1,1,,,,,
2026-09-30,2026-09-30,CM,NSE,STK,14479,INE753U01022,DIVGIITTS,EQ,,,,,DIVGI TORQTRANSFER SYST L,1220.0,1283.1,1166.3,1181.8,1182.0,1212.9,,1181.66,,,161440,197024879.8,11690,F1,1,,,,,
2026-09-30,2026-09-30,CM,NSE,STK,20134,INE874I01013,RAMKY,EQ,,,,,RAMKY INFRA LTD,291.05,301.0,274.5,279.1,274.5,294.05,,279.17,,,161267,46130097.95,4224,F1,1,,,,,
2026-09-30,2026-09-30,CM,NSE,STK,14672,INE048G01026,NAVINFLUOR,EQ,,,,,NAVIN FLUORINE INT. LTD,8334.0,8417.5,8200.5,8245.0,8216.5,8234.5,,8245.27,,,161189,1338802620.5,33933,F1,1,,,,,
2026-09-30,2026-09-30,CM,NSE,STK,1053,INE516A01017,UFLEX,EQ,,,,,UFLEX LIMITED,656.0,671.0,652.0,657.85,660.0,647.7,,657.86,,,159191,105421180.45,7141,F1,1,,,,,
2026-09-30,2026-09-30,CM,NSE,STK,11297,INE173A01025,SIL,EQ,,,,,STANDARD INDUSTRIES LTD.,16.6,16.79,15.5,15.69,15.9,16.42,,15.72,,,158905,2554212.22,698,F1,1,,,,,
2026-09-30,2026-09-30,CM,NSE,STK,23553,INE206F01022,AIIL,EQ,,,,,AUTHUM INVEST & INFRA LTD,542.85,559.0,541.0,546.6,542.15,541.8,,546.65,,,158568,87307221.3,15600,F1,1,,,,,
2026-09-30,2026-09-30,CM,NSE,STK,25892,INE0OPA01027,DBEIL,EQ,,,,,DEEPAK BUILDERS & ENG I L,6.45,6.74,6.45,6.68,6.65,6.54,,6.67,,,157480,1049019.1,392,F1,1,,,,,
2026-09-30,2026-09-30,CM,NSE,STK,6600,INE949P01018,GENUSPAPER,EQ,,,,,GENUS P&B LIMITED,10.43,10.96,10.36,10.64,10.61,10.25,,10.64,,,156399,1681567.8,405,F1,1,,,,,
2026-09-30,2026-09-30,CM,NSE,STK,758173,INE0BX301013,PROSTARM,EQ,,,,,PROSTARM INFO SYSTEMS LTD,134.71,138.5,134.05,134.66,135.84,135.83,,134.67,,,156328,21236893.32,2916,F1,1,,,,,
2026-09-30,2026-09-30,CM,NSE,STK,3906,INE475E01026,CAPLIPOINT,EQ,,,,,CAPLIN POINT LAB LTD.,2760.1,2797.8,2663.3,2716.4,2710.0,2744.0,,2716.12,,,156298,422709374.5,23175,F1,1,,,,,
2026-09-30,2026-09-30,CM,NSE,STK,15034,INE193E01025,BAJAJELEC,EQ,,,,,BAJAJ ELECT.LTD,309.0,315.0,302.15,303.4,303.55,309.85,,303.41,,,155806,47874833.85,6099,F1,1,,,,,
2026-09-30,2026-09-30,CM,NSE,STK,2275,INE01GN01025,IRISDOREME,EQ,,,,,IRIS CLOTHINGS LIMITED,62.8,63.48,61.0,61.55,61.4,62.8,,61.55,,,155703,9701413.0,2340,F1,1,,,,,
2026-09-30,2026-09-30,CM,NSE,STK,4127,INE699B01027,SAMBHAAV,EQ,,,,,SAMBHAAV MEDIA LTD,5.93,6.24,5.56,5.74,5.75,5.92,,5.74,,,155497,905468.17,243,F1,1,,,,,
2026-09-30,2026-09-30,CM,NSE,STK,16859,INE325D01025,SINDHUTRAD,EQ,,,,,SINDHU TRADE LINKS LTD,22.92,23.27,22.7,22.89,22.71,22.86,,22.89,,,154892,3560108.09,443,F1,1,,,,,
2026-09-30,2026-09-30,CM,NSE,STK,13585,INE285H01022,ATLANTAA,EQ,,,,,ATLANTAA LIMITED,36.7,38.0,36.0,37.25,37.32,36.69,,37.29,,,154317,5725924.56,709,F1,1,,,,,
2026-09-30,2026-09-30,CM,NSE,STK,760438,INF666M01NI0,GROWWMETAL,EQ,,,,,GROWWAMC - GROWWMETAL,12.26,12.44,12.23,12.24,12.27,12.26,,12.24,,,153679,1892209.6,977,F1,1,,,,,
2026-09-30,2026-09-30,CM,NSE,STK,24735,INE912T01018,RPEL,EQ,,,,,RAGHAV PRODUCTIVITY ENH L,1737.8,1824.0,1731.0,1809.0,1810.0,1718.1,,1809.03,,,153483,275118068.3,18267,F1,1,,,,,
2026-09-30,2026-09-30,CM,NSE,STK,13376,INE786F01031,UTTAMSUGAR,EQ,,,,,UTTAM SUGAR MILLS LTD.,291.0,300.5,286.9,288.4,288.0,290.8,,288.4,,,153061,45137999.95,4514,F1,1,,,,,
2026-09-30,2026-09-30,CM,NSE,STK,28125,INE115Q01022,IKS,EQ,,,,,INVENTURUS KNOWLEDGE SO L,1782.9,1800.5,1740.3,1747.5,1755.4,1779.4,,1747.61,,,152839,268459157.8,18817,F1,1,,,,,
2026-09-30,2026-09-30,CM,NSE,STK,11582,INE0HMF01019,TRACXN,EQ,,,,,TRACXN TECHNOLOGIES LTD,32.55,33.2,32.16,32.91,33.0,32.94,,32.92,,,152016,4988188.99,6469,F1,1,,,,,
2026-09-30,2026-09-30,CM,NSE,STK,765130,INE154B01023,MOHITE,EQ,,,,,MOHITE INDUSTRIES LTD.,2.53,2.6,2.25,2.52,2.59,2.53,,2.52,,,151942,374954.75,182,F1,1,,,,,
2026-09-30,2026-09-30,CM,NSE,STK,11606,INE742B01025,GUFICBIO,EQ,,,,,GUFIC BIOSCIENCES LTD.,438.8,452.0,429.0,432.0,429.0,436.5,,431.99,,,150453,66508700.35,5275,F1,1,,,,,
2026-09-30,2026-09-30,CM,NSE,STK,757520,INE0U4101014,BLUSPRING,EQ,,,,,BLUSPRING ENTERPRISES LTD,145.8,147.8,140.1,141.74,143.0,143.11,,141.73,,,149662,21409430.85,2835,F1,1,,,,,
2026-09-30,2026-09-30,CM,NSE,STK,764808,INE173M01012,ONIXSOLAR,EQ,,,,,ONIX SOLAR ENERGY LTD.,337.0,350.9,335.0,343.05,340.2,344.5,,343.01,,,149626,51385819.35,2812,F1,1,,,,,
2026-09-30,2026-09-30,CM,NSE,STK,1879,INE482D01024,CARYSIL,EQ,,,,,CARYSIL LIMITED,1046.1,1060.4,1020.0,1036.1,1035.0,1056.5,,1036.1,,,149256,154806125.1,10366,F1,1,,,,,
2026-09-30,2026-09-30,CM,NSE,STK,759251,INE0MLS01022,EPACKPEB,EQ,,,,,EPACK PREFAB TECHN LTD,243.0,247.28,241.8,243.2,243.0,243.32,,243.19,,,149107,36334181.27,5082,F1,1,,,,,
2026-09-30,2026-09-30,CM,NSE,STK,28906,INE040D01038,MAYURUNIQ,EQ,,,,,MAYUR UNIQUOTERS LTD,730.0,752.45,725.05,734.35,730.6,727.25,,734.36,,,148388,109869255.1,9709,F1,1,,,,,
2026-09-30,2026-09-30,CM,NSE,STK,10580,INE688A01022,TCI,EQ,,,,,TRANSPORT CORPN OF INDIA,874.0,884.9,863.85,872.5,874.8,868.7,,872.51,,,148301,129457532.25,10946,F1,1,,,,,
2026-09-30,2026-09-30,CM,NSE,STK,9917,INE136S01016,NEOGEN,EQ,,,,,NEOGEN CHEMICALS LIMITED,2445.3,2480.0,2403.0,2451.6,2450.4,2435.3,,2451.51,,,147004,360780234.1,14126,F1,1,,,,,
2026-09-30,2026-09-30,CM,NSE,STK,764050,INE724A01017,GYFTR,EQ,,,,,GYFTR LIMITED,154.18,166.0,154.18,159.16,160.0,156.36,,159.16,,,146651,23402068.65,4397,F1,1,,,,,
2026-09-30,2026-09-30,CM,NSE,STK,11452,INE421D01022,CCL,EQ,,,,,CCL PRODUCTS (I) LTD,1002.0,1031.0,991.4,1019.5,1029.0,1006.2,,1019.49,,,146634,149517464.9,18926,F1,1,,,,,
2026-09-30,2026-09-30,CM,NSE,STK,11703,INE540L01014,ALKEM,EQ,,,,,ALKEM LABORATORIES LTD.,5249.5,5276.5,5135.0,5163.5,5163.5,5250.0,,5162.99,,,146577,758986218.5,19951,F1,1,,,,,
2026-09-30,2026-09-30,CM,NSE,STK,764693,INE550F01049,HAZOOR,EQ,,,,,HAZOOR MULTI PROJECTS LTD,18.98,19.29,18.51,18.65,18.62,18.83,,18.66,,,146563,2744884.5,550,F1,1,,,,,
2026-09-30,2026-09-30,CM,NSE,STK,11423,INE365B01017,DATAMATICS,EQ,,,,,DATAMATICS GLOBAL SER LTD,825.0,837.0,802.15,805.55,828.0,821.4,,805.63,,,146286,120629098.45,7990,F1,1,,,,,
2026-09-30,2026-09-30,CM,NSE,STK,18564,INE010V01017,LTTS,EQ,,,,,L&T TECHNOLOGY SER. LTD.,3100.0,3254.9,3100.0,3228.6,3209.4,3081.6,,3228.2,,,146167,466698933.8,29043,F1,1,,,,,
2026-09-30,2026-09-30,CM,NSE,STK,4481,INE767A01016,AARTIDRUGS,EQ,,,,,AARTI DRUGS LTD.,429.8,439.0,429.6,430.9,433.9,428.6,,430.88,,,145119,62951628.8,5239,F1,1,,,,,
2026-09-30,2026-09-30,CM,NSE,STK,1415,INE291W01037,GLOBAL,EQ,,,,,GLOBAL EDUCATION LIMITED,133.0,138.98,132.0,132.8,132.0,133.01,,132.8,,,145033,19455151.42,1735,F1,1,,,,,
2026-09-30,2026-09-30,CM,NSE,STK,16822,INE0LOJ01019,IKIO,EQ,,,,,IKIO TECHNOLOGIES LIMITED,198.75,204.38,195.22,196.85,196.5,197.3,,196.8,,,144490,28713696.34,2818,F1,1,,,,,
2026-09-30,2026-09-30,CM,NSE,STK,2970,INE428Q01011,SURYODAY,EQ,,,,,SURYODAY SMALL FIN BK LTD,144.68,147.56,144.15,145.16,145.6,144.68,,145.16,,,143795,20985070.95,2500,F1,1,,,,,
2026-09-30,2026-09-30,CM,NSE,STK,19015,INE0KNT01012,MVGJL,EQ,,,,,MANOJ VAIBHAV GEM N JEW L,214.33,216.47,205.1,207.16,205.75,212.6,,207.21,,,143718,30310749.04,2941,F1,1,,,,,
2026-09-30,2026-09-30,CM,NSE,STK,16705,INE020J01029,GOKUL,EQ,,,,,GOKUL REFOILS & SOLV LTD,39.1,39.8,39.06,39.42,39.58,39.41,,39.42,,,142762,5648766.46,799,F1,1,,,,,
2026-09-30,2026-09-30,CM,NSE,STK,4566,INE413B01023,RUCHINFRA,EQ,,,,,RUCHI INFRASTRUCTURE LTD,4.81,5.68,4.81,4.91,4.97,5.05,,4.92,,,142608,711043.65,494,F1,1,,,,,
2026-09-30,2026-09-30,CM,NSE,STK,19943,INE288B01029,DEEPAKNTR,EQ,,,,,DEEPAK NITRITE LTD,1535.0,1555.0,1520.6,1529.8,1523.0,1529.0,,1529.82,,,141444,216773839.9,18429,F1,1,,,,,
2026-09-30,2026-09-30,CM,NSE,STK,16915,INE342J01019,ZFCVINDIA,EQ,,,,,ZF COM VE CTR SYS IND LTD,2298.0,2352.9,2291.0,2341.0,2335.0,2297.8,,2337.89,,,141190,329413187.2,24953,F1,1,,,,,
2026-09-30,2026-09-30,CM,NSE,STK,1581,INE0EK901012,TARC,EQ,,,,,TARC LIMITED,128.0,128.29,125.26,125.96,126.02,127.02,,125.95,,,140774,17799457.56,2811,F1,1,,,,,
2026-09-30,2026-09-30,CM,NSE,STK,3403,INE820Y01021,AJOONI,EQ,,,,,AJOONI BIOTECH LIMITED,3.16,3.16,3.1,3.13,3.13,3.14,,3.13,,,140753,440009.01,331,F1,1,,,,,
2026-09-30,2026-09-30,CM,NSE,STK,29666,INE093A01041,HEXT,EQ,,,,,HEXAWARE TECHNOLOGIES LTD,480.65,504.75,479.05,494.1,494.0,482.1,,494.1,,,140752,69660792.15,13249,F1,1,,,,,
2026-09-30,2026-09-30,CM,NSE,STK,3252,INE147A01011,SPIC,EQ,,,,,SPIC LTD,63.47,64.24,63.43,63.94,63.88,63.47,,63.94,,,140574,8969872.69,1545,F1,1,,,,,
2026-09-30,2026-09-30,CM,NSE,STK,4934,INE0D6701023,IPL,EQ,,,,,INDIA PESTICIDES LIMITED,133.0,135.0,131.1,132.72,131.3,133.12,,132.73,,,140290,18708175.28,2203,F1,1,,,,,
2026-09-30,2026-09-30,CM,NSE,STK,16395,INE511Y01018,MMP,EQ,,,,,MMP INDUSTRIES LIMITED,447.0,477.3,447.0,474.85,476.5,447.55,,474.85,,,139843,65422680.2,6278,F1,1,,,,,
2026-09-30,2026-09-30,CM,NSE,STK,2124,INE759A01021,MASTEK,EQ,,,,,MASTEK LTD,1515.0,1583.8,1514.6,1562.8,1563.0,1523.4,,1562.81,,,139740,217124084.3,15444,F1,1,,,,,
2026-09-30,2026-09-30,CM,NSE,STK,3363,INE195A01028,SUPREMEIND,EQ,,,,,SUPREME INDUSTRIES LTD,3462.0,3545.0,3446.1,3451.0,3451.0,3445.8,,3451.07,,,139486,487632633.1,17361,F1,1,,,,,
2026-09-30,2026-09-30,CM,NSE,STK,13236,INE226H01026,SADBHAV,EQ,,,,,SADBHAV ENGINEERING LTD,7.1,7.27,7.09,7.15,7.19,6.93,,7.15,,,138349,994869.64,314,F1,1,,,,,
2026-09-30,2026-09-30,CM,NSE,STK,11868,INE111B01023,63MOONS,EQ,,,,,63 MOONS TECHNOLOGIES LTD,809.95,839.0,807.65,811.05,808.1,810.8,,811.1,,,138349,113967268.7,7691,F1,1,,,,,
2026-09-30,2026-09-30,CM,NSE,STK,11050,INE792Z01011,SIRCA,EQ,,,,,SIRCA PAINT INDIA LIMITED,409.0,416.3,409.0,410.1,409.5,408.05,,410.1,,,138309,57123710.1,3074,F1,1,,,,,
2026-09-30,2026-09-30,CM,NSE,STK,13218,INE142Q01026,SULA,EQ,,,,,SULA VINEYARDS LIMITED,132.0,134.67,132.0,133.3,133.0,131.77,,133.31,,,137957,18384729.02,3224,F1,1,,,,,
2026-09-30,2026-09-30,CM,NSE,STK,14014,INE872H01027,LUMAXTECH,EQ,,,,,LUMAX AUTO TECH LTD,2034.8,2099.0,2007.4,2076.7,2052.2,2011.7,,2076.72,,,137712,284334218.4,23120,F1,1,,,,,
2026-09-30,2026-09-30,CM,NSE,STK,18822,INE913H01037,ENDURANCE,EQ,,,,,ENDURANCE TECHNO. LTD.,2665.0,2747.9,2621.1,2656.5,2624.0,2654.8,,2653.96,,,137641,369878246.5,21748,F1,1,,,,,
2026-09-30,2026-09-30,CM,NSE,STK,3721,INE151A01013,TATACOMM,EQ,,,,,TATA COMMUNICATIONS LTD,1640.1,1668.1,1640.1,1656.2,1660.1,1654.7,,1656.19,,,137552,227927305.6,19861,F1,1,,,,,
2026-09-30,2026-09-30,CM,NSE,STK,22675,INE646H01017,CAPITALSFB,EQ,,,,,CAPITAL SMALL FIN BANK L,278.0,298.0,278.0,288.6,291.95,279.65,,288.57,,,137229,40063064.85,3496,F1,1,,,,,
2026-09-30,2026-09-30,CM,NSE,STK,17424,INE615I01010,GLOBUSSPR,EQ,,,,,GLOBUS SPIRITS LTD,804.8,826.35,782.6,786.45,784.5,804.8,,786.51,,,136954,109473803.85,7116,F1,1,,,,,
2026-09-30,2026-09-30,CM,NSE,STK,25398,INE0QRL01017,ARKADE,EQ,,,,,ARKADE DEVELOPERS LIMITED,122.5,123.48,119.0,119.39,120.99,121.92,,119.39,,,136891,16539687.48,2303,F1,1,,,,,
2026-09-30,2026-09-30,CM,NSE,STK,24226,INE01A001028,STANLEY,EQ,,,,,STANLEY LIFESTYLES LTD,136.34,141.99,135.25,136.31,136.01,137.58,,136.31,,,136853,18786623.99,2776,F1,1,,,,,
2026-09-30,2026-09-30,CM,NSE,STK,9392,INE359U01028,LANCER,EQ,,,,,LANCER CONTAINER LINES L,11.64,11.79,11.31,11.45,11.48,11.41,,11.46,,,136799,1579241.23,670,F1,1,,,,,
2026-09-30,2026-09-30,CM,NSE,STK,6579,INE02NC01014,FINOPB,EQ,,,,,FINO PAYMENTS BANK LTD,129.85,131.06,126.3,127.21,127.0,129.23,,127.13,,,135642,17425232.58,2380,F1,1,,,,,
2026-09-30,2026-09-30,CM,NSE,STK,760961,INE212S01015,FRACTAL,EQ,,,,,FRACTAL ANALYTICS LIMITED,753.15,762.45,738.0,740.2,741.8,753.15,,740.21,,,134937,100600616.45,8724,F1,1,,,,,
2026-09-30,2026-09-30,CM,NSE,STK,3766,INE715A01015,WHEELS,EQ,,,,,WHEELS INDIA LTD,2239.8,2255.8,2177.5,2221.0,2225.0,2204.0,,2221.14,,,134353,297304637.5,11125,F1,1,,,,,
2026-09-30,2026-09-30,CM,NSE,STK,12173,INE254N01026,HNDFDS,EQ,,,,,HINDUSTAN FOODS LIMITED,596.85,604.75,567.6,574.75,576.0,596.85,,574.77,,,134253,77408793.0,9868,F1,1,,,,,
2026-09-30,2026-09-30,CM,NSE,STK,2829,INE930P01018,ANURAS,EQ,,,,,ANUPAM RASAYAN INDIA LTD,1181.0,1188.5,1169.0,1181.0,1183.5,1177.8,,1181.0,,,133965,157693474.9,8879,F1,1,,,,,
2026-09-30,2026-09-30,CM,NSE,STK,6445,INE285K01026,TECHNOE,EQ,,,,,TECHNO ELEC & ENG CO. LTD,1006.2,1027.35,1001.5,1008.75,1004.55,1010.15,,1008.52,,,133810,135702797.9,12662,F1,1,,,,,
2026-09-30,2026-09-30,CM,NSE,STK,18102,INF174K014P6,NIFTY1,EQ,,,,,KOTAK NIFTY ETF,252.64,255.64,251.21,252.0,252.25,252.64,,251.94,,,133566,33736744.11,1491,F1,1,,,,,
2026-09-30,2026-09-30,CM,NSE,STK,8696,INE366I01010,VRLLOG,EQ,,,,,VRL LOGISTICS LIMITED,283.95,290.15,283.95,287.15,288.85,282.4,,287.16,,,133472,38413853.7,4622,F1,1,,,,,
2026-09-30,2026-09-30,CM,NSE,STK,2397,INE278H01035,SANDHAR,EQ,,,,,SANDHAR TECHNOLOGIES LTD,583.0,599.95,583.0,585.9,586.0,582.7,,585.98,,,133185,78756399.1,6914,F1,1,,,,,
2026-09-30,2026-09-30,CM,NSE,STK,24823,INE545L01039,MANCREDIT,EQ,,,,,MANGAL CREDIT N FINCORP L,215.19,224.9,215.19,220.73,224.9,217.36,,220.73,,,132906,29425927.78,1351,F1,1,,,,,
2026-09-30,2026-09-30,CM,NSE,STK,763753,INE0ZK601013,CSM,EQ,,,,,CSM TECHNOLOGIES LIMITED,100.0,104.0,97.0,98.17,99.49,98.16,,98.15,,,132729,13201968.85,2170,F1,1,,,,,
2026-09-30,2026-09-30,CM,NSE,STK,11522,INE161A01038,NIITLTD,EQ,,,,,NIIT LIMITED,86.45,87.84,85.62,86.17,86.67,86.37,,86.15,,,132517,11475457.68,2034,F1,1,,,,,
2026-09-30,2026-09-30,CM,NSE,STK,764402,INF247L01HG7,MOMETAL,EQ,,,,,MOTILALAMC - MOMETAL,13.28,13.39,12.73,12.9,12.84,13.02,,12.9,,,132480,1705455.87,123,F1,1,,,,,
2026-09-30,2026-09-30,CM,NSE,STK,8546,INE427F01016,CHALET,EQ,,,,,CHALET HOTELS LIMITED,849.9,861.95,831.0,845.2,841.45,840.75,,845.2,,,132305,112298007.2,12441,F1,1,,,,,
2026-09-30,2026-09-30,CM,NSE,STK,29962,INE599M01018,JUSTDIAL,EQ,,,,,JUSTDIAL LTD.,659.8,672.0,651.65,666.15,672.0,656.5,,666.15,,,130940,87004714.15,7547,F1,1,,,,,
2026-09-30,2026-09-30,CM,NSE,STK,9158,INE794B01026,BALAJITELE,EQ,,,,,BALAJI TELEFILMS LIMITED.,91.74,93.78,90.71,91.26,90.75,91.74,,91.27,,,130429,11990266.71,1534,F1,1,,,,,
2026-09-30,2026-09-30,CM,NSE,STK,781,INE495A01022,DALMIASUG,EQ,,,,,DALMIA BHARAT SUG IN LTD,416.0,424.9,405.65,408.8,410.0,412.2,,408.81,,,130282,54155951.6,4354,F1,1,,,,,
2026-09-30,2026-09-30,CM,NSE,STK,762889,INE440T01028,SEIL,EQ,,,,,SHANTI EDU INITIATIVES L,187.84,191.49,187.21,189.64,189.0,188.92,,189.65,,,129978,24652619.66,1528,F1,1,,,,,
2026-09-30,2026-09-30,CM,NSE,STK,1162,INE043A01012,GTL,EQ,,,,,GTL LTD,6.73,6.96,6.73,6.88,6.86,6.75,,6.88,,,129838,894566.16,635,F1,1,,,,,
2026-09-30,2026-09-30,CM,NSE,STK,11538,INF179KC1HV6,HDFCMOMENT,EQ,,,,,HDFCAMC - HDFCMOMENT,30.06,30.35,29.81,29.92,29.98,29.97,,29.92,,,129784,3886519.51,541,F1,1,,,,,
2026-09-30,2026-09-30,CM,NSE,STK,9921,INE914E01040,ALANKIT,EQ,,,,,ALANKIT LIMITED,7.68,7.94,7.56,7.83,7.84,7.56,,7.83,,,128910,1005834.96,515,F1,1,,,,,
2026-09-30,2026-09-30,CM,NSE,STK,2972,INE142Z01019,ORIENTELEC,EQ,,,,,ORIENT ELECTRIC LIMITED,156.9,159.46,156.6,158.11,157.05,156.62,,158.1,,,128698,20332403.94,3246,F1,1,,,,,
2026-09-30,2026-09-30,CM,NSE,STK,765307,INF22M001184,NIFTYJBLK,EQ,,,,,JIOBLACKROCKAMC-NIFTYJBLK,11.93,11.93,11.6,11.64,11.66,11.64,,11.64,,,128677,1499582.9,635,F1,1,,,,,
2026-09-30,2026-09-30,CM,NSE,STK,3807,INE505Y01010,VINEETLAB,EQ,,,,,VINEET LABORATORIES LTD,36.52,38.49,35.0,37.16,37.9,36.72,,37.18,,,128547,4684407.25,909,F1,1,,,,,
2026-09-30,2026-09-30,CM,NSE,STK,12022,INE132H01018,AURIONPRO,EQ,,,,,AURIONPRO SOLN LTD,639.5,645.0,620.0,622.1,621.5,634.2,,622.13,,,128401,80811059.85,8530,F1,1,,,,,
2026-09-30,2026-09-30,CM,NSE,STK,8167,INE825V01034,MANYAVAR,EQ,,,,,VEDANT FASHIONS LIMITED,534.25,541.0,527.9,535.1,528.45,531.7,,535.12,,,127982,68401311.55,10507,F1,1,,,,,
2026-09-30,2026-09-30,CM,NSE,STK,11927,INE023H01027,NECLIFE,EQ,,,,,NECTAR LIFESCIENCES LTD.,10.7,10.95,10.3,10.5,10.63,10.71,,10.5,,,126810,1343280.52,416,F1,1,,,,,
2026-09-30,2026-09-30,CM,NSE,STK,762752,INE972A01020,KOTIC,EQ,,,,,KOTHARI INDUSTRIAL CORP L,150.29,154.0,135.36,152.7,152.0,150.12,,152.7,,,126637,18383273.52,2244,F1,1,,,,,
2026-09-30,2026-09-30,CM,NSE,STK,13648,INE187D01029,TALBROAUTO,EQ,,,,,TALBROS AUTO. COMP. LTD,432.9,440.45,426.8,429.85,429.95,433.2,,429.78,,,126449,54642742.95,5220,F1,1,,,,,
2026-09-30,2026-09-30,CM,NSE,STK,1672,INE926X01010,HGINFRA,EQ,,,,,H.G.INFRA ENGINEERING LTD,439.55,442.55,431.0,432.75,431.1,438.25,,432.76,,,125949,54728531.25,6686,F1,1,,,,,
2026-09-30,2026-09-30,CM,NSE,STK,9592,INE0JA001018,VENUSPIPES,EQ,,,,,VENUS PIPES & TUBES LTD,2197.0,2244.4,2135.5,2147.1,2160.0,2195.8,,2147.18,,,125771,274283860.3,12398,F1,1,,,,,
2026-09-30,2026-09-30,CM,NSE,STK,758889,INE385F01024,SGMART,EQ,,,,,SG MART LIMITED,760.85,769.05,743.0,750.75,749.0,755.95,,750.77,,,125096,94409354.1,8880,F1,1,,,,,
2026-09-30,2026-09-30,CM,NSE,STK,12101,INF179KC1IA8,HDFCNIFIT,EQ,,,,,HDFCAMC - HDFCNIFIT,29.63,30.39,29.58,29.62,29.6,29.62,,29.62,,,124808,3709934.94,285,F1,1,,,,,
2026-09-30,2026-09-30,CM,NSE,STK,2289,INE461D01028,HLEGLAS,EQ,,,,,HLE GLASCOAT LIMITED,440.0,456.35,436.15,439.4,438.9,434.65,,439.38,,,124676,55849954.1,3954,F1,1,,,,,
2026-09-30,2026-09-30,CM,NSE,STK,1448,INE102A01024,HLVLTD,EQ,,,,,HLV LIMITED,6.3,6.55,6.25,6.41,6.49,6.39,,6.41,,,124451,797618.05,532,F1,1,,,,,
2026-09-30,2026-09-30,CM,NSE,STK,21091,INE460H01021,STARCEMENT,EQ,,,,,STAR CEMENT LIMITED,179.67,183.15,179.08,181.96,181.91,178.1,,181.96,,,123938,22551447.12,5552,F1,1,,,,,
2026-09-30,2026-09-30,CM,NSE,STK,10227,INE00VM01036,MANORAMA,EQ,,,,,MANORAMA INDUSTRIES LTD,1865.0,1879.4,1844.8,1852.8,1845.0,1863.5,,1852.8,,,123908,230456371.1,16760,F1,1,,,,,
2026-09-30,2026-09-30,CM,NSE,STK,25758,INF666M01IO8,GROWWDEFNC,EQ,,,,,GROWWAMC - GROWWDEFNC,93.06,93.52,91.7,92.51,92.9,93.06,,92.52,,,123682,11476255.65,1823,F1,1,,,,,
2026-09-30,2026-09-30,CM,NSE,STK,759461,INE06XZ01023,GEMAROMA,EQ,,,,,GEM AROMATICS LIMITED,157.76,168.0,157.76,161.0,160.0,157.76,,161.0,,,123363,20192562.97,2757,F1,1,,,,,
2026-09-30,2026-09-30,CM,NSE,STK,20878,INE220Q01020,MUFTI,EQ,,,,,CREDO BRANDS MARKETING L,68.75,74.0,68.75,72.31,73.0,69.28,,72.29,,,123298,8798791.45,839,F1,1,,,,,
2026-09-30,2026-09-30,CM,NSE,STK,759176,INE906O01029,TIGERLOGS,EQ,,,,,TIGER LOGISTICS (INDIA) L,26.94,27.0,25.8,26.25,26.34,26.17,,26.23,,,123268,3240612.97,941,F1,1,,,,,
2026-09-30,2026-09-30,CM,NSE,STK,759747,INE719F01016,SHIVAUM,EQ,,,,,SHIV AUM STEELS LIMITED,545.05,559.1,545.0,557.15,555.05,545.4,,557.15,,,122580,66924525.55,348,F1,1,,,,,
2026-09-30,2026-09-30,CM,NSE,STK,18417,INE0N2P01017,RISHABH,EQ,,,,,RISHABH INSTRUMENTS LTD,723.9,729.7,695.0,703.0,701.0,723.85,,702.93,,,122457,86628131.4,7461,F1,1,,,,,
2026-09-30,2026-09-30,CM,NSE,STK,18039,INE837H01020,ADVENZYMES,EQ,,,,,ADVANCED ENZYME TECH LTD,282.1,287.5,280.25,281.6,283.0,282.15,,281.55,,,122182,34673641.9,5118,F1,1,,,,,
2026-09-30,2026-09-30,CM,NSE,STK,13826,INE671H01015,SOBHA,EQ,,,,,SOBHA LIMITED,1201.0,1239.0,1198.0,1221.6,1225.0,1216.5,,1221.56,,,121889,148197999.0,14395,F1,1,,,,,
2026-09-30,2026-09-30,CM,NSE,STK,6943,INE144Z01023,TARSONS,EQ,,,,,TARSONS PRODUCTS LIMITED,330.35,334.0,319.95,320.3,320.0,330.35,,320.31,,,121512,39718551.65,3963,F1,1,,,,,
2026-09-30,2026-09-30,CM,NSE,STK,24798,INF666M01IH2,GROWWEV,EQ,,,,,GROWWAMC - GROWWEV,30.31,30.97,30.3,30.59,30.68,30.28,,30.59,,,121403,3732768.31,1255,F1,1,,,,,
2026-09-30,2026-09-30,CM,NSE,STK,10733,INE885H01029,SPORTKING,EQ,,,,,SPORTKING INDIA LIMITED,212.2,217.61,208.1,210.5,209.05,212.16,,210.49,,,121292,25853333.77,8291,F1,1,,,,,
2026-09-30,2026-09-30,CM,NSE,STK,11511,INE281A01026,CENTEXT,EQ,,,,,CENTURY EXTRUSIONS LTD,18.2,19.07,18.2,18.62,18.75,18.16,,18.62,,,121183,2274904.93,718,F1,1,,,,,
2026-09-30,2026-09-30,CM,NSE,STK,27334,INE877V01027,SURAKSHA,EQ,,,,,SURAKSHA DIAGNOSTIC LTD,356.0,357.6,350.1,355.4,355.0,355.05,,355.4,,,121095,42919196.95,4336,F1,1,,,,,
2026-09-30,2026-09-30,CM,NSE,STK,7227,INE0BV301023,MAPMYINDIA,EQ,,,,,C.E. INFO SYSTEMS LIMITED,854.0,873.4,849.1,858.1,854.0,845.2,,858.16,,,121081,104173632.9,10248,F1,1,,,,,
2026-09-30,2026-09-30,CM,NSE,STK,29975,INF1J2R01015,AONETOTAL,EQ,,,,,AONEAMC - AONETOTAL,11.6,11.6,11.3,11.37,11.38,11.37,,11.37,,,120405,1368063.49,909,F1,1,,,,,
2026-09-30,2026-09-30,CM,NSE,STK,3078,INE631A01022,SHANTIGEAR,EQ,,,,,SHANTHI GEARS LTD,604.8,604.8,571.6,579.9,579.0,601.65,,579.94,,,120371,70232673.15,4511,F1,1,,,,,
2026-09-30,2026-09-30,CM,NSE,STK,4843,INE734N01019,SNOWMAN,EQ,,,,,SNOWMAN LOGISTICS LTD.,34.51,35.99,34.25,34.64,34.5,34.69,,34.42,,,120284,4187202.0,1379,F1,1,,,,,
2026-09-30,2026-09-30,CM,NSE,STK,9288,INE00Z501029,KRITIKA,EQ,,,,,KRITIKA WIRES LIMITED,5.1,5.1,4.81,4.91,4.97,5.01,,4.91,,,120247,597310.59,430,F1,1,,,,,
2026-09-30,2026-09-30,CM,NSE,STK,335,INE787D01026,BALKRISIND,EQ,,,,,BALKRISHNA IND. LTD,2121.6,2155.0,2105.7,2117.0,2116.1,2126.2,,2117.03,,,119706,254647009.9,21025,F1,1,,,,,
2026-09-30,2026-09-30,CM,NSE,STK,17778,INE0NN701020,ATL,EQ,,,,,ALLCARGO TERMINALS LTD,24.3,25.0,24.12,24.44,24.38,24.47,,24.47,,,119329,2928556.16,877,F1,1,,,,,
2026-09-30,2026-09-30,CM,NSE,STK,758680,INE0MHO01029,REGAAL,EQ,,,,,REGAAL RESOURCES LIMITED,89.47,91.19,87.6,88.08,87.7,88.64,,88.07,,,119212,10591807.94,2045,F1,1,,,,,
2026-09-30,2026-09-30,CM,NSE,STK,10945,INE668A01016,TMB,EQ,,,,,TAMILNAD MERCA BANK LTD,861.25,878.2,861.25,871.3,878.0,863.55,,871.29,,,119178,103836253.3,16567,F1,1,,,,,
2026-09-30,2026-09-30,CM,NSE,STK,10633,INF179KC1HR4,HDFCNIF100,EQ,,,,,HDFCAMC - HDFCNIF100,24.67,25.4,24.55,25.04,24.69,24.57,,25.04,,,119088,2939636.81,279,F1,1,,,,,
2026-09-30,2026-09-30,CM,NSE,STK,18220,INE134B01017,KECL,EQ,,,,,KIRLOSKAR ELECTRIC CO LTD,122.44,124.9,119.15,120.64,121.0,121.4,,120.65,,,118696,14486350.43,2214,F1,1,,,,,
2026-09-30,2026-09-30,CM,NSE,STK,11027,INE344S01016,INFOBEAN,EQ,,,,,INFOBEANS TECHNO. LTD.,143.25,145.38,143.01,143.5,143.31,143.78,,143.49,,,118611,17094189.98,1772,F1,1,,,,,
2026-09-30,2026-09-30,CM,NSE,STK,25718,INE205C01021,POLYMED,EQ,,,,,POLY MEDICURE LIMITED,1639.9,1684.5,1625.8,1673.8,1682.0,1644.7,,1673.84,,,118032,195593208.9,15276,F1,1,,,,,
2026-09-30,2026-09-30,CM,NSE,STK,10676,INF174KA1JF2,MNC,EQ,,,,,KOTAKMAMC - KOTAKMNC,32.18,32.18,31.22,31.41,31.41,31.77,,31.41,,,117979,3716202.13,604,F1,1,,,,,
2026-09-30,2026-09-30,CM,NSE,STK,8652,INE918N01018,VETO,EQ,,,,,VETO SWITCHGEAR CABLE LTD,146.25,150.01,140.0,142.72,140.5,146.25,,142.68,,,117752,17100922.82,3064,F1,1,,,,,
2026-09-30,2026-09-30,CM,NSE,STK,9253,INE937C01029,NILAINFRA,EQ,,,,,NILA INFRASTRUCTURES LTD,6.77,6.99,6.66,6.71,6.7,6.71,,6.71,,,117718,802451.29,594,F1,1,,,,,
2026-09-30,2026-09-30,CM,NSE,STK,23127,INE0PB301013,SCILAL,EQ,,,,,SHIPPING CORP OF ILA LTD,36.69,37.34,36.6,36.86,36.72,36.69,,36.86,,,117368,4344521.92,865,F1,1,,,,,
2026-09-30,2026-09-30,CM,NSE,STK,756324,INE0FFK01017,NPST,EQ,,,,,NETWORK PEOPLE SRV TECH L,1663.5,1800.0,1641.0,1764.8,1740.4,1653.0,,1764.39,,,117252,203751039.2,12597,F1,1,,,,,
2026-09-30,2026-09-30,CM,NSE,STK,17839,INE047B01011,GILLANDERS,EQ,,,,,GILLANDERS ARBUTHNOT LTD,111.55,119.5,111.55,114.8,114.49,110.75,,114.77,,,117182,13695781.76,1416,F1,1,,,,,
2026-09-30,2026-09-30,CM,NSE,STK,14501,INE050E01027,BALAMINES,EQ,,,,,BALAJI AMINES LIMITED,2143.0,2179.0,2095.0,2118.5,2122.1,2142.1,,2118.47,,,117148,248849004.4,14147,F1,1,,,,,
2026-09-30,2026-09-30,CM,NSE,STK,2496,INE592A01026,ORIENTPPR,EQ,,,,,ORIENT PAPER AND INDS LTD,16.31,16.67,16.31,16.45,16.48,16.43,,16.46,,,116994,1929124.29,527,F1,1,,,,,
2026-09-30,2026-09-30,CM,NSE,STK,11841,INE717A01029,KENNAMET,EQ,,,,,KENNAMETAL INDIA LIMITED,4079.0,4170.0,3958.1,4131.0,4130.0,4039.6,,4131.06,,,116894,476482800.6,18904,F1,1,,,,,
2026-09-30,2026-09-30,CM,NSE,STK,14480,INE314T01033,GOKULAGRO,EQ,,,,,GOKUL AGRO RESOURCES LTD,217.16,217.39,212.0,212.98,212.01,215.23,,212.98,,,116742,25072871.63,9896,F1,1,,,,,
2026-09-30,2026-09-30,CM,NSE,STK,25080,INF769K01LX9,MULTICAP,EQ,,,,,MIRAEAMC - MULTICAP,16.28,16.28,15.91,15.95,15.96,15.96,,15.95,,,116380,1864075.0,547,F1,1,,,,,
2026-09-30,2026-09-30,CM,NSE,STK,759434,INE085001019,WEWORK,EQ,,,,,WEWORK INDIA MANAGEMENT L,674.7,674.7,658.3,660.45,661.6,667.15,,660.41,,,116352,77181024.3,8670,F1,1,,,,,
2026-09-30,2026-09-30,CM,NSE,STK,11491,INE372A01015,APARINDS,EQ,,,,,APAR INDUSTRIES LTD.,17804.0,17882.0,17291.0,17384.0,17420.0,17803.0,,17384.02,,,116165,2032649999.0,36893,F1,1,,,,,
2026-09-30,2026-09-30,CM,NSE,STK,31017,INE480M01011,THOMASCOTT,EQ,,,,,THOMAS SCOTT (INDIA) LTD,255.0,276.4,240.85,267.35,270.2,250.35,,267.27,,,115936,30298513.65,2863,F1,1,,,,,
2026-09-30,2026-09-30,CM,NSE,STK,24225,INE131B01039,RELAXO,EQ,,,,,RELAXO FOOT LTD.,291.55,297.45,290.8,291.2,291.0,291.5,,291.2,,,115881,34010213.9,6836,F1,1,,,,,
2026-09-30,2026-09-30,CM,NSE,STK,2316,INE578A01017,HEIDELBERG,EQ,,,,,HEIDELBERGCEMENT (I) LTD,130.5,133.59,130.5,132.6,132.41,130.29,,132.6,,,115695,15344839.18,2194,F1,1,,,,,
2026-09-30,2026-09-30,CM,NSE,STK,14952,INE227G01018,INDOWIND,EQ,,,,,INDOWIND ENERGY LTD,8.7,9.0,8.6,8.69,8.75,8.86,,8.7,,,115529,1013487.64,597,F1,1,,,,,
2026-09-30,2026-09-30,CM,NSE,STK,764471,INE0MGM01017,ANNAPURNA,EQ,,,,,ANNAPURNA SWADISHT LTD,126.05,141.94,126.05,131.0,131.2,127.22,,131.0,,,115324,15436151.54,1016,F1,1,,,,,
2026-09-30,2026-09-30,CM,NSE,STK,31475,INE231G01010,ORBTEXP,EQ,,,,,ORBIT EXPORTS LIMITED,272.85,282.85,254.0,258.51,255.0,262.01,,258.21,,,115278,31381570.44,3675,F1,1,,,,,
2026-09-30,2026-09-30,CM,NSE,STK,756086,INF666M01KJ4,GROWWMOM50,EQ,,,,,GROWWAMC - GROWWMOM50,10.66,10.68,10.5,10.59,10.62,10.6,,10.59,,,114128,1211894.06,397,F1,1,,,,,
2026-09-30,2026-09-30,CM,NSE,STK,144,INE850D01014,GODREJAGRO,EQ,,,,,GODREJ AGROVET LIMITED,629.0,641.45,620.95,623.55,620.95,631.7,,623.52,,,114004,71629845.8,12466,F1,1,,,,,
2026-09-30,2026-09-30,CM,NSE,STK,13756,INE637H01024,SHIVAMAUTO,EQ,,,,,SHIVAM AUTO.LTD,17.5,18.54,16.85,17.04,17.02,16.7,,17.04,,,113889,1994101.21,628,F1,1,,,,,
2026-09-30,2026-09-30,CM,NSE,STK,18593,INE0OV601013,EMSLIMITED,EQ,,,,,EMS LIMITED,340.5,345.5,335.2,337.2,339.5,337.5,,337.2,,,113345,38556392.95,4632,F1,1,,,,,
2026-09-30,2026-09-30,CM,NSE,STK,19525,INE886A01014,IITL,EQ,,,,,INDUSTRIAL INV TRUST LTD,127.69,139.25,127.52,133.26,134.0,125.64,,133.26,,,113106,14853485.13,1541,F1,1,,,,,
2026-09-30,2026-09-30,CM,NSE,STK,24969,INE052A01021,WINDMACHIN,EQ,,,,,WINDSOR MACHINES LIMITED,298.1,304.6,294.0,300.2,301.5,300.0,,300.16,,,112850,33772484.9,1612,F1,1,,,,,
2026-09-30,2026-09-30,CM,NSE,STK,25941,INE497S01012,GODAVARIB,EQ,,,,,GODAVARI BIOREFINERIES L,236.79,237.0,230.0,232.01,230.01,236.48,,232.02,,,112434,26173744.69,1829,F1,1,,,,,
2026-09-30,2026-09-30,CM,NSE,STK,1412,INE415A01038,AGI,EQ,,,,,AGI GREENPAC LIMITED,791.9,816.0,790.05,804.4,802.0,792.9,,804.55,,,112338,90524703.9,9248,F1,1,,,,,
2026-09-30,2026-09-30,CM,NSE,STK,2388,INE045B01015,NELCO,EQ,,,,,NELCO LTD,923.0,944.85,913.5,914.5,913.5,922.3,,914.51,,,112087,103548343.15,5338,F1,1,,,,,
2026-09-30,2026-09-30,CM,NSE,STK,764186,INE1JCQ01037,ALPINETEX,EQ,,,,,ALPINE TEXWORLD LIMITED,49.7,49.7,47.53,47.8,47.6,48.95,,47.81,,,111760,5392827.82,1816,F1,1,,,,,
2026-09-30,2026-09-30,CM,NSE,STK,8075,INE00R701025,DALBHARAT,EQ,,,,,DALMIA BHARAT LIMITED,1637.6,1696.8,1637.4,1683.7,1671.0,1637.4,,1683.72,,,111663,186845228.6,22951,F1,1,,,,,
2026-09-30,2026-09-30,CM,NSE,STK,2645,INE03RS01027,DRCSYSTEMS,EQ,,,,,DRC SYSTEMS INDIA LIMITED,12.19,14.0,12.16,13.15,13.8,12.31,,13.12,,,111616,1446176.32,623,F1,1,,,,,
2026-09-30,2026-09-30,CM,NSE,STK,22428,INE0CG601016,MAXIND,EQ,,,,,MAX INDIA LIMITED,162.45,164.2,158.22,160.83,158.25,160.24,,160.96,,,111095,17941075.72,1724,F1,1,,,,,
2026-09-30,2026-09-30,CM,NSE,STK,13880,INE213C01025,BANCOINDIA,EQ,,,,,BANCO PRODUCTS (I) LTD,598.3,617.45,598.3,606.3,609.85,595.65,,606.23,,,110117,67171221.65,7561,F1,1,,,,,
2026-09-30,2026-09-30,CM,NSE,STK,1315,INE600K01018,GALAXYSURF,EQ,,,,,GALAXY SURFACTANTS LTD,2303.0,2378.9,2303.0,2332.8,2321.6,2301.2,,2332.81,,,110086,258268117.0,16709,F1,1,,,,,
2026-09-30,2026-09-30,CM,NSE,STK,24386,INE0B9K01025,BANSALWIRE,EQ,,,,,BANSAL WIRE INDUSTRIES L,330.35,333.95,322.0,323.45,323.5,327.65,,323.5,,,109681,35867549.35,6805,F1,1,,,,,
2026-09-30,2026-09-30,CM,NSE,STK,760986,INF769K01QA6,HEALTHCARE,EQ,,,,,MIRAEAMC - HEALTHCARE,21.81,21.81,21.12,21.15,21.17,21.71,,21.15,,,109519,2327948.36,541,F1,1,,,,,
2026-09-30,2026-09-30,CM,NSE,STK,757965,INE0NAZ01010,SMARTWORKS,EQ,,,,,SMARTWORKS COWORKING SP L,528.95,538.65,515.15,519.85,517.1,514.25,,519.86,,,108747,56877688.0,5462,F1,1,,,,,
2026-09-30,2026-09-30,CM,NSE,STK,19646,INE03EI01018,MAXESTATES,EQ,,,,,MAX ESTATES LIMITED,569.25,594.5,565.5,587.1,582.3,569.25,,587.09,,,107816,63171225.05,7345,F1,1,,,,,
2026-09-30,2026-09-30,CM,NSE,STK,896,INE745B01028,KHAICHEM,EQ,,,,,KHAITAN CHEM & FERT LTD,50.4,50.4,48.7,48.76,48.81,49.22,,48.76,,,107547,5297877.67,1435,F1,1,,,,,
2026-09-30,2026-09-30,CM,NSE,STK,25984,INE679V01027,AVL,EQ,,,,,ADITYA VISION LIMITED,591.0,599.8,576.3,594.35,599.25,585.8,,594.22,,,107338,63260406.0,8204,F1,1,,,,,
2026-09-30,2026-09-30,CM,NSE,STK,24595,INE573K01025,RUSHIL,EQ,,,,,RUSHIL DECOR LIMITED,16.0,16.29,16.0,16.14,16.1,16.13,,16.14,,,107116,1730291.26,312,F1,1,,,,,
2026-09-30,2026-09-30,CM,NSE,STK,13557,INE323B01024,AVONMORE,EQ,,,,,AVONMORE CAP&MGT SERV LTD,13.42,13.42,12.75,12.94,12.98,12.99,,12.95,,,106930,1401453.84,829,F1,1,,,,,
2026-09-30,2026-09-30,CM,NSE,STK,3088,INE896L01010,INDOSTAR,EQ,,,,,INDOSTAR CAPITAL FIN LTD,210.0,215.7,209.05,213.54,215.7,209.04,,213.52,,,106921,22619839.46,1606,F1,1,,,,,
2026-09-30,2026-09-30,CM,NSE,STK,13270,INE823G01014,JKCEMENT,EQ,,,,,JK CEMENT LIMITED,4848.0,5117.0,4848.0,5076.0,5074.0,4824.5,,5075.94,,,106778,534934824.0,19279,F1,1,,,,,
2026-09-30,2026-09-30,CM,NSE,STK,14106,INE718H01014,AUTOIND,EQ,,,,,AUTOLINE INDUSTRIES LTD,81.11,84.25,81.11,82.66,81.75,81.99,,82.65,,,106738,8852542.02,2023,F1,1,,,,,
2026-09-30,2026-09-30,CM,NSE,STK,1127,INE539A01019,GHCL,EQ,,,,,GHCL LIMITED,404.55,411.2,404.3,405.5,405.0,404.55,,405.5,,,106362,43410552.2,6528,F1,1,,,,,
2026-09-30,2026-09-30,CM,NSE,STK,3009,INE080B01012,KOHINOOR,EQ,,,,,KOHINOOR FOODS LIMITED,30.35,32.3,30.35,30.58,30.52,30.99,,30.6,,,105851,3253471.12,2429,F1,1,,,,,
2026-09-30,2026-09-30,CM,NSE,STK,5220,INF769K01HI8,BFSI,EQ,,,,,MIRAEAMC - MAFSETF,26.09,26.09,25.41,25.66,25.69,25.58,,25.66,,,105147,2704008.59,490,F1,1,,,,,
2026-09-30,2026-09-30,CM,NSE,STK,2998,INE018401013,SUVIDHAA,EQ,,,,,SUVIDHAA INFOSERVE LTD,2.1,2.21,2.04,2.09,2.1,2.09,,2.09,,,104823,219070.65,295,F1,1,,,,,
2026-09-30,2026-09-30,CM,NSE,STK,759371,INF247L01GG9,MONIFTY100,EQ,,,,,MOTILALAMC - MONIFTY100,24.2,24.2,23.9,23.98,24.0,24.08,,23.98,,,104720,2516336.4,91,F1,1,,,,,
2026-09-30,2026-09-30,CM,NSE,STK,27067,INE050M01012,VSSL,EQ,,,,,VARDHMAN SPC STEEL LTD,405.8,414.0,395.0,401.05,396.5,405.85,,401.04,,,104397,41740257.8,4911,F1,1,,,,,
2026-09-30,2026-09-30,CM,NSE,STK,13491,INE786A01032,JKLAKSHMI,EQ,,,,,JK LAKSHMI CEMENT LTD,490.05,498.75,488.1,492.3,488.2,490.15,,492.31,,,104189,51458799.4,14234,F1,1,,,,,
2026-09-30,2026-09-30,CM,NSE,STK,25134,INE0RE001014,GALAPREC,EQ,,,,,GALA PRECISION ENG LTD,1165.9,1212.5,1147.1,1197.2,1185.0,1157.7,,1197.19,,,103371,122813163.5,10167,F1,1,,,,,
2026-09-30,2026-09-30,CM,NSE,STK,13211,INE199G01027,JAGRAN,EQ,,,,,JAGRAN PRAKASHAN LIMITED,62.05,62.99,62.0,62.3,62.0,62.01,,62.3,,,103134,6438764.64,1177,F1,1,,,,,
2026-09-30,2026-09-30,CM,NSE,STK,4898,INE258B01022,FDC,EQ,,,,,FDC LIMITED,350.1,353.4,337.85,339.4,340.0,350.1,,339.41,,,103104,35435152.55,5295,F1,1,,,,,
2026-09-30,2026-09-30,CM,NSE,STK,14838,INE583C01021,DECCANCE,EQ,,,,,DECCAN CEMENTS LIMITED,550.0,587.45,537.85,566.5,569.0,540.1,,566.42,,,102837,58327833.9,4215,F1,1,,,,,
2026-09-30,2026-09-30,CM,NSE,STK,8825,INE959A01019,PRIVISCL,EQ,,,,,PRIVI SPECIALITY CHE LTD,3605.0,3624.0,3557.3,3586.6,3565.2,3605.5,,3585.97,,,102693,368374584.7,15989,F1,1,,,,,
2026-09-30,2026-09-30,CM,NSE,STK,23489,INE343G01021,BHARTIHEXA,EQ,,,,,BHARTI HEXACOM LIMITED,1409.4,1438.0,1401.0,1424.5,1402.0,1409.4,,1424.84,,,102458,146160087.5,16269,F1,1,,,,,
2026-09-30,2026-09-30,CM,NSE,STK,762608,INE00HZ01011,BNAGROCHEM,EQ,,,,,BN AGROCHEM LTD.,215.0,217.6,210.1,217.6,217.6,207.24,,217.6,,,102349,22015862.24,398,F1,1,,,,,
2026-09-30,2026-09-30,CM,NSE,STK,1110,INE688Y01022,DANGEE,EQ,,,,,DANGEE DUMS LIMITED,2.85,3.0,2.8,2.92,2.95,2.79,,2.92,,,102268,298829.5,238,F1,1,,,,,
2026-09-30,2026-09-30,CM,NSE,STK,29944,INF174KA1UW4,NIFTY100EW,EQ,,,,,KOTAKMAMC - NIFTY100EW,34.09,34.09,33.25,33.32,33.37,33.67,,33.32,,,102131,3417333.36,460,F1,1,,,,,
2026-09-30,2026-09-30,CM,NSE,STK,10726,INE933S01016,INDIAMART,EQ,,,,,INDIAMART INTERMESH LTD,1615.0,1644.0,1613.1,1629.0,1616.0,1612.9,,1629.21,,,101414,165648656.6,17598,F1,1,,,,,
2026-09-30,2026-09-30,CM,NSE,STK,18060,INE338H01029,CONCORDBIO,EQ,,,,,CONCORD BIOTECH LIMITED,1423.4,1434.7,1366.6,1373.6,1370.0,1410.7,,1373.6,,,100957,140028886.4,15843,F1,1,,,,,
2026-09-30,2026-09-30,CM,NSE,STK,757850,INE0S4R01014,CRIZAC,EQ,,,,,CRIZAC LIMITED,170.6,173.39,168.9,170.12,168.9,169.08,,170.13,,,100955,17266366.55,3725,F1,1,,,,,
2026-09-30,2026-09-30,CM,NSE,STK,21406,INE349W01017,AVADHSUGAR,EQ,,,,,AVADH SUG & ENERGY LTD,793.45,817.1,786.6,800.2,797.55,793.45,,800.23,,,100923,81366022.5,7819,F1,1,,,,,
2026-09-30,2026-09-30,CM,NSE,STK,13001,INE00OQ01016,DHARMAJ,EQ,,,,,DHARMAJ CROP GUARD LTD,276.2,282.9,262.0,264.35,262.0,278.75,,264.36,,,100650,27428900.9,2856,F1,1,,,,,
2026-09-30,2026-09-30,CM,NSE,STK,22592,INF740KA1ZG1,HEALTHADD,EQ,,,,,DSPAMC - HEALTHADD,16.81,16.99,16.27,16.33,16.42,16.81,,16.33,,,100221,1647227.15,361,F1,1,,,,,
2026-09-30,2026-09-30,CM,NSE,STK,1008,INE188A01015,FACT,EQ,,,,,FACT LTD,757.2,770.35,752.0,757.95,757.5,757.2,,757.94,,,99917,76089408.35,11214,F1,1,,,,,
2026-09-30,2026-09-30,CM,NSE,STK,3321,INE937A01023,SPMLINFRA,EQ,,,,,SPML INFRA LIMITED,161.0,164.91,159.5,161.02,162.5,162.07,,161.04,,,99740,16232012.75,1701,F1,1,,,,,
2026-09-30,2026-09-30,CM,NSE,STK,16683,INE927C01020,DIGISPICE,EQ,,,,,DIGISPICE TECHNOLOGIES LT,15.0,15.53,14.86,14.96,15.05,15.35,,14.96,,,99635,1505840.82,277,F1,1,,,,,
2026-09-30,2026-09-30,CM,NSE,STK,28805,INE0JPD01013,SANATHAN,EQ,,,,,SANATHAN TEXTILES LIMITED,524.0,527.75,505.0,508.15,509.0,515.0,,508.18,,,99234,51344605.75,4333,F1,1,,,,,
2026-09-30,2026-09-30,CM,NSE,STK,20831,INE046W01019,MUTHOOTMF,EQ,,,,,MUTHOOT MICROFIN LIMITED,177.73,181.78,177.58,178.4,178.6,177.64,,178.39,,,99224,17822969.87,2769,F1,1,,,,,
2026-09-30,2026-09-30,CM,NSE,STK,16123,INE316L01019,BHARATWIRE,EQ,,,,,BHARAT WIRE ROPES LTD.,166.95,169.66,164.0,164.36,164.0,167.18,,164.37,,,98885,16365009.4,2407,F1,1,,,,,
2026-09-30,2026-09-30,CM,NSE,STK,15266,INE576I01022,JKIL,EQ,,,,,JKUMAR INFR.LTD.,452.5,471.0,452.0,463.3,452.35,451.4,,463.28,,,98451,45449910.9,4037,F1,1,,,,,
2026-09-30,2026-09-30,CM,NSE,STK,759012,INE652V01016,GANESHCP,EQ,,,,,GANESH CONSUMER PRODUCT L,156.1,157.99,150.72,151.41,151.99,153.08,,151.41,,,97953,15034864.38,2102,F1,1,,,,,
2026-09-30,2026-09-30,CM,NSE,STK,762767,INE631R01026,MADHAVIPL,EQ,,,,,MADHAV INFRA PROJECTS L,7.38,7.58,7.21,7.31,7.35,7.41,,7.3,,,97889,721212.34,354,F1,1,,,,,
2026-09-30,2026-09-30,CM,NSE,STK,765568,INE0I1B01016,PERNIASPOP,EQ,,,,,PURPLE STYLE LABS LIMITED,527.0,556.0,526.95,547.9,544.5,530.75,,547.82,,,97340,52693060.95,5019,F1,1,,,,,
2026-09-30,2026-09-30,CM,NSE,STK,760116,INE0TQE01026,GLOTTIS,EQ,,,,,GLOTTIS LIMITED,61.04,63.79,60.11,62.88,62.49,61.02,,62.71,,,97164,6046929.11,1544,F1,1,,,,,
2026-09-30,2026-09-30,CM,NSE,STK,21154,INE406M01024,ERIS,EQ,,,,,ERIS LIFESCIENCES LIMITED,1225.3,1226.3,1180.8,1191.9,1182.3,1219.3,,1191.85,,,97144,116363918.4,12534,F1,1,,,,,
2026-09-30,2026-09-30,CM,NSE,STK,19556,INE474E01029,BHANDARI,EQ,,,,,BHANDARI HOSIERY EXP LTD,2.9,2.93,2.88,2.89,2.9,2.9,,2.89,,,96957,280965.63,207,F1,1,,,,,
2026-09-30,2026-09-30,CM,NSE,STK,10786,INE781B01015,NOIDATOLL,EQ,,,,,NOIDA TOLL BRIDGE CO LTD,3.6,3.87,3.6,3.85,3.87,3.65,,3.85,,,96546,365335.13,465,F1,1,,,,,
2026-09-30,2026-09-30,CM,NSE,STK,6908,INE270I01022,VISHNU,EQ,,,,,VISHNU CHEMICALS LIMITED,678.0,694.0,658.35,664.5,662.1,673.9,,664.52,,,96048,64550022.7,5267,F1,1,,,,,
2026-09-30,2026-09-30,CM,NSE,STK,12749,INE0B1K01014,DJML,EQ,,,,,DJ MEDIAPRINT & LOG LTD,70.91,72.9,70.91,71.82,72.44,71.62,,71.82,,,96040,6891738.69,708,F1,1,,,,,
2026-09-30,2026-09-30,CM,NSE,STK,15002,INE550H01011,SUPREMEINF,EQ,,,,,SUPREME INFRA. LTD.,84.75,84.75,73.15,73.9,73.9,77.83,,73.91,,,95895,7324127.58,2111,F1,1,,,,,
2026-09-30,2026-09-30,CM,NSE,STK,21749,INE264T01014,CAPACITE,EQ,,,,,CAPACITE INFRAPROJECT LTD,182.7,186.63,182.4,182.89,182.43,182.61,,182.89,,,95782,17668627.82,2634,F1,1,,,,,
2026-09-30,2026-09-30,CM,NSE,STK,11162,INE0JUS01029,HARSHA,EQ,,,,,HARSHA ENGINEERS INT LTD,465.05,474.0,460.8,470.3,470.0,465.05,,470.31,,,95299,44582366.9,4195,F1,1,,,,,
2026-09-30,2026-09-30,CM,NSE,STK,757801,INE05J901018,IGCL,EQ,,,,,INDOGULF CROPSCIENCES LTD,58.75,59.1,56.15,56.8,56.65,57.15,,56.79,,,95296,5448047.1,4391,F1,1,,,,,
2026-09-30,2026-09-30,CM,NSE,STK,762978,INE765D01022,WPIL,EQ,,,,,W P I L LTD.,432.95,447.0,428.0,438.85,440.0,431.5,,438.56,,,95293,42178019.85,3207,F1,1,,,,,
2026-09-30,2026-09-30,CM,NSE,STK,6606,INF740KA1QK2,EQUAL50ADD,EQ,,,,,DSPAMC - DSPNEWETF,324.25,325.71,322.85,323.42,324.11,325.79,,323.44,,,94200,30588106.59,423,F1,1,,,,,
2026-09-30,2026-09-30,CM,NSE,STK,17747,INE342G01023,NIITMTS,EQ,,,,,NIIT LEARNING SYSTEMS LTD,206.67,208.8,203.02,204.51,205.26,204.96,,204.56,,,94153,19373005.93,2686,F1,1,,,,,
2026-09-30,2026-09-30,CM,NSE,STK,14627,INE788H01017,HILTON,EQ,,,,,HILTON METAL FORGING LTD,16.3,16.9,16.06,16.34,16.14,16.45,,16.37,,,93970,1560792.75,351,F1,1,,,,,
2026-09-30,2026-09-30,CM,NSE,STK,8827,INE652Z01025,AVROIND,EQ,,,,,AVRO INDIA LIMITED,7.13,7.18,6.8,6.83,6.94,6.98,,6.83,,,93679,649784.11,322,F1,1,,,,,
2026-09-30,2026-09-30,CM,NSE,STK,25597,INE939X01013,MANBA,EQ,,,,,MANBA FINANCE LIMITED,137.6,138.95,136.0,136.84,136.5,136.52,,136.85,,,93564,12799321.2,641,F1,1,,,,,
2026-09-30,2026-09-30,CM,NSE,STK,5352,INE0GFE01026,EXXARO,EQ,,,,,EXXARO TILES LIMITED,6.22,6.24,6.05,6.07,6.12,6.09,,6.07,,,93351,570820.85,346,F1,1,,,,,
2026-09-30,2026-09-30,CM,NSE,STK,24154,INE841L01016,DEEDEV,EQ,,,,,DEE DEVELOPMENT ENG LTD,659.75,683.0,659.75,676.9,677.1,653.5,,676.89,,,93263,62912701.75,5602,F1,1,,,,,
2026-09-30,2026-09-30,CM,NSE,STK,8050,INE813A01018,MAHLIFE,EQ,,,,,MAHINDRA LIFESPACE DEVLTD,357.2,362.7,353.05,360.3,361.0,361.0,,360.28,,,92476,33084701.75,6612,F1,1,,,,,
2026-09-30,2026-09-30,CM,NSE,STK,11593,INF179KC1HX2,HDFCSENSEX,EQ,,,,,HDFCAMC - HDFCSENSEX,84.79,84.79,82.07,82.56,82.66,82.73,,82.56,,,92417,7629708.44,783,F1,1,,,,,
2026-09-30,2026-09-30,CM,NSE,STK,20822,INE843S01025,SURAJEST,EQ,,,,,SURAJ ESTATE DEVELOPERS L,209.0,214.82,203.24,207.69,207.0,209.06,,207.63,,,91950,19092716.36,1599,F1,1,,,,,
2026-09-30,2026-09-30,CM,NSE,STK,14150,INE0EEJ01023,BTML,EQ,,,,,BODHI TREE MULTIMEDIA LTD,6.91,7.44,6.91,6.97,7.05,7.03,,6.97,,,91799,647612.9,276,F1,1,,,,,
2026-09-30,2026-09-30,CM,NSE,STK,13710,INE737H01014,FIEMIND,EQ,,,,,FIEM INDUSTRIES LIMITED,1921.1,1955.2,1870.0,1877.6,1878.9,1921.1,,1877.6,,,91793,174895095.0,11149,F1,1,,,,,
2026-09-30,2026-09-30,CM,NSE,STK,759951,INE00YJ01010,JARO,EQ,,,,,JARO INS OF TEC MG N RE L,421.55,427.65,419.0,420.1,419.75,421.55,,420.08,,,91420,38696990.7,2648,F1,1,,,,,
2026-09-30,2026-09-30,CM,NSE,STK,30469,INF174KA1VW2,MID150,EQ,,,,,KOTAKMAMC - MID150,22.78,22.78,22.22,22.3,22.33,22.23,,22.3,,,91415,2045781.33,288,F1,1,,,,,
2026-09-30,2026-09-30,CM,NSE,STK,338,INE164A01016,BALMLAWRIE,EQ,,,,,BALMER LAWRIE & CO LTD,161.0,165.65,161.0,161.16,161.25,161.59,,161.16,,,90994,14741428.38,1905,F1,1,,,,,
2026-09-30,2026-09-30,CM,NSE,STK,25724,INE895B01021,RUPA,EQ,,,,,RUPA & COMPANY LTD,132.1,133.88,130.0,130.52,130.2,132.39,,130.51,,,90771,11901444.79,5808,F1,1,,,,,
2026-09-30,2026-09-30,CM,NSE,STK,22824,INE696F01016,JUNIPER,EQ,,,,,JUNIPER HOTELS LIMITED,214.0,218.0,212.15,213.42,215.12,213.95,,213.44,,,90330,19423312.91,2086,F1,1,,,,,
2026-09-30,2026-09-30,CM,NSE,STK,759992,INF1J2R01148,AONETMMQ50,EQ,,,,,AONEAMC - AONETMMQ50,10.15,10.15,9.9,9.95,9.95,9.95,,9.95,,,90255,897748.34,219,F1,1,,,,,
2026-09-30,2026-09-30,CM,NSE,STK,14982,INE320B01020,CENTUM,EQ,,,,,CENTUM ELECTRONICS LTD,4915.8,4925.0,4738.4,4797.9,4800.0,4920.7,,4798.34,,,90214,435317222.2,15782,F1,1,,,,,
2026-09-30,2026-09-30,CM,NSE,STK,10618,INE764L01010,SADBHIN,EQ,,,,,SADBHAV INFRA PROJ LTD.,2.55,2.62,2.51,2.6,2.61,2.56,,2.6,,,90108,232671.67,194,F1,1,,,,,
2026-09-30,2026-09-30,CM,NSE,STK,5194,INE414B01021,ANTGRAPHIC,EQ,,,,,ANTARCTICA LTD,0.71,0.72,0.7,0.71,0.72,0.7,,0.71,,,89758,63749.57,150,F1,1,,,,,
2026-09-30,2026-09-30,CM,NSE,STK,19955,INE866K01023,WAAREEINDO,EQ,,,,,INDOSOLAR LIMITED,214.4,215.0,205.55,209.95,208.3,210.65,,209.93,,,89461,18904397.8,2748,F1,1,,,,,
2026-09-30,2026-09-30,CM,NSE,STK,22433,INF179KC1HY0,HDFCNIFBAN,EQ,,,,,HDFCAMC - HDFCNIFBAN,56.2,56.85,56.01,56.47,56.14,56.09,,56.47,,,89379,5046209.38,343,F1,1,,,,,
2026-09-30,2026-09-30,CM,NSE,STK,24961,INE0PPK01015,ORIENTTECH,EQ,,,,,ORIENT TECHNOLOGIES LTD,231.5,239.0,230.76,231.53,231.5,231.5,,231.53,,,89355,20776376.45,2446,F1,1,,,,,
2026-09-30,2026-09-30,CM,NSE,STK,759428,INF666M01MN2,GROWWRLTY,EQ,,,,,GROWWAMC - GROWWRLTY,9.4,9.55,9.27,9.48,9.41,9.36,,9.48,,,89223,843400.88,382,F1,1,,,,,
2026-09-30,2026-09-30,CM,NSE,STK,6643,INE284S01014,SJS,EQ,,,,,SJS ENTERPRISES LIMITED,2300.0,2319.6,2252.2,2258.0,2277.0,2309.8,,2258.01,,,89175,202861212.0,11928,F1,1,,,,,
2026-09-30,2026-09-30,CM,NSE,STK,2514,INE142A01012,OSWALAGRO,EQ,,,,,OSWAL AGRO MILLS LTD,34.75,34.97,33.7,33.95,34.0,34.9,,33.95,,,89147,3084901.34,920,F1,1,,,,,
2026-09-30,2026-09-30,CM,NSE,STK,18457,INE07Y701011,POWERINDIA,EQ,,,,,HITACHI ENERGY INDIA LTD,30680.0,31050.0,30200.0,30630.0,30630.0,30735.0,,30629.59,,,88522,2704736525.0,23684,F1,1,,,,,
2026-09-30,2026-09-30,CM,NSE,STK,2562,INE275B01026,HUHTAMAKI,EQ,,,,,HUHTAMAKI INDIA LIMITED,236.7,243.0,234.7,237.35,236.0,235.7,,237.32,,,87980,21044714.1,7035,F1,1,,,,,
2026-09-30,2026-09-30,CM,NSE,STK,12384,INE518E01015,ZIMLAB,EQ,,,,,ZIM LABORATORIES LIMITED,134.99,140.98,134.68,137.97,136.0,134.89,,137.97,,,87891,12101664.99,1360,F1,1,,,,,
2026-09-30,2026-09-30,CM,NSE,STK,20776,INE458B01036,BHAGYANGR,EQ,,,,,BHAGYANAGAR INDIA LIMITED,405.0,422.0,400.05,411.15,416.0,408.1,,411.25,,,87639,36305240.3,3978,F1,1,,,,,
2026-09-30,2026-09-30,CM,NSE,STK,757754,INE546C01010,PICCADIL,EQ,,,,,PICCADILY AGRO INDUSTRI L,606.9,613.25,588.55,592.35,590.5,602.85,,592.4,,,87459,52515256.65,7172,F1,1,,,,,
2026-09-30,2026-09-30,CM,NSE,STK,14260,INE940H01022,PGIL,EQ,,,,,PEARL GLOBAL IND LIMITED,1297.5,1324.6,1280.0,1282.1,1287.9,1290.4,,1282.14,,,87275,113144782.3,9838,F1,1,,,,,
2026-09-30,2026-09-30,CM,NSE,STK,764778,INE898Q01015,MIIL,EQ,,,,,MEGHNA INFRACON INFRA L,697.0,699.4,672.1,682.05,684.9,692.05,,681.9,,,86940,60027481.35,1398,F1,1,,,,,
2026-09-30,2026-09-30,CM,NSE,STK,19599,INE696K01024,PRAKASHSTL,EQ,,,,,PRAKASH STEELAGE LTD,3.64,3.64,3.55,3.59,3.6,3.59,,3.59,,,86867,310824.2,255,F1,1,,,,,
2026-09-30,2026-09-30,CM,NSE,STK,29050,INE840M01016,ZUARI,EQ,,,,,ZUARI AGRO CHEMICALS LTD,220.76,224.1,218.6,220.33,219.0,221.66,,220.34,,,86644,19143188.05,2479,F1,1,,,,,
2026-09-30,2026-09-30,CM,NSE,STK,6006,INE377E01024,COASTCORP,EQ,,,,,COASTAL CORPORATION LTD,36.53,37.8,36.0,36.97,36.21,35.55,,36.97,,,86221,3152965.42,1001,F1,1,,,,,
2026-09-30,2026-09-30,CM,NSE,STK,12108,INF179KC1HZ7,HDFCPVTBAN,EQ,,,,,HDFCAMC - HDFCPVTBAN,27.6,27.6,26.95,27.27,27.16,26.93,,27.27,,,86017,2341960.44,379,F1,1,,,,,
2026-09-30,2026-09-30,CM,NSE,STK,2106,INE347A01017,MANGLMCEM,EQ,,,,,MANGALAM CEMENT LTD,982.6,1021.8,982.6,993.2,985.0,985.8,,993.2,,,85822,86034635.0,3016,F1,1,,,,,
2026-09-30,2026-09-30,CM,NSE,STK,21478,INF789F1AUW9,NEXT50BETA,EQ,,,,,UTIAMC-NEXT50BETA,76.17,76.5,75.25,75.35,75.3,76.02,,75.35,,,85476,6474821.46,850,F1,1,,,,,
2026-09-30,2026-09-30,CM,NSE,STK,759007,INE0Z4F01028,ATLANTAELE,EQ,,,,,ATLANTA ELECTRICALS LTD,1615.0,1652.5,1600.0,1608.1,1604.9,1634.2,,1608.01,,,85264,138936483.4,10323,F1,1,,,,,
2026-09-30,2026-09-30,CM,NSE,STK,5378,INE439A01020,ASAHIINDIA,EQ,,,,,ASAHI INDIA GLASS LIMITED,956.1,974.7,956.1,958.85,965.4,957.95,,958.87,,,85211,82107553.1,9275,F1,1,,,,,
2026-09-30,2026-09-30,CM,NSE,STK,760594,INE24OJ01011,BUILDPRO,EQ,,,,,SHANKARA BUILDPRO LIMITED,1249.1,1257.9,1221.1,1231.0,1227.2,1244.2,,1231.08,,,84714,105689968.2,2863,F1,1,,,,,
2026-09-30,2026-09-30,CM,NSE,STK,10346,INE03JI01017,DGCONTENT,EQ,,,,,DIGICONTENT LIMITED,25.5,26.75,24.75,25.43,26.75,25.24,,25.43,,,84649,2154801.66,175,F1,1,,,,,
2026-09-30,2026-09-30,CM,NSE,STK,7982,INE291A01017,GRWRHITECH,EQ,,,,,GARWARE HI-TECH FILMS LTD,7072.0,7159.0,6937.0,7015.5,7000.0,7016.5,,7015.46,,,84631,597029390.0,20740,F1,1,,,,,
2026-09-30,2026-09-30,CM,NSE,STK,6863,INE411U01027,BAJAJHCARE,EQ,,,,,BAJAJ HEALTHCARE LIMITED,337.8,338.0,325.15,327.2,326.8,335.0,,327.16,,,84330,27866171.0,2455,F1,1,,,,,
2026-09-30,2026-09-30,CM,NSE,STK,10619,INF179KC1HS2,HDFCNEXT50,EQ,,,,,HDFCAMC - HDFCNEXT50,71.56,72.08,71.25,71.48,71.67,71.63,,71.48,,,84297,6046860.83,652,F1,1,,,,,
2026-09-30,2026-09-30,CM,NSE,STK,13367,INE353H01010,SGL,EQ,,,,,STL GLOBAL LIMITED,9.43,9.43,8.42,8.56,8.66,9.35,,8.54,,,84208,726878.99,531,F1,1,,,,,
2026-09-30,2026-09-30,CM,NSE,STK,15883,INE05AN01011,HINDWAREAP,EQ,,,,,HINDWARE HME INOVATON LTD,170.2,178.0,169.13,169.97,169.95,170.2,,169.97,,,83588,14273396.08,2067,F1,1,,,,,
2026-09-30,2026-09-30,CM,NSE,STK,14413,INE761H01022,PAGEIND,EQ,,,,,PAGE INDUSTRIES LTD,36695.0,37150.0,36210.0,36385.0,36385.0,36580.0,,36385.0,,,83553,3054923475.0,20372,F1,1,,,,,
2026-09-30,2026-09-30,CM,NSE,STK,30023,INE951D01028,ATULAUTO,EQ,,,,,ATUL AUTO LIMITED,440.0,454.0,440.0,448.15,452.35,438.75,,448.19,,,83527,37247681.45,3833,F1,1,,,,,
2026-09-30,2026-09-30,CM,NSE,STK,762727,INE586E01020,IWP,EQ,,,,,INDIAN WOOD PRODUCTS CO L,38.34,38.65,36.41,37.52,37.5,36.88,,37.54,,,82945,3112218.85,491,F1,1,,,,,
2026-09-30,2026-09-30,CM,NSE,STK,14174,INE848A01014,IZMO,EQ,,,,,IZMO LIMITED,895.0,909.8,870.1,874.8,876.0,888.2,,874.86,,,82671,73344475.7,4753,F1,1,,,,,
2026-09-30,2026-09-30,CM,NSE,STK,764116,INE0ISX01025,KUSUMGAR,EQ,,,,,KUSUMGAR LIMITED,608.6,616.95,597.0,600.95,602.25,606.25,,600.95,,,82582,49943000.6,6051,F1,1,,,,,
2026-09-30,2026-09-30,CM,NSE,STK,17922,INE669X01032,GEEKAYWIRE,EQ,,,,,GEEKAY WIRES LIMITED,30.01,31.64,30.01,31.19,31.5,30.5,,31.19,,,82538,2550040.74,780,F1,1,,,,,
2026-09-30,2026-09-30,CM,NSE,STK,4394,INE771A01026,MIRZAINT,EQ,,,,,MIRZA INTERNATIONAL LIMIT,28.3,28.48,27.9,27.94,28.0,28.09,,27.94,,,82196,2306214.13,610,F1,1,,,,,
2026-09-30,2026-09-30,CM,NSE,STK,17933,INE520H01022,BEARDSELL,EQ,,,,,BEARDSELL LIMITED,24.44,24.44,22.02,22.43,22.45,23.32,,22.43,,,82174,1851571.03,661,F1,1,,,,,
2026-09-30,2026-09-30,CM,NSE,STK,764668,INE0CPR01018,EKI,EQ,,,,,EKI ENERGY SERVICES LTD,99.98,103.88,94.11,94.99,95.1,98.57,,94.99,,,82152,8122569.24,1553,F1,1,,,,,
2026-09-30,2026-09-30,CM,NSE,STK,756038,INE299N01021,WAAREERTL,EQ,,,,,WAAREE RENEWABLE TECH LTD,820.75,837.95,818.35,819.95,819.85,821.4,,819.98,,,82105,67868800.85,8834,F1,1,,,,,
2026-09-30,2026-09-30,CM,NSE,STK,14922,INE323I01011,PURVA,EQ,,,,,PURAVANKARA LIMITED,205.0,211.2,204.54,206.34,205.11,204.84,,206.35,,,81705,16973005.7,2378,F1,1,,,,,
2026-09-30,2026-09-30,CM,NSE,STK,759103,INE00RL01028,HILINFRA,EQ,,,,,HIGHWAY INFRASTRUCTURE L,42.3,43.34,41.71,42.75,42.97,43.26,,42.75,,,81532,3472203.23,716,F1,1,,,,,
2026-09-30,2026-09-30,CM,NSE,STK,3724,INE710A01016,VSTIND,EQ,,,,,VST INDUSTRIES LTD,203.0,204.4,202.4,203.16,202.76,202.96,,203.15,,,81303,16540324.71,2475,F1,1,,,,,
2026-09-30,2026-09-30,CM,NSE,STK,15061,INF174KA1A86,PSUBANK,EQ,,,,,KOTAK PSU BANK,80.54,81.3,79.66,80.67,80.91,79.67,,80.67,,,80841,6518505.22,505,F1,1,,,,,
2026-09-30,2026-09-30,CM,NSE,STK,1139,INE289B01019,GICHSGFIN,EQ,,,,,GIC HOUSING FINANCE LTD,134.3,135.86,133.11,133.87,134.23,133.71,,133.87,,,80679,10818962.04,883,F1,1,,,,,
2026-09-30,2026-09-30,CM,NSE,STK,5385,INE216P01012,AAVAS,EQ,,,,,AAVAS FINANCIERS LIMITED,1240.0,1250.8,1206.0,1211.9,1208.0,1248.4,,1212.01,,,80671,98669065.7,16879,F1,1,,,,,
2026-09-30,2026-09-30,CM,NSE,STK,19877,INE919I01024,RADIOCITY,EQ,,,,,MUSIC BROADCAST LIMITED,6.01,6.02,5.9,5.99,6.01,6.01,,5.99,,,80434,479809.03,178,F1,1,,,,,
2026-09-30,2026-09-30,CM,NSE,STK,29492,INE215B01022,ORCHASP,EQ,,,,,ORCHASP LIMITED,1.33,1.37,1.31,1.32,1.34,1.33,,1.31,,,80375,108239.01,127,F1,1,,,,,
2026-09-30,2026-09-30,CM,NSE,STK,1841,INE805C01028,KCP,EQ,,,,,KCP LTD,155.6,158.59,153.91,154.15,154.0,156.19,,154.15,,,80241,12478940.15,1648,F1,1,,,,,
2026-09-30,2026-09-30,CM,NSE,STK,30155,INF846KA1119,VALUEAXIS,EQ,,,,,AXISAMC-VALUEAXIS,31.48,31.88,31.19,31.36,31.4,31.19,,31.36,,,80182,2529188.85,393,F1,1,,,,,
2026-09-30,2026-09-30,CM,NSE,STK,8727,INE151G01028,SHAILY,EQ,,,,,SHAILY ENG PLASTICS LTD,3042.7,3125.0,3042.7,3063.0,3050.0,3040.8,,3062.99,,,80016,246809656.8,18088,F1,1,,,,,
2026-09-30,2026-09-30,CM,NSE,STK,17651,INE637C01025,POKARNA,EQ,,,,,POKARNA LIMITED,724.4,737.75,702.25,705.7,703.05,718.05,,705.76,,,79843,56984854.2,4725,F1,1,,,,,
2026-09-30,2026-09-30,CM,NSE,STK,7529,INE938A01021,LCCINFOTEC,EQ,,,,,LCC INFOTECH LTD,3.9,4.05,3.76,4.02,4.04,3.9,,4.02,,,79585,317121.07,143,F1,1,,,,,
2026-09-30,2026-09-30,CM,NSE,STK,12124,INE966A01022,DOLATALGO,EQ,,,,,DOLAT ALGOTECH LIMITED,66.0,66.48,64.52,64.94,64.7,65.51,,64.94,,,79533,5209142.56,1069,F1,1,,,,,
2026-09-30,2026-09-30,CM,NSE,STK,2969,INE623A01011,SAKHTISUG,EQ,,,,,SAKTHI SUGARS LTD,18.45,18.48,18.0,18.01,18.08,18.11,,18.01,,,79469,1445328.17,638,F1,1,,,,,
2026-09-30,2026-09-30,CM,NSE,STK,760242,INE1RDG01013,PNGSREVA,EQ,,,,,PNGS REVA DIAMOND JEWEL L,517.6,524.95,508.7,511.65,510.8,513.4,,511.65,,,78605,40631997.9,3639,F1,1,,,,,
2026-09-30,2026-09-30,CM,NSE,STK,12603,INE484I01029,PRECAM,EQ,,,,,PRECISION CAMSHAFTS LTD.,117.65,120.19,116.3,116.78,116.3,117.16,,116.79,,,78594,9280503.79,2171,F1,1,,,,,
2026-09-30,2026-09-30,CM,NSE,STK,765247,INE967B01028,SGLRES,EQ,,,,,SGL RESOURCES LIMITED,2.28,2.43,2.22,2.38,2.38,2.33,,2.39,,,78563,184013.73,136,F1,1,,,,,
2026-09-30,2026-09-30,CM,NSE,STK,13116,INE306L01010,QUICKHEAL,EQ,,,,,QUICK HEAL TECH LTD,146.0,149.79,143.35,144.49,144.2,145.92,,144.5,,,78444,11530260.63,1855,F1,1,,,,,
2026-09-30,2026-09-30,CM,NSE,STK,22717,INE010601016,ENTERO,EQ,,,,,ENTERO HEALTHCARE SOLU L,1764.9,1775.3,1701.0,1708.9,1706.9,1764.9,,1708.97,,,78337,135107397.9,11330,F1,1,,,,,
2026-09-30,2026-09-30,CM,NSE,STK,25672,INE184O01015,DIFFNKG,EQ,,,,,DIFFUSION ENGINEERS LTD,451.45,452.0,435.1,438.75,439.6,448.15,,438.76,,,78332,34611028.4,3833,F1,1,,,,,
2026-09-30,2026-09-30,CM,NSE,STK,6164,INE414D01027,BHAGCHEM,EQ,,,,,BHAGIRADHA CHEM & INDS L,240.0,242.75,235.05,238.55,236.6,240.25,,238.54,,,78136,18689765.6,1669,F1,1,,,,,
2026-09-30,2026-09-30,CM,NSE,STK,17833,INE758C01029,AHLUCONT,EQ,,,,,AHLUWALIA CONT IND LTD,552.05,563.7,542.8,550.05,550.0,551.55,,550.05,,,77719,42825844.9,5552,F1,1,,,,,
2026-09-30,2026-09-30,CM,NSE,STK,2385,INE060A01024,NAVNETEDUL,EQ,,,,,NAVNEET EDUCATION LTD,121.2,123.63,121.2,122.52,123.18,121.42,,122.52,,,77676,9532969.95,935,F1,1,,,,,
2026-09-30,2026-09-30,CM,NSE,STK,765035,INE566M01017,AZADIND,EQ,,,,,AZAD INDIA MOBILITY LTD.,80.84,88.1,80.01,84.6,83.89,80.62,,84.43,,,77601,6531120.74,1302,F1,1,,,,,
2026-09-30,2026-09-30,CM,NSE,STK,3329,INE858B01029,ISGEC,EQ,,,,,ISGEC HEAVY ENG LTD,880.25,893.5,871.2,883.1,879.6,880.1,,883.33,,,77493,68554151.6,8709,F1,1,,,,,
2026-09-30,2026-09-30,CM,NSE,STK,19184,INE916U01025,SFL,EQ,,,,,SHEELA FOAM LIMITED,637.3,645.1,630.0,634.1,631.55,631.5,,634.08,,,76853,48912330.5,8679,F1,1,,,,,
2026-09-30,2026-09-30,CM,NSE,STK,13436,INE397H01017,LOKESHMACH,EQ,,,,,LOKESH MACHINES LTD,345.0,369.5,341.75,365.9,368.0,341.55,,365.91,,,76813,27525664.2,3352,F1,1,,,,,
2026-09-30,2026-09-30,CM,NSE,STK,16921,INE144J01027,20MICRONS,EQ,,,,,20 MICRONS LTD,211.29,221.8,211.29,214.59,214.0,212.8,,214.57,,,76779,16667663.27,3229,F1,1,,,,,
2026-09-30,2026-09-30,CM,NSE,STK,18889,INE907A01026,KSL,EQ,,,,,KALYANI STEELS LIMITED,964.35,989.6,957.25,965.4,961.0,964.35,,965.38,,,76255,74353319.55,6267,F1,1,,,,,
2026-09-30,2026-09-30,CM,NSE,STK,14198,INE325A01013,TIMKEN,EQ,,,,,TIMKEN INDIA LTD.,3116.6,3145.0,3075.0,3136.0,3140.0,3086.2,,3135.84,,,76082,236964309.1,17223,F1,1,,,,,
2026-09-30,2026-09-30,CM,NSE,STK,761420,INE638A01035,SINGERIND,EQ,,,,,SINGER INDIA LIMITED,78.2,78.2,75.2,77.31,77.5,76.79,,77.31,,,76015,5857244.98,588,F1,1,,,,,
2026-09-30,2026-09-30,CM,NSE,STK,14346,INE998H01012,ORIENTALTL,EQ,,,,,ORIENTAL TRIMEX LTD,4.82,5.0,4.81,4.83,4.88,4.86,,4.83,,,75934,369298.3,392,F1,1,,,,,
2026-09-30,2026-09-30,CM,NSE,STK,15180,INE811A01038,KIRLPNU,EQ,,,,,KIRLOSKAR PNEUMATIC COM L,682.6,702.0,674.65,676.7,677.3,684.4,,676.69,,,75891,51959029.35,9268,F1,1,,,,,
2026-09-30,2026-09-30,CM,NSE,STK,8182,INF247L01BK2,MOMOMENTUM,EQ,,,,,MOTILALAMC - MOMOMENTUM,60.64,60.64,59.52,59.9,60.09,60.34,,59.91,,,75860,4552056.55,505,F1,1,,,,,
2026-09-30,2026-09-30,CM,NSE,STK,17186,INE526E01018,SHRIPISTON,EQ,,,,,SPR AUTO TECHNOLOGIES LTD,4774.4,4774.4,4620.3,4653.7,4640.4,4749.2,,4653.58,,,75703,353917526.3,16289,F1,1,,,,,
2026-09-30,2026-09-30,CM,NSE,STK,759374,INF247L01GH7,MOENERGY,EQ,,,,,MOTILALAMC - MOENERGY,37.34,37.34,36.62,36.75,37.0,36.92,,36.75,,,75098,2780599.57,466,F1,1,,,,,
2026-09-30,2026-09-30,CM,NSE,STK,759152,INE0SJA01013,VMSTMT,EQ,,,,,VMS TMT LIMITED,49.15,49.9,49.0,49.12,49.46,48.99,,49.12,,,74544,3690416.9,496,F1,1,,,,,
2026-09-30,2026-09-30,CM,NSE,STK,3345,INE387A01021,SUNDRMFAST,EQ,,,,,SUNDRAM FASTENERS LTD,1146.4,1159.0,1135.0,1139.3,1137.1,1143.2,,1139.3,,,74514,85280888.5,9479,F1,1,,,,,
2026-09-30,2026-09-30,CM,NSE,STK,759517,INE0XAD01024,MIDWESTLTD,EQ,,,,,MIDWEST LIMITED,884.9,919.0,878.0,895.0,895.0,877.0,,895.0,,,74483,66669817.0,5097,F1,1,,,,,
2026-09-30,2026-09-30,CM,NSE,STK,6964,INE0BJS01011,GOCOLORS,EQ,,,,,GO FASHION INDIA LTD,306.9,311.0,298.5,300.75,300.0,304.3,,300.78,,,74451,22679916.7,2058,F1,1,,,,,
2026-09-30,2026-09-30,CM,NSE,STK,765220,INE222F01029,VTMLTD,EQ,,,,,V T M LTD.,41.49,42.0,38.5,38.88,38.85,39.93,,38.95,,,74347,2941325.86,1786,F1,1,,,,,
2026-09-30,2026-09-30,CM,NSE,STK,25786,INE879E01037,KANANIIND,EQ,,,,,KANANI INDUSTRIES LTD,1.37,1.38,1.34,1.36,1.37,1.36,,1.36,,,74296,101399.72,253,F1,1,,,,,
2026-09-30,2026-09-30,CM,NSE,STK,13794,INE020D01022,BAIDFIN,EQ,,,,,BAID FINSERV LIMITED,10.26,10.7,10.26,10.38,10.35,10.45,,10.38,,,74200,773204.3,316,F1,1,,,,,
2026-09-30,2026-09-30,CM,NSE,STK,14567,INE243D01012,BFUTILITIE,EQ,,,,,BF UTILITIES LIMITED,512.0,525.0,504.0,507.75,505.1,508.9,,507.78,,,73546,37919345.0,2783,F1,1,,,,,
2026-09-30,2026-09-30,CM,NSE,STK,3827,INE217A01012,ZUARIIND,EQ,,,,,ZUARI INDUSTRIES LIMITED,279.25,287.5,279.25,282.2,282.0,281.85,,282.19,,,73300,20730431.15,1988,F1,1,,,,,
2026-09-30,2026-09-30,CM,NSE,STK,3162,INE059B01024,SIMPLEXINF,EQ,,,,,SIMPLEX INFRASTRUCTURES L,242.9,255.0,241.0,245.5,244.8,242.85,,245.54,,,73280,18189631.65,1858,F1,1,,,,,
2026-09-30,2026-09-30,CM,NSE,STK,10508,INF247L01BB1,MOHEALTH,EQ,,,,,MOTILALAMC - MOHEALTH,52.89,52.89,50.8,51.07,51.16,52.21,,51.07,,,73088,3746742.35,1103,F1,1,,,,,
2026-09-30,2026-09-30,CM,NSE,STK,756015,INE345H01024,CIFL,EQ,,,,,CAPITAL INDIA FINANCE LTD,20.63,21.85,20.63,21.34,21.38,21.36,,21.34,,,72960,1558477.28,1415,F1,1,,,,,
2026-09-30,2026-09-30,CM,NSE,STK,4491,INE782A01015,BOSCH-HCIL,EQ,,,,,BOSCH HOME COMFRT IND LTD,1950.1,1979.0,1851.2,1876.7,1879.0,1934.4,,1876.85,,,72922,140868623.8,10773,F1,1,,,,,
2026-09-30,2026-09-30,CM,NSE,STK,759522,INF666M01MO0,GROWWSC250,EQ,,,,,GROWWAMC - GROWWSC250,10.39,10.4,10.3,10.32,10.36,10.3,,10.32,,,72436,749412.4,401,F1,1,,,,,
2026-09-30,2026-09-30,CM,NSE,STK,15219,INE529D01014,PATINTLOG,EQ,,,,,PATEL INT. LOG. LTD,13.57,13.8,13.0,13.11,13.05,13.51,,13.08,,,72397,959756.63,301,F1,1,,,,,
2026-09-30,2026-09-30,CM,NSE,STK,15073,INE139I01011,BVCL,EQ,,,,,BARAK VALLEY CEM. LTD.,41.5,44.38,41.47,43.02,43.0,40.87,,43.02,,,72324,3111420.51,867,F1,1,,,,,
2026-09-30,2026-09-30,CM,NSE,STK,12533,INE0D0U01013,AAATECH,EQ,,,,,AAA TECHNOLOGIES LIMITED,99.95,103.57,91.56,94.73,94.94,99.94,,94.73,,,72253,7063264.93,1731,F1,1,,,,,
2026-09-30,2026-09-30,CM,NSE,STK,8146,INE060X01034,DEVIT,EQ,,,,,DEV INFO TECHNOLOGY LTD,21.6,22.5,21.06,21.86,21.82,21.59,,21.87,,,72158,1555003.75,606,F1,1,,,,,
2026-09-30,2026-09-30,CM,NSE,STK,235,INE087Z01024,AAKASH,EQ,,,,,AAKASH EXPLORATION SER L,8.79,8.79,8.3,8.44,8.43,8.59,,8.44,,,71888,607940.5,408,F1,1,,,,,
2026-09-30,2026-09-30,CM,NSE,STK,14523,INE725G01011,ICRA,EQ,,,,,ICRA LIMITED,4297.9,4320.0,4198.2,4232.0,4235.0,4297.9,,4232.08,,,71638,305129615.5,8081,F1,1,,,,,
2026-09-30,2026-09-30,CM,NSE,STK,1814,INE220B01022,KPIL,EQ,,,,,KALPATARU PROJECT INT LTD,1366.9,1385.2,1366.9,1380.6,1385.0,1365.1,,1380.75,,,71593,98695575.1,10933,F1,1,,,,,
2026-09-30,2026-09-30,CM,NSE,STK,23806,INF209KB19Z4,ABSLPSE,EQ,,,,,BIRLASLAMC-ABSLPSE,9.73,10.14,9.73,9.78,9.85,9.82,,9.78,,,71398,701758.31,456,F1,1,,,,,
2026-09-30,2026-09-30,CM,NSE,STK,5585,INE043W01024,VIJAYA,EQ,,,,,VIJAYA DIAGNOSTIC CEN LTD,1486.3,1490.0,1435.0,1437.7,1439.9,1475.0,,1437.57,,,71365,103508091.0,11868,F1,1,,,,,
2026-09-30,2026-09-30,CM,NSE,STK,19876,INE258Y01016,LGHL,EQ,,,,,LAXMI GOLDORNA HOUSE LTD,184.99,208.95,180.0,200.04,203.63,178.72,,200.04,,,71282,13969607.93,520,F1,1,,,,,
2026-09-30,2026-09-30,CM,NSE,STK,22846,INE486R01017,GPTHEALTH,EQ,,,,,GPT HEALTHCARE LIMITED,153.15,156.18,150.0,150.74,150.0,153.8,,150.74,,,71224,10874994.46,2248,F1,1,,,,,
2026-09-30,2026-09-30,CM,NSE,STK,2616,INE497B01018,SEAMECLTD,EQ,,,,,SEAMEC LIMITED,1685.0,1739.7,1609.7,1641.6,1638.0,1653.2,,1641.51,,,71134,116929170.4,7368,F1,1,,,,,
2026-09-30,2026-09-30,CM,NSE,STK,764813,INE031G01022,OPTIFIN,EQ,,,,,OPTIMUS FINANCE LTD.,14.8,15.8,14.5,15.45,15.18,14.82,,15.39,,,71103,1081725.39,131,F1,1,,,,,
2026-09-30,2026-09-30,CM,NSE,STK,24398,INE168P01015,EMCURE,EQ,,,,,EMCURE PHARMACEUTICALS L,1960.0,1965.9,1907.2,1943.0,1934.0,1959.1,,1942.97,,,71094,137763836.5,14983,F1,1,,,,,
2026-09-30,2026-09-30,CM,NSE,STK,7254,INE804L01022,MEDPLUS,EQ,,,,,MEDPLUS HEALTH SERV LTD,659.0,661.75,654.5,654.9,654.5,654.0,,654.88,,,70747,46427571.5,15074,F1,1,,,,,
2026-09-30,2026-09-30,CM,NSE,STK,18139,INE920A01037,DOLPHIN,EQ,,,,,DOLPHIN OFF ENT (IND) L,652.5,715.8,631.2,637.4,642.4,650.75,,637.48,,,70720,47409262.65,2919,F1,1,,,,,
2026-09-30,2026-09-30,CM,NSE,STK,19410,INE02A801020,ROSSARI,EQ,,,,,ROSSARI BIOTECH LIMITED,430.0,434.6,416.0,417.95,419.8,427.7,,417.82,,,70439,29727627.15,4183,F1,1,,,,,
2026-09-30,2026-09-30,CM,NSE,STK,17576,INF740KA1TA7,PVTBANKADD,EQ,,,,,DSPAMC - DSPPVBKETF,26.99,27.37,26.97,27.23,27.21,26.8,,27.23,,,70414,1918813.2,81,F1,1,,,,,
2026-09-30,2026-09-30,CM,NSE,STK,28314,INE489G01022,ANUHPHR,EQ,,,,,ANUH PHARMA LIMITED,90.31,91.05,87.0,87.4,87.3,89.68,,87.42,,,70318,6220344.07,2068,F1,1,,,,,
2026-09-30,2026-09-30,CM,NSE,STK,2107,INE00IN01015,STOVEKRAFT,EQ,,,,,STOVE KRAFT LIMITED,809.6,823.8,791.1,794.95,794.1,813.65,,794.95,,,70280,56362413.2,5291,F1,1,,,,,
2026-09-30,2026-09-30,CM,NSE,STK,30109,INF769K01ON4,SELECTIPO,EQ,,,,,MIRAEAMC - SELECTIPO,46.62,46.64,46.04,46.13,46.06,46.32,,46.13,,,70262,3251671.52,149,F1,1,,,,,
2026-09-30,2026-09-30,CM,NSE,STK,24851,INE442P01014,SUYOG,EQ,,,,,SUYOG TELEMATICS LIMITED,710.0,725.0,670.0,695.1,672.3,689.95,,695.11,,,70242,49142264.85,3459,F1,1,,,,,
2026-09-30,2026-09-30,CM,NSE,STK,6961,INE071D01033,MENONBE,EQ,,,,,MENON BEARINGS LIMITED,296.55,303.0,292.0,296.2,295.65,291.1,,296.16,,,70127,20860271.8,1648,F1,1,,,,,
2026-09-30,2026-09-30,CM,NSE,STK,10588,INE712K01011,SHREEPUSHK,EQ,,,,,SHRE PUSH CHEM & FERT LTD,480.9,505.05,480.9,492.75,492.05,481.9,,492.74,,,70018,34617685.7,3676,F1,1,,,,,
2026-09-30,2026-09-30,CM,NSE,STK,16736,INE964W01021,MKPL,EQ,,,,,M K PROTEINS LIMITED,4.0,4.05,3.92,3.99,4.02,3.92,,3.99,,,69786,278772.99,272,F1,1,,,,,
2026-09-30,2026-09-30,CM,NSE,STK,759867,INE0ILV01024,CAPILLARY,EQ,,,,,CAPILLARY TECHNO INDIA L,569.0,574.0,553.15,560.45,566.0,568.05,,560.31,,,69748,39214543.25,3241,F1,1,,,,,
2026-09-30,2026-09-30,CM,NSE,STK,20160,INE068L01024,CANTABIL,EQ,,,,,CANTABIL RETAIL LTD,232.2,233.99,229.3,231.22,233.8,232.5,,231.21,,,69587,16100017.92,1392,F1,1,,,,,
2026-09-30,2026-09-30,CM,NSE,STK,761095,INF200KB1AJ0,SBIMIDMOM,EQ,,,,,SBIAMC - SBIMIDMOM,61.94,61.94,60.76,61.0,61.12,61.33,,61.0,,,69405,4236799.47,171,F1,1,,,,,
2026-09-30,2026-09-30,CM,NSE,STK,10512,INF174KA1ZF8,CONS,EQ,,,,,KOTAKMAMC - KOTAKCONS,11.53,11.55,11.4,11.46,11.46,11.72,,11.46,,,68549,786170.97,425,F1,1,,,,,
2026-09-30,2026-09-30,CM,NSE,STK,11787,INE705X01026,GOYALALUM,EQ,,,,,GOYAL ALUMINIUMS LIMITED,6.05,6.06,5.68,5.86,5.84,5.88,,5.86,,,68542,405150.32,391,F1,1,,,,,
2026-09-30,2026-09-30,CM,NSE,STK,3482,INE419D01026,CLSEL,EQ,,,,,CHAMAN LAL SETIA EXP LTD,282.2,295.5,282.2,284.15,285.5,282.25,,284.14,,,68524,19777746.85,2513,F1,1,,,,,
2026-09-30,2026-09-30,CM,NSE,STK,13750,INE09N301011,FLUOROCHEM,EQ,,,,,GUJARAT FLUOROCHEM LTD,4420.1,4454.9,4358.1,4405.3,4400.0,4406.2,,4405.34,,,68354,300992296.2,13940,F1,1,,,,,
2026-09-30,2026-09-30,CM,NSE,STK,758863,INE06WU01026,LAXMIINDIA,EQ,,,,,LAXMI INDIA FINANCE LTD,118.84,121.5,118.71,121.1,121.3,118.84,,121.1,,,68302,8235010.66,1321,F1,1,,,,,
2026-09-30,2026-09-30,CM,NSE,STK,13870,INE529I01021,KUANTUM,EQ,,,,,KUANTUM PAPERS LIMITED,77.06,78.08,76.0,76.35,76.68,76.73,,76.36,,,68177,5251482.02,1262,F1,1,,,,,
2026-09-30,2026-09-30,CM,NSE,STK,5359,INE08LI01020,KRSNAA,EQ,,,,,KRSNAA DIAGNOSTICS LTD,549.65,564.45,543.0,559.95,560.3,553.6,,559.95,,,68107,37792069.05,4279,F1,1,,,,,
2026-09-30,2026-09-30,CM,NSE,STK,3980,INE107A01015,TNPL,EQ,,,,,TAMILNADU NEWSPRT & PAPER,150.62,152.9,149.75,150.61,149.8,151.8,,150.59,,,68064,10293072.58,2169,F1,1,,,,,
2026-09-30,2026-09-30,CM,NSE,STK,1797,INE01BK01022,AWHCL,EQ,,,,,ANTONY WASTE HDG CELL LTD,364.35,371.7,361.05,364.55,363.65,364.35,,364.53,,,68038,24815023.75,3602,F1,1,,,,,
2026-09-30,2026-09-30,CM,NSE,STK,128,INE450U01017,ROUTE,EQ,,,,,ROUTE MOBILE LIMITED,446.0,456.55,444.05,445.0,445.35,447.2,,445.01,,,67891,30568671.5,3590,F1,1,,,,,
2026-09-30,2026-09-30,CM,NSE,STK,762518,INE994E01018,3BBLACKBIO,EQ,,,,,3B BLACKBIO DX LTD.,1615.1,1740.0,1610.5,1710.4,1691.5,1622.7,,1708.72,,,67737,115451737.9,8071,F1,1,,,,,
2026-09-30,2026-09-30,CM,NSE,STK,20372,INE00Y201027,FLAIR,EQ,,,,,FLAIR WRITING INDUST LTD,232.0,232.87,228.51,229.32,230.4,230.38,,229.33,,,67611,15566257.43,1530,F1,1,,,,,
2026-09-30,2026-09-30,CM,NSE,STK,17641,INE805D01034,SUNTECK,EQ,,,,,SUNTECK REALTY LIMITED,278.6,284.0,276.0,277.4,276.5,280.3,,277.41,,,67009,18782789.05,2657,F1,1,,,,,
2026-09-30,2026-09-30,CM,NSE,STK,10511,INF789F1AZC0,NIFTYBETA,EQ,,,,,UTIAMC-NIFTYBETA,254.91,265.47,251.48,252.81,265.47,252.39,,252.85,,,66983,16937558.85,505,F1,1,,,,,
2026-09-30,2026-09-30,CM,NSE,STK,759041,INE056801025,IVALUE,EQ,,,,,IVALUE INFOSOLUTIONS LTD,225.9,228.1,220.25,222.76,226.0,224.61,,222.77,,,66924,15020116.24,2867,F1,1,,,,,
2026-09-30,2026-09-30,CM,NSE,STK,255,INE368I01016,NIRAJ,EQ,,,,,NIRAJ CEMENT STRUC LTD,27.7,28.95,27.25,27.66,27.5,28.36,,27.66,,,66899,1855990.34,147,F1,1,,,,,
2026-09-30,2026-09-30,CM,NSE,STK,23066,INE0L9R01028,GOPAL,EQ,,,,,GOPAL SNACKS LIMITED,252.9,255.05,250.2,250.95,251.55,253.0,,250.95,,,66870,16850525.75,3415,F1,1,,,,,
2026-09-30,2026-09-30,CM,NSE,STK,29171,INE0WO601020,LAXMIDENTL,EQ,,,,,LAXMI DENTAL LIMITED,194.38,196.97,190.35,191.42,190.35,192.49,,191.42,,,66468,12849170.93,1674,F1,1,,,,,
2026-09-30,2026-09-30,CM,NSE,STK,757919,INE16SF01016,BORANA,EQ,,,,,BORANA WEAVES LIMITED,297.8,297.8,275.0,278.2,277.0,296.4,,278.23,,,66407,18813728.6,2356,F1,1,,,,,
2026-09-30,2026-09-30,CM,NSE,STK,762904,INE220Z01013,SHINDL,EQ,,,,,SHARAT INDUSTRIES LTD.,160.32,160.39,158.16,159.6,158.16,160.1,,159.6,,,66280,10577951.01,562,F1,1,,,,,
2026-09-30,2026-09-30,CM,NSE,STK,21623,INE346W01013,APEX,EQ,,,,,APEX FROZEN FOODS LIMITED,343.1,348.3,335.0,336.5,336.9,343.1,,336.54,,,66125,22591613.45,3517,F1,1,,,,,
2026-09-30,2026-09-30,CM,NSE,STK,763663,INE763M01028,MERCURYEV,EQ,,,,,MERCURY EV-TECH LIMITED,38.18,39.25,38.13,38.17,38.2,38.69,,38.17,,,65295,2520618.73,964,F1,1,,,,,
2026-09-30,2026-09-30,CM,NSE,STK,3694,INE707A01012,VINDHYATEL,EQ,,,,,VINDHYA TELELINKS LTD,2666.3,2788.7,2620.2,2662.9,2674.0,2653.3,,2662.96,,,65292,176609030.2,7947,F1,1,,,,,
2026-09-30,2026-09-30,CM,NSE,STK,13305,INE348B01021,CENTURYPLY,EQ,,,,,CENTURY PLYBOARDS (I) LTD,663.05,686.0,663.05,681.85,684.5,665.0,,681.88,,,64964,44362557.9,9441,F1,1,,,,,
2026-09-30,2026-09-30,CM,NSE,STK,6848,INE544R01021,GREENLAM,EQ,,,,,GREENLAM INDUSTRIES LTD.,215.4,218.59,211.0,212.85,212.63,214.3,,212.85,,,64940,13911104.18,1686,F1,1,,,,,
2026-09-30,2026-09-30,CM,NSE,STK,17197,INE551D01018,PAKKA,EQ,,,,,PAKKA LIMITED,75.19,75.2,72.0,72.89,73.0,72.83,,72.89,,,64593,4698539.08,1305,F1,1,,,,,
2026-09-30,2026-09-30,CM,NSE,STK,3880,INE355A01028,SOMANYCERA,EQ,,,,,SOMANY CERAMICS LIMITED,614.0,622.0,606.55,617.75,610.0,613.85,,617.64,,,64566,39810447.05,3733,F1,1,,,,,
2026-09-30,2026-09-30,CM,NSE,STK,15840,INE262Z01023,LATTEYS,EQ,,,,,LATTEYS INDUSTRIES LTD,20.89,21.49,20.6,20.91,21.2,20.59,,20.91,,,64502,1348842.05,176,F1,1,,,,,
2026-09-30,2026-09-30,CM,NSE,STK,3963,INE077F01035,GOCLCORP,EQ,,,,,GOCL CORPORATION LIMITED,364.7,370.6,360.65,362.45,360.65,363.65,,362.45,,,64481,23563659.9,2914,F1,1,,,,,
2026-09-30,2026-09-30,CM,NSE,STK,13057,INE244O01017,UNIPARTS,EQ,,,,,UNIPARTS INDIA LIMITED,849.0,859.0,829.55,836.0,830.5,843.55,,836.01,,,63990,53985940.45,7209,F1,1,,,,,
2026-09-30,2026-09-30,CM,NSE,STK,18086,INE917M01012,DBL,EQ,,,,,DILIP BUILDCON LIMITED,410.45,416.0,403.1,406.2,405.25,410.9,,406.23,,,63814,26050231.95,2892,F1,1,,,,,
2026-09-30,2026-09-30,CM,NSE,STK,1011,INE513A01022,SCHAEFFLER,EQ,,,,,SCHAEFFLER INDIA LIMITED,3950.0,3960.0,3877.3,3897.1,3900.0,3920.0,,3897.03,,,63788,248802010.9,12583,F1,1,,,,,
2026-09-30,2026-09-30,CM,NSE,STK,22,INE012A01025,ACC,EQ,,,,,ACC LIMITED,1205.0,1224.0,1200.8,1204.1,1203.5,1202.6,,1204.12,,,63787,77162316.4,8898,F1,1,,,,,
2026-09-30,2026-09-30,CM,NSE,STK,14305,INE00IK01029,OSWALSEEDS,EQ,,,,,SHREEOSWAL S AND CHE LTD,12.64,12.69,12.11,12.34,12.48,12.52,,12.34,,,63193,779843.77,290,F1,1,,,,,
2026-09-30,2026-09-30,CM,NSE,STK,29025,INE622H01018,INDOFARM,EQ,,,,,INDO FARM EQUIPMENT LTD,134.0,137.0,133.26,134.45,133.3,133.17,,134.46,,,63176,8544739.95,1268,F1,1,,,,,
2026-09-30,2026-09-30,CM,NSE,STK,13560,INE536A01023,GRINDWELL,EQ,,,,,GRINDWELL NORTON LIMITED,1916.0,2016.0,1916.0,1994.1,1985.0,1916.7,,1994.05,,,63047,125634695.5,13979,F1,1,,,,,
2026-09-30,2026-09-30,CM,NSE,STK,17547,INE098F01031,AMRUTANJAN,EQ,,,,,AMRUTAJAN HEALTH LTD,505.25,522.2,505.25,514.75,514.0,505.25,,514.75,,,62878,32473753.55,3205,F1,1,,,,,
2026-09-30,2026-09-30,CM,NSE,STK,13580,INE855R01021,RADIANTCMS,EQ,,,,,RADIANT CASH MGMT SER LTD,35.2,36.01,35.2,35.41,35.26,35.65,,35.41,,,62571,2221234.4,740,F1,1,,,,,
2026-09-30,2026-09-30,CM,NSE,STK,11979,INE501G01024,HTMEDIA,EQ,,,,,HT MEDIA LIMITED,23.51,24.13,22.92,23.02,22.95,23.46,,23.04,,,62468,1456948.89,351,F1,1,,,,,
2026-09-30,2026-09-30,CM,NSE,STK,9678,INE980Y01015,SOUTHWEST,EQ,,,,,SOUTH WEST PINNACLE LTD,183.5,186.28,180.35,182.49,180.36,183.41,,182.53,,,62445,11467784.59,1865,F1,1,,,,,
2026-09-30,2026-09-30,CM,NSE,STK,20877,INE488V01015,PSPPROJECT,EQ,,,,,PSP PROJECTS LIMITED,787.0,803.9,763.95,767.0,764.05,782.65,,766.96,,,62418,48740617.1,3028,F1,1,,,,,
2026-09-30,2026-09-30,CM,NSE,STK,3066,INE630A01024,SESHAPAPER,EQ,,,,,SESHASAYEE PAPER & BOARDS,244.26,246.19,234.81,240.47,240.0,242.53,,240.47,,,62115,14944547.25,1333,F1,1,,,,,
2026-09-30,2026-09-30,CM,NSE,STK,4391,INE635Q01029,GULFOILLUB,EQ,,,,,GULF OIL LUB. IND. LTD.,1107.9,1128.7,1103.4,1125.4,1127.0,1105.8,,1125.42,,,61978,69589062.4,5097,F1,1,,,,,
2026-09-30,2026-09-30,CM,NSE,STK,13844,INE227C01017,MMFL,EQ,,,,,MM FORGINGS LTD,614.9,627.5,592.0,598.6,595.0,612.5,,598.57,,,61917,37566863.45,4515,F1,1,,,,,
2026-09-30,2026-09-30,CM,NSE,STK,24582,INE08NE01025,SANSTAR,EQ,,,,,SANSTAR LIMITED,105.2,108.14,104.15,104.94,104.7,105.9,,104.94,,,61552,6532522.88,1345,F1,1,,,,,
2026-09-30,2026-09-30,CM,NSE,STK,5264,INE111Q01021,PDSL,EQ,,,,,PDS LIMITED,350.0,357.0,349.85,352.3,353.0,348.95,,352.3,,,61453,21774655.2,8114,F1,1,,,,,
2026-09-30,2026-09-30,CM,NSE,STK,19235,INE919H01018,IMFA,EQ,,,,,INDIAN METALS & FERRO,1206.5,1228.0,1185.2,1190.9,1193.7,1206.5,,1190.85,,,61334,73871792.7,6411,F1,1,,,,,
2026-09-30,2026-09-30,CM,NSE,STK,263,INE100A01010,ATUL,EQ,,,,,ATUL LTD,5980.0,6064.5,5881.0,5915.5,5903.0,5982.5,,5916.02,,,61199,365587003.0,8170,F1,1,,,,,
2026-09-30,2026-09-30,CM,NSE,STK,11226,INE116D01028,BAGFILMS,EQ,,,,,B.A.G FILMS AND MEDIA LTD,4.02,4.23,3.9,4.1,4.11,4.1,,4.1,,,61189,247473.85,148,F1,1,,,,,
2026-09-30,2026-09-30,CM,NSE,STK,11271,INE506A01018,DREDGECORP,EQ,,,,,DREDGING CORP OF INDIA,939.4,954.6,912.0,920.2,912.6,932.9,,920.32,,,61117,57134936.7,3679,F1,1,,,,,
2026-09-30,2026-09-30,CM,NSE,STK,15295,INE539B01017,VIRINCHI,EQ,,,,,VIRINCHI LIMITED,13.39,13.7,13.11,13.47,13.54,13.37,,13.47,,,60617,816334.61,218,F1,1,,,,,
2026-09-30,2026-09-30,CM,NSE,STK,11432,INE798K01010,KRITINUT,EQ,,,,,KRITI NUTRIENTS LIMITED,72.65,73.89,68.9,69.81,71.0,72.52,,69.76,,,60590,4258688.19,748,F1,1,,,,,
2026-09-30,2026-09-30,CM,NSE,STK,24378,INE375Y01018,RELIABLE,EQ,,,,,RELIABLE DATA SERVICE LTD,148.07,148.07,141.77,144.28,145.98,145.17,,144.28,,,60326,8668541.81,571,F1,1,,,,,
2026-09-30,2026-09-30,CM,NSE,STK,761192,INE0J5601015,KRISHNADEF,EQ,,,,,KRISHNA DEF AND ALD IND L,1009.0,1047.0,1008.0,1032.8,1026.0,1013.0,,1032.8,,,60180,62153887.7,6426,F1,1,,,,,
2026-09-30,2026-09-30,CM,NSE,STK,371,INE176A01028,BATAINDIA,EQ,,,,,BATA INDIA LTD,620.4,627.0,617.05,618.75,617.2,620.35,,618.75,,,59998,37345428.95,7848,F1,1,,,,,
2026-09-30,2026-09-30,CM,NSE,STK,19458,INE0INJ01017,PLAZACABLE,EQ,,,,,PLAZA WIRES LIMITED,61.88,61.88,59.05,59.15,59.05,59.9,,59.14,,,59674,3585628.37,951,F1,1,,,,,
2026-09-30,2026-09-30,CM,NSE,STK,19761,INE982B01027,ADFFOODS,EQ,,,,,ADF FOODS LIMITED,268.3,274.95,263.1,273.1,273.0,268.3,,273.14,,,59409,16150070.45,2924,F1,1,,,,,
2026-09-30,2026-09-30,CM,NSE,STK,28969,INF769K01NS5,CONSUMER,EQ,,,,,MIRAEAMC - CONSUMER,11.33,11.4,11.29,11.3,11.31,11.34,,11.3,,,59211,671409.66,268,F1,1,,,,,
2026-09-30,2026-09-30,CM,NSE,STK,2183,INE202Z01029,TSFINV,EQ,,,,,TSF INVESTMENTS LIMITED,422.0,434.8,415.9,417.15,417.1,421.45,,417.15,,,59183,25020267.5,3380,F1,1,,,,,
2026-09-30,2026-09-30,CM,NSE,STK,19113,INE851I01011,UDS,EQ,,,,,UPDATER SERVICES LIMITED,209.0,211.92,205.27,208.57,208.0,207.79,,208.56,,,59154,12314046.17,1897,F1,1,,,,,
2026-09-30,2026-09-30,CM,NSE,STK,926,INE191A01027,ORCHPHARMA,EQ,,,,,ORCHID PHARMA LIMITED,1014.9,1034.4,990.0,997.0,1000.0,1014.9,,996.87,,,58886,59347918.55,6619,F1,1,,,,,
2026-09-30,2026-09-30,CM,NSE,STK,11580,INE274F01020,WESTLIFE,EQ,,,,,WESTLIFE FOODWORLD LTD,600.0,600.0,586.65,589.85,592.0,596.6,,589.85,,,58873,34823185.45,8200,F1,1,,,,,
2026-09-30,2026-09-30,CM,NSE,STK,4992,INE221J01015,SHARDACROP,EQ,,,,,SHARDA CROPCHEM LTD.,719.15,734.85,719.15,723.5,723.6,721.45,,723.49,,,58845,42750395.25,7439,F1,1,,,,,
2026-09-30,2026-09-30,CM,NSE,STK,1267,INE186A01019,GUJALKALI,EQ,,,,,GUJARAT ALKALIES & CHEM,621.0,626.9,612.2,618.85,614.55,627.15,,618.84,,,58668,36324097.4,3363,F1,1,,,,,
2026-09-30,2026-09-30,CM,NSE,STK,13035,INE429E01023,SAFARI,EQ,,,,,SAFARI IND (INDIA) LTD,1439.9,1439.9,1418.1,1429.6,1422.9,1430.9,,1429.42,,,58651,83842502.2,6814,F1,1,,,,,
2026-09-30,2026-09-30,CM,NSE,STK,811,INE499A01024,DCMSHRIRAM,EQ,,,,,DCM SHRIRAM LIMITED,905.1,923.9,905.1,915.6,911.0,907.8,,915.63,,,58580,53766645.1,7313,F1,1,,,,,
2026-09-30,2026-09-30,CM,NSE,STK,14403,INE952H01027,RAJTV,EQ,,,,,RAJ TV NETWORK LTD,10.58,11.09,10.08,10.88,11.0,10.59,,10.85,,,58444,604109.01,226,F1,1,,,,,
2026-09-30,2026-09-30,CM,NSE,STK,9539,INE732S01012,SAKAR,EQ,,,,,SAKAR HEALTHCARE LIMITED,1116.4,1143.8,1082.0,1093.05,1095.0,1121.85,,1093.05,,,58262,64344913.5,4916,F1,1,,,,,
2026-09-30,2026-09-30,CM,NSE,STK,20854,INE330T01021,HAPPYFORGE,EQ,,,,,HAPPY FORGINGS LIMITED,2079.0,2107.0,2050.0,2067.2,2065.1,2074.8,,2067.18,,,57822,120511351.0,10112,F1,1,,,,,
2026-09-30,2026-09-30,CM,NSE,STK,18679,INE495S01016,HPL,EQ,,,,,HPL ELECTRIC & POWER LTD,270.1,274.65,268.1,269.05,268.25,270.15,,269.01,,,57651,15679168.75,2796,F1,1,,,,,
2026-09-30,2026-09-30,CM,NSE,STK,13423,INE050401020,ELIN,EQ,,,,,ELIN ELECTRONICS LIMITED,88.38,88.38,86.02,86.3,86.2,86.65,,86.25,,,57220,4951971.53,977,F1,1,,,,,
2026-09-30,2026-09-30,CM,NSE,STK,14423,INE059D01020,LAOPALA,EQ,,,,,LA OPALA RG LIMITED,156.8,158.69,155.31,156.18,155.8,156.71,,156.17,,,57031,8939859.88,1940,F1,1,,,,,
2026-09-30,2026-09-30,CM,NSE,STK,14562,INE318D01020,ZENITHSTL,EQ,,,,,ZENITH STEEL PIP IND LTD,5.34,5.43,5.18,5.3,5.33,5.19,,5.29,,,56981,300208.36,200,F1,1,,,,,
2026-09-30,2026-09-30,CM,NSE,STK,22360,INE813V01022,MCL,EQ,,,,,M TEK COPPER LIMITED,58.0,59.63,56.58,56.74,56.6,57.64,,56.74,,,56806,3278597.58,1448,F1,1,,,,,
2026-09-30,2026-09-30,CM,NSE,STK,11573,INE451A01017,FORCEMOT,EQ,,,,,FORCE MOTORS LIMITED,17000.0,17435.0,17000.0,17054.0,17054.0,16905.0,,17055.71,,,56785,979667175.0,15506,F1,1,,,,,
2026-09-30,2026-09-30,CM,NSE,STK,5610,INE203A01020,ASTRAZEN,EQ,,,,,ASTRAZENECA PHARMA IND LT,6210.0,6289.0,6120.5,6186.0,6186.0,6254.5,,6186.01,,,56730,350941189.5,7273,F1,1,,,,,
2026-09-30,2026-09-30,CM,NSE,STK,5366,INE0H5O01029,WINDLAS,EQ,,,,,WINDLAS BIOTECH LIMITED,1107.5,1139.9,1081.0,1091.3,1090.0,1096.25,,1091.38,,,56202,62633617.2,5021,F1,1,,,,,
2026-09-30,2026-09-30,CM,NSE,STK,11480,INE524L01026,KRIDHANINF,EQ,,,,,KRIDHAN INFRA LIMITED,1.89,1.97,1.85,1.88,1.88,1.88,,1.88,,,56032,107252.04,81,F1,1,,,,,
2026-09-30,2026-09-30,CM,NSE,STK,762685,INE572D01014,FRONTSP,EQ,,,,,FRONTIER SPRINGS LTD.,1414.4,1500.0,1402.0,1460.2,1450.0,1394.1,,1459.92,,,55952,81423123.9,5539,F1,1,,,,,
2026-09-30,2026-09-30,CM,NSE,STK,759439,INE0R8B01010,PATELRMART,EQ,,,,,PATEL RETAIL LIMITED,215.0,219.6,210.5,211.52,212.39,213.59,,211.52,,,55798,11963079.1,1308,F1,1,,,,,
2026-09-30,2026-09-30,CM,NSE,STK,29098,INE0HR601026,DDEVPLSTIK,EQ,,,,,DDEV PLASTIKS IND LTD,249.6,253.9,246.2,249.5,246.2,248.75,,249.51,,,55337,13884359.4,2341,F1,1,,,,,
2026-09-30,2026-09-30,CM,NSE,STK,759587,INE00Q601028,STUDDS,EQ,,,,,STUDDS ACCESSORIES LTD,398.5,404.0,389.45,393.85,395.0,395.65,,393.85,,,55228,21825538.2,4812,F1,1,,,,,
2026-09-30,2026-09-30,CM,NSE,STK,10159,INE730A01022,ORICONENT,EQ,,,,,ORICON ENTERPRISES LTD,52.9,52.9,50.71,51.34,51.34,51.83,,51.34,,,55211,2841308.25,746,F1,1,,,,,
2026-09-30,2026-09-30,CM,NSE,STK,16045,INE689W01016,PRINCEPIPE,EQ,,,,,PRINCE PIPES FITTINGS LTD,257.75,261.7,255.0,255.75,255.25,255.85,,255.74,,,55165,14197657.65,2323,F1,1,,,,,
2026-09-30,2026-09-30,CM,NSE,STK,10690,INF209KB15K4,NIFTYQLITY,EQ,,,,,BIRLASLAMC - NIFTYQLITY,20.07,20.45,19.73,19.94,20.05,20.07,,19.95,,,55131,1100864.06,331,F1,1,,,,,
2026-09-30,2026-09-30,CM,NSE,STK,758558,INE227J01012,KALPATARU,EQ,,,,,KALPATARU LIMITED,278.8,285.0,276.0,278.7,278.0,278.8,,278.64,,,55095,15464501.5,1017,F1,1,,,,,
2026-09-30,2026-09-30,CM,NSE,STK,5162,INE0GK401011,TATVA,EQ,,,,,TATVA CHIN PHARM CHEM LTD,1811.9,1825.0,1776.1,1784.2,1787.0,1806.4,,1784.1,,,55095,99435119.2,9669,F1,1,,,,,
2026-09-30,2026-09-30,CM,NSE,STK,762598,INE761G01016,BLACKROSE,EQ,,,,,BLACK ROSE INDS. LTD.,115.25,118.28,112.0,115.79,114.9,113.25,,115.77,,,54925,6344669.16,901,F1,1,,,,,
2026-09-30,2026-09-30,CM,NSE,STK,3237,INE643A01035,JTEKTINDIA,EQ,,,,,JTEKT INDIA LIMITED,115.84,117.3,115.84,116.58,116.75,115.84,,116.58,,,54853,6399161.78,1232,F1,1,,,,,
2026-09-30,2026-09-30,CM,NSE,STK,24014,INE02L001032,BOROSCI,EQ,,,,,BOROSIL SCIENTIFIC LTD,114.84,116.77,113.16,113.91,114.0,114.84,,113.92,,,54494,6268241.46,1071,F1,1,,,,,
2026-09-30,2026-09-30,CM,NSE,STK,3339,INE660A01013,SUNDARMFIN,EQ,,,,,SUNDARAM FINANCE LTD,4325.0,4407.8,4315.0,4355.0,4353.2,4334.8,,4354.95,,,54266,236271456.0,16194,F1,1,,,,,
2026-09-30,2026-09-30,CM,NSE,STK,19126,INE880L01014,KIOCL,EQ,,,,,KIOCL LIMITED,337.25,344.0,330.0,332.3,330.0,336.1,,332.33,,,54237,18273997.35,2550,F1,1,,,,,
2026-09-30,2026-09-30,CM,NSE,STK,764608,INE759F01012,AUSTENG,EQ,,,,,AUSTIN ENGINEERING CO. L,159.72,176.45,155.5,171.52,172.0,158.0,,171.5,,,54150,9164288.51,1484,F1,1,,,,,
2026-09-30,2026-09-30,CM,NSE,STK,761916,INE0I0T01010,VOEPL,EQ,,,,,VIRTUOSO OPTOELECTRONIC L,491.55,509.8,488.75,493.15,499.25,497.95,,493.07,,,54039,26759461.1,2347,F1,1,,,,,
2026-09-30,2026-09-30,CM,NSE,STK,3018,INE626A01014,SAURASHCEM,EQ,,,,,SAURASHTRA CEMENT LIMITED,53.94,55.5,53.55,54.53,54.5,54.1,,54.53,,,54035,2937924.63,555,F1,1,,,,,
2026-09-30,2026-09-30,CM,NSE,STK,10922,INE090B01011,OMAXAUTO,EQ,,,,,OMAX AUTOS LTD,200.0,207.5,198.02,200.32,200.0,198.48,,200.32,,,53737,10870200.78,974,F1,1,,,,,
2026-09-30,2026-09-30,CM,NSE,STK,10755,INE266F01018,APTECHT,EQ,,,,,APTECH LIMITED,89.49,90.0,87.73,88.26,88.74,88.61,,88.24,,,53672,4758057.06,959,F1,1,,,,,
2026-09-30,2026-09-30,CM,NSE,STK,19097,INE203Y01012,CRESTO,EQ,,,,,CRESTO TECHNO LIMITED,23.99,23.99,22.93,23.21,22.94,23.59,,23.21,,,53671,1268255.96,286,F1,1,,,,,
2026-09-30,2026-09-30,CM,NSE,STK,758150,INE08N601015,MBEL,EQ,,,,,M AND B ENGINEERING LTD,254.15,256.0,248.0,249.0,249.7,251.5,,249.0,,,53598,13486058.25,2188,F1,1,,,,,
2026-09-30,2026-09-30,CM,NSE,STK,7242,INE317I01021,METROBRAND,EQ,,,,,METRO BRANDS LIMITED,872.05,875.0,832.0,841.75,833.0,872.15,,841.85,,,53574,45435645.0,7953,F1,1,,,,,
2026-09-30,2026-09-30,CM,NSE,STK,16827,INE760A01029,KOKUYOCMLN,EQ,,,,,KOKUYO CAMLIN LIMITED,75.0,76.6,74.0,75.87,75.89,74.72,,75.87,,,53215,4030769.5,646,F1,1,,,,,
2026-09-30,2026-09-30,CM,NSE,STK,18029,INE912H01013,MBLINFRA,EQ,,,,,MBL INFRASTRUCTURE LTD,22.5,22.85,21.96,22.85,22.85,21.77,,22.85,,,53197,1210241.59,70,F1,1,,,,,
2026-09-30,2026-09-30,CM,NSE,STK,25737,INE01NE01012,SRD,EQ,,,,,SHANKAR LAL RAMPAL LTD,39.4,39.74,37.95,38.54,38.21,38.78,,38.65,,,52650,2041050.21,276,F1,1,,,,,
2026-09-30,2026-09-30,CM,NSE,STK,24538,INE683C01011,MAITHANALL,EQ,,,,,MAITHAN ALLOYS LTD,930.0,955.05,918.1,925.25,926.0,928.2,,925.22,,,52211,48654278.35,3629,F1,1,,,,,
2026-09-30,2026-09-30,CM,NSE,STK,13086,INE212H01026,AIAENG,EQ,,,,,AIA ENGINEERING LIMITED,3850.0,3910.9,3804.2,3869.0,3903.6,3835.7,,3868.82,,,51956,199923739.0,14419,F1,1,,,,,
2026-09-30,2026-09-30,CM,NSE,STK,11975,INE050H01012,RML,EQ,,,,,RANE (MADRAS) LIMITED,1397.4,1405.0,1348.5,1351.9,1357.0,1380.9,,1351.94,,,51913,71375661.2,5430,F1,1,,,,,
2026-09-30,2026-09-30,CM,NSE,STK,8944,INE01EG01016,RITCO,EQ,,,,,RITCO LOGISTICS LIMITED,282.95,284.95,274.05,280.25,280.05,280.85,,279.86,,,51847,14413395.05,1173,F1,1,,,,,
2026-09-30,2026-09-30,CM,NSE,STK,11880,INE824G01012,JSWHL,EQ,,,,,JSW HOLDINGS LIMITED,11000.0,11409.0,11000.0,11346.0,11375.0,11000.0,,11345.67,,,51678,577493893.0,3719,F1,1,,,,,
2026-09-30,2026-09-30,CM,NSE,STK,29113,INE752H01013,CARERATING,EQ,,,,,CARE RATINGS LIMITED,1637.0,1652.8,1611.0,1616.7,1611.0,1637.8,,1616.68,,,51390,83593984.7,7311,F1,1,,,,,
2026-09-30,2026-09-30,CM,NSE,STK,2406,INE794A01010,NEULANDLAB,EQ,,,,,NEULAND LAB LTD.,21375.0,21600.0,21200.0,21350.0,21600.0,21375.0,,21351.17,,,51295,1095987135.0,17807,F1,1,,,,,
2026-09-30,2026-09-30,CM,NSE,STK,29598,INE612J01015,REPCOHOME,EQ,,,,,REPCO HOME FINANCE LTD,345.0,346.25,340.0,341.7,341.5,343.65,,341.71,,,51214,17550338.2,2052,F1,1,,,,,
2026-09-30,2026-09-30,CM,NSE,STK,13337,INE297H01019,GALLANTT,EQ,,,,,GALLANTT ISPAT LIMITED,551.0,551.0,535.2,537.5,536.45,539.1,,537.54,,,51095,27782822.45,2889,F1,1,,,,,
2026-09-30,2026-09-30,CM,NSE,STK,3546,INE690A01028,TTKPRESTIG,EQ,,,,,TTK PRESTIGE LTD,529.5,536.15,513.2,515.85,514.25,533.75,,515.88,,,51023,26640465.05,4858,F1,1,,,,,
2026-09-30,2026-09-30,CM,NSE,STK,1937,INE268B01013,KREBSBIO,EQ,,,,,KREBS BIOCHEMICALS & IND,55.4,63.69,55.33,60.2,59.5,56.42,,60.2,,,50966,3090147.41,1429,F1,1,,,,,
2026-09-30,2026-09-30,CM,NSE,STK,2492,INE01II01013,SILGO,EQ,,,,,SILGO RETAIL LIMITED,70.49,71.09,69.69,70.21,70.0,70.49,,70.21,,,50805,3573613.08,444,F1,1,,,,,
2026-09-30,2026-09-30,CM,NSE,STK,4055,INE922B01023,PANACEABIO,EQ,,,,,PANACEA BIOTEC LTD,375.2,379.6,364.0,366.0,364.0,375.25,,365.99,,,50560,18663869.35,2360,F1,1,,,,,
2026-09-30,2026-09-30,CM,NSE,STK,30244,INE415D01024,BHARATSE,EQ,,,,,BHARAT SEATS LIMITED,216.13,217.12,210.5,212.38,211.1,213.61,,212.47,,,50392,10780477.58,6899,F1,1,,,,,
2026-09-30,2026-09-30,CM,NSE,STK,527,INE094J01016,UTIAMC,EQ,,,,,UTI ASSET MNGMT CO LTD,873.25,894.55,873.25,882.4,885.0,877.6,,882.39,,,50373,44485465.2,7137,F1,1,,,,,
2026-09-30,2026-09-30,CM,NSE,STK,16863,INE197J01017,LPDC,EQ,,,,,LANDMARK PR.DEV.CO.LTD,6.2,6.44,6.11,6.18,6.25,6.22,,6.18,,,50182,312613.81,276,F1,1,,,,,
2026-09-30,2026-09-30,CM,NSE,STK,1204,INE546Y01022,PRAXIS,EQ,,,,,PRAXIS HOME RETAIL LTD,4.7,4.89,4.59,4.59,4.59,4.83,,4.58,,,50073,233845.64,117,F1,1,,,,,
2026-09-30,2026-09-30,CM,NSE,STK,17181,INF769K01FN2,NEXT50,EQ,,,,,MIRAEAMC - MANXT50,722.06,727.84,719.42,721.29,721.79,721.7,,721.29,,,49850,36124914.82,2750,F1,1,,,,,
2026-09-30,2026-09-30,CM,NSE,STK,14139,INE05ST01028,SBGLP,EQ,,,,,SURATWWALA BUS GROUP LTD,23.18,23.89,22.3,22.84,22.83,22.98,,22.84,,,49077,1127223.84,261,F1,1,,,,,
2026-09-30,2026-09-30,CM,NSE,STK,4525,INE221B01012,DYNAMATECH,EQ,,,,,DYNAMATIC TECHNOLOGIES,13065.0,13650.0,13060.0,13611.0,13520.0,13065.0,,13610.95,,,49032,662151173.0,9290,F1,1,,,,,
2026-09-30,2026-09-30,CM,NSE,STK,22656,INE0KGZ01021,SIGNPOST,EQ,,,,,SIGNPOST INDIA LIMITED,257.0,268.85,256.95,262.0,261.85,257.85,,262.0,,,48744,12812962.3,1628,F1,1,,,,,
2026-09-30,2026-09-30,CM,NSE,STK,759934,INE04VU01023,STYL,EQ,,,,,SESHAASAI TECHNOLOGIES L,372.15,377.8,368.2,369.95,370.1,368.8,,369.95,,,48584,18018809.1,3177,F1,1,,,,,
2026-09-30,2026-09-30,CM,NSE,STK,17333,INE998I01010,MHRIL,EQ,,,,,MAHINDRA HOLIDAYS LTD,195.9,197.07,192.85,194.25,195.3,194.49,,194.18,,,48568,9448974.88,2375,F1,1,,,,,
2026-09-30,2026-09-30,CM,NSE,STK,30249,INE561M01018,ISHANCH,EQ,,,,,ISHAN DYES N CHEMICALS L,47.35,49.69,46.26,47.82,48.25,47.35,,47.82,,,48457,2354757.81,227,F1,1,,,,,
2026-09-30,2026-09-30,CM,NSE,STK,4747,INE092B01025,INDNIPPON,EQ,,,,,INDIA NIPPON ELECT  LTD,1246.0,1267.6,1216.1,1244.4,1241.2,1244.8,,1245.0,,,48325,59970545.5,5571,F1,1,,,,,
2026-09-30,2026-09-30,CM,NSE,STK,14771,INE924H01018,TARMAT,EQ,,,,,TARMAT LIMITED,57.03,61.0,55.5,59.4,59.8,57.03,,59.33,,,48224,2826721.16,512,F1,1,,,,,
2026-09-30,2026-09-30,CM,NSE,STK,5516,INE696V01013,JAIPURKURT,EQ,,,,,NANDANI CREATION LIMITED,27.0,27.0,25.02,26.69,26.75,25.86,,26.69,,,48210,1274819.12,217,F1,1,,,,,
2026-09-30,2026-09-30,CM,NSE,STK,16658,INE0A0S01028,SIGMA,EQ,,,,,SIGMA SOLVE LIMITED,44.5,45.83,43.55,44.25,44.4,43.9,,44.25,,,48186,2140311.6,1258,F1,1,,,,,
2026-09-30,2026-09-30,CM,NSE,STK,29256,INE0R4L01018,DENTA,EQ,,,,,DENTA WATER N INFRA SOL L,267.4,271.75,264.5,265.75,265.5,266.6,,265.76,,,48166,12918977.05,1880,F1,1,,,,,
2026-09-30,2026-09-30,CM,NSE,STK,9260,INE570D01018,ARROWGREEN,EQ,,,,,ARROW GREENTECH LIMITED,876.5,886.95,840.15,856.05,869.95,872.5,,855.94,,,48123,41272685.1,4285,F1,1,,,,,
2026-09-30,2026-09-30,CM,NSE,STK,6673,INE976E01023,FOODSIN,EQ,,,,,FOODS & INNS LIMITED,50.9,52.32,50.4,50.92,50.4,51.46,,50.92,,,48116,2475131.92,1683,F1,1,,,,,
2026-09-30,2026-09-30,CM,NSE,STK,3387,INE294B01019,SMLMAH,EQ,,,,,SML MAHINDRA LIMITED,6620.0,6709.5,6468.0,6578.0,6590.0,6616.5,,6578.12,,,48022,316055975.5,10965,F1,1,,,,,
2026-09-30,2026-09-30,CM,NSE,STK,8132,INE791A01024,BLBLIMITED,EQ,,,,,BLB LIMITED,16.6,17.19,16.6,16.73,16.75,16.84,,16.73,,,47532,801054.81,244,F1,1,,,,,
2026-09-30,2026-09-30,CM,NSE,STK,13689,INE035801013,AERONEU,EQ,,,,,AEROFLEX NEU LIMITED,74.46,74.46,69.75,70.84,70.25,72.98,,70.84,,,47313,3388777.77,909,F1,1,,,,,
2026-09-30,2026-09-30,CM,NSE,STK,759569,INE16NZ01023,ORKLAINDIA,EQ,,,,,ORKLA INDIA LIMITED,540.15,547.0,540.1,543.0,542.7,540.05,,543.0,,,47004,25554605.85,3255,F1,1,,,,,
2026-09-30,2026-09-30,CM,NSE,STK,13175,INE229H01012,NITINSPIN,EQ,,,,,NITIN SPINNERS LIMITED,610.6,615.95,595.7,598.3,599.0,606.15,,598.3,,,46740,28226453.55,4766,F1,1,,,,,
2026-09-30,2026-09-30,CM,NSE,STK,20551,INE321T01012,DOMS,EQ,,,,,DOMS INDUSTRIES LIMITED,2056.4,2122.0,2044.1,2107.0,2117.1,2052.4,,2106.63,,,46672,97482970.3,11402,F1,1,,,,,
2026-09-30,2026-09-30,CM,NSE,STK,15254,INE482A01020,CEATLTD,EQ,,,,,CEAT LIMITED,3242.3,3320.9,3242.3,3264.4,3284.0,3240.0,,3264.42,,,46666,153220845.7,10979,F1,1,,,,,
2026-09-30,2026-09-30,CM,NSE,STK,16725,INE105J01010,RPGLIFE,EQ,,,,,RPG LIFE SCIENCES LTD,3103.6,3112.8,2986.0,3037.1,3041.4,3089.2,,3036.99,,,46586,141712639.3,9048,F1,1,,,,,
2026-09-30,2026-09-30,CM,NSE,STK,25136,INE650L01011,BROOKS,EQ,,,,,BROOKS LAB LIMITED,56.8,57.61,55.02,55.8,55.05,56.51,,55.8,,,46499,2612048.74,546,F1,1,,,,,
2026-09-30,2026-09-30,CM,NSE,STK,24231,INE239D01028,OMINFRAL,EQ,,,,,OM INFRA LIMITED,77.5,79.88,76.35,77.11,77.0,77.67,,77.11,,,46370,3602015.75,1045,F1,1,,,,,
2026-09-30,2026-09-30,CM,NSE,STK,29019,INF754K01TX4,ECAPINSURE,EQ,,,,,EDELAMC - ECAPINSURE,22.84,23.03,22.21,22.56,22.4,22.58,,22.4,,,46164,1046735.41,294,F1,1,,,,,
2026-09-30,2026-09-30,CM,NSE,STK,13941,INE505C01016,PRAENG,EQ,,,,,PRAJAY ENG. SYN. LTD.,22.88,22.88,21.0,21.18,21.17,21.76,,21.18,,,46147,994084.29,526,F1,1,,,,,
2026-09-30,2026-09-30,CM,NSE,STK,5650,INE933X01016,SHANTI,EQ,,,,,SHANTI OVERSEAS INDIA LTD,5.57,5.83,5.3,5.49,5.55,5.57,,5.49,,,46100,254284.69,101,F1,1,,,,,
2026-09-30,2026-09-30,CM,NSE,STK,2854,INE00LO01017,CRAFTSMAN,EQ,,,,,CRAFTSMAN AUTOMATION LTD,10581.0,10581.0,10316.0,10417.0,10399.0,10505.0,,10417.06,,,46075,481125245.0,17689,F1,1,,,,,
2026-09-30,2026-09-30,CM,NSE,STK,2794,INE611A01016,RSWM,EQ,,,,,RSWM LIMITED,210.25,215.5,207.0,208.6,207.01,212.37,,208.59,,,45977,9664740.7,1433,F1,1,,,,,
2026-09-30,2026-09-30,CM,NSE,STK,1153,INE159A01016,GLAXO,EQ,,,,,GLAXOSMITHKLINE PHARMA LT,2783.8,2813.6,2752.1,2769.3,2780.1,2783.8,,2769.29,,,45801,127141263.4,10225,F1,1,,,,,
2026-09-30,2026-09-30,CM,NSE,STK,3972,INE162C01024,PARASPETRO,EQ,,,,,PARAS PETROFILS LTD.,2.09,2.12,2.04,2.07,2.09,2.07,,2.07,,,45657,94929.96,182,F1,1,,,,,
2026-09-30,2026-09-30,CM,NSE,STK,22477,INE02H701025,NOVAAGRI,EQ,,,,,NOVA AGRITECH LIMITED,22.5,22.85,22.1,22.43,22.8,22.28,,22.41,,,45494,1023565.16,411,F1,1,,,,,
2026-09-30,2026-09-30,CM,NSE,STK,634,INE188B01013,IGARASHI,EQ,,,,,IGARASHI MOTORS INDIA LTD,414.5,418.5,401.0,403.4,408.8,411.55,,403.43,,,45397,18462779.05,1977,F1,1,,,,,
2026-09-30,2026-09-30,CM,NSE,STK,7016,INE788J01021,SHIVALIK,EQ,,,,,SHIVALIK RASAYAN LIMITED,414.8,423.0,400.0,403.45,406.0,411.35,,403.41,,,45380,18541557.15,2342,F1,1,,,,,
2026-09-30,2026-09-30,CM,NSE,STK,30835,INE600A01035,PILITA,EQ,,,,,PIL ITALICA LIFESTYLE LTD,7.7,7.7,7.17,7.52,7.63,7.34,,7.52,,,45283,334831.66,163,F1,1,,,,,
2026-09-30,2026-09-30,CM,NSE,STK,762603,INE525F01025,BLIL,EQ,,,,,BALMER LAWRIE INVSTS. L,65.17,65.78,64.91,65.23,65.25,64.91,,65.24,,,45185,2955627.54,1347,F1,1,,,,,
2026-09-30,2026-09-30,CM,NSE,STK,24145,INE03DD01011,RETAIL,EQ,,,,,JHS SVENDGAARD RETAIL V L,31.76,31.76,31.76,31.76,31.76,28.88,,31.76,,,45112,1432757.12,98,F1,1,,,,,
2026-09-30,2026-09-30,CM,NSE,STK,760891,INE0OFM01015,DSFCL,EQ,,,,,DCM SHRIRAM FINE CHEM LTD,29.17,29.8,28.19,28.94,28.68,29.1,,28.85,,,45090,1310849.31,384,F1,1,,,,,
2026-09-30,2026-09-30,CM,NSE,STK,17364,INE410B01037,VINATIORGA,EQ,,,,,VINATI ORGANICS LTD,1182.0,1192.8,1165.0,1168.3,1173.9,1174.3,,1168.35,,,45076,52952551.1,6155,F1,1,,,,,
2026-09-30,2026-09-30,CM,NSE,STK,958,INE042A01014,ESCORTS,EQ,,,,,ESCORTS KUBOTA LIMITED,2705.0,2743.4,2700.1,2715.2,2725.0,2706.2,,2715.28,,,45053,122454929.8,8429,F1,1,,,,,
2026-09-30,2026-09-30,CM,NSE,STK,20556,INE922K01024,INDIASHLTR,EQ,,,,,INDIA SHELTER FIN CORP L,639.75,645.8,630.75,635.6,635.3,639.75,,635.6,,,44998,28598554.1,3181,F1,1,,,,,
2026-09-30,2026-09-30,CM,NSE,STK,2535,INE179A01014,PGHH,EQ,,,,,P&G HYGIENE & HEALTH CARE,6904.0,6956.5,6782.0,6798.5,6811.0,6871.5,,6798.56,,,44984,307115332.5,10926,F1,1,,,,,
2026-09-30,2026-09-30,CM,NSE,STK,29487,INE149O01018,NIBE,EQ,,,,,NIBE LIMITED,1251.0,1262.1,1230.5,1236.4,1240.8,1238.5,,1236.57,,,44693,55589832.9,3007,F1,1,,,,,
2026-09-30,2026-09-30,CM,NSE,STK,5206,INE449C01025,ANDREWYU,EQ,,,,,ANDREW YULE & CO. LTD.,25.85,27.9,25.85,26.02,26.0,25.84,,26.0,,,44656,1172660.16,415,F1,1,,,,,
2026-09-30,2026-09-30,CM,NSE,STK,761037,INE016Q01014,CEINSYS,EQ,,,,,CEINSYS TECH LIMITED,676.15,690.0,666.0,666.85,666.1,681.85,,666.95,,,44612,30039261.9,3116,F1,1,,,,,
2026-09-30,2026-09-30,CM,NSE,STK,11394,INE358U01012,ZOTA,EQ,,,,,ZOTA HEALTH CARE LIMITED,1309.4,1331.7,1276.0,1294.7,1305.0,1300.2,,1294.7,,,44545,57707259.5,4168,F1,1,,,,,
2026-09-30,2026-09-30,CM,NSE,STK,11909,INE409B01013,SWELECTES,EQ,,,,,SWELECT ENERGY SYS LTD,586.95,616.65,580.0,597.9,592.0,582.65,,597.86,,,44503,26829318.05,2879,F1,1,,,,,
2026-09-30,2026-09-30,CM,NSE,STK,6286,INE255D01024,GULPOLY,EQ,,,,,GULSHAN POLYOLS LIMITED,164.03,168.99,164.03,165.86,167.8,165.15,,165.87,,,44432,7395116.02,2136,F1,1,,,,,
2026-09-30,2026-09-30,CM,NSE,STK,30134,INE0I0M01023,PRABHA,EQ,,,,,PRABHA ENERGY LIMITED,226.0,229.8,220.15,222.03,220.15,224.41,,222.05,,,44247,9988364.32,1321,F1,1,,,,,
2026-09-30,2026-09-30,CM,NSE,STK,17598,INE073G01016,ASALCBR,EQ,,,,,ASSO ALCOHOLS & BREW LTD,634.6,636.45,615.1,615.45,615.15,634.6,,615.45,,,44141,27421075.2,3632,F1,1,,,,,
2026-09-30,2026-09-30,CM,NSE,STK,10285,INE193B01039,AYMSYNTEX,EQ,,,,,AYM SYNTEX LIMITED,292.35,300.25,290.05,292.15,295.75,285.95,,292.14,,,44125,13041257.05,1639,F1,1,,,,,
2026-09-30,2026-09-30,CM,NSE,STK,10578,INE943D01017,MPSLTD,EQ,,,,,MPS LIMITED,2648.0,2796.0,2622.1,2699.0,2695.0,2634.7,,2699.07,,,44086,120108170.7,7894,F1,1,,,,,
2026-09-30,2026-09-30,CM,NSE,STK,201,INE961D01019,UNIDT,EQ,,,,,UNITED DRILLING TOOLS LTD,231.0,236.0,220.5,222.06,223.4,229.83,,222.06,,,43999,9932214.83,1513,F1,1,,,,,
2026-09-30,2026-09-30,CM,NSE,STK,760125,INE0HF201011,FABTECH,EQ,,,,,FABTECH TECHNOLOGIES LTD,147.47,148.99,143.95,145.04,145.0,147.47,,145.04,,,43962,6382091.77,722,F1,1,,,,,
2026-09-30,2026-09-30,CM,NSE,STK,4594,INE720A01015,KOTHARIPET,EQ,,,,,KOTHARI PETROCHEM LTD,130.51,132.39,129.0,129.43,130.3,128.97,,129.43,,,43927,5724777.03,769,F1,1,,,,,
2026-09-30,2026-09-30,CM,NSE,STK,758952,INF754K01VV4,ELM250,EQ,,,,,EDELAMC - ELM250,15.7,15.99,15.55,15.77,15.8,15.7,,15.77,,,43903,693415.41,230,F1,1,,,,,
2026-09-30,2026-09-30,CM,NSE,STK,764980,INE359B01010,VEDAVAAG,EQ,,,,,VEDAVAAG SYSTEMS LTD.,22.06,22.96,21.81,22.24,22.4,22.06,,22.27,,,43880,980085.36,2041,F1,1,,,,,
2026-09-30,2026-09-30,CM,NSE,STK,742,INE757A01017,COSMOFIRST,EQ,,,,,COSMO FIRST LIMITED,856.0,875.75,837.5,845.6,845.0,834.8,,845.58,,,43706,37524853.05,3073,F1,1,,,,,
2026-09-30,2026-09-30,CM,NSE,STK,13111,INE569C01020,ORIENTCER,EQ,,,,,ORIENT CERATECH LIMITED,46.39,46.6,44.5,44.9,44.99,45.6,,44.91,,,43434,1979072.85,1217,F1,1,,,,,
2026-09-30,2026-09-30,CM,NSE,STK,21017,INE360L01017,FMNL,EQ,,,,,FUTURE MKT NETWORKS LTD,7.97,8.36,7.97,8.35,8.28,7.97,,8.36,,,43409,356099.45,137,F1,1,,,,,
2026-09-30,2026-09-30,CM,NSE,STK,14828,INE100D01014,WSI,EQ,,,,,W.S.INDUSTRIES (I) LTD.,55.62,56.55,53.98,54.04,54.0,55.62,,54.04,,,43225,2363735.51,497,F1,1,,,,,
2026-09-30,2026-09-30,CM,NSE,STK,11689,INE399C01030,SUPRAJIT,EQ,,,,,SUPRAJIT ENGINEERING LTD,495.0,495.0,479.0,481.2,479.8,492.1,,481.21,,,43215,20896126.6,4276,F1,1,,,,,
2026-09-30,2026-09-30,CM,NSE,STK,31468,INE142K01011,AURUS,EQ,,,,,AURUS GEM CORP LIMITED,4.77,4.77,4.36,4.43,4.62,4.57,,4.43,,,43033,198504.64,268,F1,1,,,,,
2026-09-30,2026-09-30,CM,NSE,STK,15199,INE015D01022,MANAKSIA,EQ,,,,,MANAKSIA LTD.,61.0,62.7,59.11,59.99,59.63,61.66,,60.02,,,43003,2612171.84,816,F1,1,,,,,
2026-09-30,2026-09-30,CM,NSE,STK,14466,INE884B01025,KIRLFER,EQ,,,,,KIRLOSKAR FERROUS IND LTD,474.4,481.7,468.3,470.0,470.35,474.4,,470.03,,,42951,20256540.85,2625,F1,1,,,,,
2026-09-30,2026-09-30,CM,NSE,STK,23512,INE555Z01020,TARACHAND,EQ,,,,,TARA CHAND INFRA SOLN LTD,48.0,48.0,46.53,47.72,48.0,47.27,,47.72,,,42702,2023839.79,1784,F1,1,,,,,
2026-09-30,2026-09-30,CM,NSE,STK,7456,INF740KA1ZF3,MIDQ50ADD,EQ,,,,,DSPAMC - DSPQ50ETF,23.78,24.14,23.57,23.6,23.57,23.78,,23.6,,,42607,1009393.38,183,F1,1,,,,,
2026-09-30,2026-09-30,CM,NSE,STK,10825,INF247L01BE5,MOVALUE,EQ,,,,,MOTILALAMC - MOVALUE,107.09,110.98,107.01,108.15,107.36,107.9,,108.16,,,42580,4616546.56,600,F1,1,,,,,
2026-09-30,2026-09-30,CM,NSE,STK,29872,INF666M01JV1,GROWWN200,EQ,,,,,GROWWAMC - GROWWN200,10.61,10.84,10.6,10.68,10.73,10.61,,10.68,,,42510,455664.04,203,F1,1,,,,,
2026-09-30,2026-09-30,CM,NSE,STK,759752,INE0L0L01012,MODIS,EQ,,,,,MODIS NAVNIRMAN LTD,369.5,373.0,366.25,372.35,372.9,367.15,,372.35,,,42478,15795883.75,524,F1,1,,,,,
2026-09-30,2026-09-30,CM,NSE,STK,11817,INE584F01014,MANGALAM,EQ,,,,,MANGALAM DRUG & CHEM LTD,31.39,31.93,29.51,30.74,30.8,31.39,,30.74,,,42421,1293667.36,595,F1,1,,,,,
2026-09-30,2026-09-30,CM,NSE,STK,7851,INE246B01019,RAMCOSYS,EQ,,,,,RAMCO SYSTEMS LTD.,556.0,572.3,552.2,554.6,555.6,553.7,,554.6,,,42408,23805677.1,2353,F1,1,,,,,
2026-09-30,2026-09-30,CM,NSE,STK,13451,INE703B01027,RATNAMANI,EQ,,,,,RATNAMANI MET & TUB LTD.,2822.5,2833.0,2715.1,2725.5,2719.7,2833.3,,2725.42,,,42223,116533065.1,8347,F1,1,,,,,
2026-09-30,2026-09-30,CM,NSE,STK,30121,INF769K01OA1,EQUAL200,EQ,,,,,MIRAEAMC - EQUAL200,13.19,13.19,13.09,13.1,13.11,13.13,,13.1,,,42187,553496.72,55,F1,1,,,,,
2026-09-30,2026-09-30,CM,NSE,STK,759239,INE734I01027,FINKURVE,EQ,,,,,FINKURVE FINANCIAL SERV L,69.9,71.2,67.45,67.92,68.0,69.37,,68.02,,,42160,2894341.86,971,F1,1,,,,,
2026-09-30,2026-09-30,CM,NSE,STK,23402,INE0R6Z01013,SRM,EQ,,,,,SRM CONTRACTORS LIMITED,413.0,416.9,400.75,404.4,401.0,408.25,,404.4,,,42098,17217032.95,2242,F1,1,,,,,
2026-09-30,2026-09-30,CM,NSE,STK,13421,INE296H01011,EMKAY,EQ,,,,,EMKAY GLOBAL FIN SERV LTD,284.7,289.05,277.05,278.2,277.1,282.6,,278.19,,,41969,11848192.35,1301,F1,1,,,,,
2026-09-30,2026-09-30,CM,NSE,STK,764628,INE320I01017,BRAHMINFRA,EQ,,,,,BRAHMAPUTRA INFRA L,158.2,159.0,146.15,148.08,147.15,149.26,,148.16,,,41533,6291768.65,603,F1,1,,,,,
2026-09-30,2026-09-30,CM,NSE,STK,759079,INE0VOV01021,DEVX,EQ,,,,,DEV ACCELERATOR LIMITED,36.12,36.56,35.71,36.07,36.0,36.12,,36.07,,,41456,1498218.49,229,F1,1,,,,,
2026-09-30,2026-09-30,CM,NSE,STK,13441,INE083D01012,BALPHARMA,EQ,,,,,BAL PHARMA LTD.,112.44,113.38,109.0,109.53,109.58,112.11,,109.53,,,41420,4596323.56,1090,F1,1,,,,,
2026-09-30,2026-09-30,CM,NSE,STK,11705,INE692G01013,XCHANGING,EQ,,,,,XCHANGING SOLUTIONS LTD,61.2,61.89,60.05,61.24,61.89,60.22,,61.22,,,41413,2517830.85,622,F1,1,,,,,
2026-09-30,2026-09-30,CM,NSE,STK,29624,INE274Y01021,AJAXENGG,EQ,,,,,AJAX ENGINEERING LIMITED,591.65,597.0,586.0,587.0,589.0,591.65,,587.0,,,41369,24446071.0,3471,F1,1,,,,,
2026-09-30,2026-09-30,CM,NSE,STK,3607,INE279A01012,UNIVCABLES,EQ,,,,,UNIVERSAL CABLES LTD,1470.0,1484.0,1433.3,1443.0,1435.0,1468.4,,1443.01,,,41248,60130232.4,4380,F1,1,,,,,
2026-09-30,2026-09-30,CM,NSE,STK,25262,INE0RWQ01014,TOLINS,EQ,,,,,TOLINS TYRES LIMITED,86.15,88.49,85.01,85.86,85.35,86.21,,85.88,,,41099,3561969.06,1021,F1,1,,,,,
2026-09-30,2026-09-30,CM,NSE,STK,762346,INE655V01019,RMC,EQ,,,,,RMC SWITCHGEARS LIMITED,213.77,223.19,207.96,209.58,209.0,210.37,,209.69,,,40748,8724380.51,1764,F1,1,,,,,
2026-09-30,2026-09-30,CM,NSE,STK,8477,INE01P501012,XELPMOC,EQ,,,,,XELPMOC DESIGN & TECH LTD,88.0,88.0,79.0,80.24,79.51,85.53,,80.25,,,40713,3374770.78,819,F1,1,,,,,
2026-09-30,2026-09-30,CM,NSE,STK,764945,INE692C01020,TANAA,EQ,,,,,TANEJA AEROSPACE & AVIA L,334.0,355.0,332.5,338.55,338.0,335.0,,338.51,,,40704,14018166.0,1705,F1,1,,,,,
2026-09-30,2026-09-30,CM,NSE,STK,2614,INE694N01015,HERANBA,EQ,,,,,HERANBA INDUSTRIES LTD,178.57,183.44,176.0,176.53,176.1,178.57,,176.54,,,40668,7288630.62,1731,F1,1,,,,,
2026-09-30,2026-09-30,CM,NSE,STK,154,INE116A01032,APCOTEXIND,EQ,,,,,APCOTEX INDUSTRIES LIMITE,600.0,607.4,592.0,595.6,597.6,595.45,,595.57,,,40627,24398623.65,2567,F1,1,,,,,
2026-09-30,2026-09-30,CM,NSE,STK,7919,INE319B01014,BYKE,EQ,,,,,THE BYKE HOSPITALITY LTD,29.5,29.87,29.0,29.12,29.08,28.93,,29.16,,,40573,1183006.24,266,F1,1,,,,,
2026-09-30,2026-09-30,CM,NSE,STK,22347,INE155Z01011,MACPOWER,EQ,,,,,MACPOWER CNC MACHINES LTD,2165.5,2183.6,2080.0,2096.0,2102.1,2128.1,,2096.0,,,40395,86416628.8,5452,F1,1,,,,,
2026-09-30,2026-09-30,CM,NSE,STK,10457,INE034S01021,ARVSMART,EQ,,,,,ARVIND SMARTSPACES LTD,615.8,615.8,596.65,601.75,600.0,609.7,,601.77,,,40388,24432500.35,1881,F1,1,,,,,
2026-09-30,2026-09-30,CM,NSE,STK,8119,INE425Y01011,RPSGVENT,EQ,,,,,RPSG VENTURES LIMITED,837.05,873.9,835.0,850.5,848.75,833.85,,850.3,,,40383,34438857.4,2417,F1,1,,,,,
2026-09-30,2026-09-30,CM,NSE,STK,20760,INE324L01013,RPPINFRA,EQ,,,,,R.P.P INFRA PROJECTS LTD,50.2,52.28,50.2,51.49,51.25,50.8,,51.49,,,40361,2081688.0,575,F1,1,,,,,
2026-09-30,2026-09-30,CM,NSE,STK,14101,INE034D01049,PTL,EQ,,,,,PTL ENTERPRISES LTD,38.25,38.5,37.6,37.87,37.8,38.2,,37.87,,,40263,1531764.5,1089,F1,1,,,,,
2026-09-30,2026-09-30,CM,NSE,STK,16192,INE07S101038,PAVNAIND,EQ,,,,,PAVNA INDUSTRIES LIMITED,15.34,16.1,15.34,15.46,15.42,15.77,,15.46,,,40169,626407.52,310,F1,1,,,,,
2026-09-30,2026-09-30,CM,NSE,STK,17851,INE250K01012,DLINKINDIA,EQ,,,,,D-LINK INDIA LTD,417.05,421.45,410.0,411.85,410.05,414.2,,411.87,,,40130,16668593.85,2645,F1,1,,,,,
2026-09-30,2026-09-30,CM,NSE,STK,305,INE118A01012,BAJAJHLDNG,EQ,,,,,BAJAJ HOLDINGS & INVS LTD,10686.0,10805.0,10655.0,10788.0,10788.0,10600.0,,10788.0,,,40117,430913453.0,11919,F1,1,,,,,
2026-09-30,2026-09-30,CM,NSE,STK,2643,INE182A01018,PFIZER,EQ,,,,,PFIZER LTD,3916.0,3933.8,3833.5,3875.3,3875.0,3912.9,,3875.31,,,39848,154188160.6,9514,F1,1,,,,,
2026-09-30,2026-09-30,CM,NSE,STK,13771,INE273D01027,VGL,EQ,,,,,VARVEE GLOBAL LIMITED,63.5,66.28,63.5,64.05,64.0,64.73,,64.07,,,39842,2565066.7,343,F1,1,,,,,
2026-09-30,2026-09-30,CM,NSE,STK,20321,INE274V01019,SHANKARA,EQ,,,,,SHANKARA BLDG PRODUCT LTD,133.9,133.9,125.0,126.48,126.97,127.47,,126.52,,,39804,5106562.98,880,F1,1,,,,,
2026-09-30,2026-09-30,CM,NSE,STK,13671,INE378D01032,MADHUCON,EQ,,,,,MADHUCON PROJECTS LTD.,4.1,4.25,3.91,4.19,4.25,4.05,,4.19,,,39757,165454.31,124,F1,1,,,,,
2026-09-30,2026-09-30,CM,NSE,STK,2912,INE046A01015,RIIL,EQ,,,,,RELIANCE INDUSTRIAL INFRA,676.0,687.45,673.0,677.35,673.1,677.05,,677.35,,,39546,26882887.6,1948,F1,1,,,,,
2026-09-30,2026-09-30,CM,NSE,STK,6944,INE845D01014,GANECOS,EQ,,,,,GANESHA ECOSPHERE LIMITED,1010.0,1029.4,993.3,1000.6,1004.0,1010.6,,1000.54,,,39514,39990804.0,3666,F1,1,,,,,
2026-09-30,2026-09-30,CM,NSE,STK,1168,INE075D01018,GMBREW,EQ,,,,,G M BREWERIES LTD,962.95,981.0,960.0,966.95,966.0,962.95,,966.99,,,39378,38157742.0,3205,F1,1,,,,,
2026-09-30,2026-09-30,CM,NSE,STK,25996,INF754K01TF1,EMULTIMQ,EQ,,,,,EDELAMC - EMULTIMQ,40.2,41.4,40.01,40.11,40.75,40.45,,40.11,,,39253,1580262.94,214,F1,1,,,,,
2026-09-30,2026-09-30,CM,NSE,STK,778,INE055C01020,KEEPLEARN,EQ,,,,,DSJ KEEP LEARNING LTD,1.84,1.89,1.82,1.85,1.85,1.84,,1.85,,,39242,72212.57,54,F1,1,,,,,
2026-09-30,2026-09-30,CM,NSE,STK,6713,INE893J01029,MOLDTKPAC,EQ,,,,,MOLD-TEK PACKAGING LTD,643.0,668.25,643.0,660.6,662.5,642.95,,660.71,,,39184,25916479.7,2564,F1,1,,,,,
2026-09-30,2026-09-30,CM,NSE,STK,5938,INE950M01013,MONTECARLO,EQ,,,,,MONTE CARLO FASHIONS LTD.,517.95,535.0,517.95,527.45,527.0,516.75,,527.42,,,39094,20602404.7,2407,F1,1,,,,,
2026-09-30,2026-09-30,CM,NSE,STK,13920,INE083C01022,PLASTIBLEN,EQ,,,,,PLASTIBLENDS INDIA LTD,205.85,207.0,199.23,200.29,200.89,204.5,,200.24,,,39036,7906262.28,1169,F1,1,,,,,
2026-09-30,2026-09-30,CM,NSE,STK,8968,INE00EV01017,HARIOMPIPE,EQ,,,,,HARIOM PIPE INDUSTRIES L,345.1,349.8,340.1,340.95,340.1,345.1,,340.96,,,38845,13371959.95,1940,F1,1,,,,,
2026-09-30,2026-09-30,CM,NSE,STK,11782,INE128A01029,EVEREADY,EQ,,,,,EVEREADY INDS. IND.  LTD.,318.9,325.0,318.9,323.2,323.0,318.9,,323.2,,,38598,12450477.25,1319,F1,1,,,,,
2026-09-30,2026-09-30,CM,NSE,STK,2687,INE633B01018,POLYPLEX,EQ,,,,,POLYPLEX CORPORATION LTD,1066.6,1117.5,1050.0,1055.0,1061.2,1061.3,,1055.02,,,38586,41322005.1,3342,F1,1,,,,,
2026-09-30,2026-09-30,CM,NSE,STK,761056,INE0B9A01018,BONLON,EQ,,,,,BONLON INDUSTRIES LIMITED,41.0,41.9,38.01,40.21,40.56,40.16,,40.23,,,38309,1558903.28,523,F1,1,,,,,
2026-09-30,2026-09-30,CM,NSE,STK,18118,INE085J01014,THANGAMAYL,EQ,,,,,THANGAMAYIL JEWELLERY LTD,5210.5,5240.0,5050.0,5062.0,5075.0,5204.5,,5062.07,,,38301,196369329.5,11129,F1,1,,,,,
2026-09-30,2026-09-30,CM,NSE,STK,760415,INF769K01PZ5,TOP20,EQ,,,,,MIRAEAMC - TOP20,8.41,8.44,8.35,8.37,8.38,8.39,,8.37,,,38255,321666.56,150,F1,1,,,,,
2026-09-30,2026-09-30,CM,NSE,STK,11427,INE155G01029,NDTV,EQ,,,,,NDTV LTD,70.0,70.2,68.16,69.14,68.21,69.06,,69.12,,,38185,2653586.34,887,F1,1,,,,,
2026-09-30,2026-09-30,CM,NSE,STK,2048,INE09VQ01012,INDIGOPNTS,EQ,,,,,INDIGO PAINTS LIMITED,1078.9,1104.2,1072.0,1091.0,1082.3,1078.9,,1091.04,,,37864,41190089.0,8429,F1,1,,,,,
2026-09-30,2026-09-30,CM,NSE,STK,8163,INE020801028,SPENCERS,EQ,,,,,SPENCER S RETAIL LIMITED,27.4,27.59,26.5,26.71,26.58,27.4,,26.69,,,37693,1017725.63,721,F1,1,,,,,
2026-09-30,2026-09-30,CM,NSE,STK,22440,INF789F1AUV1,BANKBETA,EQ,,,,,UTIAMC-BANKBETA,56.38,57.2,56.36,57.02,57.2,56.25,,57.02,,,37577,2126435.1,311,F1,1,,,,,
2026-09-30,2026-09-30,CM,NSE,STK,763572,INF666M01OT5,PVTBKGROWW,EQ,,,,,GROWWAMC - PVTBKGROWW,26.73,27.0,26.56,26.88,26.89,26.47,,26.88,,,37421,1001775.68,58,F1,1,,,,,
2026-09-30,2026-09-30,CM,NSE,STK,530,INE110A01019,BPL,EQ,,,,,BPL LTD,46.78,46.85,45.32,45.59,45.35,46.5,,45.59,,,37403,1716882.25,852,F1,1,,,,,
2026-09-30,2026-09-30,CM,NSE,STK,5382,INE071N01016,EPIGRAL,EQ,,,,,EPIGRAL LIMITED,1024.0,1030.0,1011.0,1012.5,1011.1,1018.1,,1012.55,,,37182,37798455.2,2838,F1,1,,,,,
2026-09-30,2026-09-30,CM,NSE,STK,10530,INE597I01028,SHARDAMOTR,EQ,,,,,SHARDA MOTOR INDS LTD,964.75,986.85,953.05,956.95,957.0,971.25,,957.04,,,37174,36031344.5,5609,F1,1,,,,,
2026-09-30,2026-09-30,CM,NSE,STK,10925,INE233A01035,GODREJIND,EQ,,,,,GODREJ INDUSTRIES LTD,1048.0,1069.0,1036.0,1039.4,1038.7,1055.7,,1039.33,,,37170,38954324.8,7771,F1,1,,,,,
2026-09-30,2026-09-30,CM,NSE,STK,206,INE440A01010,ASHIMASYN,EQ,,,,,ASHIMA LTD,16.15,16.2,15.91,15.98,15.95,16.08,,15.98,,,37084,594060.13,225,F1,1,,,,,
2026-09-30,2026-09-30,CM,NSE,STK,14086,INE204A01010,IGPL,EQ,,,,,I G PETROCHEMICALS LTD,586.6,594.9,577.0,579.75,577.0,584.3,,579.74,,,37036,21701355.6,1576,F1,1,,,,,
2026-09-30,2026-09-30,CM,NSE,STK,9354,INE586B01026,TAJGVK,EQ,,,,,TAJ GVK HOTELS & RESORTS,316.55,327.7,314.8,320.2,319.8,316.55,,320.2,,,36962,11844861.75,1950,F1,1,,,,,
2026-09-30,2026-09-30,CM,NSE,STK,757,INE007A01025,CRISIL,EQ,,,,,CRISIL LTD,4464.8,4519.0,4416.0,4450.8,4424.7,4464.1,,4450.84,,,36918,164571561.1,9154,F1,1,,,,,
2026-09-30,2026-09-30,CM,NSE,STK,7376,INE0GSL01024,HPAL,EQ,,,,,HP ADHESIVES LIMITED,34.2,35.58,33.36,33.83,33.73,34.44,,33.83,,,36913,1257151.6,770,F1,1,,,,,
2026-09-30,2026-09-30,CM,NSE,STK,25203,INE0S2G01011,BALAJEE,EQ,,,,,SHREE TIRUPATI BALAJEE L,24.67,26.44,24.67,25.2,25.0,25.43,,25.2,,,36875,932345.57,447,F1,1,,,,,
2026-09-30,2026-09-30,CM,NSE,STK,5401,INE236Y01012,NGIL,EQ,,,,,NAKODA GROUP OF IND. LTD,41.0,41.98,39.07,39.11,39.11,39.72,,39.2,,,36513,1456317.18,109,F1,1,,,,,
2026-09-30,2026-09-30,CM,NSE,STK,764285,INF666M01PH7,CEMNTGROWW,EQ,,,,,GROWWAMC - CEMNTGROWW,13.89,13.97,13.75,13.86,13.86,13.72,,13.86,,,36281,502216.61,272,F1,1,,,,,
2026-09-30,2026-09-30,CM,NSE,STK,18962,INE451D01029,RAJRATAN,EQ,,,,,RAJRATAN GLOBAL WIRE LTD,465.0,470.75,458.5,461.6,458.8,466.15,,461.64,,,36265,16791999.4,4301,F1,1,,,,,
2026-09-30,2026-09-30,CM,NSE,STK,1576,INE322A01010,GILLETTE,EQ,,,,,GILLETTE INDIA LTD,6965.0,7055.0,6956.0,7000.0,6993.0,6963.5,,6999.91,,,36059,252574041.5,6872,F1,1,,,,,
2026-09-30,2026-09-30,CM,NSE,STK,14134,INE450D01021,PITTIENG,EQ,,,,,PITTI ENGINEERING LIMITED,1132.0,1154.8,1131.3,1139.5,1142.8,1131.4,,1139.53,,,35903,40988076.6,4456,F1,1,,,,,
2026-09-30,2026-09-30,CM,NSE,STK,764845,INE035S01028,POEL,EQ,,,,,P O C L ENTERPRISES LTD.,139.89,144.86,136.15,137.42,137.5,139.89,,137.29,,,35690,4975006.24,1690,F1,1,,,,,
2026-09-30,2026-09-30,CM,NSE,STK,764683,INE194R01017,FREDUN,EQ,,,,,FREDUN PHARMACEUTICALS L,1403.0,1447.4,1398.9,1404.5,1405.0,1392.4,,1404.68,,,35676,50608125.9,2924,F1,1,,,,,
2026-09-30,2026-09-30,CM,NSE,STK,18252,INE212I01016,SPAL,EQ,,,,,S. P. APPARELS LIMITED,940.0,970.0,940.0,964.6,969.0,935.8,,964.6,,,35667,34251938.4,3575,F1,1,,,,,
2026-09-30,2026-09-30,CM,NSE,STK,765553,INE0DRI01029,ESDS,EQ,,,,,ESDS SOFTWARE SOLUTION L,1509.5,1509.5,1509.5,1509.5,1509.5,1588.9,,1508.22,,,35560,53677820.0,2414,F1,1,,,,,
2026-09-30,2026-09-30,CM,NSE,STK,14871,INE0N0Y01013,USK,EQ,,,,,UDAYSHIVAKUMAR INFRA LTD,20.3,20.3,18.3,19.14,19.1,19.57,,19.14,,,35344,673464.66,405,F1,1,,,,,
2026-09-30,2026-09-30,CM,NSE,STK,25060,INE06HJ01020,ECOSMOBLTY,EQ,,,,,ECOS (INDIA) MOB & HOSP L,106.58,107.01,104.1,104.73,104.4,105.07,,104.74,,,35333,3724723.2,1029,F1,1,,,,,
2026-09-30,2026-09-30,CM,NSE,STK,25503,INE250Z01010,INDOUS,EQ,,,,,INDO US BIOTECH LTD,79.5,81.98,75.51,78.22,78.35,77.42,,78.21,,,35025,2797279.4,117,F1,1,,,,,
2026-09-30,2026-09-30,CM,NSE,STK,3586,INE514Y01020,MOKSH,EQ,,,,,MOKSH ORNAMENTS LIMITED,9.55,9.83,9.45,9.51,9.8,9.6,,9.51,,,34960,335892.83,251,F1,1,,,,,
2026-09-30,2026-09-30,CM,NSE,STK,24403,INE365D01021,ASHIANA,EQ,,,,,ASHIANA HOUSING LTD,389.3,397.95,382.95,386.0,385.15,390.55,,386.03,,,34947,13637597.5,1610,F1,1,,,,,
2026-09-30,2026-09-30,CM,NSE,STK,14599,INE0JSX01015,GSLSU,EQ,,,,,GLOBAL SURFACES LIMITED,31.87,31.87,30.26,31.0,30.9,30.74,,31.0,,,34789,1071824.21,730,F1,1,,,,,
2026-09-30,2026-09-30,CM,NSE,STK,15716,INE557Z01018,PIGL,EQ,,,,,POWER INSTRUMENT (G) LTD,96.7,98.71,95.5,96.34,96.0,96.92,,96.34,,,34714,3364191.67,1451,F1,1,,,,,
2026-09-30,2026-09-30,CM,NSE,STK,765065,INE595R01023,EASTWEST,EQ,,,,,EAST WEST FREIGHT CARRI L,2.27,2.36,2.25,2.33,2.36,2.27,,2.33,,,34577,79797.06,150,F1,1,,,,,
2026-09-30,2026-09-30,CM,NSE,STK,759998,INF754K01VX0,ENIFTY,EQ,,,,,EDELAMC - ENIFTY,23.42,23.97,22.85,22.9,22.94,24.03,,22.9,,,34486,798243.19,214,F1,1,,,,,
2026-09-30,2026-09-30,CM,NSE,STK,24909,INE00M901018,INTERARCH,EQ,,,,,INTERARCH BLDNG SOLTN LTD,1705.9,1713.5,1670.0,1673.4,1676.0,1690.2,,1673.36,,,34454,57984735.5,3722,F1,1,,,,,
2026-09-30,2026-09-30,CM,NSE,STK,6462,INF209KB11D8,TECH,EQ,,,,,BIRLASLAMC - TECH,31.8,31.8,30.05,30.53,30.46,31.29,,30.53,,,34421,1051554.08,225,F1,1,,,,,
2026-09-30,2026-09-30,CM,NSE,STK,15124,INE094I01018,KOLTEPATIL,EQ,,,,,KOLTE PATIL DEV. LTD.,430.2,431.9,423.75,424.85,425.9,427.05,,424.78,,,34307,14672804.5,2518,F1,1,,,,,
2026-09-30,2026-09-30,CM,NSE,STK,4911,INE414A01015,MADRASFERT,EQ,,,,,MADRAS FERTILISERS LTD,58.5,59.69,58.5,58.77,58.65,58.55,,58.78,,,34224,2020272.56,880,F1,1,,,,,
2026-09-30,2026-09-30,CM,NSE,STK,761720,INE875B01015,NIMBSPROJ,EQ,,,,,NIMBUS PROJECTS LIMITED,192.08,198.3,184.42,192.19,192.07,194.12,,192.23,,,34060,6480835.24,510,F1,1,,,,,
2026-09-30,2026-09-30,CM,NSE,STK,21683,INE727S01012,BRNL,EQ,,,,,BHARAT ROAD NETWORK LTD,16.15,16.9,15.67,15.84,15.8,16.45,,15.87,,,34022,557981.98,265,F1,1,,,,,
2026-09-30,2026-09-30,CM,NSE,STK,759488,INF174KA1XS6,MOMENTUM30,EQ,,,,,KOTAKMAMC - MOMENTUM30,29.86,29.86,29.52,29.66,29.65,29.86,,29.66,,,33859,1005016.01,213,F1,1,,,,,
2026-09-30,2026-09-30,CM,NSE,STK,13890,INE835D01023,HIRECT,EQ,,,,,HIRECT LIMITED,1171.4,1189.0,1136.9,1147.2,1149.9,1171.4,,1147.27,,,33683,39128477.1,3405,F1,1,,,,,
2026-09-30,2026-09-30,CM,NSE,STK,19292,INE482B01010,TERASOFT,EQ,,,,,TERA SOFTWARE LIMITED,210.0,215.95,204.0,207.2,204.95,209.25,,207.2,,,33412,6956576.55,1870,F1,1,,,,,
2026-09-30,2026-09-30,CM,NSE,STK,760657,INE0ALI01010,ADVAIT,EQ,,,,,ADVAIT ENRGY TRANSITION L,1915.2,1935.2,1863.4,1901.8,1874.0,1903.6,,1901.39,,,33345,63047592.2,5847,F1,1,,,,,
2026-09-30,2026-09-30,CM,NSE,STK,14607,INE797H01018,TGBHOTELS,EQ,,,,,TGB BANQUETS&HOTELS LTD,9.48,10.24,9.1,9.6,9.6,9.13,,9.6,,,33333,313873.64,195,F1,1,,,,,
2026-09-30,2026-09-30,CM,NSE,STK,16795,INE877I01016,ARCHIDPLY,EQ,,,,,ARCHIDPLY IND. LTD,101.11,104.99,99.52,103.5,103.51,101.98,,103.5,,,33170,3399347.32,286,F1,1,,,,,
2026-09-30,2026-09-30,CM,NSE,STK,7457,INE293B01029,HAVISHA,EQ,,,,,SRI HAVISHA HOSP & INFR L,1.36,1.39,1.32,1.34,1.34,1.32,,1.33,,,33131,44811.96,76,F1,1,,,,,
2026-09-30,2026-09-30,CM,NSE,STK,11471,INE369A01029,EXCELINDUS,EQ,,,,,EXCEL INDUSTRIES LTD,925.3,957.7,925.3,945.2,948.0,924.8,,945.21,,,33101,31233700.0,1727,F1,1,,,,,
2026-09-30,2026-09-30,CM,NSE,STK,759057,INE13B501022,SAATVIKGL,EQ,,,,,SAATVIK GREEN ENERGY LTD,415.5,421.6,410.0,413.55,417.05,414.5,,413.54,,,33023,13740051.05,2054,F1,1,,,,,
2026-09-30,2026-09-30,CM,NSE,STK,1720,INE364A01020,JAYSREETEA,EQ,,,,,JAYSHREE TEA & INDUSTRIES,86.25,89.55,85.01,85.74,85.25,85.75,,85.86,,,32813,2823309.51,881,F1,1,,,,,
2026-09-30,2026-09-30,CM,NSE,STK,4130,INE277C01012,REGENCERAM,EQ,,,,,REGENCY CERAMICS LTD.,33.4,34.1,31.11,32.38,32.1,32.51,,32.4,,,32772,1072835.7,284,F1,1,,,,,
2026-09-30,2026-09-30,CM,NSE,STK,3099,INE232A01011,SHREDIGCEM,EQ,,,,,SHREE DIGVIJAY CEM CO LTD,66.99,67.19,65.5,65.92,65.55,66.41,,65.94,,,32697,2166103.5,804,F1,1,,,,,
2026-09-30,2026-09-30,CM,NSE,STK,27171,INE704B01017,RACLGEAR,EQ,,,,,RACL GEARTECH LIMITED,1581.4,1616.8,1570.2,1594.8,1575.0,1588.6,,1594.75,,,32646,52052689.6,5650,F1,1,,,,,
2026-09-30,2026-09-30,CM,NSE,STK,24730,INE642C01025,RUBFILA,EQ,,,,,RUBFILA INTERNATIONAL LTD,64.3,64.64,62.8,63.05,63.5,63.85,,63.02,,,32520,2061058.57,482,F1,1,,,,,
2026-09-30,2026-09-30,CM,NSE,STK,19597,INE07U701015,IRMENERGY,EQ,,,,,IRM ENERGY LIMITED,263.25,272.1,263.25,264.45,265.2,267.25,,264.43,,,32502,8666914.95,1447,F1,1,,,,,
2026-09-30,2026-09-30,CM,NSE,STK,20223,INE201M01029,CLEDUCATE,EQ,,,,,CL EDUCATE LIMITED,55.96,58.2,55.0,57.01,57.0,55.43,,57.01,,,31888,1804687.29,183,F1,1,,,,,
2026-09-30,2026-09-30,CM,NSE,STK,4487,INE150B01039,ALKYLAMINE,EQ,,,,,ALKYL AMINES CHEM. LTD,1781.3,1818.8,1751.3,1761.7,1767.1,1781.3,,1761.7,,,31646,56043809.3,8382,F1,1,,,,,
2026-09-30,2026-09-30,CM,NSE,STK,759381,INE296Q01012,MONEYBOXX,EQ,,,,,MONEYBOXX FINANCE LIMITED,53.39,53.39,50.1,52.28,52.06,51.08,,52.26,,,31574,1640379.08,312,F1,1,,,,,
2026-09-30,2026-09-30,CM,NSE,STK,11457,INF174KA1ZE1,NV20,EQ,,,,,KOTAKMAMC - KTKNV20ETF,13.32,13.35,13.16,13.18,13.21,13.26,,13.18,,,31506,415896.14,276,F1,1,,,,,
2026-09-30,2026-09-30,CM,NSE,STK,758448,INE0GV601021,ALLTIME,EQ,,,,,ALL TIME PLASTICS LIMITED,193.9,197.85,192.15,194.0,193.5,193.18,,194.0,,,31339,6090122.31,1062,F1,1,,,,,
2026-09-30,2026-09-30,CM,NSE,STK,3757,INE398A01010,VENKEYS,EQ,,,,,VENKY S (INDIA) LIMITED,1639.9,1649.3,1571.1,1588.1,1583.0,1633.0,,1588.36,,,31231,50219879.4,3701,F1,1,,,,,
2026-09-30,2026-09-30,CM,NSE,STK,17263,INE109C01017,ARMANFIN,EQ,,,,,ARMAN FIN SERV LTD,1711.4,1756.7,1707.1,1744.2,1752.1,1711.4,,1743.81,,,31160,54176871.4,3980,F1,1,,,,,
2026-09-30,2026-09-30,CM,NSE,STK,764855,INE005C01017,RTSPOWR,EQ,,,,,R T S POWER CORPN. LTD.,118.18,121.8,107.2,109.87,110.98,118.18,,110.35,,,31060,3487799.57,778,F1,1,,,,,
2026-09-30,2026-09-30,CM,NSE,STK,15049,INE306C01019,ENERGYDEV,EQ,,,,,ENERGY DEVE. CO.LTD,14.48,14.98,14.1,14.39,14.57,14.6,,14.43,,,30784,442900.0,412,F1,1,,,,,
2026-09-30,2026-09-30,CM,NSE,STK,11082,INE908V01012,LIBAS,EQ,,,,,LIBAS CONSU PRODUCTS LTD,11.63,12.05,11.42,11.87,11.88,11.98,,11.87,,,30725,360730.26,235,F1,1,,,,,
2026-09-30,2026-09-30,CM,NSE,STK,7679,INE903D01011,MONARCH,EQ,,,,,MONARCH NETWORTH CAP LTD,339.15,349.2,336.0,337.85,337.0,343.05,,337.85,,,30720,10454378.4,1044,F1,1,,,,,
2026-09-30,2026-09-30,CM,NSE,STK,761364,INF740KA1YH2,BANK10ADD,EQ,,,,,DSPAMC - BANK10ADD,16.12,16.37,16.09,16.27,16.31,16.11,,16.27,,,30632,497228.03,75,F1,1,,,,,
2026-09-30,2026-09-30,CM,NSE,STK,3186,INE640A01023,SKFINDIA,EQ,,,,,SKF INDIA LTD,1513.0,1524.6,1500.3,1509.9,1509.0,1514.0,,1509.9,,,30500,46076416.3,4361,F1,1,,,,,
2026-09-30,2026-09-30,CM,NSE,STK,2181,INE323A01026,BOSCHLTD,EQ,,,,,BOSCH LIMITED,45960.0,47545.0,45960.0,47100.0,47100.0,45700.0,,47100.0,,,30394,1431814960.0,14514,F1,1,,,,,
2026-09-30,2026-09-30,CM,NSE,STK,9553,INE00F201020,PRUDENT,EQ,,,,,PRUDENT CORP ADV SER LTD,3105.7,3150.0,3084.2,3129.2,3100.0,3098.7,,3128.48,,,30361,94362292.0,3020,F1,1,,,,,
2026-09-30,2026-09-30,CM,NSE,STK,758572,INE0V3U01015,GLOBECIVIL,EQ,,,,,GLOBE CIVIL PROJECTS LTD,41.23,43.45,41.23,41.53,41.5,42.06,,41.53,,,30345,1276957.35,861,F1,1,,,,,
2026-09-30,2026-09-30,CM,NSE,STK,1994,INE557B01019,LIBERTSHOE,EQ,,,,,LIBERTY SHOES LTD,229.0,229.0,220.46,221.01,221.75,225.54,,221.0,,,30337,6784755.28,1149,F1,1,,,,,
2026-09-30,2026-09-30,CM,NSE,STK,30290,INF200KB1712,SBIBPB,EQ,,,,,SBIAMC - SBIBPB,46.76,47.23,46.64,46.76,46.95,46.66,,46.78,,,30253,1421395.95,418,F1,1,,,,,
2026-09-30,2026-09-30,CM,NSE,STK,1289,INE538A01037,GFLLIMITED,EQ,,,,,GFL LIMITED,56.85,56.85,54.51,54.94,54.61,55.7,,54.95,,,29988,1672004.8,987,F1,1,,,,,
2026-09-30,2026-09-30,CM,NSE,STK,15017,INE215I01027,MAANALU,EQ,,,,,MAAN ALUMINIUM LIMITED,102.63,102.63,99.81,100.17,100.95,100.62,,100.17,,,29710,2989417.11,681,F1,1,,,,,
2026-09-30,2026-09-30,CM,NSE,STK,14223,INE545H01011,TIIL,EQ,,,,,TECHNOCRAFT IND LTD,2950.0,2985.1,2862.3,2900.9,2900.0,2926.4,,2901.5,,,29702,87247452.6,6007,F1,1,,,,,
2026-09-30,2026-09-30,CM,NSE,STK,28687,INE0TO701015,MAMATA,EQ,,,,,MAMATA MACHINERY LIMITED,406.0,412.15,396.0,398.8,396.0,399.5,,398.81,,,29583,11891323.85,1636,F1,1,,,,,
2026-09-30,2026-09-30,CM,NSE,STK,18659,INE182D01020,MARATHON,EQ,,,,,MARATHON NXTGEN REALT LTD,385.15,394.4,384.15,389.15,386.45,384.9,,389.15,,,29572,11505389.25,1191,F1,1,,,,,
2026-09-30,2026-09-30,CM,NSE,STK,25235,INE547B01028,XTGLOBAL,EQ,,,,,XTGLOBAL INFOTECH LIMITED,30.29,30.29,28.8,29.19,29.0,29.43,,29.38,,,29401,858419.34,177,F1,1,,,,,
2026-09-30,2026-09-30,CM,NSE,STK,14043,INE453D01025,SARLAPOLY,EQ,,,,,SARLA PERF. FIBERS LTD,96.86,99.23,93.5,93.96,93.5,95.67,,93.96,,,28986,2771655.38,632,F1,1,,,,,
2026-09-30,2026-09-30,CM,NSE,STK,10859,INE0JS101016,DREAMFOLKS,EQ,,,,,DREAMFOLKS SERVICES LTD,62.19,62.89,61.5,61.66,61.5,61.91,,61.66,,,28888,1796099.58,880,F1,1,,,,,
2026-09-30,2026-09-30,CM,NSE,STK,2307,INE577A01027,MUNJALSHOW,EQ,,,,,MUNJAL SHOWA LTD,126.0,127.75,125.0,126.44,125.52,126.32,,126.43,,,28696,3628344.27,544,F1,1,,,,,
2026-09-30,2026-09-30,CM,NSE,STK,5606,INE575C01027,INTLCONV,EQ,,,,,INTL CONVEYORS LIMITED,78.6,81.09,78.4,80.01,80.0,80.0,,80.01,,,28672,2295659.53,308,F1,1,,,,,
2026-09-30,2026-09-30,CM,NSE,STK,757545,INE103V01028,TRAVELFOOD,EQ,,,,,TRAVEL FOOD SERVICES LTD,1196.6,1208.3,1184.0,1200.3,1200.0,1196.6,,1200.25,,,28635,34254264.5,3909,F1,1,,,,,
2026-09-30,2026-09-30,CM,NSE,STK,18422,INE363A01022,ASIANHOTNR,EQ,,,,,ASIAN HOTELS (NORTH) LTD,365.0,369.0,339.3,354.8,347.05,361.35,,354.74,,,28570,9952731.1,1149,F1,1,,,,,
2026-09-30,2026-09-30,CM,NSE,STK,1627,INE473A01011,LINDEINDIA,EQ,,,,,LINDE INDIA LIMITED,6241.0,6366.0,6180.5,6323.0,6350.0,6199.5,,6323.17,,,28491,179214665.0,10972,F1,1,,,,,
2026-09-30,2026-09-30,CM,NSE,STK,13859,INE411B01019,VENUSREM,EQ,,,,,VENUS REMEDIES LIMITED,1738.9,1796.1,1730.0,1796.1,1796.1,1710.6,,1796.14,,,28419,50801105.3,877,F1,1,,,,,
2026-09-30,2026-09-30,CM,NSE,STK,11407,INE445C01015,XPROINDIA,EQ,,,,,XPRO INDIA LIMITED,1170.0,1181.9,1145.5,1161.9,1173.1,1160.4,,1161.92,,,28334,33095327.1,3248,F1,1,,,,,
2026-09-30,2026-09-30,CM,NSE,STK,761494,INE00SW01015,BCPL,EQ,,,,,BCPL RAILWAY INFRA LTD,67.8,71.9,65.4,68.86,68.74,68.12,,68.84,,,28331,1975189.64,444,F1,1,,,,,
2026-09-30,2026-09-30,CM,NSE,STK,10932,INE874F01027,RADAAN,EQ,,,,,RADAAN MEDIAWORKS (I) LTD,2.96,3.07,2.91,3.0,3.02,2.96,,2.99,,,28286,84846.49,93,F1,1,,,,,
2026-09-30,2026-09-30,CM,NSE,STK,762802,INE200D01020,MMWL,EQ,,,,,MEDIA MATRIX WORLDWIDE L,14.82,14.82,14.02,14.82,14.82,14.12,,14.91,,,28234,417483.14,104,F1,1,,,,,
2026-09-30,2026-09-30,CM,NSE,STK,1597,INE177A01018,INGERRAND,EQ,,,,,INGERSOLL-RAND INDIA LTD,4195.0,4237.3,4077.0,4144.0,4187.7,4195.0,,4143.99,,,28231,116606797.4,7570,F1,1,,,,,
2026-09-30,2026-09-30,CM,NSE,STK,762929,INE524T01029,TAALTECH,EQ,,,,,TAAL TECH LTD.,1053.6,1057.9,990.1,1001.0,1000.0,1044.4,,1001.21,,,28224,28696356.8,3223,F1,1,,,,,
2026-09-30,2026-09-30,CM,NSE,STK,28764,INE037Z01029,CEWATER,EQ,,,,,CONCORD ENVIRO SYSTEMS L,259.25,267.4,257.05,259.6,259.7,259.6,,259.58,,,28177,7352577.6,1759,F1,1,,,,,
2026-09-30,2026-09-30,CM,NSE,STK,25082,INE040M01013,TREEHOUSE,EQ,,,,,TREE HOUSE EDU LTD,5.81,5.99,5.72,5.78,5.9,5.81,,5.78,,,28154,164026.68,83,F1,1,,,,,
2026-09-30,2026-09-30,CM,NSE,STK,761511,INF769K01QV2,VALUE,EQ,,,,,MIRAEAMC - VALUE,15.45,15.51,15.32,15.33,15.37,15.4,,15.33,,,28104,431727.39,84,F1,1,,,,,
2026-09-30,2026-09-30,CM,NSE,STK,3834,INE838B01021,BHARATRAS,EQ,,,,,BHARAT RASAYAN LTD,1008.1,1030.0,998.5,1003.9,1000.1,1005.7,,1003.91,,,28003,28259861.7,2769,F1,1,,,,,
2026-09-30,2026-09-30,CM,NSE,STK,759397,INE880Y01017,SOLEX,EQ,,,,,SOLEX ENERGY LIMITED,694.7,704.7,675.05,678.85,675.05,688.55,,678.88,,,27975,19167230.9,2170,F1,1,,,,,
2026-09-30,2026-09-30,CM,NSE,STK,22595,INF179KC1HW4,HDFCPSUBK,EQ,,,,,HDFCAMC HDFCPSUBK,81.41,82.23,81.2,81.57,81.78,81.41,,81.58,,,27800,2272161.4,153,F1,1,,,,,
2026-09-30,2026-09-30,CM,NSE,STK,270,INE03YM01018,CHEMCON,EQ,,,,,CHEMCON SPECIAL CHEM LTD,212.1,221.37,212.1,217.28,218.7,213.81,,217.34,,,27761,6043170.34,847,F1,1,,,,,
2026-09-30,2026-09-30,CM,NSE,STK,4184,INE495C01010,SANGAMIND,EQ,,,,,SANGAM (INDIA) LTD,642.35,650.55,619.85,626.9,622.4,645.55,,627.21,,,27711,17597370.05,1844,F1,1,,,,,
2026-09-30,2026-09-30,CM,NSE,STK,759256,INE965W01036,BMWVENTLTD,EQ,,,,,BMW VENTURES LIMITED,51.13,51.89,51.12,51.5,51.5,51.49,,51.5,,,27684,1423657.32,480,F1,1,,,,,
2026-09-30,2026-09-30,CM,NSE,STK,764203,INE536P01021,CPL,EQ,,,,,CAPTAIN POLYPLAST LIMITED,61.69,64.07,61.69,63.27,63.95,62.16,,63.27,,,27672,1749827.53,1396,F1,1,,,,,
2026-09-30,2026-09-30,CM,NSE,STK,763530,INF740KA1ZA4,FMCGADD,EQ,,,,,DSPAMC - FMCGADD,45.23,45.3,44.75,44.79,44.91,45.19,,44.79,,,27390,1231719.66,234,F1,1,,,,,
2026-09-30,2026-09-30,CM,NSE,STK,22930,INE0PT501018,PLATIND,EQ,,,,,PLATINUM INDUSTRIES LTD,207.02,210.89,205.41,206.85,207.7,205.7,,206.86,,,27227,5635866.09,822,F1,1,,,,,
2026-09-30,2026-09-30,CM,NSE,STK,11640,INE802W01023,BOHRAIND,EQ,,,,,BOHRA INDUSTRIES LIMITED,15.03,15.76,14.8,15.51,15.66,15.01,,15.51,,,26872,413442.48,78,F1,1,,,,,
2026-09-30,2026-09-30,CM,NSE,STK,766227,INE00U801010,PARIN,EQ,,,,,PARIN ENTERPRISES LIMITED,724.95,724.95,702.6,710.9,715.2,720.35,,710.9,,,26781,19008105.9,1952,F1,1,,,,,
2026-09-30,2026-09-30,CM,NSE,STK,1826,INE967C01018,KAMATHOTEL,EQ,,,,,KAMAT HOTELS (I) LTD,237.0,240.29,235.0,237.2,238.5,236.71,,237.2,,,26647,6324247.23,1059,F1,1,,,,,
2026-09-30,2026-09-30,CM,NSE,STK,11813,INE498B01024,SHOPERSTOP,EQ,,,,,SHOPPERS STOP LIMITED,410.0,426.0,410.0,415.0,415.0,418.95,,415.01,,,26629,11081142.6,1725,F1,1,,,,,
2026-09-30,2026-09-30,CM,NSE,STK,7627,INE879A01019,SHREERAMA,EQ,,,,,SHREE RAMA MULTI TECH LTD,43.22,45.4,43.22,43.73,43.65,43.71,,43.73,,,26435,1164948.18,334,F1,1,,,,,
2026-09-30,2026-09-30,CM,NSE,STK,759969,INE111F01024,PAUSHAKLTD,EQ,,,,,PAUSHAK LIMITED,672.5,680.9,651.2,665.25,658.6,668.3,,665.2,,,26250,17525344.0,1979,F1,1,,,,,
2026-09-30,2026-09-30,CM,NSE,STK,762568,INE177C01022,BATLIBOI,EQ,,,,,BATLIBOI LTD.,85.85,86.9,82.58,82.95,82.77,85.24,,83.06,,,26225,2205536.6,1046,F1,1,,,,,
2026-09-30,2026-09-30,CM,NSE,STK,757669,INF247L01FR8,MOALPHA50,EQ,,,,,MOTILALAMC - MOALPHA50,54.29,54.4,53.5,53.77,54.0,54.9,,53.77,,,26182,1411664.64,156,F1,1,,,,,
2026-09-30,2026-09-30,CM,NSE,STK,7979,INF769K01IB1,MAKEINDIA,EQ,,,,,MIRAEAMC - MAMFGETF,158.1,159.06,157.29,157.7,157.58,158.6,,157.69,,,26088,4128066.5,476,F1,1,,,,,
2026-09-30,2026-09-30,CM,NSE,STK,15391,INE084Q01012,RACE,EQ,,,,,RACE ECO CHAIN LIMITED,124.0,124.0,118.0,118.02,118.0,119.85,,118.03,,,26073,3115734.74,484,F1,1,,,,,
2026-09-30,2026-09-30,CM,NSE,STK,9378,INE615R01029,TRU,EQ,,,,,TRUCAP FINANCE LIMITED,4.02,4.16,4.02,4.1,4.16,4.06,,4.1,,,25979,106128.48,83,F1,1,,,,,
2026-09-30,2026-09-30,CM,NSE,STK,13126,INE461B01014,REPRO,EQ,,,,,REPRO INDIA LIMITED,320.0,327.95,311.0,318.6,316.0,317.05,,318.58,,,25861,8280782.35,1039,F1,1,,,,,
2026-09-30,2026-09-30,CM,NSE,STK,1530,INE323C01030,INDIANHUME,EQ,,,,,INDIAN HUME PIPE CO. LTD.,352.15,362.8,350.3,352.8,350.3,355.8,,352.79,,,25759,9239818.25,1298,F1,1,,,,,
2026-09-30,2026-09-30,CM,NSE,STK,762864,INE951M01037,RRIL,EQ,,,,,R R I L LTD.,15.3,15.71,15.17,15.36,15.21,15.48,,15.36,,,25713,396405.92,102,F1,1,,,,,
2026-09-30,2026-09-30,CM,NSE,STK,762899,INE402H01015,SHBAJRG,EQ,,,,,SHRI BAJRANG ALLIANCE L,168.0,171.9,157.11,159.79,159.23,169.16,,159.81,,,25638,4171478.64,281,F1,1,,,,,
2026-09-30,2026-09-30,CM,NSE,STK,3002,INE066O01014,WONDERLA,EQ,,,,,WONDERLA HOLIDAYS LTD.,498.0,506.4,498.0,500.3,500.0,501.45,,500.3,,,25602,12844055.8,1697,F1,1,,,,,
2026-09-30,2026-09-30,CM,NSE,STK,15039,INE739E01017,CERA,EQ,,,,,CERA SANITARYWARE LTD,5125.0,5199.5,5037.0,5088.0,5184.0,5124.5,,5090.27,,,25540,130962222.5,5626,F1,1,,,,,
2026-09-30,2026-09-30,CM,NSE,STK,757817,INF247L01FQ0,MOMIDMTM,EQ,,,,,MOTILALAMC - MOMIDMTM,61.99,62.55,61.7,61.77,61.72,61.96,,61.77,,,25538,1581655.01,268,F1,1,,,,,
2026-09-30,2026-09-30,CM,NSE,STK,18863,INE188Y01031,VERTOZ,EQ,,,,,VERTOZ LIMITED,35.64,36.1,35.25,35.59,35.5,35.64,,35.59,,,25530,912502.74,334,F1,1,,,,,
2026-09-30,2026-09-30,CM,NSE,STK,764990,INE467D01017,VIRAT,EQ,,,,,VIRAT INDUSTRIES LTD.,364.95,374.2,333.0,339.2,333.0,340.2,,339.12,,,25393,8989785.55,1562,F1,1,,,,,
2026-09-30,2026-09-30,CM,NSE,STK,14339,INE460C01014,GANESHHOU,EQ,,,,,GANESH HOUSING LIMITED,712.55,722.3,711.75,719.0,719.0,706.65,,718.83,,,25145,18028567.6,1319,F1,1,,,,,
2026-09-30,2026-09-30,CM,NSE,STK,27754,INE403Y01018,INNOVANA,EQ,,,,,INNOVANA THINKLABS LTD,296.1,296.1,286.05,292.55,287.5,291.5,,292.75,,,25036,7312045.2,578,F1,1,,,,,
2026-09-30,2026-09-30,CM,NSE,STK,15409,INE317F01035,NESCO,EQ,,,,,NESCO LTD.,1035.0,1054.2,1035.0,1046.9,1050.7,1040.5,,1046.78,,,24923,26094453.4,3537,F1,1,,,,,
2026-09-30,2026-09-30,CM,NSE,STK,641,INE016M01021,DNAMEDIA,EQ,,,,,DILIGENT MEDIA CORP LTD.,2.43,2.48,2.42,2.44,2.44,2.41,,2.44,,,24871,60355.93,71,F1,1,,,,,
2026-09-30,2026-09-30,CM,NSE,STK,619,INE485A01015,CENTENKA,EQ,,,,,CENTURY ENKA LTD,552.0,569.3,551.55,554.6,554.1,549.5,,554.45,,,24863,13950580.3,2242,F1,1,,,,,
2026-09-30,2026-09-30,CM,NSE,STK,31138,INE453B01029,COMPUSOFT,EQ,,,,,COMPUCOM SOFTWARE LTD,13.66,14.0,13.41,13.48,13.51,13.36,,13.52,,,24794,339006.35,196,F1,1,,,,,
2026-09-30,2026-09-30,CM,NSE,STK,380,INE050A01025,BBTC,EQ,,,,,BOMBAY BURMAH TRADING COR,1362.4,1378.8,1350.0,1357.4,1354.7,1355.0,,1357.61,,,24685,33741549.1,3174,F1,1,,,,,
2026-09-30,2026-09-30,CM,NSE,STK,764428,INF740KA1ZH9,MIDBANKADD,EQ,,,,,DSPAMC - MIDBANKADD,16.46,16.53,16.42,16.5,16.5,16.46,,16.5,,,24656,406014.41,21,F1,1,,,,,
2026-09-30,2026-09-30,CM,NSE,STK,11374,INE0LQS01015,TIPSFILMS,EQ,,,,,TIPS FILMS LIMITED,348.95,348.95,306.35,318.25,319.5,339.55,,318.31,,,24583,7849248.8,1490,F1,1,,,,,
2026-09-30,2026-09-30,CM,NSE,STK,756020,INE015C01016,TINNARUBR,EQ,,,,,TINNA RUBBER AND INFR LTD,954.0,977.55,941.5,952.1,945.0,955.2,,952.17,,,24523,23554711.0,2698,F1,1,,,,,
2026-09-30,2026-09-30,CM,NSE,STK,3744,INE686Y01026,FINEORG,EQ,,,,,FINE ORGANIC IND. LTD.,5140.5,5165.0,5092.5,5124.5,5133.0,5140.0,,5124.49,,,24136,123602441.5,6586,F1,1,,,,,
2026-09-30,2026-09-30,CM,NSE,STK,9007,INE234A01025,NOVARTIND,EQ,,,,,NOVARTIS INDIA LIMITED,1924.1,2030.7,1910.0,1919.0,1915.0,1924.1,,1919.72,,,24059,47248593.8,3591,F1,1,,,,,
2026-09-30,2026-09-30,CM,NSE,STK,760254,INE02ZQ01018,CORONA,EQ,,,,,CORONA REMEDIES LIMITED,2085.0,2111.8,2062.1,2093.4,2100.0,2078.4,,2093.42,,,23940,50048955.1,5553,F1,1,,,,,
2026-09-30,2026-09-30,CM,NSE,STK,18431,INE412U01025,BIGBLOC,EQ,,,,,BIGBLOC CONSTRUCTION LTD,39.77,40.0,38.8,39.79,39.95,38.64,,39.76,,,23838,944438.53,491,F1,1,,,,,
2026-09-30,2026-09-30,CM,NSE,STK,5020,INE308E01029,SVPGLOB,EQ,,,,,SVP GLOBAL TEXTILES LTD,3.16,3.3,3.0,3.13,3.04,3.15,,3.13,,,23663,72275.39,94,F1,1,,,,,
2026-09-30,2026-09-30,CM,NSE,STK,14490,INE732C01016,NCLIND,EQ,,,,,NCL INDUSTRIES LIMITED,177.37,177.37,173.02,174.18,174.16,176.86,,174.18,,,23631,4122647.51,1426,F1,1,,,,,
2026-09-30,2026-09-30,CM,NSE,STK,4775,INE891B01012,DCMFINSERV,EQ,,,,,DCM FINANCIAL SERVICES LT,4.93,5.15,4.85,5.07,5.09,4.93,,5.07,,,23478,118243.48,250,F1,1,,,,,
2026-09-30,2026-09-30,CM,NSE,STK,15067,INE0N7W01012,BLAL,EQ,,,,,BEML LAND ASSETS LIMITED,162.38,163.09,159.01,160.26,160.08,163.65,,160.27,,,23426,3768986.29,667,F1,1,,,,,
2026-09-30,2026-09-30,CM,NSE,STK,2112,INE882A01013,MARALOVER,EQ,,,,,MARAL OVERSEAS LTD,61.5,61.74,57.0,60.31,59.71,61.09,,60.32,,,23420,1393607.79,391,F1,1,,,,,
2026-09-30,2026-09-30,CM,NSE,STK,25855,INE692Z01013,AFFORDABLE,EQ,,,,,AFFORD ROBO & AUTO LTD,176.2,176.85,168.0,171.1,171.99,173.52,,171.1,,,23394,4051176.63,586,F1,1,,,,,
2026-09-30,2026-09-30,CM,NSE,STK,21195,INE869I01013,GTPL,EQ,,,,,GTPL HATHWAY LIMITED,54.12,55.48,54.0,54.86,54.5,54.11,,54.87,,,23329,1274826.62,499,F1,1,,,,,
2026-09-30,2026-09-30,CM,NSE,STK,436,INE133Y01011,IFGLEXPOR,EQ,,,,,IFGL REFRACTORIES LIMITED,190.0,198.39,190.0,191.45,190.61,189.61,,191.46,,,23250,4508736.07,1319,F1,1,,,,,
2026-09-30,2026-09-30,CM,NSE,STK,14278,INE607D01018,ORIENTBELL,EQ,,,,,ORIENT BELL LIMITED,404.9,408.25,396.05,398.55,402.5,402.6,,398.55,,,23214,9380610.5,1234,F1,1,,,,,
2026-09-30,2026-09-30,CM,NSE,STK,8159,INE296C01020,FIBERWEB,EQ,,,,,FIBERWEB INDIA LIMITED,27.99,27.99,26.58,27.41,27.03,26.79,,27.41,,,23194,635130.43,148,F1,1,,,,,
2026-09-30,2026-09-30,CM,NSE,STK,9750,INE04TZ01018,ETHOSLTD,EQ,,,,,ETHOS LIMITED,2489.9,2555.0,2484.4,2537.2,2544.9,2489.8,,2537.26,,,22966,57956261.8,6567,F1,1,,,,,
2026-09-30,2026-09-30,CM,NSE,STK,27161,INE704H01022,CINELINE,EQ,,,,,CINELINE INDIA LIMITED,89.44,89.5,85.35,86.96,86.51,88.13,,87.08,,,22839,2001900.63,438,F1,1,,,,,
2026-09-30,2026-09-30,CM,NSE,STK,765025,INE822B01017,ASIANTNE,EQ,,,,,ASIAN TEA & EXPORTS LTD.,9.02,9.43,8.75,9.22,9.22,9.02,,9.22,,,22821,210767.92,71,F1,1,,,,,
2026-09-30,2026-09-30,CM,NSE,STK,1073,INE519A01011,FOSECOIND,EQ,,,,,FOSECO INDIA LTD,6359.5,6640.0,6339.5,6462.5,6420.0,6335.0,,6463.12,,,22698,147445574.5,5857,F1,1,,,,,
2026-09-30,2026-09-30,CM,NSE,STK,9897,INE645W01026,AIRAN,EQ,,,,,AIRAN LIMITED,16.4,16.85,16.06,16.18,16.24,16.4,,16.18,,,22565,369413.54,240,F1,1,,,,,
2026-09-30,2026-09-30,CM,NSE,STK,13536,INE632C01026,VIDHIING,EQ,,,,,VIDHI SPCLTY F INGRDNTS L,359.9,364.8,346.05,357.6,355.7,359.4,,357.44,,,22528,8034109.25,1137,F1,1,,,,,
2026-09-30,2026-09-30,CM,NSE,STK,25690,INE417B01040,DSSL,EQ,,,,,DYNACONS SYS & SOLN LTD,1023.5,1023.5,981.1,983.2,985.0,993.0,,983.25,,,22519,22289130.2,2109,F1,1,,,,,
2026-09-30,2026-09-30,CM,NSE,STK,764405,INF247L01HH5,MOOILGAS,EQ,,,,,MOTILALAMC - MOOILGAS,10.72,11.17,10.41,10.67,10.67,10.72,,10.67,,,22490,240876.67,85,F1,1,,,,,
2026-09-30,2026-09-30,CM,NSE,STK,21252,INF846K01W98,NIFTYAXIS,EQ,,,,,AXISAMC-NIFTYAXIS,250.0,255.99,250.0,251.36,255.99,252.45,,251.36,,,22464,5665856.65,204,F1,1,,,,,
2026-09-30,2026-09-30,CM,NSE,STK,14068,INE229C01021,SAGCEM,EQ,,,,,SAGAR CEMENTS LIMITED,146.15,150.28,146.15,148.64,148.01,147.45,,148.63,,,22428,3339025.18,652,F1,1,,,,,
2026-09-30,2026-09-30,CM,NSE,STK,19142,INE240C01028,UMESLTD,EQ,,,,,USHA MARTIN EDU & SOL LTD,4.69,4.69,4.15,4.49,4.5,4.41,,4.49,,,22388,99717.74,134,F1,1,,,,,
2026-09-30,2026-09-30,CM,NSE,STK,9046,INE740V01019,AGROPHOS,EQ,,,,,AGRO PHOS INDIA LIMITED,23.81,24.11,23.1,23.48,23.95,23.96,,23.48,,,22366,527587.58,189,F1,1,,,,,
2026-09-30,2026-09-30,CM,NSE,STK,4822,INE021O01019,DODLA,EQ,,,,,DODLA DAIRY LIMITED,1001.3,1032.9,1001.3,1019.4,1006.0,1011.1,,1019.38,,,22246,22690028.5,2630,F1,1,,,,,
2026-09-30,2026-09-30,CM,NSE,STK,489,INE520Y01019,ICEMAKE,EQ,,,,,ICE MAKE REFRIGERAT LTD,634.0,641.45,623.0,629.55,633.85,634.0,,629.55,,,21934,13831549.25,1883,F1,1,,,,,
2026-09-30,2026-09-30,CM,NSE,STK,18250,INE0MIS01010,PYRAMID,EQ,,,,,PYRAMID TECHNOPLAST LTD,156.54,162.9,154.98,156.01,155.21,156.54,,156.01,,,21871,3417849.35,552,F1,1,,,,,
2026-09-30,2026-09-30,CM,NSE,STK,24409,INE435G01025,DHANUKA,EQ,,,,,DHANUKA AGRITECH LTD,931.0,940.75,925.1,928.35,931.0,930.55,,928.35,,,21838,20330198.9,4319,F1,1,,,,,
2026-09-30,2026-09-30,CM,NSE,STK,10661,INE838E01017,PONNIERODE,EQ,,,,,PONNIE SUGARS (ERODE) LTD,382.3,394.2,370.05,372.2,371.0,384.15,,372.2,,,21766,8229019.95,1516,F1,1,,,,,
2026-09-30,2026-09-30,CM,NSE,STK,13693,INE669A01022,INFOMEDIA,EQ,,,,,INFOMEDIA PRESS LIMITED,5.29,5.54,5.05,5.38,5.54,5.19,,5.38,,,21723,114883.58,49,F1,1,,,,,
2026-09-30,2026-09-30,CM,NSE,STK,19691,INE863T01013,JITFINFRA,EQ,,,,,JITF INFRALOGISTICS LTD,288.4,288.4,275.6,278.8,275.6,277.15,,278.81,,,21653,6061866.85,433,F1,1,,,,,
2026-09-30,2026-09-30,CM,NSE,STK,19,INE189B01011,STYRENIX,EQ,,,,,STYRENIX PERFORMANCE LTD,2001.0,2044.6,1993.4,2015.5,2009.0,2000.8,,2015.16,,,21522,43364238.7,3424,F1,1,,,,,
2026-09-30,2026-09-30,CM,NSE,STK,8998,INE398B01018,UMIYA-MRO,EQ,,,,,UMIYA BUILDCON LIMITED,94.0,95.94,92.01,93.16,93.95,94.8,,93.26,,,21344,2003531.07,224,F1,1,,,,,
2026-09-30,2026-09-30,CM,NSE,STK,15303,INE863I01016,BANG,EQ,,,,,BANG OVERSEAS LTD.,31.53,32.8,30.92,32.27,31.5,31.68,,32.27,,,21308,671050.43,265,F1,1,,,,,
2026-09-30,2026-09-30,CM,NSE,STK,24924,INE819L01012,ELGIRUBCO,EQ,,,,,ELGI RUBBER CO. LTD,52.95,54.0,52.95,53.42,53.5,52.9,,53.42,,,21168,1133972.43,594,F1,1,,,,,
2026-09-30,2026-09-30,CM,NSE,STK,17927,INE462A01022,BAYERCROP,EQ,,,,,BAYER CROPSCIENCE LTD,3615.0,3665.8,3615.0,3627.6,3620.3,3602.7,,3627.61,,,21117,76833471.3,4637,F1,1,,,,,
2026-09-30,2026-09-30,CM,NSE,STK,3103,INE070A01015,SHREECEM,EQ,,,,,SHREE CEMENT LIMITED,21900.0,22400.0,21900.0,22345.0,22345.0,21900.0,,22345.0,,,20963,465312155.0,8593,F1,1,,,,,
2026-09-30,2026-09-30,CM,NSE,STK,760673,INF666M01NP5,GROWWCHEM,EQ,,,,,GROWWAMC - GROWWCHEM,28.5,28.81,28.18,28.37,28.46,28.5,,28.37,,,20916,596627.33,217,F1,1,,,,,
2026-09-30,2026-09-30,CM,NSE,STK,7420,INE859Q01017,MANAKALUCO,EQ,,,,,MANAK ALUMINIUM CO. LTD.,34.5,35.22,34.1,34.32,34.21,34.71,,34.26,,,20753,720648.58,407,F1,1,,,,,
2026-09-30,2026-09-30,CM,NSE,STK,16682,INE596F01018,PTCIL,EQ,,,,,PTC INDUSTRIES LIMITED,22535.0,23245.0,22035.0,22190.0,22075.0,22535.0,,22190.13,,,20719,469975045.0,8645,F1,1,,,,,
2026-09-30,2026-09-30,CM,NSE,STK,480,INE340A01012,BIRLACORPN,EQ,,,,,BIRLA CORPORATION LTD,850.0,857.8,839.0,840.05,840.1,849.9,,840.06,,,20629,17386002.1,3521,F1,1,,,,,
2026-09-30,2026-09-30,CM,NSE,STK,760392,INE027T01023,RUDRA,EQ,,,,,RUDRA GLOBAL INFRA PROD L,18.39,19.15,18.0,18.77,18.9,18.03,,18.77,,,20494,378780.56,194,F1,1,,,,,
2026-09-30,2026-09-30,CM,NSE,STK,1485,INE559A01017,IFBIND,EQ,,,,,IFB INDUSTRIES LTD,1211.6,1223.8,1199.0,1201.0,1200.0,1201.0,,1201.01,,,20374,24613046.1,2381,F1,1,,,,,
2026-09-30,2026-09-30,CM,NSE,STK,23043,INE0NQ801033,RKSWAMY,EQ,,,,,R K SWAMY LIMITED,92.87,92.87,87.51,90.09,88.5,89.48,,90.06,,,20350,1816076.53,479,F1,1,,,,,
2026-09-30,2026-09-30,CM,NSE,STK,15347,INE871H01011,GSS,EQ,,,,,GSS INFOTECH LIMITED,10.97,10.97,10.18,10.37,10.21,10.25,,10.36,,,20250,211538.14,164,F1,1,,,,,
2026-09-30,2026-09-30,CM,NSE,STK,10948,INE655A01013,STCINDIA,EQ,,,,,THE STATE TRADING CORPN,108.99,112.0,108.1,109.14,109.65,106.98,,109.29,,,20049,2200359.89,592,F1,1,,,,,
2026-09-30,2026-09-30,CM,NSE,STK,445,INE618L01018,5PAISA,EQ,,,,,5PAISA CAPITAL LIMITED,304.05,309.7,302.35,305.2,305.2,304.9,,305.18,,,19885,6081317.65,1019,F1,1,,,,,
2026-09-30,2026-09-30,CM,NSE,STK,757845,INE06ST01018,INDIQUBE,EQ,,,,,INDIQUBE SPACES LIMITED,197.54,199.48,192.66,196.38,199.0,196.14,,196.38,,,19857,3897246.05,1290,F1,1,,,,,
2026-09-30,2026-09-30,CM,NSE,STK,11547,INF179KC1HU8,HDFCLOWVOL,EQ,,,,,HDFCAMC - HDFCLOWVOL,19.73,19.73,19.2,19.33,19.39,19.73,,19.33,,,19748,381902.72,153,F1,1,,,,,
2026-09-30,2026-09-30,CM,NSE,STK,762772,INE270B01035,MAFATIND,EQ,,,,,MAFATLAL INDUSTRIES LTD.,117.98,118.99,115.75,117.54,118.3,115.29,,117.59,,,19676,2313015.85,706,F1,1,,,,,
2026-09-30,2026-09-30,CM,NSE,STK,11060,INE0D6I01023,KSOLVES,EQ,,,,,KSOLVES INDIA LIMITED,247.4,251.5,245.0,248.8,248.2,247.4,,248.82,,,19655,4907210.0,1221,F1,1,,,,,
2026-09-30,2026-09-30,CM,NSE,STK,765105,INE348N01042,KDGREEN,EQ,,,,,KD GREEN INDUSTRIES LTD,49.0,49.0,46.82,47.72,48.26,48.53,,47.72,,,19545,935427.73,872,F1,1,,,,,
2026-09-30,2026-09-30,CM,NSE,STK,20086,INE521J01018,CPCAP,EQ,,,,,CP CAPITAL LIMITED,153.9,154.0,137.35,141.59,137.61,150.35,,141.56,,,19440,2828166.69,823,F1,1,,,,,
2026-09-30,2026-09-30,CM,NSE,STK,18944,INE473D01015,KINGFA,EQ,,,,,KINGFA SCI & TEC IND LTD.,6550.0,6601.0,6380.5,6482.5,6500.0,6524.5,,6482.45,,,19393,125531097.0,4884,F1,1,,,,,
2026-09-30,2026-09-30,CM,NSE,STK,11596,INE405C01035,LINCOLN,EQ,,,,,LINCOLN PHARMA LTD,590.0,593.4,584.0,585.65,584.0,584.3,,585.63,,,19291,11356446.5,1254,F1,1,,,,,
2026-09-30,2026-09-30,CM,NSE,STK,764578,INE058F01019,ALUFLUOR,EQ,,,,,ALUFLUORIDE LTD.,640.0,645.0,622.3,632.7,632.0,632.55,,632.76,,,19252,12128220.05,754,F1,1,,,,,
2026-09-30,2026-09-30,CM,NSE,STK,24190,INE225D01027,SYMPHONY,EQ,,,,,SYMPHONY LIMITED,580.15,590.0,576.1,582.45,587.0,580.4,,582.32,,,18960,11010849.25,1793,F1,1,,,,,
2026-09-30,2026-09-30,CM,NSE,STK,4299,INE334A01023,STERTOOLS,EQ,,,,,STERLING TOOLS LIMITED,221.98,229.8,215.0,218.31,216.0,221.24,,218.6,,,18805,4198958.35,725,F1,1,,,,,
2026-09-30,2026-09-30,CM,NSE,STK,805,INE498A01018,DCM,EQ,,,,,DCM LTD,75.01,77.6,73.41,74.0,74.85,75.0,,74.0,,,18795,1414602.84,204,F1,1,,,,,
2026-09-30,2026-09-30,CM,NSE,STK,764880,INE068B01017,SEKURITIND,EQ,,,,,SAINT GOBAIN SEKUR IND L,111.44,114.0,110.03,110.93,112.4,109.55,,110.91,,,18760,2100702.23,441,F1,1,,,,,
2026-09-30,2026-09-30,CM,NSE,STK,15239,INE865C01022,BIRLAMONEY,EQ,,,,,ADITYA BIRLA MONEY LTD,114.29,116.5,114.29,114.78,114.53,114.29,,114.81,,,18729,2155217.87,610,F1,1,,,,,
2026-09-30,2026-09-30,CM,NSE,STK,758748,INE0PKD01011,MEIL,EQ,,,,,MANGAL ELECTRICAL IND L,268.65,269.0,263.35,264.85,263.5,266.4,,264.86,,,18704,4975875.65,856,F1,1,,,,,
2026-09-30,2026-09-30,CM,NSE,STK,20071,INE781A01025,INTENTECH,EQ,,,,,INTENSE TECHNOLOGIES LTD,81.6,86.5,81.6,84.46,84.21,82.63,,84.39,,,18698,1573482.79,465,F1,1,,,,,
2026-09-30,2026-09-30,CM,NSE,STK,21077,INE272L01022,SURANASOL,EQ,,,,,SURANA SOLAR LIMITED,24.4,25.0,24.25,24.87,24.7,24.51,,24.87,,,18686,460748.54,269,F1,1,,,,,
2026-09-30,2026-09-30,CM,NSE,STK,17987,INE391D01019,TRF,EQ,,,,,TRF LIMITED,207.75,209.0,196.55,197.82,198.01,202.9,,197.9,,,18651,3778659.64,911,F1,1,,,,,
2026-09-30,2026-09-30,CM,NSE,STK,4136,INE829A01014,BIOFILCHEM,EQ,,,,,BIOFIL CHEM & PHARMA LTD,30.51,31.81,29.6,30.38,30.27,31.52,,30.36,,,18556,570633.93,288,F1,1,,,,,
2026-09-30,2026-09-30,CM,NSE,STK,11399,INE457F01013,SALZERELEC,EQ,,,,,SALZER ELECTRONICS LTD,535.7,546.0,530.35,536.4,531.9,535.65,,536.38,,,18504,9963343.7,1622,F1,1,,,,,
2026-09-30,2026-09-30,CM,NSE,STK,21247,INE0PSC01024,DIGIDRIVE,EQ,,,,,DIGIDRIVE DISTRIBUTORS L,17.73,17.99,17.55,17.89,17.99,17.81,,17.87,,,18503,328558.6,150,F1,1,,,,,
2026-09-30,2026-09-30,CM,NSE,STK,9862,INE082W01014,WEWIN,EQ,,,,,WE WIN LIMITED,48.5,51.5,48.5,50.81,51.0,48.1,,50.81,,,18452,921352.55,136,F1,1,,,,,
2026-09-30,2026-09-30,CM,NSE,STK,762844,INE722B01019,PRAVEG,EQ,,,,,PRAVEG LTD.,244.35,248.0,240.5,241.8,241.0,242.6,,241.94,,,18438,4497951.45,649,F1,1,,,,,
2026-09-30,2026-09-30,CM,NSE,STK,15399,INE276C01014,EIHAHOTELS,EQ,,,,,EIH ASSOCIATED HOTELS LTD,293.9,302.35,289.2,297.15,299.0,292.35,,297.23,,,18403,5459230.95,1424,F1,1,,,,,
2026-09-30,2026-09-30,CM,NSE,STK,1100,INE276A01018,GARFIBRES,EQ,,,,,GARWARE TECH FIBRES LTD,754.85,783.3,752.05,770.85,775.0,753.85,,770.9,,,18057,13920886.85,2693,F1,1,,,,,
2026-09-30,2026-09-30,CM,NSE,STK,3324,INE287B01021,SUBROS,EQ,,,,,SUBROS LIMITED,702.2,710.45,693.0,699.35,701.0,702.2,,699.39,,,18044,12685727.75,1845,F1,1,,,,,
2026-09-30,2026-09-30,CM,NSE,STK,6568,INE801V01019,LAXMICOT,EQ,,,,,LAXMI COTSPIN LIMITED,12.84,13.5,12.84,13.01,13.0,12.85,,13.01,,,18035,235590.53,117,F1,1,,,,,
2026-09-30,2026-09-30,CM,NSE,STK,14582,INE917H01012,SRHHYPOLTD,EQ,,,,,SREE RAYALSEEMA HHP LTD.,581.35,583.45,563.0,563.9,566.5,575.5,,563.81,,,17963,10241909.9,1173,F1,1,,,,,
2026-09-30,2026-09-30,CM,NSE,STK,765060,INE715T01031,DHATRE,EQ,,,,,DHATRE UDYOG LTD.,3.91,4.1,3.91,3.98,4.08,3.97,,3.97,,,17934,71542.35,89,F1,1,,,,,
2026-09-30,2026-09-30,CM,NSE,STK,14687,INE426D01013,GOACARBON,EQ,,,,,GOA CARBON LIMITED,408.85,414.45,401.3,404.95,405.85,408.85,,404.95,,,17841,7281742.9,1223,F1,1,,,,,
2026-09-30,2026-09-30,CM,NSE,STK,765977,INE0JHH01011,DOLLEX,EQ,,,,,DOLLEX AGROTECH LIMITED,40.0,40.0,37.6,38.0,38.0,38.9,,38.26,,,17634,674505.0,568,F1,1,,,,,
2026-09-30,2026-09-30,CM,NSE,STK,8266,INE728Z01015,SOFTTECH,EQ,,,,,SOFTTECH ENGINEERS LTD,522.0,522.0,492.5,493.5,492.5,502.85,,493.65,,,17609,9091186.7,342,F1,1,,,,,
2026-09-30,2026-09-30,CM,NSE,STK,16933,INE841B01017,INDBANK,EQ,,,,,INDBANK MERCH BANK,25.6,25.99,25.06,25.36,25.6,25.06,,25.36,,,17590,446678.04,377,F1,1,,,,,
2026-09-30,2026-09-30,CM,NSE,STK,2313,INE692B01014,MURUDCERA,EQ,,,,,MURUDESHWAR CERAMICS LTD,28.0,29.0,28.0,28.51,28.5,28.0,,28.59,,,17394,496702.5,209,F1,1,,,,,
2026-09-30,2026-09-30,CM,NSE,STK,20698,INE807K01035,SCHAND,EQ,,,,,S CHAND AND COMPANY LTD,143.52,148.73,143.52,148.08,148.4,147.29,,148.07,,,17383,2565334.07,470,F1,1,,,,,
2026-09-30,2026-09-30,CM,NSE,STK,761330,INE757T01025,AEPL,EQ,,,,,ARTEMIS ELECTRICALS & P L,14.26,15.58,14.26,15.18,15.18,14.72,,15.31,,,17337,255425.63,175,F1,1,,,,,
2026-09-30,2026-09-30,CM,NSE,STK,11058,INE650K01021,SECURKLOUD,EQ,,,,,SECUREKLOUD TECH LIMITED,17.05,17.16,16.45,16.61,17.0,17.06,,16.61,,,17158,287641.06,136,F1,1,,,,,
2026-09-30,2026-09-30,CM,NSE,STK,28913,INE847C01020,ROSSELLIND,EQ,,,,,ROSSELL INDIA LIMITED,51.44,51.89,50.31,50.87,51.0,51.03,,50.87,,,17079,870532.26,452,F1,1,,,,,
2026-09-30,2026-09-30,CM,NSE,STK,8083,INE491V01019,CROWN,EQ,,,,,CROWN LIFTERS LIMITED,116.8,116.99,114.59,115.27,115.4,115.73,,115.27,,,17028,1971752.99,322,F1,1,,,,,
2026-09-30,2026-09-30,CM,NSE,STK,756900,INF247L01FC0,MON50EQUAL,EQ,,,,,MOTILALAMC - MON50EQUAL,31.64,32.5,31.35,31.52,31.46,31.74,,31.52,,,16989,535258.91,146,F1,1,,,,,
2026-09-30,2026-09-30,CM,NSE,STK,14908,INE291D01011,KDDL,EQ,,,,,KDDL LIMITED,3980.0,4010.8,3857.2,3886.9,3940.9,3931.6,,3886.91,,,16959,66657636.9,5702,F1,1,,,,,
2026-09-30,2026-09-30,CM,NSE,STK,13577,INE540H01012,VOLTAMP,EQ,,,,,VOLTAMP TRANSFORMERS LTD,10601.0,10796.0,10462.0,10500.0,10490.0,10624.0,,10500.12,,,16517,174114012.0,8756,F1,1,,,,,
2026-09-30,2026-09-30,CM,NSE,STK,21392,INE347W01011,MAGADSUGAR,EQ,,,,,MAGADH SUGAR & ENERGY LTD,540.65,548.4,527.3,531.25,536.0,536.7,,531.23,,,16452,8850124.55,1467,F1,1,,,,,
2026-09-30,2026-09-30,CM,NSE,STK,18131,INE616Z01012,YASHO,EQ,,,,,YASHO INDUSTRIES LIMITED,4081.7,4098.0,3975.8,4005.4,4019.0,4061.3,,4005.33,,,16391,65957484.1,3494,F1,1,,,,,
2026-09-30,2026-09-30,CM,NSE,STK,24932,INE0URU01010,GLOBALE,EQ,,,,,GLOBALE TESSILE LIMITED,10.64,11.15,10.11,10.31,10.15,10.64,,10.31,,,16320,169202.3,48,F1,1,,,,,
2026-09-30,2026-09-30,CM,NSE,STK,18119,INE559N01010,SRGHFL,EQ,,,,,SRG HOUSING FINANCE L,135.1,144.6,135.1,136.4,135.75,138.7,,136.48,,,16267,2273148.9,244,F1,1,,,,,
2026-09-30,2026-09-30,CM,NSE,STK,1313,INE544A01019,HARRMALAYA,EQ,,,,,HARRISON MALAYALAM LTD,179.88,184.0,172.52,179.13,180.5,175.61,,179.37,,,16158,2919562.16,518,F1,1,,,,,
2026-09-30,2026-09-30,CM,NSE,STK,6951,INE802B01027,LINC,EQ,,,,,LINC LIMITED,88.84,90.78,88.12,88.63,88.35,88.84,,88.85,,,16141,1435409.95,448,F1,1,,,,,
2026-09-30,2026-09-30,CM,NSE,STK,17616,INF740KA1SY9,PSUBANKADD,EQ,,,,,DSPAMC - DSPPSBKETF,81.51,82.71,80.94,81.54,80.94,81.28,,81.48,,,15986,1307088.61,183,F1,1,,,,,
2026-09-30,2026-09-30,CM,NSE,STK,764623,INE365Y01019,BPLPHARMA,EQ,,,,,BHARAT PARENTERALS LTD.,1945.0,1948.0,1756.4,1792.8,1782.0,1926.0,,1792.86,,,15982,29664913.9,1759,F1,1,,,,,
2026-09-30,2026-09-30,CM,NSE,STK,10791,INE096B01018,NUCLEUS,EQ,,,,,NUCLEUS SOFTWARE EXPORTS,647.7,662.9,647.0,650.25,647.15,652.55,,650.27,,,15978,10445237.65,1503,F1,1,,,,,
2026-09-30,2026-09-30,CM,NSE,STK,23142,INE772T01024,PVSL,EQ,,,,,POPULAR VEHICLES N SER L,95.02,99.96,95.0,95.5,95.35,97.01,,95.5,,,15961,1524855.48,512,F1,1,,,,,
2026-09-30,2026-09-30,CM,NSE,STK,764930,INE199E01014,SUNSHIEL,EQ,,,,,SUNSHIELD CHEMICALS LTD.,1094.8,1114.6,1034.8,1054.0,1040.0,1087.5,,1053.94,,,15883,16857100.2,1251,F1,1,,,,,
2026-09-30,2026-09-30,CM,NSE,STK,34,INE045A01017,ADOR,EQ,,,,,ADOR WELDING LTD,1625.1,1625.1,1585.2,1591.8,1585.2,1612.0,,1591.77,,,15859,25428237.5,2869,F1,1,,,,,
2026-09-30,2026-09-30,CM,NSE,STK,10768,INE959C01023,OAL,EQ,,,,,ORIENTAL AROMATICS LTD,542.0,553.0,527.2,533.25,527.2,541.85,,533.13,,,15746,8517325.4,1031,F1,1,,,,,
2026-09-30,2026-09-30,CM,NSE,STK,2939,INE301D01026,RUBYMILLS,EQ,,,,,THE RUBY MILLS LTD,495.9,509.7,495.9,499.75,499.95,491.8,,499.69,,,15683,7867344.9,1039,F1,1,,,,,
2026-09-30,2026-09-30,CM,NSE,STK,13821,INE803H01014,RUCHIRA,EQ,,,,,RUCHIRA PAPERS LIMITED,104.27,106.9,102.01,103.25,102.01,104.29,,103.25,,,15631,1627629.04,417,F1,1,,,,,
2026-09-30,2026-09-30,CM,NSE,STK,3892,INE473B01035,HATSUN,EQ,,,,,HATSUN AGRO PRODUCT LTD.,1106.5,1139.5,1093.5,1099.0,1094.2,1099.7,,1099.07,,,15584,17267410.4,1747,F1,1,,,,,
2026-09-30,2026-09-30,CM,NSE,STK,14459,INE500X01013,LEXUS,EQ,,,,,LEXUS GRANITO (INDIA) LTD,11.82,12.38,11.51,11.76,11.61,11.82,,11.76,,,15553,183804.34,167,F1,1,,,,,
2026-09-30,2026-09-30,CM,NSE,STK,12219,INE263M01029,RUSTOMJEE,EQ,,,,,KEYSTONE REALTORS LIMITED,362.95,366.35,359.55,361.2,360.0,362.95,,361.26,,,15536,5623767.85,649,F1,1,,,,,
2026-09-30,2026-09-30,CM,NSE,STK,5428,INE948A01012,TRIGYN,EQ,,,,,TRIGYN TECHNOLOGIES LTD,53.8,54.44,52.5,53.1,52.7,53.03,,53.12,,,15509,833764.73,315,F1,1,,,,,
2026-09-30,2026-09-30,CM,NSE,STK,14440,INE290A01027,NAHARSPING,EQ,,,,,NAHAR SPINNING MILLS LTD.,265.95,271.7,259.2,260.05,259.2,261.75,,260.05,,,15466,4080204.95,444,F1,1,,,,,
2026-09-30,2026-09-30,CM,NSE,STK,16943,INE760Y01011,ASHOKAMET,EQ,,,,,ASHOKA METCAST LIMITED,15.0,15.68,15.0,15.18,15.3,15.15,,15.18,,,15455,234947.69,112,F1,1,,,,,
2026-09-30,2026-09-30,CM,NSE,STK,10700,INE130B01031,SURANAT&P,EQ,,,,,SURANA TELECOM AND POW LT,16.2,16.2,15.81,15.84,15.89,15.87,,15.85,,,15359,244132.27,172,F1,1,,,,,
2026-09-30,2026-09-30,CM,NSE,STK,14194,INE395U01014,NINSYS,EQ,,,,,NINTEC SYSTEMS LIMITED,737.05,774.0,723.0,766.35,769.9,737.15,,766.5,,,15354,11723141.3,859,F1,1,,,,,
2026-09-30,2026-09-30,CM,NSE,STK,11773,INE755Q01025,VISHAL,EQ,,,,,VISHAL FABRICS LTD.,18.45,18.45,17.52,17.66,17.61,17.92,,17.68,,,15318,271882.89,198,F1,1,,,,,
2026-09-30,2026-09-30,CM,NSE,STK,1442,INE058A01010,SANOFI,EQ,,,,,SANOFI INDIA LIMITED,3080.0,3175.0,3051.6,3057.0,3051.6,3072.1,,3057.08,,,15072,46419885.5,3708,F1,1,,,,,
2026-09-30,2026-09-30,CM,NSE,STK,18049,INE110B01017,MINDTECK,EQ,,,,,MINDTECK (INDIA) LIMITED,153.9,156.39,151.1,153.15,154.5,153.34,,153.08,,,15052,2317829.4,755,F1,1,,,,,
2026-09-30,2026-09-30,CM,NSE,STK,756782,INE0GGO01015,KRISHIVAL,EQ,,,,,KRISHIVAL FOODS LIMITED,414.0,415.25,400.25,401.85,406.15,403.95,,401.93,,,15013,6090920.7,512,F1,1,,,,,
2026-09-30,2026-09-30,CM,NSE,STK,761030,INF769K01QB4,INFRA,EQ,,,,,MIRAEAMC - INFRA,11.55,11.57,11.48,11.5,11.49,11.48,,11.5,,,14992,172869.55,123,F1,1,,,,,
2026-09-30,2026-09-30,CM,NSE,STK,29423,INE954E01012,MOHITIND,EQ,,,,,MOHIT INDUSTRIES LTD,23.4,24.0,22.25,22.67,22.86,22.97,,22.67,,,14977,343434.5,130,F1,1,,,,,
2026-09-30,2026-09-30,CM,NSE,STK,14712,INE170I01016,HGS,EQ,,,,,HINDUJA GLOBAL SOLS. LTD.,365.0,375.9,364.95,370.05,369.55,366.05,,370.04,,,14795,5485001.9,782,F1,1,,,,,
2026-09-30,2026-09-30,CM,NSE,STK,10568,INE809A01032,RAMAPHO,EQ,,,,,RAMA PHOSPHATES LIMITED,120.72,122.41,119.5,120.09,120.12,120.33,,120.09,,,14729,1776008.91,344,F1,1,,,,,
2026-09-30,2026-09-30,CM,NSE,STK,4040,INE158B01016,EIMCOELECO,EQ,,,,,EIMCO ELECON (INDIA) LTD,2297.6,2320.4,2259.8,2269.2,2274.0,2278.3,,2269.32,,,14680,33564514.7,2156,F1,1,,,,,
2026-09-30,2026-09-30,CM,NSE,STK,5068,INE363M01019,SHEMAROO,EQ,,,,,SHEMAROO ENTER. LTD.,118.15,122.0,116.55,117.12,118.5,117.95,,117.12,,,14665,1739430.82,170,F1,1,,,,,
2026-09-30,2026-09-30,CM,NSE,STK,495,INE233B01017,BLUEDART,EQ,,,,,BLUE DART EXPRESS LTD,4574.9,4654.2,4539.3,4629.0,4636.0,4576.0,,4628.83,,,14406,66370271.1,3316,F1,1,,,,,
2026-09-30,2026-09-30,CM,NSE,STK,10350,INE718F01018,CSLFINANCE,EQ,,,,,CSL FINANCE LIMITED,213.98,215.25,210.0,210.85,210.0,211.4,,210.85,,,14378,3051171.66,565,F1,1,,,,,
2026-09-30,2026-09-30,CM,NSE,STK,8797,INE426Z01016,OBCL,EQ,,,,,OBCL LIMITED,56.0,59.5,54.7,55.34,55.31,54.68,,55.34,,,14378,816925.62,433,F1,1,,,,,
2026-09-30,2026-09-30,CM,NSE,STK,1467,INE133A01011,JSWDULUX,EQ,,,,,JSW DULUX LIMITED,3069.0,3091.3,3035.7,3079.0,3070.0,3034.4,,3079.01,,,14235,43717953.5,4123,F1,1,,,,,
2026-09-30,2026-09-30,CM,NSE,STK,3745,INE054C01015,WATERBASE,EQ,,,,,WATERBASE LTD.,47.5,47.5,46.06,46.7,46.07,46.86,,46.69,,,14225,663136.64,145,F1,1,,,,,
2026-09-30,2026-09-30,CM,NSE,STK,24937,INE0US801024,MFML,EQ,,,,,MAHALAXMI FABRIC MILLS LT,18.46,19.84,18.37,18.63,18.8,18.46,,18.78,,,14210,270534.99,135,F1,1,,,,,
2026-09-30,2026-09-30,CM,NSE,STK,14096,INE076B01028,SIYSIL,EQ,,,,,SIYARAM SILK MILLS LTD,543.9,543.9,538.0,539.95,540.0,541.4,,539.95,,,14052,7584841.4,2665,F1,1,,,,,
2026-09-30,2026-09-30,CM,NSE,STK,762757,INE552U01010,KPL,EQ,,,,,KWALITY PHARMACEUTICALS L,3699.0,3699.0,3611.1,3641.4,3649.0,3625.1,,3640.95,,,14030,51109763.5,2991,F1,1,,,,,
2026-09-30,2026-09-30,CM,NSE,STK,5186,INE239C01020,STYLAMIND,EQ,,,,,STYLAM INDUSTRIES LIMITED,3317.2,3348.0,3287.7,3308.7,3318.0,3336.4,,3308.74,,,14001,46527955.1,3956,F1,1,,,,,
2026-09-30,2026-09-30,CM,NSE,STK,2176,INE00Y801016,AKG,EQ,,,,,AKG EXIM LIMITED,9.89,9.89,9.6,9.74,9.75,9.8,,9.74,,,13934,135389.27,113,F1,1,,,,,
2026-09-30,2026-09-30,CM,NSE,STK,13761,INE464A01036,BBL,EQ,,,,,BHARAT BIJLEE LTD,2129.4,2163.7,2091.6,2095.2,2095.0,2123.7,,2095.24,,,13884,29390467.4,2751,F1,1,,,,,
2026-09-30,2026-09-30,CM,NSE,STK,763636,INE0MEG01014,VIVIANA,EQ,,,,,VIVIANA POWER TECH LTD,704.7,714.0,700.05,704.35,700.05,704.7,,704.35,,,13835,9772280.75,1141,F1,1,,,,,
2026-09-30,2026-09-30,CM,NSE,STK,21957,INE611L01021,INDTERRAIN,EQ,,,,,IND TERRAIN FASHIONS LTD,29.35,29.96,29.26,29.42,29.32,29.3,,29.42,,,13832,410965.31,144,F1,1,,,,,
2026-09-30,2026-09-30,CM,NSE,STK,1030,INE721Z01010,AARON,EQ,,,,,AARON INDUSTRIES LIMITED,122.01,126.0,122.01,124.68,126.0,122.01,,124.68,,,13823,1720073.95,270,F1,1,,,,,
2026-09-30,2026-09-30,CM,NSE,STK,14957,INE387I01016,MAGNUM,EQ,,,,,MAGNUM VENTURES LTD.,18.51,19.15,18.4,18.48,18.5,18.57,,18.48,,,13633,253395.86,113,F1,1,,,,,
2026-09-30,2026-09-30,CM,NSE,STK,11496,INE792B01012,AMBICAAGAR,EQ,,,,,AMBICA AGAR & AROMAINDLTD,24.5,25.12,24.14,24.4,24.93,24.37,,24.16,,,13549,333336.82,122,F1,1,,,,,
2026-09-30,2026-09-30,CM,NSE,STK,13106,INE289A01011,NAHARINDUS,EQ,,,,,NAHAR INDS ENT LTD,131.16,133.19,129.0,130.13,131.0,130.17,,130.12,,,13521,1778927.52,254,F1,1,,,,,
2026-09-30,2026-09-30,CM,NSE,STK,11275,INE038F01029,TVTODAY,EQ,,,,,TV TODAY NETWORK LTD,106.0,106.0,103.3,104.19,104.02,103.84,,104.24,,,13484,1405962.13,625,F1,1,,,,,
2026-09-30,2026-09-30,CM,NSE,STK,765075,INE299D01022,HAMPTON,EQ,,,,,HAMPTON SKY REALTY LTD.,8.38,8.38,7.91,8.08,8.08,8.0,,8.08,,,13378,107397.12,63,F1,1,,,,,
2026-09-30,2026-09-30,CM,NSE,STK,764885,INE414Y01015,SGRL,EQ,,,,,SHREE GANESH REMEDIES LTD,665.85,704.0,665.85,687.15,689.0,665.75,,687.0,,,13348,9186593.55,1200,F1,1,,,,,
2026-09-30,2026-09-30,CM,NSE,STK,17477,INE663B01015,CONTROLPR,EQ,,,,,CONTROL PRINT LIMITED,608.0,610.0,600.0,607.35,608.0,608.5,,607.29,,,13322,8060129.2,776,F1,1,,,,,
2026-09-30,2026-09-30,CM,NSE,STK,760359,INF740KA1WX3,SMALLADD,EQ,,,,,DSPAMC - SMALLADD,18.04,18.07,17.8,18.0,18.02,17.85,,18.0,,,13242,237974.19,69,F1,1,,,,,
2026-09-30,2026-09-30,CM,NSE,STK,11241,INF179KC1DJ0,HDFCGROWTH,EQ,,,,,HDFCAMC - HDFCGROWTH,111.11,112.28,110.55,110.8,111.1,111.63,,110.8,,,13156,1463014.16,161,F1,1,,,,,
2026-09-30,2026-09-30,CM,NSE,STK,9576,INE263W01010,MAHESHWARI,EQ,,,,,MAHESHWARI LOGISTICS LTD.,74.0,74.0,73.05,73.43,73.05,73.53,,73.43,,,13129,968413.54,49,F1,1,,,,,
2026-09-30,2026-09-30,CM,NSE,STK,13162,INE185H01016,CELEBRITY,EQ,,,,,CELEBRITY FASHIONS LTD,6.74,6.74,6.36,6.66,6.7,6.46,,6.66,,,13125,87134.48,60,F1,1,,,,,
2026-09-30,2026-09-30,CM,NSE,STK,764965,INE551B01012,UDAYJEW,EQ,,,,,UDAY JEWELLERY INDS. LTD.,177.9,177.9,165.19,166.94,165.19,168.37,,166.94,,,13109,2212454.01,530,F1,1,,,,,
2026-09-30,2026-09-30,CM,NSE,STK,21113,INE878K01010,BFINVEST,EQ,,,,,BF INVESTMENT LIMITED,436.15,443.45,433.0,434.05,433.0,436.15,,433.95,,,13108,5715596.6,700,F1,1,,,,,
2026-09-30,2026-09-30,CM,NSE,STK,13352,INE383H01017,MALUPAPER,EQ,,,,,MALU PAPER MILLS LIMITED,32.3,32.59,31.45,31.47,31.45,31.68,,31.47,,,12910,409159.47,169,F1,1,,,,,
2026-09-30,2026-09-30,CM,NSE,STK,5054,INE201P01022,GRINFRA,EQ,,,,,G R INFRAPROJECTS LIMITED,809.2,819.85,796.1,800.6,799.0,816.25,,800.58,,,12867,10396130.4,2430,F1,1,,,,,
2026-09-30,2026-09-30,CM,NSE,STK,11140,INE748Z01013,SUMIT,EQ,,,,,SUMIT WOODS LIMITED,49.97,52.0,49.0,49.59,50.24,49.97,,49.59,,,12830,635160.46,150,F1,1,,,,,
2026-09-30,2026-09-30,CM,NSE,STK,762528,INE850B01026,ABMKNO,EQ,,,,,A B M KNOWLEDGEWARE LTD.,169.5,187.8,161.55,170.98,170.0,168.59,,170.98,,,12784,2230821.04,408,F1,1,,,,,
2026-09-30,2026-09-30,CM,NSE,STK,14677,INE826C01016,GUJAPOLLO,EQ,,,,,GUJ. APOLLO IND. LTD.,330.9,333.75,324.25,330.0,330.0,330.65,,329.97,,,12761,4193730.9,550,F1,1,,,,,
2026-09-30,2026-09-30,CM,NSE,STK,764925,INE671K01027,SUNRAKSHAK,EQ,,,,,SUNRAKSHAKK INDUS IND L,365.9,367.4,355.05,358.9,367.4,365.6,,359.56,,,12756,4652142.85,225,F1,1,,,,,
2026-09-30,2026-09-30,CM,NSE,STK,23507,INE899L01030,UEL,EQ,,,,,UJAAS ENERGY LIMITED,186.5,189.4,182.01,184.92,185.0,184.75,,184.99,,,12717,2363339.54,668,F1,1,,,,,
2026-09-30,2026-09-30,CM,NSE,STK,11983,INE231F01020,SASKEN,EQ,,,,,SASKEN TECHNOLOGIES LTD,1680.0,1709.8,1650.0,1672.7,1680.0,1658.8,,1671.98,,,12713,21324550.4,2488,F1,1,,,,,
2026-09-30,2026-09-30,CM,NSE,STK,17062,INE218G01033,PALREDTEC,EQ,,,,,PALRED TECHNOLOGIES LTD,45.44,45.9,43.7,43.86,45.68,45.99,,44.02,,,12703,557712.83,106,F1,1,,,,,
2026-09-30,2026-09-30,CM,NSE,STK,15404,INE09KD01013,ATAM,EQ,,,,,ATAM VALVES LIMITED,56.01,58.6,55.01,56.34,57.2,54.91,,56.34,,,12689,731056.89,251,F1,1,,,,,
2026-09-30,2026-09-30,CM,NSE,STK,2018,INE162B01018,LUMAXIND,EQ,,,,,LUMAX INDUSTRIES LTD,5650.0,5750.0,5523.0,5568.5,5586.0,5691.5,,5568.9,,,12677,71153956.0,3845,F1,1,,,,,
2026-09-30,2026-09-30,CM,NSE,STK,3389,INE204E01012,AGARIND,EQ,,,,,AGARWAL INDS CORP LTD.,394.0,398.9,390.0,391.95,395.5,391.2,,392.07,,,12498,4923957.95,1034,F1,1,,,,,
2026-09-30,2026-09-30,CM,NSE,STK,10693,INF209KB14K7,MOMENTUM,EQ,,,,,BIRLASLAMC - MOMENTUM,30.01,30.79,29.94,30.01,30.02,30.01,,30.01,,,12414,372873.8,160,F1,1,,,,,
2026-09-30,2026-09-30,CM,NSE,STK,766104,INF789F1AH42,SECLEDBETA,EQ,,,,,UTIAMC - SECLEDBETA,14.28,14.35,13.89,13.93,13.93,13.93,,13.93,,,12408,174347.82,37,F1,1,,,,,
2026-09-30,2026-09-30,CM,NSE,STK,764995,INE380K01017,VIVOBIOT,EQ,,,,,VIVO BIO TECH LTD.,17.24,17.24,16.11,17.06,17.17,17.05,,17.06,,,12331,204653.34,132,F1,1,,,,,
2026-09-30,2026-09-30,CM,NSE,STK,13192,INE265F01028,ENIL,EQ,,,,,ENTERTAIN NET. IND. LTD.,96.99,96.99,95.05,95.59,95.6,95.33,,95.59,,,12291,1177465.3,300,F1,1,,,,,
2026-09-30,2026-09-30,CM,NSE,STK,6385,INE652F01027,CCHHL,EQ,,,,,COUNTRY CLUB HOSP HOL LTD,12.9,13.2,12.9,13.0,13.0,12.9,,12.99,,,12278,160188.48,79,F1,1,,,,,
2026-09-30,2026-09-30,CM,NSE,STK,2951,INE902B01017,S&SPOWER,EQ,,,,,S&S POWER SWITCHGEARS LTD,301.0,309.4,295.0,298.15,298.0,301.25,,297.91,,,12222,3677122.4,128,F1,1,,,,,
2026-09-30,2026-09-30,CM,NSE,STK,762914,INE438E01032,SIKA,EQ,,,,,SIKA INTERPLANT SYSTEMS L,1033.95,1039.0,1010.0,1014.35,1011.95,1025.45,,1014.27,,,12197,12481385.9,1568,F1,1,,,,,
2026-09-30,2026-09-30,CM,NSE,STK,762573,INE213D01015,BEEKAY,EQ,,,,,BEEKAY STEEL INDS. LTD.,433.35,480.0,433.35,452.95,459.95,433.3,,455.34,,,12184,5588796.35,411,F1,1,,,,,
2026-09-30,2026-09-30,CM,NSE,STK,14843,INE450G01024,VIPCLOTHNG,EQ,,,,,VIP CLOTHING LIMITED,20.44,21.4,20.41,20.51,20.5,20.44,,20.51,,,12182,251169.39,166,F1,1,,,,,
2026-09-30,2026-09-30,CM,NSE,STK,14618,INE995D01025,CHEMBOND,EQ,,,,,CHEMBOND MATERIALTECH LTD,182.5,189.44,181.62,182.73,182.0,182.87,,182.89,,,12149,2259116.85,507,F1,1,,,,,
2026-09-30,2026-09-30,CM,NSE,STK,10822,INF247L01BH8,MOQUALITY,EQ,,,,,MOTILALAMC - MOQUALITY,188.9,190.65,188.0,189.01,188.74,188.62,,189.51,,,12136,2290263.2,73,F1,1,,,,,
2026-09-30,2026-09-30,CM,NSE,STK,29439,INE822E01011,SUPREME,EQ,,,,,SUPREME HOLDIN N HOSP I L,29.84,30.89,29.48,30.42,30.53,29.77,,30.42,,,12129,367090.92,148,F1,1,,,,,
2026-09-30,2026-09-30,CM,NSE,STK,2716,INE295F01017,BUTTERFLY,EQ,,,,,BTRFLY GANDHI APPL LTD,564.3,565.35,551.55,552.75,551.55,561.25,,552.77,,,12112,6751169.95,858,F1,1,,,,,
2026-09-30,2026-09-30,CM,NSE,STK,18827,INE747K01017,TARAPUR,EQ,,,,,TARAPUR TRANSFORMERS LTD,12.6,12.6,12.0,12.16,12.3,12.03,,12.17,,,12032,146268.49,110,F1,1,,,,,
2026-09-30,2026-09-30,CM,NSE,STK,11309,INE618N01022,BALAXI,EQ,,,,,BALAXI PHARMA LTD,23.4,23.4,22.55,22.78,22.7,23.02,,22.78,,,11994,273462.95,207,F1,1,,,,,
2026-09-30,2026-09-30,CM,NSE,STK,24196,INE694D01016,VADILALIND,EQ,,,,,VADILAL INDUSTRIES LTD,7281.0,7494.5,7155.5,7253.0,7250.0,7277.0,,7253.21,,,11949,86977208.5,3451,F1,1,,,,,
2026-09-30,2026-09-30,CM,NSE,STK,1156,INE540A01017,GLFL,EQ,,,,,GUJARAT LEASE FINANCING L,5.52,5.53,5.1,5.39,5.46,5.27,,5.39,,,11947,63758.87,62,F1,1,,,,,
2026-09-30,2026-09-30,CM,NSE,STK,11301,INE150G01020,LUXIND,EQ,,,,,LUX INDUSTRIES LIMITED,1103.6,1134.5,1101.0,1107.0,1101.0,1103.6,,1107.0,,,11916,13335419.3,1518,F1,1,,,,,
2026-09-30,2026-09-30,CM,NSE,STK,6843,INE017W01010,SMLT,EQ,,,,,SARTHAK METALS LIMITED,63.4,63.4,59.0,61.82,63.0,59.31,,61.93,,,11905,728569.45,288,F1,1,,,,,
2026-09-30,2026-09-30,CM,NSE,STK,9014,INE294Z01018,ANUP,EQ,,,,,THE ANUP ENGINEERING LTD,1605.3,1635.0,1590.1,1596.3,1591.0,1591.2,,1595.99,,,11751,18936850.9,2443,F1,1,,,,,
2026-09-30,2026-09-30,CM,NSE,STK,14547,INE353A01023,NDLVENTURE,EQ,,,,,NDL VENTURES LIMITED,124.9,125.87,121.21,123.95,124.7,121.49,,123.9,,,11631,1439952.07,150,F1,1,,,,,
2026-09-30,2026-09-30,CM,NSE,STK,14938,INF769K01KF8,GSEC10YEAR,EQ,,,,,MIRAEAMC - MAGS813ETF,30.26,30.26,30.1,30.1,30.1,29.81,,30.1,,,11525,347057.61,11,F1,1,,,,,
2026-09-30,2026-09-30,CM,NSE,STK,19279,INE121N01019,THEJO,EQ,,,,,THEJO ENGINEERING LIMITED,2113.9,2226.8,2100.2,2175.4,2174.0,2110.3,,2175.4,,,11455,24884429.3,2020,F1,1,,,,,
2026-09-30,2026-09-30,CM,NSE,STK,21484,INE577L01016,STEL,EQ,,,,,STEL HOLDINGS LIMITED,615.4,622.0,561.25,570.1,570.0,597.95,,570.07,,,11379,6628246.7,1492,F1,1,,,,,
2026-09-30,2026-09-30,CM,NSE,STK,18232,INE846D01012,LORDSCHLO,EQ,,,,,LORDS CHLORO ALKALI LTD,143.0,144.7,137.15,138.54,139.45,140.34,,138.29,,,11305,1592417.47,442,F1,1,,,,,
2026-09-30,2026-09-30,CM,NSE,STK,761514,INF666M01OG2,GROWWPSUBK,EQ,,,,,GROWWAMC - GROWWPSUBK,81.0,82.6,79.25,82.17,82.6,80.87,,82.17,,,11236,913590.43,144,F1,1,,,,,
2026-09-30,2026-09-30,CM,NSE,STK,9039,INE527H01019,UFO,EQ,,,,,UFO MOVIEZ INDIA LTD.,59.98,59.98,58.0,58.12,58.01,58.93,,58.15,,,11186,654735.14,463,F1,1,,,,,
2026-09-30,2026-09-30,CM,NSE,STK,9342,INE392B01011,PNC,EQ,,,,,PNC MEDIA AND ENT LTD,17.4,18.5,16.4,17.65,17.5,17.4,,17.65,,,10929,193474.89,255,F1,1,,,,,
2026-09-30,2026-09-30,CM,NSE,STK,17603,INE215D01010,MAHEPC,EQ,,,,,MAHINDRA EPC IRRIG LTD,97.01,98.48,96.3,96.74,97.0,96.78,,96.74,,,10903,1058272.19,351,F1,1,,,,,
2026-09-30,2026-09-30,CM,NSE,STK,940,INE199A01012,PGHL,EQ,,,,,PROCTER & GAMBLE HEALTH L,5644.5,5696.0,5503.5,5563.0,5570.0,5696.0,,5562.97,,,10902,60590934.5,4629,F1,1,,,,,
2026-09-30,2026-09-30,CM,NSE,STK,763602,INF579M01BP5,MSCI360,EQ,,,,,360ONEAMC - MSCI360,9.88,9.95,9.56,9.56,9.84,9.77,,9.56,,,10900,104815.82,119,F1,1,,,,,
2026-09-30,2026-09-30,CM,NSE,STK,368,INE373A01013,BASF,EQ,,,,,BASF INDIA LTD,3445.0,3515.8,3438.6,3447.8,3450.2,3435.6,,3447.83,,,10894,37757258.3,2998,F1,1,,,,,
2026-09-30,2026-09-30,CM,NSE,STK,762817,INE445D01013,NILE,EQ,,,,,NILE LTD.,1265.0,1293.3,1203.5,1219.5,1218.0,1264.7,,1220.16,,,10843,13410920.8,1378,F1,1,,,,,
2026-09-30,2026-09-30,CM,NSE,STK,5501,INE384C01016,YUKEN,EQ,,,,,YUKEN INDIA LIMITED,1138.95,1139.0,1088.95,1131.1,1135.0,1130.7,,1131.0,,,10732,12070674.35,1116,F1,1,,,,,
2026-09-30,2026-09-30,CM,NSE,STK,2481,INE229A01017,ONWARDTEC,EQ,,,,,ONWARD TECHNOLOGIES LTD,287.5,294.8,285.75,288.35,290.95,287.4,,288.29,,,10723,3093193.25,475,F1,1,,,,,
2026-09-30,2026-09-30,CM,NSE,STK,14745,INE199C01026,ADVANIHOTR,EQ,,,,,ADVANI HOT.& RES.(I) LTD,47.78,48.98,47.2,48.01,48.04,47.4,,48.01,,,10655,509911.9,314,F1,1,,,,,
2026-09-30,2026-09-30,CM,NSE,STK,764905,INE311M01018,SHRADDHA,EQ,,,,,SHRADDHA PRIME PROJECTS L,148.64,159.7,143.1,152.31,152.92,147.91,,151.76,,,10595,1616238.52,299,F1,1,,,,,
2026-09-30,2026-09-30,CM,NSE,STK,760976,INF666M01NQ3,GROWWPSE,EQ,,,,,GROWWAMC - GROWWPSE,96.48,97.2,93.5,94.02,93.5,95.16,,94.02,,,10573,999526.54,126,F1,1,,,,,
2026-09-30,2026-09-30,CM,NSE,STK,765200,INE330E01023,TRANSCOR,EQ,,,,,TRANSCORP INTERNATIONAL L,23.74,25.0,23.52,24.22,24.89,23.85,,24.08,,,10425,253699.03,196,F1,1,,,,,
2026-09-30,2026-09-30,CM,NSE,STK,4007,INE558D01021,CORALFINAC,EQ,,,,,CORAL INDIA FIN & HOUS LT,32.77,32.77,31.43,31.55,31.99,32.17,,31.55,,,10305,329309.34,106,F1,1,,,,,
2026-09-30,2026-09-30,CM,NSE,STK,14702,INE123B01028,NAGREEKEXP,EQ,,,,,NAGREEKA EXPORTS LTD.,21.72,22.69,21.5,21.7,21.52,22.09,,21.71,,,10252,224820.42,177,F1,1,,,,,
2026-09-30,2026-09-30,CM,NSE,STK,7129,INE761Y01019,ZODIAC,EQ,,,,,ZODIAC ENERGY LIMITED,208.61,219.6,208.61,216.32,216.6,208.6,,216.17,,,10246,2219669.47,829,F1,1,,,,,
2026-09-30,2026-09-30,CM,NSE,STK,7518,INE00CA01015,TREJHARA,EQ,,,,,TREJHARA SOLUTIONS LTD,141.5,141.5,136.69,138.84,139.97,135.7,,138.74,,,10186,1418761.07,425,F1,1,,,,,
2026-09-30,2026-09-30,CM,NSE,STK,760356,INF740KA1WW5,MIDCAPADD,EQ,,,,,DSPAMC - MIDCAPADD,22.5,22.5,21.9,21.97,22.01,22.06,,21.97,,,10128,222678.39,57,F1,1,,,,,
2026-09-30,2026-09-30,CM,NSE,STK,4279,INE244A01016,DENORA,EQ,,,,,DE NORA INDIA LIMITED,735.0,756.0,718.6,736.5,739.0,741.35,,736.38,,,10095,7460431.4,1317,F1,1,,,,,
2026-09-30,2026-09-30,CM,NSE,STK,757938,INE344T01014,BELLACASA,EQ,,,,,BELLA CASA FASH AND RET L,260.62,268.0,243.51,246.61,243.51,255.51,,246.45,,,10056,2507601.94,638,F1,1,,,,,
2026-09-30,2026-09-30,CM,NSE,STK,6417,INE479D01038,KRITI,EQ,,,,,KRITI INDUSTRIES IND LTD,63.8,63.8,60.46,61.0,60.5,62.41,,61.0,,,10030,618063.09,253,F1,1,,,,,
2026-09-30,2026-09-30,CM,NSE,STK,29758,INF174KA1VD2,MSCIINDIA,EQ,,,,,KOTAKMAMC - MSCIINDIA,28.34,29.12,28.15,28.58,28.15,28.04,,28.58,,,9983,283843.46,193,F1,1,,,,,
2026-09-30,2026-09-30,CM,NSE,STK,759847,INE024F01011,SHILCTECH,EQ,,,,,SHILCHAR TECHNOLOGIES LTD,4050.0,4105.6,4036.4,4084.0,4078.0,4032.7,,4083.86,,,9905,40444164.6,2588,F1,1,,,,,
2026-09-30,2026-09-30,CM,NSE,STK,15420,INE666E01020,ACL,EQ,,,,,ANDHRA CEMENTS LIMITED,39.96,40.39,38.71,39.33,39.7,39.56,,39.19,,,9813,386942.16,358,F1,1,,,,,
2026-09-30,2026-09-30,CM,NSE,STK,3821,INE206B01013,ZODIACLOTH,EQ,,,,,ZODIAC CLOTHING CO. LTD.,68.23,70.55,68.23,69.03,68.71,68.23,,69.03,,,9810,679323.76,151,F1,1,,,,,
2026-09-30,2026-09-30,CM,NSE,STK,18321,INE337A01034,LGBBROSLTD,EQ,,,,,LG BALAKRISHNAN & BROS,1736.6,1761.0,1729.1,1730.1,1740.0,1730.1,,1730.1,,,9738,16874964.4,1912,F1,1,,,,,
2026-09-30,2026-09-30,CM,NSE,STK,28847,INE781S01027,VENTIVE,EQ,,,,,VENTIVE HOSPITALITY LTD,559.0,574.55,557.0,558.4,559.65,559.85,,558.37,,,9729,5450956.0,1502,F1,1,,,,,
2026-09-30,2026-09-30,CM,NSE,STK,20314,INE740D01017,NRAIL,EQ,,,,,N R AGARWAL INDS LTD,670.4,679.45,651.05,669.45,672.4,660.5,,669.44,,,9700,6482551.85,827,F1,1,,,,,
2026-09-30,2026-09-30,CM,NSE,STK,760412,INF769K01PY8,DIVIDEND,EQ,,,,,MIRAEAMC - DIVIDEND,34.34,34.4,34.0,34.04,34.03,33.99,,34.04,,,9597,328898.7,59,F1,1,,,,,
2026-09-30,2026-09-30,CM,NSE,STK,22277,INE196Y01018,WORTHPERI,EQ,,,,,WORTH PERIPHERALS LIMITED,146.8,148.5,143.0,146.02,147.5,144.85,,146.02,,,9508,1386316.76,131,F1,1,,,,,
2026-09-30,2026-09-30,CM,NSE,STK,13288,INE00ZE01026,AFSL,EQ,,,,,ABANS FINANCIAL SRVCS LTD,201.04,201.78,201.0,201.0,201.0,201.04,,201.0,,,9448,1899397.82,130,F1,1,,,,,
2026-09-30,2026-09-30,CM,NSE,STK,11255,INF179KC1DL6,HDFCQUAL,EQ,,,,,HDFCAMC - HDFCQUAL,55.61,55.87,55.29,55.47,55.62,55.66,,55.47,,,9412,523641.35,107,F1,1,,,,,
2026-09-30,2026-09-30,CM,NSE,STK,6407,INE112F01022,LAMBODHARA,EQ,,,,,LAMBODHARA TEXTILES LTD.,135.4,136.45,128.1,129.28,128.1,135.41,,129.27,,,9370,1244163.37,485,F1,1,,,,,
2026-09-30,2026-09-30,CM,NSE,STK,6429,INE165B01029,RSSOFTWARE,EQ,,,,,R. S. SOFTWARE (INDIA) LI,31.0,31.0,29.7,29.73,29.72,29.97,,29.73,,,9352,280240.96,150,F1,1,,,,,
2026-09-30,2026-09-30,CM,NSE,STK,2844,INE384A01010,RANEHOLDIN,EQ,,,,,RANE HOLDINGS LIMITED,1544.0,1555.0,1526.7,1529.8,1526.7,1541.3,,1529.8,,,9347,14391447.5,830,F1,1,,,,,
2026-09-30,2026-09-30,CM,NSE,STK,3715,INE709A01018,VLSFINANCE,EQ,,,,,VLS FINANCE LTD,230.8,237.0,230.8,234.09,233.1,234.96,,234.14,,,9330,2191241.87,336,F1,1,,,,,
2026-09-30,2026-09-30,CM,NSE,STK,17207,INF740KA1SX1,ITADD,EQ,,,,,DSPAMC - DSPIT,29.51,30.15,29.42,29.55,30.13,29.5,,29.55,,,9323,277176.74,73,F1,1,,,,,
2026-09-30,2026-09-30,CM,NSE,STK,761148,INE0L4K01016,VITAL,EQ,,,,,VITAL CHEMTECH LIMITED,51.8,53.9,51.8,53.9,53.9,52.82,,53.9,,,9302,500847.96,6,F1,1,,,,,
2026-09-30,2026-09-30,CM,NSE,STK,6489,INE864K01010,IRIS,EQ,,,,,IRIS REGTECH SOLUTION LTD,234.92,234.99,222.0,223.38,222.0,230.23,,223.57,,,9220,2086438.8,419,F1,1,,,,,
2026-09-30,2026-09-30,CM,NSE,STK,25684,IN9175A01010,JISLDVREQS,EQ,,,,,JAIN DVR EQUITY SHARES,19.5,19.98,19.01,19.14,19.17,19.46,,19.14,,,9109,175451.12,285,F1,1,,,,,
2026-09-30,2026-09-30,CM,NSE,STK,761688,INE861D01011,SAHLIBHFI,EQ,,,,,SHALIBHADRA FINANCE LTD,80.0,80.99,78.1,78.84,79.5,78.37,,78.82,,,9062,723327.18,328,F1,1,,,,,
2026-09-30,2026-09-30,CM,NSE,STK,12716,INE985S01024,TEAMLEASE,EQ,,,,,TEAMLEASE SERVICES LTD.,1148.6,1159.9,1131.5,1148.6,1145.6,1148.6,,1148.51,,,9039,10349864.0,2936,F1,1,,,,,
2026-09-30,2026-09-30,CM,NSE,STK,764663,INE316A01038,ECORECO,EQ,,,,,ECO RECYCLING LTD.,407.95,410.0,391.45,395.5,398.0,403.3,,395.49,,,9028,3628154.2,768,F1,1,,,,,
2026-09-30,2026-09-30,CM,NSE,STK,765020,INE030C01015,ANSALBU,EQ,,,,,ANSAL BUILDWELL LTD.,87.43,95.4,86.0,87.75,88.35,85.96,,87.91,,,9005,812425.14,233,F1,1,,,,,
2026-09-30,2026-09-30,CM,NSE,STK,14019,INE484C01030,VEEDOL,EQ,,,,,VEEDOL CORPORATION LTD,1344.1,1380.7,1344.1,1373.3,1376.9,1356.5,,1373.32,,,8913,12179131.3,980,F1,1,,,,,
2026-09-30,2026-09-30,CM,NSE,STK,4469,INE822G01016,ELECTHERM,EQ,,,,,ELECTROTHERM (I) LTD.,785.05,790.85,768.7,774.25,775.0,778.35,,774.25,,,8860,6893215.85,753,F1,1,,,,,
2026-09-30,2026-09-30,CM,NSE,STK,23175,INE0QN801017,KRYSTAL,EQ,,,,,KRYSTAL INTEGRATED SER L,624.0,635.0,616.25,626.2,621.0,619.75,,626.21,,,8802,5499455.8,529,F1,1,,,,,
2026-09-30,2026-09-30,CM,NSE,STK,2421,INE310A01015,NILKAMAL,EQ,,,,,NILKAMAL LIMITED,1901.0,1935.0,1896.5,1901.7,1896.5,1898.9,,1901.68,,,8647,16532063.5,2228,F1,1,,,,,
2026-09-30,2026-09-30,CM,NSE,STK,29008,INE105A01035,TVSHLTD,EQ,,,,,TVS HOLDINGS LIMITED,12300.0,12450.0,12045.0,12107.0,12074.0,12298.0,,12107.05,,,8540,104642508.0,3610,F1,1,,,,,
2026-09-30,2026-09-30,CM,NSE,STK,15214,INE477B01010,DVL,EQ,,,,,DHUNSERI VENTURES LIMITED,288.0,291.45,282.1,282.95,282.25,287.65,,282.68,,,8519,2419466.1,399,F1,1,,,,,
2026-09-30,2026-09-30,CM,NSE,STK,8175,INE976T01013,SAGARDEEP,EQ,,,,,SAGARDEEP ALLOYS LIMITED,23.98,23.98,22.83,23.13,23.0,23.44,,23.13,,,8443,196329.61,69,F1,1,,,,,
2026-09-30,2026-09-30,CM,NSE,STK,29678,INE0O9T01021,BAJAJINDEF,EQ,,,,,INDEF MANUFACTURING LTD,219.44,226.0,210.2,211.02,210.24,213.11,,211.06,,,8436,1811064.0,416,F1,1,,,,,
2026-09-30,2026-09-30,CM,NSE,STK,11798,INE835G01018,ALLDIGI,EQ,,,,,ALLDIGI TECH LIMITED,779.65,786.0,762.5,767.25,765.1,775.8,,767.25,,,8379,6473732.15,691,F1,1,,,,,
2026-09-30,2026-09-30,CM,NSE,STK,13275,INE332H01014,INDOTECH,EQ,,,,,INDO TECH TRANSFORM LTD.,3267.0,3275.0,3161.2,3188.2,3190.0,3186.2,,3188.73,,,8311,26745399.3,1863,F1,1,,,,,
2026-09-30,2026-09-30,CM,NSE,STK,24321,INE0S2V01010,VRAJ,EQ,,,,,VRAJ IRON AND STEEL LTD,123.1,126.14,123.1,123.85,123.75,125.16,,123.85,,,8306,1035520.58,494,F1,1,,,,,
2026-09-30,2026-09-30,CM,NSE,STK,7053,INE793A01012,ACCELYA,EQ,,,,,ACCELYA SOLN INDIA LTD,1090.0,1111.9,1085.2,1090.3,1086.3,1095.4,,1090.38,,,8286,9083001.9,792,F1,1,,,,,
2026-09-30,2026-09-30,CM,NSE,STK,14848,INE385I01010,ALPA,EQ,,,,,ALPA LABORATORIES LTD,59.76,61.5,59.25,59.51,59.51,59.76,,59.51,,,8263,499205.53,107,F1,1,,,,,
2026-09-30,2026-09-30,CM,NSE,STK,25340,INE590L01019,VASWANI,EQ,,,,,VASWANI IND LTD,45.58,45.58,44.47,44.57,44.47,44.51,,44.56,,,8219,369199.21,79,F1,1,,,,,
2026-09-30,2026-09-30,CM,NSE,STK,3772,INE210A01017,WILLAMAGOR,EQ,,,,,WILLIAMSON MAGOR,24.0,24.0,22.01,22.99,23.1,22.31,,22.99,,,8070,187362.22,104,F1,1,,,,,
2026-09-30,2026-09-30,CM,NSE,STK,6858,INE506Z01015,DHRUV,EQ,,,,,DHRUV CONSULTANCY SER LTD,20.87,21.89,19.96,20.08,20.1,20.89,,20.07,,,8040,163311.13,105,F1,1,,,,,
2026-09-30,2026-09-30,CM,NSE,STK,4771,INE911B01018,TCIFINANCE,EQ,,,,,TCI FINANCE LTD,14.98,14.98,14.5,14.78,14.91,14.48,,14.78,,,8014,118074.51,46,F1,1,,,,,
2026-09-30,2026-09-30,CM,NSE,STK,27571,INE054301028,ODIGMA,EQ,,,,,ODIGMA CONSULTANCY SOL L,21.11,22.04,21.11,21.35,21.64,21.41,,21.35,,,8003,172723.19,431,F1,1,,,,,
2026-09-30,2026-09-30,CM,NSE,STK,11260,INF179KC1DK8,HDFCVALUE,EQ,,,,,HDFCAMC - HDFCVALUE,118.77,119.3,118.0,118.37,118.86,118.43,,118.37,,,7996,949005.24,91,F1,1,,,,,
2026-09-30,2026-09-30,CM,NSE,STK,4041,INE785A01026,JAYAGROGN,EQ,,,,,JAYANT AGRO ORGANICS LTD,224.77,226.14,222.7,223.18,223.0,225.44,,223.17,,,7967,1785565.2,278,F1,1,,,,,
2026-09-30,2026-09-30,CM,NSE,STK,9867,INE747B01016,NEXTMEDIA,EQ,,,,,NEXT MEDIAWORKS LIMITED,3.78,3.78,3.64,3.73,3.75,3.7,,3.73,,,7958,29510.78,40,F1,1,,,,,
2026-09-30,2026-09-30,CM,NSE,STK,14924,INE740X01023,LAL,EQ,,,,,LORENZINI APPARELS LTD,8.55,8.9,8.4,8.42,8.41,8.55,,8.47,,,7950,68221.14,116,F1,1,,,,,
2026-09-30,2026-09-30,CM,NSE,STK,20453,INE071F01012,APCL,EQ,,,,,ANJANI PORTLAND CEM LTD,95.86,98.89,92.0,94.22,93.01,94.92,,94.22,,,7847,734065.57,327,F1,1,,,,,
2026-09-30,2026-09-30,CM,NSE,STK,13182,INE283H01019,ROHLTD,EQ,,,,,ROYAL ORCHID HOTELS LTD,306.35,306.35,297.0,299.85,297.0,306.35,,299.85,,,7843,2359707.1,325,F1,1,,,,,
2026-09-30,2026-09-30,CM,NSE,STK,760188,INE19GK01015,SRTL,EQ,,,,,SHREE RAM TWISTEX LIMITED,37.75,37.75,36.63,37.26,37.35,37.35,,37.26,,,7793,289801.15,267,F1,1,,,,,
2026-09-30,2026-09-30,CM,NSE,STK,765499,INF846KA1598,ENERGYAXIS,EQ,,,,,AXISAMC - ENERGYAXIS,18.43,18.69,18.35,18.4,18.4,18.43,,18.35,,,7782,143585.33,57,F1,1,,,,,
2026-09-30,2026-09-30,CM,NSE,STK,7109,INE412C01023,JMA,EQ,,,,,JULLUNDUR MOT AGENCY LTD,89.1,91.34,87.06,89.6,90.0,89.34,,89.6,,,7776,696320.15,214,F1,1,,,,,
2026-09-30,2026-09-30,CM,NSE,STK,762762,INE515C01023,LAHOTIOV,EQ,,,,,LAHOTI OVERSEAS LTD.,40.0,42.0,40.0,41.25,41.25,39.26,,41.62,,,7759,317832.91,46,F1,1,,,,,
2026-09-30,2026-09-30,CM,NSE,STK,11369,INE910C01018,TTKHLTCARE,EQ,,,,,TTK HEALTHCARE LIMITED,1041.3,1050.6,1012.6,1023.0,1012.6,1033.7,,1022.52,,,7751,8024760.1,1251,F1,1,,,,,
2026-09-30,2026-09-30,CM,NSE,STK,14900,INE280H01015,SAHYADRI,EQ,,,,,SAHYADRI INDUSTRIES LTD,350.0,356.95,341.0,346.75,342.25,349.2,,346.75,,,7745,2702191.4,430,F1,1,,,,,
2026-09-30,2026-09-30,CM,NSE,STK,7451,INF740KA1CL0,NIFTYADD,EQ,,,,,DSPAMC - DSPNIFTY,240.79,240.94,238.87,239.83,239.8,239.94,,239.83,,,7636,1829875.93,162,F1,1,,,,,
2026-09-30,2026-09-30,CM,NSE,STK,5688,INE731A01020,ARCHIES,EQ,,,,,ARCHIES LTD,12.73,12.73,12.33,12.39,12.39,12.43,,12.39,,,7581,94465.02,81,F1,1,,,,,
2026-09-30,2026-09-30,CM,NSE,STK,2610,INE844A01013,PEARLPOLY,EQ,,,,,PEARL POLYMERS LTD,17.63,17.76,17.09,17.75,17.75,16.92,,17.82,,,7471,131101.65,65,F1,1,,,,,
2026-09-30,2026-09-30,CM,NSE,STK,22255,INE07OG01012,NDRAUTO,EQ,,,,,NDR AUTO COMPONENTS LTD,748.9,749.3,710.0,717.7,714.6,739.9,,717.71,,,7470,5452250.8,843,F1,1,,,,,
2026-09-30,2026-09-30,CM,NSE,STK,22722,INF767K01RN1,LICNMID100,EQ,,,,,LICNAMC - LICNMID100,60.97,60.97,59.38,59.63,60.0,60.29,,59.63,,,7451,446189.97,111,F1,1,,,,,
2026-09-30,2026-09-30,CM,NSE,STK,13381,INE401H01017,KKCL,EQ,,,,,KEWAL KIRAN CLOTHING LTD,467.1,472.25,458.0,460.35,465.0,467.1,,460.34,,,7446,3456283.45,603,F1,1,,,,,
2026-09-30,2026-09-30,CM,NSE,STK,24292,INE764D01017,VSTTILLERS,EQ,,,,,VST TILLERS TRACTORS LTD,4398.5,4421.1,4311.3,4390.0,4416.0,4427.4,,4389.5,,,7416,32331203.3,2518,F1,1,,,,,
2026-09-30,2026-09-30,CM,NSE,STK,23480,INE985A01022,SINCLAIR,EQ,,,,,SINCLAIRS HOTELS LIMITED,77.04,79.65,76.51,78.63,78.12,77.43,,78.69,,,7388,580550.62,369,F1,1,,,,,
2026-09-30,2026-09-30,CM,NSE,STK,765170,INE205F01016,STLSTRINF,EQ,,,,,STEEL STRIPS INFRA L,23.01,24.44,22.12,22.25,22.2,23.0,,22.25,,,7368,168128.87,93,F1,1,,,,,
2026-09-30,2026-09-30,CM,NSE,STK,8469,INE828O01033,MITCON,EQ,,,,,MITCON CON & ENG SER LTD,84.89,85.0,81.1,82.95,82.74,82.66,,82.95,,,7346,611268.51,132,F1,1,,,,,
2026-09-30,2026-09-30,CM,NSE,STK,13735,INE792H01019,GLOBALVECT,EQ,,,,,GLOBAL VEC HELICORP LTD,135.98,135.98,127.0,127.58,127.05,131.98,,127.62,,,7330,948918.63,318,F1,1,,,,,
2026-09-30,2026-09-30,CM,NSE,STK,760599,INF740KA1XU7,NEXT50ADD,EQ,,,,,DSPAMC - NEXT50ADD,70.75,70.93,70.02,70.4,70.4,70.4,,70.55,,,7326,514943.85,38,F1,1,,,,,
2026-09-30,2026-09-30,CM,NSE,STK,2979,INE749B01020,ORTINGLOBE,EQ,,,,,ORTIN GLOBAL LIMITED,15.2,15.2,14.25,14.32,14.3,14.72,,14.32,,,7318,104776.1,36,F1,1,,,,,
2026-09-30,2026-09-30,CM,NSE,STK,759842,INE351Y01019,BETA,EQ,,,,,BETA DRUGS LIMITED,2079.9,2095.0,2026.6,2053.0,2050.0,2064.9,,2053.0,,,7218,14896533.0,1270,F1,1,,,,,
2026-09-30,2026-09-30,CM,NSE,STK,765100,INE341H01023,LKPSEC,EQ,,,,,L K P SECURITIES LTD.,14.7,14.7,13.65,14.14,14.12,14.27,,14.07,,,7198,101332.42,100,F1,1,,,,,
2026-09-30,2026-09-30,CM,NSE,STK,762563,INE704G01024,BAJAJST,EQ,,,,,BAJAJ STEEL INDS. LTD.,345.1,347.75,340.0,345.45,344.0,345.1,,345.39,,,7198,2475622.35,303,F1,1,,,,,
2026-09-30,2026-09-30,CM,NSE,STK,762859,INE296E01026,RAJPALAYAM,EQ,,,,,RAJAPALAYAM MILLS LTD.,760.2,775.0,741.2,749.15,742.0,757.8,,749.42,,,7143,5423761.6,192,F1,1,,,,,
2026-09-30,2026-09-30,CM,NSE,STK,9305,INE992I01013,STARTECK,EQ,,,,,STARTECK FINANCE LIMITED,334.8,334.8,301.9,306.95,304.0,335.4,,306.95,,,7138,2231416.5,511,F1,1,,,,,
2026-09-30,2026-09-30,CM,NSE,STK,7848,INE828A01016,BIL,EQ,,,,,BHARTIYA INTERNATIONAL,1030.0,1030.0,952.95,995.1,999.95,1000.7,,995.1,,,7093,7070423.15,441,F1,1,,,,,
2026-09-30,2026-09-30,CM,NSE,STK,10634,INE900C01027,ASAL,EQ,,,,,AUTOMOTIVE STAMPINGS & AS,430.0,439.85,430.0,433.5,432.05,428.0,,433.37,,,7089,3082506.0,577,F1,1,,,,,
2026-09-30,2026-09-30,CM,NSE,STK,14657,INE070I01018,INSECTICID,EQ,,,,,INSECTICIDES (I) LTD,585.1,599.2,581.05,584.3,586.0,588.9,,584.22,,,7085,4171827.9,497,F1,1,,,,,
2026-09-30,2026-09-30,CM,NSE,STK,20196,INE844K01012,BEDMUTHA,EQ,,,,,BEDMUTHA INDUST LTD,109.2,111.97,105.1,109.96,107.81,107.46,,109.96,,,7028,763515.02,125,F1,1,,,,,
2026-09-30,2026-09-30,CM,NSE,STK,2268,INE861B01023,MOTOGENFIN,EQ,,,,,MOTOR & GENERAL FINANCE L,25.5,25.77,25.2,25.5,25.77,25.57,,25.46,,,7018,178667.57,33,F1,1,,,,,
2026-09-30,2026-09-30,CM,NSE,STK,14511,INE629D01020,BANSWRAS,EQ,,,,,BANSWARA SYNTEX LIMITED,110.43,110.43,107.27,108.61,108.6,107.31,,108.61,,,7017,760277.28,206,F1,1,,,,,
2026-09-30,2026-09-30,CM,NSE,STK,13463,INE156C01018,PIONEEREMB,EQ,,,,,PIONEER EMBROIDERIES LTD,21.0,21.25,20.45,20.59,21.0,20.79,,20.59,,,7008,145368.13,62,F1,1,,,,,
2026-09-30,2026-09-30,CM,NSE,STK,245,INE0CHO01012,ADL,EQ,,,,,ARCHIDPLY DECOR LIMITED,78.0,80.0,67.33,77.6,80.0,70.0,,77.52,,,6985,527665.7,117,F1,1,,,,,
2026-09-30,2026-09-30,CM,NSE,STK,14742,INF846K010Q0,SENSEXAXIS,EQ,,,,,AXISAMC-SENSEXAXIS,76.37,76.37,75.32,75.32,75.32,75.45,,75.32,,,6927,524190.51,53,F1,1,,,,,
2026-09-30,2026-09-30,CM,NSE,STK,3010,INF846K01Y96,ITAXIS,EQ,,,,,AXISAMC-ITAXIS,311.45,313.81,305.01,305.64,305.01,311.83,,305.34,,,6846,2113930.34,74,F1,1,,,,,
2026-09-30,2026-09-30,CM,NSE,STK,1663,INE209A01019,SUNDROP,EQ,,,,,SUNDROP BRANDS LIMITED,758.25,761.9,740.0,745.2,749.0,750.75,,745.02,,,6739,5017857.75,502,F1,1,,,,,
2026-09-30,2026-09-30,CM,NSE,STK,11072,INE449G01018,AGRITECH,EQ,,,,,AGRI-TECH (INDIA) LIMITED,97.2,97.2,90.5,91.17,91.0,93.19,,91.23,,,6729,621685.24,210,F1,1,,,,,
2026-09-30,2026-09-30,CM,NSE,STK,7780,INE977Y01011,BCONCEPTS,EQ,,,,,BRAND CONCEPTS LIMITED,144.9,145.77,136.5,140.66,140.55,139.25,,140.66,,,6718,959740.69,322,F1,1,,,,,
2026-09-30,2026-09-30,CM,NSE,STK,13565,INE278B01020,RAMANEWS,EQ,,,,,SHREE RAMA NEWSPRINT LTD,30.65,31.48,30.01,30.27,30.21,30.31,,30.27,,,6718,205456.59,106,F1,1,,,,,
2026-09-30,2026-09-30,CM,NSE,STK,4235,INE274C01019,WENDT,EQ,,,,,WENDT (INDIA) LIMITED,8371.0,8599.0,8270.0,8351.5,8340.0,8395.0,,8352.72,,,6714,56680845.0,2092,F1,1,,,,,
2026-09-30,2026-09-30,CM,NSE,STK,6156,INE738V01013,ARTNIRMAN,EQ,,,,,ART NIRMAN LIMITED,37.85,41.8,37.75,40.24,40.7,36.52,,40.24,,,6656,266746.11,75,F1,1,,,,,
2026-09-30,2026-09-30,CM,NSE,STK,7339,INF209KB16D7,ABSLNN50ET,EQ,,,,,BIRLASLAMC - ABSLNN50ET,74.85,74.93,73.04,73.58,73.6,74.11,,73.55,,,6636,490419.74,200,F1,1,,,,,
2026-09-30,2026-09-30,CM,NSE,STK,11852,INE713B01026,SURYALAXMI,EQ,,,,,SURYALAKSHMI COT MIL LTD,58.85,60.4,58.0,58.8,58.0,56.63,,58.8,,,6614,393015.33,90,F1,1,,,,,
2026-09-30,2026-09-30,CM,NSE,STK,761528,INE0ADB01012,INNOVISION,EQ,,,,,INNOVISION LIMITED,253.25,255.65,251.2,252.0,252.05,253.7,,252.02,,,6614,1671204.45,409,F1,1,,,,,
2026-09-30,2026-09-30,CM,NSE,STK,762874,INE185C01017,SAPPL,EQ,,,,,SHREE AJIT PULP & PAPER L,296.0,305.0,280.0,300.1,303.0,293.55,,300.33,,,6609,1950283.8,148,F1,1,,,,,
2026-09-30,2026-09-30,CM,NSE,STK,764583,INE841D01013,AMAL,EQ,,,,,AMAL LTD.,671.3,700.0,671.3,684.5,695.0,682.1,,686.74,,,6607,4539109.95,611,F1,1,,,,,
2026-09-30,2026-09-30,CM,NSE,STK,1455,INE557A01011,BIRLANU,EQ,,,,,BIRLANU LIMITED,1406.0,1426.5,1394.1,1400.1,1400.0,1406.0,,1400.3,,,6563,9250856.9,1130,F1,1,,,,,
2026-09-30,2026-09-30,CM,NSE,STK,5239,INE843B01013,MAHAPEXLTD,EQ,,,,,MAHA RASHTRA APEX COPR. L,50.37,52.0,50.37,51.0,51.0,50.82,,51.0,,,6541,335762.4,51,F1,1,,,,,
2026-09-30,2026-09-30,CM,NSE,STK,6422,INE370D01013,MANORG,EQ,,,,,MANGALAM ORGANICS LIMITED,447.05,456.4,445.35,452.25,447.5,447.7,,452.22,,,6490,2915467.45,217,F1,1,,,,,
2026-09-30,2026-09-30,CM,NSE,STK,3291,INE733A01018,STARPAPER,EQ,,,,,STAR PAPER MILLS LTD,153.06,158.0,150.03,152.52,154.8,153.03,,152.52,,,6486,1005183.52,169,F1,1,,,,,
2026-09-30,2026-09-30,CM,NSE,STK,11155,INE985W01018,CNL,EQ,,,,,CREATIVE NEWTECH LIMITED,1105.8,1156.9,1078.0,1082.2,1095.5,1097.7,,1082.41,,,6433,7055262.0,1022,F1,1,,,,,
2026-09-30,2026-09-30,CM,NSE,STK,17256,INE155C01010,ALBERTDAVD,EQ,,,,,ALBERT DAVID LIMITED,894.4,894.4,870.05,872.25,870.7,876.35,,872.18,,,6427,5650153.9,337,F1,1,,,,,
2026-09-30,2026-09-30,CM,NSE,STK,11961,INE617A01013,SEMAC,EQ,,,,,SEMAC CONSTRUCTION LTD,254.85,254.85,231.8,232.85,232.7,243.95,,232.96,,,6426,1549110.05,240,F1,1,,,,,
2026-09-30,2026-09-30,CM,NSE,STK,8654,INF247L01BL0,MOLOWVOL,EQ,,,,,MOTILALAMC - MOLOWVOL,34.57,34.57,34.21,34.23,34.32,34.57,,34.23,,,6425,220405.21,59,F1,1,,,,,
2026-09-30,2026-09-30,CM,NSE,STK,765045,INE298W01016,CHEMCRUX,EQ,,,,,CHEMCRUX ENTERPRISES LTD.,79.8,80.2,77.51,78.62,77.75,78.01,,78.62,,,6413,509600.43,98,F1,1,,,,,
2026-09-30,2026-09-30,CM,NSE,STK,757443,INF247L01FP2,MOTOUR,EQ,,,,,MOTILALAMC - MOTOUR,76.39,76.72,75.89,76.35,76.35,75.66,,76.35,,,6380,487122.7,82,F1,1,,,,,
2026-09-30,2026-09-30,CM,NSE,STK,20527,INE024D01016,PRUDMOULI,EQ,,,,,PRUDENTIAL SUGAR CORPORAT,14.0,14.0,12.6,13.39,13.33,13.98,,13.44,,,6380,85238.84,67,F1,1,,,,,
2026-09-30,2026-09-30,CM,NSE,STK,764803,INE839E01023,ODYCORP,EQ,,,,,ODYSSEY CORPORATION LTD.,7.07,7.08,6.67,6.97,6.98,7.08,,7.03,,,6337,43444.15,48,F1,1,,,,,
2026-09-30,2026-09-30,CM,NSE,STK,764733,INE577D01013,JYOTIRES,EQ,,,,,JYOTI RESINS & ADHESIVE L,850.0,850.0,832.0,835.45,845.0,840.95,,835.47,,,6331,5316353.85,425,F1,1,,,,,
2026-09-30,2026-09-30,CM,NSE,STK,765120,INE227F01010,MKEXIM,EQ,,,,,M K EXIM (INDIA) LTD.,69.95,69.95,64.72,66.84,66.91,66.72,,66.08,,,6295,420895.3,165,F1,1,,,,,
2026-09-30,2026-09-30,CM,NSE,STK,3453,INE014B01011,TECILCHEM,EQ,,,,,TECIL CHEMICALS,9.2,9.46,8.75,9.02,9.4,9.21,,9.02,,,6287,57036.31,61,F1,1,,,,,
2026-09-30,2026-09-30,CM,NSE,STK,17507,INE452L01012,INCREDIBLE,EQ,,,,,INCREDIBLE INDUSTRIES LTD,31.52,33.98,31.52,32.61,32.11,31.6,,32.36,,,6216,202985.99,72,F1,1,,,,,
2026-09-30,2026-09-30,CM,NSE,STK,765242,INE670O01013,ONEGLOBAL,EQ,,,,,ONE GLOBAL SERVICE PROV L,535.0,552.75,520.0,527.9,524.55,534.15,,528.09,,,6160,3259063.35,656,F1,1,,,,,
2026-09-30,2026-09-30,CM,NSE,STK,7091,INE955I01044,SEJALLTD,EQ,,,,,SEJAL GLASS LIMITED,656.9,680.0,656.8,674.0,674.9,648.75,,674.12,,,6126,4102342.75,343,F1,1,,,,,
2026-09-30,2026-09-30,CM,NSE,STK,765125,INE588G01021,MLKFOOD,EQ,,,,,MILKFOOD LTD.,84.24,85.99,81.0,83.36,85.9,84.24,,83.47,,,6097,510902.98,114,F1,1,,,,,
2026-09-30,2026-09-30,CM,NSE,STK,762807,INE166R01015,NATIONSTD,EQ,,,,,NATIONAL STAND (INDIA) L,117.8,117.8,113.5,113.87,113.5,114.54,,113.86,,,6077,696548.23,166,F1,1,,,,,
2026-09-30,2026-09-30,CM,NSE,STK,10515,INF789FB1X58,SENSEXBETA,EQ,,,,,UTIAMC-SENSEXBETA,796.01,813.0,796.01,805.88,807.0,804.77,,805.88,,,6072,4893844.79,170,F1,1,,,,,
2026-09-30,2026-09-30,CM,NSE,STK,25222,INE0UOS01011,SANOFICONR,EQ,,,,,SANOFI CONS HEALTHC IND L,3853.7,3919.0,3796.0,3802.8,3800.1,3867.0,,3802.88,,,6012,22971571.4,1369,F1,1,,,,,
2026-09-30,2026-09-30,CM,NSE,STK,2814,INE006Z01016,ARVEE,EQ,,,,,ARVEE LABORATORIES I LTD,233.99,235.79,222.2,225.16,226.4,232.85,,225.16,,,5986,1362961.28,308,F1,1,,,,,
2026-09-30,2026-09-30,CM,NSE,STK,8304,INE974Z01015,PRITI,EQ,,,,,PRITI INTERNATIONAL LTD,32.98,32.98,32.0,32.71,32.0,32.14,,32.71,,,5984,193724.58,82,F1,1,,,,,
2026-09-30,2026-09-30,CM,NSE,STK,1565,INE09E501017,RVHL,EQ,,,,,RAVINDER HEIGHTS LIMITED,37.8,39.0,37.8,38.2,38.5,38.28,,38.21,,,5964,229656.33,96,F1,1,,,,,
2026-09-30,2026-09-30,CM,NSE,STK,13730,INE020G01017,INSPIRISYS,EQ,,,,,INSPIRISYS SOLUTIONS LTD,84.22,90.0,84.22,87.16,87.57,85.92,,87.17,,,5963,517955.69,257,F1,1,,,,,
2026-09-30,2026-09-30,CM,NSE,STK,29733,INE047O01014,NIBL,EQ,,,,,NRB INDUS. BEARINGS LTD.,32.18,32.88,31.0,31.85,32.49,31.52,,31.92,,,5959,189467.45,116,F1,1,,,,,
2026-09-30,2026-09-30,CM,NSE,STK,1782,INE694E01014,KANPRPLA,EQ,,,,,KANPUR PLASTIPACK LIMITED,249.0,253.4,246.45,249.0,248.55,245.2,,248.89,,,5949,1484288.25,421,F1,1,,,,,
2026-09-30,2026-09-30,CM,NSE,STK,764613,INE767C01012,AXTEL,EQ,,,,,AXTEL INDUSTRIES LTD.,447.5,447.5,438.2,440.8,441.0,443.65,,440.53,,,5897,2600038.0,340,F1,1,,,,,
2026-09-30,2026-09-30,CM,NSE,STK,751745,INF666M01PG9,SMALLGROWW,EQ,,,,,GROWWAMC - SMALLGROWW,47.9,48.78,47.8,48.3,48.7,47.9,,48.3,,,5896,283667.88,60,F1,1,,,,,
2026-09-30,2026-09-30,CM,NSE,STK,16927,INE839G01010,JOCIL,EQ,,,,,JOCIL LIMITED,162.0,162.0,146.0,146.86,149.99,145.17,,146.86,,,5784,865023.78,113,F1,1,,,,,
2026-09-30,2026-09-30,CM,NSE,STK,21314,INE256H01015,DYNPRO,EQ,,,,,DYNEMIC PRODUCTS LIMITED,226.0,227.02,221.0,223.58,223.0,222.6,,223.58,,,5756,1290590.97,343,F1,1,,,,,
2026-09-30,2026-09-30,CM,NSE,STK,11445,INE417C01014,PILANIINVS,EQ,,,,,PILANI INV & IND COR LTD,4050.0,4127.0,3901.8,3956.5,3973.6,4027.7,,3957.7,,,5707,22893403.3,1520,F1,1,,,,,
2026-09-30,2026-09-30,CM,NSE,STK,10415,INE296G01013,MUTHOOTCAP,EQ,,,,,MUTHOOT CAP SERV LTD,219.32,221.5,216.52,218.9,217.03,217.07,,218.91,,,5699,1243141.3,387,F1,1,,,,,
2026-09-30,2026-09-30,CM,NSE,STK,11804,INE450E01029,SUKHJITS,EQ,,,,,SUKHJIT STARCH & CHEM LTD,158.01,158.62,155.05,156.42,155.05,157.95,,156.42,,,5663,890164.32,182,F1,1,,,,,
2026-09-30,2026-09-30,CM,NSE,STK,8024,INE039B01026,CINEVISTA,EQ,,,,,CINEVISTA LIMITED,13.75,13.99,13.65,13.83,13.65,13.64,,13.83,,,5653,78212.46,73,F1,1,,,,,
2026-09-30,2026-09-30,CM,NSE,STK,1756,INE197D01010,JINDALPOLY,EQ,,,,,JINDAL POLY FILMS LIMITED,681.5,688.55,670.0,672.55,670.0,675.3,,672.55,,,5648,3842140.55,586,F1,1,,,,,
2026-09-30,2026-09-30,CM,NSE,STK,17903,INE358A01014,ABBOTINDIA,EQ,,,,,ABBOTT INDIA LIMITED,27270.0,27495.0,27015.0,27125.0,27175.0,27270.0,,27125.64,,,5645,153807130.0,2987,F1,1,,,,,
2026-09-30,2026-09-30,CM,NSE,STK,19277,INE778K01012,EMAMIREAL,EQ,,,,,EMAMI REALTY LIMITED,67.7,68.49,66.95,67.43,66.95,66.94,,67.43,,,5618,379750.07,54,F1,1,,,,,
2026-09-30,2026-09-30,CM,NSE,STK,758300,INF666M01LB9,GROWWLOVOL,EQ,,,,,GROWWAMC - GROWWLOVOL,9.81,10.1,9.81,9.86,9.88,9.89,,9.86,,,5551,55047.13,93,F1,1,,,,,
2026-09-30,2026-09-30,CM,NSE,STK,17794,INE323J01019,SOMICONVEY,EQ,,,,,SOMI CONVEYOR BELT. LTD.,88.1,89.98,87.5,89.31,87.56,88.62,,89.29,,,5523,488228.86,127,F1,1,,,,,
2026-09-30,2026-09-30,CM,NSE,STK,14116,INE524B01027,GANDHITUBE,EQ,,,,,GANDHI SPL. TUBES LTD,970.0,974.5,945.0,951.55,950.0,966.55,,951.54,,,5516,5295732.1,650,F1,1,,,,,
2026-09-30,2026-09-30,CM,NSE,STK,11293,INE037A01022,UNIENTER,EQ,,,,,UNIPHOS ENTERPRISES LTD,91.1,91.1,88.67,88.75,89.2,89.01,,88.75,,,5499,488872.43,98,F1,1,,,,,
2026-09-30,2026-09-30,CM,NSE,STK,757099,INF247L01FK3,MOMGF,EQ,,,,,MOTILALAMC - MOMGF,155.8,159.0,154.75,155.08,155.13,155.86,,155.08,,,5453,847317.87,37,F1,1,,,,,
2026-09-30,2026-09-30,CM,NSE,STK,11864,INE032B01021,PRIMESECU,EQ,,,,,PRIME SECURITIES LIMITED,300.25,302.9,291.1,298.45,292.15,302.5,,298.45,,,5435,1615009.2,221,F1,1,,,,,
2026-09-30,2026-09-30,CM,NSE,STK,2085,INE288A01013,MAHSCOOTER,EQ,,,,,MAHARASHTRA SCOOTERS LTD,12300.0,12645.0,12300.0,12576.0,12515.0,12341.0,,12576.1,,,5414,67933855.0,2622,F1,1,,,,,
2026-09-30,2026-09-30,CM,NSE,STK,6068,INE801L01010,AIROLAM,EQ,,,,,AIRO LAM LIMITED,89.0,96.0,89.0,92.85,93.0,89.06,,92.85,,,5335,497256.51,92,F1,1,,,,,
2026-09-30,2026-09-30,CM,NSE,STK,1480,INE364Z01019,REPL,EQ,,,,,RUDRABHISHEK ENTERP LTD,64.13,64.13,59.0,59.35,59.16,61.14,,59.35,,,5329,326842.21,86,F1,1,,,,,
2026-09-30,2026-09-30,CM,NSE,STK,15234,INE540G01014,AMBIKCO,EQ,,,,,AMBIKA COTTON MILL LTD.,1531.0,1545.9,1516.2,1520.6,1522.4,1527.1,,1520.56,,,5265,8030270.6,645,F1,1,,,,,
2026-09-30,2026-09-30,CM,NSE,STK,22730,INE0QTF01015,VSTL,EQ,,,,,VIBHOR STEEL TUBES LTD,110.9,114.0,110.51,112.09,111.42,110.81,,112.91,,,5238,585791.87,320,F1,1,,,,,
2026-09-30,2026-09-30,CM,NSE,STK,764900,INE960E01019,SHIVAAGRO,EQ,,,,,SHIVA GLOBAL AGRO INDS. L,41.0,41.15,37.61,39.47,39.5,39.13,,39.47,,,5236,206197.56,94,F1,1,,,,,
2026-09-30,2026-09-30,CM,NSE,STK,703,INE303A01010,DICIND,EQ,,,,,DIC INDIA LIMITED,629.5,645.65,623.05,635.3,638.9,619.95,,635.3,,,5230,3313714.15,335,F1,1,,,,,
2026-09-30,2026-09-30,CM,NSE,STK,24217,INF205KA1CC7,IVZINNIFTY,EQ,,,,,INVESCO INDIA NIFTY ETF,255.15,263.21,255.15,259.83,260.43,261.7,,259.83,,,5228,1365663.94,32,F1,1,,,,,
2026-09-30,2026-09-30,CM,NSE,STK,11935,INE978G01016,SPLIL,EQ,,,,,SPL INDUSTRIES LIMITED,30.5,30.5,28.72,29.24,28.99,29.89,,29.24,,,5213,153839.87,62,F1,1,,,,,
2026-09-30,2026-09-30,CM,NSE,STK,765431,INF789F1AG76,NIF500BETA,EQ,,,,,UTIAMC - NIF500BETA,38.51,38.51,35.49,36.61,38.25,37.58,,35.8,,,5196,186053.77,60,F1,1,,,,,
2026-09-30,2026-09-30,CM,NSE,STK,17486,INE201K01015,EXPLEOSOL,EQ,,,,,EXPLEO SOLUTIONS LIMITED,858.0,873.9,855.0,857.85,866.5,858.3,,857.85,,,5181,4470859.55,809,F1,1,,,,,
2026-09-30,2026-09-30,CM,NSE,STK,19931,INE725E01024,ORISSAMINE,EQ,,,,,ORISSA MIN DEV CO LTD,3700.0,3743.8,3626.0,3651.5,3631.0,3673.3,,3651.29,,,5117,18859136.9,1189,F1,1,,,,,
2026-09-30,2026-09-30,CM,NSE,STK,184,INE822C01015,TCPLPACK,EQ,,,,,TCPL PACKAGING LIMITED,4117.4,4179.2,4050.0,4102.6,4101.0,4117.4,,4102.59,,,5095,20908611.2,1317,F1,1,,,,,
2026-09-30,2026-09-30,CM,NSE,STK,3608,INF846K01Z12,HEALTHAXIS,EQ,,,,,AXISAMC-HEALTHAXIS,168.43,169.21,164.0,164.49,164.62,168.43,,165.13,,,5086,841817.51,184,F1,1,,,,,
2026-09-30,2026-09-30,CM,NSE,STK,16875,INE176J01011,SICAGEN,EQ,,,,,SICAGEN INDIA LIMITED,51.2,52.88,51.2,51.74,51.6,51.18,,51.74,,,5078,264418.02,89,F1,1,,,,,
2026-09-30,2026-09-30,CM,NSE,STK,14245,INE421C01016,TVSSRICHAK,EQ,,,,,TVS SRICHAKRA LIMITED,4466.5,4520.0,4402.5,4437.5,4426.0,4435.0,,4438.16,,,4983,22233862.5,1434,F1,1,,,,,
2026-09-30,2026-09-30,CM,NSE,STK,762523,INE365O01028,ABANSENT,EQ,,,,,ABANS ENTERPRISES LTD.,26.33,26.96,26.3,26.46,26.96,26.87,,26.42,,,4977,131954.29,131,F1,1,,,,,
2026-09-30,2026-09-30,CM,NSE,STK,29590,INE03CC01015,JUBLCPL,EQ,,,,,JUBILANT AGRI N CON PRO L,2122.6,2141.5,2050.0,2061.2,2051.0,2107.4,,2060.05,,,4910,10283603.0,709,F1,1,,,,,
2026-09-30,2026-09-30,CM,NSE,STK,11039,INE08KP01019,DCMNVL,EQ,,,,,DCM NOUVELLE LIMITED,175.09,176.75,171.06,172.6,172.0,175.13,,172.6,,,4894,850634.66,744,F1,1,,,,,
2026-09-30,2026-09-30,CM,NSE,STK,4568,INE446A01025,ATLASCYCLE,EQ,,,,,ATLAS CYCLE (HARYANA) LTD,95.0,97.0,93.05,93.53,93.11,94.86,,93.53,,,4894,461446.22,181,F1,1,,,,,
2026-09-30,2026-09-30,CM,NSE,STK,9384,INE230B01021,CREATIVEYE,EQ,,,,,CREATIVE EYE LIMITED,6.15,6.75,5.85,6.12,6.14,6.03,,6.12,,,4878,30141.75,116,F1,1,,,,,
2026-09-30,2026-09-30,CM,NSE,STK,757946,INF174KA1WT6,QUALITY30,EQ,,,,,KOTAKMAMC - QUALITY30,19.47,19.6,19.28,19.4,19.42,19.4,,19.4,,,4845,94036.78,143,F1,1,,,,,
2026-09-30,2026-09-30,CM,NSE,STK,3384,INE277A01016,SWARAJENG,EQ,,,,,SWARAJ ENGINES LTD,3550.0,3583.6,3501.0,3546.2,3548.0,3548.2,,3545.85,,,4835,17132888.6,1240,F1,1,,,,,
2026-09-30,2026-09-30,CM,NSE,STK,3126,INE231C01019,SHREYANIND,EQ,,,,,SHREYANS INDUSTRIES LTD,129.95,133.99,129.0,130.45,130.8,129.0,,129.95,,,4801,627070.27,160,F1,1,,,,,
2026-09-30,2026-09-30,CM,NSE,STK,764688,INE265D01015,GKB,EQ,,,,,GKB OPHTHALMICS LTD.,65.93,69.75,64.0,64.33,64.35,65.93,,64.33,,,4797,314005.82,107,F1,1,,,,,
2026-09-30,2026-09-30,CM,NSE,STK,5528,INE823A01017,KOTHARIPRO,EQ,,,,,KOTHARI PRODUCTS LTD,66.5,66.5,65.0,65.35,65.0,65.09,,65.36,,,4794,314864.12,112,F1,1,,,,,
2026-09-30,2026-09-30,CM,NSE,STK,5114,INE00QT01015,SGIL,EQ,,,,,SYNERGY GREEN IND. LTD,633.3,669.0,633.3,666.2,666.0,657.35,,665.93,,,4759,3127671.8,390,F1,1,,,,,
2026-09-30,2026-09-30,CM,NSE,STK,765327,INF205KA1CA1,IVZSENSEX,EQ,,,,,RELIGARAMC - IVZSENSEX,73.03,73.5,72.51,72.77,72.77,73.03,,72.16,,,4734,345423.17,17,F1,1,,,,,
2026-09-30,2026-09-30,CM,NSE,STK,20956,INE0Q3R01026,SUNCLAY,EQ,,,,,SUNDARAM CLAYTON LIMITED,1239.7,1249.2,1225.0,1228.9,1228.0,1231.5,,1228.9,,,4681,5760485.0,388,F1,1,,,,,
2026-09-30,2026-09-30,CM,NSE,STK,758941,INE0P6P01016,CPEDU,EQ,,,,,CAREER POINT EDUTECH LTD,178.0,181.0,177.2,177.45,177.25,179.6,,177.45,,,4608,828642.14,52,F1,1,,,,,
2026-09-30,2026-09-30,CM,NSE,STK,4160,INE369C01017,NORBTEAEXP,EQ,,,,,NORBEN TEA & EXPORTS LTD,64.8,68.12,61.72,66.25,67.32,64.9,,66.25,,,4585,297721.73,85,F1,1,,,,,
2026-09-30,2026-09-30,CM,NSE,STK,764753,INE953E01022,KSE,EQ,,,,,KSE LTD.,178.99,180.38,177.0,177.81,177.0,177.99,,177.89,,,4570,815579.57,119,F1,1,,,,,
2026-09-30,2026-09-30,CM,NSE,STK,999,INE022C01012,EUROTEXIND,EQ,,,,,EUROTEX INDUSTRIES LTD,12.85,14.3,11.75,14.3,14.3,13.0,,14.3,,,4554,64715.65,26,F1,1,,,,,
2026-09-30,2026-09-30,CM,NSE,STK,757142,INF769K01OO2,EQUAL50,EQ,,,,,MIRAEAMC - EQUAL50,314.98,315.11,312.17,312.57,312.47,314.93,,312.56,,,4521,1418369.81,52,F1,1,,,,,
2026-09-30,2026-09-30,CM,NSE,STK,13839,INE668D01028,DONEAR,EQ,,,,,DONEAR IND. LIMITED,81.13,82.64,80.71,81.4,81.34,81.12,,81.39,,,4484,366036.85,184,F1,1,,,,,
2026-09-30,2026-09-30,CM,NSE,STK,16807,INE947I01017,LOTUSEYE,EQ,,,,,LOTUS EYE HOSP & INST L,114.9,115.9,113.51,115.89,115.67,113.2,,115.89,,,4479,513273.67,340,F1,1,,,,,
2026-09-30,2026-09-30,CM,NSE,STK,15151,INE925C01016,MADHAV,EQ,,,,,MADHAV MARBLE & GRANITE,34.81,35.89,34.1,34.16,34.12,34.81,,34.16,,,4441,152654.02,134,F1,1,,,,,
2026-09-30,2026-09-30,CM,NSE,STK,2799,INE783X01023,CHEMFAB,EQ,,,,,CHEMFAB ALKALIS LIMITED,359.8,359.8,335.0,335.9,335.4,343.5,,335.76,,,4381,1487779.5,369,F1,1,,,,,
2026-09-30,2026-09-30,CM,NSE,STK,29464,INF740KA1VE5,NEXT30ADD,EQ,,,,,DSPAMC - NEXT30ADD,41.0,41.04,40.7,40.74,40.74,41.11,,40.8,,,4370,178476.84,256,F1,1,,,,,
2026-09-30,2026-09-30,CM,NSE,STK,13510,INE737W01013,AKASH,EQ,,,,,AKASH INFRA-PROJECTS LTD,25.83,25.83,24.6,24.94,24.81,25.32,,24.94,,,4302,107893.02,57,F1,1,,,,,
2026-09-30,2026-09-30,CM,NSE,STK,759458,INF666M01LZ8,GROWWNXT50,EQ,,,,,GROWWAMC - GROWWNXT50,70.75,71.0,69.75,70.3,70.5,70.4,,70.3,,,4299,303124.65,64,F1,1,,,,,
2026-09-30,2026-09-30,CM,NSE,STK,14786,INF769K01JU9,LOWVOL,EQ,,,,,MIRAEAMC - MANV30F,194.22,194.66,192.72,193.0,193.49,195.1,,193.0,,,4298,833261.57,27,F1,1,,,,,
2026-09-30,2026-09-30,CM,NSE,STK,4037,INE218C01016,AUSOMENT,EQ,,,,,AUSOM ENTERPRISE LIMITED,142.31,145.9,139.01,140.68,145.9,143.75,,140.46,,,4187,589590.38,582,F1,1,,,,,
2026-09-30,2026-09-30,CM,NSE,STK,8687,INE374B01019,MUKTAARTS,EQ,,,,,MUKTA ARTS LIMITED,56.5,57.5,55.4,57.09,57.09,56.57,,57.09,,,4149,234010.72,31,F1,1,,,,,
2026-09-30,2026-09-30,CM,NSE,STK,21726,INE866R01028,MATRIMONY,EQ,,,,,MATRIMONY.COM LIMITED,519.5,529.8,519.05,523.8,526.0,519.25,,523.8,,,4149,2175295.7,228,F1,1,,,,,
2026-09-30,2026-09-30,CM,NSE,STK,2277,INE883A01011,MRF,EQ,,,,,MRF LTD,123000.0,125800.0,123000.0,125280.0,125500.0,123080.0,,125281.29,,,4133,514582245.0,2754,F1,1,,,,,
2026-09-30,2026-09-30,CM,NSE,STK,765252,INE761Q01015,VGCL,EQ,,,,,VIBRANT GLOBAL CAPITAL L,49.5,49.5,47.0,48.66,48.5,47.5,,48.66,,,4089,198278.91,21,F1,1,,,,,
2026-09-30,2026-09-30,CM,NSE,STK,9087,INE751B01018,PIXTRANS,EQ,,,,,PIX TRANSMISSIONS LIMITED,1732.3,1762.0,1725.0,1726.9,1725.0,1728.1,,1726.79,,,4070,7070832.5,865,F1,1,,,,,
2026-09-30,2026-09-30,CM,NSE,STK,13900,INE559D01011,CREST,EQ,,,,,CREST VENTURES LIMITED,364.95,375.0,355.0,366.85,366.0,356.9,,366.3,,,4058,1479647.8,123,F1,1,,,,,
2026-09-30,2026-09-30,CM,NSE,STK,10277,INE887E01022,NGLFINE,EQ,,,,,NGL FINE CHEM LIMITED,2893.9,2944.7,2823.1,2909.5,2900.0,2870.9,,2909.43,,,4054,11680472.2,947,F1,1,,,,,
2026-09-30,2026-09-30,CM,NSE,STK,764708,INE716F01012,INDOKEM,EQ,,,,,INDOKEM LTD.,625.0,625.0,595.2,600.45,609.9,617.0,,600.37,,,4030,2448977.5,303,F1,1,,,,,
2026-09-30,2026-09-30,CM,NSE,STK,4422,INE061A01014,INDIANCARD,EQ,,,,,INDIAN CARD CLOTHING CO.,180.9,190.0,180.0,186.13,189.9,183.72,,186.13,,,4029,744085.65,167,F1,1,,,,,
2026-09-30,2026-09-30,CM,NSE,STK,10181,INE875R01011,BALKRISHNA,EQ,,,,,BALKRISHNA PAPER MILLS L,15.88,16.49,15.76,16.29,16.4,15.87,,16.29,,,4016,65083.83,45,F1,1,,,,,
2026-09-30,2026-09-30,CM,NSE,STK,19025,INE250A01039,KIRLOSIND,EQ,,,,,KIRLOSKAR INDUSTRIES LTD,3600.0,3659.7,3545.2,3570.7,3597.7,3578.6,,3570.3,,,4008,14480833.1,946,F1,1,,,,,
2026-09-30,2026-09-30,CM,NSE,STK,1372,INE310C01029,HINDCOMPOS,EQ,,,,,HINDUSTAN COMPOSITES LTD.,377.5,390.95,377.4,381.3,380.0,377.5,,381.3,,,3953,1521616.35,259,F1,1,,,,,
2026-09-30,2026-09-30,CM,NSE,STK,27303,INE735M01018,SAMPANN,EQ,,,,,SAMPANN UTPADAN INDIA LTD,24.7,24.7,23.56,24.17,24.1,23.82,,24.17,,,3944,95093.59,70,F1,1,,,,,
2026-09-30,2026-09-30,CM,NSE,STK,14445,INE308A01027,NAHARPOLY,EQ,,,,,NAHAR POLY FILMS LIMITED,232.97,232.97,224.05,225.27,225.0,230.27,,225.26,,,3942,892447.19,188,F1,1,,,,,
2026-09-30,2026-09-30,CM,NSE,STK,2658,INE245B01011,PHOENXINTL,EQ,,,,,PHOENIX INTERNATIONAL LTD,28.4,29.55,28.16,28.71,28.4,28.05,,28.71,,,3924,113757.38,51,F1,1,,,,,
2026-09-30,2026-09-30,CM,NSE,STK,1482,INE076C01018,IFBAGRO,EQ,,,,,IFB AGRO INDUSTRIES LTD,905.45,932.4,881.0,891.65,895.0,905.45,,891.46,,,3890,3503646.25,463,F1,1,,,,,
2026-09-30,2026-09-30,CM,NSE,STK,8153,INE00EM01016,MEGASTAR,EQ,,,,,MEGASTAR FOODS LIMITED,252.2,260.55,248.0,249.05,248.8,253.15,,249.05,,,3858,971307.1,213,F1,1,,,,,
2026-09-30,2026-09-30,CM,NSE,STK,15360,INE049I01012,NAHARCAP,EQ,,,,,NAHAR CAP & FIN.,232.0,248.6,231.0,244.9,245.0,237.6,,244.91,,,3816,928603.9,86,F1,1,,,,,
2026-09-30,2026-09-30,CM,NSE,STK,5192,INE177F01017,KOVAI,EQ,,,,,KOVAI MEDICAL CENTER & HO,6013.5,6075.5,5981.0,6007.0,6002.0,6013.5,,6007.18,,,3797,22844869.5,1065,F1,1,,,,,
2026-09-30,2026-09-30,CM,NSE,STK,10406,INE395H01011,STEELCITY,EQ,,,,,STEEL CITY SECURITIES LTD,82.11,82.78,80.73,81.35,81.9,82.18,,81.35,,,3777,308801.21,117,F1,1,,,,,
2026-09-30,2026-09-30,CM,NSE,STK,762732,INE411F01010,KAMAHOLD,EQ,,,,,KAMA HOLDINGS LTD.,2256.0,2304.9,2251.9,2286.8,2288.0,2241.1,,2285.43,,,3772,8633096.1,1815,F1,1,,,,,
2026-09-30,2026-09-30,CM,NSE,STK,22415,INE597L01014,LOVABLE,EQ,,,,,LOVABLE LINGERIE LTD,71.0,72.45,69.8,71.05,70.32,71.0,,71.05,,,3749,267083.55,134,F1,1,,,,,
2026-09-30,2026-09-30,CM,NSE,STK,1129,INE586X01012,GTECJAINX,EQ,,,,,G-TEC JAINX EDUCATION LTD,32.62,32.62,32.62,32.62,32.62,29.66,,32.62,,,3654,119193.48,26,F1,1,,,,,
2026-09-30,2026-09-30,CM,NSE,STK,21427,INE924D01017,THEINVEST,EQ,,,,,THE INVEST TRUST OF IND L,92.34,94.74,91.25,93.45,93.7,90.53,,93.5,,,3646,337791.72,183,F1,1,,,,,
2026-09-30,2026-09-30,CM,NSE,STK,347,INE655B01011,BANARBEADS,EQ,,,,,BANARAS BEADS LTD,115.25,124.7,115.0,120.75,124.7,115.25,,120.69,,,3639,434497.76,94,F1,1,,,,,
2026-09-30,2026-09-30,CM,NSE,STK,762792,INE689O01013,MERCANTILE,EQ,,,,,MERCANTILE VENTURES LTD.,22.03,23.46,22.0,22.99,23.0,22.14,,22.99,,,3619,82831.25,27,F1,1,,,,,
2026-09-30,2026-09-30,CM,NSE,STK,14942,INE245I01016,NAGREEKCAP,EQ,,,,,NAGREEKA CAP & INFR.LTD,26.05,28.0,25.2,26.03,26.03,26.05,,26.54,,,3598,95852.18,51,F1,1,,,,,
2026-09-30,2026-09-30,CM,NSE,STK,809,INE032Z01020,BSHSL,EQ,,,,,BOMBAY SUPER HYBRID SEEDS,85.8,86.75,83.5,86.1,85.2,85.9,,86.4,,,3551,302247.91,70,F1,1,,,,,
2026-09-30,2026-09-30,CM,NSE,STK,474,INE470A01017,3MINDIA,EQ,,,,,3M INDIA LIMITED,31890.0,32695.0,31890.0,32160.0,31905.0,31890.0,,32158.63,,,3548,114749275.0,2370,F1,1,,,,,
2026-09-30,2026-09-30,CM,NSE,STK,20616,INE712B01010,SUPERHOUSE,EQ,,,,,SUPERHOUSE LIMITED,161.7,164.49,159.22,160.05,160.0,159.9,,160.06,,,3513,566855.18,138,F1,1,,,,,
2026-09-30,2026-09-30,CM,NSE,STK,16821,INE250B01029,VINYLINDIA,EQ,,,,,VINYL CHEMICALS (I) LTD.,218.45,222.0,215.0,219.03,217.2,214.68,,218.97,,,3507,767430.41,291,F1,1,,,,,
2026-09-30,2026-09-30,CM,NSE,STK,762623,INE515A01019,COCKERILL,EQ,,,,,JOHN COCKERILL INDIA LTD.,7905.5,8029.0,7840.5,7966.5,7995.0,7883.0,,7969.66,,,3420,27205445.5,1113,F1,1,,,,,
2026-09-30,2026-09-30,CM,NSE,STK,764895,INE960A01017,SHILGRAVQ,EQ,,,,,SHILP GRAVURES LTD.,142.0,149.8,139.82,146.05,146.05,139.82,,145.81,,,3356,483307.94,114,F1,1,,,,,
2026-09-30,2026-09-30,CM,NSE,STK,2598,INE606A01024,AMJLAND,EQ,,,,,AMJ LAND HOLDINGS LIMITED,38.04,38.58,37.4,37.62,37.5,38.04,,37.66,,,3327,126122.23,54,F1,1,,,,,
2026-09-30,2026-09-30,CM,NSE,STK,764698,INE074C01013,HINDADH,EQ,,,,,HINDUSTAN ADHESIVES LTD.,388.0,390.95,382.0,385.4,382.0,385.25,,385.4,,,3288,1262546.25,96,F1,1,,,,,
2026-09-30,2026-09-30,CM,NSE,STK,760923,INE0KNW01016,KNAGRI,EQ,,,,,KN AGRI RESOURCES LIMITED,204.9,204.9,192.0,198.13,199.0,199.92,,198.13,,,3274,648773.56,89,F1,1,,,,,
2026-09-30,2026-09-30,CM,NSE,STK,765185,INE967A01012,SWARNSAR,EQ,,,,,SWARNSARITA JEWELS IND L,41.29,41.94,39.1,39.96,40.0,41.29,,40.43,,,3258,130310.13,47,F1,1,,,,,
2026-09-30,2026-09-30,CM,NSE,STK,764288,INF754K01XG1,EMETAL,EQ,,,,,EDELAMC - EMETAL,12.76,12.98,12.65,12.66,12.65,12.76,,12.66,,,3247,41766.38,36,F1,1,,,,,
2026-09-30,2026-09-30,CM,NSE,STK,764713,INE558A01019,IPRINGLTD,EQ,,,,,IP RINGS LTD.,144.0,147.99,142.0,145.03,145.0,136.13,,144.62,,,3198,466828.03,151,F1,1,,,,,
2026-09-30,2026-09-30,CM,NSE,STK,759205,INE1FF001016,JKIPL,EQ,,,,,JINKUSHAL INDUSTRIES LTD,96.05,100.5,96.0,97.7,97.0,97.69,,97.7,,,3154,308674.27,68,F1,1,,,,,
2026-09-30,2026-09-30,CM,NSE,STK,7480,INE472B01011,BLUECOAST,EQ,,,,,BLUE COAST HOTELS LIMITED,22.7,23.8,22.01,22.07,22.06,22.7,,22.07,,,3112,70786.74,23,F1,1,,,,,
2026-09-30,2026-09-30,CM,NSE,STK,759891,INF247L01GI5,MOIPO,EQ,,,,,MOTILALAMC - MOIPO,46.66,46.95,46.22,46.42,46.42,46.43,,46.42,,,3076,142785.31,26,F1,1,,,,,
2026-09-30,2026-09-30,CM,NSE,STK,12809,INE965B01022,HYBRIDFIN,EQ,,,,,HYBRID FINANCIAL SERVICE,17.74,18.35,17.5,17.94,17.94,17.82,,18.0,,,3054,54227.05,38,F1,1,,,,,
2026-09-30,2026-09-30,CM,NSE,STK,764833,INE383L01019,PARNAXLAB,EQ,,,,,PARNAX LAB LTD.,112.0,117.74,109.99,111.73,111.0,113.37,,111.6,,,2982,332852.59,122,F1,1,,,,,
2026-09-30,2026-09-30,CM,NSE,STK,5732,INF846K016C7,CONSUMAXIS,EQ,,,,,AXISAMC-CONSUMAXIS,115.58,116.9,113.9,113.93,116.9,115.71,,113.93,,,2958,338189.1,45,F1,1,,,,,
2026-09-30,2026-09-30,CM,NSE,STK,760277,INE537F01012,MODINATUR,EQ,,,,,MODI NATURALS LIMITED,341.0,348.0,333.0,336.0,334.1,339.65,,333.28,,,2947,995326.9,175,F1,1,,,,,
2026-09-30,2026-09-30,CM,NSE,STK,19036,INE371C01013,PODDARMENT,EQ,,,,,PODDAR PIGMENTS LIMITED,259.2,266.7,255.6,257.15,262.5,259.05,,257.15,,,2926,764840.45,159,F1,1,,,,,
2026-09-30,2026-09-30,CM,NSE,STK,760054,INF247L01GK1,MOMNC,EQ,,,,,MOTILALAMC - MOMNC,30.82,30.82,30.22,30.25,30.22,30.67,,30.25,,,2920,88876.6,36,F1,1,,,,,
2026-09-30,2026-09-30,CM,NSE,STK,278,INE449A01011,AUTOAXLES,EQ,,,,,AUTOMOTIVE AXLES LIMITED,1682.0,1717.0,1680.0,1706.5,1714.0,1699.6,,1706.4,,,2884,4895266.3,293,F1,1,,,,,
2026-09-30,2026-09-30,CM,NSE,STK,715,INE492A01029,SUDARCOLOR,EQ,,,,,SUDARSHAN COLORNT IND LTD,380.9,390.0,375.0,376.95,376.0,383.7,,376.99,,,2873,1096172.2,361,F1,1,,,,,
2026-09-30,2026-09-30,CM,NSE,STK,765205,INE400A01014,TUTIALKA,EQ,,,,,TUTICORIN ALKAL CH & FE L,55.8,56.0,54.0,54.4,55.33,54.74,,54.4,,,2819,154269.71,81,F1,1,,,,,
2026-09-30,2026-09-30,CM,NSE,STK,20950,INE722J01012,RKDL,EQ,,,,,RAVI KUMAR DIST. LTD.,18.47,18.47,17.6,18.17,18.2,18.36,,18.13,,,2815,50564.81,59,F1,1,,,,,
2026-09-30,2026-09-30,CM,NSE,STK,1923,INE658T01017,WEALTH,EQ,,,,,WEALTH FRST PORT. MG. LTD,899.95,920.0,865.0,907.85,905.6,887.5,,907.64,,,2780,2488231.45,303,F1,1,,,,,
2026-09-30,2026-09-30,CM,NSE,STK,19289,INF247L01536,MOM50,EQ,,,,,MOTILAL OSWAL M50 ETF,239.0,239.0,236.01,236.92,236.01,239.16,,236.92,,,2762,656878.72,155,F1,1,,,,,
2026-09-30,2026-09-30,CM,NSE,STK,15229,INF767K01PC8,LICNFNHGP,EQ,,,,,LICNAMC - LICNFNHGP,259.89,265.0,255.1,264.99,264.99,268.85,,264.99,,,2734,708797.15,39,F1,1,,,,,
2026-09-30,2026-09-30,CM,NSE,STK,757167,INF247L01FD8,MONEXT50,EQ,,,,,MOTILALAMC - MONEXT50,70.33,70.48,69.8,69.98,70.01,70.31,,69.98,,,2698,189272.77,55,F1,1,,,,,
2026-09-30,2026-09-30,CM,NSE,STK,759130,INE08PH01015,ABCOTS,EQ,,,,,A B COTSPIN INDIA LIMITED,204.5,204.5,192.7,196.49,197.39,198.84,,196.49,,,2630,518428.59,146,F1,1,,,,,
2026-09-30,2026-09-30,CM,NSE,STK,19867,INE275D01022,AMNPLST,EQ,,,,,AMINES & PLASTICIZERS LTD,174.9,174.9,168.56,171.57,170.05,170.18,,171.57,,,2629,451702.94,79,F1,1,,,,,
2026-09-30,2026-09-30,CM,NSE,STK,4471,INE579B01039,ELPROINTL,EQ,,,,,ELPRO INTERNATIONAL LTD,170.4,174.1,170.4,174.0,172.01,170.47,,174.0,,,2626,454478.9,120,F1,1,,,,,
2026-09-30,2026-09-30,CM,NSE,STK,14319,INE804H01012,TFL,EQ,,,,,TRANSWARRANTY FIN. LTD.,11.89,12.19,11.62,11.63,11.63,11.64,,11.63,,,2612,30731.41,21,F1,1,,,,,
2026-09-30,2026-09-30,CM,NSE,STK,1205,INE533A01012,GOODYEAR,EQ,,,,,GOODYEAR INDIA LIMITED,713.9,713.9,700.1,703.15,700.5,702.55,,703.5,,,2595,1826783.05,495,F1,1,,,,,
2026-09-30,2026-09-30,CM,NSE,STK,13885,INE413D01011,ARIHANT,EQ,,,,,ARIHANT FOUN & HOU LTD,884.9,920.4,855.55,900.7,900.0,888.9,,900.7,,,2591,2311183.5,157,F1,1,,,,,
2026-09-30,2026-09-30,CM,NSE,STK,16657,INE087B01017,ANIKINDS,EQ,,,,,ANIK INDUSTRIES LTD,44.89,44.89,43.8,44.45,44.47,43.98,,44.47,,,2550,113011.94,88,F1,1,,,,,
2026-09-30,2026-09-30,CM,NSE,STK,764673,INE515H01014,EMPIND,EQ,,,,,EMPIRE INDUSTRIES LTD.,1052.0,1066.0,1052.0,1057.1,1066.0,1046.2,,1057.1,,,2549,2690967.6,264,F1,1,,,,,
2026-09-30,2026-09-30,CM,NSE,STK,19205,INE759V01019,HEADSUP,EQ,,,,,HEADS UP VENTURES LIMITED,6.78,6.84,6.33,6.75,6.84,6.45,,6.75,,,2539,16804.04,59,F1,1,,,,,
2026-09-30,2026-09-30,CM,NSE,STK,7048,INE782E01017,HESTERBIO,EQ,,,,,HESTER BIOSCIENCES LTD,2163.6,2240.1,2160.2,2175.8,2160.2,2165.0,,2175.74,,,2531,5547553.6,426,F1,1,,,,,
2026-09-30,2026-09-30,CM,NSE,STK,13740,INE635A01023,SHYAMTEL,EQ,,,,,SHYAM TELECOM LIMITED,10.81,11.34,10.81,10.99,10.81,10.86,,11.03,,,2507,27608.24,25,F1,1,,,,,
2026-09-30,2026-09-30,CM,NSE,STK,11065,INE448G01010,NATHBIOGEN,EQ,,,,,NATH BIO-GENES (I) LTD,145.3,145.44,142.35,142.81,142.35,142.22,,142.82,,,2506,359481.96,162,F1,1,,,,,
2026-09-30,2026-09-30,CM,NSE,STK,4548,INE610B01024,GUJRAFFIA,EQ,,,,,GUJARAT RAFFIA INDUST LTD,40.21,40.7,39.75,40.69,40.4,40.21,,40.69,,,2496,100692.98,34,F1,1,,,,,
2026-09-30,2026-09-30,CM,NSE,STK,760001,INF247L01GJ3,MOSERVICE,EQ,,,,,MOTILALAMC - MOSERVICE,29.4,30.3,29.08,29.73,29.27,29.32,,29.73,,,2492,73229.45,47,F1,1,,,,,
2026-09-30,2026-09-30,CM,NSE,STK,4344,INE277B01014,PUNJABCHEM,EQ,,,,,PUNJAB CHEM & CROP PROT L,1025.9,1059.8,1025.9,1054.5,1059.7,1035.8,,1054.5,,,2439,2560886.2,566,F1,1,,,,,
2026-09-30,2026-09-30,CM,NSE,STK,21275,INE519C01017,SUMMITSEC,EQ,,,,,SUMMIT SECURITIES LTD,1330.4,1336.4,1305.0,1318.9,1320.8,1322.6,,1319.06,,,2412,3178197.1,473,F1,1,,,,,
2026-09-30,2026-09-30,CM,NSE,STK,15121,INE00CE01017,SVLL,EQ,,,,,SHREE VASU LOGISTICS LTD,813.5,835.05,805.0,805.8,805.0,813.35,,805.8,,,2386,1955495.1,99,F1,1,,,,,
2026-09-30,2026-09-30,CM,NSE,STK,762909,INE997I01012,SHRIKRISH,EQ,,,,,SHRI KRISHNA DEVCON LTD.,35.2,35.2,33.17,33.89,34.0,36.1,,33.89,,,2386,81344.38,31,F1,1,,,,,
2026-09-30,2026-09-30,CM,NSE,STK,764728,INE354A01013,JENBURPH,EQ,,,,,JENBURKT PHARMACEUTICAL L,930.0,944.0,911.2,914.6,912.5,924.0,,915.33,,,2329,2143703.3,121,F1,1,,,,,
2026-09-30,2026-09-30,CM,NSE,STK,764738,INE344D01018,KAMANWALA,EQ,,,,,KAMANWALA HOUSING CONST L,16.5,17.1,16.4,16.9,16.9,17.1,,17.15,,,2326,38834.42,289,F1,1,,,,,
2026-09-30,2026-09-30,CM,NSE,STK,18347,INF789F1AYX9,MIDCAPBETA,EQ,,,,,UTIAMC-MIDCAPBETA,223.85,224.0,221.02,223.12,223.5,224.61,,223.12,,,2319,514883.51,49,F1,1,,,,,
2026-09-30,2026-09-30,CM,NSE,STK,762824,INE265B01019,NITTAGELA,EQ,,,,,NITTA GELATIN INDIA LTD.,1710.6,1735.0,1651.5,1678.6,1666.0,1702.8,,1680.37,,,2312,3932833.7,423,F1,1,,,,,
2026-09-30,2026-09-30,CM,NSE,STK,19073,INE754X01016,AARVI,EQ,,,,,AARVI ENCON LIMITED,135.1,138.0,135.1,136.83,137.0,136.21,,136.87,,,2281,311552.02,102,F1,1,,,,,
2026-09-30,2026-09-30,CM,NSE,STK,762648,INE934C01018,DRAGARWQ,EQ,,,,,DR. AGARWAL'S EYE HOSP L,5190.0,5201.0,5061.0,5130.0,5065.0,5129.5,,5128.84,,,2230,11412008.0,642,F1,1,,,,,
2026-09-30,2026-09-30,CM,NSE,STK,1214,INE393A01011,DELTAMAGNT,EQ,,,,,DELTA MANUFACTURING LTD,57.2,58.5,57.01,57.19,57.5,57.07,,57.19,,,2227,127955.3,33,F1,1,,,,,
2026-09-30,2026-09-30,CM,NSE,STK,16908,INE486Y01013,TOUCHWOOD,EQ,,,,,TOUCHWOOD ENTERTAIN LTD.,59.01,60.0,57.0,59.22,59.79,59.99,,59.22,,,2223,129955.09,111,F1,1,,,,,
2026-09-30,2026-09-30,CM,NSE,STK,2004,INE00PV01013,AHLADA,EQ,,,,,AHLADA ENGINEERS LIMITED,37.9,38.74,37.05,37.09,37.06,37.15,,37.09,,,2221,83356.8,50,F1,1,,,,,
2026-09-30,2026-09-30,CM,NSE,STK,765145,INE501F01018,PBMPOLY,EQ,,,,,P B M POLYTEX LTD.,59.47,69.8,57.16,60.32,57.16,61.0,,60.07,,,2085,126815.94,32,F1,1,,,,,
2026-09-30,2026-09-30,CM,NSE,STK,25725,INF769K01LZ4,BANKPSU,EQ,,,,,MIRAEAMC - BANKPSU,81.56,81.87,81.0,81.09,81.0,80.9,,81.1,,,2084,169934.5,70,F1,1,,,,,
2026-09-30,2026-09-30,CM,NSE,STK,764875,INE327G01032,SAYAJIIND,EQ,,,,,SAYAJI INDUSTRIES LTD.,121.0,121.0,116.5,119.9,119.9,118.7,,119.86,,,2055,248210.87,14,F1,1,,,,,
2026-09-30,2026-09-30,CM,NSE,STK,2711,INE283A01014,PRECOT,EQ,,,,,PRECOT LIMITED,650.0,650.1,615.0,627.7,643.4,638.55,,627.7,,,2044,1289109.75,127,F1,1,,,,,
2026-09-30,2026-09-30,CM,NSE,STK,761693,INF247L01GV8,MOBANK10,EQ,,,,,MOTILALAMC - MOBANK10,16.04,16.39,16.0,16.37,16.37,16.04,,16.37,,,2028,32873.25,38,F1,1,,,,,
2026-09-30,2026-09-30,CM,NSE,STK,17270,INE991I01015,ASPINWALL,EQ,,,,,ASPINWALL & CO LTD,242.5,250.15,240.0,241.85,241.05,242.5,,241.85,,,2012,489030.6,74,F1,1,,,,,
2026-09-30,2026-09-30,CM,NSE,STK,17613,INF740KA1SZ6,SENSEXADD,EQ,,,,,DSPAMC - DSPSENXETF,75.11,76.5,74.85,75.14,75.18,74.74,,75.14,,,1980,148795.77,36,F1,1,,,,,
2026-09-30,2026-09-30,CM,NSE,STK,764633,INE630D01010,BRIGHTBR,EQ,,,,,BRIGHT BROTHERS LTD.,254.0,254.0,246.0,252.9,252.7,248.85,,252.9,,,1978,498807.55,49,F1,1,,,,,
2026-09-30,2026-09-30,CM,NSE,STK,18644,INE591D01014,DIAMINESQ,EQ,,,,,DIAMINES & CHEMICALS LTD,243.38,243.38,236.6,238.5,237.16,239.88,,238.53,,,1955,468890.79,109,F1,1,,,,,
2026-09-30,2026-09-30,CM,NSE,STK,14557,INE210C01013,AROGRANITE,EQ,,,,,ARO GRANITE IND. LTD.,23.0,23.89,22.2,23.28,23.62,22.81,,23.32,,,1925,44291.14,43,F1,1,,,,,
2026-09-30,2026-09-30,CM,NSE,STK,2433,INE910A01012,NIRLON,EQ,,,,,NIRLON LTD,610.0,610.0,601.0,605.0,605.0,605.85,,602.66,,,1909,1155368.25,256,F1,1,,,,,
2026-09-30,2026-09-30,CM,NSE,STK,4201,INE314C01013,SOMATEX,EQ,,,,,SOMA TEXTILES & INDUST LT,79.35,81.7,79.05,79.16,79.05,81.52,,79.16,,,1858,148151.98,40,F1,1,,,,,
2026-09-30,2026-09-30,CM,NSE,STK,1200,INF769K01GS9,ESG,EQ,,,,,MIRAEAMC - MAESGETF,39.06,39.12,38.75,38.83,38.83,38.87,,38.83,,,1842,71737.78,55,F1,1,,,,,
2026-09-30,2026-09-30,CM,NSE,STK,4157,INE681C01015,KEYFINSERV,EQ,,,,,KEYNOTE FIN SERV LTD.,247.8,247.8,234.7,242.95,241.0,233.0,,243.01,,,1823,443078.5,73,F1,1,,,,,
2026-09-30,2026-09-30,CM,NSE,STK,764838,INE418E01018,PERMAGN,EQ,,,,,PERMANENT MAGNETS LTD.,840.0,841.75,825.05,832.05,837.45,837.1,,832.16,,,1822,1519834.75,241,F1,1,,,,,
2026-09-30,2026-09-30,CM,NSE,STK,3912,INE731C01018,KHAITANLTD,EQ,,,,,KHAITAN (INDIA)LTD.,154.79,154.79,146.25,146.25,146.25,150.01,,146.25,,,1789,267632.3,51,F1,1,,,,,
2026-09-30,2026-09-30,CM,NSE,STK,3417,INE671A01010,HONAUT,EQ,,,,,HONEYWELL AUTOMATION IND,33980.0,34240.0,33360.0,33460.0,33400.0,33980.0,,33460.98,,,1786,60158345.0,1248,F1,1,,,,,
2026-09-30,2026-09-30,CM,NSE,STK,1811,INE437B01014,KAKATCEM,EQ,,,,,KAKATIYA CEM SUGAR &IND L,107.88,107.9,104.4,105.18,105.05,107.83,,105.18,,,1761,185957.71,50,F1,1,,,,,
2026-09-30,2026-09-30,CM,NSE,STK,12009,INE547E01014,IMPAL,EQ,,,,,IND MOTOR PART & ACC LTD,1049.4,1067.9,1029.4,1037.5,1037.0,1042.6,,1038.17,,,1754,1821712.1,354,F1,1,,,,,
2026-09-30,2026-09-30,CM,NSE,STK,16819,INF082J01499,QNIFTY,EQ,,,,,QUANTUM NIFTY 50 ETF,244.44,251.6,244.44,249.78,249.8,250.71,,249.79,,,1753,439083.29,105,F1,1,,,,,
2026-09-30,2026-09-30,CM,NSE,STK,6782,INE567A01028,NIPPOBATRY,EQ,,,,,INDO-NATIONAL LIMITED,331.8,331.8,320.0,327.4,330.0,322.7,,327.41,,,1726,563997.9,120,F1,1,,,,,
2026-09-30,2026-09-30,CM,NSE,STK,31507,INE147P01019,JPOLYINVST,EQ,,,,,JIND POL INV & FIN CO LTD,950.0,959.5,930.05,933.4,937.5,950.0,,933.36,,,1705,1607204.85,305,F1,1,,,,,
2026-09-30,2026-09-30,CM,NSE,STK,3138,INE634A01018,HONDAPOWER,EQ,,,,,HONDA I POWER PRODUCT LTD,1870.1,1916.9,1868.1,1874.5,1870.0,1886.0,,1874.5,,,1685,3176477.1,405,F1,1,,,,,
2026-09-30,2026-09-30,CM,NSE,STK,764768,INE026D01011,LOTUSCHO,EQ,,,,,LOTUS CHOCOLATE CO. LTD.,554.55,564.95,546.1,550.35,550.0,554.55,,550.41,,,1679,926268.65,237,F1,1,,,,,
2026-09-30,2026-09-30,CM,NSE,STK,20159,INE643K01018,ARIHANTSUP,EQ,,,,,ARIHANT SUPERSTRUCT LTD,230.0,231.6,221.35,222.85,227.45,230.25,,222.85,,,1653,372468.95,179,F1,1,,,,,
2026-09-30,2026-09-30,CM,NSE,STK,9641,INE060B01014,KHANDSE,EQ,,,,,KHANDWALA SECURITIES LTD,17.49,17.49,16.9,17.2,17.47,17.06,,17.21,,,1628,27711.28,14,F1,1,,,,,
2026-09-30,2026-09-30,CM,NSE,STK,11779,INE543V01017,ACEINTEG,EQ,,,,,ACE INTEGRATED SOLU. LTD.,16.71,17.0,16.4,16.77,16.84,16.4,,16.77,,,1622,27047.56,43,F1,1,,,,,
2026-09-30,2026-09-30,CM,NSE,STK,764940,INE159L01013,SVGLOBAL,EQ,,,,,S V GLOBAL MILL LTD.,143.19,146.5,135.11,137.18,138.0,143.2,,137.18,,,1595,224021.13,74,F1,1,,,,,
2026-09-30,2026-09-30,CM,NSE,STK,5865,INE548Z01017,LAGNAM,EQ,,,,,LAGNAM SPINTEX LIMITED,72.15,74.9,72.02,72.24,72.25,72.02,,72.24,,,1580,114763.72,20,F1,1,,,,,
2026-09-30,2026-09-30,CM,NSE,STK,765313,INF769K01RK3,LARGEMID50,EQ,,,,,MIRAEAMC - LARGEMID50,34.54,34.6,34.4,34.42,34.4,34.54,,34.44,,,1552,53534.18,13,F1,1,,,,,
2026-09-30,2026-09-30,CM,NSE,STK,9168,INF789F1AUU3,SNXT50BETA,EQ,,,,,UTIAMC-SNXT50BETA,91.14,91.67,88.79,88.91,90.49,90.13,,89.05,,,1552,140559.7,84,F1,1,,,,,
2026-09-30,2026-09-30,CM,NSE,STK,7965,INE389C01015,MALLCOM,EQ,,,,,MALLCOM (INDIA) LIMITED,939.6,965.5,936.2,938.95,937.05,939.65,,938.93,,,1522,1441592.5,286,F1,1,,,,,
2026-09-30,2026-09-30,CM,NSE,STK,3837,INE932C01012,TOKYOPLAST,EQ,,,,,TOKYO PLAST INTL LTD,73.5,74.9,71.01,73.2,73.2,73.5,,73.2,,,1509,110188.37,31,F1,1,,,,,
2026-09-30,2026-09-30,CM,NSE,STK,764643,INE084D01010,CGVAK,EQ,,,,,C G V A K SOFTWARE & EX L,151.5,151.5,145.31,145.69,149.91,148.97,,145.79,,,1492,221483.3,57,F1,1,,,,,
2026-09-30,2026-09-30,CM,NSE,STK,764336,INF179KC1KT4,HDFCNIMEG,EQ,,,,,HDFCAMC - HDFCNIMEG,129.53,129.53,127.0,128.0,128.28,129.53,,128.0,,,1482,190470.38,66,F1,1,,,,,
2026-09-30,2026-09-30,CM,NSE,STK,1979,INE269B01029,LMW,EQ,,,,,LMW LIMITED,16961.0,17054.0,16800.0,16862.0,16813.0,16957.0,,16861.91,,,1450,24496386.0,773,F1,1,,,,,
2026-09-30,2026-09-30,CM,NSE,STK,765085,INE227B01019,HINDALUMI,EQ,,,,,HIND ALUMINIUM INDS. LTD.,91.99,93.0,90.31,92.69,90.9,90.15,,91.16,,,1416,130896.76,84,F1,1,,,,,
2026-09-30,2026-09-30,CM,NSE,STK,7902,INE850E01012,LFIC,EQ,,,,,LAKSHMI FIN IND CORP LTD,130.55,132.02,129.0,131.22,129.03,129.51,,131.22,,,1406,184648.58,39,F1,1,,,,,
2026-09-30,2026-09-30,CM,NSE,STK,762695,INE926B01016,GRANDOAK,EQ,,,,,GRAND OAK CANYONS DIST L,35.01,35.01,33.94,34.19,34.74,35.72,,34.23,,,1400,47990.27,46,F1,1,,,,,
2026-09-30,2026-09-30,CM,NSE,STK,4105,INE923A01015,SILINV,EQ,,,,,SIL INVESTMENTS LIMITED,435.0,444.9,431.0,431.45,431.0,436.6,,431.45,,,1394,605681.85,116,F1,1,,,,,
2026-09-30,2026-09-30,CM,NSE,STK,759995,INF754K01VY8,ESENSEX,EQ,,,,,EDELAMC - ESENSEX,73.56,73.9,73.0,73.25,73.25,74.4,,73.25,,,1347,99217.28,27,F1,1,,,,,
2026-09-30,2026-09-30,CM,NSE,STK,20092,INE488B01017,TASTYBITE,EQ,,,,,TASTY BITE EATABLES LTD,9703.0,9759.0,9415.0,9487.0,9491.0,9611.0,,9491.69,,,1318,12625376.0,524,F1,1,,,,,
2026-09-30,2026-09-30,CM,NSE,STK,765175,INE886B01012,SUMEDHA,EQ,,,,,SUMEDHA FISCAL SERVICES L,44.5,46.9,44.0,45.48,45.5,43.63,,44.79,,,1311,59532.05,96,F1,1,,,,,
2026-09-30,2026-09-30,CM,NSE,STK,762653,INE280B01018,ELANTAS,EQ,,,,,ELANTAS BECK INDIA LTD.,13850.0,13978.0,13643.0,13839.0,13850.0,13649.0,,13833.68,,,1294,17895262.0,578,F1,1,,,,,
2026-09-30,2026-09-30,CM,NSE,STK,9652,INE750D01016,RELCHEMQ,EQ,,,,,RELIANCE CHEMOTEX IND LTD,115.0,116.85,113.18,116.23,116.79,113.09,,115.63,,,1280,147279.16,73,F1,1,,,,,
2026-09-30,2026-09-30,CM,NSE,STK,762834,INE291E01019,PML,EQ,,,,,PAUL MERCHANTS LTD.,498.95,498.95,465.0,465.85,477.3,472.7,,465.57,,,1277,599529.45,72,F1,1,,,,,
2026-09-30,2026-09-30,CM,NSE,STK,7791,INE481Z01011,UNIINFO,EQ,,,,,UNIINFO TELECOM SERVI LTD,11.03,11.35,10.61,10.94,11.09,11.08,,10.94,,,1270,14002.4,25,F1,1,,,,,
2026-09-30,2026-09-30,CM,NSE,STK,760247,INF209KC1670,ABSL10BANK,EQ,,,,,BIRLASLAMC - ABSL10BANK,161.0,163.62,161.0,162.51,162.47,160.58,,162.51,,,1230,200620.79,19,F1,1,,,,,
2026-09-30,2026-09-30,CM,NSE,STK,764378,INF754K01XH9,EBANK10,EQ,,,,,EDELAMC - EBANK10,16.1,16.23,15.74,15.82,15.74,16.04,,15.84,,,1176,18842.16,18,F1,1,,,,,
2026-09-30,2026-09-30,CM,NSE,STK,757953,INE505V01016,EUROBOND,EQ,,,,,EURO PANEL PRODUCTS LTD,150.0,151.89,145.65,146.25,146.25,147.12,,146.25,,,1174,171816.69,75,F1,1,,,,,
2026-09-30,2026-09-30,CM,NSE,STK,359,INE294G01026,ROML,EQ,,,,,RAJ OIL MILLS LIMITED,41.56,43.53,41.56,43.38,43.39,41.91,,43.38,,,1171,50633.92,46,F1,1,,,,,
2026-09-30,2026-09-30,CM,NSE,STK,4444,INE979B01015,HAWKINCOOK,EQ,,,,,HAWKINS COOKERS LTD,7904.0,8050.5,7828.5,8007.5,7950.0,7904.0,,8007.09,,,1137,9008832.5,496,F1,1,,,,,
2026-09-30,2026-09-30,CM,NSE,STK,381,INE129Z01016,SINTERCOM,EQ,,,,,SINTERCOM INDIA LIMITED,80.3,80.3,77.01,79.91,79.99,76.96,,79.91,,,1109,88540.89,33,F1,1,,,,,
2026-09-30,2026-09-30,CM,NSE,STK,2595,INE105C01023,3PLAND,EQ,,,,,3P LAND HOLDINGS LIMITED,32.0,32.0,30.9,31.01,31.0,31.87,,31.01,,,1104,34224.95,55,F1,1,,,,,
2026-09-30,2026-09-30,CM,NSE,STK,3396,INE123C01018,TAINWALCHM,EQ,,,,,TAINWALA CHEMICAL AND PLA,209.99,209.99,204.0,205.19,205.1,205.36,,205.19,,,1091,223957.47,37,F1,1,,,,,
2026-09-30,2026-09-30,CM,NSE,STK,18783,INF194KA1U07,IDFNIFTYET,EQ,,,,,BANDHANAMC - IDFNIFTYET,255.0,255.0,249.95,254.93,254.95,250.81,,254.93,,,1087,276312.27,46,F1,1,,,,,
2026-09-30,2026-09-30,CM,NSE,STK,21119,INE029L01018,KICL,EQ,,,,,KALYANI INVEST CO LTD,4837.0,4893.5,4761.5,4799.0,4783.5,4773.0,,4799.89,,,1070,5146955.0,334,F1,1,,,,,
2026-09-30,2026-09-30,CM,NSE,STK,764773,INE987A01010,MAKERSL,EQ,,,,,MAKERS LABORATORIES LTD.,181.4,189.49,178.0,181.75,180.06,181.38,,183.74,,,1070,195225.42,77,F1,1,,,,,
2026-09-30,2026-09-30,CM,NSE,STK,955,INE284A01012,ESABINDIA,EQ,,,,,ESAB INDIA LTD,5565.5,5565.5,5521.0,5530.0,5530.0,5510.0,,5529.93,,,1062,5880969.0,419,F1,1,,,,,
2026-09-30,2026-09-30,CM,NSE,STK,3748,INE080A01014,WEIZMANIND,EQ,,,,,WEIZMANN LTD,71.25,71.25,70.86,70.88,70.86,70.86,,70.88,,,1033,73258.37,23,F1,1,,,,,
2026-09-30,2026-09-30,CM,NSE,STK,11892,INE701A01023,VHL,EQ,,,,,VARDHMAN HOLDINGS LIMITED,3302.0,3430.0,3302.0,3400.8,3409.0,3305.3,,3400.8,,,1023,3470412.1,205,F1,1,,,,,
2026-09-30,2026-09-30,CM,NSE,STK,6302,INE451F01024,APOLSINHOT,EQ,,,,,APOLLO SINDOORI HOTEL LTD,1156.1,1189.9,1156.1,1162.6,1160.5,1166.2,,1162.6,,,1022,1194308.1,163,F1,1,,,,,
2026-09-30,2026-09-30,CM,NSE,STK,24385,INE725L01011,KARMAENG,EQ,,,,,KARMA ENERGY LIMITED,39.0,39.0,37.1,37.43,37.66,37.9,,37.43,,,1021,38876.23,42,F1,1,,,,,
2026-09-30,2026-09-30,CM,NSE,STK,3247,INE439T01012,NITIRAJ,EQ,,,,,NITIRAJ ENGINEERS LTD,215.0,215.0,201.47,209.26,201.47,215.74,,209.26,,,1020,214873.9,48,F1,1,,,,,
2026-09-30,2026-09-30,CM,NSE,STK,757031,INF247L01FL1,MOINFRA,EQ,,,,,MOTILALAMC - MOINFRA,56.9,57.09,56.62,56.81,56.87,56.62,,56.81,,,1008,57235.52,38,F1,1,,,,,
2026-09-30,2026-09-30,CM,NSE,STK,2988,INE583B01015,SANDESH,EQ,,,,,SANDESH LTD,1023.1,1037.4,990.6,999.3,992.0,1029.6,,999.21,,,1002,1008877.6,134,F1,1,,,,,
2026-09-30,2026-09-30,CM,NSE,STK,4116,INE550B01022,HBSL,EQ,,,,,HB STOCKHOLDINGS LIMITED,55.28,57.95,55.28,55.89,57.25,55.28,,56.02,,,993,55114.3,34,F1,1,,,,,
2026-09-30,2026-09-30,CM,NSE,STK,2229,INE832A01018,MODIRUBBER,EQ,,,,,MODI RUBBER LTD,122.5,122.5,117.0,120.21,118.8,121.89,,120.21,,,987,118218.08,49,F1,1,,,,,
2026-09-30,2026-09-30,CM,NSE,STK,11239,INE023A01030,NSIL,EQ,,,,,NALWA SONS INVESTMENT LTD,5374.0,5439.5,5312.0,5324.0,5312.0,5350.0,,5324.42,,,940,5031552.0,278,F1,1,,,,,
2026-09-30,2026-09-30,CM,NSE,STK,11743,INE796G01012,JINDALPHOT,EQ,,,,,JINDAL PHOTO LIMITED,1040.4,1067.0,1031.0,1040.5,1031.0,1043.4,,1040.48,,,939,980925.0,134,F1,1,,,,,
2026-09-30,2026-09-30,CM,NSE,STK,762737,INE081G01019,KANCHI,EQ,,,,,KANCHI KARPOORAM LTD.,383.05,394.85,380.0,388.05,392.2,391.0,,389.04,,,929,360343.85,142,F1,1,,,,,
2026-09-30,2026-09-30,CM,NSE,STK,822,INE862Y01015,BANKA,EQ,,,,,BANKA BIOLOO LIMITED,70.52,72.0,70.0,70.0,70.0,70.52,,70.0,,,918,64848.23,25,F1,1,,,,,
2026-09-30,2026-09-30,CM,NSE,STK,765150,INE914G01029,POLYSPIN,EQ,,,,,POLYSPIN EXPORTS LTD.,30.0,31.39,29.3,31.22,31.22,31.46,,31.05,,,918,27563.94,28,F1,1,,,,,
2026-09-30,2026-09-30,CM,NSE,STK,559,INE594B01012,BSL,EQ,,,,,BSL LTD,118.16,121.49,117.5,118.28,118.28,118.16,,118.28,,,909,108228.0,43,F1,1,,,,,
2026-09-30,2026-09-30,CM,NSE,STK,759719,INF666M01MV5,GROWWMC150,EQ,,,,,GROWWAMC - GROWWMC150,224.8,227.86,219.38,227.14,227.86,222.58,,227.14,,,903,202459.04,22,F1,1,,,,,
2026-09-30,2026-09-30,CM,NSE,STK,4,INE253B01015,21STCENMGM,EQ,,,,,21ST CENTURY MGMT SERVICE,40.0,40.0,38.59,38.67,38.69,39.37,,38.67,,,901,35620.04,24,F1,1,,,,,
2026-09-30,2026-09-30,CM,NSE,STK,25157,INE0DAB01012,RVTH,EQ,,,,,REVATHI EQUIPMENT INDIA L,664.0,700.0,641.9,669.8,670.0,664.9,,670.21,,,900,612207.3,59,F1,1,,,,,
2026-09-30,2026-09-30,CM,NSE,STK,4229,INE116C01012,ZFSTEERING,EQ,,,,,Z F STEERING GEAR (I) LTD,720.1,731.95,711.3,714.5,715.0,710.85,,715.36,,,896,644086.85,145,F1,1,,,,,
2026-09-30,2026-09-30,CM,NSE,STK,708,INE715Y01031,SHRADHA,EQ,,,,,SHRADHA REALTY LIMITED,31.3,31.38,30.0,30.5,30.5,29.58,,30.5,,,845,25692.27,45,F1,1,,,,,
2026-09-30,2026-09-30,CM,NSE,STK,27008,INE750M01017,HEXATRADEX,EQ,,,,,HEXA TRADEX LIMITED,158.88,158.88,155.03,156.85,157.0,155.3,,156.85,,,843,132466.97,32,F1,1,,,,,
2026-09-30,2026-09-30,CM,NSE,STK,762849,INE001E01012,PREMCO,EQ,,,,,PREMCO GLOBAL LTD.,398.3,405.0,398.05,400.85,401.0,398.3,,401.2,,,806,324015.25,38,F1,1,,,,,
2026-09-30,2026-09-30,CM,NSE,STK,6141,INE697V01011,PANSARI,EQ,,,,,PANSARI DEVELOPERS LTD,274.65,275.0,270.0,274.0,274.0,274.55,,274.0,,,804,220741.25,15,F1,1,,,,,
2026-09-30,2026-09-30,CM,NSE,STK,10590,INE970D01010,LOYALTEX,EQ,,,,,LOYAL TEXTILE MILLS LTD,206.3,213.95,206.3,209.67,213.95,207.28,,209.67,,,787,165818.48,55,F1,1,,,,,
2026-09-30,2026-09-30,CM,NSE,STK,21551,INE320X01016,HALEOSLABS,EQ,,,,,HALEOS LABS LIMITED,1524.0,1529.0,1500.4,1501.4,1502.1,1487.9,,1501.4,,,776,1179742.0,42,F1,1,,,,,
2026-09-30,2026-09-30,CM,NSE,STK,764798,INE920C01017,NTCIND,EQ,,,,,N T C INDUSTRIES LTD.,135.7,138.0,132.5,134.54,132.5,136.46,,134.54,,,769,103807.24,28,F1,1,,,,,
2026-09-30,2026-09-30,CM,NSE,STK,764910,INE564J01026,SHRJAGP,EQ,,,,,SHRI JAGDAMBA POLYMERS L,635.0,693.0,635.0,665.6,660.05,634.35,,662.87,,,758,502375.15,72,F1,1,,,,,
2026-09-30,2026-09-30,CM,NSE,STK,20063,INE019J01013,HEALTHX,EQ,,,,,HEALTH X PLATFORM LIMITED,290.9,290.9,283.6,285.05,285.0,285.05,,284.7,,,741,212571.45,79,F1,1,,,,,
2026-09-30,2026-09-30,CM,NSE,STK,19322,INE598C01011,HISARMETAL,EQ,,,,,HISAR METAL IND. LIMITED,151.39,151.4,147.25,148.97,150.8,151.39,,148.97,,,716,107212.25,36,F1,1,,,,,
2026-09-30,2026-09-30,CM,NSE,STK,22521,INF789F1AZE6,GILT5BETA,EQ,,,,,UTIAMC-GILT5BETA,65.9,66.22,65.7,65.82,65.82,65.62,,65.72,,,715,47155.29,12,F1,1,,,,,
2026-09-30,2026-09-30,CM,NSE,STK,8953,INE668G01021,ELDEHSG,EQ,,,,,ELDECO HSG & IND LTD.,751.75,760.0,751.0,751.05,751.0,751.75,,751.05,,,691,520991.35,53,F1,1,,,,,
2026-09-30,2026-09-30,CM,NSE,STK,764723,INE478D01014,ITL,EQ,,,,,ITL INDUSTRIES LTD.,356.5,356.5,347.05,351.2,355.8,353.0,,351.2,,,665,233256.85,30,F1,1,,,,,
2026-09-30,2026-09-30,CM,NSE,STK,25258,INF754K01TE4,EBANKNIFTY,EQ,,,,,EDELAMC - EBANKNIFTY,55.02,55.78,55.02,55.41,55.41,54.94,,55.41,,,643,35623.87,11,F1,1,,,,,
2026-09-30,2026-09-30,CM,NSE,STK,9879,INE974B01016,CHEVIOT,EQ,,,,,CHEVIOT COMPANY LIMITED,1194.9,1199.9,1175.4,1183.2,1180.5,1176.0,,1183.02,,,642,766154.6,120,F1,1,,,,,
2026-09-30,2026-09-30,CM,NSE,STK,765010,INE290E01011,YOGI,EQ,,,,,YOGI LTD.,161.7,161.7,156.5,160.56,160.0,156.67,,160.16,,,638,99926.75,8,F1,1,,,,,
2026-09-30,2026-09-30,CM,NSE,STK,6543,INE137I01015,GRPLTD,EQ,,,,,GRP LIMITED,1899.0,1935.9,1890.0,1898.6,1900.0,1899.4,,1898.63,,,628,1195063.7,124,F1,1,,,,,
2026-09-30,2026-09-30,CM,NSE,STK,12153,INE01EE01011,BBTCL,EQ,,,,,B&B TRIPLEWALL CONT LTD,233.3,233.3,225.62,228.67,228.5,228.15,,228.67,,,627,143243.08,97,F1,1,,,,,
2026-09-30,2026-09-30,CM,NSE,STK,804,INE705C01020,SHIVATEX,EQ,,,,,SHIVA TEXYARN LIMITED,168.0,173.78,165.01,166.87,165.04,168.97,,166.83,,,623,104156.34,35,F1,1,,,,,
2026-09-30,2026-09-30,CM,NSE,STK,22233,INE320L01011,DHUNINV,EQ,,,,,DHUNSERI INVESTMENTS LTD,989.7,991.0,950.0,955.65,980.0,972.35,,957.06,,,621,599231.1,77,F1,1,,,,,
2026-09-30,2026-09-30,CM,NSE,STK,12978,INF277K010X4,NPBET,EQ,,,,,TATAAML - NPBET,276.0,278.26,274.0,274.88,276.37,274.8,,274.88,,,607,167656.34,32,F1,1,,,,,
2026-09-30,2026-09-30,CM,NSE,STK,1497,INE644Y01017,SHIVAMILLS,EQ,,,,,SHIVA MILLS LIMITED,61.5,61.5,58.0,58.14,58.03,60.0,,57.67,,,580,34107.15,18,F1,1,,,,,
2026-09-30,2026-09-30,CM,NSE,STK,764870,INE304D01012,SAMBANDAM,EQ,,,,,SAMBANDAM SPINNING MILL L,109.98,114.7,105.1,111.4,111.4,109.98,,111.4,,,576,64988.17,22,F1,1,,,,,
2026-09-30,2026-09-30,CM,NSE,STK,762797,INE085D01033,METROGLOBL,EQ,,,,,METROGLOBAL LTD.,131.99,134.8,131.0,133.9,133.9,131.9,,133.9,,,513,67481.85,34,F1,1,,,,,
2026-09-30,2026-09-30,CM,NSE,STK,15157,INE508K01013,RHL,EQ,,,,,ROBUST HOTELS LIMITED,165.5,169.9,164.99,165.18,164.99,164.99,,165.18,,,501,83286.24,24,F1,1,,,,,
2026-09-30,2026-09-30,CM,NSE,STK,764960,INE440G01017,TRITONV,EQ,,,,,TRITON VALVES LTD.,1087.5,1099.9,1076.1,1083.8,1080.0,1075.4,,1080.92,,,476,518797.0,144,F1,1,,,,,
2026-09-30,2026-09-30,CM,NSE,STK,764367,INF754K01XI7,ELMDIV,EQ,,,,,EDELAMC - ELMDIV,34.93,34.93,34.42,34.61,34.61,34.93,,34.61,,,473,16357.35,15,F1,1,,,,,
2026-09-30,2026-09-30,CM,NSE,STK,18727,INE885F01015,MASKINVEST,EQ,,,,,MASK INVESTMENTS LIMITED,154.0,154.0,142.0,150.95,152.8,147.18,,150.95,,,468,67599.92,28,F1,1,,,,,
2026-09-30,2026-09-30,CM,NSE,STK,764718,INE684B01029,ISTLTD,EQ,,,,,I S T LTD.,655.0,665.0,620.0,642.9,638.2,640.0,,649.42,,,458,296092.5,91,F1,1,,,,,
2026-09-30,2026-09-30,CM,NSE,STK,764850,INE0AK901016,RRECL,EQ,,,,,RDB REAL ESTATE CONS L,139.99,139.99,134.95,134.95,134.95,129.19,,134.95,,,431,58184.39,12,F1,1,,,,,
2026-09-30,2026-09-30,CM,NSE,STK,762939,INE314H01012,TECHNVISN,EQ,,,,,TECHNVISION VENTURES LTD.,3896.5,4090.0,3702.0,3961.5,3852.5,3896.5,,3950.24,,,417,1620825.5,90,F1,1,,,,,
2026-09-30,2026-09-30,CM,NSE,STK,4179,INE073D01013,SUNDRMBRAK,EQ,,,,,SUNDARAM BRAK LININGS LTD,684.0,684.0,672.6,676.05,678.45,671.75,,676.05,,,396,268275.4,51,F1,1,,,,,
2026-09-30,2026-09-30,CM,NSE,STK,7425,INE558R01013,HECPROJECT,EQ,,,,,HEC INFRA PROJECTS LTD,115.8,115.8,112.0,113.0,113.0,114.82,,113.0,,,385,44016.14,55,F1,1,,,,,
2026-09-30,2026-09-30,CM,NSE,STK,764743,INE533C01018,KJMCFIN,EQ,,,,,K J M C FINANCIAL SERV L,60.0,60.0,58.0,60.0,60.0,59.0,,60.03,,,380,22796.0,6,F1,1,,,,,
2026-09-30,2026-09-30,CM,NSE,STK,764563,INE757C01021,ADDIND,EQ,,,,,ADDI INDUSTRIES LTD.,78.4,82.2,78.4,78.74,78.4,78.4,,79.23,,,378,29868.52,16,F1,1,,,,,
2026-09-30,2026-09-30,CM,NSE,STK,764793,INE653C01022,NICCOPAR,EQ,,,,,NICCO PARKS & RESORTS LTD,83.9,83.9,81.05,81.36,81.05,81.0,,80.61,,,354,29045.79,31,F1,1,,,,,
2026-09-30,2026-09-30,CM,NSE,STK,19111,INE365I01020,NBIFIN,EQ,,,,,N.B.I. IND. FIN. CO. LTD,1900.3,1916.9,1863.1,1897.5,1880.0,1876.6,,1897.5,,,352,663020.7,108,F1,1,,,,,
2026-09-30,2026-09-30,CM,NSE,STK,764598,INE372M01010,ARCL,EQ,,,,,ARCL ORGANICS LTD.,233.0,242.0,232.95,241.9,241.9,233.0,,243.72,,,351,83326.32,21,F1,1,,,,,
2026-09-30,2026-09-30,CM,NSE,STK,762924,INE132C01027,SURYALA,EQ,,,,,SURYALATA SPINNING MILL L,380.0,385.0,376.35,377.0,377.0,376.65,,377.0,,,350,132673.15,44,F1,1,,,,,
2026-09-30,2026-09-30,CM,NSE,STK,13592,INE596H01014,HGM,EQ,,,,,HANDSON GBL MNGMNT LTD,43.4,43.4,42.05,42.56,42.5,42.85,,42.8,,,347,15026.87,18,F1,1,,,,,
2026-09-30,2026-09-30,CM,NSE,STK,764588,INE484D01012,AMARJOTHI,EQ,,,,,AMARJOTHI SPINNING MILL L,152.0,152.0,147.05,149.0,149.0,152.0,,149.17,,,342,50847.78,25,F1,1,,,,,
2026-09-30,2026-09-30,CM,NSE,STK,764558,INE451C01013,ACGL,EQ,,,,,AUTOMOBILE CORPN OF GOA L,1630.0,1674.9,1630.0,1638.0,1636.0,1633.5,,1636.8,,,339,558005.8,77,F1,1,,,,,
2026-09-30,2026-09-30,CM,NSE,STK,765180,INE671C01016,SUNLOC,EQ,,,,,SUNIL HEALTHCARE LTD.,74.8,74.8,68.7,68.8,68.8,68.0,,68.22,,,336,24367.42,18,F1,1,,,,,
2026-09-30,2026-09-30,CM,NSE,STK,764703,INE400G01011,HRYNSHP,EQ,,,,,HARIYANA SHIP BREAKERS L,96.5,97.0,95.0,96.0,96.0,96.01,,96.0,,,331,31784.81,25,F1,1,,,,,
2026-09-30,2026-09-30,CM,NSE,STK,760715,INE115S01010,HALDER,EQ,,,,,HALDER VENTURE LIMITED,241.35,258.8,239.65,245.75,258.8,241.0,,246.4,,,318,77885.55,104,F1,1,,,,,
2026-09-30,2026-09-30,CM,NSE,STK,2439,INE542C01019,NKIND,EQ,,,,,NK INDUSTRIES LTD,63.7,63.7,56.11,58.2,58.2,61.99,,58.2,,,317,19814.06,28,F1,1,,,,,
2026-09-30,2026-09-30,CM,NSE,STK,17999,INE458F01011,UNITEDTEA,EQ,,,,,UNITED NILGIRI TEA LTD,405.2,433.75,405.2,427.9,427.9,421.6,,427.9,,,313,132791.0,23,F1,1,,,,,
2026-09-30,2026-09-30,CM,NSE,STK,350,INE459A01010,BANARISUG,EQ,,,,,BANNARI AMMAN SUGARS LTD,3245.1,3329.2,3245.1,3300.2,3300.0,3305.0,,3300.2,,,308,1018079.4,110,F1,1,,,,,
2026-09-30,2026-09-30,CM,NSE,STK,762538,INE701G01012,AKCAPIT,EQ,,,,,A K CAPITAL SERVICES LTD.,1745.3,1751.9,1704.1,1706.3,1735.0,1728.1,,1706.29,,,305,525170.0,79,F1,1,,,,,
2026-09-30,2026-09-30,CM,NSE,STK,9355,INE033B01011,QUINTEGRA,EQ,,,,,QUINTEGRA SOLUTIONS LTD.,1.28,1.28,1.28,1.28,1.28,1.22,,1.33,,,298,381.44,2,F1,1,,,,,
2026-09-30,2026-09-30,CM,NSE,STK,765080,INE638B01025,HBPOR,EQ,,,,,HB PORTFOLIO LTD.,60.0,63.7,58.02,59.3,60.99,60.39,,59.3,,,295,17621.4,16,F1,1,,,,,
2026-09-30,2026-09-30,CM,NSE,STK,764823,INE883C01025,PACIFICI,EQ,,,,,PACIFIC INDUSTRIES LTD.,135.0,135.0,134.5,134.5,134.5,132.96,,134.5,,,286,38589.5,3,F1,1,,,,,
2026-09-30,2026-09-30,CM,NSE,STK,18371,INE756C01015,NDGL,EQ,,,,,NAGA DHUNSERI GROUP LTD,2478.1,2500.0,2466.0,2484.0,2499.9,2478.1,,2484.0,,,281,697786.1,45,F1,1,,,,,
2026-09-30,2026-09-30,CM,NSE,STK,764678,INE130L01014,ENKEIWHEL,EQ,,,,,ENKEI WHEELS (INDIA) LTD.,399.0,399.0,390.0,396.55,390.35,397.8,,396.55,,,253,99681.35,26,F1,1,,,,,
2026-09-30,2026-09-30,CM,NSE,STK,762588,INE469A01019,BIMETAL,EQ,,,,,BIMETAL BEARINGS LTD.,638.0,649.95,637.0,648.95,649.0,635.65,,642.9,,,250,159988.85,29,F1,1,,,,,
2026-09-30,2026-09-30,CM,NSE,STK,762578,INE083K01017,BENGALASM,EQ,,,,,BENGAL & ASSAM CO. LTD.,6109.5,6138.0,6051.0,6103.0,6125.0,6161.5,,6113.82,,,246,1504390.0,206,F1,1,,,,,
2026-09-30,2026-09-30,CM,NSE,STK,763540,INF754K01XF3,ENEXT50,EQ,,,,,EDELAMC - ENEXT50,70.0,72.52,69.75,70.5,70.5,67.91,,70.66,,,240,17070.0,13,F1,1,,,,,
2026-09-30,2026-09-30,CM,NSE,STK,757431,INF247L01FO5,MOPSE,EQ,,,,,MOTILALAMC - MOPSE,96.22,96.8,95.56,96.34,95.87,96.74,,96.34,,,239,22986.27,18,F1,1,,,,,
2026-09-30,2026-09-30,CM,NSE,STK,23590,INE350Z01018,GLOSTERLTD,EQ,,,,,GLOSTER LIMITED,553.9,553.9,545.4,546.1,549.9,539.25,,546.1,,,238,130555.0,31,F1,1,,,,,
2026-09-30,2026-09-30,CM,NSE,STK,764985,INE362D01010,VIJSOLX,EQ,,,,,VIJAY SOLVEX LTD.,628.65,647.0,622.45,625.1,625.1,649.3,,630.5,,,232,145503.8,27,F1,1,,,,,
2026-09-30,2026-09-30,CM,NSE,STK,765000,INE285C01015,VOITHPAPR,EQ,,,,,VOITH PAPER FABRICS IND L,1446.0,1465.0,1420.0,1449.9,1449.9,1408.2,,1443.99,,,225,324158.5,53,F1,1,,,,,
2026-09-30,2026-09-30,CM,NSE,STK,764648,INE823B01015,COMPEAU,EQ,,,,,COMPETENT AUTOMOB CO. L,358.1,368.45,354.4,368.45,368.45,369.7,,370.5,,,224,79986.15,37,F1,1,,,,,
2026-09-30,2026-09-30,CM,NSE,STK,762949,INE403F01017,THAKDEV,EQ,,,,,THAKKERS DEVELOPERS LTD.,135.0,135.0,135.0,135.0,135.0,135.0,,135.0,,,223,30105.0,2,F1,1,,,,,
2026-09-30,2026-09-30,CM,NSE,STK,762944,INE077P01034,THACKER,EQ,,,,,THACKER & CO. LTD.,997.0,997.0,910.0,954.3,954.0,996.8,,954.3,,,218,203258.1,30,F1,1,,,,,
2026-09-30,2026-09-30,CM,NSE,STK,3147,INE843L01012,SIEL,EQ,,,,,SUPERIOR INDUSTRIAL ENT L,30.5,30.6,28.99,29.01,29.01,30.5,,31.64,,,204,5953.63,11,F1,1,,,,,
2026-09-30,2026-09-30,CM,NSE,STK,762712,INE640B01021,HBESD,EQ,,,,,H B ESTATE DEVELOPERS L,74.53,74.53,69.11,71.63,71.63,73.98,,71.63,,,200,14211.81,12,F1,1,,,,,
2026-09-30,2026-09-30,CM,NSE,STK,19438,INE926K01017,AHLEAST,EQ,,,,,ASIAN HOTELS (EAST) LTD,135.0,135.53,134.25,134.44,134.25,134.54,,133.94,,,200,26920.3,17,F1,1,,,,,
2026-09-30,2026-09-30,CM,NSE,STK,761066,INF209KC1662,ABSLMSCIN,EQ,,,,,BIRLASLAMC - ABSLMSCIN,28.35,29.21,27.93,28.33,27.93,28.21,,28.33,,,195,5475.35,12,F1,1,,,,,
2026-09-30,2026-09-30,CM,NSE,STK,759978,INF740KA1WV7,MSCIADD,EQ,,,,,DSPAMC - MSCIADD,27.92,28.07,27.91,27.92,27.92,27.95,,27.92,,,184,5147.36,15,F1,1,,,,,
2026-09-30,2026-09-30,CM,NSE,STK,765330,INF205KA1CB9,IVZBANKNF,EQ,,,,,RELIGARAMC - IVZBANKNF,54.66,54.66,53.23,53.49,53.23,54.46,,53.49,,,181,9794.77,10,F1,1,,,,,
2026-09-30,2026-09-30,CM,NSE,STK,764865,INE531X01018,SAICAPI,EQ,,,,,SAI CAPITAL LTD.,156.09,156.09,145.1,146.5,146.5,155.09,,146.5,,,180,27047.51,17,F1,1,,,,,
2026-09-30,2026-09-30,CM,NSE,STK,22488,INF789F1AZD8,ITBETA,EQ,,,,,UTIAMC-ITBETA,297.19,299.0,291.37,292.6,292.6,292.46,,292.6,,,179,52938.04,13,F1,1,,,,,
2026-09-30,2026-09-30,CM,NSE,STK,19496,INE0BTM01013,SECMARK,EQ,,,,,SECMARK CONSULTANCY LTD,141.4,142.3,140.0,140.0,140.0,142.75,,142.0,,,175,24630.38,14,F1,1,,,,,
2026-09-30,2026-09-30,CM,NSE,STK,10717,INE289C01025,TEAMGTY,EQ,,,,,TEAM INDIA GUARANTY LTD,235.0,235.01,235.0,235.0,235.0,235.0,,235.0,,,165,38775.1,10,F1,1,,,,,
2026-09-30,2026-09-30,CM,NSE,STK,762643,INE131C01011,DISAQ,EQ,,,,,DISA INDIA LTD.,12050.0,12050.0,11750.0,11796.0,11755.0,11804.0,,11796.0,,,158,1886053.0,34,F1,1,,,,,
2026-09-30,2026-09-30,CM,NSE,STK,20481,INE215F01023,WIPL,EQ,,,,,THE WESTERN INDIA PLY LTD,165.01,169.0,164.05,164.8,164.4,163.72,,164.8,,,151,24861.33,18,F1,1,,,,,
2026-09-30,2026-09-30,CM,NSE,STK,181,INE610C01014,ARENTERP,EQ,,,,,RAJDARSHAN INDUSTRIES LTD,34.4,34.4,31.12,33.9,33.95,32.95,,33.9,,,137,4641.52,13,F1,1,,,,,
2026-09-30,2026-09-30,CM,NSE,STK,17770,INE646C01018,GROBTEA,EQ,,,,,THE GROB TEA COMPANY LTD,887.5,909.35,887.5,909.1,909.35,899.0,,909.1,,,123,110293.5,19,F1,1,,,,,
2026-09-30,2026-09-30,CM,NSE,STK,762553,INE194D01017,ASTAR,EQ,,,,,ASIAN STAR CO. LTD.,700.0,705.0,665.0,679.7,684.9,685.35,,677.14,,,123,83773.25,41,F1,1,,,,,
2026-09-30,2026-09-30,CM,NSE,STK,764950,INE390D01011,TERAI,EQ,,,,,TERAI TEA CO. LTD.,115.75,117.0,114.0,116.75,116.75,115.8,,116.75,,,118,13502.25,10,F1,1,,,,,
2026-09-30,2026-09-30,CM,NSE,STK,17351,INE498E01010,SALONA,EQ,,,,,SALONA COTSPIN LTD.,267.1,267.1,256.0,260.7,256.0,266.95,,259.82,,,116,30392.95,28,F1,1,,,,,
2026-09-30,2026-09-30,CM,NSE,STK,24404,INF209KC1134,ABGSEC,EQ,,,,,BIRLASLAMC - ABGSEC,112.92,113.68,112.92,113.58,113.58,112.92,,113.58,,,115,12989.98,4,F1,1,,,,,
2026-09-30,2026-09-30,CM,NSE,STK,764593,INE217S01014,APOORVA,EQ,,,,,APOORVA LEAS F & INV C L,33.0,33.0,31.35,33.0,33.0,33.0,,33.51,,,103,3250.5,6,F1,1,,,,,
2026-09-30,2026-09-30,CM,NSE,STK,22524,INF789F1AZF3,GILT10BETA,EQ,,,,,UTIAMC-GILT10BETA,26.19,26.5,26.15,26.36,26.36,26.06,,26.36,,,96,2528.07,20,F1,1,,,,,
2026-09-30,2026-09-30,CM,NSE,STK,762919,INE321M01017,SONAL,EQ,,,,,SONAL MERCANTILE LTD.,90.0,90.18,87.5,87.56,87.56,91.72,,87.56,,,94,8431.36,4,F1,1,,,,,
2026-09-30,2026-09-30,CM,NSE,STK,764915,INE167H01014,SIMPLXREA,EQ,,,,,SIMPLEX REALTY LTD.,130.85,130.85,125.88,130.0,130.0,130.88,,130.0,,,89,11560.89,9,F1,1,,,,,
2026-09-30,2026-09-30,CM,NSE,STK,762717,INE620D01011,INDPRUD,EQ,,,,,INDUSTRIAL & PRU INV CO L,6350.0,6450.0,6290.0,6336.5,6427.0,6358.0,,6388.13,,,76,484594.5,38,F1,1,,,,,
2026-09-30,2026-09-30,CM,NSE,STK,762782,INE435D01014,MCCHRLS-B,EQ,,,,,MAC CHARLES (INDIA) LTD.,704.0,704.0,660.0,689.85,689.95,695.35,,687.45,,,68,45805.75,18,F1,1,,,,,
2026-09-30,2026-09-30,CM,NSE,STK,764788,INE596B01017,MUKESHB,EQ,,,,,MUKESH BABU FINANC SER L,126.0,126.0,126.0,126.0,126.0,127.0,,126.0,,,56,7056.0,2,F1,1,,,,,
2026-09-30,2026-09-30,CM,NSE,STK,764653,INE145E01017,CRAVATEX,EQ,,,,,CRAVATEX LTD.,359.8,365.8,345.0,359.85,359.85,343.95,,359.85,,,56,19770.5,35,F1,1,,,,,
2026-09-30,2026-09-30,CM,NSE,STK,2241,INE794W01014,MODTHREAD,EQ,,,,,MODERN THREADS INDIA LTD,48.9,48.9,47.5,48.64,48.8,47.19,,48.64,,,54,2625.04,8,F1,1,,,,,
2026-09-30,2026-09-30,CM,NSE,STK,765090,INE398L01017,KANCOTEA,EQ,,,,,KANCO TEA & INDS. LTD.,54.89,54.89,50.53,53.9,53.9,54.55,,52.13,,,52,2635.29,7,F1,1,,,,,
2026-09-30,2026-09-30,CM,NSE,STK,764828,INE798F01010,PANCHMAHQ,EQ,,,,,PANCHMAHAL STEEL LTD.,306.5,306.5,275.5,294.95,295.0,290.0,,296.02,,,49,14291.2,12,F1,1,,,,,
2026-09-30,2026-09-30,CM,NSE,STK,17357,INE528A01020,GKWLIMITED,EQ,,,,,GKW LIMITED,1542.1,1570.0,1530.2,1550.0,1569.9,1542.0,,1550.0,,,46,71108.2,13,F1,1,,,,,
2026-09-30,2026-09-30,CM,NSE,STK,764763,INE938C01019,LAKSHMIMIL,EQ,,,,,LAKSHMI MILLS CO. LTD.,7650.0,7874.0,7620.0,7632.5,7620.0,7620.0,,7632.75,,,38,290520.5,12,F1,1,,,,,
2026-09-30,2026-09-30,CM,NSE,STK,764783,INE829S01016,MSL,EQ,,,,,MANGALAM SEEDS LTD.,137.85,137.85,137.4,137.4,137.4,136.0,,137.91,,,34,4680.5,7,F1,1,,,,,
2026-09-30,2026-09-30,CM,NSE,STK,762985,INE967G01019,ZSARACOM,EQ,,,,,SARASWATI COMM (INDIA) L,10199.0,10287.0,10100.0,10140.0,10101.0,10233.0,,10140.0,,,30,303694.0,20,F1,1,,,,,
2026-09-30,2026-09-30,CM,NSE,STK,21399,INE335W01016,GANGESSECU,EQ,,,,,GANGES SECURITIES LIMITED,113.0,113.01,112.26,112.4,112.4,112.79,,112.4,,,26,2925.13,4,F1,1,,,,,
2026-09-30,2026-09-30,CM,NSE,STK,764618,INE664D01019,BENARAS,EQ,,,,,BENARES HOTELS LTD.,10205.0,10288.0,10200.0,10215.0,10215.0,10215.0,,10207.63,,,24,245737.0,20,F1,1,,,,,
2026-09-30,2026-09-30,CM,NSE,STK,765237,INE165G01010,ASSAMENT,EQ,,,,,ASSAM ENTRADE LIMITED,741.0,818.0,741.0,818.0,818.0,780.0,,818.0,,,15,11231.0,4,F1,1,,,,,
2026-09-30,2026-09-30,CM,NSE,STK,762742,INE555P01013,KIRANVYPAR,EQ,,,,,KIRAN VYAPAR LTD.,187.15,187.15,187.15,187.15,187.15,189.66,,185.45,,,10,1871.5,1,F1,1,,,,,
2026-09-30,2026-09-30,CM,NSE,STK,4176,INE058B01018,ZENITHEXPO,EQ,,,,,ZENITH EXPORTS LTD,199.0,199.0,199.0,199.0,199.0,199.53,,199.0,,,7,1393.0,1,F1,1,,,,,
2026-09-30,2026-09-30,CM,NSE,STK,24847,INF209KC1142,GSEC10ABSL,EQ,,,,,BIRLASLAMC - GSEC10ABSL,111.87,111.9,111.87,111.9,111.9,111.92,,111.48,,,7,783.15,2,F1,1,,,,,
2026-09-30,2026-09-30,CM,NSE,STK,24966,INE713C01016,SURAJLTD,EQ,,,,,SURAJ LIMITED,196.0,196.0,195.0,195.0,195.0,193.14,,194.75,,,7,1366.0,5,F1,1,,,,,
2026-09-30,2026-09-30,CM,NSE,STK,764975,INE693D01018,VADILENT,EQ,,,,,VADILAL ENTERPRISES LTD.,10200.0,10200.0,10151.0,10151.0,10151.0,10200.0,,10147.33,,,5,50872.0,3,F1,1,,,,,
2026-09-30,2026-09-30,CM,NSE,STK,764603,INE032E01017,ARYAMAN,EQ,,,,,ARYAMAN FINANCIAL SERV L,630.0,630.0,630.0,630.0,630.0,620.0,,618.4,,,5,3150.0,5,F1,1,,,,,
2026-09-30,2026-09-30,CM,NSE,STK,764890,INE011D01013,SHERVANI,EQ,,,,,SHERVANI INDUSTRIAL SYN L,325.0,335.0,325.0,335.0,335.0,325.0,,335.0,,,3,985.0,3,F1,1,,,,,
2026-09-30,2026-09-30,CM,NSE,STK,762658,INE927X01018,ELCIDIN,EQ,,,,,ELCID INVESTMENTS LTD.,103000.0,103000.0,102665.0,102665.0,102665.0,102665.0,,102665.0,,,2,205665.0,2,F1,1,,,,,
2026-09-30,2026-09-30,CM,NSE,STK,765005,INE855A01019,WHBRADY,EQ,,,,,W H BRADY & CO. LTD.,491.0,491.0,491.0,491.0,491.0,491.0,,481.03,,,1,491.0,1,F1,1,,,,,
